ply
format ascii 1.0
comment Created by CloudCompare v2.14.beta (Feb  3 2026)
comment Created 2026-04-17T13:35:13
obj_info Generated by CloudCompare!
element vertex 2682
property float x
property float y
property float z
property float rcs
property float snr
property float v
property float label
end_header
106.383644 -54.157139 -34.843750 11.780792 15.092064 1.000000 1.000000 
107.708763 -54.917103 -34.715416 17.968964 18.312241 1.000000 1.000000 
-3.636470 27.686932 -6.156806 -1.279587 25.875172 1.000000 1.000000 
16.020273 22.627901 -9.449233 9.205826 27.362387 1.000000 1.000000 
32.703381 17.588266 -4.557553 4.614784 11.941010 1.000000 1.000000 
-13.988169 44.885639 -13.123582 -16.869423 13.671753 0.000000 1.000000 
-21.177608 42.676655 -15.481773 -10.882997 12.341022 0.000000 1.000000 
10.417863 47.614845 -12.270027 -18.212738 15.994644 0.000000 1.000000 
-16.721561 45.968910 -13.298937 -10.936203 16.484619 0.000000 1.000000 
11.060795 48.414486 -17.991817 -15.953941 15.096470 0.000000 1.000000 
6.745764 50.552002 -13.780539 -19.386650 11.007050 0.000000 1.000000 
-6.782040 53.141857 -19.144463 -11.594322 18.788342 0.000000 1.000000 
26.597519 47.378456 -15.282608 -11.711267 10.749378 1.000000 1.000000 
13.006364 54.069336 -15.228197 -10.966560 16.828373 0.000000 1.000000 
-4.341285 56.966618 -15.554927 -20.542122 9.020611 0.000000 1.000000 
23.815796 54.093681 -23.247347 -5.551056 14.283718 1.000000 1.000000 
8.323531 59.733921 -22.961926 -18.719269 9.926189 0.000000 1.000000 
29.603472 53.932442 -14.232412 -14.422501 8.626682 0.000000 1.000000 
7.110299 63.401142 -25.075144 -19.191895 9.951992 0.000000 1.000000 
29.860968 56.122578 -21.602909 -12.462807 10.836422 0.000000 1.000000 
9.087201 64.850914 -23.402557 -15.192619 13.321911 0.000000 1.000000 
-6.327370 65.242271 -25.059551 -19.905319 8.012440 1.000000 1.000000 
8.001471 66.556168 -22.382248 -13.605026 13.915195 0.000000 1.000000 
7.639284 69.765144 -25.843525 -19.993576 7.108010 0.000000 1.000000 
9.679803 72.255478 -22.442114 -14.722473 15.824516 0.000000 1.000000 
7.025946 75.273308 -25.736544 -4.700111 18.542255 0.000000 1.000000 
6.555045 76.616463 -26.315252 -7.707939 19.080280 0.000000 1.000000 
6.831492 76.834938 -24.470457 -19.317673 6.816670 1.000000 1.000000 
6.009145 78.051277 -26.209955 -6.371307 19.110952 0.000000 1.000000 
7.813596 79.015686 -12.636220 -6.936592 16.448963 0.000000 1.000000 
-8.032362 81.263321 -29.079483 -17.841125 11.748123 0.000000 1.000000 
34.198513 80.884773 -22.518450 3.213722 20.122204 0.000000 1.000000 
16.685925 87.363007 -35.607830 -2.919754 22.304029 1.000000 1.000000 
-5.945484 90.307327 -19.538698 -10.179657 13.172249 0.000000 1.000000 
44.056545 81.300308 -24.052988 -10.026352 7.863957 0.000000 1.000000 
47.440613 82.815636 -15.274556 -10.621292 8.998276 1.000000 1.000000 
-26.761164 92.601143 -38.758293 -8.671829 15.232285 0.000000 1.000000 
-5.907204 97.012604 -22.511629 -9.064630 10.524998 0.000000 1.000000 
-32.452019 91.517693 -33.101608 -15.349586 4.958664 0.000000 1.000000 
-31.068928 94.281738 -35.282455 0.910950 17.926773 0.000000 1.000000 
-43.272900 94.418510 -34.366772 -7.026772 10.659637 0.000000 1.000000 
-27.371071 101.981155 -40.983234 -13.609871 9.032589 0.000000 1.000000 
5.355725 107.421623 -20.809032 -11.627876 9.953434 0.000000 1.000000 
-20.912758 107.360794 -39.675415 -6.787315 12.932571 0.000000 1.000000 
-16.543419 149.447540 -61.269180 2.455116 17.959175 0.000000 1.000000 
-15.105171 150.873566 -61.797318 -3.564484 10.361164 0.000000 1.000000 
8.997635 154.022430 -42.531525 -5.711267 8.703835 0.000000 1.000000 
-32.380493 215.758881 -86.902428 -3.547287 7.134717 0.000000 1.000000 
-118.159904 -20.260990 44.202396 15.693831 20.231552 1.000000 1.000000 
64.847961 -15.579408 12.617010 4.633980 20.376553 1.000000 1.000000 
120.018997 -12.304526 22.416969 17.112701 20.581417 1.000000 1.000000 
185.916611 79.996979 25.587645 29.960915 24.914999 0.000000 1.000000 
32.401901 55.499580 25.326920 -9.374832 11.081139 0.000000 1.000000 
6.739774 76.167877 24.877138 -6.519379 19.524635 0.000000 1.000000 
9.224769 75.966888 26.558598 -17.032524 12.963486 0.000000 1.000000 
0.603782 87.980087 26.680658 -1.651741 16.188873 0.000000 1.000000 
16.981371 87.320328 26.818651 -4.709908 19.350563 0.000000 1.000000 
17.426483 87.989563 27.241869 -9.786514 12.736500 1.000000 1.000000 
6.828478 89.913475 33.019592 -6.472397 14.661247 0.000000 1.000000 
47.529873 82.495697 39.244389 -3.864754 12.061661 1.000000 1.000000 
46.156982 84.085587 28.068153 -5.460945 11.565323 0.000000 1.000000 
36.940804 91.821686 24.937138 -6.401886 11.076534 0.000000 1.000000 
37.294025 91.921318 28.972094 -8.643640 11.950180 0.000000 1.000000 
66.823257 75.095009 24.831833 -2.895760 7.413575 0.000000 1.000000 
-41.112202 93.492416 33.154705 -2.741745 13.245392 0.000000 1.000000 
45.213024 91.900124 30.097507 2.337242 13.634415 0.000000 1.000000 
45.335251 91.976402 29.912230 1.729019 12.835491 0.000000 1.000000 
45.255047 92.254181 29.897675 1.774719 13.367798 0.000000 1.000000 
45.314663 92.277092 30.255875 2.393883 16.294998 0.000000 1.000000 
45.864178 94.053871 29.225801 -0.295418 12.047192 0.000000 1.000000 
-8.639821 107.171089 44.279091 -12.817497 11.585205 1.000000 1.000000 
-35.934368 104.197006 33.789616 -7.026085 10.202671 0.000000 1.000000 
-30.534906 114.390327 42.962337 -9.704338 7.509884 0.000000 1.000000 
7.124074 119.693024 49.566540 -14.921547 5.611237 0.000000 1.000000 
87.866638 102.640594 18.040319 1.254150 6.367447 1.000000 1.000000 
83.221710 109.394882 20.685917 7.022377 9.644295 1.000000 1.000000 
128.199005 92.283714 24.109034 12.413147 8.031460 1.000000 1.000000 
46.294357 164.384583 44.218254 -3.324554 4.942856 0.000000 1.000000 
45.332737 167.455505 44.023300 -0.461563 6.846703 0.000000 1.000000 
-28.651785 175.356201 56.946774 -2.027580 10.120472 0.000000 1.000000 
45.698185 192.623230 44.539303 9.287126 15.860382 0.000000 1.000000 
45.280472 192.956757 44.277405 6.441002 14.322002 0.000000 1.000000 
45.512005 193.412598 45.743607 -4.623901 3.918400 0.000000 1.000000 
45.955715 193.721405 42.783901 -2.133865 4.794575 0.000000 1.000000 
44.760033 194.959991 44.340122 -6.564499 3.712956 0.000000 1.000000 
44.523396 196.862610 41.032398 -1.826813 6.784607 0.000000 1.000000 
43.899281 200.809662 40.955959 -0.110107 6.719403 0.000000 1.000000 
44.263794 200.805725 40.565083 -1.713463 5.599537 0.000000 1.000000 
44.789570 202.329681 40.829220 1.493683 9.487946 0.000000 1.000000 
45.024055 218.072937 41.961090 4.988754 9.440792 0.000000 1.000000 
44.344433 218.444977 41.178375 4.949890 10.061386 0.000000 1.000000 
75.937706 -33.393467 8.756546 10.244507 19.649494 1.000000 1.000000 
14.191288 19.235552 2.914866 -15.999413 13.325321 1.000000 1.000000 
-21.037449 27.437037 13.496758 -4.390419 16.534882 1.000000 1.000000 
-34.448212 13.272226 6.428205 9.069557 10.338928 1.000000 1.000000 
-9.176682 39.961151 5.346022 -10.152725 16.336956 1.000000 1.000000 
-8.810760 40.232361 4.129971 -14.647972 12.520241 1.000000 1.000000 
-32.499187 23.542690 5.939151 6.825577 11.134361 1.000000 1.000000 
-5.575702 50.762234 13.718390 -23.723228 9.581142 1.000000 1.000000 
-37.970039 44.560734 9.766025 2.596542 20.586227 1.000000 1.000000 
-99.215096 48.754639 12.222192 9.771210 7.103306 1.000000 1.000000 
-17.675186 82.692657 12.035267 -9.426407 14.402386 1.000000 1.000000 
11.870358 -29.076694 -7.581649 -1.326141 27.336979 1.000000 1.000000 
23.203720 -58.764088 -2.990375 6.982101 21.685490 1.000000 1.000000 
-3.557773 25.833746 -0.305714 -24.856331 9.178066 1.000000 0.000000 
-3.367605 26.255550 -0.522098 -10.862953 20.095779 1.000000 0.000000 
-3.576478 26.426771 0.040459 6.069313 32.001057 1.000000 0.000000 
-3.543332 26.492655 0.027480 6.839531 34.136650 1.000000 0.000000 
-3.532308 26.495661 -0.059283 7.023010 36.170265 1.000000 0.000000 
-3.496428 26.503847 -0.140964 10.356300 39.152874 1.000000 0.000000 
-3.467876 26.611876 0.215009 -18.966980 9.462860 1.000000 0.000000 
-3.434364 26.922329 -0.204612 -0.703308 25.909826 1.000000 0.000000 
-3.578658 26.918970 -0.513977 2.418961 27.753134 1.000000 0.000000 
-3.558491 26.999077 -3.181717 -0.348465 28.958523 1.000000 0.000000 
-4.452686 27.331594 -0.503872 -0.953461 24.484238 1.000000 0.000000 
0.244118 28.089247 -0.017741 7.035385 31.918728 0.000000 0.000000 
0.236922 28.104225 -0.106971 -7.117218 18.977497 0.000000 0.000000 
-3.335535 28.259579 0.584311 -4.668495 22.056246 1.000000 0.000000 
0.930475 28.495598 -1.971040 4.019753 34.095020 0.000000 0.000000 
0.438359 28.510897 -1.358346 1.487259 28.066042 0.000000 0.000000 
0.265541 28.675343 1.108681 -5.300949 22.358677 1.000000 0.000000 
-3.157211 28.624825 0.360419 -15.943130 15.371841 1.000000 0.000000 
0.634554 28.935976 -0.407672 5.145920 31.410704 0.000000 0.000000 
0.002632 28.976936 -0.081146 2.542755 28.222506 1.000000 0.000000 
0.680532 29.128191 -0.721958 4.292511 30.550617 0.000000 0.000000 
0.707415 29.232601 -0.659451 -9.657822 21.427212 0.000000 0.000000 
-3.134076 29.034618 -0.718484 -15.960373 16.813274 1.000000 0.000000 
0.572220 29.358152 -0.722849 7.309532 34.745998 0.000000 0.000000 
0.737581 29.364754 -0.575120 -3.263794 25.396214 0.000000 0.000000 
0.013377 29.700758 -2.627029 -8.389793 23.452290 0.000000 0.000000 
-4.778605 29.244558 -0.690852 -10.914055 18.343544 1.000000 0.000000 
-4.756105 29.247766 -0.791297 -8.595268 19.526217 1.000000 0.000000 
-4.743703 29.273714 -0.775072 -9.982712 17.353539 1.000000 0.000000 
0.172028 29.785406 -1.132857 -11.127182 21.903456 0.000000 0.000000 
0.258194 30.136093 -0.658657 -15.209305 15.406586 0.000000 0.000000 
-4.835783 29.674469 -1.060771 -16.212509 13.782429 1.000000 0.000000 
0.255161 30.241497 0.461909 -4.999008 22.914547 0.000000 0.000000 
-0.091355 30.517509 -0.024913 -21.735817 10.745205 0.000000 0.000000 
-3.973596 30.258062 -1.449168 -22.807968 9.861221 1.000000 0.000000 
0.242964 30.676638 0.701345 -0.903458 27.676529 0.000000 0.000000 
0.205240 30.688389 -2.210143 -8.395866 20.717180 1.000000 0.000000 
0.182694 31.000141 0.636515 -19.838470 11.366844 0.000000 0.000000 
0.291803 31.214209 0.579405 -21.269150 16.900478 1.000000 0.000000 
0.132899 31.647045 -0.444293 -21.090187 13.022526 1.000000 0.000000 
3.647601 37.390381 -0.724116 -9.027420 19.357294 1.000000 0.000000 
3.772590 37.397720 -1.316332 -10.733070 18.409718 1.000000 0.000000 
3.628237 37.447765 0.023791 -16.178528 11.436741 1.000000 0.000000 
3.706434 37.506451 -0.951278 -6.704918 17.679867 1.000000 0.000000 
-9.263963 36.674931 1.195947 6.028053 26.437208 1.000000 0.000000 
3.718455 37.821056 -0.800481 -6.254257 17.278622 1.000000 0.000000 
3.455719 37.870056 -0.594239 -9.600327 16.879173 1.000000 0.000000 
4.027702 37.985012 -0.479004 -17.591881 8.292858 1.000000 0.000000 
4.368307 38.004616 2.151530 -19.279175 9.304920 1.000000 0.000000 
-9.388454 37.154087 -2.842528 -14.865845 8.991119 1.000000 0.000000 
-9.364123 37.197403 1.155008 -1.622673 21.350700 1.000000 0.000000 
-9.266959 37.227188 1.149079 4.748611 27.989767 1.000000 0.000000 
-8.968299 37.318012 0.973354 -1.632561 21.937096 1.000000 0.000000 
-8.745503 37.721691 1.144754 12.507895 30.658405 1.000000 0.000000 
-10.072011 37.402294 -0.185473 -12.349426 15.371635 1.000000 0.000000 
-9.090336 37.710476 1.609578 -7.438408 14.758118 1.000000 0.000000 
-10.050088 37.562057 0.636510 -14.139732 9.119431 1.000000 0.000000 
-10.648574 37.403061 -0.340147 -14.076324 7.773888 1.000000 0.000000 
-9.646361 37.883369 1.371174 1.565048 20.121792 1.000000 0.000000 
-11.303625 37.507038 1.012064 -9.648590 14.684143 1.000000 0.000000 
-11.365377 37.492107 1.178653 -6.121750 16.669785 1.000000 0.000000 
3.675112 39.200024 -0.490124 -15.757477 11.568558 1.000000 0.000000 
3.660181 39.324120 -0.960431 -16.372955 11.944389 1.000000 0.000000 
-8.862385 38.458622 1.005343 -17.411972 10.674889 1.000000 0.000000 
3.394991 39.615532 -0.905552 -15.204483 11.635838 1.000000 0.000000 
-8.444601 38.992668 0.169015 -20.201241 6.794770 1.000000 0.000000 
-9.056350 38.942150 1.194267 17.171211 35.259209 1.000000 0.000000 
-9.011028 39.082573 1.036282 -11.497757 11.333805 1.000000 0.000000 
-8.890718 39.118805 1.143349 1.392693 23.684996 1.000000 0.000000 
-8.893764 39.121399 1.217997 10.607811 32.685078 1.000000 0.000000 
-8.892356 39.166996 1.427697 11.014740 33.758907 1.000000 0.000000 
-8.707290 39.457546 -2.798705 -0.414764 24.355824 1.000000 0.000000 
-9.139221 39.385326 1.428056 -0.704414 23.150988 1.000000 0.000000 
-9.965019 39.209190 -0.480051 -14.000069 9.522038 1.000000 0.000000 
-9.225217 39.474823 0.888114 -7.566559 19.034773 1.000000 0.000000 
-8.957701 39.698456 1.319659 -4.539223 17.071831 1.000000 0.000000 
-9.119022 39.839100 -3.020640 6.390152 29.859127 1.000000 0.000000 
-9.182225 39.827412 0.726304 -8.284302 14.966862 1.000000 0.000000 
-9.093936 39.989315 0.596529 -2.796829 20.779385 1.000000 0.000000 
-8.920639 40.081978 0.824991 -5.057945 19.398169 1.000000 0.000000 
-8.882033 40.118286 0.788846 -6.851921 18.130344 1.000000 0.000000 
-8.778214 40.278114 -3.874430 -14.756691 13.822464 1.000000 0.000000 
-9.459545 40.212864 1.513062 -12.658235 17.146076 1.000000 0.000000 
-9.193115 40.807167 1.503752 -16.500648 9.173759 1.000000 0.000000 
-10.327747 40.676243 -4.130591 -18.841438 8.605476 1.000000 0.000000 
-8.997926 42.311329 2.658487 -21.988144 7.951352 1.000000 0.000000 
-12.312971 114.584831 -2.439252 3.562546 18.956696 1.000000 0.000000 
-12.458597 115.173874 -2.570956 -7.972168 7.324280 1.000000 0.000000 
-12.419736 115.727905 -2.317715 8.863060 23.210331 1.000000 0.000000 
-12.375794 115.759407 -2.560890 20.693520 34.039619 1.000000 0.000000 
-12.122962 115.795937 -3.491584 6.347542 21.019747 1.000000 0.000000 
-12.142436 116.032959 -2.465862 6.844925 22.458111 1.000000 0.000000 
-12.323171 116.018417 -2.452011 16.319138 30.764423 1.000000 0.000000 
-12.726817 115.988190 -3.016556 12.146689 26.986334 1.000000 0.000000 
-12.769554 116.032265 -2.818199 5.750999 20.374441 1.000000 0.000000 
-12.882535 116.257675 -2.898609 -14.007362 2.890519 1.000000 0.000000 
-12.179274 116.358315 -2.970944 -10.346086 5.237092 1.000000 0.000000 
-12.809115 116.359673 -0.594209 -1.185829 15.025150 1.000000 0.000000 
-12.238217 116.535240 -1.475585 -5.102692 12.386570 1.000000 0.000000 
-12.665280 116.523132 -1.296450 -5.512001 11.030270 1.000000 0.000000 
-12.516035 116.533630 -1.684811 -13.857155 3.103711 1.000000 0.000000 
-12.575754 116.729492 -2.982346 2.299576 18.353058 1.000000 0.000000 
-11.934867 117.037857 -7.117089 -12.335396 4.918248 1.000000 0.000000 
-12.536204 117.087036 1.232458 -14.945030 2.005864 1.000000 0.000000 
-12.198128 117.146690 -2.041346 -11.019569 5.215146 1.000000 0.000000 
-12.573218 117.180183 -2.633026 -14.636665 2.265229 1.000000 0.000000 
-12.701853 117.167343 -2.588484 -12.319336 2.469437 1.000000 0.000000 
-12.159583 117.274521 -0.599256 3.712318 16.362526 1.000000 0.000000 
-12.568709 117.247826 -1.170745 -11.415840 4.239625 1.000000 0.000000 
-11.988856 117.352493 -1.284912 8.906044 22.559967 1.000000 0.000000 
-12.334579 117.317322 -2.494390 -1.670860 12.643440 1.000000 0.000000 
-12.919021 117.271240 -1.385192 -10.326263 5.074814 1.000000 0.000000 
-12.123426 117.370361 -1.065647 -13.530823 3.157204 1.000000 0.000000 
-12.637477 117.532166 -1.639618 -14.938950 1.738629 1.000000 0.000000 
-13.264539 117.482872 -1.367725 -13.083504 2.434784 1.000000 0.000000 
-12.032638 117.639328 -0.844945 -1.500725 14.215866 1.000000 0.000000 
-11.573244 117.729141 -0.045318 -12.547296 4.088212 1.000000 0.000000 
-12.765168 117.600136 0.040189 -1.027229 12.547787 1.000000 0.000000 
-11.882230 117.755661 -1.576685 -2.788544 11.686607 1.000000 0.000000 
-11.745021 117.800652 -1.653311 4.293304 19.590153 1.000000 0.000000 
-12.253368 117.812424 -1.412039 -13.897865 2.445176 1.000000 0.000000 
-12.079202 117.854660 -1.226231 4.661942 18.768780 1.000000 0.000000 
-11.991395 117.878357 -1.316835 -16.246826 2.329270 1.000000 0.000000 
-11.545349 117.992363 -0.330330 -12.693109 3.248990 1.000000 0.000000 
-12.367909 117.900665 2.384363 -10.137871 4.642548 1.000000 0.000000 
-12.173117 117.925812 -1.318628 -6.671043 9.067215 1.000000 0.000000 
-11.809369 117.990997 -1.834148 1.795311 15.346157 1.000000 0.000000 
-12.474531 118.068771 -2.101672 4.288780 19.184349 1.000000 0.000000 
-12.058086 118.171074 -1.354539 8.227028 21.918087 1.000000 0.000000 
-11.931425 118.218086 -1.811659 4.472786 19.643852 1.000000 0.000000 
-11.832666 118.255882 -1.147075 5.596443 19.360634 1.000000 0.000000 
-11.748544 118.279404 -1.725718 -4.092537 10.674709 1.000000 0.000000 
-11.941805 118.501282 -0.802003 -2.163628 15.448425 1.000000 0.000000 
-12.400089 118.607658 -1.845151 3.002029 17.509296 1.000000 0.000000 
-12.411171 118.613785 -1.268373 -3.965317 11.161110 1.000000 0.000000 
-11.892273 118.904922 -1.130917 1.785988 15.384380 1.000000 0.000000 
-12.097486 118.934151 -0.289928 -4.053665 10.024021 1.000000 0.000000 
-11.956211 119.185326 -1.385078 -2.063118 13.360126 1.000000 0.000000 
-11.754939 119.228264 -1.136419 -3.366463 11.448959 1.000000 0.000000 
-13.098006 119.217125 -2.303904 -7.594055 8.245136 1.000000 0.000000 
-12.223171 119.436348 -1.350292 -6.404327 9.881283 1.000000 0.000000 
-12.219999 119.463181 -1.124617 -7.693170 7.371857 1.000000 0.000000 
-12.339723 119.640892 -1.004281 11.984711 25.476376 1.000000 0.000000 
-12.401368 119.635826 -1.467295 17.989677 29.842100 1.000000 0.000000 
-12.189135 119.719452 -1.411336 -8.713631 6.727963 1.000000 0.000000 
-12.549005 119.725723 0.540413 -11.063484 3.629723 1.000000 0.000000 
-12.244555 119.774330 -1.636550 -8.910942 5.442708 1.000000 0.000000 
-12.380787 119.926033 -1.581287 10.697609 25.389992 1.000000 0.000000 
-12.434416 119.923927 -1.712572 19.274925 33.529251 1.000000 0.000000 
-12.138981 120.020309 -1.621593 -14.911522 2.529480 1.000000 0.000000 
-12.760190 119.995659 -2.024559 6.894089 21.825947 1.000000 0.000000 
-12.162453 120.090698 -0.609986 18.112366 30.628473 1.000000 0.000000 
-12.269605 120.088379 -1.348646 17.516586 30.418308 1.000000 0.000000 
-11.875337 120.132957 0.184126 -14.194984 1.048603 1.000000 0.000000 
-12.606993 120.276512 -0.859296 4.428932 16.140282 1.000000 0.000000 
-12.252981 120.368103 -1.041210 16.372734 31.056547 1.000000 0.000000 
-12.467076 120.358131 1.178308 18.732574 30.731413 1.000000 0.000000 
-12.240468 120.390541 -1.123894 21.488892 34.851387 1.000000 0.000000 
-12.476841 120.424873 -0.919884 12.462700 25.351021 1.000000 0.000000 
-12.851290 120.385567 -0.371407 -14.165955 3.243294 1.000000 0.000000 
-12.095389 120.633675 -1.243362 5.075592 18.904007 1.000000 0.000000 
-12.616849 120.579544 -1.693276 6.378670 20.743780 1.000000 0.000000 
-10.694243 120.931641 -3.025345 -7.090477 19.621237 1.000000 0.000000 
-12.905117 120.742516 1.328095 -4.077858 14.444862 1.000000 0.000000 
-13.155766 120.741562 -0.052664 -8.007698 8.642143 1.000000 0.000000 
-12.014181 121.110580 -1.466581 -1.414894 12.874779 1.000000 0.000000 
-12.380037 121.107025 -0.562806 14.270302 27.437527 1.000000 0.000000 
-12.576765 121.230553 -3.309411 -9.882027 8.501534 1.000000 0.000000 
-12.116172 121.466507 -1.617351 -16.744560 3.455849 1.000000 0.000000 
-12.259137 121.525749 -0.436769 -9.786270 6.550232 1.000000 0.000000 
-12.724657 121.575607 -2.937153 -4.681458 11.672462 1.000000 0.000000 
-11.944229 121.715309 -0.989364 3.215088 18.069511 1.000000 0.000000 
-13.513742 121.547302 -2.700246 -11.544800 5.133942 1.000000 0.000000 
-12.051695 121.732574 -1.365861 1.030396 16.182034 1.000000 0.000000 
-12.377246 121.907730 -1.611641 11.084511 24.096157 1.000000 0.000000 
-11.400676 122.014763 -2.967226 -5.115524 13.869568 1.000000 0.000000 
-12.014998 122.027733 0.071865 -13.982979 3.813038 1.000000 0.000000 
-12.174062 122.114029 -1.662254 11.855133 25.673220 1.000000 0.000000 
-12.156532 122.448181 -1.362340 -4.243042 11.034309 1.000000 0.000000 
-12.265994 122.487228 -0.984411 9.797029 22.851715 1.000000 0.000000 
-11.485664 122.596893 -1.379302 2.876411 19.360846 1.000000 0.000000 
-12.379426 122.508049 -0.361190 -11.048889 4.847687 1.000000 0.000000 
-12.133739 122.612579 -0.880165 1.297508 15.627949 1.000000 0.000000 
-12.882818 122.677170 -1.403469 12.220894 25.277298 1.000000 0.000000 
-13.355844 122.717300 -1.518867 -11.662926 3.024666 1.000000 0.000000 
-12.252849 122.947868 0.044173 -10.087152 3.557572 1.000000 0.000000 
-12.742302 122.945213 -1.278301 13.732216 27.721123 1.000000 0.000000 
-12.670729 123.041656 -4.666850 -8.167030 8.884827 1.000000 0.000000 
-11.842474 123.193863 -1.878371 -15.369003 3.047612 1.000000 0.000000 
-13.939814 123.096909 4.010948 -9.021988 9.604912 1.000000 0.000000 
-12.437259 123.313103 -3.059814 -9.525085 8.246571 1.000000 0.000000 
-12.019417 123.586525 -0.730508 5.623985 18.715355 1.000000 0.000000 
-12.095319 123.593842 -0.846383 9.845497 22.560127 1.000000 0.000000 
-12.925491 123.661446 -1.240535 5.715759 19.514105 1.000000 0.000000 
-12.166850 123.793266 -3.683956 -2.192894 12.180244 1.000000 0.000000 
-12.081396 123.857422 -1.339497 -13.332748 2.233986 1.000000 0.000000 
-12.130141 123.935059 -0.902575 2.577774 16.395405 1.000000 0.000000 
-12.778585 124.056511 -0.115519 -9.028831 5.819478 1.000000 0.000000 
-11.861402 124.288803 -0.047467 6.700981 20.478748 1.000000 0.000000 
-12.448221 124.264076 -0.982661 3.541397 18.428982 1.000000 0.000000 
-11.996839 124.337013 -0.783934 -10.917770 4.583054 1.000000 0.000000 
-12.158376 124.397392 -1.918470 -1.045410 13.075809 1.000000 0.000000 
-12.347973 124.388718 -1.179112 -9.118126 5.396786 1.000000 0.000000 
-11.493469 124.563202 -1.785358 -12.182083 5.882206 1.000000 0.000000 
-11.563917 124.738411 -1.790531 2.046654 15.473526 1.000000 0.000000 
-12.249706 124.712128 -1.537520 4.434891 19.085915 1.000000 0.000000 
-11.203424 124.945663 -2.388039 2.564178 16.827164 1.000000 0.000000 
-12.054010 124.905617 -1.275371 4.834961 16.818233 1.000000 0.000000 
-11.708999 124.936066 -2.134962 2.867493 16.017056 1.000000 0.000000 
-12.172132 125.137527 -1.394837 6.704567 20.303099 1.000000 0.000000 
-12.020329 125.280174 -0.455652 1.429153 15.298290 1.000000 0.000000 
-11.615758 125.662552 0.578897 -1.083435 12.793770 1.000000 0.000000 
-12.163858 125.670990 -1.677193 -7.022858 6.375100 1.000000 0.000000 
-11.727302 125.709427 1.128911 -3.741211 11.468582 1.000000 0.000000 
-12.224932 125.912407 -1.756310 4.920410 17.134274 1.000000 0.000000 
-11.995771 125.938431 -2.203683 -2.866302 11.256989 1.000000 0.000000 
-12.013195 125.994751 -0.751168 6.714645 20.061255 1.000000 0.000000 
-12.723874 126.000793 -1.274448 -4.746422 12.660759 1.000000 0.000000 
-12.141877 126.223099 -0.752256 -10.945999 5.557904 1.000000 0.000000 
-12.296632 126.428139 -1.777865 -5.983932 9.727566 1.000000 0.000000 
-11.989136 126.476044 -0.762399 2.867294 16.414948 1.000000 0.000000 
-12.182865 126.568672 -1.504256 1.476532 14.294827 1.000000 0.000000 
-11.841331 126.665504 -0.887576 4.649239 17.732670 1.000000 0.000000 
-12.190638 126.639145 -1.773979 9.993523 22.087891 1.000000 0.000000 
-12.330611 126.651428 -2.147060 0.030685 14.077370 1.000000 0.000000 
-12.473821 126.759171 -1.247243 -8.623665 7.348828 1.000000 0.000000 
-12.193854 126.923058 -1.793416 6.138412 19.305555 1.000000 0.000000 
-12.181656 127.223846 -0.166789 -14.707970 2.460656 1.000000 0.000000 
-12.322185 127.259064 -1.623596 1.057320 14.285965 1.000000 0.000000 
-11.959868 127.413162 -3.500292 1.907211 17.323448 1.000000 0.000000 
6.535024 127.981148 -1.602325 -1.298401 12.889687 1.000000 0.000000 
-11.997171 127.768250 -2.633460 1.577507 17.593109 1.000000 0.000000 
-12.291290 127.830902 -0.302781 -12.368187 3.214951 1.000000 0.000000 
-12.192052 127.844902 -1.744350 -2.366440 10.945713 1.000000 0.000000 
-11.921974 127.951233 -1.937201 1.416412 14.813190 1.000000 0.000000 
-12.493986 128.144592 -1.172998 8.655258 20.428013 1.000000 0.000000 
-12.254080 128.185867 -1.875018 3.775902 18.721264 1.000000 0.000000 
-12.307353 128.181091 -1.470207 12.190497 23.837988 1.000000 0.000000 
5.906837 128.728729 -1.270640 -11.026024 3.522065 1.000000 0.000000 
6.679770 128.750610 -1.604227 -11.967354 3.095784 1.000000 0.000000 
-12.236094 128.403320 -2.068228 -11.582222 2.196160 1.000000 0.000000 
-12.410880 128.616135 -1.570325 10.542679 22.942242 1.000000 0.000000 
6.541621 129.091705 -0.559462 -10.236259 4.148812 1.000000 0.000000 
-12.322543 128.723969 -1.763389 9.509636 21.717514 1.000000 0.000000 
-12.220273 128.919815 -2.266802 8.632233 19.942492 1.000000 0.000000 
5.692330 129.362579 -2.057929 -9.704857 1.946633 1.000000 0.000000 
-12.271473 128.945236 -1.872475 17.060181 27.774494 1.000000 0.000000 
6.465232 129.386688 -0.654798 -7.731010 5.305943 1.000000 0.000000 
-12.360987 128.982254 -1.342424 -13.913681 2.512002 1.000000 0.000000 
6.699796 129.388000 -1.379203 -6.536720 6.224598 1.000000 0.000000 
-12.719142 128.986725 -0.701945 2.939178 15.575615 1.000000 0.000000 
-12.554461 129.283875 -1.185588 -0.994644 11.347515 1.000000 0.000000 
6.893241 129.729950 -1.530299 4.478951 17.249268 1.000000 0.000000 
7.275911 129.740295 -1.221728 -13.819649 2.044877 1.000000 0.000000 
-12.285604 129.400665 -1.647557 4.660568 15.478951 1.000000 0.000000 
-12.558187 129.394135 -1.121463 2.570488 12.916779 1.000000 0.000000 
-12.339356 129.461792 -1.773492 15.712952 28.466387 1.000000 0.000000 
7.030005 130.045532 -1.780967 6.567307 18.428772 1.000000 0.000000 
-12.120709 129.768707 -0.803454 -16.856392 2.165989 1.000000 0.000000 
-12.722054 129.931931 -1.934012 -10.735535 5.060688 1.000000 0.000000 
-12.254161 130.008392 -2.757773 -2.020409 11.137409 1.000000 0.000000 
-11.634975 130.176224 -1.151964 -6.057564 8.242657 1.000000 0.000000 
6.984789 130.557755 -2.061847 5.804489 18.295856 1.000000 0.000000 
-12.453176 130.397186 -2.973488 -12.539261 7.604485 1.000000 0.000000 
7.421187 130.792786 -1.954256 -3.144287 9.481129 1.000000 0.000000 
-12.625037 130.392456 -2.595453 -9.032524 6.643086 1.000000 0.000000 
7.358549 130.805573 -1.897864 -0.991196 12.365471 1.000000 0.000000 
7.469056 130.806427 -2.481166 -2.904869 10.793980 1.000000 0.000000 
-10.678426 130.829224 0.163142 -15.731705 3.684144 1.000000 0.000000 
-11.920821 131.095490 -3.983707 -12.781250 3.670624 1.000000 0.000000 
7.603479 131.414627 -2.915890 -12.852501 2.546807 1.000000 0.000000 
-13.115611 131.094574 -2.234558 -11.698265 5.740719 1.000000 0.000000 
8.385409 131.545502 -1.196357 -6.459343 7.958668 1.000000 0.000000 
8.409369 131.832947 -1.618992 -8.723770 7.258416 1.000000 0.000000 
8.459342 132.095459 -0.997446 -12.098442 3.770581 1.000000 0.000000 
7.446236 132.834442 -1.272946 -11.418388 3.939812 1.000000 0.000000 
-6.020904 -0.904940 -0.723366 2.736107 50.987389 0.000000 0.000000 
-6.072430 -0.901878 -0.702931 -0.051323 51.062294 0.000000 0.000000 
-6.031256 0.873515 -0.854305 -25.228680 21.591911 0.000000 0.000000 
-6.544475 -0.895594 -0.148659 -22.789646 29.064466 0.000000 0.000000 
-6.450845 -1.938884 -0.040222 -23.460148 29.365330 0.000000 0.000000 
-6.505061 -1.733827 0.495085 -21.838051 24.177324 0.000000 0.000000 
-6.536237 -0.179519 -0.153654 -24.118050 25.888575 0.000000 0.000000 
-6.419438 0.475903 0.253856 -28.077362 23.692343 0.000000 0.000000 
-6.707993 -0.601983 0.014667 -20.349625 31.001951 0.000000 0.000000 
-6.752761 -1.402133 0.142196 -17.659271 30.202627 0.000000 0.000000 
-6.046875 2.009063 -0.587672 -23.977879 21.947155 0.000000 0.000000 
-6.646613 0.389727 -0.073672 -17.384998 27.589128 0.000000 0.000000 
-6.780299 -1.583695 -0.108705 -11.984077 31.371662 0.000000 0.000000 
-6.790164 -0.220158 -0.223657 -12.592781 29.559954 0.000000 0.000000 
-6.749152 -2.105537 -0.162116 -23.124481 23.993044 0.000000 0.000000 
-6.870134 -1.122411 0.526179 -9.416473 35.468647 0.000000 0.000000 
-6.898319 -0.762301 -0.319135 -18.044304 29.310440 0.000000 0.000000 
-6.747813 -2.381891 -0.286963 -17.310509 23.940327 0.000000 0.000000 
-6.764395 -2.582426 -0.106347 -16.316093 27.998505 0.000000 0.000000 
-6.999258 -0.830298 0.404659 -8.034695 38.933071 0.000000 0.000000 
-6.592208 1.380819 -0.046035 -14.553093 27.576962 0.000000 0.000000 
-7.038670 -2.235220 -0.291250 -14.695511 22.100895 0.000000 0.000000 
-7.174066 -1.684165 0.283540 -19.005939 22.701235 0.000000 0.000000 
-7.144173 -1.945230 -0.034082 -18.509991 24.598534 0.000000 0.000000 
-6.755915 -3.342361 -0.043131 -19.085976 23.051765 0.000000 0.000000 
-7.156385 -1.905337 -0.036392 -13.983246 24.772799 0.000000 0.000000 
-6.768689 1.589960 0.046519 -11.208795 25.916637 0.000000 0.000000 
-7.438827 -0.497301 -0.008711 -17.969677 23.723972 0.000000 0.000000 
-7.301056 -2.394203 -0.104007 -15.553707 25.819532 0.000000 0.000000 
-7.360137 -2.106921 -0.181156 -18.164597 22.448303 0.000000 0.000000 
-7.429849 -0.118429 0.077821 -17.910851 23.378679 0.000000 0.000000 
-7.212009 -3.352718 0.244509 -14.211067 20.181179 0.000000 0.000000 
-7.093694 1.956918 0.467526 -13.249348 28.689926 0.000000 0.000000 
-7.683916 -1.443324 -0.390792 -21.330410 21.065876 0.000000 0.000000 
-6.783675 -4.372299 -0.152720 -24.691246 20.872744 0.000000 0.000000 
-7.137665 1.916494 -0.107623 -20.375427 23.321783 0.000000 0.000000 
-7.100243 -3.786768 0.167834 -15.712746 25.805122 0.000000 0.000000 
-7.383890 -3.085976 -0.091045 -19.539177 20.970886 0.000000 0.000000 
-7.518737 1.491930 0.216009 -20.176476 21.882774 0.000000 0.000000 
-7.474177 -3.416119 -0.101377 -16.133255 26.427233 0.000000 0.000000 
-6.741875 -4.904002 -0.773183 -17.605492 26.845772 0.000000 0.000000 
-6.734544 -4.921224 -0.480231 -19.322159 24.843637 0.000000 0.000000 
-6.799720 -4.874238 -0.004983 -16.305893 22.870800 0.000000 0.000000 
-6.449615 -5.371788 -0.020997 -21.584114 21.187195 0.000000 0.000000 
-6.761812 -5.110106 -0.394768 -13.775337 24.184669 0.000000 0.000000 
-7.304723 -4.392180 0.279090 -23.472351 21.498459 0.000000 0.000000 
-7.639101 1.982335 0.197115 -22.948975 22.959707 0.000000 0.000000 
-6.823112 -5.366472 -0.150714 -15.292458 27.316067 0.000000 0.000000 
-7.329529 -4.829921 -0.043038 -14.101265 31.272886 0.000000 0.000000 
-6.700076 -5.741354 0.143283 -11.845428 32.756687 0.000000 0.000000 
-6.574413 -5.928567 0.071315 -14.688805 28.894442 0.000000 0.000000 
-7.246176 -5.219353 0.045887 -21.748093 23.718960 0.000000 0.000000 
-6.585685 -6.103936 -0.074774 -15.538681 29.802551 0.000000 0.000000 
-6.818607 -5.966876 -0.451473 -12.173714 33.390308 0.000000 0.000000 
-7.176246 -5.760918 0.311359 -12.543541 30.470413 0.000000 0.000000 
-7.416632 -5.477918 -0.416997 -16.795067 27.417948 0.000000 0.000000 
-6.777218 -6.344352 -0.442837 -9.367784 33.361851 0.000000 0.000000 
-6.633220 -6.533098 -0.104950 -12.115808 32.511349 0.000000 0.000000 
-6.520006 -7.120555 0.611097 -19.567810 26.538921 0.000000 0.000000 
-7.124992 -6.500089 -0.471630 -17.587997 26.166241 0.000000 0.000000 
-6.605633 -7.098863 0.115127 -13.076736 32.113407 0.000000 0.000000 
-6.780016 -7.051364 1.096588 -12.329544 35.386330 0.000000 0.000000 
-6.392642 -7.471406 -0.520936 -20.866425 25.297453 0.000000 0.000000 
-7.304954 -6.573870 -0.384962 -21.446472 25.193192 0.000000 0.000000 
-6.796396 -7.223960 0.059583 -26.093040 24.923645 0.000000 0.000000 
-7.562650 -6.501157 0.155348 -21.432701 23.295864 0.000000 0.000000 
-6.628485 -7.516807 -0.112818 -14.327782 30.555609 0.000000 0.000000 
-6.859309 -7.363502 1.101462 -21.299515 25.535610 0.000000 0.000000 
-6.555765 -7.727342 -0.125068 -13.805435 32.543449 0.000000 0.000000 
-6.432500 -7.890784 0.584599 -21.449554 23.748253 0.000000 0.000000 
-6.524575 -7.916386 -0.323873 -12.334085 32.369770 0.000000 0.000000 
-6.403281 -8.260798 0.535805 -15.917152 28.531704 0.000000 0.000000 
-7.195210 -7.822279 -0.534323 -21.660828 23.979845 0.000000 0.000000 
-6.594628 -8.406744 -1.052610 -10.870872 32.283875 0.000000 0.000000 
-6.594719 -8.509678 -0.217906 -10.296333 30.990942 0.000000 0.000000 
-6.008158 -8.944693 -0.607816 -21.887772 23.885347 0.000000 0.000000 
-6.758287 -8.619593 -0.419226 -18.949135 30.194817 0.000000 0.000000 
-6.154263 -9.108785 -0.667234 -12.524841 29.145109 0.000000 0.000000 
-7.207292 -8.334323 0.901922 -19.857834 24.489470 0.000000 0.000000 
-7.183032 -8.362778 1.929613 -20.699135 26.344452 0.000000 0.000000 
-6.537095 -9.018159 0.799368 -15.043106 28.078814 0.000000 0.000000 
-6.992445 -8.843893 0.532867 -16.915123 25.728903 0.000000 0.000000 
-6.525898 -9.349550 -0.485825 -14.893425 26.974167 0.000000 0.000000 
-6.719867 -9.219187 -0.054722 -12.477196 30.362892 0.000000 0.000000 
-6.396767 -9.484560 -0.126428 -13.350601 28.423847 0.000000 0.000000 
-6.437125 -9.871434 0.542912 -12.278398 29.950293 0.000000 0.000000 
-7.548771 -9.180664 1.754899 -13.191994 28.291491 0.000000 0.000000 
-6.502046 -10.091986 -0.051758 -12.686470 29.029123 0.000000 0.000000 
-6.973568 -9.847664 -0.828097 -12.965263 28.394554 0.000000 0.000000 
-6.676476 -10.109147 -1.961917 -13.077133 26.885303 0.000000 0.000000 
-6.828301 -10.106769 0.065139 -14.858070 26.359879 0.000000 0.000000 
-6.951539 -10.197944 -0.648756 -14.788887 26.732555 0.000000 0.000000 
-6.564537 -10.710147 -0.548798 -11.077850 29.825294 0.000000 0.000000 
-6.958054 -10.477699 -0.103331 -10.665314 28.112871 0.000000 0.000000 
-6.738621 -10.696267 0.542293 -17.650391 22.148605 0.000000 0.000000 
-6.447987 -11.113334 0.161923 -7.288345 33.187187 0.000000 0.000000 
-6.606034 -11.199040 -0.087072 -8.337906 29.933987 0.000000 0.000000 
-7.171256 -11.133548 -0.444112 -15.975090 23.733397 0.000000 0.000000 
-6.632306 -11.520838 -0.693927 -8.559868 30.925678 0.000000 0.000000 
-6.636709 -11.645993 -0.380848 -12.084207 28.178823 0.000000 0.000000 
-6.390690 -11.915983 -0.271835 -16.731659 27.395222 0.000000 0.000000 
-7.186422 -11.788705 3.432425 -17.473602 26.745754 0.000000 0.000000 
-6.701129 -12.135252 -0.076549 -17.718002 24.388580 0.000000 0.000000 
-6.271563 -12.506495 -0.191392 -15.267784 29.625851 0.000000 0.000000 
-7.481484 -12.064357 -0.785314 -14.475105 24.344128 0.000000 0.000000 
-6.566225 -12.610813 -0.828117 -15.472496 27.433746 0.000000 0.000000 
-6.596979 -12.608227 0.191509 -13.166847 27.037930 0.000000 0.000000 
-6.879627 -12.720866 1.517298 -10.990875 28.451187 0.000000 0.000000 
-6.740200 -12.966001 -0.383644 -17.375122 26.272333 0.000000 0.000000 
-6.803509 -13.003958 0.170471 -16.119759 23.785114 0.000000 0.000000 
-7.187597 -12.803017 1.346953 -10.520561 27.761154 0.000000 0.000000 
-6.750581 -13.399140 -0.862734 -10.207817 28.054413 0.000000 0.000000 
-6.555213 -13.494482 0.345310 -10.700432 29.721210 0.000000 0.000000 
-6.442282 -13.558976 -0.119538 -10.308563 30.471478 0.000000 0.000000 
-6.360476 -13.711987 0.253500 -14.461433 28.187111 0.000000 0.000000 
-6.594995 -13.847307 0.135562 -13.610390 26.257858 0.000000 0.000000 
-6.848056 -13.776999 -0.414140 -8.790474 29.785007 0.000000 0.000000 
-6.548359 -14.013765 -0.411508 -6.171089 31.340544 0.000000 0.000000 
-6.529551 -14.190730 -0.403480 -9.392570 29.791592 0.000000 0.000000 
-6.585867 -14.568547 -0.456564 -13.202797 25.668732 0.000000 0.000000 
-6.610194 -14.564651 0.002402 -14.371986 25.357281 0.000000 0.000000 
-6.399967 -14.807556 -0.830374 -13.911301 23.815590 0.000000 0.000000 
-6.739037 -14.803461 -1.141845 -6.793756 29.432331 0.000000 0.000000 
-6.535026 -14.964627 -0.255320 -11.628128 26.782568 0.000000 0.000000 
-6.490726 -15.262271 0.248354 -14.413857 22.500771 0.000000 0.000000 
-6.610316 -15.308106 0.019679 -10.494293 25.703804 0.000000 0.000000 
-6.526839 -15.459403 0.475150 -10.067726 28.883331 0.000000 0.000000 
-6.526686 -15.971471 -0.860439 -10.295143 26.379240 0.000000 0.000000 
-6.932211 -15.997274 -0.039921 -16.635147 19.534630 0.000000 0.000000 
-6.456839 -16.246183 -3.043209 -14.223846 23.820524 0.000000 0.000000 
-6.578290 -16.411409 -0.545263 -12.240005 25.012596 0.000000 0.000000 
-6.455682 -16.658955 -1.179053 -11.943489 23.884914 0.000000 0.000000 
-6.689838 -16.912041 -0.227621 -11.826584 23.806839 0.000000 0.000000 
-6.737237 -17.117599 -0.603379 -6.905998 28.696606 0.000000 0.000000 
-6.765116 -17.187645 -0.719761 -17.718346 18.956257 0.000000 0.000000 
-6.184707 -18.138870 -0.145483 -9.088692 25.005262 0.000000 0.000000 
-6.965070 -18.549419 0.296560 -14.870300 22.909573 0.000000 0.000000 
-6.466473 -19.239632 0.294172 -10.990379 22.905760 0.000000 0.000000 
-6.503912 -19.323639 -0.261073 -8.474298 24.178514 0.000000 0.000000 
-6.887170 -19.622200 -0.337964 -10.796860 22.205456 0.000000 0.000000 
-0.171822 -21.004070 1.050197 11.472960 42.206783 1.000000 0.000000 
-0.150084 -21.063335 1.181045 11.140572 42.722893 1.000000 0.000000 
-0.866120 -21.408894 -1.105454 2.330765 34.530861 1.000000 0.000000 
-0.562877 -21.528492 -0.374057 6.740410 39.420830 1.000000 0.000000 
-0.417792 -21.586971 0.404683 -0.818123 28.738291 1.000000 0.000000 
-0.718413 -21.725128 0.104426 1.165718 33.121956 1.000000 0.000000 
-0.444463 -21.814823 -0.449752 -8.154503 22.945900 1.000000 0.000000 
-0.564679 -21.979725 -0.474493 -9.387100 24.116955 1.000000 0.000000 
-6.535823 -21.149742 -0.335092 -12.984962 20.524334 0.000000 0.000000 
-6.678932 -21.405331 -0.177063 -7.240663 22.533789 0.000000 0.000000 
-6.583845 -21.443481 -0.049251 -7.929298 24.073990 0.000000 0.000000 
-6.578242 -21.684307 -0.119255 -14.397842 19.282156 0.000000 0.000000 
-6.453726 -21.845806 -0.368792 -5.550690 23.271698 0.000000 0.000000 
-6.456129 -21.900398 -0.386299 -11.409729 20.470114 0.000000 0.000000 
-6.871329 -25.187256 2.525066 -7.145035 24.113525 0.000000 0.000000 
-7.156093 -28.025703 -0.114069 -8.308586 19.505066 0.000000 0.000000 
-6.856008 -31.207779 0.257369 1.764084 25.799339 0.000000 0.000000 
-7.258075 -31.355095 2.395709 -1.015251 23.671112 0.000000 0.000000 
-7.039834 -37.111649 1.944437 -2.213287 22.004202 0.000000 0.000000 
-7.756246 -37.347706 0.352370 -2.908218 20.099476 0.000000 0.000000 
-6.825547 -46.839035 1.883835 0.021690 19.597328 0.000000 0.000000 
-6.700810 -47.226879 -1.745105 -0.824577 21.381960 0.000000 0.000000 
-7.278947 -50.038616 -0.525177 -1.156822 17.633080 0.000000 0.000000 
-6.850458 -53.024136 0.697373 -1.633942 20.186804 0.000000 0.000000 
-6.676192 -55.852142 -2.321170 -1.186035 18.907963 0.000000 0.000000 
-7.445552 -56.227741 1.981241 4.293709 21.700302 0.000000 0.000000 
-7.563091 -62.584148 0.205323 7.308662 23.267712 0.000000 0.000000 
-7.327232 -62.839302 0.691301 12.122124 26.951838 0.000000 0.000000 
-6.471811 -12.704003 -1.276074 -1.602570 30.169895 0.000000 0.000000 
-6.768687 -12.701584 -0.172185 1.200523 28.415131 0.000000 0.000000 
-6.350444 -13.300926 -0.250003 -10.355103 22.889271 0.000000 0.000000 
-6.692676 -13.647899 -0.134666 -7.556129 22.758785 0.000000 0.000000 
-6.945826 -13.520909 -0.336782 -0.906906 30.170565 0.000000 0.000000 
-6.833354 -14.131577 0.114932 -7.085855 24.009911 0.000000 0.000000 
-6.839476 -14.511418 -0.380669 -2.933777 26.478281 0.000000 0.000000 
-6.779533 -14.668615 -0.645235 -9.443039 21.382557 0.000000 0.000000 
-6.813529 -14.676052 -0.785215 -4.454369 26.613874 0.000000 0.000000 
-6.901888 -14.632051 -0.542661 -2.600258 27.496174 0.000000 0.000000 
-6.374239 -15.172404 -0.444364 -8.545999 24.955957 0.000000 0.000000 
-6.350714 -15.227388 -0.057943 -1.688263 30.832504 0.000000 0.000000 
-6.856145 -15.372459 -0.179499 -5.824951 24.729897 0.000000 0.000000 
-6.459513 -15.849883 0.652625 -6.776794 25.368177 0.000000 0.000000 
-6.822367 -15.730982 -0.454815 -5.052780 24.959909 0.000000 0.000000 
-6.989927 -15.648888 -0.552507 -7.579239 23.866127 0.000000 0.000000 
-7.066013 -15.618371 -0.192247 -3.418739 25.346277 0.000000 0.000000 
-7.027514 -15.872439 0.111175 -6.215111 24.033316 0.000000 0.000000 
-7.130984 -16.106661 -1.194348 -9.303795 22.365778 0.000000 0.000000 
-7.020060 -16.245541 -0.907648 -6.634338 23.192083 0.000000 0.000000 
-7.093278 -16.389301 -0.794797 -9.028427 24.185089 0.000000 0.000000 
-7.003979 -16.697510 0.825747 -12.368988 21.270693 0.000000 0.000000 
-6.575898 -16.910881 -0.324426 -7.657181 24.008293 0.000000 0.000000 
-6.607861 -17.383205 2.202224 -7.478456 22.690853 0.000000 0.000000 
-6.171965 -18.020599 0.400382 -9.047302 22.971830 0.000000 0.000000 
-6.973900 -17.759830 -0.742374 -2.990334 28.701899 0.000000 0.000000 
-6.877644 -17.812717 -1.303026 -2.381653 28.520758 0.000000 0.000000 
-6.771925 -18.191055 0.401104 -2.043686 27.901106 0.000000 0.000000 
-7.226070 -18.420410 -0.565388 -2.076637 28.916037 0.000000 0.000000 
-6.894094 -18.571072 0.267977 -4.519669 27.253555 0.000000 0.000000 
-6.967590 -18.560352 -0.603111 -4.816643 25.670023 0.000000 0.000000 
-6.686934 -18.887066 -0.092925 -9.938066 24.457439 0.000000 0.000000 
-6.617432 -18.930496 -0.018267 -1.150795 29.545191 0.000000 0.000000 
-6.837846 -19.039799 0.777284 -5.439293 24.727047 0.000000 0.000000 
-7.395217 -18.867668 2.419815 -5.025085 26.298584 0.000000 0.000000 
-0.167873 -20.996555 -0.890224 21.372536 51.214424 1.000000 0.000000 
-0.198263 -21.080086 -0.952221 20.558052 51.931576 1.000000 0.000000 
-0.702426 -21.708195 -0.710061 -4.479706 27.392181 1.000000 0.000000 
-6.633678 -20.427841 -0.981882 -7.748390 21.058731 0.000000 0.000000 
-6.456423 -20.529675 -0.671693 -5.458116 21.919876 0.000000 0.000000 
-7.051512 -20.494339 -0.606745 -6.165756 22.452553 0.000000 0.000000 
-6.683752 -20.893883 -1.164908 -2.753952 24.422440 0.000000 0.000000 
-6.940284 -20.799305 -1.117349 -7.463089 21.517567 0.000000 0.000000 
-6.969568 -21.539970 -0.564244 -6.602112 22.727051 0.000000 0.000000 
-6.504968 -22.216343 -0.104700 -8.414177 21.169353 0.000000 0.000000 
-8.184560 -32.950413 5.004236 -6.666977 17.987343 0.000000 0.000000 
-6.814093 -36.907310 -0.618442 -5.151306 18.223160 0.000000 0.000000 
-7.810780 -37.414803 2.847602 -4.762924 20.971403 0.000000 0.000000 
-6.783021 -38.076794 -0.558411 -3.842979 18.489799 0.000000 0.000000 
-6.484735 -38.705627 1.094639 -5.233727 18.817509 0.000000 0.000000 
-7.927598 -43.346992 0.107736 -2.451813 20.059471 0.000000 0.000000 
-6.420578 -48.603394 -0.484652 -2.134621 17.319431 0.000000 0.000000 
-6.910310 -49.906708 1.973063 4.997261 21.800234 0.000000 0.000000 
-9.064700 -49.938065 2.175050 1.893570 20.620625 0.000000 0.000000 
-6.738846 -52.844135 -1.321382 3.212135 21.455496 0.000000 0.000000 
-7.070188 -56.100788 -0.863492 2.084969 19.623951 0.000000 0.000000 
-6.360646 -57.849609 -0.455365 0.198097 16.402271 0.000000 0.000000 
-7.729843 -62.418221 2.574348 7.449425 21.915503 0.000000 0.000000 
-7.953870 -62.623981 1.685622 7.875755 21.923492 0.000000 0.000000 
-7.886783 -63.018028 4.408080 5.657394 19.026588 0.000000 0.000000 
-6.234229 8.837691 -0.008776 -21.661034 9.400330 0.000000 0.000000 
-6.680073 10.500782 0.329827 -16.587723 12.175480 0.000000 0.000000 
-6.649647 10.541789 0.423160 -13.206375 14.409065 0.000000 0.000000 
-5.932273 11.650512 -0.480504 -22.621948 14.936832 0.000000 0.000000 
-6.374346 11.496477 0.431902 -12.571014 19.764969 0.000000 0.000000 
-6.961083 11.129897 0.029422 -24.470375 10.203075 0.000000 0.000000 
-6.584165 11.928873 0.335291 -15.562378 18.988075 0.000000 0.000000 
-6.468950 12.697207 1.196874 -20.555977 13.402309 0.000000 0.000000 
-6.062280 13.694345 0.092026 -10.773140 19.484993 0.000000 0.000000 
-6.289769 14.348591 0.060470 -17.006195 17.387859 0.000000 0.000000 
-6.188414 14.795723 0.308762 -19.362816 15.149734 0.000000 0.000000 
-6.260228 14.869066 0.229349 -20.226456 17.220791 0.000000 0.000000 
-6.824312 15.526524 0.209311 -18.209679 18.043468 0.000000 0.000000 
7.645995 -14.165077 -0.186317 -11.150848 21.028118 0.000000 0.000000 
7.290753 -14.980273 -0.512948 -12.738052 20.923824 0.000000 0.000000 
7.500030 -14.990682 -0.230758 -12.989769 20.713493 0.000000 0.000000 
6.926480 -15.387734 -0.232884 -8.439713 28.014048 0.000000 0.000000 
7.329748 -15.463491 -0.075193 -12.270082 22.582605 0.000000 0.000000 
8.328515 -15.406065 -0.354763 -13.933899 20.086555 0.000000 0.000000 
7.402941 -17.540009 0.042705 15.851562 46.801952 0.000000 0.000000 
7.645778 -17.780350 0.061720 14.890358 44.455017 0.000000 0.000000 
7.043957 -18.247330 -0.396337 -13.195114 21.926367 0.000000 0.000000 
8.150319 -18.137398 -0.781301 -8.158463 21.620186 0.000000 0.000000 
7.603017 -18.742592 -0.367366 -12.050575 19.872440 0.000000 0.000000 
8.474119 -20.392162 -0.162836 -4.556091 24.612675 0.000000 0.000000 
8.472104 -21.934307 -0.506496 -5.651390 21.437515 0.000000 0.000000 
8.168777 -26.439793 -0.179092 -0.894417 24.120960 0.000000 0.000000 
7.871254 -28.091141 -0.411650 -1.543831 26.865406 0.000000 0.000000 
7.200339 -28.796177 -0.440874 -10.713173 19.395393 0.000000 0.000000 
7.139792 -28.875328 -0.563210 -12.197510 20.061646 0.000000 0.000000 
7.520909 -28.821846 -0.063200 -2.945366 22.569218 0.000000 0.000000 
7.831811 -29.134315 -1.105892 -8.848976 17.654156 0.000000 0.000000 
8.152080 -30.256268 -0.796662 -9.400574 18.032516 0.000000 0.000000 
8.826213 -32.280231 -1.866900 -6.933876 18.602638 0.000000 0.000000 
8.242048 -34.144402 0.416874 -4.594276 22.003336 0.000000 0.000000 
7.977732 -34.401466 0.575427 -5.486900 23.189938 0.000000 0.000000 
6.962950 -34.810211 -0.693343 -3.026009 25.321350 0.000000 0.000000 
8.235349 -35.596092 0.241539 -7.513344 18.400078 0.000000 0.000000 
9.358294 -39.385910 -3.117886 -2.364136 22.699150 0.000000 0.000000 
7.208869 -47.604515 0.104369 8.487724 29.490042 0.000000 0.000000 
7.592298 -47.725067 0.161312 8.489944 29.107487 0.000000 0.000000 
5.429594 -50.883995 3.990362 -1.408096 18.758698 0.000000 0.000000 
6.747993 -0.209611 -0.452905 -24.146545 23.483364 0.000000 0.000000 
7.235614 -1.709603 -0.512365 -25.177029 24.427931 0.000000 0.000000 
7.383520 -0.798446 -0.486586 -23.118431 24.689552 0.000000 0.000000 
7.595591 -0.906937 -0.459199 -23.361160 23.815128 0.000000 0.000000 
7.651107 -0.681592 -0.234214 -16.431908 22.567974 0.000000 0.000000 
7.747059 -0.933019 -0.428246 -21.652176 23.988371 0.000000 0.000000 
7.782196 -0.526484 -0.565069 -12.684425 29.709946 0.000000 0.000000 
8.058674 -1.186044 -0.140249 -6.579843 28.652836 0.000000 0.000000 
8.018126 0.580624 -0.234387 -14.645134 22.670288 0.000000 0.000000 
8.174504 -0.902515 -0.687166 -12.628067 28.281534 0.000000 0.000000 
8.099390 -1.956319 -0.244352 -12.271111 26.758833 0.000000 0.000000 
8.003245 -2.523124 -0.419555 -12.039017 29.558449 0.000000 0.000000 
8.307470 0.329366 -0.077500 -7.966064 26.940517 0.000000 0.000000 
8.022070 -3.328780 -0.192853 -8.002022 28.897217 0.000000 0.000000 
7.942704 1.801719 -0.167417 -10.406105 24.713839 0.000000 0.000000 
7.991311 -3.628011 -0.342218 -11.339493 22.007629 0.000000 0.000000 
7.892155 2.151658 -0.366195 -9.668365 23.655184 0.000000 0.000000 
8.447306 -3.103018 0.183583 -12.203041 20.655405 0.000000 0.000000 
8.636990 -2.815442 0.730536 -15.474808 22.178843 0.000000 0.000000 
8.797915 0.229615 -0.141217 -10.521866 24.186954 0.000000 0.000000 
8.106808 -4.386028 -0.437798 -8.132477 21.535248 0.000000 0.000000 
8.295830 2.137971 -0.473056 -11.850708 23.046001 0.000000 0.000000 
8.884142 -1.054436 -0.272324 -12.841866 25.047358 0.000000 0.000000 
8.228740 -4.547359 -0.419299 -16.200371 19.627905 0.000000 0.000000 
9.121658 -1.181491 -0.160146 -11.515016 26.341208 0.000000 0.000000 
9.183850 -0.996248 -0.544125 -15.328957 21.107430 0.000000 0.000000 
8.270327 -4.865539 -0.802720 -6.074905 24.431042 0.000000 0.000000 
7.827457 -5.678738 -0.375719 -10.612030 20.552162 0.000000 0.000000 
9.294400 -1.177464 0.147203 -14.190002 23.121239 0.000000 0.000000 
7.953036 -5.560099 -0.418505 -12.198967 21.504782 0.000000 0.000000 
9.294879 -1.628327 0.044533 -15.262245 23.426304 0.000000 0.000000 
9.311053 -1.471254 0.078470 -10.559265 25.700436 0.000000 0.000000 
7.951529 -6.039964 -0.392259 -14.098259 19.441250 0.000000 0.000000 
7.913914 -6.776017 0.152269 -5.687668 27.141478 0.000000 0.000000 
7.652116 -7.154945 -0.239708 -5.726456 28.220722 0.000000 0.000000 
8.821096 -5.541145 -0.069781 -9.441711 24.284943 0.000000 0.000000 
8.763669 -5.690648 0.069575 -14.000244 21.397518 0.000000 0.000000 
7.517996 -7.387540 -0.067278 -8.721359 24.051485 0.000000 0.000000 
7.418082 -7.731597 0.161617 -3.198212 34.195763 0.000000 0.000000 
7.212818 -8.201751 0.175274 -5.900520 28.400373 0.000000 0.000000 
7.712966 -7.752762 -0.142249 -4.995995 32.135948 0.000000 0.000000 
7.328704 -8.153921 -0.989979 -9.329391 28.867687 0.000000 0.000000 
7.133314 -8.489073 0.004187 -11.224411 25.046848 0.000000 0.000000 
7.381317 -8.495991 -0.588450 -14.205429 23.561104 0.000000 0.000000 
7.657483 -8.314447 -0.633652 -10.857658 28.093794 0.000000 0.000000 
7.495998 -8.924434 -0.628124 -16.274796 21.015846 0.000000 0.000000 
7.618221 -8.819654 -0.558711 -16.755966 23.341768 0.000000 0.000000 
7.463756 -9.094344 0.003560 -15.163841 23.127850 0.000000 0.000000 
8.600313 -8.195240 -0.893814 -19.399971 21.786806 0.000000 0.000000 
7.498459 -9.475683 0.919270 -14.067474 24.050455 0.000000 0.000000 
7.484503 -9.651176 -0.656400 -17.379654 21.314121 0.000000 0.000000 
7.325867 -9.890551 0.367773 -7.172638 33.693874 0.000000 0.000000 
7.429415 -9.814576 0.362150 -6.535553 33.534657 0.000000 0.000000 
7.326816 -10.115967 0.495612 -12.504387 25.727715 0.000000 0.000000 
7.357121 -10.216894 0.279640 -12.347778 26.742697 0.000000 0.000000 
7.827428 -9.868236 0.427878 -2.549942 34.110947 0.000000 0.000000 
7.191718 -10.365685 -0.054701 -8.927879 30.220097 0.000000 0.000000 
7.603187 -10.271324 0.139904 -14.887146 24.749479 0.000000 0.000000 
7.199162 -10.722769 0.058676 -12.072746 27.300354 0.000000 0.000000 
7.550270 -10.664685 -0.827660 -10.765198 28.943699 0.000000 0.000000 
7.573542 -11.180401 -0.486058 -13.584778 26.880663 0.000000 0.000000 
7.478643 -11.288333 -0.620520 -20.041542 23.166677 0.000000 0.000000 
7.544086 -11.599836 -0.043670 -13.845909 24.011555 0.000000 0.000000 
7.743168 -11.879510 -0.025797 -11.861290 27.541616 0.000000 0.000000 
7.620586 -12.033752 -1.222573 -7.700493 27.668884 0.000000 0.000000 
7.762610 -12.382196 0.709216 -14.001785 23.232546 0.000000 0.000000 
7.858167 -12.401347 -1.042739 -9.183983 28.866026 0.000000 0.000000 
7.913130 -12.763389 -0.287722 -10.018044 24.838432 0.000000 0.000000 
7.442685 -14.278402 -0.443535 -15.636002 22.865612 0.000000 0.000000 
7.224851 -17.683762 -0.291901 10.150314 41.960827 0.000000 0.000000 
7.128807 -17.791370 -0.326153 12.438385 42.269531 0.000000 0.000000 
8.653663 -18.083755 -0.645902 -14.008240 21.820545 0.000000 0.000000 
8.641064 -19.140812 -0.608579 -5.676987 27.697731 0.000000 0.000000 
7.647552 -23.969921 -0.122134 11.151604 39.666435 0.000000 0.000000 
7.669492 -24.031784 -0.049312 12.221352 37.578129 0.000000 0.000000 
8.064019 -23.925797 -0.890789 -6.743675 21.540651 0.000000 0.000000 
7.686023 -27.170696 -0.904765 -6.739906 22.033873 0.000000 0.000000 
7.882718 -28.553928 -0.038546 -5.478302 22.126518 0.000000 0.000000 
7.823116 -28.710007 -0.513710 -4.631454 20.293945 0.000000 0.000000 
8.129094 -30.252281 0.032938 -2.150299 21.079258 0.000000 0.000000 
9.397753 -30.291531 -2.095607 -6.435936 19.784678 0.000000 0.000000 
8.485520 -32.316830 -0.992122 1.949715 25.250725 0.000000 0.000000 
8.681783 -32.452015 -1.879227 -3.329750 20.541086 0.000000 0.000000 
8.398465 -33.494545 0.353571 -4.119774 20.869715 0.000000 0.000000 
7.153599 -34.239143 -0.521857 -0.368065 27.736750 0.000000 0.000000 
7.668197 -34.248386 0.272567 -2.399742 24.539892 0.000000 0.000000 
7.634670 -34.896408 -1.262126 -2.097282 22.043161 0.000000 0.000000 
7.562854 -34.986000 -0.470942 -2.788971 22.063448 0.000000 0.000000 
7.856820 -35.043457 -0.639385 -6.375778 21.375792 0.000000 0.000000 
7.538380 -35.490337 -0.996633 -4.692726 20.658791 0.000000 0.000000 
7.675388 -35.568550 -0.323970 -4.700325 21.583241 0.000000 0.000000 
4.048389 -39.637650 2.907376 -8.038727 19.374392 0.000000 0.000000 
6.665978 -47.803162 -0.472456 6.563438 28.035225 0.000000 0.000000 
8.729482 -51.914536 0.714280 -0.166496 19.164158 0.000000 0.000000 
7.450179 9.070826 0.027916 0.329506 22.606075 0.000000 0.000000 
7.655477 8.976955 0.015736 -0.452278 19.242546 0.000000 0.000000 
6.907254 11.427450 0.052000 -14.743004 12.830620 0.000000 0.000000 
8.737113 9.330014 0.300936 -14.348709 13.071384 0.000000 0.000000 
7.310502 12.843130 -0.107167 -12.065773 16.880367 0.000000 0.000000 
7.358654 13.569355 0.166820 -9.555290 16.623402 0.000000 0.000000 
9.238419 12.743903 0.198722 -17.169342 11.047504 0.000000 0.000000 
8.805583 -17.852604 -0.080520 -5.542213 24.562166 0.000000 0.000000 
8.824728 -21.352970 0.143112 -2.394157 22.647621 0.000000 0.000000 
9.040887 -23.947929 1.141807 -10.168312 19.966743 0.000000 0.000000 
8.562729 -27.665691 0.977679 -6.905014 21.044111 0.000000 0.000000 
8.997306 -31.486382 1.822879 -1.043800 23.589972 0.000000 0.000000 
9.065976 -31.768932 1.825215 -5.795128 23.602140 0.000000 0.000000 
8.425138 -32.387985 1.207839 0.303589 26.207161 0.000000 0.000000 
8.784835 -33.343407 1.887543 -6.827637 19.130920 0.000000 0.000000 
7.703668 -34.059467 1.273218 -5.462387 21.995380 0.000000 0.000000 
8.263083 -23.068481 0.450006 -9.621162 19.866611 0.000000 0.000000 
8.336840 -27.328964 1.311091 -9.075104 18.542480 0.000000 0.000000 
7.284325 -35.766426 -1.404309 -9.605783 17.973324 0.000000 0.000000 
8.186471 -39.534332 2.609604 -6.237289 18.640663 0.000000 0.000000 
9.055920 -45.322083 5.338420 -3.125458 20.006500 0.000000 0.000000 
-37.093056 -3.881886 -0.077762 -3.950699 19.886936 0.000000 0.000000 
-5.414110 96.366814 -1.245927 -2.199425 16.993004 0.000000 0.000000 
-6.045562 96.493393 -1.625574 -18.730118 5.596322 0.000000 0.000000 
-5.302598 96.893959 -1.247978 1.911362 19.030096 0.000000 0.000000 
-5.458003 96.947411 -1.336449 10.155525 26.987608 0.000000 0.000000 
-5.724757 96.943382 -1.340013 -13.228813 9.577667 0.000000 0.000000 
-5.355182 96.991356 -1.435828 -6.678268 11.837002 0.000000 0.000000 
-5.813545 96.991745 -2.045797 -14.567734 7.793206 0.000000 0.000000 
-5.350523 97.061066 -1.356858 7.263947 25.662292 0.000000 0.000000 
-5.524590 97.057800 -1.458249 9.092850 26.657555 0.000000 0.000000 
-5.691449 97.814438 -1.174047 -15.663506 6.900654 0.000000 0.000000 
-6.022556 98.519562 -1.780838 -8.219002 11.433273 0.000000 0.000000 
-4.579861 101.768204 -1.210851 -18.804993 3.305501 0.000000 0.000000 
-5.579882 101.949776 0.478808 -12.983635 10.875950 0.000000 0.000000 
-7.335896 -6.407253 -2.542887 -20.263344 25.836205 0.000000 0.000000 
-6.603470 -8.239784 -3.234900 -21.192039 28.530691 0.000000 0.000000 
-11.225914 -0.530400 -1.815530 -22.894958 22.162941 0.000000 0.000000 
-11.305842 -0.350881 -1.661185 -20.528313 22.382679 0.000000 0.000000 
-11.424849 0.067484 -1.564002 -19.806244 24.097988 0.000000 0.000000 
-11.420966 0.146538 -1.670107 -24.442909 22.500923 0.000000 0.000000 
6.284088 -16.566132 -6.707694 -13.540321 22.518635 0.000000 0.000000 
-18.065754 2.222640 -0.577549 -3.665771 31.198971 0.000000 0.000000 
-18.352518 1.358027 -0.489640 -8.128342 25.393036 0.000000 0.000000 
-18.465504 2.019040 -0.000793 -1.505745 33.210804 0.000000 0.000000 
-18.205217 3.380760 1.145409 -3.241562 30.590830 0.000000 0.000000 
-18.101086 3.799626 -0.153550 2.451775 35.186859 0.000000 0.000000 
-18.144527 4.320239 -0.041942 1.784050 34.385151 0.000000 0.000000 
-17.900372 5.590561 -0.343934 -11.735620 22.584629 0.000000 0.000000 
-18.420094 4.102384 -0.293697 5.261894 35.671822 0.000000 0.000000 
-18.323143 4.682734 -0.566770 3.389549 34.408714 0.000000 0.000000 
-19.511822 1.369422 0.014266 -8.073709 23.013535 0.000000 0.000000 
-18.058498 6.739932 -0.020619 -11.248077 24.478857 0.000000 0.000000 
-19.495129 1.700247 -0.134974 -15.061012 20.767094 0.000000 0.000000 
-18.711880 6.260617 -0.481481 -5.809715 28.296013 0.000000 0.000000 
-19.630449 3.728972 0.111021 -8.056024 22.800747 0.000000 0.000000 
-19.641352 4.158250 -0.296768 -13.102478 19.235903 0.000000 0.000000 
-20.330381 0.223401 -0.193501 -9.357162 24.510500 0.000000 0.000000 
-20.268629 -2.847674 7.873434 -12.427696 23.589169 0.000000 1.000000 
-20.342302 0.031328 0.010286 1.833786 34.888115 0.000000 0.000000 
-20.362968 -0.692533 -0.821045 -4.187416 28.612724 0.000000 0.000000 
-20.277212 1.446923 2.057247 -8.994003 23.085358 0.000000 0.000000 
-19.973595 3.930599 0.323939 -9.108559 22.562983 0.000000 0.000000 
-20.740719 -6.556226 1.511959 -7.365105 24.394281 0.000000 0.000000 
-20.747028 -6.703459 1.363990 -5.696083 22.019135 0.000000 0.000000 
-21.028301 -6.428805 2.449767 -5.842682 23.438145 0.000000 0.000000 
-21.840183 -2.059712 1.518882 -11.370506 20.921909 0.000000 0.000000 
-21.820475 -2.396444 1.621838 -10.536606 20.987890 0.000000 0.000000 
-20.634081 -8.409912 2.085069 -6.011864 23.427448 0.000000 0.000000 
-21.213160 -6.670364 3.220040 -5.776649 24.772110 0.000000 0.000000 
-20.415363 -8.995434 2.259553 2.889496 31.387672 0.000000 0.000000 
-21.098621 -7.131770 2.534394 -6.380075 22.399792 0.000000 0.000000 
-21.366117 -6.198971 2.472023 -3.570702 27.569405 0.000000 0.000000 
-22.324341 -2.771262 1.620659 -8.976662 22.442533 0.000000 0.000000 
-21.660591 -6.551457 2.079144 -8.322990 21.723354 0.000000 0.000000 
-21.718628 -6.516613 2.306311 1.928764 33.722351 0.000000 0.000000 
-21.784241 -7.147273 -0.065290 -5.636856 22.775297 0.000000 0.000000 
9.066982 -20.963371 1.155216 -8.037720 19.380323 0.000000 0.000000 
-23.280405 -3.234111 0.304092 -10.856560 20.162689 0.000000 0.000000 
-20.288824 -12.459099 1.094120 -4.715118 22.726315 0.000000 0.000000 
-20.812553 -11.877078 1.756581 -10.094193 19.948395 0.000000 0.000000 
-23.600519 0.175949 1.492475 -9.532968 21.364309 0.000000 0.000000 
-20.382887 -12.677259 0.971507 -4.728600 20.563461 0.000000 0.000000 
-23.517742 -3.416432 1.568499 -10.483795 19.949492 0.000000 0.000000 
-20.231340 -13.352554 1.657271 0.993797 29.559189 0.000000 0.000000 
9.190418 -21.871876 1.544080 -6.161621 21.069202 0.000000 0.000000 
-20.241867 -13.642523 1.414616 -6.309036 23.523310 0.000000 0.000000 
-23.379803 -6.440037 1.526789 -2.943832 23.446873 0.000000 0.000000 
-22.157087 -10.261562 2.168018 -4.858406 21.101948 0.000000 0.000000 
-20.976122 -13.014874 1.992825 -7.333519 19.629541 0.000000 0.000000 
-24.130739 -4.708759 1.119858 -2.544579 23.832397 0.000000 0.000000 
-23.483322 -8.042769 1.668182 -10.648819 19.334671 0.000000 0.000000 
8.884315 -22.813068 1.633599 -6.731194 21.729097 0.000000 0.000000 
-20.825302 -14.411550 1.807196 -6.061073 21.572077 0.000000 0.000000 
-20.862490 -14.543848 1.725238 -6.068222 21.451342 0.000000 0.000000 
7.945137 -23.741951 0.524205 11.509131 38.024250 0.000000 0.000000 
8.097940 -23.879662 0.531986 14.629234 39.648026 0.000000 0.000000 
-21.824945 -14.349792 2.775974 -4.791290 23.858854 0.000000 0.000000 
-26.268902 2.930104 3.750329 -7.954208 20.598278 0.000000 0.000000 
-26.556494 1.693725 2.214320 -7.297029 21.145456 0.000000 0.000000 
-23.401604 -13.991494 1.670204 -4.178978 21.150763 0.000000 0.000000 
-26.927362 -1.037292 3.568393 -4.468872 22.754820 0.000000 0.000000 
9.057923 -25.465481 -3.618111 -7.214767 18.380749 0.000000 0.000000 
-21.389162 -17.595963 -0.695917 -3.021568 22.596035 0.000000 0.000000 
-7.249685 -26.781113 -2.156182 -9.154572 19.581398 0.000000 0.000000 
-26.272627 7.409309 3.917555 -6.844063 20.544575 0.000000 0.000000 
-27.582676 0.688386 3.074479 -9.784225 19.826000 0.000000 0.000000 
-27.732407 -0.316424 2.493031 -6.625954 21.843464 0.000000 0.000000 
-28.787127 -0.194532 3.536817 -10.147781 18.890965 0.000000 0.000000 
9.136428 -30.868423 -0.414237 -1.220436 24.261211 0.000000 0.000000 
9.198499 -31.622532 0.211663 -3.194801 20.100843 0.000000 0.000000 
16.055304 -29.347466 2.871016 -3.844543 18.758373 0.000000 0.000000 
15.951221 -29.641579 3.748435 -2.771347 20.293175 0.000000 0.000000 
15.576911 -29.908512 -4.651958 -1.801300 20.289913 0.000000 0.000000 
-37.061668 1.971736 1.000210 7.638992 29.120949 0.000000 0.000000 
-37.111168 1.323932 0.258297 12.641182 35.552547 0.000000 0.000000 
-37.216442 -1.829848 0.261414 8.865982 32.705490 0.000000 0.000000 
-37.190376 0.946708 0.669351 -2.719994 22.248354 0.000000 0.000000 
-37.033195 3.781511 -0.964130 2.564796 23.511894 0.000000 1.000000 
-37.136265 3.934229 0.002618 15.346497 37.323013 0.000000 0.000000 
-37.136063 -5.789295 -1.042499 1.102165 23.840616 0.000000 0.000000 
-37.171169 -7.085377 0.574356 -7.087868 17.626522 0.000000 0.000000 
-37.263500 -7.906367 -0.022743 -3.882332 20.918846 0.000000 0.000000 
-37.140343 -10.536212 1.247898 -7.603210 16.468544 0.000000 0.000000 
-38.792816 3.926999 3.200490 -1.434799 22.373848 0.000000 0.000000 
16.033226 -35.600605 0.518406 -0.204758 19.561543 0.000000 0.000000 
-39.531090 1.813098 0.079505 0.474785 22.908875 0.000000 0.000000 
-34.924458 18.488514 3.570817 2.765388 22.863094 0.000000 0.000000 
8.463539 -39.993725 0.626572 -0.361137 19.959732 0.000000 0.000000 
-6.023716 -43.657875 4.907339 -2.856255 19.918058 0.000000 1.000000 
8.428750 -46.124420 1.031705 1.636520 22.247440 0.000000 0.000000 
9.213367 -46.139042 0.940713 0.184052 19.616894 0.000000 0.000000 
23.739693 -43.331509 1.027574 2.278511 18.658504 0.000000 0.000000 
5.575265 -51.341904 5.903503 -3.046883 17.203434 0.000000 0.000000 
23.208616 -46.544525 2.571754 6.091408 23.293285 0.000000 0.000000 
24.174227 -46.030724 1.548928 7.576721 23.265047 0.000000 0.000000 
7.683737 -51.755642 15.379856 -2.401764 17.745338 0.000000 0.000000 
23.367935 -46.612202 3.032258 10.379669 26.913149 0.000000 0.000000 
-6.437365 -52.831913 2.690361 -1.799232 18.156528 0.000000 0.000000 
-24.608604 -48.125954 3.208162 -2.795349 17.270844 0.000000 0.000000 
-54.674519 2.212803 0.113508 5.408585 24.117558 0.000000 0.000000 
-54.409180 5.592954 1.723883 2.953674 19.680298 0.000000 0.000000 
-54.381729 6.047047 0.169082 0.485657 17.768890 0.000000 0.000000 
-21.943806 -52.388309 -3.134732 0.107643 15.670551 0.000000 1.000000 
7.385725 -58.193756 -5.249225 -0.380089 16.767719 0.000000 0.000000 
8.622272 -58.253082 3.052184 1.485077 19.179213 0.000000 0.000000 
9.362741 -58.419956 2.887327 -0.244919 17.498348 0.000000 0.000000 
-35.647449 -47.993649 3.218069 4.944489 19.601616 0.000000 0.000000 
-62.876476 5.823585 2.813615 4.685577 19.510448 0.000000 0.000000 
-63.008842 4.709311 3.929851 -1.097794 17.193981 0.000000 0.000000 
-63.193550 3.653326 4.374332 7.099274 24.712872 0.000000 0.000000 
-63.144459 4.663095 4.394111 3.640511 19.335318 0.000000 0.000000 
-63.035381 6.135428 7.657933 1.969933 16.396244 0.000000 0.000000 
8.978237 -63.646763 3.316930 2.718407 18.837635 0.000000 0.000000 
8.150553 -64.471748 -0.864453 1.999451 17.927635 0.000000 0.000000 
7.259850 -64.826942 2.209383 3.039177 18.420151 0.000000 0.000000 
6.629346 -67.727356 -0.668831 3.022377 16.830231 0.000000 0.000000 
-6.061863 -68.533737 -0.229960 2.219460 16.972321 0.000000 0.000000 
-39.026981 -60.355186 2.864745 1.010803 14.809776 0.000000 0.000000 
-39.065002 -60.523396 3.249985 4.681808 17.687160 0.000000 0.000000 
-6.341660 -74.707253 0.715207 0.893913 15.611805 0.000000 0.000000 
-7.257513 -74.864365 -3.589563 8.477365 22.957516 0.000000 0.000000 
-5.879351 -75.212883 3.011448 1.072495 15.699074 0.000000 0.000000 
-7.001898 -75.216110 -2.398318 8.570961 23.223656 0.000000 0.000000 
-28.297182 -73.843445 1.382484 8.643373 19.073578 0.000000 0.000000 
-6.996846 -81.020294 2.550951 2.710953 14.874153 0.000000 0.000000 
23.003853 -88.399544 1.507421 19.086823 29.161453 0.000000 0.000000 
23.297102 -88.631447 1.713090 16.617790 25.621124 0.000000 0.000000 
23.464453 -89.009979 1.871829 5.160820 15.519798 0.000000 0.000000 
23.772659 -88.934624 1.643828 4.808250 14.543667 0.000000 0.000000 
24.225744 -89.200951 4.419366 6.923782 15.988049 0.000000 0.000000 
9.725242 -92.150795 0.823364 5.750191 17.343887 0.000000 0.000000 
6.119362 -92.738731 -2.900426 4.448502 15.602943 0.000000 0.000000 
7.902773 -92.728828 1.355386 10.191177 19.819458 0.000000 0.000000 
22.085505 -91.047005 1.194102 4.674271 14.453995 0.000000 0.000000 
11.614596 -94.259850 3.530180 4.281517 15.710163 0.000000 0.000000 
9.070411 -94.983772 3.186787 6.244324 15.201111 0.000000 0.000000 
7.837433 -95.242683 -1.641368 7.918175 17.493435 0.000000 0.000000 
9.969812 -95.878922 0.684927 9.453156 17.834530 0.000000 0.000000 
6.491087 -98.555351 0.709651 15.364006 23.569925 0.000000 0.000000 
6.877894 -98.676781 3.606990 17.581375 25.366348 0.000000 0.000000 
28.954632 -95.123482 3.732620 9.854950 18.447979 0.000000 0.000000 
55.146194 -86.165878 4.033816 16.918556 15.614502 0.000000 0.000000 
51.230961 -89.394798 3.290710 14.973663 17.508595 0.000000 0.000000 
24.671911 -106.119606 4.869454 9.367279 17.638771 0.000000 0.000000 
57.613815 -95.129761 4.840732 24.554260 26.442253 0.000000 0.000000 
58.816807 -94.704399 5.165197 27.066589 26.761208 0.000000 0.000000 
8.931184 -111.757301 1.223607 6.509254 12.893524 0.000000 0.000000 
23.145096 -112.703133 2.717257 13.284737 19.382084 0.000000 0.000000 
-5.589244 -117.202209 -2.599202 6.116302 12.374340 0.000000 0.000000 
58.606247 -104.070282 10.241682 9.544617 10.994553 0.000000 0.000000 
24.459270 -118.053780 3.172610 7.547836 11.177006 0.000000 0.000000 
23.290365 -118.583015 3.978339 17.389580 22.028591 0.000000 0.000000 
60.177048 -105.473007 7.354685 24.651138 25.010740 0.000000 0.000000 
56.218189 -109.067513 8.071155 14.187454 16.589260 0.000000 0.000000 
-7.257073 -124.111198 2.532119 9.328293 16.143963 0.000000 0.000000 
56.640495 -114.769943 6.507452 29.411758 30.888393 0.000000 0.000000 
56.312565 -142.086670 8.625473 23.566933 23.429684 0.000000 0.000000 
57.273026 -141.847260 6.479946 23.583321 22.984051 0.000000 0.000000 
55.574539 -144.028046 8.835865 17.605789 16.675713 0.000000 0.000000 
6.428190 -0.943378 -0.727039 -10.953094 38.467972 0.000000 0.000000 
6.426146 -1.071313 -0.593606 -16.392769 31.262596 0.000000 0.000000 
6.535265 -0.998588 -0.728069 -0.425255 48.275459 0.000000 0.000000 
6.545351 -0.750399 -0.608645 -21.653339 27.357330 0.000000 0.000000 
6.558053 -0.478125 -0.526072 -28.935978 20.415752 0.000000 0.000000 
6.674176 0.206728 -0.438581 -21.402004 24.327860 0.000000 0.000000 
6.600160 0.554594 -0.479720 -21.248882 25.262711 0.000000 0.000000 
6.620200 0.818217 -0.601362 -18.893097 23.730656 0.000000 0.000000 
6.536975 -3.030109 -0.651383 -21.786163 25.563320 0.000000 0.000000 
6.636025 1.221008 -0.494664 -20.850307 24.486162 0.000000 0.000000 
6.671661 1.145114 -0.409364 -21.153698 24.028902 0.000000 0.000000 
6.454791 -4.065839 -0.636656 -22.936810 23.215830 0.000000 0.000000 
6.673067 2.285296 -0.424245 -20.191666 21.936161 0.000000 0.000000 
6.652885 2.770895 -0.389993 -19.455032 22.513151 0.000000 0.000000 
9.909547 1.741264 0.483102 -13.044479 21.657145 0.000000 0.000000 
9.520677 -5.187260 -0.252707 -14.746674 19.521629 0.000000 0.000000 
9.863249 -5.040005 -0.176918 -13.305756 23.752310 0.000000 0.000000 
9.787079 -5.486157 -0.339790 -14.934860 20.938196 0.000000 0.000000 
9.545750 -6.143085 0.501982 -8.848419 30.558411 0.000000 0.000000 
9.694877 -6.335306 0.611972 -18.486649 25.053274 0.000000 0.000000 
9.482754 -6.748585 0.789796 -20.470215 21.301300 0.000000 0.000000 
9.635941 -6.529367 0.931819 -16.830231 23.188313 0.000000 0.000000 
9.731307 -6.412921 0.425850 -18.514427 20.939732 0.000000 0.000000 
9.407958 -7.048803 -0.031797 -14.283981 23.356815 0.000000 0.000000 
9.651990 -6.702354 0.098508 -16.844498 21.213425 0.000000 0.000000 
9.328144 -7.337093 -0.129669 -18.957657 22.511868 0.000000 0.000000 
9.673587 -7.648643 0.507403 -14.887054 23.902027 0.000000 0.000000 
9.939580 -7.632284 0.559627 -15.626480 24.099018 0.000000 0.000000 
12.550808 -0.750970 -1.276508 -13.304527 26.616690 0.000000 0.000000 
9.508637 -8.927530 0.578162 -15.419807 23.846668 0.000000 0.000000 
14.307174 4.806552 -0.847506 -16.245041 21.820028 1.000000 1.000000 
14.399381 5.020340 -0.904284 -17.678322 22.440922 1.000000 1.000000 
16.266197 -2.975799 0.675525 -11.960228 25.034082 0.000000 0.000000 
16.273281 -3.290280 0.285297 -14.863174 19.927614 0.000000 0.000000 
16.373358 -2.992233 1.391192 -11.362083 26.023272 0.000000 0.000000 
16.467649 -3.405403 1.099239 -9.070230 26.945103 0.000000 0.000000 
16.637606 -3.058689 2.396735 -12.133522 23.926229 0.000000 0.000000 
16.581274 3.742803 1.686537 -4.549652 26.348011 0.000000 0.000000 
16.529596 -9.964101 1.499793 -10.763603 22.202133 0.000000 0.000000 
-6.173386 -19.084270 -5.685989 -10.819191 23.810892 0.000000 0.000000 
0.004307 -21.388744 -1.627478 7.448929 36.137985 1.000000 0.000000 
-0.016552 -21.390236 -1.697993 0.222168 28.739239 1.000000 0.000000 
0.015769 -21.504292 -2.292521 4.534218 36.683472 1.000000 0.000000 
0.273366 -21.741749 -2.106513 -2.869591 28.380613 1.000000 0.000000 
21.945356 0.254151 1.336883 6.927010 37.349495 0.000000 0.000000 
21.977570 0.021482 1.253003 2.170082 31.874178 0.000000 0.000000 
22.234213 0.075918 3.354927 -8.479500 23.375450 0.000000 0.000000 
21.629316 7.272747 1.821181 0.815094 29.742943 0.000000 0.000000 
22.235498 5.744880 4.318210 -0.041405 22.434067 0.000000 1.000000 
23.450642 -1.369023 0.940693 20.023079 46.329872 0.000000 0.000000 
23.504145 -2.526883 0.645402 11.701569 38.963448 0.000000 0.000000 
23.584415 -0.293294 0.752822 15.361885 41.497993 0.000000 0.000000 
23.587582 -2.091769 0.954892 18.424377 43.128326 0.000000 0.000000 
23.623751 -1.011515 1.283002 20.195213 44.854530 0.000000 0.000000 
23.553850 -2.814188 0.829520 9.165741 34.524227 0.000000 0.000000 
23.460575 -3.747151 0.555037 6.538109 30.280300 0.000000 0.000000 
23.568125 0.912472 1.335064 6.524544 32.271168 0.000000 0.000000 
23.489431 -3.517182 0.474191 5.768394 32.949318 0.000000 0.000000 
23.385746 -4.319666 0.404660 2.320099 29.002064 0.000000 0.000000 
23.473949 -5.181631 0.606751 4.145538 33.582066 0.000000 0.000000 
8.473119 -22.741425 1.511663 -3.614929 24.593170 0.000000 0.000000 
23.497911 -5.917036 0.859183 2.000008 28.359831 0.000000 0.000000 
23.450884 -7.256619 1.107089 0.359840 28.203039 0.000000 0.000000 
23.401693 -7.502036 1.068087 11.813643 39.194782 0.000000 0.000000 
22.312651 8.709758 1.011339 -6.218286 20.138006 0.000000 0.000000 
24.212227 1.657383 1.534922 7.893074 34.895599 0.000000 0.000000 
24.367907 0.849175 0.994037 -4.165955 20.762321 0.000000 0.000000 
23.452488 -7.723632 1.040334 15.087654 39.089722 0.000000 0.000000 
23.323622 -8.191198 1.092004 -1.522903 24.828205 0.000000 0.000000 
24.393339 1.405024 1.495740 12.816588 37.979706 0.000000 0.000000 
24.433268 1.673691 1.333036 8.553429 34.366005 0.000000 0.000000 
23.441101 -8.165884 1.224445 7.141747 33.285892 0.000000 0.000000 
9.201054 -23.221844 1.956677 -3.962013 23.353693 0.000000 0.000000 
23.459242 -8.842083 0.827996 0.260117 27.271431 0.000000 0.000000 
23.627401 -8.471725 1.519299 -0.237099 24.428326 0.000000 0.000000 
23.469318 -8.990821 1.065090 2.122704 25.855362 0.000000 0.000000 
24.765303 1.374338 0.839622 0.748245 27.772667 0.000000 0.000000 
23.532784 -9.901099 1.148115 -1.860519 22.563009 0.000000 0.000000 
23.375107 -10.414157 1.302350 4.723679 31.347378 0.000000 0.000000 
23.335855 -10.648246 1.068758 2.289032 26.866476 0.000000 0.000000 
13.821895 -21.950001 2.557643 -9.152382 19.922508 0.000000 0.000000 
8.505796 -24.454376 2.541335 -5.179611 23.682442 0.000000 0.000000 
23.367720 -11.030230 0.240048 -2.612595 24.090994 0.000000 0.000000 
25.285759 3.024740 2.152565 -7.280289 19.099474 0.000000 0.000000 
23.426020 -11.279127 1.010063 6.945000 32.173077 0.000000 0.000000 
23.410530 -11.478189 0.956648 4.850662 31.199619 0.000000 0.000000 
-6.993968 -24.766460 -2.215388 -3.418526 22.245033 0.000000 0.000000 
23.439064 -11.897057 0.744188 -0.783195 27.232817 0.000000 0.000000 
23.417574 -12.243156 0.798758 0.111473 24.694712 0.000000 0.000000 
23.441166 -12.217383 0.881831 -7.428490 20.367775 0.000000 0.000000 
23.506815 -12.322804 0.876747 -1.241653 26.190716 0.000000 0.000000 
9.154259 -24.980003 2.511539 -10.011841 23.586391 0.000000 0.000000 
25.911991 3.359757 2.073406 -2.907326 24.112347 0.000000 0.000000 
23.467157 -12.921284 0.840009 -1.676430 25.827431 0.000000 0.000000 
-6.607555 -25.616291 -3.164500 -3.094872 22.684429 0.000000 0.000000 
23.442131 -13.073050 1.081179 0.312416 26.355619 0.000000 0.000000 
-7.127184 -25.490536 -2.067201 0.565376 24.768770 0.000000 0.000000 
26.510708 4.018435 1.980125 -0.753189 24.161512 0.000000 0.000000 
27.379873 5.302514 1.683054 0.362579 26.267893 0.000000 0.000000 
16.463686 -23.361469 3.865366 -2.611481 21.583612 0.000000 0.000000 
27.546110 4.907014 1.402873 -2.805199 20.900379 0.000000 0.000000 
23.559263 -16.360142 2.268606 -3.027618 23.848320 0.000000 0.000000 
21.639725 -19.283951 1.404995 -1.149796 24.450737 0.000000 0.000000 
-7.707172 -27.895596 -1.333789 -1.254318 23.166311 0.000000 0.000000 
29.896307 7.001861 1.867133 -0.412567 22.174074 0.000000 0.000000 
-7.091752 -31.312214 -3.262384 0.671486 25.711941 0.000000 0.000000 
-7.006263 -31.571495 -2.603977 -3.615616 20.687252 0.000000 0.000000 
15.305408 -28.939007 3.839034 -6.201492 18.858444 0.000000 0.000000 
15.444599 -29.096661 2.436019 -8.819565 17.395969 0.000000 0.000000 
8.798345 -31.800316 9.903269 -3.355530 22.217283 0.000000 0.000000 
7.776449 -32.112301 6.189912 0.039825 24.300903 0.000000 0.000000 
21.405033 -25.411137 1.521570 -2.737236 21.281406 0.000000 0.000000 
21.285551 -25.865826 1.969197 -1.913437 20.021124 0.000000 0.000000 
31.604660 8.751422 1.443775 1.843567 23.639277 0.000000 0.000000 
15.482874 -30.090271 3.390773 -3.665726 21.319038 0.000000 0.000000 
31.898945 9.152073 1.666220 -0.476868 22.148289 0.000000 0.000000 
31.974373 9.414209 1.417632 -5.783562 16.935169 0.000000 0.000000 
32.323586 10.125323 2.463489 -3.569466 19.248260 0.000000 0.000000 
32.619766 10.656468 1.715946 -4.904968 18.310856 0.000000 0.000000 
7.580927 -34.374992 2.392975 -1.885719 22.798439 0.000000 0.000000 
-6.258829 -37.498791 2.900642 -5.467134 19.903772 0.000000 0.000000 
35.669594 13.568556 1.998299 -3.110313 18.816677 0.000000 0.000000 
35.592590 13.993063 2.218682 -4.798325 19.280445 0.000000 0.000000 
21.743885 -32.743557 2.392628 -4.063454 18.135799 0.000000 0.000000 
35.740444 14.244751 3.122806 -4.546806 18.460632 0.000000 0.000000 
21.775457 -33.110355 2.955319 -2.493546 19.201094 0.000000 0.000000 
7.983592 -39.791328 4.755898 -0.237007 21.854908 0.000000 0.000000 
39.234062 -17.978680 1.973208 5.645363 25.717468 0.000000 0.000000 
39.872986 15.920888 4.786782 3.146118 22.973282 0.000000 0.000000 
39.961479 16.246868 4.308067 5.913200 27.580957 0.000000 0.000000 
40.493183 15.060779 5.827477 -2.816109 18.242500 0.000000 0.000000 
-7.640482 -43.733540 -1.831417 -0.059731 19.330448 0.000000 0.000000 
41.407356 16.526695 3.003805 4.641907 24.112778 0.000000 0.000000 
41.481441 16.897243 2.931394 3.015312 23.804731 0.000000 0.000000 
9.053711 -45.803360 3.030850 -7.504547 19.238058 0.000000 0.000000 
6.650541 -48.047794 -1.104143 9.143913 28.954227 0.000000 0.000000 
22.955364 -43.704868 0.347965 10.956062 31.536627 0.000000 0.000000 
22.775448 -43.931576 0.315240 9.234901 29.089413 0.000000 0.000000 
22.769140 -46.681221 1.213185 8.428360 27.552528 0.000000 0.000000 
22.611067 -47.131157 0.433713 9.106300 27.046581 0.000000 0.000000 
22.208147 -51.567711 -0.011900 -0.545914 16.349873 0.000000 0.000000 
22.187864 -51.767941 0.146998 -0.398651 16.321930 0.000000 0.000000 
-6.948940 -55.685879 3.788448 0.433372 16.806274 0.000000 0.000000 
56.434090 -0.893631 2.915216 11.233818 32.699211 0.000000 0.000000 
56.439327 -0.777983 2.315205 21.619949 38.577370 0.000000 0.000000 
56.438271 1.585584 1.921818 2.002831 19.535763 0.000000 0.000000 
56.399292 2.407376 3.769603 0.708313 18.106552 0.000000 0.000000 
56.335247 -5.253548 3.919044 2.257599 18.949608 0.000000 0.000000 
56.499496 -2.869210 4.542800 5.986832 24.636772 0.000000 0.000000 
56.528862 -3.644521 1.749795 7.399551 25.044920 0.000000 0.000000 
56.626423 -1.459764 6.807330 7.333786 26.112423 0.000000 0.000000 
56.421787 -6.390121 4.823602 3.575394 20.209541 0.000000 0.000000 
56.494602 -6.388548 5.317811 0.544487 20.103703 0.000000 0.000000 
56.621670 -6.071369 5.816770 4.126511 22.977383 0.000000 0.000000 
56.770859 -13.149910 3.748436 3.028511 18.307178 0.000000 0.000000 
-22.351101 -53.719833 4.914976 1.574295 15.618690 0.000000 0.000000 
56.904015 -15.494218 2.247491 4.741051 22.789989 0.000000 0.000000 
56.246384 -17.907455 5.100240 6.110764 23.202112 0.000000 0.000000 
-22.424746 -55.471973 4.917673 3.193848 17.355053 0.000000 1.000000 
22.929554 -55.991001 2.939180 5.220795 19.197683 0.000000 0.000000 
56.147083 -22.299320 3.663406 2.204330 19.746136 0.000000 0.000000 
56.751305 -26.994003 2.764353 20.627541 33.371399 0.000000 0.000000 
56.869419 -26.873642 3.375433 24.336998 35.402687 0.000000 0.000000 
56.623127 -27.721165 3.698514 15.099854 29.071934 0.000000 0.000000 
57.414703 -26.628620 4.014223 14.744507 27.304836 0.000000 0.000000 
-7.456448 -62.670559 5.082645 5.200226 18.744366 0.000000 0.000000 
56.645306 -29.349388 3.887068 2.217033 15.856586 0.000000 0.000000 
8.316886 -63.867683 -3.448218 3.713852 18.691269 0.000000 0.000000 
8.450691 -63.984444 -0.445994 7.189774 20.122461 0.000000 0.000000 
6.921873 -64.321007 -1.275456 4.034103 20.984272 0.000000 0.000000 
7.097027 -64.527191 -0.274068 7.768555 22.442680 0.000000 0.000000 
7.930403 -64.499176 1.423689 0.014572 16.616215 0.000000 0.000000 
21.992378 -61.970364 1.810247 -0.259491 14.919323 0.000000 1.000000 
57.076157 -34.017525 5.803980 18.452011 33.134495 0.000000 0.000000 
57.624493 -33.439480 6.297380 11.345572 28.606985 0.000000 0.000000 
56.450481 -37.176117 6.074264 9.317636 22.608532 0.000000 0.000000 
56.576500 -37.432709 6.453065 8.229080 20.948112 0.000000 0.000000 
-7.909823 -68.273544 -2.104950 1.379562 16.497631 0.000000 1.000000 
56.094921 -41.001762 6.222951 3.282173 16.978901 0.000000 0.000000 
56.409954 -42.927605 6.933691 4.351433 16.903343 0.000000 0.000000 
34.405296 -66.017471 0.667428 2.717644 18.235588 1.000000 0.000000 
56.429192 -51.706642 4.927380 9.248840 19.939062 0.000000 0.000000 
57.502254 -50.508545 6.624126 6.658134 17.135735 0.000000 0.000000 
55.413029 -52.812405 4.563189 3.647835 17.033237 0.000000 0.000000 
-28.576725 -73.208969 1.888130 6.417381 16.398598 0.000000 0.000000 
-30.105791 -73.052620 1.536903 9.033478 18.548847 0.000000 0.000000 
-28.179548 -74.116318 2.549463 7.509850 17.870838 0.000000 0.000000 
-29.121111 -73.754753 2.216135 7.356903 16.700264 0.000000 0.000000 
56.672371 -68.585800 5.456697 8.987022 18.114582 0.000000 0.000000 
55.678925 -72.356186 5.805830 14.804985 21.293781 0.000000 0.000000 
6.334468 -92.624550 4.669392 3.455658 15.228455 0.000000 0.000000 
5.915794 -92.728279 -0.718799 2.885529 14.267471 0.000000 0.000000 
7.037994 -92.906357 -3.400918 11.131615 19.984673 0.000000 0.000000 
8.053343 -94.567451 -1.613742 6.291359 15.391171 0.000000 0.000000 
6.629204 -94.869087 -2.210030 4.720413 15.741848 0.000000 0.000000 
7.673677 -95.042625 1.909414 9.815544 18.886002 0.000000 0.000000 
7.399334 -95.295097 -1.251070 7.179466 18.156464 0.000000 0.000000 
8.164550 -95.283424 -0.202531 11.620575 20.633192 0.000000 0.000000 
55.575077 -78.852936 5.219285 6.208534 13.425110 0.000000 0.000000 
8.991220 -95.921349 -0.185388 6.712486 14.717613 0.000000 0.000000 
55.637760 -79.011772 6.671388 12.527884 18.235806 0.000000 0.000000 
6.111593 -98.430954 -0.799800 20.909088 30.871983 0.000000 0.000000 
7.455552 -98.584274 2.410487 4.241402 18.821850 0.000000 0.000000 
5.772477 -98.724075 -1.245799 20.350189 28.500788 0.000000 0.000000 
20.945766 -96.925049 -1.078540 3.482178 14.248112 0.000000 0.000000 
55.476547 -85.140076 7.185624 10.989348 17.388168 0.000000 0.000000 
6.561912 -101.225166 -0.029011 4.546280 13.682598 0.000000 0.000000 
55.555435 -85.364738 5.979519 11.988838 17.722939 0.000000 0.000000 
55.580883 -86.210518 5.293527 16.194405 23.042910 0.000000 0.000000 
54.659187 -87.045502 3.318021 18.291405 23.726440 0.000000 0.000000 
55.832062 -86.548790 7.460513 8.711716 16.727180 0.000000 0.000000 
56.180874 -86.914154 1.830762 5.347542 13.910816 0.000000 0.000000 
55.670429 -90.287399 5.822851 9.400444 15.973175 0.000000 0.000000 
55.485706 -90.593193 5.473762 8.842766 14.758892 0.000000 0.000000 
5.889441 -106.418022 -0.585718 6.123817 13.906078 0.000000 0.000000 
55.278076 -92.990639 4.573630 6.662041 13.450691 0.000000 0.000000 
106.290825 -19.790047 6.430992 6.806328 14.467274 0.000000 0.000000 
55.437508 -93.261589 6.884703 9.944969 16.138458 0.000000 0.000000 
55.407890 -96.441315 2.239803 20.936630 28.990061 0.000000 0.000000 
56.318752 -96.107330 2.054286 30.656578 35.419594 0.000000 0.000000 
55.252708 -96.732346 3.431264 21.230225 27.305763 0.000000 0.000000 
7.945521 -111.224167 1.721426 4.803711 12.785629 0.000000 0.000000 
7.723314 -111.716553 0.125497 10.101265 19.591057 0.000000 0.000000 
7.085325 -112.114883 -1.429940 10.240074 18.410305 0.000000 0.000000 
55.091537 -98.678749 4.736553 11.778419 15.189056 0.000000 0.000000 
6.562345 -112.953293 -0.056662 10.171585 16.477230 0.000000 0.000000 
6.965712 -115.518471 -0.765402 8.545700 16.759609 0.000000 0.000000 
6.744467 -115.906036 -0.124794 9.578194 16.626534 0.000000 0.000000 
6.031783 -116.922569 -1.023399 7.679993 14.095383 0.000000 0.000000 
5.230185 -117.206657 -1.557368 8.947090 16.009705 0.000000 0.000000 
6.231218 -118.128044 0.941264 8.741043 16.261932 0.000000 0.000000 
5.677699 -118.435699 -3.348894 9.696625 15.445549 0.000000 0.000000 
55.362965 -105.803375 4.680256 9.895401 15.644207 0.000000 0.000000 
5.265366 -119.336311 -1.991774 5.929825 13.718815 0.000000 0.000000 
5.871474 -119.543205 1.854341 5.081856 12.105621 0.000000 0.000000 
6.485039 -120.874374 0.690103 14.798828 19.566074 0.000000 0.000000 
6.382546 -121.262215 0.000046 22.167206 27.530756 0.000000 0.000000 
55.119316 -108.404289 3.674389 26.245972 28.932753 0.000000 0.000000 
54.754086 -109.974754 6.995157 10.038078 14.211956 0.000000 0.000000 
6.019722 -122.525963 -0.697685 19.860573 25.295864 0.000000 0.000000 
55.519363 -110.973083 3.204500 10.786324 14.041946 0.000000 0.000000 
54.915329 -114.003662 5.564613 14.679672 17.274055 0.000000 0.000000 
6.504324 -127.074387 -2.942056 11.911652 17.858841 0.000000 0.000000 
52.114239 -117.084007 5.790174 14.358742 19.513556 0.000000 0.000000 
7.340964 -128.611832 2.869284 9.295845 14.047096 0.000000 0.000000 
5.553524 -129.919205 -3.354790 14.996597 21.240942 0.000000 0.000000 
55.089306 -118.453377 4.856055 16.418159 18.951611 0.000000 0.000000 
6.043501 -131.060532 1.736314 13.249001 18.410641 0.000000 0.000000 
55.290367 -121.425774 6.038022 12.189461 15.031078 0.000000 0.000000 
5.472631 -138.540146 -0.182427 21.972733 25.783714 0.000000 0.000000 
5.861631 -141.814926 -2.264109 12.582451 15.453907 0.000000 0.000000 
57.360950 -131.385208 6.085536 13.918236 18.106010 0.000000 0.000000 
55.241047 -132.722183 5.634821 18.359398 17.700371 0.000000 0.000000 
55.571133 -142.307037 1.130070 20.826157 18.807911 0.000000 0.000000 
4.662795 -155.850357 1.479638 15.530945 17.507328 0.000000 0.000000 
4.026220 -156.202820 -2.603064 16.357224 18.404652 0.000000 0.000000 
57.197010 -153.316422 3.717495 15.117767 14.333851 0.000000 0.000000 
57.728565 -153.190735 4.090938 13.337555 14.539791 0.000000 0.000000 
-22.631268 -197.931076 -8.836730 25.774948 20.526049 0.000000 0.000000 
189.877808 79.412407 18.729134 22.481079 16.370850 0.000000 0.000000 
1.778483 5.858973 -0.292193 -51.588177 14.512466 0.000000 0.000000 
2.042218 6.147728 0.075131 -33.859749 28.628271 0.000000 0.000000 
2.101219 6.327829 -0.059617 -40.756306 17.911507 0.000000 1.000000 
1.955664 6.866385 -0.065253 -40.091984 24.877232 0.000000 1.000000 
1.962564 7.789083 -0.341592 -38.010990 24.831514 0.000000 0.000000 
2.276126 7.926070 0.116763 -18.235428 38.922844 0.000000 0.000000 
2.226007 8.087202 0.004893 -13.809589 40.243649 0.000000 0.000000 
2.291841 8.677172 -0.075304 -22.477802 31.643074 0.000000 0.000000 
2.343836 8.903413 -0.043106 -23.641365 31.473686 0.000000 0.000000 
2.361056 9.011461 -0.059266 -22.232979 35.023941 0.000000 0.000000 
2.493030 9.495912 -0.025151 -21.958115 31.123037 0.000000 0.000000 
2.246220 9.698967 -0.043889 -40.492359 12.780567 0.000000 0.000000 
2.877903 9.459761 -0.055161 -41.519913 12.640133 1.000000 1.000000 
2.450923 10.142282 -0.039189 -16.808327 30.076487 0.000000 0.000000 
2.507936 10.331656 -0.729653 -13.824203 32.703396 0.000000 0.000000 
2.506983 10.377275 -0.018284 -11.404907 34.999672 0.000000 0.000000 
2.481102 10.798492 -0.107534 -17.513512 30.065401 0.000000 0.000000 
2.528526 11.188204 -0.113481 -13.762352 29.027340 0.000000 0.000000 
2.513178 11.200859 0.644139 -25.160965 26.925047 0.000000 0.000000 
1.774990 11.558353 0.027775 -38.795952 15.895653 1.000000 1.000000 
2.570780 11.684878 -0.036589 -15.437172 31.585886 0.000000 0.000000 
2.489895 12.015287 0.022536 -2.992203 37.689877 0.000000 0.000000 
2.461066 12.175758 0.096984 -7.249527 36.174030 0.000000 0.000000 
2.492668 12.460945 -0.001709 -13.538918 29.541132 0.000000 0.000000 
2.517716 12.626801 -0.101895 -8.617706 31.842127 0.000000 0.000000 
2.570183 12.789459 -0.018780 -8.095665 29.752171 0.000000 0.000000 
2.544167 13.038224 -0.030910 -4.259499 38.028721 0.000000 0.000000 
-6.586662 10.890032 -3.571239 -17.641731 16.183311 0.000000 0.000000 
2.476378 13.522083 -0.111022 -8.948143 34.680115 0.000000 0.000000 
2.553260 13.515485 -0.133864 -9.901895 30.411814 0.000000 0.000000 
2.459406 13.771498 -0.062848 -11.638680 26.324554 0.000000 0.000000 
2.427753 13.970303 0.602862 -14.662399 29.631870 0.000000 0.000000 
2.523547 14.366289 0.064712 -7.052681 32.266788 0.000000 0.000000 
2.481694 14.855599 0.021908 -2.028244 36.524109 0.000000 0.000000 
2.021172 15.040507 0.249200 -28.046478 14.927063 1.000000 1.000000 
2.544974 14.953259 -0.061273 -2.106911 34.099472 0.000000 0.000000 
2.498608 15.371803 -0.063730 -1.103325 35.622398 0.000000 0.000000 
2.475590 15.843995 -0.122793 -7.307701 28.367741 0.000000 0.000000 
2.548911 16.158466 -0.084918 -5.468109 33.138878 0.000000 0.000000 
2.998806 16.369038 -0.147887 -26.808182 10.264595 0.000000 0.000000 
2.532428 16.592264 0.228796 1.148598 40.350590 0.000000 0.000000 
2.371877 16.740658 0.262666 -4.014893 35.017639 0.000000 0.000000 
2.549196 16.751781 -0.050906 3.590843 37.971832 0.000000 0.000000 
2.576533 16.923996 -0.009783 -0.718529 38.364815 0.000000 0.000000 
2.557799 17.031408 -0.111080 1.641647 41.928612 0.000000 0.000000 
2.397375 17.174822 0.126979 -8.671968 27.981277 0.000000 0.000000 
2.501024 17.425484 -0.098004 0.145241 36.348995 0.000000 0.000000 
2.469793 17.434017 -0.304302 -7.311012 32.199825 0.000000 0.000000 
-6.472631 16.152977 0.291955 -11.631523 23.705208 0.000000 0.000000 
2.393364 17.618423 0.133872 -28.351082 11.379711 0.000000 0.000000 
2.061900 17.664291 -0.200146 -32.063622 11.572254 1.000000 1.000000 
2.906295 17.631447 0.132167 -32.986443 12.430836 0.000000 0.000000 
2.687708 17.789455 -0.076945 -30.705780 8.511955 1.000000 1.000000 
2.583238 17.847017 0.261920 -5.357712 30.342558 0.000000 0.000000 
2.488154 18.027428 -0.184250 -3.612228 32.580421 0.000000 0.000000 
2.516894 18.033295 -0.229025 -6.385132 33.883041 0.000000 0.000000 
-6.664859 16.614517 0.204992 -17.745148 17.096661 0.000000 0.000000 
2.450817 18.051472 -0.122006 -1.446274 36.222397 0.000000 0.000000 
-6.317593 16.892601 0.130696 -19.919632 16.015362 0.000000 0.000000 
2.658391 18.127319 -0.173761 -21.953400 17.194351 0.000000 0.000000 
-6.347158 17.105740 0.231926 -9.742227 24.560301 0.000000 0.000000 
12.119002 12.165205 -1.113035 -2.266655 15.209770 0.000000 1.000000 
2.414006 18.519127 -0.216422 -10.170982 28.724018 0.000000 0.000000 
2.470462 18.767593 0.153876 -16.635124 23.092577 0.000000 0.000000 
2.498251 18.766264 -0.079793 -9.628334 29.667175 0.000000 0.000000 
-6.835963 17.596655 0.188877 -11.475876 20.890614 0.000000 0.000000 
2.490348 19.116825 0.084888 -2.989235 30.059830 0.000000 0.000000 
-7.205033 17.547829 0.331812 -13.829620 20.151739 0.000000 0.000000 
-6.886665 17.716814 0.210559 -13.686035 23.393850 0.000000 0.000000 
2.515442 19.225771 -0.167459 -0.678291 32.147743 0.000000 0.000000 
2.492765 19.253487 -0.141332 -1.328331 31.999979 0.000000 0.000000 
2.274489 19.343895 -0.162632 -16.888130 19.935276 0.000000 0.000000 
2.737048 19.536182 -0.188945 -26.157280 6.815243 1.000000 1.000000 
2.530143 19.685432 -0.172478 -2.730270 29.728714 0.000000 0.000000 
2.531071 19.702560 0.075500 -7.066299 23.599930 0.000000 0.000000 
2.406008 19.734909 -0.105161 -22.497719 10.718422 1.000000 1.000000 
2.756848 19.752913 -0.238495 -29.566170 6.104031 1.000000 1.000000 
2.603592 19.775234 -0.167983 -19.915092 13.211788 0.000000 0.000000 
2.430737 19.797489 0.266132 -11.917076 22.060181 0.000000 0.000000 
2.500942 19.822037 0.519483 -1.536713 33.605209 0.000000 0.000000 
2.513973 19.942741 -1.310364 -3.174683 32.253323 0.000000 0.000000 
2.624579 19.990898 -0.222847 -7.100288 23.497171 0.000000 0.000000 
2.461902 20.121511 -0.325341 -0.521744 32.904148 0.000000 0.000000 
2.416367 20.131359 -0.072903 -26.858528 7.754406 1.000000 1.000000 
2.405997 20.294941 -0.214098 -33.031303 9.558460 1.000000 1.000000 
2.716589 20.413162 0.425162 -7.933136 25.790333 0.000000 0.000000 
2.485029 20.558298 -0.118635 -2.424232 34.516277 0.000000 0.000000 
2.488571 20.660177 -0.024971 -29.669640 11.853558 1.000000 1.000000 
2.506375 20.678226 -0.003234 1.423752 30.581341 0.000000 0.000000 
2.477606 20.861828 -0.202414 -2.772827 28.581419 0.000000 0.000000 
2.338825 20.918283 -0.177042 -25.812157 7.753693 1.000000 1.000000 
2.515722 20.987810 -0.060752 3.102287 36.642059 0.000000 0.000000 
2.568965 21.073883 -0.315006 -20.203400 13.446583 0.000000 0.000000 
2.399155 21.109394 -0.428996 -25.124107 12.923176 1.000000 1.000000 
2.695779 21.075539 -2.829979 -22.961693 15.574478 0.000000 0.000000 
2.525324 21.253162 -0.368702 -20.734001 11.091869 1.000000 1.000000 
2.496075 21.319475 -0.138422 -6.054207 30.561222 0.000000 0.000000 
2.538525 21.421810 -0.065555 3.946869 34.639336 0.000000 0.000000 
2.540153 21.517784 -0.159451 4.803009 35.074734 0.000000 0.000000 
2.337120 21.599524 -0.008213 -21.827141 11.268620 1.000000 1.000000 
2.566022 21.702297 -0.142133 -0.600197 31.116314 0.000000 0.000000 
2.547384 21.863592 -0.024551 4.000153 34.790203 0.000000 0.000000 
2.691926 22.168718 -0.188797 -19.042450 12.274162 1.000000 1.000000 
2.580541 22.184919 -0.240564 3.602394 36.896084 0.000000 0.000000 
2.653620 22.180897 0.040911 -26.545914 5.187577 1.000000 1.000000 
2.646141 22.200441 -0.137698 -22.169441 10.005123 1.000000 1.000000 
2.465749 22.300817 -0.270907 -1.382912 32.899620 0.000000 0.000000 
2.431793 22.374464 -0.112944 -23.393044 9.419960 1.000000 1.000000 
2.613123 22.392939 0.088313 -5.054581 28.875111 0.000000 0.000000 
2.430543 22.429668 0.048433 -26.640808 12.794270 1.000000 1.000000 
2.186812 22.458298 -0.333022 -29.018585 12.391716 1.000000 1.000000 
2.506012 22.456223 0.189511 1.364174 34.302353 0.000000 0.000000 
2.508105 22.738905 0.300247 1.855919 34.968071 0.000000 0.000000 
2.569612 22.964163 -0.261409 -26.791527 9.212879 1.000000 1.000000 
2.489981 23.142080 -0.360886 -5.288025 31.208199 0.000000 0.000000 
2.721449 23.368223 -0.030261 -25.082458 11.437317 1.000000 1.000000 
2.588969 23.427101 -0.336682 -7.926422 26.618050 0.000000 0.000000 
2.729328 23.473829 -0.141247 -28.133522 6.840016 1.000000 1.000000 
2.543114 23.635963 -0.232866 4.301376 40.397446 0.000000 0.000000 
2.630501 23.692770 -0.309055 -31.341026 9.153625 1.000000 1.000000 
2.697676 23.712538 0.045876 -16.699348 11.245407 0.000000 0.000000 
2.553535 23.780518 -0.085197 8.835083 37.329597 0.000000 0.000000 
2.422555 23.827417 -4.178751 -20.635727 19.131361 0.000000 0.000000 
2.456312 23.978563 0.138183 -22.210907 8.851238 1.000000 1.000000 
2.569681 23.983545 -0.216723 5.894310 39.949272 0.000000 0.000000 
2.513380 24.085781 0.018111 -22.000488 9.291428 1.000000 1.000000 
2.612857 24.283150 -0.164533 -29.663513 6.395947 1.000000 1.000000 
2.847689 24.278587 -0.240273 -20.244209 7.691525 1.000000 1.000000 
2.621054 24.415367 -0.215718 -16.953377 11.150959 1.000000 1.000000 
2.555470 24.462337 0.253052 2.765923 36.577980 0.000000 0.000000 
2.491890 24.498928 0.391864 4.562325 37.223557 0.000000 0.000000 
2.583797 24.546877 0.058998 5.562531 33.394001 0.000000 0.000000 
2.398003 24.678394 -0.345272 -10.107574 28.707962 0.000000 0.000000 
2.781041 24.729473 -0.068883 -19.027855 10.704002 0.000000 0.000000 
2.492414 24.913853 -0.024687 -0.847900 34.116177 0.000000 0.000000 
2.423674 25.079199 0.441344 -6.734413 24.899958 0.000000 0.000000 
2.614150 25.144260 0.279160 -30.271957 8.856884 1.000000 1.000000 
2.532476 25.300697 -0.102068 10.809944 40.566963 0.000000 0.000000 
2.580904 25.334698 -0.305353 5.236588 37.719147 0.000000 0.000000 
2.484923 25.360184 0.000442 8.456520 39.115242 0.000000 0.000000 
2.485656 25.456068 -0.339722 -14.183655 16.966690 0.000000 0.000000 
2.661691 25.574976 0.188628 -24.863846 7.686318 1.000000 1.000000 
2.569283 25.756954 -0.326488 2.239655 29.855476 0.000000 0.000000 
2.410307 25.853800 0.212863 0.324997 32.719055 0.000000 0.000000 
2.498733 25.876225 -0.349106 4.471794 32.893044 0.000000 0.000000 
2.477937 25.894720 -0.288162 3.283211 29.905472 0.000000 0.000000 
2.518594 25.925224 -0.149859 5.659355 33.436020 0.000000 0.000000 
2.417980 25.999290 0.702507 -10.397186 20.318987 0.000000 0.000000 
2.575224 26.210388 -0.374478 -0.268311 27.001287 0.000000 0.000000 
2.528280 26.220215 -0.338991 -4.219231 22.827234 0.000000 0.000000 
2.684397 26.425228 -0.334802 -19.548233 12.296581 0.000000 0.000000 
2.541885 26.977770 0.150281 -10.560158 16.341080 0.000000 0.000000 
16.132843 20.917419 -2.735437 -2.376320 11.709644 1.000000 1.000000 
2.660445 27.332010 -0.083305 -11.133545 13.157146 0.000000 0.000000 
2.614502 27.469627 -0.370592 5.176765 28.577145 0.000000 0.000000 
2.598960 27.513710 -0.313266 6.553078 29.675234 0.000000 0.000000 
2.617109 27.735336 -0.118061 -18.047119 8.649696 0.000000 0.000000 
2.600520 27.834442 -0.412738 -1.539810 23.033875 0.000000 0.000000 
2.546182 27.946615 -0.270955 8.509544 31.142406 0.000000 0.000000 
2.541283 27.952974 0.011442 -0.117867 23.887989 0.000000 0.000000 
2.390435 28.067425 -0.790716 -5.788971 20.029404 0.000000 0.000000 
2.376845 28.077490 0.774981 -4.325302 19.844337 0.000000 0.000000 
14.459418 23.644619 -0.084275 5.896126 31.377790 1.000000 1.000000 
2.674760 28.233913 -0.404600 5.244904 25.823940 0.000000 0.000000 
2.374786 28.396557 -2.202994 -0.840019 25.183546 0.000000 0.000000 
2.453959 28.798950 -2.203861 1.464790 28.460709 0.000000 0.000000 
2.701833 28.835625 -0.305016 -13.308914 11.067516 0.000000 0.000000 
2.385356 29.165676 -2.567554 -17.351044 12.320362 0.000000 0.000000 
2.459152 29.628382 -0.421304 -8.718155 20.434036 0.000000 0.000000 
2.469785 29.644262 -0.621519 -5.786285 23.081781 0.000000 0.000000 
2.615648 29.694748 -0.341568 -17.823311 11.267975 1.000000 1.000000 
-6.667907 29.080351 2.933739 -13.246895 17.674824 0.000000 0.000000 
2.516384 29.999826 -0.671142 -15.174454 17.522697 0.000000 0.000000 
-19.730728 21.448477 0.475207 -2.564247 10.447727 1.000000 1.000000 
2.537598 30.180864 -0.428428 -1.253174 25.231123 0.000000 0.000000 
2.583163 30.234047 0.068650 -19.289925 12.498135 1.000000 0.000000 
2.470057 30.421576 -0.039929 -9.310890 19.770657 0.000000 0.000000 
2.516091 30.516483 -0.451888 1.708870 26.363194 0.000000 0.000000 
2.482985 30.520821 0.703884 -6.297607 19.831400 0.000000 0.000000 
-6.836023 29.784769 2.878092 -0.733452 24.872185 0.000000 0.000000 
-6.893035 29.772791 2.490710 -2.536568 26.019726 0.000000 0.000000 
2.503139 30.561359 0.943183 4.591217 30.285973 0.000000 0.000000 
2.639538 30.562338 -0.668800 -10.477226 18.553108 0.000000 0.000000 
2.601027 30.907221 -0.376737 -13.068672 19.121159 0.000000 0.000000 
12.791365 27.958296 0.757023 -7.151237 17.556732 0.000000 0.000000 
2.596802 31.094046 -0.438761 -5.300064 28.123549 0.000000 0.000000 
2.535044 31.402100 -0.308548 -5.694305 24.102276 0.000000 0.000000 
2.626293 31.459211 -0.366679 -4.440086 27.332302 0.000000 0.000000 
2.591805 31.518080 -0.379757 3.324265 32.020985 0.000000 0.000000 
2.603341 31.788811 -0.354412 0.796028 31.343330 0.000000 0.000000 
2.615140 31.836737 -0.317801 -3.721664 26.570522 0.000000 0.000000 
17.125582 26.142406 0.142939 -10.599548 7.880440 0.000000 0.000000 
2.649574 31.966135 -0.552978 -9.058571 26.399292 0.000000 0.000000 
2.496724 32.088997 -0.418600 -28.397530 4.869458 1.000000 1.000000 
2.667466 32.119827 -0.241066 -11.490190 19.587027 0.000000 0.000000 
2.540774 32.186333 -0.318345 -8.355751 24.113766 0.000000 0.000000 
2.641894 32.192261 -0.426577 -4.229752 26.840336 0.000000 0.000000 
1.093348 32.314224 0.205821 -23.010689 10.437653 1.000000 1.000000 
2.665418 32.270706 -0.395833 -3.701958 27.140646 0.000000 0.000000 
9.672852 30.933266 -1.128273 -9.985765 19.500473 0.000000 1.000000 
2.684013 32.675873 -0.371691 -5.335190 28.537689 0.000000 0.000000 
2.724986 32.692928 -0.557968 0.063789 33.976650 0.000000 0.000000 
2.706036 32.759518 -0.808267 -12.299896 22.829283 0.000000 0.000000 
2.732699 32.796227 -0.361055 -5.653337 22.334204 0.000000 0.000000 
2.735363 32.946457 -0.825505 -6.187294 22.883503 0.000000 0.000000 
2.636509 33.133484 -0.945202 -10.667038 22.368277 0.000000 0.000000 
11.683055 30.967093 -0.795039 0.214073 25.684444 0.000000 0.000000 
2.664779 33.426254 -0.187016 -8.061218 23.483133 0.000000 0.000000 
2.899512 33.456360 -0.817822 -11.862434 19.798828 0.000000 0.000000 
-6.684011 32.836380 0.695956 -10.272301 22.657028 0.000000 0.000000 
2.692761 33.504520 0.244006 -7.458481 25.881962 0.000000 0.000000 
2.626954 33.604279 0.103305 -12.472336 25.709766 0.000000 0.000000 
2.714228 33.677544 -0.628237 -2.788750 24.562130 0.000000 0.000000 
2.612333 33.697090 0.633260 -13.892860 20.717516 0.000000 0.000000 
2.667571 33.899857 -0.849165 -3.757530 27.762047 0.000000 0.000000 
2.570425 34.017349 0.470538 -1.763847 29.201811 0.000000 0.000000 
13.418603 31.012142 -1.121277 -7.437593 18.788536 0.000000 0.000000 
16.081749 29.521452 -0.746717 -8.635132 16.276318 0.000000 0.000000 
2.619088 34.392124 0.030275 -2.371582 26.495199 0.000000 0.000000 
2.556830 34.435478 0.280933 -7.432022 24.742613 0.000000 0.000000 
2.542952 34.439636 0.009529 -4.203262 26.943508 0.000000 0.000000 
2.457856 34.468307 0.169097 -4.236809 26.241285 0.000000 0.000000 
12.136231 32.100624 -0.650650 7.768593 35.085625 0.000000 0.000000 
12.178810 32.201405 -0.799586 7.643562 32.384888 0.000000 0.000000 
2.774967 34.656334 -0.410816 -5.362198 27.161388 0.000000 0.000000 
2.717262 34.683540 -0.413450 -3.253975 26.364010 0.000000 0.000000 
2.746858 34.684914 -0.362462 -4.070183 26.695675 0.000000 0.000000 
12.139013 32.370781 -0.638365 -7.170006 22.894117 0.000000 0.000000 
12.223717 32.345539 -0.711155 -6.995728 22.895302 0.000000 0.000000 
2.767023 34.852356 -0.984475 -2.506645 28.220823 0.000000 0.000000 
2.668217 35.197498 -0.629787 -6.508264 25.327534 0.000000 0.000000 
12.451723 32.756649 -0.592952 1.799820 28.647419 0.000000 0.000000 
2.597994 35.281517 -0.567137 -0.545334 27.611446 0.000000 0.000000 
14.062585 32.132267 -0.501547 1.683067 26.917740 0.000000 0.000000 
16.606352 30.732849 -0.435844 -1.146858 24.659508 0.000000 0.000000 
16.706989 30.691196 -0.537707 -1.039886 21.559502 0.000000 0.000000 
14.087097 32.334343 -1.095594 -0.332481 23.577114 0.000000 0.000000 
2.370345 35.669418 -2.460026 -10.003304 21.736244 0.000000 0.000000 
2.500484 35.666161 -0.834176 -5.028152 23.797600 0.000000 0.000000 
2.623884 35.754005 -0.736926 0.138985 29.753639 0.000000 0.000000 
2.904031 35.750431 -0.577075 -4.914703 25.249306 0.000000 0.000000 
2.597991 36.092392 -0.704198 -4.146797 25.274612 0.000000 0.000000 
2.847500 36.159786 -1.620402 -7.744743 24.097643 0.000000 0.000000 
2.621976 36.224693 -1.580041 -8.343819 22.755545 0.000000 0.000000 
2.512322 36.311668 -0.581947 6.541733 33.102722 0.000000 0.000000 
-20.911171 29.036633 12.596406 -12.273468 7.995900 0.000000 0.000000 
2.440179 36.505131 -0.357117 -21.148689 10.694515 1.000000 1.000000 
2.487235 36.611561 -0.511332 -0.270241 30.366062 0.000000 0.000000 
2.480392 36.634403 -0.824319 7.237976 36.696514 0.000000 0.000000 
2.526870 36.673668 -0.486859 -1.053078 29.997429 0.000000 0.000000 
2.817037 36.705700 -0.522590 -23.172546 9.024406 1.000000 1.000000 
2.816431 36.740093 -0.468744 -20.497772 6.818516 1.000000 1.000000 
2.645234 36.789227 -0.452253 -5.263046 25.430729 0.000000 0.000000 
2.525407 36.823059 0.256287 -23.765015 9.551701 1.000000 1.000000 
2.601092 37.042339 -0.727968 -0.194763 28.540295 0.000000 0.000000 
2.636043 37.061279 -0.625256 -1.417908 28.907640 0.000000 0.000000 
2.527413 37.198963 -0.574662 8.454651 31.992228 0.000000 0.000000 
2.656815 37.444492 -0.581165 0.564697 28.313141 0.000000 0.000000 
2.566232 37.492435 -0.448496 8.159561 33.002056 0.000000 0.000000 
2.539314 37.502983 -0.522301 7.747734 34.547306 0.000000 0.000000 
2.597582 37.524338 -0.504971 7.781090 34.695724 0.000000 0.000000 
2.615003 37.669540 -0.601858 5.023857 32.441856 0.000000 0.000000 
2.650697 37.711575 -0.650960 13.811951 37.183716 0.000000 0.000000 
2.650380 37.736931 -0.451571 -16.678345 11.101334 1.000000 1.000000 
2.597055 37.924744 -0.509185 8.587585 33.264107 0.000000 0.000000 
2.686332 37.931198 -0.881464 9.694527 33.247925 0.000000 0.000000 
2.539151 38.071735 -0.351326 -23.179977 5.435193 0.000000 0.000000 
2.668189 38.171684 -0.548991 -5.531128 18.884773 0.000000 0.000000 
2.609825 38.182907 -0.436447 -12.228706 10.039482 1.000000 1.000000 
2.785603 38.241753 -0.451132 -17.906654 7.725316 1.000000 1.000000 
2.648448 38.323551 -0.522010 6.397530 31.579010 0.000000 0.000000 
2.590643 38.384144 -0.626786 16.245804 41.118507 0.000000 0.000000 
2.613267 38.462700 -0.586554 18.617149 38.943527 0.000000 0.000000 
2.563822 38.591190 -0.657031 -11.877014 13.964195 0.000000 0.000000 
2.586582 38.749924 -0.526037 8.634193 30.660072 0.000000 0.000000 
2.620042 38.792866 -0.766762 0.449989 25.743736 0.000000 0.000000 
2.645593 38.839531 -0.473169 1.493866 24.215410 0.000000 0.000000 
2.857709 38.999664 -0.498415 -18.574585 5.078091 1.000000 1.000000 
2.649323 39.117138 -0.608389 9.932533 32.571777 0.000000 0.000000 
6.689176 38.743179 -0.753312 -14.728249 12.062008 1.000000 1.000000 
29.329464 24.126022 -1.959183 2.961342 14.697617 1.000000 1.000000 
2.654219 39.443501 -0.596604 -20.683327 4.076596 1.000000 1.000000 
2.344095 39.471813 -0.335424 4.211624 24.527853 0.000000 0.000000 
2.571213 39.535168 -0.387658 -6.811234 21.422920 0.000000 0.000000 
2.683360 39.547897 -0.671082 -3.032043 21.955379 0.000000 0.000000 
2.455566 39.669510 -0.401285 1.675133 29.211399 0.000000 0.000000 
2.688513 39.686256 -0.594881 -13.717461 6.614625 0.000000 0.000000 
2.721137 39.712685 -0.842523 -7.297073 13.856010 0.000000 0.000000 
2.451517 39.766434 -0.300413 1.895958 28.418610 0.000000 0.000000 
2.538354 39.772446 -0.236330 1.278618 24.347481 0.000000 0.000000 
0.850362 39.850189 -0.660045 -2.465599 24.168493 0.000000 0.000000 
2.589449 40.023930 -0.085989 5.463173 25.337202 0.000000 0.000000 
2.505661 40.115986 -0.837003 -2.385025 24.122952 0.000000 0.000000 
2.718549 40.130962 -0.873573 -1.767303 24.887753 0.000000 0.000000 
2.546554 40.433258 -0.606411 0.046059 25.090239 0.000000 0.000000 
0.754878 40.574699 -0.718096 2.925926 29.751858 0.000000 0.000000 
2.598094 40.537868 -0.578911 3.962204 27.762070 0.000000 0.000000 
2.795421 40.618618 -0.373854 -14.734718 15.823326 0.000000 0.000000 
2.626628 40.794239 -0.527514 -6.503212 19.672482 0.000000 0.000000 
2.576244 40.860336 -0.485751 -3.614433 24.259634 0.000000 0.000000 
12.814114 38.809177 4.666544 -5.709099 16.575260 0.000000 0.000000 
2.628578 41.351604 -0.654848 -6.318666 21.905907 0.000000 0.000000 
2.723171 41.379505 -0.974522 -5.040794 23.878031 0.000000 0.000000 
2.735569 41.491261 -0.550036 -6.956604 19.789503 0.000000 0.000000 
2.487348 41.534294 -0.287525 2.586372 29.199646 0.000000 0.000000 
2.793198 41.519230 -0.593266 -6.872406 20.895660 0.000000 0.000000 
2.744608 41.617844 -0.860652 -21.525055 7.901520 0.000000 0.000000 
13.321041 39.380775 4.795249 -12.427040 12.448521 0.000000 0.000000 
2.602490 41.829922 -0.274940 6.865395 32.571808 0.000000 0.000000 
3.422018 41.863491 0.105015 -20.611824 8.669994 1.000000 1.000000 
2.749867 42.027504 -0.371584 -17.164215 8.809586 0.000000 0.000000 
2.716131 42.043144 -0.320238 -2.492302 24.251545 0.000000 0.000000 
2.452172 42.090317 -0.419486 13.785965 36.386993 0.000000 0.000000 
2.531732 42.164330 -0.424891 12.508011 36.384090 0.000000 0.000000 
2.490252 42.250927 -0.371545 11.893692 36.821407 0.000000 0.000000 
2.555320 42.269299 -0.493068 12.160629 36.806290 0.000000 0.000000 
2.590414 42.282047 -0.638155 6.659531 31.177597 0.000000 0.000000 
2.602709 42.294334 -0.504811 11.343307 33.577877 0.000000 0.000000 
13.095424 40.129162 4.689225 -4.278061 19.261261 0.000000 0.000000 
2.467848 42.363640 -0.920079 4.343964 29.519974 0.000000 0.000000 
12.116835 40.684731 5.428546 -6.070267 19.427917 0.000000 0.000000 
2.388184 42.695168 -0.618047 5.673111 31.482147 0.000000 0.000000 
12.968143 40.626770 4.544618 -6.744789 18.662663 0.000000 0.000000 
2.855404 42.758549 -0.549366 -4.934891 23.761234 0.000000 0.000000 
2.726928 42.791546 -0.679559 -3.494476 23.393093 0.000000 0.000000 
-5.012705 42.568348 4.714450 -6.609634 20.462616 0.000000 0.000000 
2.673237 42.925140 -0.610628 -22.799644 5.158551 1.000000 1.000000 
2.514615 42.948288 -0.285093 0.188797 25.144005 0.000000 0.000000 
-5.495325 42.791000 3.963479 -16.010223 18.688648 0.000000 0.000000 
13.144108 40.969921 4.847927 -5.162750 20.456617 0.000000 0.000000 
-20.683079 37.458927 4.015981 -12.416733 10.785500 0.000000 0.000000 
2.557493 43.691555 -0.640857 -6.363626 20.289648 0.000000 0.000000 
11.815802 41.997459 5.005508 -6.708055 19.506151 0.000000 0.000000 
12.058624 41.937389 4.940337 -12.852043 17.384644 0.000000 0.000000 
2.544154 43.750233 0.028909 -7.499969 21.061932 0.000000 0.000000 
2.652144 43.818043 -0.641000 -9.597260 19.314266 0.000000 0.000000 
2.613282 43.887901 -0.739924 -5.777687 23.591661 0.000000 0.000000 
2.471353 43.949192 -0.542377 -3.318878 24.471737 0.000000 0.000000 
3.074379 43.973129 -0.223533 -13.454704 17.361809 0.000000 0.000000 
2.603965 44.097584 -0.802357 -7.889526 23.288887 0.000000 0.000000 
-19.230732 39.296650 4.761798 -15.071014 10.810631 0.000000 0.000000 
2.305790 44.435162 -0.578570 -2.274521 26.211012 0.000000 0.000000 
2.569338 44.626602 -1.137665 2.227295 29.512791 0.000000 0.000000 
9.552659 43.592937 -6.250998 -4.263313 19.831930 0.000000 0.000000 
2.825922 44.641296 -0.584587 -20.516670 9.163239 0.000000 0.000000 
2.504051 44.667091 -1.242456 3.249374 27.258978 0.000000 0.000000 
2.630344 44.675804 -0.540309 -3.328926 23.960981 0.000000 0.000000 
2.657559 44.757545 -0.804774 -7.525537 26.594109 0.000000 0.000000 
24.151976 36.991379 0.205628 -6.631744 9.550621 0.000000 1.000000 
2.469660 44.822708 -1.066778 0.696625 27.941645 0.000000 0.000000 
2.593011 45.071945 -0.444100 -1.567688 25.105898 0.000000 0.000000 
2.510193 45.077068 -0.567134 -0.927742 25.776100 0.000000 0.000000 
10.945793 43.758888 3.868061 -14.281670 16.907196 0.000000 0.000000 
2.607467 45.178268 -0.738477 -7.279503 20.743448 0.000000 0.000000 
11.523063 43.800735 3.692596 -8.608536 18.321640 0.000000 0.000000 
11.701923 43.871986 3.478463 -3.290810 21.423477 0.000000 0.000000 
11.759314 43.946552 4.109754 -2.979248 21.795254 0.000000 0.000000 
8.197123 44.876808 2.928605 -11.428085 21.371384 0.000000 0.000000 
12.313204 43.842606 7.090297 -10.269913 19.470537 0.000000 0.000000 
11.538945 44.147087 4.449006 -7.950470 22.058012 0.000000 0.000000 
9.593059 44.735390 4.578298 -7.037605 22.250427 0.000000 0.000000 
11.596501 44.270138 3.915164 -9.287315 21.569584 0.000000 0.000000 
2.689277 45.910027 -0.815587 -7.703255 17.674873 0.000000 0.000000 
-25.678406 37.393490 3.479312 -9.953018 10.837475 0.000000 0.000000 
-26.327051 37.153854 3.274081 -8.625786 10.799450 0.000000 0.000000 
16.252712 43.108776 -2.402503 -12.391136 15.768131 0.000000 0.000000 
-26.588516 37.038582 3.457922 -5.593086 10.559772 0.000000 0.000000 
15.121143 43.792606 6.259414 -14.617233 16.300972 0.000000 0.000000 
9.720443 45.444164 4.004754 -12.421577 17.917099 0.000000 0.000000 
9.173471 45.588718 3.910474 -11.908752 20.165531 0.000000 0.000000 
-26.364374 37.636684 2.805214 -8.334558 10.979874 0.000000 0.000000 
26.504766 37.561199 1.142770 -10.977936 10.018047 0.000000 1.000000 
9.758596 45.715263 4.616540 -11.232307 18.453991 0.000000 0.000000 
-26.914251 37.395191 3.688134 -3.419518 11.299976 0.000000 0.000000 
-26.495516 37.777309 3.311817 -2.534492 13.473709 0.000000 0.000000 
9.033278 46.064865 4.940201 -6.483681 21.517712 0.000000 0.000000 
7.845232 46.364643 5.484774 -6.009300 21.956573 0.000000 0.000000 
7.589106 46.537819 6.163382 -12.355209 17.560143 0.000000 0.000000 
8.604060 46.392540 4.577853 -12.980699 16.176392 0.000000 0.000000 
-15.404778 44.423714 0.252072 -11.836624 14.743576 0.000000 0.000000 
-11.751054 45.860573 -6.543612 -9.418739 19.033434 0.000000 0.000000 
8.815724 46.741306 4.685478 -13.303818 17.699730 0.000000 0.000000 
-21.214491 42.152431 3.017220 -16.567902 10.144989 0.000000 0.000000 
8.451541 46.896458 5.394074 -9.927361 19.518879 0.000000 0.000000 
8.374535 47.052494 6.935498 -9.276543 19.435167 0.000000 0.000000 
7.814780 47.210045 6.158717 -11.694946 17.879932 0.000000 0.000000 
7.043511 47.363140 6.330621 -9.968460 18.439472 0.000000 0.000000 
0.550998 48.025978 -0.661868 -20.678169 6.718953 0.000000 0.000000 
8.733215 47.201351 4.229669 -15.789658 17.240520 0.000000 0.000000 
7.819343 47.576725 5.665938 -11.493179 15.904419 0.000000 0.000000 
0.566502 48.301289 -0.656463 -23.642448 6.966435 0.000000 0.000000 
8.850423 47.445965 4.687193 -8.008110 21.205723 0.000000 0.000000 
7.750183 47.825745 3.701967 -15.450821 14.724895 0.000000 0.000000 
10.384325 47.401077 8.857095 -11.134682 17.974255 0.000000 0.000000 
0.551196 48.721050 -0.802736 -23.552666 7.737435 0.000000 0.000000 
6.530399 48.316406 5.943110 -14.053955 17.126434 0.000000 0.000000 
-16.068600 45.832603 5.594350 -10.844284 17.667431 0.000000 0.000000 
8.635926 47.970112 4.748360 -12.328224 18.356457 0.000000 0.000000 
-21.702772 43.337677 14.919132 -11.108438 13.024750 0.000000 0.000000 
-21.095108 43.726429 4.547161 -13.601341 12.173443 0.000000 0.000000 
-21.631712 43.457218 1.303304 -14.643646 12.814877 0.000000 0.000000 
-16.826540 45.910915 5.508112 -11.119934 14.079857 0.000000 0.000000 
8.737075 48.333672 5.822985 -14.344124 15.196209 0.000000 0.000000 
-22.254728 43.723663 15.911570 -16.000572 10.623417 0.000000 0.000000 
11.277328 48.208618 4.254666 -16.538521 16.572327 0.000000 0.000000 
-22.348444 44.116657 3.922142 -14.965042 10.861755 0.000000 0.000000 
6.275006 49.526394 10.741516 -13.205475 14.466377 0.000000 0.000000 
-22.288029 44.199661 3.982940 -11.860703 12.895065 0.000000 0.000000 
4.269858 49.774940 -0.449857 -20.525917 8.472500 0.000000 0.000000 
7.323850 49.547493 2.394440 -2.301521 24.439909 0.000000 0.000000 
7.266368 49.563198 2.955566 -2.155983 24.412823 0.000000 0.000000 
7.369534 49.561909 2.218374 -9.906357 20.425737 0.000000 0.000000 
-22.335947 44.442467 1.631132 -6.807571 16.947784 0.000000 0.000000 
12.098740 48.594738 19.794073 -11.695801 17.749737 0.000000 0.000000 
-21.144743 45.125771 4.987237 -13.804184 11.137810 0.000000 0.000000 
-21.160723 45.135689 -5.885513 -9.256288 14.045067 0.000000 0.000000 
7.363522 49.838646 2.522322 -2.177727 25.502836 0.000000 0.000000 
7.366147 49.863667 2.339000 -3.638474 24.733212 0.000000 0.000000 
7.510819 49.925480 2.631447 -9.574219 23.934875 0.000000 0.000000 
-21.226229 45.517284 5.290394 2.421951 23.745834 0.000000 0.000000 
7.441105 50.032597 4.967337 -10.713608 17.746635 0.000000 0.000000 
-21.227907 45.535309 -6.036635 -3.020081 19.402729 0.000000 0.000000 
7.381769 50.078579 5.250952 -12.443558 15.643047 0.000000 0.000000 
12.739133 49.004631 5.019669 -14.633492 15.764446 0.000000 0.000000 
15.625702 48.227859 -2.537900 -1.431831 23.429785 0.000000 0.000000 
15.580595 48.300091 -2.816860 -3.428375 21.234959 0.000000 0.000000 
11.879341 49.439945 3.576589 -9.550705 18.469391 0.000000 0.000000 
15.442883 48.382832 1.500808 -5.446960 22.183575 0.000000 0.000000 
7.601508 50.599121 0.644737 -22.326088 6.138955 0.000000 0.000000 
-22.121248 45.798275 4.151591 -9.885757 14.035835 0.000000 0.000000 
-21.517946 46.153870 5.306055 -3.172447 20.380728 0.000000 0.000000 
-22.773090 45.768536 4.197013 -10.164291 13.999317 0.000000 0.000000 
7.442848 51.125504 4.174576 -8.995247 20.276768 0.000000 0.000000 
12.582689 50.063782 4.494753 -12.564125 16.855804 0.000000 0.000000 
7.487915 51.245823 -0.978528 -17.929359 16.061245 0.000000 0.000000 
11.486026 50.512371 3.090670 -12.467682 17.404915 0.000000 0.000000 
6.953257 51.455807 4.618084 -16.801521 14.619400 0.000000 0.000000 
15.733403 49.312946 0.264468 -13.259163 14.273468 0.000000 0.000000 
6.826979 51.744965 4.157743 -13.590714 16.675648 0.000000 0.000000 
15.729510 49.622078 2.428727 -14.322342 13.756214 0.000000 0.000000 
-20.992851 47.480297 5.727992 -13.203835 15.731297 0.000000 0.000000 
0.302765 52.350346 -1.285723 -22.417664 5.251145 1.000000 1.000000 
8.499155 51.638752 4.517199 -8.528549 17.405781 0.000000 0.000000 
6.330742 52.111736 5.983653 -8.981544 19.845007 0.000000 0.000000 
16.113770 49.924278 -2.939782 -3.621254 18.449146 0.000000 0.000000 
0.291576 52.733913 -1.892617 -21.138275 6.998238 1.000000 1.000000 
6.196125 52.636845 5.937432 -8.113052 18.821884 0.000000 0.000000 
6.841978 52.559277 3.777199 -13.021332 14.104549 0.000000 0.000000 
6.348361 52.631290 5.769612 -10.405319 17.660870 0.000000 0.000000 
6.506759 52.724758 3.870839 -7.510414 19.811867 0.000000 0.000000 
7.092264 53.263668 3.372021 -8.295677 17.941437 0.000000 0.000000 
7.194413 53.432713 1.156971 -5.462532 20.472467 0.000000 0.000000 
6.363525 53.571442 -5.596999 -10.536018 18.310043 0.000000 0.000000 
6.455787 53.772335 -4.827282 -9.680359 14.928417 0.000000 0.000000 
7.836559 53.768028 0.736376 -8.451553 20.784788 0.000000 0.000000 
7.500398 53.836033 0.697982 -10.999779 18.586617 0.000000 0.000000 
10.866467 53.425213 -0.640904 -17.606033 10.202198 1.000000 1.000000 
7.273806 54.116940 -5.072680 -9.727402 16.376484 0.000000 0.000000 
7.359347 54.144264 7.163266 -11.370956 16.359745 0.000000 0.000000 
6.952917 54.212509 6.273423 -13.399414 14.661922 0.000000 0.000000 
7.454679 54.351086 8.302581 -13.806107 15.572227 0.000000 0.000000 
10.680035 53.830074 0.211015 -14.214867 12.467457 0.000000 0.000000 
21.790419 50.583282 -2.270267 -2.079247 19.389854 0.000000 0.000000 
21.558035 51.003174 -1.656320 -3.354591 18.505707 0.000000 0.000000 
21.635069 51.114891 -4.307876 -6.981483 16.298836 0.000000 0.000000 
10.388244 54.981899 -5.889575 -17.712265 12.360622 0.000000 0.000000 
22.183426 51.074867 -1.374552 -7.545877 16.150894 0.000000 0.000000 
22.077990 51.157158 -2.140817 -6.814903 15.234432 0.000000 0.000000 
-27.410322 48.344193 2.623622 -10.978044 9.929516 0.000000 1.000000 
22.061775 51.236946 -2.202564 2.784439 23.200552 0.000000 0.000000 
28.814653 47.557549 1.941802 -6.257791 11.075233 0.000000 0.000000 
28.788679 47.762016 0.985883 -11.553741 8.582760 0.000000 0.000000 
29.328197 47.435024 3.089737 -6.153192 9.466618 0.000000 0.000000 
32.796951 45.181759 2.797527 -3.635994 9.619270 0.000000 0.000000 
9.563259 56.502499 5.789307 -22.382736 9.568981 0.000000 0.000000 
-25.621117 50.864796 7.820003 -16.235901 11.184605 0.000000 0.000000 
6.936814 57.036072 6.585342 -9.006325 14.258480 0.000000 0.000000 
6.764018 57.091175 6.428907 -10.515259 14.164944 0.000000 0.000000 
6.663019 57.437332 6.395485 -11.843056 14.359623 0.000000 0.000000 
6.835118 57.418243 7.572126 -12.889992 13.246185 0.000000 0.000000 
7.003190 57.409096 -0.877769 -20.171967 11.867455 0.000000 0.000000 
-29.232807 49.436829 3.196299 -12.438965 9.789627 0.000000 0.000000 
23.774055 52.540482 0.564701 -9.455086 10.327969 0.000000 0.000000 
23.215776 52.808483 0.598525 -12.477257 9.593464 0.000000 0.000000 
27.047695 50.796822 -1.292218 -10.063286 11.286366 0.000000 0.000000 
12.655186 56.819626 4.060356 -15.674202 13.761520 0.000000 0.000000 
6.675591 57.904953 6.713910 -12.033577 15.655952 0.000000 0.000000 
7.548068 57.907532 6.123456 -19.795662 10.413177 0.000000 0.000000 
10.024501 57.666260 3.346265 -10.382011 14.004097 0.000000 0.000000 
-20.824333 54.496372 19.708323 -14.700867 12.907276 0.000000 0.000000 
7.065543 58.204521 6.552795 -24.156792 6.620396 0.000000 0.000000 
16.645712 56.310795 2.082931 -14.641029 11.737476 0.000000 0.000000 
27.812099 51.575504 -2.550448 -1.370583 18.667454 0.000000 0.000000 
27.721874 51.650585 -2.432515 2.066833 19.955687 0.000000 0.000000 
35.366459 46.438602 2.480671 -2.754402 11.081383 0.000000 0.000000 
23.916023 53.845608 -0.497216 -8.937904 15.389027 0.000000 0.000000 
27.975285 51.788681 -1.391562 -2.051765 17.628822 0.000000 0.000000 
-14.844737 57.350468 6.175395 -10.233087 20.579922 0.000000 0.000000 
9.270585 58.671886 -8.263136 -15.348343 13.284538 0.000000 0.000000 
8.745631 58.794083 -0.265881 -5.344574 18.654388 0.000000 0.000000 
9.102147 58.788368 1.350322 -11.269052 17.065628 0.000000 0.000000 
9.144039 58.828243 0.707462 -11.684860 15.575829 0.000000 0.000000 
-30.180473 50.865299 3.175718 -4.989677 16.162132 0.000000 0.000000 
7.658538 59.387844 -0.612708 -9.647690 18.579399 0.000000 0.000000 
-20.743935 55.986820 -8.523688 -9.004112 14.251686 0.000000 0.000000 
8.838778 59.307011 -0.172685 -11.378098 20.270802 0.000000 0.000000 
-13.235258 58.492836 2.071873 -20.367615 9.397087 1.000000 1.000000 
8.500140 59.748772 -0.720365 -20.780144 10.477493 0.000000 0.000000 
4.395431 60.433815 -0.671763 -23.436409 7.355320 0.000000 0.000000 
8.950600 60.034771 -0.345690 -8.512070 16.141151 0.000000 0.000000 
50.987610 29.220831 -2.959626 0.617714 9.299622 1.000000 1.000000 
30.705454 52.030056 1.910817 -5.941086 12.346249 0.000000 0.000000 
35.798130 48.377159 1.370196 3.330406 14.828495 0.000000 0.000000 
-36.491604 47.820515 6.400205 -11.072388 8.322479 0.000000 0.000000 
32.824303 50.661850 1.060711 -5.504700 11.733997 0.000000 0.000000 
4.382485 60.963840 -0.011029 -20.457458 9.483578 0.000000 0.000000 
35.431873 48.942780 1.422464 -7.860641 7.953591 0.000000 0.000000 
35.103374 49.259144 1.691148 -4.339798 10.481548 0.000000 0.000000 
35.263027 49.162243 1.814880 -3.805870 11.223785 0.000000 0.000000 
32.239574 51.455624 1.231114 -5.122246 13.890671 0.000000 0.000000 
32.325619 51.400753 0.580787 -6.913101 12.178699 0.000000 0.000000 
35.243820 49.518303 1.553208 -8.406296 7.077691 0.000000 0.000000 
9.012717 61.002560 4.419700 -2.577507 24.855955 0.000000 0.000000 
7.577879 61.250782 0.983549 -17.628952 11.460861 0.000000 0.000000 
7.328529 61.316914 1.567573 -15.768967 13.647045 0.000000 0.000000 
8.720507 61.241295 3.902494 -8.524368 19.326376 0.000000 0.000000 
8.671454 61.272545 3.694024 -8.287079 20.735779 0.000000 0.000000 
9.276272 61.457211 -7.718546 -4.298286 20.592947 0.000000 0.000000 
34.873047 50.949409 0.349041 -7.737885 9.994484 0.000000 0.000000 
13.376248 60.945660 3.978613 -13.040338 14.276665 0.000000 0.000000 
33.812706 51.775856 0.296118 -8.048492 10.940605 0.000000 0.000000 
33.756210 51.865112 -0.273370 -7.182358 8.931808 0.000000 0.000000 
33.819260 51.875446 0.107661 -7.529778 10.651985 0.000000 0.000000 
32.643982 52.870457 0.612387 -9.152679 10.847767 0.000000 0.000000 
29.530855 54.822651 -6.519383 -13.630089 6.209580 0.000000 0.000000 
33.086349 52.636539 0.423925 -9.687195 7.134602 0.000000 0.000000 
32.915329 53.325775 -0.883532 -16.685356 3.763276 0.000000 0.000000 
30.888971 55.022133 3.866301 -14.185448 7.880688 0.000000 0.000000 
7.859279 63.380157 7.642183 -17.814133 9.959335 0.000000 0.000000 
13.910309 62.503746 -0.637164 -21.240318 8.058632 0.000000 0.000000 
8.526890 63.575279 -2.864528 -17.042168 9.282730 0.000000 0.000000 
7.557679 63.731171 -8.507868 -13.680977 9.626038 0.000000 0.000000 
-12.504142 62.968288 1.774983 -19.147087 9.786320 0.000000 0.000000 
7.903956 63.976440 6.917184 -18.239410 7.886895 0.000000 0.000000 
7.265401 64.241516 6.690428 -13.985641 11.026917 0.000000 0.000000 
8.677808 64.152443 -7.194019 -9.503067 13.929543 0.000000 0.000000 
32.438808 55.474701 3.189942 -4.686012 12.990906 0.000000 0.000000 
33.385235 54.881618 3.888513 -7.498375 13.284603 0.000000 0.000000 
8.800920 64.287445 3.036895 -15.416634 8.627720 0.000000 0.000000 
33.536430 54.932068 -1.542951 -9.439552 9.774899 0.000000 0.000000 
25.053034 59.599751 -1.151247 -12.617714 9.607018 0.000000 0.000000 
7.968371 64.519852 6.548564 -9.526978 14.425877 0.000000 0.000000 
7.580927 64.596634 -7.103188 -7.273804 15.018814 0.000000 0.000000 
7.891219 64.734200 6.213333 -10.385368 15.591805 0.000000 0.000000 
38.605019 51.659592 0.829877 -5.188797 8.609329 0.000000 0.000000 
9.012083 64.844589 2.806332 -6.637033 16.301529 0.000000 0.000000 
33.579681 55.561111 1.108996 -9.367149 9.972946 0.000000 0.000000 
9.554615 64.891861 3.135119 -14.837784 12.596092 0.000000 0.000000 
32.240097 56.678593 -1.363129 -7.659508 9.734779 0.000000 0.000000 
19.698538 62.621681 -3.686514 -12.684006 12.751701 0.000000 0.000000 
7.777070 65.346581 5.596673 -16.055618 12.197346 0.000000 0.000000 
31.617075 57.436363 -1.443962 -6.624002 11.957207 0.000000 0.000000 
32.206566 57.141560 -1.398875 -4.768288 14.146404 0.000000 0.000000 
8.655484 65.678848 4.232144 -10.311775 14.555073 0.000000 0.000000 
8.611555 65.836906 5.371520 -14.442688 11.893150 0.000000 0.000000 
31.781557 57.945648 -4.534194 -11.291313 10.125187 0.000000 0.000000 
8.005557 66.122284 5.197011 -16.230812 11.004696 0.000000 0.000000 
7.980405 66.364914 3.534440 -15.855789 9.211353 0.000000 0.000000 
9.581244 66.234467 5.280346 -13.747215 14.228230 0.000000 0.000000 
8.948805 66.393585 5.380399 -12.349159 14.322598 0.000000 0.000000 
7.919816 66.588028 -8.394283 -13.073624 11.869667 0.000000 0.000000 
31.990133 58.418285 -6.206231 -13.756393 6.740212 0.000000 0.000000 
8.656321 66.561699 4.664834 -13.028732 12.856693 0.000000 0.000000 
26.053829 61.562038 1.611133 -14.142281 6.968140 0.000000 0.000000 
31.719137 58.801197 21.798634 -13.812462 7.258236 0.000000 0.000000 
8.258107 66.866837 4.434040 -14.084824 12.726799 0.000000 0.000000 
26.192286 61.953751 1.583630 -11.866287 9.072430 0.000000 0.000000 
-26.567173 61.873451 1.732245 -15.927284 8.909546 0.000000 0.000000 
8.495733 67.657669 -7.878808 -17.151939 10.243740 0.000000 0.000000 
8.275701 67.731720 -8.058198 -14.602890 11.619625 0.000000 0.000000 
8.859886 67.698471 2.748754 -12.572885 10.633480 0.000000 0.000000 
32.416206 59.591839 -2.660650 -12.935890 8.635704 0.000000 0.000000 
8.727081 67.830399 3.041345 -15.874863 9.843906 0.000000 0.000000 
8.675546 67.863235 1.514543 -13.907982 9.505856 0.000000 0.000000 
8.998344 67.917305 6.930214 -14.293335 12.209625 0.000000 0.000000 
8.920067 67.990059 2.203717 -15.795784 9.652401 0.000000 0.000000 
7.714213 68.210075 5.485644 -15.539116 12.293869 0.000000 0.000000 
9.042801 68.042557 5.734012 -19.257301 10.857845 0.000000 0.000000 
9.107553 68.334602 5.999907 -19.306221 8.645176 0.000000 0.000000 
9.324527 68.442719 5.746303 -17.424278 12.652596 0.000000 0.000000 
16.497944 67.297699 2.679543 -12.700600 12.694206 0.000000 0.000000 
8.141704 68.935959 5.840847 -20.742729 8.032589 0.000000 0.000000 
22.099876 65.658798 2.057982 -12.499763 11.662132 0.000000 0.000000 
16.010721 67.573273 12.722163 -17.089645 10.635983 0.000000 1.000000 
21.718119 66.220825 -4.892260 -18.929932 9.958241 0.000000 0.000000 
10.510709 69.927879 1.581146 -17.829910 8.146721 0.000000 0.000000 
7.427562 70.454086 4.676227 -19.368126 10.213203 0.000000 0.000000 
7.624421 70.469353 3.224616 -18.236725 12.237465 0.000000 0.000000 
8.266750 70.447731 5.214868 -9.415605 15.087055 0.000000 0.000000 
8.709223 70.735855 -8.786526 -9.289795 15.227020 0.000000 0.000000 
7.385755 71.273682 4.300120 -7.840843 17.611855 0.000000 0.000000 
7.367061 71.283607 -8.847888 -15.130989 12.499420 0.000000 0.000000 
7.881301 71.279915 5.329854 -1.901512 21.548313 0.000000 0.000000 
7.967019 71.350281 1.931894 -8.772766 16.572578 0.000000 0.000000 
7.956749 71.372009 1.604432 -11.027748 14.374695 0.000000 0.000000 
8.016325 71.501030 2.463241 -15.067696 12.883820 0.000000 0.000000 
8.520761 71.638008 -6.827378 -8.619247 16.277229 0.000000 0.000000 
8.684413 71.874466 -4.768104 -10.151108 16.997738 0.000000 0.000000 
8.568787 72.004051 2.872358 -16.557793 15.735985 0.000000 0.000000 
31.291430 65.085510 -2.037382 -13.831345 7.642880 0.000000 0.000000 
7.792567 72.192932 2.063649 -10.420746 16.769566 0.000000 0.000000 
9.697605 72.340721 12.810752 -8.220558 19.669130 0.000000 0.000000 
7.994037 72.729301 4.660384 -8.890259 17.643787 0.000000 0.000000 
7.800303 72.955315 10.302959 -13.523300 15.459702 0.000000 0.000000 
8.048054 72.978241 5.309146 -12.400368 14.111553 0.000000 0.000000 
30.965265 66.229927 -1.651628 -12.662460 7.594525 0.000000 0.000000 
7.506638 73.162621 -7.151392 -13.988510 11.623707 0.000000 0.000000 
29.728725 66.907806 0.840808 -14.679718 6.194176 0.000000 0.000000 
8.020192 73.375000 3.039058 -13.052719 14.306408 0.000000 0.000000 
7.647745 73.445671 5.127185 -15.245605 12.822182 0.000000 0.000000 
8.263762 73.400490 4.089916 -12.702225 14.373436 0.000000 0.000000 
7.602921 73.551941 4.402927 -8.640428 15.971008 0.000000 0.000000 
30.061274 67.229034 -2.141489 -14.714424 5.884152 0.000000 0.000000 
7.909755 73.612877 4.446996 -9.917946 12.431446 0.000000 0.000000 
30.433174 67.284615 -2.128517 -11.113564 8.400444 0.000000 0.000000 
7.740022 73.856529 4.363266 -8.989853 14.514900 0.000000 0.000000 
10.217867 73.570999 10.001765 -13.576233 11.889351 0.000000 0.000000 
31.373329 67.018997 5.127705 -14.429527 7.577061 0.000000 0.000000 
7.255399 74.058945 4.718652 -18.874329 6.561287 0.000000 0.000000 
30.910305 67.342552 -2.118908 -14.216026 7.042019 0.000000 0.000000 
7.442100 74.345856 5.722878 -13.015434 12.451130 0.000000 0.000000 
49.752380 54.367615 4.625152 5.673492 15.245022 0.000000 0.000000 
6.922568 74.429855 5.448973 -11.542686 13.383667 0.000000 0.000000 
7.795208 74.364143 3.582755 -6.900688 14.917118 0.000000 0.000000 
7.808539 74.432159 5.172185 -9.530510 13.836529 0.000000 0.000000 
6.877635 74.605896 3.681754 -11.690178 13.314171 0.000000 0.000000 
7.376622 74.915604 4.442113 -20.497063 8.016277 0.000000 0.000000 
50.214287 54.865295 4.469622 -4.818558 5.363507 0.000000 0.000000 
31.898331 68.019569 -1.396005 -16.187660 4.353596 0.000000 0.000000 
7.370810 75.187180 2.511189 -1.054237 23.850681 0.000000 0.000000 
7.983547 75.129005 4.851134 -4.449570 18.098557 0.000000 0.000000 
8.474423 75.133736 3.539508 -8.755508 21.651550 0.000000 0.000000 
7.114957 75.373810 11.265555 -1.771461 19.928953 0.000000 0.000000 
6.591850 75.669449 5.344470 -11.872345 14.139732 0.000000 0.000000 
7.147643 75.797661 5.654465 -4.584915 18.690651 0.000000 0.000000 
7.762582 75.743599 2.627960 -14.294022 12.064835 0.000000 0.000000 
6.937948 75.855690 5.557240 0.339767 20.948164 0.000000 0.000000 
6.966404 75.976570 10.903323 3.528763 23.508476 0.000000 0.000000 
7.901927 75.970818 -7.263624 -7.615082 16.368713 0.000000 0.000000 
6.989470 76.119446 -6.670255 4.153008 26.229195 0.000000 0.000000 
7.087866 76.576981 6.154541 -10.083244 16.607948 0.000000 0.000000 
6.867346 76.667099 5.277121 -4.690308 16.123398 0.000000 0.000000 
6.712526 76.821457 -6.538816 -2.374229 18.580849 0.000000 0.000000 
6.923219 76.922173 1.985402 -12.917671 13.760021 0.000000 0.000000 
5.979790 77.102600 -7.668533 -5.652550 18.411430 0.000000 0.000000 
7.044023 77.031097 2.837067 -3.185921 20.340197 0.000000 0.000000 
7.652927 77.383286 6.706606 -4.146980 19.742023 0.000000 0.000000 
7.004585 77.472527 7.355773 -7.059921 15.611710 0.000000 0.000000 
6.742805 77.499954 6.179565 -4.106155 19.351377 0.000000 0.000000 
5.915327 77.959602 5.708372 -6.853813 16.526749 0.000000 0.000000 
8.798258 77.687668 8.903757 -5.660562 17.573746 0.000000 0.000000 
8.929119 77.679382 2.861114 -15.006020 15.488789 0.000000 0.000000 
7.296883 78.018730 2.744833 -12.528091 9.730682 0.000000 0.000000 
7.075999 78.204483 6.632678 -11.157463 13.621475 0.000000 0.000000 
5.887437 78.390572 5.078652 -6.916473 17.606457 0.000000 0.000000 
5.626115 78.433105 4.542398 -8.528702 15.683590 0.000000 0.000000 
6.002300 78.475647 3.628452 -15.882530 13.203568 0.000000 0.000000 
-6.232542 78.739227 -0.903359 0.454262 20.859278 0.000000 0.000000 
-6.189135 78.748657 -1.034813 0.148903 21.034906 0.000000 0.000000 
7.617654 78.680496 2.919374 -13.220650 11.995270 0.000000 0.000000 
-6.265423 78.870117 -0.941752 -0.269730 21.785267 0.000000 0.000000 
-6.299316 78.931793 -1.229039 -0.847801 20.003571 0.000000 0.000000 
-6.251504 79.080360 -0.999018 1.579720 22.906731 0.000000 0.000000 
-6.263606 79.100220 -0.993608 0.926071 22.195053 0.000000 0.000000 
-6.288829 79.223190 -1.063494 -4.707695 16.792728 0.000000 0.000000 
6.927999 79.210297 5.546144 -11.210892 14.435986 0.000000 0.000000 
-6.107751 79.368835 -3.349239 -12.450600 11.375412 0.000000 0.000000 
-6.356661 79.428642 -0.132800 -16.066444 10.101517 0.000000 0.000000 
6.901460 79.612373 6.756691 -12.244667 14.359257 0.000000 0.000000 
6.876205 79.660141 4.979268 -5.875511 17.724525 0.000000 0.000000 
6.732117 79.772614 3.841584 -12.422592 12.537022 0.000000 0.000000 
7.512118 79.964912 8.699606 -14.001740 8.992847 0.000000 0.000000 
7.619077 80.005180 4.035449 -20.260437 10.749802 0.000000 0.000000 
-6.544359 80.199966 0.828167 -10.952911 12.521568 0.000000 0.000000 
6.037223 80.463585 3.565423 -12.490784 11.876774 0.000000 0.000000 
-6.330606 80.569839 2.632710 -8.693443 15.320320 0.000000 0.000000 
-6.228503 80.592674 -3.826669 -13.375221 14.412560 0.000000 0.000000 
-5.817875 80.733536 2.340744 -6.424995 20.747206 0.000000 0.000000 
-6.454803 80.715881 1.708144 3.566223 23.264082 0.000000 0.000000 
-7.033957 80.752251 0.668291 -8.711754 18.317749 0.000000 0.000000 
-7.099722 80.774620 -3.867132 -14.012177 18.147739 0.000000 0.000000 
8.318647 80.683876 5.110422 -21.602821 5.502034 0.000000 0.000000 
-6.379765 80.980354 2.636669 -1.501312 21.079544 0.000000 0.000000 
-6.262342 81.209625 1.702385 -6.695168 16.461704 0.000000 0.000000 
-6.372755 81.511688 -1.782700 -21.288353 8.176819 0.000000 0.000000 
-6.357885 81.519005 -1.018704 -17.543312 6.450703 0.000000 0.000000 
5.725088 81.912079 -2.106988 -16.992775 8.136738 0.000000 0.000000 
5.998900 81.907829 -0.969726 -17.954239 7.484246 0.000000 0.000000 
-6.635111 81.946098 2.132361 -6.595444 13.678043 0.000000 0.000000 
28.535364 77.164444 3.129945 -13.067307 9.042061 0.000000 1.000000 
31.457499 76.480461 -7.371768 -10.784149 7.085583 0.000000 0.000000 
45.273685 68.854836 2.500016 6.365135 16.966934 0.000000 0.000000 
43.959293 69.776604 -3.914629 -9.829536 5.233037 0.000000 0.000000 
43.846294 70.087585 -5.117240 3.631424 16.933304 0.000000 0.000000 
44.111565 70.052231 -4.778897 8.281647 21.130571 0.000000 0.000000 
44.066814 70.142265 -5.041411 -0.247612 13.348469 0.000000 0.000000 
45.929909 68.874352 3.880490 13.502357 21.824953 0.000000 0.000000 
45.854946 68.937210 3.710082 15.712668 23.501720 0.000000 0.000000 
45.013504 69.654068 -4.430294 -8.249641 8.432407 0.000000 0.000000 
47.123249 68.318352 1.027155 3.787094 13.789864 0.000000 0.000000 
46.107452 69.149300 1.356485 9.553894 21.400539 0.000000 0.000000 
46.103836 69.201004 3.606618 15.852104 25.666435 0.000000 0.000000 
46.153839 69.167549 -4.972984 14.570305 24.090366 0.000000 0.000000 
32.004196 77.186966 -5.444325 -13.139015 6.776249 0.000000 0.000000 
46.210640 69.335678 -4.180146 3.918762 16.108513 0.000000 0.000000 
46.623543 69.141144 -4.577969 7.195312 19.163839 0.000000 0.000000 
-17.420580 82.181671 -2.430737 -9.177444 12.246380 0.000000 0.000000 
-17.433111 82.212395 -2.817549 -12.710159 11.493904 0.000000 0.000000 
46.608028 69.381836 -4.165027 4.429939 16.700089 0.000000 0.000000 
46.713581 69.311035 -4.494493 3.614120 18.263866 0.000000 0.000000 
46.222084 69.773781 -5.072832 -2.042534 10.378345 0.000000 0.000000 
32.405067 77.798111 -5.001972 -13.219002 7.358651 0.000000 0.000000 
45.487930 70.676971 -4.892935 0.223198 14.635220 0.000000 0.000000 
48.621498 68.664444 -4.398555 -4.058731 5.447731 0.000000 0.000000 
46.738270 70.057838 -4.010118 -3.263077 11.790657 0.000000 0.000000 
7.919650 84.640396 1.500918 -17.373360 6.318211 0.000000 0.000000 
45.267994 71.308037 -4.592098 -0.578682 13.953541 0.000000 0.000000 
44.601051 71.768204 -3.716810 0.397858 13.839088 0.000000 0.000000 
46.590244 70.448944 2.867449 -1.116524 13.853565 0.000000 0.000000 
44.649593 71.770828 -4.315118 -1.186638 14.272289 0.000000 0.000000 
47.092686 70.114067 -5.416244 3.612762 13.051559 0.000000 0.000000 
-5.404345 84.999565 -0.994258 -6.277023 13.056808 0.000000 0.000000 
47.495262 69.901863 -4.714036 -0.844650 14.579006 0.000000 0.000000 
7.097913 85.119736 1.234050 -12.294754 7.313511 0.000000 0.000000 
7.078704 85.234825 0.629165 -14.203804 8.273666 0.000000 0.000000 
44.429733 72.435867 -3.964126 4.672569 16.449863 0.000000 0.000000 
48.323376 69.769691 2.742087 3.648643 16.382263 0.000000 0.000000 
47.830208 70.131317 -5.339953 7.832123 16.933125 0.000000 0.000000 
47.526752 70.444809 -5.286899 7.513985 15.844486 0.000000 0.000000 
47.628841 70.498772 4.804692 -0.720856 10.412933 0.000000 0.000000 
44.092434 73.124901 -4.668740 7.367920 18.029987 0.000000 0.000000 
-18.610155 83.854248 0.988258 -11.098557 10.841640 0.000000 0.000000 
44.074829 73.173172 -5.469765 3.315491 16.773891 0.000000 0.000000 
-5.444973 85.848656 -1.334082 -10.147621 11.474239 0.000000 0.000000 
-17.614714 84.125854 -1.461260 -9.945877 13.042980 0.000000 0.000000 
44.316757 73.365044 5.149262 -5.058205 9.640724 0.000000 0.000000 
44.715485 73.137360 -3.927914 4.271790 15.760788 0.000000 0.000000 
-5.430019 86.176895 -1.062927 10.651428 28.447926 0.000000 0.000000 
-5.410654 86.249481 -1.205524 0.774353 19.566692 0.000000 0.000000 
-5.413008 86.251106 -1.124165 8.649368 26.607744 0.000000 0.000000 
44.843594 73.260185 3.167086 3.255966 14.158367 0.000000 0.000000 
-5.429621 86.316818 -1.151208 -4.050766 14.394169 0.000000 0.000000 
-6.184927 86.275291 -1.247691 -3.727402 14.808674 0.000000 0.000000 
48.909027 70.490814 3.228037 1.491829 12.600700 0.000000 0.000000 
44.198742 73.720764 -3.689614 -0.925339 13.420883 0.000000 0.000000 
44.049084 73.852386 -4.611641 1.452621 14.016914 0.000000 0.000000 
44.367611 73.978149 4.835490 -2.029137 12.578838 0.000000 0.000000 
-6.371335 86.616020 -0.757369 -5.045403 18.080318 0.000000 0.000000 
-18.182894 84.854828 -1.935941 3.902542 22.339050 0.000000 0.000000 
48.584282 71.183685 3.836707 3.765800 12.937996 0.000000 0.000000 
-18.737915 84.792076 -2.200529 -6.181848 15.168598 0.000000 0.000000 
-18.381212 84.880104 -1.903695 -5.019730 14.859875 0.000000 0.000000 
48.321163 71.563408 3.824979 2.242462 12.258533 0.000000 0.000000 
-5.530653 86.909889 -1.201000 -5.135033 13.177467 0.000000 0.000000 
-6.580102 87.010620 -0.709667 -4.149719 16.293339 0.000000 0.000000 
-5.733298 87.078362 -1.280738 -13.788010 8.613384 0.000000 0.000000 
48.032452 72.262444 1.857321 -4.840744 9.068993 0.000000 0.000000 
-36.369656 79.138596 2.341316 -12.364746 6.856743 0.000000 0.000000 
4.725058 87.350479 5.819001 2.137772 25.556679 0.000000 0.000000 
49.413200 71.591660 3.290097 -0.825104 7.753579 0.000000 0.000000 
51.207767 70.458099 3.091167 -2.113045 7.112824 0.000000 0.000000 
0.843430 87.897369 5.208674 9.713699 31.156410 0.000000 0.000000 
0.598865 87.901535 5.911325 29.541321 45.266232 0.000000 0.000000 
0.532035 87.911743 -10.078767 15.641411 31.968901 0.000000 0.000000 
52.206413 69.885284 -6.252959 2.243454 8.954468 0.000000 0.000000 
4.732927 88.000397 6.270096 -3.553200 21.280306 0.000000 0.000000 
2.692935 88.107086 5.755411 16.335602 36.615433 0.000000 0.000000 
0.699787 88.152748 6.367411 27.930946 42.336945 0.000000 0.000000 
0.472006 88.173599 -10.112717 18.283569 32.715744 0.000000 0.000000 
52.870144 69.553955 3.890948 2.295898 6.196408 0.000000 0.000000 
-35.362904 80.421272 3.691649 4.677559 18.590992 0.000000 0.000000 
0.378075 88.239311 -9.810517 3.678627 18.796627 0.000000 0.000000 
51.802059 70.916534 -5.454597 -0.712738 8.455544 0.000000 0.000000 
52.808174 70.171379 4.485836 2.274368 9.917141 0.000000 0.000000 
0.624762 88.813026 6.589902 13.496712 28.765776 0.000000 0.000000 
44.425976 76.439621 4.867546 -2.672020 11.231098 0.000000 0.000000 
0.771745 89.066254 6.791137 11.611908 27.369501 0.000000 0.000000 
43.383755 77.209511 2.647217 -4.992424 9.317951 0.000000 0.000000 
-6.004854 89.062401 -1.259517 -13.936218 8.478630 0.000000 0.000000 
6.362789 89.059128 4.904960 -6.380104 16.322193 0.000000 0.000000 
6.399732 89.201851 -7.337626 -9.252556 16.038841 0.000000 0.000000 
6.303030 89.233543 3.565139 -8.483032 14.000553 0.000000 0.000000 
-29.234037 84.413956 3.305397 -8.207977 9.758541 0.000000 0.000000 
45.821320 76.271812 3.122617 -7.767426 6.107625 0.000000 0.000000 
-28.542860 84.750626 3.358321 -9.479584 7.770752 0.000000 0.000000 
-5.505589 89.544067 -0.149926 -7.094780 12.305233 0.000000 0.000000 
-6.825113 89.554451 -9.675335 -8.635475 15.011665 0.000000 0.000000 
7.737020 89.475807 3.556133 -7.213875 14.825531 0.000000 0.000000 
6.264019 89.640999 -6.280442 -5.455658 15.885319 0.000000 0.000000 
-19.736942 87.603012 -10.718576 -7.310089 16.228161 0.000000 0.000000 
55.465046 69.779793 -6.993850 -2.175529 5.365468 0.000000 0.000000 
45.227959 77.228180 -4.175954 -3.142563 8.894112 0.000000 0.000000 
-5.714980 89.965576 4.885028 -5.900177 15.488289 0.000000 0.000000 
-6.794033 89.948128 2.289531 -7.640016 15.264336 0.000000 0.000000 
-29.810701 84.930229 3.372211 1.103210 18.119095 0.000000 0.000000 
-29.335897 85.178932 4.125085 -7.894676 13.796009 0.000000 0.000000 
-29.049839 85.310257 2.708386 -2.443047 17.029987 0.000000 0.000000 
-29.082233 85.303749 3.936295 -3.942734 14.725945 0.000000 0.000000 
-29.623997 85.167122 3.316573 3.753761 20.424686 0.000000 0.000000 
-30.114511 84.994186 3.641834 2.907387 19.934317 0.000000 0.000000 
-31.095125 84.620186 5.872180 -5.399666 11.040283 0.000000 0.000000 
-29.356991 85.390076 3.409631 -4.074646 13.307934 0.000000 0.000000 
44.965126 78.075340 5.883113 -6.616020 5.909268 0.000000 0.000000 
-30.645233 85.209129 3.168144 2.878738 18.516098 0.000000 0.000000 
-31.989290 84.705246 3.481371 1.036560 16.838577 0.000000 0.000000 
-31.516989 84.941414 2.442233 -6.861816 14.774231 0.000000 0.000000 
7.415277 90.573700 -5.886658 -12.244362 14.282173 0.000000 0.000000 
45.361137 78.372406 0.393561 -3.619919 9.391102 0.000000 0.000000 
-7.242567 90.795296 -6.038330 -11.791061 13.300919 0.000000 0.000000 
45.269165 78.459869 3.724820 2.756523 13.481773 0.000000 0.000000 
38.029366 82.450310 3.101936 3.518654 14.998535 0.000000 0.000000 
45.109741 78.626862 -4.716828 9.132904 18.848042 0.000000 0.000000 
44.351715 79.121544 3.470491 6.622810 18.248116 0.000000 0.000000 
-30.705521 85.713783 4.646953 -2.901688 16.004963 0.000000 0.000000 
44.077446 79.400429 1.970484 -10.660974 5.893155 0.000000 0.000000 
-5.659255 91.351768 3.648377 1.154663 20.715195 0.000000 0.000000 
39.863716 81.975433 2.867754 -5.146820 10.973404 0.000000 0.000000 
-7.446989 91.261314 -5.482360 -0.583717 19.856533 0.000000 0.000000 
-7.312376 91.302238 -7.106096 0.505974 21.514223 0.000000 0.000000 
-5.905811 91.479759 -8.569634 -0.054985 20.042366 0.000000 0.000000 
-31.659781 85.812630 4.430016 -2.038185 14.157040 0.000000 0.000000 
-5.607423 91.728981 3.535037 3.308426 22.603584 0.000000 0.000000 
-5.950166 91.791420 -8.170255 2.237518 19.889698 0.000000 0.000000 
-7.818591 91.649284 4.453348 -2.801994 19.420990 0.000000 0.000000 
-4.723949 91.974388 6.578621 -4.273415 16.013798 0.000000 0.000000 
-32.197701 86.032143 -9.350102 -5.872696 12.317715 0.000000 0.000000 
45.400696 79.613373 1.891129 0.084946 12.618221 0.000000 0.000000 
45.028748 80.053078 2.353684 0.990036 14.761547 0.000000 0.000000 
-5.432124 92.278748 13.462019 -2.029724 16.855789 0.000000 0.000000 
38.417686 83.709091 3.813956 1.729027 16.135723 0.000000 0.000000 
48.941360 77.731224 1.995021 -4.245735 7.074650 0.000000 0.000000 
38.712727 83.570709 3.111274 6.076683 24.996759 0.000000 0.000000 
37.754353 84.030846 3.175788 6.213585 23.943264 0.000000 0.000000 
48.583233 77.971886 1.866669 5.791641 13.640175 0.000000 0.000000 
-5.984205 92.283981 6.630754 -4.340919 20.434389 0.000000 0.000000 
38.539894 83.665154 3.180287 9.275375 20.566912 0.000000 0.000000 
44.861992 80.311287 0.209910 3.209190 16.936966 0.000000 0.000000 
45.931511 79.673325 -0.854012 1.411591 13.790768 0.000000 0.000000 
-7.396108 92.201286 6.610332 0.598152 20.977394 0.000000 0.000000 
48.947319 77.787529 2.811344 -0.340324 11.211273 0.000000 0.000000 
-8.474011 92.396187 3.731147 -9.690331 11.670238 0.000000 0.000000 
-7.661711 92.561470 5.124419 0.907654 21.634638 0.000000 0.000000 
-7.372267 92.589584 7.573981 -6.430801 17.313438 0.000000 0.000000 
-4.696849 92.961983 2.693481 -6.035957 14.321285 0.000000 0.000000 
-7.057744 93.004974 2.256198 6.246544 24.011475 0.000000 0.000000 
-6.099741 93.091270 5.896387 -0.057167 20.226326 0.000000 0.000000 
-6.648843 93.074333 3.155472 2.540237 20.933277 0.000000 0.000000 
-32.072708 87.553719 3.335004 -9.568893 6.823327 0.000000 0.000000 
-6.050775 93.539101 3.622513 -2.003395 18.115559 0.000000 0.000000 
-5.797400 93.595772 -5.697171 -2.387993 19.367981 0.000000 0.000000 
-7.818214 93.479973 5.543721 -0.869583 19.631973 0.000000 0.000000 
-4.507411 93.877029 9.667040 -6.802528 16.698318 0.000000 0.000000 
-4.298079 93.964081 -11.842914 -1.851685 18.619972 0.000000 0.000000 
-7.479335 93.766983 -10.374819 -6.145494 14.836727 0.000000 0.000000 
37.075996 86.296371 2.786007 -9.164520 6.941605 0.000000 0.000000 
-21.530411 91.709076 -10.336480 -14.794540 8.511494 0.000000 0.000000 
43.795727 82.995338 3.719877 -11.213165 4.474385 0.000000 0.000000 
-4.328251 94.420265 7.512578 -9.182579 14.942154 0.000000 0.000000 
-7.766614 94.195839 5.998841 -4.752228 15.931904 0.000000 0.000000 
-4.862374 94.491287 7.141250 -3.779083 17.955875 0.000000 0.000000 
7.366647 94.333481 -6.806121 -8.696709 15.492268 0.000000 0.000000 
-5.755103 94.464920 -4.732756 -5.338287 14.956818 0.000000 0.000000 
8.563748 94.298080 -6.180579 -5.730659 13.992199 0.000000 0.000000 
-21.523668 92.302490 9.806433 -2.123009 16.242199 0.000000 0.000000 
-21.452848 92.382080 9.944975 1.021614 17.989285 0.000000 0.000000 
44.396969 83.522751 3.034922 -3.971336 9.009716 0.000000 0.000000 
8.505561 94.682251 4.230515 -5.715446 17.025669 0.000000 0.000000 
-21.487225 92.520882 9.546784 -2.187492 17.715038 0.000000 0.000000 
37.325443 87.147148 3.667860 -5.417114 11.190495 0.000000 0.000000 
7.636230 95.209328 2.822462 -6.391235 14.932259 0.000000 0.000000 
7.724462 95.215309 3.393338 -12.842308 9.236263 0.000000 0.000000 
8.478168 95.213951 -5.773703 -11.091455 8.632019 0.000000 0.000000 
37.521835 87.581123 3.939662 -7.435371 11.055576 0.000000 0.000000 
-28.360210 91.180954 12.912127 -6.780281 12.900631 0.000000 0.000000 
48.485760 81.873970 3.494637 -1.805801 11.523483 0.000000 0.000000 
37.373672 87.800575 2.970838 -7.043983 12.435669 0.000000 0.000000 
-5.356072 95.640190 -1.402046 2.965637 19.941931 0.000000 0.000000 
-32.266140 89.946419 14.640448 -9.136064 9.923534 0.000000 0.000000 
37.278339 87.926735 2.734773 -6.638489 9.267746 0.000000 0.000000 
49.327835 81.469849 2.943954 -4.215317 8.372643 0.000000 0.000000 
50.172016 80.990234 2.498387 -3.099930 8.482826 0.000000 0.000000 
7.570251 95.947327 2.652513 -8.926918 10.990967 0.000000 0.000000 
8.196778 95.949387 -6.274888 -3.454338 14.556831 0.000000 0.000000 
7.713114 96.025459 -6.306922 -4.048088 14.984455 0.000000 0.000000 
46.699890 83.746765 -3.513412 -6.921074 11.053406 0.000000 0.000000 
-5.025466 96.264992 1.953735 -5.797989 12.691471 0.000000 0.000000 
8.449466 96.279655 3.300749 -13.003700 9.249928 0.000000 0.000000 
-33.650513 90.407394 8.117921 -10.265022 8.961899 0.000000 0.000000 
-6.769523 97.093849 -7.089441 -14.485367 7.244435 0.000000 0.000000 
-31.186602 92.268570 8.675014 -7.054718 9.942196 0.000000 0.000000 
-32.015617 92.030685 7.080878 -7.286415 10.705753 0.000000 0.000000 
47.056450 85.121124 -1.772588 -8.789902 5.436608 0.000000 0.000000 
74.677109 60.927097 -2.854141 1.349167 5.898503 1.000000 1.000000 
49.122936 84.286415 3.163877 -4.105576 7.468243 0.000000 0.000000 
-38.159557 90.090103 2.626687 -7.806633 9.142799 0.000000 0.000000 
-37.896206 90.227341 2.841556 -4.629448 11.272644 0.000000 0.000000 
-38.839577 90.007263 3.128411 -8.300035 9.678703 0.000000 0.000000 
-6.169099 98.249641 2.159217 -10.987823 13.229355 0.000000 0.000000 
-32.748405 92.650108 -12.243836 -3.869957 12.388050 0.000000 0.000000 
6.536180 98.332321 4.317630 -9.851921 10.417957 0.000000 1.000000 
-32.095913 93.029877 9.148767 -3.781746 14.889763 0.000000 0.000000 
5.569919 98.538681 -7.055489 -10.689659 11.542522 0.000000 0.000000 
-38.298954 90.684723 6.507185 -4.802414 13.475502 0.000000 0.000000 
-6.277082 98.577087 3.795854 0.940247 18.196224 0.000000 0.000000 
-6.725676 98.647346 3.240698 -6.428575 12.618763 0.000000 0.000000 
-6.429203 99.078850 4.033701 -2.817970 15.396595 0.000000 0.000000 
-6.521346 99.081909 2.477819 -2.481148 17.057858 0.000000 0.000000 
-7.791575 99.065742 -8.780825 -4.273735 16.412621 0.000000 0.000000 
-36.976700 91.946404 9.393678 -1.833160 15.275139 0.000000 0.000000 
-6.604122 99.212929 2.756596 0.625137 18.989067 0.000000 0.000000 
-37.200062 91.934036 -15.422703 -0.929245 15.379639 0.000000 0.000000 
-30.599150 94.594330 15.663645 -2.642715 15.244865 0.000000 0.000000 
-38.281082 91.663673 11.387460 -4.936707 10.881298 0.000000 0.000000 
-6.215137 99.511513 2.443777 -6.341179 15.602108 0.000000 0.000000 
-37.272362 92.167274 8.024920 -8.379494 11.719604 0.000000 0.000000 
-6.315806 99.513763 2.524780 -3.165184 17.826687 0.000000 0.000000 
-30.318832 94.930733 -12.293437 -0.715828 16.401089 0.000000 0.000000 
6.910301 99.599648 -9.278195 -4.995461 13.538116 0.000000 0.000000 
36.349983 92.800163 1.883008 -4.824478 14.121849 0.000000 0.000000 
-6.430975 99.826271 3.616414 -2.003326 14.883598 0.000000 0.000000 
-30.729300 95.151291 6.655095 5.783356 20.488432 0.000000 0.000000 
-30.715303 95.203888 7.761057 -0.466515 15.918148 0.000000 0.000000 
-30.126841 95.417282 7.871008 -0.803833 17.512764 0.000000 0.000000 
-39.605125 91.759438 5.923530 2.020546 17.167316 0.000000 0.000000 
-30.836157 95.247627 6.287092 0.008675 18.562729 0.000000 0.000000 
-38.121407 92.506996 0.363724 -8.600166 7.050694 0.000000 0.000000 
-35.696335 93.861801 10.833557 -4.931656 12.691402 0.000000 0.000000 
-30.953638 95.623573 -11.914569 -6.438828 14.381649 0.000000 0.000000 
-32.655357 95.229668 8.521861 -8.316307 10.683830 0.000000 0.000000 
-6.038291 100.823654 4.771229 -11.889412 8.828705 0.000000 0.000000 
-30.981182 95.937775 5.870020 -2.221428 15.126736 0.000000 0.000000 
-33.340794 95.137779 12.357434 -4.274437 14.002998 0.000000 0.000000 
-33.894138 94.934738 16.424139 -2.338791 12.919384 0.000000 0.000000 
-33.403381 95.196587 12.965937 -4.272339 13.396408 0.000000 0.000000 
6.809916 100.953423 -9.864843 -6.319458 12.426525 0.000000 0.000000 
-34.430729 95.056541 13.016735 -8.523468 12.271164 0.000000 0.000000 
-29.808865 96.852440 7.923222 -12.382927 10.625134 0.000000 0.000000 
-6.124073 101.338799 -1.648202 -9.189270 9.981182 0.000000 0.000000 
-28.960510 97.167976 8.419029 -0.956078 17.221027 0.000000 0.000000 
-31.609777 96.422607 8.597947 -7.551872 12.805557 0.000000 0.000000 
-28.532907 97.602097 9.356800 -6.208450 15.354862 0.000000 0.000000 
6.088731 101.698990 9.298470 -6.919357 12.865032 0.000000 0.000000 
-33.322727 96.317940 10.920892 -5.003929 11.613392 0.000000 0.000000 
-28.188189 98.364334 10.317603 -1.571510 14.741562 0.000000 0.000000 
-31.487034 97.337105 10.195949 -8.725693 11.264698 0.000000 0.000000 
-33.395451 96.728882 13.090487 -6.864464 14.041977 0.000000 0.000000 
-33.126209 96.960480 12.491706 -4.049255 13.371048 0.000000 0.000000 
-38.293720 94.994377 -11.349656 -2.281792 13.601089 0.000000 0.000000 
5.981799 102.551613 -13.150212 -14.039833 10.056335 0.000000 0.000000 
-37.786716 95.540375 11.699321 -8.737114 10.666512 0.000000 0.000000 
5.300096 103.029984 2.945021 -15.777451 6.797688 0.000000 1.000000 
-41.853535 93.918060 8.388056 -2.936935 10.659946 0.000000 0.000000 
-29.260895 98.842766 9.365790 -8.688600 13.185883 0.000000 0.000000 
-29.457355 98.796776 -11.899384 -1.350327 16.955814 0.000000 0.000000 
-30.136763 98.586800 10.878356 -5.307701 12.267128 0.000000 0.000000 
7.597700 103.094360 -7.619442 -8.008972 8.963608 0.000000 0.000000 
-30.191210 98.964844 11.376725 -7.084312 11.777500 0.000000 0.000000 
44.722080 93.078773 -4.841062 -5.141457 8.780811 0.000000 0.000000 
-28.803564 99.501122 10.521045 -9.490303 10.244026 0.000000 0.000000 
-42.807766 94.108307 7.216197 -8.228868 8.731194 0.000000 0.000000 
-47.231937 92.033546 6.203301 -5.683029 11.252132 0.000000 0.000000 
-29.098682 99.591240 9.971499 -8.913872 10.176998 0.000000 0.000000 
-37.172726 96.815704 -13.918693 -10.353859 9.165649 0.000000 0.000000 
-30.496744 99.226158 10.884629 -2.168884 13.303844 0.000000 0.000000 
44.683907 93.538750 5.147544 6.921234 18.812252 0.000000 0.000000 
44.749859 93.673538 5.611413 6.867729 17.778961 0.000000 0.000000 
-29.580811 99.791061 12.086117 -11.880379 9.175102 0.000000 0.000000 
7.717355 103.975357 2.020293 -1.780556 15.713070 0.000000 0.000000 
-29.661152 99.995644 9.357349 -11.264603 7.966649 0.000000 0.000000 
-42.370575 95.200607 9.491898 -6.558220 11.737331 0.000000 0.000000 
9.649180 104.201843 0.489614 -15.684471 6.114998 0.000000 1.000000 
44.979115 94.276237 4.240510 12.408423 22.142197 0.000000 0.000000 
44.856781 94.383598 -6.727441 -0.769028 13.147091 0.000000 0.000000 
-5.965120 104.723564 -0.534780 -12.555740 7.399792 0.000000 0.000000 
44.842945 94.529388 3.252764 1.611305 15.189304 0.000000 0.000000 
43.988926 94.975075 3.277988 0.309868 12.312805 0.000000 0.000000 
-42.542904 95.739235 2.467468 -7.601250 9.628410 0.000000 0.000000 
-5.937339 105.159058 -2.058836 -16.163033 3.608914 0.000000 0.000000 
7.746132 105.035439 0.716756 -14.627937 6.515801 0.000000 0.000000 
-5.652935 105.187988 -1.757427 -16.271889 3.753571 0.000000 0.000000 
-6.090002 105.250916 -2.608427 -5.765038 14.860634 0.000000 0.000000 
-46.852592 94.021286 0.842823 -8.463943 9.563019 0.000000 0.000000 
8.427970 105.132027 2.528936 -3.830307 18.908218 0.000000 0.000000 
8.076671 105.217400 2.417931 3.162933 20.085293 0.000000 0.000000 
7.554156 105.263329 10.204288 -9.529747 12.166855 0.000000 0.000000 
8.228105 105.225372 10.502700 -3.627182 16.462971 0.000000 0.000000 
7.715489 105.276054 3.244981 -3.291267 16.204315 0.000000 0.000000 
8.035800 105.482422 3.888420 -4.185982 15.164963 0.000000 0.000000 
7.428017 105.545876 9.693521 -5.325699 13.816425 0.000000 0.000000 
6.333750 105.616661 -8.205222 -6.937317 11.737774 0.000000 0.000000 
44.767414 95.501251 3.668108 -2.097794 12.255905 0.000000 0.000000 
7.327185 105.591705 3.010370 -6.874207 14.373779 0.000000 0.000000 
7.667322 105.690735 8.885738 -9.731911 8.007988 0.000000 0.000000 
8.520179 105.769936 11.455209 -10.224876 10.224125 0.000000 0.000000 
-49.627529 93.309196 5.900237 -6.634552 7.374489 0.000000 0.000000 
7.919377 105.889977 2.851520 -5.450157 14.858051 0.000000 0.000000 
7.810252 105.952812 10.080534 -4.043900 16.014660 0.000000 0.000000 
76.397682 72.059814 13.386483 5.880188 4.241833 0.000000 0.000000 
8.028377 105.978111 -13.568866 -4.457939 14.226345 0.000000 0.000000 
45.022400 95.911209 4.859379 3.653290 17.077976 0.000000 0.000000 
44.299713 96.295433 3.174810 7.418159 18.650707 0.000000 0.000000 
44.476109 96.241600 3.436100 6.455078 18.217590 0.000000 0.000000 
51.270004 92.680946 3.730993 -6.143936 7.052716 0.000000 0.000000 
-6.478653 106.429276 6.504494 -12.733101 8.386513 0.000000 0.000000 
-40.970165 98.220879 12.008285 -6.969223 10.974323 0.000000 0.000000 
44.775551 96.488609 0.716129 -3.835976 8.907146 0.000000 0.000000 
-28.832754 102.722275 13.578137 -12.928825 8.463421 0.000000 0.000000 
44.692375 96.779327 2.663823 -4.382111 9.250404 0.000000 0.000000 
6.530994 106.784737 -8.559811 -2.273003 14.081768 0.000000 0.000000 
45.132576 96.634140 4.436427 -4.231766 11.497066 0.000000 0.000000 
6.133795 106.898666 -8.340185 -0.265213 16.133537 0.000000 0.000000 
7.404818 106.880814 3.529726 -1.876572 14.639469 0.000000 0.000000 
44.354839 97.306541 1.970029 -8.438087 6.731389 0.000000 1.000000 
44.675713 97.640007 1.784053 -7.831924 6.782300 0.000000 1.000000 
5.130085 107.612885 -9.024003 -13.943535 7.987771 0.000000 0.000000 
4.718188 107.662628 4.111022 -11.692940 11.239388 0.000000 0.000000 
8.304176 107.491302 7.687287 -10.487175 12.869629 0.000000 0.000000 
6.122938 107.715767 6.434821 -8.788353 17.716633 0.000000 0.000000 
-35.419266 101.734444 7.853568 7.424316 21.237598 0.000000 0.000000 
-35.913086 101.590721 7.675897 2.396568 16.589348 0.000000 0.000000 
5.612794 107.867752 -7.073622 -3.212334 14.133587 0.000000 0.000000 
-30.056448 103.598480 -11.433945 -7.579109 12.239193 0.000000 0.000000 
9.529492 107.908684 4.457578 -12.251015 10.608349 0.000000 0.000000 
-35.308605 102.208366 9.045407 -1.112778 14.393387 0.000000 0.000000 
-35.145210 102.291893 -11.788127 1.050957 16.177681 0.000000 0.000000 
-45.604893 98.048317 6.209610 -10.185707 6.763211 0.000000 0.000000 
-47.496510 97.190170 3.612561 -11.143013 7.246411 0.000000 0.000000 
-20.809406 106.813278 6.459001 -2.330750 14.050365 0.000000 0.000000 
-45.757683 98.521141 2.561633 -7.752075 7.410653 0.000000 0.000000 
-44.552689 99.124092 3.986281 -5.752617 7.322602 0.000000 0.000000 
-5.272485 109.056152 -1.564707 -7.845947 10.008965 0.000000 0.000000 
-45.436741 98.976074 3.323979 -7.076691 8.210484 0.000000 0.000000 
-45.625801 98.895805 3.211364 -5.185760 8.149940 0.000000 0.000000 
-5.341136 109.152588 -1.487192 -11.033661 8.977058 0.000000 0.000000 
8.225772 109.005089 4.375694 -11.515428 9.345478 0.000000 0.000000 
8.134136 109.122063 5.105711 -14.621445 6.655377 0.000000 0.000000 
6.548116 109.525757 3.077585 -10.754967 11.243690 0.000000 0.000000 
7.306432 109.513664 4.390682 -6.662004 13.559631 0.000000 0.000000 
-20.812485 107.734612 7.004253 -6.804306 10.551544 0.000000 0.000000 
-6.270019 109.725021 -2.533506 -15.759872 3.401429 0.000000 0.000000 
-42.303780 101.108673 -0.373910 -14.445999 4.061978 0.000000 0.000000 
-20.406496 108.218666 6.835881 -1.231468 16.265186 0.000000 0.000000 
-20.244455 108.297173 6.076586 -2.028412 15.632195 0.000000 0.000000 
-20.490452 108.250656 -9.415003 -3.703499 15.192974 0.000000 0.000000 
6.909361 110.385811 3.244038 -7.879761 13.189812 0.000000 0.000000 
7.447043 110.726936 3.049522 -5.934837 13.412663 0.000000 0.000000 
-6.834123 110.775215 5.778736 2.052612 18.334988 0.000000 0.000000 
-21.502634 108.850571 5.700873 -12.455925 10.669086 0.000000 0.000000 
7.748977 110.769203 5.188118 -6.080461 16.224915 0.000000 0.000000 
-6.798405 111.017509 3.656307 -4.482697 13.099846 0.000000 0.000000 
-6.340331 111.051315 -5.655151 -6.307243 13.417606 0.000000 0.000000 
8.429804 111.266289 3.013201 -16.513161 5.447251 0.000000 0.000000 
7.664018 111.420921 2.375361 -3.434944 13.862526 0.000000 0.000000 
8.034457 111.593369 2.527161 -5.326097 12.406837 0.000000 0.000000 
8.328744 111.631378 -11.298316 -16.342484 5.412587 0.000000 0.000000 
-5.293090 111.898605 -2.632956 -17.858994 3.900506 0.000000 0.000000 
-21.126907 109.942696 4.819657 -10.973831 7.916607 0.000000 0.000000 
-10.827392 111.663193 0.199829 -15.160606 5.132489 0.000000 0.000000 
0.811630 112.402809 2.135396 -16.732948 3.572464 1.000000 1.000000 
6.734015 112.256569 5.255743 -12.527101 8.743725 0.000000 0.000000 
6.834787 112.952370 3.719574 -8.685997 8.722073 0.000000 0.000000 
6.687156 112.986023 3.318703 -12.762650 7.046208 0.000000 0.000000 
7.767882 112.999428 -6.496281 -8.416283 7.999264 0.000000 0.000000 
8.022130 113.105064 -6.126801 -3.037476 13.661118 0.000000 0.000000 
8.749088 113.408577 -5.576729 -13.410446 6.366791 0.000000 0.000000 
7.930142 113.504478 3.933248 -12.784738 5.855011 0.000000 0.000000 
7.923687 113.626511 -5.598288 -12.766609 6.092648 0.000000 0.000000 
-5.889232 113.896622 -1.212837 -8.135124 9.786224 0.000000 0.000000 
-5.824559 113.901001 -2.320182 -9.830948 9.231358 0.000000 0.000000 
-5.629732 113.934410 -0.790965 -5.248512 11.116848 0.000000 0.000000 
-46.751324 103.726959 4.594535 -10.070085 5.206467 0.000000 0.000000 
46.725128 104.043015 -3.348151 -11.961906 4.010437 0.000000 1.000000 
-14.335015 113.493988 4.214149 -11.210548 6.920075 0.000000 0.000000 
7.950001 114.209389 4.503187 -10.249138 8.117744 0.000000 0.000000 
7.433447 114.265335 2.675999 -15.723976 7.305253 0.000000 0.000000 
-13.376710 114.242264 4.561831 -8.674417 10.188850 0.000000 0.000000 
-5.862655 115.079834 1.927490 -10.284822 8.351665 0.000000 0.000000 
-13.307629 114.571266 4.046072 -14.487534 3.966534 0.000000 0.000000 
-13.234703 114.595352 4.542223 -4.604431 12.080154 0.000000 0.000000 
-13.554959 114.949493 4.682651 -8.528267 11.870621 0.000000 0.000000 
-14.617128 114.843475 3.278496 -6.049896 13.012280 0.000000 0.000000 
-7.187866 115.605682 1.222946 -11.129478 9.780159 0.000000 0.000000 
-6.212234 115.657684 0.317387 -12.583008 6.010911 0.000000 0.000000 
-5.668325 115.774109 2.607010 -11.847343 7.385598 0.000000 0.000000 
-5.594393 115.825104 3.257993 -10.365685 8.399502 0.000000 0.000000 
-5.978549 115.861771 2.942089 -7.817909 9.750221 0.000000 0.000000 
-13.782135 115.375580 -9.416705 -9.020088 9.300713 0.000000 0.000000 
-5.797570 116.102676 -8.176671 -6.626633 11.538250 0.000000 0.000000 
-6.159832 116.271622 0.269498 2.300201 19.142975 0.000000 0.000000 
-5.996425 116.288109 0.506881 7.596107 20.750214 0.000000 0.000000 
-5.046393 116.662766 3.784538 -10.967941 7.675797 0.000000 0.000000 
-5.549665 116.719513 -6.380267 -11.178459 4.322247 0.000000 0.000000 
76.343735 87.588890 -2.846364 5.074593 6.369679 1.000000 1.000000 
-5.279921 117.088608 3.061791 -13.894585 4.912953 0.000000 0.000000 
6.125820 117.341873 8.587575 -8.250412 9.796844 0.000000 0.000000 
-6.183835 117.574730 -4.697699 -3.114067 11.114933 0.000000 0.000000 
-4.142202 117.818069 0.992728 -11.374435 5.942097 0.000000 0.000000 
5.673541 117.973099 -9.784518 -7.735527 11.354961 0.000000 0.000000 
-31.464609 113.725601 12.045060 -6.811394 7.156929 0.000000 0.000000 
-31.049093 114.291039 12.990035 -5.789825 8.263454 0.000000 0.000000 
6.356499 118.914070 -6.877325 -3.321907 12.698650 0.000000 0.000000 
78.259071 88.721458 -2.325862 4.550621 6.763398 1.000000 1.000000 
6.892705 119.079964 -8.023599 -11.659798 7.801785 0.000000 0.000000 
4.374168 119.289551 -9.952494 -13.816406 7.283730 0.000000 0.000000 
5.316149 119.567116 -9.898796 -13.576355 7.552681 0.000000 0.000000 
5.121042 120.014633 -8.911821 -5.257263 11.041908 0.000000 0.000000 
7.303482 120.784447 7.304996 -6.687813 10.022377 0.000000 0.000000 
45.761238 112.269753 -6.944963 -9.778427 6.334839 0.000000 1.000000 
-6.520233 122.610985 5.084037 4.956818 18.721531 0.000000 0.000000 
-5.652199 122.805542 3.205014 -10.076851 7.700131 0.000000 0.000000 
-6.476427 122.980911 4.791647 8.466919 21.829473 0.000000 0.000000 
-29.561380 119.939529 11.070382 -9.026123 7.690030 0.000000 1.000000 
-5.864230 123.529465 -0.248959 -8.777176 8.128307 0.000000 0.000000 
6.692219 123.850456 -8.138885 -5.991165 10.383499 0.000000 0.000000 
80.741951 93.251167 -0.593514 1.541649 3.386464 1.000000 1.000000 
-5.682463 125.628532 -1.278412 -2.070190 12.576820 0.000000 0.000000 
82.629066 94.061737 -0.833568 3.626022 5.008225 1.000000 1.000000 
-4.376544 126.657463 2.739118 -14.663788 5.248909 0.000000 0.000000 
-4.012240 126.586510 0.433692 -16.724770 4.988472 1.000000 1.000000 
-3.983755 126.674698 4.674290 -10.343163 6.885060 0.000000 0.000000 
-4.376247 127.867897 3.065081 -5.158348 10.264908 0.000000 0.000000 
-8.149148 130.805786 3.081042 -7.107155 8.316719 0.000000 0.000000 
-7.908075 131.120651 2.831206 -6.248833 8.171371 0.000000 0.000000 
-5.141851 132.101837 -1.366939 -15.037132 2.596230 0.000000 0.000000 
-5.701005 132.454803 -1.942281 -10.704300 4.908703 0.000000 0.000000 
-4.307687 132.620178 -1.121111 -14.659943 4.122216 0.000000 0.000000 
-6.186703 132.676025 3.104799 -4.343094 9.042091 0.000000 0.000000 
-5.721964 133.088593 -1.609089 -10.168373 4.373642 0.000000 0.000000 
-5.593344 133.191101 -1.459676 -10.154480 4.844716 0.000000 0.000000 
-6.138356 133.215149 2.920606 -5.707886 7.003029 0.000000 0.000000 
-5.377817 133.351379 -0.905793 -11.557999 4.162121 0.000000 0.000000 
-6.249408 133.817719 5.146932 -2.347115 10.658306 0.000000 0.000000 
-5.909160 133.971497 3.105669 5.085968 17.130707 0.000000 0.000000 
-5.921707 134.060699 4.332234 -0.997406 11.176167 0.000000 0.000000 
-5.687438 134.260559 2.966555 -1.745720 11.962952 0.000000 0.000000 
-5.449436 134.347076 4.585155 -4.746048 8.852619 0.000000 0.000000 
-5.957409 134.690613 3.662096 -6.553406 9.027290 0.000000 0.000000 
-5.708882 134.795898 -4.666644 6.005890 17.414143 0.000000 0.000000 
-4.181695 135.083221 4.716695 -9.127823 6.456147 0.000000 0.000000 
-6.031137 135.021393 5.656034 -0.070305 12.662281 0.000000 0.000000 
-6.343611 135.049225 5.501380 1.409615 12.811466 0.000000 0.000000 
-6.121815 135.130066 6.879115 2.553818 14.804268 0.000000 0.000000 
-6.437758 135.329407 5.083216 -6.657684 6.221997 0.000000 0.000000 
-6.199458 135.475983 6.048594 -3.811592 10.046444 0.000000 0.000000 
-5.737721 135.538391 -3.288826 -4.710068 9.671459 0.000000 0.000000 
-5.356744 136.329498 4.897582 -6.897873 8.316936 0.000000 0.000000 
-4.537467 136.473297 5.558462 -7.188980 7.102967 0.000000 0.000000 
-6.117413 136.480133 5.331406 -7.120996 6.707943 0.000000 0.000000 
-6.132021 136.806458 5.818377 -12.696426 4.688984 0.000000 1.000000 
-6.567428 136.991516 4.534364 -6.255737 6.478981 0.000000 0.000000 
-20.803902 135.569824 6.031168 -4.018257 11.208031 0.000000 0.000000 
-22.313076 135.503143 8.863565 -2.369850 12.828938 0.000000 0.000000 
-22.455894 135.506744 8.618782 -3.516487 10.647850 0.000000 0.000000 
-21.993912 135.589966 5.135862 -1.325928 12.227123 0.000000 0.000000 
-23.212814 135.803711 7.885762 -4.909248 13.376656 0.000000 0.000000 
-22.648115 136.029602 10.388641 -9.197113 6.173661 0.000000 0.000000 
-4.549827 139.455658 5.142745 -6.654800 7.232049 0.000000 0.000000 
-4.350809 139.508514 5.024410 -9.923233 4.913483 0.000000 0.000000 
-5.032993 139.920319 6.135921 -10.579544 4.959408 0.000000 0.000000 
-5.210295 140.209961 -10.365073 -9.617639 6.275074 0.000000 0.000000 
-5.525827 140.383575 -12.170072 -11.472389 4.778653 0.000000 0.000000 
-6.499523 140.905029 -4.971711 0.766075 12.945759 0.000000 0.000000 
-6.184680 141.154114 -3.787606 -2.042587 11.645115 0.000000 0.000000 
-5.844015 141.605316 -8.020576 -8.907188 6.620736 0.000000 0.000000 
-6.132063 141.800171 5.066654 -11.931610 4.700615 0.000000 0.000000 
-6.154481 142.089142 5.550889 -5.496681 7.426041 0.000000 0.000000 
-6.375675 142.079224 5.474093 -9.285133 7.090283 0.000000 0.000000 
-32.313053 138.676270 12.597230 -9.967117 6.472878 0.000000 0.000000 
-6.573421 142.411011 4.861819 -7.231935 6.995606 0.000000 0.000000 
-31.672979 138.919098 13.081538 -6.960564 7.940224 0.000000 0.000000 
-32.492683 138.833038 14.957119 -9.010475 5.105389 0.000000 0.000000 
-5.268893 142.703430 -1.418239 -13.754448 3.947476 0.000000 0.000000 
-31.706867 139.378815 13.972258 -6.101425 7.575913 0.000000 0.000000 
-6.331933 143.202148 -0.216820 -8.636978 5.890061 0.000000 0.000000 
-5.134154 143.682404 -0.954993 -7.290817 6.374497 0.000000 0.000000 
-32.483364 140.141937 14.142224 -8.035858 7.516655 0.000000 0.000000 
-5.665352 143.897797 -0.681378 -2.940300 9.870495 0.000000 0.000000 
-5.613358 143.993042 -0.614030 -10.419702 5.976845 0.000000 0.000000 
-5.310215 144.005615 -2.035410 -8.980522 5.820847 0.000000 0.000000 
-31.078413 140.655029 12.789744 -4.520424 8.997585 0.000000 0.000000 
-31.042038 140.871429 12.743616 -9.528374 6.304974 0.000000 0.000000 
-29.188169 141.688599 11.527849 -6.577003 7.083558 0.000000 0.000000 
-35.202824 140.335449 13.136314 -4.724022 6.918149 0.000000 0.000000 
-31.691122 141.438263 17.353056 -7.667206 6.422734 0.000000 0.000000 
37.537636 140.155243 3.058041 -11.114021 3.682618 0.000000 1.000000 
-7.963013 145.324890 5.775249 -7.519806 6.305474 0.000000 0.000000 
-6.803886 145.520111 -2.684961 -6.899071 7.853570 0.000000 0.000000 
-32.400620 141.933075 12.536062 -10.008148 6.638119 0.000000 1.000000 
-7.790236 145.823334 3.740604 -6.731804 9.212894 0.000000 0.000000 
-6.512742 146.255829 -4.487862 -9.400186 9.628407 0.000000 0.000000 
-4.454660 146.435120 -2.363778 -11.937973 4.904019 0.000000 0.000000 
-4.464426 146.585724 -12.349832 -4.562233 7.273049 0.000000 0.000000 
-4.605856 146.637573 -11.801868 -4.905693 8.135231 0.000000 0.000000 
-6.260474 146.764832 -3.795250 -4.768524 8.903091 0.000000 0.000000 
-30.924711 143.713409 11.932928 -7.387650 7.329548 0.000000 0.000000 
10.433676 146.873077 0.840426 -1.964050 11.045788 0.000000 0.000000 
10.955732 146.873291 1.291259 -9.638855 7.148747 0.000000 0.000000 
9.405085 147.470154 -0.133152 0.350975 12.648727 0.000000 0.000000 
7.611346 147.992920 6.175995 17.741646 28.049210 0.000000 0.000000 
9.235344 148.016632 2.619000 -12.297333 4.527440 0.000000 0.000000 
8.023191 148.105408 -1.649868 -10.107965 3.867791 0.000000 0.000000 
9.000218 148.272430 1.399733 -7.676506 5.513318 0.000000 0.000000 
5.706306 148.734863 5.149220 1.307434 16.900730 0.000000 0.000000 
73.095551 129.253845 0.611089 -3.150169 5.355752 0.000000 0.000000 
-6.209601 149.277039 -0.560748 -12.415605 3.369359 0.000000 0.000000 
6.402514 149.276276 5.522225 15.009758 26.068359 0.000000 0.000000 
6.690851 149.317291 5.487056 1.344254 11.341599 0.000000 0.000000 
7.825448 149.285492 6.275829 24.537277 33.412979 0.000000 0.000000 
7.717440 149.312714 5.835574 23.890862 34.014202 0.000000 0.000000 
8.008049 149.315979 5.847724 12.890015 22.854073 0.000000 0.000000 
-16.908567 148.751709 6.137698 1.648201 13.682583 0.000000 0.000000 
7.665073 150.073700 4.073994 4.359268 18.297829 0.000000 0.000000 
-14.972011 149.540344 3.607267 4.975227 22.272190 0.000000 0.000000 
-31.643612 146.986542 1.318386 1.560699 15.194145 0.000000 1.000000 
-16.969620 149.524078 7.027773 1.947845 12.577202 0.000000 0.000000 
6.464288 150.564606 3.089504 -7.269707 6.976273 0.000000 0.000000 
-15.833411 149.899719 -8.534181 3.242828 16.818012 0.000000 0.000000 
-17.781116 149.873322 6.499691 -0.724922 14.204861 0.000000 0.000000 
9.432716 150.795471 -9.540408 3.511566 18.805305 0.000000 0.000000 
-22.171654 149.556641 6.516679 1.882568 17.360283 0.000000 0.000000 
10.200822 151.133026 -9.044878 1.635956 15.076515 0.000000 0.000000 
9.017205 151.403900 2.323885 -0.425598 13.423061 0.000000 0.000000 
-17.086555 150.877716 5.039118 -1.249214 13.973675 0.000000 0.000000 
-5.423048 151.950500 5.831299 -6.012886 8.148380 0.000000 0.000000 
-5.061921 152.006683 5.486744 -9.198051 8.788456 0.000000 0.000000 
-19.150845 150.873657 3.407483 -7.999597 7.823910 0.000000 0.000000 
9.585296 152.061584 -10.223461 -2.557579 10.594936 0.000000 0.000000 
8.973597 152.163788 -5.136536 -10.380287 5.943570 0.000000 0.000000 
8.471965 152.263580 3.292101 -1.861168 10.941269 0.000000 0.000000 
-4.688689 152.734772 5.630627 -9.917320 5.389527 0.000000 0.000000 
-6.063568 152.851746 5.288648 -2.084305 8.666840 0.000000 0.000000 
8.956907 152.915527 3.078505 -9.279289 4.399479 0.000000 0.000000 
9.740813 152.891571 2.652497 -4.946030 8.823761 0.000000 0.000000 
-6.471348 153.088776 5.415085 -1.972359 9.215328 0.000000 0.000000 
-6.070479 153.117462 4.444273 -3.781212 8.668262 0.000000 0.000000 
8.318178 153.301697 -2.601806 19.648026 29.077608 0.000000 0.000000 
-5.020351 153.534882 -0.973846 -10.568748 4.560544 0.000000 0.000000 
8.454190 153.570496 -2.062131 15.420090 27.867924 0.000000 0.000000 
8.464255 153.573059 -2.017719 16.990318 27.717905 0.000000 0.000000 
8.369811 153.632690 -1.653859 20.914658 31.971045 0.000000 0.000000 
8.224779 153.946014 -1.144839 -4.197693 11.199986 0.000000 0.000000 
8.340002 154.365234 -1.971458 13.218880 25.698914 0.000000 0.000000 
9.497551 154.294769 -2.192787 -7.730553 7.306599 0.000000 0.000000 
6.520428 154.580139 -3.904003 -6.228371 9.937706 0.000000 0.000000 
6.141264 155.710724 1.140996 -8.481552 6.460942 0.000000 0.000000 
6.393177 155.767975 2.010482 -13.993683 4.893094 0.000000 0.000000 
7.365557 155.958282 1.453545 -13.652168 2.560509 0.000000 0.000000 
7.394165 156.231567 2.612869 -10.793205 4.874119 0.000000 0.000000 
8.281737 156.256073 4.035429 -2.756111 7.913266 0.000000 0.000000 
8.622377 156.619385 5.352083 -4.520287 7.492272 0.000000 0.000000 
8.264597 156.945953 2.383691 -9.185043 3.663006 0.000000 0.000000 
6.557533 157.151947 -1.675703 -10.752975 4.996239 0.000000 0.000000 
8.321835 157.218201 5.471018 -7.342018 6.605729 0.000000 0.000000 
8.193808 157.513855 3.742920 -5.415939 8.711548 0.000000 0.000000 
-4.307759 157.902405 -10.380848 -10.539398 5.152134 0.000000 0.000000 
-4.626373 158.087616 5.900665 -9.641846 4.537415 0.000000 0.000000 
-5.342734 158.441345 -1.841038 -0.327354 10.609016 0.000000 0.000000 
-5.880698 158.480438 2.546537 1.590454 12.714272 0.000000 0.000000 
-5.233896 158.512482 5.048547 -0.386574 9.513363 0.000000 0.000000 
8.463239 158.536957 4.038505 -5.558723 7.641491 0.000000 0.000000 
-5.631833 158.708221 4.512513 -5.947182 7.080807 0.000000 0.000000 
8.029058 158.800812 8.653776 -7.288322 6.037709 0.000000 0.000000 
-5.099401 159.266083 -2.727505 -10.512718 4.694653 0.000000 0.000000 
-4.505077 159.449951 -1.680322 -5.831459 5.894234 0.000000 0.000000 
-5.196675 159.454895 -2.648920 -2.875130 8.303005 0.000000 0.000000 
-5.328969 159.471710 -1.729206 -10.559052 4.426411 0.000000 0.000000 
7.134463 160.153137 3.205258 -13.127014 4.091237 0.000000 0.000000 
8.729030 160.101196 3.016311 -8.987312 4.745488 0.000000 0.000000 
-5.325127 161.132050 -1.891969 -10.873466 3.855496 0.000000 0.000000 
-5.111108 161.536926 -1.412688 -4.979576 6.090027 0.000000 0.000000 
11.868680 161.693665 -0.896357 -11.522514 2.742901 0.000000 0.000000 
11.991480 162.428986 -0.247917 -8.855293 3.714451 0.000000 0.000000 
11.321578 162.527374 -0.295378 -7.558533 4.291523 0.000000 0.000000 
11.078066 162.837189 -0.599602 -8.933571 3.741421 0.000000 0.000000 
-4.930332 163.352905 -1.518347 -9.851265 4.337159 0.000000 0.000000 
-4.818720 163.388580 -1.989710 -7.333710 3.422467 0.000000 0.000000 
-4.695413 163.467072 -2.598541 -5.424942 5.992478 0.000000 0.000000 
-4.404117 163.702057 -1.499851 -6.553711 5.302926 0.000000 0.000000 
11.923497 163.737488 2.595273 -6.987184 5.726769 0.000000 0.000000 
11.334072 163.794708 -7.809916 -8.350311 4.563977 0.000000 0.000000 
-4.479790 164.173553 -1.675233 -5.302643 9.162243 0.000000 0.000000 
11.811465 163.839691 -1.949526 -7.890411 4.627480 0.000000 0.000000 
11.514417 163.962311 0.382426 1.073784 10.018002 0.000000 0.000000 
-4.682807 164.571930 -1.696660 -3.355286 7.942536 0.000000 0.000000 
10.512539 164.658295 0.164289 -4.018250 8.176159 0.000000 0.000000 
9.636414 164.769501 -2.717776 -10.291687 4.247250 0.000000 0.000000 
10.689614 165.163605 0.371514 2.197121 11.752430 0.000000 0.000000 
-4.788256 165.468445 -0.487393 -7.736772 4.392933 0.000000 0.000000 
10.626729 165.258942 -1.596234 3.256065 12.944233 0.000000 0.000000 
9.394567 165.460480 -2.712494 -3.095901 7.085671 0.000000 0.000000 
9.044590 165.507263 0.900837 -6.674530 5.132916 0.000000 0.000000 
9.302111 165.672272 -1.737461 -5.110840 5.993168 0.000000 0.000000 
9.890255 166.169128 2.302962 -9.221153 3.649674 0.000000 0.000000 
-22.886017 165.625366 10.082244 -3.499619 6.893296 0.000000 0.000000 
-23.850180 165.506226 7.430792 -8.063591 4.659153 0.000000 0.000000 
11.975582 167.408783 -0.843570 -6.988503 4.817776 0.000000 0.000000 
11.437402 167.482178 0.941880 -4.926613 6.668889 0.000000 0.000000 
11.073578 167.705444 1.401680 -7.738113 6.264092 0.000000 0.000000 
12.162824 168.206543 1.131289 -8.666954 3.414753 0.000000 0.000000 
12.381997 168.346130 1.379865 3.258408 11.164940 0.000000 0.000000 
12.298209 168.366150 0.753465 -0.204613 8.102314 0.000000 0.000000 
11.618302 168.595490 1.275361 3.356651 12.153191 0.000000 0.000000 
12.713596 168.803955 1.086776 -12.824661 2.885247 0.000000 0.000000 
11.690044 169.308197 0.748864 -1.752197 7.775166 0.000000 0.000000 
12.052558 169.334991 1.857896 -11.774696 2.863720 0.000000 0.000000 
-31.440691 166.807434 -18.815720 -3.239151 6.513257 0.000000 0.000000 
11.407816 169.601776 0.787152 -12.600380 1.923127 0.000000 0.000000 
12.346966 169.721283 0.839101 -4.164391 7.361512 0.000000 0.000000 
12.334258 169.798584 1.842627 -1.831047 8.934765 0.000000 0.000000 
-32.933910 167.424011 9.966255 -8.027893 5.421174 0.000000 0.000000 
-6.266229 170.972443 10.244452 1.035110 10.946198 0.000000 0.000000 
9.622083 170.882050 -2.115232 -3.445641 9.948063 0.000000 0.000000 
-6.335178 171.047150 -0.879871 -0.056984 10.203960 0.000000 0.000000 
11.895723 171.129333 -1.043087 -5.297272 9.683403 0.000000 0.000000 
-5.736962 171.783447 -2.654806 -3.284348 6.878048 0.000000 0.000000 
-20.589172 171.177338 6.612069 -8.746391 3.968270 0.000000 0.000000 
9.756074 172.191345 -2.323777 -5.402283 4.964695 0.000000 0.000000 
-21.223064 171.183289 6.461662 -7.271248 5.166192 0.000000 0.000000 
12.146130 173.070587 -1.582355 -6.612221 6.104672 0.000000 0.000000 
-20.667435 172.886871 5.298737 -6.674706 6.415738 0.000000 0.000000 
-20.731998 173.303314 3.503193 -7.153871 5.635895 0.000000 0.000000 
12.395093 174.335602 -2.067055 -9.512939 3.474164 0.000000 0.000000 
11.991915 174.364105 1.551868 -7.808929 2.935017 0.000000 0.000000 
-28.861763 172.471283 9.152271 0.814117 10.632175 0.000000 0.000000 
11.798212 174.532715 0.947762 -5.534317 7.099343 0.000000 0.000000 
11.234010 174.597046 -0.360151 2.911919 13.005669 0.000000 0.000000 
12.203247 174.672150 1.365114 -1.115646 8.347595 0.000000 0.000000 
12.300819 174.677460 1.465609 -5.575462 6.653649 0.000000 0.000000 
-29.905561 172.884735 12.608472 -4.789764 6.716221 0.000000 0.000000 
-28.561893 173.306458 9.704333 -2.821060 9.505157 0.000000 0.000000 
8.606091 175.523712 -5.548549 -8.566673 8.456490 0.000000 0.000000 
-34.137775 172.707001 12.974437 -3.442108 8.179836 0.000000 0.000000 
9.759153 176.101807 4.139526 -5.445976 6.592663 0.000000 0.000000 
-28.815542 174.051117 9.937334 -2.357048 9.144802 0.000000 0.000000 
-28.697525 174.322205 9.102927 -3.649986 8.249153 0.000000 0.000000 
-30.902374 174.384644 11.946473 -3.806915 7.665020 0.000000 0.000000 
-5.722288 177.187561 -1.672973 6.589180 15.986771 0.000000 0.000000 
-5.280490 177.238190 -1.927789 -3.090271 9.975937 0.000000 0.000000 
-5.197956 177.523376 -1.912289 6.079842 14.520153 0.000000 0.000000 
118.174988 131.791092 -13.708208 14.155235 10.975845 1.000000 1.000000 
-30.270239 175.421295 0.760183 -8.289978 4.882866 0.000000 0.000000 
-27.192097 176.355438 6.985312 -5.054977 7.080925 0.000000 0.000000 
-5.754955 178.731384 -2.436311 0.112190 10.075966 0.000000 0.000000 
-5.253873 178.832947 -3.587492 -5.802391 6.110634 0.000000 0.000000 
-5.946197 178.813995 -1.979976 -9.100990 4.510819 0.000000 0.000000 
-4.805308 179.234589 -3.130446 -8.962868 6.509518 0.000000 0.000000 
-5.933653 180.079041 -2.824735 -7.802484 3.857659 0.000000 0.000000 
-5.669937 183.373505 -0.064386 6.007751 15.063931 0.000000 0.000000 
-5.934318 183.373077 -0.532120 2.519508 13.105499 0.000000 0.000000 
-4.561224 183.591614 0.591537 -13.514702 2.595692 0.000000 0.000000 
-5.605947 183.661835 -0.376751 0.453529 11.435555 0.000000 0.000000 
-5.601966 183.737946 -1.123796 -0.404610 11.204472 0.000000 0.000000 
-27.561901 182.377869 15.171202 -6.353729 5.981862 0.000000 0.000000 
-6.078990 184.560699 -1.804583 -7.289680 4.927350 0.000000 0.000000 
-30.786245 182.279053 13.346966 -6.303665 5.149052 0.000000 0.000000 
42.351810 180.021027 -23.322262 -2.922905 5.351170 0.000000 0.000000 
12.210142 184.771454 -1.729133 -8.540794 3.508259 0.000000 0.000000 
11.528126 185.373444 4.024915 -8.664642 3.958592 0.000000 0.000000 
10.470259 185.475464 -3.642532 -8.004930 3.615635 0.000000 0.000000 
10.790872 185.791718 3.251586 -8.541946 3.450200 0.000000 0.000000 
45.564346 182.803314 5.635632 -6.626457 2.449273 0.000000 0.000000 
9.213391 188.341614 -2.485345 -8.791313 2.891709 0.000000 0.000000 
-6.113648 188.713715 4.116897 -9.751938 4.145829 0.000000 0.000000 
47.189980 183.006775 4.803730 -3.116417 6.065804 0.000000 0.000000 
46.615158 183.274780 6.355063 -3.739166 4.139771 0.000000 0.000000 
-21.668425 188.279297 6.590217 -2.448723 6.864689 0.000000 0.000000 
-20.948036 188.489288 4.502002 -3.972412 6.312634 0.000000 0.000000 
-21.516556 188.554382 6.760355 -5.344589 6.032341 0.000000 0.000000 
-20.443558 188.719116 9.025167 -5.629173 5.440724 0.000000 0.000000 
-21.197721 189.003632 6.411708 -3.041946 6.574807 0.000000 0.000000 
-22.167978 189.037781 8.409438 -3.053749 5.407090 0.000000 0.000000 
45.190834 184.898346 9.602082 -2.670609 5.953118 0.000000 0.000000 
-22.826490 189.174896 6.349353 -3.931313 6.446278 0.000000 0.000000 
-21.494705 189.498047 7.276749 -6.197212 4.711129 0.000000 0.000000 
-21.301577 189.678223 6.427593 -4.921364 4.336564 0.000000 0.000000 
-21.151743 189.909393 7.364110 4.158142 11.718155 0.000000 0.000000 
-21.200480 190.219360 7.001612 4.865692 12.104561 0.000000 0.000000 
-20.354219 190.628845 6.997883 -6.528398 3.759911 0.000000 0.000000 
12.388245 193.687775 -5.189440 -6.991585 3.898076 0.000000 0.000000 
-6.372648 194.800385 9.486324 -5.576982 3.811463 0.000000 0.000000 
-6.217806 194.900208 5.602719 2.721283 9.294769 0.000000 0.000000 
-6.488553 195.207489 4.857088 0.682213 8.651295 0.000000 0.000000 
177.006271 79.936783 18.479630 27.336563 13.165642 0.000000 0.000000 
-25.449795 195.811493 7.549823 -4.521500 5.585751 0.000000 0.000000 
-5.864568 201.677979 -2.882486 -6.358658 3.557869 0.000000 0.000000 
-5.260785 201.740356 -2.864237 -2.760277 6.842095 0.000000 0.000000 
11.429450 205.661926 -3.245169 -3.565231 4.061806 0.000000 0.000000 
12.876173 206.584351 -3.541828 -5.651817 3.721131 0.000000 0.000000 
11.531995 206.964691 -2.392644 0.617897 8.663387 0.000000 0.000000 
10.769878 207.133026 -2.652870 0.390327 8.385269 0.000000 0.000000 
-22.757530 206.862946 -13.639239 7.282509 13.822094 0.000000 0.000000 
-23.143045 206.852478 -14.463881 2.504089 9.099571 0.000000 0.000000 
-23.507006 207.208466 7.182173 3.932037 10.640064 0.000000 0.000000 
-23.021589 207.305664 -13.396932 2.231888 9.823513 0.000000 0.000000 
2.296491 208.919525 -5.410226 7.758804 13.660431 0.000000 0.000000 
2.344553 208.933655 -4.534969 25.217110 30.121468 0.000000 0.000000 
-23.205053 208.078247 7.568526 -2.765755 5.435112 0.000000 0.000000 
2.301008 209.462250 -4.495554 20.361725 26.058102 0.000000 0.000000 
2.146646 209.474121 -4.757401 22.600822 27.123020 0.000000 0.000000 
-10.771494 209.325226 -2.355908 16.963257 23.307541 0.000000 0.000000 
-10.671245 209.343628 -2.281175 15.908081 21.174351 0.000000 0.000000 
-10.727427 209.363464 -1.696914 12.342834 17.573158 0.000000 0.000000 
-9.876170 209.416321 1.052423 2.488670 9.417133 0.000000 0.000000 
2.113567 210.219940 -4.959224 20.635712 24.910250 0.000000 0.000000 
-10.807258 210.058380 -2.503333 11.206833 17.030739 0.000000 0.000000 
9.089587 210.907501 4.741247 -6.615356 3.664944 0.000000 0.000000 
11.108630 212.440704 -0.558380 1.149025 7.821389 0.000000 0.000000 
11.502931 212.705109 -0.266633 1.448219 7.873951 0.000000 0.000000 
-2.315842 214.162323 -1.494946 -4.122894 3.051190 1.000000 1.000000 
-5.275474 214.207672 -4.057088 1.666534 8.444408 1.000000 1.000000 
-3.247325 214.290344 -4.595530 0.640999 6.695549 1.000000 1.000000 
-7.104374 214.572357 -0.380555 -0.787689 7.306004 1.000000 1.000000 
-7.466809 215.436523 -3.979710 -4.798241 4.521748 1.000000 1.000000 
0.814686 216.648041 -4.319433 20.742264 24.479265 0.000000 0.000000 
0.897794 216.970734 -4.389396 18.767021 23.640476 0.000000 0.000000 
1.263211 217.154938 -1.570480 -6.013008 3.973912 0.000000 0.000000 
-11.801737 217.044861 -2.458957 6.012138 13.874588 0.000000 0.000000 
-9.513147 217.425659 -3.346888 0.105804 8.242805 0.000000 0.000000 
-7.443700 217.604767 -3.121149 -5.272751 4.998421 0.000000 0.000000 
11.783618 217.649902 -0.920979 -5.344910 4.358017 0.000000 0.000000 
9.866885 217.819061 -3.414869 2.767059 9.155590 0.000000 0.000000 
11.475758 218.330139 -2.155464 4.171883 10.069225 0.000000 0.000000 
9.501325 219.139526 -2.833025 -5.443718 2.863083 0.000000 0.000000 
1.411259 219.653473 -5.395170 -0.402252 7.124562 0.000000 0.000000 
8.775867 221.802979 -10.044730 5.665901 12.598179 0.000000 0.000000 
5.042651 222.019073 -4.583017 -1.567810 5.222306 0.000000 0.000000 
8.456585 222.275604 -7.474369 -2.594261 6.115883 0.000000 0.000000 
-23.824110 221.248505 11.732926 1.193153 7.715535 0.000000 0.000000 
-22.242916 221.558044 -10.774323 -2.619247 6.490242 0.000000 0.000000 
-22.383593 221.792877 4.784101 2.722893 8.251549 0.000000 0.000000 
16.683701 222.725250 -20.575424 -0.704208 5.582039 0.000000 0.000000 
-23.755060 225.361206 7.836210 9.374992 14.355663 0.000000 0.000000 
-23.263981 226.697968 7.633569 2.387833 7.081604 0.000000 0.000000 
9.999392 234.131622 -0.104994 -4.091248 4.295563 0.000000 0.000000 
-21.906984 235.004333 -3.033931 -3.211922 2.481877 0.000000 0.000000 
-9.271419 241.866821 -2.107045 3.409653 8.234055 0.000000 0.000000 
-10.884194 243.117157 -4.520280 -1.367271 4.205826 0.000000 0.000000 
-23.193602 243.204559 -1.129038 15.365952 17.456959 0.000000 0.000000 
-23.153137 245.561279 -5.592809 -3.819855 2.951851 0.000000 0.000000 
-12.663593 248.069336 -5.903547 3.176849 7.716454 0.000000 0.000000 
-23.076393 247.867279 -6.369820 -4.192909 3.131859 0.000000 0.000000 
-12.192919 249.383270 -4.786507 11.816452 14.671021 0.000000 0.000000 
-20.626019 249.882172 -1.852080 11.434479 15.694195 0.000000 0.000000 
-22.564323 250.227844 -3.602816 15.122742 17.492168 0.000000 0.000000 
-18.789703 251.708893 1.173834 -2.884766 1.841610 0.000000 0.000000 
-24.485188 257.032990 -1.806892 20.319977 20.762779 0.000000 0.000000 
-24.500692 258.276581 -1.324980 9.917274 11.414650 0.000000 0.000000 
-24.145231 260.789825 -5.594105 -0.677559 4.767479 0.000000 0.000000 
-21.936058 262.049744 -3.911661 1.625656 4.795189 0.000000 0.000000 
-22.626682 262.704498 0.421129 -1.170479 3.502175 0.000000 0.000000 
-22.479616 267.834167 -2.375920 10.118805 10.929108 0.000000 0.000000 
-22.532499 267.865112 -3.024966 11.910744 13.461582 0.000000 0.000000 
-22.403431 271.148132 -4.410489 6.431931 9.222065 0.000000 0.000000 
-22.736679 272.360016 -4.089292 -3.435219 2.832097 0.000000 0.000000 
-26.353281 276.179596 6.917932 2.969917 4.693051 0.000000 0.000000 
-27.497002 276.888489 -16.520575 -1.270500 4.114377 0.000000 0.000000 
-27.286362 277.653015 -21.315023 0.854507 4.383072 0.000000 0.000000 
-24.076283 278.906677 1.719205 -0.664742 4.790898 0.000000 0.000000 
-27.540812 279.168182 5.693390 -1.049858 3.645184 0.000000 0.000000 
-23.440178 280.193878 -0.105372 3.550362 6.984009 0.000000 0.000000 
-26.868946 280.800873 -15.647533 2.082626 4.832131 0.000000 0.000000 
-24.267117 282.858612 -4.093455 6.419525 8.860535 0.000000 0.000000 
10.317563 290.348907 -4.470839 3.263641 5.062756 0.000000 0.000000 
-9.217039 298.135529 -0.884391 7.625175 8.393406 0.000000 0.000000 
-12.585231 298.808746 -1.249399 -0.146240 3.056595 0.000000 0.000000 
-10.688283 385.139954 -6.141107 1.859604 3.968632 0.000000 0.000000 
-13.975744 385.657349 -2.282281 15.067993 11.354603 0.000000 0.000000 
-15.191511 385.669800 -3.244135 18.156776 14.128525 0.000000 0.000000 
