ply
format ascii 1.0
comment Created by CloudCompare v2.14.beta (Feb  3 2026)
comment Created 2026-05-09T16:28:00
obj_info Generated by CloudCompare!
element vertex 1511
property float x
property float y
property float z
property float rcs
property float snr
property float v
property float label
end_header
-15.651906 -31.718452 -13.844629 -5.073235 21.841105 0.000000 1.000000 
-5.716032 -42.846733 -11.087615 5.170471 29.327524 0.000000 1.000000 
23.769131 -49.229374 -11.909827 0.293587 18.341953 0.000000 1.000000 
-5.404862 -61.226543 -14.425600 -1.762695 17.477657 0.000000 1.000000 
27.951294 8.444356 -12.060715 1.152603 27.830757 0.000000 1.000000 
32.870590 -7.145395 -13.716640 -3.998940 25.889063 0.000000 1.000000 
43.444134 15.819505 -13.864664 3.122612 22.509331 0.000000 1.000000 
64.271980 -7.743833 -14.471532 2.585159 21.439352 0.000000 1.000000 
58.992912 -41.393772 -15.951656 1.123817 20.237072 0.000000 1.000000 
92.074806 -11.516501 -13.988044 7.862953 18.898676 0.000000 1.000000 
102.573753 10.157648 -25.849688 10.175583 18.912287 0.000000 1.000000 
114.489738 -7.338083 -23.262768 13.869835 19.030239 0.000000 1.000000 
114.616234 -6.786931 -18.526993 12.165565 17.750118 0.000000 1.000000 
118.275993 3.028365 -25.315863 14.942352 20.461386 0.000000 1.000000 
5.888526 34.016129 -12.391904 -13.115761 23.265903 0.000000 1.000000 
6.115254 34.694469 -12.799572 -16.518967 18.656189 1.000000 1.000000 
-16.521219 32.807381 -13.938241 -9.718155 21.817421 0.000000 1.000000 
25.951630 25.313625 -13.719968 4.701675 23.515289 0.000000 1.000000 
21.717085 31.849186 -14.814588 -4.600296 20.379093 0.000000 1.000000 
26.792282 27.770048 -14.538699 -1.152931 19.943636 0.000000 1.000000 
6.547640 39.559807 -10.245856 -14.151169 19.833557 0.000000 1.000000 
7.288247 40.752560 -11.096625 -15.733002 18.913107 0.000000 1.000000 
7.389646 45.604885 -17.728342 -18.149696 15.468697 0.000000 1.000000 
12.111270 51.525089 -19.088442 -13.643028 14.520866 0.000000 1.000000 
27.568285 56.832150 -19.816711 -10.527495 11.738312 0.000000 1.000000 
31.162859 55.233597 -25.125967 -6.931198 14.287708 0.000000 1.000000 
-12.152806 63.985924 -15.682770 -18.718262 12.314724 0.000000 1.000000 
-30.760952 59.967014 -23.388451 -3.429955 18.391098 0.000000 1.000000 
22.302603 65.041779 -27.230883 -13.332520 10.833961 0.000000 1.000000 
-30.645622 68.271599 -14.876751 -3.358551 18.080038 0.000000 1.000000 
-31.276329 68.367966 -25.161554 -1.659439 18.585201 0.000000 1.000000 
-34.957985 73.332382 -32.521015 -10.076431 12.107838 0.000000 1.000000 
-33.328739 74.901566 -32.045959 -7.721100 11.959610 0.000000 1.000000 
-39.123341 74.607162 -17.201962 -2.507721 16.248201 0.000000 1.000000 
-31.576115 78.400192 -26.353033 -7.178421 14.936008 0.000000 1.000000 
-40.267498 74.413345 -15.175700 -5.186241 16.464211 0.000000 1.000000 
-40.659931 77.700203 -22.083776 -5.421791 13.119831 0.000000 1.000000 
28.033539 83.850143 -22.172142 -6.507439 15.924900 0.000000 1.000000 
42.616955 77.298729 -32.764347 1.681129 15.535831 0.000000 1.000000 
34.169445 83.655998 -34.453991 -14.113358 7.945182 0.000000 1.000000 
-30.242805 85.321251 -35.521568 -6.271461 15.825649 0.000000 1.000000 
-29.752722 86.361969 -13.268151 -11.059822 9.910168 0.000000 1.000000 
-36.994316 83.880829 -26.753109 -8.558952 11.449745 0.000000 1.000000 
22.051702 91.862091 -11.963757 -14.238739 6.448276 0.000000 1.000000 
-14.415272 96.948982 -9.764492 -7.261528 11.854973 0.000000 1.000000 
-22.688368 96.604431 -13.202470 -17.029579 6.766056 0.000000 1.000000 
-30.092110 97.484306 -36.228779 -10.985771 8.569313 0.000000 1.000000 
-31.887308 97.011299 -11.820083 -7.531326 9.814133 0.000000 1.000000 
-32.443241 96.892639 -16.317863 -8.397797 11.893276 0.000000 1.000000 
-32.779789 99.028900 -42.089798 -11.861313 8.456097 0.000000 1.000000 
-31.087435 99.961899 -10.423914 -9.126555 9.021320 0.000000 1.000000 
-33.004604 100.068222 -26.492537 -7.508377 9.561512 0.000000 1.000000 
-27.324028 109.258141 -43.503735 -11.144890 9.584435 0.000000 1.000000 
-27.736732 109.176620 -41.677181 -11.957428 10.158314 0.000000 1.000000 
-39.012852 106.049591 -14.307183 -8.758049 9.425148 0.000000 1.000000 
-31.957802 108.879837 -45.902641 -10.540215 7.281402 0.000000 1.000000 
-45.129761 107.688103 -30.250811 -10.837044 5.739933 0.000000 1.000000 
-7.567032 116.926910 -5.411690 -16.278328 4.474285 1.000000 1.000000 
-7.186886 117.645401 -4.950888 -10.388618 8.847641 0.000000 1.000000 
-7.447450 117.634178 -5.645150 -14.827164 6.653980 0.000000 1.000000 
38.232891 114.123596 -28.616804 -9.309540 7.673679 0.000000 1.000000 
39.906803 113.953873 -28.667168 -8.048653 7.901462 0.000000 1.000000 
-32.434746 120.375954 -50.573898 -7.083633 8.580845 0.000000 1.000000 
-35.010403 121.027130 -45.304729 -9.454201 7.714290 0.000000 1.000000 
-34.272991 122.153976 -16.879536 -5.615974 8.665203 0.000000 1.000000 
-35.557896 123.511208 -21.205641 -6.422318 8.983475 0.000000 1.000000 
64.778137 110.683601 -18.457144 -0.762665 10.563126 0.000000 1.000000 
-54.810165 129.410004 -57.283379 -5.361229 5.911747 0.000000 1.000000 
-23.425121 139.275330 -14.169779 -8.586098 6.437335 0.000000 1.000000 
-24.423019 148.180725 -36.823055 -4.424721 6.810321 0.000000 1.000000 
-36.675381 199.235992 -22.417543 -0.758240 6.223499 0.000000 1.000000 
98.214027 194.374084 -87.141548 -2.522659 3.834552 0.000000 1.000000 
55.466434 -53.123959 21.738472 14.710884 25.863926 0.000000 1.000000 
56.086357 -52.698334 22.195755 18.932289 30.564985 0.000000 1.000000 
113.797729 -10.915233 19.703884 11.757812 17.156805 0.000000 1.000000 
113.972679 -9.457157 22.852699 12.194633 18.179989 0.000000 1.000000 
4.920809 -116.097588 23.599646 11.271225 19.493820 0.000000 1.000000 
118.086388 12.241695 30.128130 12.320869 18.216225 0.000000 1.000000 
132.868439 -13.940845 40.474564 10.232613 15.394669 0.000000 1.000000 
176.126221 64.869904 17.316154 34.923302 27.851368 0.000000 1.000000 
185.230682 65.001411 24.122755 22.527618 16.339048 0.000000 1.000000 
7.981931 58.965183 20.884718 -16.227089 12.542747 0.000000 1.000000 
7.840746 59.919910 23.345793 -12.445830 16.768000 0.000000 1.000000 
9.489157 61.919209 19.181961 -20.952843 10.076054 0.000000 1.000000 
17.051949 62.799381 16.892885 -15.665131 13.184746 0.000000 1.000000 
24.934141 60.826649 26.560163 -18.638565 9.991135 0.000000 1.000000 
-30.925615 59.940830 18.487709 -5.410492 17.694908 0.000000 1.000000 
-30.808329 60.024548 18.399967 -8.029266 15.520615 0.000000 1.000000 
-29.433493 67.505974 19.792936 0.686691 20.609352 0.000000 1.000000 
-8.770010 75.908119 24.054983 -6.267334 18.858753 0.000000 1.000000 
34.013626 69.480019 21.017885 -8.424370 12.188534 0.000000 1.000000 
-21.387552 79.533241 25.183987 -4.561752 18.679070 0.000000 1.000000 
-28.217237 78.875168 26.968803 -4.617661 17.202063 0.000000 1.000000 
-33.146072 78.941841 21.120445 -6.642593 17.791893 0.000000 1.000000 
29.451761 81.877617 23.139673 -3.735153 17.435051 0.000000 1.000000 
-31.145714 81.681931 33.221771 -3.980927 16.514179 0.000000 1.000000 
42.192261 77.776558 27.106941 0.099892 16.527510 0.000000 1.000000 
-28.744150 84.559158 25.777081 -10.954224 12.876965 0.000000 1.000000 
-36.410324 82.230721 24.463234 -8.326225 12.807621 0.000000 1.000000 
-32.331501 96.458336 37.001282 -9.780060 8.770908 0.000000 1.000000 
41.557777 93.007202 30.761240 -11.199309 7.996650 0.000000 1.000000 
-31.746353 97.115814 20.501110 -11.228477 9.766151 0.000000 1.000000 
-32.004932 97.952560 33.871769 -6.518257 11.101242 0.000000 1.000000 
6.407426 113.852966 42.396458 -10.626953 9.575424 0.000000 1.000000 
53.189930 102.997658 20.194391 -3.413155 8.382763 0.000000 1.000000 
-33.496059 111.559143 34.501129 -12.078964 6.790195 0.000000 1.000000 
-7.691208 116.731339 48.319939 -12.536415 6.076145 0.000000 1.000000 
-31.582262 113.456306 17.076756 -13.828926 6.325428 0.000000 1.000000 
42.284164 110.801094 16.203987 -5.430153 6.817146 1.000000 1.000000 
59.515892 102.635292 47.080997 -9.076424 6.413066 0.000000 1.000000 
-33.657818 116.048805 32.882236 -10.356796 7.153293 0.000000 1.000000 
113.687859 33.704124 18.961193 18.725517 8.697395 0.000000 1.000000 
-24.652588 122.322990 51.680191 -13.233521 7.139274 0.000000 1.000000 
-36.297066 120.217896 37.720360 -9.261818 8.183617 0.000000 1.000000 
106.876335 74.858101 17.340754 17.800697 16.480959 0.000000 1.000000 
54.434074 120.486298 21.378674 -5.692703 7.343383 0.000000 1.000000 
43.627003 139.158508 42.913712 -7.720680 5.005802 0.000000 1.000000 
43.214310 154.040222 31.864435 -4.081947 9.023739 0.000000 1.000000 
176.556976 63.907558 19.399017 21.709793 8.137287 0.000000 1.000000 
177.839233 60.604988 19.922825 20.391365 7.835350 0.000000 1.000000 
-33.829983 199.313873 20.442917 -1.578171 5.745269 0.000000 1.000000 
-13.261504 6.483884 -3.871543 -17.402153 23.872074 0.000000 1.000000 
14.146475 -28.316895 -8.367480 1.371025 28.856331 0.000000 1.000000 
-1.580037 -37.387718 10.963121 5.873611 32.490299 0.000000 1.000000 
-37.076145 14.083589 -9.083426 -5.482193 22.682047 0.000000 1.000000 
-5.042616 -51.364445 10.447145 -9.601212 18.109795 0.000000 1.000000 
1.925657 -12.114740 -3.826080 -7.481926 34.565296 0.000000 1.000000 
12.366185 -3.097779 -3.310093 -7.870583 34.513931 1.000000 1.000000 
15.991179 -3.137461 -2.866703 -11.047562 28.053879 0.000000 1.000000 
21.962072 10.950334 -2.474208 -0.347466 32.339500 0.000000 1.000000 
22.306595 -13.593987 -7.113379 -4.271385 31.667517 0.000000 1.000000 
3.749305 -26.572224 -6.292708 -7.545311 27.710403 0.000000 1.000000 
12.915208 -24.676418 -5.115181 -3.946342 26.876553 0.000000 1.000000 
26.367517 9.235534 -4.482940 0.282745 31.006327 0.000000 1.000000 
28.977131 7.677382 -5.512384 3.293037 28.012114 0.000000 1.000000 
13.272451 -28.399307 -4.687951 -6.040863 23.377245 0.000000 1.000000 
28.936972 11.154071 -9.363971 1.378624 28.253775 0.000000 1.000000 
31.096571 -9.583666 -7.065263 -6.941299 25.068398 0.000000 1.000000 
31.897017 17.378857 -5.457600 2.507820 23.742809 0.000000 1.000000 
33.409801 15.881007 -5.815584 -0.159065 25.218142 0.000000 1.000000 
44.727028 8.673148 13.502687 4.845741 25.547157 0.000000 1.000000 
-16.786900 -49.149174 -7.322807 2.713882 20.410366 0.000000 1.000000 
68.340080 8.393741 16.823799 5.026566 17.644854 0.000000 1.000000 
54.432373 -54.497784 14.771061 7.870285 21.534998 0.000000 1.000000 
113.492599 -9.019468 13.667453 12.125801 17.272247 0.000000 1.000000 
113.551506 -8.825457 13.545029 16.572968 21.216576 0.000000 1.000000 
113.617943 -8.415983 15.752902 10.278763 15.534454 0.000000 1.000000 
117.263153 -3.431615 12.841567 7.773750 18.343981 0.000000 1.000000 
2.767156 25.714151 -8.958152 -18.852684 25.182417 0.000000 1.000000 
-10.548805 26.137123 -9.162314 -12.601707 24.658194 0.000000 1.000000 
-12.700186 28.947735 -11.759379 -14.697768 20.624144 0.000000 1.000000 
-10.506973 30.357605 11.737738 -11.957962 24.714314 0.000000 1.000000 
30.874468 19.437618 -9.963088 5.005165 20.388155 0.000000 1.000000 
31.894739 19.174603 -3.413414 4.920310 20.024220 0.000000 1.000000 
33.629993 21.462774 15.101794 2.856377 18.452753 0.000000 1.000000 
24.284662 39.608555 -3.080950 -4.550774 19.941172 0.000000 1.000000 
15.809973 46.063095 -3.915676 -6.470833 21.116291 0.000000 1.000000 
15.613214 46.343311 -4.320158 -11.211441 17.649899 0.000000 1.000000 
-13.448129 50.536438 14.748897 -14.829131 17.595844 0.000000 1.000000 
30.819532 54.523968 -8.019570 -11.482590 11.808346 0.000000 1.000000 
13.766692 62.778336 -6.967982 -20.031631 10.951252 0.000000 1.000000 
20.579647 61.980011 -7.818419 -8.080147 18.498035 0.000000 1.000000 
21.153755 61.893177 -5.003016 -10.154526 16.114634 0.000000 1.000000 
26.625710 59.743690 -5.134922 -9.331390 12.425556 1.000000 1.000000 
26.875170 60.197529 -5.030981 0.907417 20.350117 0.000000 1.000000 
26.797962 60.436081 -6.269472 -7.299782 14.103245 0.000000 1.000000 
26.970551 60.392525 -4.757113 -0.972191 20.214699 0.000000 1.000000 
-14.401967 65.305206 -9.908616 -21.527847 8.784729 0.000000 1.000000 
10.066153 76.180687 -10.580962 -9.449150 17.524220 0.000000 1.000000 
9.711086 78.045029 -11.877766 -16.125854 9.805607 0.000000 1.000000 
-38.347683 73.663315 -9.191578 -1.646034 16.020208 0.000000 1.000000 
-33.517841 81.111961 -8.506944 -6.928558 15.371754 0.000000 1.000000 
45.004555 102.605103 15.420190 -9.948792 6.532669 0.000000 1.000000 
-1.269486 191.825134 -7.400729 2.285706 11.544594 0.000000 1.000000 
-1.126132 191.858093 -6.671689 2.913406 12.015533 0.000000 1.000000 
-3.151288 199.581238 -6.979307 -2.061874 7.185508 1.000000 1.000000 
4.299346 232.742065 -9.513632 -4.747719 6.806312 0.000000 1.000000 
2.178876 -8.666670 -0.054519 -21.649223 23.748890 1.000000 1.000000 
2.324854 -11.392139 -0.305914 -19.452141 23.643963 1.000000 1.000000 
-0.417173 -6.057866 -0.233368 -6.349812 47.983749 0.000000 0.000000 
-0.298972 -6.122751 -0.134949 -9.480759 45.651596 0.000000 0.000000 
0.191421 -6.212036 -0.291773 -2.299492 48.592690 0.000000 0.000000 
0.041162 -6.205239 -0.186881 -6.753651 44.625507 0.000000 0.000000 
0.303533 -6.293369 -0.284156 -5.284451 45.302879 0.000000 0.000000 
-0.036230 10.106798 0.106475 -20.489605 32.462231 1.000000 0.000000 
-0.851091 11.143469 -0.025828 -12.670059 32.504028 0.000000 0.000000 
0.052052 12.108691 -0.031725 -12.027191 36.727840 0.000000 0.000000 
-0.509278 12.376929 0.023916 -11.680702 37.133343 1.000000 0.000000 
-3.700213 18.520792 0.402398 8.829834 44.506649 0.000000 0.000000 
-3.841730 18.725422 0.275515 8.932092 41.923374 0.000000 0.000000 
-3.696026 18.925051 -0.155333 2.790436 38.032284 0.000000 0.000000 
-4.875197 20.938656 -0.638217 3.379372 40.103687 0.000000 0.000000 
-4.918292 20.931271 -0.761686 2.227333 37.894131 0.000000 0.000000 
0.220648 22.207209 -0.831511 2.317177 35.778877 1.000000 0.000000 
-5.064559 21.623619 -0.711178 0.608978 36.940010 1.000000 0.000000 
0.090571 22.545073 -0.866701 -3.584671 29.137049 0.000000 0.000000 
-0.034938 22.542925 -0.869543 -13.779265 18.598026 1.000000 0.000000 
0.288130 22.864868 -0.827225 19.496422 50.818638 0.000000 0.000000 
0.258330 22.979469 -0.848441 18.016556 51.306667 0.000000 0.000000 
0.027019 23.255541 -0.756444 -6.608986 27.852287 0.000000 0.000000 
0.064879 23.628990 -0.853598 -10.320671 24.904350 1.000000 0.000000 
-20.360636 -0.882832 -1.065968 4.846558 41.919167 0.000000 0.000000 
-20.360815 -0.869824 -1.043254 3.991722 40.457329 0.000000 0.000000 
-20.761808 -1.802685 -6.909455 -18.607460 21.706974 0.000000 0.000000 
-21.737318 3.443756 -2.988065 -0.675552 33.647991 0.000000 0.000000 
-23.881577 -0.696944 -1.479560 -10.132843 27.612074 0.000000 0.000000 
-25.697710 -5.231272 5.537370 -9.340546 26.100531 0.000000 0.000000 
-21.393137 -24.503742 1.820146 -1.080849 28.048574 0.000000 0.000000 
-21.657648 -25.208679 2.846990 -4.805740 25.219156 0.000000 0.000000 
-20.759935 -28.666275 1.911639 -3.909859 21.909048 0.000000 0.000000 
-38.753666 -7.445376 0.869809 -2.507072 22.524250 0.000000 0.000000 
-40.457668 0.874171 1.303349 -2.934425 24.692518 0.000000 0.000000 
-40.689938 1.306025 2.442760 5.648590 29.807051 0.000000 0.000000 
-40.787014 1.470182 2.723030 6.071602 30.972424 0.000000 0.000000 
-42.533482 4.404247 1.443631 3.777031 28.653585 0.000000 0.000000 
-38.513840 -19.753098 1.643804 4.693512 27.341927 0.000000 0.000000 
-38.532135 -20.018898 2.427187 8.868867 31.725777 0.000000 0.000000 
-27.755733 -37.116009 14.832487 -6.345512 20.712612 0.000000 0.000000 
-21.160999 -52.004719 7.374037 1.009598 18.939575 0.000000 0.000000 
-21.110449 -51.717415 5.730725 0.428993 18.171898 0.000000 0.000000 
-6.821972 -6.448226 -0.187847 -11.353577 37.147587 0.000000 0.000000 
-6.307304 -10.492933 0.386756 -9.456375 31.858652 0.000000 0.000000 
-6.528189 -10.786336 -0.172788 -15.331879 28.759420 0.000000 0.000000 
-6.544309 -11.076726 0.162163 -19.049019 27.494949 0.000000 0.000000 
-6.859915 -11.060267 0.037116 -12.298279 33.455349 0.000000 0.000000 
-6.647666 -11.699225 -0.208113 -10.071999 29.866959 0.000000 0.000000 
-6.619987 -11.900476 0.069302 -12.854187 29.308331 0.000000 0.000000 
-6.840033 -11.934058 0.063964 -13.186363 28.412733 0.000000 0.000000 
-6.736183 -12.050283 0.160469 -10.463181 31.099236 0.000000 0.000000 
-7.019029 -12.044167 1.053333 -20.608070 25.765955 0.000000 0.000000 
-6.991366 -12.135842 1.060638 -18.254784 27.422598 0.000000 0.000000 
-6.485293 -12.614451 -0.393172 -11.983864 29.424208 0.000000 0.000000 
-6.405301 -12.704741 -0.510006 -7.221916 34.578037 0.000000 0.000000 
-6.555770 -12.637860 -0.550409 -12.747261 29.615269 0.000000 0.000000 
-6.642847 -12.859329 0.496250 -3.343414 37.054306 0.000000 0.000000 
-6.656930 -12.988896 0.573172 -7.084381 32.736275 0.000000 0.000000 
-7.120026 -12.858913 0.788845 -13.422318 28.114094 0.000000 0.000000 
-6.513483 -13.186394 -1.303622 -11.397011 30.768646 0.000000 0.000000 
-6.546404 -13.661410 -0.967141 -17.338577 27.196558 0.000000 0.000000 
-6.723605 -13.857586 -0.679550 -13.245369 27.347010 0.000000 0.000000 
-6.475575 -14.221659 -0.178267 -15.024178 25.125313 0.000000 0.000000 
-6.390486 -14.268971 -0.653710 -16.376610 24.006472 0.000000 0.000000 
-6.612207 -14.602167 0.090027 -25.263916 20.664194 0.000000 0.000000 
-6.415209 -14.988914 0.083879 -8.320206 28.565956 0.000000 0.000000 
-6.467711 -14.999515 0.257263 -7.530106 29.421350 0.000000 0.000000 
-6.664768 -15.139534 0.170121 -11.860214 26.076229 0.000000 0.000000 
-6.404540 -15.403320 0.385929 -16.078453 27.080709 0.000000 0.000000 
-6.421398 -15.510232 0.609687 -10.793190 28.023340 0.000000 0.000000 
-6.994104 -15.578511 0.998939 -11.194542 27.446888 0.000000 0.000000 
-6.952817 -15.607900 1.405693 -12.009659 25.420467 0.000000 0.000000 
-6.950173 -15.623403 0.622319 -4.975731 31.620655 0.000000 0.000000 
-6.122683 -16.175732 0.627387 -7.906708 28.231850 0.000000 0.000000 
-6.391828 -16.280098 0.449616 -4.736122 30.808678 0.000000 0.000000 
-6.332805 -16.741692 -2.256287 -8.620872 26.001493 0.000000 0.000000 
-6.113882 -16.879410 -1.130767 -12.844284 24.354683 0.000000 0.000000 
-6.663675 -17.068832 -0.161129 -8.643806 25.544836 0.000000 0.000000 
-6.647633 -17.174656 -0.132764 -9.329842 26.001997 0.000000 0.000000 
-6.512688 -18.485996 -0.483885 -10.850310 26.328802 0.000000 0.000000 
-6.654501 -18.695091 3.425453 -8.459038 29.249371 0.000000 0.000000 
-6.709610 -18.776009 -1.411735 -6.684639 29.892962 0.000000 0.000000 
-6.446919 -18.980186 -0.372900 -6.626343 30.085173 0.000000 0.000000 
-6.202946 -19.308506 -0.828390 -12.676033 27.041719 0.000000 0.000000 
-6.264213 -20.500450 -0.004612 -5.843605 28.025724 0.000000 0.000000 
-6.384007 -20.550724 -0.507725 -6.563370 27.313744 0.000000 0.000000 
-6.508102 -24.564270 -1.594932 -8.376549 24.762486 0.000000 0.000000 
-6.341415 -27.725761 0.815129 -1.969368 28.347662 0.000000 0.000000 
-6.537169 -30.568481 3.836572 -1.733589 25.082293 0.000000 0.000000 
-4.936065 -43.570213 1.407856 -6.902092 19.530279 0.000000 0.000000 
-5.306584 -44.245064 2.051497 -5.028526 20.320539 0.000000 0.000000 
-6.731122 -55.102081 0.852988 6.201675 25.043453 0.000000 0.000000 
-6.961464 -55.135544 0.254083 4.560600 23.660007 0.000000 0.000000 
-6.463745 -61.307232 1.384252 0.893318 19.814432 0.000000 0.000000 
-6.175339 -67.447655 2.194906 0.423599 16.721361 0.000000 0.000000 
-6.555281 -13.569687 -0.048179 -6.259171 28.178843 0.000000 0.000000 
-6.427042 -13.647296 -0.227137 -5.848854 30.257513 0.000000 0.000000 
-5.637543 -14.253800 -0.086718 -9.298676 28.275785 0.000000 0.000000 
-5.409701 -14.454387 -0.239015 -13.159804 24.972761 0.000000 0.000000 
-6.548163 -14.823011 -1.342950 -4.254036 30.993404 0.000000 0.000000 
-6.707121 -14.779496 -1.198767 -2.757568 32.133747 0.000000 0.000000 
-5.419916 -15.619037 1.134797 -10.733673 28.927458 0.000000 0.000000 
-5.418556 -15.876944 -1.876311 -13.435539 27.333929 0.000000 0.000000 
-7.547061 -15.913561 1.524558 -6.203239 28.943611 0.000000 0.000000 
-6.954717 -16.325344 1.436823 -7.353172 30.084799 0.000000 0.000000 
-6.314397 -16.779949 -1.333011 -8.538834 27.976295 0.000000 0.000000 
-6.462304 -16.976971 0.322646 -5.175758 28.839931 0.000000 0.000000 
-6.283687 -17.102158 0.199823 -4.429909 28.874893 0.000000 0.000000 
-7.514948 -17.782120 -0.311912 -8.725121 25.566376 0.000000 0.000000 
-7.666300 -18.197201 0.438455 -3.870163 29.124836 0.000000 0.000000 
-6.595474 -19.954948 0.205851 -5.583458 29.248713 0.000000 0.000000 
-5.745909 -21.655788 0.757868 -5.204979 27.078009 0.000000 0.000000 
-6.615146 -21.441803 1.102970 -4.596848 26.986233 0.000000 0.000000 
-7.423693 -21.376312 0.532296 -1.097229 30.767229 0.000000 0.000000 
-7.297530 -21.495598 1.281888 -1.787254 30.445139 0.000000 0.000000 
-7.090225 -24.497814 0.731341 -0.326820 30.211323 0.000000 0.000000 
-7.576138 -24.487698 0.823928 -1.862061 29.478489 0.000000 0.000000 
7.764225 -15.238590 3.741359 -7.213737 28.037939 0.000000 0.000000 
7.600774 -15.498572 3.649028 -9.381638 26.576719 0.000000 0.000000 
9.007531 -26.560612 1.517858 -4.600235 25.251867 0.000000 0.000000 
8.451112 -26.999035 1.851929 -4.982437 25.912518 0.000000 0.000000 
8.109351 -27.614651 -1.550974 -2.366165 26.524811 0.000000 0.000000 
8.550076 -27.629486 2.798627 -4.423698 24.224907 0.000000 0.000000 
9.364185 -39.991684 1.412404 -5.684967 19.865820 0.000000 0.000000 
10.163784 -40.415417 2.616250 2.942940 26.237137 0.000000 0.000000 
9.280251 -41.111309 0.266721 2.160538 24.098278 0.000000 0.000000 
5.814274 -42.112411 6.155011 -1.199959 22.907770 0.000000 0.000000 
8.549422 -3.988422 1.152724 -4.570190 36.893528 0.000000 0.000000 
8.734838 -3.924478 -0.759331 -0.309891 41.301197 0.000000 0.000000 
8.599989 -10.388111 3.888213 -9.020164 30.377380 0.000000 0.000000 
8.641878 -10.450630 -0.010231 -6.480431 32.467487 0.000000 0.000000 
9.663888 -27.709702 -2.227277 -2.685448 27.320118 0.000000 0.000000 
7.321792 -34.219521 -0.283601 1.442917 27.249367 0.000000 0.000000 
7.507753 -34.235661 -0.219147 3.038010 28.053295 0.000000 0.000000 
7.045973 -35.174889 -0.198267 2.183830 29.791403 0.000000 0.000000 
7.411727 -35.164200 0.244695 2.032410 30.755665 0.000000 0.000000 
6.651231 -36.515190 11.221363 3.285736 27.364836 0.000000 0.000000 
6.763565 -36.575508 0.551980 0.836037 24.058599 0.000000 0.000000 
9.939296 -39.651241 2.420308 -5.259529 21.556190 0.000000 0.000000 
8.471341 -40.265980 -3.402447 2.427040 24.218987 0.000000 0.000000 
8.893291 -40.227741 -3.762720 7.114853 28.387918 0.000000 0.000000 
9.152156 -40.183453 -1.781814 1.877106 24.165234 0.000000 0.000000 
3.610053 -42.514507 7.851786 -1.814445 22.047045 0.000000 0.000000 
4.002614 -42.547276 6.051283 -0.402611 22.202068 0.000000 0.000000 
6.398412 -45.054516 8.969446 -4.965805 20.627556 0.000000 0.000000 
10.642923 -54.906181 4.006861 11.971619 33.775246 0.000000 0.000000 
8.527096 -69.469879 -1.031655 -1.502785 16.743361 0.000000 0.000000 
16.148468 -28.839672 5.078740 -2.813751 21.432224 0.000000 0.000000 
15.380696 -29.974712 3.226498 0.498138 25.118465 0.000000 0.000000 
22.526520 -44.270660 2.030193 4.305450 22.075691 0.000000 0.000000 
17.962841 -9.475378 6.371083 -2.671288 30.142189 0.000000 0.000000 
17.975290 -9.792290 5.185379 -2.550133 30.421593 0.000000 0.000000 
24.395487 -51.434330 1.833147 3.470680 22.537405 0.000000 0.000000 
20.728605 0.902037 -0.041306 -1.712112 32.886597 0.000000 0.000000 
21.233814 -2.462517 -0.308418 -6.606247 28.541622 0.000000 0.000000 
21.517338 -2.027792 -0.220565 -1.159088 34.654640 0.000000 0.000000 
21.584152 -1.415755 -0.162986 -0.061020 34.463650 0.000000 0.000000 
22.677469 -10.822873 -1.593167 -0.895111 30.530231 0.000000 0.000000 
25.590433 -14.957229 1.648750 -1.616158 26.364767 0.000000 0.000000 
25.630802 -15.075859 0.053601 1.308098 28.821426 0.000000 0.000000 
25.919441 -14.784909 0.943079 -2.695168 25.362717 0.000000 0.000000 
38.810177 -0.399123 0.218136 9.638359 34.372562 0.000000 0.000000 
38.868813 -0.713706 0.193423 8.594934 33.719372 0.000000 0.000000 
43.108650 -0.528336 1.357551 7.012718 29.215252 0.000000 0.000000 
43.271584 -0.539647 1.072924 6.209015 28.343292 0.000000 0.000000 
20.664848 -37.817059 0.246354 4.244270 24.346521 0.000000 0.000000 
19.519121 -38.475567 -0.726286 0.097946 21.527355 0.000000 0.000000 
14.535444 -20.737255 2.187331 -3.005936 28.337984 0.000000 0.000000 
34.470333 8.771100 -1.293216 15.661369 37.340931 0.000000 0.000000 
34.581062 8.773512 -1.372205 15.310898 35.685841 0.000000 0.000000 
38.592548 7.855351 -0.932882 7.747955 28.796555 0.000000 0.000000 
38.621475 7.896389 -1.277972 10.187050 29.985573 0.000000 0.000000 
38.920052 7.355223 9.530540 5.336517 29.690855 0.000000 0.000000 
42.611870 8.834165 -1.247547 17.285316 35.740250 0.000000 0.000000 
42.662159 8.794479 -1.426216 15.502968 34.302364 0.000000 0.000000 
44.943417 0.258031 3.769171 -3.472595 20.869804 0.000000 0.000000 
44.407738 9.624984 -0.383253 6.646690 26.841108 0.000000 0.000000 
39.189610 15.398780 0.005249 -2.447762 22.418041 0.000000 0.000000 
42.825714 19.094532 3.130951 0.069275 20.945297 0.000000 0.000000 
50.346779 9.947008 -0.778660 12.990402 32.796627 0.000000 0.000000 
58.053398 0.639388 0.438959 11.439522 29.111858 0.000000 0.000000 
58.039547 1.108011 1.256095 12.754181 29.361399 0.000000 0.000000 
62.624561 8.966436 -1.480537 12.488358 27.794695 0.000000 0.000000 
62.708164 8.684011 -2.193384 11.748787 27.752047 0.000000 0.000000 
2.472027 -6.932558 0.269564 -8.793564 43.245625 0.000000 0.000000 
2.575249 -7.041102 0.332710 -7.051758 42.245796 0.000000 0.000000 
2.625446 -7.620231 -0.198687 -2.174088 42.805176 0.000000 0.000000 
2.352743 -8.098212 0.132505 -3.672249 42.483696 0.000000 0.000000 
2.437521 -8.933112 -0.095820 -2.365677 41.129730 0.000000 0.000000 
2.490714 -8.958319 -0.048306 -2.117851 42.578270 0.000000 0.000000 
2.259051 -9.249466 0.105124 -9.832603 31.670624 0.000000 0.000000 
2.267950 -9.279540 0.116689 -5.814468 37.102417 0.000000 0.000000 
2.447171 -9.462509 0.164150 0.575729 41.910633 0.000000 0.000000 
2.414852 -9.510608 0.145620 3.553505 47.122227 0.000000 0.000000 
2.177390 -10.172322 -0.326804 -7.482300 36.595913 0.000000 0.000000 
2.433087 -10.242319 -0.119537 -4.915527 39.867001 0.000000 0.000000 
2.454280 -10.235498 -0.100615 -3.893997 39.941433 0.000000 0.000000 
2.191681 -10.559236 -0.261653 -4.928955 35.812492 0.000000 0.000000 
2.268351 -10.541195 -0.170316 -1.659027 41.095692 0.000000 0.000000 
2.108744 -10.807864 -0.489400 -4.497871 37.001755 0.000000 0.000000 
2.148414 -10.866088 -0.309300 -3.493317 38.738079 0.000000 0.000000 
2.164521 -10.972087 -0.340236 -6.896309 35.623646 0.000000 0.000000 
2.298306 -11.022474 -0.045345 -5.260124 37.644688 0.000000 0.000000 
2.234221 -11.157752 -0.230077 -7.747070 36.202244 0.000000 0.000000 
2.346235 -0.967212 0.034872 -13.764359 51.851482 0.000000 0.000000 
2.493370 -0.974783 0.034830 -13.573574 55.389183 0.000000 0.000000 
2.414081 -2.020609 0.034146 -24.665722 34.952305 0.000000 0.000000 
2.442947 -2.074784 0.006017 -27.069698 41.116127 0.000000 0.000000 
2.418313 -2.502492 0.137385 -23.685699 41.466454 0.000000 0.000000 
2.462968 -2.597167 0.055017 -22.231285 42.256142 0.000000 0.000000 
2.402133 -2.855973 -0.026273 -19.924301 43.565590 0.000000 0.000000 
2.405617 -3.124619 -0.100556 -28.539623 38.891529 0.000000 0.000000 
2.453715 -3.535236 0.086587 -14.308159 46.070274 0.000000 0.000000 
2.483843 -3.515254 0.109611 -13.378334 46.470493 0.000000 0.000000 
2.514002 -3.614552 0.074607 -9.805378 49.571594 0.000000 0.000000 
2.435136 -3.954851 0.034387 -19.078514 42.303551 0.000000 0.000000 
2.452928 -4.139695 0.029783 -14.921097 43.255173 0.000000 0.000000 
2.472919 -4.186534 0.055263 -15.129996 43.903942 0.000000 0.000000 
2.433405 -4.471377 -0.081191 -17.811096 40.231773 0.000000 0.000000 
2.456989 -4.545877 -0.082087 -20.969627 41.186947 0.000000 0.000000 
2.467896 -4.602435 -0.076293 -20.128849 40.504055 0.000000 0.000000 
2.474548 -4.734028 -0.052899 -19.413879 36.354893 0.000000 0.000000 
2.452302 -5.061726 0.074909 -9.617180 43.902134 0.000000 0.000000 
2.475151 -5.157830 0.063213 -11.486740 42.684139 0.000000 0.000000 
2.403497 -5.338640 -0.157660 -12.208523 40.699078 0.000000 0.000000 
2.448781 -5.499368 0.003604 -1.708069 46.494598 0.000000 0.000000 
2.446628 -5.501941 0.035841 0.750660 54.348969 0.000000 0.000000 
2.432807 -5.508505 0.012994 -1.841751 45.878136 0.000000 0.000000 
2.469485 -6.252278 0.063139 -9.153919 42.247887 0.000000 0.000000 
2.484546 -6.358750 0.033210 -6.064705 44.985718 0.000000 0.000000 
2.481335 -6.470284 -0.131119 -7.652084 44.619556 0.000000 0.000000 
2.476349 -6.745611 0.064585 -6.914429 44.443481 0.000000 0.000000 
2.473239 -6.794047 -0.026532 -6.250481 43.232876 0.000000 0.000000 
2.418021 -7.059947 -0.123661 -8.987316 44.106689 0.000000 0.000000 
2.432197 -7.230042 -0.086997 -2.573441 45.134300 0.000000 0.000000 
2.436457 -7.231886 0.027502 -4.139725 43.643257 0.000000 0.000000 
2.285594 -7.533122 0.145556 -7.666973 38.607300 0.000000 0.000000 
2.363868 -7.515616 0.073777 -9.988838 38.893204 0.000000 0.000000 
2.384902 -7.657830 0.073856 -7.374252 39.991348 0.000000 0.000000 
2.311407 -7.928148 0.109660 -3.970795 41.496754 0.000000 0.000000 
2.277866 -8.232138 -0.199490 -10.419708 41.035419 0.000000 0.000000 
2.418522 -8.424625 0.165281 -8.530830 37.820240 0.000000 0.000000 
2.286513 -8.753254 0.019506 -1.885666 44.048241 0.000000 0.000000 
2.254978 -8.955940 0.001659 4.834488 46.562382 0.000000 0.000000 
2.244184 -8.959555 -0.018918 3.253021 47.265923 0.000000 0.000000 
2.189778 -9.420230 -0.069090 -1.607925 43.469269 0.000000 0.000000 
2.200665 -9.476046 -0.003554 -4.908722 40.625710 0.000000 0.000000 
2.165768 -9.489843 -0.155361 -3.653030 39.396980 0.000000 0.000000 
2.177046 -9.686885 -0.173311 -3.389778 38.798050 0.000000 0.000000 
2.166026 -9.799900 -0.324733 -4.294205 38.476917 0.000000 0.000000 
2.172091 -9.956025 -0.247244 -3.790123 41.246471 0.000000 0.000000 
2.317522 -10.115695 -0.254554 -2.625565 39.114433 0.000000 0.000000 
2.263837 -10.216105 0.356425 -2.494377 40.145668 0.000000 0.000000 
2.229218 -10.363020 0.129176 -4.392586 39.048992 0.000000 0.000000 
2.235517 -10.601244 -0.071277 -1.035133 41.944473 0.000000 0.000000 
2.272444 -10.616179 0.037910 -2.720772 39.978020 0.000000 0.000000 
2.198465 -11.049287 -0.356310 1.048553 44.028305 0.000000 0.000000 
2.157014 -11.109844 -0.213862 1.901337 43.404640 0.000000 0.000000 
2.272653 -11.373101 0.171598 -7.622101 40.157333 0.000000 0.000000 
2.277567 4.766190 -0.010101 -28.382164 26.985109 0.000000 0.000000 
2.414125 4.822365 -0.025934 -27.616028 28.618828 0.000000 0.000000 
2.484755 5.389332 -0.088807 -38.261871 21.125256 0.000000 0.000000 
2.307054 5.973984 -0.073073 -41.816212 18.592737 0.000000 0.000000 
2.291841 6.959538 0.037363 -10.919434 45.788780 0.000000 0.000000 
2.319086 6.984892 0.041564 -11.263885 46.686050 0.000000 0.000000 
2.384590 7.449940 -0.081115 -26.792461 31.956474 0.000000 0.000000 
2.291391 7.628457 -0.075908 -31.046001 28.870802 0.000000 0.000000 
2.288424 7.908934 -0.038127 -21.206154 35.096939 0.000000 0.000000 
2.373203 7.974683 -0.031144 -21.960522 36.608192 0.000000 0.000000 
2.413143 8.408025 -0.019474 -24.750893 28.970011 0.000000 0.000000 
2.270434 8.590005 -0.143660 -37.629631 23.130722 0.000000 0.000000 
2.268758 8.954893 0.017487 -8.506851 42.643265 0.000000 0.000000 
2.302021 9.000980 0.021711 -6.598335 42.760437 0.000000 0.000000 
2.329400 9.746907 -0.096696 -22.756824 24.806135 0.000000 0.000000 
2.216159 20.947952 -0.442393 -0.556435 34.896229 0.000000 0.000000 
2.192297 21.000950 -0.478261 5.415771 42.720215 0.000000 0.000000 
-6.014703 -1.062787 -0.561351 -0.181702 51.296867 0.000000 0.000000 
-6.017394 -1.024657 -0.591911 4.973587 56.028728 0.000000 0.000000 
-6.069451 -1.030167 -0.610774 7.127296 60.376701 0.000000 0.000000 
-6.825862 0.018025 0.083372 1.423096 49.614120 0.000000 0.000000 
-6.937843 0.023052 0.141281 6.153229 56.850491 0.000000 0.000000 
2.691951 -7.620095 -0.211457 -0.165970 45.640091 0.000000 0.000000 
2.808053 -8.067173 0.299686 -4.332825 43.905762 0.000000 0.000000 
-6.194944 -10.760824 -2.653723 -12.015839 32.861794 0.000000 0.000000 
-6.278945 -10.910078 -2.902205 -10.058455 34.334808 0.000000 0.000000 
-6.187109 -13.568695 -3.717105 -14.867302 27.338413 0.000000 0.000000 
-6.759078 -13.893196 3.963562 -15.972594 25.896744 0.000000 0.000000 
7.236484 -15.000164 -4.773479 -8.527779 27.764179 0.000000 0.000000 
-6.281789 -16.323544 -4.197441 -8.909805 26.926376 0.000000 0.000000 
-6.348187 -17.064671 -3.583483 -13.552765 23.227219 0.000000 0.000000 
-18.253731 -2.018591 -0.549996 3.061493 43.826603 0.000000 0.000000 
-18.222349 -2.735795 0.026679 3.808876 41.884579 0.000000 0.000000 
-18.414150 -2.499431 -0.300730 3.409225 40.897392 0.000000 0.000000 
-18.680616 -2.094821 -0.290422 7.001656 45.144539 0.000000 0.000000 
-18.682312 -2.088317 -0.350118 7.418427 45.744598 0.000000 0.000000 
-7.159452 -18.098083 -7.424284 -10.955086 27.395571 0.000000 0.000000 
-18.717525 -11.363720 1.704316 1.154846 34.658363 0.000000 0.000000 
-18.813082 -11.296355 1.617270 0.643738 33.585514 0.000000 0.000000 
-19.108267 -11.615165 2.480216 0.454262 33.072029 0.000000 0.000000 
-19.380894 -11.143359 0.905896 -2.071449 32.889114 0.000000 0.000000 
-18.989399 -11.986612 5.630618 -2.806900 30.655155 0.000000 0.000000 
-19.665882 -11.543294 1.755057 0.105797 32.886063 0.000000 0.000000 
-19.922714 -11.158712 1.314187 -0.262680 33.985039 0.000000 0.000000 
-22.465578 -2.668750 -8.833125 -6.114372 29.710346 0.000000 1.000000 
-18.310026 -14.303888 -0.642729 15.679596 45.747677 0.000000 0.000000 
-18.404087 -14.335051 -0.730789 13.815887 45.467793 0.000000 0.000000 
-18.629316 -14.469671 -0.900969 0.114029 33.728008 0.000000 0.000000 
-23.380743 -1.930685 6.964955 -12.349556 28.493599 0.000000 0.000000 
-18.053679 -15.849168 -0.408829 -3.611732 28.000830 0.000000 0.000000 
-5.816903 -23.995163 -6.530565 -6.507622 29.626379 0.000000 0.000000 
-19.774633 -17.886318 4.685214 -10.418869 24.564745 0.000000 0.000000 
-7.208251 -25.835449 -3.777709 -8.466026 24.208757 0.000000 0.000000 
-5.645981 -26.673569 -6.409721 -8.616692 22.572289 0.000000 0.000000 
-28.883841 6.301340 -4.162546 -3.853172 26.294086 0.000000 1.000000 
-30.182674 -0.978375 3.459607 -3.288200 27.938631 0.000000 0.000000 
12.885678 -27.597874 0.057842 -2.404526 27.338154 0.000000 0.000000 
-28.022560 13.160173 -4.263627 -1.127808 29.102869 0.000000 1.000000 
-20.406977 -24.762569 3.414356 0.158646 28.196867 0.000000 0.000000 
-20.744211 -24.700237 2.920942 0.798691 29.865314 0.000000 0.000000 
12.927657 -28.941463 -0.340902 3.083038 29.715511 0.000000 0.000000 
-19.913666 -26.594669 1.140785 0.651428 27.518711 0.000000 0.000000 
11.501391 -31.359257 0.091117 -1.550079 25.621740 0.000000 0.000000 
-14.797291 -32.059658 -1.489894 0.521889 27.882305 0.000000 0.000000 
-35.122540 0.354478 1.673354 0.648575 27.153101 0.000000 0.000000 
-35.259380 0.249722 2.155462 -2.736763 25.878891 0.000000 0.000000 
-35.274807 0.298159 2.002103 -2.844452 24.800873 0.000000 0.000000 
-35.589977 0.672153 2.282883 -2.260658 26.635359 0.000000 0.000000 
-36.296780 1.355778 4.647630 -5.507599 24.758856 0.000000 0.000000 
-7.438844 -37.565056 -2.435105 -6.883430 20.556677 0.000000 1.000000 
-38.768070 -2.265999 3.782691 -1.751846 24.178589 0.000000 0.000000 
-41.044098 -1.308177 9.924963 -5.314583 21.481951 0.000000 0.000000 
10.822293 -39.833851 3.545276 2.313240 25.099113 0.000000 0.000000 
-38.010239 -31.136829 -2.918870 -2.716011 19.373203 0.000000 1.000000 
-5.986156 -49.011189 -7.610544 2.866180 25.201271 0.000000 0.000000 
-6.104100 -49.089622 -7.655217 2.704140 25.648842 0.000000 0.000000 
-12.518797 -55.933060 1.706624 11.201874 29.007820 1.000000 0.000000 
-12.433395 -56.219791 2.108468 13.152534 29.820587 1.000000 0.000000 
-13.541221 -56.371857 1.636888 1.379112 18.632385 1.000000 0.000000 
-54.614471 -21.893929 2.117537 0.831291 18.216740 0.000000 1.000000 
-12.076930 -59.285328 1.389634 -2.698120 15.804344 1.000000 0.000000 
-12.683756 -59.499081 1.334614 4.001419 20.745090 1.000000 0.000000 
-12.332245 -59.718163 1.544060 3.694206 21.733179 1.000000 0.000000 
-12.209942 -60.030106 1.773265 8.264709 24.208677 1.000000 0.000000 
-12.376102 -60.393501 0.172147 3.087311 20.088737 1.000000 0.000000 
-6.485029 -61.306713 -2.437547 2.870880 20.654678 0.000000 0.000000 
-12.001617 -60.571712 2.731886 0.914856 16.990129 1.000000 0.000000 
-10.635273 -61.110592 3.721762 2.003166 18.207518 1.000000 0.000000 
-12.111242 -60.956646 1.871553 -1.742195 15.917248 1.000000 0.000000 
-59.375553 -18.788116 4.511548 -1.208885 16.587940 0.000000 1.000000 
-12.213793 -61.285542 0.508390 2.406700 17.162174 1.000000 0.000000 
-11.920544 -65.905983 3.025415 4.872719 20.007339 1.000000 0.000000 
-14.441518 -65.496521 -0.168972 8.592987 24.232695 1.000000 0.000000 
-14.221542 -65.884117 1.471440 13.026588 26.511919 1.000000 0.000000 
-90.139984 -57.126400 9.745994 8.851326 15.101704 0.000000 0.000000 
-106.906898 -2.855831 4.811414 7.773224 17.263874 0.000000 0.000000 
-107.009018 -3.519206 5.896610 10.192261 20.404682 0.000000 0.000000 
-107.278725 -0.884638 4.761030 14.987709 23.758163 0.000000 0.000000 
-107.284973 -1.806676 6.982933 14.878021 22.316513 0.000000 0.000000 
-107.415573 -5.323062 5.384198 9.003006 21.029013 0.000000 0.000000 
-107.505234 -5.643759 4.530364 10.464653 20.427719 0.000000 0.000000 
-107.480774 -8.095686 5.470796 7.631340 17.125006 0.000000 0.000000 
-20.086395 -106.432388 -0.579057 7.555084 14.467602 0.000000 0.000000 
-115.467026 -2.492388 6.982216 11.367882 19.377348 0.000000 0.000000 
-115.466682 -2.783892 7.907413 9.234544 17.020977 0.000000 0.000000 
53.436523 -104.806747 5.939173 15.082687 18.682037 0.000000 0.000000 
54.642025 -104.270531 5.409165 19.292717 21.323700 0.000000 0.000000 
57.809708 -102.645126 6.387686 17.601379 18.242805 0.000000 0.000000 
63.538090 -109.632484 6.539396 20.554176 21.602615 0.000000 0.000000 
58.986874 -148.227402 6.017213 19.645569 18.731434 0.000000 0.000000 
2.462976 -8.461826 -1.696038 -10.776024 32.716000 0.000000 0.000000 
7.186110 -5.245708 -0.043762 3.440231 47.378483 0.000000 0.000000 
7.289844 -5.352046 -0.090533 4.958450 50.528564 0.000000 0.000000 
7.278015 -8.397282 -4.057195 0.554291 40.720676 0.000000 0.000000 
7.323238 -8.486782 -1.426383 6.887329 47.630035 0.000000 1.000000 
2.168165 -11.594646 0.297685 -5.689896 37.994713 0.000000 0.000000 
11.940624 -3.161375 0.019835 9.367517 48.714005 0.000000 0.000000 
11.944896 -3.146895 0.144165 7.276413 45.643291 0.000000 0.000000 
12.978352 2.084375 3.123491 -12.257797 27.030888 0.000000 1.000000 
13.908622 -2.766542 0.688537 1.733116 40.674706 0.000000 0.000000 
14.042853 -2.781092 0.769192 -1.530533 36.429848 0.000000 0.000000 
-6.069431 -13.168993 -2.734530 -5.799721 30.374817 0.000000 0.000000 
15.851475 -0.908314 -0.569846 1.023613 39.056076 0.000000 0.000000 
15.900352 -0.842363 -0.573823 -1.098969 37.122936 0.000000 0.000000 
-7.017591 -14.874729 4.894110 -5.925285 27.303814 0.000000 0.000000 
17.047058 0.411428 -0.702401 8.217407 44.728031 0.000000 0.000000 
17.164209 0.390389 -0.751349 5.500549 42.769348 0.000000 0.000000 
17.163162 0.462356 -0.638818 6.249367 42.454067 0.000000 0.000000 
-7.846666 -15.342231 -0.692219 2.140579 32.575420 0.000000 0.000000 
16.979345 8.601089 0.458498 9.934052 39.455212 0.000000 0.000000 
17.056776 8.678758 0.386905 9.946526 39.143917 0.000000 0.000000 
-7.133788 -19.006420 -2.615831 -9.592102 29.492989 0.000000 0.000000 
-8.925929 -18.149723 -4.472498 -7.824768 28.787197 0.000000 0.000000 
18.838470 7.829950 -1.087910 1.420250 36.003338 0.000000 0.000000 
18.328220 9.827609 0.018619 10.033730 42.871651 0.000000 1.000000 
22.120445 9.128035 0.250955 7.385025 39.190495 0.000000 0.000000 
21.981087 9.660110 0.369598 5.489372 37.434677 0.000000 0.000000 
25.201239 -3.353282 4.863724 -8.889870 26.059931 0.000000 1.000000 
27.478676 0.514671 0.659544 3.553680 32.812874 0.000000 0.000000 
27.568209 0.259858 0.683822 3.912483 36.145737 0.000000 0.000000 
26.871286 5.839475 8.321885 -3.446152 35.541843 0.000000 0.000000 
26.402420 8.742818 -0.750823 14.566658 38.346394 0.000000 0.000000 
26.480434 8.813135 -0.464282 12.235870 36.714832 0.000000 0.000000 
27.026682 7.558645 4.236931 3.858635 29.996271 0.000000 0.000000 
27.138821 7.759180 3.699389 4.287239 30.302357 0.000000 0.000000 
26.265741 -14.658857 4.797501 -0.805733 29.118883 0.000000 0.000000 
28.617134 8.560198 -0.595277 14.365944 37.905010 0.000000 0.000000 
28.552414 8.795837 -0.505634 16.997459 39.840115 0.000000 0.000000 
26.919216 -15.336302 -0.081144 -2.624985 25.272753 0.000000 1.000000 
23.588345 -21.536419 0.832394 4.662315 31.187613 0.000000 0.000000 
23.694950 -21.566303 0.970751 6.628456 33.006470 0.000000 0.000000 
30.469015 8.236534 0.315441 9.470551 33.107700 0.000000 0.000000 
30.480640 8.198690 0.191098 9.048257 32.966492 0.000000 0.000000 
30.935667 7.481059 9.434073 -2.748726 25.293959 0.000000 0.000000 
31.305130 6.749813 2.150151 -1.964439 25.784750 0.000000 0.000000 
32.571556 1.492848 1.497490 13.042641 39.218857 0.000000 0.000000 
32.689865 1.337178 1.166115 13.264709 41.363808 0.000000 0.000000 
32.392212 8.964720 -0.658969 16.978615 37.247833 0.000000 0.000000 
32.308964 9.236318 -0.751799 17.126175 39.316975 0.000000 0.000000 
32.405731 9.107227 -0.733803 20.249146 42.803055 0.000000 0.000000 
34.173153 -8.803592 2.486821 -4.177620 23.739731 0.000000 0.000000 
33.795856 -11.191641 -1.760822 -0.680687 27.837051 0.000000 1.000000 
34.556095 -14.480402 -3.533635 0.875671 25.653152 0.000000 0.000000 
5.554962 -37.115086 -0.786790 -4.292625 22.107229 0.000000 1.000000 
33.819946 15.570239 6.886634 -0.465126 23.951782 0.000000 0.000000 
34.359859 15.726357 -3.008163 -0.405167 23.895653 0.000000 0.000000 
40.269650 -1.665398 -3.532171 -3.385078 22.784897 0.000000 0.000000 
0.109378 -41.882504 -2.199552 -0.180046 26.275034 0.000000 0.000000 
41.676449 -0.704234 13.112469 9.747215 32.948757 0.000000 0.000000 
41.675076 -0.492164 14.437680 5.201965 30.840973 0.000000 0.000000 
43.530914 -10.171597 9.054408 -1.635193 22.972965 0.000000 1.000000 
43.514420 -10.419003 10.797935 -0.372444 23.437634 0.000000 1.000000 
43.194149 15.366002 -5.451516 0.856712 20.858011 0.000000 0.000000 
46.565479 8.132703 -2.445237 18.746201 34.252697 0.000000 0.000000 
47.186054 8.994375 -0.102101 6.928749 23.972511 0.000000 0.000000 
-5.313939 -49.066063 4.016606 1.086647 22.070362 0.000000 0.000000 
28.047823 -41.234573 -0.705609 2.457535 21.825731 0.000000 1.000000 
46.501965 17.025688 1.279499 15.330879 32.628731 0.000000 0.000000 
46.606354 16.848938 1.018939 13.566925 30.957172 0.000000 0.000000 
47.181492 16.337288 -1.483897 8.273973 27.094858 0.000000 0.000000 
47.228100 16.218918 0.719893 4.644783 22.836395 0.000000 0.000000 
50.339233 14.720192 1.746989 2.541092 18.531301 0.000000 0.000000 
52.551800 9.072989 0.153917 16.327278 33.133957 0.000000 0.000000 
52.532787 9.475718 0.344413 18.519691 32.951843 0.000000 0.000000 
52.713276 8.548612 -0.115653 15.507568 33.956856 0.000000 0.000000 
53.427017 10.529608 -1.094056 1.637199 18.887083 0.000000 0.000000 
53.604065 10.254052 -0.599598 0.699913 19.188625 0.000000 0.000000 
54.906116 7.117158 -0.285129 22.549110 38.353119 0.000000 0.000000 
54.976543 7.007422 -0.669838 19.915451 34.731110 0.000000 0.000000 
55.837181 9.675378 -0.089251 5.472519 22.055378 0.000000 0.000000 
55.951126 9.140574 -2.064145 4.626755 21.579075 0.000000 0.000000 
56.124718 8.252436 -2.725615 3.222832 20.799961 0.000000 0.000000 
56.861950 6.683090 -2.406359 16.124870 29.868855 0.000000 0.000000 
56.947655 6.129487 -2.620317 19.739716 35.327034 0.000000 0.000000 
56.836285 8.830059 -0.063627 15.245697 28.979303 0.000000 0.000000 
56.646378 9.973723 2.768095 11.363304 26.264429 0.000000 0.000000 
55.816490 15.881898 -1.449199 2.780067 18.930069 0.000000 0.000000 
56.170586 15.467822 6.767437 3.718750 19.027712 0.000000 0.000000 
58.109077 7.938848 -3.140824 6.769928 22.026649 0.000000 0.000000 
55.955742 18.212879 -2.333289 8.884843 23.442535 0.000000 0.000000 
58.534527 8.734730 -1.001270 20.920258 33.902161 0.000000 0.000000 
58.709930 8.554684 -1.109081 21.052879 34.841431 0.000000 0.000000 
60.386276 9.914014 0.312242 20.817413 33.401363 0.000000 0.000000 
60.444427 9.589482 -0.374706 23.885376 36.551636 0.000000 0.000000 
62.018944 -8.838362 3.802222 9.344766 25.625179 0.000000 0.000000 
62.063072 -8.927670 2.953585 9.403198 25.613825 0.000000 0.000000 
62.001839 -10.787205 1.668811 5.247269 22.008631 0.000000 0.000000 
62.072506 -11.147779 3.176917 6.334312 22.766064 0.000000 0.000000 
57.383663 -32.026783 0.086884 13.746361 27.597895 0.000000 0.000000 
57.467045 -32.069340 1.406062 16.362045 28.427357 0.000000 0.000000 
57.447834 -32.135315 5.896928 16.380554 28.905840 0.000000 0.000000 
57.422298 -32.378063 5.778880 16.737900 28.979513 0.000000 0.000000 
66.117920 -11.606787 -0.292444 -0.999680 17.583887 0.000000 0.000000 
65.887863 12.037775 2.540661 5.329971 17.896332 0.000000 0.000000 
66.122673 11.084166 2.355555 5.566788 18.259228 0.000000 1.000000 
66.695122 -10.825444 -1.396119 10.968910 29.090366 0.000000 0.000000 
66.730087 -10.848338 -0.261279 14.823692 30.332867 0.000000 0.000000 
67.578278 -11.369269 5.300851 3.735229 18.349113 0.000000 0.000000 
68.137909 9.040966 -3.332036 7.713425 21.153378 0.000000 0.000000 
67.785934 13.003400 1.982269 22.903374 32.646847 0.000000 0.000000 
67.934921 12.826617 1.639076 24.850227 35.702301 0.000000 0.000000 
68.988457 -11.426492 -9.873709 3.977730 20.715900 0.000000 0.000000 
70.352776 -10.122009 -5.877762 10.262978 25.140472 0.000000 0.000000 
70.326447 -11.027409 -8.689672 8.186485 21.790703 0.000000 0.000000 
70.547882 9.345416 0.532334 6.759232 17.323654 0.000000 0.000000 
58.127907 -42.725327 4.117105 6.951080 23.110703 0.000000 0.000000 
57.911694 -43.284920 5.450112 13.363708 26.394663 0.000000 0.000000 
72.574631 8.957569 -0.189831 29.082718 39.615807 0.000000 0.000000 
72.644646 8.853196 -0.117117 25.777885 35.660332 0.000000 0.000000 
74.797951 6.887541 -2.884554 12.755119 24.195557 0.000000 0.000000 
74.864258 7.096642 -3.173461 15.940712 26.944818 0.000000 0.000000 
74.755409 8.570342 -2.221035 7.846092 20.734467 0.000000 0.000000 
-22.738586 -73.054550 -1.363664 9.365556 21.892796 0.000000 0.000000 
76.723404 8.367358 -1.043431 15.558777 26.850803 0.000000 0.000000 
8.520014 -77.151131 -2.308421 11.489288 25.082191 0.000000 0.000000 
76.840439 7.765032 -2.943348 13.874969 24.589344 0.000000 0.000000 
8.251148 -77.200783 -2.391856 15.735313 28.212227 0.000000 0.000000 
78.649513 8.539436 -1.515410 20.466446 30.595982 0.000000 0.000000 
78.887871 7.853908 -2.468743 19.068344 29.258883 0.000000 0.000000 
80.650787 7.746533 -2.978127 12.364410 22.973145 0.000000 0.000000 
80.700584 8.653386 -1.526494 14.235184 26.078049 0.000000 0.000000 
80.698952 9.130285 -0.618657 10.838821 22.875547 0.000000 0.000000 
55.984638 -63.964733 5.399404 9.738472 17.972410 0.000000 0.000000 
-33.819767 -77.620506 3.451413 6.075012 15.800755 0.000000 0.000000 
84.413414 10.955188 -0.373413 10.575386 23.445385 0.000000 0.000000 
86.308380 10.929369 1.449073 13.538322 21.519396 0.000000 0.000000 
86.354073 10.955400 2.112166 13.985100 21.197634 0.000000 0.000000 
57.707088 -67.798729 5.776577 18.386856 26.063755 0.000000 0.000000 
57.807991 -67.812660 5.231425 16.809013 24.384232 0.000000 0.000000 
58.031876 -67.740761 4.679819 14.837433 23.852135 0.000000 0.000000 
58.371353 -67.502808 5.748730 16.355782 24.121809 0.000000 0.000000 
88.518936 10.303518 3.679225 14.502144 23.520887 0.000000 0.000000 
88.545021 10.118348 2.723320 17.502937 25.498291 0.000000 0.000000 
89.457626 -0.162693 0.189678 4.711044 15.809566 0.000000 0.000000 
89.169006 -10.461543 9.035744 9.942741 22.821182 0.000000 0.000000 
89.282005 -9.759846 10.075483 7.156525 20.807951 0.000000 0.000000 
90.464149 9.986042 1.598317 22.006004 28.701141 0.000000 0.000000 
90.587326 10.237256 1.440506 24.922699 31.861183 0.000000 0.000000 
74.103355 -54.099098 -4.769670 6.086899 15.501488 0.000000 0.000000 
91.139580 -11.140342 7.814446 7.744514 23.113907 0.000000 0.000000 
91.219040 -11.299000 8.229433 5.377075 21.651403 0.000000 0.000000 
91.240700 -11.166080 9.538924 10.024223 24.391945 0.000000 0.000000 
91.389801 -12.422585 13.457740 14.231857 25.186382 0.000000 0.000000 
91.491653 -12.256041 11.554426 8.475488 20.378839 0.000000 0.000000 
91.522987 -12.632862 13.818754 11.059769 22.657883 0.000000 0.000000 
92.787010 7.973660 -1.092222 19.729111 28.043615 0.000000 0.000000 
92.830429 8.079572 -1.256901 17.829109 25.205450 0.000000 0.000000 
92.636681 -12.357321 10.833095 11.090576 19.085274 0.000000 0.000000 
92.705765 -12.571658 12.375747 9.162956 18.238371 0.000000 0.000000 
95.305511 -10.463602 8.177999 8.284448 17.624060 0.000000 0.000000 
96.300331 -12.172482 8.373487 9.174644 19.478157 0.000000 0.000000 
96.380745 -11.881510 9.463800 9.685173 19.660179 0.000000 0.000000 
108.445526 -10.524414 8.889598 10.482758 16.874620 0.000000 0.000000 
107.681892 16.867069 0.965084 16.284698 21.976416 0.000000 0.000000 
107.790604 16.322201 -0.995769 11.275536 18.150515 0.000000 0.000000 
107.774429 16.589420 -0.812092 12.271881 17.314501 0.000000 0.000000 
7.813432 -115.893829 -2.454592 9.513062 17.495537 0.000000 0.000000 
56.716515 -103.172539 0.057096 12.071426 20.069582 0.000000 0.000000 
118.271957 -2.843655 -3.499820 3.477531 19.212976 0.000000 0.000000 
118.510666 0.178296 2.030091 11.331177 19.990479 0.000000 0.000000 
118.633209 8.227983 -5.416741 12.645927 17.626949 0.000000 0.000000 
118.805801 8.639307 -5.719997 12.507439 18.465105 0.000000 0.000000 
118.803284 9.200281 -5.569097 14.235535 19.163433 0.000000 0.000000 
119.912392 0.612059 0.866498 8.043434 16.039232 0.000000 0.000000 
119.980225 -0.532522 -0.582460 7.500443 16.278450 0.000000 0.000000 
127.400528 16.804436 3.406157 19.907120 21.573673 0.000000 0.000000 
128.763657 7.005218 -5.645603 11.780197 14.260857 0.000000 0.000000 
10.403589 -129.279129 1.471925 14.364273 17.979965 0.000000 0.000000 
7.195008 -130.704453 -3.036236 11.347519 15.451080 0.000000 0.000000 
7.326889 -131.929092 0.643282 10.993576 15.219681 0.000000 0.000000 
7.564753 -134.385300 -0.786750 16.494881 19.130657 0.000000 0.000000 
134.391006 9.888654 -3.999655 14.326820 16.330503 0.000000 0.000000 
7.083061 -135.641342 -0.786685 13.681076 18.388796 0.000000 0.000000 
136.587677 11.661245 -3.187413 15.534286 18.322914 0.000000 0.000000 
7.640432 -138.108383 0.156971 11.740669 14.527561 0.000000 0.000000 
138.137802 13.123207 0.967863 21.062004 22.273537 0.000000 0.000000 
6.761788 -140.875748 -0.988806 12.806442 15.563251 0.000000 0.000000 
140.486298 10.423642 -0.301974 14.412880 14.996677 0.000000 0.000000 
8.012509 -142.152176 -5.759483 14.806976 17.750549 0.000000 0.000000 
142.268967 12.989793 0.065316 20.775139 22.657959 0.000000 0.000000 
8.010161 -143.387344 0.290530 22.923775 26.040161 0.000000 0.000000 
7.779346 -143.832794 -2.637112 11.601562 14.704918 0.000000 0.000000 
7.431892 -144.652725 -3.243666 22.323730 23.591103 0.000000 0.000000 
6.637136 -145.833237 -0.147326 12.959938 15.773312 0.000000 0.000000 
7.586226 -145.875381 -4.491176 19.456169 21.365280 0.000000 0.000000 
146.354767 13.173316 8.168829 22.164589 22.968931 0.000000 0.000000 
7.644267 -147.105820 -1.051558 25.879402 28.209309 0.000000 0.000000 
8.386232 -148.298218 -4.491637 22.097351 23.680195 0.000000 0.000000 
148.417847 13.152868 3.637677 18.191452 18.455330 0.000000 0.000000 
7.104759 -149.591156 -3.386950 18.109413 19.740612 0.000000 0.000000 
7.652910 -150.793503 -4.750344 11.706711 14.689137 0.000000 0.000000 
150.229492 12.221522 -3.325893 16.576576 16.312534 0.000000 0.000000 
150.610550 11.527958 6.139257 16.246651 16.830137 0.000000 0.000000 
7.898290 -151.198044 -4.008729 13.293205 16.125843 0.000000 0.000000 
58.089397 -158.889496 5.761532 15.192535 15.926662 0.000000 0.000000 
8.613628 -173.332657 -5.730073 20.611519 20.416927 0.000000 0.000000 
193.214523 61.923256 7.052987 20.227234 14.889648 0.000000 0.000000 
-0.330783 8.829851 0.010016 -45.390587 17.598883 1.000000 1.000000 
3.037390 10.606517 0.062175 -31.052910 10.943291 1.000000 1.000000 
1.710247 11.188980 -0.018338 -37.977928 9.512646 1.000000 1.000000 
2.293803 12.322065 0.394497 -16.087997 32.941517 0.000000 0.000000 
2.032215 12.473755 -0.061260 -35.512733 15.423012 1.000000 1.000000 
2.221339 12.838648 -1.008150 -11.331291 35.898140 0.000000 0.000000 
2.197747 13.102305 -1.166342 -10.867554 33.653084 0.000000 0.000000 
2.278313 13.528980 -0.079096 -2.186996 38.220821 0.000000 0.000000 
2.363635 13.952912 -0.108066 -0.055443 41.355782 0.000000 0.000000 
2.134696 14.166644 -0.083509 -28.719627 12.789101 1.000000 1.000000 
2.477734 14.264550 0.066125 -31.546181 10.290543 1.000000 1.000000 
2.324953 14.383204 -0.155134 3.029579 43.855148 0.000000 0.000000 
2.313892 14.394671 -0.159737 0.227501 40.009388 0.000000 0.000000 
2.302677 14.494162 -0.150167 2.113121 41.245926 0.000000 0.000000 
2.351553 14.843197 -0.125954 -3.631493 35.381344 0.000000 0.000000 
2.269297 15.183906 0.138263 -9.631012 35.677044 0.000000 0.000000 
2.272613 15.287147 0.182827 -12.774010 36.579407 0.000000 0.000000 
2.529714 15.582213 -0.094717 -32.126778 12.419876 1.000000 1.000000 
2.320771 15.721962 0.327202 -6.564713 36.066345 0.000000 0.000000 
2.336651 15.826370 0.255069 -7.848412 32.244053 0.000000 0.000000 
2.268111 16.177031 -0.179690 -15.894188 33.488205 0.000000 0.000000 
2.067312 16.322189 -0.310766 -18.771507 24.497166 1.000000 1.000000 
2.341910 16.604725 -0.052926 -7.565437 35.856983 0.000000 0.000000 
2.328885 16.715080 -0.050046 -5.773293 34.861931 0.000000 0.000000 
2.242306 16.733898 0.269508 -18.309784 26.956402 0.000000 0.000000 
2.192080 17.229059 -0.088754 -17.865883 28.594170 0.000000 0.000000 
2.271376 17.514973 -0.166518 -3.719940 36.693958 0.000000 0.000000 
2.291648 17.535210 -0.086424 -3.175636 36.725075 0.000000 0.000000 
2.303829 17.949877 0.321970 -6.814880 30.928030 0.000000 0.000000 
2.404160 18.238779 -0.183865 -11.806511 27.239914 1.000000 1.000000 
2.344690 18.261272 0.345696 -4.015091 30.982323 0.000000 0.000000 
2.337955 18.361511 -1.346908 -5.663315 34.419373 0.000000 0.000000 
2.268955 18.699402 0.044305 -11.362305 27.307587 0.000000 0.000000 
2.113921 19.040537 -0.111756 -18.682678 20.358198 1.000000 1.000000 
2.048098 19.479641 0.020851 -20.938004 16.745790 1.000000 1.000000 
2.181902 19.741528 -0.058904 3.167305 40.626854 0.000000 0.000000 
2.221895 19.870941 0.194222 2.924377 39.428596 0.000000 0.000000 
2.189137 20.415270 0.355417 -4.211174 33.944229 0.000000 0.000000 
2.259508 20.449499 -0.108905 -1.347260 37.588417 1.000000 1.000000 
2.152293 20.576618 -0.547167 8.318138 46.571190 0.000000 0.000000 
2.394645 21.306681 -0.184922 -32.370338 10.642544 1.000000 1.000000 
-6.518118 22.899078 0.348766 -10.083824 27.558964 0.000000 0.000000 
-6.550901 23.080482 0.371814 -7.498337 29.837305 0.000000 0.000000 
-7.573170 24.084513 0.497250 -12.754677 26.318287 0.000000 0.000000 
-7.320634 24.186312 0.667893 -11.765410 28.078186 0.000000 0.000000 
9.788260 23.466600 -6.023486 -15.101120 23.676588 0.000000 0.000000 
3.348936 26.538080 0.255096 -13.720085 25.445997 0.000000 0.000000 
-6.371336 26.272532 6.975893 -17.892044 25.640013 0.000000 0.000000 
-5.921608 26.482166 -8.767673 -18.510040 23.408386 0.000000 0.000000 
-7.893583 27.074804 4.217205 -16.183044 22.411526 0.000000 0.000000 
-7.883913 27.177744 -2.438197 -11.872214 26.099388 0.000000 0.000000 
5.630769 27.846121 -0.752041 -23.514503 11.560265 1.000000 1.000000 
7.096061 27.780796 2.290069 -15.520827 21.430080 0.000000 0.000000 
-0.170135 29.351673 -0.589659 -16.372482 23.497047 0.000000 0.000000 
0.087951 29.386896 0.594218 -15.250763 24.207928 0.000000 0.000000 
-19.181860 21.300968 3.279287 0.397560 23.724558 0.000000 0.000000 
11.960117 27.321924 4.187508 -11.547905 22.707556 0.000000 0.000000 
8.205944 29.191559 -7.329502 -15.784926 21.405714 0.000000 0.000000 
9.256636 28.976877 -7.150608 -13.336426 23.968451 0.000000 0.000000 
8.387725 29.309362 4.672698 -7.708458 27.832375 0.000000 0.000000 
8.520596 29.391363 -9.366998 -14.010292 23.396654 0.000000 0.000000 
6.791112 31.070160 5.834563 -14.962456 24.119768 0.000000 0.000000 
-26.269907 14.965494 12.181725 8.126495 25.408152 0.000000 1.000000 
6.896986 31.716120 2.270910 -14.388077 21.912096 1.000000 1.000000 
6.143667 32.135925 -0.395425 -17.425735 22.612379 0.000000 0.000000 
7.029978 32.280411 2.334513 -1.703194 32.355400 0.000000 0.000000 
6.981843 32.391720 2.303276 -1.862434 33.134949 0.000000 0.000000 
7.446301 32.603065 -7.514478 -14.214890 21.291248 0.000000 0.000000 
6.858654 32.867004 12.300300 -12.362938 26.355219 0.000000 0.000000 
6.636862 33.281658 5.199098 -17.042831 21.279728 0.000000 0.000000 
-11.668972 31.799210 8.141573 -16.294731 20.661201 0.000000 0.000000 
23.483511 23.598930 12.744658 4.056107 22.904461 0.000000 0.000000 
-11.127953 32.875427 4.292734 -18.967552 20.821396 0.000000 0.000000 
15.446031 30.866980 0.997202 -2.212341 29.384203 0.000000 0.000000 
-8.795228 33.738228 1.021561 -14.441681 24.092266 0.000000 0.000000 
15.595298 30.881124 1.048697 -6.758713 24.485600 0.000000 0.000000 
15.547990 30.909725 1.056894 -6.243889 24.421797 0.000000 0.000000 
6.636129 34.678825 2.632764 -13.763016 23.759487 0.000000 0.000000 
6.969419 34.622997 2.466200 -12.281013 25.786943 0.000000 0.000000 
8.407175 34.477402 1.964629 -28.356812 7.520961 1.000000 1.000000 
6.848977 35.078571 3.695774 -11.909485 23.344807 0.000000 0.000000 
5.178395 35.434578 4.089195 -11.615669 25.389481 0.000000 0.000000 
5.740268 35.444572 -5.432670 -18.033310 21.099735 0.000000 0.000000 
7.063010 35.443321 -4.833550 -4.678062 29.749966 0.000000 0.000000 
8.489284 35.132645 1.929812 -6.545822 28.539089 0.000000 0.000000 
7.036390 35.504631 2.796918 -9.420029 27.322657 0.000000 0.000000 
6.757585 36.011093 -5.600522 -7.898605 26.884403 0.000000 0.000000 
6.487295 36.338043 3.518724 -4.475006 27.818241 0.000000 0.000000 
6.044403 36.574158 -0.300394 -14.793242 22.832348 0.000000 0.000000 
6.463573 36.884151 1.506862 -10.420792 23.114761 0.000000 0.000000 
6.749891 36.884289 2.409581 -11.278847 23.348124 0.000000 0.000000 
6.489224 37.359718 7.405942 -11.956047 22.997581 0.000000 0.000000 
6.176805 37.435066 8.851533 -12.164009 22.461639 0.000000 0.000000 
22.508671 30.333599 0.897148 0.927101 21.936390 0.000000 0.000000 
22.592035 30.581726 1.202066 -4.789909 22.121841 0.000000 0.000000 
21.999361 31.097813 0.510457 -1.107056 21.627312 0.000000 0.000000 
21.791702 31.817459 0.780654 -2.758507 21.551769 0.000000 0.000000 
6.702151 39.424335 -0.664501 -13.304413 21.057825 0.000000 0.000000 
13.554685 38.474209 3.702707 -14.212256 19.215801 0.000000 0.000000 
6.119501 41.385799 5.119369 -17.464439 19.351789 0.000000 0.000000 
7.399012 41.264313 -0.991951 -13.584419 19.582056 1.000000 1.000000 
8.147513 41.448242 3.761049 -6.551376 23.365417 0.000000 0.000000 
7.496929 41.658260 -1.181736 -7.445633 24.951702 0.000000 0.000000 
7.118214 41.760880 -1.069363 -17.181549 16.786287 0.000000 0.000000 
7.510962 41.747345 -0.964701 -9.807899 22.502254 0.000000 0.000000 
7.517106 41.982437 -0.946542 -7.025574 25.390533 0.000000 0.000000 
8.341790 41.949493 4.381980 -12.145958 19.399187 0.000000 0.000000 
10.985978 41.599251 4.471680 -12.521370 19.991850 0.000000 0.000000 
5.109629 42.835587 -0.580606 -7.029633 23.305794 0.000000 0.000000 
5.164473 42.840771 -0.375733 -8.138428 22.384617 0.000000 0.000000 
5.546932 43.090652 -0.637186 -14.438019 19.443043 0.000000 0.000000 
36.113804 20.427870 -0.014085 5.907440 18.468231 0.000000 0.000000 
5.308283 43.565506 -0.408697 -8.480948 21.534119 0.000000 0.000000 
5.178271 43.600414 -0.702030 -15.417357 16.637606 0.000000 0.000000 
5.313632 43.605400 -0.377978 -6.285324 22.458164 0.000000 0.000000 
5.240362 43.694477 -0.321634 -11.565970 19.235485 0.000000 0.000000 
5.376791 43.704918 -0.438016 -8.268578 22.371918 0.000000 0.000000 
5.323281 44.044781 -0.531542 -18.299263 13.227211 1.000000 1.000000 
5.125185 44.081169 -0.308973 -13.786850 17.627651 0.000000 0.000000 
5.189327 44.137318 -0.761581 -11.701935 20.476437 0.000000 0.000000 
7.765034 43.788872 2.855707 -11.276978 21.220667 0.000000 0.000000 
7.725840 43.956589 2.869928 -3.476303 26.315031 0.000000 0.000000 
7.395607 44.124947 5.250985 -13.019835 19.510557 0.000000 0.000000 
7.869974 44.100090 2.460644 -8.700333 23.386036 0.000000 0.000000 
-21.640707 38.742657 8.559516 -8.283081 20.187622 0.000000 0.000000 
7.485972 44.241558 5.707321 -13.295639 18.735424 0.000000 0.000000 
5.525307 44.905525 -0.404833 -14.976082 15.066738 1.000000 1.000000 
7.539547 44.635517 -3.589243 -15.857430 18.341635 0.000000 0.000000 
7.931234 45.795444 -6.611546 -16.305748 15.151318 0.000000 0.000000 
7.620003 46.337200 5.754983 -17.377632 16.556932 0.000000 0.000000 
7.552627 46.399841 -4.449581 -19.679474 16.868626 0.000000 0.000000 
6.184373 47.030724 6.174912 -13.093619 19.346798 0.000000 0.000000 
6.941742 46.941868 6.845312 -11.289398 19.643049 0.000000 0.000000 
6.839392 46.993156 7.392967 -14.087250 18.065512 0.000000 0.000000 
7.771592 47.108971 5.299010 -9.514427 19.296146 0.000000 0.000000 
7.668324 47.231598 3.720702 -15.398064 16.444204 0.000000 0.000000 
7.781271 47.246243 5.569006 -5.449028 23.823641 0.000000 0.000000 
8.885917 47.471573 4.492297 -11.939224 21.132429 0.000000 0.000000 
34.982998 31.836645 0.946503 10.459404 22.049150 0.000000 0.000000 
35.128086 31.875816 1.377686 14.893211 26.384562 0.000000 0.000000 
34.982956 32.274559 1.146631 9.182832 20.840855 0.000000 0.000000 
15.730100 46.435837 1.538032 -14.759758 17.116133 0.000000 0.000000 
8.118823 48.571182 3.803751 -4.968231 23.126045 0.000000 0.000000 
9.687513 48.300224 4.828701 -16.291618 18.687130 0.000000 0.000000 
8.330839 48.864296 3.900787 -15.536986 18.604292 0.000000 0.000000 
7.900832 48.969944 3.795227 -15.081345 19.154541 0.000000 0.000000 
7.518118 49.278820 4.374397 -12.281693 18.327980 0.000000 0.000000 
7.596313 49.311138 5.251179 -7.378494 20.934803 0.000000 0.000000 
34.906620 34.118629 6.998704 0.059601 17.329863 0.000000 0.000000 
7.905010 49.402096 4.847419 -6.707069 20.630585 0.000000 0.000000 
7.960429 49.459694 4.722373 -12.119972 17.250412 0.000000 0.000000 
8.192100 49.776043 -6.467669 -16.431549 15.973022 0.000000 0.000000 
7.995670 49.836071 6.897989 -15.707642 16.452942 0.000000 0.000000 
44.593651 18.574230 0.055073 9.196031 16.475826 0.000000 0.000000 
9.972143 49.795345 5.371562 -13.181435 17.552359 0.000000 0.000000 
6.931890 50.905277 5.915876 -20.227722 14.471859 0.000000 0.000000 
8.702410 50.866631 -7.079928 -15.162772 19.533455 0.000000 0.000000 
7.366930 51.211021 -7.365350 -19.774269 12.963257 0.000000 0.000000 
7.234159 51.271229 5.225476 -16.616501 21.800350 0.000000 0.000000 
7.932815 51.173763 -7.183721 -5.833374 22.702694 0.000000 0.000000 
7.796752 51.223347 -6.739754 -7.889175 19.350683 0.000000 0.000000 
7.930466 51.260124 -7.088933 -6.980385 19.817429 0.000000 0.000000 
13.569140 50.307888 4.622581 -16.105812 14.299088 0.000000 0.000000 
7.947093 51.876137 -7.386767 -14.959122 13.248356 1.000000 1.000000 
12.477472 51.497559 3.332724 -9.615257 19.088280 0.000000 0.000000 
17.758648 49.864159 0.107737 -10.044235 17.164934 0.000000 0.000000 
12.086398 52.048729 3.722411 -14.033829 17.994896 0.000000 0.000000 
6.857471 53.191143 -6.280697 -12.505324 16.689049 0.000000 0.000000 
7.224245 53.381508 -6.065997 -8.149742 18.815857 0.000000 0.000000 
7.378390 53.406803 5.345392 -7.548019 21.542635 0.000000 0.000000 
7.396201 53.430973 5.326073 -5.938446 21.350887 0.000000 0.000000 
7.748350 53.396873 5.209754 -9.139557 19.845488 0.000000 0.000000 
8.097755 53.644684 4.505405 -11.628792 20.070801 0.000000 0.000000 
6.624045 53.978008 -6.067839 -12.968430 20.557541 0.000000 0.000000 
12.767377 52.786705 3.119795 -5.413452 24.367271 0.000000 0.000000 
14.509583 52.541218 4.853446 -5.859367 24.531792 0.000000 0.000000 
7.141644 54.276722 5.962616 -9.478560 20.223637 0.000000 0.000000 
7.329066 54.316170 -6.026272 -12.894188 18.306448 0.000000 0.000000 
7.586376 54.693764 2.962956 -6.195282 22.135456 0.000000 0.000000 
7.837844 54.656399 6.398387 -13.561142 15.197037 0.000000 0.000000 
6.666301 54.845314 4.697570 -10.532677 18.875305 0.000000 0.000000 
9.025003 54.519802 3.683075 -15.443961 16.090668 0.000000 0.000000 
8.429064 54.784916 3.530559 -7.236359 20.253193 0.000000 0.000000 
7.694058 54.988968 4.384270 -13.144568 16.952013 0.000000 0.000000 
5.894840 55.366280 3.207070 -12.827660 20.724161 0.000000 0.000000 
8.276286 55.047131 2.877830 -8.865395 19.850996 0.000000 0.000000 
7.231708 55.557732 3.477698 -11.047545 16.662848 0.000000 0.000000 
7.219552 55.589828 -6.048145 -9.469748 18.844410 0.000000 0.000000 
6.761430 55.697800 5.055856 -6.392311 20.475834 0.000000 0.000000 
6.791861 55.705578 -7.849133 -7.271324 20.428623 0.000000 0.000000 
43.684551 32.912651 2.093225 8.259056 14.758545 1.000000 1.000000 
6.925611 55.901760 4.839565 -14.920952 17.666464 0.000000 0.000000 
6.328263 56.189602 5.145058 -12.720757 18.104546 0.000000 0.000000 
6.580293 56.168945 3.106524 -7.343994 18.789028 0.000000 0.000000 
43.982166 33.673424 2.183897 17.447578 22.548943 0.000000 0.000000 
44.549889 32.832756 1.450373 20.595238 25.676716 0.000000 0.000000 
44.372578 33.113972 2.251784 20.939529 25.237036 0.000000 0.000000 
44.916294 32.309685 -1.660567 17.026863 23.340979 0.000000 0.000000 
43.291119 34.783318 1.192983 4.841629 15.880825 0.000000 0.000000 
44.880951 32.737968 1.631339 6.070465 14.740852 0.000000 0.000000 
6.700185 57.036526 5.103998 -8.253433 20.695881 0.000000 0.000000 
7.628302 57.266502 5.747363 -10.493042 19.187014 0.000000 0.000000 
7.203193 57.348206 6.542336 -16.435791 13.977646 0.000000 0.000000 
5.764068 57.675175 9.569109 -11.619026 16.060289 1.000000 1.000000 
6.556336 57.784023 4.367226 -18.117233 12.977604 1.000000 1.000000 
6.492087 57.900280 4.648385 -13.346977 18.177708 0.000000 0.000000 
6.811000 57.879608 5.221691 -2.613327 23.398273 0.000000 0.000000 
7.084640 57.924480 6.152566 -4.305557 21.945383 0.000000 0.000000 
7.010543 57.959244 6.303745 -6.912086 19.310848 0.000000 0.000000 
6.053633 58.145470 10.312364 -14.531067 12.292000 1.000000 1.000000 
6.906327 58.044651 4.888753 -4.862785 20.534039 0.000000 0.000000 
6.610358 58.159443 5.725764 -1.399582 24.131302 0.000000 0.000000 
6.748093 58.305351 6.303220 -8.468292 19.500692 0.000000 0.000000 
6.023023 58.733330 10.284233 -12.802040 17.349627 0.000000 0.000000 
6.153790 58.817421 9.763585 -2.760979 23.874088 0.000000 0.000000 
6.114850 58.930515 9.933921 -4.128738 21.634232 0.000000 0.000000 
7.023964 59.014633 6.271364 -9.985245 15.705116 0.000000 0.000000 
39.241848 43.481895 1.192588 -2.847198 14.169476 0.000000 0.000000 
8.547119 59.318287 -8.543058 -18.358574 12.640606 0.000000 0.000000 
8.897029 59.402729 -7.927343 -11.426537 17.055414 0.000000 0.000000 
6.677955 60.107651 7.283616 -12.605721 15.105598 0.000000 0.000000 
6.905227 60.211449 7.530881 -12.244774 14.239838 0.000000 0.000000 
6.319291 60.504429 8.163411 -12.956146 14.747108 0.000000 0.000000 
7.894992 60.336185 6.244582 -19.409477 13.042648 0.000000 0.000000 
7.076705 60.452991 8.482814 -5.493408 17.374746 0.000000 0.000000 
7.151162 60.457718 -7.192500 -12.007126 16.163811 0.000000 0.000000 
7.483253 60.505886 -7.207191 -10.635071 14.884567 0.000000 0.000000 
7.393684 60.834919 7.786926 -9.742722 15.537380 0.000000 0.000000 
6.214974 61.010639 7.540430 -16.027809 13.036663 0.000000 0.000000 
6.496105 61.089207 7.343161 -19.110718 10.002129 0.000000 0.000000 
6.205593 61.219101 7.181545 -12.312592 12.210785 0.000000 0.000000 
-7.565539 61.151421 -1.213120 -0.492027 24.267342 0.000000 0.000000 
-7.631344 61.157028 -1.156815 -0.076340 23.868111 0.000000 0.000000 
-7.613368 61.258369 -1.241568 2.134903 27.527521 0.000000 0.000000 
-7.739924 61.243431 -1.188467 -4.846687 21.410866 0.000000 0.000000 
8.231334 61.649887 6.116040 -19.077019 12.067471 0.000000 0.000000 
-7.910765 62.347721 -0.876778 -12.209229 13.475853 1.000000 1.000000 
44.219048 43.847240 0.529833 -0.168503 7.063236 1.000000 1.000000 
15.311209 61.581459 1.065402 -16.737335 11.359684 0.000000 0.000000 
41.728016 47.987217 14.296947 -4.781578 9.844864 0.000000 1.000000 
7.277989 64.280273 -1.033786 -19.510536 8.249199 0.000000 0.000000 
7.658978 64.245544 -0.485340 -9.845116 13.983871 0.000000 0.000000 
7.895788 64.270905 -0.960136 -14.757918 13.062107 0.000000 0.000000 
7.853440 64.298538 -0.649904 -19.024246 10.702637 0.000000 0.000000 
19.943563 61.961090 8.689103 -16.885262 12.058140 0.000000 0.000000 
21.104290 61.848801 1.171485 -5.921448 18.994854 0.000000 0.000000 
-11.564710 64.563385 -0.287223 -8.799675 21.242678 0.000000 0.000000 
8.554401 65.871811 -0.877658 -14.303702 11.602093 1.000000 1.000000 
60.922333 21.849693 8.506077 6.846046 9.394531 0.000000 0.000000 
8.239136 66.861099 -1.307210 -11.694504 15.235634 0.000000 0.000000 
8.673331 67.101913 -1.230630 -12.111969 14.837818 0.000000 0.000000 
-12.868346 66.611160 0.566786 -15.147339 10.433792 1.000000 1.000000 
8.257898 67.603973 -1.172962 -18.748657 8.064606 1.000000 1.000000 
-61.215515 23.561705 -0.905295 8.933862 13.532181 0.000000 1.000000 
-13.126021 67.172256 -0.523771 -15.313788 10.917690 0.000000 0.000000 
-13.161583 67.212555 -0.265862 -11.118965 15.120659 0.000000 0.000000 
-12.697762 67.325012 1.945511 -9.524391 14.927792 0.000000 0.000000 
-12.915306 67.342163 1.526348 -9.732025 15.754143 0.000000 0.000000 
27.154724 63.210541 10.433187 -15.681479 8.430321 0.000000 0.000000 
43.484421 53.102150 2.727455 0.283989 14.752525 0.000000 0.000000 
45.314110 52.001297 3.037762 8.885118 18.179853 0.000000 0.000000 
45.815163 51.538464 -2.602669 1.103783 10.784184 0.000000 0.000000 
45.151600 52.174244 3.382653 3.132187 13.869576 0.000000 0.000000 
45.238613 52.262032 3.088200 8.294183 16.623762 0.000000 0.000000 
8.370560 69.652405 1.090097 -0.426758 21.675436 0.000000 0.000000 
8.255060 69.874763 1.333346 -14.168083 13.784569 0.000000 0.000000 
8.375708 69.874588 1.198833 2.413673 25.347893 0.000000 0.000000 
8.488274 70.159103 0.485474 -10.250168 12.695923 0.000000 0.000000 
-28.706913 64.351433 -9.879099 -10.340393 14.998016 0.000000 1.000000 
8.577842 70.283363 0.150491 -12.118651 15.855370 0.000000 0.000000 
8.370118 70.369865 5.849212 -9.785164 17.965637 0.000000 0.000000 
8.711390 70.374100 7.071012 -11.628203 16.827824 0.000000 0.000000 
47.092308 52.097027 -4.353786 10.118309 21.669285 0.000000 0.000000 
8.459854 70.943626 1.004874 -5.848343 15.962734 1.000000 1.000000 
-36.388428 61.976490 3.666614 3.628548 19.981865 0.000000 0.000000 
-35.741726 62.392967 3.711857 1.509499 17.403246 0.000000 0.000000 
-36.206451 62.222870 3.949098 2.830566 19.837654 0.000000 0.000000 
-35.990814 62.370728 3.440623 -0.300316 17.257214 0.000000 0.000000 
8.228322 72.097954 9.459053 -17.045006 11.067932 0.000000 0.000000 
-29.346064 66.047958 3.091273 -8.443665 10.943932 1.000000 1.000000 
9.354012 72.031815 2.998755 -13.287262 12.834743 1.000000 1.000000 
9.640043 72.276382 3.935837 -18.175995 10.425358 0.000000 0.000000 
9.882507 72.390022 3.261261 -15.319832 13.067108 0.000000 0.000000 
9.600625 72.538445 2.653425 -5.593422 17.672203 0.000000 0.000000 
9.700236 72.690140 3.400647 -8.704689 16.138842 0.000000 0.000000 
-29.265144 67.056252 2.895515 -6.344818 14.651848 0.000000 0.000000 
-30.406040 66.900848 2.611688 -6.916451 14.543293 0.000000 0.000000 
-29.664978 67.273651 3.536618 -2.932167 18.674576 0.000000 0.000000 
-30.214748 67.070175 2.751955 -3.263527 16.446243 0.000000 0.000000 
-28.608124 67.977005 2.769702 1.199974 22.562725 0.000000 0.000000 
-29.431496 67.845947 3.336618 1.345467 22.689510 0.000000 0.000000 
-28.311102 68.365288 2.998084 -1.265717 21.886906 0.000000 0.000000 
-30.816324 67.441940 4.136780 -3.229439 17.254869 0.000000 0.000000 
-30.913885 67.393837 3.809940 -1.595558 16.877699 0.000000 0.000000 
-31.251333 67.454964 4.064754 0.802185 20.558781 0.000000 0.000000 
-28.572783 68.704910 4.672327 -0.162712 20.379311 0.000000 0.000000 
-30.011175 68.091995 4.719677 1.628456 21.247898 0.000000 0.000000 
-29.738838 68.221367 5.071847 5.044174 23.203064 0.000000 0.000000 
-29.859545 68.496109 -7.873684 1.496681 19.648899 0.000000 0.000000 
-30.598583 68.252861 6.157300 1.991180 21.127914 0.000000 0.000000 
-29.973448 68.573280 -9.755371 -0.510918 19.918262 0.000000 0.000000 
-30.254847 68.473045 6.228976 -2.186172 17.577154 0.000000 0.000000 
-30.840874 68.524635 5.861598 1.116074 20.473921 0.000000 0.000000 
-10.099422 75.313293 4.964748 -1.805267 21.538467 0.000000 0.000000 
-23.475222 72.410133 5.582421 -4.207932 17.818491 0.000000 0.000000 
-23.420570 72.577049 5.221465 -5.366104 17.880737 0.000000 0.000000 
-11.085758 75.903397 2.678283 -14.800551 11.553795 0.000000 0.000000 
9.068974 76.331360 2.272366 -8.843323 17.239243 0.000000 0.000000 
-10.851886 76.182579 4.594388 -10.256607 14.031067 1.000000 1.000000 
9.535875 76.407745 2.308815 -8.036118 17.220623 0.000000 1.000000 
8.683176 76.544327 1.834717 -4.426910 20.690357 0.000000 0.000000 
-30.682600 70.518059 -1.455418 -3.732681 18.038052 0.000000 1.000000 
-22.129662 73.929253 5.603546 -8.347992 15.797504 0.000000 0.000000 
-10.927954 76.910858 5.057491 -2.641014 20.393534 0.000000 0.000000 
10.464803 76.994553 1.482556 -6.871201 17.122488 0.000000 0.000000 
-11.106385 76.959221 4.693507 -1.099556 20.870136 0.000000 0.000000 
-22.659618 74.695374 10.647848 2.013557 22.449942 0.000000 0.000000 
-22.769682 74.980881 10.607656 0.646919 19.309809 0.000000 0.000000 
-22.602623 75.052994 11.036220 -5.290329 16.506023 0.000000 0.000000 
55.764050 53.913658 2.173650 0.582932 5.913681 1.000000 1.000000 
-22.837645 75.383408 10.834524 -3.187057 18.118080 1.000000 1.000000 
55.755695 54.780415 1.504255 12.237381 15.867336 0.000000 0.000000 
56.603745 53.929634 2.449231 5.801285 10.888348 0.000000 0.000000 
57.893150 52.457947 4.065061 6.181656 17.358482 0.000000 0.000000 
55.713001 54.980297 1.666023 10.977478 16.082289 0.000000 0.000000 
58.216129 52.629887 3.705162 2.242073 15.166531 0.000000 0.000000 
57.766731 53.177982 3.367188 4.053520 17.457638 0.000000 0.000000 
41.483116 67.621628 11.571282 -8.515602 10.550690 0.000000 0.000000 
58.691605 52.615509 -5.215575 15.811081 18.374710 0.000000 0.000000 
58.687981 52.716396 -4.923550 10.226410 16.809931 0.000000 0.000000 
59.091389 52.420574 4.058039 15.463158 22.660671 0.000000 0.000000 
-33.338554 72.707222 9.891083 -8.215218 13.389885 0.000000 0.000000 
58.740356 53.432884 3.880063 3.785736 12.704578 1.000000 1.000000 
43.241554 67.435310 1.948480 -3.146820 13.923035 0.000000 1.000000 
-35.793610 72.060982 5.210412 -4.433037 14.345016 0.000000 0.000000 
-32.167728 74.607208 8.875414 -9.997803 10.280655 0.000000 0.000000 
-37.514481 72.068039 3.995742 0.030151 17.288477 0.000000 0.000000 
-37.541752 72.255096 4.511124 -6.507607 13.254810 0.000000 0.000000 
-28.308411 77.695320 4.029926 -7.498779 15.140411 0.000000 0.000000 
-28.454678 77.917320 3.208041 -3.430435 19.137728 0.000000 0.000000 
-33.049507 76.174271 9.016803 1.595993 20.383482 0.000000 0.000000 
-38.067249 73.741058 9.120616 -3.991829 15.389198 0.000000 0.000000 
-34.228508 76.306808 8.533909 -0.440834 20.358410 0.000000 0.000000 
-39.975567 73.569153 4.614478 -1.974884 16.618429 0.000000 0.000000 
-39.933746 73.751167 6.299104 -2.743713 13.685307 0.000000 0.000000 
-39.721607 73.914055 7.005860 -2.668457 14.187225 0.000000 0.000000 
-28.893921 79.328651 7.475127 -0.706123 20.911196 0.000000 0.000000 
-29.082664 79.349983 6.940782 2.065002 21.524755 0.000000 0.000000 
-28.701622 79.898262 8.280128 -6.132454 15.845654 0.000000 0.000000 
-30.538416 79.576385 5.828668 -4.239418 18.514544 0.000000 0.000000 
44.172573 72.599289 2.582106 1.239334 17.373192 0.000000 0.000000 
43.837467 72.858994 2.858178 2.218765 18.321625 0.000000 0.000000 
-28.068567 81.317108 -10.730587 -5.851257 13.935284 0.000000 0.000000 
-29.080215 81.018501 -11.364020 -6.076462 15.860840 0.000000 0.000000 
-29.100487 81.069359 8.485191 -3.172432 16.294344 0.000000 0.000000 
-30.783052 80.894577 9.500084 -0.155251 18.028957 0.000000 0.000000 
-28.514872 81.775223 9.714761 -4.411324 18.779202 0.000000 0.000000 
-30.804823 80.956009 9.616613 -5.512985 12.903545 0.000000 0.000000 
-30.383501 81.141594 9.064307 -2.623871 14.680218 0.000000 0.000000 
-31.488192 80.871414 9.059404 -1.262177 19.949333 0.000000 0.000000 
53.244061 68.079262 -6.250536 8.158737 19.250601 0.000000 0.000000 
51.800877 69.568947 3.308563 7.209366 18.397392 0.000000 0.000000 
51.933311 69.550140 4.134214 6.754692 17.478115 0.000000 0.000000 
-50.422382 71.020813 4.534553 0.227699 16.479528 0.000000 0.000000 
-47.312389 74.186935 8.277923 2.019409 17.685074 0.000000 0.000000 
41.895187 77.968224 4.222387 1.895531 17.634848 0.000000 0.000000 
43.087498 77.717125 3.603278 1.969573 17.778915 0.000000 0.000000 
40.106979 79.455353 3.080956 -0.898224 16.756426 0.000000 0.000000 
44.231651 77.268219 3.731168 -3.356720 13.820625 0.000000 0.000000 
21.405636 87.452263 4.085908 -2.493919 16.168262 0.000000 0.000000 
21.592451 87.430397 4.365299 -7.598412 12.958652 0.000000 0.000000 
-30.346008 85.465553 12.158818 -3.215569 16.498596 0.000000 0.000000 
-50.158661 76.104927 9.862744 -7.347488 9.248192 0.000000 0.000000 
11.385755 91.476654 1.158815 -14.640471 9.509621 0.000000 0.000000 
-51.593513 75.879272 9.629580 -5.747520 8.317932 0.000000 0.000000 
-21.036373 89.978798 7.124747 -8.822014 12.134453 0.000000 0.000000 
-32.655857 86.633484 13.182095 -9.531410 11.666573 0.000000 0.000000 
-21.355452 90.299080 7.468825 -9.257133 13.158348 0.000000 0.000000 
-21.582020 90.573975 6.639117 -5.294571 16.203661 0.000000 0.000000 
11.362278 92.581558 0.667156 -12.951697 11.908119 0.000000 0.000000 
-21.580338 91.093651 7.753648 -13.682671 9.522125 0.000000 0.000000 
-21.865810 91.043343 7.773943 -12.085013 10.473473 0.000000 0.000000 
-22.571087 90.929543 6.519347 -8.166008 12.720219 0.000000 0.000000 
-22.670082 91.265343 6.953772 -10.483069 12.321381 0.000000 0.000000 
11.488579 95.615349 11.224810 -17.283195 7.420524 0.000000 0.000000 
-31.978889 91.521812 12.032621 -13.776961 6.465030 0.000000 0.000000 
-32.810757 91.693863 11.473520 -10.650330 8.710812 0.000000 0.000000 
-14.420002 96.769577 4.076004 -7.965279 9.597397 0.000000 0.000000 
-13.922214 97.039200 3.495911 -11.223488 10.787220 0.000000 0.000000 
-14.678597 97.295181 3.572862 -6.211327 12.929745 0.000000 0.000000 
-15.420372 97.209351 3.559888 -4.159706 15.913506 0.000000 0.000000 
-15.292485 97.237343 3.461350 -3.360870 15.372272 0.000000 0.000000 
-15.289304 97.247772 3.636503 1.613304 20.134153 0.000000 0.000000 
-15.355106 97.360451 3.647088 3.501480 20.195467 0.000000 0.000000 
-22.324425 96.269989 9.310395 -10.980887 9.154613 0.000000 0.000000 
-22.486156 96.283035 7.763622 -15.269759 6.567901 0.000000 0.000000 
-21.721140 97.063759 -1.980757 -11.934990 7.683776 0.000000 0.000000 
-21.938467 97.048035 -2.403281 -14.283829 6.120136 0.000000 0.000000 
-21.719742 97.279716 -2.807918 -11.343268 10.003246 0.000000 0.000000 
-30.715555 96.048134 6.976418 -12.153671 8.248886 0.000000 0.000000 
-31.589005 96.247231 13.978637 -9.526833 9.822899 0.000000 0.000000 
-32.912064 95.803871 12.463713 -8.559120 10.287323 0.000000 0.000000 
-31.864941 96.243805 14.229904 -6.412331 9.352322 0.000000 0.000000 
-33.348648 95.886719 12.527677 -5.078026 10.432373 0.000000 0.000000 
-33.020874 96.225754 11.368942 -9.374580 8.455673 0.000000 0.000000 
-32.984013 96.806679 13.730429 -5.300468 12.240692 0.000000 0.000000 
-31.089460 97.827148 9.918357 -13.323502 8.535347 0.000000 0.000000 
-31.360298 98.189072 11.283971 -4.254295 11.521305 0.000000 0.000000 
-31.091913 98.317017 12.409602 -9.653442 9.465195 0.000000 0.000000 
-31.662130 98.525497 9.868277 -4.698982 13.096348 0.000000 0.000000 
12.719276 102.940392 2.097952 -9.175200 9.940609 0.000000 0.000000 
13.165442 102.915390 2.080176 -14.270003 7.431331 0.000000 0.000000 
-31.292364 98.986115 11.178262 -2.839821 14.077370 0.000000 0.000000 
-31.181471 99.101585 10.614521 -10.702385 9.910603 0.000000 0.000000 
-31.159306 99.609428 11.328144 -2.002106 13.286102 0.000000 0.000000 
37.950779 97.217575 2.102634 -10.166580 8.807384 0.000000 0.000000 
-31.155567 100.075958 12.694674 -6.103020 10.110786 0.000000 0.000000 
-33.794186 99.483643 10.698118 -12.850142 7.955055 0.000000 0.000000 
-32.759338 100.056366 11.555132 -7.179558 11.138824 0.000000 0.000000 
34.454643 100.246506 3.811673 -13.564795 6.137168 0.000000 0.000000 
34.335823 100.344910 2.069269 -7.893555 7.877056 0.000000 0.000000 
-19.627090 104.756508 2.213534 -15.789130 5.482982 0.000000 0.000000 
-29.651545 102.772705 12.589993 -9.471138 7.618419 0.000000 0.000000 
-31.712036 102.938438 11.644141 -9.465195 7.932601 0.000000 0.000000 
-31.946085 103.482765 11.272058 -6.178642 10.011017 0.000000 0.000000 
-31.603868 103.672974 10.030293 -8.667747 7.147956 0.000000 0.000000 
-31.514400 103.801987 10.982338 -5.817032 7.882972 0.000000 0.000000 
-31.603098 103.984001 11.420629 -8.433249 8.301571 0.000000 0.000000 
50.499908 97.648308 6.675771 -4.881416 7.380302 1.000000 1.000000 
52.327091 97.379524 5.496366 -3.758698 10.398888 0.000000 0.000000 
50.631233 98.323296 4.927250 -3.820068 10.804771 0.000000 0.000000 
50.865616 98.620934 5.866299 -3.226540 10.600239 0.000000 0.000000 
49.302246 99.549774 4.380829 -10.279755 6.355205 0.000000 0.000000 
49.964939 99.319695 5.793625 -4.524254 9.770485 0.000000 0.000000 
46.174892 102.007896 2.453591 -5.813942 8.239655 0.000000 0.000000 
46.386841 102.081345 3.054299 -4.278763 8.863693 0.000000 0.000000 
38.284885 107.320358 3.401126 -13.415833 3.587455 1.000000 1.000000 
38.171528 107.670975 0.986548 -9.841118 7.156406 0.000000 1.000000 
38.443501 107.588806 -0.300150 -13.785927 5.972988 0.000000 0.000000 
37.150867 108.416512 3.759252 -1.150696 11.193840 0.000000 0.000000 
37.065845 108.526337 4.385779 -6.801842 9.396229 0.000000 0.000000 
37.273262 108.469788 2.662368 -9.042595 6.465812 0.000000 0.000000 
35.494522 109.542183 2.196963 -11.076973 6.198524 0.000000 0.000000 
35.447845 109.783325 1.970462 -8.589911 6.720249 0.000000 0.000000 
34.628685 110.310516 2.288914 -7.489838 7.330928 0.000000 0.000000 
33.478268 110.831512 1.597242 -12.502815 5.297615 0.000000 0.000000 
34.489906 110.511406 2.257104 -10.819313 5.242015 0.000000 0.000000 
33.669178 110.951988 1.507663 -15.053215 5.052524 0.000000 0.000000 
-22.746977 115.792168 4.563015 -10.772217 7.265998 0.000000 0.000000 
-47.413845 109.045197 14.921162 -9.931351 7.515899 0.000000 0.000000 
19.335564 118.035873 12.808927 -15.871535 7.229530 0.000000 1.000000 
42.734657 111.647423 2.293990 -6.591515 7.475116 0.000000 0.000000 
-22.554672 117.891380 6.414641 -7.094475 11.576138 0.000000 0.000000 
-21.963362 118.013077 8.017062 -7.780663 9.884922 0.000000 0.000000 
-21.878304 118.049232 7.768888 -6.287148 10.318459 0.000000 0.000000 
-21.638330 118.189857 12.090578 -4.389572 10.517433 0.000000 0.000000 
-23.365608 117.916565 8.718717 1.964729 14.930386 0.000000 0.000000 
-23.029604 118.067421 8.890630 -7.735985 7.693805 0.000000 0.000000 
-23.010887 118.236221 9.178022 1.938072 17.130241 0.000000 0.000000 
-25.331549 118.081032 8.694162 -12.705986 6.050594 0.000000 0.000000 
-54.448750 107.413979 12.376328 -8.263176 7.464664 0.000000 0.000000 
-32.490803 116.382393 13.338365 -5.135704 11.153622 0.000000 0.000000 
-23.321238 119.226791 9.783988 -3.773361 10.664948 1.000000 1.000000 
37.161407 116.292450 1.816519 -10.393166 6.782142 0.000000 0.000000 
-30.999180 118.401268 8.715788 -9.390297 9.381512 0.000000 0.000000 
-54.697536 109.190956 14.667848 -7.374001 6.576583 0.000000 1.000000 
-7.045265 123.274544 -5.422914 -11.862984 6.407169 0.000000 0.000000 
-7.363644 123.291687 -5.712149 -9.785454 7.303619 0.000000 0.000000 
-7.120301 123.368378 -5.713993 -7.163628 10.581989 0.000000 0.000000 
-31.319365 119.799294 11.210971 -9.364052 7.061233 0.000000 0.000000 
-30.732941 120.012077 11.051402 -7.300842 8.592918 0.000000 0.000000 
-8.037805 125.028801 -4.511033 -14.092255 7.701168 0.000000 0.000000 
-34.195164 120.540604 14.081079 -7.239731 6.277366 0.000000 0.000000 
-34.763897 120.535835 13.503153 -4.307228 8.939037 0.000000 0.000000 
42.676079 117.909439 3.124409 -10.417221 9.342087 0.000000 1.000000 
-35.118202 121.229095 12.046337 -5.568481 9.657440 0.000000 0.000000 
37.945534 120.571144 1.716038 -10.534058 6.488178 0.000000 1.000000 
36.584934 121.582191 1.869126 -2.171227 10.619999 0.000000 0.000000 
-31.906412 123.245697 12.299074 -8.219559 7.996345 0.000000 0.000000 
-21.470970 126.234184 3.979661 -7.516472 8.183289 1.000000 1.000000 
-32.098377 124.590668 12.014824 -7.925339 10.142467 0.000000 0.000000 
-22.660595 126.932533 3.782346 -6.681595 6.420917 1.000000 1.000000 
-21.490826 127.529541 4.341033 -0.598465 12.579124 0.000000 0.000000 
-21.183002 127.656181 3.327614 -1.732437 11.756554 0.000000 0.000000 
-21.626221 128.064362 5.086418 -10.670845 4.603267 1.000000 1.000000 
-21.832857 128.133209 3.719842 -7.581635 8.285358 0.000000 0.000000 
-21.761459 128.153107 -8.841435 -4.656776 9.437298 0.000000 0.000000 
-22.077482 128.268723 4.353186 4.894371 16.718475 0.000000 0.000000 
-21.248556 128.431335 -10.472692 4.344231 16.121988 0.000000 0.000000 
-21.244766 128.618683 -4.039374 7.665070 19.626842 1.000000 1.000000 
-20.673872 128.715317 5.242411 -8.106171 8.895439 0.000000 0.000000 
-21.242136 128.882812 4.412154 -11.121910 5.544940 0.000000 0.000000 
-23.133913 128.740005 4.787887 -9.484154 7.092605 0.000000 0.000000 
-23.074692 128.823715 3.621148 -10.329193 5.564708 0.000000 0.000000 
-22.709347 128.914459 1.060368 -10.000908 7.551876 0.000000 0.000000 
-22.412878 129.185959 1.066952 -9.832611 8.927891 0.000000 0.000000 
-21.452560 129.551727 -3.815635 12.336777 24.713869 0.000000 0.000000 
-21.581770 129.860870 -3.350974 13.154900 24.476376 0.000000 0.000000 
-21.995764 129.938400 2.922577 4.248672 18.382055 0.000000 0.000000 
-21.726051 130.239365 -3.561808 7.211212 19.412512 1.000000 1.000000 
-21.807743 130.276978 0.255358 -5.084450 7.920238 1.000000 1.000000 
-21.814932 130.456604 3.015505 -2.715805 10.575520 0.000000 0.000000 
-23.140135 130.520325 3.421910 -10.146355 7.937080 0.000000 0.000000 
-22.604801 130.739105 -2.565187 10.652733 24.026155 1.000000 1.000000 
-21.382124 131.051300 1.541319 -1.212204 10.799149 1.000000 1.000000 
-21.458536 131.073944 -0.354844 -10.233658 3.092136 1.000000 1.000000 
-22.254562 131.188690 3.187330 -0.006226 13.745941 1.000000 1.000000 
-22.486689 131.342407 -2.469749 15.079544 25.776453 0.000000 0.000000 
-22.173559 131.400009 -2.594596 19.710869 29.821907 0.000000 0.000000 
-22.315842 131.526794 -2.250841 17.181992 28.889893 0.000000 0.000000 
-21.060812 132.167084 -8.134294 3.004745 20.992371 0.000000 0.000000 
-19.816271 132.618652 3.055121 8.809799 22.450947 0.000000 0.000000 
-20.155178 132.795105 4.569862 5.389313 20.638161 0.000000 0.000000 
-20.006144 133.257629 -8.467838 2.015793 15.821556 0.000000 0.000000 
-20.432262 133.245056 -8.588661 6.249756 19.219496 0.000000 0.000000 
-20.408541 133.298401 -1.318266 -3.777260 10.216057 0.000000 0.000000 
-22.094065 133.335510 -0.391038 -9.376366 7.956695 0.000000 0.000000 
-20.346914 133.847565 -10.330425 0.946121 17.251490 1.000000 1.000000 
-22.186102 133.581421 -10.165182 -4.572617 9.992943 0.000000 0.000000 
-22.185368 133.720825 3.255088 1.878975 14.151711 0.000000 0.000000 
-22.392380 133.707367 -11.231439 -2.661369 11.727562 0.000000 0.000000 
6.909456 135.580811 -5.928890 -2.234016 13.889915 1.000000 1.000000 
6.791005 136.213593 -5.986720 5.994956 19.889111 0.000000 0.000000 
5.979671 136.259674 -6.764275 1.377342 18.126316 0.000000 0.000000 
6.811878 136.318817 -5.653489 4.348297 20.226807 0.000000 0.000000 
-22.363941 135.232880 -0.548492 -13.166069 3.739368 1.000000 1.000000 
40.961174 130.808502 3.320646 -5.273125 7.498844 0.000000 0.000000 
40.175217 131.654922 2.746058 -1.169342 11.983162 0.000000 1.000000 
39.761604 131.875641 3.263628 -1.563492 12.337986 0.000000 0.000000 
40.264912 131.736465 3.683781 -3.029213 9.234886 0.000000 0.000000 
-22.610985 136.531525 -2.841811 -4.741150 7.799518 0.000000 0.000000 
-22.781275 136.731354 -2.764317 -3.598846 7.896953 0.000000 0.000000 
-21.820564 136.905243 -3.124759 -7.950813 8.290653 0.000000 0.000000 
-20.416193 137.152130 0.105856 -6.399643 7.651786 0.000000 0.000000 
-22.809547 137.173584 -2.598016 -4.756050 9.943844 0.000000 0.000000 
-22.562727 137.417664 -2.756902 -8.279793 5.721855 0.000000 0.000000 
-22.828993 137.496338 -3.331736 -7.857079 7.456119 0.000000 0.000000 
-22.554892 137.565948 -3.984409 -12.192946 4.051021 0.000000 0.000000 
-23.910498 138.109772 -3.406013 -11.051659 4.736328 0.000000 0.000000 
-23.132030 138.457275 -1.365895 -7.868332 5.151226 1.000000 1.000000 
-21.973810 139.828766 -3.925126 -4.592613 7.949024 0.000000 0.000000 
-22.734682 139.711578 -4.336573 -1.742699 9.569756 0.000000 0.000000 
-23.339113 139.715790 -9.807301 -0.292999 12.682915 0.000000 0.000000 
-22.719862 139.901215 -2.968596 2.051750 12.634201 0.000000 0.000000 
-23.360989 139.983582 2.719927 -6.339157 6.202266 1.000000 1.000000 
-23.035723 140.210876 -0.448335 -2.872063 9.008339 0.000000 0.000000 
-23.201910 140.340973 2.365964 -1.305183 9.095009 0.000000 0.000000 
-23.271454 140.642914 -9.868253 -3.719109 11.280533 0.000000 0.000000 
-23.341461 141.029449 4.240021 -3.000267 9.986042 0.000000 0.000000 
-22.821043 141.174042 3.759530 -10.933495 5.142745 0.000000 0.000000 
-23.453701 141.230743 4.563609 -1.275520 9.119141 0.000000 0.000000 
-23.917881 141.991974 2.809741 -7.820641 6.819431 0.000000 0.000000 
-23.542473 142.134277 4.860940 -11.042023 4.733932 0.000000 0.000000 
-24.015198 143.554382 -2.220498 -11.949837 5.713783 0.000000 0.000000 
-24.409384 144.989716 2.480010 -11.438103 3.523864 0.000000 0.000000 
-23.905014 145.321930 -10.715578 1.314339 13.594704 0.000000 0.000000 
-23.525579 145.500366 8.689692 -8.818611 6.678150 0.000000 0.000000 
-8.715265 147.455841 -6.204576 -11.422615 6.048175 0.000000 0.000000 
7.783561 147.806824 -6.116152 -6.479218 8.629631 0.000000 0.000000 
-26.486670 146.169342 1.085593 -5.965324 7.228832 0.000000 0.000000 
-24.689692 146.603882 -10.953814 0.827888 11.644699 0.000000 0.000000 
-24.719757 146.727417 -12.891182 -5.143280 7.253955 0.000000 0.000000 
-22.560059 147.294983 -10.330360 -5.210785 8.368614 0.000000 0.000000 
43.628677 142.602722 3.740828 -7.848267 4.770172 1.000000 1.000000 
-25.358969 147.149078 5.091492 -6.242119 6.229133 0.000000 0.000000 
-24.125687 147.483795 -3.462321 5.614349 17.930840 0.000000 0.000000 
-24.532682 147.429199 -1.643087 5.694275 18.079187 0.000000 0.000000 
-23.907684 147.568329 1.733867 5.940941 14.838562 0.000000 0.000000 
-21.786909 148.225861 -5.968804 -1.649513 12.023846 0.000000 0.000000 
-23.361994 148.972992 2.756033 -1.387321 9.768784 1.000000 1.000000 
-22.769497 151.626526 -1.057443 -10.614449 6.027118 0.000000 0.000000 
-22.418266 151.725830 -1.124466 -8.544800 5.611961 0.000000 0.000000 
-34.280434 149.773682 11.644093 -4.020958 9.794643 0.000000 0.000000 
-23.096540 152.881500 -11.031466 -8.945465 5.634559 0.000000 0.000000 
-24.937061 152.655487 -1.238051 -8.265129 7.600681 0.000000 0.000000 
-23.067474 153.138092 3.550028 -0.178764 10.873943 0.000000 0.000000 
-23.418171 153.227844 3.082741 -3.141983 8.037319 0.000000 0.000000 
-24.071638 153.163147 3.284939 1.935417 12.630772 0.000000 0.000000 
-22.256224 153.891907 -1.276591 -7.609184 6.832969 0.000000 0.000000 
-23.377048 153.746521 -1.376355 -2.221611 8.276943 0.000000 0.000000 
-26.470850 153.897339 -5.366190 -9.309807 3.591861 0.000000 0.000000 
-22.839458 154.669861 2.614340 -9.889603 7.124671 0.000000 0.000000 
-29.919144 153.460754 7.831379 -2.578362 10.242176 0.000000 0.000000 
-24.108419 154.828674 -11.904488 -6.855217 6.493892 0.000000 0.000000 
-23.375086 155.404022 3.831401 -6.683365 6.697204 0.000000 0.000000 
-24.081774 155.369049 -1.033418 -4.188637 7.161918 0.000000 0.000000 
-31.931129 154.571686 9.703957 -2.909767 10.082947 0.000000 0.000000 
-33.236839 154.374603 10.531873 -2.651405 11.420944 0.000000 0.000000 
-30.280052 155.105377 7.384477 -4.224373 8.361980 0.000000 0.000000 
-31.814930 155.245392 9.689939 -6.653687 7.544223 0.000000 0.000000 
-32.824661 155.196808 10.455015 -1.465744 9.629856 0.000000 0.000000 
-33.687290 155.036346 12.735547 -4.738823 8.430126 0.000000 0.000000 
-31.865551 155.725433 12.745011 -6.720367 6.208660 0.000000 0.000000 
-24.696198 157.472626 -2.397321 0.684669 10.781555 0.000000 0.000000 
-23.960707 157.657013 -1.455207 -1.584068 9.304382 0.000000 0.000000 
-24.419933 157.593292 -2.080280 3.541885 12.285641 0.000000 0.000000 
-26.072786 157.621918 -2.100127 -3.150223 7.782199 0.000000 0.000000 
-25.752785 158.137238 -1.805177 1.980270 12.442459 0.000000 0.000000 
-26.048412 158.250916 -1.417196 -6.628166 6.421577 0.000000 0.000000 
-25.387577 158.574982 -3.827248 -7.088020 3.284721 1.000000 1.000000 
-31.063818 157.608337 12.685764 -1.733925 11.252659 0.000000 0.000000 
-24.686800 159.037415 0.472995 -1.158653 8.746738 0.000000 0.000000 
-25.708817 158.927887 -2.230378 -4.044357 7.864971 0.000000 0.000000 
-23.898270 159.230347 2.163908 2.643265 13.791176 0.000000 0.000000 
-24.249868 159.247528 0.955017 2.653320 12.217651 0.000000 0.000000 
-24.829426 159.183350 -1.738382 5.099739 15.192467 0.000000 0.000000 
-24.576164 159.527191 2.572345 -5.975883 6.210777 0.000000 0.000000 
-27.049913 159.480164 -3.573358 -3.820892 8.979614 0.000000 0.000000 
-26.397692 159.603516 -1.373328 5.949448 18.080320 0.000000 0.000000 
-25.992905 159.732483 -0.883632 4.626884 13.432449 0.000000 0.000000 
-25.528795 159.833069 -2.480419 1.828072 13.370403 0.000000 0.000000 
-25.375528 159.965698 0.659147 5.321289 16.087725 0.000000 0.000000 
-24.808470 160.503937 5.294873 -1.966423 9.018753 0.000000 0.000000 
-22.816748 160.955170 -1.117078 -2.522484 7.822704 0.000000 0.000000 
-22.752531 161.188904 2.693432 -9.460304 5.314094 0.000000 0.000000 
-25.548443 161.108124 -0.334389 -3.405960 8.814156 1.000000 1.000000 
-24.219454 161.456360 -0.922166 -0.281265 11.500122 0.000000 0.000000 
-25.094484 161.371948 6.274323 2.555405 12.087578 0.000000 0.000000 
-24.854725 161.434692 4.009895 -2.282005 9.415844 0.000000 0.000000 
-25.157328 162.178192 -2.665177 -1.555862 10.193756 0.000000 0.000000 
-24.899614 162.309174 0.496652 -5.206665 5.826530 0.000000 0.000000 
-23.502003 162.773254 1.026989 -9.262825 4.625881 0.000000 0.000000 
-23.570948 163.360077 -0.818586 -8.107742 5.340927 0.000000 0.000000 
-24.157356 163.279236 -0.911041 -6.007668 6.517642 0.000000 0.000000 
-24.239466 163.591034 -1.295490 -10.172333 4.491539 0.000000 0.000000 
-25.235573 163.499359 1.288377 -6.633255 4.151119 1.000000 1.000000 
-24.683544 165.872650 -1.098421 -6.907852 4.916404 0.000000 0.000000 
-24.971861 165.842499 0.616838 -6.701820 5.967269 0.000000 0.000000 
-24.469986 166.122681 -0.721663 -3.236343 8.790001 0.000000 0.000000 
-24.930193 166.089661 -1.310077 2.213081 10.681820 0.000000 0.000000 
-24.994715 166.158661 0.165998 -6.990311 6.193378 0.000000 0.000000 
-22.804197 166.609100 -5.632070 -4.089134 6.801490 1.000000 1.000000 
-26.726803 166.326782 3.158323 -3.500999 7.491313 0.000000 0.000000 
-25.594259 166.672150 4.599907 -2.991707 5.876899 0.000000 0.000000 
-25.483625 166.771912 5.664228 2.461365 9.762371 0.000000 0.000000 
-27.324762 166.633179 -8.851322 -7.693382 4.513908 0.000000 0.000000 
-24.223089 167.578796 5.879914 5.017921 16.936510 0.000000 0.000000 
-23.521481 167.815887 5.925885 4.687843 14.165039 0.000000 0.000000 
-23.145548 167.886292 0.204804 3.979874 13.172264 0.000000 0.000000 
-24.380848 167.980255 7.704919 -1.434464 8.329590 0.000000 0.000000 
-26.797749 168.044739 -2.721767 -6.362465 5.666610 0.000000 0.000000 
-25.440903 168.346100 -2.182428 2.422836 10.536118 0.000000 0.000000 
-25.058840 168.456451 -3.164497 -8.263756 4.347164 1.000000 1.000000 
-25.270538 168.736450 -2.034259 3.362785 12.449791 0.000000 0.000000 
-25.538572 168.894653 -2.014889 -0.568298 7.442371 0.000000 0.000000 
-27.066677 168.817139 -1.402081 -3.990189 6.707222 0.000000 0.000000 
-25.428520 169.132721 -2.428993 1.816193 11.019287 0.000000 0.000000 
-24.897007 169.650543 -3.303882 -6.513626 6.882911 0.000000 0.000000 
-23.762577 169.912415 0.081940 -7.482948 3.131183 0.000000 0.000000 
-23.337633 170.329926 6.189814 -4.909515 7.334663 0.000000 0.000000 
-25.669743 170.243591 -2.847398 -10.223358 4.556118 0.000000 0.000000 
-24.582474 170.512451 4.788109 -3.515953 7.458576 0.000000 0.000000 
-23.241064 170.988800 5.898342 -2.963707 8.192402 0.000000 0.000000 
-24.856358 170.923035 2.915830 -9.833313 3.204097 0.000000 0.000000 
-25.340073 170.953583 -1.952606 -2.602158 6.761249 0.000000 0.000000 
-24.832340 171.425781 -0.740097 -3.377586 10.701904 0.000000 0.000000 
-25.373581 171.424408 -4.666485 0.459824 8.891048 0.000000 0.000000 
-25.146011 171.499176 -2.768520 1.856873 10.099342 0.000000 0.000000 
-23.701111 172.121033 3.200814 -4.763153 8.688587 0.000000 0.000000 
-23.998083 172.431915 -2.384858 -5.548721 5.369541 0.000000 0.000000 
-23.451439 172.535248 0.651673 -3.314087 8.851219 0.000000 0.000000 
-23.136930 172.762207 3.121427 -7.378952 3.130680 0.000000 0.000000 
-26.580954 172.467438 -4.087149 -9.754868 8.116463 0.000000 0.000000 
-23.290138 173.393097 -2.316095 -9.477257 5.967071 0.000000 0.000000 
-23.380945 173.472137 -10.298561 -0.508041 9.016453 0.000000 0.000000 
-23.588366 173.477234 -4.234257 -2.018051 7.212932 0.000000 0.000000 
-24.987375 173.274048 -7.512985 -7.337860 4.012702 1.000000 1.000000 
-24.279110 173.683777 -13.496430 -0.660721 11.335381 0.000000 0.000000 
-26.786991 173.554596 4.268539 -2.429962 7.178302 0.000000 0.000000 
-25.542381 173.783875 -0.340234 -3.032227 6.786224 0.000000 0.000000 
-24.039871 174.139221 -1.864274 -0.392715 9.587967 0.000000 0.000000 
-25.949814 173.975739 -3.527297 -1.886269 7.884647 0.000000 0.000000 
-25.388966 174.069031 -12.421106 -3.517914 6.484302 0.000000 0.000000 
-26.327829 173.959167 4.196717 -4.746117 5.013282 0.000000 0.000000 
-26.888060 173.900543 -14.828169 -5.008026 5.140319 0.000000 0.000000 
-26.017071 174.304291 5.907945 -5.956238 4.080047 0.000000 0.000000 
-26.038782 174.386108 -6.253173 -2.137344 6.746784 0.000000 0.000000 
-24.885069 174.655060 -2.695207 -4.538765 4.524864 0.000000 0.000000 
-24.288151 175.047058 -2.011545 -7.519386 4.675655 0.000000 0.000000 
-23.240267 175.348267 -1.808080 -7.571991 3.157028 0.000000 0.000000 
-24.611172 175.279266 -1.559318 -6.455124 2.864238 0.000000 0.000000 
-25.689362 175.389862 -3.578043 -2.543327 5.708374 0.000000 0.000000 
-25.610538 175.567352 -2.953818 -7.726952 2.761966 1.000000 1.000000 
-25.865051 175.614349 -3.058108 -3.743874 6.622756 0.000000 0.000000 
-25.374733 176.133362 -2.714559 -6.419106 6.212741 0.000000 0.000000 
-26.265295 176.501801 -3.039201 -7.775368 3.340511 0.000000 0.000000 
-26.264141 176.596313 -3.031117 -6.229279 3.082981 1.000000 1.000000 
-24.864761 177.215607 -2.126161 -4.590347 6.061931 1.000000 1.000000 
-26.416592 177.225830 -2.027723 -10.194283 2.708999 0.000000 0.000000 
-25.719004 177.647461 -1.721781 -2.703529 6.564991 0.000000 0.000000 
-25.968384 177.620087 -3.493030 8.745271 15.797150 0.000000 0.000000 
-25.398411 177.868835 -2.443779 3.257927 12.684078 0.000000 0.000000 
-26.412775 178.747650 -4.425232 -5.647781 4.255893 1.000000 1.000000 
-24.552113 179.909271 -2.851189 -3.917755 5.976104 1.000000 1.000000 
-24.877466 180.064117 -3.764053 -4.125404 5.543869 0.000000 0.000000 
-24.743116 180.146881 -1.034561 1.006493 8.020966 0.000000 0.000000 
-25.013527 180.280212 -1.004851 5.269020 12.563309 0.000000 0.000000 
-24.868561 180.319000 -1.976004 7.142059 13.891521 0.000000 0.000000 
-25.240273 180.520447 -2.136377 6.029579 14.265034 0.000000 0.000000 
-24.254076 181.037415 0.958588 -3.961693 5.198055 0.000000 0.000000 
-25.073620 180.947510 -2.570494 -7.953949 6.884254 0.000000 0.000000 
-25.698133 181.188293 -2.992309 -10.183334 2.894767 0.000000 0.000000 
-26.035313 181.275208 -2.961612 -9.064980 3.213485 0.000000 0.000000 
-24.642597 181.629150 -2.272551 -5.553215 6.662059 0.000000 0.000000 
-24.977007 181.691010 -2.611128 0.547066 8.449184 0.000000 0.000000 
-25.041765 181.844055 -2.636610 -0.439873 7.641059 0.000000 0.000000 
-24.981541 181.946411 -1.782230 -5.270607 5.514472 0.000000 0.000000 
-24.488274 182.055817 -2.626869 -6.621536 4.030841 0.000000 0.000000 
-24.257492 183.112274 -1.977301 -5.694305 4.095951 1.000000 1.000000 
-26.799204 182.893036 0.326993 -5.141212 2.985664 0.000000 0.000000 
-25.753836 184.023560 0.311406 -9.963417 2.783271 0.000000 0.000000 
-24.019516 184.749359 -12.007759 -6.509918 5.390819 0.000000 0.000000 
-21.800730 185.279053 2.279269 -10.008957 4.517669 0.000000 0.000000 
-25.102791 184.933960 1.607651 -5.946030 3.196407 0.000000 0.000000 
-24.980902 185.401367 -3.822840 -3.984779 3.965087 0.000000 0.000000 
-27.218819 185.210907 0.972496 -3.306580 5.080814 0.000000 0.000000 
-26.047813 186.028229 -2.506589 -7.766335 2.495464 0.000000 0.000000 
-25.250114 186.219482 -5.502600 -6.445747 4.219600 0.000000 0.000000 
-24.557190 186.386780 -3.806538 -6.471840 5.374977 0.000000 0.000000 
-25.657211 186.591461 -15.858985 -7.478188 5.646499 0.000000 0.000000 
-27.174461 186.524506 -12.543783 0.611969 7.713558 0.000000 0.000000 
-25.906578 186.770233 6.721609 -0.336372 6.897876 0.000000 0.000000 
-26.505190 186.913605 -13.373507 -5.415764 6.290908 0.000000 0.000000 
-25.197437 187.512848 2.450696 -1.627823 6.522563 0.000000 0.000000 
-26.439972 187.673767 8.901879 -2.164558 5.394493 0.000000 0.000000 
-27.512913 187.530975 5.299214 -3.497520 3.723999 0.000000 0.000000 
-28.106556 187.531830 4.411409 -4.178375 5.205120 0.000000 0.000000 
-27.008650 188.138702 -14.413210 -4.486610 7.770458 0.000000 0.000000 
-25.156607 188.658295 3.249741 -7.914688 4.247940 0.000000 0.000000 
-26.165768 189.144562 -13.401047 -5.005226 8.053143 0.000000 0.000000 
-25.623653 189.326843 -14.027007 -4.930603 6.616050 0.000000 0.000000 
-25.362854 191.677124 -1.737016 -6.494972 4.664196 0.000000 0.000000 
-25.559052 192.689026 -0.069268 -8.181480 4.398895 0.000000 0.000000 
-24.808323 193.106689 -1.625752 -9.177078 2.972164 0.000000 0.000000 
-26.212898 193.132172 -2.842687 -4.663292 3.618259 0.000000 0.000000 
-26.463984 193.156982 -0.651291 -8.348808 2.628234 0.000000 0.000000 
-34.663982 194.817596 5.533779 -8.445709 3.542350 0.000000 0.000000 
-32.785076 195.246185 8.145965 -3.668472 5.096897 0.000000 0.000000 
-33.018032 195.501068 9.364925 -4.270180 4.762737 0.000000 0.000000 
34.897625 197.415771 5.053343 -2.865402 5.757633 0.000000 0.000000 
-32.303745 198.329620 7.989862 -1.009499 7.199737 0.000000 0.000000 
-32.676613 198.289185 5.498443 -1.376801 5.829181 0.000000 0.000000 
-28.426346 199.282501 -12.776735 -6.179741 3.975505 0.000000 0.000000 
-30.692680 199.438110 11.275853 -3.992111 4.489170 0.000000 0.000000 
-32.668884 205.444824 -4.336118 -2.718452 5.575191 0.000000 0.000000 
-31.510521 205.769836 -2.547394 -4.477676 4.296752 0.000000 0.000000 
-30.066177 207.334930 1.964123 -4.622810 4.582229 0.000000 0.000000 
-29.295723 207.465820 -13.514566 -7.709648 4.352447 0.000000 0.000000 
-32.738388 215.583282 7.174163 -7.975174 5.116966 0.000000 0.000000 
-28.991289 217.798035 7.106824 -3.071716 4.261791 0.000000 0.000000 
-29.292896 217.802521 -2.383322 -3.254402 3.283660 1.000000 1.000000 
-29.772831 217.851715 -15.310111 -0.745644 5.645610 0.000000 0.000000 
-29.584959 218.959961 -2.357119 -1.445824 4.478412 0.000000 0.000000 
-36.977142 247.837769 -5.781451 -2.106956 4.356208 0.000000 0.000000 
-36.725327 247.947510 -4.869001 0.764816 4.762233 0.000000 0.000000 
-36.923378 249.751648 -2.005167 -0.344231 3.143089 0.000000 0.000000 
-35.043076 250.069763 -2.818815 -4.309593 2.921131 0.000000 0.000000 
