ply
format ascii 1.0
comment Created by CloudCompare v2.14.beta (Feb  3 2026)
comment Created 2026-05-08T09:26:27
obj_info Generated by CloudCompare!
element vertex 1583
property float x
property float y
property float z
property float rcs
property float snr
property float v
property float label
end_header
9.298065 -26.738701 -8.448186 -9.100760 20.544340 0.000000 1.000000 
-21.149904 -25.036709 -8.912860 -2.320587 23.997974 0.000000 1.000000 
11.603725 -33.853886 -9.998199 -3.675095 21.052971 0.000000 1.000000 
-6.031687 -41.320030 -14.522613 -2.182907 24.305689 0.000000 1.000000 
11.724315 -38.564259 -12.178098 -4.297447 22.263836 0.000000 1.000000 
63.544773 12.095908 -12.657558 7.039345 20.260992 0.000000 1.000000 
41.225677 -56.537849 -9.808343 7.551262 23.211966 0.000000 1.000000 
14.364955 -72.171341 -14.794761 6.796272 20.272228 0.000000 1.000000 
92.091698 -11.383477 -14.181423 8.212990 17.876949 0.000000 1.000000 
92.005692 -12.578731 -16.880123 7.390283 18.557970 0.000000 1.000000 
113.840096 -8.117146 -17.655670 11.852913 19.461538 0.000000 1.000000 
114.494133 -7.153596 -22.478834 12.891563 18.320210 0.000000 1.000000 
114.599243 -7.060929 -18.972147 12.981125 18.903566 0.000000 1.000000 
118.023918 13.535044 -46.582684 11.302315 16.944626 0.000000 1.000000 
202.753845 3.607489 -13.079837 16.164749 12.561050 0.000000 1.000000 
190.641937 69.368362 -82.397545 18.919029 14.967459 0.000000 1.000000 
7.584136 44.617500 -16.440424 -14.899467 17.781803 0.000000 1.000000 
7.983081 59.945946 -22.111141 -14.762657 13.136806 0.000000 1.000000 
-30.792656 59.952038 -23.738661 -4.260315 17.540453 0.000000 1.000000 
8.306190 69.553986 -19.618509 -17.222855 9.153221 1.000000 1.000000 
-33.675148 64.193390 -28.892878 -16.609596 8.206730 0.000000 1.000000 
-23.297302 74.002556 -30.906466 -11.016663 12.155472 0.000000 1.000000 
-23.157000 78.858643 -31.525558 -11.242935 13.829712 0.000000 1.000000 
-32.386166 77.883774 -27.509911 -3.371407 18.111553 0.000000 1.000000 
-29.597338 81.381310 -24.993109 -4.089241 17.032497 0.000000 1.000000 
30.606150 82.365105 -35.234100 -9.450203 14.362881 0.000000 1.000000 
-40.417690 80.775139 -32.442158 -3.815880 16.211929 0.000000 1.000000 
-14.277250 96.969933 -35.924858 -8.068123 11.732544 0.000000 1.000000 
-16.453644 100.198799 -40.867970 -12.231468 7.416943 0.000000 1.000000 
-24.742741 99.215828 -12.739211 -13.902802 8.599552 0.000000 1.000000 
-30.537380 99.294022 -11.961747 -6.808868 9.369801 0.000000 1.000000 
-31.731001 99.746452 -14.048585 -6.322929 9.526783 0.000000 1.000000 
-32.715092 99.778107 -12.934472 -6.851540 7.877937 0.000000 1.000000 
-32.463726 100.117149 -14.852217 -10.005569 8.839355 0.000000 1.000000 
-31.838171 100.460434 -16.613638 -9.912781 9.875019 0.000000 1.000000 
-31.147488 102.273071 -43.163792 -7.931488 8.346909 0.000000 1.000000 
-31.453241 102.219528 -14.666866 -10.425194 6.472298 0.000000 1.000000 
-49.164948 95.167297 -43.363529 -11.032166 6.404476 0.000000 1.000000 
-27.477207 109.412537 -41.308472 -9.706268 9.145447 0.000000 1.000000 
-57.913376 97.609001 -33.793030 -7.431076 7.196907 0.000000 1.000000 
43.470364 111.047028 -28.117901 -8.191505 7.131329 0.000000 1.000000 
-33.499321 122.184311 -17.666069 -8.968765 5.194489 0.000000 1.000000 
-34.257782 123.109238 -20.800758 -6.506767 8.154457 0.000000 1.000000 
-59.827381 139.178009 -61.866608 -4.165176 5.983471 0.000000 1.000000 
-82.972488 145.473083 -23.805620 -1.119286 7.883335 0.000000 1.000000 
79.059967 157.282623 -72.169960 -2.725845 3.950973 0.000000 1.000000 
-34.526215 197.319214 -72.024780 -2.108101 5.877628 0.000000 1.000000 
-35.466042 199.012787 -72.724152 1.167809 8.263355 0.000000 1.000000 
4.968063 -116.092613 23.311972 9.459129 18.377901 0.000000 1.000000 
7.376797 62.051880 24.029051 -16.128014 10.134884 0.000000 1.000000 
7.565769 62.171551 23.384651 -19.550179 9.531528 0.000000 1.000000 
-21.841961 61.565540 25.684309 -5.422646 19.046349 0.000000 1.000000 
-22.242689 62.793964 25.842831 -8.727730 13.585476 1.000000 1.000000 
-13.326588 69.561592 27.333244 -8.018150 18.098724 0.000000 1.000000 
-2.334561 70.968384 28.680605 -11.093727 19.976357 0.000000 1.000000 
-23.595062 73.152428 19.398222 -5.809196 18.279922 0.000000 1.000000 
28.086691 71.751144 29.764444 -9.133888 14.486629 0.000000 1.000000 
33.803082 77.727013 22.284433 -4.950584 17.980993 0.000000 1.000000 
-30.584133 80.943405 31.342020 -6.227272 13.236839 0.000000 1.000000 
-31.084724 82.232643 25.145576 -7.286995 13.258869 0.000000 1.000000 
24.335808 86.809639 34.910149 -12.771294 10.674862 0.000000 1.000000 
14.548895 91.525490 26.517748 -13.096710 9.980179 0.000000 1.000000 
6.397884 113.853912 40.411812 -9.214920 10.792656 0.000000 1.000000 
-26.223728 129.548981 23.954876 -10.540680 7.711143 0.000000 1.000000 
85.594879 105.749092 18.695631 2.857224 9.011295 0.000000 1.000000 
-23.334623 140.559143 22.822220 -7.306458 7.003754 0.000000 1.000000 
-29.854841 198.890717 46.037685 -3.483215 4.626484 0.000000 1.000000 
-36.389545 199.239410 -23.866110 3.709976 8.005783 0.000000 1.000000 
21.654665 -9.020405 -7.130610 -3.455490 30.055412 0.000000 1.000000 
5.400033 -69.858101 18.635313 5.783592 22.180807 0.000000 1.000000 
113.575996 -8.029116 14.734929 12.538177 17.735619 0.000000 1.000000 
113.578583 -8.429115 15.336267 16.588760 21.326965 0.000000 1.000000 
113.637711 -8.249512 16.884209 11.005157 15.926510 0.000000 1.000000 
113.834602 -10.505873 20.868793 10.872055 17.356323 0.000000 1.000000 
113.952370 -9.792451 21.437630 12.273811 18.172623 0.000000 1.000000 
3.328808 27.395069 -9.940732 -17.233147 25.505028 0.000000 1.000000 
-0.121190 29.324434 -7.218832 -13.199715 24.966221 0.000000 1.000000 
-14.048516 27.673389 -11.562495 -10.046829 24.314421 0.000000 1.000000 
-11.659271 31.793901 -12.134935 -16.516098 21.471344 0.000000 1.000000 
-8.001325 38.388763 -11.419567 -15.534157 20.531960 0.000000 1.000000 
19.199375 41.608330 -5.145954 -11.807693 16.375671 0.000000 1.000000 
11.966732 44.876713 17.424599 -20.273651 14.217693 0.000000 1.000000 
16.014086 46.132175 -4.306837 -12.255249 17.078903 0.000000 1.000000 
18.880529 47.471264 -6.290739 -15.783585 13.729980 0.000000 1.000000 
-13.226480 50.549168 20.727045 -15.208534 15.260178 0.000000 1.000000 
-19.058359 49.468262 17.870302 -19.158257 13.160137 0.000000 1.000000 
-7.762640 61.843750 -14.904576 -15.329956 13.474773 0.000000 1.000000 
21.151983 61.897114 -4.802335 -11.653633 14.775105 0.000000 1.000000 
-30.808481 60.024445 17.855564 -7.645065 15.601103 0.000000 1.000000 
21.341150 64.544861 -5.493497 -14.265625 13.954529 0.000000 1.000000 
-28.741949 66.304070 -10.558212 -15.253716 9.123241 0.000000 1.000000 
-29.630213 68.735100 -9.354914 0.595306 20.417765 0.000000 1.000000 
-11.208765 76.949341 -10.865186 -3.492805 19.087435 0.000000 1.000000 
-33.402378 75.820976 -13.215470 -2.505661 17.803989 0.000000 1.000000 
-38.337418 73.484146 -7.991642 -2.553215 17.419241 0.000000 1.000000 
-29.933187 81.550674 -9.843075 -1.061012 19.559490 0.000000 1.000000 
52.902714 68.358589 -6.639834 7.127029 19.182947 0.000000 1.000000 
-31.082800 81.705956 -11.602003 -5.546227 16.084356 0.000000 1.000000 
-40.192154 78.379143 -11.595243 -6.074226 13.823639 0.000000 1.000000 
43.745743 76.868706 -10.117636 -1.216797 16.448627 0.000000 1.000000 
21.913815 87.321198 -4.642222 -5.231033 15.362341 0.000000 1.000000 
21.658104 87.391197 -5.568245 -9.068718 13.481503 0.000000 1.000000 
22.286943 87.247711 -4.520262 -8.862288 12.124714 0.000000 1.000000 
30.531683 90.680489 -7.147663 -14.060280 7.487560 0.000000 1.000000 
-22.306206 118.251678 -13.187195 -6.916237 7.905148 0.000000 1.000000 
-21.862930 118.354675 -13.199738 -9.559921 6.867329 0.000000 1.000000 
38.948017 114.329872 -11.919738 -5.723602 9.398602 0.000000 1.000000 
-33.459366 116.424126 -15.101274 -7.824875 7.378201 0.000000 1.000000 
36.310875 116.528816 15.050455 -11.291641 5.959625 0.000000 1.000000 
-23.334297 170.323883 -12.966714 -2.330666 7.996605 0.000000 1.000000 
-22.926352 172.625824 -13.213449 -1.628342 8.182690 0.000000 1.000000 
-25.454084 174.068451 -16.430563 -1.689301 7.376163 0.000000 1.000000 
-26.224360 180.884918 -14.966629 -7.295486 4.911839 0.000000 1.000000 
-26.128830 188.267487 -13.023835 -8.764572 3.670982 0.000000 1.000000 
-25.470430 189.230225 -12.853059 -6.370667 7.989235 0.000000 1.000000 
-26.942837 189.136230 -16.103952 -8.903206 7.147808 0.000000 1.000000 
-27.604084 189.040558 -15.131395 -5.222473 8.060055 0.000000 1.000000 
-1.217200 191.825745 -7.302789 1.288452 11.532310 0.000000 1.000000 
-1.102216 191.861084 -7.392759 3.625038 12.007328 0.000000 1.000000 
-3.464319 199.528748 -8.236371 -2.475037 8.174526 0.000000 1.000000 
-4.835644 199.538300 -8.366470 -6.402901 6.926533 0.000000 1.000000 
-29.776503 217.843414 -16.275591 -4.256889 4.795650 0.000000 1.000000 
-30.321436 218.285034 -14.836329 -2.963600 5.022373 0.000000 1.000000 
2.250631 -8.621613 0.082980 -21.374519 23.976049 1.000000 1.000000 
2.049555 12.801339 -0.092721 -36.120476 12.317955 1.000000 1.000000 
2.066280 16.322361 -0.352330 -18.345924 25.357449 1.000000 1.000000 
-0.417312 -6.057921 -0.234167 -6.468754 46.903034 0.000000 0.000000 
-0.295019 -6.122459 -0.131193 -9.491150 45.094112 0.000000 0.000000 
-12.234254 -19.148743 1.195401 5.383690 36.803902 1.000000 0.000000 
-12.423445 -19.637657 0.914781 5.520616 34.340961 1.000000 0.000000 
-12.937137 -19.486092 0.978207 0.851868 30.264462 1.000000 0.000000 
-12.289732 -20.161469 1.003687 2.183426 33.077858 1.000000 0.000000 
-12.761024 -19.915146 1.030785 -4.036385 27.222832 1.000000 0.000000 
-12.407108 -20.600899 0.995555 2.618973 30.769218 1.000000 0.000000 
-12.405283 -20.629230 1.170971 3.414901 35.320389 1.000000 0.000000 
-12.390963 -21.088097 1.027345 9.596474 38.837894 1.000000 0.000000 
-12.605391 -20.983009 1.734103 -7.954338 25.774864 1.000000 0.000000 
-12.354098 -21.220291 1.113463 8.527841 38.484386 1.000000 0.000000 
-12.221686 -21.662106 0.655584 3.464622 33.444969 1.000000 0.000000 
-12.312212 -21.808857 0.828034 7.210220 37.007915 1.000000 0.000000 
-12.303274 -22.113792 1.103094 5.405786 34.077232 1.000000 0.000000 
-12.309192 -22.337494 0.960330 -1.959709 27.938574 1.000000 0.000000 
-12.404048 -22.455429 1.167704 -1.138428 28.730324 1.000000 0.000000 
-12.242159 -22.745403 0.429648 -3.204849 26.387905 1.000000 0.000000 
-12.308142 -22.728714 0.790148 -2.818634 26.367119 1.000000 0.000000 
-12.149884 -23.156815 0.929479 -4.166786 25.885445 1.000000 0.000000 
-12.260663 -23.579205 0.945528 -8.647911 21.003475 1.000000 0.000000 
-12.439481 -23.550186 1.017674 -2.347206 26.684177 1.000000 0.000000 
-12.303900 -23.932808 0.820436 5.741241 34.549076 1.000000 0.000000 
-12.316654 -24.140991 1.019929 7.142273 36.047066 1.000000 0.000000 
-12.225879 -24.442329 1.389002 4.722282 32.289738 1.000000 0.000000 
-12.259854 -24.697598 0.868002 -9.713486 22.033821 1.000000 0.000000 
-12.159370 -25.006920 1.079456 -0.069527 28.862156 1.000000 0.000000 
-12.232664 -25.229465 1.134741 9.586395 37.919300 1.000000 0.000000 
-12.277483 -25.741272 1.106956 16.559692 44.004807 1.000000 0.000000 
-12.187858 -25.910355 1.023743 11.595078 39.827122 1.000000 0.000000 
-12.236254 -26.236221 0.944934 14.142517 40.731590 1.000000 0.000000 
-12.240381 -26.494938 0.834935 10.627037 38.918617 1.000000 0.000000 
-12.172224 -26.717537 1.130606 8.849876 35.867695 1.000000 0.000000 
-12.189009 -27.045902 0.995627 20.019371 46.086601 1.000000 0.000000 
-12.168256 -27.290058 1.052920 17.347412 43.829594 1.000000 0.000000 
-12.329402 -27.497234 0.868031 8.745071 35.585289 1.000000 0.000000 
-12.273092 -27.995464 1.011871 1.403358 28.282328 1.000000 0.000000 
-12.157420 -28.088093 0.890772 -0.758232 25.283569 1.000000 0.000000 
-14.644278 -28.729168 2.748921 1.069992 28.332979 1.000000 0.000000 
-14.811388 -28.649231 1.894981 -6.551193 20.525475 1.000000 0.000000 
-14.635367 -29.148651 2.310170 -0.302765 25.628309 1.000000 0.000000 
-12.407507 -32.764023 1.449453 2.934532 27.858070 1.000000 0.000000 
-12.261483 -33.264446 1.765990 1.725975 26.150349 1.000000 0.000000 
0.191606 -6.212094 -0.292922 -2.358681 48.444042 0.000000 0.000000 
0.041706 -6.206358 -0.187491 -6.752888 44.556854 0.000000 0.000000 
0.304427 -6.293314 -0.284553 -5.299419 45.224194 0.000000 0.000000 
-12.467558 -22.159950 0.864571 6.034142 26.100981 1.000000 0.000000 
-12.713768 -22.482067 1.557643 8.897949 29.367813 1.000000 0.000000 
-12.406967 -22.902317 0.810240 4.657013 27.664463 1.000000 0.000000 
-13.057571 -22.885998 0.863175 12.642075 31.545259 1.000000 0.000000 
-12.698800 -23.110199 0.465651 10.817017 32.053493 1.000000 0.000000 
-12.820412 -23.359348 0.762516 13.553909 35.867447 1.000000 0.000000 
-12.640823 -23.775612 0.635146 3.478935 26.379583 1.000000 0.000000 
-12.117696 -24.081100 0.640439 4.241287 28.296547 1.000000 0.000000 
-12.169349 -24.283077 1.422750 6.836212 30.928104 1.000000 0.000000 
-12.585865 -24.435020 0.870135 17.271858 39.219963 1.000000 0.000000 
-12.647121 -24.559921 1.149144 2.053871 24.937176 1.000000 0.000000 
-12.688514 -25.079636 0.817837 19.078011 41.122993 1.000000 0.000000 
-12.608305 -25.376659 0.814026 19.511024 39.821884 1.000000 0.000000 
-12.374979 -25.783161 0.552875 6.642212 29.650261 1.000000 0.000000 
-13.550056 -25.669720 -0.236249 -4.988060 19.302776 1.000000 0.000000 
-12.834538 -26.116825 0.863259 -5.223534 18.461897 1.000000 0.000000 
-12.597754 -26.722385 0.638044 7.287315 32.025322 1.000000 0.000000 
-12.603595 -26.765041 0.145475 -0.142998 22.318125 1.000000 0.000000 
-12.306658 -26.944000 0.829185 10.320335 34.778572 1.000000 0.000000 
-12.464693 -27.290150 0.606707 22.625542 43.418118 1.000000 0.000000 
-12.502931 -27.486622 0.652999 10.900543 34.757580 1.000000 0.000000 
-12.773832 -27.595879 0.582882 14.451019 37.002277 1.000000 0.000000 
-12.906483 -27.875423 0.812512 19.221428 42.647430 1.000000 0.000000 
-12.484415 -28.253841 0.932435 16.251602 38.858715 1.000000 0.000000 
-12.094951 -28.801311 1.227960 1.763519 25.745373 1.000000 0.000000 
-12.229532 -29.003830 0.813398 -4.390793 19.129311 1.000000 0.000000 
-11.893080 -29.373219 -1.579868 3.057907 25.937176 1.000000 0.000000 
-13.507898 -28.976765 -0.382939 -4.467499 18.947540 1.000000 0.000000 
-14.047960 -29.098835 3.219609 3.613991 24.779589 1.000000 0.000000 
-12.454576 -31.210060 0.716310 -3.708534 19.209515 1.000000 0.000000 
-13.550112 -31.301327 0.859176 -1.329681 19.356331 1.000000 0.000000 
-13.036951 -31.566925 1.251554 -0.694298 20.585936 1.000000 0.000000 
-12.183867 -32.829155 0.860750 3.682541 26.317331 1.000000 0.000000 
-13.004981 -32.916901 1.120890 4.457428 25.909273 1.000000 0.000000 
-13.216998 -32.907928 0.806988 -4.330490 17.865698 1.000000 0.000000 
-13.604148 -34.018696 1.765061 1.234566 23.081966 1.000000 0.000000 
-0.034934 10.107018 0.108951 -20.400795 32.536331 1.000000 0.000000 
-0.850992 11.143892 -0.026191 -12.738976 32.765911 0.000000 0.000000 
0.054867 12.109222 -0.027792 -12.009338 36.729328 0.000000 0.000000 
-0.507191 12.377053 0.022876 -11.632408 37.162086 1.000000 0.000000 
-3.703564 18.519857 0.398536 8.772035 44.207314 0.000000 0.000000 
-3.834187 18.730396 0.270791 9.094644 42.459717 0.000000 0.000000 
-3.696653 18.924664 -0.211951 2.142517 38.627037 0.000000 0.000000 
-4.881591 20.937258 -0.634338 3.659256 40.022385 0.000000 0.000000 
-4.917977 20.931383 -0.766229 1.863091 38.065441 0.000000 0.000000 
0.221174 22.207264 -0.835690 2.350319 35.064228 1.000000 0.000000 
-5.063862 21.623821 -0.698929 0.890488 36.925480 1.000000 0.000000 
0.086668 22.545082 -0.879182 -3.865540 28.707016 0.000000 0.000000 
-0.064572 22.542847 -0.893810 -13.944778 18.087732 1.000000 0.000000 
0.341980 22.660460 -0.833258 -20.336662 13.075813 1.000000 0.000000 
0.287207 22.864901 -0.828540 19.529465 50.426895 0.000000 0.000000 
0.255952 22.980490 -0.850025 18.077545 50.600967 0.000000 0.000000 
0.036616 23.251221 -0.725912 -6.834946 27.987158 0.000000 0.000000 
0.076719 23.628942 -0.821188 -10.124626 25.546474 1.000000 0.000000 
-18.251410 -2.062531 -0.535174 3.050819 43.723698 0.000000 0.000000 
-18.412470 -2.517372 -0.233379 3.003639 40.120922 0.000000 0.000000 
-18.680517 -2.092949 -0.247229 6.500061 44.635448 0.000000 0.000000 
-18.680811 -2.111208 -0.298727 6.945497 45.143284 0.000000 0.000000 
-19.108667 -2.689592 0.469063 -13.324333 29.150753 0.000000 0.000000 
-19.910568 -1.329527 5.149778 -15.166138 24.521254 0.000000 0.000000 
-20.360622 -0.880467 -1.040674 4.630783 41.690399 0.000000 0.000000 
-20.360518 -0.820829 -1.072363 3.507019 39.680183 0.000000 0.000000 
-21.208548 -1.521728 -3.817525 -10.347992 26.383551 0.000000 0.000000 
-21.264250 -1.022015 -0.577137 -13.886887 25.955637 0.000000 0.000000 
-18.655743 -11.472362 1.842155 3.014465 36.303905 0.000000 0.000000 
-18.705921 -11.472288 1.841426 -0.231438 32.754150 0.000000 0.000000 
-21.315805 3.832519 1.386306 -3.183861 30.364983 0.000000 0.000000 
-19.215340 -11.434990 1.827110 0.503967 33.974525 0.000000 0.000000 
-19.783176 -11.298266 1.628570 1.011398 33.176220 0.000000 0.000000 
-19.893181 -11.200911 1.471643 0.140961 31.270788 0.000000 0.000000 
-18.317680 -14.293961 -0.668350 16.225983 44.549965 0.000000 0.000000 
-18.375473 -14.373964 -0.677995 13.873833 44.438396 0.000000 0.000000 
-18.712410 -14.339849 -0.973409 0.932793 31.219252 0.000000 0.000000 
-18.725975 -14.322622 -0.843526 -2.963066 30.393839 0.000000 0.000000 
-22.685175 6.358202 2.016069 -4.733582 28.810511 0.000000 0.000000 
-22.979925 5.869255 1.705547 -6.277557 24.965803 0.000000 0.000000 
-23.900154 1.536992 1.363306 -5.193253 26.040728 0.000000 0.000000 
-20.373844 -15.239475 1.222862 -9.137589 23.395098 0.000000 0.000000 
-23.952374 8.405509 10.195019 -9.458946 22.191965 0.000000 0.000000 
-22.029091 -14.765158 2.274354 -5.574913 25.367945 0.000000 0.000000 
-26.424738 -1.929578 4.696873 -7.975815 25.335705 0.000000 0.000000 
-26.487581 -5.661926 3.454700 -10.446327 22.264030 0.000000 0.000000 
-26.333635 -9.125631 3.022968 -6.815033 23.399197 0.000000 0.000000 
-26.868591 -8.992335 11.114192 -3.882523 25.768461 0.000000 0.000000 
-24.954298 -13.653417 1.341021 -1.639381 27.622366 0.000000 0.000000 
-26.727829 -9.614887 4.452397 1.381813 29.236744 0.000000 0.000000 
-28.381567 -4.921164 8.752087 -9.814224 22.220850 0.000000 0.000000 
-28.693367 8.372852 -6.542861 -2.769661 27.795057 0.000000 0.000000 
-30.057144 -8.478115 0.310024 0.081810 26.833885 0.000000 0.000000 
-30.210443 -9.246410 3.466812 -3.816368 25.558956 0.000000 0.000000 
-21.103947 -23.909946 2.152672 -3.999512 25.869196 0.000000 0.000000 
-20.613928 -24.717453 3.168334 4.876793 31.362885 0.000000 0.000000 
-20.847446 -24.528053 2.174676 5.304582 29.765484 0.000000 0.000000 
-21.258879 -24.736378 3.006974 -2.922005 23.898243 0.000000 0.000000 
-26.339556 -22.093105 3.776923 -4.759285 23.754662 0.000000 0.000000 
-26.396631 -22.327229 3.126009 -6.618546 20.176872 0.000000 0.000000 
-35.122311 0.410256 1.797246 -1.372322 27.159012 0.000000 0.000000 
-35.196980 0.273161 2.515390 -4.772675 23.679934 0.000000 0.000000 
-35.567398 0.613910 3.563362 -3.868134 23.087448 0.000000 0.000000 
-36.936619 -3.024585 1.954427 -0.915947 28.981417 0.000000 0.000000 
-37.246418 -8.115168 9.369055 -9.142403 20.563812 0.000000 0.000000 
-38.780621 -1.796564 3.481370 -2.458374 24.319727 0.000000 0.000000 
-39.558239 -6.855108 1.781999 -5.215363 21.559229 0.000000 0.000000 
-20.907047 -34.947311 1.299169 -2.155739 22.705482 0.000000 0.000000 
-40.690723 1.286918 2.012718 5.380342 30.018406 0.000000 0.000000 
-40.794922 1.347492 2.600183 5.453050 30.160158 0.000000 0.000000 
-42.592243 3.929115 2.694071 3.601524 27.293125 0.000000 0.000000 
-42.677547 3.488675 3.635022 0.630150 24.828819 0.000000 0.000000 
-38.577957 -19.638878 1.240039 4.996376 26.019993 0.000000 0.000000 
-38.498760 -20.082779 2.393665 7.976524 29.691765 0.000000 0.000000 
-45.589626 -3.649196 4.467677 -4.962158 20.347504 0.000000 0.000000 
-45.666801 -4.164995 4.568017 -2.572914 22.233583 0.000000 0.000000 
-45.803532 -3.725867 3.384187 -5.389862 20.639418 0.000000 0.000000 
-48.019005 23.337627 0.354066 0.969810 19.202333 0.000000 0.000000 
-49.171078 21.185852 2.100758 2.387314 21.153069 0.000000 0.000000 
-6.860197 -6.559537 0.258245 -10.130005 37.803387 0.000000 0.000000 
-6.753411 -10.096272 -0.325321 -16.878845 33.793560 0.000000 0.000000 
-6.326047 -10.431678 0.602672 -12.297958 30.427382 0.000000 0.000000 
-6.319033 -10.472573 0.163691 -12.217934 29.336193 0.000000 0.000000 
-6.533861 -10.783890 0.139377 -17.065163 25.989761 0.000000 0.000000 
-6.919287 -10.828279 0.085494 -12.079620 34.441460 0.000000 0.000000 
-6.949964 -10.984889 -0.378247 -16.424774 28.841084 0.000000 0.000000 
-6.836834 -11.074589 -0.006091 -10.574265 32.353386 0.000000 0.000000 
-6.861489 -11.148412 0.840203 -15.697029 26.681463 0.000000 0.000000 
-6.568874 -11.732421 0.110159 -11.447037 29.034431 0.000000 0.000000 
-6.584338 -11.831018 0.219041 -10.308754 32.701363 0.000000 0.000000 
-6.675450 -11.973094 0.047851 -14.010483 29.480198 0.000000 0.000000 
-6.708526 -12.060383 0.099788 -9.788147 32.524105 0.000000 0.000000 
-6.887410 -12.052623 1.351849 -18.257439 27.413836 0.000000 0.000000 
-6.204650 -12.807044 -0.410088 -6.316986 33.796745 0.000000 0.000000 
-6.365475 -12.733000 -1.223745 -5.507614 35.130234 0.000000 0.000000 
-6.485367 -12.938843 0.639754 -5.788979 34.501865 0.000000 0.000000 
-6.532861 -13.069832 0.923901 -8.724463 30.634945 0.000000 0.000000 
-7.194309 -12.785463 0.651690 -15.231598 26.813028 0.000000 0.000000 
-6.882842 -13.209484 -0.611320 -20.227425 24.684704 0.000000 0.000000 
-6.271290 -13.677836 -0.762219 -11.095383 29.462145 0.000000 0.000000 
-6.726778 -13.856966 -1.300703 -12.001488 26.910278 0.000000 0.000000 
-6.501184 -14.947730 0.147526 -10.141960 27.164696 0.000000 0.000000 
-6.439891 -15.010934 0.177151 -8.227547 28.830627 0.000000 0.000000 
-5.983497 -15.448693 -0.490873 -13.337288 24.624041 0.000000 0.000000 
-6.364421 -15.461749 0.236926 -9.413124 26.093561 0.000000 0.000000 
-6.546279 -15.458264 0.394893 -12.192230 26.838421 0.000000 0.000000 
-7.043395 -15.512100 2.367920 -15.527817 23.405191 0.000000 0.000000 
-6.267198 -16.186831 0.436135 -8.987976 27.521442 0.000000 0.000000 
-6.425663 -16.267860 0.417573 -7.171478 28.328173 0.000000 0.000000 
-6.466434 -16.252817 0.394065 -3.441658 30.714035 0.000000 0.000000 
-6.383182 -16.535313 -1.136975 -7.221016 29.354198 0.000000 0.000000 
-6.204200 -16.824492 -0.543862 -12.891312 22.260523 0.000000 0.000000 
-6.081021 -16.889614 -1.522007 -12.470146 23.170546 0.000000 0.000000 
-6.606007 -17.094849 -0.352034 -9.764023 24.660076 0.000000 0.000000 
-6.657865 -17.174839 -0.850481 -8.558357 26.105566 0.000000 0.000000 
-5.825865 -19.162712 0.351219 -9.661072 28.769859 0.000000 0.000000 
-6.180740 -19.261806 -1.221642 -15.695786 22.106575 0.000000 0.000000 
-5.840893 -19.412571 -0.443576 -11.169777 28.995771 0.000000 0.000000 
-6.418543 -20.142380 -0.530686 -12.081017 23.080065 0.000000 0.000000 
-6.463463 -24.400269 -0.859738 -7.386421 24.857485 0.000000 0.000000 
-6.507207 -24.806030 1.283892 -2.938972 28.194286 0.000000 0.000000 
-6.342890 -26.274124 0.506668 -5.509468 24.670700 0.000000 0.000000 
-5.586203 -37.472500 0.149934 -1.644020 23.224224 0.000000 0.000000 
-5.388464 -42.596485 3.715835 -7.670692 17.918652 0.000000 0.000000 
-5.114955 -48.674480 0.854576 -0.715363 20.600651 0.000000 0.000000 
-5.564267 -55.219975 0.702801 4.703491 23.838728 0.000000 0.000000 
-6.336740 -55.210609 1.517220 3.366745 22.321329 0.000000 0.000000 
-5.592434 -55.486774 1.207162 -0.671806 20.340891 0.000000 0.000000 
-5.355321 -61.316090 3.418461 0.889305 18.094217 0.000000 0.000000 
-6.542081 -13.236832 -0.435599 -5.306885 29.656300 0.000000 0.000000 
-6.408171 -13.673673 -1.181541 -8.328918 27.382555 0.000000 0.000000 
-6.521523 -13.854193 -0.460413 -11.994682 25.279217 0.000000 0.000000 
-6.689827 -14.766295 -0.863475 -1.660202 31.623632 0.000000 0.000000 
-6.454132 -15.223658 -0.678821 -6.968597 29.145451 0.000000 0.000000 
-7.053695 -15.633360 -0.390643 0.536217 33.259514 0.000000 0.000000 
-6.757740 -15.924101 0.253914 -1.959976 31.836010 0.000000 0.000000 
-6.628518 -16.901308 0.400537 -3.606239 29.571173 0.000000 0.000000 
-6.594989 -16.974346 -0.323770 -3.658295 29.093287 0.000000 0.000000 
-6.983611 -17.235039 0.126982 -4.278923 28.739681 0.000000 0.000000 
-6.500313 -17.454800 0.195251 -4.484566 29.295132 0.000000 0.000000 
-6.990381 -17.388248 -1.053068 -12.272697 24.202179 0.000000 0.000000 
-7.701106 -17.697155 -0.074650 -10.497841 23.588934 0.000000 0.000000 
-6.718995 -18.542625 0.324577 -2.704643 28.466816 0.000000 0.000000 
-7.516950 -18.261719 0.731477 -2.057915 29.518974 0.000000 0.000000 
-6.883522 -19.844555 0.078301 -3.288124 29.668190 0.000000 0.000000 
-7.015901 -24.522976 1.594509 3.762764 31.890236 0.000000 0.000000 
-7.388278 -24.556160 0.937564 1.135460 29.648829 0.000000 0.000000 
6.409217 -68.050491 -6.201915 1.381645 16.617634 0.000000 0.000000 
8.082603 -18.265377 0.415780 -13.771416 22.048916 0.000000 0.000000 
9.291503 -23.652657 -0.112155 -9.295341 23.622620 0.000000 0.000000 
11.894607 -33.850758 -2.831715 -1.740578 23.655939 0.000000 0.000000 
10.058489 -36.357613 -1.200094 -8.348808 19.474379 0.000000 0.000000 
10.367997 -36.468956 -0.778301 -3.044891 21.556541 0.000000 0.000000 
10.394978 -36.485725 -1.249363 -3.499153 20.042900 0.000000 0.000000 
8.243834 -37.990597 1.407134 -1.590111 24.574810 0.000000 0.000000 
10.683644 -39.842438 -2.340884 3.073135 25.297539 0.000000 0.000000 
11.044632 -39.912384 2.827487 -6.920052 18.743399 0.000000 0.000000 
9.735321 -40.997280 1.986473 4.210037 25.990637 0.000000 0.000000 
10.008226 -40.976196 1.635086 4.168694 26.828873 0.000000 0.000000 
11.946798 -3.132746 0.017428 9.139076 46.822792 0.000000 0.000000 
11.935516 -3.193149 -0.036672 7.488312 44.249210 0.000000 0.000000 
8.662919 -11.325640 -0.845043 -5.976212 31.889553 0.000000 0.000000 
13.914770 -2.719138 0.680028 1.844482 41.227631 0.000000 0.000000 
14.053595 -2.734023 0.670285 -1.770950 36.363914 0.000000 0.000000 
7.836055 -19.351994 1.160032 -9.983559 29.543245 0.000000 0.000000 
7.306978 -34.223083 0.215274 2.203644 27.315950 0.000000 0.000000 
7.015572 -35.180519 -0.553356 0.877357 28.417889 0.000000 0.000000 
5.915878 -38.244911 2.361118 -0.496445 23.826876 0.000000 0.000000 
6.646751 -38.150158 4.611077 -0.520172 23.604179 0.000000 0.000000 
17.904169 -9.601708 8.234797 -2.706352 29.794962 0.000000 0.000000 
17.957518 -9.828127 8.299024 -2.230553 31.785328 0.000000 0.000000 
16.599833 -12.878147 7.719655 -8.258064 28.397633 0.000000 0.000000 
11.214443 -21.319649 9.233544 -3.206711 27.689796 0.000000 0.000000 
22.594362 -11.115801 4.183167 -1.170097 27.754723 0.000000 0.000000 
31.244083 6.967354 9.721213 -0.903961 24.605278 0.000000 0.000000 
31.199024 7.210001 3.043612 -3.177139 23.457258 0.000000 0.000000 
32.322914 9.192129 -0.688108 17.763359 38.986656 0.000000 0.000000 
32.387085 9.165442 -0.772927 20.446663 42.498749 0.000000 0.000000 
34.467369 8.784115 -1.143915 15.795639 37.514233 0.000000 0.000000 
34.592579 8.735292 -1.068687 15.510765 35.267548 0.000000 0.000000 
33.251163 14.115928 11.521568 -5.711693 20.618517 0.000000 0.000000 
22.802292 -29.343250 2.718215 -2.847496 21.340176 0.000000 0.000000 
38.816624 -0.635007 -0.071562 9.556564 32.896152 0.000000 0.000000 
38.868862 -0.621547 -0.076930 9.776787 34.077496 0.000000 0.000000 
38.615089 7.782969 -0.664241 6.530243 27.468365 0.000000 0.000000 
38.607464 7.955523 -0.587056 9.619621 29.459080 0.000000 0.000000 
43.119381 -0.462528 1.375322 1.734123 25.874491 0.000000 0.000000 
43.254101 -0.168927 1.514108 3.573120 26.080980 0.000000 0.000000 
17.050596 8.477741 0.260677 9.715546 38.901562 0.000000 0.000000 
17.049906 8.690990 0.308988 9.741386 38.534435 0.000000 0.000000 
18.645184 8.220721 -0.778403 1.178696 36.047890 0.000000 0.000000 
18.302658 9.866970 0.017881 10.181450 42.939507 0.000000 0.000000 
22.053062 9.272589 0.375527 6.753181 37.755020 0.000000 0.000000 
22.002039 9.619141 0.353547 4.961975 36.429707 0.000000 0.000000 
26.290169 9.036625 -0.714828 13.349617 37.189125 0.000000 0.000000 
26.462030 8.853985 -0.761506 11.284897 35.720116 0.000000 0.000000 
28.601976 8.606454 -0.562196 14.216911 36.473206 0.000000 0.000000 
28.554567 8.794296 -0.456653 16.779701 36.766037 0.000000 0.000000 
30.496939 8.146815 -0.228843 9.606743 32.130856 0.000000 0.000000 
38.406200 15.156203 -3.489664 0.849098 25.676491 0.000000 0.000000 
42.602005 8.876532 -1.392344 17.033302 35.028267 0.000000 0.000000 
42.650879 8.834820 -1.163917 15.099487 33.946407 0.000000 0.000000 
29.860798 12.709104 3.689628 12.177681 23.167334 0.000000 0.000000 
27.124744 20.780199 13.261724 3.795937 22.783966 0.000000 0.000000 
33.958664 18.614559 5.224846 6.928009 19.858490 0.000000 0.000000 
15.336403 30.929283 1.259176 -2.284195 29.518568 0.000000 0.000000 
2.442845 -7.493555 0.634047 -16.425224 34.606415 0.000000 0.000000 
2.611355 -7.638670 -0.263761 -2.512001 43.151253 0.000000 0.000000 
2.676926 -7.629392 -0.162582 -0.697220 44.708397 0.000000 0.000000 
2.444976 -8.061077 0.190769 -3.141541 42.660561 0.000000 0.000000 
2.747531 -8.096846 0.240228 -4.436714 43.688713 0.000000 0.000000 
2.403936 -8.946279 -0.055842 -2.132797 40.165974 0.000000 0.000000 
2.490211 -8.957263 -0.004787 -1.874710 42.280113 0.000000 0.000000 
2.416605 -9.475410 0.141711 0.894943 40.742535 0.000000 0.000000 
2.412776 -9.511391 0.136423 3.556221 45.983978 0.000000 0.000000 
1.962359 -9.973395 -0.155620 -8.724037 34.815945 0.000000 0.000000 
2.166302 -10.154781 -0.280629 -8.242462 35.849445 0.000000 0.000000 
2.434477 -10.241875 -0.112904 -4.683540 38.125530 0.000000 0.000000 
2.469421 -10.230753 -0.049045 -4.470398 37.338070 0.000000 0.000000 
2.277947 -10.538047 -0.102742 -1.781296 39.311432 0.000000 0.000000 
2.202337 -10.565845 -0.189800 -5.412140 34.401951 0.000000 0.000000 
2.126657 -10.799017 -0.311545 -4.254898 35.904686 0.000000 0.000000 
2.159533 -10.852851 -0.277460 -3.316940 35.713047 0.000000 0.000000 
2.212423 -10.949646 -0.335800 -7.082626 33.555744 0.000000 0.000000 
2.276644 -11.029000 -0.232556 -7.619164 35.280262 0.000000 0.000000 
2.306189 -11.137554 -0.255826 -7.217964 34.079109 0.000000 0.000000 
2.346235 -0.967066 0.035114 -13.754475 51.957951 0.000000 0.000000 
2.493329 -0.974696 0.035207 -13.583244 55.392612 0.000000 0.000000 
2.414163 -2.020657 0.033650 -24.683510 34.626785 0.000000 0.000000 
2.443001 -2.075031 0.006417 -27.088810 41.254646 0.000000 0.000000 
2.418960 -2.502063 0.140541 -23.716774 41.152794 0.000000 0.000000 
2.462980 -2.597350 0.054829 -22.245110 41.836647 0.000000 0.000000 
2.401945 -2.856221 -0.026695 -19.887390 43.264202 0.000000 0.000000 
2.406214 -3.124181 -0.097431 -28.467060 38.553722 0.000000 0.000000 
2.454475 -3.536407 0.086196 -14.286041 46.305126 0.000000 0.000000 
2.484210 -3.516971 0.108828 -13.369099 46.160084 0.000000 0.000000 
2.513495 -3.614970 0.073047 -9.771605 49.080105 0.000000 0.000000 
2.436918 -3.953829 0.038723 -18.969524 42.445469 0.000000 0.000000 
2.452650 -4.139666 0.029609 -14.879238 43.053131 0.000000 0.000000 
2.473071 -4.186458 0.056484 -15.137993 44.144142 0.000000 0.000000 
2.433297 -4.471852 -0.079847 -17.792297 40.265881 0.000000 0.000000 
2.456189 -4.546603 -0.084104 -20.969070 41.001938 0.000000 0.000000 
2.468143 -4.602219 -0.074390 -20.124279 40.307812 0.000000 0.000000 
2.473974 -4.734753 -0.054798 -19.452106 36.027496 0.000000 0.000000 
2.452303 -5.061710 0.074462 -9.572918 43.713348 0.000000 0.000000 
2.476143 -5.156859 0.066007 -11.457802 42.779480 0.000000 0.000000 
2.403533 -5.339047 -0.163211 -12.229843 40.767941 0.000000 0.000000 
2.448374 -5.499493 0.002051 -1.676804 45.968700 0.000000 0.000000 
2.446113 -5.502140 0.034552 0.753651 54.414555 0.000000 0.000000 
2.434059 -5.508077 0.011525 -1.821762 45.342487 0.000000 0.000000 
2.470396 -6.251854 0.075564 -9.133904 42.131290 0.000000 0.000000 
2.483028 -6.359368 0.041643 -6.078323 44.812317 0.000000 0.000000 
2.482589 -6.470235 -0.129892 -7.641590 44.194035 0.000000 0.000000 
2.477006 -6.745564 0.069675 -6.932266 44.198574 0.000000 0.000000 
2.472914 -6.794219 -0.027553 -6.299400 42.630516 0.000000 0.000000 
2.418836 -7.060359 -0.121285 -9.015244 44.317711 0.000000 0.000000 
2.431843 -7.230050 -0.088804 -2.589569 44.582783 0.000000 0.000000 
2.437365 -7.231635 0.029288 -4.143738 43.999733 0.000000 0.000000 
2.288075 -7.531453 0.149708 -7.644852 38.609131 0.000000 0.000000 
2.367092 -7.514613 0.077634 -9.842785 38.956406 0.000000 0.000000 
2.385054 -7.657695 0.068770 -7.323029 39.493919 0.000000 0.000000 
2.307110 -7.931097 0.092028 -3.847473 41.330803 0.000000 0.000000 
2.272840 -8.232899 -0.189130 -10.093147 40.789543 0.000000 0.000000 
2.413054 -8.425352 0.140727 -8.659187 37.705925 0.000000 0.000000 
2.457619 -8.467712 0.350975 -10.653404 30.035507 0.000000 0.000000 
2.289700 -8.751969 0.026657 -1.933014 43.493801 0.000000 0.000000 
2.250202 -8.956787 -0.009251 4.858551 41.400433 0.000000 0.000000 
2.238193 -8.960694 -0.032418 3.272018 44.332310 0.000000 0.000000 
2.167233 -9.422365 -0.104110 -1.624641 39.457737 0.000000 0.000000 
2.164148 -9.484615 -0.031413 -5.446289 35.205925 0.000000 0.000000 
2.184535 -9.481521 -0.131534 -3.960358 34.171989 0.000000 0.000000 
2.178358 -9.687293 -0.297628 -3.029800 34.941689 0.000000 0.000000 
2.167680 -9.800138 -0.400628 -4.218338 31.990612 0.000000 0.000000 
2.160644 -9.958461 -0.337019 -4.115715 37.178509 0.000000 0.000000 
2.324107 -10.124478 -0.264387 -2.539413 34.250225 0.000000 0.000000 
2.225304 -10.221729 0.282707 -2.670074 34.956898 0.000000 0.000000 
2.225479 -10.363053 0.129047 -4.134277 33.397926 0.000000 0.000000 
2.234453 -10.603674 -0.058144 -1.618683 37.394226 0.000000 0.000000 
2.295290 -10.611948 0.075780 -2.266312 36.798855 0.000000 0.000000 
2.219635 -11.046227 -0.318234 1.089249 41.524055 0.000000 0.000000 
2.146595 -11.111559 -0.225287 1.838615 40.871628 0.000000 0.000000 
2.138017 -11.598912 0.372924 -5.323715 36.682091 0.000000 0.000000 
2.067196 -11.850477 0.154588 -1.586380 38.816124 0.000000 0.000000 
2.269026 4.768723 -0.011677 -28.354130 26.546577 0.000000 0.000000 
2.414047 4.820039 -0.022856 -27.913368 28.427864 0.000000 0.000000 
2.487501 5.395477 -0.087824 -38.328747 21.592979 0.000000 0.000000 
2.307433 5.973572 -0.077495 -42.240444 19.095446 0.000000 0.000000 
2.481737 6.571268 -0.072639 -38.875328 23.066341 0.000000 0.000000 
2.291709 6.959731 0.037374 -10.928341 45.741722 0.000000 0.000000 
2.319341 6.984752 0.041558 -11.268414 46.765144 0.000000 0.000000 
2.384974 7.449903 -0.080241 -26.859783 32.156338 0.000000 0.000000 
2.291196 7.628184 -0.075409 -30.991455 29.091434 0.000000 0.000000 
2.288316 7.909763 -0.039173 -21.239723 34.835426 0.000000 0.000000 
2.373217 7.974574 -0.031266 -21.962147 36.800053 0.000000 0.000000 
2.412469 8.407766 -0.020504 -24.736580 29.086945 0.000000 0.000000 
2.266777 8.591011 -0.144078 -37.613621 23.271606 0.000000 0.000000 
2.269191 8.955449 0.017790 -8.489388 42.709373 0.000000 0.000000 
2.302146 9.001076 0.021749 -6.642017 42.710571 0.000000 0.000000 
2.328128 9.748473 -0.096866 -22.663551 24.898750 0.000000 0.000000 
-6.014624 -1.063541 -0.558990 -0.162422 50.869293 0.000000 0.000000 
-6.017374 -1.025229 -0.590023 4.939850 55.554611 0.000000 0.000000 
-6.069454 -1.029608 -0.610252 7.121475 59.119152 0.000000 0.000000 
-6.825501 0.016067 0.104004 1.164345 49.437717 0.000000 0.000000 
-6.938911 0.016196 0.160473 6.012177 56.669926 0.000000 0.000000 
4.829175 -9.605101 -1.032547 -12.841827 20.136740 1.000000 0.000000 
-6.152668 -10.798007 -2.676362 -14.238243 30.363327 0.000000 0.000000 
-6.261072 -12.521147 -2.249821 -13.489571 31.840982 0.000000 0.000000 
-6.722707 -13.914899 -1.664295 -12.938156 24.700100 0.000000 0.000000 
-6.269774 -14.368211 -4.448207 -18.344986 23.747168 0.000000 0.000000 
-6.774992 -18.649620 3.634811 -6.771515 29.506657 0.000000 0.000000 
-6.861611 -18.720512 -1.411380 -3.814041 30.604996 0.000000 0.000000 
-6.941864 -21.716576 -2.502589 -6.874580 27.377607 0.000000 0.000000 
-18.187412 -15.621148 5.499900 -5.285759 26.154915 0.000000 0.000000 
12.679260 -27.702549 7.999118 1.004150 28.503578 0.000000 0.000000 
15.144163 -26.626801 -0.150918 -2.398689 22.759556 0.000000 0.000000 
12.813881 -28.994133 0.926560 3.666252 30.328321 0.000000 0.000000 
13.185349 -28.815750 -0.172171 1.445808 28.555237 0.000000 0.000000 
-30.089170 10.663198 -1.023432 -6.683067 22.099646 0.000000 1.000000 
-28.538382 14.527900 4.259046 0.451233 26.874971 0.000000 0.000000 
-1.878601 -37.378605 11.828237 7.385002 34.170567 0.000000 0.000000 
-1.918101 -37.421501 11.491585 4.797867 32.032936 0.000000 0.000000 
22.527857 -40.528255 2.910759 5.706947 24.536894 0.000000 0.000000 
-6.324339 -48.539558 -5.026739 -3.639076 21.414995 0.000000 0.000000 
-5.722349 -48.651463 -2.657978 -3.431519 19.971769 0.000000 0.000000 
-5.487534 -48.939991 -6.690826 1.841698 22.838207 0.000000 0.000000 
-5.772932 -49.016575 -5.046903 3.120811 23.748669 0.000000 0.000000 
-5.885910 -49.116184 -5.993181 3.398148 24.019812 0.000000 0.000000 
28.334301 -46.588581 2.728661 5.240173 18.353687 0.000000 0.000000 
25.406199 -49.371281 12.857911 -3.578384 15.278976 0.000000 1.000000 
21.155125 -57.773323 5.071492 2.305313 17.412876 0.000000 0.000000 
-106.896805 -3.720401 7.191939 8.502510 17.247480 0.000000 0.000000 
-107.013458 -3.323912 7.501442 11.006851 19.881521 0.000000 0.000000 
-107.278946 -0.978812 4.486273 15.891808 24.390457 0.000000 0.000000 
-107.280045 -0.379233 4.994676 15.698349 23.580391 0.000000 0.000000 
-107.417847 -5.292427 4.336013 9.934479 21.633488 0.000000 0.000000 
-107.506035 -6.323586 6.014582 10.071320 20.035770 0.000000 0.000000 
-107.412895 -9.069381 3.333950 7.086801 16.516556 0.000000 0.000000 
-115.474014 -1.884554 5.113984 10.829140 19.656237 0.000000 0.000000 
-115.464790 -2.751355 6.392600 9.815331 17.410576 0.000000 0.000000 
62.200802 -99.731224 4.463587 14.815025 16.342300 0.000000 0.000000 
55.254318 -103.834396 7.779475 18.971977 21.092278 0.000000 0.000000 
56.003139 -103.524391 5.647268 19.116409 19.969048 0.000000 0.000000 
59.307358 -101.721123 9.195283 13.177269 15.294941 0.000000 0.000000 
62.907894 -110.003265 7.100134 21.684715 21.465818 0.000000 0.000000 
57.990261 -147.447586 13.385166 15.673302 14.324780 0.000000 0.000000 
60.171200 -147.683731 7.548799 19.368149 18.000111 0.000000 0.000000 
7.188187 -5.242803 -0.039975 3.484192 44.531212 0.000000 0.000000 
7.288212 -5.354612 -0.099315 5.070122 50.025333 0.000000 0.000000 
4.798419 -8.061724 -0.691532 -10.261887 26.067364 1.000000 0.000000 
8.405045 -3.832311 -0.506885 -6.176666 29.305099 0.000000 0.000000 
8.697966 -4.007252 -1.046279 -0.918526 36.556973 0.000000 0.000000 
4.923958 -8.471409 0.608725 -13.503830 24.188845 1.000000 0.000000 
4.899930 -8.503308 -0.297116 -5.945435 28.274990 1.000000 0.000000 
4.577940 -8.732975 -0.767358 -14.155922 26.432545 1.000000 0.000000 
4.742479 -8.795541 -0.323571 -15.809746 22.714321 1.000000 0.000000 
4.731329 -9.186680 0.546639 -15.399910 24.514488 1.000000 0.000000 
4.713503 -9.211964 0.137715 -17.220711 21.720947 1.000000 0.000000 
4.728755 -9.615770 0.182663 -15.126091 21.709015 1.000000 0.000000 
7.320269 -8.488872 -1.455589 6.939691 44.451565 0.000000 1.000000 
9.108515 -6.838903 1.552426 -12.729889 25.347687 1.000000 1.000000 
11.572419 -3.712591 2.956837 -3.624565 36.426918 0.000000 0.000000 
9.388474 -8.986682 -2.613716 -12.325691 31.228844 0.000000 1.000000 
10.929276 5.245113 -3.685570 -7.187576 31.766615 0.000000 1.000000 
12.427073 -5.773242 -4.185591 -9.190933 28.647419 0.000000 1.000000 
15.851782 -0.873944 -0.469389 1.254005 38.527943 0.000000 0.000000 
15.901754 -0.862911 -0.574240 -0.700447 36.202682 0.000000 0.000000 
14.712358 -8.930221 0.523619 -10.577614 26.650217 0.000000 1.000000 
17.046638 0.398884 -0.717986 8.354454 43.969055 0.000000 0.000000 
17.161596 0.396096 -0.816871 5.647667 42.623806 0.000000 0.000000 
16.859249 -6.330996 7.282930 -11.784340 26.537796 0.000000 0.000000 
16.701880 -6.914204 3.014179 -7.912308 28.942442 0.000000 0.000000 
-6.859773 -17.085922 3.694578 -11.078407 24.147852 0.000000 0.000000 
18.110115 -9.357249 1.221943 -10.151787 24.340618 0.000000 0.000000 
-7.333387 -18.942047 -3.081537 -9.645889 27.442549 0.000000 0.000000 
20.730925 0.898736 -0.139617 -0.917496 32.953526 0.000000 1.000000 
21.254547 -5.523289 2.691630 -1.492126 35.316891 0.000000 1.000000 
-7.618805 -21.374249 7.019165 -2.031265 29.860878 0.000000 0.000000 
22.612459 -10.955453 -1.813821 -2.016281 27.638418 0.000000 1.000000 
27.420734 0.235456 0.064317 4.879570 32.682053 0.000000 0.000000 
27.590076 0.136802 0.605619 3.473701 35.413364 0.000000 1.000000 
25.942123 -14.604898 0.982581 -4.523483 25.432856 0.000000 0.000000 
25.860550 -14.904980 9.121243 -3.698830 25.554382 0.000000 1.000000 
23.535604 -21.624207 0.760016 4.480133 29.644215 0.000000 0.000000 
23.605564 -21.666523 0.763050 6.268517 31.383030 0.000000 0.000000 
30.548101 7.971707 -0.046154 8.940544 31.836018 0.000000 0.000000 
31.056519 -9.728572 -2.420043 -5.205231 23.659473 0.000000 1.000000 
32.573460 1.470768 1.682375 13.401199 38.564629 0.000000 0.000000 
32.692310 1.299960 1.123695 13.144447 40.858730 0.000000 0.000000 
11.091887 -31.586475 -5.511372 -0.793114 23.784792 0.000000 1.000000 
28.948555 15.526158 0.836584 4.036377 29.712801 1.000000 1.000000 
6.881865 -35.264751 -1.008715 1.037300 29.152542 0.000000 0.000000 
5.960817 -36.599827 -2.132297 -3.418892 24.288004 0.000000 0.000000 
6.497307 -36.534904 -1.187689 0.148949 24.008978 0.000000 0.000000 
6.283124 -36.587173 -1.066267 -1.030853 23.262407 0.000000 0.000000 
8.121814 -40.038788 7.918451 -6.093437 22.815563 0.000000 0.000000 
14.325030 -38.869858 2.483095 -4.293709 20.622078 0.000000 0.000000 
10.216413 -40.296162 -2.894238 -0.128716 22.667196 0.000000 0.000000 
14.497319 -39.024872 4.511717 -1.903870 22.273952 0.000000 0.000000 
39.807976 10.480375 8.851877 0.314552 22.669613 0.000000 1.000000 
41.669788 -1.485490 2.562752 2.387093 29.142218 0.000000 0.000000 
5.436094 -42.587242 -2.816333 -5.237381 20.603813 0.000000 1.000000 
34.262970 -27.184593 2.186818 -1.631790 21.860474 0.000000 1.000000 
43.681278 -9.383774 -3.340264 0.255798 23.964943 0.000000 1.000000 
43.715332 -9.463352 9.811304 0.035782 23.679253 0.000000 1.000000 
41.182076 17.570271 -0.065076 -3.347221 20.265398 0.000000 0.000000 
44.586914 8.850799 -1.265340 7.684723 26.853149 0.000000 0.000000 
43.636143 14.166949 8.075391 1.155205 20.239115 0.000000 1.000000 
43.319187 16.129288 5.568366 -0.712631 20.533354 0.000000 0.000000 
46.537666 8.282549 -2.080354 18.583122 33.978352 0.000000 0.000000 
46.636574 8.310222 -3.844312 19.687889 35.781219 0.000000 0.000000 
11.814394 -46.712212 10.590889 2.022415 23.732183 0.000000 1.000000 
47.419350 7.810153 -1.599283 5.779274 23.791504 0.000000 0.000000 
47.458969 7.658301 -1.424936 5.420212 25.287941 0.000000 0.000000 
46.444347 17.170593 1.623212 14.322449 31.903193 0.000000 0.000000 
46.665974 16.665874 1.462462 12.929482 30.409035 0.000000 0.000000 
47.212746 16.265057 -1.193569 8.122360 26.018150 0.000000 0.000000 
47.637341 15.095113 0.617011 3.757957 23.379356 0.000000 0.000000 
49.701710 9.157780 14.104355 1.905495 20.848207 0.000000 0.000000 
50.315380 6.212177 11.733023 -0.655655 19.404472 0.000000 1.000000 
50.409351 9.652510 -0.997274 9.658661 27.550964 0.000000 0.000000 
50.263035 10.323009 -0.178670 12.813232 32.910610 0.000000 0.000000 
50.539318 13.985106 12.299217 2.766968 18.390162 0.000000 0.000000 
50.514626 14.204707 -2.261019 2.524834 19.857424 0.000000 0.000000 
50.053574 16.172142 2.649060 4.235283 21.186417 0.000000 0.000000 
50.161221 16.305080 1.252512 4.355148 19.941742 0.000000 0.000000 
52.560085 9.044816 0.146951 16.209457 32.544918 0.000000 0.000000 
52.546844 9.405655 0.268729 18.581947 32.848709 0.000000 0.000000 
52.708519 8.576062 -0.074425 15.524094 34.028828 0.000000 0.000000 
53.432056 10.601538 -1.566332 0.808197 17.599546 0.000000 0.000000 
53.432388 10.971172 -0.598680 2.177200 19.166878 0.000000 0.000000 
54.896378 7.180352 -0.260331 22.437027 38.407986 0.000000 0.000000 
54.968262 7.055722 -0.659433 19.865410 34.529251 0.000000 0.000000 
10.665421 -54.901062 4.284034 11.953568 33.276527 0.000000 1.000000 
56.941341 6.197484 -2.503725 19.621033 35.357613 0.000000 0.000000 
57.105770 5.165854 13.303368 12.701042 29.701756 0.000000 0.000000 
56.813789 8.962103 0.377960 14.710167 27.822662 0.000000 0.000000 
56.452526 10.890992 1.353798 11.964874 26.856117 0.000000 0.000000 
58.029789 1.244685 1.265028 9.314087 26.989515 0.000000 0.000000 
58.034096 1.248065 1.464567 13.516464 29.601036 0.000000 0.000000 
58.241299 7.024571 -3.594354 7.236244 23.088673 0.000000 0.000000 
58.577900 8.469911 -1.215846 21.022614 33.878826 0.000000 0.000000 
58.731541 8.414556 -1.309616 20.985542 34.635620 0.000000 0.000000 
60.405964 9.805705 -0.302066 20.896057 33.643333 0.000000 0.000000 
60.472301 9.429982 -0.626578 23.827713 36.131077 0.000000 0.000000 
61.959412 -9.286461 3.353249 9.666176 26.456125 0.000000 1.000000 
62.073524 -8.849607 4.028740 10.035889 26.694792 0.000000 0.000000 
62.063652 -11.127186 2.709026 6.142090 22.560194 0.000000 0.000000 
62.643040 8.855969 -1.402558 12.707123 28.426102 0.000000 0.000000 
62.738701 8.486772 -2.563509 11.597221 28.050617 0.000000 1.000000 
64.043419 -9.619796 3.175048 4.400375 21.619989 0.000000 0.000000 
57.566387 -31.678173 0.342052 14.650925 27.640455 0.000000 0.000000 
57.687057 -31.660015 2.087565 15.773293 27.342808 0.000000 0.000000 
57.414768 -32.193954 5.212617 15.147430 28.301790 0.000000 0.000000 
57.359287 -32.497158 5.474676 16.597572 30.053150 0.000000 0.000000 
66.284943 -11.259806 1.064970 1.771217 18.811998 0.000000 0.000000 
65.991623 11.773712 3.707947 4.686462 19.377203 0.000000 1.000000 
66.747879 -10.461955 -0.121449 10.587257 27.946770 0.000000 0.000000 
66.749870 -10.708133 0.920946 14.418816 30.114820 0.000000 0.000000 
67.552773 -11.188320 6.317946 3.070755 19.561644 0.000000 0.000000 
67.663177 -10.810680 6.989033 2.278091 18.820892 0.000000 0.000000 
67.765457 13.113018 2.654386 22.279251 32.531212 0.000000 1.000000 
67.945023 12.777654 1.565638 24.248528 35.405327 0.000000 0.000000 
5.852345 -69.953323 -2.767222 4.796036 20.613735 0.000000 1.000000 
70.219170 -9.945029 -6.811826 8.599586 22.692165 0.000000 0.000000 
70.353294 -10.126624 -4.944274 10.493172 25.431730 0.000000 0.000000 
70.466667 9.217600 -0.544875 10.630768 24.248524 0.000000 0.000000 
57.900417 -43.013390 3.759625 8.067184 23.069885 0.000000 0.000000 
58.038074 -43.110149 5.417095 12.923737 26.513903 0.000000 0.000000 
72.552162 9.119183 -0.025895 29.422134 39.869904 0.000000 0.000000 
72.657158 8.759711 -0.196726 25.589653 35.469860 0.000000 0.000000 
74.827065 6.619213 -3.235923 13.083000 24.529545 0.000000 0.000000 
74.885048 6.904145 -3.014889 16.478477 27.868549 0.000000 0.000000 
74.743088 8.688296 -2.232662 8.305130 21.211018 0.000000 0.000000 
56.345142 -52.335400 2.050871 15.487610 26.439289 0.000000 0.000000 
56.166828 -52.610104 1.451174 20.453842 30.812197 0.000000 0.000000 
76.764809 8.022351 -1.847962 15.088852 27.141409 0.000000 0.000000 
8.237459 -77.177368 -0.986000 12.046806 26.227806 0.000000 0.000000 
76.834717 7.806574 -2.232323 14.359367 25.250420 0.000000 0.000000 
7.982193 -77.226997 -1.493811 16.406395 28.821808 0.000000 0.000000 
78.630455 8.662418 -1.228075 20.651077 30.398697 0.000000 0.000000 
78.884491 7.877543 -2.376671 18.653038 28.774450 0.000000 0.000000 
80.542320 8.786117 -1.365131 13.291336 23.072601 0.000000 0.000000 
80.613953 9.353241 -0.958065 15.113556 26.165550 0.000000 0.000000 
80.626320 9.423954 -0.429927 11.286751 22.565786 0.000000 0.000000 
83.178032 -11.446313 9.189052 5.915977 17.986610 0.000000 0.000000 
55.961308 -63.983437 5.741602 10.454323 18.201403 0.000000 0.000000 
84.383568 10.378994 -1.577117 9.575058 21.259336 0.000000 0.000000 
84.551598 9.933297 -1.780847 10.768013 23.069366 0.000000 0.000000 
86.317024 10.868938 2.360182 13.964302 21.835012 0.000000 0.000000 
86.390358 10.677481 1.884839 12.583389 20.438046 0.000000 0.000000 
57.669579 -67.826508 5.443969 17.666237 25.879829 0.000000 0.000000 
57.864902 -67.798347 5.562430 16.835030 24.204487 0.000000 0.000000 
58.221741 -67.628036 3.928777 15.543167 23.365257 0.000000 0.000000 
88.609825 9.559001 3.115150 13.356949 22.900272 0.000000 0.000000 
88.518555 10.320997 2.540715 16.676483 25.145966 0.000000 0.000000 
89.460655 -0.991582 -2.821836 5.280702 16.436405 0.000000 0.000000 
89.244469 -9.734099 9.479094 8.803413 21.882439 0.000000 0.000000 
89.352562 -9.001626 10.323878 8.128624 21.396444 0.000000 0.000000 
90.488380 9.782221 1.082580 22.014778 29.158037 0.000000 0.000000 
90.591026 10.205699 1.404523 24.863083 31.945686 0.000000 0.000000 
91.123619 -9.896085 5.881749 2.493568 16.246040 0.000000 0.000000 
91.192841 -10.601105 8.740993 9.635384 23.988771 0.000000 0.000000 
91.213181 -11.338741 8.223779 8.636909 22.430649 0.000000 0.000000 
91.089363 -12.412048 8.615660 8.217003 23.530643 0.000000 0.000000 
91.421593 -11.436479 10.813685 5.985443 18.327471 0.000000 0.000000 
91.379578 -12.395855 10.301191 12.393745 23.323143 0.000000 0.000000 
91.374435 -12.535318 13.342565 13.726845 25.148298 0.000000 0.000000 
91.416504 -12.693892 11.227574 10.048248 20.528028 0.000000 0.000000 
91.575874 -12.216166 14.928669 10.388290 22.523344 0.000000 0.000000 
92.794945 7.894724 -1.165500 19.143097 27.696211 0.000000 0.000000 
92.852013 7.924351 -1.192150 17.432243 25.367071 0.000000 0.000000 
92.763268 -12.121153 13.641842 8.458893 18.634975 0.000000 0.000000 
96.354637 -11.690167 9.364787 10.037117 20.380207 0.000000 0.000000 
96.387321 -11.758718 8.849579 10.219337 20.357178 0.000000 0.000000 
97.493584 -11.999162 8.012623 7.507112 17.421526 0.000000 0.000000 
98.826393 6.167057 -5.634028 5.377327 13.329807 0.000000 0.000000 
98.715408 7.583483 -3.674394 9.031921 15.972851 0.000000 0.000000 
102.622742 8.671379 3.582722 6.797607 16.541018 0.000000 0.000000 
108.486664 -10.028419 8.814604 12.579773 18.723137 0.000000 0.000000 
108.538734 -9.766327 10.443997 12.661339 18.435776 0.000000 0.000000 
107.816521 16.036804 0.011235 16.599228 21.972637 0.000000 0.000000 
107.848511 16.302292 -0.596497 12.521080 18.731079 0.000000 0.000000 
112.747658 8.332067 -0.901891 7.109161 13.732517 0.000000 0.000000 
6.796931 -115.949577 -4.860039 9.990875 16.901226 0.000000 0.000000 
7.099323 -115.992233 -3.562857 6.614700 14.050442 0.000000 0.000000 
118.280876 0.570881 2.487818 7.542848 16.509842 0.000000 0.000000 
118.303978 2.104734 3.033070 15.438141 21.676720 0.000000 0.000000 
118.512245 0.175670 1.072186 9.519592 19.344349 0.000000 0.000000 
118.651031 7.988500 -7.142659 13.335724 18.329216 0.000000 0.000000 
118.807907 8.662170 -4.698223 12.876167 19.545029 0.000000 0.000000 
118.804611 9.238637 -4.471804 14.764435 19.262421 0.000000 0.000000 
119.900955 1.438105 -0.382666 9.718864 16.341240 0.000000 0.000000 
119.966560 0.758443 -0.800993 9.769150 17.000980 0.000000 0.000000 
124.632423 8.101163 -4.137703 11.809525 16.415701 0.000000 0.000000 
127.371277 16.986141 3.527694 20.300354 21.287357 0.000000 0.000000 
10.171490 -129.296890 1.462146 14.651062 17.941956 0.000000 0.000000 
6.004681 -130.760284 -4.122089 11.229309 15.746555 0.000000 0.000000 
7.767938 -131.907394 0.920713 11.578430 15.544739 0.000000 0.000000 
132.939804 -13.111033 5.213933 10.955925 17.259701 0.000000 0.000000 
7.317235 -134.395523 1.864742 16.383324 18.695057 0.000000 0.000000 
134.338928 10.700630 -3.910109 14.525398 16.601633 0.000000 0.000000 
6.651174 -135.659775 0.786523 13.808426 18.368147 0.000000 0.000000 
136.646332 10.954595 -3.802117 15.537262 17.258156 0.000000 0.000000 
8.885884 -138.036240 0.088801 11.629723 15.022488 0.000000 0.000000 
138.158997 12.903876 0.631140 20.628525 21.685932 0.000000 0.000000 
140.591583 8.875641 -6.219027 14.221802 15.400837 0.000000 0.000000 
8.430586 -142.130493 -6.657800 13.229218 15.660240 0.000000 0.000000 
142.177994 13.881013 2.010674 21.948753 22.804766 0.000000 0.000000 
7.884605 -143.394363 -0.553491 22.917198 26.089100 0.000000 0.000000 
7.226641 -144.661545 -3.528304 22.224167 24.015894 0.000000 0.000000 
144.329346 12.967796 4.937900 12.790527 16.033644 0.000000 0.000000 
7.426898 -145.883072 -3.628066 18.808891 21.197271 0.000000 0.000000 
146.370056 13.016203 7.993711 22.325478 22.762487 0.000000 0.000000 
7.970658 -147.089569 -0.583583 25.659508 28.008318 0.000000 0.000000 
8.718574 -148.279922 -3.560561 21.888840 23.209734 0.000000 0.000000 
148.468826 12.625083 2.426610 18.701073 18.750748 0.000000 0.000000 
6.692245 -149.606354 -4.522583 18.154274 19.367514 0.000000 0.000000 
7.056841 -150.822845 -5.495310 14.944122 16.012690 0.000000 0.000000 
150.251678 11.886913 -1.288417 16.833725 16.793507 0.000000 0.000000 
8.983273 -151.134583 -3.950777 12.062309 15.116117 0.000000 0.000000 
152.667252 11.026059 -0.972921 13.188065 13.485718 0.000000 0.000000 
3.496974 -159.168839 -3.992069 11.591461 16.236614 0.000000 0.000000 
164.142380 -14.071750 14.424014 19.395760 20.291779 0.000000 0.000000 
166.379013 -11.579098 15.151669 15.960159 15.939976 0.000000 0.000000 
57.873783 -158.966248 4.904587 14.386513 15.167839 0.000000 0.000000 
8.562554 -173.331924 -6.367938 20.238731 20.496218 0.000000 0.000000 
176.069519 65.019203 18.065947 34.590294 27.630129 0.000000 0.000000 
185.923599 63.026711 18.970434 24.254623 17.033134 0.000000 0.000000 
194.306305 58.473953 6.567485 20.492531 14.720154 0.000000 0.000000 
1.768161 4.552619 -0.028822 -45.331451 18.060745 1.000000 1.000000 
-0.334059 8.829008 0.007655 -45.366074 17.792690 1.000000 1.000000 
3.033532 10.594669 0.069734 -31.316483 10.577320 1.000000 1.000000 
2.297204 12.325017 0.398526 -15.988213 33.227509 0.000000 0.000000 
2.029078 12.474507 -0.067732 -35.549431 15.214096 1.000000 1.000000 
2.216683 12.839807 -1.016168 -11.349289 35.865833 0.000000 0.000000 
2.197806 13.102382 0.110739 -10.801538 33.474480 0.000000 0.000000 
2.278396 13.528979 -0.078465 -2.176895 38.068401 0.000000 0.000000 
2.363115 13.953091 -0.107853 -0.052612 41.227985 0.000000 0.000000 
2.122044 14.168979 -0.103321 -28.870750 12.750938 1.000000 1.000000 
2.479356 14.264134 0.082029 -31.521675 10.060810 1.000000 1.000000 
2.324026 14.383574 -0.156431 3.076172 43.696808 0.000000 0.000000 
2.313185 14.394721 -0.161307 0.235535 39.986752 0.000000 0.000000 
2.302381 14.494464 -0.151488 2.090004 41.221169 0.000000 0.000000 
2.352090 14.843103 -0.125379 -3.605804 35.461552 0.000000 0.000000 
2.268908 15.183962 0.144068 -9.619452 35.402927 0.000000 0.000000 
2.274168 15.287004 0.184054 -12.762627 36.667084 0.000000 0.000000 
2.320952 15.721937 0.324080 -6.601677 36.069000 0.000000 0.000000 
2.335224 15.822896 0.269131 -7.941895 32.383133 0.000000 0.000000 
2.245620 16.180588 -0.181011 -15.167534 33.493275 0.000000 0.000000 
2.507342 16.469109 0.125240 -39.187004 8.358181 1.000000 1.000000 
2.337493 16.605541 -0.050392 -7.610039 35.977516 0.000000 0.000000 
2.330440 16.715458 -0.019022 -5.757378 34.593872 0.000000 0.000000 
2.254275 16.730928 0.284015 -18.100616 27.468578 0.000000 0.000000 
2.190381 17.231537 -0.063047 -18.207848 28.542187 0.000000 0.000000 
2.713029 17.200459 0.558357 -40.026978 10.501789 1.000000 1.000000 
2.266904 17.515114 -0.167504 -3.338326 36.596645 0.000000 0.000000 
2.287360 17.535797 -0.081887 -2.785591 37.453445 0.000000 0.000000 
2.307242 17.950653 0.298109 -6.952209 30.662022 0.000000 0.000000 
2.399473 18.235085 -0.187634 -11.469254 27.154881 1.000000 1.000000 
2.343606 18.260794 0.347983 -4.177223 30.525743 0.000000 0.000000 
2.333477 18.362190 -1.343080 -5.686943 34.841156 0.000000 0.000000 
2.270262 18.699200 0.056411 -11.427002 27.479944 0.000000 0.000000 
2.030825 19.481117 0.027074 -20.910362 16.409733 1.000000 1.000000 
2.375600 19.492035 -0.235863 -28.597931 11.758270 1.000000 1.000000 
2.182086 19.741409 -0.065772 3.260559 40.432724 0.000000 0.000000 
2.223151 19.870981 0.190489 2.786064 39.731869 0.000000 0.000000 
2.176024 20.426638 0.357067 -4.207481 34.070442 0.000000 0.000000 
2.264228 20.448864 -0.107338 -1.260422 37.426575 1.000000 1.000000 
2.150700 20.576818 -0.550621 8.351814 46.838432 0.000000 0.000000 
2.218816 20.971664 -0.442292 -0.452675 35.099949 0.000000 0.000000 
2.192579 21.000923 -0.480387 5.400955 42.678619 0.000000 0.000000 
2.452000 21.298706 -0.144726 -32.094337 10.463215 1.000000 1.000000 
-6.532164 22.892099 0.307502 -7.465645 29.409607 0.000000 0.000000 
-6.542333 23.084190 0.377035 -7.612259 29.235809 0.000000 0.000000 
10.701872 22.104597 2.110607 -5.087959 30.758944 0.000000 0.000000 
-7.395040 24.150660 0.685873 -14.093002 25.440762 0.000000 0.000000 
-7.381592 24.164438 0.742142 -11.776726 27.330982 0.000000 0.000000 
7.805220 24.476671 0.439009 -16.302269 24.413830 0.000000 0.000000 
7.487668 24.945061 -8.993962 -12.393669 27.273932 0.000000 0.000000 
7.757972 24.941883 -1.145364 -12.732742 26.099995 0.000000 0.000000 
3.344790 26.545250 0.018319 -13.594391 25.479870 0.000000 0.000000 
7.211850 25.816143 0.196067 -9.549385 27.521925 0.000000 0.000000 
-7.335733 26.921183 1.561853 -13.646240 25.538189 0.000000 0.000000 
-6.035028 28.178434 7.317870 -15.116837 25.655153 0.000000 0.000000 
8.504794 27.844645 3.753177 -12.733589 23.124771 0.000000 0.000000 
-0.278972 29.351473 -0.732015 -18.060593 23.103634 0.000000 0.000000 
5.148102 29.267784 -3.845332 -14.080742 25.399166 0.000000 1.000000 
8.178215 28.741592 -6.665938 -12.334389 25.205652 0.000000 0.000000 
12.125026 27.232285 -2.993129 -12.905411 22.268032 0.000000 0.000000 
8.361782 29.060322 -7.577266 -16.401756 21.924751 0.000000 0.000000 
9.295474 28.964308 -7.293254 -14.006493 24.458557 0.000000 0.000000 
8.441069 29.291508 4.630541 -9.155449 27.691156 0.000000 0.000000 
10.317650 30.417189 8.334888 -17.453636 21.108597 0.000000 0.000000 
7.724658 31.381954 -0.270577 -25.883873 6.601994 1.000000 1.000000 
6.941051 31.702824 2.401909 -12.468880 22.774876 1.000000 1.000000 
27.990311 11.204256 -3.713434 9.491394 21.516504 0.000000 0.000000 
7.509969 32.013317 -0.380461 -26.799713 6.042645 1.000000 1.000000 
7.923278 32.003544 -0.272540 -28.448593 7.018345 1.000000 1.000000 
7.023408 32.282043 2.371457 -0.006981 32.789307 0.000000 0.000000 
7.080296 32.367203 2.465470 -0.133568 33.886169 0.000000 0.000000 
6.818899 32.682625 -0.688770 -16.337868 16.973633 1.000000 1.000000 
7.362118 32.618217 -7.383878 -16.965836 21.000774 0.000000 0.000000 
7.138345 32.824341 -7.945340 -14.033913 22.830572 0.000000 0.000000 
7.684875 32.916870 0.086150 -25.130569 8.042049 1.000000 1.000000 
6.516922 33.154778 0.450464 -12.682358 23.026550 0.000000 0.000000 
7.832302 32.911377 -0.337531 -23.926239 9.374783 1.000000 1.000000 
7.896211 32.916874 -0.199191 -24.756073 8.157291 1.000000 1.000000 
6.797673 33.215561 5.174957 -14.750702 21.798580 0.000000 0.000000 
7.607624 33.425552 -0.478251 -28.969154 5.954887 1.000000 1.000000 
6.930281 33.744228 -0.821951 -0.918800 32.663731 0.000000 0.000000 
7.519505 33.780312 0.050131 -26.423210 7.280270 1.000000 1.000000 
6.992437 33.864994 -0.878054 -2.083481 30.432285 0.000000 0.000000 
7.719256 33.842529 -0.245357 -25.993568 8.294350 1.000000 1.000000 
6.054134 34.803703 -0.483246 -16.717628 22.863762 0.000000 0.000000 
7.417627 34.520958 3.082707 -10.172134 25.023006 0.000000 0.000000 
7.122335 34.681023 1.784751 -9.863625 23.553257 0.000000 0.000000 
7.195180 34.701668 -0.035409 -13.838219 20.252689 0.000000 0.000000 
7.242592 34.725842 3.246458 -11.988670 21.333374 0.000000 0.000000 
7.086512 35.051491 3.665362 -11.920105 22.991550 0.000000 0.000000 
7.392004 35.083092 4.680479 -18.613663 17.329468 0.000000 0.000000 
6.816582 35.523296 0.107903 -26.619339 6.899952 1.000000 1.000000 
8.187203 35.212822 1.695553 -7.891289 28.148251 0.000000 0.000000 
7.511178 35.683449 0.203615 -26.942986 6.926842 1.000000 1.000000 
6.583298 35.941010 -0.731022 -14.433525 23.600676 0.000000 0.000000 
6.527579 36.060345 4.272961 -7.291939 26.625134 0.000000 0.000000 
6.721902 36.285286 3.397506 -2.861275 28.764294 0.000000 0.000000 
7.299428 36.160213 0.086395 -26.679031 7.298161 1.000000 1.000000 
6.803938 36.393036 2.901758 -9.639503 24.872372 0.000000 0.000000 
6.770470 36.431713 2.548130 -14.362839 24.555281 0.000000 0.000000 
7.156689 36.405121 -9.112930 -14.191422 22.914204 0.000000 0.000000 
6.642591 36.908524 2.230760 -15.395233 21.766483 0.000000 0.000000 
-19.357569 31.526371 6.056658 -8.330421 20.334797 0.000000 0.000000 
6.151733 37.408787 -0.225804 -12.765640 21.084991 0.000000 0.000000 
6.692668 37.336098 7.997252 -14.707527 21.270329 0.000000 0.000000 
6.095266 37.728371 0.180612 -21.450821 17.535629 0.000000 0.000000 
22.533514 30.326920 1.012953 1.781174 21.711779 0.000000 0.000000 
22.604872 30.573481 1.183249 -1.559769 22.628716 0.000000 0.000000 
22.115534 31.004107 0.578149 0.775337 22.415945 0.000000 0.000000 
21.805948 31.780521 3.223987 -4.779205 20.764654 0.000000 0.000000 
-20.322905 33.367584 9.405851 -7.214447 19.640388 0.000000 0.000000 
-20.556965 33.294167 -4.586889 -6.937004 20.638405 0.000000 0.000000 
23.165159 31.448446 0.832301 -2.586853 17.490435 1.000000 1.000000 
7.190356 39.326836 0.001651 -11.894592 20.897491 0.000000 0.000000 
6.577272 39.557163 -10.159479 -15.297690 19.832909 0.000000 0.000000 
5.986988 40.523621 9.477782 -17.021973 19.304459 0.000000 0.000000 
26.852705 29.564564 1.204127 -1.948296 18.637949 0.000000 0.000000 
6.491779 40.633976 5.518755 -14.772240 18.382433 0.000000 0.000000 
7.259563 41.291615 -1.134498 -15.134026 18.939903 1.000000 1.000000 
8.706974 41.274517 4.105715 -17.259659 18.003353 0.000000 0.000000 
8.549356 41.353783 3.171304 -7.996208 22.728271 0.000000 0.000000 
8.486469 41.420269 3.589525 -10.586716 20.294420 0.000000 0.000000 
7.022759 41.778759 -0.915056 -18.251602 17.296968 0.000000 0.000000 
7.744721 41.716984 -0.936741 -12.131294 21.654812 0.000000 0.000000 
7.565733 41.971684 -1.077354 -7.510475 24.525682 0.000000 0.000000 
8.291109 41.856010 4.033984 -7.876183 23.376873 0.000000 0.000000 
5.245557 42.819366 -0.541835 -7.073067 22.769276 0.000000 0.000000 
5.178250 42.839340 -0.577059 -9.501083 21.059492 0.000000 0.000000 
5.576393 43.105686 -0.499516 -13.357544 20.143911 0.000000 0.000000 
36.213833 20.414719 0.311868 5.832832 16.444481 0.000000 0.000000 
5.180032 43.583828 -0.367777 -8.463104 21.231052 0.000000 0.000000 
5.094481 43.610561 -9.136466 -20.191956 14.271099 0.000000 0.000000 
5.202222 43.618214 -0.494943 -6.707214 22.144482 0.000000 0.000000 
5.195693 43.630684 -0.422576 -16.023277 17.226028 0.000000 0.000000 
5.244975 43.689548 -0.133597 -12.689011 18.961102 0.000000 0.000000 
5.248410 43.720921 -0.554436 -8.712372 22.176542 0.000000 0.000000 
5.023727 44.087116 -0.251441 -16.585548 16.530785 0.000000 0.000000 
5.344418 44.045940 -0.596607 -18.038414 12.618046 1.000000 1.000000 
5.261119 44.128796 -0.866155 -11.094795 20.921494 0.000000 0.000000 
7.641349 43.805080 2.693060 -9.564514 22.332100 0.000000 0.000000 
5.172009 44.309940 -0.916468 -15.099594 17.081324 0.000000 0.000000 
7.827863 43.936401 3.282837 -4.863281 25.765686 0.000000 0.000000 
5.268560 44.461670 -0.428001 -15.387871 14.781696 1.000000 1.000000 
7.305448 44.186905 5.034922 -9.465401 21.232111 0.000000 0.000000 
8.281248 44.011097 3.751397 -12.356850 22.344563 0.000000 0.000000 
7.452126 44.247784 5.651160 -7.645561 22.640574 0.000000 0.000000 
5.457536 44.906139 -0.363986 -16.263428 14.451710 1.000000 1.000000 
7.559266 44.649372 6.078104 -18.475899 17.504429 0.000000 0.000000 
6.595833 44.878696 5.930557 -14.852965 17.253189 0.000000 0.000000 
5.271240 45.092030 -4.821939 -15.921707 18.972322 0.000000 0.000000 
6.738531 44.924625 5.636991 -11.384865 20.480389 0.000000 0.000000 
7.784984 45.030365 -0.302599 -13.199554 18.368330 0.000000 0.000000 
35.407593 26.543095 10.860393 0.464928 12.963219 0.000000 0.000000 
8.110696 45.480621 -12.638009 -14.816429 17.307688 0.000000 0.000000 
5.374058 46.294254 -1.032880 -16.217949 17.516331 0.000000 0.000000 
6.154893 46.211102 -0.402076 -17.774223 16.156157 0.000000 0.000000 
5.480512 46.462265 -0.519309 -19.617332 13.526867 0.000000 0.000000 
-4.223799 46.615971 0.764172 -21.088348 15.264603 0.000000 0.000000 
9.176465 46.034317 4.140333 -20.191002 15.789204 0.000000 0.000000 
6.977084 46.941441 0.883718 -17.723206 17.372759 0.000000 0.000000 
7.024908 46.995159 -11.086109 -20.481964 14.731419 0.000000 0.000000 
7.967309 47.200428 4.729500 -5.386673 23.025356 0.000000 0.000000 
7.978467 47.208763 4.678346 -7.603043 23.454668 0.000000 0.000000 
36.632004 28.565931 1.417063 6.312263 19.020182 0.000000 0.000000 
7.315704 47.924835 3.596133 -8.486206 23.073008 0.000000 0.000000 
35.115025 31.514574 1.225035 16.663017 27.558632 0.000000 0.000000 
34.595474 32.373791 0.364412 8.477791 20.600872 0.000000 0.000000 
35.028683 31.851173 0.918417 10.434975 22.186588 0.000000 0.000000 
35.209499 31.768789 1.304061 16.131294 26.420380 0.000000 0.000000 
34.831116 32.294350 0.982922 11.541100 20.997009 0.000000 0.000000 
8.165094 48.870602 -12.010442 -15.343834 15.949551 0.000000 0.000000 
7.632784 49.041187 4.251218 -12.762367 19.317043 0.000000 0.000000 
7.733892 49.112358 5.393923 -12.206215 19.017481 0.000000 0.000000 
7.602195 49.156345 5.405107 -13.530556 18.350662 0.000000 0.000000 
7.528248 49.421749 3.960334 -12.924347 19.186108 0.000000 0.000000 
8.329223 49.338013 4.550263 -12.186325 19.113480 0.000000 0.000000 
7.581116 50.348125 6.198128 -13.502151 15.855345 0.000000 0.000000 
7.066653 50.883434 5.333396 -17.683937 15.239305 0.000000 0.000000 
7.829373 51.177635 5.941428 -13.093460 20.432388 0.000000 0.000000 
7.902379 51.174778 -7.149988 -7.272354 20.865101 0.000000 0.000000 
7.501091 51.386448 -6.663074 -13.793907 16.277826 0.000000 0.000000 
7.746576 51.353725 -6.955027 -11.396095 16.365850 0.000000 0.000000 
30.001200 41.820122 0.310756 -6.044960 17.152721 0.000000 0.000000 
18.053835 49.646893 0.923617 -13.680870 13.852051 0.000000 0.000000 
17.660408 49.845341 0.806556 -12.959846 16.914007 0.000000 0.000000 
11.664407 52.153000 2.911589 -13.750839 18.189585 0.000000 0.000000 
6.471997 53.149723 5.226352 -11.997293 19.227039 0.000000 0.000000 
7.166653 53.140427 5.522796 -12.112144 15.634914 0.000000 0.000000 
6.713740 53.246105 5.391066 -13.289795 16.440990 0.000000 0.000000 
12.807830 52.241215 4.173747 -8.654564 18.196419 0.000000 0.000000 
8.188054 53.308270 6.130560 -11.819244 18.563076 0.000000 0.000000 
7.602612 53.427464 4.766896 -12.518555 19.228872 0.000000 0.000000 
8.048959 53.528347 5.212849 -15.001869 17.332460 0.000000 0.000000 
6.549096 53.969490 0.936929 -11.677612 18.869654 0.000000 0.000000 
6.996447 53.924843 1.381862 -4.300278 23.437212 0.000000 0.000000 
6.752953 53.966877 0.156568 -10.557213 18.958183 0.000000 0.000000 
7.277156 53.899883 5.867368 -3.585442 23.482452 0.000000 0.000000 
7.870599 54.082516 -6.593791 -3.344765 23.787958 0.000000 0.000000 
8.093851 54.171314 3.818191 -3.888222 22.841480 0.000000 0.000000 
7.126882 54.399666 -6.985432 -7.653275 20.627205 0.000000 0.000000 
7.596461 54.667305 3.857639 -10.737221 18.904589 0.000000 0.000000 
6.505172 54.908836 5.621611 -16.661964 17.058819 0.000000 0.000000 
6.204885 54.969048 -6.931345 -11.246529 20.072289 0.000000 0.000000 
6.719166 55.025219 5.021128 -8.053123 21.457079 0.000000 0.000000 
7.593651 54.946678 -5.145398 -5.284866 23.166254 0.000000 0.000000 
6.578480 55.281750 3.452144 -9.232788 23.557606 0.000000 0.000000 
8.472170 55.439831 7.003541 -12.547165 17.454840 0.000000 0.000000 
6.774329 55.703560 5.810663 -5.288338 21.953178 0.000000 0.000000 
7.238678 55.660099 4.580983 -7.743698 20.148573 0.000000 0.000000 
7.193741 55.755814 5.706070 -1.496971 23.267159 0.000000 0.000000 
6.565750 55.905605 4.944777 -10.650650 17.774586 0.000000 0.000000 
43.762348 32.800484 2.128085 8.473045 14.702171 1.000000 1.000000 
6.792072 56.041870 -6.501774 -14.176369 16.189631 0.000000 0.000000 
6.963543 56.103596 3.871113 -13.454498 17.709978 0.000000 0.000000 
6.803439 56.145203 4.864307 -13.462944 18.026100 0.000000 0.000000 
44.015888 33.617901 2.050434 17.649673 22.753212 0.000000 0.000000 
44.561844 32.815254 1.923960 20.539406 25.643061 0.000000 0.000000 
44.415569 33.060837 1.962965 20.940880 24.940365 0.000000 0.000000 
45.045425 32.100529 -1.317170 17.852997 22.913122 0.000000 0.000000 
6.688581 57.333050 5.217264 -5.976089 19.437609 0.000000 0.000000 
6.964249 57.373962 -9.154406 -6.056435 20.297194 0.000000 0.000000 
6.674551 57.458145 6.148982 -13.944832 15.852285 0.000000 0.000000 
7.718043 57.391090 2.823246 -7.653984 18.814938 0.000000 0.000000 
6.793099 57.857319 3.316893 -8.474388 20.288065 0.000000 0.000000 
7.541792 57.785786 -8.934049 -10.378784 19.341867 0.000000 0.000000 
7.371032 57.881947 4.247459 -7.964485 20.994915 0.000000 0.000000 
7.591270 57.864502 5.485375 -9.412544 18.868191 0.000000 0.000000 
7.756128 57.857586 5.430997 -10.745628 16.782686 0.000000 0.000000 
5.967687 58.144684 10.006888 -14.706061 11.365337 1.000000 1.000000 
8.167553 57.945580 -8.811104 -9.072395 20.473698 0.000000 0.000000 
6.296129 58.333973 6.349967 -9.139717 17.164629 0.000000 0.000000 
6.270884 58.382973 6.270439 -12.144295 16.648264 0.000000 0.000000 
6.078047 58.786503 10.617189 -10.903603 16.259857 0.000000 0.000000 
6.091168 58.822056 9.753805 -5.213150 21.568003 0.000000 0.000000 
7.943832 58.611572 5.625162 -15.392746 14.809410 0.000000 0.000000 
6.139941 58.925880 10.062814 -3.743065 21.171947 0.000000 0.000000 
7.274738 58.851448 3.133240 -8.953629 17.365648 0.000000 0.000000 
7.151005 58.977821 7.684376 -14.959618 13.686665 0.000000 0.000000 
7.354649 58.990265 7.509068 -15.599663 12.812862 0.000000 0.000000 
7.128808 59.055763 6.029728 -15.820351 12.703842 0.000000 0.000000 
6.398760 59.159054 5.918028 -20.649048 10.958981 0.000000 0.000000 
7.074831 59.146744 8.080021 -15.332649 13.541565 0.000000 0.000000 
8.011624 59.036091 7.489607 -10.583069 16.416313 0.000000 0.000000 
48.399719 32.318733 0.102433 1.706436 10.736736 0.000000 0.000000 
6.824870 59.617382 6.326983 -7.063156 18.193731 0.000000 0.000000 
8.271211 59.442669 -6.500120 -15.012001 14.223114 0.000000 0.000000 
6.399742 59.691944 6.789587 -16.804802 15.654093 0.000000 0.000000 
7.910187 59.564167 5.481464 -7.440765 19.167473 0.000000 0.000000 
7.586191 59.784653 5.444742 -10.164932 16.135843 0.000000 0.000000 
7.371691 59.859081 5.145951 -7.865273 17.230043 0.000000 0.000000 
7.217563 59.980270 6.841944 -11.455963 16.046421 0.000000 0.000000 
7.848304 59.919910 3.931120 -8.189171 19.405195 0.000000 0.000000 
7.273806 60.391148 7.206982 -7.907173 17.250134 0.000000 0.000000 
7.121978 60.452877 -7.029782 -10.351669 17.035540 0.000000 0.000000 
7.158175 60.462852 8.828045 -8.544952 16.451803 0.000000 0.000000 
6.680720 60.688381 6.898294 -18.063736 10.435867 0.000000 0.000000 
6.219438 61.008144 7.536115 -14.329124 13.836102 0.000000 0.000000 
6.108810 61.071999 7.378841 -13.104486 12.976276 0.000000 0.000000 
7.309330 61.020805 -6.860727 -15.467056 10.818024 0.000000 0.000000 
-7.594365 61.148396 -1.293011 0.041496 24.579992 0.000000 0.000000 
-7.612429 61.159542 -1.249060 -0.604660 23.790302 0.000000 0.000000 
-7.617192 61.257992 -1.181268 2.174698 27.882479 0.000000 0.000000 
-7.647695 61.256615 -1.314292 -4.972382 21.200340 0.000000 0.000000 
-8.030746 61.366741 -1.001897 -23.314018 5.093227 1.000000 1.000000 
6.079934 61.799091 8.381886 -16.467812 13.083031 0.000000 0.000000 
7.593403 61.722515 -10.865334 -18.238457 11.817337 0.000000 0.000000 
-8.202118 61.840351 -1.249655 -15.382317 12.805828 0.000000 0.000000 
-8.292541 62.019371 -1.234462 -15.564041 12.777489 0.000000 0.000000 
-8.596858 61.980629 -1.423122 -16.784622 13.184071 0.000000 0.000000 
-7.791556 62.364010 -1.286602 -13.132683 13.249664 1.000000 1.000000 
7.409558 62.748363 7.562614 -19.401443 11.419224 0.000000 0.000000 
29.965857 55.418030 3.978925 -13.790672 12.126568 0.000000 0.000000 
14.781537 62.223106 -0.579609 -23.077370 6.975224 0.000000 0.000000 
55.229408 28.039597 0.226359 3.009453 8.032322 1.000000 1.000000 
57.508564 23.343555 -1.047775 6.294235 10.518860 0.000000 0.000000 
7.812065 64.224564 -0.013742 -10.804382 13.410851 0.000000 0.000000 
7.783457 64.232971 -1.081379 -21.640076 8.540123 0.000000 0.000000 
7.797337 64.281113 -1.024872 -12.667305 12.650627 0.000000 0.000000 
-29.385309 57.724739 8.222742 -9.453186 13.708710 0.000000 0.000000 
56.707344 27.922338 0.496453 8.636322 14.358055 0.000000 0.000000 
-11.440400 64.443886 -0.007471 -10.653252 18.212904 0.000000 0.000000 
21.215178 61.899162 1.264351 -6.120964 20.480518 0.000000 0.000000 
26.454611 59.822697 -5.094002 -9.277939 12.072514 1.000000 1.000000 
26.813604 60.225555 -4.943986 0.635460 20.829624 0.000000 0.000000 
21.335833 62.565475 1.495538 -16.331978 8.056965 1.000000 1.000000 
8.412447 65.891205 -0.724609 -15.177361 10.381897 1.000000 1.000000 
26.725922 60.473820 -5.773148 -6.634918 14.462753 0.000000 0.000000 
26.919403 60.416382 -4.546549 -1.661194 20.256603 0.000000 0.000000 
9.952420 65.975838 10.571362 -19.564507 7.142132 0.000000 0.000000 
8.316155 66.857635 -1.499881 -10.996330 15.339994 0.000000 0.000000 
8.641704 67.113251 -1.468044 -13.181717 13.641644 0.000000 0.000000 
-12.981119 66.588104 0.065254 -16.721466 10.020027 1.000000 1.000000 
8.274090 67.602570 -1.793838 -19.447975 8.916389 1.000000 1.000000 
-13.055931 67.139252 -0.352439 -13.721863 11.039650 0.000000 0.000000 
-13.077113 67.136429 -0.290946 -16.527985 11.011169 0.000000 0.000000 
-13.195990 67.193550 -0.338314 -11.358856 14.320015 0.000000 0.000000 
-12.373710 67.390259 2.204935 -8.698769 15.006128 0.000000 0.000000 
-12.730377 67.380829 0.647288 -9.886238 15.289705 0.000000 0.000000 
21.927008 64.957703 0.679975 -17.402687 9.119205 0.000000 1.000000 
62.528790 22.130459 10.060161 8.220520 9.175713 0.000000 0.000000 
21.880203 65.297821 1.176443 -17.923080 9.885891 0.000000 0.000000 
50.267242 45.802284 0.824396 2.258606 11.133633 0.000000 0.000000 
43.602589 52.999195 2.876523 -0.745026 13.973236 0.000000 0.000000 
43.412155 53.667202 1.374994 -2.671089 9.004860 0.000000 0.000000 
45.169235 52.103951 2.452790 0.344757 10.823139 0.000000 0.000000 
45.241016 52.070282 2.851305 8.653976 17.404303 0.000000 0.000000 
45.130253 52.194256 3.018530 4.264084 13.187382 0.000000 0.000000 
45.354301 52.161835 3.244356 6.511261 15.031422 0.000000 0.000000 
8.355146 69.657288 1.509280 1.770729 23.441700 0.000000 0.000000 
8.341310 69.879112 1.670263 4.632561 27.160378 0.000000 0.000000 
8.332323 70.290459 -3.762479 -12.549339 15.450518 0.000000 0.000000 
-12.817898 69.599075 -0.334682 -14.559715 14.688873 0.000000 0.000000 
47.106037 52.083511 -4.194109 9.031671 21.143612 0.000000 0.000000 
46.949947 52.448582 -5.881502 -0.951782 12.517662 0.000000 0.000000 
8.414745 70.949364 1.624238 -4.384613 17.935379 1.000000 1.000000 
47.234493 52.459450 -4.910989 8.600647 19.665504 0.000000 0.000000 
9.159719 71.073593 -2.097127 -10.679298 17.591595 0.000000 0.000000 
47.088249 53.198322 -4.498555 2.117439 13.137859 0.000000 0.000000 
-35.881836 62.304871 3.892293 0.280151 17.177729 0.000000 0.000000 
-36.299244 62.157848 3.803727 2.472031 19.877777 0.000000 0.000000 
-36.084400 62.318069 3.429132 -1.260445 17.811193 0.000000 0.000000 
9.686377 71.985344 3.633547 -15.120299 10.215137 1.000000 1.000000 
9.819293 72.683922 3.803167 -9.871246 14.153969 0.000000 0.000000 
-29.515070 66.822433 3.126413 -8.572197 11.692528 0.000000 0.000000 
-29.155437 67.088020 2.953427 -2.676048 16.413784 0.000000 0.000000 
-29.431080 67.288750 2.838216 -5.755478 12.342396 0.000000 0.000000 
-29.358316 67.372704 1.523407 -4.290031 14.362617 0.000000 0.000000 
-30.132536 67.034370 3.210701 -3.713982 16.443451 0.000000 0.000000 
-30.667656 66.790817 3.119152 0.197845 20.959572 0.000000 0.000000 
-31.359652 66.578064 2.638643 -0.855827 19.150579 0.000000 0.000000 
-29.431618 67.610413 2.810210 -3.929298 16.825649 0.000000 0.000000 
-9.856795 73.379845 5.334569 -10.153755 17.199837 0.000000 0.000000 
-29.444738 67.835678 3.517244 -2.656921 20.093376 0.000000 0.000000 
-23.672581 70.211624 2.904378 -5.437981 19.654921 0.000000 0.000000 
-30.368055 67.770386 3.798161 -1.456604 18.804647 0.000000 0.000000 
-22.835138 70.939178 4.458455 -2.046448 22.173653 0.000000 0.000000 
-30.700331 67.762299 4.726960 3.723167 22.748775 0.000000 0.000000 
-30.541059 67.851807 4.938541 1.796051 20.993031 0.000000 0.000000 
-28.858244 68.907631 2.171918 -1.871284 17.336723 0.000000 0.000000 
-30.784054 68.166962 3.964499 -0.311409 19.798491 0.000000 0.000000 
-31.374638 68.047417 2.093279 -5.511841 17.575188 0.000000 0.000000 
-31.635548 67.940773 1.211614 -7.017792 16.092354 0.000000 0.000000 
-27.846144 69.906464 2.287146 1.599747 21.430046 0.000000 0.000000 
-10.499131 74.779907 4.997541 -6.631462 18.789322 0.000000 0.000000 
-27.840611 69.999321 3.198863 -0.563988 21.350138 0.000000 0.000000 
-23.119707 72.202545 -9.967732 -5.440750 17.165958 0.000000 0.000000 
-10.170662 75.490814 6.288002 -1.163788 20.970177 0.000000 0.000000 
-28.435953 70.537575 2.771099 -5.187325 15.646690 1.000000 1.000000 
-8.614202 75.924690 -0.563777 -11.861588 16.411978 0.000000 0.000000 
-22.938272 72.738739 7.571494 -5.325584 18.295576 0.000000 0.000000 
-9.651052 76.237442 7.047502 -9.371445 16.591076 0.000000 0.000000 
-21.985186 73.510498 5.705962 -4.837212 19.936241 0.000000 0.000000 
-10.425683 76.506317 5.465544 -6.890289 15.596228 0.000000 0.000000 
-22.332163 73.766701 10.219522 -3.921570 15.391539 1.000000 1.000000 
-10.730384 76.478470 4.693744 -7.593323 17.188437 0.000000 0.000000 
-29.723198 71.460594 2.519707 -4.547440 16.321331 0.000000 0.000000 
-29.552822 71.581070 12.105380 -5.280006 16.574961 0.000000 0.000000 
-22.560932 74.728081 10.557388 1.576027 22.661404 0.000000 0.000000 
-22.698444 74.984177 10.612032 1.478836 20.027527 0.000000 0.000000 
-22.558914 75.079056 11.486469 -4.061798 16.772171 0.000000 0.000000 
55.625374 54.058548 2.184787 -0.937775 6.423069 1.000000 1.000000 
-22.784731 75.400284 10.682711 -2.277771 18.504589 1.000000 1.000000 
25.532354 74.569061 -1.824590 -13.030922 10.445145 0.000000 0.000000 
55.767574 54.767689 2.037863 11.097458 15.792517 0.000000 0.000000 
56.236435 54.341660 2.458554 4.728806 10.630577 0.000000 0.000000 
55.824413 54.857311 1.678246 8.266519 15.940907 0.000000 0.000000 
58.744041 52.550781 3.983405 15.811913 18.475586 0.000000 0.000000 
58.733509 52.676868 -4.982429 10.979408 15.679090 0.000000 0.000000 
58.992535 52.540462 3.833086 16.359062 21.970112 0.000000 0.000000 
59.121765 52.977604 4.320038 2.955994 13.302456 1.000000 1.000000 
17.888674 78.768379 -1.798973 -14.743057 12.802082 0.000000 0.000000 
17.855385 78.784645 -1.814794 -17.333504 11.165882 0.000000 0.000000 
-33.783691 73.756744 9.276363 -9.317078 11.943977 1.000000 1.000000 
-34.157997 73.727074 9.769858 -5.383553 14.220051 0.000000 0.000000 
-34.395763 73.627518 8.659466 -7.859406 13.709831 0.000000 0.000000 
-33.977470 74.634888 11.487326 -8.770760 12.058704 0.000000 0.000000 
-29.232752 77.328911 3.107658 -7.284485 16.012836 0.000000 0.000000 
-34.633282 75.273399 7.322371 -2.117111 19.660637 0.000000 0.000000 
-30.992020 77.079330 3.003241 -3.882835 18.079037 0.000000 0.000000 
-31.721115 76.860275 3.578918 -6.116379 13.679165 0.000000 0.000000 
-31.343416 77.389015 7.673743 -5.724792 16.183971 0.000000 0.000000 
-36.662090 74.900093 8.195580 -1.804832 18.223528 0.000000 0.000000 
-30.840044 77.805084 7.361210 0.956245 20.504057 0.000000 0.000000 
-32.121220 77.276672 12.096255 -4.463272 14.917452 0.000000 0.000000 
-32.209103 77.240959 9.082614 -3.439194 15.182896 0.000000 0.000000 
31.789265 77.471329 -0.723970 -4.472923 16.980919 0.000000 0.000000 
-32.694885 77.292793 8.875252 -2.919907 17.417706 0.000000 0.000000 
-28.477736 79.284554 8.602288 -7.054405 15.640322 0.000000 0.000000 
-28.469877 79.298882 2.939421 -5.931847 15.171387 0.000000 0.000000 
-32.696987 77.652687 7.926849 -5.509972 15.397793 0.000000 0.000000 
-38.940643 74.828796 9.256668 0.929688 18.457773 0.000000 0.000000 
-30.135382 79.341530 7.939393 -3.146400 16.847790 0.000000 0.000000 
-28.495304 80.394203 6.467404 -1.844833 16.077726 0.000000 0.000000 
-28.519947 80.398399 6.231644 -0.626259 18.419750 0.000000 0.000000 
44.417137 72.471260 3.405732 1.564217 17.404459 0.000000 1.000000 
43.752613 72.930122 2.890326 1.756439 18.260891 0.000000 0.000000 
-34.073204 78.553970 12.050653 -5.015694 14.877850 0.000000 0.000000 
-31.064184 79.990784 11.184738 -5.724945 14.541759 0.000000 0.000000 
-33.161152 79.304642 12.087861 -3.542404 16.018198 0.000000 0.000000 
23.947088 82.811996 1.205654 -9.476303 13.350899 0.000000 0.000000 
-26.689598 81.961769 3.467872 -6.843216 16.941996 0.000000 0.000000 
-30.461769 81.239265 10.470877 -6.211998 15.425543 0.000000 0.000000 
-29.738667 81.523926 11.023849 -3.989250 15.946571 0.000000 0.000000 
-30.060261 81.448021 11.268979 1.363205 20.204103 0.000000 0.000000 
52.487934 69.028778 3.431248 9.005417 19.030493 0.000000 0.000000 
52.490822 69.084557 3.432221 7.954178 18.011169 0.000000 0.000000 
52.751629 68.923752 3.915633 9.612411 18.790312 0.000000 0.000000 
52.943111 68.810860 3.955017 8.505020 17.440948 0.000000 0.000000 
-51.933296 70.764282 0.836100 0.624733 14.690590 0.000000 0.000000 
-39.799641 78.644310 11.714606 -3.742210 14.027386 0.000000 0.000000 
41.244949 78.334015 3.073133 0.256752 17.709652 0.000000 0.000000 
39.242924 79.866196 2.085902 1.692215 18.287016 0.000000 0.000000 
39.641178 79.697777 2.500383 -0.739807 16.920759 0.000000 0.000000 
-58.659359 67.854874 9.556317 -3.153519 7.994202 0.000000 0.000000 
12.295921 89.840660 4.139513 -9.128386 13.285892 0.000000 0.000000 
-51.977409 73.928619 0.360269 -2.588379 11.572189 0.000000 0.000000 
-50.946636 74.740227 8.981107 -1.995155 12.388699 0.000000 0.000000 
11.481699 90.826851 -2.193544 -13.016914 11.026829 0.000000 0.000000 
-43.982941 79.816093 0.891188 -7.196632 10.858551 0.000000 0.000000 
11.126934 90.995293 -8.872256 -7.945534 13.944950 0.000000 1.000000 
11.054661 91.067642 2.985574 -13.753922 11.297493 0.000000 0.000000 
-50.485004 76.645058 8.144542 -2.621948 12.443810 0.000000 0.000000 
-22.464705 89.558777 5.311752 -11.601692 10.611553 0.000000 0.000000 
-21.849945 90.105698 6.012481 -11.565018 10.400677 0.000000 0.000000 
-22.436586 90.015747 6.128919 -7.656487 13.099369 0.000000 0.000000 
-21.351805 90.701584 6.759764 -8.525879 11.607601 0.000000 0.000000 
-22.909922 90.345398 6.594909 -4.339775 15.598907 0.000000 0.000000 
-22.979618 90.421677 7.612336 -18.013664 5.682442 1.000000 1.000000 
-22.548265 90.866226 6.815479 -3.863998 16.875847 0.000000 0.000000 
-21.598854 91.312523 6.709930 -5.057335 14.797947 0.000000 0.000000 
-22.366949 91.338104 6.780164 -9.393265 12.146355 0.000000 0.000000 
-22.883175 91.223839 6.127195 -8.435677 13.044563 0.000000 0.000000 
-31.669527 88.885216 11.241723 -11.030716 9.102364 0.000000 0.000000 
25.541067 90.956726 0.738893 -12.521791 8.146648 0.000000 0.000000 
29.850594 89.992798 -2.801636 -14.966820 7.279739 0.000000 0.000000 
-24.334309 92.171837 6.357066 -15.903328 7.629715 0.000000 0.000000 
12.377179 96.797058 2.283081 -14.045502 6.884369 0.000000 1.000000 
-15.420809 96.459290 3.083031 -9.304657 9.108078 1.000000 1.000000 
-13.988812 97.034935 3.766745 -10.826126 11.051517 0.000000 0.000000 
-14.539949 97.316933 3.822335 -7.888374 12.590702 0.000000 0.000000 
-15.733148 97.150574 3.744662 -4.183296 15.276680 0.000000 0.000000 
-15.029509 97.281616 3.753540 -4.718124 14.897209 0.000000 0.000000 
-15.329642 97.241615 3.616864 1.547935 19.883368 0.000000 0.000000 
-15.496146 97.339722 3.548259 3.560508 19.859818 0.000000 0.000000 
-22.062368 96.331467 10.534489 -8.654816 9.621769 0.000000 0.000000 
-22.532522 96.760216 -3.352111 -9.561928 9.943779 0.000000 0.000000 
-29.162510 95.073166 9.544860 -11.499413 6.815697 0.000000 0.000000 
-29.392311 95.033501 9.056445 -13.744247 6.393471 0.000000 0.000000 
-22.070715 97.211174 -3.130146 -12.525146 9.118401 0.000000 0.000000 
-53.153797 84.228546 15.308450 -10.721321 5.874924 0.000000 1.000000 
-31.107359 95.512451 8.996345 -12.123222 8.354752 0.000000 0.000000 
-30.567234 95.757881 9.103401 -14.038170 6.388153 0.000000 0.000000 
-30.418999 96.081604 8.886746 -9.243263 9.801201 0.000000 0.000000 
-29.629841 96.432968 9.033198 -12.029144 7.882030 0.000000 0.000000 
-30.580275 96.587982 10.943155 -9.372269 10.373272 0.000000 0.000000 
-33.590385 96.494019 13.825984 -7.649681 11.630299 0.000000 0.000000 
-33.419422 96.650215 13.885227 -3.716476 13.057442 0.000000 0.000000 
-31.847223 97.585503 11.512655 -10.853683 7.824024 0.000000 0.000000 
-31.745718 97.948227 10.499897 -11.179359 7.805458 0.000000 0.000000 
-31.685581 97.979958 10.918389 -9.932503 8.208839 0.000000 0.000000 
-31.666826 98.064537 11.661613 -7.942444 11.196026 0.000000 0.000000 
-31.861084 98.013329 11.262162 -5.057648 10.993862 0.000000 0.000000 
-30.679056 98.822090 12.254725 -11.558655 8.649837 0.000000 0.000000 
-31.570623 98.551102 12.873932 -0.539536 14.808796 0.000000 0.000000 
-30.497662 98.973122 13.389294 -3.984528 10.553604 0.000000 0.000000 
-30.402115 99.007874 11.056546 -5.366486 11.032970 0.000000 0.000000 
-30.897257 99.110115 10.677546 -0.880829 14.189480 0.000000 0.000000 
-32.113144 98.784210 11.040960 -10.244713 8.446396 0.000000 0.000000 
-30.912653 99.234665 10.961069 -7.678253 8.998215 0.000000 0.000000 
-30.714729 99.631828 10.486819 -10.388245 8.068569 1.000000 1.000000 
-32.168255 99.235603 10.916391 -8.362473 10.036751 0.000000 0.000000 
-31.400328 99.537315 12.116073 -8.402962 11.347027 0.000000 0.000000 
-32.397659 99.243340 9.639578 -10.041916 9.797218 0.000000 0.000000 
-30.941694 99.747169 12.456307 -10.580444 8.266808 0.000000 0.000000 
-31.759819 99.655777 11.487660 -4.644707 11.151905 0.000000 0.000000 
-32.272884 99.684479 12.949759 -6.688652 9.182175 0.000000 0.000000 
-32.605949 99.816803 10.199538 -7.475258 7.569233 0.000000 0.000000 
33.783165 100.539162 1.637738 -9.214951 6.943539 0.000000 0.000000 
-31.463236 103.809280 10.738800 -6.247482 8.749401 0.000000 0.000000 
-31.804653 104.004463 11.237328 -8.947845 7.893211 0.000000 0.000000 
-32.473122 104.318260 12.050165 -8.536049 8.207054 0.000000 0.000000 
-31.226460 105.469299 13.156371 -13.221390 6.483524 0.000000 0.000000 
52.149532 97.481468 5.426412 -5.221931 10.050686 0.000000 0.000000 
51.911240 97.645920 5.641093 -3.701889 10.522572 0.000000 0.000000 
50.728180 98.702789 5.808030 -3.724525 10.034359 0.000000 0.000000 
49.033024 99.632019 5.616603 -7.195961 10.172199 0.000000 0.000000 
49.700024 99.529625 5.232191 -4.721069 10.628326 0.000000 0.000000 
49.202766 99.862549 4.760026 -6.159897 8.204155 0.000000 0.000000 
46.688107 101.773766 2.629297 -6.189735 8.357018 0.000000 0.000000 
46.378590 102.080063 3.741832 -4.767212 9.458008 0.000000 0.000000 
-30.849998 109.193436 5.201251 -11.173485 8.337803 0.000000 0.000000 
-31.695179 108.972862 9.814449 -9.895187 8.556564 0.000000 0.000000 
37.618511 108.247856 3.777953 -1.118690 11.656887 0.000000 0.000000 
37.510502 108.368774 4.141778 -5.818993 9.208786 0.000000 0.000000 
37.120373 108.540085 2.551394 -7.521690 7.149170 0.000000 0.000000 
35.520763 109.552605 0.629514 -9.733772 6.588387 0.000000 0.000000 
35.332001 109.816818 2.296896 -7.373329 7.085796 0.000000 0.000000 
34.736687 110.291130 2.412506 -10.418625 6.012383 0.000000 1.000000 
-6.807619 116.214401 -4.271202 -10.709793 8.443535 0.000000 0.000000 
-6.999799 116.418900 -3.865085 -12.649628 8.346344 0.000000 0.000000 
8.800661 117.491074 1.636713 -14.200447 5.594437 0.000000 1.000000 
-7.371176 117.607628 -4.790956 -13.803926 7.299438 0.000000 0.000000 
-23.041945 116.021446 3.368006 -12.843277 7.045643 0.000000 0.000000 
-21.682577 116.582466 4.241146 -7.909943 8.975990 0.000000 0.000000 
-21.762774 116.595322 1.097468 -14.426086 4.646217 0.000000 0.000000 
-106.301514 49.815361 -6.037506 10.543518 7.991550 0.000000 1.000000 
43.162632 111.415558 2.259237 -4.568886 8.098408 0.000000 0.000000 
42.789810 111.848099 2.252891 -4.255898 7.634899 0.000000 0.000000 
-21.963198 118.004494 6.626504 -8.165092 10.343563 0.000000 0.000000 
-21.878160 118.135727 -9.124770 -2.536003 12.215496 0.000000 0.000000 
-22.983068 117.998535 10.274569 2.511932 15.725101 0.000000 0.000000 
-23.155703 118.204239 9.745150 3.397438 17.387131 0.000000 0.000000 
-24.799431 117.996529 8.049680 -11.449013 7.086826 0.000000 0.000000 
-24.926376 118.265274 7.935056 -7.221626 9.893520 0.000000 0.000000 
-33.282082 116.374336 10.807488 -7.576210 7.770515 0.000000 0.000000 
-23.471777 119.196442 10.045982 -2.040131 11.343224 1.000000 1.000000 
-23.136328 120.422592 2.989208 -11.201027 6.290760 0.000000 0.000000 
-7.373816 123.255280 -5.780372 -7.821083 9.446503 0.000000 0.000000 
-7.275270 123.351204 -5.127868 -4.625816 12.784340 0.000000 0.000000 
-7.409662 124.079269 -4.211164 -12.645325 5.897438 1.000000 1.000000 
-32.143646 120.056618 11.484974 -6.726883 11.279240 0.000000 0.000000 
-32.371784 120.418373 10.345844 -1.739319 10.944046 0.000000 0.000000 
-32.502682 120.423309 12.250220 -4.034828 9.304588 0.000000 0.000000 
-33.232914 120.664001 12.719078 -8.219437 8.273621 0.000000 0.000000 
-30.780653 121.647598 12.630979 -8.579254 8.179020 0.000000 0.000000 
-34.828861 120.663773 12.859656 -7.167229 9.755974 0.000000 0.000000 
-35.026394 121.228798 13.595746 -6.303955 8.906269 0.000000 0.000000 
-35.028950 121.365631 13.012257 -11.028976 4.793045 1.000000 1.000000 
37.084282 121.305855 0.906427 -4.110298 10.364037 0.000000 0.000000 
-34.019894 122.500244 14.677884 -1.842842 8.531235 0.000000 0.000000 
-34.339672 122.542137 13.534536 -8.581474 7.247063 0.000000 0.000000 
-32.260872 123.424751 11.778689 -9.644661 5.548363 0.000000 0.000000 
-33.472790 123.282158 11.949912 -2.184998 11.976257 0.000000 0.000000 
-35.867340 122.587669 15.422855 -2.422745 10.818909 0.000000 0.000000 
-7.875480 127.852921 -5.026162 -9.196159 7.907059 1.000000 1.000000 
-33.737976 123.937317 12.466901 -5.162354 8.095219 0.000000 0.000000 
-34.193043 123.906464 11.963579 -10.432274 6.771873 0.000000 0.000000 
-7.039517 128.979340 -4.486639 -7.346436 12.313366 0.000000 1.000000 
-21.465908 127.429459 2.394239 -11.863945 4.584980 1.000000 1.000000 
-31.260460 125.432274 12.845201 -5.894569 11.624550 0.000000 0.000000 
-21.751354 127.703529 5.357528 -11.166534 7.567627 0.000000 0.000000 
-21.118933 128.237686 2.763559 -3.792160 10.446354 0.000000 0.000000 
-21.527653 128.233429 -8.080616 -1.970047 12.784679 0.000000 0.000000 
-31.856781 126.126099 12.118513 -6.065132 10.795704 0.000000 0.000000 
-32.001427 126.115471 12.168730 -4.965553 9.026981 0.000000 0.000000 
-21.308041 128.607880 -3.319754 8.677780 20.084770 1.000000 1.000000 
-21.278883 128.673096 1.892481 -7.386612 6.219166 0.000000 0.000000 
-21.695129 128.928787 -8.227878 -7.294113 8.481628 1.000000 1.000000 
-22.723545 128.753357 3.932360 -10.023323 3.841427 0.000000 0.000000 
-23.758980 128.680786 3.631630 -9.378304 8.294014 0.000000 0.000000 
-23.072651 128.866455 4.175198 -5.032959 10.167721 0.000000 0.000000 
-21.461086 129.546677 -3.214870 11.802170 24.268463 0.000000 0.000000 
-21.795349 129.824905 -2.789988 13.976799 24.734449 0.000000 0.000000 
-21.800768 129.989975 5.032649 0.864822 15.914759 0.000000 0.000000 
-21.652531 130.030731 3.825618 -2.874779 12.105736 0.000000 0.000000 
-21.747879 130.024414 -7.308948 -3.376480 13.088017 0.000000 0.000000 
-21.639025 130.254211 -2.776273 6.653047 18.099539 1.000000 1.000000 
-22.137478 130.220535 -0.564801 -8.988503 6.144375 1.000000 1.000000 
-25.220284 130.004333 3.523180 -6.133446 8.985260 0.000000 0.000000 
54.420479 120.507370 3.388984 -3.710388 8.850452 0.000000 0.000000 
54.152859 120.675392 2.783219 -6.306831 7.835930 0.000000 1.000000 
-22.251093 130.801636 -1.957326 10.620949 23.514679 1.000000 1.000000 
-21.712961 131.282196 5.407053 -4.738998 12.357407 1.000000 1.000000 
-21.943823 131.436996 -1.681378 14.636734 25.423702 0.000000 0.000000 
-22.270779 131.381348 -2.288260 17.012016 28.438494 0.000000 0.000000 
-22.211613 131.544525 -1.970464 16.488838 28.796383 0.000000 0.000000 
-19.690758 132.098663 3.750663 -2.745064 14.141682 1.000000 1.000000 
-20.980881 132.173553 2.644083 7.967010 23.069672 0.000000 0.000000 
-20.558609 132.274628 2.684356 6.576698 21.937304 0.000000 0.000000 
-19.694681 132.635712 3.764401 8.786926 21.887581 0.000000 0.000000 
-20.219500 132.783966 3.355192 8.181076 21.663048 0.000000 0.000000 
-19.489902 133.320343 3.621998 1.664040 15.535349 0.000000 0.000000 
-20.202068 133.281189 3.210738 8.035141 19.816704 0.000000 0.000000 
-22.232948 133.092651 1.427212 -7.864365 7.369389 0.000000 0.000000 
-20.053423 133.893219 3.664445 3.315033 16.269432 1.000000 1.000000 
-22.238163 133.584412 2.933259 -7.712234 8.238934 0.000000 0.000000 
-21.965576 133.705261 3.425265 -3.565331 9.714157 1.000000 1.000000 
-21.890856 133.763306 -10.627703 -1.348412 13.155518 0.000000 0.000000 
-21.806580 133.827789 1.936361 -4.131439 10.346371 0.000000 0.000000 
7.030679 136.307465 -5.654568 4.151382 19.853712 0.000000 1.000000 
-22.181166 134.762207 5.093305 -2.581230 11.758461 0.000000 0.000000 
-20.484709 135.475525 -9.985031 -11.802177 5.057022 0.000000 0.000000 
-22.246040 135.275757 4.335791 -3.288277 10.526863 0.000000 0.000000 
-24.529329 135.049591 -10.151794 -10.494759 6.243454 0.000000 0.000000 
-21.196264 135.699677 -5.117454 -9.800049 7.792126 0.000000 0.000000 
-23.191660 135.798157 0.004078 0.954651 14.910339 0.000000 0.000000 
-22.575720 136.007843 -3.283085 0.095711 13.645664 0.000000 0.000000 
-23.203768 135.901581 -7.472088 -1.001595 12.637775 0.000000 0.000000 
-21.496511 136.478607 1.224931 -12.440109 4.765419 0.000000 0.000000 
-22.225983 136.422821 -2.814469 -7.690804 7.798485 0.000000 0.000000 
-19.678885 137.180542 3.685937 -10.955971 5.838467 0.000000 0.000000 
-23.136070 136.656036 -4.019985 -11.997658 5.606236 0.000000 0.000000 
-20.304190 137.154816 -0.514671 -10.275215 6.710255 0.000000 0.000000 
-23.852396 136.584076 -1.148250 -11.874748 5.446892 0.000000 0.000000 
-22.855452 137.165710 -1.293783 -3.021553 9.309689 0.000000 0.000000 
-22.599232 137.283783 0.492184 -5.986801 7.160530 0.000000 0.000000 
-22.874704 137.607056 -1.523844 -11.768799 3.803261 0.000000 0.000000 
-23.594431 139.234344 1.994523 -4.503319 8.087704 0.000000 0.000000 
-23.637625 139.687073 2.794556 -3.153732 9.121399 0.000000 0.000000 
-21.464701 140.089081 -9.743534 -6.905540 9.190567 0.000000 0.000000 
-22.796806 140.138885 -2.508901 -13.308403 3.692646 1.000000 1.000000 
-23.170160 140.246643 -9.408509 -6.031639 10.423260 0.000000 0.000000 
-23.268520 140.394196 -2.979589 -3.677193 7.973206 0.000000 0.000000 
-23.523731 140.382660 -7.473238 -1.867615 10.008694 0.000000 0.000000 
-23.250994 140.630615 4.843513 5.454492 16.046833 0.000000 0.000000 
-23.366590 140.685364 -10.781795 -0.059593 13.674885 0.000000 0.000000 
-23.119429 141.042297 3.953619 -2.521194 11.199066 0.000000 0.000000 
-23.016392 141.400726 -9.852677 -4.432899 8.977188 0.000000 0.000000 
-23.208481 141.970337 5.756649 -2.427673 9.134949 1.000000 1.000000 
83.319687 117.421631 0.707289 -2.795937 4.126125 0.000000 1.000000 
-23.319395 145.462402 6.335334 -7.079155 8.169220 0.000000 0.000000 
-23.878124 145.385010 7.689428 -7.817711 8.890694 0.000000 0.000000 
-23.809164 145.434174 6.604468 -4.030930 9.236530 0.000000 0.000000 
-8.795525 147.462921 -5.373673 -9.091743 6.295170 0.000000 1.000000 
8.425566 147.742157 -4.435070 -8.503601 5.638744 0.000000 1.000000 
-24.146376 146.629120 4.160449 -2.753799 9.591152 0.000000 0.000000 
-23.342739 146.902893 3.841457 -0.024445 11.592293 0.000000 0.000000 
-23.778721 147.091797 -10.413442 -1.115067 10.827271 0.000000 0.000000 
-23.542955 147.509613 -1.114029 -1.235214 8.692215 0.000000 0.000000 
-24.628263 147.397339 -3.449363 5.876390 18.625780 0.000000 0.000000 
-25.045401 147.342102 -2.408332 4.774933 17.223812 0.000000 0.000000 
-24.308771 147.515350 -0.926239 3.682182 14.401005 0.000000 0.000000 
-24.065536 148.244751 -3.532477 -0.838249 8.890057 0.000000 0.000000 
-25.031622 148.086731 -0.920928 -1.095261 11.265472 1.000000 1.000000 
-23.862698 148.891235 -1.697000 -1.569466 9.505966 1.000000 1.000000 
-25.565376 149.379059 -5.185348 -12.449966 4.402653 0.000000 0.000000 
-34.658119 148.419586 13.251366 -7.856888 5.092915 0.000000 0.000000 
-34.479996 149.295990 13.005097 -5.853111 6.236752 0.000000 0.000000 
-33.199768 149.629944 11.290118 -2.515152 9.111412 0.000000 0.000000 
-22.851870 151.640564 -1.732446 -10.852188 6.520020 0.000000 0.000000 
-22.188688 151.876495 -0.416618 -11.169403 3.069027 1.000000 1.000000 
-33.823647 149.942139 12.280705 -8.110611 6.426620 0.000000 0.000000 
-24.233444 152.288757 1.259772 -8.454063 4.568737 0.000000 0.000000 
-24.243813 152.543121 2.960892 -10.293228 2.626930 0.000000 0.000000 
-24.850054 152.829498 3.670769 2.708763 11.821415 0.000000 0.000000 
-23.700214 153.231415 -9.943205 0.159416 11.640720 0.000000 0.000000 
-23.682379 153.678925 -1.437447 -0.726295 9.949867 0.000000 0.000000 
-25.012794 153.542053 -4.032706 -4.303329 7.451691 0.000000 0.000000 
-24.456697 153.856415 -4.619646 -4.109451 6.893360 0.000000 0.000000 
-25.098862 153.759064 -2.881433 -5.751724 6.012020 0.000000 0.000000 
-23.290861 154.182526 -2.611484 -10.097672 7.311005 0.000000 0.000000 
-25.405510 153.972321 -2.010653 -8.638130 4.872227 0.000000 0.000000 
-24.017326 154.523254 5.924648 -6.032814 8.729176 0.000000 0.000000 
-24.361860 154.484222 -2.683010 -6.835487 9.481129 0.000000 0.000000 
-26.847780 154.896210 -4.522900 -6.592743 7.293293 0.000000 0.000000 
-33.022652 154.111664 11.559189 -5.432938 7.198181 0.000000 0.000000 
-29.383129 155.213501 9.872684 -5.039978 8.420914 0.000000 0.000000 
-31.359228 154.903625 10.792727 -4.573410 8.064407 0.000000 0.000000 
-29.038233 155.808807 11.053067 -7.868004 5.965366 0.000000 0.000000 
-31.913361 155.409119 9.725042 -8.540207 7.528980 0.000000 0.000000 
-31.924185 155.666382 9.008661 -4.423599 8.268475 0.000000 0.000000 
-25.185951 157.407257 -2.546929 0.823936 11.070560 0.000000 0.000000 
-25.469919 157.394653 -4.308173 -0.983910 9.527714 0.000000 0.000000 
-24.119032 157.637115 -2.281052 1.170311 10.491570 0.000000 0.000000 
-25.904278 157.689911 -3.569023 -0.572144 12.143028 0.000000 0.000000 
-25.113407 158.052551 -4.038929 -6.577820 7.073498 0.000000 0.000000 
-26.326694 158.037720 -2.414715 1.946846 12.967010 0.000000 0.000000 
-26.234512 158.057434 -2.417738 1.467461 12.081276 0.000000 0.000000 
-24.691355 158.650482 -1.689659 -9.979506 3.323265 1.000000 1.000000 
-25.516178 158.619080 -0.716242 -4.090820 9.707504 0.000000 0.000000 
-25.469444 158.920654 -0.161925 -1.553787 9.324696 0.000000 0.000000 
-25.053520 159.054688 -1.098662 0.796188 10.260700 0.000000 0.000000 
-24.453176 159.168640 -4.295531 1.929184 10.767406 0.000000 0.000000 
-24.476336 159.234253 -2.621312 2.874672 13.559425 0.000000 0.000000 
-24.159428 159.375031 -3.446912 -8.046707 4.709679 0.000000 0.000000 
-26.155830 159.257446 5.986510 -2.540123 8.287582 0.000000 0.000000 
-24.629910 159.880432 -0.462461 3.499985 13.192368 0.000000 0.000000 
-25.525740 159.741760 -1.060402 2.413788 12.218254 0.000000 0.000000 
-25.810799 159.782898 -1.433248 4.326523 14.972219 0.000000 0.000000 
-25.037777 159.912659 -1.290753 2.025536 13.667667 0.000000 0.000000 
-24.669914 160.016388 -0.842562 -0.159279 9.556599 0.000000 0.000000 
-23.775564 160.662201 2.467655 -0.834656 9.575909 0.000000 0.000000 
-24.170698 160.715149 2.622671 2.222649 9.913200 0.000000 0.000000 
-23.950031 160.793762 1.454589 2.378487 10.149414 0.000000 0.000000 
-24.081009 161.053467 1.594213 -5.405655 6.061638 0.000000 0.000000 
-24.467123 161.280426 4.873417 -2.111519 10.162315 0.000000 0.000000 
-24.706005 161.357849 -2.758406 -9.131012 5.119827 0.000000 0.000000 
-24.968769 161.388092 6.493774 2.027672 13.094955 0.000000 0.000000 
-24.309343 161.512421 4.155104 -3.287392 7.189137 0.000000 0.000000 
-23.925449 161.624664 -6.339126 -4.395660 7.935905 0.000000 0.000000 
-24.469418 161.853455 -8.366963 -7.405441 6.523159 0.000000 0.000000 
-24.144794 162.239380 -4.182231 -4.786079 6.975269 0.000000 0.000000 
-24.298491 162.248962 8.052304 -2.044159 7.858799 0.000000 0.000000 
-24.740929 162.210297 -0.618574 3.448280 11.224361 0.000000 0.000000 
-24.523975 162.285492 -2.218658 -1.248383 10.021099 0.000000 0.000000 
-24.439129 162.755463 -1.780471 -8.516304 5.827084 0.000000 0.000000 
-24.501431 162.761108 2.178296 -9.295471 3.588997 0.000000 0.000000 
-23.551447 163.709808 -1.089539 -8.379272 4.833015 0.000000 0.000000 
-24.112289 163.670319 -0.493775 -9.634293 4.246140 0.000000 0.000000 
-23.103325 163.828156 1.120534 -8.116959 5.002121 0.000000 0.000000 
-25.242811 164.834351 -1.945216 -5.360641 5.961216 0.000000 0.000000 
-24.977209 165.045654 -2.197707 -7.637505 4.217999 0.000000 0.000000 
-25.982174 164.938629 -1.756703 -7.924126 3.605591 0.000000 0.000000 
-28.995132 164.738098 13.012079 -6.000496 5.736023 0.000000 0.000000 
-24.397495 166.351288 4.311186 -8.853043 3.389953 1.000000 1.000000 
-24.775656 166.295074 0.842828 -5.228752 5.465107 0.000000 0.000000 
-24.738245 166.306366 1.879351 -3.427315 6.316257 0.000000 0.000000 
-25.188372 166.564880 2.954070 -4.740150 6.811558 0.000000 0.000000 
-24.913637 166.832703 2.016265 -5.633614 6.239769 0.000000 0.000000 
-25.272425 166.795258 -2.583092 -3.123726 8.601379 0.000000 0.000000 
-25.535559 166.831451 -0.014221 -4.207855 7.079308 0.000000 0.000000 
-24.216444 167.582092 4.964338 3.947021 14.422516 0.000000 0.000000 
-23.306814 167.840851 7.226596 -4.477913 9.376858 0.000000 0.000000 
-24.617643 167.674042 6.167145 -2.085091 11.763573 0.000000 0.000000 
-24.672766 167.686066 -10.158486 -6.557037 5.066761 0.000000 0.000000 
-25.326551 167.830688 -7.554647 -7.900391 3.586120 0.000000 0.000000 
-25.649792 168.244629 -2.119085 -6.630173 5.405247 0.000000 0.000000 
-25.726364 168.295349 -1.799742 2.200180 9.740677 0.000000 0.000000 
-25.208792 168.516907 -2.216073 -0.670570 7.783382 0.000000 0.000000 
-24.595610 168.658142 -5.005676 -4.387009 5.202370 1.000000 1.000000 
-25.821930 168.640350 -1.856645 -7.089920 4.812977 0.000000 0.000000 
-25.207815 168.944458 -1.465607 -7.294167 2.944538 0.000000 0.000000 
-27.203394 168.630890 -4.198660 -8.014893 3.004528 0.000000 0.000000 
-24.571547 169.238525 -2.773794 3.161636 11.948029 0.000000 0.000000 
-24.453403 169.309723 -1.268314 -6.749176 7.106422 0.000000 0.000000 
-24.238617 169.749390 -2.719570 -5.421570 6.787292 0.000000 0.000000 
-23.024855 170.094482 -1.801985 -4.382805 6.236340 0.000000 0.000000 
-24.049185 169.980652 -2.646045 -2.866913 7.717682 0.000000 0.000000 
-23.572050 170.127991 -0.183583 -11.204277 2.100864 1.000000 1.000000 
-25.013868 169.957214 -3.643954 6.267799 13.534897 0.000000 0.000000 
-23.487516 170.747681 -11.117210 -7.173325 6.703144 0.000000 0.000000 
-24.989967 170.551025 5.166175 -5.109116 5.883987 0.000000 0.000000 
-24.558878 170.658173 4.021650 -2.110817 7.572891 0.000000 0.000000 
-23.819839 170.930481 5.436049 -1.758331 7.756882 0.000000 0.000000 
-24.621376 170.861664 -2.254446 -1.535049 6.817226 0.000000 0.000000 
-25.224403 170.816925 5.627788 -5.752441 6.949032 0.000000 0.000000 
-24.134624 171.002136 6.664892 -3.571938 8.931488 0.000000 0.000000 
-25.452036 170.969330 2.670814 0.623932 8.603096 0.000000 0.000000 
-25.207664 171.371918 0.927087 -1.159706 9.775303 0.000000 0.000000 
-22.728016 171.817352 -9.077715 -5.367050 8.126915 0.000000 0.000000 
-22.916430 171.847687 -0.376458 -5.129570 7.050701 0.000000 0.000000 
-25.133059 171.703400 -4.307281 -7.093567 4.232029 0.000000 0.000000 
-24.791811 171.851685 -2.605227 -0.725121 10.375172 0.000000 0.000000 
-23.070288 172.538818 -2.003834 -8.920395 5.848671 0.000000 0.000000 
-23.581074 172.496521 0.529817 0.715057 9.691261 0.000000 0.000000 
-23.020580 172.775116 -1.433381 -9.120880 3.682598 1.000000 1.000000 
-25.258411 172.486420 -4.724411 0.629021 9.007370 0.000000 0.000000 
-25.657829 172.433807 -5.166955 -0.695694 8.552212 0.000000 0.000000 
-23.681673 173.171082 -2.206768 -4.663536 6.583614 0.000000 0.000000 
-24.128923 173.223999 0.045865 -3.625900 6.393711 0.000000 0.000000 
-24.755598 173.190308 6.834048 -8.045624 3.598102 0.000000 0.000000 
-24.432005 173.705902 -1.049726 -0.658524 9.916599 0.000000 0.000000 
-23.304861 174.004669 -0.611677 -4.270981 6.597988 0.000000 0.000000 
-26.471697 173.890076 4.609194 -5.786293 4.161270 0.000000 0.000000 
-25.509981 174.050873 -2.900277 -2.870651 6.201347 0.000000 0.000000 
-25.325972 174.124176 5.880697 -7.328743 4.340034 0.000000 0.000000 
-25.326324 174.299316 -3.354955 -3.982300 5.894047 1.000000 1.000000 
-24.966084 174.497345 -3.838973 -6.919754 3.554157 0.000000 0.000000 
-24.910498 174.542480 4.350700 -3.991241 5.404263 0.000000 0.000000 
-24.120083 175.114166 -2.473863 -7.073105 3.620552 0.000000 0.000000 
-25.632322 175.253632 -2.840068 -7.890976 3.584884 0.000000 0.000000 
-25.559824 175.293030 -1.601096 -9.587212 3.898945 0.000000 0.000000 
-26.043514 175.605530 -3.013706 -1.951225 6.642078 0.000000 0.000000 
-24.660526 177.230133 -1.671911 -4.737411 5.821472 1.000000 1.000000 
-26.128736 177.591583 -2.466521 7.650551 13.957981 0.000000 0.000000 
-26.501940 177.569580 -2.974635 -7.256798 4.454494 0.000000 0.000000 
-26.261156 177.754181 3.658570 4.103836 11.162453 0.000000 0.000000 
-26.103199 178.792450 -2.077028 -6.291862 2.932811 1.000000 1.000000 
-24.463678 179.937042 -3.020885 -4.644272 4.790722 1.000000 1.000000 
-23.739935 180.284790 -1.607257 -6.036659 4.663280 0.000000 0.000000 
-25.894594 180.426422 -3.179995 4.583015 13.081062 0.000000 0.000000 
-25.734396 180.461365 -2.556386 4.073448 11.803822 0.000000 0.000000 
-25.420834 180.553345 -3.057549 2.642227 11.093616 0.000000 0.000000 
-24.560230 180.894714 -2.505679 0.258949 10.244102 0.000000 0.000000 
-24.641037 180.888977 -1.564023 -7.473900 5.170956 0.000000 0.000000 
-26.656652 180.819214 3.210000 -7.281296 3.290897 0.000000 0.000000 
-25.473486 181.021240 5.792588 -7.391617 3.516021 0.000000 0.000000 
-25.068789 181.431061 -4.606279 -2.457596 7.581718 0.000000 0.000000 
-25.392347 181.508698 -4.923877 -4.269371 6.187344 0.000000 0.000000 
-24.571749 181.762848 -2.558557 0.958916 8.522629 0.000000 0.000000 
-24.762068 181.881287 -2.294768 -5.257790 5.259331 0.000000 0.000000 
-24.910196 181.879242 -3.156310 -3.238014 7.081234 0.000000 0.000000 
-25.066490 182.327240 -1.895697 -5.961609 5.117428 0.000000 0.000000 
-24.934874 182.359924 -2.853682 -7.548042 3.574196 0.000000 0.000000 
-24.631815 182.521393 -1.635233 -6.274925 5.059666 0.000000 0.000000 
-24.705229 183.050568 -3.101214 -4.526062 4.226776 1.000000 1.000000 
-24.736120 184.013428 -2.635861 -5.438141 3.896698 0.000000 0.000000 
-25.056038 184.714264 -10.160854 -4.255737 4.865765 0.000000 0.000000 
-24.466049 184.919952 -5.165987 -5.439461 4.009476 0.000000 0.000000 
-24.386425 184.941589 -6.615988 -7.663673 3.827690 0.000000 0.000000 
-25.480869 185.252014 -3.554571 -8.612602 5.811127 0.000000 0.000000 
-25.090393 185.558502 -4.919434 -5.085037 4.386684 0.000000 0.000000 
-26.841818 185.536255 1.099995 -8.300552 3.755256 0.000000 0.000000 
-27.201363 185.924530 4.231435 -1.877235 6.924835 0.000000 0.000000 
-27.713591 185.914429 3.072019 1.027649 7.745823 0.000000 0.000000 
-25.687433 186.693695 -9.924749 -7.600121 4.567711 0.000000 0.000000 
-25.742146 186.734039 4.622509 -2.498650 5.724194 0.000000 0.000000 
-26.537626 186.891357 7.110454 -1.494156 5.886024 0.000000 0.000000 
-26.993042 186.831299 6.808536 -0.651115 7.402065 0.000000 0.000000 
-27.390852 188.260498 5.801648 -1.182961 5.527477 0.000000 0.000000 
176.272568 65.322517 19.904461 19.461845 8.607513 0.000000 0.000000 
-24.598242 192.608246 -3.421287 -3.173950 5.807091 0.000000 0.000000 
-29.400682 198.811462 -1.521931 -3.196945 6.084724 0.000000 0.000000 
-29.663635 198.771484 -1.953665 -3.885651 4.830807 0.000000 0.000000 
-29.811489 198.842896 -0.825616 3.801704 9.842033 0.000000 0.000000 
-36.616447 199.659912 9.778681 -5.642578 5.084141 0.000000 0.000000 
-36.235287 200.874237 13.297059 0.607483 6.089817 0.000000 0.000000 
-31.041552 205.718689 -1.396695 -1.205856 4.463078 0.000000 0.000000 
-31.709183 205.728821 -3.533773 -4.996605 4.955315 0.000000 0.000000 
-26.811886 207.687469 -2.051149 -8.206146 2.824188 0.000000 0.000000 
-28.258207 207.619507 4.759870 -7.851868 2.749092 0.000000 0.000000 
-31.430670 215.774139 6.849592 -7.548141 4.225533 0.000000 0.000000 
-32.186840 218.449860 3.826551 -2.929131 3.355659 0.000000 0.000000 
-36.246754 247.900696 -4.644853 0.564720 5.236740 0.000000 0.000000 
-36.880413 247.852356 -3.757394 0.134743 3.672626 0.000000 0.000000 
-36.530338 250.005371 -2.235832 -1.710052 3.462921 0.000000 0.000000 
