ply
format ascii 1.0
comment Created by CloudCompare v2.14.beta (Feb  3 2026)
comment Created 2026-05-07T10:51:19
obj_info Generated by CloudCompare!
element vertex 1570
property float x
property float y
property float z
property float rcs
property float snr
property float v
property float label
end_header
-37.159927 -0.021747 -10.208325 5.441010 32.587414 0.000000 1.000000 
-5.626004 -42.320793 -14.405974 -2.666824 21.448254 0.000000 1.000000 
24.045502 -31.416359 -14.981040 -4.763985 21.778759 0.000000 1.000000 
41.674469 -1.411984 -14.522452 6.012123 29.346592 0.000000 1.000000 
42.895817 18.952572 -10.477877 2.095520 21.645885 0.000000 1.000000 
11.517181 -58.914536 -13.257812 3.716125 21.824102 0.000000 1.000000 
57.590134 -32.068138 -13.386504 14.644234 28.087437 0.000000 1.000000 
68.973961 -11.512301 -9.780758 3.675194 20.877932 0.000000 1.000000 
114.042595 -7.967944 -11.384196 9.366714 17.441784 0.000000 1.000000 
114.479309 -7.668219 -22.499767 13.942886 18.895744 0.000000 1.000000 
114.612724 -6.837599 -18.645470 13.349411 19.506739 0.000000 1.000000 
202.750778 3.860313 -14.892723 17.335251 12.994335 0.000000 1.000000 
0.100959 31.072813 -10.923529 -17.241325 22.457712 0.000000 1.000000 
23.744148 19.628525 -11.531340 4.494652 24.210827 0.000000 1.000000 
-23.090794 23.944530 -9.267139 -2.845421 18.632513 0.000000 1.000000 
-13.004053 35.897598 -13.175873 -15.077394 20.087986 0.000000 1.000000 
6.607673 40.930557 -10.767179 -10.976135 20.781879 0.000000 1.000000 
13.012442 43.249699 -15.201474 -11.808266 18.442308 0.000000 1.000000 
-17.426836 44.000523 -12.259261 -18.043365 13.996513 0.000000 1.000000 
7.431989 53.592796 -21.027929 -14.849052 12.701729 0.000000 1.000000 
8.754044 57.698380 -22.809353 -11.134735 17.724947 0.000000 1.000000 
6.976256 60.088409 -15.513655 -18.910545 12.597691 0.000000 1.000000 
-30.846710 60.003433 -24.269085 -7.526123 15.087929 0.000000 1.000000 
-14.981852 66.476830 -25.701342 -16.679352 12.476646 0.000000 1.000000 
-13.110601 67.206650 -24.321056 -11.520058 14.490330 0.000000 1.000000 
-10.943049 74.702927 -26.689686 -2.549911 21.293230 0.000000 1.000000 
28.817837 71.475922 -22.590998 -10.165436 12.122684 0.000000 1.000000 
-34.220791 74.612717 -32.864750 1.408768 18.788544 0.000000 1.000000 
-28.621304 80.214005 -28.706335 -0.929184 19.317244 0.000000 1.000000 
-29.689529 82.413277 -27.218422 -4.912788 16.538717 0.000000 1.000000 
42.181850 77.572205 -34.113636 1.157921 16.155207 0.000000 1.000000 
18.211233 87.567230 -23.680780 -11.293732 13.569553 0.000000 1.000000 
-16.376249 89.370979 -36.406952 -6.445030 16.908609 0.000000 1.000000 
-37.357063 83.710060 -18.830805 -12.778908 9.420216 0.000000 1.000000 
31.339920 90.384354 -18.232670 -15.537187 6.554538 0.000000 1.000000 
-14.314493 96.786049 -37.407555 -7.372810 10.935360 0.000000 1.000000 
-14.225718 96.980476 -33.418301 -7.349586 12.219570 0.000000 1.000000 
-31.206696 95.446304 -11.373702 -15.989633 6.572662 0.000000 1.000000 
-31.935799 98.192406 -31.430948 -6.687515 9.978737 0.000000 1.000000 
-20.964390 101.456223 -30.425516 -11.239616 9.924389 0.000000 1.000000 
-31.787363 99.399437 -42.103481 -5.229019 12.137478 0.000000 1.000000 
-30.908962 99.753708 -15.694042 -6.129761 9.112541 0.000000 1.000000 
-31.499838 104.909805 -17.271338 -14.753174 5.570957 0.000000 1.000000 
-37.333397 104.813156 -10.225687 -12.095955 7.076446 0.000000 1.000000 
-27.176237 109.298744 -43.864777 -11.655571 8.420338 0.000000 1.000000 
-27.647051 109.192734 -14.899600 -9.960091 10.015663 0.000000 1.000000 
55.758820 97.788338 -10.481581 -6.147400 10.147861 0.000000 1.000000 
-28.713594 109.411545 -45.740742 -11.286201 8.696823 0.000000 1.000000 
7.005841 113.797852 -16.747112 -11.619225 9.425552 0.000000 1.000000 
6.174044 113.855377 -16.743568 -9.106041 10.447906 0.000000 1.000000 
-51.006119 102.347916 -33.177216 -8.524879 7.803314 0.000000 1.000000 
-22.896273 118.173660 -12.964271 -8.671776 7.765132 0.000000 1.000000 
39.180763 114.206055 -27.812582 -9.164490 8.266136 0.000000 1.000000 
-33.306515 120.641174 -44.095413 -8.650085 8.755722 0.000000 1.000000 
54.197773 113.953033 -51.311516 -7.498177 5.920040 0.000000 1.000000 
48.836006 134.481567 -52.750786 -9.593254 5.255580 0.000000 1.000000 
-23.686872 146.123596 -36.464699 -7.724930 6.761909 1.000000 1.000000 
-23.982340 148.237152 -38.721016 -5.011002 7.147426 0.000000 1.000000 
-34.260056 197.468719 -75.238785 -7.924805 4.016887 0.000000 1.000000 
-33.493809 199.048065 -71.924789 -6.423409 5.352222 0.000000 1.000000 
55.638874 -52.949436 21.783354 15.311928 26.274645 0.000000 1.000000 
55.987091 -52.801937 21.959301 16.869530 29.136257 0.000000 1.000000 
113.982834 -9.344347 22.725689 11.282578 17.355055 0.000000 1.000000 
132.892075 -13.636999 43.244370 13.310265 18.516069 0.000000 1.000000 
176.240738 64.569077 17.311142 31.826927 25.276527 0.000000 1.000000 
184.946045 65.797966 19.592974 23.277649 16.329945 0.000000 1.000000 
193.941223 59.638565 56.619125 19.876999 14.462713 0.000000 1.000000 
-29.423069 57.706120 24.953400 -11.063431 13.574604 0.000000 1.000000 
-22.343117 62.282131 25.927937 -14.182510 10.688911 1.000000 1.000000 
-30.120626 68.524567 25.533022 -2.912140 18.148415 0.000000 1.000000 
-30.189495 76.829308 22.710732 -9.029411 11.165699 0.000000 1.000000 
-36.970982 74.206764 28.338976 -3.276573 15.628834 0.000000 1.000000 
42.805347 77.421913 27.809614 1.344063 16.827026 0.000000 1.000000 
-32.199955 84.656609 37.148636 -8.651794 10.713531 0.000000 1.000000 
-30.873182 102.392891 30.096800 -12.788414 7.425476 0.000000 1.000000 
-33.351208 102.626678 39.372089 -15.085420 4.663391 1.000000 1.000000 
-32.220360 103.742996 40.085228 -9.151749 7.975677 0.000000 1.000000 
50.177834 97.579109 29.207069 -7.680199 6.668216 0.000000 1.000000 
47.304577 108.669983 32.290710 -9.237282 6.932838 0.000000 1.000000 
-24.152004 146.499298 61.788830 -8.945091 5.303199 1.000000 1.000000 
41.840794 154.423798 30.871460 -4.165154 8.610382 0.000000 1.000000 
-157.054504 69.322098 24.458067 12.811829 6.499576 0.000000 1.000000 
-0.410369 -21.478996 8.386143 -17.922157 24.666599 0.000000 1.000000 
-9.983001 -20.332184 -3.876736 -7.876770 27.505419 0.000000 1.000000 
-2.586734 -22.548080 -5.450315 -6.277870 28.419741 0.000000 1.000000 
-16.543764 -19.552380 -6.475089 -11.093033 23.086187 0.000000 1.000000 
12.365294 -30.737122 -4.183735 -5.086754 21.999588 0.000000 1.000000 
-36.193462 -8.363716 -5.086502 -3.591957 22.785254 0.000000 1.000000 
-5.981005 -37.311443 13.151142 -4.973824 20.864611 0.000000 1.000000 
12.377629 -3.052098 -3.233908 -6.725853 34.923893 1.000000 1.000000 
12.800227 -24.718430 -3.964668 -3.501762 29.304642 0.000000 1.000000 
-0.791387 -30.152493 9.084347 -7.123062 24.888342 0.000000 1.000000 
11.222224 -29.724361 -7.162736 -2.397659 24.178051 0.000000 1.000000 
56.943146 6.177803 14.178807 19.893593 35.348648 0.000000 1.000000 
56.069244 15.067533 12.077612 3.362144 18.109203 0.000000 1.000000 
24.106144 -73.104919 16.876637 8.740761 21.918047 0.000000 1.000000 
113.519913 -8.788813 13.902395 12.593971 18.117054 0.000000 1.000000 
113.569824 -8.587101 16.521715 16.260864 20.846794 0.000000 1.000000 
113.669731 -7.932260 17.686680 9.810837 15.921375 0.000000 1.000000 
18.563335 18.082069 -3.333730 0.898682 22.939127 0.000000 1.000000 
-15.475757 28.641685 -3.401949 -13.873787 19.531153 0.000000 1.000000 
16.004498 42.692394 -6.338065 -17.980743 13.735077 0.000000 1.000000 
15.638705 46.239895 -4.701234 -12.866165 18.811157 0.000000 1.000000 
15.795055 46.184967 -4.037174 -11.925072 18.409569 0.000000 1.000000 
51.528473 25.178734 12.915967 6.104805 13.996300 0.000000 1.000000 
-10.361880 73.100822 -11.701704 -5.403091 20.792366 0.000000 1.000000 
-29.437687 68.908745 -11.225377 -2.648651 18.396622 0.000000 1.000000 
-10.320095 75.793892 -11.119469 -12.498047 13.735291 0.000000 1.000000 
-15.003104 77.518143 -6.642545 -16.615509 9.999123 0.000000 1.000000 
-35.065071 73.270676 -8.692873 -7.539963 12.802761 0.000000 1.000000 
-32.856945 74.826286 -13.180561 -5.794579 14.845482 0.000000 1.000000 
-39.412193 72.961761 -9.026005 -1.883987 16.178221 0.000000 1.000000 
-32.114601 77.039047 -9.830772 -6.401497 14.577599 0.000000 1.000000 
-39.332573 75.867630 -11.027583 -2.304497 17.272024 0.000000 1.000000 
36.893307 115.491516 17.891153 -11.662041 7.076976 0.000000 1.000000 
37.462807 116.195877 15.921647 -8.740372 6.393173 0.000000 1.000000 
-54.885357 109.712097 18.047781 -8.896339 6.331668 0.000000 1.000000 
-19.289377 132.439575 -4.933708 3.803055 21.795364 0.000000 1.000000 
-19.859026 133.923004 -10.452647 3.577606 16.736559 1.000000 1.000000 
-28.650307 172.954926 -8.634418 -4.717957 7.473758 0.000000 1.000000 
-1.112603 191.826752 -6.870649 1.710907 11.681808 0.000000 1.000000 
-1.319210 191.862640 -6.824599 3.861069 12.300819 0.000000 1.000000 
-3.334294 198.824951 -7.679847 -7.479843 3.424656 1.000000 1.000000 
-2.936041 199.517120 -5.925696 -5.205246 5.058086 0.000000 1.000000 
-3.626456 199.508667 -6.719145 -2.909103 7.911701 0.000000 1.000000 
-36.403690 249.096680 -6.288281 -0.640892 4.402256 1.000000 1.000000 
-17.131123 -1.758393 0.523988 -9.102135 26.859457 1.000000 1.000000 
-18.369522 -1.694230 0.358234 -10.247093 23.217323 1.000000 1.000000 
-20.325331 -2.088817 -0.681721 4.302269 36.848660 1.000000 1.000000 
-0.422174 -6.058305 -0.232308 -6.763233 46.202377 0.000000 0.000000 
-0.291238 -6.122178 -0.116562 -9.534836 42.741425 0.000000 0.000000 
-6.014841 -1.060690 -0.561738 -0.073555 49.135254 0.000000 0.000000 
-6.017537 -1.024158 -0.591042 4.927422 53.744591 0.000000 0.000000 
-6.069446 -1.029764 -0.608199 7.091831 57.885250 0.000000 0.000000 
-12.583095 -0.962586 0.269839 2.887894 38.253716 0.000000 0.000000 
-12.583229 -0.596002 0.639033 -6.836761 28.159521 0.000000 0.000000 
-12.606052 -1.677893 0.681838 -1.110069 36.476727 1.000000 0.000000 
-12.637912 -0.559177 0.827409 -4.144981 34.645168 1.000000 0.000000 
-12.646674 -1.135854 0.868753 11.199806 49.654991 0.000000 0.000000 
-12.564188 -2.574062 -0.133891 1.281754 42.350159 1.000000 0.000000 
-12.611252 -2.305293 0.193377 -5.717834 29.996044 1.000000 0.000000 
-12.695543 -1.293933 1.101899 10.605103 45.121746 0.000000 0.000000 
-12.711985 -1.857464 0.115446 0.119453 38.107140 1.000000 0.000000 
-12.674092 -2.365476 0.137432 -5.710419 32.565331 1.000000 0.000000 
-12.800135 -1.247701 1.107436 9.508881 45.428772 0.000000 0.000000 
-12.711881 -2.832088 0.797490 -2.676941 33.186516 1.000000 0.000000 
-12.803940 -2.893880 0.740354 -0.144440 34.143070 1.000000 0.000000 
-12.686452 -3.582503 0.919338 -5.961800 30.233736 1.000000 0.000000 
-12.569019 -4.070547 -0.808209 -5.021454 25.947168 1.000000 0.000000 
-12.763900 -3.357607 1.022817 -3.738930 30.144289 1.000000 0.000000 
-12.978780 -2.018022 0.072545 3.913467 38.969666 1.000000 0.000000 
-12.994793 -2.006678 -0.361797 -3.034264 31.893255 1.000000 0.000000 
-13.032473 -1.983531 -0.437433 8.320084 42.693562 1.000000 0.000000 
-13.099106 -1.145644 0.438086 8.705406 45.253059 0.000000 0.000000 
-12.681243 -4.134657 0.690887 -7.816772 27.570400 1.000000 0.000000 
-13.331923 -0.582284 0.606348 11.462105 46.456711 0.000000 0.000000 
-13.206055 -2.790769 0.079683 -6.346764 28.013878 1.000000 0.000000 
-13.345311 -1.192564 -0.413876 3.885247 39.501423 0.000000 0.000000 
-12.973996 -3.991330 0.361197 -4.121689 28.873234 1.000000 0.000000 
-13.220877 -2.871120 0.309712 -7.239410 29.157734 1.000000 0.000000 
-12.671179 -5.099147 0.885102 -2.286041 31.940208 1.000000 0.000000 
-12.739552 -4.908854 1.140616 -9.189903 24.979935 1.000000 0.000000 
-13.401949 -0.642546 0.306341 5.512816 42.985184 0.000000 0.000000 
-13.347672 -2.165133 0.299063 -8.117760 29.982279 1.000000 0.000000 
-12.638297 -5.306360 0.125809 -5.104042 27.766951 1.000000 0.000000 
-13.408324 -2.567813 0.297078 -2.963577 31.895102 1.000000 0.000000 
-12.802798 -5.207524 0.848441 0.818329 34.770672 1.000000 0.000000 
-13.546700 -0.242168 0.607451 6.301537 42.188744 1.000000 0.000000 
-13.359467 -4.154119 0.357169 -6.455597 29.462990 1.000000 0.000000 
-12.596016 -6.383746 1.148081 -10.921616 21.309874 1.000000 0.000000 
-12.594252 -6.395777 1.079394 -5.515396 29.121975 1.000000 0.000000 
-12.507212 -6.688103 0.994122 -2.926231 29.168159 1.000000 0.000000 
-13.333993 -5.148099 0.508719 -6.745628 28.851475 1.000000 0.000000 
-12.590448 -6.931990 0.974120 -3.921837 30.803284 1.000000 0.000000 
-14.051603 -2.202481 0.410845 -16.796692 23.328518 1.000000 0.000000 
-12.545839 -7.388691 1.071888 -3.636703 26.875889 1.000000 0.000000 
-14.223182 -1.787897 0.113226 -6.768829 29.116678 1.000000 0.000000 
-14.262290 -0.462413 0.493146 -8.338142 30.604881 1.000000 0.000000 
-14.260750 -0.416801 0.454697 -6.989136 30.939053 1.000000 0.000000 
-12.602498 -7.408859 1.075652 0.507591 35.427670 1.000000 0.000000 
-14.272685 -0.985366 0.540005 -10.264572 29.369600 0.000000 0.000000 
-14.295997 -1.460827 -0.293546 -12.562103 25.109215 0.000000 0.000000 
-14.490809 -1.350665 0.539837 -9.499039 26.564823 0.000000 0.000000 
-14.532901 -1.580549 0.651032 -1.338974 30.968306 1.000000 0.000000 
-12.525081 -8.127186 1.113849 -1.816353 31.037901 1.000000 0.000000 
-14.570604 -1.873265 -0.355133 0.780434 33.174820 1.000000 0.000000 
-13.091623 -7.206348 -0.057900 -6.448517 27.808916 1.000000 0.000000 
-12.467509 -8.409159 1.021506 -0.897209 29.924515 1.000000 0.000000 
-12.590155 -8.362309 -0.112066 -10.548927 23.001213 1.000000 0.000000 
-13.255564 -7.632268 0.633597 -5.358055 27.118374 1.000000 0.000000 
-14.992590 -1.038704 0.563539 0.411758 35.702595 0.000000 0.000000 
-12.658217 -8.724871 0.558943 -4.348213 27.978762 1.000000 0.000000 
-15.033034 -1.435948 0.700754 -7.137550 27.890560 0.000000 0.000000 
-12.537349 -9.015923 1.112840 -3.927017 26.195484 1.000000 0.000000 
-12.807824 -8.876048 -0.535526 -13.566719 19.761372 1.000000 0.000000 
-12.788810 -8.912553 0.431768 -4.411636 28.395149 1.000000 0.000000 
-12.707650 -9.087575 0.408168 -11.020218 23.981003 1.000000 0.000000 
-12.575273 -9.648231 1.381242 -4.730888 25.781481 1.000000 0.000000 
-12.608747 -10.083182 0.427690 -9.169327 22.804825 1.000000 0.000000 
-12.787660 -9.861633 0.132961 -12.391579 19.942835 1.000000 0.000000 
-15.831688 -1.684274 0.529825 4.849486 38.956650 1.000000 0.000000 
-12.973958 -9.873823 0.739702 -5.432899 27.504738 1.000000 0.000000 
-12.602176 -10.363371 0.926874 0.667122 34.915916 1.000000 0.000000 
-12.806716 -10.146132 -0.088277 -14.545616 19.670860 1.000000 0.000000 
-13.244559 -10.033426 0.580564 -3.367912 28.185682 1.000000 0.000000 
-12.738871 -10.696364 0.616194 1.705803 34.191994 1.000000 0.000000 
-13.882906 -9.799457 0.930991 -11.861938 21.759987 1.000000 0.000000 
-13.884298 -9.810673 1.444186 -12.197006 21.864817 1.000000 0.000000 
-13.249441 -10.697631 0.724711 -8.296112 26.300362 1.000000 0.000000 
-13.293903 -11.181635 0.859635 -8.593430 24.675570 1.000000 0.000000 
-14.942401 -9.893680 2.276778 -11.573433 23.954763 1.000000 0.000000 
-15.103828 -10.208756 2.216949 -5.503716 27.051764 1.000000 0.000000 
-12.410770 -13.993895 1.304471 -0.460068 30.985157 1.000000 0.000000 
-14.541941 -12.348195 0.923788 -0.220680 32.180561 1.000000 0.000000 
-12.527249 -14.427197 1.505622 -3.368530 25.716085 1.000000 0.000000 
-14.403501 -12.578279 0.964367 -8.545174 20.928276 1.000000 0.000000 
-14.750667 -12.791661 1.394802 -0.852951 29.936802 1.000000 0.000000 
0.190694 -6.212229 -0.297844 -1.895271 48.646935 0.000000 0.000000 
0.038185 -6.207323 -0.185777 -6.771954 44.885262 0.000000 0.000000 
0.302675 -6.293457 -0.286637 -5.308079 45.549931 0.000000 0.000000 
-0.034586 10.106760 0.108319 -20.330330 32.563080 1.000000 0.000000 
-0.852164 11.143667 -0.024419 -12.835976 32.516338 0.000000 0.000000 
0.051152 12.108922 -0.026871 -12.101761 36.651657 0.000000 0.000000 
-0.508786 12.376957 0.027372 -11.745811 37.053635 1.000000 0.000000 
-3.378438 17.927567 0.424603 -23.578819 16.826700 1.000000 0.000000 
-3.709973 18.518440 0.403566 8.988396 43.995575 0.000000 0.000000 
-3.843546 18.724617 0.294210 8.767639 42.586933 0.000000 0.000000 
-3.710260 18.916748 -0.141779 1.207535 36.046070 0.000000 0.000000 
-3.580514 19.666981 -0.432362 -27.087616 13.096287 1.000000 0.000000 
0.081999 21.515182 -1.366725 -7.292938 32.678932 0.000000 0.000000 
-4.868224 20.939548 -0.621581 3.802719 39.876312 0.000000 0.000000 
-4.918839 20.930355 -0.767287 2.159225 38.015266 0.000000 0.000000 
0.220636 22.207266 -0.827981 2.372261 35.301819 1.000000 0.000000 
-5.056467 21.625927 -0.701388 0.911148 36.801491 1.000000 0.000000 
0.102228 22.544996 -0.876972 -3.631973 29.161539 0.000000 0.000000 
0.014484 22.542952 -0.867752 -13.067108 18.944933 1.000000 0.000000 
0.382430 22.660080 -0.779386 -20.020767 13.210220 1.000000 0.000000 
0.286830 22.864904 -0.827881 19.568069 51.032570 0.000000 0.000000 
0.260120 22.979588 -0.845931 18.052917 51.010902 0.000000 0.000000 
0.053164 23.244871 -0.735105 -6.768135 27.918501 0.000000 0.000000 
0.074097 23.628950 -0.836519 -10.432320 25.385910 1.000000 0.000000 
-23.347649 0.525792 -1.501354 -8.797127 25.451452 0.000000 0.000000 
-26.417768 -2.117487 4.356697 -8.636559 26.219349 0.000000 0.000000 
-24.124535 -13.208776 6.566038 -11.414719 21.189432 0.000000 0.000000 
-25.358889 -20.590668 13.915921 -3.328835 26.196571 0.000000 0.000000 
-21.154169 -28.281223 2.239671 -3.368423 20.669579 0.000000 0.000000 
-21.318066 -28.185921 1.972046 0.681931 26.009434 0.000000 0.000000 
-35.124004 0.317079 1.945696 -8.292068 21.479284 0.000000 0.000000 
-37.155895 1.124925 -1.128068 0.816444 28.314981 0.000000 0.000000 
-37.202358 0.457683 0.244784 1.854660 30.340359 0.000000 0.000000 
-21.061588 -33.457314 8.576339 -4.954475 19.974331 0.000000 0.000000 
-40.417076 0.670213 2.496265 -0.134575 24.631422 0.000000 0.000000 
-40.675186 1.825707 2.848418 -1.424370 23.429985 0.000000 0.000000 
-40.796028 1.232021 2.574538 5.220337 29.273520 0.000000 0.000000 
-42.597935 3.836429 2.476983 3.706635 26.635395 0.000000 0.000000 
-42.570457 4.457024 2.260114 3.890236 26.400749 0.000000 0.000000 
-41.543472 12.073081 10.210502 -5.548500 19.130575 0.000000 0.000000 
-21.571022 -47.138119 5.117033 4.316353 21.193172 0.000000 0.000000 
-29.477451 12.552230 12.504199 16.643051 22.889343 0.000000 0.000000 
-6.499390 -14.281524 -0.202593 -17.665070 21.399487 0.000000 0.000000 
-6.394493 -15.523376 0.799109 -9.561127 25.894749 0.000000 0.000000 
-6.483124 -15.596761 0.975137 -13.553841 22.497688 0.000000 0.000000 
-6.984533 -15.532236 1.785361 -13.616852 22.425776 0.000000 0.000000 
-6.756848 -15.691444 1.485375 -12.654175 22.936504 0.000000 0.000000 
-6.826515 -15.679069 1.301314 -4.015404 27.868790 0.000000 0.000000 
-6.120708 -16.220551 1.112437 -9.448563 23.877712 0.000000 0.000000 
-6.282855 -16.322296 -0.010979 -9.212395 24.273556 0.000000 0.000000 
-6.150040 -16.870604 -0.715568 -10.009148 23.287058 0.000000 0.000000 
-6.499028 -17.169796 -0.448987 -10.944908 23.749140 0.000000 0.000000 
-6.828971 -18.631004 3.595315 -7.654221 25.945339 0.000000 0.000000 
-6.232013 -18.962406 -0.773984 -10.003967 23.294649 0.000000 0.000000 
-6.494348 -18.962181 -1.261446 -11.811386 25.806835 0.000000 0.000000 
-6.479701 -18.985466 -0.841211 -7.862083 24.876459 0.000000 0.000000 
-6.606268 -20.139450 0.354046 -13.650124 21.491316 0.000000 0.000000 
-6.135730 -20.538586 -0.468867 -6.974266 26.347652 0.000000 0.000000 
-6.352948 -20.525108 1.054460 -8.659416 24.273367 0.000000 0.000000 
-6.876267 -23.004028 -1.158296 -4.929985 26.010193 0.000000 0.000000 
-6.250580 -24.458115 -0.682579 -12.198738 22.476694 0.000000 0.000000 
-6.012816 -25.766861 -1.347880 -6.297882 24.875219 0.000000 0.000000 
-6.158320 -25.832088 -0.386670 -10.495338 20.735777 0.000000 0.000000 
-6.482214 -27.212132 -0.647107 -7.494362 23.348486 0.000000 0.000000 
-6.413148 -28.243362 0.164060 -7.943779 23.330303 0.000000 0.000000 
-6.427224 -42.909943 0.463305 -3.739456 20.384987 0.000000 0.000000 
-6.441144 -52.153545 1.666696 -3.634949 18.136829 0.000000 0.000000 
-6.080533 -52.281918 0.497237 1.134026 20.910950 0.000000 0.000000 
-5.899791 -55.187843 1.409819 5.763846 23.972755 0.000000 0.000000 
-5.917491 -55.249283 2.425074 4.235016 22.810333 0.000000 0.000000 
-6.430593 -14.897782 -0.484685 -6.841103 30.129557 0.000000 0.000000 
-7.373497 -14.966807 1.235880 -7.723610 27.302185 0.000000 0.000000 
-6.524164 -16.613167 -0.657409 -10.648476 27.001530 0.000000 0.000000 
-6.745772 -17.331429 -0.923809 -5.551270 26.251822 0.000000 0.000000 
-5.850904 -17.721645 -0.633776 -6.987633 26.126211 0.000000 0.000000 
-7.372569 -18.332882 1.242350 -1.707840 29.287418 0.000000 0.000000 
-6.691626 -19.919228 0.099434 -2.873116 30.243805 0.000000 0.000000 
-7.641747 -19.626617 1.173070 -5.310997 25.561659 0.000000 0.000000 
-6.771422 -21.749592 -0.134980 -0.346504 29.803646 0.000000 0.000000 
-7.314173 -24.424099 0.879434 -0.224083 31.521070 0.000000 0.000000 
-7.418050 -24.538319 0.852932 1.834908 29.970520 0.000000 0.000000 
-7.437357 -25.817173 3.666178 -4.313896 24.733732 0.000000 0.000000 
16.921278 -5.373514 -0.190602 -3.268028 31.450748 1.000000 1.000000 
16.887951 -5.651098 4.332120 -11.871201 25.222254 1.000000 1.000000 
17.221050 -5.114790 0.547113 -6.059448 28.821306 1.000000 1.000000 
17.285212 -5.050669 0.914734 -6.494705 25.951960 1.000000 1.000000 
17.735973 -5.088662 0.137516 -10.787766 24.208097 1.000000 1.000000 
17.630873 -5.535275 3.896824 -11.811035 23.167917 1.000000 1.000000 
17.644655 -7.022612 -0.890122 -4.382378 26.387079 1.000000 1.000000 
18.073982 -6.295033 0.145601 -11.183281 22.460911 1.000000 1.000000 
17.043449 -4.955443 -1.180994 -1.966370 35.545635 1.000000 1.000000 
8.223638 -21.175240 3.022876 -4.354027 27.773207 0.000000 0.000000 
9.579897 -26.349953 1.944959 -4.978004 24.808247 0.000000 0.000000 
14.276492 -26.576889 -0.819091 -6.745575 20.243073 0.000000 0.000000 
13.993707 -27.073437 -0.101051 0.008476 26.415924 0.000000 0.000000 
14.111483 -27.404053 4.499012 -3.150543 23.008961 0.000000 0.000000 
13.691995 -28.289375 0.777835 -0.840103 26.236732 0.000000 0.000000 
13.283411 -28.764278 0.211475 1.128723 28.633375 0.000000 0.000000 
13.604594 -28.603840 1.456507 2.075935 28.983547 0.000000 0.000000 
13.569169 -28.875668 -0.375230 0.100716 26.439373 0.000000 0.000000 
12.624202 -29.361996 2.562603 0.962364 26.927221 0.000000 0.000000 
9.790563 -40.982136 1.564534 3.215736 24.366901 0.000000 0.000000 
9.639261 -41.073242 1.082479 3.469284 25.015320 0.000000 0.000000 
8.534571 -10.543045 -0.203361 -9.261543 30.194786 0.000000 0.000000 
8.794214 -11.225379 0.316609 -1.452545 34.892944 0.000000 0.000000 
15.144125 -8.128450 2.875137 -11.984543 28.448193 0.000000 0.000000 
18.189669 4.942270 7.879749 -11.640579 22.863541 0.000000 0.000000 
18.039751 -9.667819 4.998884 -1.016472 31.179626 0.000000 0.000000 
8.100017 -19.236977 1.952069 -9.615808 28.868971 0.000000 0.000000 
16.545927 -12.950569 7.898466 -7.522415 28.762142 0.000000 0.000000 
22.413383 -13.412448 -6.072626 -3.349258 30.411983 0.000000 0.000000 
7.537120 -34.177765 -0.075349 3.236488 29.219522 0.000000 0.000000 
8.031599 -34.123634 1.089837 2.381195 28.581781 0.000000 0.000000 
21.078856 -28.946667 7.901768 -2.275307 25.018885 0.000000 0.000000 
7.540694 -35.139210 0.618690 3.110428 28.647964 0.000000 0.000000 
6.447705 -38.169052 3.193799 1.196724 23.611580 0.000000 0.000000 
7.045551 -38.244007 0.975782 -2.827209 21.471664 0.000000 0.000000 
7.593945 -38.690052 1.624559 -3.367821 20.726252 0.000000 0.000000 
8.525940 -40.332268 -2.538400 0.719215 25.319719 0.000000 0.000000 
13.903596 -2.803250 0.627810 1.246521 40.931870 0.000000 0.000000 
14.053869 -2.742812 0.646566 -2.459312 36.641964 0.000000 0.000000 
21.277075 -1.658828 5.251887 -7.309731 27.164093 0.000000 0.000000 
21.158403 -5.407678 -3.191469 -2.180130 32.307426 0.000000 0.000000 
21.256845 -5.506973 -3.276296 -1.760712 34.786285 0.000000 0.000000 
7.187257 -5.243500 -0.039378 3.457832 47.130768 0.000000 0.000000 
7.288337 -5.354376 -0.106973 5.028389 50.324661 0.000000 0.000000 
8.702489 -4.013965 1.247904 1.387451 41.596962 0.000000 0.000000 
7.310710 -8.497746 -1.526830 6.919066 47.355942 0.000000 0.000000 
11.943570 -3.145624 0.037429 9.063866 48.567879 0.000000 0.000000 
11.939070 -3.173766 0.080226 7.730316 45.927299 0.000000 0.000000 
9.452096 -8.920490 -2.357467 -9.678398 33.150238 0.000000 0.000000 
9.534895 -8.858419 -2.159183 -10.134270 32.023823 0.000000 0.000000 
10.631197 -9.409704 -3.929807 -12.836693 30.377214 0.000000 0.000000 
15.851673 -0.897203 -0.388826 1.118652 38.695774 0.000000 0.000000 
15.901621 -0.918830 -0.623693 -0.341438 37.017986 0.000000 0.000000 
17.048765 0.394771 -0.715280 7.888901 44.193821 0.000000 0.000000 
17.155470 0.433724 -0.761898 5.452049 41.944279 0.000000 0.000000 
20.727205 0.901638 -0.066432 -1.053955 31.957031 0.000000 0.000000 
30.914722 7.566342 9.164254 -1.571793 25.627144 0.000000 0.000000 
34.470493 8.774005 -1.120925 15.180710 36.799088 0.000000 0.000000 
34.586250 8.753998 -1.071744 14.440636 35.378002 0.000000 0.000000 
38.813999 -0.467849 0.277543 9.974136 34.207680 0.000000 0.000000 
38.866005 -0.397265 0.443703 9.477135 34.754463 0.000000 0.000000 
38.586552 7.880744 -0.714012 7.097365 28.344769 0.000000 0.000000 
38.613613 7.929195 -0.631370 10.317909 30.666515 0.000000 0.000000 
40.245468 -0.737699 -1.764590 -3.362038 21.855701 0.000000 0.000000 
42.607391 8.853602 -1.453695 16.872398 35.451473 0.000000 0.000000 
42.670753 8.752100 -1.448143 15.521484 34.038570 0.000000 0.000000 
42.668430 13.873563 11.007848 -1.584541 20.867004 0.000000 0.000000 
44.677334 8.419449 -0.970138 8.038994 27.575371 0.000000 0.000000 
46.571926 8.103198 -2.426318 18.584137 33.541199 0.000000 0.000000 
47.475403 7.560744 -1.483519 3.751053 24.173191 0.000000 0.000000 
50.426533 9.569567 -0.739995 8.773178 27.404224 0.000000 0.000000 
50.318310 10.076415 -0.341945 12.599869 32.803909 0.000000 0.000000 
5.249060 -42.157024 5.609939 -1.593163 22.750183 0.000000 0.000000 
15.181882 -41.226894 2.812056 -2.501556 18.778193 0.000000 0.000000 
16.266912 -41.812000 10.538617 -2.163406 19.699726 0.000000 0.000000 
8.183517 -43.623981 12.464038 -4.505646 19.340687 0.000000 0.000000 
6.159651 -67.929512 1.519882 3.312363 18.345066 0.000000 0.000000 
5.890820 -68.039131 0.409894 1.640480 16.445030 0.000000 0.000000 
26.967970 14.226246 -0.060350 -1.950790 26.224182 0.000000 0.000000 
29.073521 14.919597 0.351449 1.762299 28.496885 0.000000 0.000000 
34.181526 15.904035 -0.706065 2.004929 25.808439 0.000000 0.000000 
43.727539 14.985070 2.245727 0.835144 20.898478 0.000000 0.000000 
43.975216 15.757070 2.062064 -5.618774 18.824339 0.000000 0.000000 
46.574478 16.846252 1.335109 14.631653 31.934292 0.000000 0.000000 
46.655289 16.695553 1.223432 13.519531 30.613960 0.000000 0.000000 
47.375393 15.788329 1.066679 2.977371 22.519453 0.000000 0.000000 
47.490368 15.484069 -1.744396 7.067398 25.676994 0.000000 0.000000 
50.252285 15.582900 2.493024 4.177277 20.518457 0.000000 0.000000 
50.529606 15.279237 0.653493 2.378784 19.427601 0.000000 0.000000 
29.553974 13.695425 3.953604 9.890656 22.949932 0.000000 0.000000 
18.520676 8.460061 -0.740533 4.099486 35.254787 0.000000 0.000000 
18.286491 9.895814 0.028276 10.124260 42.020966 0.000000 0.000000 
18.506220 9.847568 -0.101108 8.547714 40.442329 0.000000 0.000000 
15.373764 30.908022 0.741224 -3.344299 29.290627 0.000000 0.000000 
15.488151 31.047525 0.671241 -7.560013 24.656765 0.000000 0.000000 
7.789116 24.930349 -1.146464 -12.465149 26.258707 0.000000 0.000000 
7.189272 25.824619 0.224302 -10.680420 26.770485 0.000000 0.000000 
2.632152 -7.008683 0.434724 -7.269356 40.238819 0.000000 0.000000 
2.601120 -7.653239 -0.279657 -2.197296 42.195305 0.000000 0.000000 
2.665252 -7.634100 -0.245932 -0.297661 43.815071 0.000000 0.000000 
2.376626 -8.087875 -0.028836 -3.265221 41.656036 0.000000 0.000000 
2.769004 -8.086069 0.220093 -4.701065 42.268482 0.000000 0.000000 
2.346109 -0.966858 0.035321 -13.719456 52.084793 0.000000 0.000000 
2.493548 -0.974646 0.034686 -13.583729 55.476665 0.000000 0.000000 
2.413901 -2.019967 0.037273 -24.550854 34.875473 0.000000 0.000000 
2.443470 -2.074323 0.008617 -27.074444 41.256214 0.000000 0.000000 
2.419464 -2.501661 0.140992 -23.714985 41.116657 0.000000 0.000000 
2.463096 -2.596986 0.054822 -22.293674 42.481251 0.000000 0.000000 
2.402371 -2.855962 -0.025062 -19.890099 43.432503 0.000000 0.000000 
2.405774 -3.124346 -0.097223 -28.483475 38.328819 0.000000 0.000000 
2.452816 -3.535254 0.078724 -14.239033 46.221622 0.000000 0.000000 
2.482185 -3.515709 0.107058 -13.323242 46.460186 0.000000 0.000000 
2.514671 -3.614106 0.074617 -9.776279 49.216606 0.000000 0.000000 
2.433165 -3.956109 0.027544 -19.165852 42.203484 0.000000 0.000000 
2.452271 -4.140115 0.030750 -14.902677 43.388573 0.000000 0.000000 
2.472491 -4.186727 0.054655 -15.257042 43.728558 0.000000 0.000000 
2.432563 -4.472671 -0.078599 -17.875927 40.066345 0.000000 0.000000 
2.456234 -4.547699 -0.085496 -20.953274 41.232712 0.000000 0.000000 
2.468258 -4.602169 -0.072396 -20.060661 40.571667 0.000000 0.000000 
2.476900 -4.733545 -0.046471 -19.548359 35.900166 0.000000 0.000000 
2.453375 -5.061261 0.076888 -9.579422 44.070938 0.000000 0.000000 
2.474684 -5.157911 0.065443 -11.447948 42.913788 0.000000 0.000000 
2.405451 -5.340533 -0.160809 -12.221119 40.877846 0.000000 0.000000 
2.448952 -5.499388 0.003164 -1.633148 46.466553 0.000000 0.000000 
2.446674 -5.501923 0.035834 0.797901 54.563492 0.000000 0.000000 
2.434240 -5.507965 0.014512 -1.873779 45.754036 0.000000 0.000000 
2.472461 -6.251665 0.073356 -9.172428 42.132320 0.000000 0.000000 
2.483139 -6.359316 0.039383 -6.082626 45.078220 0.000000 0.000000 
2.481055 -6.470902 -0.130567 -7.660961 44.246719 0.000000 0.000000 
2.477104 -6.745644 0.059776 -6.979000 43.949375 0.000000 0.000000 
2.471677 -6.794669 -0.032974 -6.415352 42.550999 0.000000 0.000000 
2.416092 -7.062065 -0.127949 -9.018326 44.674076 0.000000 0.000000 
2.434278 -7.229447 -0.082706 -2.564026 44.670647 0.000000 0.000000 
2.437660 -7.231596 0.025200 -4.103313 43.951195 0.000000 0.000000 
2.290074 -7.531079 0.143733 -7.472225 38.818413 0.000000 0.000000 
2.372200 -7.514087 0.088138 -9.769764 39.140564 0.000000 0.000000 
2.378983 -7.659787 0.052989 -7.118629 39.783150 0.000000 0.000000 
2.290660 -7.922652 0.075482 -4.606438 40.449883 0.000000 0.000000 
2.265448 -8.234751 -0.194850 -9.565712 40.962074 0.000000 0.000000 
2.411645 -8.426001 0.167486 -8.582344 37.717709 0.000000 0.000000 
2.451230 -8.461279 0.350663 -10.690407 32.541698 0.000000 0.000000 
2.270313 4.762397 -0.008951 -28.243809 26.769558 0.000000 0.000000 
2.415697 4.819921 -0.025670 -27.634529 28.468561 0.000000 0.000000 
2.485881 5.387350 -0.079019 -37.804119 21.115789 0.000000 0.000000 
2.310109 5.970652 -0.077274 -42.059536 18.934330 0.000000 0.000000 
2.355838 5.963268 -0.058292 -39.439857 20.814047 0.000000 0.000000 
2.460242 6.547567 -0.064019 -39.039185 23.130989 0.000000 0.000000 
2.291813 6.959620 0.037291 -10.944336 45.704594 0.000000 0.000000 
2.319077 6.984840 0.041780 -11.266983 46.632523 0.000000 0.000000 
2.384120 7.450079 -0.081553 -26.849827 32.048271 0.000000 0.000000 
2.291673 7.627868 -0.076003 -30.968742 29.002995 0.000000 0.000000 
2.288515 7.909781 -0.038933 -21.255836 34.994614 0.000000 0.000000 
2.373079 7.974748 -0.029723 -21.953831 36.977085 0.000000 0.000000 
2.412387 8.408945 -0.019098 -24.730125 29.065262 0.000000 0.000000 
2.270421 8.588694 -0.140493 -37.756401 23.157244 0.000000 0.000000 
2.268961 8.955360 0.017668 -8.519432 42.804523 0.000000 0.000000 
2.302091 9.001172 0.021797 -6.639736 42.795731 0.000000 0.000000 
2.328248 9.744319 -0.095731 -22.765789 24.837128 0.000000 0.000000 
2.039327 12.803686 -0.093338 -36.061371 12.757748 1.000000 1.000000 
2.220482 -8.652872 -0.050428 -21.386414 22.482622 1.000000 1.000000 
-6.825262 0.010543 0.111204 1.150475 48.264679 0.000000 0.000000 
-6.938358 0.019891 0.147764 6.037415 56.073784 0.000000 0.000000 
2.077771 -7.362004 1.676286 -12.641121 39.961121 0.000000 0.000000 
2.453998 -8.926768 -0.010015 -2.587784 38.648373 0.000000 0.000000 
2.486807 -8.960098 -0.038079 -1.774696 41.872704 0.000000 0.000000 
2.412046 -9.478332 0.151945 0.847237 40.417076 0.000000 0.000000 
2.407412 -9.513603 0.135172 3.567398 45.372044 0.000000 0.000000 
2.195864 -10.162130 -0.233395 -7.749847 36.382149 0.000000 0.000000 
2.441092 -10.240252 -0.148384 -4.571426 38.500534 0.000000 0.000000 
2.469333 -10.230784 -0.138109 -3.819717 39.016346 0.000000 0.000000 
2.252553 -10.536877 -0.089938 -5.555634 33.894279 0.000000 0.000000 
2.315576 -10.526443 -0.061467 -2.804764 39.410870 0.000000 0.000000 
2.113163 -10.828296 -0.373694 -3.738533 35.699921 0.000000 0.000000 
2.184387 -10.874348 -0.262670 -3.537155 37.374939 0.000000 0.000000 
2.210385 -10.972939 -0.344716 -7.638855 33.844841 0.000000 0.000000 
2.246109 -11.037350 -0.297329 -5.779709 36.221687 0.000000 0.000000 
2.314026 -11.131453 -0.320567 -8.285904 34.677032 0.000000 0.000000 
-2.001142 -11.841105 1.763295 -18.978661 33.221069 0.000000 1.000000 
-6.269888 -10.464700 1.123980 -11.951248 31.040981 0.000000 0.000000 
-11.969856 2.489456 0.533962 -14.149643 28.871399 1.000000 1.000000 
-5.939765 -12.741854 0.131641 -10.514137 28.906387 0.000000 0.000000 
-6.421089 -12.964651 -2.968894 -9.606262 28.824480 0.000000 0.000000 
-6.262587 -16.321365 -5.840102 -8.939537 22.699825 0.000000 0.000000 
-18.295824 -1.830416 -0.242166 2.383156 36.208382 0.000000 0.000000 
-18.469494 -1.131526 -1.097942 -11.197639 26.991289 0.000000 0.000000 
7.265216 -17.339809 -6.237866 -13.033981 22.396471 0.000000 1.000000 
-6.252908 -18.562607 5.484747 -13.992355 22.919090 0.000000 0.000000 
-6.784370 -18.743160 -1.821937 -10.236504 24.759789 0.000000 0.000000 
-17.671913 -9.324006 1.051326 -6.779510 25.712257 1.000000 1.000000 
-5.895706 -19.398552 -5.843914 -14.055298 24.551962 0.000000 0.000000 
-18.145205 -8.981649 1.206212 -5.521194 27.037363 0.000000 0.000000 
-18.141626 -9.814913 1.576879 -10.208008 24.229250 0.000000 0.000000 
-20.359777 -1.033576 -1.117952 6.218704 40.807701 0.000000 0.000000 
-20.360479 -0.891279 -1.233690 3.652161 37.939945 0.000000 0.000000 
-21.179832 -0.689341 -0.637970 -8.704727 28.027618 0.000000 0.000000 
-21.087770 3.466321 7.421415 -6.901344 26.961609 0.000000 0.000000 
-21.700924 4.855483 0.302710 -6.655029 27.991543 0.000000 0.000000 
-6.290379 -24.001186 -5.285450 -6.058693 24.293215 0.000000 0.000000 
12.320191 -27.873814 6.083848 0.971619 29.290989 0.000000 0.000000 
12.761196 -28.222416 10.492035 -2.611206 25.848696 0.000000 0.000000 
-20.531103 -24.348557 2.458236 4.305739 30.315435 0.000000 0.000000 
-19.554808 -25.185482 1.939849 0.519539 28.127010 0.000000 0.000000 
-20.667393 -24.613518 2.225447 -1.208145 26.430321 0.000000 0.000000 
-21.117165 -24.722958 3.584659 1.054268 27.764839 0.000000 0.000000 
-7.085639 -32.103600 -1.174976 -5.060059 23.435364 0.000000 1.000000 
15.776919 -28.213741 10.828400 -0.748878 23.843706 0.000000 0.000000 
-8.584048 -33.164806 -2.548670 -4.704475 23.407749 0.000000 1.000000 
11.918783 -32.954494 2.609521 -4.772301 21.241428 0.000000 1.000000 
-19.868923 -30.639400 1.247103 1.574821 26.560080 0.000000 0.000000 
-19.986549 -30.786049 -0.357033 -3.937263 20.612621 0.000000 0.000000 
-6.600789 -36.497303 -2.947811 -4.104057 23.062454 0.000000 0.000000 
-6.882146 -36.449429 8.154024 -5.371330 21.558764 0.000000 0.000000 
-19.974886 -33.465439 2.571289 2.608421 24.635372 0.000000 0.000000 
-19.993816 -33.535877 2.143432 -1.147781 24.232283 0.000000 0.000000 
-20.406712 -33.338280 3.215408 1.058235 24.930946 0.000000 0.000000 
-38.868744 -1.229409 11.938063 -11.826500 18.336021 0.000000 1.000000 
10.195166 -39.974457 3.558496 -1.318420 22.742310 0.000000 0.000000 
-5.014368 -49.222885 7.160460 0.201622 23.230856 0.000000 1.000000 
22.131895 -44.232491 0.155321 -2.866684 19.557631 0.000000 0.000000 
23.381643 -43.588924 0.632793 1.918121 18.864082 0.000000 0.000000 
19.711544 -52.056786 3.333569 -1.000984 18.672445 0.000000 0.000000 
19.995699 -56.967258 1.946634 1.231400 17.578550 0.000000 0.000000 
-4.524961 -61.226494 4.258516 -2.196381 16.617561 0.000000 0.000000 
-6.499481 -61.119942 3.924846 1.810928 18.033735 0.000000 0.000000 
-6.216225 -61.275803 3.138237 4.470749 20.424873 0.000000 0.000000 
-6.240403 -61.329582 1.747213 3.881805 21.531502 0.000000 0.000000 
21.023952 -57.822464 -0.389573 1.832275 19.015873 0.000000 0.000000 
-81.382622 -52.610462 7.986556 11.131241 19.991514 0.000000 0.000000 
57.408394 -102.640282 7.059470 17.859711 19.124508 0.000000 0.000000 
56.323067 -103.357933 5.176225 21.074532 21.484602 0.000000 0.000000 
53.890720 -104.771538 5.166332 10.644333 14.310671 0.000000 0.000000 
63.540615 -109.630119 4.579908 21.381645 22.066910 0.000000 0.000000 
60.851109 -147.459595 9.041849 19.839920 18.533222 0.000000 0.000000 
2.297906 -8.751806 0.039770 -1.958313 43.687687 0.000000 0.000000 
2.252837 -8.956276 -0.011473 4.833159 46.642776 0.000000 0.000000 
2.246176 -8.959157 -0.030935 3.274300 47.345730 0.000000 0.000000 
2.105074 -9.434254 -0.224368 -1.513069 43.379509 0.000000 0.000000 
2.185787 -9.476024 0.018712 -4.877632 40.932545 0.000000 0.000000 
2.196591 -9.683754 -0.140880 -3.974953 40.168720 0.000000 0.000000 
2.196090 -9.795770 -0.235191 -4.264717 40.152493 0.000000 0.000000 
2.182019 -9.958462 -0.251559 -3.531487 39.386246 0.000000 0.000000 
2.292214 -10.132106 -0.279037 -2.570465 39.024338 0.000000 0.000000 
2.227901 -10.219363 0.292132 -2.549767 40.193314 0.000000 0.000000 
2.216257 -10.366736 0.147029 -4.036919 39.197872 0.000000 0.000000 
2.231266 -10.605738 -0.090218 -0.738197 42.268944 0.000000 0.000000 
2.274130 -10.616146 0.046364 -1.921478 40.367683 0.000000 0.000000 
2.225953 -11.045257 -0.274712 0.680145 43.982224 0.000000 0.000000 
2.165747 -11.108395 -0.170208 1.449463 43.088989 0.000000 0.000000 
2.253159 -11.380211 0.028997 -8.571495 39.549229 0.000000 0.000000 
2.351767 -11.435871 0.062751 -4.295174 42.279976 0.000000 0.000000 
2.121468 -11.600596 0.269500 -4.618126 38.396523 0.000000 0.000000 
2.058355 -11.847295 0.079805 -1.759041 40.240665 0.000000 0.000000 
4.123498 -12.304139 3.332006 -7.565430 34.470196 0.000000 1.000000 
-6.821368 -13.480387 -1.700420 -5.200752 27.616262 0.000000 0.000000 
-7.490139 -13.331601 -4.808865 -9.340187 23.651100 0.000000 0.000000 
12.973111 -9.515409 -0.608537 -13.062363 27.677048 0.000000 1.000000 
7.307017 -14.979634 -3.209167 -8.185158 27.971321 0.000000 1.000000 
-6.329750 -14.885836 -4.792329 -5.031639 30.232658 0.000000 0.000000 
16.958164 8.634847 0.296143 10.116592 38.021828 0.000000 0.000000 
17.010056 8.758955 0.595594 9.844734 38.058254 0.000000 0.000000 
21.594957 -1.796037 -1.423941 -5.763741 29.990519 0.000000 0.000000 
22.036860 9.307469 0.348544 7.157135 38.828236 0.000000 0.000000 
21.725204 10.160131 0.505584 8.662453 37.218861 0.000000 0.000000 
22.682364 -10.809831 -1.742882 -1.133186 29.331835 0.000000 0.000000 
22.619699 -11.076314 -2.229933 0.237038 29.620323 0.000000 0.000000 
26.428364 -1.602295 1.010943 -6.107201 28.622320 0.000000 0.000000 
27.076717 -2.954370 4.642809 -9.976929 27.452152 0.000000 0.000000 
27.588612 0.080525 0.515805 4.173645 36.643715 0.000000 0.000000 
27.725830 -1.069206 11.544242 -3.387245 35.437195 0.000000 0.000000 
26.344471 8.895730 -0.255711 13.327171 38.286453 0.000000 0.000000 
26.465990 8.850922 0.181370 11.395981 37.078468 0.000000 0.000000 
26.832123 8.160551 -3.564357 4.576797 30.154837 0.000000 0.000000 
25.018972 -15.334663 0.812279 -1.988708 29.929583 0.000000 0.000000 
25.337481 -14.900418 1.279091 -2.932037 29.307138 0.000000 0.000000 
25.546621 -15.228819 -0.353447 1.131065 28.202925 0.000000 0.000000 
25.802490 -15.015380 8.292939 -2.643860 25.328054 0.000000 0.000000 
28.086681 8.029186 -4.371480 0.680519 27.999294 0.000000 0.000000 
28.604841 8.599367 -0.589166 14.201706 37.573292 0.000000 0.000000 
28.552341 8.799675 -0.558760 16.785263 39.381111 0.000000 0.000000 
29.150108 10.710712 0.140855 0.527306 29.624741 0.000000 0.000000 
23.525373 -21.691124 0.409589 3.818008 30.441475 0.000000 0.000000 
23.575632 -21.699409 0.336434 6.751480 33.249775 0.000000 0.000000 
30.430950 8.360493 0.220368 9.390251 32.918327 0.000000 0.000000 
30.501684 8.131090 -0.191056 9.251259 33.155193 0.000000 0.000000 
30.490601 -12.107827 5.459192 -6.331245 23.878178 0.000000 1.000000 
32.582333 1.348895 1.466274 13.434647 39.510910 0.000000 0.000000 
32.699482 1.200883 1.118739 14.002144 41.742252 0.000000 0.000000 
23.286470 -24.109009 -0.016191 -0.506737 26.509819 0.000000 0.000000 
33.199490 0.675399 8.372200 -3.410507 25.591461 0.000000 0.000000 
32.358570 9.072851 -0.520004 16.815170 36.158089 0.000000 0.000000 
32.306870 9.243679 -0.733705 17.252205 38.420815 0.000000 0.000000 
32.397415 9.132818 -0.750679 20.478874 42.834377 0.000000 0.000000 
4.447125 -34.342937 0.034462 -9.800224 17.732935 1.000000 0.000000 
6.813673 -34.097290 -0.376451 -2.738426 24.510576 0.000000 0.000000 
3.722198 -34.604740 -1.148469 -8.286530 20.346518 1.000000 0.000000 
3.718699 -34.644058 -1.073227 -8.818535 20.332439 1.000000 0.000000 
4.264425 -35.202824 -0.121597 -5.916916 21.000866 1.000000 0.000000 
4.367832 -35.426193 -0.899215 -6.961769 22.316650 1.000000 0.000000 
6.953095 -35.192425 -0.950239 0.513412 27.819351 0.000000 0.000000 
4.809454 -35.612972 -0.099113 -7.880730 17.303591 1.000000 0.000000 
34.460648 -11.545657 -2.418015 0.015961 26.662512 0.000000 1.000000 
7.050969 -36.419090 -0.171736 1.428406 26.045994 0.000000 0.000000 
6.831166 -36.458801 -0.122512 -0.184860 25.374983 0.000000 0.000000 
6.454891 -36.539150 -1.157519 -1.402473 23.550045 0.000000 0.000000 
6.242840 -38.085579 1.774409 -4.875153 21.902042 0.000000 0.000000 
39.023060 6.857399 9.475179 3.274216 28.710470 0.000000 0.000000 
41.673386 -1.062297 12.457197 8.622566 31.502970 0.000000 0.000000 
34.968426 -23.398548 3.624001 1.503265 26.614956 0.000000 1.000000 
38.766762 14.433485 -1.371154 -0.202164 23.830824 0.000000 0.000000 
43.138363 0.024163 1.608422 4.654961 27.507326 0.000000 0.000000 
43.242100 0.046692 -0.192301 3.621437 24.766407 0.000000 0.000000 
43.308979 -0.749578 1.686140 0.961372 25.483931 0.000000 0.000000 
43.711994 -9.479833 11.887128 0.787903 24.063374 0.000000 0.000000 
43.885647 14.637564 0.131304 -1.544701 18.219227 0.000000 0.000000 
46.646561 8.256789 -4.085818 19.755852 35.587276 0.000000 0.000000 
47.695065 6.254924 11.150706 4.719055 26.108727 0.000000 0.000000 
52.524338 9.192696 0.202523 16.582695 32.703541 0.000000 0.000000 
52.553013 9.376443 0.019537 18.779579 33.140141 0.000000 0.000000 
52.699966 8.619777 -0.149946 15.803360 33.973576 0.000000 0.000000 
53.435738 10.482111 -0.932874 -0.474396 18.554480 0.000000 0.000000 
53.305489 11.106882 0.312753 1.378258 18.766916 0.000000 0.000000 
53.439266 11.035813 -0.210280 2.229614 20.119829 0.000000 0.000000 
54.914570 7.059415 -0.365763 22.545219 38.385185 0.000000 0.000000 
54.971500 7.030648 -0.785085 19.733940 34.408070 0.000000 0.000000 
56.830326 6.944555 -2.517072 15.975929 29.798983 0.000000 0.000000 
56.730934 9.422700 0.770204 13.213860 26.536228 0.000000 0.000000 
56.830021 9.231452 1.869393 11.190956 26.094959 0.000000 0.000000 
58.037102 1.111348 -0.528098 9.224669 28.006079 0.000000 1.000000 
58.029339 1.404552 0.814474 12.029587 29.466486 0.000000 0.000000 
58.190163 7.388136 -3.506767 8.688927 23.901848 0.000000 0.000000 
58.438671 6.384892 -3.913283 6.469832 22.852106 0.000000 0.000000 
58.554539 8.595643 -1.097441 20.891533 33.600224 0.000000 0.000000 
58.744087 8.341488 -1.206000 20.942314 34.669140 0.000000 0.000000 
60.436749 9.632565 -0.107152 24.014694 37.023701 0.000000 0.000000 
60.374783 9.978495 0.104311 21.007935 33.913475 0.000000 0.000000 
61.963394 -9.254703 3.323209 10.406792 26.633970 0.000000 0.000000 
62.068909 -8.888557 3.747478 11.138687 26.993971 0.000000 0.000000 
62.013557 -10.769186 0.911287 5.959389 21.996572 0.000000 0.000000 
62.047798 -11.304749 1.400221 5.729805 22.690636 0.000000 0.000000 
62.669792 8.680301 -1.770864 12.354599 28.129181 0.000000 0.000000 
62.720688 8.593638 -2.478106 11.789589 27.674620 0.000000 0.000000 
64.128052 -8.967940 4.754164 5.020142 22.594545 0.000000 0.000000 
64.114990 -9.077076 4.247830 4.460793 20.590117 0.000000 1.000000 
57.632751 -31.594234 2.108079 13.233467 25.620441 0.000000 0.000000 
57.722332 -31.598576 3.412186 14.135704 27.523777 0.000000 0.000000 
57.463875 -32.106976 5.449782 13.641876 27.564774 0.000000 0.000000 
66.113106 11.149178 2.090346 4.895149 18.942030 0.000000 1.000000 
66.789177 -10.161695 -0.144497 10.638145 27.940910 0.000000 0.000000 
66.766747 -10.596926 0.539840 13.714577 29.810474 0.000000 0.000000 
67.527733 -11.718124 5.078732 2.255493 17.469013 0.000000 0.000000 
68.004539 9.836627 -2.603198 8.589447 21.715267 0.000000 0.000000 
67.748917 13.200038 2.261761 22.605713 32.757221 0.000000 0.000000 
67.890488 13.042802 1.790469 24.763496 35.382820 0.000000 0.000000 
69.699760 -10.611997 3.883782 5.801857 19.793121 0.000000 1.000000 
70.330208 -10.308206 -4.244121 10.691521 25.945950 0.000000 0.000000 
70.512505 8.857471 -1.667749 11.936951 24.635946 0.000000 0.000000 
70.392372 9.718433 -0.274389 11.042419 24.241402 0.000000 0.000000 
70.373108 9.877155 1.287357 11.820854 22.995522 0.000000 0.000000 
72.549660 9.138110 0.031468 29.494705 39.859280 0.000000 0.000000 
72.639420 8.890317 -0.173365 25.707237 35.367809 0.000000 0.000000 
74.839012 6.476026 -3.346618 11.969688 24.122482 0.000000 0.000000 
74.880867 6.940481 -3.690649 16.296112 27.293108 0.000000 0.000000 
76.778961 7.905879 -2.268292 16.223465 27.539829 0.000000 0.000000 
7.828471 -77.207336 -2.863205 6.298987 21.328812 0.000000 0.000000 
76.863853 7.562044 -2.797356 15.408974 26.233620 0.000000 0.000000 
7.942582 -77.230408 -2.281946 13.085297 26.501080 0.000000 0.000000 
78.645073 8.566304 -1.446938 20.702171 30.706699 0.000000 0.000000 
78.852615 8.166638 -1.956765 18.820251 29.377029 0.000000 0.000000 
80.592712 8.475429 -2.357643 11.970184 22.862558 0.000000 0.000000 
80.689377 8.747880 -1.924594 14.464447 26.497902 0.000000 0.000000 
80.612358 9.828278 -0.190384 10.514381 23.382961 0.000000 0.000000 
8.412776 -81.838104 1.483738 3.489815 17.386763 0.000000 0.000000 
82.069641 -10.874182 8.529092 4.246078 17.782848 0.000000 0.000000 
83.305244 -10.374063 10.183560 3.662392 16.899769 0.000000 0.000000 
55.591492 -64.305229 6.363422 9.721382 17.762270 0.000000 0.000000 
-34.877205 -77.134918 3.985500 6.263359 15.435740 0.000000 0.000000 
84.379738 10.436125 -0.906166 11.298141 22.333244 0.000000 0.000000 
84.477188 10.496764 -0.747781 12.266380 23.541937 0.000000 0.000000 
86.330307 10.766627 1.972954 13.639709 21.655214 0.000000 0.000000 
86.441925 10.311439 1.391563 13.972588 21.150013 0.000000 0.000000 
57.700809 -67.821770 6.062649 17.512268 25.553974 0.000000 0.000000 
57.849216 -67.811737 5.644420 17.061211 24.620037 0.000000 0.000000 
88.549339 10.057229 3.083372 13.716187 23.573133 0.000000 0.000000 
88.527664 10.251573 3.142024 16.768097 25.195406 0.000000 0.000000 
89.457489 -0.474944 -0.021883 5.987389 17.586061 0.000000 0.000000 
89.124092 -10.903971 8.145425 9.718971 22.169189 0.000000 0.000000 
89.293091 -9.656765 9.780043 7.671364 20.739920 0.000000 0.000000 
-26.786543 -85.963135 2.440687 9.073288 16.762529 0.000000 0.000000 
-27.817400 -85.734573 2.085413 8.063362 16.029766 0.000000 0.000000 
90.489891 9.769048 1.018501 22.024055 28.947826 0.000000 0.000000 
90.599632 10.138795 1.051403 24.925201 31.923157 0.000000 0.000000 
91.094902 -11.511606 8.267174 7.166924 23.120634 0.000000 0.000000 
91.118462 -12.136726 7.661157 7.588286 21.572821 0.000000 0.000000 
91.096786 -12.359996 8.906683 7.943222 23.575466 0.000000 0.000000 
91.362236 -11.966952 9.570107 6.333014 18.339483 0.000000 0.000000 
91.407036 -12.294788 13.606774 14.526192 24.699020 0.000000 0.000000 
91.469666 -12.427662 11.254773 9.278252 20.255524 0.000000 0.000000 
91.531265 -12.128551 11.754654 9.263390 19.569944 0.000000 0.000000 
91.550804 -12.423912 14.169485 11.961998 22.986786 0.000000 0.000000 
91.983490 -11.957744 12.505722 6.941269 17.878689 0.000000 0.000000 
92.782341 8.024385 -1.241524 19.846466 28.092442 0.000000 0.000000 
92.842125 7.996895 -1.225595 17.623611 24.906765 0.000000 0.000000 
92.727928 -12.385039 13.289760 7.869781 17.888849 0.000000 0.000000 
93.987350 -11.819487 6.171168 3.488137 15.666552 0.000000 0.000000 
94.578995 9.117596 1.286424 8.168404 14.772470 0.000000 0.000000 
96.297600 -12.177813 8.393252 11.201401 20.958355 0.000000 0.000000 
96.352600 -12.149248 7.515695 12.009842 21.539185 0.000000 0.000000 
97.460655 -12.286949 7.825070 8.278975 17.189173 0.000000 0.000000 
108.509361 -9.716010 9.141388 12.186501 18.211159 0.000000 0.000000 
108.536522 -9.806997 9.739613 12.914207 18.564594 0.000000 0.000000 
107.773010 16.310318 -0.183824 16.758499 22.196869 0.000000 0.000000 
107.917862 15.680703 -1.729569 12.856285 18.411745 0.000000 0.000000 
55.308517 -103.732292 -4.193965 16.738441 21.856514 0.000000 0.000000 
55.023964 -103.884506 -3.627341 17.113487 22.041435 0.000000 0.000000 
118.261803 1.537218 2.058148 13.240105 21.481989 0.000000 0.000000 
118.277946 2.958387 2.476581 14.562744 23.281118 0.000000 0.000000 
118.517281 -0.539110 2.973877 10.961128 20.434467 0.000000 0.000000 
118.667587 7.767265 -5.627257 14.742134 18.940983 0.000000 0.000000 
118.791176 8.787964 -4.352459 13.822960 19.306610 0.000000 0.000000 
118.813705 9.119200 -3.996758 14.806190 18.997293 0.000000 0.000000 
119.897926 1.581613 -0.614847 7.735878 15.667717 0.000000 0.000000 
119.972122 0.410236 -1.628938 8.668472 16.242722 0.000000 0.000000 
124.638084 8.583052 -3.401989 11.004150 15.998013 0.000000 0.000000 
127.312469 17.368462 4.433319 20.447647 21.533817 0.000000 0.000000 
128.756256 7.071859 -5.026444 11.853477 14.503109 0.000000 0.000000 
10.397377 -129.282852 2.174944 14.096939 17.344080 0.000000 0.000000 
6.994122 -130.714783 -3.889245 9.695679 15.571285 0.000000 0.000000 
8.103477 -131.883881 2.519582 10.872711 14.886686 0.000000 0.000000 
7.819687 -134.370331 1.370203 17.040108 19.315086 0.000000 0.000000 
134.364548 9.866708 -5.917623 15.258636 17.057796 0.000000 0.000000 
6.583615 -135.662125 -0.985843 14.635880 19.008839 0.000000 0.000000 
67.506577 -119.486481 8.372614 14.702080 18.940269 0.000000 0.000000 
136.636505 11.148453 -4.391427 15.982033 17.918566 0.000000 0.000000 
8.550532 -138.057220 1.991565 11.639702 14.238108 0.000000 0.000000 
138.259445 11.852217 -1.054814 19.999649 20.962477 0.000000 0.000000 
7.375714 -140.868027 -0.322006 12.352448 15.188374 0.000000 0.000000 
140.417313 11.351810 -3.050300 14.287399 14.731770 0.000000 0.000000 
8.968464 -142.100449 -5.455897 14.325027 16.717688 0.000000 0.000000 
142.191956 13.742035 1.929212 21.660545 22.579554 0.000000 0.000000 
8.450393 -143.363831 0.502376 23.163872 26.172970 0.000000 0.000000 
63.625877 -128.956070 4.349472 14.161598 15.505323 0.000000 0.000000 
7.265228 -143.865372 -4.588116 10.502937 14.031673 0.000000 0.000000 
7.486458 -144.649551 -3.606533 22.478775 23.486502 0.000000 0.000000 
144.262985 13.578187 6.626672 14.324738 16.153902 0.000000 0.000000 
6.067637 -145.855652 -0.217779 12.809242 15.226295 0.000000 0.000000 
7.415178 -145.883560 -3.429102 18.829521 21.022499 0.000000 0.000000 
7.845951 -147.095657 -1.407178 25.015633 27.561724 0.000000 0.000000 
8.504841 -148.292191 -4.077429 21.806305 23.028252 0.000000 0.000000 
148.441864 12.921676 1.357991 18.331673 18.631741 0.000000 0.000000 
6.661653 -149.608566 -4.150180 18.710152 20.205976 0.000000 0.000000 
6.605527 -150.838501 -7.418508 13.764435 15.928631 0.000000 0.000000 
150.121323 13.088479 2.133219 17.230080 17.004337 0.000000 0.000000 
150.555420 12.167540 7.109653 16.895912 16.297529 0.000000 0.000000 
152.633942 11.612026 -0.494157 14.864494 14.378119 0.000000 0.000000 
3.764937 -159.149963 -2.360317 13.034203 17.101072 0.000000 0.000000 
164.135269 -14.148469 13.983817 20.245399 20.957296 0.000000 0.000000 
166.280075 -13.002073 14.361339 16.126373 15.576448 0.000000 0.000000 
58.243626 -158.835876 5.606668 13.564034 15.366156 0.000000 0.000000 
8.382705 -173.338333 -5.083513 21.564209 20.730995 0.000000 0.000000 
1.771271 4.557782 -0.031839 -45.751469 17.633841 1.000000 1.000000 
3.036394 10.599407 0.065172 -30.948692 11.170597 1.000000 1.000000 
1.701727 11.161302 -0.013644 -38.090942 9.889946 1.000000 1.000000 
2.295129 12.326433 0.394823 -16.024857 32.962669 0.000000 0.000000 
2.029008 12.474506 -0.068431 -35.689873 15.485304 1.000000 1.000000 
4.367023 11.719316 0.407172 -33.569580 14.760180 1.000000 1.000000 
2.219538 12.839043 -1.005195 -11.425270 36.059540 0.000000 0.000000 
2.198795 13.102163 0.100433 -10.860733 33.674377 0.000000 0.000000 
2.278778 13.528894 -0.079447 -2.145874 38.324181 0.000000 0.000000 
2.362800 13.953167 -0.107241 -0.032257 41.344330 0.000000 0.000000 
2.133654 14.169514 -0.066756 -28.933952 12.744446 1.000000 1.000000 
2.481871 14.263556 0.102744 -31.788124 10.165798 1.000000 1.000000 
2.323596 14.383500 -0.153583 3.025955 43.641735 0.000000 0.000000 
2.312924 14.394786 -0.160103 0.222130 40.118793 0.000000 0.000000 
2.303028 14.493578 -0.149111 2.094193 41.357082 0.000000 0.000000 
2.181473 14.640575 -0.047213 -35.473457 7.866359 1.000000 1.000000 
2.354660 14.842555 -0.124919 -3.569939 35.254913 0.000000 0.000000 
2.270347 15.183969 0.142089 -9.498016 35.760452 0.000000 0.000000 
2.276573 15.286263 0.177662 -12.702141 36.345615 0.000000 0.000000 
2.139453 15.433213 3.390557 -19.548714 26.061106 1.000000 1.000000 
2.531068 15.581923 -0.090873 -32.011879 12.417065 1.000000 1.000000 
2.319722 15.722354 0.327154 -6.610573 35.819351 0.000000 0.000000 
2.332780 15.827049 0.258549 -7.803131 32.476112 0.000000 0.000000 
2.248460 16.180424 -0.187532 -15.477777 33.264183 0.000000 0.000000 
2.059586 16.323467 -0.255023 -18.062447 24.999140 1.000000 1.000000 
2.337678 16.605644 -0.050918 -7.642006 35.514198 0.000000 0.000000 
2.335447 16.713388 -0.026271 -5.710777 34.550163 0.000000 0.000000 
2.206222 16.740129 0.232169 -18.019363 27.430965 0.000000 0.000000 
2.192406 17.235199 -0.044846 -18.289291 28.475199 0.000000 0.000000 
2.691558 17.205101 0.550460 -41.058838 10.390472 1.000000 1.000000 
2.269237 17.514904 -0.163799 -3.396614 36.672192 0.000000 0.000000 
2.290648 17.535210 -0.075605 -2.848343 36.841118 0.000000 0.000000 
2.230133 17.828434 -0.135063 -34.427208 7.874614 1.000000 1.000000 
2.300026 17.951475 0.313621 -6.877831 30.772934 0.000000 0.000000 
2.402636 18.236053 -0.182384 -11.675781 27.297897 1.000000 1.000000 
2.345398 18.261774 0.350481 -4.079391 30.543190 0.000000 0.000000 
2.339422 18.361229 -1.343458 -5.888435 34.214436 0.000000 0.000000 
2.275612 18.698383 0.049902 -11.767654 26.848572 0.000000 0.000000 
2.245515 19.320839 0.250023 -8.396713 29.407351 0.000000 0.000000 
2.073988 19.475607 0.029939 -21.399696 16.419796 1.000000 1.000000 
2.179428 19.740915 -0.065662 3.216927 40.271164 0.000000 0.000000 
2.230051 19.870216 0.191206 2.867821 39.984638 0.000000 0.000000 
2.202588 20.424326 0.365773 -4.225204 34.004639 0.000000 0.000000 
2.244660 20.451517 -0.115400 -1.174545 37.458237 1.000000 1.000000 
2.152418 20.576675 -0.549601 8.293396 46.691696 0.000000 0.000000 
2.221325 20.995277 -0.438972 -0.533882 35.024628 0.000000 0.000000 
2.189608 21.001348 -0.482544 5.415291 42.458603 0.000000 0.000000 
-6.575329 22.906931 0.293088 -7.010330 29.354038 0.000000 0.000000 
-6.568354 23.074833 0.398169 -6.963089 30.056723 0.000000 0.000000 
-6.859493 23.941069 0.206910 -26.963943 12.045868 1.000000 1.000000 
-7.519752 24.103600 0.692159 -13.998558 26.661671 0.000000 0.000000 
-7.372087 24.167374 0.742354 -12.189461 28.002056 0.000000 0.000000 
3.400036 26.532682 0.105428 -14.160492 25.319237 0.000000 0.000000 
-5.998838 26.408304 0.130266 -13.467194 25.273891 0.000000 0.000000 
16.352800 21.251438 0.603693 -8.708656 20.240608 0.000000 1.000000 
-7.501777 26.867037 1.632955 -13.132469 25.037434 0.000000 0.000000 
-7.750912 27.096014 4.408818 -10.349365 25.965363 0.000000 0.000000 
7.326024 27.387442 2.694797 -14.192009 26.172371 0.000000 0.000000 
-0.040712 29.335632 -0.226028 -13.259941 25.105526 0.000000 0.000000 
0.059205 29.351454 -0.293698 -15.728523 24.842766 0.000000 0.000000 
0.064275 29.386856 0.075739 -16.138092 24.457357 0.000000 0.000000 
-7.426702 28.661009 3.712565 -16.501213 24.190809 0.000000 0.000000 
20.217590 20.187387 7.305538 0.535736 23.897440 0.000000 0.000000 
0.461787 30.466413 -1.053717 -19.828735 21.604443 0.000000 0.000000 
9.266045 29.003239 3.750306 -9.574203 27.162350 0.000000 0.000000 
21.676268 20.898378 8.682450 -0.625496 22.994381 0.000000 0.000000 
-19.406519 23.554808 -0.235548 -0.332069 23.761778 0.000000 1.000000 
6.832952 31.733898 2.231248 -14.075882 21.538177 1.000000 1.000000 
6.440006 32.071041 -0.077553 -17.753891 20.676039 0.000000 0.000000 
7.093953 31.930063 -0.024873 -13.021042 23.605501 0.000000 0.000000 
6.942828 32.302212 2.259642 0.057610 32.401985 0.000000 0.000000 
7.097186 32.363602 2.383629 -0.145584 33.524467 0.000000 0.000000 
6.786839 32.692738 -0.593495 -16.806297 16.695457 1.000000 1.000000 
6.455142 32.981346 12.056038 -15.087456 23.404079 0.000000 0.000000 
6.982254 33.193768 5.168157 -15.193291 21.361902 0.000000 0.000000 
4.377815 33.814011 1.269298 -21.336525 20.238304 0.000000 0.000000 
6.952892 33.738972 -0.793311 -1.495720 32.161331 0.000000 0.000000 
7.047311 33.851795 -0.809129 -3.027893 30.175669 0.000000 0.000000 
6.285667 34.288261 -0.485024 -11.866142 22.798126 0.000000 0.000000 
6.300676 34.754864 -4.716397 -12.338760 24.034407 0.000000 0.000000 
2.259647 35.417309 -0.771393 -17.714066 22.125179 0.000000 1.000000 
7.508924 34.809280 3.772681 -15.247276 21.141832 0.000000 0.000000 
6.367463 35.320595 0.008298 -12.978737 20.828148 0.000000 0.000000 
8.696475 35.031155 2.165745 -6.382515 29.510704 0.000000 0.000000 
8.622106 35.096355 2.059817 -4.943901 29.551428 0.000000 0.000000 
6.822974 35.549873 3.964591 -8.474770 28.167078 0.000000 0.000000 
6.768901 35.901646 -0.515860 -11.823273 24.702614 0.000000 0.000000 
6.572431 36.057663 -5.591967 -5.968307 27.260006 0.000000 0.000000 
6.512559 36.329002 3.410970 -0.739067 29.552944 0.000000 0.000000 
6.629546 36.426056 2.708160 -10.157669 24.662533 0.000000 0.000000 
6.440239 36.836212 1.411053 -9.867073 23.226818 0.000000 0.000000 
6.034676 36.971947 5.209124 -13.127785 22.745098 0.000000 0.000000 
6.099886 37.008907 1.824326 -14.309189 23.254028 0.000000 0.000000 
7.023082 36.868690 3.351857 -14.988481 21.621286 0.000000 0.000000 
6.207448 37.412331 0.027587 -10.488312 23.318987 0.000000 0.000000 
29.210766 22.322439 6.028823 4.260422 20.381968 0.000000 0.000000 
22.466385 30.370899 1.099338 1.073708 21.829544 0.000000 0.000000 
22.503109 30.659603 1.181775 -3.672768 21.805298 0.000000 0.000000 
22.095743 31.019728 0.563953 1.789131 21.989559 0.000000 0.000000 
6.236038 38.683083 0.700805 -17.322777 20.091919 0.000000 0.000000 
8.933065 38.169624 -0.577481 -18.791908 18.895475 0.000000 0.000000 
23.101831 31.501488 0.995610 -3.321167 17.158670 1.000000 1.000000 
9.796028 39.240940 4.070549 -15.761621 19.521927 0.000000 0.000000 
5.870020 40.559647 6.652108 -12.117477 21.423309 0.000000 0.000000 
5.959980 40.866047 9.146964 -19.117744 17.178814 0.000000 0.000000 
6.370456 41.296478 1.229307 -14.844261 18.399393 0.000000 0.000000 
7.324096 41.278961 -1.150722 -13.439751 19.767569 1.000000 1.000000 
8.577368 41.318737 4.285003 -15.851509 19.873573 0.000000 0.000000 
9.099368 41.222111 2.915249 -12.885283 21.760803 0.000000 0.000000 
7.081921 41.739559 -1.027092 -9.854004 22.982710 0.000000 0.000000 
7.302355 41.725887 -1.030663 -15.037918 16.930325 0.000000 0.000000 
7.652382 41.777199 -0.836526 -10.452637 22.379929 0.000000 0.000000 
7.399929 42.003197 -1.061931 -8.759476 24.813457 0.000000 0.000000 
8.469937 41.816460 3.619798 -7.936432 24.134308 0.000000 0.000000 
9.104991 41.751827 3.724852 -12.035980 21.204098 0.000000 0.000000 
9.685010 41.633209 3.941415 -14.752457 18.639221 0.000000 0.000000 
5.124797 42.832611 -0.578352 -7.297203 22.656443 0.000000 0.000000 
5.163529 42.840546 -0.505103 -8.865356 22.044521 0.000000 0.000000 
5.407134 43.084206 -0.565128 -15.751411 18.221937 0.000000 0.000000 
5.374407 43.132080 -0.405161 -16.370056 17.352240 0.000000 0.000000 
5.209262 43.578800 -0.549134 -9.832001 20.311790 0.000000 0.000000 
27.558105 32.972660 0.914631 -9.036903 6.231472 1.000000 1.000000 
5.272534 43.607983 -0.602814 -6.354012 22.796915 0.000000 0.000000 
5.282951 43.621353 -0.509192 -17.336899 16.079876 0.000000 0.000000 
27.273886 33.366730 1.014804 -13.208717 7.602672 1.000000 1.000000 
5.192137 43.702076 -0.377787 -11.936676 19.035398 0.000000 0.000000 
5.296366 43.715015 -0.533088 -8.021698 22.460621 0.000000 0.000000 
5.406162 44.019978 -0.535566 -19.431694 11.991024 1.000000 1.000000 
5.085244 44.066692 -0.299945 -16.026764 17.124063 0.000000 0.000000 
5.266031 44.130112 -0.790552 -12.651894 20.820625 0.000000 0.000000 
7.883763 43.748993 3.237902 -6.775978 24.563808 0.000000 0.000000 
5.180003 44.326149 -0.576131 -15.629677 18.315798 0.000000 0.000000 
7.955065 43.911510 3.268128 -1.817451 27.561893 0.000000 0.000000 
5.391930 44.445469 -0.414182 -14.527168 15.630566 1.000000 1.000000 
7.450032 44.137756 5.846814 -8.422256 21.504576 0.000000 0.000000 
8.185473 44.042675 3.645494 -8.222710 23.513149 0.000000 0.000000 
7.380175 44.217411 5.630823 -11.233154 19.174864 0.000000 0.000000 
7.518745 44.237045 5.607878 -5.368484 23.721024 0.000000 0.000000 
6.775541 44.914558 5.923756 -12.870209 19.909018 0.000000 0.000000 
7.561431 44.976978 5.944614 -13.607269 16.934669 1.000000 1.000000 
8.164635 45.749332 5.379361 -16.525307 15.334301 0.000000 0.000000 
15.818919 43.637089 11.178921 -18.068954 13.999195 0.000000 0.000000 
24.149214 39.701103 -3.741515 -4.150330 20.195124 0.000000 0.000000 
7.753575 46.553513 4.649871 -19.451408 12.200356 1.000000 1.000000 
22.008261 41.496159 1.726886 -8.228516 19.172295 0.000000 0.000000 
7.947130 47.065826 4.919504 -7.291603 22.137215 0.000000 0.000000 
7.827837 47.225681 4.599412 -6.230675 23.904058 0.000000 0.000000 
7.814154 47.237179 4.308549 -12.688704 21.744488 0.000000 0.000000 
36.701782 28.387699 1.426572 5.037682 19.390362 0.000000 0.000000 
35.075638 31.565802 1.064317 17.929047 27.210466 0.000000 0.000000 
35.150894 31.660154 0.985396 10.007233 22.488121 0.000000 0.000000 
35.280243 31.682636 1.368229 16.040665 25.953264 0.000000 0.000000 
35.003300 32.185692 1.088052 10.342682 21.047775 0.000000 0.000000 
9.905093 48.201565 4.271428 -12.146080 19.772375 0.000000 0.000000 
7.888882 48.718304 5.933691 -8.816177 18.722717 0.000000 0.000000 
7.844023 48.917568 4.352284 -14.622894 16.254208 0.000000 0.000000 
7.524038 49.040184 4.965262 -8.027313 22.615784 0.000000 0.000000 
7.701174 49.248280 5.232789 -11.506134 17.514584 0.000000 0.000000 
7.513293 49.293041 4.878752 -11.541550 19.810259 0.000000 0.000000 
7.451455 49.432438 -6.151312 -13.939735 16.082203 0.000000 0.000000 
7.248702 49.496243 -7.452374 -9.010887 20.692211 0.000000 0.000000 
8.163533 49.367874 4.535991 -12.055466 17.595535 0.000000 0.000000 
8.522901 49.402134 4.440341 -17.671463 14.576647 0.000000 0.000000 
8.483807 49.417912 4.665854 -16.166977 12.794430 0.000000 0.000000 
8.927329 49.608234 -5.970651 -17.652122 15.169292 0.000000 0.000000 
9.160666 49.626011 17.053154 -17.504738 16.063032 0.000000 0.000000 
8.533619 49.914753 3.549203 -17.109947 13.848953 0.000000 0.000000 
7.278927 50.396862 5.845214 -17.689987 15.719173 0.000000 0.000000 
7.848145 50.329369 18.716244 -18.870598 14.256945 0.000000 0.000000 
7.935452 50.449169 5.583287 -18.516228 9.982044 1.000000 1.000000 
7.715917 50.977428 5.969625 -11.840599 16.169697 0.000000 0.000000 
7.812547 51.127804 -7.571220 -7.739059 19.430851 0.000000 0.000000 
7.709254 51.197536 -7.497160 -11.474144 16.884739 0.000000 0.000000 
7.868726 51.178024 -7.300500 -3.597687 23.258682 0.000000 0.000000 
33.748768 38.541538 6.095942 -2.907082 16.062618 0.000000 1.000000 
7.675928 51.809288 12.323855 -14.176399 17.301376 0.000000 0.000000 
7.909318 51.851669 -7.445837 -18.669022 11.692970 1.000000 1.000000 
12.743566 51.216339 3.749610 -19.445671 13.039902 0.000000 0.000000 
17.818882 49.737305 0.237249 -15.760017 13.625851 0.000000 1.000000 
12.786246 51.427223 3.718345 -13.357895 16.548918 0.000000 0.000000 
12.396654 51.583778 3.939420 -11.575218 18.061031 0.000000 0.000000 
12.045749 51.683914 3.624246 -9.915916 18.880848 0.000000 0.000000 
12.191221 51.694626 3.542147 -3.681458 22.656921 0.000000 0.000000 
10.592907 52.405731 3.900202 -13.876572 17.678715 0.000000 0.000000 
7.318271 53.175304 -6.680803 -14.120377 14.364716 0.000000 0.000000 
6.544516 53.466751 5.180122 -10.439507 17.323629 0.000000 0.000000 
7.123835 53.438637 5.745221 -5.348991 20.830286 0.000000 0.000000 
7.840191 53.364323 5.125496 -3.750053 25.062672 0.000000 0.000000 
7.795073 53.377392 5.422177 -2.139091 24.396162 0.000000 0.000000 
7.027019 53.922924 4.744218 -6.519646 24.331852 0.000000 0.000000 
7.038549 53.929737 5.293539 -4.018723 26.452908 0.000000 0.000000 
7.314553 53.989506 5.136776 -4.799385 21.046459 0.000000 0.000000 
7.325447 54.006435 4.579539 -2.546082 22.970133 0.000000 0.000000 
7.439367 54.104351 4.713562 -16.351852 11.112545 1.000000 1.000000 
6.808933 54.204926 3.982873 -3.907951 24.691677 0.000000 0.000000 
8.267775 54.141323 3.716211 -3.335251 24.076160 0.000000 0.000000 
7.533605 54.309158 3.446488 -7.328728 21.492346 0.000000 0.000000 
7.887386 54.600307 3.399344 -5.022980 21.021452 0.000000 0.000000 
7.433438 54.700447 5.441272 -11.268806 17.284182 0.000000 0.000000 
7.639435 54.720123 3.136618 -7.731865 19.670351 0.000000 0.000000 
7.010700 54.996662 5.793006 -4.925461 23.872927 0.000000 0.000000 
7.967681 54.896854 3.651842 -8.077858 24.260395 0.000000 0.000000 
6.523180 55.286041 4.479887 -2.643394 25.095226 0.000000 0.000000 
8.391323 55.032154 3.281656 -9.464226 22.223305 0.000000 0.000000 
7.692545 55.230881 3.447498 -10.061279 20.424196 0.000000 0.000000 
7.692756 55.246349 3.659220 -12.834061 17.983683 0.000000 0.000000 
6.577915 55.735416 5.141056 -11.648155 19.533413 0.000000 0.000000 
6.829206 55.808186 5.273450 -8.333786 20.480427 0.000000 0.000000 
43.661388 32.951958 1.806047 9.170044 14.710487 1.000000 1.000000 
6.693092 56.156521 5.246914 -9.738976 18.386824 0.000000 0.000000 
44.009651 33.627846 1.967073 18.577713 23.402813 0.000000 0.000000 
44.552578 32.829639 1.524782 21.297890 25.950703 0.000000 0.000000 
44.429832 33.034637 2.563285 20.761940 25.056334 0.000000 0.000000 
44.995071 32.184311 1.674870 18.549362 23.814392 0.000000 0.000000 
43.306423 34.774151 0.926863 5.917809 16.707895 0.000000 0.000000 
7.117805 56.793125 -6.787500 -15.352730 16.339859 0.000000 0.000000 
6.862369 56.997112 4.997632 -6.622185 23.542278 0.000000 0.000000 
6.873516 57.021732 5.211154 -5.887199 21.330473 0.000000 0.000000 
7.354069 57.369503 5.492157 -16.649330 13.957294 0.000000 0.000000 
7.118752 57.495739 2.255979 -10.907454 17.712881 0.000000 0.000000 
7.131676 57.507492 2.379430 -11.917358 15.047728 0.000000 0.000000 
5.907401 57.659775 9.560189 -8.850380 17.408836 1.000000 1.000000 
6.960459 57.750729 5.294605 -12.625252 14.876785 1.000000 1.000000 
6.737251 57.862732 16.628622 -15.722725 16.734314 0.000000 0.000000 
6.778892 57.882477 4.377866 -8.231071 19.491150 0.000000 0.000000 
7.721078 57.867432 2.075517 -10.176300 16.610958 0.000000 0.000000 
7.885929 57.888386 2.813638 -10.763664 17.151724 0.000000 0.000000 
7.687759 58.106625 -6.526045 -8.659668 16.885899 0.000000 0.000000 
7.084353 58.284191 5.409804 -11.094933 16.807119 0.000000 0.000000 
6.156342 58.680042 10.265117 -6.565262 18.644009 0.000000 0.000000 
6.367843 58.692482 6.268828 -7.803200 17.728893 0.000000 0.000000 
6.027596 58.826553 9.768463 -8.469749 19.986464 0.000000 0.000000 
7.177173 58.708187 5.580760 -14.159622 16.825535 0.000000 0.000000 
6.190126 58.876450 9.632769 -5.888176 20.929346 0.000000 0.000000 
7.040896 58.996006 6.371278 -10.650696 15.716110 0.000000 0.000000 
7.822524 59.418148 7.509910 -16.941704 13.063057 0.000000 0.000000 
6.665959 59.638050 -7.155862 -15.267509 14.553692 0.000000 0.000000 
7.687000 59.517277 -4.005719 -14.384727 14.133099 0.000000 0.000000 
7.486357 59.623009 -6.328495 -13.660210 15.464355 0.000000 0.000000 
6.954701 59.839191 7.233105 -10.624405 16.230885 0.000000 0.000000 
7.100815 59.973347 5.374944 -17.575333 13.193089 0.000000 0.000000 
8.689131 59.797619 7.747499 -12.011047 16.726854 0.000000 0.000000 
8.102136 60.289833 4.782243 -10.298836 17.025537 0.000000 0.000000 
7.340435 60.395229 3.491289 -15.814056 13.838341 0.000000 0.000000 
8.487880 60.251038 5.161469 -12.787560 17.841078 0.000000 0.000000 
7.747368 60.369938 5.021636 -4.701691 22.356646 0.000000 0.000000 
7.132456 60.519215 -6.371295 -16.647514 11.843300 0.000000 0.000000 
6.056590 60.784954 7.228784 -19.964783 9.397102 1.000000 1.000000 
8.217981 60.723576 -4.645482 -16.095917 14.347908 0.000000 0.000000 
6.102920 61.017971 7.857974 -17.136574 13.946644 0.000000 0.000000 
8.278924 60.958405 5.435412 -22.394798 5.905262 1.000000 1.000000 
-7.535405 61.154835 -1.199398 -0.472672 24.111139 0.000000 0.000000 
-7.570847 61.159752 -1.243854 -0.344894 24.174065 0.000000 0.000000 
-7.587204 61.261250 -1.246786 1.921661 27.898262 0.000000 0.000000 
-7.639531 61.256409 -1.175996 -4.579865 21.072073 0.000000 0.000000 
-8.145746 61.843449 -0.976680 -16.449471 13.112473 0.000000 0.000000 
-8.421959 61.994476 -0.860071 -15.342262 12.847763 0.000000 0.000000 
-8.832418 61.946442 -1.471158 -17.684196 12.435974 0.000000 0.000000 
-7.788275 62.339485 -1.131777 -13.857620 12.277256 1.000000 1.000000 
26.935280 57.063828 5.660840 -10.474846 13.735466 0.000000 0.000000 
57.451607 22.865528 -1.641584 4.404190 9.930763 0.000000 1.000000 
7.792990 64.227737 -0.687064 -11.721146 13.932819 0.000000 0.000000 
7.110823 64.331001 -1.623063 -20.641991 9.464554 0.000000 0.000000 
7.897336 64.267410 -0.678460 -12.295311 13.921738 0.000000 0.000000 
7.892490 64.287933 0.297809 -19.379005 10.039799 0.000000 0.000000 
-30.244921 57.223907 17.366381 -12.612175 12.442322 0.000000 0.000000 
-11.330194 64.461975 -0.009313 -10.787750 18.704039 0.000000 0.000000 
21.080996 61.851875 1.112201 -5.859001 18.658596 0.000000 0.000000 
21.267681 61.852745 -4.341393 -10.867477 15.621166 0.000000 0.000000 
26.499666 59.822525 9.867288 -9.617821 12.205795 1.000000 1.000000 
26.720293 60.271839 -5.162435 0.977997 21.104389 0.000000 0.000000 
26.637779 60.451267 -5.498737 -11.291718 11.499630 0.000000 0.000000 
26.754587 60.432777 -5.641743 -6.459846 14.231834 0.000000 0.000000 
7.801443 65.971596 -1.687245 -16.999184 10.427933 1.000000 1.000000 
26.975174 60.392685 -4.646806 -1.312279 20.419888 0.000000 0.000000 
15.257042 64.739296 0.723136 -21.872475 7.202045 0.000000 0.000000 
14.877393 65.177872 3.219582 -16.746040 9.726978 0.000000 0.000000 
8.162588 66.876579 -1.314441 -11.503815 15.290251 0.000000 0.000000 
8.220228 67.191177 -1.512922 -13.226097 14.250151 0.000000 0.000000 
-12.776880 66.629875 -0.003797 -16.057159 10.138252 1.000000 1.000000 
7.926917 67.646523 -1.197252 -18.236809 8.767879 1.000000 1.000000 
-12.937755 67.162598 -0.669051 -15.837738 10.363667 0.000000 0.000000 
-12.570726 67.345566 3.200282 -10.092400 14.981228 0.000000 0.000000 
-12.636943 67.395050 0.130941 -11.200607 15.324141 0.000000 0.000000 
13.535431 67.257439 1.216781 -18.888565 9.548416 0.000000 0.000000 
50.032940 46.028805 1.170611 -3.983185 7.367298 0.000000 0.000000 
44.364330 52.097523 2.938435 0.963524 12.968712 0.000000 0.000000 
8.307201 69.012924 0.506140 -10.733253 13.975693 1.000000 1.000000 
43.449535 53.134941 2.754706 -1.154358 14.148384 0.000000 0.000000 
7.738659 69.294556 1.230183 -21.598595 5.749069 1.000000 1.000000 
45.571976 51.594490 2.546820 -1.153786 10.575966 0.000000 0.000000 
45.297928 52.014126 3.011001 8.496902 17.603157 0.000000 0.000000 
45.298565 52.206242 3.488592 7.845291 15.866146 0.000000 0.000000 
8.447061 69.635498 1.100122 1.158852 23.045834 0.000000 0.000000 
8.257570 69.875771 1.515166 -11.975281 14.719559 0.000000 0.000000 
8.491781 69.859421 0.765880 2.244980 25.435534 0.000000 0.000000 
8.479648 70.623940 2.583180 -15.675407 12.538662 0.000000 0.000000 
47.232304 51.959511 -3.976701 10.302727 21.447718 0.000000 0.000000 
8.534387 70.933884 1.046029 -5.287872 17.231003 1.000000 1.000000 
47.361778 52.324409 -5.067574 7.956299 19.010668 0.000000 0.000000 
47.741894 52.570015 -4.498059 2.119995 13.407619 0.000000 0.000000 
-36.620800 61.833122 3.631010 3.719566 20.626085 0.000000 0.000000 
-36.106716 62.165493 3.570604 2.026093 19.189728 0.000000 0.000000 
-36.299137 62.154697 3.917476 3.123787 20.376545 0.000000 0.000000 
-36.236000 62.224136 3.398896 -0.788155 18.220198 0.000000 0.000000 
49.164257 51.890255 11.171719 -3.637749 10.010490 0.000000 0.000000 
9.594373 72.263885 3.962871 -16.659363 9.775433 0.000000 0.000000 
8.367085 72.489525 0.960882 -16.254173 11.801701 0.000000 0.000000 
8.873282 72.434608 -6.064728 -17.678085 9.332272 0.000000 0.000000 
9.144773 72.693565 2.553395 -12.916435 14.704151 0.000000 0.000000 
9.364415 72.799988 2.972726 -11.756653 15.277542 0.000000 0.000000 
-9.803259 73.231133 4.555748 -5.979012 17.859322 0.000000 0.000000 
-9.816857 73.290794 5.019255 0.714561 22.101059 0.000000 0.000000 
-9.686330 73.970428 4.201599 -6.262207 20.047127 0.000000 0.000000 
-29.007671 68.512566 4.188139 3.377609 23.666803 0.000000 0.000000 
-29.554575 68.295769 4.547864 4.455147 23.124178 0.000000 0.000000 
-29.344681 68.397789 5.030840 -2.128021 20.493040 0.000000 0.000000 
-30.531801 68.281319 4.543539 -0.045601 19.540010 0.000000 0.000000 
-30.591757 68.445541 4.171967 -3.390778 17.149845 0.000000 0.000000 
-30.803333 68.591896 4.617163 -5.912186 17.517159 0.000000 0.000000 
-31.241215 68.487381 4.417793 -2.331223 19.492542 0.000000 0.000000 
-28.680958 70.033806 2.892594 -5.392059 18.034519 0.000000 0.000000 
-10.218737 75.337746 3.958323 -4.611565 18.571531 0.000000 0.000000 
-9.827380 75.519882 5.222822 -5.569519 20.099854 0.000000 0.000000 
-8.674938 75.761436 6.863115 -4.724953 20.040245 0.000000 0.000000 
-24.035385 72.244308 -8.493412 -3.931526 18.387009 0.000000 0.000000 
-23.434910 72.552002 4.959952 -9.816376 15.486179 0.000000 0.000000 
-10.492236 75.696625 5.006539 -5.155571 18.804756 0.000000 0.000000 
-10.505825 76.018867 3.931146 -10.753624 13.973488 1.000000 1.000000 
-24.380980 72.690788 2.588593 -8.237518 16.478786 0.000000 0.000000 
10.209696 76.178078 3.895638 -11.027206 16.797380 0.000000 0.000000 
-22.412357 73.741035 9.993027 -4.086578 15.016291 1.000000 1.000000 
-10.908175 76.936920 6.017807 -6.998665 17.146030 0.000000 0.000000 
-10.562753 77.048584 5.366988 -3.813194 18.963808 0.000000 0.000000 
-22.878813 74.581116 8.859122 -10.834496 12.457764 0.000000 0.000000 
-22.767124 74.661911 10.514884 2.711197 22.636192 0.000000 0.000000 
-22.871712 74.939827 10.581659 2.226067 19.846107 0.000000 0.000000 
-22.661545 75.032990 11.207897 -3.253151 16.487387 0.000000 0.000000 
55.625641 54.029984 2.431827 0.560570 7.904178 1.000000 1.000000 
-22.878729 75.370277 10.770810 -1.648788 18.276068 1.000000 1.000000 
55.432167 54.899258 1.262444 1.219688 9.137199 0.000000 0.000000 
55.817318 54.713844 1.914374 11.937836 16.812445 0.000000 0.000000 
56.642818 53.903950 2.611052 5.172133 11.422859 0.000000 0.000000 
58.104221 52.230827 3.786304 7.470366 17.030815 0.000000 0.000000 
55.894676 54.772594 1.664593 8.005478 16.016127 0.000000 0.000000 
58.408237 52.399658 3.957557 4.129311 14.940439 0.000000 0.000000 
57.922497 52.996681 3.253305 3.500427 17.364943 0.000000 0.000000 
58.793617 52.490578 -5.555482 15.078545 18.555695 0.000000 0.000000 
58.933315 52.408676 3.529960 9.737572 15.327394 0.000000 0.000000 
59.047855 52.473732 3.784012 16.268974 22.616814 0.000000 0.000000 
-35.811562 72.051666 3.647860 -10.903145 11.323036 0.000000 0.000000 
-35.090042 73.289093 0.078120 -5.015732 14.275856 0.000000 0.000000 
60.041851 53.367237 -5.367447 11.888741 16.576351 0.000000 0.000000 
-22.443060 78.429031 5.408064 -11.199165 11.739296 0.000000 0.000000 
-34.230896 74.506844 8.503395 -4.641846 13.960220 0.000000 0.000000 
-35.541363 74.056595 6.410573 -9.864166 14.191933 0.000000 0.000000 
-32.366142 76.483589 9.932320 -0.976509 18.936085 0.000000 0.000000 
-32.286880 76.548576 7.257494 -3.591057 16.279718 0.000000 0.000000 
30.481701 77.946541 -1.528510 -4.477036 18.145311 0.000000 1.000000 
-38.584572 74.136497 5.831371 1.443596 17.790794 0.000000 0.000000 
-30.154615 78.247604 2.887353 -9.802505 11.549397 1.000000 1.000000 
-38.134491 74.592773 4.604147 -2.217880 16.447990 0.000000 0.000000 
-27.916845 79.467812 8.705716 -7.255264 15.627634 0.000000 0.000000 
-28.708069 79.391121 7.063361 -3.337578 19.756731 0.000000 0.000000 
-27.716637 79.907906 6.498852 -8.714790 15.156286 0.000000 0.000000 
-29.126379 79.457649 8.327179 -4.769913 16.197454 0.000000 0.000000 
-29.248728 79.645882 8.194263 -1.859856 20.295795 0.000000 0.000000 
-29.178978 80.087654 8.714836 -5.319031 14.716270 0.000000 0.000000 
-29.781254 79.903915 7.674775 -5.546120 16.406500 0.000000 0.000000 
44.239258 72.570465 2.624132 3.722412 18.469488 0.000000 1.000000 
44.507931 72.417137 3.110098 2.656929 17.968956 0.000000 0.000000 
-33.349583 78.886513 12.028977 -7.471542 13.515263 0.000000 0.000000 
-27.341429 81.365990 9.524902 -7.522415 12.926464 0.000000 0.000000 
-27.678551 81.485748 9.506136 -4.915337 15.471233 0.000000 0.000000 
-40.051388 75.995872 10.297800 -4.129318 14.816696 0.000000 0.000000 
-30.774656 80.895630 10.136034 -5.645218 16.668022 0.000000 0.000000 
-39.094765 77.044640 11.509982 0.137840 18.092197 0.000000 0.000000 
-39.925236 76.856468 11.269157 2.945602 20.520952 0.000000 0.000000 
-32.667717 80.585983 10.552171 -5.201149 16.179504 0.000000 0.000000 
52.979454 68.309311 -6.612216 8.665337 19.183199 0.000000 0.000000 
52.179703 69.284454 3.676338 8.457039 18.850367 0.000000 0.000000 
52.087597 69.453033 3.934865 9.009894 18.484724 0.000000 0.000000 
-52.879475 69.360962 6.657284 -0.959610 14.169750 0.000000 0.000000 
-53.788734 69.252892 7.941628 -0.904480 12.716465 0.000000 0.000000 
-53.086437 69.858414 9.636979 1.980247 14.332886 0.000000 0.000000 
41.603508 78.129456 4.629719 1.236328 17.492025 0.000000 0.000000 
11.620631 88.312508 3.139825 -9.046928 15.190695 0.000000 0.000000 
39.863609 79.582664 2.344909 -2.130386 16.680511 0.000000 0.000000 
-50.004322 73.483902 3.747564 -2.524315 11.350269 0.000000 0.000000 
-50.029762 73.787880 12.542242 -1.192719 12.389645 0.000000 0.000000 
21.958782 87.311737 -5.237276 -6.093346 14.839560 0.000000 1.000000 
21.753891 87.388344 -5.384704 -10.832108 11.411293 0.000000 0.000000 
21.619331 87.426048 -5.544548 -8.751602 12.866131 0.000000 0.000000 
-31.563738 84.778320 12.704241 -6.315529 14.013329 0.000000 0.000000 
12.260386 89.881920 4.648942 -7.761124 16.528656 0.000000 0.000000 
-50.977161 74.715096 9.458959 -0.258835 12.698975 0.000000 0.000000 
-37.935951 83.253334 9.800644 -8.860313 9.159733 0.000000 0.000000 
-38.065121 83.231651 12.002220 -11.344521 8.534992 0.000000 0.000000 
-52.466473 74.892174 8.484605 -6.094521 8.011612 0.000000 0.000000 
-32.444763 86.009079 10.832473 -13.946007 8.725101 0.000000 0.000000 
-21.822998 90.140709 6.506323 -7.889839 14.708263 0.000000 0.000000 
-22.191822 90.084976 5.519504 -9.502542 12.917366 0.000000 0.000000 
-22.243389 90.534248 7.159567 -12.878418 9.901489 0.000000 0.000000 
-22.904018 90.643974 4.845552 -15.251755 6.395374 1.000000 1.000000 
-22.561991 90.826775 6.095054 -9.262337 11.947655 0.000000 0.000000 
-37.569263 85.509384 9.595819 -8.520187 10.586926 0.000000 1.000000 
-21.945610 91.336212 7.396408 -8.831039 13.330067 0.000000 0.000000 
-47.438507 80.664230 4.885050 -10.044388 8.765511 0.000000 0.000000 
-49.505615 79.918236 11.267873 -8.040833 7.612937 0.000000 0.000000 
-31.201754 91.704033 10.248073 -14.292442 5.865123 0.000000 0.000000 
11.851801 97.085609 4.045690 -14.118492 7.038871 0.000000 1.000000 
-14.040693 97.025238 3.692049 -10.542038 11.204655 0.000000 0.000000 
-14.540599 97.316849 3.672326 -5.743294 13.044807 0.000000 0.000000 
-14.906893 97.284454 3.638996 -3.395630 15.040247 0.000000 0.000000 
-15.587273 97.179810 3.532651 -3.544106 16.000565 0.000000 0.000000 
-15.433730 97.224174 3.627298 2.163063 20.413509 0.000000 0.000000 
-15.435370 97.347527 3.578310 3.621735 20.123941 0.000000 0.000000 
-22.146385 96.313675 10.493549 -9.706741 9.535793 0.000000 0.000000 
-22.918753 96.537918 -3.189706 -15.557213 6.399826 0.000000 0.000000 
-22.481474 96.774849 -3.470514 -6.595161 10.465298 0.000000 0.000000 
-21.737329 97.289253 -3.010760 -10.908234 10.343235 0.000000 0.000000 
-32.807682 95.819443 14.284296 -11.791847 10.294819 0.000000 0.000000 
-32.148468 96.361801 11.982615 -3.938530 11.119854 0.000000 0.000000 
-31.859709 96.619751 11.852414 -12.685966 9.018745 0.000000 0.000000 
-31.685396 96.697334 12.617514 -10.095848 8.494087 0.000000 0.000000 
-77.024490 64.846298 -1.261167 5.105782 6.618820 0.000000 1.000000 
-31.731449 97.126579 12.427393 -8.715149 8.996326 0.000000 0.000000 
-31.526049 97.213539 12.709324 -3.142403 12.981091 0.000000 0.000000 
-31.912569 97.174812 13.482869 -2.691589 13.154774 0.000000 0.000000 
-31.351080 97.372528 11.010842 -10.489166 7.673946 1.000000 1.000000 
-33.206055 96.825600 12.786716 -8.927444 8.894588 0.000000 0.000000 
-33.154308 97.089027 12.680948 -8.897346 9.905632 0.000000 0.000000 
-32.981590 97.424492 12.310474 -7.905617 6.950660 1.000000 1.000000 
-31.654085 98.002800 10.988468 -6.969109 10.295586 0.000000 0.000000 
-30.386646 99.003082 11.011355 -9.880455 9.485523 0.000000 0.000000 
-30.928185 99.117645 15.686956 -7.040543 10.830502 0.000000 0.000000 
-32.203114 98.909729 11.387175 -6.851265 7.726261 1.000000 1.000000 
12.725734 103.627937 -0.065216 -13.981215 6.596160 1.000000 1.000000 
-30.689943 99.999306 -3.587973 -3.891670 11.630768 0.000000 0.000000 
-30.877432 99.993866 11.237382 -7.652390 9.803135 0.000000 0.000000 
-31.492115 99.936684 11.069829 -11.889305 8.150105 0.000000 0.000000 
-31.424683 99.971619 10.522138 -6.837524 12.092159 0.000000 0.000000 
-32.117416 100.126328 11.247905 -4.439568 10.935715 0.000000 0.000000 
-31.930225 100.241852 13.133445 -4.845276 11.508961 0.000000 0.000000 
-32.410469 100.183266 12.320234 -2.655602 11.741940 0.000000 0.000000 
-32.484974 100.233910 13.598294 -2.827324 10.447571 0.000000 0.000000 
34.303642 100.303101 2.707487 -11.747475 7.234001 0.000000 0.000000 
34.029041 100.448334 2.204222 -7.001831 8.679520 0.000000 0.000000 
33.873840 100.590752 0.998289 -12.713364 4.617950 0.000000 0.000000 
-33.222363 102.092316 11.303386 -10.590881 8.622253 0.000000 0.000000 
-32.912498 102.250412 11.264888 -7.039185 8.156845 0.000000 0.000000 
-32.943409 102.322838 10.724184 -11.139061 7.590946 0.000000 0.000000 
-31.806511 103.708504 12.529773 -6.479172 8.202599 0.000000 0.000000 
-32.576832 104.275352 11.438328 -9.745399 8.132812 0.000000 0.000000 
-33.166306 105.695503 14.406452 -12.801208 6.915386 0.000000 0.000000 
51.692623 97.732597 4.615381 -4.501968 10.193069 0.000000 0.000000 
50.901997 98.171188 4.878759 -3.248589 10.513474 0.000000 0.000000 
50.889488 98.610710 5.608842 -3.184753 11.094433 0.000000 0.000000 
50.295132 99.163620 6.040322 -4.057503 10.032265 0.000000 0.000000 
-32.524925 108.690056 4.412217 -13.041847 7.918190 0.000000 0.000000 
37.005077 108.463280 3.127702 -2.355927 11.262527 0.000000 0.000000 
37.346115 108.436348 4.185494 -7.500000 8.582771 0.000000 0.000000 
36.959248 108.578659 2.741366 -11.541283 6.238311 0.000000 0.000000 
34.826252 109.758484 0.987999 -7.795410 7.340675 0.000000 0.000000 
35.249229 109.623253 1.769573 -6.205132 7.353275 0.000000 0.000000 
35.363434 109.833061 1.356784 -3.554451 8.887188 0.000000 0.000000 
96.199905 60.701836 -5.406891 9.736504 7.018875 0.000000 1.000000 
34.694645 110.269051 1.387002 -9.119699 6.687320 0.000000 0.000000 
34.243942 110.417854 1.402379 -9.630852 6.530193 0.000000 0.000000 
-32.508202 111.848701 11.021367 -13.009598 6.603511 0.000000 0.000000 
-6.991422 116.713814 -6.563329 -10.989571 7.171394 0.000000 1.000000 
48.429356 107.941544 4.448997 -5.405045 8.842880 0.000000 0.000000 
-22.890581 116.502380 3.952407 -9.370125 9.020973 0.000000 0.000000 
42.134457 110.860306 1.872089 -5.541115 6.985656 1.000000 1.000000 
44.005360 110.781357 2.014164 -7.589188 7.324398 0.000000 0.000000 
42.654041 111.658081 2.503999 -6.934448 7.276512 0.000000 0.000000 
-23.088030 117.540985 11.103585 -10.597382 4.960739 1.000000 1.000000 
-21.933611 118.026375 8.476529 -9.562019 9.070221 0.000000 0.000000 
-23.077362 117.977051 9.688481 2.728439 15.596785 0.000000 0.000000 
-23.065777 118.224571 9.997706 2.548561 17.153070 0.000000 0.000000 
39.330456 114.178726 3.118362 -5.925667 9.731167 0.000000 0.000000 
-32.875614 116.654167 12.318150 -13.394791 6.882919 0.000000 0.000000 
-23.586111 119.173119 9.904573 -2.661850 11.097588 1.000000 1.000000 
-31.221069 117.521088 10.513023 -6.191383 9.818695 0.000000 0.000000 
-31.643976 117.450989 11.186705 -6.774498 9.343140 0.000000 0.000000 
-31.739025 117.639671 9.505691 -10.071495 6.764698 0.000000 0.000000 
35.205742 116.869911 -0.153828 -12.598518 6.518882 0.000000 0.000000 
-32.331863 117.756653 10.749831 -11.385307 7.599433 0.000000 0.000000 
-22.587402 120.522224 4.935464 -8.192230 9.725204 0.000000 0.000000 
-7.517199 123.186958 -5.884616 -8.920166 10.060623 0.000000 0.000000 
-7.652223 123.237549 -6.318876 -12.373772 7.511802 0.000000 0.000000 
-7.196584 123.352257 -5.469392 -6.758835 10.939941 0.000000 0.000000 
-32.102142 120.520500 11.254408 -9.180534 8.296463 0.000000 0.000000 
-34.734268 120.450264 12.800559 -8.003258 6.759483 0.000000 0.000000 
-35.081398 120.590157 13.743872 -8.531624 9.179382 0.000000 0.000000 
-33.304554 121.524483 13.333315 -5.322456 9.529995 0.000000 0.000000 
-35.603981 121.754547 10.213667 -6.106949 9.535366 0.000000 0.000000 
-35.374371 121.929703 13.536454 -1.772675 10.942890 0.000000 0.000000 
-34.957073 122.495201 10.252083 -9.618279 5.730300 0.000000 0.000000 
-33.841099 123.194748 16.429535 -3.657623 8.241135 0.000000 0.000000 
-33.646389 123.300240 13.200909 -2.672577 8.554611 0.000000 0.000000 
-21.996151 126.776604 5.037211 -6.909805 9.307995 0.000000 0.000000 
-34.499989 123.888321 13.633547 -4.948120 11.018711 0.000000 0.000000 
-21.166344 127.143127 3.436768 -8.079460 5.731773 1.000000 1.000000 
-7.596208 128.945282 -5.543625 -6.032913 12.040920 0.000000 1.000000 
-22.173569 127.311035 5.826318 -9.917709 7.283454 1.000000 1.000000 
-22.976116 127.328003 4.436321 -1.166740 12.167221 0.000000 0.000000 
-21.901556 127.691261 0.845710 -8.539574 10.427319 0.000000 0.000000 
-21.614277 128.172058 4.722669 -0.821091 12.778862 0.000000 0.000000 
-21.516703 128.358673 4.569935 1.712357 13.908710 0.000000 0.000000 
-21.219685 128.442322 -8.766040 -1.465347 10.546047 0.000000 0.000000 
-20.823782 128.666504 4.467492 -3.329346 10.232086 0.000000 0.000000 
-22.313314 128.434387 3.592436 -5.664520 8.351856 0.000000 0.000000 
-22.658325 128.372498 -6.722521 -5.850281 6.762233 0.000000 0.000000 
-21.282293 128.612274 -3.265078 7.739151 19.107141 1.000000 1.000000 
-22.680153 128.752380 5.401443 -11.572952 5.487407 0.000000 0.000000 
-22.066536 128.871124 4.537735 -8.927185 7.067070 0.000000 0.000000 
-23.659206 128.703522 4.206951 -7.275116 9.443993 0.000000 0.000000 
-22.942413 128.978256 3.238629 -9.209595 5.663394 0.000000 0.000000 
-22.691542 129.151596 7.139808 -9.584206 8.028015 0.000000 0.000000 
-21.455294 129.554413 -3.347573 12.310455 24.825132 0.000000 0.000000 
-21.714899 129.859955 -2.662871 14.958054 25.343349 0.000000 0.000000 
-23.075733 129.652100 6.969069 2.099762 15.605867 0.000000 0.000000 
-21.767181 130.013657 3.084579 0.592247 14.715712 0.000000 0.000000 
-21.695290 130.244568 -2.936837 7.517303 19.563860 1.000000 1.000000 
-21.583979 130.317261 -0.530909 -11.299431 5.680408 1.000000 1.000000 
-22.216955 130.653137 2.154819 -8.169212 8.454906 0.000000 0.000000 
-23.674524 130.402588 6.230158 -9.266617 7.914081 0.000000 0.000000 
-22.155375 130.818359 -1.763931 11.335518 23.617506 1.000000 1.000000 
-22.255299 131.188522 3.782900 -5.332443 11.522831 1.000000 1.000000 
-21.837662 131.454742 -1.407485 15.229904 25.826788 0.000000 0.000000 
-22.078299 131.415253 -1.520254 20.418800 29.918549 0.000000 0.000000 
-22.047413 131.574585 -1.713295 17.584763 29.414589 0.000000 0.000000 
-19.945515 132.406311 1.825252 6.350105 20.738556 0.000000 0.000000 
-21.393147 132.302887 4.539038 3.852180 20.952442 0.000000 0.000000 
-19.832636 132.601624 4.718384 9.210175 23.014465 0.000000 0.000000 
-19.998129 132.819305 3.810843 7.864166 20.264187 0.000000 0.000000 
-19.162024 133.364685 5.342811 0.043648 13.811466 0.000000 0.000000 
-20.376616 133.254181 -9.049426 6.016685 18.211580 0.000000 0.000000 
-20.595293 133.293945 0.395927 -4.364502 9.836411 0.000000 0.000000 
-21.440456 133.443939 0.187393 -5.963295 10.083866 0.000000 0.000000 
-21.824160 133.576996 3.496416 -6.597755 8.344738 0.000000 0.000000 
-22.032501 133.732483 3.818854 -3.317459 11.922901 0.000000 0.000000 
-8.153631 135.379120 -5.870647 -5.677231 10.945847 0.000000 0.000000 
-8.015666 135.411133 -5.433681 -5.196915 12.253967 0.000000 0.000000 
7.058475 135.593933 -5.754558 -5.131081 10.197079 1.000000 1.000000 
-23.062887 134.113159 0.085591 -3.667694 12.618576 0.000000 0.000000 
6.642322 136.224701 -5.998085 -0.949699 15.749237 0.000000 0.000000 
6.368453 136.243683 -6.362248 0.384529 17.480682 0.000000 0.000000 
7.107171 136.314941 -5.627384 2.264740 18.186443 0.000000 0.000000 
-23.121466 134.663147 -3.518882 -7.763298 4.911201 1.000000 1.000000 
41.566982 130.284195 2.134620 -5.562218 8.695145 0.000000 1.000000 
-22.698942 135.029266 4.810539 -4.472649 10.373268 0.000000 0.000000 
-24.838282 134.941406 5.185228 -8.508392 6.174350 0.000000 0.000000 
-22.120934 135.502258 4.404333 -9.361595 5.982807 0.000000 0.000000 
-22.609928 135.513336 -1.416306 -10.555344 4.569370 1.000000 1.000000 
-22.993952 135.828644 -3.981399 -1.067741 13.410706 0.000000 0.000000 
40.182301 131.756317 3.729705 -4.711601 8.643951 0.000000 0.000000 
-23.014835 136.079376 -3.197553 -10.339104 4.939785 0.000000 0.000000 
-20.281174 136.587677 2.666587 -9.499794 5.611549 0.000000 0.000000 
-22.137472 136.806122 -2.052671 -8.305222 7.409988 0.000000 0.000000 
-22.569359 136.775726 -2.408425 0.032692 11.963902 0.000000 0.000000 
-22.565630 136.807312 -1.804151 -6.137184 7.609554 0.000000 0.000000 
-21.672800 136.966431 -1.616742 -5.662903 8.351280 0.000000 0.000000 
-22.611885 137.207916 -3.738529 -7.924614 8.339878 0.000000 0.000000 
-21.872473 137.461823 -2.086443 -6.623360 6.973835 0.000000 0.000000 
-21.390751 137.579468 -1.360267 -7.237961 6.098037 0.000000 0.000000 
-21.066029 137.831207 -0.470867 -9.138931 6.032150 0.000000 0.000000 
-22.882832 137.573883 -2.645788 -10.062965 4.671310 0.000000 0.000000 
-24.780956 138.566376 -14.930485 -10.650131 6.522010 0.000000 0.000000 
-23.184124 139.249817 -2.496614 -3.967125 7.794239 0.000000 0.000000 
-22.551409 139.402161 -3.033650 -8.287125 6.776687 0.000000 0.000000 
-23.018188 139.769867 -2.817150 0.672684 12.760857 0.000000 0.000000 
-23.197771 139.802277 -2.555976 4.443001 14.128674 0.000000 0.000000 
-23.416767 139.823608 4.570358 -2.351776 8.972622 0.000000 0.000000 
-23.688818 139.986481 6.981524 -8.911201 4.902908 1.000000 1.000000 
-23.081217 140.160889 -0.843100 -1.487999 9.530972 0.000000 0.000000 
-23.770868 140.139740 -10.888463 -4.335297 8.422546 0.000000 0.000000 
-22.985527 140.389435 -9.010050 -7.318100 6.426185 0.000000 0.000000 
-23.429964 140.495087 3.318645 -3.800789 7.823310 0.000000 0.000000 
-23.263243 140.659119 -9.909632 1.527344 11.665962 0.000000 0.000000 
-23.270184 140.721527 4.921361 -1.718231 10.680042 0.000000 0.000000 
-23.194004 140.828491 3.054065 -3.101944 7.360977 0.000000 0.000000 
-23.272852 140.873810 4.005172 -3.607925 7.773906 0.000000 0.000000 
-23.686445 140.863922 -11.637174 -7.964592 5.694210 1.000000 1.000000 
-23.443213 140.994934 -11.314207 -1.300308 11.385601 0.000000 0.000000 
-22.695402 141.584351 -1.203406 -12.060921 4.502910 0.000000 0.000000 
46.570076 135.892609 0.704187 -9.674065 5.270793 0.000000 1.000000 
-23.288780 145.287323 -10.605638 -5.221672 8.053482 0.000000 0.000000 
-23.943169 145.263947 2.073133 -4.661209 8.483288 0.000000 0.000000 
-23.634920 145.408722 -11.088076 -0.499115 10.829765 0.000000 0.000000 
42.996174 141.623840 1.306255 -7.249039 6.152084 0.000000 1.000000 
-22.561058 146.586517 5.916486 -8.739204 5.244617 1.000000 1.000000 
-21.781275 146.965485 7.246738 -8.163277 7.106109 0.000000 0.000000 
-24.012352 146.712097 5.932012 0.342361 11.639339 0.000000 0.000000 
-22.916349 146.988586 4.717494 -7.584709 5.922012 0.000000 0.000000 
-23.876928 146.932648 5.398279 -5.750381 6.785655 0.000000 0.000000 
-24.183481 146.902161 3.869388 -6.273491 8.000694 0.000000 0.000000 
-23.645216 147.103302 4.935123 3.294876 14.306850 0.000000 0.000000 
-24.584000 147.400360 -3.223965 4.643753 17.851847 0.000000 0.000000 
-25.235622 147.313690 -1.342687 3.093521 16.979429 0.000000 0.000000 
-24.246935 147.500214 1.657152 3.703827 13.564777 0.000000 0.000000 
-25.053150 148.083008 -0.031225 -0.502213 11.590942 1.000000 1.000000 
-27.220352 147.809357 -3.091495 -10.838509 4.888969 0.000000 0.000000 
-24.547447 148.776886 1.834754 -3.224052 7.595890 1.000000 1.000000 
7.361432 150.889221 0.027653 -11.669044 3.176719 0.000000 1.000000 
-34.966923 149.142700 12.599461 -7.850143 5.048770 0.000000 0.000000 
-34.271881 149.370667 13.247890 -6.070770 6.004043 0.000000 0.000000 
-22.742937 151.625427 -2.249181 -8.355186 6.772365 0.000000 0.000000 
-23.103235 151.581665 -2.211815 -10.802855 5.842494 0.000000 0.000000 
-25.630735 151.617767 1.830552 -9.355995 5.679973 0.000000 0.000000 
-25.564596 151.963898 -2.710582 -8.580948 6.736007 0.000000 0.000000 
-24.065647 152.314941 0.453980 -5.547531 7.525051 0.000000 0.000000 
-22.801155 152.929474 -13.984318 -6.418129 5.574501 0.000000 0.000000 
-23.881073 152.900085 -10.268030 -6.230118 5.881538 0.000000 0.000000 
-22.975180 153.127777 -10.903835 -1.236572 11.874641 0.000000 0.000000 
-22.820816 153.354889 -10.202914 -4.781471 10.060638 0.000000 0.000000 
-23.988405 153.634430 -3.282957 -6.539467 7.507434 0.000000 0.000000 
-23.064117 153.846954 -12.392563 -6.890923 7.072998 0.000000 0.000000 
-24.085211 153.742676 -13.320938 -5.181587 8.540550 0.000000 0.000000 
-23.807779 153.874908 6.916602 -9.370255 7.091381 0.000000 0.000000 
-30.503185 152.897034 7.274170 -6.105843 7.143142 0.000000 0.000000 
-25.409655 154.102112 -4.399228 -6.353493 5.659748 0.000000 0.000000 
-24.361927 154.444183 5.571866 -2.683609 10.020515 0.000000 0.000000 
-28.262674 153.797546 8.449424 -2.582184 10.404507 0.000000 0.000000 
-23.004282 154.720703 -2.361835 -9.109581 6.552356 0.000000 0.000000 
-25.303677 155.151550 -3.347967 -7.815048 5.097938 0.000000 0.000000 
-24.869802 155.229126 -3.792753 -5.873749 8.457348 0.000000 0.000000 
-31.194199 154.181396 9.474798 -0.647270 9.389629 1.000000 1.000000 
-24.547855 155.614746 -2.456059 -11.489151 3.690758 0.000000 0.000000 
-31.949799 154.621826 9.688468 1.354156 13.743629 0.000000 0.000000 
-32.614090 154.617798 9.295740 -2.287338 12.379478 0.000000 0.000000 
-31.695030 154.955566 9.473112 -1.780609 8.562107 0.000000 0.000000 
-32.753201 154.999756 11.598868 -1.012917 10.742767 0.000000 0.000000 
-31.453979 155.396820 8.343081 3.414994 12.773964 0.000000 0.000000 
-31.521416 155.512482 10.171383 1.109612 10.360683 0.000000 0.000000 
-24.933018 157.422699 -2.712421 -5.275185 9.076515 0.000000 0.000000 
-24.341799 157.577881 -1.759429 -4.510971 7.035022 0.000000 0.000000 
-25.598091 157.403137 -2.209809 2.060242 11.368271 0.000000 0.000000 
-25.182009 157.814697 -2.878054 -2.558372 10.079693 0.000000 0.000000 
-26.080750 158.080139 -2.691084 3.090279 12.666821 0.000000 0.000000 
-26.348272 158.036499 -2.568632 1.252510 12.899517 0.000000 0.000000 
-33.479832 156.726288 12.256945 -1.026909 11.234158 0.000000 0.000000 
-25.583708 158.549316 -2.305319 -8.850197 2.502075 1.000000 1.000000 
-26.211121 158.502106 -1.268969 -4.293686 8.936913 0.000000 0.000000 
-24.613699 159.013824 0.625524 1.194244 10.612816 0.000000 0.000000 
-24.828819 159.071106 0.896357 -3.003525 8.838139 0.000000 0.000000 
-24.678396 159.114777 2.283299 -0.807945 11.115891 0.000000 0.000000 
-25.270582 159.029877 -0.538438 0.417374 10.847919 0.000000 0.000000 
-25.996763 158.937317 -1.985260 -4.854515 9.061024 0.000000 0.000000 
-25.584970 159.055542 -2.758424 2.087044 13.139297 0.000000 0.000000 
-25.550404 159.170166 -2.354940 0.257416 12.971218 1.000000 1.000000 
-25.999571 159.659790 -2.817538 -2.154411 11.059826 0.000000 0.000000 
-25.966108 159.676025 -1.528527 3.830872 16.416286 0.000000 0.000000 
-25.703791 159.798035 -1.576737 4.097557 12.002136 0.000000 0.000000 
-25.303295 159.910858 -1.845461 3.024796 15.808485 0.000000 0.000000 
-24.226892 160.586212 -3.714729 -0.973457 10.313797 0.000000 0.000000 
-24.761896 160.651855 4.127986 -2.515663 8.914074 0.000000 0.000000 
-25.547634 160.790497 0.576268 -6.310196 5.972373 0.000000 0.000000 
-26.081715 160.722229 5.607441 -3.549629 6.823642 0.000000 0.000000 
-23.998749 161.116058 5.737700 -0.586113 9.315727 0.000000 0.000000 
-26.039669 161.027313 -3.979750 -0.454956 8.156227 1.000000 1.000000 
-24.429642 161.438171 3.611562 2.631401 13.540195 0.000000 0.000000 
-24.576294 161.454559 5.277684 2.312027 11.546680 0.000000 0.000000 
-24.732864 161.489594 -1.102425 -7.418465 4.272624 1.000000 1.000000 
-23.013990 161.754883 -4.551886 -5.365997 8.045597 0.000000 0.000000 
-21.972158 162.213806 -2.754121 -5.424973 7.466877 0.000000 0.000000 
-26.543074 161.864532 -1.793273 -6.041664 6.927810 0.000000 0.000000 
-27.470747 161.757751 -3.051189 -6.080688 9.276806 0.000000 0.000000 
-25.475748 162.115479 -2.080102 -2.247322 9.763344 0.000000 0.000000 
-24.993736 162.506409 -10.226704 -6.368790 6.039199 0.000000 0.000000 
-24.476376 162.733917 -0.308858 -9.058914 7.671226 0.000000 0.000000 
-23.837660 163.320404 -2.177741 -8.274017 6.151248 0.000000 0.000000 
-23.883932 163.346588 -1.542676 -6.856972 6.992347 0.000000 0.000000 
-23.787363 163.716187 -1.817860 -10.610672 6.172908 0.000000 0.000000 
-30.394436 163.040894 9.282980 -7.076599 5.340271 0.000000 0.000000 
-24.909180 165.182526 -1.194819 -6.927383 4.927005 0.000000 0.000000 
-25.136471 165.182098 -1.541895 -3.627480 7.383441 0.000000 0.000000 
-26.957758 165.242828 -2.185634 -10.463425 3.504963 0.000000 0.000000 
-25.447021 165.997528 -2.802737 0.843773 10.946030 0.000000 0.000000 
-24.995691 166.100372 -2.192943 -4.331581 7.918190 0.000000 0.000000 
-25.474308 166.056915 -3.200168 -8.247292 8.654930 0.000000 0.000000 
-25.176422 166.160034 -2.472785 -1.850647 8.085567 0.000000 0.000000 
-22.594372 166.563293 6.069642 -4.279480 6.156978 0.000000 0.000000 
-26.318632 166.395050 -4.199812 -6.497986 7.566547 0.000000 0.000000 
-26.212353 166.624176 8.846891 -6.866760 5.102050 0.000000 0.000000 
-26.204588 166.638641 -0.544441 -5.538345 5.233299 0.000000 0.000000 
-25.427555 166.822052 -9.842943 -6.017578 6.264621 0.000000 0.000000 
-22.607876 167.812561 4.563912 -2.057510 10.330311 0.000000 0.000000 
-22.268818 167.957001 3.000534 -3.534431 7.914318 0.000000 0.000000 
-24.743849 167.663879 -1.034411 1.732391 9.269798 0.000000 0.000000 
-22.899191 168.004547 0.802384 -2.519791 6.814170 0.000000 0.000000 
-25.112823 167.853668 2.630212 -7.366020 5.013290 0.000000 0.000000 
-25.912106 168.200348 -0.884683 -6.926399 6.580535 0.000000 0.000000 
-25.033253 168.592346 -1.703548 -2.250549 6.309600 1.000000 1.000000 
-25.532869 168.569855 -2.338099 -3.641129 5.967079 0.000000 0.000000 
-25.121849 168.690186 -1.727457 -2.542778 6.706268 0.000000 0.000000 
-25.017996 168.770782 -3.126006 1.879578 10.676151 0.000000 0.000000 
-24.841742 169.177887 -1.969854 -4.673355 5.038486 0.000000 0.000000 
-23.514414 169.398346 -2.742941 -5.975739 6.222736 0.000000 0.000000 
-24.528164 169.828094 -2.576365 -6.335754 4.775409 0.000000 0.000000 
-24.835934 169.794647 -2.658857 -2.404755 7.522407 0.000000 0.000000 
-24.526283 169.921631 -2.010171 0.930298 9.403336 0.000000 0.000000 
-24.645826 169.990173 -3.749462 2.042191 9.759975 0.000000 0.000000 
-25.732531 169.991333 -3.875098 -3.074776 8.705544 0.000000 0.000000 
-23.355051 170.647064 5.874808 -6.227844 5.614650 0.000000 0.000000 
-23.450796 170.642670 -11.473558 -5.795288 5.397113 0.000000 0.000000 
-23.742092 170.709198 3.995418 -6.410095 7.485294 0.000000 0.000000 
-24.590170 170.808990 -13.943487 -6.172585 6.682018 0.000000 0.000000 
-25.339407 170.890839 -3.498620 -5.744644 4.930793 0.000000 0.000000 
-25.659328 170.872314 7.867446 -6.369164 5.878498 0.000000 0.000000 
-25.073606 171.068115 -0.335404 -7.978378 3.519718 1.000000 1.000000 
-22.330286 171.745026 1.922024 -10.548286 4.600494 0.000000 0.000000 
-25.011301 171.499908 -2.887739 0.062111 9.342312 0.000000 0.000000 
-25.313894 171.490875 0.705359 7.802361 14.197941 0.000000 0.000000 
-24.103966 171.941193 -2.770858 -2.466309 9.438156 0.000000 0.000000 
-25.091885 172.038025 -14.264287 -5.766579 8.301445 0.000000 0.000000 
-24.326822 172.205841 -12.805210 -2.909897 7.366481 0.000000 0.000000 
-23.372934 172.407318 -11.346189 -6.077225 7.822349 0.000000 0.000000 
-24.949293 172.302979 -13.776974 0.769051 10.433636 0.000000 0.000000 
-23.325031 172.534637 -2.614331 -5.947212 7.095687 0.000000 0.000000 
-25.896065 172.590027 5.618430 -5.974922 5.973896 0.000000 0.000000 
-24.232800 172.879303 0.231460 -3.979179 5.198493 1.000000 1.000000 
-23.463554 173.291473 -5.833588 -0.798225 8.380112 0.000000 0.000000 
-25.192064 173.172150 -2.719394 -2.047577 8.933132 0.000000 0.000000 
-25.097383 173.609619 -2.151232 0.420486 9.955212 0.000000 0.000000 
-24.012274 174.002380 -2.833899 5.589806 13.679390 0.000000 0.000000 
-24.670248 174.033630 -2.886788 -3.224525 5.800670 0.000000 0.000000 
-23.693453 174.187683 -2.554223 0.938324 11.259209 0.000000 0.000000 
-23.330318 174.582153 -4.067596 -8.702576 3.366436 0.000000 0.000000 
-24.541992 174.430908 -4.681024 -5.612511 5.308345 0.000000 0.000000 
-25.877977 174.316467 -2.015551 -3.333900 6.439804 1.000000 1.000000 
-23.480122 174.690491 -1.640574 -8.931740 6.574569 0.000000 0.000000 
-25.082556 174.600220 -1.914141 -5.204720 8.097828 0.000000 0.000000 
-23.459688 174.851562 -1.807235 -8.198746 4.523284 0.000000 0.000000 
-25.722679 175.380157 -4.554614 -3.200005 5.068153 0.000000 0.000000 
-25.731728 175.655579 -3.185121 -4.181465 5.863456 0.000000 0.000000 
-25.404991 176.148773 -2.926137 -7.247307 3.499611 0.000000 0.000000 
-24.121813 176.342194 -1.770518 -11.267715 3.821731 0.000000 0.000000 
-25.075823 176.228271 -1.112471 -6.770065 3.419735 0.000000 0.000000 
-24.474289 177.083923 -2.052124 -5.520233 4.939834 0.000000 0.000000 
-26.127300 176.918060 -3.984374 -4.832672 5.368370 0.000000 0.000000 
-25.064587 177.172180 -3.084757 -6.709671 5.530986 1.000000 1.000000 
-25.677999 177.589386 1.431612 -7.051109 3.979202 0.000000 0.000000 
-26.354345 177.536774 -3.856969 -6.984955 3.519123 0.000000 0.000000 
-26.041113 177.622528 0.305449 5.656067 11.602421 0.000000 0.000000 
-26.312414 177.752655 1.630976 4.590714 12.150208 0.000000 0.000000 
-26.614399 178.837433 4.621293 -2.656189 4.449398 1.000000 1.000000 
-24.621025 179.920807 -2.139475 -3.631966 5.543834 1.000000 1.000000 
-23.881311 180.184631 -0.182898 -11.028961 3.319381 0.000000 0.000000 
-23.543245 180.534302 0.309680 -6.911774 3.732551 0.000000 0.000000 
-25.485399 180.487793 -2.065341 6.310890 14.863951 0.000000 0.000000 
-26.335596 180.478638 -3.694482 0.805023 8.606930 0.000000 0.000000 
-25.347446 180.650635 -2.722715 3.271484 10.641098 0.000000 0.000000 
-24.397324 180.901550 -1.246927 -2.839714 7.003242 0.000000 0.000000 
-25.735285 180.930298 -4.850813 -6.761497 5.457565 0.000000 0.000000 
-25.160072 181.015259 4.177684 -4.868103 3.481270 0.000000 0.000000 
-24.199764 181.172882 0.975669 -6.922836 2.648288 0.000000 0.000000 
-24.044279 181.241974 -3.296376 -8.569038 2.937515 1.000000 1.000000 
-24.280237 181.562256 -6.440038 -5.326286 4.552513 0.000000 0.000000 
-24.944248 181.482147 -3.660106 -4.466789 6.489803 0.000000 0.000000 
-24.884243 181.663422 -2.560755 -1.365921 7.585750 0.000000 0.000000 
-24.969841 181.738831 -2.961938 0.603195 8.694229 0.000000 0.000000 
-24.683496 181.888794 -4.545348 -3.752563 7.142597 0.000000 0.000000 
-24.726305 182.022644 -2.367025 -5.675705 4.039505 0.000000 0.000000 
-26.027111 181.880676 -4.241785 -6.141701 4.681858 0.000000 0.000000 
-24.744431 182.330566 -2.787003 0.360359 8.020054 0.000000 0.000000 
-24.566114 184.010620 1.212747 -8.107826 2.770935 0.000000 0.000000 
-24.818419 184.779785 -14.361282 -5.897507 3.529705 0.000000 0.000000 
-26.309177 184.758881 -2.837250 -6.638939 3.512024 0.000000 0.000000 
-23.123100 185.620148 0.040547 -10.018768 4.300052 0.000000 0.000000 
-24.454521 185.465912 -0.997085 -7.855179 3.100834 0.000000 0.000000 
-25.110830 185.474457 10.187205 -6.160027 3.025326 0.000000 0.000000 
-27.332926 185.181671 3.419894 -4.648994 5.590419 0.000000 0.000000 
-25.257116 185.769531 -6.175689 -2.891319 6.369499 0.000000 0.000000 
-27.646160 185.761902 -0.562687 -4.876862 5.102005 0.000000 0.000000 
-25.484169 186.282837 5.006488 -7.477325 2.780906 1.000000 1.000000 
-27.844271 186.255554 -4.747110 -8.437675 4.298854 0.000000 0.000000 
-25.712042 186.992249 4.111134 -0.531982 7.507122 0.000000 0.000000 
-26.920025 186.841583 -15.046351 3.433464 9.937889 0.000000 0.000000 
-24.883307 187.299744 2.819761 -9.322220 3.470703 0.000000 0.000000 
-27.171570 186.971466 7.418846 -5.689026 3.975303 1.000000 1.000000 
-27.281588 187.097382 5.104917 -3.328773 5.919734 0.000000 0.000000 
-27.142157 187.134094 6.021135 -6.172073 5.091117 0.000000 0.000000 
-25.743473 187.463470 -7.253254 -5.168793 4.416152 0.000000 0.000000 
-25.903263 187.752350 -7.326961 2.696678 9.447994 0.000000 0.000000 
-25.855833 188.457367 4.476372 0.337738 6.479148 0.000000 0.000000 
-25.369776 189.248688 2.642541 -7.751945 8.798462 0.000000 0.000000 
-26.229162 189.237732 -12.534222 -6.401085 8.419220 0.000000 0.000000 
-24.960808 191.504974 -4.975310 -8.598068 3.810707 0.000000 0.000000 
-25.367538 191.610596 -3.721599 -7.527588 4.082973 0.000000 0.000000 
-25.688452 192.362061 -2.326520 -8.022514 3.299698 0.000000 0.000000 
-27.878508 192.941833 -3.215412 -4.685883 3.864151 0.000000 0.000000 
-33.129692 197.553040 -1.663653 -3.050491 6.693103 0.000000 0.000000 
-29.484039 198.823273 -3.458100 -4.519501 4.952980 0.000000 0.000000 
-28.976801 198.977570 0.132113 3.286972 8.999302 0.000000 0.000000 
-29.884756 198.926178 2.917492 0.949699 6.486026 0.000000 0.000000 
-28.456059 199.233246 -0.280025 -8.419167 4.891124 0.000000 0.000000 
-33.774242 198.856476 10.794733 -3.714310 4.682392 0.000000 0.000000 
-35.078026 199.072845 14.074018 -1.147919 6.828704 0.000000 0.000000 
-38.422619 198.820923 10.442323 -4.747482 5.329250 0.000000 0.000000 
-34.356857 201.209473 13.717577 -1.230591 5.237854 0.000000 0.000000 
-30.155785 205.883881 0.728799 -1.328659 5.122749 0.000000 0.000000 
-31.308859 205.803894 -2.163269 -4.402573 4.618556 0.000000 0.000000 
-27.749872 207.662811 2.626223 -3.166168 5.221523 0.000000 0.000000 
-28.026344 207.650360 4.090009 -4.203003 4.914443 0.000000 0.000000 
-29.699646 217.867249 7.187860 -4.055603 3.255245 0.000000 0.000000 
-30.294760 218.296783 6.423717 1.798241 6.254783 0.000000 0.000000 
-29.251671 219.061798 2.272906 -4.441696 2.579315 0.000000 0.000000 
4.799014 232.750519 -7.063459 -0.098206 5.668258 0.000000 0.000000 
-35.676525 247.985565 -3.410969 2.521919 5.731452 0.000000 0.000000 
-35.502419 250.079224 -2.189590 -2.528267 3.241504 0.000000 0.000000 
