ply
format ascii 1.0
comment Created by CloudCompare v2.14.beta (Feb  3 2026)
comment Created 2026-05-09T14:38:00
obj_info Generated by CloudCompare!
element vertex 1476
property float x
property float y
property float z
property float rcs
property float snr
property float v
property float label
end_header
-6.645529 -27.639946 -9.156657 -6.294228 21.237885 0.000000 1.000000 
15.063499 -27.800167 -8.046535 2.582420 28.087513 0.000000 1.000000 
-19.577974 -26.128433 -10.191238 -4.884438 23.834782 0.000000 1.000000 
15.401250 -28.947826 -9.267505 -3.447914 21.642054 0.000000 1.000000 
12.789512 -33.607258 -12.495161 -3.440277 22.925247 0.000000 1.000000 
-40.404911 0.961084 -10.775979 -2.038872 23.942030 0.000000 1.000000 
-38.582188 12.944567 -14.962358 -4.769699 20.297310 0.000000 1.000000 
-6.186804 -49.104942 -13.971317 -3.964348 19.243143 0.000000 1.000000 
7.953550 -32.891472 -9.785192 -2.485939 23.710152 0.000000 1.000000 
13.329438 -38.005741 -11.367316 -3.778473 21.885616 0.000000 1.000000 
2.344916 -41.050800 -9.419264 -6.689713 21.094931 0.000000 1.000000 
13.256792 -49.677788 -7.686137 1.436966 20.267412 0.000000 1.000000 
13.441764 -49.673370 -8.010598 0.568901 19.732487 0.000000 1.000000 
-18.206703 -49.109806 -9.968525 2.120239 19.810547 0.000000 1.000000 
12.267425 -55.452732 -10.089067 -1.825600 17.288853 0.000000 1.000000 
59.500023 -40.820469 -13.615341 6.237579 22.444593 0.000000 1.000000 
14.759275 -72.095490 -14.736905 7.298958 19.817726 0.000000 1.000000 
91.907349 -12.007246 -14.690931 9.346153 19.964745 0.000000 1.000000 
91.972206 -12.074070 -14.679172 7.218231 17.952177 0.000000 1.000000 
114.616592 -6.804843 -19.924995 12.762909 19.037827 0.000000 1.000000 
99.656494 -62.236099 -19.159204 13.176308 18.621532 0.000000 1.000000 
202.721939 4.892938 -13.399731 16.389786 12.434196 0.000000 1.000000 
4.559453 24.831253 -8.975589 -20.523735 18.055803 1.000000 1.000000 
7.466720 24.964888 -8.650443 -11.574158 25.920914 0.000000 1.000000 
-6.339798 29.158161 -10.022207 -15.703621 22.782627 0.000000 1.000000 
6.974670 33.288639 -9.018217 -13.027756 23.913870 0.000000 1.000000 
-16.438969 32.860168 -13.940427 -9.446014 21.884666 0.000000 1.000000 
28.405811 22.762543 -13.458391 3.832542 20.329350 0.000000 1.000000 
6.354716 39.598274 -9.254672 -15.363631 18.630997 0.000000 1.000000 
5.631957 46.447994 -17.383184 -18.207977 15.476372 0.000000 1.000000 
6.250157 47.013451 -12.614018 -13.134865 18.749086 0.000000 1.000000 
8.437086 49.214386 -17.880812 -6.645645 20.936201 0.000000 1.000000 
-22.388203 47.569675 -19.680698 -12.268448 13.889826 0.000000 1.000000 
-21.674454 48.098576 -19.686871 -13.491364 15.756538 0.000000 1.000000 
6.991728 53.164574 -19.231564 -8.629951 16.445063 0.000000 1.000000 
-18.415810 54.174950 -21.224733 -7.324554 21.738697 0.000000 1.000000 
-20.024977 54.613380 -15.371434 -14.448334 14.395756 0.000000 1.000000 
29.244431 50.268703 -13.566688 -5.124069 16.483494 0.000000 1.000000 
30.256512 55.675671 -22.212168 -12.148201 10.721066 0.000000 1.000000 
-11.821144 64.053452 -15.762675 -20.477814 11.294373 0.000000 1.000000 
-22.159376 62.352573 -26.155972 -13.901352 10.560646 1.000000 1.000000 
-30.705196 60.080914 -23.689352 -7.902710 14.220591 0.000000 1.000000 
22.048372 65.140762 -27.233604 -13.585266 9.814976 0.000000 1.000000 
-2.242483 71.215752 -19.468695 -10.262489 18.676014 0.000000 1.000000 
1.799397 77.318245 -29.242815 -14.699593 13.631090 0.000000 1.000000 
-35.431477 71.145294 -29.863358 -10.103172 11.684109 0.000000 1.000000 
3.454088 81.267609 -30.912624 -17.856171 8.953365 0.000000 1.000000 
-30.490133 81.308792 -34.805145 -7.568573 14.286074 0.000000 1.000000 
19.476887 85.417694 -14.234833 -9.596390 14.205013 0.000000 1.000000 
41.966042 77.719765 -33.504871 1.226143 13.513742 0.000000 1.000000 
41.770496 78.035522 -33.949223 2.539757 15.556707 0.000000 1.000000 
-37.201927 81.863693 -15.619699 -8.797081 10.960556 0.000000 1.000000 
12.262220 90.691902 -35.440807 -14.616913 9.061089 0.000000 1.000000 
10.979497 90.886986 -24.191896 -12.260002 9.368919 0.000000 1.000000 
-36.717541 84.004036 -26.861835 -6.809738 10.453331 0.000000 1.000000 
-38.213879 83.757553 -16.914734 -8.144554 10.464458 0.000000 1.000000 
-35.971825 84.819077 -35.956993 -9.334358 9.442474 0.000000 1.000000 
-31.801168 97.333328 -37.646538 -6.452492 9.894547 0.000000 1.000000 
-31.845736 98.003044 -34.380005 -12.079277 8.211700 0.000000 1.000000 
-36.488937 96.358315 -16.976088 -13.521843 8.244144 0.000000 1.000000 
38.529087 97.338982 -42.278721 -9.069199 7.076694 0.000000 1.000000 
-32.394878 100.086487 -18.987371 -8.951614 8.807186 0.000000 1.000000 
-26.903374 109.372040 -16.188503 -11.664719 8.885426 0.000000 1.000000 
-30.548645 109.674469 -46.053726 -9.782608 8.587727 0.000000 1.000000 
49.032524 107.697868 -13.395910 -7.772079 4.833805 0.000000 1.000000 
-30.401222 118.529968 -16.918900 -7.139572 8.301178 0.000000 1.000000 
-46.333916 113.272781 -49.684418 -6.856560 6.540420 0.000000 1.000000 
-47.675972 123.530571 -15.565811 -7.092133 6.810531 0.000000 1.000000 
44.603756 139.284760 -16.337786 -4.350479 5.937789 0.000000 1.000000 
-61.150082 184.218689 -75.477005 -4.268631 3.145836 0.000000 1.000000 
-33.551285 197.477936 -21.235441 -0.026085 5.520877 0.000000 1.000000 
-33.293453 197.626099 -24.034193 -3.670654 3.859554 0.000000 1.000000 
55.560772 -53.025051 21.964172 16.076530 26.153563 0.000000 1.000000 
113.849602 -10.332213 22.464287 13.073212 18.525766 0.000000 1.000000 
113.957977 -9.659020 22.397921 12.242950 18.074368 0.000000 1.000000 
5.083137 -116.092163 23.606806 10.069855 18.457863 0.000000 1.000000 
118.226334 11.578130 28.313290 11.492073 17.161057 0.000000 1.000000 
132.833298 -14.213069 41.309933 9.244362 15.060297 0.000000 1.000000 
176.147934 64.834702 18.050432 34.328224 27.044403 0.000000 1.000000 
185.970108 62.894779 23.110332 22.758888 16.306322 0.000000 1.000000 
193.181702 62.024639 61.052803 21.240334 14.911953 0.000000 1.000000 
9.746486 48.614140 17.601294 -17.146965 18.895752 0.000000 1.000000 
9.630956 52.262203 15.301466 -13.698654 17.316130 0.000000 1.000000 
7.204478 54.204708 17.686049 -6.378334 20.290792 0.000000 1.000000 
26.658672 59.735615 23.167650 -9.376717 11.376904 1.000000 1.000000 
-30.925463 59.890949 18.652811 -4.663292 17.138794 0.000000 1.000000 
-31.826452 68.177628 21.163719 -0.454918 20.626080 0.000000 1.000000 
-24.429550 73.128815 31.371792 -8.601662 15.351843 0.000000 1.000000 
-35.614529 72.136993 29.923668 -9.312012 12.585339 0.000000 1.000000 
-33.652534 73.142502 22.243996 -13.201134 10.604206 0.000000 1.000000 
-33.082077 73.454247 22.375473 -6.564346 15.039211 0.000000 1.000000 
29.349501 76.378677 23.054190 -10.851227 11.955021 0.000000 1.000000 
-27.815876 79.889168 28.823408 -4.108635 16.683937 0.000000 1.000000 
-27.957453 80.129570 29.357224 -3.945419 15.893883 0.000000 1.000000 
-36.986565 77.804565 29.764004 -9.310089 11.908909 0.000000 1.000000 
42.279770 77.611847 26.568470 0.556290 14.502518 0.000000 1.000000 
-32.933327 82.944931 35.234718 -7.829208 12.309963 0.000000 1.000000 
16.966055 89.480736 24.151180 -13.454741 9.910534 0.000000 1.000000 
-37.559410 83.588135 34.574760 -8.698845 10.255524 0.000000 1.000000 
-37.108677 83.860878 34.212227 -6.825409 9.401962 0.000000 1.000000 
6.005679 113.865234 40.500374 -9.252998 9.689770 0.000000 1.000000 
35.540852 108.229248 28.623680 -9.323189 6.672184 0.000000 1.000000 
48.391243 107.944305 34.574703 -3.619301 8.876892 0.000000 1.000000 
49.791367 147.113190 44.437675 -8.727013 5.261985 0.000000 1.000000 
-21.854181 161.852478 38.786507 -3.804237 11.177731 0.000000 1.000000 
12.543245 174.954376 24.065594 -14.086761 5.493259 0.000000 1.000000 
-18.353220 -14.812117 -6.775544 -3.155411 31.756241 0.000000 1.000000 
-1.525175 -37.389050 11.451241 8.159883 34.583961 0.000000 1.000000 
-36.836483 -6.424719 -6.514813 -3.187950 23.894701 0.000000 1.000000 
-50.439774 17.875031 -10.128942 -1.198235 18.256361 0.000000 1.000000 
1.951662 -11.876109 -3.479149 -11.242043 35.812775 0.000000 1.000000 
22.010790 -14.470584 -4.549346 -7.503716 24.661804 0.000000 1.000000 
21.572781 -17.511341 -8.075740 -10.893356 25.153856 0.000000 1.000000 
28.797264 11.461744 -8.489027 -0.407364 28.523380 0.000000 1.000000 
28.842640 11.438411 -8.670649 2.055779 29.631033 0.000000 1.000000 
11.799818 -31.259132 -3.962091 -1.312263 28.536570 0.000000 1.000000 
31.195925 17.578762 -4.692932 1.907920 23.779285 0.000000 1.000000 
44.944012 0.321030 14.322734 -3.500572 20.838720 0.000000 1.000000 
45.751545 15.494720 -6.147693 2.673035 22.711916 0.000000 1.000000 
-1.762513 -55.674324 12.393899 8.682405 31.773088 0.000000 1.000000 
70.285637 -11.266458 -7.863919 5.999435 20.237892 0.000000 1.000000 
4.444598 24.116770 -5.569963 -14.306290 25.562313 0.000000 1.000000 
-3.529479 27.341419 -5.492896 -16.727890 24.551350 0.000000 1.000000 
26.469193 17.140522 -8.407054 4.851791 21.012859 0.000000 1.000000 
6.506598 35.056103 13.612177 -19.411903 18.587095 1.000000 1.000000 
-13.348677 34.331841 13.501178 -12.828690 22.166550 0.000000 1.000000 
32.473843 15.085887 -4.024352 1.779495 16.353325 0.000000 1.000000 
6.612278 39.995628 15.112193 -17.622681 17.993702 0.000000 1.000000 
34.042694 18.430180 -3.625875 8.343773 19.016357 0.000000 1.000000 
13.181136 43.195660 -6.062802 -11.939384 18.346975 0.000000 1.000000 
13.726846 43.105583 -5.831856 -10.374855 20.343874 0.000000 1.000000 
13.257185 43.613098 -7.192732 -15.287253 16.201145 0.000000 1.000000 
-18.195704 43.627903 12.641673 -18.351723 14.145370 0.000000 1.000000 
15.974283 46.129009 -3.646828 -11.520134 17.077263 0.000000 1.000000 
20.488716 62.011974 -8.044684 -6.571320 18.598675 0.000000 1.000000 
26.758101 60.255054 -5.518474 1.183685 20.402050 0.000000 1.000000 
26.784012 60.437805 -6.163188 -6.820374 13.659834 0.000000 1.000000 
26.913885 60.420185 -10.178781 -1.037514 19.017601 0.000000 1.000000 
21.318800 64.542633 -5.582494 -14.752663 12.496346 0.000000 1.000000 
-2.346093 70.967834 -5.460658 -12.443748 18.649939 0.000000 1.000000 
-13.417299 70.704659 -7.038689 -12.602028 13.148037 0.000000 1.000000 
-29.801577 68.563171 -7.449570 1.168785 18.145102 0.000000 1.000000 
-29.835213 68.611748 -9.409048 2.117485 20.841259 0.000000 1.000000 
-10.608101 75.499039 -10.541453 -3.070564 18.987995 0.000000 1.000000 
25.397972 74.625809 -8.328482 -11.043495 10.811146 0.000000 1.000000 
53.078655 68.219398 -5.705464 5.939804 16.921240 0.000000 1.000000 
42.251434 77.736427 -10.793860 -1.136154 13.960173 0.000000 1.000000 
29.801037 84.542763 -3.509245 -7.949249 10.591362 0.000000 1.000000 
-29.776398 95.949692 -9.247969 -15.332825 6.983871 0.000000 1.000000 
-31.319750 96.811867 -11.802201 -12.814438 6.000686 0.000000 1.000000 
-31.400749 96.925293 -14.425865 -11.311913 7.436058 0.000000 1.000000 
-32.029411 96.927292 -14.608985 -4.459541 9.953785 0.000000 1.000000 
-31.918299 96.975700 -13.854812 -5.856895 8.717220 0.000000 1.000000 
-32.019745 97.056648 -10.746370 -9.512009 9.729538 0.000000 1.000000 
-30.801443 99.827950 -14.254480 -10.796692 6.762054 0.000000 1.000000 
-30.888912 99.820038 -15.544167 -9.229591 7.900375 0.000000 1.000000 
-1.312118 191.825836 -6.902493 1.360321 10.425911 0.000000 1.000000 
-1.053914 191.859436 -6.925613 2.696404 11.039261 0.000000 1.000000 
-2.012222 199.562256 -7.090113 -0.132599 7.239612 0.000000 1.000000 
-30.790688 198.682098 -3.666186 -5.422569 3.944973 0.000000 1.000000 
-33.632992 205.291870 -5.128544 -4.089424 3.547840 0.000000 1.000000 
-32.470444 205.601624 -3.671539 -4.415047 2.414840 0.000000 1.000000 
-34.634884 248.193390 -2.910905 1.759239 4.147899 0.000000 1.000000 
-36.346275 248.000031 -4.635221 0.422455 4.497520 0.000000 1.000000 
2.205173 -8.652727 -0.033306 -21.602798 22.018660 1.000000 1.000000 
-30.062046 -0.813679 2.641041 -5.144112 26.015146 0.000000 0.000000 
-35.118073 0.330966 1.637368 -0.078987 27.519464 0.000000 0.000000 
-35.221535 0.725700 1.514350 -4.467293 24.355108 0.000000 0.000000 
-35.247711 0.333330 1.872441 -3.233215 23.997299 0.000000 0.000000 
-36.964962 -2.419012 1.542448 -0.570885 27.917187 0.000000 0.000000 
-38.608803 -2.429312 3.782610 -5.206650 24.147629 0.000000 0.000000 
-38.778179 -1.827411 2.290781 -0.689430 24.879044 0.000000 0.000000 
-38.358418 -6.935951 2.709704 -3.900909 22.396564 0.000000 0.000000 
-38.635666 -7.584264 0.261323 0.272270 25.684517 0.000000 0.000000 
-40.438488 1.191167 1.852815 -1.121658 22.359810 0.000000 0.000000 
-40.682922 1.552410 2.136067 4.977081 28.380194 0.000000 0.000000 
-40.770115 1.741802 2.249395 5.770187 30.924896 0.000000 0.000000 
-40.993099 -1.144274 8.188467 -3.878891 23.207447 0.000000 0.000000 
-41.424709 0.273351 3.508037 -4.426888 23.230677 0.000000 0.000000 
-45.608528 -3.156903 2.361165 -4.984093 19.457281 0.000000 0.000000 
-47.643608 -4.250101 2.865873 -4.968369 18.394936 0.000000 0.000000 
-47.656639 -4.123991 2.800117 -3.175163 21.412014 0.000000 0.000000 
-50.491810 18.019978 4.604204 2.007370 21.156729 0.000000 0.000000 
-18.254742 -2.041865 -0.475772 3.012146 42.197823 0.000000 0.000000 
-18.219728 -2.758552 0.107013 3.960869 41.403538 0.000000 0.000000 
-18.409828 -2.547003 -0.197941 3.069405 38.840683 0.000000 0.000000 
-18.681189 -2.085901 -0.285335 7.027374 44.112000 0.000000 0.000000 
-18.680845 -2.111077 -0.306266 7.207886 44.958603 0.000000 0.000000 
-20.360607 -0.853192 -1.079671 4.738426 40.870995 0.000000 0.000000 
-20.360813 -0.861393 -1.039126 3.784683 39.696537 0.000000 0.000000 
-21.179489 -1.143174 -0.292569 -8.270874 29.082802 0.000000 0.000000 
-21.272760 -1.403668 -0.577562 -8.353439 28.539288 0.000000 0.000000 
-18.687548 -11.419503 2.312814 1.071495 34.201874 0.000000 0.000000 
-18.715239 -11.470675 2.039623 1.328621 33.589893 0.000000 0.000000 
-20.563759 -7.426310 6.974610 -10.740631 21.866667 0.000000 0.000000 
-19.459436 -10.996804 0.295118 -1.742348 30.850515 0.000000 0.000000 
-19.377125 -11.157103 0.873101 -0.360451 32.929367 0.000000 0.000000 
-19.869823 -11.240756 1.310144 0.999481 33.830086 0.000000 0.000000 
-18.069223 -14.188864 3.197325 -4.613487 27.838852 0.000000 0.000000 
-18.346132 -14.256372 -0.761972 16.045639 45.449738 0.000000 0.000000 
-18.411356 -14.327256 -0.732998 13.873535 43.977581 0.000000 0.000000 
-18.559120 -14.557548 -0.910438 0.882339 32.722401 0.000000 0.000000 
-23.161802 -2.669838 1.403312 -5.560425 29.766712 0.000000 0.000000 
-18.191715 -15.668468 5.358252 -6.465904 24.903021 0.000000 0.000000 
-18.250854 -15.677526 -0.421503 -2.376923 30.593113 0.000000 0.000000 
-24.111982 -3.987109 6.739760 -6.166801 27.611189 0.000000 0.000000 
-24.089128 -4.529870 0.710834 -9.639465 25.675974 0.000000 0.000000 
-18.052380 -17.151176 -1.002870 -10.326912 25.374901 0.000000 0.000000 
-26.418741 -2.172067 5.148736 -8.421997 26.991241 0.000000 0.000000 
-26.726175 -8.641523 10.963288 -7.744644 24.114883 0.000000 0.000000 
-23.908640 -21.057365 2.340053 -5.010857 27.420116 0.000000 0.000000 
-21.582359 -25.157715 5.660882 -3.178909 24.424450 0.000000 0.000000 
-20.090631 -26.456169 1.184596 -3.726387 24.317425 0.000000 0.000000 
-21.080896 -28.363956 1.560450 3.815987 26.990854 0.000000 0.000000 
-19.617878 -30.215042 3.188755 1.683823 25.377390 0.000000 0.000000 
-19.463177 -32.840351 3.275759 -5.649101 21.168806 0.000000 0.000000 
-20.597744 -35.357128 -0.496011 -2.387680 23.635883 0.000000 0.000000 
-24.040749 -37.069057 0.510195 -2.472862 21.555555 0.000000 0.000000 
-12.430422 -51.511284 3.421529 -1.837761 16.350903 1.000000 0.000000 
-14.214411 -51.552666 1.528839 -0.265205 16.615904 1.000000 0.000000 
-14.739208 -51.831104 1.479450 -1.726036 17.754219 1.000000 0.000000 
-12.248595 -55.198662 1.299711 10.291061 27.668732 1.000000 0.000000 
-12.176753 -55.536457 1.141734 6.650337 23.968952 1.000000 0.000000 
-20.863516 -54.610107 0.358498 2.366615 18.636988 0.000000 0.000000 
-12.091167 -59.796825 2.462745 0.338654 16.768084 1.000000 0.000000 
-13.000512 -59.995621 0.692215 1.441429 18.065632 1.000000 0.000000 
-12.269880 -60.426033 1.783574 6.577194 22.090149 1.000000 0.000000 
-12.810236 -60.692726 -0.108052 1.359169 16.491407 1.000000 0.000000 
-11.918865 -60.914284 2.048198 5.545845 20.829945 1.000000 0.000000 
-14.554638 -60.909950 0.850612 10.422829 24.712147 1.000000 0.000000 
-14.361052 -61.244072 1.112592 14.104736 29.154327 1.000000 0.000000 
-20.231623 -41.522705 7.263122 -0.467941 19.149235 0.000000 0.000000 
-18.755922 -48.347393 1.888917 -2.763596 18.792494 0.000000 0.000000 
-19.023981 -48.656700 4.371693 2.291534 20.313719 0.000000 0.000000 
-6.833831 -6.448484 -0.222556 -11.209129 35.960072 0.000000 0.000000 
-6.864268 -6.534685 0.164549 -10.213036 35.429188 0.000000 0.000000 
-6.858250 -10.867595 0.333638 -12.642776 33.151352 0.000000 0.000000 
-6.743080 -11.130562 0.232410 -12.468987 32.782860 0.000000 0.000000 
-6.666271 -11.256102 0.325306 -11.529106 28.850813 0.000000 0.000000 
-6.273672 -11.862603 -0.386306 -7.672508 33.426937 0.000000 0.000000 
-6.627703 -11.851190 0.115761 -12.460510 28.626764 0.000000 0.000000 
-6.849308 -11.941961 0.016987 -12.754364 27.462633 0.000000 0.000000 
-6.759773 -12.028748 0.073184 -10.172562 29.712147 0.000000 0.000000 
-6.228880 -12.792686 0.033687 -4.172165 35.431953 0.000000 0.000000 
-6.213055 -12.805144 -0.170726 -4.802071 34.380814 0.000000 0.000000 
-6.460419 -12.949254 0.452572 -5.401398 34.499451 0.000000 0.000000 
-6.520676 -13.044793 0.690239 -8.785110 30.929760 0.000000 0.000000 
-7.281767 -12.729562 0.251552 -16.794922 27.645622 0.000000 0.000000 
-6.260768 -13.305911 0.418704 -14.447968 26.949385 0.000000 0.000000 
-6.293624 -13.667659 -0.745007 -14.106049 28.423880 0.000000 0.000000 
-6.678607 -13.879009 -0.524000 -11.177399 27.373610 0.000000 0.000000 
-6.679133 -13.932311 -0.668499 -11.927818 27.148092 0.000000 0.000000 
-6.490704 -14.962934 0.232376 -10.753883 25.729189 0.000000 0.000000 
-6.476020 -14.993834 -0.163143 -7.690872 27.976906 0.000000 0.000000 
-6.409017 -15.402935 0.166803 -9.245102 29.948898 0.000000 0.000000 
-6.401843 -15.518806 0.529347 -9.086174 27.449656 0.000000 0.000000 
-7.093221 -15.489935 0.811713 -15.146782 23.210142 0.000000 0.000000 
-6.763732 -15.664762 1.071343 -9.109505 28.737614 0.000000 0.000000 
-6.818822 -15.677791 0.996692 -7.370079 31.619625 0.000000 0.000000 
-6.032177 -16.162670 0.686271 -9.626213 27.138592 0.000000 0.000000 
-6.401241 -16.278044 1.200230 -8.550400 25.886774 0.000000 0.000000 
-6.276913 -16.324089 0.971899 -5.629158 29.053478 0.000000 0.000000 
-6.369255 -16.728382 -0.748334 -9.791534 24.214165 0.000000 0.000000 
-6.395819 -16.772816 -0.376077 -11.459839 22.782709 0.000000 0.000000 
-6.561766 -17.204285 -0.010501 -9.561043 24.473499 0.000000 0.000000 
-6.407629 -17.530323 -0.576957 -7.077225 28.277252 0.000000 0.000000 
-6.885248 -18.608421 3.300544 -8.070625 27.973957 0.000000 0.000000 
-6.443127 -18.879913 -0.526923 -4.577637 31.117105 0.000000 0.000000 
-6.474275 -18.972324 -0.688983 -6.077827 30.634573 0.000000 0.000000 
-5.973839 -24.203430 -0.884295 -7.236450 26.063196 0.000000 0.000000 
-6.563602 -24.797226 2.205160 -8.253555 24.514214 0.000000 0.000000 
-5.902437 -26.659542 -0.133568 -8.103027 23.424973 0.000000 0.000000 
-6.724259 -13.485422 1.173481 -2.327866 30.601656 0.000000 0.000000 
-6.898778 -13.563787 1.415568 -4.036858 31.390903 0.000000 0.000000 
-5.990578 -14.188946 0.228908 -13.631020 26.072697 0.000000 0.000000 
-6.460116 -16.715965 -1.030508 -5.842789 29.714878 0.000000 0.000000 
-6.465461 -16.981480 -0.094064 -5.564735 28.836699 0.000000 0.000000 
-6.856386 -16.859512 -0.462845 -6.642731 26.883682 0.000000 0.000000 
-6.579854 -17.419262 -0.019626 -5.332832 28.402899 0.000000 0.000000 
-6.886149 -17.283077 -0.213620 -5.751656 28.141857 0.000000 0.000000 
-5.468438 -18.336487 -0.751971 -8.023468 25.805071 0.000000 0.000000 
-6.958402 -18.033669 0.584691 -9.218681 25.462206 0.000000 0.000000 
-7.382495 -18.332451 0.929459 -1.680992 30.910625 0.000000 0.000000 
-6.639325 -19.937420 -0.621302 -3.158760 29.829550 0.000000 0.000000 
-6.811248 -21.625454 0.222857 -3.340714 28.662197 0.000000 0.000000 
-6.072274 -21.990440 -0.793694 -2.711327 29.044302 0.000000 0.000000 
-7.512654 -24.508099 1.191010 0.194336 29.926977 0.000000 0.000000 
-6.155726 -26.150177 2.632069 -5.053734 24.270823 0.000000 0.000000 
-0.419298 -6.057998 -0.239249 -6.428284 45.493160 0.000000 0.000000 
-0.295812 -6.122573 -0.136098 -9.464249 44.323235 0.000000 0.000000 
0.191236 -6.212162 -0.292793 -1.807327 47.516842 0.000000 0.000000 
0.040479 -6.204638 -0.190691 -6.719807 44.887802 0.000000 0.000000 
0.302021 -6.293296 -0.286963 -5.298309 45.542942 0.000000 0.000000 
-0.036453 10.106667 0.109311 -20.551956 32.306053 1.000000 0.000000 
-0.850558 11.143906 -0.027763 -12.660789 32.592896 0.000000 0.000000 
0.050903 12.109206 -0.031431 -12.042336 36.661407 0.000000 0.000000 
0.102010 12.322050 -0.033843 -11.734344 38.054970 0.000000 0.000000 
-0.509355 12.377352 0.023188 -11.625679 37.136978 1.000000 0.000000 
-3.233373 17.709373 -0.004360 -24.043266 15.419146 1.000000 0.000000 
-3.427839 17.915092 0.506722 -24.636543 15.550280 1.000000 0.000000 
-3.702330 18.520412 0.412295 8.918770 43.396740 0.000000 0.000000 
-3.842476 18.725607 0.295995 8.779930 41.422543 0.000000 0.000000 
-3.706849 18.920771 -0.122715 2.031358 36.858238 0.000000 0.000000 
-3.736676 19.630486 -0.370320 -27.596153 11.967999 1.000000 0.000000 
-4.874115 20.940912 -0.639603 3.405838 39.022560 0.000000 0.000000 
-4.914029 20.932753 -0.744671 2.275269 36.376587 0.000000 0.000000 
0.216034 22.206991 -0.837356 2.371835 33.230228 1.000000 0.000000 
-5.066429 21.623554 -0.712426 0.830276 35.999477 1.000000 0.000000 
0.101996 22.545027 -0.871298 -3.767105 26.399323 0.000000 0.000000 
-0.044002 22.542463 -0.865227 -14.121552 15.674507 1.000000 0.000000 
0.290802 22.864902 -0.825979 19.532120 48.194916 0.000000 0.000000 
0.258752 22.983149 -0.847091 18.090080 47.390907 0.000000 0.000000 
0.045821 23.256050 -0.680078 -6.536301 25.906389 0.000000 0.000000 
0.082392 23.629721 -0.829235 -10.133278 23.303892 1.000000 0.000000 
5.860961 23.343956 -0.165488 -13.698235 22.806038 1.000000 0.000000 
5.707797 23.421339 -0.375836 -18.857803 19.494366 1.000000 0.000000 
5.831471 23.681063 -0.717812 -26.417603 7.775142 1.000000 0.000000 
5.708633 23.797174 -1.224521 -9.056091 24.881039 1.000000 0.000000 
5.467598 23.860415 -0.949977 -16.450623 21.830982 1.000000 0.000000 
5.621573 24.614534 -0.789908 -11.490479 20.756893 1.000000 0.000000 
5.582321 24.674641 -0.832348 -25.075081 12.115608 1.000000 0.000000 
7.645171 -15.307986 3.770085 -5.618706 29.009979 0.000000 0.000000 
12.577365 -27.808544 -0.782936 -3.849892 25.233532 0.000000 0.000000 
12.990095 -28.645329 -0.909257 1.629807 27.600475 0.000000 0.000000 
12.642580 -30.877659 -0.984765 -3.555855 22.416313 0.000000 0.000000 
7.313220 -35.606060 2.918618 -7.963715 20.593605 0.000000 0.000000 
9.161576 -41.139500 -0.795649 0.347755 24.192963 0.000000 0.000000 
8.612227 -10.481628 3.890085 -7.755646 31.534153 0.000000 0.000000 
12.247756 -11.072600 3.408307 -13.798584 28.275900 0.000000 0.000000 
5.298429 -24.490032 6.497492 -10.299660 24.013899 0.000000 0.000000 
7.587844 -34.166794 0.888477 2.961250 29.072512 0.000000 0.000000 
7.386008 -34.264786 0.101368 3.225235 28.403511 0.000000 0.000000 
6.647795 -19.703190 -0.770210 -10.645218 22.396534 0.000000 0.000000 
7.252656 -8.401134 -4.168828 0.395416 40.357384 0.000000 0.000000 
7.303197 -8.504378 -1.581572 6.712723 46.468727 0.000000 0.000000 
8.186437 -10.116943 -0.699301 -8.643730 33.631741 0.000000 0.000000 
14.402819 -52.236774 2.271951 -0.531433 18.024744 0.000000 0.000000 
8.540728 -54.453762 -1.875260 -0.878273 18.437878 0.000000 0.000000 
23.941076 -43.289978 1.372804 3.184769 18.898508 0.000000 0.000000 
23.609657 -43.671741 0.472197 6.079475 21.546267 0.000000 0.000000 
16.417942 -7.912214 7.352186 -3.694283 29.662115 0.000000 0.000000 
16.515240 -7.929062 7.393063 -7.781883 27.723808 0.000000 0.000000 
21.665316 -5.201959 4.525067 -8.969284 26.333715 0.000000 0.000000 
26.007799 -15.124546 3.498678 -0.591507 27.544079 0.000000 0.000000 
26.839846 -15.513406 -0.030085 -3.992455 25.509705 0.000000 0.000000 
38.815254 -0.737642 0.821473 9.177353 33.697689 0.000000 0.000000 
38.868507 -0.683758 0.298631 10.468567 34.769119 0.000000 0.000000 
40.272911 -1.138610 -1.522722 -3.014412 22.508736 0.000000 0.000000 
23.894003 -51.666782 1.049092 1.621971 22.045094 0.000000 0.000000 
21.232773 -2.480886 1.400272 -7.689911 27.807409 0.000000 0.000000 
27.580853 0.168046 0.393373 3.939980 35.630157 0.000000 0.000000 
30.883308 8.287338 9.223026 -4.131790 24.750309 0.000000 0.000000 
34.498272 8.674408 -1.393388 15.410095 36.944946 0.000000 0.000000 
34.580639 8.771140 -1.271751 15.283180 35.575150 0.000000 0.000000 
36.142307 18.948143 1.947394 -1.143501 22.779114 0.000000 0.000000 
36.317596 19.541508 0.156636 0.794044 24.286470 0.000000 0.000000 
46.513676 16.998756 1.370409 15.269341 32.397976 0.000000 0.000000 
46.644466 16.726883 1.396307 13.581520 30.877607 0.000000 0.000000 
47.268353 16.097263 -1.284781 6.762672 25.560577 0.000000 0.000000 
49.770061 16.968842 1.511300 5.577553 21.953173 0.000000 0.000000 
49.631950 17.415375 2.581994 0.217987 18.784105 0.000000 0.000000 
36.112991 20.419926 -0.057533 6.234642 17.694599 0.000000 0.000000 
43.543442 19.316261 -0.080463 5.989510 16.395683 0.000000 0.000000 
17.585100 34.646305 11.125390 -14.820724 17.238661 0.000000 0.000000 
36.604149 28.491964 1.377872 6.106171 19.275417 0.000000 0.000000 
33.186314 33.497318 6.135738 2.480347 17.852245 0.000000 0.000000 
34.974682 31.691635 1.141656 17.069954 26.895237 0.000000 0.000000 
35.017113 31.879351 0.966663 10.002861 21.669479 0.000000 0.000000 
35.223854 31.754177 1.359423 16.268997 26.078836 0.000000 0.000000 
34.986183 32.160271 1.062163 12.533836 21.335028 0.000000 0.000000 
33.468678 37.593533 1.084908 -4.893326 14.433849 0.000000 0.000000 
13.387483 28.049763 3.190912 -8.737930 23.383427 0.000000 0.000000 
15.663795 30.741289 0.972014 -2.191772 29.063032 0.000000 0.000000 
2.621743 -7.013263 0.392339 -7.105438 41.521763 0.000000 0.000000 
2.179029 -7.321612 1.800478 -12.256989 39.223087 0.000000 0.000000 
2.642570 -7.628692 -0.183404 -2.303757 42.622902 0.000000 0.000000 
2.354568 -8.097632 0.031019 -3.250168 42.075348 0.000000 0.000000 
2.437828 -8.932769 -0.033085 -2.245972 40.243423 0.000000 0.000000 
2.476170 -8.964696 -0.065357 -2.034370 41.502960 0.000000 0.000000 
2.278325 -9.258249 0.052667 -9.999130 31.724693 0.000000 0.000000 
2.315541 -9.266586 0.126140 -5.341965 36.650650 0.000000 0.000000 
2.429176 -9.471279 0.164359 0.504539 41.613842 0.000000 0.000000 
2.420300 -9.508820 0.151673 3.485580 46.063442 0.000000 0.000000 
2.279989 -10.108607 -0.158364 -7.013687 36.266479 0.000000 0.000000 
2.409622 -10.250248 -0.139098 -5.051369 37.883167 0.000000 0.000000 
2.486314 -10.224703 -0.107448 -4.210434 39.291378 0.000000 0.000000 
2.304920 -10.529337 -0.183070 -1.842400 40.007168 0.000000 0.000000 
2.226904 -10.555383 -0.222011 -5.008575 35.915436 0.000000 0.000000 
2.006921 -10.836066 -0.539437 -4.250847 37.332100 0.000000 0.000000 
2.150992 -10.869045 -0.334214 -3.848267 37.209187 0.000000 0.000000 
2.179337 -10.934981 -0.402485 -7.514816 34.140476 0.000000 0.000000 
2.387381 -10.995296 -0.024482 -5.914108 36.054420 0.000000 0.000000 
2.328495 -11.130157 -0.135287 -7.181183 34.614220 0.000000 0.000000 
2.345867 -0.966918 0.035253 -13.735825 50.631371 0.000000 0.000000 
2.492912 -0.974787 0.035095 -13.593048 55.652473 0.000000 0.000000 
2.413864 -2.019277 0.037599 -24.548656 33.906242 0.000000 0.000000 
2.443233 -2.074356 0.006771 -27.097878 41.061195 0.000000 0.000000 
2.419160 -2.501549 0.143441 -23.673920 41.081711 0.000000 0.000000 
2.463123 -2.596368 0.053962 -22.273476 40.913105 0.000000 0.000000 
2.401893 -2.855829 -0.025513 -19.881298 43.293915 0.000000 0.000000 
2.406186 -3.124011 -0.098338 -28.421627 38.476055 0.000000 0.000000 
2.450867 -3.531692 0.081061 -14.337402 45.756653 0.000000 0.000000 
2.479901 -3.512082 0.106427 -13.313698 46.593784 0.000000 0.000000 
2.515470 -3.613092 0.075718 -9.836205 48.063713 0.000000 0.000000 
2.432978 -3.956192 0.028775 -19.226124 42.155743 0.000000 0.000000 
2.451749 -4.139725 0.031768 -15.052895 42.397545 0.000000 0.000000 
2.472270 -4.186767 0.053208 -15.310608 43.363007 0.000000 0.000000 
2.433663 -4.471602 -0.075756 -17.897221 39.967278 0.000000 0.000000 
2.455159 -4.545679 -0.079343 -21.104324 40.338928 0.000000 0.000000 
2.467764 -4.602513 -0.069473 -20.029545 39.733131 0.000000 0.000000 
2.474571 -4.733980 -0.047447 -19.351540 36.117325 0.000000 0.000000 
2.452692 -5.061670 0.075381 -9.613548 43.508629 0.000000 0.000000 
2.474419 -5.156345 0.065180 -11.531693 42.775063 0.000000 0.000000 
2.403475 -5.337225 -0.161288 -12.159641 40.850372 0.000000 0.000000 
2.448455 -5.499478 0.003161 -1.708122 45.401802 0.000000 0.000000 
2.446179 -5.502106 0.035635 0.775112 54.876381 0.000000 0.000000 
2.432195 -5.508839 0.012094 -1.794426 44.820942 0.000000 0.000000 
2.470191 -6.251844 0.067517 -9.091640 42.035690 0.000000 0.000000 
2.483461 -6.359148 0.033751 -6.080864 44.132633 0.000000 0.000000 
2.481724 -6.470052 -0.128364 -7.607929 44.117317 0.000000 0.000000 
2.473212 -6.746508 0.057391 -6.871815 43.823818 0.000000 0.000000 
2.473284 -6.794159 -0.030897 -6.298729 42.125893 0.000000 0.000000 
2.416929 -7.058033 -0.124901 -8.958549 44.109055 0.000000 0.000000 
2.433303 -7.229572 -0.084996 -2.599602 43.999908 0.000000 0.000000 
2.436339 -7.231761 0.028647 -4.128067 44.227364 0.000000 0.000000 
2.286768 -7.532850 0.151664 -7.581924 38.649094 0.000000 0.000000 
2.362712 -7.515554 0.074131 -9.896591 38.944527 0.000000 0.000000 
2.378271 -7.658815 0.066376 -7.405243 39.509220 0.000000 0.000000 
2.308141 -7.927683 0.101477 -4.150742 41.313282 0.000000 0.000000 
2.281468 -8.231563 -0.190542 -10.216866 40.714012 0.000000 0.000000 
2.421389 -8.423311 0.176781 -8.705269 37.911961 0.000000 0.000000 
2.466501 -8.463709 -1.645401 -10.786133 31.998493 0.000000 0.000000 
2.302996 -8.749346 0.050210 -1.910080 43.481056 0.000000 0.000000 
2.254992 -8.956002 0.000924 4.871613 45.664284 0.000000 0.000000 
2.243785 -8.959574 -0.022514 3.255196 46.591297 0.000000 0.000000 
2.151018 -9.426907 -0.101377 -1.609734 42.231373 0.000000 0.000000 
2.175489 -9.480796 0.035528 -5.287529 39.852741 0.000000 0.000000 
2.173111 -9.484543 -0.149802 -3.551155 38.792984 0.000000 0.000000 
2.190581 -9.684763 -0.216100 -3.490456 38.094276 0.000000 0.000000 
2.180823 -9.796887 -0.300265 -4.067024 37.366158 0.000000 0.000000 
2.185063 -9.952719 -0.233078 -3.858360 40.387974 0.000000 0.000000 
2.320592 -10.122036 -0.238785 -2.554504 38.273613 0.000000 0.000000 
2.237307 -10.219116 0.301322 -2.383514 39.485489 0.000000 0.000000 
2.187453 -10.367303 0.035186 -3.986099 38.710842 0.000000 0.000000 
2.228925 -10.600787 -0.045336 -1.286545 41.496929 0.000000 0.000000 
2.273531 -10.616360 0.042134 -2.659737 39.508213 0.000000 0.000000 
2.141899 -10.809978 -0.197686 -4.010170 38.153854 0.000000 0.000000 
2.206111 -11.048118 -0.325262 1.339409 43.719669 0.000000 0.000000 
2.154568 -11.110032 -0.233582 1.778496 43.202290 0.000000 0.000000 
2.132565 -11.598584 0.350553 -5.024742 38.872887 0.000000 0.000000 
2.277710 4.784371 0.018991 -28.342163 23.917444 0.000000 0.000000 
2.416119 4.820744 -0.025567 -27.651440 25.252098 0.000000 0.000000 
2.484591 5.397039 -0.091669 -37.934895 17.962591 0.000000 0.000000 
2.305160 5.975834 -0.078573 -42.482502 16.105288 0.000000 0.000000 
2.359311 5.976596 -0.066044 -39.313244 17.517076 0.000000 0.000000 
2.292241 6.959430 0.037581 -10.955772 43.571964 0.000000 0.000000 
2.319331 6.984709 0.041100 -11.284237 44.260010 0.000000 0.000000 
2.383854 7.449247 -0.081574 -26.881920 30.086222 0.000000 0.000000 
2.292388 7.631961 -0.077758 -30.976402 27.005978 0.000000 0.000000 
2.289566 7.908026 -0.036783 -21.329865 32.756008 0.000000 0.000000 
2.372861 7.974880 -0.030968 -21.951008 34.500050 0.000000 0.000000 
2.413460 8.408687 -0.019187 -24.729805 28.166412 0.000000 0.000000 
2.264009 8.591677 -0.145034 -37.519783 22.259035 0.000000 0.000000 
2.269076 8.954786 0.018139 -8.452026 41.271492 0.000000 0.000000 
2.302157 9.001129 0.021537 -6.646210 42.453430 0.000000 0.000000 
2.329364 9.750027 -0.098319 -22.629787 24.748695 0.000000 0.000000 
-6.014484 -1.067427 -0.562963 -0.112549 50.086403 0.000000 0.000000 
-6.017200 -1.024378 -0.599170 4.960693 54.777752 0.000000 0.000000 
-6.069399 -1.031658 -0.609805 7.110023 57.313557 0.000000 0.000000 
-6.831993 0.003846 0.129596 1.089066 49.102207 0.000000 0.000000 
-6.939796 0.010529 0.165880 6.044884 55.158314 0.000000 0.000000 
2.682681 -7.626306 -0.220281 -0.346573 43.711975 0.000000 0.000000 
2.827362 -8.057727 0.322498 -3.893959 41.922375 0.000000 0.000000 
-6.307623 -12.500341 -2.004298 -8.943573 32.627487 0.000000 0.000000 
-6.166936 -13.570117 -3.745537 -18.252403 26.765312 0.000000 0.000000 
-14.472225 -3.185174 -0.161470 -20.384293 23.671242 0.000000 0.000000 
-7.130775 -14.200377 -0.650997 -18.672760 22.713524 0.000000 0.000000 
-6.641778 -14.670197 4.649461 -14.530960 23.636967 0.000000 0.000000 
-6.647326 -14.778820 4.806302 -16.644936 21.870157 0.000000 0.000000 
-6.906942 -15.032660 4.709438 -15.241913 23.267906 0.000000 0.000000 
-6.534754 -17.115295 -4.799074 -8.497536 25.081573 0.000000 0.000000 
-6.104122 -20.510094 -1.724034 -9.502373 24.483137 0.000000 0.000000 
-6.946877 -24.455265 -1.630910 -9.441872 21.756392 0.000000 0.000000 
8.111412 -24.360802 -0.959769 -4.332352 24.579693 0.000000 0.000000 
8.771180 -24.135193 -1.614156 -9.454842 23.842957 0.000000 0.000000 
-7.387303 -25.848423 -4.619003 -2.988899 27.572971 0.000000 0.000000 
-6.776950 -28.945339 6.040398 -1.085518 29.155062 0.000000 0.000000 
-29.858036 7.527708 -1.810686 -2.380409 24.474350 0.000000 1.000000 
12.447736 -28.369747 7.194232 -3.487587 25.312223 0.000000 0.000000 
13.169271 -28.821762 1.234436 2.447289 28.088516 0.000000 0.000000 
11.525915 -29.835846 7.957273 -4.468285 23.049650 0.000000 0.000000 
14.986845 -29.239815 1.383830 -3.511436 23.473597 0.000000 0.000000 
-38.414398 -8.278290 1.522734 -3.210762 21.654869 0.000000 0.000000 
9.930018 -40.083912 2.098267 0.213776 22.572756 0.000000 0.000000 
10.436871 -40.025856 1.399094 -3.969421 17.821812 0.000000 0.000000 
10.230914 -40.745373 0.900125 -3.813522 19.490616 0.000000 0.000000 
11.758037 -40.460789 2.502470 -0.187744 21.611095 0.000000 0.000000 
9.667861 -41.062946 -0.133989 2.268204 23.881941 0.000000 0.000000 
14.093768 -40.139656 -1.207288 0.613274 22.366447 0.000000 0.000000 
-38.548641 -19.681377 1.475007 5.085541 26.101778 0.000000 0.000000 
-38.569988 -19.944153 2.387635 8.611299 28.977034 0.000000 0.000000 
-42.553589 -12.952097 16.950771 -4.354355 20.409492 0.000000 1.000000 
-48.425583 16.544067 16.137089 -4.442184 17.460289 0.000000 1.000000 
-7.119373 -55.120232 -0.469348 3.216354 21.070509 0.000000 0.000000 
-6.149092 -61.342682 0.918796 2.042892 18.354288 0.000000 1.000000 
-89.908813 -57.673325 7.907182 10.361389 15.626736 0.000000 0.000000 
-106.918144 -2.819653 5.864677 8.534958 17.448326 0.000000 0.000000 
-107.011505 -3.424159 6.536800 11.216339 19.715660 0.000000 0.000000 
-107.277641 -1.525276 5.302982 14.420296 22.066273 0.000000 0.000000 
-107.283203 -1.832384 7.079086 15.060959 21.633406 0.000000 0.000000 
-107.391289 -5.872565 4.298448 7.010498 18.507294 0.000000 0.000000 
-107.465538 -6.819331 4.858688 8.239265 18.851454 0.000000 0.000000 
-107.378357 -8.981208 4.440680 10.635231 18.847958 0.000000 0.000000 
-107.432716 -8.818602 3.149294 9.574501 17.356283 0.000000 0.000000 
-115.452477 -3.349036 7.155183 12.272148 19.221630 0.000000 0.000000 
-115.468849 -2.844452 6.602254 9.098625 16.177048 0.000000 0.000000 
52.244999 -105.452301 6.169601 13.280167 16.334404 0.000000 0.000000 
55.435661 -103.846870 6.582057 19.753883 21.300312 0.000000 0.000000 
57.608395 -102.726768 2.159189 14.462967 15.209246 0.000000 0.000000 
62.926708 -109.990524 7.391723 22.181831 21.722715 0.000000 0.000000 
59.925076 -147.814133 8.200783 19.363579 17.905611 0.000000 0.000000 
7.182146 -5.250985 -0.047648 3.377464 46.521545 0.000000 0.000000 
7.285528 -5.358526 -0.110395 4.948860 49.948524 0.000000 0.000000 
8.559482 -3.962038 -1.280370 -3.750526 36.252514 0.000000 0.000000 
8.715518 -3.970595 -0.919517 -0.030945 40.520264 0.000000 0.000000 
8.761383 -3.885085 -0.367944 -4.310638 36.791470 0.000000 0.000000 
11.941026 -3.159302 0.018537 9.174806 47.916252 0.000000 0.000000 
11.940579 -3.167585 0.073271 7.309776 45.341103 0.000000 0.000000 
4.167291 -12.344677 3.385262 -8.793526 34.114975 0.000000 1.000000 
8.610782 -10.390933 0.308402 -8.884979 30.315886 0.000000 0.000000 
10.513307 -9.590634 -2.100843 -11.046021 30.337143 0.000000 1.000000 
13.906383 -2.782665 0.704299 1.682159 41.251587 0.000000 0.000000 
14.049278 -2.765756 0.774286 -1.657196 36.655674 0.000000 0.000000 
12.731409 6.316537 3.986764 -7.375641 30.070536 0.000000 0.000000 
15.851501 -0.895598 -0.425416 0.936691 38.708908 0.000000 0.000000 
15.899331 -0.880799 -0.537194 -1.063820 36.953636 0.000000 0.000000 
-6.872687 -14.672644 -0.926537 -1.217735 31.346119 0.000000 0.000000 
-6.921327 -14.928411 -1.467765 -4.300537 28.646133 0.000000 0.000000 
17.046181 0.408337 -0.770853 8.259004 44.303841 0.000000 0.000000 
17.176376 0.398369 -0.757861 5.976821 42.864456 0.000000 0.000000 
-6.165000 -17.150940 -1.699838 -4.589180 27.841185 0.000000 0.000000 
-5.883091 -18.150074 -6.785403 -10.406540 24.288015 0.000000 0.000000 
17.034756 8.507077 0.289830 9.874710 39.127419 0.000000 0.000000 
17.040571 8.706774 0.439187 9.845337 38.864662 0.000000 0.000000 
18.015125 -9.359035 6.907384 -3.468849 30.139616 0.000000 0.000000 
-7.959732 -18.624237 -3.558342 -9.344879 28.633972 0.000000 0.000000 
20.682802 0.878048 -0.177071 -4.274704 31.528595 0.000000 1.000000 
20.728247 0.893421 0.015914 -1.574265 32.147953 0.000000 1.000000 
18.250050 9.959453 0.031200 11.950020 42.533371 0.000000 0.000000 
18.580364 9.729910 -0.164982 7.883797 41.700401 0.000000 0.000000 
20.008656 8.099438 5.789301 -2.388649 34.450279 0.000000 0.000000 
-6.075105 -22.080978 4.124030 -9.524406 24.584518 0.000000 0.000000 
11.146605 -21.355873 8.420730 -3.112709 27.522766 0.000000 0.000000 
21.890089 9.606086 0.767276 5.977013 38.939213 0.000000 0.000000 
21.737444 10.137688 0.667629 5.670333 36.733566 0.000000 0.000000 
22.637993 -10.911466 -1.732960 -1.034439 29.739220 0.000000 1.000000 
22.569515 -11.173347 -2.680133 -1.327332 28.459360 0.000000 0.000000 
21.776165 11.277833 -2.547186 -2.163094 32.695221 0.000000 0.000000 
-3.980674 -25.070934 7.016809 -4.168022 26.930489 0.000000 0.000000 
9.036292 -26.676601 -5.760710 -2.430847 26.424629 0.000000 0.000000 
26.368574 8.834643 -0.658783 13.393158 37.799240 0.000000 0.000000 
26.384361 9.076980 0.041601 11.434883 36.259373 0.000000 0.000000 
26.895477 7.977509 4.488874 4.441460 29.618013 0.000000 0.000000 
28.624613 8.544054 -0.264683 14.292114 37.331867 0.000000 0.000000 
28.579020 8.722364 -0.449538 16.983025 39.448746 0.000000 0.000000 
23.547667 -21.620468 1.038812 3.717079 29.739820 0.000000 0.000000 
23.611885 -21.657757 0.491517 6.390060 32.776688 0.000000 0.000000 
30.479832 8.199580 0.402931 9.478172 32.510189 0.000000 0.000000 
30.451588 8.294363 -0.012854 9.512352 33.299908 0.000000 0.000000 
32.579430 1.388658 1.435495 13.230057 38.840786 0.000000 0.000000 
32.687820 1.363403 1.242723 12.766472 40.879944 0.000000 0.000000 
23.416588 -23.984177 1.407159 0.042778 26.234159 0.000000 0.000000 
28.916668 15.581672 0.867105 3.680954 30.226152 1.000000 1.000000 
32.403755 8.926836 -0.805252 16.974220 36.831249 0.000000 0.000000 
32.329929 9.171126 -0.759036 17.435112 38.907093 0.000000 0.000000 
32.384190 9.174992 -0.682389 20.502792 42.296463 0.000000 0.000000 
34.010551 -9.270032 1.674251 -4.680328 22.445702 0.000000 1.000000 
34.248604 -8.575823 2.226102 -2.232925 23.813646 0.000000 1.000000 
6.405270 -35.327374 -0.746513 -7.212181 24.127506 0.000000 0.000000 
6.597351 -36.529049 -0.076165 -0.226730 24.668434 0.000000 0.000000 
6.242966 -36.620060 -1.200121 -1.489395 23.541370 0.000000 0.000000 
5.841859 -37.331482 -0.435889 -6.051201 23.995960 0.000000 0.000000 
38.632618 -0.392468 -2.165625 0.711655 25.197586 0.000000 0.000000 
13.382221 -37.289608 0.532780 -2.560440 22.000111 0.000000 1.000000 
38.605019 7.966613 -1.152553 9.530922 29.908779 0.000000 1.000000 
41.676746 -0.914831 2.094878 10.432732 33.092793 0.000000 0.000000 
41.672203 -0.271067 3.261042 12.965675 35.425385 0.000000 0.000000 
6.612226 -41.912281 7.427882 -2.119759 22.116798 0.000000 0.000000 
3.863001 -42.573650 7.847619 0.489296 23.879492 0.000000 0.000000 
43.116940 -0.505455 1.059386 6.727982 29.121426 0.000000 0.000000 
43.261719 -0.445546 1.638794 4.787804 26.524496 0.000000 0.000000 
43.308792 -0.802482 2.936028 -0.050308 24.949980 0.000000 0.000000 
41.908989 10.709360 1.162582 -3.115799 20.556087 0.000000 0.000000 
42.641296 8.707778 -1.278779 17.389427 35.382343 0.000000 0.000000 
42.661324 8.807345 -1.308710 15.646057 34.037735 0.000000 0.000000 
43.723991 -9.223207 -3.278030 -2.042992 23.109116 0.000000 1.000000 
44.331810 9.917177 0.498325 7.838371 27.223789 0.000000 0.000000 
44.457317 9.497386 -0.950576 -1.239380 21.561182 0.000000 0.000000 
46.596931 8.003762 -2.847530 18.266586 33.316277 0.000000 0.000000 
46.653065 8.229258 -4.304739 19.790787 35.278629 0.000000 0.000000 
47.161434 9.090260 1.014820 6.820023 24.273716 0.000000 0.000000 
47.489662 7.493257 -1.186037 5.474411 25.131901 0.000000 0.000000 
50.342274 9.967376 -0.757027 13.613159 32.577488 0.000000 0.000000 
50.296448 14.734694 -2.248349 2.641869 18.691582 0.000000 0.000000 
52.644783 8.691639 0.152037 13.654869 32.627808 0.000000 0.000000 
52.544846 9.234027 0.252530 16.321815 32.308712 0.000000 0.000000 
52.533192 9.472817 0.566729 18.795364 32.839859 0.000000 0.000000 
52.701889 8.615007 -0.022787 15.470848 34.077995 0.000000 0.000000 
53.587112 9.695903 -1.571534 -1.953270 17.860477 0.000000 0.000000 
53.693310 9.771833 -1.513952 1.497314 19.177778 0.000000 0.000000 
54.894047 7.197751 -0.129551 22.587944 37.852711 0.000000 0.000000 
54.963657 7.134570 -0.669282 19.990242 34.186928 0.000000 0.000000 
55.891434 9.467586 -0.803140 5.279427 21.443542 0.000000 0.000000 
55.603390 11.008744 1.782498 4.912612 21.294083 0.000000 0.000000 
56.936996 6.230316 -2.452682 19.274933 34.919785 0.000000 0.000000 
57.233936 4.240843 12.654365 11.315712 29.166046 0.000000 0.000000 
57.115288 5.411855 13.612360 13.450478 29.549091 0.000000 0.000000 
56.683758 9.682807 1.813058 15.804924 28.829548 0.000000 0.000000 
56.854553 9.663934 -0.658054 11.422501 26.529047 0.000000 0.000000 
58.051514 0.695822 1.118940 12.270424 29.492809 0.000000 0.000000 
58.050125 0.797985 0.716487 13.324661 29.478352 0.000000 0.000000 
55.551819 16.724293 1.346425 5.759354 22.170330 0.000000 0.000000 
55.867054 16.515091 -2.995018 4.512383 19.506598 0.000000 0.000000 
58.164265 7.574866 -3.640195 8.134233 23.005705 0.000000 0.000000 
59.165466 2.371908 10.589705 8.742065 24.860985 0.000000 0.000000 
58.543594 8.695440 -0.901528 21.200783 33.360741 0.000000 0.000000 
58.701946 8.598645 -1.082457 21.242851 34.546810 0.000000 0.000000 
60.469543 9.446733 -0.647713 23.764343 36.356892 0.000000 0.000000 
60.415478 9.756036 -0.293715 20.604584 32.881947 0.000000 0.000000 
61.638210 -9.060703 1.471791 1.506271 19.082718 0.000000 0.000000 
62.009731 -8.911565 3.512703 7.420509 24.948900 0.000000 0.000000 
62.012589 -9.307390 2.841161 8.524734 24.990265 0.000000 0.000000 
62.013954 -10.747860 2.770793 5.374390 21.765171 0.000000 0.000000 
62.158276 -10.720473 3.173376 8.495277 23.768721 0.000000 0.000000 
62.685806 8.577273 -2.188292 12.552567 27.018890 0.000000 0.000000 
62.683319 8.849472 -2.184915 11.791649 27.966116 0.000000 0.000000 
63.948292 -10.275069 0.916631 3.719452 19.613831 0.000000 0.000000 
57.728237 -31.386288 2.131056 12.914688 27.223114 0.000000 0.000000 
57.711502 -31.616245 3.033079 15.977409 27.776722 0.000000 0.000000 
57.517021 -32.210171 6.650725 16.337997 28.783129 0.000000 0.000000 
57.776764 -32.204960 3.168261 6.081467 20.491655 0.000000 0.000000 
65.785057 12.507192 1.946992 5.760375 17.740368 0.000000 0.000000 
66.226944 10.502577 1.004501 6.547988 19.163357 0.000000 1.000000 
66.724197 -10.630564 -0.640708 11.218643 28.419647 0.000000 0.000000 
66.732780 -10.799583 0.979155 14.115906 29.630882 0.000000 0.000000 
5.498418 -68.190948 -2.130509 0.822517 15.808044 0.000000 0.000000 
67.767647 13.132993 2.302660 22.605072 32.575729 0.000000 0.000000 
67.893204 13.031190 1.836758 24.843605 34.980389 0.000000 0.000000 
70.383041 -9.892774 -3.291274 9.925270 24.928572 0.000000 0.000000 
70.414520 9.572221 0.232600 10.734360 24.884291 0.000000 0.000000 
57.914856 -43.280037 5.293973 13.308655 26.771460 0.000000 0.000000 
72.559929 9.067666 -0.079104 29.184486 39.036812 0.000000 0.000000 
72.651031 8.806100 -0.215873 25.574944 34.799923 0.000000 0.000000 
74.811249 6.827815 -2.326118 12.220543 23.797863 0.000000 0.000000 
74.851219 7.216510 -2.831535 16.244591 27.327797 0.000000 0.000000 
55.987095 -52.800705 0.739289 18.865181 30.017353 0.000000 0.000000 
76.663048 8.846148 -0.499382 15.019089 26.955862 0.000000 0.000000 
76.734604 8.674064 -0.755208 14.408791 25.470800 0.000000 0.000000 
8.608238 -77.154526 -1.430266 10.568077 24.698906 0.000000 0.000000 
8.260439 -77.200745 -1.715563 14.507820 27.961271 0.000000 0.000000 
78.664749 8.476919 -1.907188 20.267822 30.452442 0.000000 0.000000 
78.883293 7.900575 -2.502816 18.782227 28.663883 0.000000 0.000000 
80.675591 7.941999 -3.315399 11.806686 22.263754 0.000000 0.000000 
80.630753 9.223566 -0.921185 14.445213 25.906223 0.000000 0.000000 
80.657295 9.447423 -0.311869 10.945236 22.568663 0.000000 0.000000 
55.894989 -64.040184 5.888151 9.912704 18.067831 0.000000 0.000000 
-33.704018 -77.672867 3.911942 5.547859 15.826187 0.000000 0.000000 
84.516930 9.397334 -3.078315 10.375954 21.451485 0.000000 0.000000 
84.419228 10.918756 0.098408 10.632538 23.397472 0.000000 0.000000 
86.355232 10.578056 0.972967 13.464012 22.237095 0.000000 0.000000 
86.368797 10.813017 1.746577 13.368965 20.396275 0.000000 0.000000 
86.882431 -10.009945 9.182302 6.610275 19.095329 0.000000 0.000000 
57.661343 -67.839333 5.577199 17.907578 26.496880 0.000000 0.000000 
57.938980 -67.700394 5.895677 16.751900 24.012054 0.000000 0.000000 
57.989555 -67.839500 5.244395 16.692451 23.921068 0.000000 0.000000 
88.516563 10.316092 3.116879 14.048431 22.937943 0.000000 0.000000 
88.528831 10.251432 2.186570 17.366158 24.912472 0.000000 0.000000 
89.463722 -1.290468 -3.392050 3.382568 15.607761 0.000000 0.000000 
89.264671 -9.946427 9.183145 7.856796 21.161457 0.000000 0.000000 
-28.163237 -85.619064 0.809801 7.562355 14.978943 0.000000 0.000000 
90.474503 9.905845 1.172982 22.026001 28.737162 0.000000 0.000000 
90.596214 10.168079 1.372299 25.036148 31.893206 0.000000 0.000000 
91.153053 -11.033678 8.404726 7.619293 22.302536 0.000000 0.000000 
91.211685 -11.041944 11.546407 4.753906 18.875986 0.000000 0.000000 
91.226784 -11.284109 9.817101 8.976738 23.257572 0.000000 0.000000 
91.367638 -12.609866 13.712441 13.964737 25.085274 0.000000 0.000000 
91.408195 -12.952446 11.716128 9.287370 20.537769 0.000000 0.000000 
91.514023 -12.700415 14.877925 11.413147 22.995144 0.000000 0.000000 
92.796104 7.879987 -1.076241 19.315460 27.403255 0.000000 0.000000 
92.827179 8.108553 -1.215171 17.317703 24.899498 0.000000 0.000000 
92.607361 -12.582403 10.240431 10.356361 19.223186 0.000000 0.000000 
95.335533 -10.161216 8.116091 4.047447 14.369116 0.000000 0.000000 
95.370514 -9.862027 10.193683 8.595445 17.516428 0.000000 0.000000 
96.239174 -12.680371 7.659937 8.300714 19.047380 0.000000 0.000000 
96.224426 -13.181426 8.629169 7.639984 19.401188 0.000000 0.000000 
97.406914 -12.757806 8.807537 7.292770 16.307648 0.000000 0.000000 
102.631516 8.571898 3.145945 6.535828 16.468618 0.000000 0.000000 
108.563217 -9.131405 9.771110 10.937958 17.471458 0.000000 0.000000 
108.544647 -9.767511 9.628675 11.791634 16.626606 0.000000 0.000000 
107.718292 16.645546 0.783639 16.574776 22.160294 0.000000 0.000000 
107.746758 16.886135 -0.440833 12.854057 18.547100 0.000000 0.000000 
113.532379 -8.751413 14.070917 13.067184 17.942884 0.000000 0.000000 
113.553291 -8.790508 15.078688 15.723526 20.040140 0.000000 0.000000 
113.624695 -8.345818 15.730211 10.512337 15.683868 0.000000 0.000000 
114.469154 -7.778658 12.089999 15.272850 19.779531 0.000000 0.000000 
7.081148 -115.939102 -2.735673 9.597229 16.461815 0.000000 0.000000 
6.746068 -116.008438 -3.495524 6.664391 13.391628 0.000000 0.000000 
118.294838 0.054456 -1.354277 13.035355 21.046183 0.000000 0.000000 
118.294601 2.427453 2.640039 14.103531 20.539463 0.000000 0.000000 
118.517014 -0.268055 4.119548 9.997612 18.815746 0.000000 0.000000 
118.669197 7.715812 -5.301214 13.868752 18.653490 0.000000 0.000000 
118.859131 8.255731 -3.924031 12.395782 17.720797 0.000000 0.000000 
118.839752 8.905177 -3.679944 12.905876 18.498966 0.000000 0.000000 
119.921318 0.081304 -0.696039 9.209442 15.687487 0.000000 0.000000 
119.977837 -1.576369 -2.366234 8.844406 15.797720 0.000000 0.000000 
120.404327 0.036747 -4.067500 10.510681 14.260237 0.000000 0.000000 
120.511490 -0.639894 -2.170239 7.632339 10.038002 0.000000 0.000000 
124.647331 8.315440 -3.640245 11.701836 15.756065 0.000000 0.000000 
127.415787 16.733223 2.498403 20.065071 20.866957 0.000000 0.000000 
9.685506 -129.348373 0.245655 13.169350 16.704670 0.000000 0.000000 
7.059622 -130.711899 -3.829738 11.044281 14.759651 0.000000 0.000000 
8.012272 -134.361420 1.994621 15.618767 18.338552 0.000000 0.000000 
134.395172 9.688292 -5.470785 14.932640 16.567123 0.000000 0.000000 
6.850422 -135.653656 -0.572883 13.840088 17.265617 0.000000 0.000000 
136.710571 10.306112 -5.153086 15.824821 18.001797 0.000000 0.000000 
138.191879 12.641312 -0.557994 19.460609 21.291246 0.000000 0.000000 
7.497757 -140.824036 -0.731233 11.609879 14.280495 0.000000 0.000000 
8.193735 -142.139984 -6.664939 13.056793 15.932838 0.000000 0.000000 
142.252319 13.211117 1.190556 20.037384 22.171515 0.000000 0.000000 
7.844179 -143.395050 -0.711331 22.529564 25.161488 0.000000 0.000000 
7.774413 -144.637619 -2.487391 22.458618 23.509476 0.000000 0.000000 
144.432220 11.865075 3.106573 14.145699 14.839529 0.000000 0.000000 
6.841201 -145.836166 -1.768147 11.654610 14.764673 0.000000 0.000000 
7.345454 -145.886658 -3.932723 19.223259 21.175158 0.000000 0.000000 
7.832342 -147.098160 -1.382596 25.226646 26.967525 0.000000 0.000000 
8.285152 -148.303848 -4.077570 21.772720 22.604286 0.000000 0.000000 
148.349289 13.871119 4.812895 17.868599 17.788336 0.000000 0.000000 
6.834576 -149.602982 -3.453005 17.510567 19.295052 0.000000 0.000000 
7.217238 -150.814072 -7.876620 13.362381 14.811737 0.000000 0.000000 
150.218002 12.283063 -1.054416 15.954224 15.887251 0.000000 0.000000 
150.526901 12.536667 8.481400 17.852036 17.562830 0.000000 0.000000 
9.043537 -151.136139 -2.387844 11.559242 15.083027 0.000000 0.000000 
152.589081 12.074630 -1.292160 14.803406 14.175865 0.000000 0.000000 
8.347000 -156.930817 -0.326156 12.201111 13.505405 0.000000 0.000000 
164.057190 -15.094199 13.167486 17.977760 19.040565 0.000000 0.000000 
58.321709 -158.802124 6.640068 13.595970 14.659897 0.000000 0.000000 
8.322059 -173.344559 -5.962366 20.988495 20.115841 0.000000 0.000000 
-0.330195 8.827533 0.003303 -44.845642 16.532982 1.000000 1.000000 
3.015405 10.575918 0.071475 -31.483032 10.330997 1.000000 1.000000 
2.294691 12.330006 0.387749 -16.108566 32.419544 0.000000 0.000000 
2.033998 12.473796 -0.059376 -35.139015 14.938189 1.000000 1.000000 
2.220248 12.839090 -1.009957 -11.480698 35.092957 0.000000 0.000000 
2.198548 13.102472 -1.161185 -10.937790 33.481258 0.000000 0.000000 
2.278380 13.528972 -0.077774 -2.224525 37.962849 0.000000 0.000000 
1.906878 13.931408 -0.244692 -35.991470 9.249165 1.000000 1.000000 
2.364163 13.952919 -0.105623 -0.082344 41.089672 0.000000 0.000000 
2.109107 14.172903 -0.072156 -28.421822 12.256115 1.000000 1.000000 
2.485234 14.263736 0.076394 -31.754372 9.995655 1.000000 1.000000 
2.325062 14.383271 -0.155062 3.020546 43.046898 0.000000 0.000000 
2.313311 14.395123 -0.161710 0.232033 39.442459 0.000000 0.000000 
2.303485 14.493804 -0.147687 2.083412 40.638275 0.000000 0.000000 
2.187196 14.638822 -0.006110 -36.380081 8.034882 1.000000 1.000000 
2.349768 14.843602 -0.126783 -3.639610 35.331432 0.000000 0.000000 
2.269682 15.183501 0.126691 -9.747002 35.185600 0.000000 0.000000 
2.272702 15.287157 0.176045 -12.907204 36.284737 0.000000 0.000000 
2.528427 15.583491 -0.045484 -31.900185 12.495842 1.000000 1.000000 
2.321220 15.722193 0.322665 -6.666618 35.289070 0.000000 0.000000 
2.326376 15.834204 0.246475 -7.934113 32.005383 0.000000 0.000000 
2.054637 16.323702 -0.330746 -18.254829 24.647999 1.000000 1.000000 
2.344176 16.604406 -0.060852 -7.694031 34.940491 0.000000 0.000000 
2.328994 16.716053 -0.043716 -5.778091 34.721542 0.000000 0.000000 
2.178653 16.743809 0.173069 -18.104233 27.216101 0.000000 0.000000 
11.418658 10.427929 -1.761622 -12.902649 12.698994 1.000000 1.000000 
2.190342 17.238295 -0.072058 -18.723549 27.652094 0.000000 0.000000 
2.276088 17.513695 -0.155975 -3.614304 36.447624 0.000000 0.000000 
2.290395 17.535473 -0.083923 -3.077919 36.491081 0.000000 0.000000 
2.310474 17.948975 0.310316 -6.610008 30.984753 0.000000 0.000000 
2.413474 18.234488 -0.169529 -12.003113 27.327232 1.000000 1.000000 
2.341394 18.263515 0.332310 -3.946220 30.436798 0.000000 0.000000 
2.340268 18.361107 -1.337627 -5.825073 33.625740 0.000000 0.000000 
2.275234 18.699450 0.034066 -11.785599 26.593754 0.000000 0.000000 
2.137084 19.036728 -0.117587 -18.638191 20.180693 1.000000 1.000000 
2.043607 19.480005 0.024564 -21.432343 15.674025 1.000000 1.000000 
2.179705 19.742340 -0.064670 3.162453 39.702431 0.000000 0.000000 
2.231159 19.871136 0.190620 3.014046 38.516148 0.000000 0.000000 
2.194324 20.424957 0.353742 -4.045975 33.806595 0.000000 0.000000 
2.254776 20.450569 -0.114420 -1.350113 37.288559 1.000000 1.000000 
2.151441 20.576700 -0.550757 8.405182 46.392292 0.000000 0.000000 
2.219478 20.971943 -0.427303 -0.501289 33.389179 0.000000 0.000000 
2.194815 21.000647 -0.475720 5.327621 42.135471 0.000000 1.000000 
2.449372 21.300194 -0.193038 -31.850883 10.967278 1.000000 1.000000 
-6.594942 22.881840 -1.691014 -8.144341 26.034492 0.000000 0.000000 
-6.576130 23.071877 -1.763044 -6.439407 26.688232 0.000000 0.000000 
-6.951061 24.080786 -1.760025 -8.941673 22.566902 1.000000 1.000000 
-7.355112 24.163757 0.762826 -13.224113 24.600063 0.000000 0.000000 
-7.340762 24.178823 0.763851 -11.883240 25.974524 0.000000 0.000000 
7.921729 24.430004 0.489956 -14.414490 23.041113 0.000000 0.000000 
-5.960804 25.105545 6.096054 -17.196320 22.757847 0.000000 0.000000 
-19.570473 14.891559 -2.882308 7.280472 24.930391 0.000000 1.000000 
3.339524 26.538958 0.431838 -13.368095 24.643393 0.000000 0.000000 
7.549984 25.911911 -1.393866 -15.165236 25.637402 0.000000 0.000000 
-6.186266 26.356377 4.191840 -14.546585 24.858065 0.000000 0.000000 
-7.796481 26.555000 4.096972 -17.886299 21.174276 0.000000 0.000000 
-7.421095 26.893183 1.797406 -13.733505 23.278578 0.000000 0.000000 
-7.588065 27.206631 4.334924 -12.306633 24.481213 0.000000 0.000000 
-7.619959 27.263666 1.927192 -10.121284 26.958195 0.000000 0.000000 
7.481243 27.366426 2.751643 -12.632614 25.090015 0.000000 0.000000 
5.334461 28.713171 3.532181 -9.360283 25.857296 0.000000 0.000000 
5.275390 28.753149 3.442965 -15.060683 22.461996 0.000000 0.000000 
5.482015 28.754982 3.521534 -12.910324 24.582129 0.000000 0.000000 
0.077999 29.392107 0.529049 -17.069565 23.642033 0.000000 0.000000 
20.464394 19.874348 7.606236 1.111732 21.943672 0.000000 0.000000 
8.635441 29.227449 -1.266023 -9.144119 27.200768 0.000000 0.000000 
8.897612 29.270544 3.032689 -13.863182 22.509029 0.000000 0.000000 
8.934389 29.564825 3.230198 -15.102722 22.400827 0.000000 0.000000 
2.032675 31.827051 8.638957 -17.359467 23.314423 0.000000 0.000000 
6.419790 31.200041 6.021996 -13.280951 24.556160 0.000000 0.000000 
-12.507283 29.053230 6.336280 -14.659369 19.864685 0.000000 0.000000 
-8.205522 31.144356 -3.985442 -18.225266 20.350460 0.000000 0.000000 
6.993255 31.694380 2.376553 -13.461914 21.187164 1.000000 1.000000 
6.087685 32.147041 -0.345814 -17.404114 20.921049 0.000000 0.000000 
6.960572 32.297363 2.283476 -0.873222 32.471146 0.000000 0.000000 
7.034058 32.379440 2.389491 -0.419655 32.599396 0.000000 0.000000 
6.756481 32.699177 -0.680338 -16.448166 17.000658 1.000000 1.000000 
6.458205 32.976112 4.886542 -13.822731 22.442263 0.000000 0.000000 
6.796674 33.253487 5.090616 -17.000839 20.006029 0.000000 0.000000 
6.904947 33.750038 -0.837830 -1.233932 32.003647 0.000000 0.000000 
6.964159 33.872021 -0.884838 -2.668839 30.260777 0.000000 0.000000 
6.125175 34.333717 -0.704328 -13.209999 22.137909 0.000000 0.000000 
6.363687 34.482109 -3.202786 -11.866379 24.066071 0.000000 0.000000 
23.951450 24.390257 5.290937 1.273544 21.376938 0.000000 0.000000 
-30.739384 12.258373 8.826694 10.642288 19.091972 0.000000 0.000000 
5.567858 35.368210 4.465586 -7.606834 25.021076 0.000000 0.000000 
5.694688 35.426605 4.363961 -10.601753 21.592533 0.000000 0.000000 
8.341668 35.127365 1.825216 -4.075020 28.936670 0.000000 0.000000 
8.490335 35.139778 13.844554 -7.090134 26.880081 0.000000 0.000000 
6.720959 36.002651 3.763923 -11.807114 24.423487 0.000000 0.000000 
6.477203 36.082165 3.452616 -6.257912 27.590944 0.000000 0.000000 
6.536035 36.323315 3.294004 -4.844284 28.861710 0.000000 0.000000 
6.475302 36.450500 2.567687 -7.725586 24.955921 0.000000 0.000000 
6.128663 36.973701 -0.284295 -10.457237 23.265219 0.000000 0.000000 
6.700820 36.894745 2.565126 -8.352005 23.340223 0.000000 0.000000 
7.003517 36.870892 2.947954 -16.607597 20.111660 0.000000 0.000000 
6.821556 37.053841 2.694774 -7.781609 24.424583 0.000000 0.000000 
6.470920 37.379135 4.501561 -11.244217 22.194788 0.000000 0.000000 
29.053024 22.571444 5.925947 2.754463 19.883530 0.000000 0.000000 
22.518326 30.352764 1.069753 0.720253 20.978439 0.000000 0.000000 
22.568453 30.603769 1.214642 -2.520584 21.102121 0.000000 0.000000 
22.174198 30.955162 0.421580 0.661606 21.269152 0.000000 0.000000 
22.062756 31.508118 3.453550 -6.415070 18.430870 0.000000 0.000000 
21.897209 31.706566 3.729121 -4.132164 19.649395 0.000000 0.000000 
-20.294178 33.387886 3.864315 -9.098869 19.286453 0.000000 1.000000 
29.956039 23.670084 15.339528 1.793335 18.979818 0.000000 0.000000 
23.039701 31.552151 0.683573 -2.808502 17.199419 1.000000 1.000000 
7.116955 39.345661 -0.348128 -13.494469 20.203510 0.000000 0.000000 
6.077303 39.751400 -0.121855 -22.689072 16.192703 0.000000 0.000000 
6.406537 40.122383 6.977960 -16.154160 18.415495 0.000000 0.000000 
5.993792 40.524361 7.772751 -16.352097 19.139832 0.000000 0.000000 
28.139332 28.152834 14.202808 1.124092 18.179647 0.000000 0.000000 
6.386643 40.761650 5.467488 -15.128868 18.207190 0.000000 0.000000 
6.037894 40.854454 0.341652 -15.992026 17.127449 0.000000 0.000000 
28.953600 27.830982 5.528531 4.448081 20.648445 0.000000 0.000000 
7.275779 41.288071 -1.092284 -13.648674 18.588583 1.000000 1.000000 
8.035778 41.471867 0.547536 -12.752350 20.921528 0.000000 0.000000 
8.100853 41.496544 11.782287 -10.703789 19.780718 0.000000 0.000000 
6.958629 41.773861 -1.058720 -9.052307 21.741411 0.000000 0.000000 
7.392630 41.708424 -0.885105 -15.162369 17.306021 0.000000 0.000000 
7.094165 41.776714 -0.935987 -14.058853 18.619678 0.000000 0.000000 
7.595514 41.735043 -0.837340 -7.126266 22.861012 0.000000 0.000000 
7.491767 41.988323 -0.789026 -6.016838 24.718399 0.000000 0.000000 
8.442798 41.822613 4.088987 -10.334259 22.522028 0.000000 0.000000 
8.222403 42.055912 12.007051 -16.177437 17.798626 0.000000 0.000000 
5.221049 42.821064 -0.628098 -8.299179 22.373077 0.000000 0.000000 
5.121923 42.847469 -0.522595 -9.289703 20.570084 0.000000 0.000000 
5.056676 43.015656 -0.390124 -17.397957 13.601681 1.000000 1.000000 
5.441944 43.133160 -0.570108 -15.005440 18.482836 0.000000 0.000000 
5.264031 43.571548 -0.561205 -8.614586 21.037209 0.000000 0.000000 
5.243749 43.595394 -0.588853 -17.034683 15.876427 0.000000 0.000000 
5.273800 43.623463 -0.568633 -6.417305 22.600319 0.000000 0.000000 
5.333991 43.683590 -0.370089 -12.797424 18.744404 0.000000 0.000000 
5.290520 43.717239 -0.513390 -7.311104 22.680611 0.000000 0.000000 
5.448460 44.029213 -0.616752 -21.649231 12.112511 1.000000 1.000000 
5.145145 44.091251 -0.413719 -13.287796 17.983126 0.000000 0.000000 
5.286047 44.125927 -0.907376 -15.561203 19.564720 0.000000 0.000000 
7.754812 43.778580 2.880939 -8.596802 22.628090 0.000000 0.000000 
7.853485 43.817406 3.133993 -18.162109 16.702717 0.000000 0.000000 
7.655015 43.968918 2.398126 -4.413078 24.909199 0.000000 0.000000 
7.765834 44.061516 5.834714 -9.235016 20.066433 0.000000 0.000000 
7.613058 44.236446 5.759028 -9.143822 20.081524 0.000000 0.000000 
5.349001 44.929554 -0.578485 -13.505806 16.029232 1.000000 1.000000 
7.445477 44.731815 5.979509 -17.328323 16.271088 0.000000 0.000000 
13.373014 43.586983 3.130775 -14.396950 17.314653 0.000000 0.000000 
6.737071 45.555687 -0.193994 -19.403877 12.848171 0.000000 0.000000 
5.304579 45.877304 -1.103947 -16.629837 16.249790 0.000000 0.000000 
8.310985 45.726543 5.116791 -14.880318 15.942305 0.000000 0.000000 
6.760939 46.122692 6.070179 -14.767784 16.507896 0.000000 0.000000 
7.466181 46.349506 6.118105 -11.511992 19.855209 0.000000 0.000000 
8.020833 47.052090 4.570759 -4.806992 22.518433 0.000000 0.000000 
8.090016 47.168221 5.494815 -7.403320 21.750420 0.000000 0.000000 
6.577734 47.426491 5.446114 -16.281540 18.345148 0.000000 0.000000 
8.019361 47.204456 5.459712 -11.451576 21.713526 0.000000 0.000000 
7.921649 47.660446 2.572231 -8.056084 22.487663 0.000000 0.000000 
15.487626 46.065411 1.629817 -7.465118 20.469646 0.000000 0.000000 
7.541997 48.593220 -6.222610 -13.756287 18.473238 0.000000 0.000000 
8.371162 48.487583 5.629512 -12.708588 18.571720 0.000000 0.000000 
7.916701 48.891453 5.018118 -15.305449 16.250416 0.000000 0.000000 
9.201181 48.762890 2.677636 -12.763802 18.502506 0.000000 0.000000 
8.235956 50.139572 5.855192 -12.275238 17.387581 0.000000 0.000000 
8.209804 50.218639 5.639515 -11.307816 17.348312 0.000000 0.000000 
7.635601 50.386181 6.072725 -15.773758 14.998331 0.000000 0.000000 
8.371281 50.944412 -6.700334 -10.232010 18.147343 0.000000 0.000000 
7.660992 51.124035 5.230674 -19.074875 11.947308 0.000000 0.000000 
7.882003 51.141743 -7.231067 -4.003944 20.200750 0.000000 0.000000 
7.777131 51.186367 -6.714655 -7.851555 18.458359 0.000000 0.000000 
8.471903 51.069118 -7.124406 -14.475060 19.048956 0.000000 0.000000 
7.869796 51.181385 -7.285424 -1.158730 24.120481 0.000000 0.000000 
7.650048 51.643406 5.421735 -19.302971 15.692007 0.000000 0.000000 
7.909052 51.870697 -7.267721 -12.495804 13.820711 1.000000 1.000000 
6.917792 53.175316 5.983185 -6.609283 18.669052 0.000000 0.000000 
7.201308 53.393990 6.087224 -4.250717 19.712078 0.000000 0.000000 
7.727462 53.343815 -6.652216 -5.634178 19.548466 0.000000 0.000000 
7.203238 53.457500 6.040867 -14.991295 16.876205 0.000000 0.000000 
7.257310 53.478928 4.619721 -4.702614 22.340633 0.000000 0.000000 
7.767974 53.705250 -7.744737 -13.733444 14.423233 0.000000 0.000000 
6.649170 53.868816 -7.009115 -11.725006 16.349184 0.000000 0.000000 
6.616224 54.053654 -5.968515 -11.408012 17.542904 0.000000 0.000000 
6.524844 54.265652 -5.625547 -4.579491 22.765049 0.000000 0.000000 
7.324621 54.211697 4.628176 -11.041862 15.692741 1.000000 1.000000 
6.759101 54.425407 -6.265759 -7.211601 19.694929 0.000000 0.000000 
8.324209 54.584728 3.096242 -7.815308 20.561754 0.000000 0.000000 
7.286232 54.763435 -6.641541 -9.438736 18.296183 0.000000 0.000000 
7.406333 54.793457 8.050955 -9.017136 17.692982 0.000000 0.000000 
6.590940 55.065533 4.136418 -6.345390 21.361761 0.000000 0.000000 
6.419456 55.106045 5.223500 -6.312965 23.676029 0.000000 0.000000 
6.589317 55.282566 5.441232 -6.516991 21.024570 0.000000 0.000000 
7.015934 55.236996 -6.696593 -9.681831 20.760960 0.000000 0.000000 
6.786551 55.373413 3.581997 -10.299026 17.493492 0.000000 0.000000 
6.686586 55.403419 3.748864 -9.174049 18.842983 0.000000 0.000000 
7.047771 55.656002 -7.625604 -10.963394 19.061382 0.000000 0.000000 
7.039714 55.715576 -7.840641 -11.617264 19.972771 0.000000 0.000000 
7.551358 55.698719 -6.544981 -9.241669 19.500240 0.000000 0.000000 
43.081093 33.672279 1.839334 8.494423 15.503742 1.000000 1.000000 
6.450995 55.974739 5.349445 -6.325790 18.991259 0.000000 0.000000 
6.012412 56.230530 5.413868 -10.305725 19.238632 0.000000 0.000000 
6.182415 56.220474 5.520723 -12.526390 17.567070 0.000000 0.000000 
6.875891 56.251232 5.045874 -14.769127 9.631207 1.000000 1.000000 
43.971004 33.681564 2.066815 18.231247 22.802189 0.000000 0.000000 
44.495224 32.916977 1.872703 20.262413 24.923740 0.000000 0.000000 
44.192123 33.381790 2.201411 20.789871 25.294758 0.000000 0.000000 
45.045078 32.107216 1.402060 18.284836 23.125263 0.000000 0.000000 
44.937141 32.846184 -0.210089 6.684783 14.608694 0.000000 0.000000 
6.595193 56.936287 3.302308 -16.136612 17.272524 0.000000 0.000000 
7.252562 57.316952 5.181393 -6.560738 19.189655 0.000000 0.000000 
7.221939 57.361145 -7.244455 -11.623718 14.830782 0.000000 0.000000 
7.678182 57.407665 3.883019 -11.345047 16.918472 0.000000 0.000000 
7.529076 57.764717 3.890768 -12.542664 16.849350 0.000000 0.000000 
6.803788 57.883270 4.531829 -3.847412 22.002468 0.000000 0.000000 
7.065951 58.015625 4.306819 -3.136833 22.286671 0.000000 0.000000 
7.723341 58.011955 5.313163 -2.462601 22.780422 0.000000 0.000000 
7.068039 58.166870 6.555500 -9.907150 16.019844 0.000000 0.000000 
8.051980 58.148483 6.190745 -10.042908 16.486187 0.000000 0.000000 
6.273817 58.804508 9.746991 -7.009712 21.045065 0.000000 0.000000 
6.613094 58.876690 10.274618 -6.954636 20.678968 0.000000 0.000000 
6.945370 58.899876 9.170949 -12.252258 14.954435 0.000000 0.000000 
5.876286 59.195175 6.293914 -19.165031 11.749382 0.000000 0.000000 
7.848322 58.975906 3.907106 -12.703613 14.257637 0.000000 0.000000 
7.938586 59.050797 4.385824 -12.586121 14.809786 0.000000 0.000000 
7.030010 59.594337 9.102173 -10.780792 14.418289 0.000000 0.000000 
7.339151 59.571049 3.104746 -10.026688 16.038757 0.000000 0.000000 
7.619103 59.935066 7.463099 -16.027435 13.814999 0.000000 0.000000 
6.516001 60.095600 6.950575 -9.462059 16.778618 0.000000 0.000000 
7.064926 60.032043 6.833288 -9.845146 16.653654 0.000000 0.000000 
-25.317553 54.537685 -0.319487 -13.800819 12.453983 0.000000 1.000000 
6.408680 60.509335 6.933983 -15.647034 12.995975 0.000000 0.000000 
8.514152 60.231392 8.589773 -9.294037 17.799240 0.000000 0.000000 
8.290449 60.296242 7.099976 -7.525528 17.829432 0.000000 0.000000 
8.288268 60.379379 6.837470 -12.106918 13.487366 0.000000 0.000000 
8.135569 60.422028 7.075181 -15.885428 11.088505 0.000000 0.000000 
6.563580 60.978310 7.685810 -9.898064 17.036886 0.000000 0.000000 
6.382206 61.058483 7.431320 -12.166550 13.752439 0.000000 0.000000 
7.318939 61.097649 8.761134 -8.723907 15.350990 0.000000 0.000000 
-7.629067 61.143135 -1.310467 0.205154 23.650917 0.000000 0.000000 
-7.610734 61.161697 -1.214707 -1.174644 23.017071 0.000000 0.000000 
-7.615307 61.257919 -1.192932 2.014793 26.418850 0.000000 0.000000 
-7.694180 61.249355 -1.262314 -5.158058 20.043758 0.000000 0.000000 
6.405266 61.794090 6.895227 -15.680678 13.111717 0.000000 0.000000 
6.873943 61.775833 7.585531 -15.415558 13.246651 0.000000 0.000000 
8.466638 61.612690 6.617966 -19.157585 9.863518 0.000000 0.000000 
7.461653 61.941624 7.880306 -10.687943 14.880787 0.000000 0.000000 
-8.654516 61.968517 -1.582266 -15.356316 11.906277 0.000000 0.000000 
30.635265 54.072262 3.076557 -12.140747 9.799431 0.000000 0.000000 
-7.758113 62.381889 -1.216834 -13.761269 13.166618 1.000000 1.000000 
31.746275 53.797424 2.483838 -11.379738 9.662373 0.000000 0.000000 
14.718784 61.323608 2.197065 -20.559914 7.814571 0.000000 0.000000 
51.191299 34.451027 8.646836 5.352196 12.246098 0.000000 0.000000 
45.074974 43.139778 -0.869460 -1.392563 6.329731 1.000000 1.000000 
45.535618 42.697338 -0.864488 -0.843750 5.845630 1.000000 1.000000 
-57.927673 19.690620 8.265929 14.687454 13.003902 0.000000 1.000000 
-40.166241 48.533005 4.495299 -0.022141 13.552752 0.000000 1.000000 
57.749180 21.931248 14.899101 5.247498 9.944763 0.000000 1.000000 
7.796108 64.222504 -0.231866 -10.537285 13.710482 0.000000 0.000000 
7.871205 64.267471 -0.910639 -13.798912 11.200661 0.000000 0.000000 
7.857585 64.304741 -0.141296 -19.635185 8.456577 0.000000 0.000000 
16.021923 62.748299 1.089837 -14.366631 10.105206 0.000000 0.000000 
-29.908983 57.434532 8.180444 -10.933533 12.737526 0.000000 0.000000 
21.156700 61.843685 1.121489 -6.322014 18.310249 0.000000 0.000000 
-11.558617 64.563858 -0.450698 -8.013489 20.630415 0.000000 0.000000 
8.184784 65.921112 -1.042512 -15.220879 10.053425 1.000000 1.000000 
-23.310303 62.472984 0.526143 -17.400848 8.352726 0.000000 0.000000 
-23.098726 62.572525 -0.825225 -19.104073 8.322269 0.000000 0.000000 
14.563425 65.477737 0.045774 -17.614891 9.225498 0.000000 0.000000 
8.521029 66.827118 -1.299748 -11.810410 14.406115 0.000000 0.000000 
8.373678 67.168526 -1.194282 -12.127396 13.746672 0.000000 0.000000 
-13.032949 66.478157 9.189363 -22.201347 8.569462 0.000000 0.000000 
-12.654025 66.654472 0.699519 -16.275497 9.091625 1.000000 1.000000 
8.130095 67.621353 -1.760933 -19.647926 7.805938 1.000000 1.000000 
-13.180679 67.152634 -0.046985 -14.717216 10.720253 0.000000 0.000000 
-13.423403 67.151581 -0.281064 -11.063385 14.231161 0.000000 0.000000 
-12.441244 67.368729 2.976590 -9.627098 14.271042 0.000000 0.000000 
-12.751288 67.373573 1.810515 -11.407280 14.166080 0.000000 0.000000 
14.198909 67.103104 -1.265306 -19.439674 7.948787 0.000000 0.000000 
7.676568 69.295303 0.899737 -20.324104 5.274208 1.000000 1.000000 
45.864937 51.334839 3.243066 0.110565 9.627987 0.000000 0.000000 
45.166351 52.141056 2.778641 8.232208 16.710466 0.000000 0.000000 
45.032063 52.277023 3.125870 3.172836 12.710865 0.000000 0.000000 
45.254021 52.255985 3.225411 7.515228 16.079571 0.000000 0.000000 
8.332090 69.661392 1.119928 -3.846542 19.216183 0.000000 0.000000 
8.271763 69.878799 1.395067 -11.502861 13.212788 0.000000 0.000000 
8.391881 69.870979 1.073056 -2.632812 20.368673 0.000000 0.000000 
8.602310 70.245308 4.078365 -7.861809 16.212963 0.000000 0.000000 
8.573000 70.251862 5.085169 -10.934837 16.411440 0.000000 0.000000 
-13.137403 69.534386 -0.180438 -11.419060 14.647182 0.000000 0.000000 
9.210615 70.384583 -0.769146 -14.410736 13.753521 0.000000 0.000000 
47.079384 52.112686 -4.474345 8.222528 19.315870 0.000000 0.000000 
8.518361 70.936348 1.294019 -10.362717 13.644934 1.000000 1.000000 
46.962864 53.291756 -4.777863 0.268532 12.199059 0.000000 0.000000 
-36.180740 62.107082 3.732650 4.417327 20.367298 0.000000 0.000000 
-35.774220 62.371883 3.701290 2.190331 16.660761 0.000000 0.000000 
-36.316639 62.152073 3.864915 2.563644 19.079025 0.000000 0.000000 
-35.902157 62.424187 3.842118 -1.153732 16.136835 0.000000 0.000000 
9.527566 72.007233 3.611200 -13.819000 11.540379 1.000000 1.000000 
9.761606 72.300163 -0.801777 -16.118446 8.215122 0.000000 0.000000 
9.045077 72.398834 2.359855 -15.692307 10.180561 0.000000 0.000000 
9.799869 72.424263 3.681746 -12.924942 10.979649 0.000000 0.000000 
9.802187 72.511765 3.538211 -4.673454 16.722326 0.000000 0.000000 
9.236486 72.634796 3.557511 -7.643661 15.818127 0.000000 0.000000 
9.724025 72.711426 3.361715 -6.277397 16.874043 0.000000 0.000000 
-29.177410 67.057236 2.638216 -1.888634 15.706518 0.000000 0.000000 
-30.327789 66.679115 3.298691 -6.247696 12.604439 1.000000 1.000000 
-22.793720 70.041206 4.443234 -8.771973 15.527239 0.000000 0.000000 
-30.311977 66.963921 2.725209 -1.670731 18.244999 0.000000 0.000000 
-30.384321 67.019104 3.204155 -1.943115 17.297756 0.000000 0.000000 
-30.681767 67.024681 2.967955 5.033340 22.931490 0.000000 0.000000 
-29.976704 67.401306 4.618498 -6.148376 14.006159 0.000000 0.000000 
-30.705303 67.242065 2.976597 6.877304 24.931776 0.000000 0.000000 
-30.322632 67.440948 3.354126 0.097992 21.831562 0.000000 0.000000 
-31.214600 67.335632 4.121370 -4.826210 17.185953 0.000000 0.000000 
-30.915930 67.506195 4.137471 -3.269608 16.340548 0.000000 0.000000 
-9.574860 74.065521 3.605765 -9.272598 17.830061 0.000000 0.000000 
-31.002581 67.626976 5.236404 -0.017845 19.164188 0.000000 0.000000 
-30.072897 68.076126 4.888545 1.457954 19.703415 0.000000 0.000000 
-29.692566 68.583023 7.721868 0.795998 18.442131 0.000000 0.000000 
-29.753426 68.678703 10.277590 1.356262 19.110847 0.000000 0.000000 
-31.055702 68.227699 3.883815 0.919388 19.305441 1.000000 1.000000 
-22.083448 72.074234 8.221682 -4.886574 17.965967 0.000000 0.000000 
-28.774281 69.534752 1.989001 1.167236 21.076740 0.000000 0.000000 
-10.298898 75.286644 4.538619 -6.203194 17.281662 0.000000 0.000000 
-10.421717 75.324776 4.973544 -6.229607 18.504028 0.000000 0.000000 
-9.670259 76.125694 6.826801 -8.199867 14.756794 0.000000 0.000000 
-10.376252 76.127632 3.605039 -10.089188 16.885822 0.000000 0.000000 
-29.151041 70.797661 1.925867 -4.601349 14.653728 1.000000 1.000000 
9.464801 76.284668 3.703488 -8.571510 16.654083 0.000000 1.000000 
10.095678 76.358315 3.144005 -5.778763 19.415245 0.000000 0.000000 
-22.328300 73.767181 10.486303 -5.557053 14.677454 1.000000 1.000000 
-10.990490 76.904831 5.232479 -5.594620 17.713306 0.000000 1.000000 
-10.898819 77.000244 5.268884 -0.502441 19.997667 0.000000 0.000000 
-48.530262 60.109177 13.414100 -8.395653 7.931262 0.000000 0.000000 
-22.705704 74.635437 9.901661 -10.075768 11.789989 0.000000 0.000000 
-22.721088 74.982811 10.750611 0.506058 18.933418 0.000000 0.000000 
-22.493727 75.094124 10.837111 -4.873962 16.388641 0.000000 0.000000 
55.363373 54.370403 2.338099 0.562874 5.198886 1.000000 1.000000 
-22.767563 75.406219 10.677865 -3.427460 17.280376 1.000000 1.000000 
55.876007 54.649036 2.188585 13.930511 16.236788 0.000000 0.000000 
56.121300 54.389374 1.799606 3.436584 7.958694 0.000000 0.000000 
55.912525 54.764847 2.034600 11.989891 15.692247 0.000000 0.000000 
-35.064262 71.213852 0.361144 -8.905907 16.294453 0.000000 0.000000 
-36.122581 70.991333 0.991814 -10.683479 12.071358 0.000000 0.000000 
58.801258 52.491409 3.635486 15.252312 17.808901 0.000000 0.000000 
59.006268 52.279228 3.584944 9.421661 15.660666 0.000000 0.000000 
58.754391 52.770775 4.533280 4.168228 8.456444 0.000000 0.000000 
59.130039 52.373772 3.879817 15.702354 21.339542 0.000000 0.000000 
43.311523 67.548828 2.404024 -3.002090 13.338943 0.000000 1.000000 
-32.024818 74.274948 7.318893 -11.161949 9.235867 0.000000 0.000000 
-34.097534 73.758751 9.155883 -6.046211 14.724184 0.000000 0.000000 
-37.508411 72.097267 3.721974 4.068801 18.250376 0.000000 0.000000 
-34.330353 73.903229 9.522717 -13.088974 9.305714 0.000000 0.000000 
-21.110779 79.615364 8.224864 -8.909348 14.814453 0.000000 0.000000 
-36.064617 74.289894 7.910878 -2.908272 17.033562 0.000000 0.000000 
-38.203926 73.206726 3.615935 -2.743881 11.964550 1.000000 1.000000 
-38.418236 73.433189 2.975447 -1.455917 15.459599 0.000000 0.000000 
-30.835176 77.191093 9.820165 -4.784225 15.042896 0.000000 0.000000 
-38.978008 73.312119 7.070216 -1.939140 15.590269 0.000000 0.000000 
-32.342197 77.189774 7.076768 -5.553925 13.612181 0.000000 0.000000 
-32.345490 77.217552 8.144008 0.366447 17.392576 0.000000 0.000000 
-38.017609 74.647415 0.037849 -2.346687 15.192486 0.000000 0.000000 
-39.139122 74.412727 7.084232 -3.200745 12.820827 0.000000 0.000000 
-39.557652 74.292747 5.984215 0.634338 14.978056 0.000000 0.000000 
-39.284370 74.467072 4.997223 -0.362167 18.959805 0.000000 0.000000 
-37.433670 75.490669 6.303257 -0.935425 15.429811 0.000000 0.000000 
-38.130569 75.205894 6.028730 0.553612 18.148275 0.000000 0.000000 
-27.447273 80.359306 8.675085 -4.603470 15.911951 0.000000 0.000000 
-39.260784 75.411469 10.664285 -4.844177 15.865679 0.000000 0.000000 
-38.576099 75.835640 2.386749 -4.198547 14.805084 0.000000 0.000000 
44.160324 72.578415 2.531927 2.317055 17.531353 0.000000 0.000000 
44.151672 72.658066 2.959119 1.979462 17.598091 0.000000 0.000000 
-29.132673 80.712700 8.830248 -7.673004 11.914715 0.000000 0.000000 
-32.304146 80.289909 10.104258 -6.241585 16.341366 0.000000 0.000000 
-31.924547 80.700844 10.666547 1.193893 19.225456 0.000000 0.000000 
-31.529480 80.926277 10.943741 -9.076057 13.871504 0.000000 0.000000 
52.129250 69.348442 3.607583 8.260696 17.961060 0.000000 0.000000 
51.982067 69.538025 3.784370 9.760307 18.451756 0.000000 0.000000 
-33.743690 81.071228 11.108557 -5.823936 13.990824 0.000000 0.000000 
-32.183189 82.836159 12.625852 -6.789726 11.787235 0.000000 0.000000 
43.036213 77.747894 4.313613 3.298546 16.497143 0.000000 0.000000 
-32.946659 82.798737 12.877414 1.755447 18.427256 0.000000 0.000000 
21.261093 87.528374 4.487555 -11.515503 11.645115 0.000000 0.000000 
-31.944931 84.594162 12.380829 -7.846237 9.615005 0.000000 0.000000 
-31.607731 84.758560 12.318567 -7.765060 11.673641 0.000000 0.000000 
12.459543 89.866356 4.822311 -7.452560 15.836428 0.000000 0.000000 
-32.113003 84.677155 12.088394 -5.638893 12.185211 0.000000 0.000000 
-37.164219 82.928604 15.129951 -10.667786 9.583778 0.000000 0.000000 
-32.513039 85.393982 11.021811 -8.623405 11.483475 0.000000 0.000000 
-37.972313 83.255081 8.232318 -8.592705 10.254368 0.000000 0.000000 
-21.044065 90.321213 6.826891 -15.261519 8.477909 0.000000 0.000000 
-22.166613 90.066536 6.386610 -7.503792 13.133312 0.000000 0.000000 
-21.323481 90.302650 7.033691 -7.556763 12.852097 0.000000 0.000000 
-21.338997 90.415810 6.302502 -5.643196 13.745506 0.000000 0.000000 
-21.478329 90.422600 6.737695 -7.720932 12.637913 0.000000 0.000000 
11.631191 92.549965 2.303697 -13.549797 10.668407 0.000000 0.000000 
-22.865591 90.783867 6.175963 -8.490990 11.883835 0.000000 0.000000 
-22.520517 90.907425 6.952417 -9.992439 11.837147 0.000000 0.000000 
-22.977837 91.029503 6.910218 -7.249908 11.611397 0.000000 0.000000 
-22.600224 91.299850 6.741555 -5.128944 14.582802 0.000000 0.000000 
-32.319805 88.642448 10.492192 -6.528397 9.825607 0.000000 0.000000 
-32.292931 91.886101 10.370418 -11.134682 7.524387 0.000000 1.000000 
-14.583517 96.745354 4.277901 -9.404634 9.397049 0.000000 0.000000 
-14.418346 96.951057 3.958116 -7.686798 11.277550 0.000000 0.000000 
-14.086291 97.013031 3.454809 -11.529860 10.894714 0.000000 0.000000 
-15.324638 97.174667 3.287873 -3.756317 14.397898 0.000000 0.000000 
-14.517056 97.320534 3.581242 -7.251640 13.095589 0.000000 0.000000 
-15.570571 97.181076 3.634487 -4.603790 14.540314 0.000000 0.000000 
-15.367554 97.235374 3.754723 1.524315 18.918678 0.000000 0.000000 
-15.506764 97.332947 3.566264 3.567314 19.379187 0.000000 0.000000 
-22.248686 96.284538 9.300933 -10.112457 8.056469 0.000000 0.000000 
-21.343479 97.379814 -3.446978 -12.002182 8.367344 0.000000 0.000000 
-29.677755 96.321091 9.149893 -8.669800 9.561089 0.000000 0.000000 
-24.949787 97.829704 -2.858387 -13.387039 7.134925 0.000000 0.000000 
-31.217302 96.363571 17.123381 -12.462219 7.463317 0.000000 0.000000 
-28.250467 97.349342 13.408889 -15.978699 6.728309 0.000000 0.000000 
-31.992798 97.042366 13.576391 -7.389206 8.226833 0.000000 0.000000 
-32.605408 96.943382 14.717985 -3.646545 11.176407 0.000000 0.000000 
-31.827353 97.553703 15.875451 -9.526863 9.627640 0.000000 0.000000 
-29.954628 98.212013 11.920517 -10.613365 7.683387 0.000000 0.000000 
-31.752140 98.058670 9.052337 -5.176605 10.754330 0.000000 0.000000 
-31.385540 98.373367 11.104671 -3.035332 11.234360 0.000000 0.000000 
-31.522366 98.349663 10.843913 -1.714096 12.316883 0.000000 0.000000 
-30.378096 98.912827 11.447083 -9.635048 9.382019 0.000000 0.000000 
-31.464756 98.591881 11.491222 -1.686348 12.766594 0.000000 0.000000 
12.421199 103.011520 1.734028 -14.759293 5.674636 0.000000 0.000000 
12.288148 103.027214 2.975741 -13.123779 6.890922 0.000000 0.000000 
-31.348906 99.517151 11.060947 -9.390114 9.586945 0.000000 0.000000 
-31.187101 99.599495 9.854059 -9.958794 11.351860 0.000000 0.000000 
-32.044044 99.790802 12.638892 -8.143105 9.042896 0.000000 0.000000 
-32.470432 100.125710 10.920402 -5.426949 9.309418 0.000000 0.000000 
34.090748 100.433372 3.166497 -10.021049 6.138160 0.000000 0.000000 
33.990498 100.547615 0.922729 -9.486519 7.192424 0.000000 1.000000 
-31.436987 102.235985 10.543485 -9.963135 7.307830 0.000000 1.000000 
-33.728065 104.219826 12.894685 -6.718018 7.026081 0.000000 0.000000 
52.244930 97.425125 5.226352 -3.493515 8.948498 0.000000 0.000000 
51.166580 98.488815 5.853558 -1.503372 9.718559 0.000000 0.000000 
49.406166 99.446266 5.708526 -6.192062 8.607254 0.000000 0.000000 
49.307533 99.537376 4.726449 -8.820305 6.258102 0.000000 0.000000 
-97.546043 53.000816 -7.194950 13.397430 8.435272 0.000000 1.000000 
37.281284 108.357643 3.427014 -0.074974 11.032772 0.000000 0.000000 
37.480442 108.387032 4.216026 -5.978241 8.715240 0.000000 0.000000 
37.056648 108.571037 2.340428 -11.232666 4.635234 0.000000 0.000000 
35.419518 109.573982 1.546716 -10.614716 5.460559 0.000000 0.000000 
35.124241 109.846107 1.305328 -7.804680 6.604488 0.000000 0.000000 
34.259888 110.356056 -0.945184 -13.829193 4.076972 0.000000 0.000000 
34.749336 110.255867 1.260035 -10.438164 6.665569 0.000000 0.000000 
34.808811 110.263367 2.837403 -9.673927 6.292392 0.000000 0.000000 
33.322124 111.023033 1.997859 -10.963455 5.363784 0.000000 0.000000 
-7.118604 117.593216 -5.532463 -10.103676 7.031814 0.000000 0.000000 
-6.514440 117.644753 -5.470660 -12.690102 5.972560 0.000000 0.000000 
-7.369256 117.651016 -5.794477 -9.421425 8.952644 0.000000 1.000000 
-32.220776 113.672997 11.915335 -13.068184 6.356582 0.000000 0.000000 
42.703106 110.632042 0.218580 -6.770576 5.786026 1.000000 1.000000 
42.936687 111.556664 2.614389 -6.346634 6.040721 0.000000 0.000000 
42.666527 111.698112 1.985851 -6.885384 6.690586 0.000000 0.000000 
-22.829899 117.831947 6.032055 -7.634384 10.556976 0.000000 0.000000 
-22.647774 117.882515 6.634939 -5.494240 10.800724 0.000000 0.000000 
-23.152328 117.955788 8.721336 -0.698288 14.045504 0.000000 0.000000 
-23.786867 117.905434 8.262476 -10.273125 6.178817 0.000000 0.000000 
-23.947475 117.891998 7.124144 -9.344391 5.727218 0.000000 0.000000 
-22.881210 118.262657 9.801296 1.081856 15.789080 0.000000 0.000000 
39.981728 113.512444 1.674798 -6.598015 7.363735 0.000000 0.000000 
-33.371864 116.359222 9.335361 -7.770081 7.788414 0.000000 0.000000 
-23.782772 119.133141 10.128234 -4.726257 9.252060 1.000000 1.000000 
-32.031761 117.290779 9.754307 -4.611557 9.281002 0.000000 0.000000 
-32.093369 117.338852 10.111551 -6.239380 8.317360 0.000000 0.000000 
-32.211124 117.349449 11.740590 -8.479828 6.944461 0.000000 0.000000 
35.121151 116.932236 1.705099 -13.083267 4.888053 0.000000 1.000000 
-7.070001 123.273239 -5.112876 -11.424904 7.090515 0.000000 0.000000 
-7.242340 123.292229 -5.181350 -10.748283 8.082432 0.000000 0.000000 
-7.691784 123.327660 -5.185633 -6.753334 9.085526 0.000000 0.000000 
-30.653030 120.031357 12.447154 -9.230392 6.652706 0.000000 0.000000 
-32.904701 119.847153 10.213692 -9.346619 7.182754 0.000000 0.000000 
-34.066208 119.937973 10.284653 -4.570000 9.200562 0.000000 0.000000 
-33.177940 120.203865 11.738621 -6.961090 8.295933 0.000000 0.000000 
-32.782726 120.318573 8.537336 -7.826408 5.929870 0.000000 0.000000 
-32.666103 121.141716 11.830892 -5.527100 8.476646 0.000000 0.000000 
-34.487251 120.667496 11.844921 -1.850014 11.497066 0.000000 0.000000 
36.156883 120.916412 0.596745 -8.862236 6.684276 0.000000 0.000000 
36.930687 121.351456 2.621514 -3.630760 9.376709 0.000000 1.000000 
-33.578888 123.315369 13.010118 -5.286469 7.945934 0.000000 0.000000 
-21.573240 126.214890 3.685178 -4.443886 10.040627 1.000000 1.000000 
-21.336443 127.001755 4.077510 -5.286636 8.273750 0.000000 0.000000 
-21.690880 127.450867 -8.570650 -1.466919 12.991383 0.000000 0.000000 
-22.834249 127.367134 4.212379 -3.457832 10.953934 0.000000 0.000000 
-23.246660 127.436691 4.170668 -4.887085 10.302456 0.000000 0.000000 
-21.945297 127.713638 5.339482 -5.083870 7.480243 1.000000 1.000000 
-21.316019 128.195236 2.947079 -8.367302 6.534595 0.000000 0.000000 
-21.285463 128.301147 -9.195528 -4.183327 8.283707 0.000000 0.000000 
-21.545343 128.348465 -9.562978 -4.675148 9.926323 0.000000 0.000000 
-20.958591 128.505341 5.510326 -6.098763 9.188725 0.000000 0.000000 
-21.255600 128.616058 -3.378078 8.059480 18.935631 1.000000 1.000000 
-21.239307 128.668365 -9.897598 -3.235420 11.012676 0.000000 0.000000 
-22.612642 128.798096 4.419764 -4.348122 8.452789 0.000000 0.000000 
-22.563295 128.871857 4.054547 -4.650314 8.826344 0.000000 0.000000 
-22.276827 128.937119 -10.945272 -3.410172 10.398357 0.000000 0.000000 
-21.344217 129.579651 -3.930286 10.946312 22.876375 0.000000 0.000000 
-21.384365 129.876129 -2.974720 12.061844 22.742046 0.000000 0.000000 
-21.526829 130.273926 -3.526056 6.948532 18.174755 1.000000 1.000000 
-20.636120 130.474487 0.666587 -11.586693 4.862689 1.000000 1.000000 
-22.006092 130.843903 -1.417056 12.725395 23.067923 1.000000 1.000000 
-21.922037 131.440918 -1.569553 15.449127 25.160978 0.000000 0.000000 
-22.095074 131.414429 -1.994903 19.588722 28.687244 0.000000 0.000000 
-22.048386 131.567963 -1.615240 17.757408 27.890717 0.000000 0.000000 
-21.331614 132.161865 4.641672 4.450241 20.710484 0.000000 0.000000 
-20.093027 132.512024 5.674965 3.562386 21.153479 0.000000 0.000000 
-19.666595 132.656464 4.863285 9.527879 20.959400 0.000000 0.000000 
-19.854034 132.840637 -10.620813 6.834656 18.363844 0.000000 0.000000 
-19.346001 133.329956 3.382950 1.376152 14.269522 0.000000 0.000000 
-19.811464 133.343048 2.705149 5.112937 16.479141 0.000000 0.000000 
-19.716930 133.384674 1.345230 -5.218117 9.061218 0.000000 0.000000 
-20.018179 133.899414 -9.178802 4.909821 16.624565 1.000000 1.000000 
-22.659369 133.584534 2.062214 -5.879921 8.169167 0.000000 0.000000 
-22.087700 133.727997 3.101879 0.804527 13.812277 0.000000 0.000000 
-8.228187 135.357361 -5.201205 -2.258743 12.609322 0.000000 0.000000 
-22.284550 133.865417 -10.678133 -1.107628 13.965120 1.000000 1.000000 
7.107178 136.196838 -5.338319 5.025246 18.570574 0.000000 1.000000 
7.184047 136.284882 -5.369811 3.609895 18.922188 0.000000 1.000000 
-24.077253 135.028687 -10.978769 -4.524567 8.394218 0.000000 0.000000 
-22.285364 135.404907 -8.693849 -6.614815 8.739513 1.000000 1.000000 
-22.626133 135.724091 5.531411 -3.841827 9.209297 1.000000 1.000000 
40.295528 131.610199 3.046807 -1.223824 10.286934 0.000000 1.000000 
-22.447510 136.027710 1.077210 -2.464508 10.519169 0.000000 0.000000 
-22.783012 136.345093 -2.264862 -6.716614 6.724540 0.000000 0.000000 
-20.631748 137.114105 -0.502448 -7.734901 5.952262 0.000000 0.000000 
-22.386776 136.868103 -1.114342 -8.107857 6.414508 0.000000 0.000000 
-22.941978 137.046631 -3.091246 -11.281532 3.804218 1.000000 1.000000 
-23.056206 137.164398 -2.352993 -6.086754 6.192428 0.000000 0.000000 
-22.341387 137.300110 -1.778208 -5.999977 5.755531 0.000000 0.000000 
-22.275558 137.312164 -1.025935 -9.311874 7.121318 0.000000 0.000000 
-20.605270 137.865112 -0.500527 -12.372673 4.369232 1.000000 1.000000 
-23.097727 137.519501 0.049637 -8.733124 4.317184 0.000000 0.000000 
-21.345341 137.960022 1.100993 -12.213745 4.239303 0.000000 0.000000 
-24.481537 138.957581 -3.528703 -6.846710 7.198005 0.000000 0.000000 
-23.374941 139.208435 7.919724 -9.764702 5.844131 0.000000 0.000000 
-22.824413 139.827423 1.982862 1.780609 11.778080 0.000000 0.000000 
-21.598976 140.083282 -3.211988 -11.293327 5.561607 0.000000 0.000000 
-22.876200 139.899902 -2.501711 1.926178 11.347485 0.000000 0.000000 
-23.461628 140.026428 5.105343 -9.331505 5.266147 1.000000 1.000000 
-22.502041 140.345520 -10.078815 -7.301796 6.369415 0.000000 0.000000 
-23.109377 140.524841 1.926160 -5.705185 6.042236 1.000000 1.000000 
-23.149149 140.559723 5.158324 -3.949722 8.024818 0.000000 0.000000 
-23.173899 140.660950 5.983457 -5.244507 8.133991 0.000000 0.000000 
-23.381229 140.687103 1.767792 -7.396515 6.278324 0.000000 0.000000 
-22.287683 140.876831 -7.801985 -10.434258 5.121791 0.000000 0.000000 
-25.568409 140.627106 4.862897 -7.862091 5.620117 0.000000 0.000000 
-23.869915 140.995514 0.465409 -9.640388 3.918827 1.000000 1.000000 
-23.832314 141.143707 4.768553 -2.359314 8.085934 0.000000 0.000000 
-23.464689 141.432922 3.495548 -7.799065 5.079830 0.000000 0.000000 
-23.623348 141.845459 3.837614 -9.676941 5.559566 0.000000 0.000000 
-24.319439 143.489777 -1.845297 -8.822998 5.867374 0.000000 0.000000 
-24.131325 145.169067 5.040858 -3.534393 7.206295 0.000000 0.000000 
-24.021326 145.260925 6.775802 -3.421318 7.682128 0.000000 0.000000 
-23.147839 145.440643 3.529649 -8.873329 4.764385 0.000000 0.000000 
-23.189802 146.087067 4.042055 -5.487320 7.572597 0.000000 0.000000 
-23.792727 146.749176 2.673066 0.373169 9.055637 0.000000 0.000000 
-24.127537 146.770752 2.536794 -1.694702 7.781017 0.000000 0.000000 
-22.640587 147.167206 -10.345336 -8.251755 6.080360 0.000000 0.000000 
-23.685637 147.103882 3.766047 -5.990448 7.777160 0.000000 0.000000 
-22.885944 147.675323 -2.333016 5.448402 15.775259 0.000000 0.000000 
-24.313351 147.451874 -2.353456 4.747467 16.833786 0.000000 0.000000 
-23.287205 147.688110 0.304393 -0.214966 12.945221 0.000000 0.000000 
-22.370592 148.158600 -8.606709 -1.287849 11.635571 0.000000 0.000000 
-24.421495 148.017822 3.249857 -7.450562 4.798866 1.000000 1.000000 
-25.201645 147.947357 6.309577 -6.338120 6.708442 0.000000 0.000000 
-21.947184 149.194305 0.251092 -4.736473 8.273758 1.000000 1.000000 
-22.883135 151.577301 -1.862986 -7.198685 5.969104 0.000000 0.000000 
-22.627193 151.688049 -1.397712 -8.893387 4.583911 0.000000 0.000000 
-35.255196 149.576752 11.278005 -5.060822 6.253894 0.000000 0.000000 
-35.091679 149.627075 11.299680 -6.222916 6.108005 0.000000 0.000000 
-33.231373 150.069366 12.255376 -8.029724 8.007332 0.000000 0.000000 
-25.402647 152.015808 -4.207641 -4.748985 7.117706 0.000000 0.000000 
-23.919790 152.729279 4.115779 -4.665459 6.265697 0.000000 0.000000 
-24.580700 152.732178 -11.600242 -10.061394 6.104782 0.000000 0.000000 
-24.306274 152.807556 -11.746209 -8.897423 4.430740 0.000000 0.000000 
-25.235643 152.732056 4.824298 -6.267746 6.102962 0.000000 0.000000 
-23.935535 153.006073 3.013121 -7.369995 6.771556 0.000000 0.000000 
-25.638264 152.778839 -3.666787 -5.893005 5.226516 0.000000 0.000000 
-22.833488 153.340912 1.255608 -5.689087 4.755321 0.000000 0.000000 
-23.927395 153.642029 -3.601652 -7.152832 6.637031 0.000000 0.000000 
-30.399897 152.651154 3.657076 -6.988831 6.181209 0.000000 0.000000 
-23.839748 154.087860 -8.973153 -5.969437 6.695392 0.000000 0.000000 
-23.250433 154.669403 -3.536880 -2.406746 8.623878 0.000000 0.000000 
-23.509174 154.900146 4.898834 -10.885635 5.589550 0.000000 0.000000 
-31.310118 153.945862 10.988566 -5.410767 6.846775 0.000000 0.000000 
-26.952477 154.862335 -4.013308 -6.416466 6.244609 0.000000 0.000000 
-31.132118 154.808136 10.487071 -1.152832 9.112755 0.000000 0.000000 
-31.648571 154.706787 9.682910 0.332130 12.223545 0.000000 0.000000 
-31.061581 154.954254 10.249802 -3.425636 7.164924 0.000000 0.000000 
-31.344872 155.542786 9.892923 -0.772568 9.087334 0.000000 0.000000 
-30.991745 155.867493 9.339882 -5.314842 5.337886 0.000000 0.000000 
-28.329359 156.497498 11.020507 -7.613609 4.110870 0.000000 0.000000 
-31.557173 156.072510 9.378807 -7.217079 5.726993 1.000000 1.000000 
-24.596893 157.511963 -2.099371 -1.319839 10.434475 0.000000 0.000000 
-25.991814 157.304291 -2.786561 -1.545151 10.789967 0.000000 0.000000 
-25.541599 157.416718 -1.804741 4.650230 13.084377 0.000000 0.000000 
-26.046232 157.503418 -2.061545 -7.054634 4.078395 1.000000 1.000000 
-25.590275 157.675323 -1.180704 0.380959 9.656017 0.000000 0.000000 
-25.419775 158.179199 -1.424882 2.826424 12.092457 0.000000 0.000000 
-25.812418 158.131683 -1.355653 1.032944 11.807198 0.000000 0.000000 
-25.874664 158.561310 -1.500402 -5.745186 6.538417 0.000000 0.000000 
-26.798344 158.674103 -2.580998 -2.887924 7.797946 0.000000 0.000000 
-25.531485 159.011719 -1.813334 0.946770 10.097828 0.000000 0.000000 
-24.829672 159.148285 -0.530970 -0.836838 7.697311 0.000000 0.000000 
-25.954332 158.993591 -3.774554 -2.285294 10.270096 0.000000 0.000000 
-25.996168 159.078308 -3.373175 -6.548447 3.430244 0.000000 0.000000 
-25.697489 159.145447 -2.398361 -0.161957 11.020096 1.000000 1.000000 
-25.537821 159.495544 7.177038 -1.643082 8.997410 0.000000 0.000000 
-25.121798 159.796387 -1.141166 4.129662 12.787884 0.000000 0.000000 
-26.086945 159.657135 -1.595822 6.481857 16.628862 0.000000 0.000000 
-26.154516 159.716370 -2.720958 2.359344 10.625557 0.000000 0.000000 
-25.519646 159.940430 -0.052016 3.666862 14.589460 0.000000 0.000000 
-23.691620 160.670074 0.835114 -5.044983 7.941005 0.000000 0.000000 
-24.015284 160.735931 -0.303006 1.671036 9.467617 0.000000 0.000000 
-24.113544 160.763000 5.226405 3.106079 10.055740 0.000000 0.000000 
-23.557053 161.108734 5.653189 -3.687012 7.138301 0.000000 0.000000 
-21.847883 161.417206 -7.744615 -7.201324 4.464065 0.000000 0.000000 
-25.913212 160.901001 -0.615892 -5.509193 5.459136 1.000000 1.000000 
-22.878382 161.627808 -7.232734 -1.130760 8.021496 0.000000 0.000000 
-23.944641 161.507507 -12.981300 -1.048950 11.021042 0.000000 0.000000 
-23.539824 161.749878 -3.137613 -6.869682 5.481056 0.000000 0.000000 
-23.649939 161.790344 -4.312331 -8.429886 4.031497 0.000000 0.000000 
-23.972906 161.944977 -1.693657 -7.174751 5.201793 0.000000 0.000000 
-25.151892 162.140045 2.598274 0.234856 7.510643 0.000000 0.000000 
-24.896240 162.230896 -2.200711 -1.966911 8.453571 0.000000 0.000000 
-21.897184 163.002228 1.328111 -11.612175 3.446636 0.000000 0.000000 
-25.325043 162.914978 -1.288071 -6.555794 5.791072 0.000000 0.000000 
-24.412779 164.009064 -1.648552 -6.187088 4.172454 1.000000 1.000000 
-24.966532 165.228516 0.106302 -1.281960 7.903411 0.000000 0.000000 
-25.442652 165.199158 -1.263448 -8.014412 6.149154 0.000000 0.000000 
-26.671135 165.018433 -0.228313 -8.015633 3.626034 0.000000 0.000000 
-25.312820 165.994141 0.184752 -7.068230 2.986431 0.000000 0.000000 
-25.230799 166.021881 -2.286212 -3.242447 5.630603 0.000000 0.000000 
-25.800026 165.982452 -12.580104 -5.236870 5.931163 0.000000 0.000000 
-25.415926 166.196106 -5.673439 -3.728920 5.559795 0.000000 0.000000 
-25.480640 166.205994 -2.022088 -1.603867 6.417102 0.000000 0.000000 
-26.814659 166.058105 -2.090177 -7.271950 3.317840 0.000000 0.000000 
-24.946619 166.605774 -1.586413 -5.225876 6.404357 0.000000 0.000000 
-25.700012 166.735321 -5.159109 1.456627 8.975246 0.000000 0.000000 
-25.291256 166.848480 -4.265695 -2.276894 6.521591 0.000000 0.000000 
-23.844175 167.638000 5.147593 -0.236206 10.989857 0.000000 0.000000 
-23.840937 167.785706 -7.869803 1.236130 9.812614 0.000000 0.000000 
-24.311996 167.724701 4.891276 0.264481 9.390453 0.000000 0.000000 
-25.556417 168.205750 -2.044025 -8.159279 3.337250 0.000000 0.000000 
-22.806202 168.715149 -1.384320 -8.458794 4.588645 0.000000 0.000000 
-24.802813 168.443481 -1.529997 -5.326736 4.730030 0.000000 0.000000 
-25.891756 168.376160 -2.102008 -10.462563 2.557525 0.000000 0.000000 
-25.117548 169.153748 -1.315989 -8.082169 3.816559 0.000000 0.000000 
-25.738085 169.076111 -2.058026 -0.146919 7.821155 0.000000 0.000000 
-26.702829 169.414917 -2.293916 -10.130310 2.907135 0.000000 0.000000 
-25.942917 169.801514 -4.009845 -5.184273 6.066494 0.000000 0.000000 
-24.670616 170.001678 -1.899487 -0.667236 6.894111 0.000000 0.000000 
-25.491980 170.035431 4.750743 -3.140068 4.894313 0.000000 0.000000 
-24.489346 170.595856 4.798465 -2.101372 7.268341 0.000000 0.000000 
-25.451187 170.866638 5.533314 -4.292976 7.516044 1.000000 1.000000 
-24.836393 170.970001 3.705812 -5.165451 4.757953 0.000000 0.000000 
-24.208670 171.114349 -0.871246 -4.669884 5.636997 0.000000 0.000000 
-23.289127 171.315460 -2.430858 -8.268082 4.003593 0.000000 0.000000 
-23.530722 171.502563 -12.516414 -6.484146 4.390663 1.000000 1.000000 
-25.640083 171.368805 4.378749 -0.204544 7.459625 0.000000 0.000000 
-26.150047 171.323273 -3.555071 1.884010 12.047760 0.000000 0.000000 
-25.365927 171.963257 4.665888 -6.939102 4.629524 0.000000 0.000000 
-24.877293 172.181824 5.120565 -3.472595 5.166503 1.000000 1.000000 
-23.654602 172.368378 6.061229 -0.706055 9.967903 0.000000 0.000000 
-23.183134 172.574005 -9.901757 -3.476524 6.751560 0.000000 0.000000 
-24.386768 172.446838 -8.681032 -0.393433 9.303051 0.000000 0.000000 
-25.523779 172.606232 5.724069 -4.115440 5.655414 0.000000 0.000000 
-23.264034 172.987579 3.926261 -5.188889 5.463611 0.000000 0.000000 
-23.059942 173.026917 1.984803 -6.067398 5.139022 0.000000 0.000000 
-23.649014 173.282745 6.772580 1.975372 9.450356 0.000000 0.000000 
-24.182072 173.257812 -11.042519 -4.484039 7.402282 0.000000 0.000000 
-23.887951 173.434265 -4.512067 -0.869400 8.684948 0.000000 0.000000 
-24.127815 173.401672 -5.164661 -3.046173 7.234764 0.000000 0.000000 
-24.856243 173.933655 5.441710 -3.872208 4.947208 0.000000 0.000000 
-23.572926 174.228363 -2.653034 1.820900 9.451347 0.000000 0.000000 
-24.373968 174.214996 -4.201959 -10.192795 2.589046 1.000000 1.000000 
-23.811644 174.627106 -2.447997 -2.571350 7.079345 0.000000 0.000000 
-23.848251 174.795258 -2.692619 -6.274406 5.011020 0.000000 0.000000 
-24.881884 174.853882 -2.276999 -4.418594 4.659439 0.000000 0.000000 
-24.339975 175.188904 -3.117979 -6.927429 3.045929 0.000000 0.000000 
-25.310532 175.267120 -1.607534 -5.975555 3.719043 0.000000 0.000000 
-23.746187 175.570038 -2.207617 -7.016289 4.501327 0.000000 0.000000 
-25.946589 175.409363 0.222929 -7.502090 2.591388 0.000000 0.000000 
-25.188398 175.716492 -4.196946 -7.697853 5.519405 0.000000 0.000000 
-25.890085 176.029358 -2.720543 -7.020897 3.465339 0.000000 0.000000 
-26.074821 176.030518 -2.046245 -2.840210 5.178596 0.000000 0.000000 
-26.171034 176.101227 -3.923602 -5.409966 3.365383 0.000000 0.000000 
-24.311041 177.278931 -2.909581 -5.563751 5.078006 1.000000 1.000000 
-25.883728 177.644379 -4.093506 5.183258 12.379421 0.000000 0.000000 
-26.252903 177.692474 -3.203841 -7.532265 2.261307 0.000000 0.000000 
-25.733641 177.818848 -3.034735 2.168114 10.808056 0.000000 0.000000 
-26.917606 177.967255 2.475807 -8.271538 2.280132 0.000000 0.000000 
-26.434200 178.803345 -3.573907 -3.709686 4.334857 1.000000 1.000000 
-26.164507 179.675476 -4.125141 -4.748383 6.351795 1.000000 1.000000 
-24.836409 180.162201 -8.788424 -1.334282 6.079063 0.000000 0.000000 
-24.958427 180.529816 -4.079492 2.869286 9.947617 0.000000 0.000000 
-24.879440 180.553009 -3.724370 2.903244 9.645889 0.000000 0.000000 
-24.749413 180.588898 -2.618624 7.768653 14.585968 0.000000 0.000000 
-24.543262 180.739685 -2.839005 -7.665359 3.716762 0.000000 0.000000 
-25.869184 180.881470 -1.204000 -8.111320 4.809879 0.000000 0.000000 
-25.335075 181.551239 -6.431394 -6.343964 3.967582 0.000000 0.000000 
-25.624805 181.633698 -1.850001 0.567169 7.752410 0.000000 0.000000 
-24.383984 181.991547 -0.898098 -6.618248 4.221679 0.000000 0.000000 
-25.888309 181.973236 -2.964125 -7.436417 3.224167 0.000000 0.000000 
-24.450947 182.179443 -2.591792 -8.344872 3.268848 0.000000 0.000000 
-25.162725 182.277374 0.534432 -6.275436 3.856510 0.000000 0.000000 
-24.842319 182.361023 -3.503948 -3.217072 5.864540 0.000000 0.000000 
-25.228483 182.382294 -3.673084 -7.279343 5.925468 0.000000 0.000000 
-24.573896 183.288940 2.757688 -6.713280 2.774929 0.000000 0.000000 
-24.631788 184.778046 -8.256736 -2.517143 5.867202 0.000000 0.000000 
-25.190119 184.799988 1.013577 -3.837204 4.795108 0.000000 0.000000 
-25.884897 184.829987 -1.974708 -8.001709 3.505283 0.000000 0.000000 
-23.972204 185.501282 -0.357784 -9.274353 3.810928 0.000000 0.000000 
-24.455145 186.196167 -1.800594 -6.155563 2.314686 1.000000 1.000000 
-27.914391 185.776337 5.866596 -4.574799 4.031932 0.000000 0.000000 
-25.952883 186.184479 -2.215699 -8.002739 3.518741 0.000000 0.000000 
-25.858515 186.566528 -1.910239 -5.978394 3.915069 0.000000 0.000000 
-27.505016 186.362732 4.503407 -0.508034 6.322986 0.000000 0.000000 
-25.865406 186.939911 5.505589 -4.337914 4.481147 0.000000 0.000000 
-25.957750 186.978241 4.154737 -5.118942 3.614586 0.000000 0.000000 
-26.117048 186.995911 6.998359 -3.777740 4.115135 0.000000 0.000000 
-25.568966 187.402466 4.128562 -6.981377 3.077446 0.000000 0.000000 
-25.516079 187.776184 -9.331709 -6.729233 4.433982 0.000000 0.000000 
-26.579224 187.669983 4.773288 -5.158348 4.292560 0.000000 0.000000 
-24.086359 192.785553 0.688254 -9.630310 1.779621 0.000000 0.000000 
-29.175434 198.935120 -0.904139 -0.517853 6.292453 0.000000 0.000000 
-28.401079 199.252563 1.052452 -6.556831 3.575824 0.000000 0.000000 
-37.443321 199.085297 11.780391 -0.302589 6.369316 0.000000 0.000000 
-30.350710 201.175446 15.606894 -2.818832 3.504585 0.000000 0.000000 
-28.830639 207.453644 2.315283 -6.242035 3.250133 0.000000 0.000000 
-31.642794 218.248840 0.567160 -4.237465 2.441845 0.000000 0.000000 
-34.437321 250.309540 0.915546 0.869934 3.333965 0.000000 0.000000 
