ply
format ascii 1.0
comment Created by CloudCompare v2.14.beta (Feb  3 2026)
comment Created 2026-04-17T10:40:48
obj_info Generated by CloudCompare!
element vertex 2977
property float x
property float y
property float z
property float rcs
property float snr
property float v
property float label
end_header
-13.492573 -5.205223 -3.720586 -16.971420 25.164377 1.000000 1.000000 
-5.865485 -16.311760 -5.251343 -11.932343 22.502869 0.000000 1.000000 
-0.399943 -22.203373 -6.852021 7.996514 33.737831 1.000000 1.000000 
22.392776 -0.615749 -6.459532 -13.450897 23.082596 1.000000 1.000000 
57.248596 -2.293814 -9.898516 11.409134 27.140692 0.000000 1.000000 
57.360477 -2.276189 -9.001090 5.020852 22.258041 0.000000 1.000000 
-8.773643 43.219009 -16.863255 -11.955194 16.257008 1.000000 1.000000 
-20.893787 39.677494 -12.295109 -8.914454 10.847795 0.000000 1.000000 
6.754913 51.190727 -15.818480 -8.890373 18.060249 0.000000 1.000000 
-20.885601 47.199345 -17.001343 -12.862228 12.654449 0.000000 1.000000 
7.316326 51.659618 -20.221453 -11.264801 16.974030 1.000000 1.000000 
6.822071 55.624111 -21.833549 -22.550171 8.418343 1.000000 1.000000 
21.858683 53.873108 -19.580179 -6.382683 14.794782 0.000000 1.000000 
7.287625 58.177235 -16.025227 -17.668358 10.650192 1.000000 1.000000 
21.966780 54.616287 -19.625666 -1.197906 19.844524 0.000000 1.000000 
7.258461 59.684170 -23.540533 -15.792374 11.891603 0.000000 1.000000 
9.826703 63.081207 -15.776157 -19.577339 8.903835 0.000000 1.000000 
28.476490 58.536308 -21.824911 -6.816528 14.270485 0.000000 1.000000 
6.896858 67.213722 -23.319780 -19.417419 7.815613 0.000000 1.000000 
7.358545 67.420723 -22.883114 -13.448967 13.257046 0.000000 1.000000 
31.429220 61.516937 -23.777020 -16.513252 9.800588 0.000000 1.000000 
8.208331 69.042580 -22.679859 -10.888718 13.797443 0.000000 1.000000 
7.399355 69.585487 -25.730068 -14.923599 9.906957 0.000000 1.000000 
33.645966 60.947880 -25.718948 -9.764641 7.788445 0.000000 1.000000 
7.888499 71.880615 -28.634459 -17.064011 9.868318 0.000000 1.000000 
6.996836 75.383057 -26.350836 -8.587845 16.519199 0.000000 1.000000 
6.829207 76.717682 -26.777266 -11.153625 12.905407 0.000000 1.000000 
32.395496 70.872871 -31.124693 -7.458541 10.409958 1.000000 1.000000 
31.066612 71.980537 -27.376583 -7.785263 11.801476 0.000000 1.000000 
3.975956 90.801338 -33.662060 12.447678 32.383980 1.000000 1.000000 
4.949455 90.841171 -33.484833 0.766159 19.183151 0.000000 1.000000 
37.488876 83.185753 -33.941292 1.909027 21.695061 1.000000 1.000000 
-28.183947 88.938835 -33.607899 -3.333427 12.471237 0.000000 1.000000 
-6.086687 98.224182 -34.994759 -13.672783 7.865326 1.000000 1.000000 
-7.690145 98.320206 -35.106354 -11.462700 10.433819 0.000000 1.000000 
46.656048 94.494072 -30.972679 -6.482986 9.502998 0.000000 1.000000 
-29.203997 103.055298 -43.239246 -5.609360 12.323772 0.000000 1.000000 
-31.114908 104.087242 -43.883564 -1.685989 17.171570 0.000000 1.000000 
-12.363843 108.171707 -24.376875 -14.127853 10.457748 0.000000 1.000000 
-32.461639 106.507607 -18.794168 -9.783119 8.137012 0.000000 1.000000 
12.818677 116.500954 -47.405239 -15.400734 7.460886 0.000000 1.000000 
-21.168404 116.832260 -41.813629 -9.189752 8.972855 0.000000 1.000000 
37.814774 115.296043 -35.281197 -3.599319 12.562855 1.000000 1.000000 
-13.794225 134.109192 -17.112396 -2.904686 12.349565 1.000000 1.000000 
36.621677 135.899872 -33.333652 -3.608421 11.072132 0.000000 1.000000 
-17.996195 152.097504 -32.931515 4.526223 18.991947 0.000000 1.000000 
-7.104474 160.580414 -40.278111 -5.853990 7.996088 0.000000 1.000000 
77.089951 147.205475 -47.485554 -1.173546 8.090824 1.000000 1.000000 
-7.675992 173.522339 -71.016548 -7.654327 4.597784 0.000000 1.000000 
-7.710993 181.842896 -47.619843 -7.022163 5.052731 0.000000 1.000000 
45.757710 195.170410 -49.838387 -5.272156 4.297945 0.000000 1.000000 
-3.343807 27.943827 -7.115745 -8.340820 22.345833 1.000000 1.000000 
15.086643 22.987061 -3.121522 -4.299507 13.130390 1.000000 1.000000 
-11.525702 27.327814 -5.213365 -2.580788 26.540585 1.000000 1.000000 
32.322498 22.238325 -4.576783 6.221901 13.454571 1.000000 1.000000 
33.115067 22.446144 -5.462702 0.410744 10.043098 1.000000 1.000000 
-9.370809 44.223312 -9.461224 -15.172844 10.260883 1.000000 1.000000 
-32.322983 146.431366 -19.112537 -5.480361 7.134102 0.000000 1.000000 
2.616879 293.663422 -70.995628 7.039589 9.804325 0.000000 1.000000 
15.899829 46.707794 19.521008 -6.525955 20.642963 1.000000 1.000000 
-1.001757 56.732494 22.587318 -22.396011 9.747238 1.000000 1.000000 
7.351388 68.573021 27.817986 -19.773392 9.942081 0.000000 1.000000 
3.002928 92.097588 24.642035 -12.797264 12.475736 1.000000 1.000000 
44.301437 86.932442 40.210941 4.723183 15.001678 1.000000 1.000000 
45.047394 94.890457 29.754087 3.946335 14.700405 0.000000 1.000000 
44.763821 95.052856 29.639282 5.389809 16.851017 0.000000 1.000000 
44.997128 94.939041 29.696226 6.170617 17.056175 0.000000 1.000000 
44.809978 95.035851 30.055271 4.048958 16.544262 0.000000 1.000000 
45.519711 95.205063 30.485140 -0.227470 9.399578 0.000000 1.000000 
44.268982 99.224075 35.596466 1.607819 15.985203 0.000000 1.000000 
26.711809 111.628746 32.465420 -8.248338 7.076466 0.000000 1.000000 
-114.221848 66.625183 23.754881 20.816086 13.735142 1.000000 1.000000 
-6.232821 139.797394 58.120430 -12.591057 3.497288 1.000000 1.000000 
-59.564568 126.985298 39.529026 -5.574944 7.029745 1.000000 1.000000 
7.850799 156.403107 65.237793 -1.943031 11.027782 0.000000 1.000000 
7.775423 157.425964 62.931004 1.557526 15.285740 1.000000 1.000000 
9.394170 158.657166 36.121513 -10.422142 3.102377 0.000000 1.000000 
-31.564323 177.568237 59.280426 -6.392288 7.390755 0.000000 1.000000 
42.990429 182.362762 33.000881 -5.139144 5.967358 0.000000 1.000000 
-6.376054 192.298798 39.926617 -6.943170 4.900887 0.000000 1.000000 
43.931721 188.407990 35.966293 0.425064 7.563313 0.000000 1.000000 
43.080505 193.447174 40.342312 -5.006477 4.692062 0.000000 1.000000 
42.673088 194.808350 39.381222 -1.709518 7.042988 0.000000 1.000000 
44.506001 194.506531 41.211338 -1.700996 6.350586 0.000000 1.000000 
44.605747 194.536896 39.198093 0.071976 7.322340 0.000000 1.000000 
45.083569 195.005463 44.284634 -3.370956 4.091209 0.000000 1.000000 
45.184643 195.176056 44.506355 8.571152 14.945221 0.000000 1.000000 
45.512390 195.605560 45.374077 6.521851 13.507641 0.000000 1.000000 
45.364277 196.485260 45.089668 1.516022 7.896641 0.000000 1.000000 
46.418140 197.310333 45.580009 -4.040061 3.902176 0.000000 1.000000 
44.728069 198.900085 38.025059 -2.646042 6.945892 0.000000 1.000000 
44.654705 199.810883 43.013874 -1.541847 6.913818 0.000000 1.000000 
43.106178 204.297241 33.207363 3.186615 8.836300 0.000000 1.000000 
42.788532 204.383331 32.944500 1.687683 7.968529 0.000000 1.000000 
44.133430 204.357422 33.129539 4.401925 9.678444 0.000000 1.000000 
-10.005217 212.411072 61.254726 0.765290 9.978250 0.000000 1.000000 
44.650562 209.474976 41.968307 -4.774384 4.843977 0.000000 1.000000 
44.814297 212.554260 37.509113 6.043984 8.354210 0.000000 1.000000 
44.306267 212.721405 37.087811 6.581322 10.182571 0.000000 1.000000 
44.235023 221.161316 39.544754 5.569230 9.437031 0.000000 1.000000 
43.882442 221.255035 40.073296 3.520027 8.177639 0.000000 1.000000 
-25.613485 261.175629 110.441940 -0.106941 4.447256 1.000000 1.000000 
-30.807756 292.744202 35.533985 1.301338 7.091244 0.000000 1.000000 
-12.079361 73.452049 19.128674 -15.093315 12.907825 0.000000 1.000000 
6.687424 75.238625 22.927603 -15.698921 12.800674 0.000000 1.000000 
-52.338860 60.980579 9.376875 -3.850395 10.395805 1.000000 1.000000 
-50.149117 65.150696 12.533247 -6.294609 9.820583 1.000000 1.000000 
-18.139751 87.028725 18.364916 -14.331444 10.340412 0.000000 1.000000 
-18.752989 86.931953 19.256252 -12.679672 9.782249 0.000000 1.000000 
38.615482 83.148918 25.715054 -1.961884 15.035787 1.000000 1.000000 
-78.884796 58.943268 12.604407 5.583260 8.690903 1.000000 1.000000 
-7.479254 180.187103 18.341911 -0.540222 9.842018 0.000000 1.000000 
5.940042 -57.482212 13.092067 1.419358 20.951984 0.000000 1.000000 
15.870609 70.214668 13.970475 -19.426117 7.885223 0.000000 1.000000 
-6.281466 -72.379501 -12.137046 6.882218 20.691021 0.000000 1.000000 
-7.346197 -49.904087 -6.007010 0.077706 19.860237 0.000000 1.000000 
56.324543 -104.956047 -32.113995 14.025627 17.754604 0.000000 1.000000 
-6.023630 -0.937298 -0.777690 6.230797 56.455666 0.000000 0.000000 
-6.000189 -1.412193 -0.869579 -19.053932 33.084835 0.000000 0.000000 
-6.031004 -0.808768 -0.550639 -11.507927 38.893383 0.000000 0.000000 
-6.034945 -0.558764 -0.578276 -17.830040 31.726427 0.000000 0.000000 
-6.073207 -0.944354 -0.776105 5.557770 54.874062 0.000000 0.000000 
-6.070137 -1.133913 -0.936885 -12.645363 38.485340 0.000000 0.000000 
-6.077102 -1.327133 -1.074229 -25.900906 25.187647 0.000000 0.000000 
-6.032144 0.089750 -0.922431 -26.012283 21.815727 0.000000 0.000000 
-6.125142 -0.288533 -0.751810 -25.883808 22.042366 0.000000 0.000000 
-6.486238 -0.855750 0.245090 -26.437111 26.494349 0.000000 0.000000 
-6.551553 -1.225259 0.632897 -22.680313 29.223289 0.000000 0.000000 
-6.560946 -1.368269 -0.115789 -17.554356 33.747833 0.000000 0.000000 
-6.160248 1.298381 -0.501315 -28.622139 23.437973 0.000000 0.000000 
-6.634505 0.209911 -0.187184 -21.360565 23.409756 0.000000 0.000000 
-6.686385 -1.768164 -0.405027 -15.844925 25.348093 0.000000 0.000000 
-6.675695 0.023390 0.019030 -22.231567 24.019718 0.000000 0.000000 
-6.775927 -0.687620 -0.069293 -14.329815 34.329765 0.000000 0.000000 
-6.455095 -2.865802 -0.009366 -24.252029 24.297039 0.000000 0.000000 
-6.798160 -1.533535 -0.040476 -22.289280 21.521721 0.000000 0.000000 
-6.831130 -0.964915 -0.046422 -13.076889 29.883980 0.000000 0.000000 
-6.685700 -2.301859 -0.059870 -14.637779 25.851486 0.000000 0.000000 
-6.757464 -1.983989 -0.549995 -17.597824 22.699467 0.000000 0.000000 
-6.502759 1.324766 0.227194 -12.521791 26.757244 0.000000 0.000000 
-6.638382 0.969322 0.038479 -16.074699 22.363811 0.000000 0.000000 
-6.661581 -2.681190 -0.071472 -17.028931 23.505436 0.000000 0.000000 
-6.887686 -1.924009 -0.072322 -13.519596 27.714863 0.000000 0.000000 
-6.387093 -3.560332 0.263935 -16.718735 21.786518 0.000000 0.000000 
-6.617787 -3.064400 0.068287 -13.132805 27.277967 0.000000 0.000000 
-7.030671 -0.992814 0.413027 -15.008240 28.918064 0.000000 0.000000 
-6.603145 -3.212116 0.004066 -18.547047 23.307442 0.000000 0.000000 
-7.065406 -2.123601 -0.354412 -16.625336 22.769344 0.000000 0.000000 
-6.683399 -3.697762 0.216186 -14.489620 22.197380 0.000000 0.000000 
-6.610487 -3.947485 -0.085008 -12.977009 25.228069 0.000000 0.000000 
-7.426257 -0.085798 0.009149 -12.557682 24.111889 0.000000 0.000000 
-7.373888 -2.122557 -0.234863 -16.322346 21.159950 0.000000 0.000000 
-6.896284 1.936973 -0.044263 -6.867362 31.408770 0.000000 0.000000 
-7.282360 -2.931704 -0.154472 -10.652077 21.103474 0.000000 0.000000 
-6.985163 -3.973841 -0.252705 -15.447830 19.702606 0.000000 0.000000 
-6.685229 -4.546609 -0.258056 -10.550653 24.290962 0.000000 0.000000 
-6.285387 -5.191003 0.334052 -14.184357 22.982567 0.000000 0.000000 
-7.486699 -3.354835 -0.137910 -19.972839 21.730705 0.000000 0.000000 
-6.751652 -4.851500 0.135476 -13.153236 24.690264 0.000000 0.000000 
-6.533265 -5.169333 -0.041396 -16.292572 23.568302 0.000000 0.000000 
-6.622806 -5.054621 -0.601519 -13.954268 24.313953 0.000000 0.000000 
-7.189982 -4.179894 0.036497 -13.867035 23.519901 0.000000 0.000000 
-7.099905 -4.413364 0.251976 -24.292519 19.366653 0.000000 0.000000 
-6.567145 -5.638963 -0.209752 -14.277138 23.863514 0.000000 0.000000 
-6.544273 -5.712322 0.128297 -15.501869 25.619593 0.000000 0.000000 
-6.640216 -5.779805 -0.038359 -13.972839 30.677864 0.000000 0.000000 
-7.079344 -5.214135 -0.265843 -22.655380 24.025639 0.000000 0.000000 
-7.364457 -4.796752 -0.249084 -15.031303 27.947168 0.000000 0.000000 
-6.482299 -6.022583 0.325230 -20.164574 25.335114 0.000000 0.000000 
-6.306535 -6.254898 0.326947 -23.518967 20.752598 0.000000 0.000000 
-6.440282 -6.238101 0.314369 -22.028702 25.470058 0.000000 0.000000 
-6.694149 -6.162041 0.132451 -23.618874 24.382141 0.000000 0.000000 
-6.506281 -6.370293 -0.214878 -18.046364 27.066811 0.000000 0.000000 
-6.314335 -6.655779 0.255983 -20.428993 25.534811 0.000000 0.000000 
-6.941725 -5.989254 -0.554755 -19.652039 25.585413 0.000000 0.000000 
-6.755304 -6.431582 0.225220 -11.126823 31.066406 0.000000 0.000000 
-6.299984 -6.981855 -0.179078 -18.977776 24.667109 0.000000 0.000000 
-6.444584 -6.881067 0.174647 -14.328529 29.870243 0.000000 0.000000 
-6.664854 -6.822634 0.058716 -17.581543 31.996403 0.000000 0.000000 
-7.459908 -5.958244 0.873169 -21.294586 22.873371 0.000000 0.000000 
-6.584095 -7.160125 -0.121534 -9.197258 34.879433 0.000000 0.000000 
-6.926485 -6.916561 -0.112237 -10.976410 34.031273 0.000000 0.000000 
-6.789010 -7.342132 0.064497 -12.025986 31.754612 0.000000 0.000000 
-6.535456 -7.719027 -0.203029 -18.645798 26.273348 0.000000 0.000000 
-6.597964 -7.683399 -0.434084 -8.202888 33.904984 0.000000 0.000000 
-6.529686 -8.026514 0.477153 -18.580154 24.013859 0.000000 0.000000 
-6.954538 -7.804439 1.452075 -22.115097 23.928432 0.000000 0.000000 
-6.570103 -8.184260 -0.221984 -9.694931 35.059841 0.000000 0.000000 
-6.227365 -8.486886 -1.235462 -17.936607 26.505215 0.000000 0.000000 
-6.830981 -8.040892 -0.527125 -15.481522 29.664728 0.000000 0.000000 
-6.555130 -8.403444 0.682295 -11.907104 30.517015 0.000000 0.000000 
-6.897075 -8.196765 -0.156798 -16.571739 29.069122 0.000000 0.000000 
-6.574797 -8.571770 0.482466 -16.304230 28.361515 0.000000 0.000000 
-7.403944 -7.920143 -0.534558 -21.175789 23.689445 0.000000 0.000000 
-6.724495 -8.557520 -0.043763 -13.729408 30.001715 0.000000 0.000000 
-6.058420 -9.165084 -0.585611 -19.189072 24.439472 0.000000 0.000000 
-6.675354 -8.785296 -0.323457 -13.140640 27.635948 0.000000 0.000000 
-6.646719 -8.986207 0.150991 -20.314957 27.005440 0.000000 0.000000 
-6.797529 -8.880267 -0.494752 -14.067093 26.092743 0.000000 0.000000 
-6.596455 -9.262425 -0.073355 -13.316246 29.625998 0.000000 0.000000 
-7.539478 -8.538780 -0.259312 -21.986580 20.089836 0.000000 0.000000 
-6.677026 -9.276035 0.193083 -11.832664 30.605879 0.000000 0.000000 
-6.689419 -9.340021 -0.665587 -15.738388 27.784447 0.000000 0.000000 
-6.489142 -9.730781 0.575842 -15.510048 27.741207 0.000000 0.000000 
-6.893128 -9.539787 -0.272375 -12.637558 30.173759 0.000000 0.000000 
-6.460606 -9.889503 -0.791349 -9.332498 29.555470 0.000000 0.000000 
-6.462956 -9.983388 0.089410 -11.935997 29.505360 0.000000 0.000000 
-7.021438 -9.700556 -0.683754 -11.183266 28.552816 0.000000 0.000000 
-6.575346 -10.188870 0.118316 -14.584267 28.625887 0.000000 0.000000 
-6.594103 -10.341083 -0.560520 -16.236397 25.062468 0.000000 0.000000 
-6.558930 -10.504562 0.553454 -14.253571 26.867561 0.000000 0.000000 
-6.580350 -10.711916 0.367859 -15.607010 24.440502 0.000000 0.000000 
-6.315962 -10.885483 -0.173646 -17.040970 25.132397 0.000000 0.000000 
-6.935019 -10.749521 -0.499898 -14.867661 26.045673 0.000000 0.000000 
-6.871533 -11.019418 -0.462956 -5.495996 32.393055 0.000000 0.000000 
-6.724270 -11.130499 -0.473224 -20.767647 22.625713 0.000000 0.000000 
-6.862102 -11.050110 -0.184822 -13.266045 26.478350 0.000000 0.000000 
-6.657510 -11.242227 -0.412133 -9.565994 30.565784 0.000000 0.000000 
-6.742130 -11.576939 0.058259 -10.653198 28.508223 0.000000 0.000000 
-6.585422 -11.664549 0.587567 -17.125084 25.177565 0.000000 0.000000 
-6.768423 -11.756093 -0.432247 -17.736519 25.668682 0.000000 0.000000 
-6.725870 -11.929232 -0.947431 -11.000763 28.935640 0.000000 0.000000 
-6.485463 -12.148054 -0.162376 -6.432952 32.728046 0.000000 0.000000 
-6.556580 -12.155925 0.301557 -9.644577 29.010572 0.000000 0.000000 
-6.962677 -12.372683 1.108196 -10.355515 29.086338 0.000000 0.000000 
-6.310167 -12.839316 -0.443557 -14.624924 24.632071 0.000000 0.000000 
-6.598237 -12.987360 -0.001140 -9.383798 27.899281 0.000000 0.000000 
-6.677413 -13.079700 -0.580674 -17.081161 22.669579 0.000000 0.000000 
-6.395413 -13.253421 0.291602 -13.353111 24.316647 0.000000 0.000000 
-6.552244 -13.405625 -0.991774 -11.441727 27.857689 0.000000 0.000000 
-6.461700 -13.660876 -0.784710 -15.635277 22.985420 0.000000 0.000000 
-6.666051 -13.881697 -0.059518 -12.240700 24.106464 0.000000 0.000000 
-6.590671 -13.925811 -0.580600 -8.674807 27.824690 0.000000 0.000000 
-6.730550 -14.117793 -0.387987 -6.449745 30.943878 0.000000 0.000000 
-6.876967 -14.283441 -0.099129 -16.556122 24.558857 0.000000 0.000000 
-6.307546 -14.631556 -0.719424 -12.605835 22.919659 0.000000 0.000000 
-6.343658 -14.774609 -0.183582 -15.268860 25.237530 0.000000 0.000000 
-6.979547 -14.672830 0.072811 -13.842186 22.668282 0.000000 0.000000 
-6.640402 -14.932205 0.974873 -16.805183 23.624882 0.000000 0.000000 
-6.570560 -15.141476 0.685058 -18.788643 26.409466 0.000000 0.000000 
-7.066384 -15.718238 -0.097265 -12.318085 21.790901 0.000000 0.000000 
-6.897651 -16.015087 -0.579184 -15.081367 24.126297 0.000000 0.000000 
-6.203300 -16.795570 -0.805548 -15.216301 21.534760 0.000000 0.000000 
-6.800453 -17.110687 0.812645 -10.957420 24.158455 0.000000 0.000000 
-6.512938 -17.564724 1.166506 -7.425636 27.436947 0.000000 0.000000 
-6.574701 -17.701294 -0.230417 -7.205934 28.882654 0.000000 0.000000 
-6.743081 -17.877251 -0.802374 -6.128900 28.890076 0.000000 0.000000 
-6.526392 -18.003845 -0.197805 -9.598465 25.504721 0.000000 0.000000 
-6.490508 -18.474751 -1.370351 -9.444679 24.177834 0.000000 0.000000 
-6.384848 -18.859703 0.133117 -9.983894 23.315784 0.000000 0.000000 
-6.433653 -18.967041 -1.177792 -10.804909 21.899326 0.000000 0.000000 
-6.657217 -19.521069 0.124557 -11.013275 21.573925 0.000000 0.000000 
-6.408100 -19.746830 0.011619 -10.661652 20.707790 0.000000 0.000000 
-6.635527 -20.940151 -0.968591 -6.908165 20.802456 0.000000 0.000000 
-0.064148 -21.971783 -0.919053 4.681588 35.311543 1.000000 0.000000 
-1.048354 -22.184612 -0.258613 0.703270 32.923576 1.000000 0.000000 
-0.759640 -22.638596 -0.834883 -5.510704 23.161354 1.000000 0.000000 
-6.943693 -22.237186 0.798735 -2.070763 26.760502 0.000000 0.000000 
-6.813998 -22.578365 0.673732 -1.545258 25.167177 0.000000 0.000000 
-6.662629 -25.025635 -0.076973 -10.336296 18.937149 0.000000 0.000000 
-6.719227 -27.267090 -1.485987 -7.857376 21.651264 0.000000 0.000000 
-6.235928 -27.911957 1.172638 -8.444565 20.093731 0.000000 0.000000 
-6.723567 -28.109356 -0.257848 -10.109688 20.143955 0.000000 0.000000 
-6.603977 -28.371780 0.370394 0.419770 26.991962 0.000000 0.000000 
-6.660738 -30.512947 -0.509112 -7.124870 21.608990 0.000000 0.000000 
-6.337416 -31.776505 2.786515 -10.093651 20.018940 0.000000 0.000000 
-6.635748 -34.394333 1.459290 -0.026313 24.322330 0.000000 0.000000 
-6.751738 -34.726635 2.318798 -2.525185 22.343975 0.000000 0.000000 
-6.843272 -34.767071 3.515349 2.078591 25.879862 0.000000 0.000000 
-6.912059 -35.069485 3.826642 -2.598564 23.368057 0.000000 0.000000 
-5.682224 -38.085693 0.198031 -8.322334 18.085182 0.000000 0.000000 
-5.956583 -38.727436 0.701543 -6.677284 17.946545 0.000000 0.000000 
-6.517439 -41.038025 3.679906 -1.701645 24.779367 0.000000 0.000000 
-6.676930 -44.349396 -1.248346 -2.701080 20.518879 0.000000 0.000000 
-6.647613 -46.906307 2.857639 -2.442917 18.207245 0.000000 0.000000 
-6.882961 -47.202435 3.675484 0.336106 22.075600 0.000000 0.000000 
-6.731463 -12.561838 -0.085510 -0.430137 27.629898 0.000000 0.000000 
-6.558992 -14.003039 0.399403 -10.001863 24.412479 0.000000 0.000000 
-7.002116 -13.869859 3.091694 -9.826859 20.887581 0.000000 0.000000 
-6.588968 -15.479372 -0.618211 -1.861633 30.118725 0.000000 0.000000 
-6.953724 -15.431158 1.607721 -5.703903 25.201706 0.000000 0.000000 
-7.601002 -15.312712 0.000847 -2.161606 28.835449 0.000000 0.000000 
-6.565862 -16.006527 -0.249314 -10.617661 23.926125 0.000000 0.000000 
-7.314631 -15.749412 0.160508 -2.148689 28.044651 0.000000 0.000000 
-7.146736 -16.201242 -1.059315 -2.615173 28.027874 0.000000 0.000000 
-6.694582 -16.430840 -0.871261 -8.028543 25.126850 0.000000 0.000000 
-6.779142 -16.580833 0.167194 -8.555870 23.011890 0.000000 0.000000 
-6.958624 -16.717981 -0.509545 -5.691917 25.955507 0.000000 0.000000 
-7.203031 -16.853985 -0.675826 -6.975936 25.938004 0.000000 0.000000 
-6.832541 -17.243359 -0.769639 -5.877419 27.539061 0.000000 0.000000 
-6.692480 -17.344765 -0.703888 0.261467 29.969471 0.000000 0.000000 
-6.469990 -17.707790 -0.292012 -2.624481 28.775715 0.000000 0.000000 
-6.858084 -17.722122 -0.694023 -4.557640 27.008028 0.000000 0.000000 
-6.807353 -17.775467 -0.509472 -6.157089 25.182514 0.000000 0.000000 
-7.103670 -17.685543 -0.248466 -2.111549 27.588022 0.000000 0.000000 
-6.975876 -18.122639 0.086148 -4.357141 25.325548 0.000000 0.000000 
-6.991686 -18.553909 0.405482 -3.183038 27.598614 0.000000 0.000000 
-6.968097 -18.746567 -0.658598 -7.223657 23.942398 0.000000 0.000000 
-6.281698 -19.577454 0.969787 -6.582147 24.042908 0.000000 0.000000 
-6.542917 -19.993233 -0.594709 -11.696602 22.108250 0.000000 0.000000 
-6.618903 -19.984119 -0.031848 -9.920509 21.928520 0.000000 0.000000 
-0.131321 -21.383408 -1.078644 -4.145545 35.455933 1.000000 0.000000 
-6.755297 -21.731380 0.215212 -5.687080 22.420219 0.000000 0.000000 
-7.037076 -22.960743 -0.499395 -5.343536 21.312397 0.000000 0.000000 
-6.814345 -25.519157 -0.828987 -6.514656 18.991974 0.000000 0.000000 
-6.838527 -28.215862 0.108276 2.325814 27.453568 0.000000 0.000000 
-6.948747 -28.426624 1.363664 3.548493 27.202204 0.000000 0.000000 
-6.912900 -28.554604 2.695261 7.605752 29.062765 0.000000 0.000000 
-6.379200 -30.523117 -0.711908 -5.921913 19.924480 0.000000 0.000000 
-7.247150 -31.414284 0.573818 -5.998482 19.978748 0.000000 0.000000 
-6.892309 -32.779991 -0.915746 -4.241997 20.182529 0.000000 0.000000 
-7.028566 -34.694618 3.728181 -4.058837 22.416550 0.000000 0.000000 
-6.789446 -35.241890 1.167948 -4.499313 20.544987 0.000000 0.000000 
-6.285803 -36.710426 1.020935 -2.248619 20.614635 0.000000 0.000000 
-6.649667 -38.727776 -0.917463 0.355797 21.334091 0.000000 0.000000 
-6.194000 -40.128605 2.139660 -3.108238 19.682560 0.000000 0.000000 
-7.450200 -40.593582 2.292808 3.808693 24.953674 0.000000 0.000000 
-7.317007 -40.921879 2.259639 2.570229 22.517685 0.000000 0.000000 
-7.213250 -40.962830 1.330140 1.844483 21.860394 0.000000 0.000000 
-6.122591 -47.542465 3.883467 0.519005 20.297173 0.000000 0.000000 
-6.402962 9.197996 0.179104 -10.618324 16.331745 0.000000 0.000000 
-6.021375 9.911566 -0.360470 -22.269768 10.496746 0.000000 0.000000 
-7.199465 9.789387 0.144575 -16.671921 9.179588 0.000000 0.000000 
-6.689016 12.192419 0.207716 -18.263329 12.290672 0.000000 0.000000 
-6.849302 12.135813 0.234802 -8.673042 17.241489 0.000000 0.000000 
-6.583497 12.990333 -0.080749 -19.895424 15.239174 0.000000 0.000000 
-6.588185 14.097878 0.311104 -12.198944 21.488457 0.000000 0.000000 
-6.483428 14.670335 0.180049 -17.956184 20.542656 0.000000 0.000000 
-7.580307 14.366564 0.177121 -12.100403 20.334446 0.000000 0.000000 
-6.513827 15.190241 0.086575 -16.487816 22.089081 0.000000 0.000000 
-6.631791 15.467622 0.169118 -14.063667 20.208015 0.000000 0.000000 
-7.097924 16.867386 1.886839 -10.555977 21.242466 0.000000 0.000000 
-6.609046 18.634205 0.452996 -12.900002 21.748322 0.000000 0.000000 
-6.648252 18.876171 0.183239 -15.594727 16.616192 0.000000 0.000000 
-6.626081 19.725929 0.507516 -3.284760 27.013781 0.000000 0.000000 
-6.728570 19.925934 0.688545 -9.612816 25.401022 0.000000 0.000000 
-6.938296 20.075346 0.279068 -16.248405 15.859348 0.000000 0.000000 
-6.489446 20.725214 0.085924 -12.739059 20.104385 0.000000 0.000000 
-6.751665 21.403679 0.023161 -23.356758 11.800858 0.000000 0.000000 
-6.479428 -50.312984 -0.469534 -0.642349 17.682457 0.000000 0.000000 
-7.065580 -59.617359 1.376863 0.000000 20.143486 0.000000 0.000000 
-7.176154 -59.970257 0.503700 0.000000 18.606640 0.000000 0.000000 
-6.694533 -57.097641 0.228335 -0.589775 16.137753 0.000000 0.000000 
7.275163 -14.694496 0.180283 10.194069 42.970448 0.000000 0.000000 
7.573735 -14.925321 -0.007482 10.147461 41.557293 0.000000 0.000000 
8.608141 -15.781668 0.004394 -11.646843 19.751919 0.000000 0.000000 
8.865192 -16.173714 -0.193347 -6.884004 24.598614 0.000000 0.000000 
8.091267 -16.990635 0.143603 -10.322281 23.253178 0.000000 0.000000 
8.135739 -17.995296 -0.093737 -6.337821 24.765877 0.000000 0.000000 
8.325070 -18.134960 0.065138 -12.408867 18.974331 0.000000 0.000000 
8.527959 -18.152580 0.178827 -6.355721 21.751511 0.000000 0.000000 
8.848236 -18.638409 -0.036714 -3.948883 23.185097 0.000000 0.000000 
8.993947 -20.408817 2.601298 -4.457138 21.687801 0.000000 0.000000 
8.189647 -20.793201 0.385891 13.791084 40.239975 0.000000 0.000000 
8.204959 -21.143921 0.680276 12.034340 37.401043 0.000000 0.000000 
8.991319 -20.933193 0.392700 -3.228767 23.728027 0.000000 0.000000 
8.735516 -21.220284 -0.409939 -5.004189 21.846558 0.000000 0.000000 
9.682335 -22.157932 1.753015 -5.416466 22.129704 0.000000 0.000000 
8.745001 -22.699261 0.451428 -5.213882 19.410534 0.000000 0.000000 
8.560387 -23.167854 -0.385396 -4.512741 23.370926 0.000000 0.000000 
8.487526 -24.451611 -0.289947 -8.591034 18.534241 0.000000 0.000000 
8.469338 -24.614132 -0.065742 -2.044930 23.056824 0.000000 0.000000 
8.491998 -24.708534 1.833746 -3.832054 23.614311 0.000000 0.000000 
7.879735 -25.194706 -0.599351 -0.076767 26.174812 0.000000 0.000000 
7.886455 -25.199657 0.065707 0.641373 26.471836 0.000000 0.000000 
7.920177 -25.235115 0.195499 4.646172 28.413029 0.000000 0.000000 
7.903391 -26.164047 -1.124335 -5.677856 19.531982 0.000000 0.000000 
7.980017 -26.907860 -0.492180 -4.177925 22.116329 0.000000 0.000000 
8.188145 -27.035282 -0.251621 -5.954399 21.780453 0.000000 0.000000 
8.307266 -27.249535 0.067581 -2.391968 22.378677 0.000000 0.000000 
9.166942 -27.987576 2.068707 -7.256967 20.089855 0.000000 0.000000 
9.277911 -28.976025 -0.371724 -2.924545 23.454987 0.000000 0.000000 
10.311590 -29.062920 -0.238940 -2.885612 21.614456 0.000000 0.000000 
8.366462 -30.685005 -0.020968 -5.744499 19.877926 0.000000 0.000000 
7.460891 -31.768173 -0.104552 1.907746 27.834444 0.000000 0.000000 
8.310510 -31.691265 -1.126155 -5.478797 20.590504 0.000000 0.000000 
7.818450 -32.052238 -0.492885 -4.731483 20.558582 0.000000 0.000000 
8.252633 -32.007977 -0.211268 0.518021 25.105192 0.000000 0.000000 
8.004740 -32.381817 -0.247663 -8.380768 18.817749 0.000000 0.000000 
8.151999 -32.683350 -0.361558 -1.958878 22.921787 0.000000 0.000000 
8.426316 -32.842892 -0.606681 -5.214118 19.226719 0.000000 0.000000 
9.368710 -36.510353 1.989751 0.752976 23.620937 0.000000 0.000000 
9.247610 -36.814800 2.057692 0.565026 20.706871 0.000000 0.000000 
9.394171 -43.147049 -0.253037 -0.900436 20.403019 0.000000 0.000000 
7.461500 -44.664696 -0.095746 12.049599 34.358841 0.000000 0.000000 
7.957089 -44.716938 0.001697 8.451988 29.041750 0.000000 0.000000 
7.681239 -44.866650 -0.061561 11.713127 32.680721 0.000000 0.000000 
7.901431 -45.030281 3.212910 -2.813286 17.814125 0.000000 0.000000 
7.886671 -49.105373 -1.172361 3.265137 23.137634 0.000000 0.000000 
8.455263 -49.231934 0.924960 3.544571 23.420811 0.000000 0.000000 
8.896773 -55.104187 1.740632 -1.487633 19.746647 0.000000 0.000000 
7.916348 -1.757695 -0.183715 -15.919083 24.304981 0.000000 0.000000 
7.890505 -1.975307 -0.101608 -15.689362 23.702091 0.000000 0.000000 
7.978053 -0.328666 0.057364 -13.430655 25.134058 0.000000 0.000000 
7.831679 -2.497660 -0.148765 -17.336296 21.447819 0.000000 0.000000 
8.062673 -1.161406 -0.375216 -12.505524 22.798477 0.000000 0.000000 
8.080983 -0.687185 -0.034179 -12.051613 23.352833 0.000000 0.000000 
8.142927 -0.834214 -0.237401 -10.966812 26.220160 0.000000 0.000000 
8.148076 -0.438763 -0.328279 -12.863342 24.006588 0.000000 0.000000 
8.128731 -0.023451 -0.576980 -11.828148 21.548782 0.000000 0.000000 
8.178982 -1.029770 -0.317714 -13.190353 22.640064 0.000000 0.000000 
8.189992 -1.447658 -0.150053 -11.457138 23.564354 0.000000 0.000000 
7.843063 -3.767502 0.171622 -5.660623 26.151596 0.000000 0.000000 
7.801703 -3.911275 -0.341880 -0.841743 31.051435 0.000000 0.000000 
8.165682 -2.961885 -0.397674 -10.485512 25.132816 0.000000 0.000000 
7.341992 -4.896150 0.657026 -8.508995 26.089247 0.000000 0.000000 
7.801865 -4.037432 0.157098 -6.944435 20.564255 0.000000 0.000000 
8.161742 -3.097169 -0.211650 -9.340057 21.457825 0.000000 0.000000 
7.373679 -5.183185 0.311411 -5.180284 26.085188 0.000000 0.000000 
8.455622 -3.455805 0.375568 -8.524363 23.777149 0.000000 0.000000 
7.699548 -6.529133 0.170107 -9.831230 21.796425 0.000000 0.000000 
9.486485 -3.260061 0.219004 -13.217056 24.771614 0.000000 0.000000 
9.496932 -3.483436 0.308620 -16.299606 20.025890 0.000000 0.000000 
7.298165 -7.508560 0.540394 -14.415749 23.030807 0.000000 0.000000 
7.590243 -7.228945 -0.020856 -13.380821 26.209206 0.000000 0.000000 
9.921704 -2.532220 -0.080590 -19.938278 19.993443 0.000000 0.000000 
8.401139 -6.241490 0.633565 -14.889618 24.202724 0.000000 0.000000 
7.818757 -7.051882 0.037115 -3.770332 28.143566 0.000000 0.000000 
10.200035 -3.354660 0.070404 -17.457710 21.701927 0.000000 0.000000 
10.446744 -2.103529 -0.226314 -15.438187 21.084915 0.000000 0.000000 
10.505211 -1.804811 -0.330964 -13.809685 26.082695 0.000000 0.000000 
10.338794 -3.703499 0.334764 -21.489220 22.190922 0.000000 0.000000 
7.874514 -7.953906 -0.304039 -18.366714 20.893791 0.000000 0.000000 
7.646355 -8.263718 -0.431212 -13.911507 23.147861 0.000000 0.000000 
7.662453 -8.393744 -0.445445 -14.509459 23.555965 0.000000 0.000000 
7.750167 -8.384352 -0.526600 -16.790413 23.790775 0.000000 0.000000 
7.806173 -8.704377 -0.123931 -12.367645 28.423954 0.000000 0.000000 
8.030972 -8.743164 -0.018334 -9.486267 33.264587 0.000000 0.000000 
8.013776 -9.095428 -0.423941 -20.548531 22.794147 0.000000 0.000000 
8.107338 -9.073426 0.007851 -13.150391 28.852253 0.000000 0.000000 
7.837061 -9.330190 -0.120113 -12.551025 24.936769 0.000000 0.000000 
7.929334 -9.477532 0.077011 -12.674622 26.640404 0.000000 0.000000 
7.706988 -9.684223 -0.415613 -12.917046 25.348095 0.000000 0.000000 
7.951720 -9.739306 -0.160947 -8.903801 27.479614 0.000000 0.000000 
7.912397 -9.805032 -0.123754 -5.078758 32.473248 0.000000 0.000000 
7.776215 -9.923993 -0.228800 -7.488319 29.413025 0.000000 0.000000 
7.898508 -10.109674 -0.609776 -7.963333 29.257757 0.000000 0.000000 
8.041416 -10.595370 -0.529970 -19.762672 25.149908 0.000000 0.000000 
8.039248 -10.854478 -0.308816 -13.376930 24.599617 0.000000 0.000000 
7.906322 -11.117995 0.155059 -12.190941 25.738108 0.000000 0.000000 
7.989380 -11.211139 -0.587578 -9.018059 28.649426 0.000000 0.000000 
7.731844 -11.426358 -0.128215 -13.661362 23.269249 0.000000 0.000000 
8.167297 -11.140718 -0.005081 -12.564270 22.469414 0.000000 0.000000 
8.066025 -11.741365 -0.127757 -8.075784 29.455055 0.000000 0.000000 
8.219410 -12.092017 -0.444003 -5.053382 29.269732 0.000000 0.000000 
7.786140 -12.883435 0.379992 -15.442139 21.921402 0.000000 0.000000 
8.708779 -13.269585 0.272532 -13.081734 25.304516 0.000000 0.000000 
7.265965 -14.997164 -0.074725 10.245438 43.026566 0.000000 0.000000 
8.684787 -15.004392 -0.409558 -13.725166 22.527618 0.000000 0.000000 
8.663283 -15.202332 -0.740363 -11.739792 24.679176 0.000000 0.000000 
8.805851 -18.268970 0.848797 -13.942436 23.168427 0.000000 0.000000 
8.263318 -19.038750 -0.601482 -5.450737 26.550903 0.000000 0.000000 
9.427111 -18.736973 2.098630 -11.935905 23.233109 0.000000 0.000000 
8.342241 -19.399063 -0.589349 -7.271507 23.342579 0.000000 0.000000 
8.621861 -19.599609 -0.564408 -10.995178 20.482941 0.000000 0.000000 
7.824387 -20.977943 -0.213850 15.163727 43.227913 0.000000 0.000000 
7.829932 -21.331501 -0.126218 12.091896 37.375809 0.000000 0.000000 
8.530419 -21.218697 -0.215193 -5.894380 25.276058 0.000000 0.000000 
7.950738 -21.955753 -0.502182 -8.623756 24.507832 0.000000 0.000000 
9.367846 -22.799770 0.495027 -1.436348 22.178741 0.000000 0.000000 
8.392601 -24.524647 0.709711 -9.645813 18.700211 0.000000 0.000000 
7.790203 -25.178753 1.279973 -0.539726 27.966673 0.000000 0.000000 
7.726867 -25.308636 -0.257268 0.439392 27.178297 0.000000 0.000000 
7.776093 -27.369656 -0.757612 -5.271240 24.360714 0.000000 0.000000 
9.326544 -27.371822 0.603761 -11.345306 20.916458 0.000000 0.000000 
8.451480 -27.720150 -0.658633 -11.525940 20.456970 0.000000 0.000000 
9.910893 -27.398865 -0.408654 -5.546783 19.269939 0.000000 0.000000 
9.609830 -27.726959 1.842207 -4.469734 22.361843 0.000000 0.000000 
6.768002 -29.075684 1.429964 -6.812248 20.317402 0.000000 0.000000 
9.073482 -29.091160 0.147130 -5.371536 21.572227 0.000000 0.000000 
8.651332 -30.517723 1.083221 -3.583580 22.137524 0.000000 0.000000 
8.416871 -30.732841 1.945971 -1.999924 24.067226 0.000000 0.000000 
7.881376 -31.635494 0.701599 -3.187920 21.861855 0.000000 0.000000 
8.123594 -32.113842 -0.512074 -8.876564 20.366322 0.000000 0.000000 
8.146372 -33.775471 3.026755 -1.093765 24.311981 0.000000 0.000000 
8.305658 -34.022594 3.230539 -4.577278 20.058273 0.000000 0.000000 
8.421750 -36.504124 2.520151 -6.610366 18.472000 0.000000 0.000000 
9.031945 -36.820549 2.022103 -1.380486 20.725525 0.000000 0.000000 
6.867239 -43.778465 4.173583 -3.953659 18.365219 0.000000 0.000000 
5.258674 -44.236622 4.197990 -4.007936 19.359432 0.000000 0.000000 
6.992918 -44.766014 -0.844311 10.872208 33.137360 0.000000 0.000000 
7.108385 -45.098297 -0.371669 13.344109 34.250637 0.000000 0.000000 
7.580214 -48.914330 -2.234034 3.444878 24.609699 0.000000 0.000000 
8.028529 -49.113346 -1.878162 4.371735 24.559925 0.000000 0.000000 
21.645426 -3.163130 0.458222 2.968163 32.881588 0.000000 0.000000 
21.758711 -3.396977 1.229241 5.698197 31.951916 0.000000 0.000000 
21.759186 -3.817578 1.208278 -5.751258 21.784649 0.000000 0.000000 
21.850433 3.139521 0.698209 1.301491 24.927761 0.000000 0.000000 
21.933208 3.641084 0.889598 2.637581 30.353981 0.000000 0.000000 
23.418266 -0.776514 0.683202 22.455597 48.065079 0.000000 0.000000 
23.424803 -1.450374 0.367497 15.061676 41.296303 0.000000 0.000000 
23.464958 -1.790271 0.720960 12.151810 38.267750 0.000000 0.000000 
23.589119 -0.809039 0.985830 24.421898 48.750999 0.000000 0.000000 
23.535402 -2.623803 0.635230 11.901619 38.671566 0.000000 0.000000 
23.524355 1.148703 0.861503 13.426033 38.921940 0.000000 0.000000 
23.568787 0.752426 0.821470 14.635376 38.870152 0.000000 0.000000 
23.456549 -3.791046 0.397385 4.997406 30.128557 0.000000 0.000000 
23.449797 -3.859457 0.989710 7.765145 31.414841 0.000000 0.000000 
23.346474 -4.672474 0.837488 13.508652 38.406380 0.000000 0.000000 
23.423206 -4.182787 1.292102 9.639191 35.660980 0.000000 0.000000 
23.437696 2.621374 1.354352 4.990975 28.259861 0.000000 0.000000 
23.502777 -5.024629 1.146381 8.438461 37.722267 0.000000 0.000000 
23.572437 3.170667 0.682203 0.200142 24.675541 0.000000 0.000000 
23.582701 -5.163240 0.832516 4.777680 30.774265 0.000000 0.000000 
23.457766 -6.105723 0.736799 2.444168 28.364384 0.000000 0.000000 
23.401926 -6.406117 0.858357 -2.085182 22.019756 0.000000 0.000000 
23.422636 -7.441001 0.650366 -6.863288 21.716068 0.000000 0.000000 
23.443705 -7.744907 0.698137 -5.945365 21.560856 0.000000 0.000000 
23.547144 -8.693311 0.883581 -4.562683 20.261150 0.000000 0.000000 
-3.562865 27.112360 -1.485496 -2.825294 28.191933 1.000000 0.000000 
-4.472715 27.320341 -0.317760 -3.677483 25.245636 1.000000 0.000000 
-3.710757 27.491049 -1.432477 9.882965 39.771027 1.000000 0.000000 
-3.703129 27.779100 0.306377 10.105904 39.794285 1.000000 0.000000 
-3.726635 27.788088 0.574980 12.268991 38.592125 1.000000 0.000000 
-4.836303 27.982992 -0.439151 1.522873 29.137066 1.000000 0.000000 
-4.725431 28.080025 -0.582881 2.316506 28.525707 1.000000 0.000000 
-3.270981 28.319084 -0.619067 -17.781540 9.258962 1.000000 0.000000 
-4.487153 28.197252 -0.617558 -4.923927 22.754192 1.000000 0.000000 
-4.299917 28.260525 0.085820 -2.796448 25.334570 1.000000 0.000000 
-3.348707 28.533886 0.498321 -4.361862 22.749878 1.000000 0.000000 
-3.348584 28.815199 -1.696932 -11.681282 19.433006 1.000000 0.000000 
-3.889816 28.958845 -0.339521 -6.942230 21.389553 1.000000 0.000000 
-0.040074 29.663931 -0.242377 -17.409065 10.919590 1.000000 0.000000 
-3.527929 29.570087 -2.114182 -2.759911 28.045231 1.000000 0.000000 
0.193805 29.975130 -0.544271 -3.948830 22.141758 1.000000 0.000000 
0.040533 30.456066 -0.053923 17.333267 38.608555 1.000000 0.000000 
0.081928 30.460096 -0.574015 18.372688 38.855042 1.000000 0.000000 
0.190931 30.668060 -0.317306 7.260270 29.902557 1.000000 0.000000 
0.107766 30.676256 -0.544847 21.485046 42.297089 1.000000 0.000000 
0.203831 30.695318 -0.197419 -12.584389 15.808250 0.000000 0.000000 
-0.172463 30.695482 -1.658276 11.317253 34.958721 1.000000 0.000000 
0.498442 30.874161 -0.773531 -11.497314 15.855537 1.000000 0.000000 
-0.462648 31.039951 -0.334996 4.323746 32.140434 1.000000 0.000000 
0.461838 31.505857 -0.809669 -2.890739 26.644136 1.000000 0.000000 
-0.269241 31.541155 -0.276905 7.224625 33.662483 1.000000 0.000000 
-0.311055 31.571024 -0.299264 5.057885 31.602118 1.000000 0.000000 
-0.050220 31.752150 -0.713440 7.101250 33.375771 1.000000 0.000000 
0.382753 31.942368 -0.811590 1.958489 29.818554 1.000000 0.000000 
-0.052562 31.991859 -0.568989 3.131928 32.212673 1.000000 0.000000 
0.010134 32.055389 -0.699003 7.399315 35.180489 1.000000 0.000000 
0.028341 32.080276 -0.671501 5.430062 34.488228 1.000000 0.000000 
0.019762 32.211815 -0.701149 -7.488748 21.621616 1.000000 0.000000 
0.605339 32.292881 -0.527200 -0.984947 26.167624 0.000000 0.000000 
0.221244 32.407585 -0.454257 -10.299927 18.869419 1.000000 0.000000 
0.069826 32.512077 -0.665963 -17.145409 15.992065 1.000000 0.000000 
-0.168069 32.725952 0.464674 -22.718025 8.571804 1.000000 0.000000 
-0.077006 32.848763 -0.710978 -15.946983 18.862762 1.000000 0.000000 
0.037491 32.998444 -0.688146 5.186226 33.702221 0.000000 0.000000 
0.042713 33.090393 -0.491753 -18.697426 14.002889 0.000000 0.000000 
0.240757 33.125481 -0.057532 -26.273849 11.620088 1.000000 0.000000 
0.140983 33.148010 0.744852 -11.778313 19.084549 1.000000 0.000000 
0.545603 33.154556 -3.301883 -22.624832 11.299088 1.000000 0.000000 
0.116726 33.261330 0.765478 -10.210701 20.799561 1.000000 0.000000 
0.170453 33.373642 -0.081956 -19.953018 13.334007 1.000000 0.000000 
0.346309 33.601135 0.343550 -21.417519 11.459293 1.000000 0.000000 
-0.310864 33.743526 -0.058640 -17.566154 12.911999 1.000000 0.000000 
0.016298 33.757355 -0.678919 -14.504189 16.274818 1.000000 0.000000 
-0.193345 33.879227 -0.191039 -16.422340 16.468040 1.000000 0.000000 
-0.223231 34.385738 -0.753256 -18.475067 13.323257 0.000000 0.000000 
-0.138411 34.617607 -0.914216 -20.418663 13.327274 1.000000 0.000000 
0.073714 34.629700 -0.738072 -15.559830 14.963281 1.000000 0.000000 
-0.179339 34.653820 -0.787313 -17.053940 14.930958 1.000000 0.000000 
0.111585 35.323643 -0.815498 -19.133560 11.941360 0.000000 0.000000 
-9.346047 42.175888 0.545135 -12.730240 12.699795 1.000000 0.000000 
-9.658560 42.249611 0.952473 -19.375000 8.792210 1.000000 0.000000 
-9.011935 42.818443 0.596506 -6.340158 17.685204 1.000000 0.000000 
-9.202065 42.870338 1.022723 -3.929353 20.479603 1.000000 0.000000 
-8.859232 43.157310 0.505528 -8.324440 18.039375 1.000000 0.000000 
-9.986838 42.944344 1.021059 -6.710060 19.076332 1.000000 0.000000 
-8.938778 43.403828 1.128572 -11.629663 15.001331 1.000000 0.000000 
-9.151320 43.494583 1.372617 -7.816261 20.098228 1.000000 0.000000 
-9.641914 43.460907 1.235288 -7.729743 19.607960 1.000000 0.000000 
-9.388075 43.614117 1.443822 -4.398950 20.096088 1.000000 0.000000 
-10.666807 43.340050 1.104108 -15.605774 11.741852 1.000000 0.000000 
-9.243652 43.921822 1.623630 -3.169754 21.939697 1.000000 0.000000 
-9.161385 43.940945 1.575616 -4.344208 22.749950 1.000000 0.000000 
-8.882236 44.032310 1.613281 -13.318480 11.522751 1.000000 0.000000 
-9.050699 44.047581 2.216695 -21.423378 10.453548 1.000000 0.000000 
-9.238918 44.031517 2.055751 -17.349792 10.201954 1.000000 0.000000 
-9.322102 44.384045 1.698822 -8.456192 14.612785 1.000000 0.000000 
-9.242352 44.545784 2.035053 8.364578 28.536888 1.000000 0.000000 
-9.059556 44.598778 1.709925 -0.017959 22.356201 1.000000 0.000000 
-9.214145 44.584145 -3.639327 -1.157707 20.371098 1.000000 0.000000 
-9.302918 44.815830 1.471834 -0.205620 22.235664 1.000000 0.000000 
-9.287957 44.837002 1.553857 -9.977325 14.609487 1.000000 0.000000 
-9.335805 44.851109 1.427210 -5.028656 19.912144 1.000000 0.000000 
-9.374226 45.194923 1.699810 -5.179855 23.067455 1.000000 0.000000 
-9.373430 45.297596 2.106261 -2.236366 21.161842 1.000000 0.000000 
-9.415827 45.299049 -2.885667 -7.868814 18.359707 1.000000 0.000000 
-9.441541 45.408642 1.558796 -7.521247 16.846039 1.000000 0.000000 
-9.289006 45.579426 1.842633 -8.363153 18.816963 1.000000 0.000000 
-9.642997 45.593052 1.650991 -8.351418 19.323318 1.000000 0.000000 
-9.316510 45.682182 3.015168 -11.782990 16.744900 1.000000 0.000000 
-10.105567 45.915855 1.821539 -15.970901 13.321060 1.000000 0.000000 
-10.187806 46.027584 1.975724 -17.822273 9.679558 1.000000 0.000000 
-9.462965 49.954819 3.030687 -20.683685 6.954842 1.000000 0.000000 
-8.927962 50.319500 3.749325 -16.236809 8.918449 1.000000 0.000000 
-9.020088 50.331493 3.819808 -14.614182 10.463875 1.000000 0.000000 
-8.850810 50.549709 4.070295 -15.760010 8.992126 1.000000 0.000000 
-8.912140 50.945488 -5.285695 -16.283806 8.531422 1.000000 0.000000 
3.883502 39.111725 -1.179809 -15.507195 14.510185 1.000000 0.000000 
3.696479 39.157452 -1.440763 -22.671783 9.766296 1.000000 0.000000 
3.880233 39.139290 -0.531482 -6.633193 20.802116 1.000000 0.000000 
3.249510 39.268581 -0.764431 -8.993889 18.519989 1.000000 0.000000 
3.134449 39.596710 -0.278171 -13.414618 17.086426 1.000000 0.000000 
3.335645 39.927643 -0.564863 -6.134789 19.247345 1.000000 0.000000 
3.328715 39.954254 -0.808435 -4.059280 22.400219 1.000000 0.000000 
3.343782 39.991501 -0.557545 -9.554436 18.587868 1.000000 0.000000 
3.141591 40.061398 -0.454907 -21.386566 11.517320 1.000000 0.000000 
3.462186 40.262661 -0.616933 -21.547920 6.903564 1.000000 0.000000 
4.027006 40.230114 -0.776251 -19.307190 9.246475 1.000000 0.000000 
3.485335 41.444260 -0.956220 -14.349960 12.320469 1.000000 0.000000 
-13.240202 119.104492 -3.056467 1.585251 17.420242 1.000000 0.000000 
-12.573064 120.013336 -0.959374 -11.388931 5.779362 1.000000 0.000000 
-13.001627 119.964073 -2.217606 14.026718 28.477182 1.000000 0.000000 
-13.282804 120.258125 -1.402291 2.332070 16.556175 1.000000 0.000000 
-13.262748 120.264427 -2.782494 -1.222153 17.092113 1.000000 0.000000 
-13.225438 120.312637 -2.561878 15.807106 29.367359 1.000000 0.000000 
-13.401392 120.299019 -0.724245 2.959046 15.278038 1.000000 0.000000 
-13.072144 120.531158 -2.038262 -2.621948 10.847633 1.000000 0.000000 
-12.172889 120.623810 -0.043153 -11.232590 3.852768 1.000000 0.000000 
-12.119332 120.627815 -1.155261 -13.469086 2.951244 1.000000 0.000000 
-13.032605 120.660652 -2.223495 17.713387 31.512558 1.000000 0.000000 
-13.403824 120.635841 -1.701781 8.990448 22.211700 1.000000 0.000000 
-12.462328 121.127541 -0.883266 -4.058158 13.770799 1.000000 0.000000 
-13.517783 121.480362 -1.538083 -5.644599 8.670696 1.000000 0.000000 
-13.255439 121.554665 -2.235806 -13.940308 1.513466 1.000000 0.000000 
-12.690777 121.624100 -0.974232 -13.703133 3.114258 1.000000 0.000000 
-12.968430 121.613815 -1.733227 -9.203270 6.116962 1.000000 0.000000 
-13.520977 121.579880 -3.615433 -7.664810 6.936718 1.000000 0.000000 
-12.402373 121.716995 -0.558478 -13.255585 2.437790 1.000000 0.000000 
-13.296561 121.676872 -1.757874 -11.653061 3.130955 1.000000 0.000000 
-12.842072 121.718719 -1.675686 -14.560440 2.721332 1.000000 0.000000 
-13.296994 121.719147 -2.478367 -11.291039 3.872902 1.000000 0.000000 
-13.008751 121.850273 -2.280090 4.327507 17.414135 1.000000 0.000000 
-12.463162 121.953194 -1.686537 10.486671 23.812462 1.000000 0.000000 
-12.952435 121.930374 -0.008535 -10.476112 4.958147 1.000000 0.000000 
-12.701143 121.955612 -0.975359 -6.608528 10.328499 1.000000 0.000000 
-12.141005 122.077103 -1.463953 -12.807884 3.385139 1.000000 0.000000 
-12.498413 122.106163 -2.087679 3.310562 18.020908 1.000000 0.000000 
-12.471404 122.450844 -2.119244 -2.192978 12.491089 1.000000 0.000000 
-12.483010 122.505920 -1.268049 7.104355 20.591202 1.000000 0.000000 
-12.670711 122.698700 -2.010845 5.980149 20.248920 1.000000 0.000000 
-12.523916 122.846008 -1.649307 -3.163643 11.062664 1.000000 0.000000 
-12.408820 122.933273 -1.386598 -11.029533 4.033804 1.000000 0.000000 
-12.431912 122.925240 -1.428428 1.790444 17.346657 1.000000 0.000000 
-12.818656 123.146904 -1.626289 -11.542114 4.329571 1.000000 0.000000 
-12.595746 123.229164 -1.744472 1.003464 15.255394 1.000000 0.000000 
-12.756795 123.253792 -1.953959 -0.521225 14.281568 1.000000 0.000000 
-12.583432 123.469444 -1.643195 5.140007 17.958569 1.000000 0.000000 
-12.473756 123.813148 -1.614810 3.564888 17.650383 1.000000 0.000000 
-12.492044 124.089409 -1.271692 -9.533563 5.337534 1.000000 0.000000 
-12.910703 124.224678 -1.743055 13.371292 27.733652 1.000000 0.000000 
-12.861745 124.326599 -0.133873 11.313599 24.312988 1.000000 0.000000 
-12.959720 124.335670 -0.609594 18.708672 31.725792 1.000000 0.000000 
-12.671018 124.566635 -1.403418 8.496452 24.073868 1.000000 0.000000 
-13.082274 124.611786 -2.071484 9.486290 26.285639 1.000000 0.000000 
-12.487030 124.982414 0.569332 10.264061 21.634434 1.000000 0.000000 
-12.844810 125.033562 -0.171566 14.352180 28.578743 1.000000 0.000000 
-14.059009 125.050171 2.645068 3.320633 17.462452 1.000000 0.000000 
-13.531230 125.124474 -0.190577 1.654297 16.149460 1.000000 0.000000 
-12.362550 125.591499 -1.482155 1.418061 15.187801 1.000000 0.000000 
-12.993004 125.586151 -0.898199 15.133163 28.148211 1.000000 0.000000 
-12.919106 125.589417 -1.720408 -2.057312 13.011562 1.000000 0.000000 
-12.341451 125.890846 -1.551835 -6.260361 8.565792 1.000000 0.000000 
-12.675508 126.022820 -1.699178 7.924729 21.608467 1.000000 0.000000 
-12.340446 126.271706 -0.570820 -6.173927 9.634716 1.000000 0.000000 
-11.939053 126.377861 -1.130269 -6.440872 7.773964 1.000000 0.000000 
-12.391639 126.432121 -1.714639 2.587624 18.900913 1.000000 0.000000 
-13.582497 126.343399 -1.902776 -4.115943 10.779545 1.000000 0.000000 
-13.061831 126.526306 -2.313920 0.965966 18.585903 1.000000 0.000000 
-14.434444 126.428665 -2.714411 -1.202942 14.665344 1.000000 0.000000 
-12.582215 126.770340 -1.620126 1.817024 15.550836 1.000000 0.000000 
-13.102134 126.844147 -2.910088 -4.398750 12.517053 1.000000 0.000000 
-12.597435 126.926964 -1.468334 -15.116814 2.954237 1.000000 0.000000 
-12.858440 127.279503 -1.640275 4.249611 17.064911 1.000000 0.000000 
-12.976648 127.277382 -1.179762 -13.522484 1.230854 1.000000 0.000000 
-12.817897 127.312866 -1.618728 17.174667 29.321547 1.000000 0.000000 
-13.028989 127.293091 -0.795983 8.638832 20.512268 1.000000 0.000000 
-13.201855 127.323044 -3.122152 1.145912 14.407539 1.000000 0.000000 
-12.410490 127.575188 -1.232636 -5.486351 10.415539 1.000000 0.000000 
-12.852612 127.589012 -1.830237 9.850227 22.816597 1.000000 0.000000 
-12.812746 127.620071 -1.728021 12.313049 25.239162 1.000000 0.000000 
-13.504112 128.005051 1.810675 -2.147781 10.984661 1.000000 0.000000 
-12.431810 128.140839 -3.250453 -4.552048 12.089973 1.000000 0.000000 
-12.893877 128.103470 0.302718 7.187447 19.593662 1.000000 0.000000 
-12.714828 128.577148 1.233382 4.428383 17.437656 1.000000 0.000000 
-13.068791 128.836578 -1.637468 -3.718292 14.665504 1.000000 0.000000 
-12.770305 128.931824 -1.202582 15.270424 26.898113 1.000000 0.000000 
-12.865934 128.953278 -1.068300 -1.320854 11.671947 1.000000 0.000000 
-11.454672 129.217819 -1.464565 -2.384804 11.754677 1.000000 0.000000 
-12.520156 129.119720 -1.646370 5.923485 20.705452 1.000000 0.000000 
-12.339408 129.160324 -2.066588 3.881264 17.521133 1.000000 0.000000 
-12.249939 129.205826 -0.437455 -9.913200 5.551224 1.000000 0.000000 
-12.651081 129.336792 0.200106 -6.449983 6.972038 1.000000 0.000000 
-13.139888 129.298676 0.234122 -13.053307 7.301117 1.000000 0.000000 
-12.711174 129.453888 -1.646703 17.166428 29.389912 1.000000 0.000000 
-12.499549 129.717606 -0.859806 10.746834 21.301025 1.000000 0.000000 
-12.846743 129.787186 -2.288167 0.375580 13.557560 1.000000 0.000000 
-12.545877 129.884598 -0.924866 2.661087 15.805111 1.000000 0.000000 
-12.734791 130.122437 -1.704315 3.720368 16.171749 1.000000 0.000000 
-12.814806 130.253418 -1.473470 8.227623 18.824783 1.000000 0.000000 
-12.838926 130.300385 -0.736685 4.306908 16.454166 1.000000 0.000000 
-13.080179 130.400253 -3.078893 1.788422 14.027944 1.000000 0.000000 
-13.024657 130.412964 -2.068352 7.552887 18.627228 1.000000 0.000000 
-13.162650 130.701477 -1.997352 6.384377 19.153915 1.000000 0.000000 
-12.491715 131.118958 -1.378957 6.099610 18.081585 1.000000 0.000000 
-12.716527 131.143341 -1.728331 -0.561958 13.452881 1.000000 0.000000 
-12.771280 131.170868 -1.898679 5.775300 19.999767 1.000000 0.000000 
-12.906986 131.169388 -1.505390 11.436478 23.615192 1.000000 0.000000 
-12.684395 131.376678 -2.070510 4.568528 16.600014 1.000000 0.000000 
-12.652395 131.603302 -0.702494 4.860764 18.922428 1.000000 0.000000 
-12.711328 131.770401 -2.254329 2.493286 16.471992 1.000000 0.000000 
-13.431280 131.943237 -3.141949 -2.908302 11.298412 1.000000 0.000000 
-12.722476 132.133087 -3.750840 1.003166 13.765217 1.000000 0.000000 
-12.877774 132.146484 -2.871019 -1.874062 10.112606 1.000000 0.000000 
-12.719365 132.174591 -3.804561 4.432679 15.285439 1.000000 0.000000 
-12.588387 132.293274 -2.052166 -0.208404 13.272396 1.000000 0.000000 
-12.481247 132.362000 -1.809269 2.450119 14.087215 1.000000 0.000000 
-12.634189 132.775269 -1.128411 12.113396 22.720001 1.000000 0.000000 
-12.491083 132.814148 -2.659119 1.809387 15.903028 1.000000 0.000000 
-12.662706 132.820343 -2.597158 0.105576 14.572372 1.000000 0.000000 
-12.876676 133.121033 -0.879048 -9.252519 3.764938 1.000000 0.000000 
-12.698398 133.250854 -1.535359 4.228020 17.987656 1.000000 0.000000 
-12.754999 133.268066 -1.179823 7.843445 20.878532 1.000000 0.000000 
-12.849360 133.526154 -1.716940 16.973007 27.355488 1.000000 0.000000 
-12.819381 133.530518 -1.748535 15.348305 25.399467 1.000000 0.000000 
-12.525225 133.678955 -3.210159 -7.322998 5.712917 1.000000 0.000000 
-12.862031 133.777802 -1.770237 17.839813 29.308434 1.000000 0.000000 
-13.518852 134.298096 -4.912941 -13.314682 3.545229 1.000000 0.000000 
-12.951685 134.480255 -1.206390 2.052048 14.073196 1.000000 0.000000 
-12.690894 134.803406 -3.630778 -12.373283 4.005907 1.000000 0.000000 
-12.824140 134.897980 -5.165541 -2.607589 9.578918 1.000000 0.000000 
-12.714427 135.455048 -3.060254 -16.209702 3.169075 1.000000 0.000000 
5.057114 129.567612 -0.848019 -10.322563 2.651611 1.000000 0.000000 
5.519850 129.619720 4.585573 -1.437080 13.305450 0.000000 0.000000 
5.413300 130.261215 -1.407345 -7.164131 7.273277 1.000000 0.000000 
5.811678 130.306885 -1.244173 -1.435104 11.299809 1.000000 0.000000 
5.664813 130.562622 -0.505593 -11.592583 3.185291 1.000000 0.000000 
5.278780 130.648132 -1.715986 -9.891403 4.057114 1.000000 0.000000 
5.878500 130.687683 -0.876110 -10.721107 3.706672 1.000000 0.000000 
5.140278 130.749329 -1.912898 -13.384529 3.752891 1.000000 0.000000 
5.709011 130.753632 -1.655829 -8.767488 5.539114 1.000000 0.000000 
6.017891 131.218719 -1.304764 -9.872154 4.979465 1.000000 0.000000 
6.988574 131.410400 -2.121147 -9.866028 5.701813 1.000000 0.000000 
5.226035 131.566559 -1.524248 5.168351 17.636673 1.000000 0.000000 
5.361195 131.775177 -1.985026 -1.816307 10.999466 1.000000 0.000000 
6.731328 131.941010 -1.529611 -10.855629 5.071255 1.000000 0.000000 
5.656274 132.006134 -1.631371 -1.150330 11.909410 1.000000 0.000000 
5.404030 132.259796 -1.701435 4.496911 16.155647 1.000000 0.000000 
5.400876 132.492310 -2.513696 1.464562 14.839500 1.000000 0.000000 
6.587342 132.592560 -1.846557 2.227547 12.404798 1.000000 0.000000 
6.771792 132.939240 -1.462763 -9.515450 3.934784 1.000000 0.000000 
5.756214 133.014801 -1.626933 -4.199462 8.126499 1.000000 0.000000 
5.941503 133.030731 -2.377157 -14.094765 2.201706 1.000000 0.000000 
5.919701 133.058990 -2.466441 -14.255119 1.955173 1.000000 0.000000 
7.161237 132.994385 -1.316347 -13.244896 1.646766 1.000000 0.000000 
5.631966 133.076385 -2.166389 -11.483765 2.366546 1.000000 0.000000 
5.692104 133.084717 -2.380900 -13.347168 2.580280 1.000000 0.000000 
6.311581 133.183655 -1.304652 -9.114815 3.381099 1.000000 0.000000 
6.368005 133.184937 -1.528560 -7.211288 4.819092 1.000000 0.000000 
5.806268 133.361328 -2.221745 -4.644974 7.979641 1.000000 0.000000 
5.598791 133.600769 3.108729 -12.289658 3.410064 1.000000 0.000000 
6.004015 133.699310 -1.440884 -1.189430 11.136364 1.000000 0.000000 
6.552007 133.757599 -1.727513 -1.756577 8.559937 1.000000 0.000000 
2.585904 24.364403 0.070636 -17.482048 13.547897 1.000000 1.000000 
2.658979 19.426090 -0.824214 -16.264870 19.916260 1.000000 1.000000 
-0.135267 -21.739376 -0.154031 12.227402 41.409626 1.000000 0.000000 
-0.128363 -21.741848 -0.213109 13.377380 43.817936 1.000000 0.000000 
-0.987175 -22.180294 0.122728 2.899781 31.602509 1.000000 0.000000 
-0.095413 -21.748474 -0.688022 14.840767 45.707207 1.000000 0.000000 
-0.045436 -21.782444 -0.843315 15.044662 45.480484 1.000000 0.000000 
0.014104 -21.809910 -0.621119 16.976112 45.019669 1.000000 0.000000 
0.492422 -21.925137 -0.758246 6.546944 34.183708 1.000000 0.000000 
0.243178 -21.994022 -0.822035 11.906517 43.072495 1.000000 0.000000 
0.242332 -22.238857 5.496197 6.004296 36.248192 1.000000 0.000000 
-6.194303 101.310890 17.502644 -6.048059 10.440601 0.000000 1.000000 
-7.088882 -7.168369 -1.481638 -13.355949 29.399559 0.000000 0.000000 
-11.215066 -0.452816 -1.707180 -19.106407 24.868719 0.000000 1.000000 
-13.343873 -4.491061 -0.547584 -14.759491 26.525211 1.000000 0.000000 
-13.470981 -4.615106 -0.421596 -10.953873 28.781500 1.000000 0.000000 
-13.786202 -4.614453 -0.572966 -20.714767 21.545391 1.000000 0.000000 
-13.583827 -6.039714 0.215209 -15.227303 23.904419 1.000000 0.000000 
-6.787201 -13.931687 -1.621001 -15.233170 22.423389 0.000000 0.000000 
6.127909 -14.051292 -0.537620 -16.010292 22.431591 0.000000 0.000000 
7.082316 -14.308353 -0.224389 -8.732559 26.741455 0.000000 0.000000 
6.684859 -16.056732 -0.562639 -14.655518 23.358974 0.000000 0.000000 
-18.023470 4.888376 -0.545144 -13.355820 21.596298 0.000000 0.000000 
-18.338715 4.551175 -0.319107 -5.799600 27.538795 0.000000 0.000000 
-18.317310 4.938452 -0.076766 -13.869040 20.780827 0.000000 0.000000 
-18.214209 6.066234 1.009149 0.046334 34.243530 0.000000 0.000000 
-18.325914 6.093992 1.458167 9.555969 43.142235 0.000000 0.000000 
-18.557394 6.743690 -0.587753 -4.237648 30.601574 0.000000 0.000000 
-20.357401 -0.467455 -0.923323 -5.942520 27.959082 0.000000 0.000000 
-20.320404 -2.183163 -0.681675 -12.368790 22.192669 0.000000 0.000000 
-20.362589 -0.818774 -0.995443 -7.800949 25.175989 0.000000 0.000000 
-20.260096 -2.881588 0.050204 -13.479843 21.167065 0.000000 0.000000 
-20.363796 -0.846576 -0.422197 -6.149568 27.541563 0.000000 0.000000 
-20.349644 -1.649686 -0.192919 -13.380135 22.364586 0.000000 0.000000 
-20.336227 0.382621 -0.187818 -10.405853 21.112354 0.000000 0.000000 
-17.776327 9.503644 0.520788 -4.574777 21.535801 0.000000 0.000000 
-18.116198 9.080480 0.460845 4.242943 32.085987 0.000000 0.000000 
-19.398989 6.569050 1.242222 -7.606887 22.826653 0.000000 0.000000 
-18.171949 9.563946 0.053244 -0.328636 32.042477 0.000000 0.000000 
-20.574486 -5.330496 1.947112 -6.122673 25.246624 0.000000 0.000000 
-20.990734 -3.633296 1.658628 -7.225845 20.697124 0.000000 0.000000 
-20.988550 -3.671576 1.567189 -6.914054 20.706375 0.000000 0.000000 
-21.164085 -3.251934 1.629894 -6.447959 21.385525 0.000000 0.000000 
-21.293922 -3.874396 3.143130 -5.775199 21.654449 0.000000 0.000000 
-21.076536 -8.361338 2.216600 -2.721123 22.326214 0.000000 0.000000 
-20.127441 -10.633198 1.729441 -3.725792 21.597836 0.000000 0.000000 
-20.365728 -10.232374 2.035494 -6.315164 18.861660 0.000000 0.000000 
-21.347572 -7.794395 2.195842 -3.519043 23.499054 0.000000 0.000000 
-20.919428 -10.140309 2.400931 -3.873947 23.156116 0.000000 0.000000 
-22.890160 -2.295043 2.018717 -12.328911 18.404022 0.000000 0.000000 
-21.584202 -8.660868 2.402170 -7.864868 21.100586 0.000000 0.000000 
-22.287388 -7.138704 2.370828 1.855522 30.567987 0.000000 0.000000 
-22.276690 -7.368665 2.238683 4.602700 30.630552 0.000000 0.000000 
-20.956661 -12.659110 2.507632 -7.696198 18.981865 0.000000 0.000000 
-21.265589 -14.531084 -0.481136 -3.443573 22.546730 0.000000 0.000000 
-26.587194 4.665808 2.306286 -7.122415 19.916641 0.000000 0.000000 
-26.744011 4.187454 3.169236 -4.533882 21.411854 0.000000 0.000000 
-27.562820 2.995667 4.133479 -7.179582 20.170639 0.000000 0.000000 
-27.770147 3.359490 3.177710 -6.653999 21.432755 0.000000 0.000000 
-6.910137 -28.492523 -1.450708 -2.274834 22.888386 0.000000 0.000000 
-24.146574 -21.395218 2.332245 -6.029800 19.038189 0.000000 1.000000 
8.043497 -31.473518 -2.479205 -6.854263 18.459663 0.000000 0.000000 
-21.762281 -25.708881 2.859488 -6.346054 18.703094 0.000000 0.000000 
-20.543142 -27.013878 4.160799 -3.519966 20.683563 0.000000 0.000000 
-22.582434 -27.141197 3.264365 -3.029221 20.252693 0.000000 0.000000 
-29.685638 -19.469452 2.141829 -8.346489 16.360966 0.000000 0.000000 
-35.332161 3.328032 -0.236835 -5.423897 20.796963 0.000000 0.000000 
-37.013000 -0.516659 -0.484765 9.473831 35.030293 0.000000 0.000000 
-37.154343 0.259645 -0.094451 7.431038 29.548967 0.000000 0.000000 
-37.133892 -2.595733 0.180994 -0.546066 23.733929 0.000000 0.000000 
-37.023006 2.769216 -0.159410 2.149636 24.142857 0.000000 0.000000 
-37.158890 -3.099207 -0.614535 2.816063 27.705973 0.000000 0.000000 
-37.141560 -3.412597 -0.710700 2.026428 28.102596 0.000000 0.000000 
-37.103649 2.859205 1.573402 2.042069 25.812502 0.000000 0.000000 
-37.314064 -4.098381 -0.508859 -3.537513 20.251663 0.000000 0.000000 
-37.286121 3.081352 -0.500458 1.908089 22.039619 0.000000 0.000000 
-37.175507 4.664988 0.474067 7.960213 31.872719 0.000000 0.000000 
-37.200516 8.589791 0.407826 -1.393372 19.457127 0.000000 0.000000 
-32.561729 -23.899391 2.408890 -4.505731 18.067616 0.000000 0.000000 
-32.994522 -23.319817 1.914220 -2.605309 18.705471 0.000000 0.000000 
-24.244217 -32.422081 1.637252 -2.606186 18.418159 0.000000 0.000000 
-39.968273 1.789694 0.650753 -3.595680 20.258427 0.000000 0.000000 
7.741816 -43.405788 7.991194 -0.507461 21.870022 0.000000 0.000000 
-23.292948 -39.740124 3.332927 -2.861237 17.989246 0.000000 0.000000 
-23.531696 -39.756672 2.976856 -2.093597 17.850105 0.000000 0.000000 
23.828413 -40.271072 0.845152 14.100060 28.248299 0.000000 0.000000 
24.415266 -39.969349 1.075992 10.042404 24.703245 0.000000 0.000000 
-42.437233 24.350891 3.575583 5.981728 21.743065 0.000000 0.000000 
22.805536 -43.850475 2.269060 10.561386 27.210728 0.000000 0.000000 
23.120869 -43.932106 1.579591 5.257958 20.180336 0.000000 0.000000 
-7.127388 -49.926785 2.015605 -3.245224 17.315159 0.000000 0.000000 
-35.606220 -37.189766 2.235145 -1.909103 17.591232 0.000000 0.000000 
24.684608 -45.769405 3.180911 3.556427 19.500835 0.000000 0.000000 
23.862112 -46.446762 2.437683 6.785592 22.831726 0.000000 0.000000 
-54.409279 7.296788 0.279414 1.214669 19.100006 0.000000 0.000000 
22.971758 -52.718460 1.633469 4.963135 21.458206 0.000000 0.000000 
23.916380 -52.445362 1.875791 4.313561 19.971806 0.000000 0.000000 
23.980457 -52.672150 1.994376 4.376503 20.243786 0.000000 0.000000 
9.435101 -60.718285 1.809456 2.874405 20.355469 0.000000 0.000000 
6.619738 -62.563602 3.290854 -2.483147 15.687099 0.000000 0.000000 
-40.110775 -52.416565 3.097441 0.518837 14.650116 0.000000 0.000000 
23.576551 -64.905045 2.391004 4.333367 16.791599 0.000000 0.000000 
-6.059801 -72.149437 -1.048419 1.516228 15.930759 0.000000 0.000000 
16.026100 -70.663124 2.839266 0.673668 16.236366 0.000000 0.000000 
-6.706719 -72.383049 -3.053528 2.800728 17.655025 0.000000 0.000000 
-28.651344 -70.680862 3.432558 6.432778 18.161011 0.000000 0.000000 
-28.309971 -71.068710 2.878759 5.307244 18.990505 0.000000 0.000000 
-22.980865 -73.944939 2.148451 0.072853 15.108341 0.000000 0.000000 
-7.403271 -78.146858 2.375610 -0.234863 16.067852 0.000000 0.000000 
-6.889085 -78.522278 0.019263 1.296768 18.269318 0.000000 0.000000 
-21.120461 -85.852364 2.391184 8.337181 18.775661 0.000000 0.000000 
-21.616865 -86.063103 1.318097 5.926400 15.718796 0.000000 0.000000 
-21.917997 -85.990829 0.729493 4.981240 15.591999 0.000000 0.000000 
24.041241 -85.193733 1.917856 15.582047 26.721544 0.000000 0.000000 
23.760590 -85.563057 1.882702 16.922775 26.222857 0.000000 0.000000 
23.933455 -86.363205 3.806342 9.246674 18.040714 0.000000 0.000000 
8.299170 -89.636230 0.821360 0.711769 14.997543 0.000000 0.000000 
8.968855 -89.627197 7.909235 6.408761 18.450573 0.000000 0.000000 
9.986584 -91.400993 0.573887 5.860947 16.260475 0.000000 0.000000 
11.593939 -91.380737 2.566118 2.265557 15.314930 0.000000 0.000000 
8.420373 -92.273163 0.450390 4.014168 15.603639 0.000000 0.000000 
10.154417 -92.401115 1.526133 8.089043 16.793137 0.000000 0.000000 
7.773067 -95.398262 0.160561 18.819000 28.333382 0.000000 0.000000 
6.836193 -95.688362 2.509890 6.339150 20.302994 0.000000 0.000000 
7.570105 -95.653793 0.364521 17.948845 26.960508 0.000000 0.000000 
28.861216 -94.250412 3.283771 14.452415 21.562553 0.000000 0.000000 
13.986577 -99.400200 -3.560835 5.045784 12.958364 0.000000 0.000000 
23.813549 -103.305618 2.669062 17.347092 24.423195 0.000000 0.000000 
22.973448 -103.503006 2.774676 16.344193 24.444748 0.000000 0.000000 
23.910526 -103.538719 2.872414 15.945045 21.886032 0.000000 0.000000 
23.531506 -103.628891 3.168026 15.734261 22.342823 0.000000 0.000000 
9.957566 -108.829941 2.457545 6.891915 15.941154 0.000000 0.000000 
54.339306 -94.367012 7.696213 15.555855 18.343464 0.000000 0.000000 
56.174850 -93.455154 4.948679 19.806953 20.176674 0.000000 0.000000 
10.282499 -108.973206 2.245952 8.858513 17.000996 0.000000 0.000000 
58.084511 -93.723038 9.073462 13.710663 14.324449 0.000000 0.000000 
8.536049 -111.319008 -0.805667 5.804291 14.246151 0.000000 0.000000 
-5.674959 -114.863823 4.014056 4.756341 13.589603 0.000000 0.000000 
9.343245 -115.012596 1.417424 9.205093 16.167351 0.000000 0.000000 
9.492402 -115.219391 2.956306 11.642220 17.760303 0.000000 0.000000 
24.438534 -115.248833 3.785142 14.973335 21.087051 0.000000 0.000000 
23.948574 -115.514282 3.587340 15.690910 21.119419 0.000000 0.000000 
8.946896 -117.860199 3.337882 4.836945 11.937332 0.000000 0.000000 
59.947803 -102.481483 6.247956 11.268913 14.136913 0.000000 0.000000 
59.180737 -102.940659 5.585284 21.607475 23.422039 0.000000 0.000000 
57.087265 -104.323639 5.248202 23.660873 24.141117 0.000000 0.000000 
62.883663 -108.554863 8.560049 16.833549 18.328609 0.000000 0.000000 
59.775024 -110.332863 9.121686 19.566292 18.763550 0.000000 0.000000 
56.920574 -118.286331 6.309747 15.131470 16.993557 0.000000 0.000000 
61.136288 -126.728722 4.707481 21.396683 21.549160 0.000000 0.000000 
-5.522644 -149.607483 -1.177312 11.537384 13.954534 0.000000 0.000000 
57.320961 -138.821899 7.772713 30.806145 30.029865 0.000000 0.000000 
6.425570 -0.980244 -0.665703 -2.444572 43.337776 0.000000 0.000000 
6.533269 -0.970404 -0.662636 -2.547123 48.504910 0.000000 0.000000 
6.524718 -1.257315 -0.736831 -21.707348 31.146261 0.000000 0.000000 
6.508705 -0.282025 -0.603592 -23.427055 26.834879 0.000000 0.000000 
6.530615 -0.460530 -0.596821 -24.216743 25.714760 0.000000 0.000000 
6.469062 -1.983628 -0.539942 -27.958035 22.524300 0.000000 0.000000 
6.447133 -2.131258 -0.631669 -23.917019 26.132416 0.000000 0.000000 
6.485413 0.983380 -0.569722 -17.113857 29.581970 0.000000 0.000000 
6.582338 0.808168 -0.537929 -14.513138 27.027866 0.000000 0.000000 
6.512324 -3.370938 -0.675562 -22.890244 23.268414 0.000000 0.000000 
6.558730 1.496936 -0.522517 -23.698025 25.583899 0.000000 0.000000 
7.235056 -0.851205 -0.506948 -19.436089 27.120483 0.000000 0.000000 
7.165460 -2.015600 -0.550543 -26.165871 20.614590 0.000000 0.000000 
6.608767 1.952607 -0.413199 -17.385979 22.760784 0.000000 0.000000 
7.277628 -1.247197 -0.469288 -19.643505 28.122282 0.000000 0.000000 
6.487283 2.305040 -0.476198 -17.954449 20.718918 0.000000 0.000000 
6.709879 1.908942 -0.624598 -20.931770 25.777096 0.000000 0.000000 
7.947670 0.718853 -0.132857 -9.920227 21.594524 0.000000 0.000000 
8.568243 0.370038 -0.053234 -5.597000 26.761066 0.000000 0.000000 
7.509584 -5.182722 -0.237346 -2.607498 23.671272 0.000000 0.000000 
7.448797 -5.520095 -0.066769 -5.037223 21.874359 0.000000 0.000000 
8.656129 1.452924 -0.167747 -9.545799 21.392906 0.000000 0.000000 
7.491265 -5.681418 -0.651894 -12.247650 20.681694 0.000000 0.000000 
7.422465 -5.781179 -0.081939 -12.266754 20.902412 0.000000 0.000000 
7.550202 -5.789719 -0.255846 -11.346947 20.654190 0.000000 0.000000 
7.580330 -6.137112 -0.786686 -7.637695 24.537418 0.000000 0.000000 
9.003671 2.238315 -0.038926 -9.411720 23.946777 0.000000 0.000000 
9.390824 1.492822 0.017336 -10.199837 20.834904 0.000000 0.000000 
7.575097 -6.862543 -0.619325 -9.245796 26.872684 0.000000 0.000000 
7.477922 -7.083017 -0.554351 -3.608551 31.163460 0.000000 0.000000 
7.533336 -7.827732 -0.418731 -16.115471 21.958187 0.000000 0.000000 
7.749883 -7.701028 -1.825824 -13.528427 23.965080 0.000000 0.000000 
7.495406 -7.994047 -0.526884 -8.065750 25.743435 0.000000 0.000000 
9.573601 3.307644 0.309341 -15.708542 24.851435 0.000000 0.000000 
12.396523 -0.818811 -1.195583 -13.270073 28.259491 0.000000 0.000000 
12.543648 -0.855831 -1.207746 -14.803665 25.108356 0.000000 0.000000 
2.283052 -14.855783 -0.813900 -13.032227 25.589037 0.000000 0.000000 
2.262269 -15.139700 -0.933453 -13.519676 23.536900 0.000000 0.000000 
-6.565531 -13.388034 -1.681204 -8.943573 21.830109 0.000000 0.000000 
7.220462 -14.743584 -0.227981 5.424622 39.571213 0.000000 0.000000 
16.262667 -0.331408 0.661549 -2.975716 30.922346 0.000000 0.000000 
16.375673 -0.175449 0.768625 -8.173965 28.681648 0.000000 0.000000 
16.356846 7.074181 1.065956 -9.705910 24.824165 0.000000 0.000000 
16.636782 6.570156 0.160374 -8.545341 23.767372 0.000000 0.000000 
18.727715 -0.931181 -1.790144 -9.685982 24.371017 0.000000 0.000000 
18.744242 -0.862356 -1.751466 -12.896194 22.826042 0.000000 0.000000 
-6.533685 -19.231834 6.398223 -3.278893 26.510571 0.000000 0.000000 
13.768468 -19.008690 3.041710 -5.561347 23.964745 0.000000 1.000000 
-6.991932 -22.131161 -2.222466 -5.233209 23.714821 0.000000 0.000000 
21.418074 9.970983 1.545612 4.668084 29.349167 0.000000 0.000000 
21.859232 9.665657 2.511605 -2.869164 28.052118 0.000000 0.000000 
23.988190 4.728258 1.482976 1.721642 27.965668 0.000000 0.000000 
24.253735 4.490628 1.441407 0.917893 24.621647 0.000000 0.000000 
24.332487 4.886790 1.384010 4.051865 30.137699 0.000000 0.000000 
24.440372 5.157649 1.823167 -0.375580 26.933935 0.000000 0.000000 
24.502449 5.057398 1.482837 2.405411 26.620708 0.000000 0.000000 
24.780628 5.061068 1.697273 0.980576 27.407484 0.000000 0.000000 
25.895441 6.283097 2.283254 -4.956985 20.410664 0.000000 0.000000 
21.853926 -16.395123 2.487243 -6.518219 20.950874 0.000000 0.000000 
26.668411 6.643836 2.162404 0.780388 23.936287 0.000000 0.000000 
26.708139 6.928086 2.327507 -0.047363 25.353014 0.000000 0.000000 
28.072361 -4.649618 0.719489 -0.270294 28.347776 0.000000 0.000000 
28.226654 -4.621882 1.024953 -3.898026 24.548405 0.000000 0.000000 
28.233742 -4.927825 1.457304 -4.680641 20.981060 0.000000 0.000000 
28.230045 -5.152201 0.469225 -7.052078 21.478615 0.000000 0.000000 
27.463308 7.929895 1.842574 -5.738449 19.003235 0.000000 0.000000 
12.204648 -26.790035 7.752461 -3.625801 22.892509 1.000000 1.000000 
27.581612 8.049517 1.592081 -6.338645 18.478336 0.000000 0.000000 
15.836915 -26.243290 1.912892 -5.149063 19.494492 0.000000 0.000000 
21.449366 -22.522793 1.656719 -2.631263 22.216877 0.000000 0.000000 
21.709768 -22.775978 3.145991 -1.036575 22.390869 0.000000 0.000000 
22.646729 -21.992935 4.370476 -5.757095 20.434734 0.000000 0.000000 
29.569895 10.796792 1.709530 -5.897964 19.756470 0.000000 0.000000 
30.190338 11.117860 2.290330 -5.314735 20.369350 0.000000 0.000000 
30.348282 11.059877 1.712748 -2.352539 22.531784 0.000000 0.000000 
30.649736 11.403306 1.709223 -1.995125 21.904743 0.000000 0.000000 
30.996395 11.583333 1.807675 -7.434685 18.445194 0.000000 0.000000 
23.373610 -24.914127 0.964400 -7.551498 18.558887 0.000000 0.000000 
31.512779 11.927204 1.946127 -4.504457 19.066330 0.000000 0.000000 
31.406078 12.467394 1.688817 -1.468895 23.177002 0.000000 0.000000 
31.424213 12.732615 1.673604 -1.435547 21.814022 0.000000 0.000000 
23.316620 -25.751408 1.010007 -3.716309 18.596172 0.000000 0.000000 
23.369825 -26.022358 1.114600 -7.072861 17.480686 0.000000 0.000000 
31.933949 12.823216 1.862815 -6.549942 18.627136 0.000000 0.000000 
-8.016793 -34.194763 -0.678151 -3.497247 20.079113 0.000000 0.000000 
32.450352 12.989018 1.697756 -4.998055 19.547157 0.000000 0.000000 
32.480576 13.383493 1.941165 0.126267 24.161991 0.000000 0.000000 
32.386620 13.776525 1.396334 -4.891632 19.326756 0.000000 0.000000 
32.617645 13.604562 1.435878 -5.307220 20.563290 0.000000 0.000000 
21.941769 -30.027092 3.070081 0.506127 20.830753 0.000000 0.000000 
22.075579 -36.809559 2.275007 -0.376014 19.144306 0.000000 0.000000 
26.627825 -38.277710 5.296690 -1.411964 18.343891 0.000000 0.000000 
27.010208 -38.227692 7.376019 2.534302 20.105972 0.000000 0.000000 
23.146458 -40.690811 1.095185 3.156945 21.421486 0.000000 0.000000 
26.679077 -38.697350 4.348446 1.562294 19.295532 0.000000 0.000000 
23.196808 -40.898426 1.352938 6.832787 25.845600 0.000000 0.000000 
-5.589715 -47.083832 4.920387 -2.521187 18.808163 0.000000 1.000000 
23.136036 -43.614651 1.593534 8.174606 28.117954 0.000000 0.000000 
22.879644 -43.915413 1.411698 6.804856 25.446850 0.000000 0.000000 
6.005931 -49.807487 9.488766 1.170281 19.953651 0.000000 0.000000 
-21.595562 -46.105572 2.573997 1.984116 18.269905 0.000000 0.000000 
22.305960 -48.727818 2.212632 -0.350105 18.004330 0.000000 0.000000 
-7.636244 -53.158165 8.424904 0.346596 18.856968 0.000000 1.000000 
-20.200233 -50.047024 6.005446 1.886704 18.379471 0.000000 0.000000 
-20.362080 -50.241371 6.116463 1.292664 17.657169 0.000000 0.000000 
-20.739611 -50.330467 6.080884 0.573494 16.188950 0.000000 0.000000 
-20.875572 -51.813408 6.654933 1.773186 16.889301 0.000000 0.000000 
56.437733 -1.115959 2.067702 14.420006 31.118193 0.000000 0.000000 
56.402912 1.189909 1.937176 11.020454 28.109558 0.000000 0.000000 
56.441826 -1.479560 1.560751 10.062454 26.235273 0.000000 0.000000 
56.407017 1.244927 3.506338 1.302376 20.337032 0.000000 0.000000 
55.895939 -9.042057 2.612894 1.376305 19.773212 0.000000 0.000000 
56.355438 -4.913663 3.306334 6.412377 23.431629 0.000000 0.000000 
56.405579 -6.025303 5.846347 2.648018 20.108841 0.000000 0.000000 
56.032005 -9.406179 2.461997 -0.453163 19.319050 0.000000 0.000000 
56.669746 -2.296370 6.463293 12.135376 30.295813 0.000000 0.000000 
56.049191 -10.218406 1.412541 2.355843 19.101601 0.000000 0.000000 
56.826336 -2.015258 7.859132 14.502991 31.475128 0.000000 0.000000 
57.061947 -1.639805 13.714670 -0.558754 17.900261 0.000000 0.000000 
56.941326 -12.273434 3.658875 9.177078 26.786579 0.000000 0.000000 
56.947502 -12.253357 2.457669 9.060684 27.512722 0.000000 0.000000 
56.456753 -14.882585 5.984722 4.575989 19.871132 0.000000 0.000000 
56.998741 -13.015370 7.064170 9.290184 26.122963 0.000000 0.000000 
57.278606 -12.176476 6.441503 6.483681 22.520981 0.000000 0.000000 
57.565296 -10.945428 4.825940 -0.004821 17.572708 0.000000 0.000000 
57.403286 -13.201477 2.932099 0.550713 18.892536 0.000000 0.000000 
8.846200 -60.793125 -2.119969 3.408608 20.685280 0.000000 0.000000 
7.561051 -61.175354 -2.316864 2.983704 21.833900 0.000000 0.000000 
8.154261 -61.105186 -2.154432 5.264893 19.919830 0.000000 0.000000 
5.950687 -61.565777 -0.192255 4.306870 19.603226 0.000000 0.000000 
57.391079 -23.136566 5.727424 13.613853 26.851065 0.000000 0.000000 
57.177383 -23.679363 5.548282 12.498024 27.721676 0.000000 0.000000 
57.211548 -23.989811 4.675978 19.115311 32.640224 0.000000 0.000000 
8.238022 -61.498363 -0.806816 -0.160866 18.734760 0.000000 0.000000 
22.895210 -58.861649 1.359365 15.279869 28.966263 0.000000 0.000000 
22.893623 -59.096821 1.539412 13.104622 25.591084 0.000000 0.000000 
56.527988 -30.110497 7.034699 5.781243 20.886169 0.000000 0.000000 
60.258331 19.726578 3.194006 2.715851 15.289070 0.000000 0.000000 
56.563747 -30.271858 6.809185 10.534996 24.703808 0.000000 0.000000 
56.938675 -31.326473 4.980170 13.614319 28.557550 0.000000 0.000000 
57.017883 -31.467915 5.162138 20.219650 33.198441 0.000000 0.000000 
63.965652 -12.899426 11.740037 -0.009773 17.512127 1.000000 1.000000 
-8.251294 -65.405807 1.607863 1.133225 16.692616 0.000000 0.000000 
-6.511386 -66.074577 3.385482 4.074227 17.331280 0.000000 0.000000 
55.940670 -43.553173 1.976472 17.150902 28.610819 0.000000 0.000000 
21.122866 -68.818062 1.336096 4.666474 18.675117 0.000000 0.000000 
-7.209502 -71.906532 7.094806 4.934708 19.306999 0.000000 0.000000 
-7.823488 -71.945671 3.506210 5.091416 17.119572 0.000000 0.000000 
-7.458311 -72.159264 2.232580 12.413841 25.581511 0.000000 0.000000 
-6.617729 -72.671333 -2.443936 7.092774 18.440258 0.000000 0.000000 
56.251987 -47.647198 6.531088 8.066505 19.451702 0.000000 0.000000 
23.276501 -70.683884 0.643493 4.133660 17.694004 0.000000 0.000000 
57.216446 -47.942245 6.268755 10.002686 20.339790 0.000000 0.000000 
23.509153 -70.813217 0.429044 3.176804 15.789249 0.000000 0.000000 
56.450844 -48.858719 6.182104 9.173744 20.585659 0.000000 0.000000 
57.381676 -48.054802 5.152063 14.107735 23.753658 0.000000 0.000000 
-27.728018 -70.781837 2.589409 7.327927 17.871586 0.000000 0.000000 
-28.892313 -70.543625 0.970279 5.048592 14.568096 0.000000 0.000000 
-27.734356 -71.199211 2.825524 6.185273 16.364342 0.000000 0.000000 
-28.701273 -70.878517 4.432645 5.926171 15.912647 0.000000 0.000000 
-7.410037 -78.368225 1.450537 8.761223 19.173138 0.000000 0.000000 
56.030163 -60.121189 5.052762 3.543305 13.869583 0.000000 0.000000 
-7.992502 -84.331474 -1.608261 7.852189 17.366638 0.000000 0.000000 
-7.852958 -84.509804 -1.300003 10.742844 19.478344 0.000000 0.000000 
57.785984 -64.538010 3.744543 12.056610 27.958374 0.000000 0.000000 
54.497555 -67.534149 0.308089 15.907440 23.762604 0.000000 0.000000 
55.885868 -66.419937 3.825925 19.665314 26.839159 0.000000 0.000000 
55.072189 -69.592819 3.359659 3.456185 15.061878 0.000000 0.000000 
-22.170794 -85.989235 1.652096 12.931595 19.394890 0.000000 0.000000 
7.755658 -89.446289 -0.470476 3.131180 14.478008 0.000000 0.000000 
4.802575 -90.049736 -4.459780 8.252129 19.500690 0.000000 0.000000 
56.011292 -70.941048 3.649870 7.406365 16.154816 0.000000 0.000000 
7.226493 -90.033928 3.157781 10.416908 18.654366 0.000000 0.000000 
55.921616 -71.181244 2.677132 11.005180 16.891132 0.000000 0.000000 
56.003448 -73.016037 4.966077 14.754889 22.063198 0.000000 0.000000 
55.938099 -73.218437 5.389317 13.472008 20.600853 0.000000 0.000000 
56.029175 -75.634720 5.594877 15.643227 21.705635 0.000000 0.000000 
7.031068 -95.531975 -0.615668 18.329308 28.450172 0.000000 0.000000 
6.608258 -95.804619 -0.909345 22.014809 31.443951 0.000000 0.000000 
8.857081 -95.648598 -4.989409 5.216622 14.685772 0.000000 0.000000 
7.905270 -96.092888 -3.799568 11.896645 20.267982 0.000000 0.000000 
6.434455 -96.771492 -1.507772 4.585984 14.647747 0.000000 0.000000 
56.393684 -80.568130 6.159780 13.782326 20.068882 0.000000 0.000000 
56.022678 -81.211739 5.907741 10.738457 16.842907 0.000000 0.000000 
55.879711 -82.041451 5.566014 15.568611 21.815754 0.000000 0.000000 
56.165169 -82.131042 5.273609 14.322388 20.886539 0.000000 0.000000 
55.679771 -83.099518 -0.576844 5.766999 18.016830 0.000000 0.000000 
57.717091 -81.938538 4.595938 18.249237 25.023062 0.000000 0.000000 
55.902493 -83.207130 6.022679 20.608261 25.934326 0.000000 0.000000 
55.402744 -83.647469 1.340726 20.464386 28.340996 0.000000 0.000000 
56.340191 -83.182419 7.320240 14.298180 19.953285 0.000000 0.000000 
55.726486 -83.755623 4.195996 16.761215 22.643566 0.000000 0.000000 
57.046108 -83.032936 6.342225 11.862991 18.175121 0.000000 0.000000 
55.777950 -87.414139 5.797396 12.063049 18.632759 0.000000 0.000000 
56.512535 -87.258301 6.880902 11.782181 18.034950 0.000000 0.000000 
6.516080 -104.024147 -1.978415 7.748589 15.569580 0.000000 0.000000 
6.628897 -108.268875 0.116655 6.037713 15.188358 0.000000 0.000000 
54.151730 -94.452629 1.565379 19.162270 27.232725 0.000000 0.000000 
6.822527 -108.528488 0.457993 10.121330 17.461113 0.000000 0.000000 
58.744331 -91.774117 3.374332 19.689507 26.259388 0.000000 0.000000 
52.425087 -95.541840 0.890048 17.919189 25.231142 0.000000 0.000000 
53.465897 -95.072411 -0.819616 5.963845 12.859470 0.000000 0.000000 
8.486820 -108.847450 1.608642 9.659575 16.407227 0.000000 0.000000 
7.883338 -109.264557 5.112667 9.277405 16.538578 0.000000 0.000000 
6.569009 -110.138741 0.438590 0.745026 13.389057 0.000000 0.000000 
55.921776 -99.155365 7.198757 10.805038 14.185291 0.000000 0.000000 
6.156540 -115.198212 -3.273129 3.834297 12.057363 0.000000 0.000000 
7.769849 -115.109550 -0.635166 5.396966 12.040638 0.000000 0.000000 
6.944439 -115.495804 -0.562099 8.591576 15.424767 0.000000 0.000000 
7.152483 -116.435219 2.486931 12.953224 20.377724 0.000000 0.000000 
55.687157 -102.713097 4.172626 9.408310 14.168324 0.000000 0.000000 
7.745623 -116.547005 1.756825 5.738015 13.178776 0.000000 0.000000 
6.659688 -116.737198 1.274093 12.013817 20.167175 0.000000 0.000000 
55.237999 -103.272522 6.042024 12.489258 15.940731 0.000000 0.000000 
7.192671 -117.626282 -0.240722 16.414330 23.208824 0.000000 0.000000 
6.855294 -117.864090 0.956157 14.842941 21.585712 0.000000 0.000000 
7.122051 -117.954506 -0.645594 17.101631 22.933170 0.000000 0.000000 
6.986161 -118.068306 1.915480 16.521568 22.228489 0.000000 0.000000 
6.229127 -118.389854 1.578914 18.193039 23.261604 0.000000 0.000000 
56.083309 -104.656410 -0.053583 14.821854 19.303848 0.000000 0.000000 
56.567757 -104.527145 1.357313 15.432358 20.327324 0.000000 0.000000 
7.148294 -119.023415 -2.232326 5.262673 10.966385 0.000000 0.000000 
7.412927 -119.229530 0.485909 5.034630 13.385616 0.000000 0.000000 
7.341116 -119.469131 1.571632 11.094063 17.023300 0.000000 0.000000 
7.018011 -119.616096 1.195494 11.924706 17.996704 0.000000 0.000000 
55.393639 -106.561226 6.277388 14.292068 19.460445 0.000000 0.000000 
55.883785 -106.615555 6.698990 13.294304 17.773067 0.000000 0.000000 
7.267000 -120.259087 1.739961 6.601830 14.281769 0.000000 0.000000 
6.815485 -120.464500 1.537114 11.012428 17.171722 0.000000 0.000000 
7.341384 -120.535507 2.597483 10.403091 14.766294 0.000000 0.000000 
7.252010 -120.813217 0.751984 10.852562 16.984497 0.000000 0.000000 
7.139101 -123.245018 -0.386489 9.679733 14.272781 0.000000 0.000000 
6.725362 -124.129616 -1.231806 12.910194 18.513973 0.000000 0.000000 
58.753471 -110.735985 1.904036 14.832039 19.733383 0.000000 0.000000 
57.826599 -111.447800 4.121831 16.145172 19.707878 0.000000 0.000000 
6.890138 -125.423912 0.313282 11.220764 16.659172 0.000000 0.000000 
7.025888 -125.737373 -0.580173 11.721779 17.645382 0.000000 0.000000 
6.607934 -126.991646 -0.623807 18.528732 23.884552 0.000000 0.000000 
6.690868 -128.210648 -1.465217 19.878113 25.164604 0.000000 0.000000 
8.318524 -128.681320 -2.300236 9.978806 14.705482 0.000000 0.000000 
5.689581 -129.503067 -2.514020 10.142845 15.308132 0.000000 0.000000 
6.427499 -135.631012 -0.667256 23.085449 26.526493 0.000000 0.000000 
5.599357 -138.952652 -0.171653 13.182266 17.246586 0.000000 0.000000 
55.011238 -139.855652 5.218905 17.293327 17.777397 0.000000 0.000000 
57.396996 -138.903305 6.598089 17.648308 17.204266 0.000000 0.000000 
6.864337 -152.957764 3.214763 14.649063 17.090847 0.000000 0.000000 
6.421662 -153.265579 -1.841280 16.245857 18.256126 0.000000 0.000000 
-21.850710 -195.141586 -13.131106 18.455521 14.665821 0.000000 0.000000 
186.532166 81.640366 25.569338 21.052246 15.491913 0.000000 0.000000 
189.923218 83.058441 22.870668 18.125885 12.395059 0.000000 0.000000 
1.703266 8.415358 -0.348815 -30.203606 33.940163 0.000000 0.000000 
1.751834 8.772310 -0.340037 -29.001488 32.717300 0.000000 0.000000 
2.091450 8.876574 0.210119 -11.382332 44.195518 0.000000 0.000000 
2.051541 9.088732 0.344172 -14.898132 40.901337 0.000000 0.000000 
1.840038 9.368631 -1.286515 -41.215569 15.493034 0.000000 0.000000 
2.102505 9.550847 -0.079166 -18.745945 35.938568 0.000000 0.000000 
2.176869 9.661116 0.031017 -19.708420 32.858345 0.000000 0.000000 
2.219305 10.135930 0.723822 -19.634071 29.933569 0.000000 0.000000 
2.180225 10.450733 -0.124897 -13.872955 34.331455 0.000000 0.000000 
2.148757 10.583632 -0.174894 -11.458038 35.853439 0.000000 0.000000 
2.047670 10.692594 -0.040198 -40.579849 7.412540 1.000000 1.000000 
2.069479 10.728092 -0.071463 -37.118248 10.966702 0.000000 0.000000 
2.192109 10.913253 -0.149636 -9.938629 35.060993 0.000000 0.000000 
2.253524 11.306576 -0.048702 -6.134567 35.535435 0.000000 0.000000 
2.298698 11.772264 -0.061950 -1.377792 41.935158 0.000000 0.000000 
2.341584 11.781727 -0.029821 -6.474754 33.301231 0.000000 0.000000 
2.395437 12.192593 -0.119708 -7.378944 35.794167 0.000000 0.000000 
2.508869 12.608747 -0.089588 -31.280548 9.766594 1.000000 1.000000 
2.730352 12.555429 -0.136344 -28.405617 9.488964 1.000000 1.000000 
2.326201 12.694298 -0.139492 -12.844925 29.315109 0.000000 0.000000 
2.422707 12.818892 0.003350 -6.745064 30.653164 0.000000 0.000000 
2.415841 13.092402 0.014165 -3.873795 34.623104 0.000000 0.000000 
2.425806 13.221137 0.312234 -8.103973 28.942034 0.000000 0.000000 
2.346599 13.433438 -0.330450 -32.869667 7.954189 0.000000 0.000000 
2.486986 13.625956 -0.347888 -4.114305 30.260199 0.000000 0.000000 
2.543044 13.611615 0.062855 -28.816719 9.799164 0.000000 0.000000 
2.425492 13.987327 -0.517116 -10.477524 30.893507 0.000000 0.000000 
8.392007 10.067971 0.185821 -11.678635 9.335911 0.000000 0.000000 
2.498422 14.384349 -0.981110 -13.657806 24.000412 0.000000 0.000000 
7.467157 11.701393 -0.027989 18.379623 39.009987 0.000000 0.000000 
2.508065 14.395669 0.743958 -9.925476 29.347469 0.000000 0.000000 
7.445824 11.853067 -0.027331 11.406731 35.451527 0.000000 0.000000 
8.636221 11.242641 0.238271 -16.559464 10.620586 0.000000 0.000000 
2.431612 15.067163 0.461162 -3.205772 33.725296 0.000000 0.000000 
2.463581 15.257643 0.269942 -3.129005 33.902416 0.000000 0.000000 
2.483091 15.336071 0.015106 -13.241112 25.097635 0.000000 0.000000 
2.493258 15.710065 -0.163777 -8.264666 31.580828 0.000000 0.000000 
2.399208 15.759912 0.028685 -1.336311 36.284492 0.000000 0.000000 
8.816955 12.309223 -0.920508 -8.633362 15.061474 0.000000 0.000000 
-6.836857 14.088251 -1.173524 -16.737869 17.641811 0.000000 0.000000 
2.454519 15.990808 -0.066933 1.071900 37.861305 0.000000 0.000000 
8.799024 12.574777 0.259977 -3.525078 18.872116 0.000000 0.000000 
2.452101 16.165386 -0.051291 -8.567253 34.240952 0.000000 0.000000 
8.193326 13.378299 0.534626 -12.776024 14.176739 0.000000 0.000000 
8.740605 12.900909 0.290850 -8.368759 17.767017 0.000000 0.000000 
2.344129 16.307396 -0.217136 -22.283775 20.032883 0.000000 0.000000 
2.725256 16.373486 0.810298 -32.139481 8.322659 1.000000 1.000000 
2.600341 16.562431 0.165246 -33.163177 5.952469 1.000000 1.000000 
2.482559 16.599648 -0.092323 -4.511658 32.412380 0.000000 0.000000 
9.205758 13.052493 -0.000482 -10.640930 11.474308 0.000000 0.000000 
2.540999 16.725046 -0.234892 -6.578491 31.865320 0.000000 0.000000 
2.392128 16.849846 0.079746 0.740738 37.173042 0.000000 0.000000 
2.650858 16.819534 0.066071 -26.660164 10.932823 1.000000 1.000000 
7.361055 14.991644 -0.168506 -5.374359 26.221539 0.000000 0.000000 
2.436177 17.035236 -0.274228 -13.291603 28.545588 0.000000 0.000000 
2.414614 17.077389 -0.065170 1.547562 38.126816 0.000000 0.000000 
7.341039 15.215520 -0.065764 -2.931823 28.320515 0.000000 0.000000 
7.296175 15.252073 -0.078220 -6.450881 28.822998 0.000000 0.000000 
2.718285 17.267864 0.044242 -28.678604 9.482075 1.000000 1.000000 
2.694534 17.347435 0.137180 -31.873810 7.198830 1.000000 1.000000 
2.432157 17.546402 -0.075964 0.482331 40.587612 0.000000 0.000000 
9.058573 14.426564 -1.234506 -17.313126 13.764210 0.000000 0.000000 
2.474744 17.556204 -0.127579 6.452073 42.639832 0.000000 0.000000 
9.052650 14.425799 -0.971961 -6.233482 19.064602 0.000000 0.000000 
2.326961 17.667133 -0.210098 -9.443849 29.990276 0.000000 0.000000 
2.217575 17.872692 0.034231 -7.177606 23.336063 0.000000 0.000000 
7.067135 16.371773 0.306075 -5.751579 26.698612 0.000000 0.000000 
7.062662 16.381252 0.279993 -8.195045 20.926483 0.000000 0.000000 
7.104741 16.524323 0.216739 -2.263008 30.216150 0.000000 0.000000 
7.088850 16.542593 0.148541 -3.672386 28.685228 0.000000 0.000000 
2.549026 18.251177 -0.126921 -3.636337 34.552475 0.000000 0.000000 
2.452190 18.348886 -0.164254 -0.680618 30.894028 0.000000 0.000000 
2.443438 18.359457 -0.176616 0.235817 36.429974 0.000000 0.000000 
8.797519 15.689669 0.224863 -9.234985 19.133007 0.000000 0.000000 
2.404645 18.528435 -0.156325 -26.507500 14.483438 1.000000 1.000000 
2.639166 18.676701 -0.103355 -29.135925 10.069820 1.000000 1.000000 
2.456297 18.844112 -0.183447 -0.586029 34.254700 0.000000 0.000000 
2.525482 18.854660 -0.181108 -28.665611 7.541746 1.000000 1.000000 
2.253263 19.021988 -0.028992 -12.739388 19.781075 0.000000 0.000000 
2.309586 19.107119 -1.355759 -4.573242 29.896976 0.000000 0.000000 
8.889069 16.501057 0.306610 -10.209213 11.343071 0.000000 0.000000 
9.020666 16.431961 0.316317 -8.905258 17.785931 0.000000 0.000000 
2.325747 19.266275 0.153991 -3.382820 25.908066 0.000000 0.000000 
2.376614 19.262775 0.187890 6.638176 38.929638 0.000000 0.000000 
2.529135 19.251320 -0.192754 -25.821770 6.900837 1.000000 1.000000 
2.501122 19.434441 -0.002948 -20.876541 13.451801 0.000000 0.000000 
2.613455 19.466480 -0.145623 -27.992325 8.445595 1.000000 1.000000 
2.586258 19.560593 -0.188796 -7.098808 25.943729 0.000000 0.000000 
2.384154 19.697746 0.170945 3.222771 34.248482 0.000000 0.000000 
9.028134 17.192795 0.178155 -12.383911 10.580631 0.000000 0.000000 
2.474861 19.872801 -0.273006 2.719048 34.071938 0.000000 0.000000 
2.563186 19.911974 -0.077880 -19.267807 12.268047 1.000000 1.000000 
2.413754 20.102613 0.203679 2.358826 35.355480 0.000000 0.000000 
2.387784 20.228392 -0.031205 -2.923347 31.713043 0.000000 0.000000 
2.427717 20.234079 -0.434628 -23.738312 12.283428 1.000000 1.000000 
2.482675 20.409868 -0.343408 0.660271 34.868023 0.000000 0.000000 
2.733314 20.415230 -0.223702 -28.477249 6.016212 1.000000 1.000000 
2.434997 20.558336 -0.104198 -1.260918 32.183651 0.000000 0.000000 
2.252651 20.732838 -0.251093 -0.760482 33.675125 0.000000 0.000000 
2.209106 20.780355 -0.164714 -28.037308 8.034985 1.000000 1.000000 
2.728117 20.852858 -0.404844 -29.835342 9.212627 1.000000 1.000000 
2.215798 20.918159 -0.120551 -30.633759 6.556725 1.000000 1.000000 
2.428468 21.009081 -0.192260 2.883316 36.429131 0.000000 0.000000 
2.719426 21.284969 -0.457101 -9.982224 24.444630 0.000000 0.000000 
2.374427 21.444252 0.357952 1.165436 36.739651 0.000000 0.000000 
2.416239 21.445751 0.205938 1.299378 34.079967 0.000000 0.000000 
2.664309 21.631092 -0.338584 -31.312767 7.202360 1.000000 1.000000 
2.378324 21.675522 -0.132253 5.335587 37.463478 0.000000 0.000000 
2.387419 21.698223 -0.259916 -9.076912 26.775038 0.000000 0.000000 
2.361431 21.974049 -0.122900 2.749260 36.888233 0.000000 0.000000 
2.479401 22.165150 -0.166741 -9.197762 25.065533 0.000000 0.000000 
2.579541 22.231501 0.013440 8.789330 37.125248 0.000000 0.000000 
2.422958 22.305189 -0.144060 8.193985 38.243195 0.000000 0.000000 
2.342447 22.469852 0.037502 -21.777702 11.026348 0.000000 0.000000 
2.419352 22.745390 0.182912 9.548370 39.807327 0.000000 0.000000 
-6.736582 21.759497 0.601716 -8.348763 18.969448 0.000000 0.000000 
2.429821 22.849859 -0.338370 -23.622566 11.805538 1.000000 1.000000 
2.277371 22.945145 -0.465860 -22.857903 13.683285 0.000000 0.000000 
2.811250 22.896236 -0.342445 -23.325729 7.589420 1.000000 1.000000 
3.087796 22.880537 -0.471987 -10.638138 23.902519 0.000000 0.000000 
2.374329 23.188232 0.071677 -0.812416 31.427006 0.000000 0.000000 
2.453470 23.222786 0.050924 -8.833549 25.700590 0.000000 0.000000 
2.475143 23.370230 0.289233 -8.781456 22.930492 0.000000 0.000000 
11.123072 20.105211 -0.247790 -10.905006 15.110313 0.000000 1.000000 
3.160345 23.306059 -0.383387 -27.382271 9.414997 1.000000 1.000000 
2.442339 23.468340 0.077101 -11.584679 20.423885 0.000000 0.000000 
2.431641 23.607796 0.027171 0.703057 32.065689 0.000000 0.000000 
2.747939 23.632723 -0.528396 -15.964241 17.895729 0.000000 0.000000 
2.451653 23.808432 -0.171654 12.127434 38.396370 0.000000 0.000000 
2.584553 24.019289 0.173833 -25.094887 6.549366 1.000000 1.000000 
2.430908 24.078182 -0.139415 9.793327 40.948715 0.000000 0.000000 
2.343539 24.205206 0.037777 -3.349174 26.842871 0.000000 0.000000 
2.579125 24.333027 0.581578 -26.241684 6.373871 1.000000 1.000000 
2.529431 24.370224 -0.313978 -5.642662 24.690750 0.000000 0.000000 
2.565470 24.472048 0.025445 -24.255424 7.524155 1.000000 1.000000 
2.620123 24.473938 0.017957 -23.241219 6.366718 1.000000 1.000000 
2.411932 24.493515 -0.079945 8.935600 38.815273 0.000000 0.000000 
2.447382 24.576405 0.032843 8.261887 34.695377 0.000000 0.000000 
2.339674 24.586477 -0.233934 -18.883583 8.814342 1.000000 1.000000 
2.519680 24.806686 -0.220400 3.009430 32.457279 0.000000 0.000000 
2.559114 24.860561 -0.388423 -23.500229 8.696198 1.000000 1.000000 
2.406620 24.912052 -0.061439 7.306305 36.295258 0.000000 0.000000 
2.356997 24.965927 0.110775 -0.726097 28.870127 0.000000 0.000000 
2.569878 25.132563 -0.101179 -16.567101 13.179151 1.000000 1.000000 
2.416766 25.326992 -0.031162 5.602097 35.595768 0.000000 0.000000 
2.404998 25.358009 -0.196621 -1.371712 29.277740 0.000000 0.000000 
2.409814 25.368547 -0.170747 1.557450 33.906311 0.000000 0.000000 
2.398907 25.366692 -0.020595 -23.990807 8.133518 1.000000 1.000000 
2.655331 25.525162 -0.218494 -24.619514 8.414314 0.000000 0.000000 
2.459206 25.588749 0.017253 -17.774796 11.984318 0.000000 0.000000 
2.453251 25.668308 -0.654269 -3.979866 30.716112 0.000000 0.000000 
2.606980 25.661425 0.163680 -24.284576 9.169353 1.000000 1.000000 
2.464789 25.683249 0.345666 -6.231300 23.562702 0.000000 0.000000 
2.451475 25.774975 -0.245498 -2.902084 30.776960 0.000000 0.000000 
2.391019 25.814243 -0.106230 -1.672791 28.873446 0.000000 0.000000 
2.348928 25.913994 -0.511839 -23.894020 11.076921 1.000000 1.000000 
2.291131 26.022394 -0.083730 -24.500603 12.419285 0.000000 0.000000 
2.677187 26.096687 0.373495 -26.802612 7.958086 1.000000 1.000000 
2.471621 26.112448 0.074970 -21.320923 10.598598 0.000000 0.000000 
2.470703 26.222580 0.244351 -11.209778 21.661072 0.000000 0.000000 
2.388814 26.264240 -0.320663 -11.518303 24.865543 0.000000 0.000000 
2.423204 26.322899 -0.371429 6.232110 32.051857 0.000000 0.000000 
2.442306 26.321472 -0.297125 8.007721 36.554031 0.000000 0.000000 
2.470442 26.449587 0.084578 -25.593338 7.755804 1.000000 1.000000 
2.445755 26.479874 -0.257417 -4.095711 27.765511 0.000000 0.000000 
2.450082 26.490229 -0.349331 -5.672424 27.199762 0.000000 0.000000 
2.412211 26.518274 -0.158026 -27.387657 7.391491 0.000000 0.000000 
2.499805 26.549141 0.043381 -9.705316 22.443977 0.000000 0.000000 
2.476271 26.658772 -0.364345 6.770669 39.719376 0.000000 0.000000 
2.406193 26.709764 -0.198803 1.249291 34.718697 0.000000 0.000000 
2.595880 26.706196 -0.030297 -29.221420 4.430325 1.000000 1.000000 
2.544559 26.752047 0.074131 -24.043396 7.256989 1.000000 1.000000 
2.380289 26.793573 0.187016 -27.135559 6.999908 1.000000 1.000000 
2.482165 26.818310 0.418202 -18.569862 8.857788 0.000000 0.000000 
2.482667 26.969744 -0.423638 12.166077 37.021564 0.000000 0.000000 
2.529627 27.108566 -0.369023 6.786194 37.471241 0.000000 0.000000 
2.521812 27.199432 -0.116142 -21.745003 4.137302 0.000000 0.000000 
2.521346 27.211422 -0.271629 6.427834 36.919151 0.000000 0.000000 
2.552194 27.347132 -0.214457 -22.224503 5.289799 1.000000 1.000000 
2.489334 27.419340 0.027808 -1.650482 27.728245 0.000000 0.000000 
2.445017 27.522526 -0.439025 8.399986 34.071644 0.000000 0.000000 
2.501525 27.525234 0.529526 1.364586 25.640072 0.000000 0.000000 
2.558628 27.676472 0.050876 -20.166687 6.521420 1.000000 1.000000 
2.453516 27.701279 -0.298568 5.708176 31.109789 0.000000 0.000000 
2.281543 27.801825 0.332816 -8.415627 19.858265 0.000000 0.000000 
2.523232 27.852554 -0.130215 -14.925537 10.046352 1.000000 1.000000 
2.416840 28.074087 -0.569184 3.205231 31.113770 0.000000 0.000000 
2.562956 28.061474 -0.288669 -20.756363 8.823338 0.000000 0.000000 
2.612597 28.244215 -0.524705 8.170181 30.709984 0.000000 0.000000 
2.421042 28.294558 0.538711 -7.022552 19.139694 0.000000 0.000000 
2.415382 28.358887 -0.438254 12.838470 35.532867 0.000000 0.000000 
2.429339 28.630596 -0.449577 -4.714035 22.914230 0.000000 0.000000 
2.394113 28.667885 -0.212843 -0.280761 27.549583 0.000000 0.000000 
2.502552 28.762457 -0.292863 -6.452301 26.682703 0.000000 0.000000 
2.427759 28.785892 -0.549192 10.091431 36.444557 0.000000 0.000000 
2.346605 28.859678 -1.693548 1.836022 28.301371 0.000000 0.000000 
2.553097 29.016977 -0.139229 -2.049995 22.420368 0.000000 0.000000 
2.381603 29.067211 0.019770 -16.604355 11.332414 0.000000 0.000000 
2.376443 29.106350 -0.602269 -8.858276 19.837112 0.000000 0.000000 
2.378565 29.159229 -0.796848 -2.261795 24.694159 0.000000 0.000000 
2.407993 29.242224 0.182300 2.365906 30.107750 0.000000 0.000000 
2.336753 29.295721 -1.951325 -1.110039 27.459402 0.000000 0.000000 
2.307272 29.488125 -0.307099 -25.838997 7.088406 1.000000 1.000000 
2.417027 29.481668 -0.259622 -18.073082 13.840942 0.000000 0.000000 
2.643427 29.528675 -0.641748 -18.328384 15.332729 0.000000 0.000000 
2.399332 29.684946 -0.619530 3.501473 30.258610 0.000000 0.000000 
2.502556 29.941570 0.317611 -10.928825 18.740551 0.000000 0.000000 
2.417212 30.039524 -0.409962 5.379761 27.746147 0.000000 0.000000 
2.429270 30.140194 -0.249579 3.910599 28.092148 0.000000 0.000000 
2.446474 30.144766 -0.442567 6.809639 30.585625 0.000000 0.000000 
2.486181 30.417675 -0.316348 -11.246086 14.245598 0.000000 0.000000 
2.458662 30.455393 -0.200239 -8.095445 16.661945 0.000000 0.000000 
2.398049 30.527470 -0.128284 2.791420 24.561520 0.000000 0.000000 
2.416356 30.571020 -0.337045 10.727737 32.073936 0.000000 0.000000 
2.342765 30.582476 -2.343050 -3.944229 19.268948 0.000000 0.000000 
2.429110 30.755381 -0.535154 1.069130 22.702110 0.000000 0.000000 
2.341514 30.892521 0.512257 -7.390594 18.044392 0.000000 0.000000 
2.359389 30.960604 -0.462360 0.056656 23.710018 0.000000 0.000000 
2.199926 31.337545 0.304045 -10.894272 15.732553 0.000000 0.000000 
2.503960 31.352636 -0.321813 3.261605 22.842442 0.000000 0.000000 
2.223853 31.439203 0.432008 -7.476959 19.263000 0.000000 0.000000 
2.348391 31.493759 0.156642 1.616425 25.652267 0.000000 0.000000 
2.195831 31.514565 -0.064532 -0.555885 25.105011 0.000000 0.000000 
2.228699 31.780516 -1.398587 -9.608772 18.885246 0.000000 0.000000 
-6.934247 31.106382 -0.288986 -11.833641 15.642330 0.000000 0.000000 
-6.432547 31.356739 0.486518 -15.964211 15.224361 0.000000 0.000000 
2.316811 32.209484 0.066115 -2.846001 22.856094 0.000000 0.000000 
2.473968 32.258034 -0.515156 -6.787308 22.989410 0.000000 0.000000 
2.232326 32.416309 -0.766565 -8.119339 21.909950 0.000000 0.000000 
2.290989 32.425751 -0.721478 -8.478050 22.226254 0.000000 0.000000 
2.390560 32.464867 -0.139122 -18.586113 17.505615 0.000000 0.000000 
-5.861188 32.097763 0.365207 -15.617271 15.760906 0.000000 0.000000 
2.521900 33.087914 -0.310408 -0.682457 28.910997 0.000000 0.000000 
2.352658 33.163834 -0.425971 -19.291389 16.544098 0.000000 0.000000 
-7.063248 32.471344 1.568874 1.623665 32.014935 0.000000 0.000000 
2.424470 33.237480 -0.472011 -8.909266 24.352547 0.000000 0.000000 
-7.621044 32.445412 4.651576 -13.618599 15.644928 0.000000 0.000000 
2.619752 33.511307 -0.764970 -3.319450 28.999140 0.000000 0.000000 
2.362471 33.631096 -0.686602 -6.215402 24.620804 0.000000 0.000000 
2.408983 33.674828 0.210711 -4.098244 23.656628 0.000000 0.000000 
2.472956 33.930374 -0.411590 -3.112831 28.625538 0.000000 0.000000 
2.372690 33.984322 -0.791119 -10.621109 21.363277 0.000000 0.000000 
2.323784 34.043381 -0.441704 -6.781793 23.262180 0.000000 0.000000 
2.361198 34.056877 -0.311860 -6.424026 23.162689 0.000000 0.000000 
2.344139 34.301079 -0.306923 -10.163681 19.107098 0.000000 0.000000 
4.390425 34.196461 -1.464377 -25.226837 9.673939 1.000000 1.000000 
2.437237 34.473824 -0.352008 -4.113983 25.952957 0.000000 0.000000 
2.500196 34.628510 -0.261289 -4.998352 26.437260 0.000000 0.000000 
2.392235 34.757042 -0.250060 -9.925035 20.567898 0.000000 0.000000 
2.462525 34.799480 -0.459361 -13.024597 16.106873 0.000000 0.000000 
2.379503 34.850540 -0.349895 -10.730888 20.667866 0.000000 0.000000 
2.489376 34.910805 -0.208147 -6.866577 26.020555 0.000000 0.000000 
2.639249 34.899986 -0.449507 -9.344757 23.557823 0.000000 0.000000 
9.718914 33.480782 -0.836694 -8.453941 21.679752 0.000000 0.000000 
-19.191156 28.919083 3.659076 -4.590569 11.999722 0.000000 1.000000 
2.491719 35.356796 -0.431643 -1.052711 31.414196 0.000000 0.000000 
2.450939 35.387932 -0.644505 2.004814 33.503521 0.000000 0.000000 
2.465186 35.456467 -0.749363 -6.342987 25.466549 0.000000 0.000000 
-19.354046 29.070225 3.679010 -8.276460 11.040714 0.000000 0.000000 
2.416014 35.582123 -0.315290 -25.735710 6.866911 1.000000 1.000000 
2.451384 35.667126 -0.274409 -11.239098 18.206196 0.000000 0.000000 
2.633205 35.660385 0.032024 -11.175919 21.293133 0.000000 0.000000 
-19.166630 29.400366 3.558954 -13.459030 9.268795 0.000000 0.000000 
5.085467 35.448608 -0.453856 -25.593758 9.858841 1.000000 1.000000 
2.640446 35.758392 -0.567999 -14.102081 21.944702 0.000000 0.000000 
-18.981848 29.688856 3.929002 -9.148895 10.980537 0.000000 0.000000 
2.520023 36.094963 -0.531750 -8.320793 25.591412 0.000000 0.000000 
2.394933 36.162849 -0.357875 -6.188919 22.981506 0.000000 0.000000 
2.491816 36.196686 -0.399104 0.625328 29.310835 0.000000 0.000000 
-7.117621 35.507614 0.841316 -5.800308 24.928593 0.000000 0.000000 
2.509729 36.583424 -0.495769 -5.767189 24.249920 0.000000 0.000000 
2.476449 36.635212 0.373223 -0.833641 28.101944 0.000000 0.000000 
2.593745 36.737312 -0.495036 -11.583572 20.398788 0.000000 0.000000 
-7.233817 36.032200 4.339017 -14.066238 17.635571 0.000000 0.000000 
2.844136 36.727463 -0.578461 -14.409584 21.478786 0.000000 0.000000 
2.596011 36.758327 0.003756 -10.786575 17.543690 0.000000 0.000000 
2.547898 36.818264 -0.353633 -4.188201 23.614368 0.000000 0.000000 
12.370166 34.677734 -0.909958 4.408730 29.991886 0.000000 0.000000 
2.475343 36.995857 -0.137854 -1.304459 23.852192 0.000000 0.000000 
2.406542 37.020279 1.804084 -7.256629 24.178783 0.000000 0.000000 
2.481256 37.069969 -0.352760 -1.851234 27.344105 0.000000 0.000000 
2.498886 37.138733 0.980106 -8.922142 19.981754 0.000000 0.000000 
13.877858 34.365665 -0.487013 -20.000702 10.554310 0.000000 0.000000 
2.428929 37.491096 -0.298902 -9.417030 20.590759 0.000000 0.000000 
2.566808 37.498867 -0.343564 -7.497421 25.278654 0.000000 0.000000 
-7.277513 36.825798 4.089967 -8.535652 24.952854 0.000000 0.000000 
2.551165 37.658283 -0.295624 -0.741729 25.144047 0.000000 0.000000 
13.853257 34.863750 -0.427835 12.557930 35.300323 0.000000 0.000000 
2.542623 37.784454 -0.588921 -5.683235 22.443970 0.000000 0.000000 
22.066723 29.868788 1.307877 -11.885880 8.131302 0.000000 0.000000 
22.255077 29.767431 1.473568 -8.988678 9.659828 0.000000 0.000000 
14.050178 35.005363 -0.657768 5.453644 35.229774 0.000000 0.000000 
13.875301 35.085293 -0.558317 2.742829 30.098619 0.000000 0.000000 
2.495237 37.945179 -0.496087 -10.210701 21.720901 0.000000 0.000000 
3.487526 37.881634 0.046319 -21.790649 7.802170 1.000000 1.000000 
2.448583 38.009338 -0.415208 -11.756416 19.770248 0.000000 0.000000 
13.648043 35.297417 -9.068080 -13.154724 14.989330 0.000000 0.000000 
13.859565 35.203514 -9.149975 -14.732620 12.245800 0.000000 0.000000 
2.540167 38.202553 -0.657007 -9.472198 22.150005 0.000000 0.000000 
2.368581 38.289406 1.893335 -7.900787 21.661049 0.000000 0.000000 
3.122552 38.259300 -0.026759 -13.909431 21.022335 0.000000 0.000000 
2.503207 38.696190 -0.457462 -13.044014 17.916412 0.000000 0.000000 
2.648172 38.752876 -0.615898 -5.028580 26.074802 0.000000 0.000000 
2.419513 38.859562 -0.331240 -10.730003 18.311550 0.000000 0.000000 
2.497257 38.868580 -0.524164 -9.821281 21.814888 0.000000 0.000000 
2.610287 38.902267 -0.324921 -10.476418 18.492203 0.000000 0.000000 
2.425565 38.911358 -0.260187 -18.837669 11.381016 1.000000 1.000000 
2.422943 39.023205 0.257023 -8.122355 21.260132 0.000000 0.000000 
2.616466 39.074883 -0.656675 -15.235825 14.117565 0.000000 0.000000 
-7.665956 38.343685 4.517154 -12.973289 20.127018 0.000000 0.000000 
2.777918 39.109425 -0.436908 -19.631004 12.826042 0.000000 0.000000 
2.377786 39.271839 0.103180 -5.750740 23.493256 0.000000 0.000000 
2.700575 39.253704 -0.680579 3.528664 31.505531 0.000000 0.000000 
2.004290 39.314339 -1.129748 -26.176872 6.502876 1.000000 1.000000 
2.210294 39.326740 -0.501229 -1.979462 27.841434 0.000000 0.000000 
2.354750 39.472084 -0.621308 5.038323 31.637478 0.000000 0.000000 
2.278369 39.570457 -0.745571 -27.053726 4.287529 1.000000 1.000000 
2.750858 39.641499 -0.813533 2.462479 30.820740 0.000000 0.000000 
2.529008 39.666252 -0.676288 6.078637 33.303139 0.000000 0.000000 
2.321654 39.790218 -0.568382 -4.621620 23.437702 0.000000 0.000000 
2.357025 39.885414 -0.759033 -21.022301 10.872251 0.000000 0.000000 
2.519304 40.047550 -0.135486 5.299714 30.921543 0.000000 0.000000 
2.380726 40.098713 -0.500199 -0.341781 27.271629 0.000000 0.000000 
2.481704 40.151505 -0.467956 3.111168 32.123283 0.000000 0.000000 
2.299722 40.286472 -0.660973 -16.678558 11.815952 0.000000 0.000000 
2.592282 40.433208 -0.402387 0.059639 26.570679 0.000000 0.000000 
2.578524 40.520790 -0.705319 3.531578 30.199841 0.000000 0.000000 
2.343854 40.552746 -0.892088 3.417557 30.604763 0.000000 0.000000 
12.955834 38.353207 0.138884 -15.200356 9.546108 0.000000 0.000000 
2.404119 40.764629 -0.676609 12.783508 37.823910 0.000000 0.000000 
2.782486 40.819714 0.052707 -19.629936 7.294243 1.000000 1.000000 
2.366461 40.866409 -0.585068 -22.937439 5.973936 0.000000 0.000000 
2.385663 40.964027 -0.749457 9.107391 36.640530 0.000000 0.000000 
2.668200 40.948448 -0.860282 -24.253395 5.238403 1.000000 1.000000 
2.319262 40.979179 -0.562657 11.148285 36.662193 0.000000 0.000000 
2.026801 41.033524 -0.458194 -12.406334 18.132339 0.000000 0.000000 
2.450938 41.019657 -0.556005 10.376297 36.251053 0.000000 0.000000 
2.403229 41.041130 -0.798350 5.824547 34.476456 0.000000 0.000000 
2.486207 41.096092 -0.638686 10.666626 36.393242 0.000000 0.000000 
2.633890 41.149879 -0.907013 -20.166946 11.378811 0.000000 0.000000 
2.739744 41.195030 -0.170958 -11.763199 14.957517 1.000000 1.000000 
2.648906 41.250462 -0.467142 -6.336014 19.239101 0.000000 0.000000 
2.452058 41.404938 -0.647377 13.820000 41.669498 0.000000 0.000000 
2.221460 41.459942 -0.618858 1.571533 29.062635 0.000000 0.000000 
2.759722 41.577702 -0.001225 -23.908371 7.176758 1.000000 1.000000 
0.382349 41.691879 -1.050015 -5.178031 23.584602 0.000000 0.000000 
2.403335 41.734978 -0.780928 3.682915 32.215012 0.000000 0.000000 
2.470974 41.789303 -1.315743 -0.210731 26.925383 0.000000 0.000000 
-0.370399 41.879181 -0.888469 -3.571342 23.701378 0.000000 0.000000 
0.334315 41.919579 -0.793296 -3.998711 24.065586 0.000000 0.000000 
2.630646 42.060787 -0.710595 -19.999252 7.476433 1.000000 1.000000 
2.213003 42.216431 -0.406149 -8.684738 22.537987 0.000000 0.000000 
2.596860 42.264874 -1.125993 -6.766792 25.642004 0.000000 0.000000 
2.628094 42.309513 -0.525647 4.138093 30.410700 0.000000 0.000000 
2.561749 42.357830 -0.301924 3.066056 29.255913 0.000000 0.000000 
2.375214 42.545883 -0.870600 -14.305717 15.406055 0.000000 0.000000 
2.345487 42.627460 -0.558115 -2.702377 26.034708 0.000000 0.000000 
6.105809 42.256306 -1.116576 -22.678558 7.482342 1.000000 1.000000 
2.423558 42.706135 -0.500260 1.627373 30.931385 0.000000 0.000000 
2.466130 42.755432 -1.055152 -20.563194 6.321516 0.000000 0.000000 
2.304986 43.013336 -0.301140 2.872353 27.557152 0.000000 0.000000 
-0.373734 43.180202 -0.850775 4.914666 31.911371 0.000000 0.000000 
2.471758 43.113411 -0.786435 2.450714 29.982113 0.000000 0.000000 
2.395196 43.136398 -0.445054 2.333130 29.991985 0.000000 0.000000 
-0.297512 43.281487 -0.809872 6.363328 35.653919 0.000000 0.000000 
2.407197 43.398392 -0.514451 -9.337234 19.082352 0.000000 0.000000 
2.269303 43.502296 -0.827264 -8.393936 25.924406 0.000000 0.000000 
2.903081 43.630318 -1.312750 -6.649040 24.890385 0.000000 0.000000 
2.477407 43.675739 -0.899668 -6.236421 22.289295 0.000000 0.000000 
2.461960 43.833904 -1.162787 -8.264877 21.629864 0.000000 0.000000 
2.487953 43.894115 -0.549819 5.122315 33.230560 0.000000 0.000000 
2.358309 43.947056 -0.328785 -2.920677 22.374676 0.000000 0.000000 
-20.719362 38.366940 6.375050 -15.444931 10.775311 0.000000 1.000000 
2.387033 44.115086 -0.886330 -14.214050 16.381264 0.000000 0.000000 
2.870841 44.083401 -0.762597 -14.269011 18.617970 0.000000 0.000000 
2.343531 44.182953 -0.471853 -4.362741 22.422245 0.000000 0.000000 
2.485214 44.317417 -0.765097 -12.917679 14.525826 0.000000 0.000000 
2.429777 44.412594 -1.051628 -4.112823 23.503323 0.000000 0.000000 
2.265337 44.455791 -0.901156 2.529289 28.838745 0.000000 0.000000 
2.374706 44.457287 -1.250164 -4.628282 23.253330 0.000000 0.000000 
2.347447 44.662952 -0.501882 3.277970 25.515781 0.000000 0.000000 
2.394464 44.726109 -0.479626 14.211258 35.586655 0.000000 0.000000 
2.385470 44.731895 -0.395688 9.062515 30.402927 0.000000 0.000000 
-20.426235 39.351059 5.554518 -7.790321 11.969875 0.000000 0.000000 
2.325967 44.867104 -0.408569 8.635330 32.416794 0.000000 0.000000 
2.349450 44.927452 -0.438936 9.143898 33.080971 0.000000 0.000000 
2.470293 44.989319 -0.484095 -20.293671 5.132046 1.000000 1.000000 
3.026454 45.093861 -0.595259 -22.349487 6.265726 1.000000 1.000000 
2.481864 45.133224 -0.910851 -7.060349 17.943798 0.000000 0.000000 
2.536909 45.258720 0.308209 -9.957176 13.062359 0.000000 0.000000 
2.590250 45.279079 -0.664425 -17.915741 6.423531 1.000000 1.000000 
2.413507 45.304188 -0.521227 13.337494 35.585091 0.000000 0.000000 
2.598769 45.306858 -1.012524 -0.113144 24.112343 0.000000 0.000000 
2.283897 45.365658 -0.652959 -4.514009 21.013554 0.000000 0.000000 
2.660493 45.400406 -0.661530 -18.523323 6.420502 1.000000 1.000000 
2.684120 45.429951 -1.271985 -5.391304 19.901447 0.000000 0.000000 
2.580568 45.524200 -0.817605 -17.297928 6.965794 1.000000 1.000000 
2.532036 45.614388 -0.392055 -18.542709 7.108746 1.000000 1.000000 
2.765545 45.634861 -1.013235 -2.771973 22.046623 0.000000 0.000000 
2.395488 45.727772 -0.578003 -13.947296 9.245964 1.000000 1.000000 
2.307777 45.742119 -0.843692 -1.149223 23.818230 0.000000 0.000000 
2.438564 45.842308 -1.271956 -9.195671 15.742374 0.000000 0.000000 
16.469973 42.551285 -5.527434 -4.459373 18.921558 0.000000 0.000000 
2.310328 46.046772 -0.493735 -15.012962 9.061443 1.000000 1.000000 
2.454081 46.035824 -0.472919 7.356652 27.618235 0.000000 0.000000 
2.495841 46.058651 -0.275964 -6.677315 17.707012 0.000000 0.000000 
16.553596 42.752007 6.000191 -5.567176 14.374916 0.000000 0.000000 
-5.617106 45.808006 6.184329 -6.086547 18.989197 0.000000 0.000000 
-6.083003 45.743900 4.605330 -14.155090 16.041824 0.000000 0.000000 
16.054720 43.146019 3.432606 -4.200212 17.887650 0.000000 0.000000 
-5.626772 45.974472 -5.767950 -3.851387 22.641331 0.000000 0.000000 
2.568142 46.395512 -0.221502 -21.452110 5.188557 1.000000 1.000000 
16.894108 43.065262 4.409593 -4.811782 18.334705 0.000000 0.000000 
11.185506 45.197319 4.944785 -3.768150 22.605495 0.000000 0.000000 
2.576428 46.613789 -0.848862 -5.358621 23.530083 0.000000 0.000000 
12.084063 44.976162 5.635125 -6.917533 16.109562 0.000000 0.000000 
2.492160 46.705566 -0.702192 -4.485664 21.657063 0.000000 0.000000 
11.825071 45.112907 5.728116 -11.460014 14.805879 0.000000 0.000000 
2.450462 46.807541 -0.859351 -7.696434 15.658180 0.000000 0.000000 
12.014387 45.159969 4.627703 -6.782875 19.053783 0.000000 0.000000 
2.409055 46.817917 -5.806719 -19.072899 11.687122 0.000000 1.000000 
-5.853810 46.698071 -5.601320 -6.634262 22.853508 0.000000 0.000000 
17.203102 43.725235 1.682690 -16.170036 10.453041 0.000000 0.000000 
2.462787 47.359005 -0.780878 -7.179428 20.467911 0.000000 0.000000 
2.514230 47.410397 -0.670149 -9.339920 20.120106 0.000000 0.000000 
2.545357 47.476612 -0.828948 -9.484200 19.937172 0.000000 0.000000 
12.541111 45.726925 5.016978 -6.023323 20.990940 0.000000 0.000000 
2.595803 47.570240 -0.745120 -5.280212 19.510902 0.000000 0.000000 
11.368905 46.141434 4.892266 -8.002838 18.084309 0.000000 0.000000 
11.466624 46.229279 5.490300 -4.762290 21.408745 0.000000 0.000000 
2.248243 47.705585 -0.518012 -3.915519 23.399376 0.000000 0.000000 
2.667964 47.832478 -0.368749 -9.180397 20.686531 0.000000 0.000000 
10.070453 46.775078 4.149970 -13.265717 17.291367 0.000000 0.000000 
7.248632 47.429455 1.114949 -8.852319 18.137959 0.000000 0.000000 
11.830578 46.435131 6.449383 -10.332603 17.550713 0.000000 0.000000 
17.713923 44.367168 6.097826 -8.734726 14.620121 0.000000 0.000000 
18.089315 44.224735 5.171912 -11.326744 13.712852 0.000000 0.000000 
9.398032 47.199104 -6.800766 -8.702736 19.061405 0.000000 0.000000 
9.622426 47.160217 -6.541969 -9.786377 18.026485 0.000000 0.000000 
2.313275 48.232189 2.309974 -13.163811 15.639553 0.000000 0.000000 
-26.021730 39.998875 3.805949 -9.181450 10.835668 0.000000 0.000000 
18.549831 44.365170 5.129536 -7.923303 16.578175 0.000000 0.000000 
7.372529 47.892536 -5.700689 -9.583771 19.095863 0.000000 0.000000 
7.605247 47.870590 4.779597 -6.238136 21.959682 0.000000 0.000000 
2.516676 48.589367 -0.542622 -18.337257 10.964317 0.000000 0.000000 
7.313368 48.162670 5.586304 -9.269197 19.118507 0.000000 0.000000 
15.931233 45.873566 7.835787 -13.629135 11.686867 0.000000 0.000000 
-22.299622 42.864788 2.388113 -15.921875 9.095638 0.000000 0.000000 
-26.830204 39.942734 3.063235 -7.022270 11.817575 0.000000 0.000000 
-25.575945 40.862400 3.870348 -12.812492 9.880836 0.000000 0.000000 
12.587201 47.142330 7.319310 -16.048935 13.995027 0.000000 0.000000 
12.600454 47.253719 14.951819 -8.380066 18.644245 0.000000 0.000000 
7.212878 48.470211 4.725427 -6.266220 19.658737 0.000000 0.000000 
12.738290 47.357288 6.245798 -5.720665 19.416138 0.000000 0.000000 
7.647848 48.561417 5.170533 -9.489853 20.918728 0.000000 0.000000 
6.607005 48.908852 5.264217 -7.123100 21.728882 0.000000 0.000000 
7.000906 48.994774 4.183276 -13.552444 17.794777 0.000000 0.000000 
6.679280 49.181332 4.630910 -8.520248 21.160553 0.000000 0.000000 
6.289637 49.315914 4.539513 -11.435341 20.162361 0.000000 0.000000 
6.306481 49.367344 4.863800 -8.834129 17.233952 0.000000 0.000000 
-22.801481 43.991230 2.864577 -14.928955 9.838367 0.000000 0.000000 
29.334398 39.556171 3.613240 -2.077301 11.362282 0.000000 0.000000 
7.484222 49.490730 6.493941 -8.751350 21.030918 0.000000 0.000000 
9.062102 49.217918 6.352613 -1.501869 24.103153 0.000000 0.000000 
9.148179 49.233234 5.613504 -8.716263 19.839455 0.000000 0.000000 
7.789497 49.498322 6.687087 -6.530229 21.441135 0.000000 0.000000 
-22.902601 44.114643 2.614411 -14.828453 9.658573 0.000000 0.000000 
29.937231 39.249569 3.570199 -1.437706 11.278450 0.000000 0.000000 
-23.529316 44.070332 2.433131 -11.293427 10.491712 0.000000 0.000000 
7.721300 49.827675 -6.355516 -7.994125 17.100163 0.000000 0.000000 
7.753267 49.891560 6.526042 -7.772491 20.146965 0.000000 0.000000 
30.356483 39.374882 4.217375 -4.301599 9.858068 0.000000 0.000000 
9.045387 49.705048 3.409076 -8.167953 19.860889 0.000000 0.000000 
8.665022 50.044056 -5.984528 -2.492165 21.697403 0.000000 0.000000 
8.783614 50.155666 4.355093 -3.862434 22.723618 0.000000 0.000000 
29.658499 40.487057 3.363443 3.691460 16.042049 0.000000 0.000000 
8.384413 50.245773 3.264485 -1.680809 24.309269 0.000000 0.000000 
29.447594 40.691795 2.793252 4.041314 14.143448 0.000000 0.000000 
29.944820 40.326740 3.819171 -4.482353 11.165676 0.000000 0.000000 
7.540564 50.452854 6.135046 -6.832520 19.748833 0.000000 0.000000 
30.283140 40.185474 1.776701 -3.305611 11.041050 0.000000 0.000000 
8.088948 50.491013 6.331759 -11.817085 17.193871 0.000000 0.000000 
0.956637 51.217335 -0.770255 -24.022469 4.076939 0.000000 0.000000 
-23.581625 45.002182 3.469668 -16.296814 10.433670 0.000000 0.000000 
16.091637 48.503975 -1.099038 -10.177803 16.374561 0.000000 0.000000 
10.240588 50.288204 6.422326 -9.161285 18.160236 0.000000 0.000000 
29.826546 40.879684 6.393999 -2.074089 11.076675 0.000000 0.000000 
29.948633 40.967911 3.207603 -3.889099 10.600132 0.000000 0.000000 
7.027900 51.071693 5.384198 -6.800025 19.407570 0.000000 0.000000 
-17.159317 48.559460 6.256127 -10.969147 14.539181 0.000000 0.000000 
-17.061750 48.603989 5.627216 -6.801567 14.266281 0.000000 0.000000 
6.980535 51.244072 5.633589 -5.646150 19.631161 0.000000 0.000000 
0.257384 51.838425 -1.150432 -22.759430 6.763329 1.000000 1.000000 
24.173790 45.411491 0.271455 -9.692909 11.550316 0.000000 0.000000 
21.234217 47.131737 8.370066 -14.198830 10.229458 0.000000 0.000000 
29.873482 41.938484 2.975917 -0.323791 11.596920 0.000000 0.000000 
7.867804 51.673649 -0.828174 -14.394707 14.050858 0.000000 0.000000 
29.910059 42.203724 4.049166 -9.297174 7.103168 0.000000 0.000000 
19.744770 48.311443 5.388718 -4.067116 17.227592 0.000000 0.000000 
8.465921 51.898712 5.325741 -16.303764 14.394361 0.000000 0.000000 
21.970289 47.434055 7.302081 -4.114265 16.264515 0.000000 0.000000 
21.814907 47.695419 6.940026 -5.561096 15.713451 0.000000 0.000000 
20.067728 48.555893 4.906210 -6.245285 18.135162 0.000000 0.000000 
7.272026 52.431324 1.803305 -7.726357 17.562843 0.000000 0.000000 
7.062960 52.528000 1.535215 -10.664230 16.508270 0.000000 0.000000 
22.024954 47.824177 6.320100 -0.436981 17.520599 0.000000 0.000000 
7.265444 52.526424 2.390916 -9.591736 17.760113 0.000000 0.000000 
21.899908 47.975746 5.601460 -0.981773 20.025955 0.000000 0.000000 
7.410031 52.577950 1.999155 -8.744316 20.933025 0.000000 0.000000 
7.117075 52.636036 2.114267 -9.515739 19.122173 0.000000 0.000000 
21.915743 48.019428 7.098448 -2.900787 17.266945 0.000000 0.000000 
7.746680 52.593166 5.553375 -7.723984 19.743557 0.000000 0.000000 
7.442491 52.645695 4.482237 -2.340576 24.649776 0.000000 0.000000 
22.168989 48.009541 5.509699 -9.691452 12.774574 0.000000 0.000000 
-22.399015 48.132164 1.927832 -10.053535 14.060009 0.000000 0.000000 
22.854828 47.962395 0.051831 -8.109413 14.874939 0.000000 0.000000 
7.875371 52.912403 -5.124096 -10.133438 22.057270 0.000000 0.000000 
7.237596 53.041870 5.777285 -5.483261 21.071770 0.000000 0.000000 
12.328964 52.270138 5.150874 -11.571899 14.340034 0.000000 0.000000 
29.216112 44.639179 3.224351 -7.550056 13.248680 0.000000 0.000000 
21.647726 49.142864 -0.503635 7.320466 28.725061 0.000000 0.000000 
29.168053 44.720943 4.305997 -1.148689 13.731361 0.000000 0.000000 
23.146980 48.447769 5.997892 0.564698 20.155624 0.000000 0.000000 
28.993813 44.932217 4.036684 -5.203063 10.317310 0.000000 0.000000 
22.210680 48.982380 -0.066829 -1.961441 19.237373 0.000000 0.000000 
21.906660 49.458374 -0.305989 6.060677 27.446043 0.000000 0.000000 
21.779314 49.528198 -0.320591 9.555809 29.221416 0.000000 0.000000 
6.426207 54.145592 5.875725 -11.502075 15.559631 0.000000 0.000000 
23.402250 48.902412 7.235564 -12.272079 9.541851 0.000000 0.000000 
22.009315 49.677742 1.484254 2.119133 22.661591 0.000000 0.000000 
7.062254 54.228992 4.043970 -10.936249 16.797573 0.000000 0.000000 
21.962069 49.793575 2.099653 -5.532799 20.057266 0.000000 0.000000 
22.201769 49.715172 3.626438 1.488701 21.574821 0.000000 0.000000 
29.103609 45.688805 4.491272 -8.411560 12.318432 0.000000 0.000000 
26.346027 47.488277 8.699342 -9.933762 10.638962 0.000000 0.000000 
6.331674 54.433949 3.625179 -19.845024 13.617363 0.000000 0.000000 
21.740738 50.021461 -5.011025 1.309387 21.382160 0.000000 0.000000 
21.543221 50.183205 16.884769 -2.507820 18.425201 0.000000 0.000000 
7.181046 54.702450 -0.937842 -16.310844 10.145050 0.000000 0.000000 
22.071514 50.215729 -5.822902 -10.391426 12.543781 0.000000 0.000000 
28.329557 46.722721 6.205195 -8.048599 9.874508 0.000000 0.000000 
22.283417 50.275963 -0.522785 0.428414 23.085629 0.000000 0.000000 
6.803463 55.028988 4.411359 -12.970581 17.160702 0.000000 0.000000 
5.780904 55.256947 4.925088 -11.778755 17.446945 0.000000 0.000000 
22.709608 50.366898 16.798586 -6.274269 16.382534 1.000000 0.000000 
6.292028 55.254616 16.032869 -15.035881 12.349949 1.000000 0.000000 
21.821733 50.812187 2.190475 -8.772209 13.504518 0.000000 0.000000 
7.395492 55.168499 3.764756 -10.062187 20.508648 0.000000 0.000000 
30.156479 46.026455 6.061350 -4.891609 11.571857 0.000000 0.000000 
28.543301 47.406891 3.407056 -16.201004 9.147430 0.000000 0.000000 
6.065231 55.614635 -3.444154 -8.752983 18.853878 0.000000 0.000000 
30.381910 46.319206 6.666865 -5.041297 9.909050 0.000000 0.000000 
-6.819390 55.707218 1.812527 -4.100923 23.518993 0.000000 0.000000 
-6.758646 55.735924 1.102002 -3.449677 24.697123 0.000000 0.000000 
29.426991 47.116009 5.117647 -5.371078 13.054893 0.000000 0.000000 
27.581873 48.328979 1.496752 -11.007660 9.832161 0.000000 0.000000 
29.549803 47.072102 6.592324 -9.496582 9.014309 0.000000 0.000000 
30.042330 46.797268 6.080091 -5.092773 11.003304 0.000000 0.000000 
-7.108322 55.800999 1.283087 -10.204506 19.052341 0.000000 0.000000 
6.699126 56.023197 2.434729 -4.089386 21.792339 0.000000 0.000000 
7.056131 56.118805 3.917719 -5.089096 22.593418 0.000000 0.000000 
6.908062 56.152557 2.979632 -9.413811 19.649429 0.000000 0.000000 
26.039398 49.790718 0.069225 -11.119011 8.284790 0.000000 0.000000 
27.675024 49.068115 1.313826 -11.718658 8.896152 0.000000 0.000000 
6.675577 56.483032 2.109121 -7.679008 20.022217 0.000000 0.000000 
6.700408 56.487228 2.464705 -5.754920 21.988548 0.000000 0.000000 
6.891541 56.484730 2.399601 -10.087891 18.796349 0.000000 0.000000 
-21.449663 52.474979 0.459845 -8.439651 15.297352 0.000000 0.000000 
12.302448 55.584133 -0.780164 -5.794763 20.933777 0.000000 0.000000 
6.852727 56.584599 2.041199 -0.202057 25.697094 0.000000 0.000000 
20.790470 52.944878 8.486079 -10.911301 11.547479 0.000000 0.000000 
25.493347 50.748821 6.582897 -9.309265 9.606186 0.000000 0.000000 
21.407932 52.818470 -4.310575 -12.782356 9.866554 0.000000 0.000000 
6.600602 57.042385 6.115567 -9.528000 17.629398 0.000000 0.000000 
-11.568069 56.318073 0.626157 -19.913132 9.939659 0.000000 0.000000 
9.402967 56.756649 -0.614022 -16.608284 13.285932 0.000000 0.000000 
7.365998 57.316971 6.342060 -15.966850 13.394043 0.000000 0.000000 
30.627697 48.380367 4.801209 -5.600700 9.194492 0.000000 0.000000 
21.265955 53.725006 1.790081 -5.887435 17.191715 0.000000 0.000000 
9.309219 57.513336 0.867016 -13.412903 15.875257 0.000000 0.000000 
21.590109 53.941086 4.101912 -8.165123 15.979088 0.000000 0.000000 
12.836671 56.873291 2.076498 -13.849617 12.300125 0.000000 0.000000 
21.640850 53.967018 -5.574782 -2.893417 19.306843 0.000000 0.000000 
30.587259 49.074062 4.813656 -10.071602 9.053158 0.000000 0.000000 
26.869553 51.546360 0.193986 -4.722839 12.614277 0.000000 0.000000 
31.128283 48.931686 -0.934751 -6.741180 10.491879 0.000000 0.000000 
32.344631 48.076168 3.385882 -1.209122 11.526718 0.000000 0.000000 
21.907358 54.098080 1.228335 -5.176010 16.451920 0.000000 0.000000 
21.678455 54.201550 2.893144 -4.724442 15.919441 0.000000 0.000000 
21.636168 54.319584 2.104224 5.311249 27.009508 0.000000 0.000000 
21.434181 54.419567 1.737365 -1.213722 23.385696 0.000000 0.000000 
32.186867 48.354675 3.471256 0.509484 15.222240 0.000000 0.000000 
32.270931 48.308697 3.719995 -6.520447 11.421509 0.000000 0.000000 
8.851960 58.096783 1.421611 -11.679405 14.168037 0.000000 0.000000 
21.761681 54.354340 3.047996 -8.740022 11.143188 0.000000 0.000000 
25.935478 52.376400 0.540713 -15.144775 7.557922 0.000000 0.000000 
32.171986 48.866802 6.309693 -12.169487 7.727962 0.000000 0.000000 
21.916664 54.741322 -7.266800 -9.450418 12.568485 0.000000 0.000000 
8.762626 58.612209 0.869473 -15.316299 12.405624 0.000000 0.000000 
8.904946 58.588150 0.851399 -17.062988 10.512489 0.000000 0.000000 
11.137452 58.327370 -7.307136 -14.689377 14.134033 0.000000 0.000000 
29.144451 51.262932 0.236259 -12.580437 6.378883 0.000000 0.000000 
29.090851 51.644142 6.755615 -14.169083 6.222603 0.000000 0.000000 
28.991911 51.724514 6.500936 -13.624107 6.327808 0.000000 0.000000 
32.956718 49.101852 5.839647 -9.576942 6.609623 0.000000 0.000000 
6.088822 59.512085 6.775039 -15.325615 11.121517 0.000000 0.000000 
28.464285 52.129211 15.653620 -6.116670 9.492658 0.000000 0.000000 
6.530480 59.750736 7.454725 -15.566505 11.497192 0.000000 0.000000 
6.416297 59.806427 7.381594 -16.362610 9.750252 0.000000 0.000000 
29.203831 52.030556 7.853401 -10.803139 8.030170 0.000000 0.000000 
28.886578 52.373165 7.773702 -4.797554 12.792787 0.000000 0.000000 
26.953529 53.500618 0.243046 -13.342468 8.316757 0.000000 0.000000 
29.255890 52.300064 6.630959 -12.507355 8.184933 0.000000 0.000000 
6.212120 60.263142 6.902762 -12.900352 12.247669 0.000000 0.000000 
6.364150 60.431591 6.145234 -13.689667 11.968102 0.000000 0.000000 
6.536139 60.522572 -10.083117 -15.173103 12.607754 0.000000 0.000000 
7.297788 60.442337 5.490491 -9.775291 15.536758 0.000000 0.000000 
28.633617 53.238026 -7.635437 -9.649185 10.917454 0.000000 0.000000 
6.202552 60.631039 6.458624 -19.180626 12.357021 0.000000 0.000000 
27.172558 54.275570 -0.110109 8.241600 23.899727 0.000000 0.000000 
6.273328 60.973957 6.827172 -6.915840 16.627968 0.000000 0.000000 
6.110090 61.004971 6.394121 -12.912743 13.159996 0.000000 0.000000 
27.364393 54.460464 0.030028 13.386551 30.417011 0.000000 0.000000 
27.499601 54.402588 -0.021412 -0.757988 18.009106 0.000000 0.000000 
6.673079 61.012989 6.898345 -16.969688 10.735569 0.000000 0.000000 
27.402466 54.609962 -1.784443 -9.680618 12.664413 0.000000 0.000000 
27.518814 54.560020 -0.192439 9.834969 25.531460 0.000000 0.000000 
8.252516 60.999268 1.776564 -13.561255 12.681396 0.000000 0.000000 
27.524155 54.681854 -0.291369 -2.926247 19.285751 0.000000 0.000000 
8.459042 61.068398 2.580740 -9.916542 13.261772 0.000000 0.000000 
11.304861 60.639431 -6.005154 -19.273468 11.123840 0.000000 0.000000 
27.884584 54.730618 0.713836 -8.272705 11.876526 0.000000 0.000000 
36.037231 49.361401 2.124003 -11.613106 6.140862 0.000000 0.000000 
11.293928 60.819725 4.519673 -17.437828 14.029054 0.000000 0.000000 
36.142384 49.337177 2.451223 -3.325401 7.058945 0.000000 0.000000 
27.692217 55.115517 0.064445 7.073975 24.302959 0.000000 0.000000 
36.455864 49.295696 2.393230 -9.991104 4.990337 0.000000 0.000000 
9.369510 61.405548 3.226428 -10.784607 16.026394 0.000000 0.000000 
9.167166 61.451065 3.739398 -8.577662 16.992981 0.000000 0.000000 
27.745140 55.254173 0.380298 -0.849312 17.489944 0.000000 0.000000 
27.538475 55.380013 0.501826 -5.696754 13.361561 0.000000 0.000000 
27.801338 55.240051 0.230110 6.921288 23.713272 0.000000 0.000000 
36.603043 49.436066 2.338451 -7.779617 7.255024 0.000000 0.000000 
28.306490 55.020981 7.208852 -9.339500 9.872215 0.000000 0.000000 
27.578001 55.429165 0.457481 -2.051834 14.581985 0.000000 0.000000 
7.590908 61.924126 -1.679446 -9.801651 18.567898 0.000000 0.000000 
27.661369 55.509075 0.144678 -11.734093 9.589269 0.000000 0.000000 
8.616516 61.822643 2.806733 -14.190384 13.168527 0.000000 0.000000 
27.808598 55.446976 0.083581 -10.616272 9.745533 0.000000 0.000000 
-36.652283 49.701637 8.482976 -6.329689 13.149433 1.000000 1.000000 
24.184525 57.600731 -1.068581 -10.096008 10.688213 0.000000 0.000000 
9.096459 62.169266 -1.964179 -15.331741 14.133106 0.000000 0.000000 
8.859411 62.205368 -1.119130 -14.966194 14.297424 0.000000 0.000000 
28.108089 55.873013 0.211331 2.849144 19.981281 0.000000 0.000000 
10.279098 62.143543 -1.192919 -14.087860 13.373890 0.000000 0.000000 
24.515694 57.769199 -0.726967 -8.991051 13.246479 0.000000 0.000000 
29.941866 54.983864 11.388991 -10.253006 9.640141 0.000000 0.000000 
24.803032 57.686394 -0.504423 -6.573143 14.991840 0.000000 0.000000 
8.598537 62.580261 0.764396 -15.230408 11.596485 0.000000 0.000000 
8.672915 62.601051 -1.007760 -19.178223 9.733032 0.000000 0.000000 
27.293049 56.707062 7.812166 -8.735513 10.764524 0.000000 0.000000 
35.371624 51.690338 2.407827 -1.048820 12.170929 0.000000 0.000000 
29.942295 55.358913 4.291049 -6.680367 11.177006 0.000000 0.000000 
30.268673 55.272781 4.954351 -4.502731 13.410091 0.000000 0.000000 
30.758013 55.199810 3.683058 -7.772743 11.678375 0.000000 0.000000 
3.785450 63.721275 -0.422543 -18.418060 10.475372 0.000000 0.000000 
9.017032 63.166328 2.093738 -19.469582 11.086838 0.000000 0.000000 
8.609333 63.360287 -1.687772 -12.280426 13.130390 0.000000 0.000000 
30.209486 55.855083 -5.917874 -10.809715 9.254509 0.000000 0.000000 
23.444777 59.392590 -0.921777 -10.350136 13.058662 0.000000 0.000000 
32.188705 54.895588 0.855748 -8.187860 7.818079 0.000000 0.000000 
8.715294 63.649406 2.464275 -20.049828 7.871294 0.000000 0.000000 
28.878788 57.170444 -6.003598 -7.879898 12.392483 0.000000 0.000000 
27.857319 57.806171 6.959399 -10.249489 9.158501 0.000000 0.000000 
7.622264 64.210052 3.873235 -14.354918 16.517509 0.000000 0.000000 
8.246372 64.145599 -1.108169 -15.036858 11.834335 0.000000 0.000000 
29.862125 56.876957 -7.366323 -12.718208 8.368877 0.000000 0.000000 
30.802153 56.335888 -7.626616 -12.234962 9.608045 0.000000 0.000000 
8.024979 64.240402 4.329020 -3.089790 22.283272 0.000000 0.000000 
8.624884 64.195389 -10.151007 -7.211838 18.773403 0.000000 0.000000 
30.059978 56.893681 2.582639 -2.802597 15.275723 0.000000 0.000000 
24.173241 59.929657 1.377477 -3.967621 17.506016 0.000000 0.000000 
31.891819 56.052525 0.511434 -3.172493 14.702137 0.000000 0.000000 
12.648093 63.917992 2.385649 -13.911690 14.205818 0.000000 0.000000 
25.209621 59.840706 0.127523 -2.055732 21.878201 0.000000 0.000000 
19.238684 62.167408 0.872999 -12.650528 15.217060 0.000000 0.000000 
12.909537 64.098740 3.493639 -12.523689 12.617702 0.000000 0.000000 
32.318565 56.432877 5.556829 -10.409103 10.688745 0.000000 0.000000 
10.992344 64.585495 17.660202 -19.391884 12.290890 0.000000 0.000000 
30.506409 57.638138 6.381100 -7.283943 11.011112 0.000000 0.000000 
30.428185 57.773209 5.416390 -7.253137 11.429100 0.000000 0.000000 
13.108889 64.386955 1.826678 -17.847717 8.781372 0.000000 0.000000 
34.403244 55.349140 4.875197 -7.782623 8.712708 0.000000 0.000000 
25.379778 60.589554 1.057053 -7.620834 13.881313 0.000000 0.000000 
27.943737 59.475796 2.891593 -8.053528 13.323498 0.000000 0.000000 
24.573385 61.083168 1.154895 -8.256166 15.516033 0.000000 0.000000 
28.452610 59.333145 5.151818 -6.330910 15.638680 0.000000 0.000000 
33.161636 56.668953 5.779229 -12.976807 9.213634 0.000000 0.000000 
28.862799 59.217064 4.419353 -1.954544 17.875938 0.000000 0.000000 
22.352505 62.164566 -1.859975 -0.425216 18.612392 0.000000 0.000000 
28.697348 59.423233 2.615906 -3.584854 16.476070 0.000000 0.000000 
28.963005 59.296268 -1.577018 -2.739601 16.523800 0.000000 0.000000 
9.246961 65.755402 1.158068 -23.459778 6.330750 0.000000 0.000000 
21.849041 62.652477 -2.464471 -11.996498 12.936405 0.000000 0.000000 
29.398214 59.270977 9.934291 -5.335938 16.625294 0.000000 0.000000 
34.562336 56.242519 4.459611 -5.015985 12.563869 0.000000 0.000000 
7.957550 66.239853 5.950438 -14.029091 11.021736 0.000000 0.000000 
29.112524 59.861473 4.134242 -3.490479 15.817436 0.000000 0.000000 
29.116755 59.880608 8.407463 -6.512177 14.293201 0.000000 0.000000 
8.516238 66.511475 -7.505694 -21.876724 5.957760 0.000000 0.000000 
29.956682 59.536392 5.921044 -7.627397 12.815853 0.000000 0.000000 
31.869936 58.475868 2.583592 -4.797647 15.134889 0.000000 0.000000 
29.717072 59.712719 -1.241621 -6.902490 13.745500 0.000000 0.000000 
33.278542 57.669346 6.271210 -5.456520 13.667492 0.000000 0.000000 
29.235268 60.166019 -5.956402 -9.572456 12.365425 0.000000 0.000000 
6.815402 66.978073 7.419566 -12.501022 11.511707 0.000000 0.000000 
32.287663 58.619244 2.900270 -6.979492 15.463375 0.000000 0.000000 
33.035957 58.235657 3.284600 -0.989075 15.190286 0.000000 0.000000 
7.220183 67.252136 1.587319 -13.316063 10.473621 0.000000 0.000000 
6.887590 67.306702 7.922720 -13.278107 12.378086 0.000000 0.000000 
29.681110 60.352661 2.775377 -7.922225 12.317163 0.000000 0.000000 
30.945278 59.670925 1.546994 -1.947121 15.374664 0.000000 0.000000 
30.260450 60.177109 5.797550 -8.192352 16.653088 0.000000 0.000000 
32.033772 59.241238 2.778919 -7.799110 14.291451 0.000000 0.000000 
31.630850 59.529495 0.511347 -9.591743 12.103397 0.000000 0.000000 
33.695309 58.366405 5.700409 -6.359222 12.183613 0.000000 0.000000 
7.502466 67.534958 -7.556986 -19.004341 7.147758 0.000000 0.000000 
32.236797 59.501709 5.643596 -4.820381 12.548885 0.000000 0.000000 
31.570518 59.915852 1.394570 -2.303238 14.330589 0.000000 0.000000 
7.974605 67.889748 2.183233 -10.586380 12.685163 0.000000 0.000000 
7.698356 67.931862 1.841355 -12.934448 14.006084 0.000000 0.000000 
32.738838 59.559422 0.085831 -3.947495 12.635685 0.000000 0.000000 
7.878175 67.987724 5.309261 -15.429817 11.780972 0.000000 0.000000 
7.235529 68.161697 -7.973329 -10.795113 11.222034 0.000000 0.000000 
7.371508 68.195534 3.935035 -18.425964 10.999317 0.000000 0.000000 
31.351341 60.592922 1.777591 -2.561348 14.008865 0.000000 0.000000 
26.016203 63.241894 1.480592 -10.466225 9.949249 0.000000 0.000000 
7.252082 68.302322 -8.524564 -14.682425 10.468632 0.000000 0.000000 
32.805885 59.846283 5.091670 -10.775551 9.254106 0.000000 0.000000 
25.228819 63.800194 1.575862 -12.862122 8.960865 0.000000 0.000000 
34.611252 59.079426 6.603505 -9.992508 8.489166 0.000000 0.000000 
8.487756 68.493523 3.017561 -14.872162 10.709886 0.000000 0.000000 
9.455855 68.677872 2.839221 -7.878852 15.187191 0.000000 0.000000 
16.144634 67.447662 9.308870 -11.994766 10.850849 0.000000 0.000000 
7.790947 69.140182 -8.474741 -10.184578 13.448770 0.000000 0.000000 
33.207535 60.622383 4.219215 -8.848763 9.737339 0.000000 0.000000 
10.328334 69.085274 3.578045 -15.588989 13.498955 0.000000 0.000000 
32.182529 61.522408 4.042688 -12.739685 9.161659 0.000000 0.000000 
9.401168 69.241119 2.819360 -12.062035 15.507824 0.000000 0.000000 
8.268655 69.491814 3.650314 -15.131241 12.301064 0.000000 0.000000 
31.363457 62.372917 -5.005348 -1.193192 14.015980 0.000000 0.000000 
7.732812 69.882271 -8.175362 -19.614281 8.824337 0.000000 0.000000 
31.675861 62.526382 0.845150 -8.012321 10.007839 0.000000 0.000000 
31.349369 62.720623 4.110794 -7.319649 10.358341 0.000000 0.000000 
30.547407 63.218357 2.594426 -13.273033 6.947144 0.000000 0.000000 
31.588785 62.806038 -4.897790 -3.663277 15.728981 0.000000 0.000000 
25.726297 65.605499 -2.411026 -17.219734 9.560032 0.000000 0.000000 
31.170721 63.053066 -5.442011 -6.070076 14.531395 0.000000 0.000000 
10.368174 70.003738 1.528700 -18.572853 8.979881 0.000000 0.000000 
22.760622 66.845688 10.769532 -17.937798 8.406178 0.000000 0.000000 
31.501549 62.997036 2.758688 -3.591423 12.011440 0.000000 0.000000 
-47.404602 51.327282 -4.070860 7.018883 16.777378 0.000000 0.000000 
31.038811 63.410248 1.119403 -8.562004 10.722027 0.000000 0.000000 
30.272875 63.807053 0.268058 -3.007874 12.611416 0.000000 0.000000 
30.718000 63.924717 -0.166646 -5.577637 12.231834 0.000000 0.000000 
30.285868 64.235802 1.666441 -16.414665 6.290157 0.000000 0.000000 
30.129063 64.533356 0.384406 -14.704346 7.515636 0.000000 0.000000 
7.438375 71.218018 1.039307 -17.960876 9.396591 0.000000 0.000000 
8.389678 71.178665 5.308048 -5.612839 17.701290 0.000000 0.000000 
31.365273 64.169884 2.007997 -12.994545 6.617287 0.000000 0.000000 
31.292393 64.236282 0.481614 -11.003853 8.695446 0.000000 0.000000 
30.232832 64.824394 0.324593 -8.847404 10.297909 0.000000 0.000000 
30.960209 64.455765 2.471415 -11.086281 8.638615 0.000000 0.000000 
8.842920 71.357346 5.969070 -11.420364 13.807087 0.000000 0.000000 
8.507416 71.405800 5.285507 -11.964264 13.880993 0.000000 0.000000 
30.376556 64.841370 -0.411107 -14.498337 7.562984 0.000000 0.000000 
31.959356 64.060196 2.727729 -14.990211 6.007927 0.000000 0.000000 
8.280681 71.620392 5.319689 -13.824661 12.360332 0.000000 0.000000 
30.649548 64.932549 -0.714988 -11.201874 8.731293 0.000000 0.000000 
31.120853 64.695251 -0.119544 -10.967209 7.806656 0.000000 0.000000 
31.875456 64.320801 1.990595 -10.976570 8.176098 0.000000 0.000000 
31.386171 64.675568 0.532369 -9.432571 8.702122 0.000000 0.000000 
-19.565268 69.655098 5.610495 -22.649788 7.410286 0.000000 0.000000 
29.988167 65.611954 -0.016289 -4.906951 11.854740 0.000000 0.000000 
30.447863 65.485718 -0.068352 -5.635095 11.442369 0.000000 0.000000 
30.068689 65.679901 -0.125539 -4.122673 13.353271 0.000000 0.000000 
30.842978 65.501724 0.231006 -16.867462 4.899055 0.000000 0.000000 
30.660910 65.874352 3.209845 -5.940795 12.712502 0.000000 0.000000 
30.572216 65.986938 3.173945 -2.339714 15.518543 0.000000 0.000000 
30.803473 66.041153 2.479560 -1.459198 15.996155 0.000000 0.000000 
7.383703 72.947258 5.210116 -11.210648 12.994175 0.000000 0.000000 
30.856874 66.152313 1.749973 -7.731575 11.477604 0.000000 0.000000 
7.476850 73.036201 0.578401 -19.178795 7.634518 0.000000 0.000000 
30.649279 66.361946 3.743849 -5.850143 12.914556 0.000000 0.000000 
30.732786 66.322739 3.613376 -7.440063 9.351711 0.000000 0.000000 
30.812098 66.312538 3.274074 -6.012033 13.135719 0.000000 0.000000 
31.029480 66.277626 4.227969 -9.708725 11.975239 0.000000 0.000000 
7.426768 73.229584 4.818596 -17.525124 7.114216 0.000000 0.000000 
7.552969 73.421562 5.494629 -12.668633 15.012363 0.000000 0.000000 
7.560312 73.490311 5.521314 -2.701569 20.099392 0.000000 0.000000 
31.201403 66.594521 4.105219 -6.088203 11.958286 0.000000 0.000000 
7.691751 73.522552 5.215930 -4.796005 17.076778 0.000000 0.000000 
7.878355 73.568619 1.222523 -13.790039 12.546837 0.000000 0.000000 
32.071392 66.284012 4.654521 -7.186080 12.389454 0.000000 0.000000 
31.829681 66.442070 -5.393276 -2.974380 14.648712 0.000000 0.000000 
6.810621 73.780388 -7.731232 -12.819855 14.550775 0.000000 0.000000 
6.828833 73.889076 0.421545 -21.326866 4.331686 0.000000 0.000000 
7.744717 73.889343 4.409167 -5.283264 16.836872 0.000000 0.000000 
7.855589 73.880112 -8.081751 -12.390816 11.789745 0.000000 0.000000 
33.106823 66.063683 -1.972374 -7.250183 13.995060 0.000000 0.000000 
32.579262 66.343948 -4.770770 -6.259851 13.973770 0.000000 0.000000 
7.660253 74.165123 4.975320 -14.040550 8.962948 0.000000 0.000000 
7.364152 74.360138 -8.276341 -6.831528 16.795967 0.000000 0.000000 
7.160709 74.395622 2.162216 -7.621398 15.842457 0.000000 0.000000 
7.325734 74.395126 3.548792 -5.667084 17.772110 0.000000 0.000000 
6.989649 74.484085 -5.642823 -6.304885 17.777702 0.000000 0.000000 
31.388433 67.547363 -2.535176 -6.836267 10.398182 0.000000 0.000000 
32.673565 66.962593 2.210956 -10.322205 8.293030 0.000000 0.000000 
28.863308 68.871010 2.838287 -8.790245 8.890175 0.000000 0.000000 
31.076797 67.847626 -0.791360 -5.761559 12.190807 0.000000 0.000000 
6.960417 74.741783 -4.953331 -15.446220 10.861980 0.000000 0.000000 
7.893515 74.748466 2.580861 -3.766243 17.704674 0.000000 0.000000 
8.262055 74.723495 3.333418 -14.043715 15.381386 0.000000 0.000000 
31.522402 67.943619 -0.604005 -9.097107 9.231571 0.000000 0.000000 
33.854004 66.773773 3.853091 -6.163719 10.303646 0.000000 0.000000 
30.615099 68.483154 -1.591045 -8.539018 10.317505 0.000000 0.000000 
6.633820 75.131935 3.517911 -7.522476 16.939194 0.000000 0.000000 
7.095042 75.111023 1.818087 -18.004066 6.943169 0.000000 0.000000 
8.954749 74.984123 3.147877 -6.149147 18.310276 0.000000 0.000000 
8.997557 75.053871 3.324157 -6.455886 18.043655 0.000000 0.000000 
6.531338 75.338768 4.540057 -2.955299 21.562057 0.000000 0.000000 
30.263290 68.964142 1.602669 -10.120171 11.135998 0.000000 0.000000 
30.621078 68.914627 3.957500 -4.834320 12.051468 0.000000 0.000000 
31.694424 68.433319 2.730375 -9.252701 8.466858 0.000000 0.000000 
33.052574 68.018982 1.315237 -9.766144 8.638428 0.000000 0.000000 
6.824308 75.713310 6.491640 -5.277992 19.182487 0.000000 0.000000 
6.694942 75.741867 6.547991 -10.074547 18.505116 0.000000 0.000000 
30.088409 69.521988 2.662480 -3.120872 15.709394 0.000000 0.000000 
6.238364 75.822762 -9.707804 -9.119514 15.556030 0.000000 0.000000 
7.942908 75.895699 -1.993373 -16.048012 17.638031 0.000000 0.000000 
30.887213 69.448830 0.106697 -3.142609 14.295957 0.000000 0.000000 
6.766332 76.063934 4.135960 -5.996536 15.216690 0.000000 0.000000 
6.801935 76.159554 1.746809 -16.124908 17.547710 0.000000 0.000000 
30.458992 69.802284 -0.547291 -1.921295 16.783787 0.000000 0.000000 
29.383503 70.328644 3.243929 -9.084268 12.797318 0.000000 0.000000 
30.403219 69.868614 5.153505 -2.287445 16.515114 0.000000 0.000000 
29.860262 70.129562 11.757436 -14.176193 10.928215 0.000000 0.000000 
7.914580 76.162766 3.074241 -17.833275 10.732738 0.000000 0.000000 
29.795296 70.230751 3.993126 -3.607956 13.482305 0.000000 0.000000 
29.570417 70.433983 3.050499 -9.391313 12.928520 0.000000 0.000000 
7.674829 76.340385 1.630542 -13.387207 10.913971 0.000000 0.000000 
6.291018 76.657112 4.606206 -6.848207 16.481792 0.000000 0.000000 
30.874052 70.095612 -0.517302 -2.836807 14.028976 0.000000 0.000000 
8.062941 76.581261 4.428238 -16.121368 8.183792 0.000000 0.000000 
31.172552 70.049149 -1.072497 -8.621368 8.207909 0.000000 0.000000 
7.262603 76.852882 0.965633 -12.322037 11.019094 0.000000 0.000000 
30.304121 70.693550 4.935339 -8.345810 11.923256 0.000000 0.000000 
32.253628 69.843185 -0.547982 -7.817436 11.566925 0.000000 0.000000 
7.232829 76.949478 -11.082173 -6.010483 16.136478 0.000000 0.000000 
30.001581 70.949074 -1.347764 -9.659889 11.173080 0.000000 0.000000 
31.051037 70.506943 0.451574 -2.379219 13.431175 0.000000 0.000000 
6.976498 77.119812 3.647609 -8.204057 12.660503 0.000000 0.000000 
6.907244 77.348450 0.741355 -11.193779 12.681436 0.000000 0.000000 
6.938331 77.369347 4.094357 -8.257988 12.947225 0.000000 0.000000 
31.061554 70.841812 5.057806 -2.920265 14.893665 0.000000 0.000000 
6.932431 77.413628 -0.296588 -11.204758 11.566429 0.000000 0.000000 
30.407118 71.296349 2.331261 -6.341599 13.409622 0.000000 0.000000 
31.195107 70.994049 -3.416657 -7.040436 11.338573 0.000000 0.000000 
6.924828 77.566940 4.158747 -20.149406 7.140709 0.000000 0.000000 
30.999365 71.151680 -2.184739 -11.451813 12.439060 0.000000 0.000000 
6.893081 77.855377 3.815866 -16.869652 12.549108 0.000000 0.000000 
7.416896 78.167953 5.335641 -2.160225 19.115692 0.000000 0.000000 
30.559551 72.000168 -0.656275 -11.576286 11.024410 0.000000 0.000000 
7.047809 78.309700 -5.961171 1.051621 24.267853 0.000000 0.000000 
6.868052 78.327667 -7.204662 -2.879906 21.949059 0.000000 0.000000 
6.790268 78.383705 10.154327 -0.901634 19.560169 0.000000 0.000000 
6.831702 78.449326 8.206755 -7.252143 17.687855 0.000000 0.000000 
6.859350 78.656769 -7.917298 -9.166389 13.345516 0.000000 0.000000 
30.703854 72.407318 4.224752 -12.982117 6.363676 0.000000 0.000000 
6.452640 78.802361 9.589537 0.575577 22.911835 0.000000 0.000000 
31.761242 72.163338 -6.982961 -5.519586 11.459764 0.000000 0.000000 
7.319447 79.064072 2.413779 -4.654175 17.038353 0.000000 0.000000 
32.120274 72.270760 3.363151 1.802414 16.177128 0.000000 0.000000 
30.821043 72.943527 2.746282 -6.309700 9.928951 0.000000 0.000000 
31.591635 72.619293 2.759569 -1.308746 16.936901 0.000000 0.000000 
30.201328 73.276703 2.503314 -10.881348 16.929764 0.000000 0.000000 
6.416573 79.299072 4.321468 -5.858734 17.408863 0.000000 0.000000 
7.041534 79.284737 -8.279964 -3.550743 16.488968 0.000000 0.000000 
31.055176 72.957283 0.067923 -11.154716 7.450184 0.000000 0.000000 
6.855765 79.344635 5.449837 -12.486359 12.136074 0.000000 0.000000 
6.791463 79.604454 -7.347290 -8.891754 14.848095 0.000000 0.000000 
6.340755 79.648590 5.668924 -7.127792 16.127563 0.000000 0.000000 
6.884629 79.698227 9.889774 -6.152908 13.860161 0.000000 0.000000 
6.868081 79.835503 3.139313 -7.255805 16.708431 0.000000 0.000000 
5.542491 79.971008 5.707878 -6.581116 17.308228 0.000000 0.000000 
28.614609 74.647011 1.198013 -10.867546 10.358330 0.000000 0.000000 
6.694000 79.977165 4.474217 -8.244606 14.254005 0.000000 0.000000 
6.816173 79.970879 6.694477 -7.094872 15.962406 0.000000 0.000000 
5.611013 80.132332 5.802364 -4.514778 18.463196 0.000000 0.000000 
6.847081 80.060616 -6.992740 -3.602890 19.867855 0.000000 0.000000 
7.499425 80.025261 -9.565755 -5.328163 16.167030 0.000000 0.000000 
30.905483 73.971939 2.229973 -13.259201 7.644192 0.000000 0.000000 
5.032041 80.338295 -8.594192 -13.787178 10.994358 0.000000 0.000000 
5.896768 80.575645 6.486999 -6.001380 16.574440 0.000000 0.000000 
8.565565 80.471703 6.549675 -5.761055 17.149063 0.000000 0.000000 
32.972126 73.735519 1.215017 -6.875443 8.614979 0.000000 0.000000 
5.325654 80.995728 -8.638126 -8.826303 13.793518 0.000000 0.000000 
5.192499 81.045250 -8.037327 -10.474937 18.393742 0.000000 0.000000 
6.476825 80.974220 6.952559 -6.061090 17.207363 0.000000 0.000000 
33.213135 73.767235 1.344944 -7.470468 9.994222 0.000000 0.000000 
6.475304 81.007225 2.768973 -16.133026 11.593792 0.000000 0.000000 
6.198625 81.100624 2.629988 -17.615364 9.665806 0.000000 0.000000 
-6.781785 81.150185 -1.502426 -21.114082 7.111500 0.000000 0.000000 
5.631822 81.442825 3.195577 -15.540726 12.425529 0.000000 0.000000 
7.899304 81.269920 8.088012 -15.024078 12.580503 0.000000 0.000000 
-6.445982 81.488678 -1.021235 4.774796 24.543856 0.000000 0.000000 
-6.587174 81.506081 -1.585125 -1.357697 20.083759 0.000000 0.000000 
31.903543 75.066803 3.189263 -10.739792 7.508339 0.000000 0.000000 
-6.255157 81.795044 -0.833934 -11.529404 13.196991 0.000000 0.000000 
-6.620257 81.826180 -1.123808 3.116158 24.003075 0.000000 0.000000 
-6.544658 81.844490 -0.983918 1.195900 22.080360 0.000000 0.000000 
-6.613490 81.941101 -1.250066 -9.697061 13.393112 0.000000 0.000000 
32.299862 75.480957 2.124203 -17.083878 4.685390 0.000000 0.000000 
-6.217731 82.276871 -1.921090 -10.367723 14.555523 0.000000 0.000000 
6.229711 82.346283 3.904003 -7.231887 14.801407 0.000000 0.000000 
-6.796167 82.407074 -0.455235 -7.304588 16.556545 0.000000 0.000000 
-6.649894 82.555611 -0.686271 -8.068527 13.891563 0.000000 0.000000 
6.197159 82.706215 4.526993 -5.748979 18.350914 0.000000 0.000000 
6.077052 82.728516 3.823864 -8.323402 15.712261 0.000000 0.000000 
-6.729466 82.691841 -1.360858 -5.637199 14.245149 0.000000 0.000000 
-7.476586 83.003471 -3.141248 -8.991714 13.810722 0.000000 0.000000 
6.089538 83.156227 3.671957 -14.055603 9.136852 0.000000 0.000000 
-5.701028 83.514061 2.236993 -24.969040 8.048721 0.000000 0.000000 
-7.114225 83.513481 2.959593 -8.512207 14.878277 0.000000 0.000000 
-6.798202 83.548683 -0.119200 -3.829727 19.359501 0.000000 0.000000 
-6.556600 83.724831 -6.271970 0.020989 22.477394 0.000000 0.000000 
-6.674393 83.768845 2.440052 0.550705 20.150314 0.000000 0.000000 
-6.971894 83.855125 1.226046 -1.362320 20.647823 0.000000 0.000000 
-6.615360 83.890099 -5.900564 1.353295 22.174515 0.000000 0.000000 
-6.717435 83.978287 2.852961 -3.301170 18.312218 0.000000 0.000000 
-7.061847 83.962631 -0.217479 -11.802261 14.921623 0.000000 0.000000 
-6.254328 84.062119 7.124001 -17.464912 7.105263 0.000000 0.000000 
32.746471 77.338799 1.135330 -10.892677 7.462830 0.000000 0.000000 
-6.435719 84.329758 -0.315028 -13.228409 8.304218 0.000000 0.000000 
-6.788786 84.395851 -1.957686 -19.561111 10.051468 0.000000 0.000000 
-6.352914 84.447830 1.772820 -19.298317 6.614529 0.000000 0.000000 
6.498631 84.533043 -0.659394 -12.247513 9.466572 0.000000 0.000000 
27.837093 79.916046 -4.583332 -0.320617 17.061604 0.000000 0.000000 
28.179907 79.796394 -3.164161 -8.021225 10.907482 0.000000 0.000000 
-7.353663 84.632355 -0.587470 -20.874435 6.176437 0.000000 0.000000 
5.996415 84.896286 -0.945717 -13.711174 11.350147 0.000000 0.000000 
28.041653 80.258057 1.872286 -16.962585 6.317894 0.000000 0.000000 
44.428562 72.475822 -5.632736 -5.438362 7.239780 0.000000 0.000000 
44.210907 72.636986 4.368085 -1.642937 10.969131 0.000000 0.000000 
44.997429 72.175514 3.183786 -0.905830 11.061359 0.000000 0.000000 
44.308868 72.706024 3.471372 1.047821 11.458050 0.000000 0.000000 
31.516870 79.433243 3.378168 -13.287582 6.348423 0.000000 0.000000 
-6.816113 85.604538 -3.589947 -19.834274 4.029633 0.000000 0.000000 
32.946133 78.977257 2.934901 -14.461699 4.005962 0.000000 0.000000 
32.398643 79.247665 3.107747 -16.417351 5.318268 0.000000 0.000000 
44.964951 72.672226 2.151352 -10.782303 6.793684 0.000000 0.000000 
45.802731 72.159058 4.612781 -8.439240 7.104874 0.000000 0.000000 
27.780910 81.309616 -6.086217 -11.333710 9.092827 0.000000 0.000000 
44.051651 73.544235 3.241749 3.497238 13.495533 0.000000 0.000000 
45.412708 72.743881 3.087804 1.173844 13.893890 0.000000 0.000000 
44.227509 73.532455 -3.641577 -1.818825 11.734730 0.000000 0.000000 
43.958496 73.778427 4.442008 -3.329994 11.381516 0.000000 0.000000 
46.914181 72.450378 3.034319 -1.651138 10.623520 0.000000 0.000000 
43.499317 74.681511 3.257905 -2.171356 11.492143 0.000000 0.000000 
44.402313 74.298851 -4.765237 9.451866 20.094257 0.000000 0.000000 
44.783943 74.081757 3.333944 4.533364 15.196918 0.000000 0.000000 
46.547962 72.963608 3.585150 -5.189323 10.109829 0.000000 0.000000 
45.670132 73.601913 -2.868271 -4.410102 12.651302 0.000000 0.000000 
44.560909 74.372795 -4.626365 -0.360740 13.252228 0.000000 0.000000 
46.512653 73.166893 3.937238 0.575676 11.662842 0.000000 0.000000 
45.750717 74.050362 -4.042614 -7.179740 6.659218 0.000000 0.000000 
46.398384 73.697067 3.424235 4.722809 14.343403 0.000000 0.000000 
43.790424 75.366013 3.296387 2.809143 16.224411 0.000000 0.000000 
47.551086 72.996628 3.012753 9.086899 19.558815 0.000000 0.000000 
44.903915 74.751266 3.926076 6.980568 16.443840 0.000000 0.000000 
43.792931 75.557587 4.326354 8.267937 19.529873 0.000000 0.000000 
-5.508100 87.914177 -1.424002 -5.193291 13.227548 0.000000 0.000000 
43.988766 75.733940 3.854178 6.404862 17.009117 0.000000 0.000000 
43.918308 75.802757 3.809379 1.894066 15.955223 0.000000 0.000000 
43.260357 76.314964 2.934679 -0.943153 13.517147 0.000000 0.000000 
43.708755 76.056885 3.491981 0.205063 12.580559 0.000000 0.000000 
48.263775 73.093140 -5.895478 -6.399353 5.812130 0.000000 0.000000 
6.659464 88.197029 -0.045932 -20.391586 3.030624 0.000000 0.000000 
44.389008 75.896065 3.222919 -3.890640 9.247528 0.000000 0.000000 
44.113850 76.066765 -9.484433 1.293450 15.416767 0.000000 0.000000 
43.871971 76.357872 3.344149 3.877274 15.245144 0.000000 0.000000 
44.230267 76.141586 3.553174 7.578919 18.060066 0.000000 0.000000 
44.022652 76.294952 -5.385410 0.003441 13.674539 0.000000 0.000000 
-5.644975 88.488655 -1.142550 -12.939392 8.937065 0.000000 0.000000 
-5.647287 88.505325 -1.751204 -11.279808 9.392643 0.000000 0.000000 
42.941395 77.158737 -5.081745 -1.886986 12.761106 0.000000 0.000000 
44.012707 76.755714 3.509057 5.920052 17.429096 0.000000 0.000000 
-35.438980 81.409370 3.253618 -0.162872 16.795898 0.000000 0.000000 
43.939709 76.939827 -6.605215 7.139229 18.217010 0.000000 0.000000 
48.508224 74.000580 -7.207116 -3.086510 12.232952 0.000000 0.000000 
44.553528 76.706291 3.515753 -4.375175 10.747120 0.000000 0.000000 
44.740849 76.586540 -5.534443 0.020775 12.243572 0.000000 0.000000 
-6.011077 89.156853 -1.303757 -1.124214 17.613468 0.000000 0.000000 
45.431816 76.349045 -4.560380 0.979271 14.021873 0.000000 0.000000 
-5.539633 89.240013 -1.113018 -3.631020 14.972904 0.000000 0.000000 
-5.725060 89.253494 -1.223724 -3.762848 14.559566 0.000000 0.000000 
44.430782 77.024734 -4.971488 7.861084 19.275005 0.000000 0.000000 
-6.373821 89.261261 -1.651337 -9.342796 11.803715 0.000000 0.000000 
48.870029 74.187485 3.781352 -1.737442 10.603077 0.000000 0.000000 
44.206722 77.211868 -6.301888 -2.120209 11.825662 0.000000 0.000000 
44.149395 77.290176 -4.958553 3.200211 14.745018 0.000000 0.000000 
4.097263 89.537178 5.017159 11.134621 32.382530 0.000000 0.000000 
44.695087 77.089493 2.286763 -11.696915 6.799957 0.000000 0.000000 
-6.838586 89.493942 -1.324337 0.155159 16.338356 0.000000 0.000000 
-7.002272 89.495041 -1.419362 -0.210258 19.078560 0.000000 0.000000 
50.322865 73.495605 5.133741 -3.064674 12.092266 0.000000 0.000000 
-6.112638 89.637741 -0.943573 -1.355293 17.516884 0.000000 0.000000 
-6.907819 89.631523 -1.489039 3.689568 22.791634 0.000000 0.000000 
44.737984 77.492554 -5.460396 9.639641 20.026394 0.000000 0.000000 
-6.659251 89.764877 -0.379736 -9.347809 11.488294 0.000000 0.000000 
-35.696133 82.289536 3.346754 5.882760 19.041775 0.000000 0.000000 
45.049549 77.401123 -5.883131 -1.688408 12.175655 0.000000 0.000000 
-6.465562 89.876419 -1.509858 0.044709 17.151409 0.000000 0.000000 
-35.721977 82.382133 3.097767 -5.074584 12.151867 0.000000 0.000000 
45.205635 77.416748 3.801354 -3.903549 14.193868 0.000000 0.000000 
50.776154 73.694008 4.789780 -1.007370 13.146726 0.000000 0.000000 
44.994331 77.557999 2.650338 3.017739 13.936315 0.000000 0.000000 
45.358288 77.367630 1.720760 3.259163 12.156919 0.000000 0.000000 
-6.506384 90.005577 -1.185208 -9.255998 11.972889 0.000000 0.000000 
50.038998 74.319084 4.276607 -3.633270 10.304844 0.000000 0.000000 
-35.652977 82.592171 3.523917 7.765328 21.257179 0.000000 0.000000 
45.031502 77.666405 -4.324448 -1.753601 11.715611 0.000000 0.000000 
-6.868032 90.369949 -1.311748 -1.861687 16.524578 0.000000 0.000000 
-35.894703 82.866142 3.548090 4.684807 21.133358 0.000000 0.000000 
2.521291 90.696304 4.877237 -13.214821 7.567425 0.000000 0.000000 
51.448750 73.878845 5.884633 -2.021057 8.186459 0.000000 0.000000 
2.925822 90.713753 5.930111 -1.984230 18.128345 0.000000 0.000000 
-2.302401 90.756454 5.784950 -11.082878 12.590908 0.000000 0.000000 
-36.082260 82.963951 3.910151 6.982773 21.426888 0.000000 0.000000 
43.850063 78.990654 3.217068 -3.281967 10.102325 0.000000 0.000000 
50.861736 74.471375 5.483744 -2.151443 11.396423 0.000000 0.000000 
3.783820 90.831314 4.478937 16.551811 37.139603 0.000000 0.000000 
4.504171 90.835548 5.443169 16.207870 39.292137 0.000000 0.000000 
44.008869 79.044777 3.983838 -4.184669 6.354294 0.000000 0.000000 
45.969643 77.896904 1.493979 -6.424623 5.208492 0.000000 0.000000 
-36.147427 83.300682 2.213128 -2.161270 11.653980 0.000000 0.000000 
53.323956 72.963623 3.929408 -4.368546 4.008717 0.000000 0.000000 
-0.574439 91.165825 3.068117 9.794159 36.640087 0.000000 0.000000 
54.221294 72.434570 3.265863 2.528656 8.732693 0.000000 0.000000 
53.626221 72.900841 3.244991 2.048325 9.550171 0.000000 0.000000 
45.367756 78.914551 3.107707 -1.519119 7.625948 0.000000 0.000000 
45.335850 78.932053 0.393459 -8.094027 5.390873 0.000000 0.000000 
44.213840 79.632210 4.169473 -8.272981 6.712286 0.000000 0.000000 
54.314850 72.816368 3.717046 0.076599 6.720688 0.000000 0.000000 
44.018383 80.014648 -4.714833 -5.551964 7.831894 0.000000 0.000000 
44.632294 79.670135 -3.608181 -4.540290 7.727280 0.000000 0.000000 
44.344547 80.000381 -5.283722 -1.918762 10.121708 0.000000 0.000000 
43.806503 80.407585 2.498852 -2.640587 13.496803 0.000000 0.000000 
44.242111 80.573944 -5.239565 0.419007 14.613378 0.000000 0.000000 
-5.819057 92.260780 -1.192045 -5.400308 15.570026 0.000000 0.000000 
6.332238 92.228470 3.644280 -9.735107 13.539051 0.000000 0.000000 
44.247391 80.661491 -4.079434 -7.315804 12.656364 0.000000 0.000000 
-4.663446 92.387924 0.744435 -6.788589 15.570900 0.000000 0.000000 
43.795555 81.000633 -6.763818 -6.339630 9.729912 0.000000 0.000000 
44.448715 80.641518 -4.715166 -8.306854 9.765671 0.000000 0.000000 
-28.497690 87.880249 2.667691 3.243027 18.752132 0.000000 0.000000 
-28.401478 87.923706 3.027231 5.066674 20.516811 0.000000 0.000000 
44.458057 80.666634 2.890971 1.049561 11.590000 0.000000 0.000000 
-28.775768 87.911728 2.811021 -8.060333 10.313684 0.000000 0.000000 
-28.603067 88.074944 2.341526 -4.885810 11.971523 0.000000 0.000000 
-6.836798 92.566803 -2.399453 -9.474823 13.229774 0.000000 0.000000 
43.902630 81.346375 3.343096 8.104210 19.331959 0.000000 0.000000 
-28.416761 88.273796 2.300344 1.013352 16.940228 0.000000 0.000000 
7.024861 92.972939 4.588737 -12.325806 12.368980 0.000000 0.000000 
-28.471085 88.644859 3.138346 -2.412521 15.398193 0.000000 0.000000 
44.298752 81.642784 -6.357351 -1.721786 14.605760 0.000000 0.000000 
44.402592 81.609970 -5.540242 2.870156 14.748024 0.000000 0.000000 
-29.010828 88.579727 2.749469 -4.786598 14.743786 0.000000 0.000000 
-28.833492 88.663597 3.713302 5.281540 20.604946 0.000000 0.000000 
-28.415028 88.811302 2.631045 -2.603019 14.278835 0.000000 0.000000 
-32.618736 87.381035 2.919560 -4.993095 12.813019 0.000000 0.000000 
-31.948814 87.776535 2.299807 2.589684 17.695484 0.000000 0.000000 
5.453961 93.500450 2.941557 -9.740135 12.654396 0.000000 0.000000 
-28.030439 89.302444 3.256608 -0.234604 16.954647 0.000000 0.000000 
44.304485 82.111580 -4.587726 -0.277397 15.732868 0.000000 0.000000 
-27.316200 89.555992 2.931288 1.725586 18.476646 0.000000 0.000000 
42.868889 82.959389 2.785696 -10.879967 5.203291 0.000000 0.000000 
-28.905167 89.112198 2.674613 -5.233222 15.258434 0.000000 0.000000 
-27.593563 89.717560 2.931130 -0.450157 17.278824 0.000000 0.000000 
44.346375 82.586678 3.672352 11.223442 20.646801 0.000000 0.000000 
44.243217 82.749283 3.648258 7.205842 18.138157 0.000000 0.000000 
44.123131 82.814499 2.903796 11.191010 23.192436 0.000000 0.000000 
44.262028 82.744720 3.782127 9.336905 20.289558 0.000000 0.000000 
-28.034405 89.873978 2.224061 -1.299957 15.139820 0.000000 0.000000 
-8.498816 94.069000 3.408177 -7.106874 14.890999 0.000000 0.000000 
-6.310108 94.263184 -7.283964 -1.983612 16.404114 0.000000 0.000000 
-27.656452 90.186974 2.252115 -2.875595 14.885868 0.000000 0.000000 
44.436592 82.890717 3.650771 -2.054840 9.334043 0.000000 0.000000 
44.383289 83.028160 -5.943620 4.676690 17.528885 0.000000 0.000000 
6.544985 94.403778 1.862254 -9.239985 16.631668 0.000000 0.000000 
-28.633638 90.014633 1.440818 -2.607193 16.020046 0.000000 0.000000 
-6.078318 94.449898 5.631838 0.172280 16.712307 0.000000 0.000000 
44.332523 83.291122 2.851398 17.805382 28.448927 0.000000 0.000000 
44.567432 83.167725 -4.444917 23.334366 34.141827 0.000000 0.000000 
44.404530 83.293175 3.521586 8.407845 19.870010 0.000000 0.000000 
-7.022085 94.606964 3.813943 -1.218727 18.281193 0.000000 0.000000 
-7.340010 94.690079 3.685099 -6.052979 16.725681 0.000000 0.000000 
44.405685 83.481354 2.702673 15.554588 27.797626 0.000000 0.000000 
-7.216537 94.745705 -15.418817 -0.109817 18.079208 0.000000 0.000000 
-6.787406 94.803940 -7.692590 1.924179 19.979309 0.000000 0.000000 
44.399582 83.520576 3.270736 22.967125 33.949394 0.000000 0.000000 
44.280621 83.590149 3.281905 9.883263 21.671329 0.000000 0.000000 
-7.134344 94.800774 5.435451 1.606713 19.548565 0.000000 0.000000 
-28.475798 90.530319 4.629763 1.112602 18.008091 0.000000 0.000000 
44.381413 83.661842 3.852468 -6.591080 6.765707 0.000000 0.000000 
43.633404 84.166451 3.351836 -7.414917 5.850838 0.000000 0.000000 
-6.737421 95.074356 -1.552766 -5.311212 17.492786 0.000000 0.000000 
43.657841 84.330193 2.652909 -2.615158 9.941072 0.000000 0.000000 
44.521332 83.858032 3.261637 2.455178 12.228981 0.000000 0.000000 
-6.561233 95.258125 8.629260 4.033371 23.151199 0.000000 0.000000 
-5.603109 95.381050 7.043603 -4.144905 18.473621 0.000000 0.000000 
44.651264 83.955307 -4.362797 -8.978227 12.233566 0.000000 0.000000 
44.467045 84.100410 2.586048 5.965539 20.074650 0.000000 0.000000 
-5.894968 95.419144 -0.321394 -4.822196 15.778435 0.000000 0.000000 
43.247063 84.772087 2.566283 -8.666496 5.416071 0.000000 0.000000 
44.470013 84.139153 -5.060962 -6.069892 8.035259 0.000000 0.000000 
-7.260788 95.456856 4.572326 -3.278694 16.575096 0.000000 0.000000 
-6.324983 95.619026 4.916888 -1.621979 16.918278 0.000000 0.000000 
-7.118363 95.650368 3.327131 -6.914139 17.777351 0.000000 0.000000 
-7.529767 95.716347 -9.029888 -4.469688 15.215149 0.000000 0.000000 
-5.292170 96.041756 -1.226710 -6.821892 13.419472 0.000000 0.000000 
-6.411263 96.080040 5.714175 -1.164452 19.628906 0.000000 0.000000 
-9.065957 95.879494 2.466172 -5.175933 17.625900 0.000000 0.000000 
-8.602709 95.951187 -11.635058 -2.099174 16.700939 0.000000 0.000000 
-7.551877 96.059380 2.060600 1.377976 20.022781 0.000000 0.000000 
44.340340 85.069984 -6.341117 1.978005 13.380113 0.000000 0.000000 
-7.254970 96.188202 -14.035340 -6.947074 12.155357 0.000000 0.000000 
-6.886546 96.229492 14.372724 -7.143907 13.326809 0.000000 0.000000 
45.025799 84.818497 -5.065061 -6.508430 9.141472 0.000000 0.000000 
-5.400635 96.564316 11.309603 -9.015938 13.708858 0.000000 0.000000 
44.331570 85.476768 3.283692 -4.733087 9.336563 0.000000 0.000000 
-6.302194 96.539558 -1.734653 -17.776436 7.067070 1.000000 1.000000 
-4.903442 96.679169 11.176215 -5.933412 15.080181 0.000000 0.000000 
-5.078037 96.713120 7.652001 -7.967317 13.695534 0.000000 0.000000 
44.306366 85.745750 3.497884 -6.318771 6.585770 0.000000 0.000000 
8.423473 96.684494 3.372284 -6.435945 14.318653 0.000000 0.000000 
-6.602494 96.856316 -13.185401 -4.317504 15.370792 0.000000 0.000000 
43.924030 86.233650 -7.628331 -0.706436 11.287334 0.000000 0.000000 
-7.710604 96.895226 6.473291 -2.505661 17.173977 0.000000 0.000000 
44.146450 86.144295 -5.836374 4.566628 15.575737 0.000000 0.000000 
44.313786 86.162209 3.341775 15.328888 23.989716 0.000000 0.000000 
42.983299 86.982262 3.945256 -8.257347 4.653851 0.000000 0.000000 
44.272408 86.432816 -5.295356 -9.741783 4.527338 0.000000 0.000000 
44.353973 86.386940 2.627825 0.960854 13.033382 0.000000 0.000000 
44.238884 86.470802 3.106764 2.877342 15.524902 0.000000 0.000000 
-6.082415 97.419868 -9.981662 -10.090637 11.901932 0.000000 0.000000 
-6.172351 97.647629 -9.439210 -10.049095 11.141273 0.000000 0.000000 
45.796616 85.942703 1.980538 -8.647424 4.256409 0.000000 0.000000 
-34.913891 91.148514 17.482672 -6.361328 12.597196 0.000000 0.000000 
44.163597 86.907997 3.186379 20.112053 29.009417 0.000000 0.000000 
44.064381 86.968178 3.580211 20.531631 29.892982 0.000000 0.000000 
43.778816 87.184731 1.664770 -4.840080 10.362152 0.000000 0.000000 
10.162352 97.535583 3.329194 -6.700859 12.329679 0.000000 0.000000 
44.057915 87.171150 3.197598 20.574287 31.114830 0.000000 0.000000 
-7.825901 97.789360 0.449174 -8.200212 9.614555 0.000000 0.000000 
9.862502 97.597443 2.091239 -9.089584 12.268070 0.000000 0.000000 
43.914139 87.271187 2.636619 5.113266 16.521355 0.000000 0.000000 
43.365261 87.556969 3.523487 16.014885 27.163475 0.000000 0.000000 
7.069295 98.244843 -7.000052 -4.311882 14.178741 0.000000 0.000000 
6.680363 98.276947 -7.337167 -5.973099 13.381996 0.000000 0.000000 
44.959675 87.198647 3.684531 10.379860 21.416447 0.000000 0.000000 
45.153549 87.115150 2.665468 10.427979 21.296490 0.000000 0.000000 
45.100586 87.204109 3.067054 21.561417 29.741724 0.000000 0.000000 
45.731102 86.873962 3.153766 20.666672 30.466719 0.000000 0.000000 
45.801514 86.894661 3.389874 10.515671 20.777176 0.000000 0.000000 
44.054585 87.962006 3.229922 11.181419 22.183071 0.000000 0.000000 
6.064389 98.691437 1.655565 -12.707588 8.571568 0.000000 0.000000 
44.357582 87.888657 2.783300 -3.018974 9.456676 0.000000 0.000000 
44.170177 88.069626 2.909945 19.410461 31.370125 0.000000 0.000000 
44.264465 88.052826 3.170866 10.998642 22.795685 0.000000 0.000000 
43.601124 88.422195 4.518453 -0.753441 12.424839 0.000000 0.000000 
44.492100 88.099350 3.475074 -6.816757 6.470016 0.000000 0.000000 
45.603363 87.678886 2.031473 4.821290 17.044502 0.000000 0.000000 
6.519234 99.138222 -6.345183 -12.472984 10.288957 0.000000 0.000000 
5.756538 99.194450 -0.425348 -13.736473 9.332691 0.000000 0.000000 
44.383030 88.458878 -6.923347 -7.253816 8.880939 0.000000 0.000000 
43.962219 88.689728 4.031993 -10.606285 3.736835 0.000000 0.000000 
-5.785442 99.346985 -1.695883 4.868470 21.479321 0.000000 0.000000 
-5.832374 99.392410 -1.085514 8.053108 23.790005 0.000000 0.000000 
-5.933583 99.471794 -1.423014 5.408387 20.695244 0.000000 0.000000 
44.093845 88.939674 3.582021 7.594422 18.147602 0.000000 0.000000 
44.094143 89.011154 3.603631 9.937737 18.937889 0.000000 0.000000 
-5.897665 99.625710 -1.342862 -3.453125 14.816673 0.000000 0.000000 
45.605621 88.327812 3.347932 -2.166306 13.792412 0.000000 0.000000 
-5.771721 99.721085 1.282158 -10.849960 8.543381 0.000000 0.000000 
-5.972644 99.712852 -1.378632 9.199577 25.961449 0.000000 0.000000 
44.061974 89.213570 3.068396 5.492173 16.569550 0.000000 0.000000 
-5.925926 99.747673 -1.468450 6.535416 22.995956 0.000000 0.000000 
44.358433 89.072632 3.624189 1.922760 14.316063 0.000000 0.000000 
43.836567 89.340652 2.980088 -5.664199 7.812813 0.000000 0.000000 
43.893661 89.427635 2.043389 -10.628464 2.460605 0.000000 0.000000 
-6.167694 99.845093 -1.715436 0.398278 18.144413 0.000000 0.000000 
-36.323402 93.016418 10.558846 -11.900467 8.646606 0.000000 0.000000 
-5.912084 99.965012 -1.482492 -4.617967 14.029819 0.000000 0.000000 
44.389721 89.362770 3.844340 0.886826 13.208141 0.000000 0.000000 
-34.915184 93.672127 6.496255 -4.123940 12.610477 0.000000 0.000000 
44.347527 89.520187 2.687191 1.724442 11.921692 0.000000 0.000000 
44.266071 89.671829 4.030145 10.549316 19.460934 0.000000 0.000000 
-34.444687 94.372253 -10.027113 -5.385162 10.654778 0.000000 0.000000 
44.791237 89.745773 3.248688 -3.941383 11.284294 0.000000 0.000000 
44.618717 89.848961 3.142263 7.921120 19.753284 0.000000 0.000000 
-8.440333 100.373299 3.745914 -13.112288 7.463654 0.000000 0.000000 
44.683735 89.868591 3.418979 -0.049637 10.014030 0.000000 0.000000 
44.425159 90.011391 4.166562 10.783791 23.079147 0.000000 0.000000 
44.707912 89.883514 3.452446 4.357392 14.117367 0.000000 0.000000 
44.925068 89.768593 -5.237781 14.713470 24.262115 0.000000 0.000000 
44.589428 89.962952 -6.155381 12.184723 23.330124 0.000000 0.000000 
45.025433 89.744171 -5.631159 16.496246 26.433872 0.000000 0.000000 
-8.232673 100.488777 4.402442 -10.983948 8.838215 0.000000 0.000000 
-8.336734 100.602226 -6.424906 -7.578826 10.987988 0.000000 0.000000 
-36.060795 94.170349 12.328494 -3.329193 15.177044 0.000000 0.000000 
44.832455 90.189507 1.797848 2.408463 14.218334 0.000000 0.000000 
-6.336340 100.991478 -4.813722 -9.217072 7.134369 0.000000 0.000000 
-7.620903 101.287460 2.196794 -12.625481 6.976965 0.000000 0.000000 
-6.456755 101.445152 1.591607 -10.502243 9.094646 0.000000 0.000000 
43.429779 91.481010 3.814888 -3.730652 7.409351 0.000000 0.000000 
44.656727 90.955521 4.757720 15.842163 25.356281 0.000000 0.000000 
-6.821114 101.513107 2.234040 -1.210587 18.193356 0.000000 0.000000 
-37.737411 94.281975 8.500648 2.242714 19.154339 0.000000 0.000000 
-6.717183 101.646042 3.032357 -14.154343 5.758678 0.000000 0.000000 
-39.400658 93.606216 3.766589 -4.929946 12.944210 0.000000 0.000000 
43.825024 91.528809 5.340070 10.464920 24.792854 0.000000 0.000000 
43.866688 91.521240 4.403336 14.973000 26.585606 0.000000 0.000000 
44.775307 91.065376 3.467434 7.656357 20.538147 0.000000 0.000000 
44.733295 91.093498 4.153628 -5.137253 7.925388 1.000000 1.000000 
43.557907 91.725174 4.179415 15.183411 26.881153 0.000000 0.000000 
-6.199025 101.734764 2.896236 -4.575807 14.244453 0.000000 0.000000 
-6.779849 101.769379 2.500958 2.676972 19.492508 0.000000 0.000000 
-7.056473 101.914581 -3.418960 -9.173387 14.011116 0.000000 0.000000 
-6.381057 101.998512 -3.047841 -4.259933 13.729772 0.000000 0.000000 
44.776890 91.550125 3.932042 3.960968 14.290279 0.000000 0.000000 
-6.686811 102.146317 -3.756045 -4.059700 17.522861 0.000000 0.000000 
-30.415886 97.565956 -13.496902 2.227692 19.996490 0.000000 0.000000 
-7.104125 102.129303 -4.343573 2.308136 21.470085 0.000000 0.000000 
-7.134488 102.158867 -3.894063 -3.209618 16.448223 0.000000 0.000000 
45.526825 91.386147 4.095968 -4.245331 8.804504 0.000000 0.000000 
-37.733513 95.065071 11.672889 2.642983 16.996933 0.000000 0.000000 
44.048119 92.311249 -7.497787 7.429703 17.690491 0.000000 0.000000 
-6.743872 102.511703 2.545270 -2.399315 14.160351 0.000000 0.000000 
-35.525352 96.211693 6.201219 -1.257431 17.135029 0.000000 0.000000 
43.956390 92.594589 3.761667 6.970047 18.398403 0.000000 0.000000 
-29.767282 98.377312 6.092292 1.828415 17.477554 0.000000 0.000000 
44.193359 92.550110 -4.697909 4.846940 17.405128 0.000000 0.000000 
-29.365940 98.524963 6.800955 -0.663147 18.368107 0.000000 0.000000 
45.138882 92.262276 -6.201455 2.429360 15.967464 0.000000 0.000000 
-6.550603 102.914070 -4.938910 -5.396019 12.226398 0.000000 0.000000 
-30.428263 98.361069 -13.285803 1.998535 16.861416 0.000000 0.000000 
-32.732376 97.792442 -14.468528 -3.444038 12.545498 0.000000 0.000000 
43.976105 93.105125 -4.789036 10.640100 23.760803 0.000000 0.000000 
-31.321957 98.522522 7.121351 -2.211403 16.519073 0.000000 0.000000 
45.141613 92.797905 3.126865 4.938607 15.796928 0.000000 0.000000 
-4.867741 103.487442 1.748850 -15.013115 5.734962 0.000000 0.000000 
45.200748 92.773109 4.122917 -0.049446 12.900009 0.000000 0.000000 
44.301712 93.336563 -5.471014 12.792313 25.152264 0.000000 0.000000 
-28.078053 99.729683 7.519185 -4.377313 14.821884 0.000000 0.000000 
44.329685 93.448677 -5.557332 -1.302536 11.401090 0.000000 0.000000 
7.279786 103.632149 7.281784 -7.398911 10.586502 0.000000 0.000000 
44.668999 93.360909 -0.764613 0.834915 11.243839 0.000000 0.000000 
44.722031 93.357910 -4.646639 -0.982147 11.924085 0.000000 0.000000 
-27.676947 100.109253 8.094466 5.575715 21.347420 0.000000 0.000000 
-28.833382 99.798546 -11.682990 -2.087883 14.631761 0.000000 0.000000 
-27.857115 100.119423 7.119358 5.812775 21.187134 0.000000 0.000000 
-28.454174 99.975655 -11.126031 4.794358 19.087269 0.000000 0.000000 
44.264347 93.893417 -7.446391 8.853249 19.369061 0.000000 0.000000 
44.733292 93.693085 3.225344 5.672463 17.608330 0.000000 0.000000 
44.285961 93.942436 3.903647 11.088371 21.217232 0.000000 0.000000 
44.285469 93.952950 4.342027 6.247902 19.703049 0.000000 0.000000 
44.548004 93.846016 5.071710 -0.874962 9.543037 0.000000 0.000000 
43.938572 94.362877 3.234828 4.853913 16.756081 0.000000 0.000000 
44.810814 93.977890 3.102603 6.705239 16.976456 0.000000 0.000000 
44.582405 94.091293 2.961742 5.823487 17.450687 0.000000 0.000000 
-27.767107 100.631615 10.233189 -3.113792 15.952728 0.000000 0.000000 
44.244694 94.347710 -8.235132 10.568565 23.722012 0.000000 0.000000 
44.535175 94.243217 2.281838 11.413216 21.802776 0.000000 0.000000 
45.780159 93.877831 -8.047426 10.463890 21.425537 0.000000 0.000000 
-6.513655 104.691383 -2.431530 -11.087540 11.731339 0.000000 0.000000 
46.018799 93.841629 4.048808 8.269608 17.733360 0.000000 0.000000 
44.716908 94.630020 5.614606 4.133492 17.039776 0.000000 0.000000 
45.728214 94.255295 -6.745656 3.244957 15.727943 0.000000 0.000000 
6.425192 105.097023 5.824849 -12.675743 7.719563 0.000000 0.000000 
-28.124664 101.357758 8.714696 -0.656212 15.527340 0.000000 0.000000 
45.056705 94.779648 3.229404 5.618905 17.265408 0.000000 0.000000 
-28.157963 101.456383 7.420028 -1.023727 15.542603 0.000000 0.000000 
45.318417 95.024406 -8.655023 0.252724 12.815960 0.000000 0.000000 
-27.802450 101.898605 8.499047 -3.845567 13.537004 0.000000 0.000000 
45.662560 94.959114 3.119814 -0.705337 11.041153 0.000000 0.000000 
46.486526 94.541382 5.607090 -1.563324 11.141571 0.000000 0.000000 
7.311747 105.556160 0.241920 -9.438553 8.981503 0.000000 0.000000 
-31.024841 100.982010 11.067679 -8.281372 12.065784 0.000000 0.000000 
-40.813656 97.391006 9.574416 -6.489295 9.407627 0.000000 0.000000 
-42.401436 96.756874 8.155654 -9.807426 6.843155 0.000000 0.000000 
-42.697697 96.871536 7.741969 -2.265488 13.758507 0.000000 1.000000 
-30.653030 101.552856 0.465049 -9.808571 9.611961 0.000000 0.000000 
-32.777237 100.937515 12.276595 -5.649734 11.288143 0.000000 0.000000 
-30.988201 101.617332 9.810144 -11.887215 7.651176 0.000000 0.000000 
96.458199 38.687748 1.168834 8.904381 7.029079 1.000000 1.000000 
5.400480 106.488564 4.399962 -17.356789 5.336086 0.000000 0.000000 
-29.300446 102.554871 7.638955 -8.205444 9.329098 0.000000 0.000000 
-33.463894 101.226471 10.174090 -4.357574 13.998886 0.000000 0.000000 
-31.821712 101.802917 11.045676 -6.060081 11.826874 0.000000 0.000000 
-28.900282 102.913933 12.814122 -7.587625 10.921112 0.000000 0.000000 
-45.521152 96.476814 4.703073 -5.140686 10.392235 0.000000 0.000000 
-44.943989 96.783905 3.366533 -3.543732 12.083160 0.000000 0.000000 
-43.455013 97.700562 6.107002 -3.027664 10.601242 0.000000 0.000000 
-44.017982 97.527344 7.577845 -5.561874 13.131401 0.000000 0.000000 
-27.849173 103.691803 9.405079 -5.131227 11.418569 0.000000 0.000000 
44.635925 97.533005 5.694347 1.937905 14.680973 0.000000 0.000000 
44.295177 97.705315 2.195496 3.426056 15.008392 0.000000 0.000000 
36.086117 101.277252 3.370617 -6.418975 11.923969 0.000000 0.000000 
43.905579 98.054733 -8.180590 -11.476082 8.316071 0.000000 0.000000 
-6.573660 107.709511 -0.622171 -5.055244 13.428371 0.000000 0.000000 
-6.527596 107.719505 -0.645906 -0.981483 16.118320 0.000000 0.000000 
9.133205 107.524651 2.300058 -15.854424 7.053152 0.000000 0.000000 
-45.415913 97.879257 6.868419 -3.345963 10.705143 0.000000 0.000000 
-6.917982 108.133453 -0.789062 -14.104439 5.996693 0.000000 0.000000 
7.766233 108.160492 1.482195 -0.946457 16.793987 0.000000 0.000000 
-6.493193 108.248581 -0.436807 -0.253097 16.941017 0.000000 0.000000 
7.640580 108.205536 2.018358 -4.453018 13.660642 0.000000 0.000000 
7.865320 108.267189 2.116508 -6.386154 13.320663 0.000000 0.000000 
9.262490 108.157845 11.894581 -11.283401 12.534902 0.000000 0.000000 
6.387803 108.483719 11.452822 -2.960381 15.925179 0.000000 0.000000 
43.740532 99.182350 5.089177 5.059098 17.858585 0.000000 0.000000 
44.795933 98.707603 5.424492 10.329399 20.721436 0.000000 0.000000 
6.972900 108.612122 -6.294821 -5.889572 12.834347 0.000000 0.000000 
43.778320 99.390335 6.029001 -0.285141 15.189583 0.000000 0.000000 
6.686105 108.759140 10.623113 -4.869882 15.726326 0.000000 0.000000 
43.550667 99.541718 3.698281 -5.524719 6.828262 0.000000 0.000000 
-33.839054 103.638718 16.235075 -6.680511 9.856407 0.000000 0.000000 
45.147099 99.203438 -6.487057 -1.884453 10.956455 0.000000 0.000000 
45.282913 99.242226 -4.589160 -0.165825 12.181679 0.000000 0.000000 
6.475136 109.297157 -9.729762 -0.961494 15.807630 0.000000 0.000000 
-33.493267 104.571213 12.591038 -9.910797 8.406086 0.000000 0.000000 
5.043040 109.967476 4.534314 -11.966537 9.382545 0.000000 0.000000 
6.290023 109.924858 -9.134050 -3.329300 13.569149 0.000000 0.000000 
7.299260 109.871658 -7.566385 -12.065125 9.580898 0.000000 0.000000 
5.479423 110.030426 4.396423 -4.624214 15.218639 0.000000 0.000000 
45.373028 100.130943 6.024052 0.338440 13.110832 0.000000 0.000000 
44.252586 100.666733 4.715684 3.449799 15.882122 0.000000 0.000000 
44.816746 100.551353 -7.407968 0.655411 13.353100 0.000000 0.000000 
6.513421 110.279381 -8.594961 -12.276268 7.815350 0.000000 0.000000 
4.476941 110.453476 4.339925 -9.791534 10.103372 0.000000 0.000000 
4.681596 110.474693 5.003090 -8.026917 11.765667 0.000000 0.000000 
45.278980 100.510277 6.351536 -6.130937 7.372417 0.000000 0.000000 
5.640532 110.589600 5.894390 -9.440637 12.111843 0.000000 0.000000 
4.592027 110.640739 5.182244 -9.516113 11.238823 0.000000 0.000000 
5.835955 110.768066 5.222939 -7.104370 11.276405 0.000000 0.000000 
-36.636555 104.477036 8.900524 -6.303482 10.107773 0.000000 0.000000 
-37.244217 104.494133 13.467227 -8.347528 8.412148 0.000000 0.000000 
-46.503826 100.565643 4.397727 -1.212616 9.960949 0.000000 0.000000 
8.039017 110.911736 1.909097 -12.239923 7.492882 0.000000 0.000000 
4.690828 111.280296 3.816530 -9.867615 11.662621 0.000000 0.000000 
-46.158287 101.097023 4.384839 -6.404114 7.794624 0.000000 0.000000 
-6.282058 111.414192 -0.965008 -16.115028 6.113686 0.000000 0.000000 
-46.053699 101.263611 4.213218 -9.126390 5.485641 0.000000 0.000000 
6.275419 111.577896 0.840597 -3.976547 12.439964 0.000000 0.000000 
5.065009 111.697662 4.782129 -11.403130 8.648262 0.000000 0.000000 
-6.150327 111.679443 -1.433259 -14.124701 7.870628 0.000000 0.000000 
6.100937 111.752983 3.408720 -6.856452 12.998352 0.000000 0.000000 
-45.580631 101.896301 3.363784 -4.345436 9.852184 0.000000 0.000000 
6.248922 111.914619 -7.864841 -7.803268 8.949924 0.000000 0.000000 
-46.020901 101.849876 2.211302 -8.387512 6.893902 0.000000 0.000000 
-46.910236 101.553871 4.168974 -3.909866 8.771080 0.000000 0.000000 
5.832139 112.189049 2.405670 -6.244142 11.143036 0.000000 0.000000 
-6.965162 112.151588 -2.209822 -11.735077 7.939404 0.000000 0.000000 
-32.457470 107.543159 -12.626784 -14.648987 6.205276 0.000000 0.000000 
-5.574186 112.511047 5.534026 -12.748405 7.872231 0.000000 0.000000 
6.051631 112.501297 3.068407 -12.359520 5.676041 0.000000 0.000000 
-5.848449 112.605965 0.006886 -13.009796 7.973061 0.000000 0.000000 
6.625103 112.858513 2.888709 -13.252028 4.448595 0.000000 0.000000 
6.375293 112.972214 -7.844553 -7.462532 11.000263 0.000000 0.000000 
6.214100 113.027740 3.658237 -4.081420 13.057014 0.000000 0.000000 
6.199111 113.049889 -8.321426 -8.430740 10.316257 0.000000 0.000000 
7.220865 113.009819 -7.054716 -8.286293 10.929451 0.000000 0.000000 
46.930248 102.815712 -0.492723 -11.667793 5.854816 0.000000 1.000000 
-5.811217 113.300735 2.283019 -5.073631 12.967819 0.000000 0.000000 
6.977276 113.382217 3.772105 -8.919122 8.862774 0.000000 0.000000 
7.589438 113.377342 -6.223732 -12.776299 8.951565 0.000000 0.000000 
6.572777 113.686401 2.706313 -6.190758 10.740232 0.000000 0.000000 
6.405879 113.705460 3.830010 -6.538536 10.526932 0.000000 0.000000 
6.728716 113.854301 3.330388 -1.466736 15.087547 0.000000 0.000000 
7.031762 113.863243 4.094872 -4.394531 13.348579 0.000000 0.000000 
6.486618 113.905876 4.148819 -2.053246 13.768865 0.000000 0.000000 
6.391354 113.982979 3.654700 -7.393495 10.212303 0.000000 0.000000 
7.143330 114.004768 3.550959 -5.164551 13.085979 0.000000 0.000000 
7.413302 114.046906 -7.276122 -9.120934 10.755184 0.000000 0.000000 
27.339918 110.854774 -0.562665 -10.449333 7.395895 0.000000 0.000000 
6.561062 114.276443 3.374019 -5.034081 10.143169 0.000000 0.000000 
6.654922 114.337135 3.075974 -3.761307 13.976354 0.000000 0.000000 
7.028022 115.052055 3.178003 -9.924088 8.057739 0.000000 0.000000 
6.133447 115.201279 4.634246 -15.618958 6.504658 0.000000 0.000000 
26.299685 112.267700 0.297080 -12.860565 6.072845 0.000000 0.000000 
6.229493 115.411957 -7.526143 -3.774606 11.727646 0.000000 0.000000 
6.414131 115.468460 3.066115 -4.621635 10.928406 0.000000 0.000000 
6.144168 115.636040 4.918149 -8.022354 9.815105 0.000000 0.000000 
5.991574 115.714401 -8.236458 -5.069946 11.290634 0.000000 0.000000 
6.126337 115.976357 -6.447143 -13.641739 5.525532 0.000000 0.000000 
7.873649 115.958931 -6.662533 -12.495827 5.619415 0.000000 0.000000 
7.981710 116.144882 2.110089 -2.429718 13.777390 0.000000 0.000000 
-7.034453 116.287598 -1.834310 -4.836891 10.822782 0.000000 0.000000 
6.337059 116.391747 4.404065 -6.917633 8.675404 0.000000 0.000000 
7.445144 116.402405 1.593189 -8.385223 10.334126 0.000000 0.000000 
7.608145 116.416679 2.583502 -0.227478 15.157352 0.000000 0.000000 
-6.890131 116.819473 -1.658016 -5.697608 12.284534 0.000000 0.000000 
-7.120249 116.856781 -1.333790 -12.632568 7.677933 0.000000 0.000000 
24.475777 114.443527 0.442350 -16.022133 5.907223 0.000000 0.000000 
-31.396057 113.072983 11.585901 -12.374779 7.024557 0.000000 0.000000 
-38.548779 110.918571 -12.985914 -17.518700 5.769714 0.000000 0.000000 
42.958458 109.223434 2.128235 -12.304955 3.050277 0.000000 0.000000 
-6.958616 117.554878 -2.007234 -9.893288 7.994360 0.000000 0.000000 
-7.178709 118.023636 2.023954 -5.517586 12.978611 0.000000 1.000000 
-14.096973 117.461922 3.247134 -11.968170 7.333088 0.000000 0.000000 
-7.201591 118.165176 -4.089320 -11.176666 6.940588 0.000000 0.000000 
-14.632442 117.570999 2.889673 -12.041519 9.821362 0.000000 0.000000 
-5.522706 118.521553 4.933777 -14.881210 7.105337 0.000000 0.000000 
-7.161240 118.750999 2.286110 -2.460144 11.001720 0.000000 0.000000 
-5.745458 118.869827 2.765707 -3.833755 12.227478 0.000000 0.000000 
-5.628942 119.096024 4.636784 -4.558517 11.032247 0.000000 0.000000 
-6.162023 119.122063 6.827960 -0.938804 15.903778 0.000000 0.000000 
-7.119343 119.259865 1.942860 8.957428 22.322441 0.000000 0.000000 
-7.060986 119.270134 0.341340 7.690217 20.220844 0.000000 0.000000 
-6.964328 119.325829 2.320704 0.360840 15.829090 0.000000 0.000000 
-7.247379 119.313850 1.087146 -13.182510 7.134140 0.000000 0.000000 
-7.380601 119.463203 1.104247 7.293702 22.100243 0.000000 0.000000 
-6.814598 119.498230 1.070226 3.036896 17.601421 0.000000 0.000000 
-7.235616 119.519615 2.221661 -12.454834 6.151333 0.000000 0.000000 
44.559429 110.901627 4.430789 -8.419197 5.446087 0.000000 0.000000 
-4.432465 119.954765 5.384618 -15.356102 6.349277 0.000000 0.000000 
-7.390934 119.842949 -2.585052 -14.801994 5.340288 0.000000 0.000000 
-5.563387 120.131454 -2.839357 -15.275360 4.490170 0.000000 0.000000 
-5.684971 120.420204 -7.979102 -7.309104 10.081646 0.000000 0.000000 
44.472408 111.883995 -1.155439 -9.581032 5.992245 0.000000 0.000000 
56.259422 106.313812 4.072285 -2.604469 5.686771 0.000000 0.000000 
6.323553 120.998077 -13.584270 -10.155396 7.596870 0.000000 0.000000 
-27.787422 118.206558 -2.349560 -12.354507 6.246761 0.000000 0.000000 
45.078957 113.098976 4.275035 -10.067245 3.997658 0.000000 0.000000 
6.384202 122.380516 -12.010818 -5.904465 11.051946 0.000000 0.000000 
-30.087349 118.900696 -15.154513 -6.199684 9.180715 0.000000 0.000000 
8.971889 122.555428 2.164671 -8.780502 9.771465 0.000000 0.000000 
-30.654705 119.487144 9.786474 -3.035728 11.200161 0.000000 0.000000 
-29.865494 119.814804 13.345416 -5.760674 8.689529 0.000000 0.000000 
-29.904095 119.950699 13.349631 -9.188484 8.791840 0.000000 0.000000 
9.074007 123.572792 1.949163 -11.268921 6.580906 0.000000 1.000000 
-29.039083 120.629974 13.755517 -8.216455 7.322832 0.000000 1.000000 
-6.459029 124.243027 3.523472 -1.566315 11.545006 0.000000 0.000000 
-5.917159 124.293358 2.500354 -7.914093 10.536278 0.000000 0.000000 
-7.065628 125.446869 2.954977 9.594261 21.496201 0.000000 0.000000 
-6.713518 125.560295 2.467027 9.819206 23.139278 0.000000 0.000000 
6.434762 125.804619 -8.317316 -7.566055 9.338047 0.000000 0.000000 
-6.530036 127.348633 -0.762342 -8.092379 8.833523 0.000000 0.000000 
-4.156604 128.281998 -9.124169 -12.407600 6.803583 0.000000 0.000000 
-6.045492 128.504868 -1.207198 -6.271873 8.961292 0.000000 0.000000 
-6.242623 128.632248 -0.879739 -8.005714 9.119690 0.000000 0.000000 
-5.780429 128.984634 4.904047 -12.232170 4.736954 0.000000 0.000000 
-4.561771 129.775467 5.023764 -10.647888 6.827801 0.000000 0.000000 
-5.577195 130.390106 4.472210 -6.334001 8.143795 0.000000 0.000000 
-7.503285 130.820740 -3.828751 -9.937126 7.721035 0.000000 0.000000 
-20.278406 129.798035 5.156599 -11.424095 7.036114 0.000000 0.000000 
-6.617278 131.464218 4.022325 3.709275 14.627683 0.000000 0.000000 
-7.115757 131.569519 5.951846 1.614960 16.717426 0.000000 0.000000 
52.975113 121.206345 -9.811519 -3.609047 7.549068 0.000000 0.000000 
-8.507073 132.509979 3.654563 -7.455078 6.016037 0.000000 0.000000 
-8.119498 133.468872 -8.435461 -5.991203 8.839966 0.000000 0.000000 
43.896549 127.708122 1.278332 -8.507339 4.094540 0.000000 0.000000 
-6.812340 135.130859 -2.922898 -13.486465 3.990343 0.000000 0.000000 
-6.710679 135.152344 -2.442660 -13.029076 3.089222 0.000000 0.000000 
-6.154080 136.069427 -2.910024 -13.600800 3.436970 0.000000 0.000000 
-6.059376 136.091400 -1.188089 -13.427231 2.890075 0.000000 0.000000 
-6.246827 136.236389 -2.043743 -9.213211 4.571033 0.000000 0.000000 
-6.649562 136.285583 -11.132681 -1.981850 10.790012 0.000000 0.000000 
-6.501167 136.450867 5.507640 3.631974 14.669079 0.000000 0.000000 
-6.991436 136.610168 -11.235028 -3.470833 10.108518 0.000000 0.000000 
-6.592431 136.638184 5.013304 -2.862770 9.919731 0.000000 0.000000 
-6.124506 137.063202 3.342763 4.742455 15.898168 0.000000 0.000000 
-5.554314 137.151001 -7.819759 -0.586174 12.556129 0.000000 0.000000 
-5.186637 137.228119 4.272024 -3.109604 9.309593 0.000000 0.000000 
-5.707039 137.272888 -9.114375 -6.069801 8.234615 0.000000 0.000000 
-6.133684 137.661255 -6.167625 -3.106255 9.146454 0.000000 0.000000 
-5.619793 137.852081 2.306639 -6.972412 9.802650 0.000000 0.000000 
-7.114169 137.789429 7.272546 -4.915283 10.913589 0.000000 0.000000 
-6.018235 138.148407 1.321893 -7.970336 9.869404 0.000000 0.000000 
-5.825708 138.447021 -7.726758 -6.074074 7.088299 0.000000 0.000000 
-5.974412 138.500610 -1.350935 -5.533226 7.288786 0.000000 0.000000 
-5.898225 138.514496 3.213254 -10.494095 4.425396 0.000000 0.000000 
-5.336573 138.555054 -8.947919 -12.059853 4.848248 0.000000 0.000000 
-5.574179 138.993011 5.275288 -8.314026 6.037708 0.000000 0.000000 
-6.294893 139.285278 -8.911210 -5.974960 6.809151 0.000000 0.000000 
-6.181022 139.352600 2.540498 -10.965401 5.067883 0.000000 0.000000 
-6.219512 139.435730 -9.927028 -9.755998 5.008900 0.000000 0.000000 
-20.223173 138.572266 6.227540 -8.400146 7.987217 0.000000 0.000000 
-21.091925 138.650299 10.510713 -1.931099 10.735703 0.000000 0.000000 
-21.228369 138.771759 7.258066 -5.241487 10.065983 0.000000 0.000000 
89.499474 107.023956 9.543581 9.048470 10.164795 0.000000 0.000000 
-22.119425 138.691895 10.659010 -6.659966 9.945709 0.000000 0.000000 
-6.087459 141.096619 -1.847094 -8.104652 6.687328 0.000000 0.000000 
-6.281170 141.631836 1.595573 -12.490402 5.396738 0.000000 0.000000 
-4.955338 142.420105 6.540000 -7.779053 6.655560 0.000000 0.000000 
-5.821275 142.462219 4.454218 -9.346214 5.297894 0.000000 0.000000 
-5.808095 142.469330 3.698778 -8.151031 5.984608 0.000000 0.000000 
-5.207405 142.831390 4.221762 -13.168715 3.544018 0.000000 0.000000 
-6.496640 142.965942 4.165942 -10.554977 3.255970 0.000000 0.000000 
-6.696177 143.159760 4.748310 -5.406044 7.429401 0.000000 0.000000 
-6.275145 143.224731 3.992811 -4.907738 9.174095 0.000000 0.000000 
-6.389251 143.817841 -2.277936 0.420594 12.832044 0.000000 0.000000 
-6.734622 143.838715 -2.058009 4.295510 15.167179 0.000000 0.000000 
-6.999948 143.833130 5.950642 -1.238663 10.416454 0.000000 0.000000 
-6.775936 143.846527 5.501028 0.515808 12.370294 0.000000 0.000000 
57.896862 131.738556 -10.311513 -5.341270 6.846262 0.000000 0.000000 
-84.743057 116.393120 -2.573883 0.104821 5.634907 1.000000 1.000000 
-6.963035 144.639160 4.213192 -8.485954 7.033112 0.000000 0.000000 
-6.106278 145.100616 3.479339 -11.017694 4.675480 0.000000 0.000000 
-6.448649 145.468384 -9.555717 -10.079170 5.378098 0.000000 0.000000 
47.306744 137.773895 -0.653470 -7.661872 6.138279 0.000000 0.000000 
-6.985892 145.881317 -7.957549 -10.191338 4.863888 0.000000 0.000000 
-6.684608 145.992126 -3.765555 -11.812607 3.503998 0.000000 0.000000 
-6.276602 146.029724 -0.100812 -10.789604 3.439886 0.000000 0.000000 
-6.246525 146.209686 -2.959244 -7.468147 6.191250 0.000000 0.000000 
-6.442340 146.408386 -1.355356 -7.020126 6.069807 0.000000 0.000000 
-6.432266 146.455750 -1.331079 -9.955849 4.543705 0.000000 0.000000 
-31.648039 143.568695 16.470100 -4.233063 8.611233 0.000000 0.000000 
-32.567158 143.602173 13.913321 -7.397987 8.119755 0.000000 0.000000 
-32.605495 143.686127 -19.369892 -6.402771 6.819334 0.000000 0.000000 
-33.891407 143.666443 15.455111 -9.826851 6.938528 0.000000 0.000000 
-6.742749 147.870392 5.609729 -3.977066 9.354416 0.000000 0.000000 
-6.701207 148.007019 4.607553 -9.388659 5.086565 0.000000 0.000000 
-32.432941 144.904724 -18.166021 -2.512856 8.232716 0.000000 0.000000 
-5.053051 148.551514 4.650450 -6.251579 7.427187 0.000000 0.000000 
-32.604126 144.921265 -17.136902 -0.658935 10.449655 0.000000 0.000000 
-31.968666 145.090759 -16.648891 0.383370 10.887383 0.000000 0.000000 
-31.539593 145.613556 -15.958464 -1.701996 10.351860 0.000000 0.000000 
-9.849651 149.023468 1.454687 -11.164833 3.637144 0.000000 0.000000 
-7.527994 149.165527 5.535634 -7.300582 5.680897 0.000000 0.000000 
-6.925715 149.373779 6.784199 0.732773 13.033775 0.000000 0.000000 
-5.635017 149.456146 4.021412 -0.382461 10.958177 0.000000 0.000000 
-6.880185 149.425781 8.164123 -8.459030 9.662838 0.000000 0.000000 
-9.003414 149.780243 -8.381544 -11.071152 5.829166 0.000000 0.000000 
8.835750 149.788879 -0.069440 -8.137207 5.844395 0.000000 0.000000 
-7.479134 150.085205 7.607574 -10.612885 7.021690 0.000000 0.000000 
8.529236 150.057007 -0.012995 0.055489 12.105659 0.000000 0.000000 
7.786306 150.104980 -2.499055 -7.801285 6.578377 0.000000 0.000000 
8.295383 150.531982 -0.774058 -2.477432 9.012646 0.000000 0.000000 
-5.954012 150.738342 -12.467978 -9.165756 4.340166 0.000000 0.000000 
-6.172845 151.509979 -0.246570 -12.905785 4.331936 0.000000 0.000000 
7.176499 151.714661 3.648028 2.308045 11.874733 0.000000 0.000000 
7.189702 151.718719 6.807089 19.009071 28.974125 0.000000 0.000000 
5.378748 151.952148 6.621110 15.584213 27.713354 0.000000 0.000000 
4.405260 151.987396 6.819572 12.074242 25.790894 0.000000 0.000000 
7.451810 152.065674 7.765152 14.145470 25.610083 0.000000 0.000000 
8.084157 152.057831 3.515575 16.570183 26.464592 0.000000 0.000000 
-2.929946 152.571136 4.333715 8.083305 23.171021 0.000000 0.000000 
0.969346 152.632599 -0.746257 5.890969 20.727726 0.000000 0.000000 
-17.775862 151.758606 4.492324 8.201523 19.996582 0.000000 0.000000 
-18.118549 152.270264 5.833378 6.917565 21.408348 0.000000 0.000000 
-17.354383 152.521393 3.420989 -2.044922 12.570526 0.000000 0.000000 
8.599719 153.709320 5.070872 6.497231 17.605396 0.000000 0.000000 
7.460227 153.933716 4.167340 0.563454 17.455730 0.000000 0.000000 
8.567336 153.942688 1.091622 2.619263 14.630361 0.000000 0.000000 
-18.920050 153.103729 4.332391 1.250618 15.240952 0.000000 0.000000 
8.810204 154.283630 3.330341 -2.310310 10.791309 0.000000 0.000000 
7.643203 154.376007 -15.199079 -0.301765 11.797333 0.000000 0.000000 
-5.277956 154.858063 3.505929 2.192375 13.884537 0.000000 0.000000 
-5.089657 155.049561 5.578068 0.860016 12.009640 0.000000 0.000000 
8.801040 154.884827 5.501441 -2.870888 9.014652 0.000000 0.000000 
-4.938742 155.105255 5.816712 -0.017112 12.662786 0.000000 0.000000 
7.902647 155.109924 -0.344718 -8.751617 6.097675 0.000000 0.000000 
10.036486 155.129822 2.791364 -9.671440 4.977074 0.000000 0.000000 
-5.170254 155.472595 5.268800 2.831208 14.426445 0.000000 0.000000 
6.898013 155.663177 2.434588 -7.831795 7.571075 0.000000 0.000000 
-17.032751 155.017212 6.411443 -10.992706 6.726433 0.000000 0.000000 
8.241656 155.971954 -0.778573 -0.346801 12.394424 0.000000 0.000000 
-2.940366 156.269928 -6.206150 -14.069077 3.157400 0.000000 0.000000 
-4.750858 156.348816 -1.295233 -7.897392 5.601048 0.000000 0.000000 
8.439567 156.256439 -0.715144 17.884171 28.165236 0.000000 0.000000 
7.914489 156.303528 -1.528983 14.085152 23.892952 0.000000 0.000000 
7.899128 156.660767 -1.169978 15.570091 26.921837 0.000000 0.000000 
7.560519 157.601440 -2.386989 4.491601 15.608006 0.000000 0.000000 
5.434842 157.736725 -18.197388 -4.457458 11.142433 0.000000 0.000000 
8.523011 158.231689 -4.656924 -10.299072 3.578110 0.000000 0.000000 
7.034762 158.538666 -11.111378 -10.108788 3.953661 0.000000 0.000000 
7.871511 158.630005 -9.344650 -1.298698 9.663517 0.000000 0.000000 
7.411812 159.238464 -9.891855 -5.283264 7.639294 0.000000 0.000000 
7.632483 159.384033 6.305991 -3.233635 8.370743 0.000000 0.000000 
6.396121 159.558441 6.015297 -8.695419 5.369717 0.000000 0.000000 
7.177866 159.730591 5.642716 -6.434976 6.058582 0.000000 0.000000 
7.983991 159.944336 -9.087658 -7.846681 4.555019 0.000000 0.000000 
6.328494 160.192871 1.990898 -6.561035 7.347614 0.000000 0.000000 
-6.626274 160.190643 6.435509 -6.979309 5.519787 0.000000 0.000000 
-5.496327 160.252594 2.750838 0.428429 11.107826 0.000000 0.000000 
-5.250097 160.339294 5.089065 -6.602487 7.111578 0.000000 0.000000 
-6.082214 160.741394 -4.486645 -9.934731 5.980122 0.000000 0.000000 
-5.478273 160.818481 5.381104 -1.287407 9.129353 0.000000 0.000000 
-5.462704 160.824493 3.654175 -10.782516 3.413296 0.000000 0.000000 
-5.695608 161.017242 5.677495 -1.279602 9.675678 0.000000 0.000000 
-6.036865 161.479095 -5.409294 -1.357605 11.578935 0.000000 0.000000 
6.942368 161.713959 3.176694 -3.894035 9.250854 0.000000 0.000000 
-6.895259 161.758301 5.189456 -7.204216 7.740578 0.000000 0.000000 
6.940346 162.005280 -10.911244 -6.420158 8.418953 0.000000 0.000000 
6.791804 162.044434 3.808701 -6.320999 9.160309 0.000000 0.000000 
8.392180 162.265747 4.588462 -2.021286 9.883573 0.000000 0.000000 
7.297409 162.477814 -2.854946 -5.262512 9.860288 0.000000 0.000000 
7.674789 162.718903 -0.726126 -1.886589 10.746330 0.000000 0.000000 
-7.645020 163.046387 5.637947 -10.329071 3.600425 0.000000 0.000000 
-5.043354 163.281250 0.209455 -10.178879 3.365001 0.000000 0.000000 
-5.747851 163.738800 -1.061236 -11.998123 3.904131 0.000000 0.000000 
-5.870130 164.089661 -2.485095 -9.013107 4.862810 0.000000 0.000000 
-6.007963 164.158142 -2.877837 -10.965721 4.099783 0.000000 0.000000 
-4.921676 164.459930 -0.917772 -11.224480 3.293773 0.000000 0.000000 
-5.777490 164.508423 -1.811481 -8.181358 4.348640 0.000000 0.000000 
9.969469 164.662384 -1.203280 -9.498222 2.958091 0.000000 0.000000 
10.863672 165.333069 0.643611 -4.098709 6.726288 0.000000 0.000000 
11.796119 165.286011 -0.519340 -3.472183 6.456348 0.000000 0.000000 
9.619499 165.611786 1.129054 -10.245628 4.619257 0.000000 0.000000 
-4.887566 165.850128 -1.182595 -8.995056 3.225162 0.000000 0.000000 
10.115136 165.609589 -1.598041 -4.187469 6.995052 0.000000 0.000000 
-5.598713 166.278900 -1.745996 -8.360443 5.511890 0.000000 0.000000 
-5.257007 166.404999 -1.397921 -0.876854 8.729977 0.000000 0.000000 
-5.890761 166.406982 -0.047724 -4.815637 6.631371 0.000000 0.000000 
-5.291218 166.691010 -2.322215 -2.560974 8.025829 0.000000 0.000000 
76.321045 147.909210 -8.411820 -3.966873 6.404335 0.000000 0.000000 
8.845111 166.694885 -5.078714 -8.976875 4.969414 0.000000 0.000000 
8.457191 166.996063 -4.733853 -6.106148 5.686565 0.000000 0.000000 
-5.189363 167.183807 -2.474015 1.794525 11.191570 0.000000 0.000000 
-5.415591 167.470642 -1.900343 -5.839395 5.756779 0.000000 0.000000 
-5.130461 167.494446 -1.407327 -3.502556 7.404945 0.000000 0.000000 
-7.247947 167.837952 -0.700007 -2.936974 7.358450 0.000000 0.000000 
-7.524628 167.924042 0.421990 -5.766228 6.899454 0.000000 0.000000 
9.200701 167.900238 3.694651 3.369126 11.342384 0.000000 0.000000 
9.115685 168.279724 2.203794 2.353897 11.228414 0.000000 0.000000 
8.994961 168.458832 -0.823628 -5.206674 6.905552 0.000000 0.000000 
-5.375726 168.818024 3.759618 -10.665916 4.163557 0.000000 0.000000 
9.135168 169.142426 2.213782 -0.376991 8.698036 0.000000 0.000000 
9.970627 169.197723 2.065136 -6.373886 3.490745 0.000000 0.000000 
-23.445017 168.600525 9.585023 -5.330307 7.707500 0.000000 0.000000 
9.846220 170.067688 -0.208441 -5.399011 6.558002 0.000000 0.000000 
10.926661 170.343689 0.479194 -7.594177 4.164671 0.000000 0.000000 
8.677751 170.573975 0.654668 -11.617432 2.982574 0.000000 0.000000 
6.833159 170.855103 3.105027 -11.955812 4.233707 0.000000 0.000000 
8.399412 170.792938 4.288067 -9.634102 4.259499 0.000000 0.000000 
12.253062 171.451782 -0.855751 -9.403801 4.076530 0.000000 0.000000 
-4.944368 172.125031 -0.256970 -7.120584 4.785709 0.000000 0.000000 
9.863157 172.298157 0.293844 -9.431465 4.506708 0.000000 0.000000 
-33.807587 169.625427 10.597331 -7.858428 4.397697 0.000000 0.000000 
-5.600674 173.537323 -1.957039 1.662812 11.810369 0.000000 0.000000 
-32.397781 170.521271 12.838763 1.094170 13.229383 0.000000 0.000000 
-6.699610 173.883240 -2.114770 2.630265 12.986126 0.000000 0.000000 
-6.148019 173.911316 -1.787441 5.637589 14.688961 0.000000 0.000000 
-6.255741 174.033325 -2.074149 8.491188 17.997154 0.000000 0.000000 
-5.294313 174.073181 -3.777938 -5.295105 6.715580 0.000000 0.000000 
-34.413471 170.669128 12.657713 -3.489944 6.831396 0.000000 0.000000 
9.790731 174.253326 -2.762532 -5.372787 5.226948 0.000000 0.000000 
-29.938320 173.089233 3.458331 -7.281587 4.375149 0.000000 0.000000 
-5.618846 175.799622 -0.878097 -9.929214 3.721523 0.000000 0.000000 
-33.689911 172.854553 11.801127 -7.957237 6.191505 0.000000 0.000000 
-32.996761 173.316620 13.310031 -5.412102 5.899895 0.000000 0.000000 
-4.123127 177.228668 -0.819602 -9.005272 4.683178 0.000000 0.000000 
-4.979979 177.260773 -1.610779 -9.942383 5.559227 0.000000 0.000000 
-31.298428 175.218048 13.367972 -3.231750 8.250206 0.000000 0.000000 
-29.069513 175.984375 6.679533 -2.857407 7.633430 0.000000 0.000000 
-30.353823 175.763672 3.503747 -3.856262 7.668842 0.000000 0.000000 
-31.960464 175.521851 12.039304 4.543190 12.553322 0.000000 0.000000 
-35.140484 175.265900 13.806695 -1.962158 9.704971 0.000000 0.000000 
-34.464424 175.595459 14.309528 -4.582420 8.000996 0.000000 0.000000 
7.491735 179.087555 -12.593479 -4.498718 6.398144 0.000000 0.000000 
-29.018373 176.934998 7.267552 -3.781593 8.277290 0.000000 0.000000 
-29.174452 176.968201 7.143591 -2.077644 8.426395 0.000000 0.000000 
-29.190193 177.016296 9.366466 0.429917 10.612350 0.000000 0.000000 
-28.635918 177.230499 11.012478 0.300011 8.954960 0.000000 0.000000 
-7.316020 180.152618 -1.787671 3.631966 12.689865 0.000000 0.000000 
-6.574751 180.401672 -0.515979 -2.732368 7.884325 0.000000 0.000000 
-6.043354 180.457001 -1.156298 -7.249961 5.799408 0.000000 0.000000 
-7.194921 180.461487 -3.158066 0.894928 10.748249 0.000000 0.000000 
119.105766 134.953583 -1.912155 10.751030 8.420067 1.000000 1.000000 
-5.706766 181.429474 -0.963953 -9.165703 3.505495 0.000000 0.000000 
-5.448949 181.729523 -2.711121 -4.366241 9.126099 0.000000 0.000000 
-6.891323 181.725037 0.431673 -1.829994 10.160637 0.000000 0.000000 
-32.623524 178.912262 10.572259 -1.562523 10.010330 0.000000 0.000000 
-5.274788 182.547485 -0.127704 -9.140213 2.888225 0.000000 0.000000 
-5.935954 186.090088 -1.163440 -8.840609 3.615864 0.000000 0.000000 
-6.018936 186.423920 1.887615 1.227425 13.499134 0.000000 0.000000 
-5.546664 186.443756 0.552043 -4.099983 9.632122 0.000000 0.000000 
-6.448483 186.568512 1.629122 0.880051 13.175060 0.000000 0.000000 
32.403763 184.460297 3.598804 -7.696068 4.281281 0.000000 0.000000 
-22.717236 186.860779 5.270089 -3.387062 5.695187 0.000000 0.000000 
121.737114 144.031250 11.528246 8.131683 6.235016 0.000000 0.000000 
-22.212090 188.236145 6.209858 2.954888 10.877289 0.000000 0.000000 
-22.542021 188.330597 6.232846 3.792832 12.426708 0.000000 0.000000 
-5.759519 192.033081 -2.760485 -3.716232 6.110249 0.000000 0.000000 
-5.338567 192.120728 -2.610676 -3.756134 7.043087 0.000000 0.000000 
-6.132563 192.320435 4.702091 -5.435158 5.603634 0.000000 0.000000 
-5.430164 193.031342 4.738585 -4.287963 5.946980 0.000000 0.000000 
42.798733 188.377472 8.373300 -3.666618 6.159019 0.000000 0.000000 
43.442223 188.228943 10.302938 -5.062286 4.866982 0.000000 0.000000 
43.035728 188.449768 7.479782 -7.207923 3.713621 0.000000 0.000000 
-21.806208 192.328278 6.488658 -6.889604 5.179913 0.000000 0.000000 
-21.859980 192.399200 4.763521 -2.979172 6.319344 0.000000 0.000000 
-20.458614 192.951813 -13.309498 -4.924980 4.933887 0.000000 0.000000 
-7.754453 196.636414 1.972911 -5.694702 4.677177 0.000000 0.000000 
-8.819453 197.389984 2.401741 -4.052460 5.586983 0.000000 0.000000 
-6.970600 197.939789 3.587779 4.034050 11.158607 0.000000 0.000000 
-6.895469 198.138550 3.315943 -1.406021 7.518433 0.000000 0.000000 
-5.939426 204.222015 -3.081265 3.668259 10.620407 0.000000 0.000000 
-6.266498 204.227539 -5.371413 -0.545280 8.836540 0.000000 0.000000 
-6.111641 204.357727 -4.952117 -3.641655 6.401846 0.000000 0.000000 
-6.453796 204.728668 -5.078554 4.795853 11.787971 0.000000 0.000000 
-6.240455 205.514221 -3.983939 -3.218689 6.301590 0.000000 0.000000 
-23.570620 205.129028 7.681481 -5.086784 3.081554 0.000000 0.000000 
-23.065422 205.338623 6.434338 -3.493866 4.021534 0.000000 0.000000 
10.967017 209.731079 -4.427745 -3.911087 4.724058 0.000000 0.000000 
11.820067 209.892273 -1.347581 -5.345214 4.885296 0.000000 0.000000 
9.248484 210.263184 -3.699790 -2.783371 7.054893 0.000000 0.000000 
-23.767496 209.821564 7.367369 8.223114 13.973413 0.000000 0.000000 
-24.161585 209.787262 6.529558 -2.057854 5.864603 0.000000 0.000000 
8.928426 211.014923 -2.575508 -4.706552 3.496006 0.000000 0.000000 
-23.855307 209.945587 7.347174 7.154000 13.240623 0.000000 0.000000 
1.990026 211.873566 -3.426147 -0.900360 9.153740 0.000000 0.000000 
1.440577 211.958252 -4.998237 9.591614 15.566486 0.000000 0.000000 
1.101023 211.962830 -4.645305 23.486557 28.425505 0.000000 0.000000 
-24.064528 210.593964 6.904449 -2.741867 4.708359 0.000000 0.000000 
1.340572 212.178864 -4.488289 18.800858 24.347687 0.000000 0.000000 
-10.810102 212.231812 -1.959874 12.756706 17.565311 0.000000 0.000000 
-11.090684 212.312531 -2.229831 11.914459 18.703213 0.000000 0.000000 
-11.108351 212.327484 -1.717811 11.466072 16.872047 0.000000 0.000000 
0.254681 212.913971 -5.778138 9.004463 14.293175 0.000000 0.000000 
-10.762083 213.033203 -1.792766 1.109932 8.427723 0.000000 0.000000 
5.972767 213.671082 6.006968 6.722611 13.022079 0.000000 0.000000 
6.018762 213.738281 4.942429 7.235749 13.518169 0.000000 0.000000 
5.556139 213.771423 4.940567 8.032181 13.760395 0.000000 0.000000 
5.545060 213.951538 5.529803 9.932076 15.376877 0.000000 0.000000 
5.584099 213.990997 5.030412 10.136337 15.973568 0.000000 0.000000 
-7.023884 214.242126 -2.354431 3.717888 9.657715 1.000000 0.000000 
-6.813799 214.951996 -1.964842 0.949044 6.489906 1.000000 1.000000 
-9.164364 215.251526 -3.481950 -3.905861 3.999737 1.000000 1.000000 
-6.855980 215.453979 -2.251720 -3.321846 6.621162 1.000000 0.000000 
9.925934 215.559174 -1.412252 -2.117958 6.344349 0.000000 0.000000 
10.565085 215.815948 0.019332 -6.671371 2.336571 0.000000 0.000000 
-32.497395 213.585663 9.524227 -3.013039 4.253468 0.000000 0.000000 
-29.849010 215.808655 8.996387 -6.414131 3.024090 0.000000 0.000000 
-31.044630 215.907562 8.811612 1.955475 8.180355 0.000000 0.000000 
-32.076839 216.229492 7.586383 -2.468452 6.126057 0.000000 0.000000 
-31.547123 216.518707 7.626139 -4.235031 3.967422 0.000000 0.000000 
-31.168755 216.822479 7.980996 -5.239366 4.110077 0.000000 0.000000 
1.987017 219.293213 -4.419461 -2.743248 4.295109 0.000000 0.000000 
-1.478803 219.665802 -5.243995 17.530952 23.943306 0.000000 0.000000 
-2.017408 219.947144 -4.707747 16.318459 22.611267 0.000000 0.000000 
3.543383 219.952332 1.518806 -1.181007 9.999939 0.000000 0.000000 
-5.113317 220.910767 -3.707426 4.243302 12.021751 0.000000 0.000000 
9.899318 220.943909 -3.509362 8.917160 14.172109 0.000000 0.000000 
9.369534 221.080139 -3.044634 7.296822 12.604000 0.000000 0.000000 
9.864718 221.787720 -3.402817 1.052109 6.912083 0.000000 0.000000 
194.116501 103.774773 4.648778 26.585457 14.134399 1.000000 1.000000 
-5.358860 222.317993 -2.041256 -4.068565 6.148714 0.000000 0.000000 
-34.116100 220.875244 9.115716 -5.637847 5.022768 0.000000 0.000000 
-22.525698 222.706787 -0.572656 -2.364288 4.178257 0.000000 0.000000 
-22.560930 223.900055 -1.271430 6.128731 15.290752 0.000000 0.000000 
10.638285 226.679901 -2.304884 9.248779 14.179306 0.000000 0.000000 
11.047009 227.861847 -1.977690 21.964340 25.718655 0.000000 0.000000 
-26.073603 226.936981 -18.160488 -3.489349 5.810976 0.000000 0.000000 
-25.064260 228.288696 8.242201 17.045761 20.366486 0.000000 0.000000 
9.878302 230.280792 -2.948581 -2.333488 3.932209 0.000000 0.000000 
9.166551 231.750854 -2.589397 -5.649261 3.803564 0.000000 0.000000 
10.765830 232.438873 -2.563151 -2.798904 3.599985 0.000000 0.000000 
10.828550 234.071930 -4.215944 -2.276131 4.422745 0.000000 0.000000 
11.243952 235.767700 -1.993062 22.681465 25.908642 0.000000 0.000000 
10.929089 237.029724 -2.325272 26.404854 29.252605 0.000000 0.000000 
-22.670858 240.229431 7.349334 -1.597992 3.449808 0.000000 0.000000 
-10.419470 244.866455 -2.243692 8.089745 11.420498 0.000000 0.000000 
-23.363007 244.927368 -2.182107 0.432770 4.829597 0.000000 0.000000 
-23.446918 246.235931 -0.941025 8.153404 10.458973 0.000000 0.000000 
-20.699993 247.477386 -11.241364 -3.864388 2.359565 0.000000 0.000000 
-23.776979 248.449249 8.930238 -1.454681 4.089291 0.000000 0.000000 
-20.913273 250.116974 3.852807 -7.741798 2.657554 0.000000 0.000000 
-17.136528 251.510162 -1.082497 5.507882 11.388332 0.000000 0.000000 
-19.834478 251.883820 0.148031 0.459008 7.617245 0.000000 0.000000 
-24.633059 251.726166 -8.791519 4.262345 9.701177 0.000000 0.000000 
-23.664885 251.865265 -3.795140 8.155823 10.823692 0.000000 0.000000 
-23.145971 252.519409 -3.698597 12.987062 14.493443 0.000000 0.000000 
-22.512903 253.284454 -3.185127 14.095436 16.352154 0.000000 0.000000 
-28.053553 256.631226 8.127682 -2.109169 3.555212 0.000000 0.000000 
-23.546085 259.019165 -3.346578 1.039925 6.109943 0.000000 0.000000 
-23.894365 260.165741 -1.471328 12.611671 20.774982 0.000000 0.000000 
-23.731079 262.515259 0.358795 -2.553276 4.022961 0.000000 0.000000 
-28.694674 262.736908 -0.127345 0.359619 3.676025 0.000000 0.000000 
-22.341118 264.955933 -3.096846 7.311043 9.859848 0.000000 0.000000 
-20.784262 265.701569 -4.864972 0.644203 4.843433 0.000000 0.000000 
-22.156685 265.791138 -2.810289 2.264069 4.473341 0.000000 0.000000 
-22.886082 270.351532 -4.046473 18.945534 20.066559 0.000000 0.000000 
-23.244677 271.642059 -5.083605 11.460098 13.025974 0.000000 0.000000 
-23.613005 274.117065 -5.790362 4.694375 8.174355 0.000000 0.000000 
-28.733681 276.467621 4.488479 -0.797737 3.358642 0.000000 0.000000 
-27.099552 276.984772 -21.415936 1.729096 3.560112 0.000000 0.000000 
-26.831921 278.468536 -18.763853 2.613991 4.434483 0.000000 0.000000 
-28.895340 279.940186 7.471532 -0.452690 3.531814 0.000000 0.000000 
-23.997784 283.174530 -2.283718 4.197442 7.868896 0.000000 0.000000 
-24.726961 283.168976 -5.162876 9.010918 10.377506 0.000000 0.000000 
-27.294386 283.842285 -17.539379 4.127228 5.589828 0.000000 0.000000 
-23.631849 285.732544 1.486237 17.800339 16.283009 0.000000 0.000000 
-23.995178 286.917206 -1.160615 7.062859 6.391129 0.000000 0.000000 
-13.247750 299.748627 -3.286370 4.677453 4.154205 0.000000 0.000000 
-10.372407 301.140991 -0.989592 11.870819 10.985565 0.000000 0.000000 
-19.494556 388.009247 -2.435251 15.077675 11.393738 0.000000 0.000000 
-19.032848 389.302795 -4.074741 9.924881 7.579584 0.000000 0.000000 
