ply
format ascii 1.0
comment Created by CloudCompare v2.14.beta (Feb  3 2026)
comment Created 2026-04-21T17:45:14
obj_info Generated by CloudCompare!
element vertex 1748
property float x
property float y
property float z
property float rcs
property float snr
property float v
property float label
end_header
10.320034 -40.818161 -8.582582 15.132690 33.803207 0.000000 1.000000 
-20.725492 -37.479332 -14.460424 -1.034637 20.551804 0.000000 1.000000 
-5.932650 -48.884029 -8.907950 1.227478 23.630507 0.000000 1.000000 
20.173883 -55.709454 -6.868456 3.491882 20.297470 0.000000 1.000000 
57.248253 -23.433880 -13.239482 3.527344 19.286175 0.000000 1.000000 
54.549839 -52.337383 -15.886798 3.365181 16.736610 0.000000 1.000000 
118.550652 6.044211 -29.802063 12.615196 18.854477 0.000000 1.000000 
6.946658 39.490742 -15.180923 -16.283760 16.849689 0.000000 1.000000 
12.304958 44.189533 -17.632561 -19.127724 12.599926 0.000000 1.000000 
6.934460 46.432968 -18.037825 -16.742638 14.798698 0.000000 1.000000 
-17.052584 45.116146 -13.021296 -6.180031 21.774727 0.000000 1.000000 
7.393844 48.036942 -16.022556 -10.228354 19.815300 0.000000 1.000000 
7.810677 48.007465 -15.710921 -9.656929 19.191479 0.000000 1.000000 
-18.896824 45.475380 -17.306913 -16.903862 12.698570 0.000000 1.000000 
8.643484 49.972351 -17.940802 -21.819069 11.872845 0.000000 1.000000 
6.567975 56.493229 -18.818567 -14.183350 13.738274 0.000000 1.000000 
-27.681107 49.701847 -16.263294 -6.531532 17.021088 0.000000 1.000000 
7.352863 57.603855 -21.153688 -11.270598 14.558277 0.000000 1.000000 
-27.202345 51.539604 -16.018312 -10.214157 14.563732 0.000000 1.000000 
6.931065 60.686909 -16.151302 -14.782356 10.720139 0.000000 1.000000 
7.011330 60.924408 -17.472748 -14.706543 12.773964 0.000000 1.000000 
8.646111 62.041401 -16.558668 -20.383316 8.616711 0.000000 1.000000 
-11.810789 66.432800 -16.807608 -15.297829 10.127476 0.000000 1.000000 
27.095049 63.639626 -27.445503 -12.436455 9.004448 0.000000 1.000000 
34.069500 69.430740 -30.899313 -6.538994 14.641209 0.000000 1.000000 
-33.966095 71.891701 -31.796633 -11.725464 11.079498 0.000000 1.000000 
-32.935490 75.420937 -21.408028 -9.099831 10.484901 0.000000 1.000000 
-32.839157 76.276390 -20.648230 -3.782524 12.921703 0.000000 1.000000 
-14.561478 82.484535 -20.659575 -0.128189 20.433735 1.000000 1.000000 
-17.161314 87.603653 -23.468958 -10.530930 11.252476 0.000000 1.000000 
-14.403602 95.221619 -21.695623 3.417152 18.474010 1.000000 1.000000 
54.736839 98.006142 -44.055630 -7.406387 7.517525 0.000000 1.000000 
39.625713 115.887070 -49.688469 -7.660950 7.593170 0.000000 1.000000 
-34.594727 119.346695 -46.786091 -9.913857 7.054924 0.000000 1.000000 
-27.862967 187.590302 -41.668243 -3.579880 4.964275 0.000000 1.000000 
26.752851 188.595978 -28.841213 -4.439499 9.040363 0.000000 1.000000 
-60.207287 200.554413 -27.401726 -6.141624 4.051426 0.000000 1.000000 
40.255047 12.191084 17.793955 0.956802 21.720558 0.000000 1.000000 
118.456734 -4.552745 24.871061 13.282968 18.874252 0.000000 1.000000 
175.487411 66.708946 16.896074 19.275887 18.333912 0.000000 1.000000 
185.090469 65.413589 29.395803 19.569870 15.455593 0.000000 1.000000 
7.441930 48.208542 19.207573 -16.903580 12.447186 1.000000 1.000000 
31.348846 60.187141 27.533274 -11.427330 9.138187 0.000000 1.000000 
-24.137215 72.139900 23.954988 -5.526909 16.229942 0.000000 1.000000 
-22.389784 74.680351 26.825539 -12.888382 8.878139 0.000000 1.000000 
-32.469627 73.626617 19.970465 -10.215240 10.119896 0.000000 1.000000 
-33.795799 77.488350 28.201422 -8.730736 9.586029 0.000000 1.000000 
22.259998 85.351784 34.695450 -15.911324 6.215076 0.000000 1.000000 
-32.030651 82.235718 22.258404 -7.046814 11.808456 0.000000 1.000000 
-30.939856 85.367249 32.939640 -10.139214 9.625172 0.000000 1.000000 
-28.321043 86.810509 37.437115 -3.891403 14.860394 0.000000 1.000000 
45.167099 90.079697 28.768822 -11.251183 5.695515 0.000000 1.000000 
46.564308 89.946404 28.963593 -4.432786 9.296688 0.000000 1.000000 
48.322639 89.234383 30.289579 -8.476540 9.103840 0.000000 1.000000 
-31.356339 99.831406 37.128227 -1.065109 11.623280 0.000000 1.000000 
44.352264 117.982445 34.532280 -4.690849 7.534386 0.000000 1.000000 
-68.436005 146.930420 24.324217 -5.544975 5.920902 0.000000 1.000000 
177.036407 63.013279 20.620079 26.509415 10.290668 0.000000 1.000000 
-0.120857 -10.813402 -2.725171 9.021568 43.722565 1.000000 1.000000 
4.883528 -11.186117 -2.716690 -14.464989 24.736872 1.000000 1.000000 
10.804577 14.907399 -2.035873 -7.997406 16.876678 1.000000 1.000000 
19.868053 22.284090 -3.397726 -7.932213 12.356010 1.000000 1.000000 
-15.091906 86.543808 -7.720813 1.078995 21.455235 1.000000 1.000000 
-15.235829 91.689400 -7.851985 -14.726402 7.799728 1.000000 1.000000 
-15.180245 92.024887 -6.297207 1.792236 18.449894 1.000000 1.000000 
-14.652094 92.543327 -6.464880 -1.515160 15.284702 1.000000 1.000000 
-13.586769 93.733795 -6.709465 -7.412224 14.375061 1.000000 1.000000 
30.639357 90.635857 -5.687732 -10.410843 7.082603 0.000000 1.000000 
-19.289783 104.404312 -15.560739 -15.626663 5.964729 0.000000 1.000000 
-33.517338 116.108429 -16.365448 -9.384665 6.520271 0.000000 1.000000 
-20.711176 121.500015 -18.523174 -11.733406 7.608688 0.000000 1.000000 
-34.871349 122.132011 -15.742217 -2.046272 7.840603 0.000000 1.000000 
33.376335 17.933529 15.470885 9.958160 19.814709 0.000000 1.000000 
-16.136864 38.678623 11.586337 -14.110077 14.626144 0.000000 1.000000 
-19.136015 39.082348 11.407603 -15.559937 13.791004 0.000000 1.000000 
-21.495199 55.289516 14.115101 -11.703270 13.539230 0.000000 1.000000 
-11.869655 66.802505 10.658486 -7.526497 17.414597 0.000000 1.000000 
-12.031129 67.100418 11.047927 -5.591972 19.274921 0.000000 1.000000 
-12.190820 68.020782 10.433909 -10.486687 13.740417 0.000000 1.000000 
-32.531303 97.104317 17.618393 -8.917252 7.922607 0.000000 1.000000 
-28.111900 109.551262 16.076916 -12.375755 7.562943 0.000000 1.000000 
32.093048 10.692384 -10.645741 5.140526 29.667545 0.000000 1.000000 
41.666679 0.014649 -8.171945 12.869241 35.026234 0.000000 1.000000 
91.827560 -11.096629 -7.911778 5.977577 16.378532 0.000000 1.000000 
118.610001 8.518113 -12.787900 15.005005 19.479858 0.000000 1.000000 
-8.046145 63.720337 -10.037645 -16.646843 10.499577 0.000000 1.000000 
-9.968083 74.014046 -9.566965 -7.007973 19.744812 0.000000 1.000000 
-10.581827 73.948532 -10.934693 -6.122323 20.480408 0.000000 1.000000 
-9.690699 75.794083 -9.098972 -4.226883 17.358170 0.000000 1.000000 
41.881485 78.206329 -10.100204 0.015022 15.291718 0.000000 1.000000 
-2.430150 199.566681 -13.612140 -1.890831 5.537773 0.000000 1.000000 
-13.237178 86.228401 -4.172903 3.830536 22.101837 1.000000 1.000000 
-14.174972 88.257378 -4.783796 2.592659 18.357204 1.000000 1.000000 
-13.721221 90.520775 -4.021025 -7.910614 11.990562 1.000000 1.000000 
-13.946679 93.709015 -4.239275 -6.904778 10.193798 1.000000 1.000000 
-14.025257 94.053535 -5.663686 2.359009 20.350266 1.000000 1.000000 
-14.072663 94.060814 -5.181828 4.290672 20.758896 1.000000 1.000000 
-13.604878 94.142433 -4.166590 -8.463196 10.191730 1.000000 1.000000 
-14.015708 94.394905 -5.750723 4.985703 22.727833 1.000000 1.000000 
-13.751071 94.439743 -4.675440 -1.011116 19.829784 1.000000 1.000000 
-15.027513 94.695503 -3.610855 -7.492645 14.344696 1.000000 1.000000 
33.819214 9.484185 5.073855 -2.507919 24.272629 1.000000 1.000000 
17.238951 20.086758 10.112557 -10.309485 13.014942 1.000000 1.000000 
3.260635 28.168646 10.476904 -24.777542 16.196224 1.000000 1.000000 
48.289280 67.139908 8.470594 12.123375 23.177378 1.000000 1.000000 
7.099154 -7.521657 0.151984 -17.387230 25.523266 1.000000 1.000000 
11.592857 5.555522 -1.315184 -10.823120 26.193336 1.000000 1.000000 
14.625777 -2.507320 1.069051 -14.850349 24.503410 1.000000 1.000000 
15.698050 -3.024711 0.830215 -5.027046 28.634342 1.000000 1.000000 
2.888024 10.557028 0.116657 -28.176773 9.128719 1.000000 1.000000 
-14.267458 80.784050 1.767513 -12.517914 5.891491 1.000000 0.000000 
-13.080031 81.536171 -0.841188 -12.617538 8.280224 1.000000 0.000000 
-13.674796 81.537521 0.644585 -14.296104 6.265453 1.000000 0.000000 
-13.478934 82.108910 -1.198744 11.380173 29.320105 1.000000 0.000000 
-13.738789 82.140343 1.236516 0.261292 20.979980 1.000000 0.000000 
-13.647538 82.211700 -0.894407 15.350853 32.608273 1.000000 0.000000 
-13.520144 82.639732 0.933957 2.705765 21.703808 1.000000 0.000000 
-14.057933 82.595726 -0.025297 -5.080879 10.924767 1.000000 0.000000 
-13.648203 82.749062 -0.565625 -12.728539 6.449932 1.000000 0.000000 
-13.484786 82.883018 -0.983742 7.830284 24.150715 1.000000 0.000000 
-13.659527 82.860367 -1.368102 2.954208 17.858356 1.000000 0.000000 
-13.588046 82.887360 -0.959085 -0.924522 16.955559 1.000000 0.000000 
-13.666645 82.888748 -0.584719 2.780289 19.974709 1.000000 0.000000 
-13.763187 82.875267 -0.747322 2.409729 19.203789 1.000000 0.000000 
-13.497395 82.962120 -1.048160 -11.145720 6.053879 1.000000 0.000000 
-13.868437 83.015419 1.363675 -1.482384 16.032017 1.000000 0.000000 
-13.596951 83.062820 -0.593118 -2.152084 14.980816 1.000000 0.000000 
-13.680566 83.154694 -0.897303 -9.974045 8.016483 1.000000 0.000000 
-13.941021 83.128494 0.375853 -1.164474 15.543880 1.000000 0.000000 
-13.628704 83.239990 -0.726530 -17.376671 2.996941 1.000000 0.000000 
-13.614987 83.270493 -0.760618 -5.750420 10.502289 1.000000 0.000000 
-13.590604 83.277290 -0.855477 -6.404961 9.446243 1.000000 0.000000 
-13.710696 83.402878 -0.624230 -3.253258 17.735523 1.000000 0.000000 
-13.878872 83.375587 -0.864881 -3.190147 16.666264 1.000000 0.000000 
-13.546709 83.508362 -0.796579 -7.859231 9.997780 1.000000 0.000000 
-13.397457 83.556671 2.636962 -7.713264 15.132053 1.000000 0.000000 
-13.742933 83.659042 -0.966285 -13.632942 4.333817 1.000000 0.000000 
-13.940286 83.638695 -0.799985 -11.459717 9.473225 1.000000 0.000000 
-13.579730 83.863396 -1.404533 -0.708305 17.500896 1.000000 0.000000 
-13.641966 83.978027 -1.418066 -0.262199 15.584446 1.000000 0.000000 
-13.629333 83.980240 -1.347666 0.835732 17.414227 1.000000 0.000000 
-13.729379 84.310196 -1.454029 1.953972 18.006172 1.000000 0.000000 
-13.526234 84.383492 -1.635170 -1.595695 17.704224 1.000000 0.000000 
-13.210428 84.469406 -1.095953 -4.499458 14.892651 1.000000 0.000000 
-13.274681 84.516205 -0.777721 -11.091423 7.560505 1.000000 0.000000 
-13.665833 84.502945 -0.753976 2.155090 18.073486 1.000000 0.000000 
-13.433867 84.766380 -0.331723 -14.858826 6.909081 1.000000 0.000000 
-12.484567 85.013542 0.900323 -13.598984 8.684853 1.000000 0.000000 
-13.525696 84.863701 -0.888586 0.214005 18.547546 1.000000 0.000000 
-13.722201 84.843910 -0.803785 -6.333740 11.553288 1.000000 0.000000 
-13.208453 85.301788 -0.923879 -6.883919 9.689529 1.000000 0.000000 
-13.752016 85.414726 -1.311246 -15.707115 5.301003 1.000000 0.000000 
-13.417953 85.525887 -1.072772 -5.216118 11.537476 1.000000 0.000000 
-13.877186 85.522644 -1.056718 -2.318275 13.832253 1.000000 0.000000 
-13.340920 85.657646 -1.300875 -8.823883 9.995300 1.000000 0.000000 
-12.743650 85.927094 0.313896 -17.164627 4.503014 1.000000 0.000000 
-13.388357 85.848038 -1.143302 -6.129158 12.786724 1.000000 0.000000 
-13.478212 85.851242 0.216110 4.269608 21.990948 1.000000 0.000000 
-13.139524 85.930244 -0.526856 -12.746094 6.944706 1.000000 0.000000 
-13.665822 86.002579 5.695450 8.502945 24.548851 1.000000 0.000000 
-13.537398 86.178696 0.124938 -5.119469 11.014729 1.000000 0.000000 
-13.539742 86.227272 -0.587007 5.206642 21.796803 1.000000 0.000000 
-13.107163 86.300575 -3.234870 -5.866570 11.790527 1.000000 0.000000 
-13.342858 86.584541 0.179526 8.048653 24.703026 1.000000 0.000000 
-13.397572 86.632904 -0.960279 4.351120 21.603165 1.000000 0.000000 
-13.274018 86.743759 -2.071549 -9.640944 7.444237 1.000000 0.000000 
-13.020602 86.798027 -1.388158 2.534752 22.862690 1.000000 0.000000 
-13.296568 86.758003 -0.524525 4.724594 21.484818 1.000000 0.000000 
-15.002090 86.531357 3.391042 9.822647 28.669552 1.000000 0.000000 
-12.985393 87.027359 0.098348 4.859856 21.022186 1.000000 0.000000 
-13.072332 87.041519 0.277569 4.317505 24.105770 1.000000 0.000000 
-13.396165 87.106010 -0.807921 3.539886 22.135101 1.000000 0.000000 
-13.805780 87.088158 -0.943574 -1.518379 14.582233 1.000000 0.000000 
-13.706934 87.464714 -1.015070 -4.211212 13.926598 1.000000 0.000000 
-13.274097 87.570801 -0.486637 -0.791908 16.195007 1.000000 0.000000 
-13.551252 87.565948 -0.258548 3.682251 18.657303 1.000000 0.000000 
-13.766224 87.779602 -0.777610 0.174522 17.589630 1.000000 0.000000 
-13.182582 87.898674 -0.941337 -4.820129 19.508949 1.000000 0.000000 
-12.960991 87.977867 -0.341493 -10.192657 19.658318 1.000000 0.000000 
-13.132328 88.007751 -0.675700 -4.652725 18.988647 1.000000 0.000000 
-13.304601 88.023575 -0.194012 -1.302544 21.867241 1.000000 0.000000 
-13.337642 88.100777 -0.286444 -5.598312 11.245148 1.000000 0.000000 
-14.073283 88.264954 2.801378 5.028732 23.327202 1.000000 0.000000 
-13.421442 88.371254 -1.124709 4.012268 21.121914 1.000000 0.000000 
-13.592740 88.466904 -3.273354 2.127991 21.120029 1.000000 0.000000 
-13.086736 88.710289 0.056450 -4.499367 11.655788 1.000000 0.000000 
-13.411627 88.785774 -3.043024 -2.229515 22.777302 1.000000 0.000000 
-13.239981 88.832550 1.644465 0.966370 20.617393 1.000000 0.000000 
-14.341061 88.690308 -2.283200 3.693764 20.054771 1.000000 0.000000 
-14.202275 88.868629 1.819574 -7.837730 9.667221 1.000000 0.000000 
-13.278121 89.168602 -1.728258 2.290871 19.462982 1.000000 0.000000 
-14.237187 89.021027 0.110438 13.243042 27.190706 1.000000 0.000000 
-13.906230 89.151413 -2.449069 -5.218163 16.676788 1.000000 0.000000 
-13.252633 89.283440 -2.510773 2.713257 22.112858 1.000000 0.000000 
-14.280409 89.130211 0.207215 8.866798 24.914005 1.000000 0.000000 
-14.221187 89.550659 1.901384 3.948502 19.320442 1.000000 0.000000 
-14.362667 89.536316 2.111354 3.937325 20.326900 1.000000 0.000000 
-14.186158 89.632553 0.254092 -0.912399 16.899532 1.000000 0.000000 
-13.788361 89.797348 -0.999476 3.789726 18.873611 1.000000 0.000000 
-13.419806 89.905807 0.194036 7.026802 21.850929 1.000000 0.000000 
-13.359370 90.018303 -1.002327 -0.741768 23.246801 1.000000 0.000000 
-13.463387 90.063416 -0.302470 3.691490 19.654423 1.000000 0.000000 
-13.564338 90.183960 0.093756 2.465790 17.668217 1.000000 0.000000 
-14.193518 90.210274 2.224174 -9.239966 9.134552 1.000000 0.000000 
-13.331418 90.412354 -1.071667 -1.785110 22.442413 1.000000 0.000000 
-13.193374 90.457924 -1.075934 -2.898338 21.628345 1.000000 0.000000 
-13.277132 90.553131 -3.253317 -1.573456 17.624496 1.000000 0.000000 
-13.727939 90.623878 -0.547094 -15.413963 4.382736 1.000000 0.000000 
-14.123496 90.596992 2.662212 8.656975 23.025307 1.000000 0.000000 
-14.352402 90.586166 0.345101 -8.790343 8.808353 1.000000 0.000000 
-13.781401 90.842758 -3.337534 -2.659683 12.915298 1.000000 0.000000 
-13.882174 90.879959 0.146337 -0.858032 14.167152 1.000000 0.000000 
-14.063393 90.904633 3.549800 7.531860 24.173605 1.000000 0.000000 
-13.765610 90.955902 1.346946 3.741386 19.375778 1.000000 0.000000 
-13.786654 91.002647 -0.368891 -12.674049 5.893002 1.000000 0.000000 
-13.710769 91.062744 -0.501553 -17.653305 3.675480 1.000000 0.000000 
-14.162258 91.009987 -0.241622 -10.319472 7.722633 1.000000 0.000000 
-13.483254 91.283737 -1.545436 -4.242760 18.693230 1.000000 0.000000 
-13.832101 91.267914 -1.220411 -5.645569 12.933239 1.000000 0.000000 
-13.680690 91.288734 -0.303118 -17.975815 2.690895 1.000000 0.000000 
-13.011637 91.429619 -2.122443 -6.107353 14.782406 1.000000 0.000000 
-14.303772 91.297318 0.745914 6.861320 23.998373 1.000000 0.000000 
-14.228379 91.320457 -1.215586 5.677711 21.486843 1.000000 0.000000 
-14.094949 91.357780 0.167163 13.324951 27.180681 1.000000 0.000000 
-13.783991 91.407272 -0.674948 -10.430626 5.840099 1.000000 0.000000 
-13.823566 91.406090 -0.669316 -7.036278 9.096874 1.000000 0.000000 
-13.910515 91.469521 -1.060945 -17.579056 3.744949 1.000000 0.000000 
-13.838525 91.539474 2.084585 0.514549 15.342438 1.000000 0.000000 
-13.902270 91.596611 -0.212362 -7.526489 9.996933 1.000000 0.000000 
-13.876443 91.674782 -1.384063 -13.895584 3.038834 1.000000 0.000000 
-13.840811 91.766197 -1.238495 -6.367210 11.806545 1.000000 0.000000 
-13.583088 91.836578 -0.093205 -6.526749 15.956661 1.000000 0.000000 
-13.647169 92.025063 -0.827935 1.528831 18.528442 1.000000 0.000000 
-13.762103 92.016182 -0.751898 -2.622208 13.581230 1.000000 0.000000 
-13.839902 92.004128 -1.048170 2.641121 19.210579 1.000000 0.000000 
-13.894920 92.040321 -0.206673 -0.145210 15.972980 1.000000 0.000000 
-13.707214 92.161964 -1.209105 -2.833229 14.431099 1.000000 0.000000 
-14.492436 92.068489 2.460714 9.568756 23.085766 1.000000 0.000000 
-14.437759 92.255234 -3.025422 5.023521 19.160191 1.000000 0.000000 
-13.591689 92.559319 -0.036950 -7.987190 7.174896 1.000000 0.000000 
-13.990130 92.556473 4.529431 -1.429520 12.927124 1.000000 0.000000 
-15.025446 92.498421 4.400303 1.181702 18.180450 1.000000 0.000000 
-14.558073 92.634857 -2.522138 -1.713791 14.361717 1.000000 0.000000 
-13.806099 92.986694 -0.384155 10.311943 26.248718 1.000000 0.000000 
-13.627187 93.023758 -0.838039 9.454544 23.637527 1.000000 0.000000 
-13.988066 92.996384 -1.269304 -17.087555 6.045189 1.000000 0.000000 
-14.111242 93.081596 -0.525855 5.464035 22.208714 1.000000 0.000000 
-13.869368 93.126610 -0.277652 12.831413 28.293472 1.000000 0.000000 
-13.698655 93.321236 -1.288627 3.169342 19.971165 1.000000 0.000000 
-13.631972 93.341660 -0.855779 3.303902 19.802376 1.000000 0.000000 
-14.229360 93.516205 0.175601 3.072685 18.726521 1.000000 0.000000 
-14.108733 93.711136 -0.415441 5.000954 18.882149 1.000000 0.000000 
-13.476785 94.014572 -1.391841 -6.342392 15.694958 1.000000 0.000000 
-13.727766 94.012985 -0.411106 -0.839386 15.727371 1.000000 0.000000 
-13.893669 94.460442 -3.503826 2.964172 17.695724 1.000000 0.000000 
-14.132914 94.531296 3.660591 -1.393547 20.445518 1.000000 0.000000 
-13.269757 94.855858 -0.834246 -8.893639 8.776581 1.000000 0.000000 
-14.093698 94.798019 5.139975 -4.406998 15.211315 1.000000 0.000000 
-13.966872 94.856209 -0.937804 6.517792 26.101873 1.000000 0.000000 
-13.324994 95.379158 -0.602641 -8.383217 12.775459 1.000000 0.000000 
-13.131505 95.433220 0.195274 3.138634 20.945168 1.000000 0.000000 
-13.338177 95.582268 -0.911457 -6.636192 10.336666 1.000000 0.000000 
-13.587770 95.576096 2.194462 -12.838928 8.083298 1.000000 0.000000 
-13.809828 95.566383 0.728891 1.304291 20.215473 1.000000 0.000000 
-13.460286 95.626801 1.034330 0.670609 19.655441 1.000000 0.000000 
-13.520182 95.818352 -0.736963 -0.072853 16.403236 1.000000 0.000000 
-13.133818 95.942657 -0.117928 -2.178795 16.630478 1.000000 0.000000 
-13.523528 95.904411 -0.859344 -2.735039 14.450031 1.000000 0.000000 
-13.414943 96.094322 -0.538301 1.192108 17.169682 1.000000 0.000000 
-15.024380 95.975090 -1.804879 -18.600113 2.880184 1.000000 0.000000 
-13.738735 96.241829 -2.007946 -5.115173 11.631680 1.000000 0.000000 
-13.288258 96.312157 -1.671034 -13.910828 5.838745 1.000000 0.000000 
-13.703537 96.311951 -1.013928 -6.408616 10.207527 1.000000 0.000000 
-13.099161 96.438911 -0.407105 -5.811195 11.035454 1.000000 0.000000 
-13.642140 96.659073 -0.896028 -8.437645 9.755474 1.000000 0.000000 
-13.318166 96.721870 -0.836403 0.282593 17.674229 1.000000 0.000000 
-13.662783 96.783936 -1.372104 -10.093842 7.759014 1.000000 0.000000 
-13.174918 96.875229 -0.898135 -1.781395 14.176750 1.000000 0.000000 
-14.136962 96.882767 -0.872755 -4.937150 9.916595 1.000000 0.000000 
-14.021590 96.902267 -1.206235 -11.241188 5.626045 1.000000 0.000000 
-13.967171 97.041466 0.360917 -13.890785 5.599316 1.000000 0.000000 
-13.948101 97.066818 -0.861325 -6.453484 11.191563 1.000000 0.000000 
-13.753582 97.315643 -0.986182 -6.441002 10.720142 1.000000 0.000000 
-13.665339 97.525429 -0.127948 -9.103844 8.645340 1.000000 0.000000 
-13.461761 97.584137 -0.161432 -18.530380 2.716370 1.000000 0.000000 
-13.103705 97.724266 0.306978 -15.443626 4.680847 1.000000 0.000000 
-13.596144 97.746552 -1.242462 -14.551369 5.252113 1.000000 0.000000 
-14.359312 97.642174 -1.176705 -12.706497 5.164536 1.000000 0.000000 
-13.826161 97.938354 -0.791631 -12.577858 5.285954 1.000000 0.000000 
-13.332940 98.052612 0.335441 -12.913254 4.784737 1.000000 0.000000 
-8.905613 -4.538655 0.480728 -15.427467 26.932352 1.000000 0.000000 
-8.913127 -4.671614 0.491242 -9.746696 31.469200 1.000000 0.000000 
-8.890807 -5.408353 0.789660 -12.306854 29.904776 1.000000 0.000000 
-9.379542 -4.793026 0.510381 0.809906 38.441814 1.000000 0.000000 
-9.042746 -5.491410 2.228692 -26.510284 21.166214 1.000000 0.000000 
-8.933002 -5.749599 0.570304 -20.032288 22.472595 1.000000 0.000000 
-9.495584 -4.706043 0.814086 -10.292252 30.781660 1.000000 0.000000 
-8.682379 -6.333756 0.558917 -17.874359 21.408886 1.000000 0.000000 
-8.922565 -6.096113 0.300216 -22.550385 20.020805 1.000000 0.000000 
-9.596409 -5.031715 0.704706 5.880424 38.235130 1.000000 0.000000 
-9.688507 -4.854234 0.657487 -10.695067 27.119520 1.000000 0.000000 
-9.664702 -5.057024 1.038412 -12.616966 24.900436 1.000000 0.000000 
-9.494810 -5.701918 0.409703 -12.337044 20.065586 1.000000 0.000000 
-9.699539 -5.373002 0.368912 -15.130440 20.178497 1.000000 0.000000 
-0.250236 -11.091347 -0.478405 8.403076 42.899281 1.000000 0.000000 
-0.238553 -11.091945 -0.101847 8.772972 43.460609 1.000000 0.000000 
-9.712564 -5.714382 0.545218 -12.911575 20.283543 1.000000 0.000000 
-8.704723 -7.449341 0.707568 -10.275046 25.111683 1.000000 0.000000 
-0.470415 -11.450396 0.339798 1.864601 38.613037 1.000000 0.000000 
-10.603681 -4.464269 0.642303 8.570282 43.533955 1.000000 0.000000 
-0.859207 -11.562396 -0.291805 -0.428818 32.595367 1.000000 0.000000 
-8.792583 -7.798997 0.536773 -4.163521 26.647869 1.000000 0.000000 
-0.914021 -11.671731 -0.473007 -7.630302 28.801842 1.000000 0.000000 
-10.524165 -5.273983 -0.245348 -3.626976 27.457447 1.000000 0.000000 
-9.146243 -7.864935 -0.291766 -11.327690 22.652309 1.000000 0.000000 
-9.125723 -8.031362 -0.193094 -6.679657 26.099501 1.000000 0.000000 
-9.097195 -8.070461 -0.330584 -6.306656 22.893736 1.000000 0.000000 
-9.064289 -8.117769 -0.337240 -5.241333 23.515526 1.000000 0.000000 
0.645244 -12.006008 2.469156 -12.660835 23.508850 1.000000 0.000000 
-0.186868 -12.087096 -0.753855 -11.043320 21.416553 1.000000 0.000000 
-11.336456 -4.465921 1.027212 -0.296272 34.774395 1.000000 0.000000 
-11.374626 -4.803059 0.874272 -3.536079 27.935349 1.000000 0.000000 
-8.808877 -9.965378 0.663570 -10.947289 24.040916 1.000000 0.000000 
-8.870849 -10.530967 -0.289098 -1.915382 27.241669 1.000000 0.000000 
-13.405762 -0.932021 -0.079440 10.492546 41.907867 0.000000 0.000000 
-13.402034 -1.324292 0.074607 6.986221 37.326256 0.000000 0.000000 
-13.366314 0.232664 -0.407073 2.823006 32.201771 0.000000 0.000000 
-13.396708 0.232166 -0.488956 -6.119499 27.276772 0.000000 0.000000 
-13.538334 -0.274373 -0.225694 6.546623 37.125847 0.000000 0.000000 
-13.549966 -0.568971 -0.486617 16.430794 48.488445 0.000000 0.000000 
-13.542580 -0.197761 -0.455398 -7.530015 24.890663 1.000000 0.000000 
-13.564572 -1.110126 -0.558726 6.368973 38.039444 0.000000 0.000000 
-13.774556 -1.649733 -0.243099 0.184380 32.133919 0.000000 0.000000 
-13.798552 -0.830977 -0.373258 -5.259773 31.785625 0.000000 0.000000 
-13.399811 2.355736 -0.119771 -5.373314 22.025688 1.000000 0.000000 
-9.695940 -10.470549 -0.044687 -5.648125 26.692097 1.000000 0.000000 
-13.811687 -1.949340 -0.393188 -2.776985 28.222195 1.000000 0.000000 
-13.364313 2.693789 0.098276 -8.076035 25.590429 1.000000 0.000000 
-13.693175 2.097955 -0.562936 -3.452705 28.391949 1.000000 0.000000 
-14.009052 -1.675004 -0.243568 -2.305016 33.395298 0.000000 0.000000 
-14.160042 -1.412839 -0.479074 -12.665527 26.669334 0.000000 0.000000 
-14.569574 -2.193253 -0.367299 -5.908829 27.577316 1.000000 0.000000 
-0.672203 -15.032751 -0.950557 -14.648293 22.223652 1.000000 0.000000 
-14.970236 -0.422049 0.900019 -15.536163 21.204960 0.000000 0.000000 
-15.013433 -0.709790 1.026100 -11.164528 25.339701 0.000000 0.000000 
-8.811612 -12.684043 0.939975 -6.681496 25.026337 1.000000 0.000000 
-9.003597 -13.311528 0.985645 -12.386269 21.502522 1.000000 0.000000 
-9.003212 -13.547421 0.854250 -8.054030 24.241877 1.000000 0.000000 
-9.059774 -13.609596 -0.237750 -14.827652 18.925919 1.000000 0.000000 
-9.092932 -14.140088 0.542792 -8.161201 25.592949 1.000000 0.000000 
-9.059269 -14.374354 1.227231 -10.941635 26.124590 1.000000 0.000000 
-8.935294 -14.530417 1.069847 -4.966759 28.044397 1.000000 0.000000 
-8.856994 -14.612854 1.341583 -8.366600 28.595942 1.000000 0.000000 
-0.013499 -10.996113 0.703396 -4.095222 36.240967 1.000000 0.000000 
-0.280171 -11.082996 -0.629632 -8.478508 36.442223 1.000000 0.000000 
-0.104060 -11.131502 -0.793130 6.803207 43.180717 1.000000 0.000000 
0.165908 -11.218611 -0.641756 5.513969 44.399811 1.000000 0.000000 
0.213985 -11.441238 -0.632366 1.429695 40.602169 1.000000 0.000000 
0.578000 -11.519740 -0.506318 0.065544 38.922237 1.000000 0.000000 
-0.684981 -11.445138 0.036080 -3.125069 36.047539 1.000000 0.000000 
0.648983 -11.538944 -0.413787 2.878510 42.333656 1.000000 0.000000 
0.736276 -11.558301 0.268410 -9.602057 34.680637 1.000000 0.000000 
-0.516124 -12.236456 1.656932 -17.021454 21.624245 1.000000 0.000000 
-0.728871 -12.716401 0.654320 -10.836258 29.113949 1.000000 0.000000 
-0.134983 -13.048735 2.020591 -19.727631 24.553490 1.000000 0.000000 
0.508881 -13.574049 -1.091480 -8.463402 31.265564 1.000000 0.000000 
0.502031 -13.584093 -1.062606 -9.106392 29.754942 1.000000 0.000000 
-0.909141 -13.940975 -1.175306 -10.887961 27.934177 1.000000 0.000000 
-0.904433 -14.181809 -1.086731 -14.622704 23.471497 1.000000 0.000000 
0.031483 9.600594 0.140936 -36.128258 16.834763 1.000000 0.000000 
-0.049051 9.632442 0.035955 -25.277428 26.048395 0.000000 0.000000 
0.067241 10.803881 -0.102387 -0.528343 48.696613 0.000000 0.000000 
0.086688 10.840338 -0.069476 -2.989471 45.120277 0.000000 0.000000 
-0.128688 11.092606 0.995231 -30.647179 14.058083 0.000000 0.000000 
-0.356820 11.579116 -0.019386 4.330345 44.962765 0.000000 0.000000 
-0.336720 11.636829 0.048026 -0.957878 42.243229 0.000000 0.000000 
0.410386 12.324437 0.057368 -6.259109 35.586075 0.000000 0.000000 
0.402006 12.481065 0.081910 -7.979783 38.708092 0.000000 0.000000 
0.395308 13.500746 -0.985096 -22.380692 22.568285 0.000000 0.000000 
-0.185765 18.013111 0.251810 -19.951790 24.372187 1.000000 0.000000 
-0.112508 18.040691 -0.035186 -16.622246 23.989391 0.000000 0.000000 
-3.502613 17.787611 -1.139243 4.597778 39.558319 1.000000 0.000000 
-3.591298 18.189869 -1.159316 8.130707 41.218552 0.000000 0.000000 
-3.638139 18.482868 -1.157915 7.846863 43.166283 0.000000 0.000000 
-3.771409 18.527830 -0.019790 8.268005 38.509972 0.000000 0.000000 
-4.563728 18.386232 0.125115 -15.236084 25.580101 1.000000 0.000000 
-0.181888 19.086592 0.083479 -21.426636 11.642757 1.000000 0.000000 
-3.913309 18.822189 -0.640197 0.726860 31.472897 0.000000 0.000000 
-3.790266 19.280266 -0.264033 0.906212 34.999500 0.000000 0.000000 
-0.495882 20.167931 -0.158109 -20.304131 16.746143 1.000000 0.000000 
-3.567709 20.216637 0.835895 -9.033310 25.375193 0.000000 0.000000 
-3.282820 20.493811 -0.349577 -17.159142 18.894630 1.000000 0.000000 
-4.735184 20.330612 -0.437148 6.281464 37.492023 1.000000 0.000000 
-4.917007 20.885838 -0.480149 8.244171 42.553028 0.000000 0.000000 
-4.696141 21.050838 -0.612057 -14.512985 22.059223 0.000000 0.000000 
0.515404 21.711161 -0.911161 -7.821671 34.464890 0.000000 0.000000 
0.261648 22.111559 -0.601946 -2.454910 32.223106 0.000000 0.000000 
-4.817264 21.891033 -0.416458 -7.137085 19.829388 0.000000 0.000000 
-4.959872 22.099636 -0.464140 -10.353760 21.975548 0.000000 0.000000 
0.307145 22.881367 -0.621449 22.668762 49.988434 0.000000 0.000000 
0.291167 23.107500 -0.652775 22.392052 49.600754 0.000000 0.000000 
0.297352 23.579077 -0.663767 13.353349 42.656319 0.000000 0.000000 
-0.376318 28.711399 8.952296 -25.186325 13.532551 0.000000 0.000000 
0.150345 29.382933 0.121843 -16.616982 22.652946 0.000000 0.000000 
0.318609 29.724554 -1.781763 -17.414108 20.023136 0.000000 0.000000 
0.126237 29.816242 -0.540499 -16.970665 21.459335 0.000000 0.000000 
-0.008779 30.154509 2.030721 -18.799156 20.212299 0.000000 0.000000 
0.603596 30.356310 8.418899 -22.934509 18.058041 0.000000 0.000000 
0.145501 30.654989 -0.760139 -11.821837 24.635065 0.000000 0.000000 
0.046005 30.781010 -0.779954 -10.328743 23.997257 0.000000 0.000000 
0.074720 31.066425 -0.792886 -14.581322 23.477852 0.000000 0.000000 
0.037805 31.071827 -0.729373 -9.016289 26.158979 0.000000 0.000000 
0.001150 32.101696 -0.791731 -18.951431 14.565483 1.000000 0.000000 
-18.077524 50.241993 2.078714 -14.539185 10.472965 1.000000 0.000000 
-19.004026 50.288082 1.830590 -14.029205 7.937626 1.000000 0.000000 
-18.213980 50.941994 2.027273 -17.643311 6.726665 1.000000 0.000000 
-6.016793 -0.964722 -0.778033 3.843887 54.506855 0.000000 0.000000 
-6.070530 -0.964856 -0.760759 5.894676 57.390789 0.000000 0.000000 
-6.334240 -1.062333 -0.318257 -22.599693 33.637218 0.000000 0.000000 
-6.423612 -1.007553 -0.842644 -23.098320 37.282494 0.000000 0.000000 
-6.421647 -0.113052 0.169219 -18.474400 35.393715 0.000000 0.000000 
-6.640250 -1.857235 -0.632934 -18.107773 35.950607 0.000000 0.000000 
-6.544473 -3.338536 -0.257422 -13.646107 38.077801 0.000000 0.000000 
-7.119205 -0.373347 1.898536 -18.055687 35.288307 0.000000 0.000000 
-7.369076 -1.372467 2.231897 -15.186317 35.578823 0.000000 0.000000 
-7.452224 0.256786 -0.003788 -11.071930 39.157936 0.000000 0.000000 
-7.459650 1.653472 -0.322720 -13.984291 34.454468 0.000000 0.000000 
-7.593725 -3.659371 2.080231 -16.265388 28.668730 0.000000 0.000000 
-6.314313 -7.420729 -1.235213 -10.167113 33.720531 0.000000 0.000000 
-6.557117 -8.212524 3.112762 -4.742699 36.096790 0.000000 0.000000 
-6.605179 -9.067180 -0.740619 -10.157393 25.794308 0.000000 0.000000 
-6.417572 -11.252246 -0.559305 -8.622704 24.585129 0.000000 0.000000 
-6.930989 -11.358692 0.808806 -12.602180 22.923054 0.000000 0.000000 
-6.514539 -13.430615 -0.599692 -11.518265 24.389729 0.000000 0.000000 
-6.540149 -13.560264 0.128369 -12.161446 20.880871 0.000000 0.000000 
-6.441705 -13.969401 -1.088650 -10.928635 24.202576 0.000000 0.000000 
-6.373693 -14.062367 0.062245 -11.157700 23.026917 0.000000 0.000000 
-6.492326 -14.921695 0.590723 -9.694077 23.116825 0.000000 0.000000 
-6.531827 -14.941890 -0.382107 -9.968254 24.337225 0.000000 0.000000 
-6.252875 -15.461570 -0.872808 -12.969933 22.897959 0.000000 0.000000 
-6.529433 -15.725269 0.312766 -7.837830 25.284616 0.000000 0.000000 
-6.514423 -15.843614 0.303975 -9.622223 24.273342 0.000000 0.000000 
-6.462039 -16.002153 -0.133449 -4.407837 29.423407 0.000000 0.000000 
-6.654707 -16.143520 -0.192240 -7.000451 25.865559 0.000000 0.000000 
-5.976218 -16.472187 -0.060327 -9.773453 23.362171 0.000000 0.000000 
-6.050337 -17.141624 -0.377933 -13.334671 22.129189 0.000000 0.000000 
-6.811703 -18.409748 -0.321738 -9.271378 23.017033 0.000000 0.000000 
-6.115332 -18.850819 -0.147872 -7.225914 25.723164 0.000000 0.000000 
-5.992934 -19.012951 -0.310382 -14.869942 23.195549 0.000000 0.000000 
-6.434723 -19.016838 -1.107042 -8.008438 26.549776 0.000000 0.000000 
-6.543839 -19.155090 -1.527386 -11.360892 21.226944 0.000000 0.000000 
-6.429059 -19.975262 0.873432 -13.252953 21.628323 0.000000 0.000000 
-6.649000 -20.109222 -0.041032 -11.614449 23.302004 0.000000 0.000000 
-6.719148 -20.134739 -0.769103 -11.882590 24.204062 0.000000 0.000000 
-6.986275 -21.049572 -1.235262 -9.370491 21.712605 0.000000 0.000000 
-6.764813 -21.361301 -0.014357 -11.012978 22.228741 0.000000 0.000000 
-6.317215 -22.832226 -0.490663 -11.140250 22.538910 0.000000 0.000000 
-7.010915 -24.494385 -0.334990 -10.349730 23.071522 0.000000 0.000000 
-6.426914 -25.703869 -2.182890 -8.143600 22.949984 0.000000 0.000000 
-6.014326 -26.631912 0.039377 -10.471770 19.605804 0.000000 0.000000 
-6.347895 -27.440308 -0.379842 -5.247841 24.702938 0.000000 0.000000 
-6.773707 -27.378147 -0.939616 -4.907639 22.609823 0.000000 0.000000 
-5.869343 -42.811459 -0.361798 4.285599 28.770979 0.000000 0.000000 
-5.800759 -49.007763 4.359073 3.098801 24.360565 0.000000 0.000000 
-6.363117 -13.081984 -0.924459 -3.120773 28.964605 0.000000 0.000000 
-6.558601 -13.176551 0.628765 -3.634285 25.293205 0.000000 0.000000 
-6.002773 -13.631764 0.070262 -8.311400 26.364611 0.000000 0.000000 
-6.808449 -13.676484 -0.709925 -5.053338 25.767094 0.000000 0.000000 
-6.763904 -13.800825 0.846540 -5.926697 25.375269 0.000000 0.000000 
-6.377431 -14.672432 -0.573155 -3.775993 30.318125 0.000000 0.000000 
-5.909940 -14.996235 0.808605 -7.442399 27.110035 0.000000 0.000000 
-6.417913 -14.781490 -2.575602 -4.716156 29.238506 0.000000 0.000000 
-6.625834 -15.193207 -0.362414 -4.929787 26.580135 0.000000 0.000000 
-5.973991 -15.796760 0.393589 -12.494713 21.563828 0.000000 0.000000 
-6.661385 -15.767268 1.792626 -6.295502 25.819603 0.000000 0.000000 
-6.656818 -15.852821 0.377437 -2.739922 28.240669 0.000000 0.000000 
-6.239610 -16.287006 0.867691 -7.714005 27.559715 0.000000 0.000000 
-5.750916 -16.810143 -1.485206 -7.393776 26.056896 0.000000 0.000000 
-6.225578 -16.844149 0.490804 -5.202515 27.964947 0.000000 0.000000 
-6.351654 -17.011635 0.623637 -4.469613 28.572750 0.000000 0.000000 
-6.289970 -17.293392 -0.398917 -2.052834 30.079224 0.000000 0.000000 
-5.693722 -17.769615 -1.193815 -7.890457 26.591368 0.000000 0.000000 
-6.102652 -17.636360 1.074890 -12.232811 21.770657 0.000000 0.000000 
-5.948663 -17.939964 -0.657424 -5.477898 27.511293 0.000000 0.000000 
-6.433732 -17.942692 -2.821143 -5.958778 23.792072 0.000000 0.000000 
-7.726220 -17.409584 -0.044668 -10.150046 23.804531 0.000000 0.000000 
-6.716501 -18.132931 -1.467165 -7.611741 25.784761 0.000000 0.000000 
-7.205050 -18.101505 -0.332375 -3.079849 27.368229 0.000000 0.000000 
-7.022426 -18.248734 -0.485840 -4.077049 27.275833 0.000000 0.000000 
-7.099424 -18.226379 -0.082242 -3.635849 26.962463 0.000000 0.000000 
-6.997802 -18.621078 -0.772200 -5.218941 24.834635 0.000000 0.000000 
-6.395988 -19.031792 -0.901484 -1.627991 29.696920 0.000000 0.000000 
-6.365565 -20.469090 -2.000052 -6.865036 22.794727 0.000000 0.000000 
-6.914791 -21.086044 0.828114 -7.163849 25.766346 0.000000 0.000000 
-6.965672 -21.971451 2.698286 -2.074150 28.843164 0.000000 0.000000 
-6.222673 -22.844288 0.477707 -2.882500 25.795422 0.000000 0.000000 
-6.368930 -23.396675 0.029107 -4.246330 24.348547 0.000000 0.000000 
-4.977585 -24.115540 -3.004255 -7.537385 22.602161 0.000000 0.000000 
-6.981396 -24.530872 0.275876 0.612442 28.151237 0.000000 0.000000 
-7.169568 -26.512001 1.408729 -2.567833 25.913994 0.000000 0.000000 
-6.893271 -37.397869 -0.903223 -1.849167 20.605858 0.000000 0.000000 
-7.123229 -42.399773 0.286657 1.636574 23.363071 0.000000 0.000000 
-6.693559 -42.506195 1.155642 1.334183 22.549009 0.000000 0.000000 
-7.618423 -48.943592 4.519208 1.822090 20.564430 0.000000 0.000000 
-6.762096 -54.991444 3.640385 0.785515 20.567108 0.000000 0.000000 
-28.762447 -7.699681 2.643151 -7.013833 20.453629 0.000000 0.000000 
-29.491150 -8.884388 0.151154 -5.278039 20.690353 0.000000 0.000000 
-29.654171 -8.368681 2.814857 0.595314 27.546814 0.000000 0.000000 
-35.125648 -11.620747 2.385665 -3.851761 22.102859 0.000000 0.000000 
-39.042305 -11.285424 2.546290 -2.824814 19.955215 0.000000 0.000000 
-39.498486 -10.785320 0.978249 -4.916176 18.084969 0.000000 0.000000 
-31.475275 -1.816056 3.592444 -8.034514 21.023403 0.000000 0.000000 
-31.595476 -1.633866 3.963372 -6.520463 21.778023 0.000000 0.000000 
-19.963228 -33.321617 2.316164 -3.765007 20.056793 0.000000 0.000000 
8.678761 -23.725285 0.872722 -5.993279 24.052700 0.000000 0.000000 
8.237370 -23.948338 0.429178 -7.869354 21.482082 0.000000 0.000000 
8.540825 -23.963287 -0.615567 -7.023308 23.896259 0.000000 0.000000 
8.077840 -24.403606 1.254014 -9.212059 21.723480 0.000000 0.000000 
10.235417 -25.264004 0.290685 -7.769104 20.428257 0.000000 0.000000 
8.084877 -27.308262 2.482934 -6.608665 21.640171 0.000000 0.000000 
8.582228 -27.454674 1.694890 -4.733475 21.481777 0.000000 0.000000 
11.641692 -32.357224 0.208074 -6.704010 19.509155 0.000000 0.000000 
11.249264 -32.698235 -0.524117 -6.219513 18.494061 0.000000 0.000000 
11.402709 -32.905212 -0.645214 -4.579414 19.324963 0.000000 0.000000 
7.896423 -34.980534 0.047915 12.551843 35.690273 0.000000 0.000000 
8.379224 -34.950054 0.203746 8.958649 33.051735 0.000000 0.000000 
8.540327 -35.269249 0.719766 -2.973755 21.198196 0.000000 0.000000 
8.979737 -39.517891 3.131484 -1.662468 21.723480 0.000000 0.000000 
9.238488 -39.520988 0.524961 0.276398 22.393143 0.000000 0.000000 
9.916792 -39.671635 3.587183 1.640541 24.671314 0.000000 0.000000 
10.413478 -39.639931 -0.612213 -1.397766 20.848160 0.000000 0.000000 
3.323787 -41.261951 5.682561 -4.413193 20.988071 0.000000 0.000000 
3.267972 -41.313545 5.753634 -0.439491 22.754215 0.000000 0.000000 
8.831780 -41.035290 0.234688 14.044647 34.401127 0.000000 0.000000 
9.682457 -40.830410 0.866197 15.547302 34.254608 0.000000 0.000000 
9.507953 -42.552410 0.865968 0.815018 23.490662 0.000000 0.000000 
10.229305 -42.422127 1.216048 -0.721367 20.999336 0.000000 0.000000 
9.511461 -45.197083 -2.150057 1.760010 20.568035 0.000000 0.000000 
8.554651 -45.467365 0.857634 4.118599 24.315960 0.000000 0.000000 
10.313948 -46.936024 2.165878 -2.673820 20.234203 0.000000 0.000000 
9.944593 -47.269100 0.836388 0.537193 22.421188 0.000000 0.000000 
10.388496 -47.399628 0.375695 -2.861664 17.503677 0.000000 0.000000 
7.729990 -49.377960 0.439922 -4.191353 18.769287 0.000000 0.000000 
8.908739 -49.438084 3.376192 -0.308678 18.952679 0.000000 0.000000 
9.336345 -49.490845 0.306679 7.151527 25.582245 0.000000 0.000000 
10.273840 -49.350765 -2.987241 -1.215210 18.289875 0.000000 0.000000 
8.104566 -50.989845 5.455109 1.999046 22.098873 0.000000 0.000000 
8.329100 -51.397095 0.911299 4.743248 22.456577 0.000000 0.000000 
8.654700 -51.425507 0.886544 -1.985832 17.457115 0.000000 0.000000 
8.641750 -52.972153 0.552979 -0.276184 17.695564 0.000000 0.000000 
9.655437 -56.658184 -0.982027 -3.302490 16.490559 0.000000 0.000000 
9.826283 -62.803974 1.503441 0.527824 15.734116 0.000000 0.000000 
7.357260 -4.284170 1.589627 -11.051703 35.932659 0.000000 0.000000 
7.366440 -4.915453 0.069170 10.594681 52.154892 0.000000 0.000000 
7.396715 -4.978095 0.116377 -0.054588 41.703712 0.000000 0.000000 
9.089719 -4.385596 1.676629 -16.419289 27.572582 0.000000 0.000000 
8.789992 -5.228004 -0.757759 -10.320755 30.374714 0.000000 0.000000 
7.320202 -8.222852 -0.083022 6.335030 45.140968 0.000000 0.000000 
8.151012 -8.096676 2.516986 -5.263863 34.397732 0.000000 0.000000 
8.608401 -7.770284 4.474897 -2.322678 36.502480 0.000000 0.000000 
8.969962 -8.841332 -0.089678 -13.431129 28.382977 0.000000 0.000000 
9.294237 -10.440421 -0.156222 -17.314606 22.664911 0.000000 0.000000 
9.686943 -10.429935 2.092499 -9.324103 28.439093 0.000000 0.000000 
7.247902 -21.224316 2.744261 -3.048676 30.663416 0.000000 0.000000 
11.811004 -24.244019 -0.986380 -4.116165 25.816734 0.000000 0.000000 
8.660506 -26.672691 0.539629 -3.530342 26.347237 0.000000 0.000000 
9.208613 -29.399357 1.030650 -8.620955 26.254587 0.000000 0.000000 
11.114960 -31.977978 0.703853 -6.097633 22.714542 0.000000 0.000000 
7.524694 -34.020473 -0.409474 -5.628273 20.896530 0.000000 0.000000 
5.134128 -37.142151 8.450356 -3.966408 23.135206 0.000000 0.000000 
3.612406 -41.344883 4.703871 -3.129318 20.875263 0.000000 0.000000 
7.177105 -57.015240 0.464362 3.446404 20.588306 0.000000 0.000000 
7.839542 -57.067390 4.196377 5.778427 22.329044 0.000000 0.000000 
7.863080 -57.150070 1.683255 -3.037216 16.314152 0.000000 0.000000 
8.289384 -65.131500 0.072443 12.437013 28.374214 0.000000 0.000000 
8.195942 -65.211571 -0.048557 11.704697 27.793331 0.000000 0.000000 
8.131470 -65.346199 -1.134806 0.886658 15.918407 0.000000 0.000000 
20.689140 0.825595 -0.126322 -2.027603 31.363934 0.000000 0.000000 
20.716602 1.187858 0.104192 0.263794 36.559086 0.000000 0.000000 
21.264841 -1.167870 -2.449646 2.094582 34.680595 0.000000 0.000000 
21.585306 -0.616876 -0.293797 -3.132469 33.084332 0.000000 0.000000 
22.316982 -6.640505 -4.189861 -7.145149 29.189674 0.000000 0.000000 
23.815111 -16.372438 0.530674 -2.251419 26.653618 0.000000 0.000000 
23.433794 -17.650925 -0.246920 1.809654 27.391701 0.000000 0.000000 
22.241716 9.112598 0.235969 4.432693 34.418201 0.000000 0.000000 
22.098528 9.588311 0.016676 6.045006 37.312355 0.000000 0.000000 
26.407045 8.769989 -0.267166 15.353569 38.360573 0.000000 0.000000 
26.296612 9.448648 0.406024 10.061195 36.202805 0.000000 0.000000 
26.516006 9.419228 0.588577 3.869179 29.563644 0.000000 0.000000 
27.673477 8.758124 -0.176881 1.962914 26.694851 0.000000 0.000000 
28.213190 9.459420 -0.093156 -1.588440 23.095501 0.000000 0.000000 
28.695602 8.384038 -0.301646 17.287079 39.684834 0.000000 0.000000 
28.683624 8.420311 -0.752546 11.901567 38.376884 0.000000 0.000000 
28.463474 9.171595 1.797797 3.232460 27.485836 0.000000 0.000000 
30.457659 7.874880 -0.338048 3.910576 29.440350 0.000000 0.000000 
30.337790 8.577796 -0.274145 3.356247 27.856752 0.000000 0.000000 
30.717922 8.820439 -1.112888 -3.655197 20.157108 0.000000 0.000000 
28.929482 15.164641 0.467923 -0.559334 26.172926 0.000000 0.000000 
32.366802 9.069296 -1.105191 12.559120 33.835220 0.000000 0.000000 
32.196583 9.601912 -0.945222 10.091896 34.361717 0.000000 0.000000 
32.414322 9.092026 -0.376973 20.691422 42.099361 0.000000 0.000000 
33.451008 10.355006 0.010548 -0.659775 21.947269 0.000000 0.000000 
34.372940 9.194438 -0.368892 6.976440 29.170446 0.000000 0.000000 
35.320744 6.190340 9.369769 -1.322205 23.156746 0.000000 0.000000 
31.347946 17.987236 -2.530816 -2.419281 18.670673 0.000000 0.000000 
36.713177 8.489738 0.122950 0.927254 22.012856 0.000000 0.000000 
36.622803 8.902198 -0.981649 -1.996712 20.694183 0.000000 0.000000 
38.224594 9.265512 -0.342713 4.453888 25.236723 0.000000 0.000000 
38.549683 8.666556 -1.872869 8.063278 27.133415 0.000000 0.000000 
38.654690 8.611500 -1.661965 6.750862 27.477407 0.000000 0.000000 
42.748817 8.226381 -0.008977 15.569969 32.487389 0.000000 0.000000 
19.960945 15.091075 -3.545320 4.720543 24.065807 0.000000 0.000000 
19.973228 17.517069 -9.508960 -0.894043 20.235123 0.000000 0.000000 
22.246458 21.007616 -11.745884 3.434113 22.412296 0.000000 0.000000 
28.589773 15.530057 -0.602512 10.685472 20.510380 0.000000 0.000000 
27.769419 23.664724 -11.871830 2.246201 17.575951 0.000000 0.000000 
2.346985 -0.839564 -0.035302 -18.521019 46.888222 0.000000 0.000000 
2.499830 -0.849672 -0.026449 -16.511112 50.479820 0.000000 0.000000 
2.504302 -1.135646 0.010985 -28.955948 41.277485 0.000000 0.000000 
2.463478 -1.911600 0.035131 -25.887096 36.139072 0.000000 0.000000 
2.487846 -1.916261 -0.046510 -24.957329 40.428307 0.000000 0.000000 
2.447670 -2.432523 -0.020304 -25.718315 40.471313 0.000000 0.000000 
2.449085 -2.615299 -0.028317 -19.980011 42.385098 0.000000 0.000000 
2.410366 -2.828403 -0.051170 -20.776829 43.528641 0.000000 0.000000 
2.475305 -3.058858 0.011562 -18.231480 42.719707 0.000000 0.000000 
2.590948 -3.088526 -0.026656 -25.177734 37.871796 0.000000 0.000000 
2.429419 -3.406437 0.038913 -7.710072 50.055328 0.000000 0.000000 
2.371970 5.048244 0.102511 -20.427738 32.505974 0.000000 0.000000 
2.627668 5.176809 0.104279 -21.600597 28.813019 0.000000 0.000000 
2.353410 6.427696 -0.057513 -30.622681 27.268808 0.000000 0.000000 
2.436401 6.696958 -0.027994 -35.929272 22.117142 0.000000 0.000000 
2.254988 7.021952 0.078613 -14.612709 41.100990 0.000000 0.000000 
2.303687 7.120849 0.074897 -18.472527 39.085171 0.000000 0.000000 
2.311869 7.528944 -0.037353 -29.495907 27.578001 0.000000 0.000000 
2.270473 7.913372 -0.008656 -26.154182 29.496445 0.000000 0.000000 
2.321006 8.015623 -0.017786 -27.771259 32.531136 0.000000 0.000000 
2.364939 8.473087 -0.010242 -17.742577 38.281738 0.000000 0.000000 
2.440563 8.640169 -0.027527 -16.942749 34.808193 0.000000 0.000000 
7.577219 25.124359 -0.543709 -16.126587 19.446747 0.000000 0.000000 
7.728197 25.842266 -0.447751 -9.169829 25.035513 0.000000 0.000000 
-5.963694 28.240358 -0.071099 -15.035301 21.630890 0.000000 0.000000 
-6.036543 28.597200 0.367042 -16.184441 20.079014 0.000000 0.000000 
-6.202784 28.912510 -0.177751 -20.287094 16.428402 0.000000 0.000000 
-20.344610 -0.494152 -0.826233 -6.503914 26.107830 0.000000 0.000000 
-21.847475 -6.837598 4.053718 -9.342795 22.662674 0.000000 0.000000 
42.329636 10.207391 -0.766213 15.503427 33.976830 0.000000 0.000000 
44.502525 9.234343 0.865788 4.843956 23.671829 0.000000 0.000000 
44.435646 9.834742 -0.985972 3.476425 20.522594 0.000000 0.000000 
46.461540 9.147301 -0.656663 20.747368 36.654938 0.000000 0.000000 
46.390835 9.718451 -0.549902 19.622284 35.746925 0.000000 0.000000 
47.256298 8.623425 -0.997979 3.271606 20.947781 0.000000 0.000000 
46.740513 10.873528 -0.220480 7.630547 24.436863 0.000000 0.000000 
48.490635 9.004790 -1.033925 10.889894 25.779963 0.000000 0.000000 
48.622780 9.039818 -1.603093 8.316086 26.462658 0.000000 0.000000 
50.351276 9.927359 -0.831372 16.212006 31.718079 0.000000 0.000000 
50.548592 8.983733 -1.609099 13.726907 30.727585 0.000000 0.000000 
52.732414 8.401523 -0.704052 17.463081 32.850906 0.000000 0.000000 
52.632565 8.995388 -1.794488 17.694817 34.083344 0.000000 0.000000 
54.813972 7.744850 -1.994533 23.506264 38.736572 0.000000 0.000000 
54.587601 9.545974 0.029052 25.266853 38.336662 0.000000 0.000000 
56.461143 9.300792 -0.016977 14.808708 28.157738 0.000000 0.000000 
56.927277 7.049455 -0.389193 12.725778 27.836300 0.000000 0.000000 
56.920799 8.056651 1.731745 15.223701 30.920923 0.000000 0.000000 
57.073563 7.982142 3.343313 10.683380 26.666218 0.000000 0.000000 
58.084705 8.074880 -0.649951 0.667267 17.329945 0.000000 0.000000 
58.098377 8.572092 0.545057 6.508621 21.233368 0.000000 0.000000 
58.713116 7.606078 -1.163847 20.353195 33.462128 0.000000 0.000000 
58.576424 9.352305 -0.074827 20.158310 33.910473 0.000000 0.000000 
60.235077 7.848718 -2.259247 3.932678 18.812614 0.000000 0.000000 
60.530861 9.097753 -1.401242 26.438873 39.057510 0.000000 0.000000 
60.672680 8.244466 -2.829840 23.114250 36.047318 0.000000 0.000000 
61.774197 10.229933 -0.529387 1.790810 16.255672 0.000000 0.000000 
62.194595 10.468583 -0.236755 9.540253 21.821659 0.000000 0.000000 
62.521465 9.585340 -0.986674 16.233749 29.722317 0.000000 0.000000 
62.531120 9.852199 -2.299195 16.878967 28.903906 0.000000 0.000000 
2.291922 -5.995791 0.074839 -18.453636 29.810858 0.000000 0.000000 
2.341141 -6.377197 -0.185365 -13.667404 32.520920 0.000000 0.000000 
2.668962 -6.295866 0.023307 -6.884453 38.690411 0.000000 0.000000 
2.498855 -6.845021 0.213326 -10.998116 34.930695 0.000000 0.000000 
2.519271 -6.948796 -0.058307 -6.695549 37.907188 0.000000 0.000000 
2.632262 -7.119960 0.280933 -5.755417 38.248486 0.000000 0.000000 
-6.538675 -5.103871 -1.810451 -12.223366 34.582764 0.000000 1.000000 
2.531775 -7.420243 0.067630 2.173943 46.199127 0.000000 0.000000 
2.603358 -7.503762 0.056310 -3.601875 41.474052 0.000000 0.000000 
2.456085 -7.601993 -0.199486 0.776657 44.266136 0.000000 0.000000 
2.530713 -7.671731 -0.249672 -2.885460 42.900120 0.000000 0.000000 
2.489022 -7.961940 -0.077702 -6.584290 40.514183 0.000000 0.000000 
2.457932 -8.037712 0.016813 -2.763542 43.337433 0.000000 0.000000 
2.406258 -8.304865 -0.042119 -6.983009 38.870129 0.000000 0.000000 
2.285483 -8.561770 -0.206171 -5.558175 38.485584 0.000000 0.000000 
2.387258 -8.531697 0.090600 -5.028084 40.671650 0.000000 0.000000 
2.453271 -8.738274 -0.118027 -2.721504 39.593159 0.000000 0.000000 
2.476406 -8.901957 -0.156358 -0.493866 40.762562 0.000000 0.000000 
2.375127 -8.980015 -0.107746 -5.913193 38.522980 0.000000 0.000000 
2.175198 -9.343143 -0.039864 -13.281525 30.835142 0.000000 0.000000 
2.328561 -9.421711 0.316770 -0.531776 41.509422 0.000000 0.000000 
2.412530 -9.501955 0.397458 0.461472 42.173775 0.000000 0.000000 
2.407292 -9.773566 0.023209 -9.034668 32.777767 0.000000 0.000000 
2.233695 -10.182900 0.035617 -12.739502 28.500109 0.000000 0.000000 
2.260680 -10.300084 -0.248182 -5.082818 28.259790 0.000000 0.000000 
2.358304 -10.748769 -0.186857 -4.945076 29.386688 0.000000 0.000000 
2.239059 -10.792645 -0.329417 -6.360512 28.889046 0.000000 0.000000 
2.703113 -10.864332 0.118508 -12.865326 25.685127 0.000000 0.000000 
2.479812 -11.050008 0.005143 -8.846413 24.043425 0.000000 0.000000 
2.177314 -11.195592 -0.297402 -5.000053 27.663795 0.000000 0.000000 
2.185256 -11.295083 -0.101094 -5.797211 27.920090 0.000000 0.000000 
2.333184 -11.497002 -0.117861 -2.907997 29.464153 0.000000 0.000000 
2.303444 -11.564502 -0.189253 -1.795273 28.385052 0.000000 0.000000 
-18.251442 -2.293828 -1.191137 -5.593414 30.979864 0.000000 0.000000 
-18.254944 -2.256953 -0.578617 -12.332870 23.592213 0.000000 0.000000 
-18.403929 -2.384186 -0.499372 4.834709 40.137959 0.000000 0.000000 
-18.597775 -2.835359 0.312433 -6.018898 30.432980 0.000000 0.000000 
-18.332899 -4.642131 -0.950367 1.798866 35.225750 0.000000 0.000000 
-18.282259 -5.235518 -0.307390 -9.598099 26.559689 0.000000 0.000000 
-19.062239 -2.288628 2.272645 -12.750397 22.957495 0.000000 0.000000 
-18.510649 -5.627927 -0.761609 -1.925537 30.444248 0.000000 0.000000 
-18.588615 -5.584633 -0.704402 -2.726524 29.732187 0.000000 0.000000 
-18.913877 -5.698845 -0.366454 -7.945290 24.735031 0.000000 0.000000 
-19.037930 -5.588888 -0.305683 -9.091843 23.394377 0.000000 0.000000 
-19.607426 0.251221 -0.029605 -11.761230 22.452866 0.000000 1.000000 
-20.686998 3.379584 1.936324 -9.070168 22.958252 0.000000 0.000000 
-20.738726 3.724438 1.774531 -11.844040 20.267750 0.000000 0.000000 
-21.130331 3.396365 -4.999279 -7.923462 24.277466 0.000000 0.000000 
-21.523853 3.284382 3.183335 -4.604317 25.041296 0.000000 0.000000 
-21.367451 4.100361 8.656069 -10.512465 22.876274 0.000000 0.000000 
-22.054834 -2.828021 1.733305 -13.854332 22.113873 0.000000 0.000000 
-22.340271 -3.189259 4.230546 -11.338675 22.519264 0.000000 0.000000 
9.631864 -20.126415 -3.868674 -5.958572 24.562515 0.000000 0.000000 
-22.406883 -3.202456 3.470541 -12.783279 20.825523 0.000000 0.000000 
-21.931604 6.145711 0.505811 -11.392212 21.733341 0.000000 0.000000 
-22.996939 -3.480092 -4.244356 -7.622787 25.299519 0.000000 0.000000 
-23.133942 -2.691845 1.476199 -7.457291 28.426479 0.000000 0.000000 
-22.361382 6.470651 1.149293 -6.495415 24.723297 0.000000 0.000000 
-22.660643 6.468928 1.421313 -2.591614 26.249443 0.000000 0.000000 
-24.025261 -4.402152 0.982407 -12.664742 20.168602 0.000000 0.000000 
-24.125574 -4.114444 0.158634 -6.169518 25.422571 0.000000 0.000000 
-24.178696 -4.466435 1.306133 -9.676529 25.741079 0.000000 0.000000 
-23.930967 7.860336 2.437223 -9.090210 20.515450 0.000000 0.000000 
-26.015667 0.629654 -0.302011 -8.979912 21.587486 0.000000 1.000000 
-17.438168 -22.195145 -6.984121 -11.363518 23.362017 0.000000 1.000000 
8.182307 -27.495003 -2.221455 -4.247993 23.094597 0.000000 0.000000 
-27.978216 8.928707 2.889582 -5.105301 20.632812 0.000000 0.000000 
-29.990246 -1.309310 2.894203 -2.141220 28.487684 0.000000 0.000000 
-26.593027 13.701156 -2.836324 -10.072609 21.888657 0.000000 1.000000 
15.176169 -26.084679 -0.528606 -0.754616 21.500114 0.000000 0.000000 
12.120647 -28.270821 5.906152 -3.640518 24.167236 0.000000 0.000000 
14.309078 -27.439438 0.161810 -5.095299 20.181026 0.000000 0.000000 
15.088932 -27.318531 0.314993 -5.427078 22.478004 0.000000 0.000000 
12.705105 -28.784683 -0.161462 -1.557861 24.002695 0.000000 0.000000 
14.642744 -27.931820 0.386235 -1.569366 21.074764 0.000000 0.000000 
13.162326 -28.783863 -0.671350 -4.674133 21.027279 0.000000 0.000000 
13.529015 -29.954586 2.350756 -0.052307 25.180305 0.000000 0.000000 
-30.320965 12.567610 2.417527 -3.497711 22.586628 0.000000 0.000000 
13.361302 -30.481506 0.556809 -8.490494 18.576889 0.000000 0.000000 
13.608236 -32.222862 4.630687 -0.709862 22.751831 0.000000 0.000000 
-7.611089 -36.118870 8.882610 -9.123482 20.186378 0.000000 1.000000 
18.702599 -31.113064 -5.837286 1.794983 19.562405 0.000000 0.000000 
-37.097027 -3.181792 1.590899 6.203842 32.504921 0.000000 0.000000 
-37.163628 -3.032707 1.014097 12.773758 36.969486 0.000000 0.000000 
-38.555519 -1.806745 2.234385 -7.200699 19.438580 0.000000 0.000000 
-38.624371 -1.938525 2.887674 -4.601219 19.331463 0.000000 0.000000 
-38.267910 -6.361188 3.378448 -1.884766 21.993862 0.000000 0.000000 
-38.236782 -7.917291 3.780956 -6.178665 20.937958 0.000000 0.000000 
6.691556 -38.764027 -1.437743 -0.014641 23.847773 0.000000 0.000000 
-38.773640 -7.448015 1.687324 -5.762695 18.639893 0.000000 0.000000 
-39.070385 -7.050454 -8.611562 -4.735901 21.389694 0.000000 0.000000 
-39.987587 -2.789239 3.740331 -6.529938 19.184624 0.000000 0.000000 
8.048615 -41.814770 -3.423797 1.014709 23.117668 0.000000 0.000000 
15.923905 -40.659542 2.365999 -2.006844 18.843292 0.000000 1.000000 
-45.335289 -3.606132 3.723089 -4.214188 18.808640 0.000000 0.000000 
-45.422703 -2.990181 2.790079 -3.982803 18.687023 0.000000 1.000000 
15.931771 -42.831009 3.837100 4.741623 24.365471 0.000000 1.000000 
-47.632915 -4.197704 3.318177 -2.759384 19.415833 0.000000 0.000000 
8.588372 -51.374241 9.015258 -0.312592 18.775143 0.000000 0.000000 
28.107826 -46.422382 1.505695 6.757553 17.080227 0.000000 0.000000 
22.369106 -52.124809 -1.322133 2.133194 19.695271 0.000000 1.000000 
18.942928 -55.832588 4.384231 1.960747 18.119930 0.000000 0.000000 
19.044243 -55.812222 16.210693 0.989838 16.979385 0.000000 0.000000 
-6.411773 -61.040260 3.205956 2.686905 19.101192 0.000000 0.000000 
-6.333105 -61.084213 2.416276 4.248291 20.730679 0.000000 0.000000 
-4.760490 -61.681976 6.970836 -2.934464 17.351463 0.000000 0.000000 
-3.914680 -74.216087 3.172302 2.556519 17.942715 0.000000 0.000000 
-70.166588 -57.672920 5.700354 5.448196 14.093082 0.000000 0.000000 
-5.503667 -92.380638 1.405989 6.608261 16.117641 0.000000 0.000000 
-107.354965 -4.701179 7.153529 9.028847 16.289303 0.000000 0.000000 
-107.371101 -6.875877 3.493883 2.171974 13.745018 0.000000 0.000000 
24.681702 -105.360413 1.380206 11.484337 18.777737 0.000000 0.000000 
24.968683 -105.335304 0.944651 10.438972 19.896828 0.000000 0.000000 
26.505669 -105.912025 4.694237 10.160126 16.664776 0.000000 0.000000 
23.998692 -106.697479 2.357019 12.154686 18.451984 0.000000 0.000000 
23.992140 -108.471870 -0.727353 7.123833 13.301468 0.000000 0.000000 
24.229191 -109.136589 -0.015244 7.946938 13.566486 0.000000 0.000000 
27.341322 -108.417740 4.386884 11.417130 17.365417 0.000000 0.000000 
60.470207 -100.536690 3.560237 11.855499 13.258339 0.000000 0.000000 
62.683887 -99.421310 6.443597 17.964882 16.008602 0.000000 0.000000 
60.651115 -100.827408 5.530928 19.545830 19.832844 0.000000 0.000000 
60.960800 -100.783340 -0.251353 12.945480 12.359989 0.000000 0.000000 
61.076481 -111.036110 4.809783 22.929527 22.057774 0.000000 0.000000 
25.402582 -135.370605 2.482246 13.552948 15.894592 0.000000 0.000000 
58.374004 -147.277832 9.826445 16.516212 16.193352 0.000000 0.000000 
59.398052 -147.774689 7.728202 23.863594 22.167809 0.000000 0.000000 
2.516314 -3.557232 -0.078160 -8.961159 45.880432 0.000000 0.000000 
3.912062 -0.721935 0.005795 -17.898155 39.201710 0.000000 0.000000 
3.911056 -0.362754 -0.406094 -22.863655 38.329273 0.000000 1.000000 
2.416308 -3.705238 0.016774 -20.376968 39.625641 0.000000 0.000000 
2.385155 -3.726026 -0.005719 -20.290977 36.315247 0.000000 0.000000 
2.424448 -4.163229 0.027433 -18.807705 38.532394 0.000000 0.000000 
2.456283 -4.182767 -0.037930 -18.096066 39.234055 0.000000 0.000000 
2.443869 -4.466312 -0.063308 -14.290787 42.367493 0.000000 0.000000 
2.458584 -4.613059 0.013404 -13.419182 41.814125 0.000000 0.000000 
2.458057 -4.729151 -0.064254 -14.536652 41.604618 0.000000 0.000000 
2.474669 -4.977113 0.045939 -13.603291 41.750507 0.000000 0.000000 
2.441817 -5.038778 -0.055411 -12.657692 42.148582 0.000000 0.000000 
2.438014 -5.072210 0.043367 -7.871899 42.254723 0.000000 0.000000 
2.404348 -5.351868 0.104993 -14.107964 44.142715 0.000000 0.000000 
2.411322 -5.361776 0.184678 -15.611450 45.855026 0.000000 0.000000 
2.432693 -5.496464 0.026643 -9.596581 41.394821 0.000000 0.000000 
2.447072 -5.600932 -0.091871 -11.272784 43.453583 0.000000 0.000000 
2.500733 -5.879721 0.264100 -11.958344 38.521988 0.000000 0.000000 
2.431763 -5.986766 0.105976 -9.484694 40.839390 0.000000 0.000000 
2.470599 -5.990778 0.336634 -13.210575 41.254265 0.000000 0.000000 
2.469156 -6.225543 0.080210 -9.806347 44.055523 0.000000 0.000000 
2.450221 -6.354130 -0.034053 -6.933708 45.865852 0.000000 0.000000 
2.521006 -6.462952 0.064692 -9.783051 43.393471 0.000000 0.000000 
2.416974 -6.513189 0.000683 -9.469612 44.338806 0.000000 0.000000 
2.473907 -6.723097 -0.133846 -7.438179 45.168358 0.000000 0.000000 
2.450248 -6.792941 -0.236134 -7.327981 43.537823 0.000000 0.000000 
2.414919 -6.989740 0.040714 -8.746493 44.057026 0.000000 0.000000 
2.423272 -7.176349 0.010593 -8.397873 39.046463 0.000000 0.000000 
2.512136 -7.205656 0.095609 -10.841434 38.037926 0.000000 0.000000 
6.948766 -3.954942 -0.267450 6.424545 48.195950 0.000000 0.000000 
2.391773 -7.664276 0.002444 1.712021 44.288181 0.000000 0.000000 
2.375327 -7.694213 0.039142 -2.895802 40.863209 0.000000 0.000000 
7.034789 -3.895005 -0.360318 -1.583351 44.402603 0.000000 0.000000 
7.020643 -3.932293 -0.357267 -2.201279 43.966988 0.000000 0.000000 
2.263461 -8.055257 -0.060074 -7.840614 38.818565 0.000000 0.000000 
2.328620 -8.094834 0.076726 -7.833000 36.593723 0.000000 0.000000 
7.413600 2.892292 -0.034698 -17.604355 25.201664 0.000000 1.000000 
2.255732 -8.565793 -0.081615 -0.304085 43.261520 0.000000 0.000000 
2.257061 -8.707867 -0.145163 1.651840 43.532585 0.000000 0.000000 
2.294495 -8.917171 -0.164588 3.107147 45.124203 0.000000 0.000000 
2.214020 -9.382352 -0.095523 3.238098 46.446121 0.000000 0.000000 
2.214828 -9.438620 -0.098900 1.094391 44.613190 0.000000 0.000000 
2.247329 -9.655922 -0.063141 -6.878792 37.428696 0.000000 0.000000 
2.244706 -9.803801 -0.151047 -3.186150 39.297989 0.000000 0.000000 
2.150387 -9.912470 -0.316230 -2.712578 40.203125 0.000000 0.000000 
2.174887 -10.173409 -0.318901 -0.246605 41.439659 0.000000 0.000000 
2.179867 -10.217005 -0.327317 1.597252 42.010494 0.000000 0.000000 
2.028481 -10.273481 -0.195011 -22.497673 21.373608 1.000000 0.000000 
2.167874 -10.398158 -0.087608 2.389091 43.971043 0.000000 0.000000 
2.236880 -10.466803 -0.147941 -2.378288 36.538227 0.000000 0.000000 
2.110468 -10.903287 -0.170409 1.748489 41.486362 0.000000 0.000000 
2.020638 -11.069609 -0.250192 1.783394 41.535515 0.000000 0.000000 
2.150304 -11.180558 -0.221034 -3.164925 35.584812 0.000000 0.000000 
2.070916 -11.385457 -0.363129 -2.170158 35.938236 0.000000 0.000000 
2.013128 -11.502200 -0.326567 5.959908 43.209373 0.000000 0.000000 
2.003938 -11.600784 -0.210680 6.719864 44.168221 0.000000 0.000000 
11.461756 -2.847879 2.687639 -6.942482 30.465815 0.000000 0.000000 
2.135716 -11.811787 -0.143045 -3.782547 36.671833 0.000000 0.000000 
12.020057 -2.559331 0.104704 -9.574875 29.525585 0.000000 0.000000 
13.949478 -2.292264 0.251261 -8.729239 31.757492 0.000000 0.000000 
13.943478 -2.469978 -0.109744 -6.041496 31.586357 0.000000 0.000000 
14.015627 -2.687723 -0.689096 0.291908 35.107727 0.000000 0.000000 
3.482311 -14.568830 0.847273 -14.248695 24.818447 0.000000 1.000000 
15.842171 -0.923936 -0.722069 -3.931961 32.094322 0.000000 0.000000 
15.904137 -0.809412 -0.642216 -0.968834 33.784611 0.000000 0.000000 
17.057175 0.487326 -0.488531 3.691185 36.122196 0.000000 0.000000 
15.803456 -7.688618 0.119928 -6.651803 26.908718 0.000000 0.000000 
17.210703 0.639075 -0.574616 5.739555 40.419167 0.000000 0.000000 
-6.718077 -16.569946 -3.279206 -9.047005 24.442871 0.000000 0.000000 
-8.835070 -16.271452 -0.697020 -3.555717 22.559483 0.000000 1.000000 
18.884604 0.455643 -0.797890 -11.210654 22.050648 0.000000 0.000000 
17.199392 8.453511 0.351177 7.325531 36.184322 0.000000 0.000000 
-8.087943 -19.360462 -1.551653 -6.653259 25.939198 0.000000 0.000000 
18.511257 9.882664 -0.005279 9.430527 38.916759 0.000000 0.000000 
19.100283 8.927066 -0.255379 12.120651 40.388851 0.000000 0.000000 
19.744520 8.477174 -6.939490 -4.663712 30.036390 0.000000 0.000000 
7.261831 -21.176456 5.835891 -3.086899 30.595713 0.000000 0.000000 
7.964886 -20.990490 7.276252 -12.637215 23.566362 0.000000 0.000000 
0.524300 -23.816322 -5.502234 -8.201752 23.576071 0.000000 1.000000 
24.311184 -2.673243 9.673717 -8.573836 22.840778 0.000000 0.000000 
21.015324 11.948153 -6.247224 -1.040649 26.765383 0.000000 1.000000 
22.919323 -10.207776 -7.677121 -1.840118 26.837194 0.000000 0.000000 
14.870365 -20.455173 4.041914 -5.109337 26.347973 0.000000 0.000000 
22.177919 -12.315379 10.387553 -4.013962 27.705269 0.000000 0.000000 
15.806264 -20.255688 -1.857687 0.062057 29.121880 0.000000 0.000000 
15.743594 -20.349018 -0.666988 3.136253 31.158978 0.000000 1.000000 
11.715990 -23.372540 1.969609 -4.241417 27.201254 0.000000 0.000000 
12.157207 -23.598679 0.780622 -5.832153 26.628477 0.000000 0.000000 
26.198950 -0.851384 -10.675139 -12.260574 20.546856 0.000000 0.000000 
26.582279 -2.146970 -3.474699 -7.308128 23.241310 0.000000 0.000000 
26.734694 -3.014399 0.225658 -9.194266 22.234722 0.000000 0.000000 
26.966183 -1.737059 0.734385 -11.204848 20.227379 0.000000 0.000000 
22.098072 -16.886547 -0.191777 -2.900299 25.625927 0.000000 0.000000 
26.217209 -14.762248 -2.202486 -3.838196 25.802887 0.000000 0.000000 
27.688997 10.534129 11.760489 -2.706390 25.458458 0.000000 0.000000 
26.301937 -15.536684 3.311729 -1.607307 25.557253 0.000000 0.000000 
8.111732 -30.002071 7.660745 -1.451744 27.123821 0.000000 0.000000 
30.414129 -9.198152 2.603444 -7.967644 21.494678 0.000000 0.000000 
8.115656 -30.950489 7.321743 -6.597603 22.244225 0.000000 1.000000 
13.222404 -29.459167 -0.220574 -4.394372 24.821442 0.000000 0.000000 
30.742689 -9.751403 1.534634 -4.942429 22.490295 0.000000 0.000000 
22.634317 -23.335552 1.187018 -3.823441 24.263494 0.000000 0.000000 
32.658676 -0.298649 -0.361038 15.016098 40.007622 0.000000 0.000000 
32.685760 1.401381 1.792358 10.048843 36.699646 0.000000 0.000000 
24.334955 -24.549953 -0.583915 -6.074318 18.950832 0.000000 1.000000 
7.006463 -34.073635 -0.924726 -3.951218 23.652269 0.000000 0.000000 
6.699683 -34.362053 9.356254 -6.482338 21.805435 0.000000 0.000000 
6.711645 -34.360718 -0.853841 -0.683372 24.470446 0.000000 0.000000 
33.198589 9.646972 -3.778759 2.275612 26.324078 0.000000 0.000000 
6.431354 -34.964470 -2.793103 -0.026031 23.774162 0.000000 0.000000 
6.829916 -35.118263 -1.034850 -2.347786 24.721264 0.000000 0.000000 
6.562240 -35.557522 -1.584760 -2.473511 25.098894 0.000000 0.000000 
34.686226 8.406096 -1.090144 20.770073 38.607475 0.000000 0.000000 
35.024052 9.814490 -3.369835 -2.355797 22.823681 0.000000 0.000000 
6.565435 -36.500507 -0.860999 -8.441307 18.537964 0.000000 0.000000 
5.945904 -37.075142 -1.049779 -5.866905 21.988754 0.000000 0.000000 
6.101987 -37.270912 -1.523883 -5.702141 20.397148 0.000000 0.000000 
5.864939 -38.026081 11.870206 -3.003799 21.135750 0.000000 0.000000 
34.731541 15.263453 1.052894 -2.713005 21.737480 0.000000 0.000000 
38.624935 -0.133417 -1.179354 -2.062462 22.034206 0.000000 0.000000 
38.812714 -0.671746 0.980038 11.613777 34.749104 0.000000 0.000000 
38.860069 -0.077225 0.753622 9.833435 33.676895 0.000000 0.000000 
39.717281 -8.369563 -0.678818 1.380135 25.116905 0.000000 1.000000 
40.449448 -0.596320 -5.351916 -7.970200 18.381817 0.000000 0.000000 
39.918468 -7.706215 1.955682 -0.945633 23.727276 0.000000 0.000000 
41.667423 -0.782659 2.819202 14.697372 35.199566 0.000000 0.000000 
41.676746 -0.734434 2.417837 22.259636 42.702465 0.000000 0.000000 
6.579695 -41.553802 -1.913931 0.278137 21.720943 0.000000 1.000000 
41.604355 -5.865168 -1.686337 -3.263191 21.349010 0.000000 0.000000 
5.285804 -42.326668 1.204232 -4.716401 20.182526 0.000000 0.000000 
-6.522164 -42.709026 4.424969 3.818542 26.050947 0.000000 0.000000 
43.228886 0.221214 -5.691442 -2.377350 20.866375 0.000000 0.000000 
43.286469 -1.128753 -2.947469 -0.257492 21.635132 0.000000 0.000000 
42.607979 -8.665167 -2.256327 -6.421021 19.382748 0.000000 1.000000 
43.971268 16.681774 0.638941 -2.574287 17.934429 0.000000 0.000000 
46.682056 16.665192 1.130538 19.090317 35.356915 0.000000 0.000000 
46.359093 17.944656 2.111484 10.014427 27.805117 0.000000 0.000000 
45.883244 19.163692 7.664874 2.808594 20.971218 0.000000 0.000000 
49.660328 17.276928 4.134932 2.814140 20.924973 0.000000 0.000000 
50.403515 15.623683 1.242727 7.034569 22.195641 0.000000 0.000000 
57.973927 2.362614 1.734095 7.203743 23.979578 0.000000 0.000000 
58.030567 1.369337 0.463479 3.816040 27.458115 0.000000 1.000000 
55.394249 17.884010 0.060178 2.328346 17.614258 0.000000 1.000000 
33.738194 -49.446133 11.533620 7.024071 23.837393 0.000000 0.000000 
56.266121 18.830673 -3.483606 4.335335 21.102192 0.000000 0.000000 
61.841305 -10.250730 0.337053 3.135368 18.904434 0.000000 0.000000 
62.106495 -9.553647 1.819306 5.207031 19.781902 0.000000 0.000000 
57.730152 -30.949749 4.331891 14.049713 27.433388 0.000000 1.000000 
56.806183 -32.905487 2.959653 12.852937 30.244825 0.000000 0.000000 
57.160301 -33.222569 5.220336 7.713127 24.435179 0.000000 0.000000 
66.939590 -7.408647 3.653203 4.188446 18.085438 0.000000 0.000000 
68.328796 10.274192 -0.678247 21.398872 32.252640 0.000000 0.000000 
68.615082 8.928559 -1.549660 22.559090 32.723984 0.000000 0.000000 
68.388565 10.393669 1.693469 19.712029 34.601265 0.000000 0.000000 
70.174744 -10.341645 14.207914 4.653320 20.394646 0.000000 0.000000 
70.196938 -11.055399 8.534398 7.917313 21.611946 0.000000 0.000000 
63.518463 30.540867 6.486718 4.032684 16.969418 0.000000 0.000000 
70.114471 11.387671 0.597691 8.615013 19.396313 0.000000 0.000000 
70.829659 8.075803 3.100349 3.997063 16.776760 0.000000 0.000000 
58.089809 -42.613293 5.035525 14.691391 24.253048 0.000000 0.000000 
58.724510 -41.782284 -3.270487 7.100212 18.541054 0.000000 0.000000 
67.999420 22.327927 3.478508 6.007301 16.770988 0.000000 0.000000 
58.337120 -42.763641 8.796492 8.372391 19.886360 0.000000 0.000000 
72.213493 11.305506 1.949992 24.675842 33.885426 0.000000 0.000000 
72.866936 7.055338 -3.323208 23.664299 35.110321 0.000000 0.000000 
-20.877895 -71.499710 3.269883 5.402451 15.674553 0.000000 0.000000 
74.555145 8.715467 -1.293773 9.853302 22.331295 0.000000 0.000000 
74.688248 8.573189 -0.418772 18.569405 28.283974 0.000000 0.000000 
57.487080 -50.895393 1.248910 10.119972 25.332975 0.000000 0.000000 
55.583973 -53.227142 -3.472661 17.956909 28.667068 0.000000 0.000000 
56.621090 -52.543819 5.783539 4.239311 17.619583 0.000000 0.000000 
51.101105 -57.971344 11.056727 4.122192 18.011288 0.000000 0.000000 
7.989631 -77.160324 -1.831824 13.302124 26.519615 0.000000 0.000000 
76.767342 8.367314 -0.479869 17.501289 26.087948 0.000000 0.000000 
7.761934 -77.237564 -0.645557 13.673860 25.775240 0.000000 0.000000 
78.467812 9.674848 -1.733145 7.177498 21.839077 0.000000 0.000000 
78.579147 10.330914 0.192923 17.021400 25.076464 0.000000 0.000000 
55.779491 -58.102474 3.607353 6.360710 17.596394 0.000000 0.000000 
56.479099 -58.142166 1.669845 9.133156 17.788891 0.000000 0.000000 
80.634506 8.142970 -2.104504 13.311990 23.124458 0.000000 0.000000 
80.486267 10.296634 0.202572 15.807426 27.480566 0.000000 0.000000 
8.033624 -81.404327 -1.265218 3.169777 17.456745 0.000000 0.000000 
8.516259 -81.579399 5.044816 0.815857 15.025883 0.000000 0.000000 
6.854053 -81.842125 -1.122261 5.402557 17.077904 0.000000 0.000000 
82.392197 9.546001 -0.598536 7.112099 18.050072 0.000000 0.000000 
82.407921 10.083762 0.397126 9.424522 18.621555 0.000000 0.000000 
55.362057 -64.365936 -0.484105 6.102135 17.072166 0.000000 0.000000 
84.579865 8.873459 -1.411397 18.658043 27.822021 0.000000 0.000000 
84.511879 10.260939 0.760230 19.392410 28.701857 0.000000 0.000000 
57.660091 -67.681740 2.080271 20.788086 27.419031 0.000000 0.000000 
57.145187 -68.213623 4.394325 20.046265 27.226992 0.000000 0.000000 
88.626129 9.414404 -1.037242 8.160637 15.856209 0.000000 0.000000 
88.499283 10.501477 -0.405891 6.340294 16.100563 0.000000 0.000000 
89.307449 1.547796 2.352408 8.858963 19.035763 0.000000 0.000000 
89.444031 1.014617 -0.953748 13.043077 23.812935 0.000000 0.000000 
90.503197 9.840816 1.004183 8.844238 17.600616 0.000000 0.000000 
91.630569 -11.984577 13.720871 5.566124 18.783546 0.000000 0.000000 
92.241531 -12.576365 14.174280 8.079124 18.470272 0.000000 0.000000 
92.628571 -13.278208 10.294985 5.643822 14.779034 0.000000 0.000000 
56.011581 -79.290154 6.141705 18.595421 24.260054 0.000000 0.000000 
54.932022 -80.158096 7.798077 14.362245 20.502785 0.000000 0.000000 
-20.887783 -106.260025 0.303059 8.012291 14.045067 0.000000 0.000000 
107.944817 15.199645 -0.249610 15.387985 20.318970 0.000000 0.000000 
107.453804 18.637856 4.459135 15.259010 18.752117 0.000000 0.000000 
6.520058 -109.925476 -3.080144 7.859375 15.249306 0.000000 0.000000 
113.131638 -9.473326 11.830967 13.580597 19.412273 0.000000 0.000000 
113.147758 -10.875008 8.195370 9.209938 14.842407 0.000000 0.000000 
113.543785 -8.945121 14.591686 14.017961 20.336266 0.000000 0.000000 
113.397072 -10.904737 17.840199 10.368164 15.790668 0.000000 0.000000 
113.786255 -10.950691 18.100286 9.802666 17.522579 0.000000 0.000000 
113.859360 -10.582444 15.433919 9.525017 15.731949 0.000000 0.000000 
-20.993593 -113.633331 4.483584 9.862869 13.176025 0.000000 0.000000 
115.559464 -9.418872 6.270030 11.015221 17.722694 0.000000 0.000000 
-21.141062 -114.764091 2.058662 6.205841 11.584965 0.000000 0.000000 
59.053185 -101.612999 -1.261781 15.114349 20.529957 0.000000 0.000000 
56.249722 -103.212776 -0.199858 14.725700 21.789154 0.000000 0.000000 
116.711372 8.686899 -2.103881 17.059319 21.599751 0.000000 0.000000 
116.619705 9.781750 -3.331069 9.000809 14.017879 0.000000 0.000000 
118.287086 -0.737931 -2.195140 17.315010 22.860334 0.000000 0.000000 
118.247368 3.826768 4.731667 20.906555 25.281487 0.000000 0.000000 
118.509384 5.613801 4.360185 13.795570 18.351425 0.000000 0.000000 
118.525749 6.391505 1.440194 6.838013 16.904018 0.000000 0.000000 
118.633026 9.214008 1.154539 15.808403 18.798351 0.000000 0.000000 
118.584984 11.619302 9.813266 12.101654 16.459824 0.000000 0.000000 
120.601509 10.994588 2.227899 17.257965 22.498978 0.000000 0.000000 
122.660423 9.787601 0.442450 17.503433 21.468884 0.000000 0.000000 
124.487312 10.170290 -0.230044 15.673904 18.642754 0.000000 0.000000 
59.413383 -111.802330 0.074538 12.910072 16.318451 0.000000 0.000000 
128.504852 10.420064 1.566432 14.064476 18.050137 0.000000 0.000000 
9.107108 -129.356995 0.404373 13.198892 17.375172 0.000000 0.000000 
130.624771 9.610882 0.772357 11.609795 15.795979 0.000000 0.000000 
132.783234 8.287350 -2.931226 15.384583 17.619335 0.000000 0.000000 
7.258216 -134.418259 -0.995715 15.468118 19.629047 0.000000 0.000000 
134.522308 8.166622 -5.516315 13.280952 15.966187 0.000000 0.000000 
134.608383 9.654312 -2.115352 13.381874 15.688313 0.000000 0.000000 
9.161040 -135.514954 0.059061 12.983978 17.725243 0.000000 0.000000 
136.756454 9.306809 -2.893131 13.043510 15.121735 0.000000 0.000000 
138.475922 9.375777 -2.256103 21.859032 23.300674 0.000000 0.000000 
8.221101 -141.844788 -5.471694 15.768875 16.697811 0.000000 0.000000 
142.578903 9.456613 -2.887071 23.763565 24.966549 0.000000 0.000000 
8.646912 -143.234497 -1.843832 18.918762 20.359364 0.000000 0.000000 
9.116678 -144.542786 -2.745162 20.754532 22.560579 0.000000 0.000000 
144.234863 10.456774 -5.001503 13.836823 14.105396 0.000000 0.000000 
7.857938 -145.843857 -6.222661 19.591652 21.694530 0.000000 0.000000 
7.220575 -147.106888 -3.852803 26.660965 28.746517 0.000000 0.000000 
146.596512 10.467102 -3.993793 20.038589 19.468800 0.000000 0.000000 
9.811790 -148.218246 -3.714681 14.264153 16.570244 0.000000 0.000000 
9.069718 -150.698364 -4.296738 14.261284 16.083900 0.000000 0.000000 
8.045438 -155.694031 -0.337634 17.870369 20.663540 0.000000 0.000000 
7.489771 -159.033295 -2.854260 14.874413 17.330418 0.000000 0.000000 
158.697586 -15.203951 14.287372 16.370155 16.728642 0.000000 0.000000 
164.444321 -9.531991 13.431649 19.800453 19.713100 0.000000 0.000000 
166.390274 -11.374003 14.622602 17.922997 16.992874 0.000000 0.000000 
55.265842 -159.822220 1.196810 17.357018 17.763496 0.000000 0.000000 
8.244195 -172.979706 -3.596357 19.460396 20.469070 0.000000 0.000000 
8.072685 -173.323196 -5.388429 23.427910 22.204857 0.000000 0.000000 
8.653310 -173.745544 -0.297805 13.472131 12.988644 0.000000 0.000000 
206.734512 6.974034 0.743526 15.393486 11.069340 0.000000 0.000000 
208.599731 11.227798 2.206658 16.572876 10.795353 0.000000 0.000000 
2.333698 9.225558 0.111645 -10.582644 39.215687 0.000000 0.000000 
2.397488 9.379968 0.101773 -6.064056 38.020321 0.000000 0.000000 
2.339359 9.906883 -0.046330 -28.714088 22.860310 0.000000 0.000000 
2.030256 12.457222 -0.036996 -22.590073 23.243725 0.000000 0.000000 
2.277945 12.547269 0.498034 -13.190262 36.512577 0.000000 0.000000 
2.151255 12.854715 0.436666 -13.976746 33.694889 0.000000 0.000000 
2.293682 13.084221 -0.138329 -10.779037 35.368034 0.000000 0.000000 
2.032154 13.359467 -0.033550 -27.994888 15.914047 1.000000 1.000000 
2.283911 13.542619 0.109476 -3.129532 38.493858 0.000000 0.000000 
2.113078 13.632528 -0.040486 -31.179222 12.211288 1.000000 1.000000 
2.301237 13.605576 -0.058603 -3.752060 35.396420 0.000000 0.000000 
2.315300 13.970497 -0.043603 -1.823395 38.107391 0.000000 0.000000 
2.611138 14.236429 0.040385 -35.586266 7.304047 1.000000 1.000000 
2.344870 14.372924 -0.048963 4.509422 41.184498 0.000000 0.000000 
2.330405 14.396919 0.006720 -0.317886 38.400120 0.000000 0.000000 
2.559266 14.492767 -0.059797 -31.442467 8.925224 0.000000 0.000000 
2.455023 14.612256 -0.173975 -35.160667 7.007366 1.000000 1.000000 
2.432619 14.620602 -0.071422 -31.832314 12.358456 1.000000 1.000000 
2.228068 14.767601 -0.047787 -30.232750 8.527328 1.000000 1.000000 
2.352780 14.831594 -0.009785 -1.275749 38.944405 0.000000 0.000000 
2.303703 15.207715 0.194886 -4.900612 34.163216 0.000000 0.000000 
2.303648 15.314707 0.197011 -2.945724 39.284126 0.000000 0.000000 
2.347817 15.725004 0.236064 -10.994086 35.341801 0.000000 0.000000 
2.291604 16.226814 -0.048014 -11.960364 32.294537 0.000000 0.000000 
2.331398 16.240953 -0.208393 -9.949013 31.419365 0.000000 0.000000 
2.304194 16.618345 -0.005704 -7.350021 33.736565 0.000000 0.000000 
2.253013 16.734039 -0.204513 -18.758057 30.443279 0.000000 0.000000 
2.293408 16.890802 0.598234 -36.653091 12.388325 1.000000 1.000000 
2.255244 17.075329 0.215358 -11.293059 32.272289 0.000000 0.000000 
1.776456 17.213408 0.235371 -29.535156 13.416122 1.000000 1.000000 
2.178796 17.183044 -0.097342 -7.029739 35.166840 0.000000 0.000000 
2.225174 17.502295 0.045793 -12.403702 30.514116 0.000000 0.000000 
2.259322 17.584496 -0.036165 1.625328 39.087406 0.000000 0.000000 
2.275697 17.876957 -0.069952 -3.118279 37.069153 0.000000 0.000000 
2.349636 18.315399 -1.956100 -8.200089 23.952543 0.000000 0.000000 
2.341943 18.426865 -0.111042 -9.736603 27.489817 0.000000 0.000000 
2.157337 19.109180 -0.272619 -4.839668 34.231304 0.000000 0.000000 
2.173111 19.119162 -0.252658 -1.799843 32.886021 0.000000 0.000000 
2.436048 19.116547 -0.017298 -12.138106 23.647423 0.000000 0.000000 
2.171095 19.371628 0.288672 -12.819260 23.228325 0.000000 0.000000 
2.080879 19.426540 0.275418 -2.466675 30.425945 0.000000 0.000000 
2.276420 19.525265 0.002574 -17.936043 17.955853 1.000000 1.000000 
2.161637 19.704983 0.009695 0.573090 33.815407 0.000000 0.000000 
2.135335 19.827545 0.223517 9.235765 42.076916 0.000000 0.000000 
2.153900 20.122561 0.169523 7.621559 39.924549 0.000000 0.000000 
2.324219 20.380152 0.134171 -8.019249 26.907606 0.000000 0.000000 
2.174521 20.567738 -0.158284 8.143471 40.013962 0.000000 0.000000 
2.172448 20.671814 -0.418085 12.310066 43.070305 0.000000 0.000000 
2.271416 20.788261 0.150853 -24.256165 9.609772 1.000000 1.000000 
2.372109 20.813503 0.961677 -23.285965 9.574543 1.000000 1.000000 
2.218469 20.899090 -0.352769 7.144760 39.289009 0.000000 0.000000 
14.466349 14.274393 2.537999 11.926773 33.772064 0.000000 0.000000 
2.588188 21.715620 0.869156 -11.245148 29.369564 0.000000 0.000000 
2.470564 21.834311 0.037851 -20.042229 13.269794 1.000000 1.000000 
-6.935699 22.948618 8.023190 -14.903244 23.560064 0.000000 0.000000 
-10.880349 21.662186 2.775550 -6.153039 30.636967 0.000000 1.000000 
-7.318043 24.257635 -1.680458 -7.530296 26.573820 0.000000 0.000000 
-7.325804 24.264101 1.242588 -9.893143 25.741961 0.000000 0.000000 
-18.002277 16.609161 -8.765947 0.738983 21.529076 0.000000 0.000000 
3.994457 26.386759 -6.954366 -16.903625 24.187250 0.000000 0.000000 
3.288878 26.633402 0.157812 -20.250259 20.261204 0.000000 0.000000 
3.353773 26.703810 9.862887 -27.311417 11.859249 0.000000 0.000000 
12.099674 24.307259 -2.813411 -10.175513 23.014351 0.000000 0.000000 
-6.319701 26.770218 -0.677894 -15.834023 23.835209 0.000000 0.000000 
3.332448 27.712151 -0.016623 -22.242699 14.198967 0.000000 0.000000 
-7.045976 27.052753 0.673218 -26.114189 6.919418 1.000000 1.000000 
3.462913 27.906277 -0.116622 -21.747589 15.216526 0.000000 0.000000 
-7.343299 27.338606 0.670394 -21.478119 11.414024 1.000000 1.000000 
21.757256 15.404031 -0.371886 3.821297 22.010647 0.000000 0.000000 
3.742959 28.249945 7.231889 -19.552063 21.851547 0.000000 0.000000 
-7.476468 27.435450 0.475043 -29.093147 6.491852 1.000000 1.000000 
-7.495180 27.656092 0.448087 -27.937515 5.915897 1.000000 1.000000 
11.131398 27.248331 4.186113 -12.613983 21.869450 0.000000 0.000000 
4.834494 29.415838 -7.790329 -18.383308 19.436844 0.000000 0.000000 
6.497803 29.318613 11.223583 -13.827133 20.717468 0.000000 0.000000 
8.457573 29.725660 3.543784 -10.724709 22.614946 0.000000 0.000000 
4.686491 32.439819 -0.223238 -19.590080 19.320953 0.000000 0.000000 
6.057213 32.280869 0.072891 -23.587234 14.168152 0.000000 0.000000 
6.488958 32.188805 0.604268 -19.681412 16.538799 0.000000 0.000000 
7.075776 32.278057 2.528173 -4.727150 28.498507 0.000000 0.000000 
7.054293 32.385704 2.494900 -7.932587 26.732620 0.000000 0.000000 
6.852912 32.440208 2.355141 -4.232934 31.934168 0.000000 0.000000 
22.951561 22.886889 4.405557 6.338326 23.196255 0.000000 0.000000 
5.603863 33.152912 5.022335 -10.760178 22.291794 0.000000 0.000000 
5.835489 33.297127 5.431696 -12.654915 22.318481 0.000000 0.000000 
23.260056 23.131008 -0.451505 -1.085876 19.552673 0.000000 0.000000 
6.623848 33.825073 -0.390345 -8.479378 23.153591 0.000000 0.000000 
6.944608 33.786850 -0.503620 -3.119591 28.004154 0.000000 0.000000 
6.979975 33.877014 -0.379704 -2.326675 26.592846 0.000000 0.000000 
7.253679 33.869202 8.006984 -13.444778 20.111031 0.000000 0.000000 
7.098453 34.486771 -0.518857 -7.776337 23.029041 0.000000 0.000000 
7.306551 34.545563 3.470317 -13.023521 24.035341 0.000000 0.000000 
7.274499 34.558472 3.492933 -11.835364 21.291191 0.000000 0.000000 
7.734847 34.749252 4.016025 -13.785278 19.264374 0.000000 0.000000 
7.487202 34.933826 3.915240 -13.558685 20.790211 0.000000 0.000000 
5.383080 35.717655 4.323105 -15.654831 19.537807 0.000000 0.000000 
-16.521191 31.735195 -3.361162 -4.179184 26.033743 0.000000 0.000000 
5.848170 35.732277 3.944196 -11.826653 22.318237 0.000000 0.000000 
-29.830378 16.619518 9.263436 13.160530 27.313301 0.000000 0.000000 
6.427033 36.060799 0.002570 -9.315581 23.765732 0.000000 0.000000 
6.400391 36.138691 3.222560 -8.819260 23.323603 0.000000 0.000000 
6.605874 36.282806 0.459680 -4.579391 25.325735 0.000000 0.000000 
6.666476 36.416245 0.296080 -8.157599 23.589352 0.000000 0.000000 
6.171181 36.609726 7.810439 -16.224846 20.544525 0.000000 0.000000 
6.364284 36.707619 -0.551680 -13.684898 19.927170 0.000000 0.000000 
6.827328 37.055511 2.438677 -20.394501 17.697956 0.000000 0.000000 
5.630031 37.503109 -9.882615 -14.149933 18.035110 0.000000 0.000000 
5.640807 37.590752 -0.046796 -14.610298 18.476143 0.000000 0.000000 
6.204555 37.848598 0.071765 -18.899010 16.408768 0.000000 0.000000 
22.740438 30.053974 0.800469 0.720734 21.068054 0.000000 0.000000 
6.090847 38.221062 -0.000636 -20.276070 12.022270 1.000000 1.000000 
6.136729 38.291851 10.422092 -15.773140 18.629002 0.000000 0.000000 
21.529364 31.609348 0.805302 -8.952240 15.164318 0.000000 0.000000 
22.422819 31.298317 -1.548577 -5.623283 19.131439 0.000000 0.000000 
17.462034 34.716530 -3.334431 -11.096756 18.640553 0.000000 0.000000 
5.960311 39.126411 -0.681821 -20.071327 15.452995 0.000000 0.000000 
5.607168 39.284012 0.292938 -19.375740 17.851185 0.000000 0.000000 
33.696194 17.297035 -0.352893 6.803246 18.160671 0.000000 0.000000 
5.946174 40.871063 16.011690 -19.176308 13.643448 0.000000 0.000000 
6.062824 40.905037 6.209641 -16.141930 15.936295 0.000000 0.000000 
12.611228 39.653221 4.618283 -16.123184 17.287682 0.000000 0.000000 
6.880778 41.258633 -1.322153 -15.461655 17.213558 0.000000 0.000000 
0.855582 42.084930 -0.625863 -23.541718 7.790543 1.000000 1.000000 
0.839790 42.182842 -1.142675 -20.969551 9.977364 1.000000 1.000000 
-17.568682 37.977566 5.818678 -19.148949 13.420834 0.000000 0.000000 
10.183846 40.954662 -4.899907 -17.530746 16.997604 0.000000 0.000000 
8.855598 41.429668 2.720296 -14.308449 19.395039 0.000000 0.000000 
0.643823 42.642864 -1.266179 -24.527794 7.112118 1.000000 1.000000 
0.481959 42.644169 -1.304562 -23.838097 8.326237 1.000000 1.000000 
7.509151 42.002895 -0.675106 -10.549408 20.571751 0.000000 0.000000 
5.503951 42.506985 0.046563 -18.316849 14.488541 0.000000 0.000000 
9.243285 41.809216 6.832119 -18.646652 14.742973 0.000000 0.000000 
5.134016 42.788288 -0.596642 -13.232353 18.536217 0.000000 0.000000 
5.097897 42.844139 -0.378161 -12.481537 19.973270 0.000000 0.000000 
5.168925 42.947224 -0.320944 -14.194824 16.216328 0.000000 0.000000 
5.127273 43.053741 -0.283764 -16.543640 15.409828 0.000000 0.000000 
5.042530 43.065590 -0.249644 -17.535980 15.429558 0.000000 0.000000 
5.181220 43.270432 -0.475603 -12.528679 18.560280 0.000000 0.000000 
5.237330 43.374493 -0.095240 -14.285950 15.509605 0.000000 0.000000 
5.104042 43.584042 -0.224843 -11.980124 19.143490 0.000000 0.000000 
5.166910 43.660530 -0.180862 -9.284813 19.354862 0.000000 0.000000 
5.110726 43.715057 0.021900 -11.311133 17.963436 0.000000 0.000000 
5.194359 43.827049 -0.393375 -14.481567 15.062538 0.000000 0.000000 
7.822020 43.442162 3.491707 -13.358452 17.142994 0.000000 0.000000 
5.123360 44.107548 -0.342972 -8.316811 19.991024 0.000000 0.000000 
5.371879 44.076229 -0.527753 -17.588425 11.239262 0.000000 0.000000 
5.138051 44.152191 -0.149372 -13.108238 17.133221 0.000000 0.000000 
7.894928 43.932972 3.593195 -2.578804 25.452549 0.000000 0.000000 
7.932695 44.126450 3.553060 -1.294556 26.956577 0.000000 0.000000 
7.454936 44.337387 6.026945 -13.091019 17.425465 0.000000 0.000000 
5.296789 44.941479 -0.240014 -13.511909 13.786221 0.000000 0.000000 
7.729502 44.584732 5.831853 -10.287453 19.320229 0.000000 0.000000 
7.891375 44.580845 6.067221 -12.734596 17.566772 0.000000 0.000000 
7.506705 44.923336 6.549922 -17.069427 14.246029 0.000000 0.000000 
7.411354 45.123348 6.121323 -16.409294 15.179508 0.000000 0.000000 
13.872811 43.890911 6.900840 -17.132828 13.540028 0.000000 0.000000 
7.958477 45.495083 -6.122681 -16.487091 15.385456 0.000000 0.000000 
7.641901 45.816566 5.904745 -18.162720 12.882023 0.000000 0.000000 
12.555160 44.723259 4.660528 -13.217766 13.860367 0.000000 0.000000 
12.671604 44.713024 5.075046 -16.746460 14.212833 0.000000 0.000000 
13.106899 44.606590 5.561421 -14.039124 14.546425 0.000000 0.000000 
7.340089 46.425091 7.666786 -13.131012 17.702396 0.000000 0.000000 
17.858580 43.206585 -1.978550 -11.342522 15.693710 0.000000 1.000000 
35.751171 28.359076 -2.213770 6.251495 16.044361 0.000000 0.000000 
7.029779 46.893677 6.765535 -15.299629 17.655357 0.000000 0.000000 
6.946672 46.945538 7.621153 -10.660789 20.863144 0.000000 0.000000 
6.934370 46.991821 6.935796 -14.936157 15.613293 0.000000 0.000000 
7.070134 47.014294 6.711858 -11.205170 18.381432 0.000000 0.000000 
6.431738 47.297142 5.183513 -13.374092 17.940086 0.000000 0.000000 
7.858581 47.212025 8.302008 -16.862534 13.231564 0.000000 0.000000 
-18.459339 43.886318 2.416485 -12.633705 17.114548 0.000000 1.000000 
8.595163 47.193359 14.328888 -18.226028 17.421017 0.000000 0.000000 
34.871429 31.135187 1.786216 1.552376 11.876202 0.000000 0.000000 
7.058520 47.697468 7.532626 -19.321434 10.811752 0.000000 0.000000 
6.789120 47.795288 6.824710 -14.035721 18.304756 0.000000 0.000000 
7.860989 47.767277 2.015123 -9.649956 19.633759 0.000000 0.000000 
35.013577 31.860285 1.904589 18.678757 26.112656 0.000000 0.000000 
35.051357 31.895948 2.029990 13.148178 23.991806 0.000000 0.000000 
35.062344 31.975298 1.473001 16.249405 25.164373 0.000000 0.000000 
35.127617 31.903427 1.843822 20.874504 28.993921 0.000000 0.000000 
10.550981 48.011555 4.667648 -16.491158 16.721939 0.000000 0.000000 
8.145316 48.931622 3.936877 -11.677681 17.835503 0.000000 0.000000 
7.531172 49.464252 5.824591 -5.512299 20.480427 0.000000 0.000000 
7.580050 49.461029 6.231802 -5.140823 21.567741 0.000000 0.000000 
7.651334 49.459686 6.208110 -9.380730 18.213558 0.000000 0.000000 
8.926420 49.298218 4.988679 -15.144638 13.808846 0.000000 0.000000 
7.561168 49.892162 -10.561123 -17.590065 13.794792 0.000000 0.000000 
8.167883 50.142529 18.582027 -13.164703 16.060699 0.000000 0.000000 
7.557770 50.325867 -7.103566 -15.333115 16.221306 0.000000 0.000000 
7.813148 50.290077 18.459915 -13.906998 14.820065 0.000000 0.000000 
7.657159 50.338505 6.596406 -14.927521 16.914558 0.000000 0.000000 
7.509710 51.057281 5.972705 -4.621499 19.890392 0.000000 0.000000 
7.437813 51.166096 5.802986 -13.937820 13.875320 0.000000 0.000000 
7.314659 51.264885 6.119698 -8.201729 18.358486 0.000000 0.000000 
7.801258 51.197071 5.571234 -10.336226 15.986694 0.000000 0.000000 
7.656449 51.246964 5.739726 -2.673439 22.147179 0.000000 0.000000 
7.609964 51.302414 6.197711 -6.305862 19.052090 0.000000 0.000000 
7.564440 51.559944 -6.668400 -10.568526 15.994186 0.000000 0.000000 
8.027376 51.544865 7.180818 -16.893997 10.442589 0.000000 0.000000 
7.780358 51.626560 5.835886 -18.772942 14.423450 0.000000 0.000000 
7.869622 51.634853 4.480346 -16.309151 13.847763 0.000000 0.000000 
7.795915 51.727779 -6.988200 -12.711525 15.581715 0.000000 0.000000 
8.944210 51.587910 5.633124 -15.481705 14.682690 0.000000 0.000000 
7.658606 51.978291 -6.220085 -8.196921 17.106453 0.000000 0.000000 
12.040075 51.082993 3.884138 -14.397652 14.392365 0.000000 0.000000 
-20.600513 48.077667 7.834483 -17.785461 12.158653 0.000000 1.000000 
15.611843 50.123707 7.747184 -16.388039 14.550163 0.000000 0.000000 
12.026380 51.598633 0.566706 -17.605164 12.278652 0.000000 0.000000 
17.731256 49.825916 0.624397 -16.756599 12.832096 0.000000 0.000000 
12.620000 51.564213 4.208644 -12.691330 14.905552 0.000000 0.000000 
12.422509 51.679161 5.018429 -14.327400 15.444263 0.000000 0.000000 
12.494227 51.953438 4.345298 -13.448593 19.080650 0.000000 0.000000 
12.125679 52.059498 3.830559 -14.913528 17.131020 0.000000 0.000000 
6.974075 53.348366 6.015615 -8.172043 17.654068 0.000000 0.000000 
6.908484 53.469246 5.703518 -7.565346 18.209686 0.000000 0.000000 
6.785444 53.491005 -6.750020 -7.481270 17.263695 0.000000 0.000000 
7.083070 53.472851 5.993821 -7.705322 16.950764 0.000000 0.000000 
7.019858 53.514465 4.999142 -18.186562 15.798016 0.000000 0.000000 
8.404796 53.405495 -8.793084 -11.779175 16.542404 0.000000 0.000000 
6.210687 54.081734 -5.506057 -0.582596 25.304520 0.000000 0.000000 
6.399559 54.299389 -5.261596 2.237869 25.650894 0.000000 0.000000 
8.236196 54.059448 4.051486 -6.877663 20.038975 0.000000 0.000000 
8.460513 54.144157 4.368770 -6.015091 21.090221 0.000000 0.000000 
7.243892 54.392513 -6.576488 -8.586693 14.775253 0.000000 0.000000 
8.809105 54.179638 -6.062226 -13.558380 14.861500 0.000000 0.000000 
7.482269 54.424107 -6.966224 -7.599495 15.385983 0.000000 0.000000 
6.415466 54.774136 -5.166443 -4.169106 21.056816 0.000000 0.000000 
7.167788 54.764786 -6.396751 -8.904961 16.846088 0.000000 0.000000 
7.178460 54.938427 6.384278 -10.807335 15.076714 0.000000 0.000000 
6.794873 55.007710 6.312420 -11.253699 15.623051 0.000000 0.000000 
6.476170 55.075603 5.248219 -9.066132 17.166725 0.000000 0.000000 
6.537211 55.123257 4.570674 -6.764488 20.484589 0.000000 0.000000 
6.664037 55.273479 5.366504 -9.217093 17.986294 0.000000 0.000000 
46.729042 26.371510 -0.339277 12.056648 20.629307 0.000000 0.000000 
6.482355 55.612171 5.494021 -9.031235 18.569927 0.000000 0.000000 
6.428459 55.652851 4.903573 -5.272209 19.693218 0.000000 0.000000 
6.872693 55.708168 6.041932 -6.320679 18.886127 0.000000 0.000000 
7.007193 55.784485 6.144836 -5.796875 18.616474 0.000000 0.000000 
43.691475 32.926941 2.245361 -0.904282 9.571922 0.000000 0.000000 
5.893353 56.117683 5.399557 -15.090637 13.068970 0.000000 0.000000 
7.067957 56.028450 17.573349 -15.592194 15.062027 0.000000 0.000000 
6.091159 56.253540 6.012366 -12.063469 17.788982 0.000000 0.000000 
5.737923 56.611816 4.938673 -12.605415 13.929359 0.000000 0.000000 
44.162540 33.435009 2.162096 15.439644 21.435741 0.000000 0.000000 
44.009346 33.666946 2.279409 22.963524 28.057133 0.000000 0.000000 
44.155739 33.482460 2.535869 21.520523 25.517517 0.000000 0.000000 
44.122875 33.826416 -3.633967 14.031685 21.033707 0.000000 0.000000 
21.384325 53.121758 1.481709 -9.257042 17.474228 0.000000 1.000000 
7.203494 57.310989 4.176324 -7.650787 20.238483 0.000000 0.000000 
6.753426 57.446911 5.945092 -10.729262 15.636890 0.000000 0.000000 
6.748483 57.780548 5.825299 -15.665169 13.609940 0.000000 0.000000 
7.837405 57.648590 4.903395 -11.830498 13.185543 0.000000 0.000000 
7.598188 57.760403 5.238222 -11.006766 18.385571 0.000000 0.000000 
6.271149 57.954044 -7.019756 -11.175574 16.741409 0.000000 0.000000 
8.026025 57.969307 2.318493 -6.444389 18.316959 0.000000 0.000000 
7.657698 58.115620 2.601739 -8.196648 16.387280 0.000000 0.000000 
7.998198 58.143211 -11.447938 -8.594818 17.804829 0.000000 0.000000 
7.027514 58.304405 3.826699 -19.542488 8.356964 0.000000 0.000000 
7.543726 58.533772 4.131315 -12.790947 10.692108 0.000000 0.000000 
6.197648 58.742771 7.152274 -15.949684 11.354027 0.000000 0.000000 
7.734594 58.649254 5.179471 -15.909706 15.999027 0.000000 0.000000 
6.734826 58.823780 6.901929 -10.515869 17.449047 0.000000 0.000000 
6.705721 59.094055 7.853503 -16.000015 11.762657 0.000000 0.000000 
6.596488 59.285278 5.194041 -13.672966 12.289524 0.000000 0.000000 
7.365479 59.506424 4.297259 -11.369278 13.988491 0.000000 0.000000 
8.164207 59.439167 4.043954 -12.338280 13.111835 0.000000 0.000000 
7.316095 59.638603 3.980719 -11.575058 15.948826 0.000000 0.000000 
8.954893 59.512440 8.292933 -13.525620 14.327763 0.000000 0.000000 
7.815252 60.034046 8.136769 -15.688530 13.011806 0.000000 0.000000 
8.153403 60.013596 7.887407 -13.087112 13.964390 0.000000 0.000000 
6.858712 60.278194 2.317279 -18.758026 8.845879 0.000000 0.000000 
7.260089 60.400780 8.005237 -9.426636 16.955570 0.000000 0.000000 
6.264671 60.546337 6.859986 -14.374474 12.814281 0.000000 0.000000 
7.520179 60.456753 2.466375 -6.949181 16.401878 0.000000 0.000000 
7.613148 60.643486 9.131552 -7.272995 17.144066 0.000000 0.000000 
7.941454 60.610588 3.085559 -7.615753 16.723625 0.000000 0.000000 
6.508155 60.958546 -8.793787 -14.138977 13.085617 0.000000 0.000000 
7.569129 61.150879 1.565373 -14.383141 11.543873 0.000000 0.000000 
8.105874 61.084713 9.043160 -16.575951 10.105190 0.000000 0.000000 
-7.656370 61.176075 -0.840783 4.622871 26.973072 0.000000 0.000000 
-7.888262 61.232399 -0.910957 -11.256638 15.733318 0.000000 0.000000 
-7.661898 61.275715 -0.814926 4.605446 28.683245 0.000000 0.000000 
6.280309 61.855881 8.220248 -12.864838 14.280380 0.000000 0.000000 
7.537920 61.745358 9.782264 -11.506705 11.776337 0.000000 0.000000 
6.461625 62.111397 8.336229 -14.004837 12.982388 0.000000 0.000000 
-7.744944 62.009777 -0.852017 -2.680878 21.123756 0.000000 0.000000 
-8.135975 62.046783 -0.829780 -11.621902 13.897697 0.000000 0.000000 
-7.822367 62.480881 -0.846728 -3.788696 19.347061 0.000000 0.000000 
17.865519 60.304237 -5.246147 -17.017784 10.017681 0.000000 0.000000 
-7.617721 63.026989 -3.919328 -17.805878 11.357929 0.000000 0.000000 
-7.698897 63.171558 -3.859308 -19.993073 8.107059 0.000000 0.000000 
27.650721 57.252338 3.506190 -6.262436 13.058407 0.000000 0.000000 
15.043104 62.452770 1.163099 -14.522575 10.697735 0.000000 0.000000 
6.941790 64.334984 -1.466508 -17.456421 12.210857 0.000000 0.000000 
7.577003 64.317345 -0.876229 -14.907440 11.236897 0.000000 0.000000 
7.608793 64.328156 -0.700244 -15.857277 10.683868 0.000000 0.000000 
7.691755 64.327347 -0.527388 -14.239799 10.103035 0.000000 0.000000 
14.690122 63.395443 -0.726769 -20.278419 8.072777 0.000000 0.000000 
21.054678 61.800907 6.420442 -10.167815 14.022511 0.000000 0.000000 
21.262741 61.802536 3.662444 -3.421684 17.614319 0.000000 0.000000 
21.631538 61.749187 -4.147111 -6.406319 17.083775 0.000000 0.000000 
21.690929 61.836227 3.806699 -10.774657 14.484734 0.000000 0.000000 
15.537638 64.087051 0.254341 -12.271034 12.967049 0.000000 0.000000 
-21.829884 62.360439 10.225384 -9.389984 14.771667 0.000000 1.000000 
7.654366 65.992279 -1.240398 -19.774635 7.692509 0.000000 0.000000 
22.063593 62.866714 -7.333106 -7.714668 13.080822 0.000000 1.000000 
21.421835 63.572884 -10.107855 -15.071022 7.305038 0.000000 0.000000 
20.754545 63.891933 -7.848999 -18.149864 7.513187 0.000000 0.000000 
8.041293 67.050827 -0.777442 -13.359070 10.346725 0.000000 0.000000 
8.263233 67.030388 -0.658708 -16.764961 10.407417 0.000000 0.000000 
8.177675 67.233200 -0.686655 -11.482178 12.815578 0.000000 0.000000 
8.086880 67.247421 -0.758612 -11.781136 12.980915 0.000000 0.000000 
-12.217584 67.425415 -3.313709 -4.785622 17.568180 0.000000 0.000000 
-12.652273 67.429260 -4.064423 -6.598701 16.744164 0.000000 0.000000 
-12.675833 67.430954 -4.406406 -10.776810 13.586998 0.000000 0.000000 
-12.301141 67.941360 -1.009731 -17.638084 10.575218 0.000000 0.000000 
20.361897 66.310051 8.218824 -15.340096 10.213203 0.000000 1.000000 
44.512856 52.772446 2.947393 2.757912 13.467381 0.000000 0.000000 
44.752228 52.586033 2.299708 2.522034 15.806225 0.000000 0.000000 
7.970171 69.825912 1.064085 -7.973244 15.827934 0.000000 0.000000 
8.356957 69.898010 1.718291 -2.209778 18.501862 0.000000 0.000000 
8.318001 69.912956 1.570174 -1.778946 20.280109 0.000000 0.000000 
8.240087 70.286850 2.481205 -8.001816 15.320118 0.000000 0.000000 
8.702876 70.268562 -5.214402 -8.923462 16.430416 0.000000 0.000000 
43.511005 54.910774 2.569316 -0.399948 11.986004 0.000000 0.000000 
8.236831 70.659248 1.398065 -10.182808 14.171028 0.000000 0.000000 
46.769753 52.413162 -3.322273 7.086014 17.278385 0.000000 0.000000 
45.624184 53.575226 9.914252 -2.793320 12.945312 0.000000 0.000000 
8.344430 70.963470 1.399675 -5.292130 14.727211 0.000000 0.000000 
45.926571 53.485668 2.280146 2.734741 11.908875 0.000000 0.000000 
47.469578 52.287506 -5.511322 0.843605 12.255798 0.000000 0.000000 
47.351501 52.416302 2.198549 9.465233 17.513844 0.000000 0.000000 
47.142025 52.658154 2.529891 3.308746 14.891167 0.000000 0.000000 
47.680325 52.155380 2.402914 8.672508 18.760025 0.000000 0.000000 
47.244736 53.157261 -3.139189 1.698265 13.931797 0.000000 0.000000 
8.505567 71.849258 2.493493 -10.316475 13.915127 0.000000 0.000000 
7.973194 71.922218 2.142265 -15.373070 11.141872 0.000000 0.000000 
43.068378 57.228069 2.724251 5.751335 18.309135 0.000000 0.000000 
43.631847 56.929890 2.589323 2.117889 17.870640 0.000000 0.000000 
18.239145 70.112251 0.201657 -13.988014 10.870869 0.000000 1.000000 
42.734184 57.701214 1.932428 -2.920464 11.210445 0.000000 0.000000 
43.467281 57.230896 2.071635 -2.744888 7.942390 0.000000 0.000000 
9.082270 72.609810 2.998519 -9.965056 13.394444 0.000000 0.000000 
9.913282 72.709946 4.296376 -10.551590 13.834412 0.000000 1.000000 
46.174656 56.000648 2.158718 -3.478287 10.725025 0.000000 0.000000 
-28.783245 67.317505 1.367690 -13.910629 8.581516 0.000000 0.000000 
-29.284834 67.319519 3.327089 -5.176277 14.006268 0.000000 0.000000 
48.448643 54.286709 3.125925 3.934601 13.110977 0.000000 0.000000 
-29.551714 67.297134 3.829704 -4.549004 15.691383 0.000000 0.000000 
-23.144423 70.046341 3.603461 -5.122223 17.913666 0.000000 0.000000 
-29.481327 67.527313 3.936105 -7.794037 16.312119 0.000000 0.000000 
-8.647845 73.648376 -5.874070 -9.454123 16.629208 0.000000 0.000000 
-30.330160 67.427185 3.180358 -0.450912 18.855885 0.000000 0.000000 
-9.896498 73.613632 4.615873 -3.773758 19.896240 0.000000 0.000000 
-9.939275 73.965385 4.980901 -6.283096 17.234432 0.000000 0.000000 
-29.455191 68.552032 -7.557636 -0.095726 16.370670 0.000000 0.000000 
-29.228951 68.739983 -6.879691 -0.920425 17.191517 0.000000 0.000000 
-30.490431 68.189583 6.459253 -6.273460 15.681164 0.000000 1.000000 
-29.818098 68.621590 -7.576757 2.213394 19.463955 0.000000 0.000000 
-28.970297 69.026779 -7.461298 3.159897 19.911770 0.000000 0.000000 
-29.855629 68.951408 -7.880888 3.160782 19.158916 0.000000 0.000000 
-23.182751 71.680031 -10.179191 -2.893486 19.231106 0.000000 0.000000 
-31.130688 68.426109 -7.472868 -1.177902 17.485126 0.000000 0.000000 
-23.367636 71.919434 12.474267 -4.490173 16.370567 0.000000 0.000000 
-10.616826 75.212006 5.938246 -11.138724 15.576920 0.000000 0.000000 
-10.138982 75.313080 6.600349 -4.322487 19.095234 0.000000 0.000000 
-23.457851 72.231232 8.065424 -9.334671 15.644550 0.000000 0.000000 
-10.053890 75.623184 6.622612 -5.268242 16.891781 0.000000 0.000000 
-23.355543 72.603226 7.476854 -10.432213 14.132446 0.000000 0.000000 
-9.693603 76.258636 5.956888 -9.926932 15.342339 0.000000 0.000000 
-30.557611 70.272232 13.447079 -5.797096 13.675156 0.000000 1.000000 
-23.170729 73.285538 5.757021 -4.975487 17.165306 0.000000 0.000000 
-23.342628 73.443497 4.927193 -6.651742 14.396278 0.000000 0.000000 
-22.444893 73.870872 9.843385 -7.298553 10.703060 0.000000 0.000000 
-22.172293 74.301414 6.390772 -8.692604 13.296501 0.000000 0.000000 
9.362507 77.192337 2.711945 -12.982376 11.526772 0.000000 0.000000 
-22.326313 74.382507 6.538414 -9.268875 13.953926 0.000000 0.000000 
-22.476110 74.362350 10.305897 -3.089714 13.792953 0.000000 0.000000 
-23.005342 74.872765 10.492439 -11.178435 10.351711 0.000000 1.000000 
-22.695200 75.060356 10.376254 6.682648 21.462250 0.000000 0.000000 
-22.603134 75.096817 10.258642 4.875252 21.410816 0.000000 0.000000 
-22.485283 75.152580 -12.600516 -10.973433 10.184875 0.000000 0.000000 
24.441259 74.742134 3.089513 -14.830292 8.029221 0.000000 0.000000 
55.502518 54.424881 -0.532915 -1.065048 6.240963 0.000000 0.000000 
57.745289 52.180229 4.777884 -1.726746 5.878376 0.000000 0.000000 
17.327965 77.435791 -1.108584 -11.970322 11.855728 0.000000 1.000000 
55.507915 55.232822 1.176596 6.489944 14.430595 0.000000 0.000000 
58.501816 52.722191 3.992246 5.134171 11.711819 0.000000 0.000000 
-31.757174 73.429756 -11.968699 -6.264191 13.206123 0.000000 0.000000 
59.052418 52.495594 4.230345 7.446091 15.521065 0.000000 0.000000 
-34.729797 72.485176 7.790288 -8.935187 11.213566 0.000000 0.000000 
59.591492 52.719212 4.274575 2.602097 9.715096 0.000000 0.000000 
-35.976677 72.327621 7.424247 -10.918137 9.364956 0.000000 0.000000 
-21.255051 79.166420 7.514534 -10.446532 12.601910 0.000000 0.000000 
-31.515327 75.907448 10.222652 -9.237015 11.960197 0.000000 0.000000 
-32.478367 75.510231 7.305820 -4.459724 13.873363 0.000000 0.000000 
-32.970123 75.444237 -13.263852 -6.677917 11.428265 0.000000 0.000000 
-32.774582 76.145668 9.793038 1.503586 16.516670 0.000000 0.000000 
-33.051804 76.069275 10.044344 0.577614 15.906227 0.000000 0.000000 
-31.003399 77.636787 7.134373 -2.309402 14.216198 0.000000 0.000000 
-30.005404 78.110191 7.496151 1.632309 18.237492 0.000000 0.000000 
-29.350090 78.428497 7.197438 -4.316147 14.526749 0.000000 0.000000 
-37.902546 75.106445 9.947286 -4.840034 13.660706 0.000000 0.000000 
-33.540279 77.356850 12.537516 -2.890900 14.964046 0.000000 0.000000 
-32.811546 77.708534 8.900432 -2.042397 14.828072 0.000000 0.000000 
-29.038754 79.727547 7.068368 -0.268555 17.021500 0.000000 0.000000 
-29.125288 79.728172 8.865086 -6.307869 14.262730 0.000000 0.000000 
43.941563 72.371628 3.486864 -5.472343 9.699825 0.000000 1.000000 
-27.322027 80.695992 10.190280 -2.829384 15.167641 0.000000 0.000000 
-27.726765 80.672791 8.785258 0.623718 17.586475 0.000000 0.000000 
-30.624727 79.569534 10.149211 -2.459557 15.397839 0.000000 0.000000 
-28.920420 80.261154 12.429438 -6.614433 11.378788 0.000000 0.000000 
64.044945 54.784603 3.545749 15.850624 16.852539 0.000000 0.000000 
64.821030 54.231712 -5.728409 14.350319 16.962112 0.000000 0.000000 
64.742416 54.339516 -5.763541 15.535913 19.180233 0.000000 0.000000 
65.985802 53.040722 -3.799307 6.764801 9.268814 0.000000 0.000000 
-29.321997 80.971809 11.801047 -9.257233 10.544426 0.000000 0.000000 
-30.685841 80.603760 10.149498 -9.181778 9.327957 0.000000 0.000000 
-31.109457 80.812881 -11.626556 -6.871216 12.110481 0.000000 0.000000 
-28.304251 81.930237 10.797011 -7.901558 11.757507 0.000000 0.000000 
51.962677 68.676445 -5.845350 1.695236 10.432205 0.000000 0.000000 
-27.189627 82.438110 -12.246849 -6.905663 12.653645 0.000000 0.000000 
-28.280418 82.299271 11.904754 -3.758255 14.489326 0.000000 0.000000 
-35.174637 79.490219 11.288819 -6.946908 12.401161 0.000000 0.000000 
52.333233 69.319305 -5.375917 7.433563 15.791786 0.000000 0.000000 
-32.231579 81.261528 11.979675 -4.818436 10.574970 0.000000 0.000000 
-31.492914 81.744331 12.207272 -8.761818 10.212173 0.000000 0.000000 
42.605595 77.886513 3.338681 0.780151 13.261810 0.000000 0.000000 
43.041855 77.682602 3.327545 -0.507881 12.994129 0.000000 0.000000 
-32.942078 82.939529 14.101451 -6.519836 10.235706 0.000000 0.000000 
42.642292 78.414917 2.912904 -5.666412 9.091454 1.000000 1.000000 
43.430645 78.051613 3.858779 -0.760010 13.406322 0.000000 0.000000 
-32.044701 83.775635 -12.014278 -12.652130 6.587082 0.000000 0.000000 
-42.559647 79.562996 14.026628 -2.693336 11.360855 0.000000 1.000000 
-50.505466 75.384560 11.338669 -3.841309 8.534840 0.000000 0.000000 
-33.755493 85.758232 12.775199 -7.018829 9.406860 0.000000 1.000000 
-21.362207 90.565880 7.255762 -4.823158 11.987225 0.000000 0.000000 
-21.384413 90.688095 7.097978 -10.041817 9.331543 0.000000 0.000000 
-22.293304 90.883530 7.979589 -14.039902 7.299847 0.000000 0.000000 
-21.310038 91.262337 9.553966 -9.723961 8.553093 0.000000 0.000000 
-22.495695 91.103043 7.298697 -12.745331 7.974510 0.000000 0.000000 
-21.726231 91.955383 8.461879 -7.407654 9.817287 0.000000 0.000000 
12.350764 96.930008 3.005814 -11.782004 6.413792 0.000000 0.000000 
12.063584 97.179886 3.952391 -14.465935 5.543488 0.000000 1.000000 
-15.478112 96.889801 6.048399 -8.477036 9.768440 0.000000 0.000000 
-15.196401 97.272041 5.916568 -6.326767 13.848053 0.000000 0.000000 
-14.719296 97.477005 6.078655 -3.531219 14.653687 0.000000 0.000000 
-22.327135 96.012558 10.808557 -12.605293 5.079197 0.000000 0.000000 
-22.309656 96.671089 -13.309559 -9.956787 4.926666 0.000000 0.000000 
-30.745913 95.984856 11.667297 -11.370856 5.087147 0.000000 0.000000 
-30.215242 96.189980 10.853333 -11.309731 6.748508 0.000000 0.000000 
-29.895700 96.380341 9.880433 -7.808640 8.467476 0.000000 0.000000 
-29.136129 97.017723 10.250470 -13.540009 6.443344 0.000000 0.000000 
-29.920527 97.232857 9.324491 -8.392426 10.107922 0.000000 0.000000 
-31.133926 97.310387 14.791800 -7.562157 9.513309 0.000000 0.000000 
48.219696 89.855377 6.405502 -2.848061 10.473019 0.000000 0.000000 
-31.974361 97.493576 14.697425 -6.842140 9.227551 0.000000 0.000000 
-33.431320 97.382645 11.407255 -12.403358 7.745419 0.000000 0.000000 
-33.539635 97.411453 13.426279 -10.797446 8.758366 0.000000 0.000000 
-31.588675 98.116722 11.055778 -9.081206 9.294792 0.000000 0.000000 
-32.252270 98.329170 11.409397 -5.233529 10.164680 0.000000 0.000000 
-31.962545 98.482971 10.796185 -5.011963 10.274639 0.000000 0.000000 
-30.537380 99.351463 14.662944 -9.527740 7.458706 0.000000 0.000000 
-31.845829 99.393196 12.479934 -6.230652 9.282742 0.000000 0.000000 
-32.011543 99.764328 12.548521 -5.807182 9.060593 0.000000 0.000000 
-32.858570 99.602989 -12.664625 -9.636238 7.155293 0.000000 0.000000 
-32.379780 99.779991 -13.257202 -7.317886 8.432384 0.000000 0.000000 
-31.908543 100.054428 -9.233035 -9.700981 6.936611 0.000000 0.000000 
-32.200993 99.956848 -10.073191 -6.659454 7.002785 0.000000 0.000000 
-31.913649 100.259605 12.060809 -7.663422 8.638939 0.000000 0.000000 
-32.195595 100.201836 13.016269 -5.438080 9.120274 0.000000 0.000000 
-32.517235 100.224602 11.823371 -1.853989 10.652084 0.000000 0.000000 
32.482018 100.982025 2.831864 -15.250259 6.328365 0.000000 1.000000 
12.986755 106.207108 2.327026 -11.987273 5.266685 0.000000 1.000000 
53.846909 96.434067 7.298994 -3.373245 8.316471 0.000000 0.000000 
49.824062 98.692230 4.352099 -2.694496 10.417248 0.000000 0.000000 
50.290249 98.950417 7.698547 -3.271431 9.830212 0.000000 0.000000 
48.181763 100.115334 6.903942 -8.310608 6.714424 0.000000 0.000000 
-20.127234 110.555634 5.544540 -9.627304 7.815445 0.000000 1.000000 
-21.823055 110.538628 4.982025 -10.730315 9.664783 0.000000 0.000000 
49.806458 102.163124 -0.674798 -6.543037 6.600971 0.000000 1.000000 
34.703041 109.248886 3.571929 -6.038635 7.513256 0.000000 0.000000 
36.443497 108.742210 3.895219 -7.011009 7.157833 0.000000 0.000000 
36.521469 108.746254 5.052946 -8.183777 6.968964 0.000000 0.000000 
35.955853 109.048096 3.117636 -14.127312 3.621716 0.000000 0.000000 
36.266457 109.270020 3.325672 -14.316284 4.094788 0.000000 1.000000 
34.795712 110.039932 2.538933 -8.046265 6.378689 0.000000 0.000000 
-21.106352 117.201492 7.520689 -12.861130 5.392632 0.000000 0.000000 
42.003483 112.096527 2.523471 -7.327675 5.539745 0.000000 0.000000 
42.301212 112.017395 2.449311 -9.236290 4.564224 0.000000 1.000000 
43.722916 111.479500 2.729319 -3.928429 5.587803 0.000000 0.000000 
42.662304 111.955009 2.244785 -3.992325 7.544399 0.000000 0.000000 
41.841293 112.301208 2.687974 -6.507751 7.143066 0.000000 0.000000 
-23.273148 118.057663 9.561506 -1.694717 11.416538 0.000000 0.000000 
-23.436825 118.077797 8.990011 -1.015541 12.706146 0.000000 0.000000 
-23.278221 118.200325 9.477012 4.171730 18.081787 0.000000 0.000000 
-23.355980 118.396545 9.771837 -2.916481 11.183758 0.000000 0.000000 
-33.968925 115.955681 0.380057 -7.836098 7.950279 0.000000 0.000000 
-23.346706 118.899971 9.534803 -5.108513 9.032978 0.000000 0.000000 
-30.851248 120.553383 12.864523 -8.032837 6.740990 0.000000 0.000000 
-34.863327 120.623169 13.725290 -6.462730 7.723545 0.000000 0.000000 
-35.630512 121.748833 14.716963 -6.300797 7.471436 0.000000 0.000000 
-35.431614 122.208344 15.946709 -2.963364 6.211868 0.000000 0.000000 
-34.231022 122.648514 14.199838 -6.506721 7.139126 0.000000 0.000000 
-54.033192 116.627876 16.610149 -5.371597 6.011490 0.000000 1.000000 
-7.549494 129.033356 -3.767420 -6.287148 8.188801 0.000000 0.000000 
-21.818872 127.824120 4.830234 -1.761230 9.508694 0.000000 0.000000 
-21.578131 127.862396 4.793941 -8.848694 5.798077 0.000000 0.000000 
-21.838531 128.128326 6.481939 0.813805 14.210155 0.000000 0.000000 
-22.356709 128.176086 5.107787 -1.397850 10.997375 0.000000 0.000000 
-21.561567 128.417023 5.244575 -2.255775 10.949146 0.000000 0.000000 
-21.554741 128.616806 4.938277 0.364616 12.121578 0.000000 0.000000 
-22.914490 128.792770 3.626408 -7.603317 5.918919 0.000000 0.000000 
-22.024340 128.982727 4.545958 -0.013176 12.645454 0.000000 0.000000 
-22.097683 129.042023 5.454143 2.862129 13.716045 0.000000 0.000000 
-21.844114 129.345367 4.691007 -7.169388 6.308907 0.000000 0.000000 
-21.232117 129.582764 -8.980234 -4.620934 8.573486 0.000000 0.000000 
-21.432579 129.778900 -7.945688 -7.867676 6.639431 0.000000 0.000000 
-22.509733 129.666656 5.486542 -11.133086 4.650066 0.000000 0.000000 
-21.914120 129.864716 3.869848 -4.875908 8.586376 0.000000 0.000000 
-22.437527 129.783081 4.151100 0.796120 13.061638 0.000000 0.000000 
-22.069950 129.849182 3.761759 3.309662 15.415638 0.000000 0.000000 
7.017302 131.811859 -4.973011 -4.308922 11.859806 0.000000 0.000000 
7.139856 132.010315 -5.955985 -0.239883 14.910088 0.000000 0.000000 
7.321749 132.208099 -5.576522 -1.429222 11.876438 0.000000 0.000000 
-26.180180 129.869751 -2.813715 -3.309502 10.241032 0.000000 0.000000 
-26.363480 129.892075 -12.029532 -3.814400 9.615128 0.000000 0.000000 
-18.493155 131.985962 5.915325 5.361801 16.376774 0.000000 0.000000 
-21.248924 131.580399 4.731722 9.081322 21.300793 0.000000 0.000000 
-17.980772 132.136627 6.088078 1.571198 14.650368 0.000000 0.000000 
-20.626453 131.848770 5.504834 3.693871 17.524487 0.000000 0.000000 
-21.261175 132.007996 4.280720 0.324615 16.182796 0.000000 0.000000 
-21.436569 131.996124 4.562078 1.933357 15.603809 0.000000 0.000000 
-20.943787 132.383698 -8.517262 5.501778 19.643719 0.000000 0.000000 
-19.865122 132.578400 -7.197272 7.006760 20.047211 0.000000 0.000000 
-20.805836 132.463593 6.399844 0.487358 16.403442 0.000000 0.000000 
-20.190290 132.737183 -9.126842 3.185394 18.422005 0.000000 0.000000 
59.906410 120.246727 5.189173 1.724541 12.649605 0.000000 0.000000 
-20.288696 133.219452 -6.037024 -5.937286 10.224262 0.000000 0.000000 
-20.563000 133.228302 -6.491577 -2.007675 13.441654 0.000000 0.000000 
-21.942533 133.149506 -9.256692 -7.536690 6.571587 0.000000 0.000000 
-18.979889 133.962921 -4.992376 -4.239578 10.490959 0.000000 0.000000 
-8.153195 135.382324 -4.119355 -0.332916 13.858891 0.000000 0.000000 
-20.665955 134.462830 -10.641141 -5.556839 9.973438 0.000000 0.000000 
7.015304 136.222595 -4.694544 6.033859 17.768024 0.000000 0.000000 
-20.716291 134.789276 5.708646 -9.535561 7.345840 0.000000 0.000000 
7.136458 136.333862 -4.479218 7.295212 20.242432 0.000000 0.000000 
-20.941061 135.301117 -6.798624 -0.278801 13.439865 0.000000 0.000000 
-23.259129 135.092743 -9.754286 -6.100906 9.320732 0.000000 0.000000 
6.058230 137.048798 -5.477710 -7.545242 6.339108 0.000000 1.000000 
7.252604 137.419800 -4.611262 -6.957565 7.548393 0.000000 1.000000 
-20.774525 136.092285 -9.938725 -12.851570 4.671852 0.000000 0.000000 
39.837059 131.794250 4.577081 -2.197807 8.435093 0.000000 0.000000 
39.228329 132.070587 3.482519 -1.020393 9.836151 0.000000 1.000000 
40.200821 132.440979 4.587285 -10.366562 4.254601 0.000000 1.000000 
-22.570173 141.502136 -9.399240 -4.020660 7.879131 0.000000 0.000000 
-21.974815 141.631104 3.170706 -6.870361 5.519878 0.000000 0.000000 
-22.556919 141.652008 5.272676 -10.560646 4.426384 0.000000 1.000000 
-22.653433 145.745544 5.653179 -4.572236 7.156830 0.000000 0.000000 
-23.625359 145.587555 5.475913 -5.003296 7.576504 0.000000 0.000000 
-9.399425 147.421997 -4.965532 -10.267615 7.463459 0.000000 1.000000 
-8.950756 147.638977 -5.935982 -7.887840 6.499329 0.000000 0.000000 
-24.810080 146.492065 5.300258 -7.338600 6.178558 0.000000 0.000000 
-23.017639 146.870117 3.139104 -5.584496 7.638157 0.000000 0.000000 
-23.611916 146.843842 3.391398 -8.011826 6.040932 0.000000 0.000000 
-28.924280 146.707428 -3.122200 -7.517952 3.895081 0.000000 0.000000 
-29.884544 146.841370 -4.717860 -9.344710 4.864311 0.000000 0.000000 
-29.638107 147.168030 -4.306916 -10.036034 4.484699 0.000000 0.000000 
-24.440395 153.451660 3.852496 -11.573105 3.388454 0.000000 0.000000 
-28.855444 153.650299 7.524754 -6.268700 7.358196 0.000000 0.000000 
-33.070572 153.595947 13.731387 -1.356926 9.067753 0.000000 0.000000 
-23.624878 155.446930 5.783520 -6.457757 6.868153 0.000000 0.000000 
-28.652962 155.478790 11.354134 1.592018 10.408955 0.000000 0.000000 
-29.495670 155.389282 10.027558 2.633377 11.220798 0.000000 0.000000 
-26.423153 156.262360 -1.927968 -1.233574 10.716969 0.000000 0.000000 
-31.010241 155.407288 13.208137 -4.044472 4.864216 0.000000 0.000000 
-31.765076 155.443665 11.530388 4.891754 13.067402 0.000000 0.000000 
-31.824354 155.698608 9.959627 -3.415245 6.280182 0.000000 0.000000 
-28.571299 156.839905 7.536144 -8.386475 6.839058 0.000000 0.000000 
-31.274740 156.927612 10.770613 -4.935822 5.621883 0.000000 0.000000 
-8.566642 159.908661 -3.684392 -4.518403 8.018837 0.000000 0.000000 
-8.990588 160.002258 -5.089921 -6.817085 9.534637 0.000000 0.000000 
-9.958144 159.952087 -4.316141 -1.654732 9.526997 0.000000 0.000000 
-23.596334 159.272797 5.042124 5.730705 12.941151 0.000000 0.000000 
-23.585855 159.390045 -10.025986 -4.173584 6.736141 0.000000 0.000000 
-23.540136 159.418335 -10.307447 0.537498 10.237122 0.000000 0.000000 
-26.231766 159.631927 7.673954 -7.745239 5.215809 0.000000 0.000000 
-24.438494 160.013031 6.629852 -3.636436 5.710529 0.000000 0.000000 
-24.381586 160.217316 6.003790 -8.325255 5.220093 0.000000 0.000000 
-24.759432 160.625000 -10.808063 -5.842712 6.919022 0.000000 0.000000 
-23.855009 160.775055 4.875900 -2.186455 6.304726 0.000000 0.000000 
-23.931829 161.518311 5.749216 -0.083641 9.539734 0.000000 0.000000 
44.253109 157.135406 3.509703 -4.374154 7.134090 0.000000 0.000000 
44.938114 157.707428 6.072767 -0.963890 6.135242 0.000000 0.000000 
45.157417 157.703156 7.318219 -3.771103 5.037220 0.000000 0.000000 
-26.041946 162.444244 6.283503 -7.606431 5.771828 0.000000 0.000000 
-25.288813 166.175598 1.276002 -5.395401 4.194160 0.000000 0.000000 
-24.122202 166.974304 -10.669248 -4.387536 5.026424 0.000000 0.000000 
-24.535986 167.561249 7.806088 1.025215 10.542343 0.000000 0.000000 
-24.504272 167.708496 -0.221898 -7.304291 4.954758 0.000000 0.000000 
-24.647655 167.685822 8.061582 0.987823 9.334393 0.000000 0.000000 
-24.225893 167.946198 2.155040 -7.481529 3.495029 0.000000 0.000000 
-24.421579 168.953033 -2.239795 -8.436501 3.821259 0.000000 0.000000 
-24.778393 168.919769 -2.011834 -8.276137 3.000107 0.000000 0.000000 
-24.581091 169.228699 -1.419491 -7.846924 3.054981 0.000000 0.000000 
-25.064188 169.681702 -0.775035 -7.709351 4.087769 0.000000 0.000000 
-23.358526 170.021240 0.900417 -8.943748 2.228531 0.000000 0.000000 
54.199471 163.370605 3.989123 -5.010674 4.894051 0.000000 0.000000 
-23.049137 170.862640 4.070605 -9.603897 3.798183 0.000000 0.000000 
-23.023695 170.975037 -9.677075 -4.694581 5.752174 0.000000 0.000000 
-24.005642 171.097198 4.706264 -4.972931 8.403069 0.000000 0.000000 
-24.111965 172.087036 -1.945824 -11.999672 5.115925 0.000000 0.000000 
-23.799517 172.425201 6.392179 -6.370881 4.957794 0.000000 0.000000 
-24.964565 172.300110 6.239836 -1.688705 8.168472 0.000000 0.000000 
-24.819817 172.442627 -0.146302 3.315796 10.470509 0.000000 0.000000 
-23.669291 172.805878 -1.482087 4.233315 10.075569 0.000000 0.000000 
-23.518375 172.848572 -0.630047 4.441338 10.313866 0.000000 0.000000 
-24.152069 172.819427 -1.664213 1.371689 11.355564 0.000000 0.000000 
-23.101772 173.089111 0.243532 -6.059662 5.726624 0.000000 0.000000 
-23.701988 173.026642 0.008743 -4.297394 6.667542 0.000000 0.000000 
-25.838646 172.957520 6.798605 -4.858086 6.555828 0.000000 0.000000 
-23.475061 173.460663 4.037531 -6.304108 4.569225 0.000000 0.000000 
-23.697634 173.442719 5.288005 -7.504005 3.698257 0.000000 0.000000 
-23.892237 173.974335 8.686887 -2.868118 6.792957 0.000000 0.000000 
-25.329109 173.942932 -2.174006 -7.853249 4.866028 0.000000 0.000000 
-26.111746 174.305664 6.901436 -3.201782 4.598053 0.000000 0.000000 
-25.053200 174.663879 -10.275128 -2.517227 6.793419 0.000000 0.000000 
-25.328318 174.775970 -3.944548 -5.835213 3.503025 0.000000 0.000000 
-23.524834 175.655975 0.033362 -5.403779 3.176052 0.000000 0.000000 
-24.838783 175.586090 -2.467975 -8.489014 2.743950 0.000000 0.000000 
-25.518953 177.725647 -2.156190 -2.482559 5.722801 0.000000 0.000000 
-24.407146 178.030487 -0.957555 -1.391068 6.670929 0.000000 0.000000 
-24.595442 179.561981 -1.345846 4.232925 9.517429 0.000000 0.000000 
-24.899065 179.519165 -1.841705 3.721359 10.057987 0.000000 0.000000 
-24.449585 180.171509 4.418301 -3.131020 4.081577 0.000000 0.000000 
-25.077568 180.562592 -0.633324 11.770340 17.848057 0.000000 0.000000 
-25.974918 180.633423 -2.567662 8.471107 13.619045 0.000000 0.000000 
-25.726210 180.699249 -1.035805 7.476433 14.323643 0.000000 0.000000 
-23.926947 181.141937 -0.115226 -4.962708 6.145870 0.000000 0.000000 
-25.367018 181.384491 1.843913 -4.364876 4.604118 0.000000 0.000000 
-25.676447 181.492584 -1.719509 -3.175888 4.574116 0.000000 0.000000 
-24.531754 181.773193 -0.652556 0.853630 8.293701 0.000000 0.000000 
-24.033876 182.004028 -0.460943 -0.516823 7.967716 0.000000 0.000000 
-25.080589 181.972992 1.121926 -4.034126 4.388687 0.000000 0.000000 
-24.782019 182.302612 -1.879506 2.122879 8.236012 0.000000 0.000000 
-24.918438 182.480255 -0.993899 -5.820305 3.459370 0.000000 0.000000 
-25.315889 182.600494 -0.760814 -6.057053 3.700951 0.000000 0.000000 
-24.308352 184.937286 -1.916708 -6.950577 4.219086 0.000000 0.000000 
-24.777981 185.000580 0.952737 -5.763627 4.496891 0.000000 0.000000 
-26.728930 185.483154 3.151405 -6.539970 3.098080 0.000000 0.000000 
-25.180105 185.754120 1.330909 -1.252876 6.142605 0.000000 0.000000 
-25.361452 186.629303 0.245786 -4.685296 5.231571 0.000000 0.000000 
-26.364637 186.606018 1.118953 -4.280228 4.197956 0.000000 0.000000 
-25.361702 186.851044 2.316100 -5.364372 3.951309 0.000000 0.000000 
-22.458052 187.371033 2.351309 -8.117943 6.358894 0.000000 0.000000 
-25.768129 186.961548 7.811645 -4.894745 5.142609 0.000000 0.000000 
-26.032087 187.387970 -8.479152 1.625603 8.904163 0.000000 0.000000 
-25.750505 187.766693 -10.657405 5.473099 11.366814 0.000000 0.000000 
-25.851374 187.764618 -14.356390 -1.290131 6.049660 0.000000 0.000000 
-26.649607 188.245148 8.335291 -4.234261 5.145290 0.000000 0.000000 
-26.803370 188.295105 -4.123921 -4.276405 2.777275 0.000000 0.000000 
-26.370197 188.428314 -3.419246 -2.250282 4.797985 0.000000 0.000000 
-24.444931 189.039001 -1.722214 -4.073624 6.116791 0.000000 0.000000 
-24.870401 189.679077 -13.600405 -2.697144 8.415981 0.000000 0.000000 
-1.351539 191.877655 -3.627732 0.649696 8.465054 0.000000 0.000000 
-2.037045 191.879578 -4.704043 -2.681824 5.758430 0.000000 0.000000 
-1.882688 191.910828 -4.178103 -1.872696 5.804287 0.000000 0.000000 
-1.860095 192.586273 -3.003446 -3.197823 5.045403 0.000000 0.000000 
-25.441772 191.663757 -3.166851 -6.699654 2.824261 0.000000 0.000000 
-25.205376 191.711578 -3.211239 0.757591 6.670517 0.000000 0.000000 
-25.158541 191.748627 -1.480466 -7.261796 2.098217 0.000000 0.000000 
-25.801794 193.072693 -1.379590 -9.187514 2.085617 0.000000 0.000000 
-24.879623 193.343018 0.638737 -5.983154 2.518421 0.000000 0.000000 
-2.598086 199.413696 -2.875425 -4.030502 3.859505 0.000000 0.000000 
-3.004496 199.579712 -3.890242 -2.856224 5.617661 0.000000 0.000000 
-26.804712 199.398773 7.066163 -2.306030 5.290627 0.000000 0.000000 
-28.045614 199.315887 -10.112491 -3.796799 5.415771 0.000000 0.000000 
-28.555279 199.786835 9.095898 -4.272903 5.554493 0.000000 0.000000 
-34.737732 199.327240 11.435746 0.550125 6.181461 0.000000 0.000000 
-34.624428 199.429382 11.333828 -0.816780 5.579212 0.000000 0.000000 
-36.233288 199.344177 10.865139 -0.254318 6.606674 0.000000 0.000000 
-32.324997 200.885468 8.999394 -3.183556 4.922886 0.000000 0.000000 
-26.570984 203.360107 9.347607 -2.866829 4.774658 0.000000 0.000000 
-26.994225 207.802032 2.623832 -5.807023 3.461742 0.000000 0.000000 
-35.298420 214.324036 11.111098 -2.277916 4.528793 0.000000 0.000000 
-29.504282 217.804138 -13.148530 0.557060 5.654072 0.000000 0.000000 
-29.465256 217.874695 -15.456700 0.710373 6.175129 0.000000 0.000000 
-29.057032 217.935944 11.751493 -2.223801 4.403091 0.000000 0.000000 
