ply
format ascii 1.0
comment Created by CloudCompare v2.14.beta (Feb  3 2026)
comment Created 2026-05-11T17:58:27
obj_info Generated by CloudCompare!
element vertex 1477
property float x
property float y
property float z
property float rcs
property float snr
property float v
property float label
end_header
-28.139261 -9.631122 -10.112268 -1.290718 28.190289 0.000000 1.000000 
6.530775 -39.115055 -8.565244 -4.414703 22.049082 0.000000 1.000000 
-5.665495 -49.047874 -4.491540 -1.045120 22.103273 0.000000 1.000000 
-6.018168 -49.095116 -5.084167 -0.837677 21.841372 0.000000 1.000000 
-3.386848 -30.972076 -10.558746 -3.693283 25.630724 0.000000 1.000000 
26.127520 -24.016312 -9.116092 -2.716156 24.145716 0.000000 1.000000 
7.585231 -43.817780 -17.302624 -0.244209 22.283823 0.000000 1.000000 
10.394205 -46.995094 -14.774872 0.214081 21.092247 0.000000 1.000000 
57.428699 -32.374500 -13.981228 17.361610 29.523430 0.000000 1.000000 
64.811256 34.361725 -30.619101 12.269958 21.401619 1.000000 1.000000 
92.022881 -12.018869 -14.058127 8.288445 18.863113 0.000000 1.000000 
114.493050 -7.425708 -23.650377 13.795448 18.757433 0.000000 1.000000 
114.615669 -6.801596 -19.467831 12.358223 17.906519 0.000000 1.000000 
-22.740236 17.130634 -9.670062 2.110443 20.834190 0.000000 1.000000 
14.978990 28.181101 -10.478708 -13.141243 21.603134 0.000000 1.000000 
25.926043 25.337883 -14.078599 2.968369 22.828455 0.000000 1.000000 
-15.132200 33.982086 -14.096853 -12.944214 21.293102 0.000000 1.000000 
21.055624 30.707010 -14.267900 -5.031105 20.564621 0.000000 1.000000 
30.666325 19.845558 -10.314477 6.431664 19.575327 0.000000 1.000000 
9.557059 49.495552 -14.504233 -14.505942 13.886169 1.000000 1.000000 
-7.808119 50.156601 -11.942525 -13.473198 16.317850 1.000000 1.000000 
-9.224267 50.155006 -12.950264 -17.886009 12.693260 0.000000 1.000000 
-18.295822 54.370476 -21.495827 -9.763687 16.824543 0.000000 1.000000 
8.860168 64.136322 -25.476482 -22.095360 7.331623 0.000000 1.000000 
-27.512671 69.677895 -12.121031 -5.308067 15.831120 0.000000 1.000000 
-23.146515 72.646278 -11.898474 -5.564697 16.469229 0.000000 1.000000 
-26.054472 78.062866 -30.360413 -10.309830 13.446274 0.000000 1.000000 
-37.546410 73.091621 -11.231065 -5.331566 12.710758 0.000000 1.000000 
-36.347672 74.021675 -25.370520 -7.187233 12.347122 0.000000 1.000000 
-31.018919 80.345146 -24.564360 -2.556076 15.987780 0.000000 1.000000 
-29.155762 81.509125 -11.169756 -6.836136 13.114187 0.000000 1.000000 
-29.319513 81.818184 -10.730465 -8.203590 13.678177 0.000000 1.000000 
-32.340622 81.362007 -18.294342 -7.559128 15.415089 0.000000 1.000000 
42.387829 77.689713 -32.813339 0.178886 15.718845 0.000000 1.000000 
3.501761 90.114487 -14.071135 -11.176558 12.416840 0.000000 1.000000 
-36.078251 82.391281 -9.269169 -8.354294 10.978657 0.000000 1.000000 
-31.578552 85.670311 -12.379105 -12.065254 8.627251 0.000000 1.000000 
14.833872 91.538727 -22.529530 -18.415482 5.857902 0.000000 1.000000 
-14.340034 96.961334 -9.003971 -8.884064 10.484901 0.000000 1.000000 
-31.635553 97.607964 -14.858297 -10.509415 7.864879 0.000000 1.000000 
-29.787024 98.640457 -30.225302 -10.335075 6.090866 0.000000 1.000000 
-32.321884 98.286774 -15.719508 -10.322014 7.482818 0.000000 1.000000 
31.738995 98.949615 -16.522333 -13.281013 6.463207 0.000000 1.000000 
-24.061741 109.210907 -12.952536 -10.202705 5.685165 0.000000 1.000000 
54.790451 98.240646 -12.258611 -5.028488 8.814529 0.000000 1.000000 
-31.586422 109.013023 -45.911011 -10.910973 6.094551 0.000000 1.000000 
7.307899 113.778107 -18.383907 -11.031151 8.696415 0.000000 1.000000 
38.272408 107.783630 -11.120732 -12.888359 4.376113 0.000000 1.000000 
45.343369 110.445076 -27.772219 -8.892998 7.096958 0.000000 1.000000 
39.568474 114.067192 -27.710823 -7.922195 6.993305 0.000000 1.000000 
-32.533386 120.358864 -14.446056 -6.988800 6.934234 0.000000 1.000000 
-32.530769 120.441704 -44.863903 -7.158417 5.947395 0.000000 1.000000 
-34.348553 123.845764 -19.324808 -5.663872 7.200325 0.000000 1.000000 
-25.873291 189.937897 -16.460155 -4.544716 4.761444 1.000000 1.000000 
-32.668884 197.756287 -25.546291 -1.409653 4.580593 0.000000 1.000000 
92.576347 -12.822298 34.322144 10.305153 18.227394 0.000000 1.000000 
92.731163 -12.353127 39.595284 7.573853 17.091089 0.000000 1.000000 
4.940452 -116.096306 23.040037 12.075317 19.073414 0.000000 1.000000 
118.159821 11.820053 28.620583 12.617043 18.104370 0.000000 1.000000 
134.356720 10.212830 36.078922 14.997520 16.587801 0.000000 1.000000 
-19.313585 58.012150 24.556610 -14.719933 11.949005 0.000000 1.000000 
-33.103352 64.469955 29.496895 -14.050697 9.074989 0.000000 1.000000 
-29.749300 67.238220 21.960520 -2.595963 17.397871 0.000000 1.000000 
-28.795801 69.510460 20.375402 -4.233871 17.174486 0.000000 1.000000 
-35.556717 71.001083 27.414913 -10.592232 16.530252 0.000000 1.000000 
-33.314110 72.718460 20.123627 -8.801353 11.266941 0.000000 1.000000 
-30.817415 76.681404 24.823381 -8.347679 13.715828 0.000000 1.000000 
42.180538 77.622772 27.291655 -0.697182 14.292431 0.000000 1.000000 
42.668732 77.496071 27.677195 -1.555420 14.741243 0.000000 1.000000 
-17.781803 89.649620 37.420570 -12.457451 10.854992 1.000000 1.000000 
-34.351891 85.365318 22.716427 -12.137505 8.622623 0.000000 1.000000 
-37.418610 86.173950 27.275398 -13.842010 5.500221 0.000000 1.000000 
-102.333939 35.481773 27.495968 15.843323 8.166401 0.000000 1.000000 
6.325017 113.861771 42.724178 -8.837959 10.257534 0.000000 1.000000 
-24.524006 148.171875 45.361195 -6.129501 6.746032 0.000000 1.000000 
-26.003042 157.272095 52.009815 -6.835297 6.948284 0.000000 1.000000 
-29.751450 159.584595 50.946007 -7.785141 6.553302 0.000000 1.000000 
-26.688904 178.331482 56.112900 -4.704994 3.700718 0.000000 1.000000 
-2.179305 -37.367683 10.615658 7.186012 33.986404 0.000000 1.000000 
18.876659 0.815673 -6.633152 -7.938873 28.190105 0.000000 1.000000 
20.716948 1.039369 -5.410797 -1.666435 32.416939 0.000000 1.000000 
22.396646 -13.440181 -6.057014 -5.307404 30.673611 0.000000 1.000000 
12.849440 -24.620979 -5.194355 -6.140839 26.354887 0.000000 1.000000 
27.004932 8.147133 -4.079986 3.398544 28.885242 0.000000 1.000000 
28.949297 7.816796 -5.697923 3.312851 28.071571 0.000000 1.000000 
32.546032 -11.191045 -5.533750 2.725746 30.960798 0.000000 1.000000 
-1.830805 -55.671661 12.239913 8.576973 32.037277 0.000000 1.000000 
8.253210 -56.234882 18.631079 0.800072 22.668903 0.000000 1.000000 
57.079010 5.266973 13.609124 12.779694 28.546913 0.000000 1.000000 
66.113800 -11.640634 19.671146 -0.839462 18.183748 0.000000 1.000000 
55.554260 -53.045795 21.286657 14.279648 25.357311 0.000000 1.000000 
113.857941 -10.184412 20.997055 11.130630 17.003616 0.000000 1.000000 
114.005722 -9.086694 21.184401 11.964546 17.419170 0.000000 1.000000 
-0.186374 29.321089 -7.340483 -12.672997 24.691151 0.000000 1.000000 
-3.931926 29.453121 11.060744 -16.451927 24.026104 0.000000 1.000000 
-15.494683 37.623539 14.227264 -14.142136 18.513088 0.000000 1.000000 
12.853881 38.985119 -4.773880 -16.963654 15.818766 0.000000 1.000000 
-21.209097 39.615517 17.756924 -7.391411 19.531254 0.000000 1.000000 
-17.702408 42.076702 -11.274371 -17.991867 13.806763 0.000000 1.000000 
-17.679863 43.870014 17.691858 -15.851807 13.632343 0.000000 1.000000 
8.129660 58.906281 21.076427 -16.226410 11.515598 0.000000 1.000000 
8.678289 60.240978 19.550856 -14.675423 13.767380 0.000000 1.000000 
26.124918 56.956692 -7.153610 -15.365134 10.854137 0.000000 1.000000 
27.392851 57.215191 18.619286 -12.321518 10.225128 0.000000 1.000000 
27.255760 57.400955 18.976810 -6.981361 13.434286 0.000000 1.000000 
26.642281 59.728855 -6.251839 -9.634827 11.041317 1.000000 1.000000 
26.683535 60.291115 -5.351417 0.346031 20.102444 0.000000 1.000000 
26.950689 60.404984 -10.397743 -1.696518 19.425510 0.000000 1.000000 
19.647699 63.368267 -7.032734 -17.153236 8.512074 0.000000 1.000000 
16.455948 65.140770 -8.214039 -20.355003 6.344860 0.000000 1.000000 
-2.428911 71.208679 -5.580452 -13.119156 17.880896 0.000000 1.000000 
-28.735203 68.955261 -6.385462 -3.533081 16.592344 0.000000 1.000000 
54.819466 98.188484 14.213673 -4.963783 9.024353 0.000000 1.000000 
-21.588526 128.621216 -10.559229 -2.737000 10.359802 0.000000 1.000000 
-19.798149 132.628540 -9.366218 9.561394 22.149559 0.000000 1.000000 
-19.807190 132.850189 -9.404716 6.853165 20.161245 0.000000 1.000000 
-20.356565 133.847137 -9.882353 3.294098 16.895821 1.000000 1.000000 
-21.776421 133.793915 -9.346717 1.128708 15.289043 0.000000 1.000000 
-22.253513 133.737518 -10.904834 -3.641861 12.652878 0.000000 1.000000 
-23.426775 139.709534 -10.842536 -5.471420 7.565139 0.000000 1.000000 
-22.448542 140.284515 -9.903181 -7.441994 5.497009 0.000000 1.000000 
-23.896959 145.944794 -11.314968 -5.259010 7.011093 0.000000 1.000000 
-23.989410 147.049622 -10.746153 -3.688637 8.764053 0.000000 1.000000 
-24.670788 152.032379 -11.989890 -8.614151 4.609195 0.000000 1.000000 
-24.023165 152.737732 -10.679165 -1.368507 8.842125 0.000000 1.000000 
-24.711603 153.381409 -13.112803 -4.393234 6.257202 0.000000 1.000000 
-23.625362 155.411041 -12.408727 -6.290497 6.627727 0.000000 1.000000 
-25.135073 171.399963 -11.154221 -3.780388 5.215236 0.000000 1.000000 
-25.032930 171.535339 -13.117607 -3.047668 7.014286 0.000000 1.000000 
-26.137568 186.088928 -11.191320 -3.075943 5.460453 0.000000 1.000000 
-26.251944 186.926605 -15.468177 -3.552086 5.620418 0.000000 1.000000 
-27.385733 186.790527 -12.065436 -1.501915 6.467655 0.000000 1.000000 
-25.560665 189.242401 -13.872490 -0.746437 8.699604 0.000000 1.000000 
-25.508408 189.328247 -14.781653 -2.214546 7.168708 0.000000 1.000000 
-25.461773 189.349274 -13.890878 1.229385 8.754078 0.000000 1.000000 
-1.591968 191.935272 -7.566331 -1.034798 9.230602 1.000000 1.000000 
-1.859573 191.956390 -7.690905 -4.595192 6.167984 1.000000 1.000000 
-2.007501 191.987701 -7.551560 -3.194275 6.639652 1.000000 1.000000 
-33.667812 204.693085 -5.384422 -7.485825 3.097847 1.000000 1.000000 
-31.474522 205.608276 -3.845847 -2.711662 4.277877 0.000000 1.000000 
-32.223175 205.627197 -4.360486 -1.036400 5.224327 0.000000 1.000000 
-36.377956 247.896912 -3.908356 4.318626 7.488460 0.000000 1.000000 
-36.328739 247.935150 -3.054488 3.804222 5.762363 0.000000 1.000000 
-36.322624 249.968964 -3.199919 -1.604927 3.119308 0.000000 1.000000 
2.226711 -8.652344 0.070548 -21.511375 22.039780 1.000000 1.000000 
-0.393064 -6.057168 -0.185497 -6.470074 44.782108 0.000000 0.000000 
-0.304985 -6.123246 1.410600 -9.380249 44.730957 0.000000 0.000000 
0.188076 -6.211628 -0.323878 -1.870682 47.498707 0.000000 0.000000 
0.044590 -6.205619 -0.194683 -6.608662 44.259663 0.000000 0.000000 
0.308643 -6.293620 -0.283357 -5.228977 44.943371 0.000000 0.000000 
-0.037504 10.106382 0.105543 -20.480038 32.300625 1.000000 0.000000 
-0.852226 11.143337 -0.026038 -12.683220 32.386528 0.000000 0.000000 
0.051087 12.108799 -0.033968 -11.949753 36.766766 0.000000 0.000000 
-0.511918 12.377194 0.021414 -11.741890 37.164425 1.000000 0.000000 
-3.699660 18.521025 0.389219 9.027780 43.753410 0.000000 0.000000 
-3.843524 18.724318 0.324962 8.623192 41.571686 0.000000 0.000000 
-3.728837 18.908085 -0.000306 -3.365967 34.313450 0.000000 0.000000 
-4.877948 20.938665 -0.638386 3.497665 39.156921 0.000000 0.000000 
-4.914690 20.932209 -0.740306 2.473610 36.484203 0.000000 0.000000 
0.214051 22.206757 -0.834219 2.422287 33.295799 1.000000 0.000000 
-5.064710 21.624044 -0.710265 0.793304 35.814178 1.000000 0.000000 
0.076910 22.545160 -0.861885 -3.845444 26.451847 0.000000 0.000000 
-0.108434 22.542200 -0.876405 -14.995772 15.276337 1.000000 0.000000 
0.379887 22.660419 -0.702031 -19.633644 11.256771 1.000000 0.000000 
0.286106 22.864916 -0.828543 19.481209 48.144165 0.000000 0.000000 
0.252121 22.981258 -0.851043 18.047554 47.470516 0.000000 0.000000 
2.661255 22.818501 -0.141124 -28.127983 7.818866 1.000000 0.000000 
0.043265 23.266756 -0.734233 -6.049118 26.785400 0.000000 0.000000 
0.055542 23.629787 -0.893708 -10.012978 23.571102 1.000000 0.000000 
-18.259174 -1.980448 -0.535270 2.831528 42.477871 0.000000 0.000000 
-18.410748 -2.539869 -0.268429 2.981224 39.057278 0.000000 0.000000 
-18.678862 -2.120629 -0.305684 7.261589 44.317799 0.000000 0.000000 
-18.679195 -2.136100 -0.358688 7.862801 45.447887 0.000000 0.000000 
-19.041615 -3.281143 1.813543 -12.300720 27.215633 0.000000 0.000000 
-20.360512 -0.851004 -1.093518 4.799072 40.722000 0.000000 0.000000 
-20.360764 -0.875426 -0.999790 3.831696 39.941116 0.000000 0.000000 
-21.190790 -1.082768 -0.013570 -8.072044 28.660656 0.000000 0.000000 
-18.621105 -11.532658 2.254691 3.021828 35.350052 0.000000 0.000000 
-18.852200 -11.222305 1.032930 -2.131119 32.418846 0.000000 0.000000 
-19.295641 -11.294851 0.937814 -0.223953 32.496155 0.000000 0.000000 
-21.834768 -3.647785 -2.663449 -6.417664 31.888628 0.000000 0.000000 
-19.033085 -12.152071 -0.684468 -4.802444 30.672821 0.000000 0.000000 
-19.721706 -11.413866 1.611091 0.753571 33.153645 0.000000 0.000000 
-20.002592 -10.995156 0.957121 -0.205948 32.475224 0.000000 0.000000 
-18.304955 -14.310675 -0.624170 15.869560 45.439400 0.000000 0.000000 
-18.394026 -14.350812 -0.805435 13.712967 43.633961 0.000000 0.000000 
-18.519989 -14.593261 -0.698630 -1.570488 30.835979 0.000000 0.000000 
-18.586243 -14.514392 -1.014409 1.554634 32.978317 0.000000 0.000000 
-22.562490 6.013263 0.789043 -6.638695 26.085245 0.000000 0.000000 
-23.160612 5.281022 2.375181 -4.000183 27.345293 0.000000 0.000000 
-22.945011 6.018203 1.612960 -3.834808 27.158966 0.000000 0.000000 
-23.537712 3.944042 -3.816523 -3.077156 28.224522 0.000000 0.000000 
-26.627790 -2.986714 -5.122033 -12.818153 23.429817 0.000000 0.000000 
-26.931765 -8.967524 2.021181 -4.836082 25.263788 0.000000 0.000000 
-28.973051 -7.712124 2.196020 -6.777863 24.778152 0.000000 0.000000 
-30.027956 -1.012786 1.522415 -2.857674 26.873005 0.000000 0.000000 
-29.310326 -8.102192 4.017788 -3.725700 27.551712 0.000000 0.000000 
-29.480820 -8.131128 1.874781 -6.069695 23.025007 0.000000 0.000000 
-19.368237 -24.808018 1.330297 1.048157 28.234875 0.000000 0.000000 
-20.062704 -24.752464 0.855956 -3.842072 25.266924 0.000000 0.000000 
-22.299547 -23.673096 0.607672 0.161629 28.082525 0.000000 0.000000 
-22.096985 -24.092926 1.369812 3.476730 29.871414 0.000000 0.000000 
-21.144056 -26.238796 0.214014 -3.078819 23.122681 0.000000 0.000000 
-21.318747 -28.180237 1.427332 2.537407 25.573236 0.000000 0.000000 
-35.141026 0.125652 2.300977 0.742340 27.775003 0.000000 0.000000 
-35.230907 0.518497 1.106407 -3.165321 23.880726 0.000000 0.000000 
-19.816265 -30.106239 2.246529 -0.893242 27.260151 0.000000 0.000000 
-19.985403 -30.900646 1.443854 -2.154358 23.864977 0.000000 0.000000 
-36.944019 -2.855273 1.701751 -0.571335 28.164883 0.000000 0.000000 
-20.099281 -33.308323 1.808766 3.320396 25.797464 0.000000 0.000000 
-38.783924 -2.074592 3.515408 -1.357903 25.389643 0.000000 0.000000 
-38.425041 -6.457448 0.875412 -1.202225 24.886454 0.000000 0.000000 
-38.457546 -8.024932 2.160054 -1.947128 21.784384 0.000000 0.000000 
-38.738697 -7.619789 1.798557 3.909050 27.361677 0.000000 0.000000 
-40.406872 0.909989 3.590991 -1.620277 23.949259 0.000000 0.000000 
-40.433834 1.419073 2.538628 -0.258797 24.288689 0.000000 0.000000 
-40.694675 1.290532 2.079830 5.267036 29.218176 0.000000 0.000000 
-40.801914 1.213817 2.655010 4.462265 29.925323 0.000000 0.000000 
-40.465595 -14.107174 3.812119 -2.489723 19.013954 0.000000 0.000000 
-42.586998 3.979163 2.197164 6.280647 27.587156 0.000000 0.000000 
-42.575729 4.450278 1.245063 6.254585 29.685741 0.000000 0.000000 
-38.527382 -20.029320 1.935234 6.739037 29.666414 0.000000 0.000000 
-45.596828 -3.178352 2.984694 -4.031464 19.804251 0.000000 0.000000 
-11.726716 -76.706322 2.154132 15.373398 26.593161 1.000000 0.000000 
-11.969323 -77.107178 6.502264 5.278648 17.451616 1.000000 0.000000 
-11.754596 -77.150269 3.566388 5.562698 15.944767 1.000000 0.000000 
-11.206194 -86.098274 3.437350 8.035461 18.441637 1.000000 0.000000 
-11.521673 -86.058769 1.973300 8.673248 18.717859 1.000000 0.000000 
-14.588256 -85.982086 2.280219 13.129456 22.401039 1.000000 0.000000 
-23.741997 -42.542942 5.894628 6.706856 22.968895 0.000000 0.000000 
-20.219122 -47.771397 5.181674 0.236832 20.380123 0.000000 0.000000 
-35.993229 -76.600616 2.497999 4.158370 15.726707 0.000000 0.000000 
-29.458143 12.555178 12.710234 14.372726 21.871685 0.000000 0.000000 
-6.530205 -6.659455 -0.120220 -12.261856 37.449146 0.000000 0.000000 
-6.348184 -10.407974 1.403205 -9.608459 32.967442 0.000000 0.000000 
-6.216980 -10.762866 -2.786906 -13.149216 30.894283 0.000000 0.000000 
-6.112807 -10.997022 -2.643145 -13.463142 32.667736 0.000000 0.000000 
-6.879361 -10.854510 0.128299 -10.392029 33.182381 0.000000 0.000000 
-6.864585 -11.056129 -0.131893 -14.388359 32.104942 0.000000 0.000000 
-6.289443 -11.746311 0.778384 -9.912300 29.538151 0.000000 0.000000 
-6.688933 -11.640407 0.910964 -10.456528 30.774324 0.000000 0.000000 
-6.753323 -11.665339 -0.184413 -10.845711 29.092026 0.000000 0.000000 
-6.832985 -11.667418 0.742269 -10.539864 28.202003 0.000000 0.000000 
-6.546572 -12.194489 -0.384497 -13.924934 26.831873 0.000000 0.000000 
-6.308994 -12.400628 -0.092029 -6.245461 33.197742 0.000000 0.000000 
-6.410389 -12.449708 -1.498633 -9.339432 30.653500 0.000000 0.000000 
-6.498537 -12.667944 -0.624890 -16.601746 27.927059 0.000000 0.000000 
-6.679788 -12.579314 -0.732040 -20.032425 26.807098 0.000000 0.000000 
-6.445965 -12.955606 -3.103647 -9.030106 32.407703 0.000000 0.000000 
-6.524996 -13.053032 -3.146693 -13.308624 28.414133 0.000000 0.000000 
-6.795156 -12.972816 1.270033 -11.548172 29.141436 0.000000 0.000000 
-6.983282 -12.937645 0.875710 -13.824600 28.270311 0.000000 0.000000 
-6.385205 -13.485107 -0.284473 -10.625931 29.518871 0.000000 0.000000 
-6.379914 -13.630507 -0.619160 -12.318726 29.348782 0.000000 0.000000 
-6.442573 -13.718463 -0.619373 -12.032883 28.696983 0.000000 0.000000 
-6.708777 -13.863849 -0.266229 -14.570404 24.226040 0.000000 0.000000 
-6.150400 -14.293857 -0.683420 -16.090767 24.970894 0.000000 0.000000 
-6.386892 -14.258022 -1.154418 -15.836806 25.516449 0.000000 0.000000 
-6.474953 -14.970453 0.124535 -10.290634 26.152021 0.000000 0.000000 
-6.451210 -15.004670 0.064886 -6.847374 29.302195 0.000000 0.000000 
-6.648117 -15.151584 0.075922 -12.292854 23.984011 0.000000 0.000000 
-6.291293 -15.446099 0.620627 -8.133789 30.133976 0.000000 0.000000 
-6.339536 -15.541850 0.472880 -10.530045 27.596649 0.000000 0.000000 
-6.931452 -15.555971 1.852569 -11.129303 25.158873 0.000000 0.000000 
-6.915498 -15.630227 0.000503 -9.204529 26.130526 0.000000 0.000000 
-6.958651 -15.618106 0.174375 -7.160591 29.910732 0.000000 0.000000 
-6.200010 -16.161564 0.720718 -7.866455 26.449123 0.000000 0.000000 
-6.455954 -16.254562 0.612678 -8.944054 26.309391 0.000000 0.000000 
-6.091132 -16.887085 -0.740336 -11.526587 23.893494 0.000000 0.000000 
-6.707868 -17.060802 -0.100128 -8.743752 25.522802 0.000000 0.000000 
-6.679693 -17.168236 -0.129137 -9.739388 25.263981 0.000000 0.000000 
-6.723219 -18.661575 -1.261189 -6.993095 28.537560 0.000000 0.000000 
-6.317384 -18.914970 -0.116772 -3.361473 31.184542 0.000000 0.000000 
-6.277085 -19.034946 -0.025664 -4.169319 30.434929 0.000000 0.000000 
-6.097912 -19.313824 -1.043601 -13.056900 23.244219 0.000000 0.000000 
-5.964780 -19.378685 -0.577615 -13.938484 25.703211 0.000000 0.000000 
-6.616022 -19.918633 -0.987248 -13.000731 21.833103 0.000000 0.000000 
-6.436224 -20.138721 0.059699 -10.386780 24.071310 0.000000 0.000000 
-6.392646 -20.186935 0.276898 -15.338745 21.434240 0.000000 0.000000 
-6.291855 -20.488380 -1.470159 -9.221764 25.073671 0.000000 0.000000 
-5.802727 -24.247227 -0.073020 -8.192299 25.470787 0.000000 0.000000 
-6.766268 -24.497856 -1.076397 -10.211685 21.948088 0.000000 0.000000 
-6.363637 -25.687412 -1.128867 -7.637970 23.860313 0.000000 0.000000 
-6.121317 -55.166824 2.798940 5.534790 24.053143 0.000000 0.000000 
-7.206703 -55.106457 1.495396 4.128609 22.261345 0.000000 0.000000 
-5.735470 -61.305229 3.242876 2.572121 18.826378 0.000000 0.000000 
-5.874454 -61.363514 0.119454 3.476257 21.233656 0.000000 0.000000 
-6.616602 -67.411064 -1.414081 0.320625 15.086269 0.000000 0.000000 
-6.476524 -13.610606 -0.245754 -6.440147 28.471725 0.000000 0.000000 
-6.985640 -13.800924 4.149923 -5.631325 29.023697 0.000000 0.000000 
-6.864589 -14.634230 -1.372278 -2.623062 30.939920 0.000000 0.000000 
-6.468035 -14.872732 -0.457807 -9.376390 28.356516 0.000000 0.000000 
-6.206856 -15.257864 0.751895 -7.597809 29.398739 0.000000 0.000000 
-5.267709 -15.739091 0.555561 -7.673882 29.868351 0.000000 0.000000 
-6.851031 -15.971594 1.991498 -4.910912 30.805191 0.000000 0.000000 
-6.287894 -16.260273 1.712657 -5.164078 29.137947 0.000000 0.000000 
-5.598704 -17.318241 -4.637188 -10.548096 25.047121 0.000000 0.000000 
-6.717654 -16.869381 -0.477935 -5.375465 28.880451 0.000000 0.000000 
-7.645348 -17.719540 -0.131680 -11.982147 23.830530 0.000000 0.000000 
-6.818405 -18.521862 0.294028 -0.706528 30.210611 0.000000 0.000000 
-7.409264 -18.319706 0.960787 -1.705605 30.340088 0.000000 0.000000 
-7.988353 -18.130531 0.339407 -7.451767 27.331200 0.000000 0.000000 
-7.010087 -19.794601 0.572250 -3.552032 29.541027 0.000000 0.000000 
-7.046646 -21.593895 -0.684921 0.154488 31.216900 0.000000 0.000000 
7.660408 -15.443361 2.791492 -9.911217 24.420952 0.000000 0.000000 
10.282482 -38.954674 -2.819037 -4.294792 20.299099 0.000000 0.000000 
2.703969 -41.508247 5.802467 -3.295021 22.225319 0.000000 0.000000 
7.192427 -5.236260 -0.000719 3.354584 46.222794 0.000000 0.000000 
7.293320 -5.346824 -0.052421 4.846138 50.075905 0.000000 0.000000 
8.702624 -4.004136 -0.849374 -0.320770 40.679443 0.000000 0.000000 
8.757799 -3.894751 -0.347447 -3.742798 37.595909 0.000000 0.000000 
8.587091 -9.560440 3.483774 -13.143066 30.861834 0.000000 0.000000 
7.591794 -16.233528 1.778202 -5.392387 32.590347 0.000000 0.000000 
7.354803 -34.214985 -0.407656 2.342743 28.788034 0.000000 0.000000 
7.652757 -34.205273 -0.046640 2.474472 28.746088 0.000000 0.000000 
7.233729 -35.138794 -0.118606 3.803459 29.654520 0.000000 0.000000 
7.801029 -35.084896 0.852729 1.610992 30.386082 0.000000 0.000000 
6.522785 -38.150978 3.598876 4.646057 27.358084 0.000000 0.000000 
6.615343 -38.249485 3.444923 -7.817360 22.893639 0.000000 0.000000 
3.580165 -41.487213 5.370689 -1.882462 23.079845 0.000000 0.000000 
7.774898 -24.711422 6.672644 -4.878433 30.114464 0.000000 0.000000 
22.623245 -10.938058 -2.001089 -1.645111 30.001846 0.000000 0.000000 
23.660130 -11.428643 -0.989819 -6.870720 23.476570 0.000000 0.000000 
27.462664 0.649255 0.908334 2.848663 32.957657 0.000000 0.000000 
27.591452 -0.019603 0.202794 5.111824 37.125549 0.000000 0.000000 
25.438591 -14.721458 0.839906 0.692436 29.342278 0.000000 0.000000 
25.506023 -15.295254 -0.322734 0.695045 28.091152 0.000000 0.000000 
25.893820 -14.660060 1.168864 1.173157 28.280548 0.000000 0.000000 
25.918522 -14.800808 0.142652 -0.581291 25.909403 0.000000 0.000000 
23.585527 -21.597298 0.693016 4.028519 30.427504 0.000000 0.000000 
23.740305 -21.516350 1.032766 7.059425 33.386337 0.000000 0.000000 
38.814262 -0.688947 0.009055 10.865837 34.189793 0.000000 0.000000 
38.868538 -0.679524 0.384855 11.865181 35.898140 0.000000 0.000000 
21.997189 9.388059 0.694604 4.720451 38.085739 0.000000 0.000000 
22.165579 9.271429 0.429794 1.759293 32.617271 0.000000 0.000000 
21.754417 10.104399 0.752746 3.317955 35.933601 0.000000 0.000000 
22.682302 9.556882 -2.755728 -2.539490 32.954620 0.000000 0.000000 
26.323586 8.948510 -0.506253 13.140640 37.991673 0.000000 0.000000 
26.461323 8.906260 -0.615136 11.657104 37.155121 0.000000 0.000000 
26.926785 7.903716 3.917746 3.685555 29.365757 0.000000 0.000000 
28.603737 8.597651 -0.406736 14.543770 37.411827 0.000000 0.000000 
28.558844 8.780534 -0.198855 16.655693 39.188522 0.000000 0.000000 
30.496529 8.146453 0.119819 9.119049 31.885376 0.000000 0.000000 
30.460489 8.267426 0.023541 9.067491 33.256039 0.000000 0.000000 
32.377190 9.013641 -0.675592 16.845642 36.757305 0.000000 0.000000 
32.277508 9.333586 -0.738484 17.086411 38.741982 0.000000 0.000000 
32.395672 9.138577 -0.783601 20.239250 42.103695 0.000000 0.000000 
33.692669 8.887108 14.698526 -3.057396 23.503700 0.000000 0.000000 
34.465912 8.788383 -1.383670 15.342262 36.927563 0.000000 0.000000 
34.589958 8.740240 -1.415065 14.935776 35.112480 0.000000 0.000000 
42.568748 9.018672 -1.155692 17.192192 35.231827 0.000000 0.000000 
42.639637 8.899927 -1.173851 15.615868 34.424866 0.000000 0.000000 
44.469692 9.351666 -0.249524 7.288696 26.701027 0.000000 0.000000 
49.947399 16.580254 1.264498 2.265739 19.774210 0.000000 0.000000 
50.491917 15.460485 2.109234 5.349358 21.224712 0.000000 0.000000 
55.765888 10.019916 -0.345666 5.086143 21.687376 0.000000 0.000000 
56.123287 8.245926 -1.864585 1.320732 19.938444 0.000000 0.000000 
56.921944 6.347651 -2.277068 19.623947 34.774174 0.000000 0.000000 
56.877243 6.926491 -1.817953 14.318192 28.273106 0.000000 0.000000 
56.743717 9.340693 0.694911 16.279160 28.596680 0.000000 0.000000 
56.667355 10.059340 3.105720 12.440971 26.816963 0.000000 0.000000 
58.027596 1.397326 0.734517 10.126396 28.547993 0.000000 0.000000 
58.031494 1.360698 1.919899 12.706413 29.160101 0.000000 0.000000 
57.113426 10.787704 -3.655177 2.781448 19.014400 0.000000 0.000000 
58.204262 7.289382 -3.093360 8.160835 23.239820 0.000000 0.000000 
58.436111 6.436068 -3.865575 5.840126 22.084900 0.000000 0.000000 
58.538403 8.717145 -0.590023 20.748840 33.046104 0.000000 0.000000 
58.715290 8.520853 -1.123094 20.808907 34.417995 0.000000 0.000000 
60.430462 9.670721 -0.227403 24.043808 35.987579 0.000000 0.000000 
60.371014 10.003086 -0.013256 21.140640 33.612213 0.000000 0.000000 
62.719059 8.357471 -2.042813 12.126923 27.924160 0.000000 0.000000 
62.779827 8.224911 -2.647376 11.794815 27.670582 0.000000 0.000000 
15.368252 28.783991 0.000253 -13.082703 19.525799 0.000000 0.000000 
15.525906 30.821936 1.169274 -1.424034 28.864269 0.000000 0.000000 
15.428535 30.945341 4.746415 -7.090347 23.951271 0.000000 0.000000 
7.887853 58.059498 2.250097 -13.285057 14.164431 1.000000 1.000000 
2.520204 -7.672701 -0.170898 -2.462036 42.763428 0.000000 0.000000 
2.584484 -7.671535 -0.172555 -0.586250 43.264999 0.000000 0.000000 
2.301327 -8.071516 0.175254 -7.624435 38.356438 0.000000 0.000000 
2.400895 -8.076645 0.020867 -2.850037 43.172527 0.000000 0.000000 
2.732960 -8.103516 0.159271 -4.273468 41.879459 0.000000 0.000000 
2.524851 -8.703832 -0.272227 -8.627014 37.754482 0.000000 0.000000 
2.554596 -8.885685 0.046642 -3.259361 40.585270 0.000000 0.000000 
2.536469 -8.940570 -0.029259 -2.266449 41.691456 0.000000 0.000000 
2.310214 -9.268426 0.011417 -6.853592 36.467690 0.000000 0.000000 
2.408697 -9.474994 0.112157 0.720230 41.508503 0.000000 0.000000 
2.409378 -9.512959 0.115043 3.484215 45.555527 0.000000 0.000000 
2.089583 -10.191512 -0.281464 -8.665535 35.514359 0.000000 0.000000 
2.414166 -10.248842 -0.206745 -4.672577 39.196621 0.000000 0.000000 
2.503495 -10.219248 -0.106195 -4.438248 39.903324 0.000000 0.000000 
2.232523 -10.548653 -0.119817 -5.657562 35.766022 0.000000 0.000000 
2.325670 -10.523346 -0.005983 -2.267799 39.850479 0.000000 0.000000 
2.079267 -10.823436 -0.399045 -4.280937 37.127983 0.000000 0.000000 
2.157175 -10.867518 -0.287690 -3.630463 36.884830 0.000000 0.000000 
2.142457 -10.987055 -0.364492 -7.567055 33.744480 0.000000 0.000000 
2.216361 -11.046338 -0.260065 -5.857590 36.149021 0.000000 0.000000 
2.345727 -0.966381 0.036097 -13.684780 51.392288 0.000000 0.000000 
2.493291 -0.974574 0.035843 -13.570641 55.575710 0.000000 0.000000 
2.413684 -2.021063 0.030901 -24.701694 33.783321 0.000000 0.000000 
2.443116 -2.074746 0.007778 -26.969334 40.964588 0.000000 0.000000 
2.418491 -2.502119 0.133605 -23.687954 41.408619 0.000000 0.000000 
2.462319 -2.597850 0.052748 -22.071091 41.467743 0.000000 0.000000 
2.402234 -2.855561 -0.024766 -19.917770 43.293571 0.000000 0.000000 
2.405612 -3.124707 -0.100740 -28.499096 38.642593 0.000000 0.000000 
2.457083 -3.543877 0.091956 -14.110317 46.452438 0.000000 0.000000 
2.511142 -3.616877 0.079043 -9.759121 48.513927 0.000000 0.000000 
2.443630 -3.949818 0.055954 -18.335918 42.583656 0.000000 0.000000 
2.456329 -4.136471 0.032705 -14.200096 42.819221 0.000000 0.000000 
2.474832 -4.184660 0.061518 -14.712807 44.109474 0.000000 0.000000 
2.431519 -4.471150 -0.085794 -17.488564 40.036999 0.000000 0.000000 
2.449758 -4.533991 -0.095576 -20.670326 40.122723 0.000000 0.000000 
2.466005 -4.603563 -0.090184 -19.861877 39.720158 0.000000 0.000000 
2.474051 -4.734782 -0.046450 -19.640358 35.880260 0.000000 0.000000 
2.452742 -5.062016 0.065523 -9.509609 43.633198 0.000000 0.000000 
2.476316 -5.157394 0.063358 -11.430748 42.578156 0.000000 0.000000 
2.399596 -5.346183 -0.172475 -12.385941 40.381275 0.000000 0.000000 
2.445772 -5.500627 -0.001958 -1.697502 45.538681 0.000000 0.000000 
2.444985 -5.502580 0.030070 0.737282 54.322811 0.000000 0.000000 
2.484238 -6.247484 0.132578 -9.208370 41.953831 0.000000 0.000000 
2.482129 -6.359739 0.045002 -5.711533 44.955856 0.000000 0.000000 
2.488961 -6.468737 -0.130873 -7.441875 44.283287 0.000000 0.000000 
2.472747 -6.746585 0.076624 -7.042866 43.653152 0.000000 0.000000 
2.473232 -6.794259 -0.024492 -6.270332 42.165546 0.000000 0.000000 
2.421672 -7.061557 -0.116501 -9.004620 44.444466 0.000000 0.000000 
2.436511 -7.228653 -0.075730 -2.726196 44.084377 0.000000 0.000000 
2.444245 -7.229991 0.051255 -4.215912 43.397835 0.000000 0.000000 
2.287682 -7.533561 0.123551 -7.783566 38.587566 0.000000 0.000000 
2.370161 -7.513558 0.071868 -9.727650 39.021740 0.000000 0.000000 
2.380394 -7.659140 0.054970 -7.590767 38.946293 0.000000 0.000000 
2.318725 -7.937449 0.085978 -3.443848 41.599308 0.000000 0.000000 
2.282631 -8.231253 -0.233824 -10.236473 40.900719 0.000000 0.000000 
2.415449 -8.423751 0.125860 -9.456657 36.950710 0.000000 0.000000 
2.246901 -8.759683 -0.049858 -1.360222 43.945850 0.000000 0.000000 
2.253809 -8.956115 -0.002357 4.768035 45.825672 0.000000 0.000000 
2.243610 -8.959608 -0.021490 3.238304 46.947422 0.000000 0.000000 
2.177894 -9.426165 -0.029992 -0.958488 42.836960 0.000000 0.000000 
2.218696 -9.471569 0.059300 -4.725945 40.139790 0.000000 0.000000 
2.179039 -9.687017 -0.136108 -3.816872 38.286236 0.000000 0.000000 
2.193845 -9.796314 -0.213791 -4.591103 38.039116 0.000000 0.000000 
2.176847 -9.957345 -0.272847 -4.014290 40.164139 0.000000 0.000000 
2.281908 -10.122211 -0.297289 -3.024162 38.294758 0.000000 0.000000 
2.188345 -10.146264 -0.440673 -4.544182 40.127483 0.000000 0.000000 
2.200815 -10.225929 0.175616 -2.960243 39.289459 0.000000 0.000000 
2.223490 -10.362041 0.067984 -4.356552 38.749126 0.000000 0.000000 
2.230485 -10.601772 -0.057611 -1.467163 41.729885 0.000000 0.000000 
2.256655 -10.618733 -0.028832 -2.275558 39.884777 0.000000 0.000000 
2.142948 -11.057108 -0.346838 1.346268 43.724304 0.000000 0.000000 
2.162712 -11.108780 -0.227810 1.435036 43.254314 0.000000 0.000000 
2.214950 -11.394068 0.049138 -7.875786 39.480129 0.000000 0.000000 
2.098997 -11.606237 0.299116 -6.272194 37.318687 0.000000 0.000000 
1.962156 -12.114523 -0.072223 -8.648460 34.631256 0.000000 0.000000 
2.371328 -12.991868 -2.833543 -14.811028 28.414135 0.000000 0.000000 
2.273596 4.780593 -0.009461 -28.427055 23.752460 0.000000 0.000000 
2.413851 4.822810 -0.026176 -27.883263 25.684364 0.000000 0.000000 
2.506721 5.398209 -0.081545 -38.219624 18.678604 0.000000 0.000000 
2.302034 5.979227 -0.081349 -42.421360 16.051626 0.000000 0.000000 
2.327352 6.478516 -0.048013 -38.509045 18.883965 0.000000 0.000000 
2.291947 6.959492 0.036928 -10.915810 43.509300 0.000000 0.000000 
2.319072 6.984729 0.041311 -11.239437 44.440517 0.000000 0.000000 
2.386113 7.449166 -0.080755 -26.834480 29.967939 0.000000 0.000000 
2.292101 7.628268 -0.075183 -30.978771 26.888882 0.000000 0.000000 
2.288161 7.909499 -0.037276 -21.228142 32.485050 0.000000 0.000000 
2.372984 7.974837 -0.030705 -21.931774 35.018478 0.000000 0.000000 
2.412594 8.408360 -0.019423 -24.777077 28.620869 0.000000 0.000000 
2.266992 8.593104 -0.145459 -37.685719 22.710052 0.000000 0.000000 
2.268692 8.955673 0.017071 -8.504234 41.276634 0.000000 0.000000 
2.301739 9.001179 0.021059 -6.652008 42.112537 0.000000 0.000000 
2.329033 9.749939 -0.099012 -22.588757 24.724812 0.000000 0.000000 
-6.016368 -0.982730 -0.586097 -0.568390 50.491020 0.000000 0.000000 
-6.017996 -1.019583 -0.591356 4.710938 54.909607 0.000000 0.000000 
-6.069643 -1.021929 -0.609338 6.800159 57.218201 0.000000 0.000000 
-6.830621 -0.004057 0.155932 0.981773 49.554745 0.000000 0.000000 
-6.939778 0.010690 0.161848 6.223938 54.870266 0.000000 0.000000 
3.002071 -10.414963 1.721391 -13.016968 31.414257 0.000000 0.000000 
-6.292170 -16.756340 -6.794576 -7.866600 25.760830 0.000000 0.000000 
-6.315679 -25.095699 -6.241488 -9.390732 21.973124 0.000000 0.000000 
9.163118 -23.814056 -6.188228 -11.412933 22.951244 0.000000 1.000000 
12.653866 -27.710175 1.090433 -0.460220 27.316536 0.000000 0.000000 
12.749681 -27.725143 -0.672224 -3.274651 25.538212 0.000000 0.000000 
14.713450 -27.159477 4.432750 0.701431 25.470093 0.000000 0.000000 
14.958756 -27.539974 1.141186 -3.022552 24.784851 0.000000 0.000000 
13.359181 -28.727318 -0.016058 3.371262 28.602858 0.000000 0.000000 
10.886889 -30.839050 9.132464 -4.804863 25.154671 0.000000 0.000000 
11.449409 -31.380642 -1.861391 -2.915604 24.672792 0.000000 0.000000 
12.190992 -32.342628 0.168775 -2.845894 23.357199 0.000000 0.000000 
12.191159 -32.424076 -1.501884 -4.544655 21.845192 0.000000 0.000000 
11.759160 -33.021523 1.695998 0.491852 24.059523 0.000000 0.000000 
19.981550 -34.900604 1.286343 1.285713 18.496115 1.000000 0.000000 
10.416787 -39.659679 3.753101 -1.042908 21.441736 0.000000 0.000000 
9.403155 -41.077961 1.787796 0.219574 23.366642 0.000000 0.000000 
12.095828 -40.352711 3.312302 1.949303 23.479986 0.000000 0.000000 
10.190489 -40.926422 1.425810 1.653236 23.311073 0.000000 0.000000 
20.976639 -37.628078 15.893423 2.762009 22.702648 0.000000 1.000000 
26.159389 -43.803654 0.670082 6.371361 19.035856 0.000000 0.000000 
27.239044 -47.266396 2.678637 4.721305 17.935516 0.000000 1.000000 
-5.279863 -61.211636 4.643193 -0.208298 16.394218 0.000000 0.000000 
-106.881859 -3.558332 5.818833 7.450469 15.924192 0.000000 0.000000 
-107.017677 -3.201154 6.223396 10.737251 19.132435 0.000000 0.000000 
-107.277786 -1.489048 5.126178 15.315605 22.879999 0.000000 0.000000 
-107.285362 -1.080862 5.960941 14.878044 22.051445 0.000000 0.000000 
-107.432388 -4.872449 4.272121 8.623726 18.925888 0.000000 0.000000 
-107.521965 -5.499822 3.863227 8.686508 17.954895 0.000000 0.000000 
-107.423393 -9.038724 2.164766 6.479003 15.065859 0.000000 0.000000 
-22.904091 -106.368935 1.945939 10.190910 14.405495 1.000000 0.000000 
-115.469055 -2.435988 5.128424 10.709221 18.925568 0.000000 0.000000 
-115.484085 -2.427209 4.443362 8.626671 15.445356 0.000000 0.000000 
55.945457 -103.467346 4.667678 15.674294 15.803337 0.000000 0.000000 
53.539963 -104.862404 5.813993 16.578835 18.941769 0.000000 0.000000 
53.615723 -104.941223 7.447304 14.021370 16.537207 0.000000 0.000000 
63.463100 -109.677368 7.671582 19.545982 19.451874 0.000000 0.000000 
61.037029 -147.373825 7.746924 19.869148 18.307283 0.000000 0.000000 
7.256631 -8.422140 -4.176534 0.796700 40.182243 0.000000 0.000000 
7.303257 -8.503668 -1.494226 7.058678 47.414246 0.000000 1.000000 
11.585221 -3.660373 2.995424 -3.888962 37.801926 0.000000 0.000000 
11.943361 -3.147736 0.084525 9.343858 48.384239 0.000000 0.000000 
11.946392 -3.138908 0.145580 7.415398 45.204926 0.000000 0.000000 
4.129416 -12.301249 3.560773 -7.852982 33.081139 0.000000 1.000000 
4.062370 -12.375609 3.117614 -8.970819 34.058090 0.000000 1.000000 
13.910851 -2.749629 0.648615 1.118340 41.034657 0.000000 0.000000 
14.047749 -2.782022 0.592203 -2.373573 36.149895 0.000000 0.000000 
13.115339 -7.003715 -1.650785 -12.240425 27.807217 0.000000 0.000000 
15.851800 -0.924495 -0.513755 0.784218 38.973152 0.000000 0.000000 
15.900964 -0.892059 -0.569335 -0.897644 36.785294 0.000000 0.000000 
17.041491 0.461406 -0.572462 8.581239 44.696899 0.000000 0.000000 
17.174019 0.407997 -0.676781 5.471893 42.933155 0.000000 0.000000 
16.464907 -8.053754 1.913196 -8.805458 27.192022 0.000000 1.000000 
16.955502 8.643768 0.443617 9.712502 38.693581 0.000000 0.000000 
17.009926 8.758766 0.516419 9.586021 38.926193 0.000000 0.000000 
17.995825 -9.753021 5.253007 -2.253296 30.728827 0.000000 1.000000 
-8.762401 -18.239891 -4.553093 -6.343521 29.087095 0.000000 0.000000 
18.705053 8.102995 -0.571964 0.496773 35.585239 0.000000 0.000000 
5.112164 -21.032024 -3.037048 -11.084717 25.396490 0.000000 1.000000 
18.320456 9.857462 -0.033968 9.827965 42.038456 0.000000 0.000000 
21.552755 -2.165816 -1.708370 -0.622879 33.402668 0.000000 1.000000 
20.372942 9.946636 5.199619 -4.314133 28.077429 0.000000 0.000000 
20.834337 9.164575 5.537198 -8.426575 28.442654 0.000000 0.000000 
16.286003 -18.395588 -0.302656 -6.013428 26.942867 0.000000 0.000000 
27.520828 -12.120402 8.549233 -7.364357 25.282877 0.000000 1.000000 
32.575130 1.451499 1.465050 13.325447 38.478359 0.000000 0.000000 
32.698605 1.216427 1.056036 13.287430 40.576748 0.000000 0.000000 
29.001209 15.049007 0.257109 3.480743 28.674269 1.000000 1.000000 
33.212376 0.437339 8.857639 -3.274239 24.936775 0.000000 0.000000 
28.996651 15.443938 0.789690 4.070068 30.125805 1.000000 1.000000 
34.346821 -11.725842 -3.442441 -0.145798 26.323366 0.000000 0.000000 
6.375216 -36.550686 -0.774965 0.430809 24.761410 0.000000 0.000000 
6.173433 -36.631916 -1.613557 -2.056274 22.724758 0.000000 0.000000 
22.247734 -30.710911 7.162378 -1.036011 24.484682 0.000000 1.000000 
33.087971 16.962269 1.082081 1.288559 23.885017 0.000000 0.000000 
7.488233 -37.589039 14.422744 -2.120827 23.566454 0.000000 0.000000 
34.911694 14.803789 -2.939056 -0.129143 24.712725 0.000000 0.000000 
38.562332 7.957985 -0.705112 7.380241 28.112648 0.000000 0.000000 
38.636971 7.831035 -0.657121 9.748802 29.431765 0.000000 0.000000 
38.900089 7.448376 10.132236 3.757088 28.674366 0.000000 0.000000 
37.715439 -14.190771 -5.735343 -1.398643 24.745079 0.000000 1.000000 
40.144466 -1.627882 -3.219605 -2.272667 21.055754 0.000000 0.000000 
41.670326 -0.189915 1.690814 7.769683 31.367313 0.000000 0.000000 
41.671188 -0.197535 2.118620 10.465462 34.140324 0.000000 0.000000 
38.571793 14.765461 11.298297 5.860916 29.702806 0.000000 1.000000 
43.122379 -0.419306 0.819051 6.963989 28.900826 0.000000 0.000000 
43.262108 -0.523729 1.342262 7.022438 27.690647 0.000000 0.000000 
43.678394 -9.449142 9.128744 -0.809059 23.746651 0.000000 1.000000 
43.815102 -8.931064 -2.821151 -0.282166 23.882999 0.000000 1.000000 
41.362755 18.784981 2.738193 -4.112114 19.553753 0.000000 0.000000 
43.635349 15.321408 -0.003150 1.478912 21.306461 0.000000 0.000000 
43.828270 16.129498 -6.523544 -1.911644 18.358961 0.000000 0.000000 
46.620972 7.866847 -2.525754 18.716202 33.415623 0.000000 0.000000 
46.657814 8.206367 -4.545644 19.931770 35.058510 0.000000 0.000000 
47.350506 6.923056 10.752312 -2.153496 20.546307 0.000000 0.000000 
47.562916 7.073073 -2.352497 5.569901 25.351418 0.000000 0.000000 
48.540325 6.117547 -5.567575 1.184189 21.100531 0.000000 0.000000 
46.618484 16.731735 1.569014 14.943604 31.699615 0.000000 0.000000 
46.674442 16.656212 1.337992 13.627136 31.118031 0.000000 0.000000 
47.563988 15.272727 -2.286264 9.115616 25.514194 0.000000 0.000000 
47.783073 14.658815 -0.430472 4.153594 21.930387 0.000000 0.000000 
48.017448 -16.614380 3.056528 0.041214 19.320910 0.000000 0.000000 
48.610809 15.321954 3.115060 2.021127 19.882160 0.000000 0.000000 
50.339275 9.981818 -0.958764 13.588692 32.711353 0.000000 0.000000 
50.183231 10.678522 0.150007 9.963699 29.536873 0.000000 0.000000 
50.553802 14.016889 -1.918216 2.785049 18.800179 0.000000 0.000000 
50.515144 14.194045 -3.258028 3.806664 20.028343 0.000000 0.000000 
52.639454 8.684545 0.200766 13.266319 32.543560 0.000000 0.000000 
52.558510 9.117512 0.182472 16.161774 32.460106 0.000000 0.000000 
52.545139 9.413324 0.377978 18.595200 32.240002 0.000000 0.000000 
52.699738 8.620939 0.014074 15.423096 33.155384 0.000000 0.000000 
53.368118 10.774529 0.512756 0.588936 18.336174 0.000000 0.000000 
53.663738 9.920279 -1.716995 2.293251 18.528719 0.000000 0.000000 
54.916344 7.050614 -0.418168 22.578209 37.895073 0.000000 0.000000 
54.966568 7.077653 -0.758015 19.804504 33.853535 0.000000 0.000000 
10.383805 -54.954105 3.555478 13.006065 32.872211 0.000000 0.000000 
25.126663 -51.265690 2.925409 2.157303 22.633541 0.000000 1.000000 
61.531506 -10.489393 -0.783714 -0.826126 17.072075 0.000000 0.000000 
62.007397 -8.930227 3.151763 9.136940 25.643238 0.000000 0.000000 
62.055710 -8.983565 3.397891 9.295410 25.357140 0.000000 0.000000 
62.016354 -10.670481 2.529450 4.576958 20.824797 0.000000 0.000000 
61.967087 -11.782609 1.380498 4.547737 22.052807 0.000000 0.000000 
63.990765 -9.994936 1.300590 3.737724 21.058109 0.000000 1.000000 
57.623932 -31.780159 3.851953 15.457176 27.729595 0.000000 0.000000 
57.911411 -31.961300 3.815149 5.054314 20.608835 0.000000 0.000000 
57.720211 -32.346180 4.021603 3.871010 20.604832 0.000000 0.000000 
66.302048 10.056413 0.581784 5.646393 19.354683 0.000000 0.000000 
66.736465 -10.552739 -1.304622 10.265564 28.185349 0.000000 0.000000 
66.745140 -10.730266 -0.277123 14.791679 30.195581 0.000000 0.000000 
67.584343 -11.323178 6.548113 2.718445 17.917162 0.000000 0.000000 
67.760086 11.286630 -2.500725 4.553185 18.986469 0.000000 0.000000 
67.773705 13.077191 2.019463 22.833176 32.359009 0.000000 0.000000 
67.966644 12.671978 1.693182 24.640663 35.038582 0.000000 0.000000 
69.552429 -5.918128 6.285733 4.419891 22.415016 1.000000 1.000000 
69.825981 -10.444150 7.484366 2.258110 16.597406 0.000000 0.000000 
68.333870 17.234505 -1.012635 4.919502 16.757656 0.000000 0.000000 
68.914902 15.424186 -2.718294 2.142311 16.430595 0.000000 0.000000 
70.378258 -9.698033 -5.170152 5.051483 20.810154 0.000000 0.000000 
70.317963 -10.391377 -6.301681 9.785988 25.596775 0.000000 0.000000 
70.421211 -10.648115 -6.593463 4.388367 20.006042 0.000000 0.000000 
70.400398 9.678365 0.165339 10.356544 24.016544 0.000000 0.000000 
70.340759 10.108514 0.993028 11.688843 23.415977 0.000000 0.000000 
70.361427 10.291827 1.447691 7.037178 18.161819 0.000000 0.000000 
57.863056 -43.345062 5.236178 13.082870 26.485493 0.000000 0.000000 
72.559158 9.071630 -0.175548 29.233101 39.071499 0.000000 0.000000 
72.635384 8.921517 0.151665 25.871147 35.227283 0.000000 0.000000 
74.852577 6.350519 -4.491506 12.147377 24.280476 0.000000 0.000000 
74.889771 6.859977 -2.951663 16.167198 26.823187 0.000000 0.000000 
74.764343 8.620624 -2.332441 7.568176 20.901821 0.000000 0.000000 
56.308365 -52.315834 2.390311 14.203094 25.481863 0.000000 0.000000 
56.301895 -52.462818 0.566291 16.540230 28.332720 0.000000 0.000000 
76.733223 8.284242 -1.122404 15.378159 26.733446 0.000000 0.000000 
76.865425 7.549788 -2.373938 14.374626 25.562880 0.000000 0.000000 
8.918305 -77.119385 -0.437497 10.552422 24.566593 0.000000 0.000000 
8.301528 -77.196846 -1.193080 14.433083 27.710236 0.000000 0.000000 
78.652084 8.533788 -1.711441 20.400894 30.571552 0.000000 0.000000 
78.860352 8.095779 -2.246176 19.033600 29.077183 0.000000 0.000000 
80.625000 8.022817 -3.570557 13.499023 22.910814 0.000000 0.000000 
80.701866 8.640062 -1.474806 15.004654 25.686159 0.000000 0.000000 
80.760933 8.601899 -1.405909 11.465630 22.776300 0.000000 0.000000 
55.571320 -64.323051 4.828502 9.378259 17.049950 0.000000 0.000000 
84.467743 10.565783 -0.584928 10.043129 22.870747 0.000000 0.000000 
86.336540 10.724983 1.839552 13.584236 21.768269 0.000000 0.000000 
86.378372 10.762067 1.893657 12.975334 20.657995 0.000000 0.000000 
57.679344 -67.841919 5.408185 18.125076 25.574631 0.000000 0.000000 
57.868122 -67.761795 5.827372 17.157120 24.350452 0.000000 0.000000 
88.516365 10.319674 3.810846 13.702972 22.659788 0.000000 0.000000 
88.530891 10.232008 2.108653 17.249214 24.514553 0.000000 0.000000 
89.463196 -1.654627 -2.017374 5.223312 16.250870 0.000000 0.000000 
89.226151 -9.961514 9.575581 7.335175 21.878498 0.000000 0.000000 
89.340218 -9.187340 10.428669 7.070679 21.413729 0.000000 0.000000 
90.498070 9.722246 1.158841 21.657059 28.765919 0.000000 0.000000 
90.607445 10.068138 1.345180 24.761711 31.461060 0.000000 0.000000 
91.026978 -12.104974 6.886958 9.905510 23.429951 0.000000 0.000000 
90.923004 -13.292589 8.261563 6.310318 19.576620 0.000000 0.000000 
91.231339 -11.185486 8.037105 8.805519 22.825262 0.000000 0.000000 
91.079948 -12.501062 8.341175 8.930748 23.424057 0.000000 0.000000 
91.328552 -12.790939 10.379838 12.629051 23.391197 0.000000 0.000000 
91.417030 -12.221725 14.595879 14.488602 24.404604 0.000000 0.000000 
91.483566 -12.387029 11.614829 8.567993 20.381376 0.000000 0.000000 
91.547951 -12.427469 15.184156 11.307671 22.776749 0.000000 0.000000 
91.875923 -12.514145 11.968756 8.594421 19.511740 0.000000 0.000000 
92.787552 7.972681 -1.041756 19.265213 27.667284 0.000000 0.000000 
92.837837 7.967086 -1.801503 17.320786 24.672224 0.000000 0.000000 
96.283722 -12.303867 7.250416 8.286430 18.879158 0.000000 0.000000 
97.483978 -12.117468 8.680033 7.683074 16.557709 0.000000 0.000000 
102.652473 8.342310 1.330240 6.917633 16.008383 0.000000 0.000000 
108.472496 -10.296462 9.443008 10.871986 16.842249 0.000000 0.000000 
108.545731 -9.736016 9.686713 11.546097 17.043840 0.000000 0.000000 
107.726562 16.594070 0.367972 16.633919 21.425497 0.000000 0.000000 
107.856850 16.263935 -1.106683 11.892868 17.927818 0.000000 0.000000 
113.231804 -7.951536 11.372655 8.415689 18.017214 0.000000 0.000000 
113.505333 -9.060928 11.962990 12.862289 17.905861 0.000000 0.000000 
113.524208 -9.179564 15.824830 15.986168 20.432804 0.000000 0.000000 
113.693031 -7.936372 16.520855 9.164819 14.671427 0.000000 0.000000 
113.827950 -8.297539 16.807024 11.031921 18.501766 0.000000 0.000000 
7.189599 -115.929390 -3.041921 10.762863 17.088692 0.000000 0.000000 
58.468277 -102.191299 5.201912 11.386017 20.676279 0.000000 0.000000 
118.247566 3.850163 1.418758 12.362259 24.261402 0.000000 0.000000 
118.494987 1.438590 2.905269 9.722740 19.021334 0.000000 0.000000 
6.501307 -118.856956 2.277956 4.719398 13.672323 0.000000 0.000000 
118.606148 8.553344 -6.049214 13.272728 17.371288 0.000000 0.000000 
118.868622 8.038932 -5.893082 12.798676 18.253050 0.000000 0.000000 
118.788147 9.461581 -3.793627 13.547852 18.548714 0.000000 0.000000 
119.892593 1.739544 0.502181 9.889389 15.815987 0.000000 0.000000 
124.667137 7.769752 -5.088591 11.332970 15.802317 0.000000 0.000000 
7.561803 -125.833153 4.320070 10.868233 14.200171 0.000000 0.000000 
127.355751 17.130260 2.783726 20.044220 21.218990 0.000000 0.000000 
9.812950 -129.326813 -1.508512 13.078781 16.276491 0.000000 0.000000 
133.000183 -12.511167 4.338699 9.544273 15.308180 0.000000 0.000000 
7.957405 -134.363602 1.399417 16.890663 19.160154 0.000000 0.000000 
5.958892 -135.692825 -1.695770 13.596619 17.820574 0.000000 0.000000 
136.755508 9.768407 -5.345102 16.023903 17.769676 0.000000 0.000000 
138.173218 12.828723 -0.006074 19.551994 21.444931 0.000000 0.000000 
7.053011 -140.838821 -1.512574 12.023170 14.302357 0.000000 0.000000 
140.428391 10.932319 -4.441439 15.478111 15.049595 0.000000 0.000000 
8.325363 -142.134933 -6.079048 13.565598 16.023565 0.000000 0.000000 
142.271561 12.993474 1.089846 20.325729 22.081676 0.000000 0.000000 
8.157594 -143.377274 0.517024 22.479477 24.690937 0.000000 0.000000 
7.968474 -143.858444 -1.126810 10.640419 14.178308 0.000000 0.000000 
7.211070 -144.663528 -3.724801 21.426361 22.614002 0.000000 0.000000 
7.247067 -145.891632 -3.468122 19.730736 21.519205 0.000000 0.000000 
146.378464 12.915708 8.322465 21.949043 21.942070 0.000000 0.000000 
7.655792 -147.105743 -1.181231 24.768776 26.636124 0.000000 0.000000 
8.469860 -148.295059 -3.540834 21.512985 22.575371 0.000000 0.000000 
148.471771 12.577671 1.555299 18.004028 18.299162 0.000000 0.000000 
7.141003 -149.588303 -4.181982 17.591606 18.799866 0.000000 0.000000 
150.242493 12.313631 -0.709176 16.157448 15.084682 0.000000 0.000000 
150.546722 12.175494 7.287028 16.607224 16.736183 0.000000 0.000000 
9.451614 -151.113708 -2.083479 11.754799 14.183098 0.000000 0.000000 
57.831203 -158.984024 4.054099 15.940750 15.995369 0.000000 0.000000 
8.370009 -173.344620 -7.813682 19.863487 19.641665 0.000000 0.000000 
175.985123 65.269119 19.119070 34.126472 27.129393 0.000000 0.000000 
185.810837 63.351486 17.844913 23.808563 16.886110 0.000000 0.000000 
193.286484 61.694942 6.242408 19.512352 13.328831 0.000000 0.000000 
3.015304 10.544279 0.078756 -31.694923 10.395359 1.000000 1.000000 
2.291900 12.323967 0.383586 -16.071228 32.300236 0.000000 0.000000 
2.026467 12.473783 -0.065669 -35.189301 15.013792 1.000000 1.000000 
2.217383 12.839871 -1.012364 -11.500481 35.299511 0.000000 0.000000 
2.198351 13.102386 -1.157060 -10.858643 33.263481 0.000000 0.000000 
2.278203 13.529013 -0.077848 -2.206947 37.856323 0.000000 0.000000 
2.362709 13.953216 -0.107004 -0.103134 41.249115 0.000000 0.000000 
2.123206 14.168992 -0.111848 -28.041786 12.690990 1.000000 1.000000 
2.480856 14.264749 0.106352 -31.136467 10.325066 1.000000 1.000000 
2.324271 14.383275 -0.156076 3.057495 43.011040 0.000000 0.000000 
2.313264 14.394687 -0.161400 0.256905 39.868168 0.000000 0.000000 
2.302040 14.494855 -0.149703 2.094933 41.076683 0.000000 0.000000 
2.349413 14.843674 -0.127010 -3.589745 35.282234 0.000000 0.000000 
2.379924 14.949404 -0.074446 -32.155899 12.531727 1.000000 1.000000 
2.269764 15.183232 0.136681 -9.620346 35.204445 0.000000 0.000000 
2.274138 15.287062 0.183919 -12.981308 36.053268 0.000000 0.000000 
2.318720 15.722512 0.325212 -6.590019 35.306370 0.000000 0.000000 
2.330815 15.826851 0.251958 -7.863052 32.016148 0.000000 0.000000 
2.063526 16.322235 -0.314340 -18.412346 24.874041 1.000000 1.000000 
2.337123 16.605671 -0.066225 -7.482491 35.724625 0.000000 0.000000 
2.334525 16.714125 -0.015931 -5.715630 34.518227 0.000000 0.000000 
2.212182 16.738096 0.249340 -17.979309 26.909105 0.000000 0.000000 
11.432086 10.404514 -1.766769 -14.356049 12.522648 1.000000 1.000000 
2.210663 17.206013 -0.038625 -18.211227 28.180511 0.000000 0.000000 
2.272030 17.514252 -0.158542 -3.543007 36.382126 0.000000 0.000000 
2.286844 17.535812 -0.085426 -3.280029 36.216389 0.000000 0.000000 
2.305722 17.949795 0.317930 -6.650101 30.962482 0.000000 0.000000 
2.402712 18.235210 -0.176831 -11.843880 27.263447 1.000000 1.000000 
2.343639 18.265644 0.337302 -4.082077 30.624552 0.000000 0.000000 
2.335934 18.361786 -1.350299 -6.028847 33.942104 0.000000 0.000000 
2.255287 18.701439 0.041872 -11.311081 26.828472 0.000000 0.000000 
2.245440 19.329119 0.292889 -8.155182 29.822571 0.000000 0.000000 
2.020856 19.479956 0.001831 -20.613907 15.844339 1.000000 1.000000 
2.352072 19.499590 -0.253191 -27.394730 11.108734 1.000000 1.000000 
2.181566 19.742161 -0.053640 3.393837 39.631443 0.000000 0.000000 
2.218124 19.873775 0.172276 2.955148 39.039120 0.000000 0.000000 
2.169540 20.434126 0.352532 -4.112793 32.657059 0.000000 0.000000 
2.259958 20.449867 -0.098461 -1.071014 37.178837 1.000000 1.000000 
2.148914 20.577028 -0.550455 8.364586 45.608696 0.000000 0.000000 
2.193652 21.000839 -0.478037 5.461578 41.596069 0.000000 0.000000 
2.229697 21.027493 -0.430635 -0.366676 33.489643 0.000000 0.000000 
-6.543062 22.879086 0.219138 -6.819733 27.066364 0.000000 0.000000 
-6.541406 23.084570 0.303983 -6.752769 29.890554 0.000000 0.000000 
-7.036579 23.368217 0.288739 -10.966721 28.709497 0.000000 0.000000 
-6.921236 24.091145 0.341043 -7.952614 25.772934 1.000000 1.000000 
-7.462543 24.123476 0.587522 -14.250824 25.159502 0.000000 0.000000 
-7.352298 24.175970 0.520113 -12.174911 26.568573 0.000000 0.000000 
7.818593 24.469662 -2.623972 -14.904854 23.400097 0.000000 0.000000 
-4.667248 26.232813 -0.237696 -16.152870 25.769785 0.000000 0.000000 
11.539769 23.637714 -3.095244 -8.562363 26.837255 0.000000 0.000000 
3.333312 26.540009 0.004573 -12.879471 25.001339 0.000000 0.000000 
3.367257 27.387699 -4.169372 -17.081223 24.477156 0.000000 0.000000 
-10.111170 25.437550 -3.543559 -11.424812 24.677469 0.000000 0.000000 
-6.441644 26.854731 0.874856 -21.089027 19.872889 0.000000 0.000000 
-6.507715 27.150640 0.853456 -16.475197 24.317936 0.000000 0.000000 
-7.409367 26.897652 1.530641 -14.331375 24.937126 0.000000 0.000000 
22.667906 13.476972 6.504882 4.814697 25.179575 0.000000 1.000000 
-7.151976 27.431746 7.814463 -13.138023 26.203903 0.000000 0.000000 
7.347288 27.739546 2.753628 -12.311378 24.250362 0.000000 0.000000 
7.650738 27.720402 3.494719 -13.660355 25.303970 0.000000 0.000000 
12.608799 25.543270 5.678462 -11.032890 22.886761 0.000000 0.000000 
19.621046 20.058815 -3.112356 -1.665230 20.886221 0.000000 1.000000 
7.831734 28.852417 11.187694 -13.734076 23.467062 0.000000 0.000000 
0.604980 30.416927 -1.054902 -21.002777 20.228428 0.000000 0.000000 
8.610703 29.234449 4.170263 -6.248985 28.156240 0.000000 0.000000 
8.632748 29.370049 2.785512 -15.630226 22.293642 0.000000 0.000000 
8.812155 29.320953 3.754847 -6.824509 26.699163 0.000000 0.000000 
8.563486 29.692123 3.257940 -13.374228 23.568476 0.000000 0.000000 
-13.928663 27.822704 0.566732 -9.926758 24.583813 0.000000 0.000000 
6.818690 31.064396 6.138778 -17.424835 23.717857 0.000000 0.000000 
5.690619 31.401011 0.545219 -14.483275 21.056240 0.000000 0.000000 
10.345762 30.402582 8.467909 -17.635201 20.002230 0.000000 0.000000 
6.892196 31.717913 2.301655 -14.415123 21.075785 1.000000 1.000000 
9.098401 31.333096 8.077292 -15.038100 21.792858 0.000000 0.000000 
7.120804 31.922876 -0.069213 -17.290390 22.926767 0.000000 0.000000 
6.916688 32.308319 2.247106 -1.818207 32.058475 0.000000 0.000000 
7.030383 32.380043 2.348850 -1.231827 32.708534 0.000000 0.000000 
7.810513 32.191727 -0.030695 -13.971405 22.666052 0.000000 0.000000 
6.775583 32.692554 -0.793088 -17.799583 16.750086 1.000000 1.000000 
6.973904 32.839958 12.732294 -13.852608 25.704939 0.000000 0.000000 
6.370083 32.999107 4.624443 -14.247414 22.397654 0.000000 0.000000 
6.914593 33.237125 5.204996 -14.230263 20.565863 0.000000 0.000000 
7.234105 33.225357 -8.722342 -12.605919 24.136297 0.000000 0.000000 
6.903732 33.750301 -0.890701 -1.129112 32.569290 0.000000 0.000000 
6.919415 33.881832 -0.956458 -3.545441 30.390091 0.000000 0.000000 
7.841568 34.413780 3.235514 -11.200027 23.379881 0.000000 0.000000 
7.135183 34.677101 11.798299 -10.070221 23.565599 0.000000 0.000000 
5.195161 35.249214 9.959580 -19.586098 18.745117 0.000000 0.000000 
6.241909 35.111195 5.765429 -17.501930 17.784100 1.000000 1.000000 
6.977841 35.048599 11.411674 -12.366241 22.628576 0.000000 0.000000 
5.731403 35.328308 4.037354 -10.425255 24.636913 0.000000 0.000000 
5.971884 35.522522 4.152569 -12.408318 21.136406 0.000000 0.000000 
8.467118 35.138626 1.969204 -6.265877 28.872984 0.000000 0.000000 
6.548732 36.036022 1.474498 -12.907112 23.331139 0.000000 0.000000 
6.457843 36.081055 -2.623191 -12.865692 24.877575 0.000000 0.000000 
6.474122 36.332020 3.815098 -5.477814 28.271137 0.000000 0.000000 
6.449045 36.457985 6.258501 -10.109428 24.664022 0.000000 0.000000 
6.390587 36.583012 -9.030097 -12.106697 21.813105 0.000000 0.000000 
6.248173 36.830891 0.652863 -8.635422 23.187494 0.000000 0.000000 
6.381995 36.816101 8.823736 -8.265976 22.577946 0.000000 0.000000 
-19.619375 31.323435 6.209841 -8.131851 20.666592 0.000000 0.000000 
6.452472 37.385330 -1.867143 -16.448402 21.054340 0.000000 0.000000 
6.146026 37.704506 0.834725 -20.571129 16.610718 0.000000 0.000000 
22.530621 30.345625 1.113060 0.700127 21.412220 0.000000 0.000000 
23.099493 29.891191 1.455811 -7.608620 16.518593 0.000000 0.000000 
22.864971 30.099966 0.255509 -5.763771 16.346821 0.000000 0.000000 
22.095266 31.018538 0.292849 0.828506 21.390333 0.000000 0.000000 
6.287708 38.673004 9.459703 -17.746925 18.608263 0.000000 0.000000 
17.547958 34.635384 4.553223 -11.952408 19.168259 0.000000 0.000000 
7.433826 38.983353 0.027879 -14.423355 20.055964 0.000000 0.000000 
23.088516 31.511473 0.809399 -3.702454 17.525415 1.000000 1.000000 
7.130842 39.339092 -0.254381 -12.826820 20.349443 0.000000 0.000000 
5.983868 39.662113 0.060262 -20.754631 17.658295 0.000000 0.000000 
5.631985 40.601784 6.209319 -16.568146 19.366211 0.000000 0.000000 
6.438575 41.331398 5.382222 -18.942268 18.404856 0.000000 0.000000 
13.279971 39.515980 -0.332866 -16.647835 17.208330 0.000000 0.000000 
7.259082 41.291481 -0.975093 -16.167534 18.173597 1.000000 1.000000 
8.598949 41.308495 3.429087 -18.143723 16.936802 0.000000 0.000000 
8.873405 41.321270 3.426480 -10.303001 19.779158 0.000000 0.000000 
6.840330 41.781532 -1.057451 -16.531357 19.627716 0.000000 0.000000 
7.153517 41.731007 -1.221714 -8.165894 23.292171 0.000000 0.000000 
7.533466 41.768169 -1.019950 -9.857201 21.858103 0.000000 0.000000 
7.464369 41.995945 -0.893062 -8.654724 24.146471 0.000000 0.000000 
8.625832 41.781246 3.852461 -12.769569 21.128061 0.000000 0.000000 
4.398739 42.915356 0.381554 -17.104431 17.672012 0.000000 0.000000 
5.165769 42.829865 -0.641671 -7.808205 22.444351 0.000000 0.000000 
5.107666 42.848503 -0.679565 -10.295578 21.225950 0.000000 0.000000 
5.140841 42.947906 -0.745901 -19.657242 13.356533 1.000000 1.000000 
5.270774 43.164135 -0.637003 -14.382751 19.364477 0.000000 0.000000 
5.201345 43.581249 -0.544216 -8.450447 21.147755 0.000000 0.000000 
5.306242 43.607143 -0.515041 -5.877792 22.409842 0.000000 0.000000 
5.285886 43.628441 -0.580743 -15.960022 16.439281 0.000000 0.000000 
5.331869 43.680279 -0.353020 -13.032845 18.853516 0.000000 0.000000 
5.347716 43.708626 -0.474249 -7.952957 21.882381 0.000000 0.000000 
5.456857 44.034008 -0.585576 -19.335503 12.246243 1.000000 1.000000 
5.056665 44.086613 -0.358367 -13.794365 17.655489 0.000000 0.000000 
5.192042 44.136215 -0.599735 -12.838730 19.507923 0.000000 0.000000 
7.368073 43.836887 2.610537 -12.045448 22.529083 0.000000 0.000000 
5.006516 44.341255 -0.763316 -18.183456 16.777988 0.000000 0.000000 
7.520904 43.995258 2.832768 -4.965096 27.342308 0.000000 0.000000 
7.423092 44.143024 5.251171 -9.789558 20.030201 0.000000 0.000000 
7.931466 44.096752 3.138313 -12.503769 22.388004 0.000000 0.000000 
7.482788 44.246349 5.403350 -8.463776 21.660725 0.000000 0.000000 
5.476105 44.912758 -0.531557 -13.921364 14.847101 1.000000 1.000000 
8.064128 44.531200 5.698381 -10.139763 18.705793 0.000000 0.000000 
6.254726 44.934795 6.125650 -18.634735 15.859789 0.000000 0.000000 
6.776811 44.922764 6.196766 -13.268150 19.180859 0.000000 0.000000 
13.083975 43.682503 4.563853 -15.626335 18.185764 0.000000 0.000000 
13.671098 43.662647 3.404117 -14.320915 15.616743 0.000000 0.000000 
37.966228 22.582947 6.176031 1.924324 14.710844 0.000000 0.000000 
7.954039 45.469517 -11.389882 -18.984177 15.356352 0.000000 0.000000 
7.157407 46.401413 6.431917 -12.200310 18.125870 0.000000 0.000000 
18.365467 42.900978 4.846209 -15.320679 14.590721 0.000000 0.000000 
8.006515 46.319206 7.167475 -16.460114 17.116217 0.000000 0.000000 
23.932692 40.323429 1.095251 -5.680344 18.482872 0.000000 0.000000 
-15.630912 44.721848 1.016379 -20.481247 11.712307 0.000000 0.000000 
6.846840 47.090492 10.969660 -12.633301 18.019217 0.000000 0.000000 
-15.094093 45.244225 1.456234 -16.902969 16.077187 0.000000 0.000000 
7.835318 47.237751 5.488704 -8.055237 21.678627 0.000000 0.000000 
36.737072 28.293028 1.696652 7.158599 19.678371 0.000000 0.000000 
7.329616 47.761173 3.174121 -7.825356 21.269474 0.000000 0.000000 
35.084045 31.557175 1.244475 16.488121 27.349369 0.000000 0.000000 
34.941368 31.832079 0.979605 9.549767 21.656811 0.000000 0.000000 
35.091129 31.922590 1.393638 15.331978 25.831898 0.000000 0.000000 
8.198926 48.055717 4.482347 -11.241318 21.507671 0.000000 0.000000 
34.819630 32.407097 1.159557 9.261108 21.029253 0.000000 0.000000 
-7.741333 48.238735 -0.935600 -17.747284 8.791420 1.000000 1.000000 
7.713151 48.459709 3.741925 -15.849303 19.384724 0.000000 0.000000 
7.484361 48.632099 -5.817555 -15.542686 17.138203 0.000000 0.000000 
-7.648467 48.679825 -0.868170 -4.245483 21.760777 1.000000 1.000000 
7.911713 48.671024 4.396880 -10.420311 19.769131 0.000000 0.000000 
8.466802 48.790081 4.060750 -16.194832 14.033953 0.000000 0.000000 
-9.188020 48.692551 -1.518207 -13.244965 13.713217 1.000000 0.000000 
8.379441 48.884407 4.333957 -14.503203 16.069542 0.000000 0.000000 
7.216527 49.128410 4.522744 -12.836990 16.729992 0.000000 0.000000 
-9.121948 48.790794 -1.445522 -15.209244 13.572956 1.000000 0.000000 
-9.183919 48.780834 -1.554254 -16.704094 11.213558 1.000000 1.000000 
-7.702732 49.113754 -1.012973 -5.256447 20.676136 1.000000 1.000000 
8.145587 49.080677 5.282697 -14.530022 13.922997 0.000000 0.000000 
8.147172 49.123924 5.066899 -12.696686 15.100613 0.000000 0.000000 
7.189095 49.500103 -6.419022 -15.130942 14.547829 0.000000 0.000000 
-7.789045 49.405071 -0.819644 3.526161 27.634165 1.000000 0.000000 
-7.827272 49.408546 -0.958919 3.225700 27.728613 1.000000 1.000000 
-7.901825 49.442146 -0.518569 7.628693 29.830000 1.000000 0.000000 
9.118435 49.248074 -0.577197 -14.126266 15.903687 0.000000 0.000000 
-6.991513 49.677917 0.116729 -20.189995 7.798221 1.000000 1.000000 
-7.857429 49.564503 -1.261235 -4.425308 20.604900 1.000000 1.000000 
-7.871292 49.563129 -1.054009 -7.174095 19.171223 1.000000 1.000000 
-7.280821 49.731171 -0.743153 -8.478722 16.797308 1.000000 1.000000 
-7.439714 49.807178 -0.948969 -5.434021 19.060120 1.000000 1.000000 
-7.796101 49.749737 -0.874597 2.663445 27.654135 1.000000 0.000000 
-7.841503 49.745674 -0.842641 0.419464 25.697298 1.000000 1.000000 
-7.807404 49.769688 -0.989669 -1.234116 23.177662 1.000000 0.000000 
-7.926511 49.798038 -1.147048 0.649719 25.954956 1.000000 1.000000 
-7.868165 49.822994 -0.939186 1.512497 26.331917 1.000000 0.000000 
-7.679871 49.846661 -0.877880 -13.740149 11.538898 1.000000 1.000000 
-7.938300 49.820374 -0.929319 -3.301750 22.527246 1.000000 1.000000 
-7.396158 49.926414 -0.925705 -4.546272 21.061876 1.000000 1.000000 
-7.388574 49.933384 -0.888422 -0.575302 23.991375 1.000000 0.000000 
-7.522293 49.919800 -0.959558 -0.469193 23.649761 1.000000 1.000000 
14.130606 48.340591 -0.599842 -12.648895 16.913902 0.000000 0.000000 
-7.825176 49.876392 -1.031123 -2.991791 23.325502 0.000000 0.000000 
-7.538302 49.918537 -0.813558 -2.456154 23.238516 1.000000 1.000000 
14.056921 48.431732 0.221452 -8.483902 15.555336 0.000000 0.000000 
-7.634636 50.003860 -1.123960 -9.508797 15.930786 1.000000 1.000000 
7.914664 49.996479 4.446442 -15.209334 11.571838 1.000000 1.000000 
-7.863223 49.986549 0.609307 -8.939972 14.496279 1.000000 1.000000 
-7.954022 50.110817 -1.101063 7.468163 31.605827 1.000000 0.000000 
-8.032503 50.124432 -0.539985 -0.311363 24.363758 1.000000 1.000000 
-8.027133 50.491074 -1.050094 -21.901703 6.753917 1.000000 1.000000 
-7.968224 50.505272 -0.843220 -20.990067 5.732151 1.000000 1.000000 
7.819415 50.634171 7.669920 -13.982628 15.479887 0.000000 0.000000 
-7.622778 50.660961 -0.767130 -9.005745 17.221014 1.000000 1.000000 
8.125808 50.622154 5.302970 -10.576889 20.530869 0.000000 0.000000 
-8.265862 50.618237 -1.589180 -21.731918 7.586990 1.000000 1.000000 
7.926533 51.039734 6.677993 -13.549339 13.928947 0.000000 0.000000 
7.828976 51.172577 5.696391 -6.146576 22.886810 0.000000 0.000000 
8.054579 51.156239 -7.362026 -9.138535 20.133429 0.000000 0.000000 
8.017788 51.916615 -7.764855 -15.577187 13.234787 1.000000 1.000000 
6.826635 52.107864 5.481301 -12.794579 15.295773 1.000000 1.000000 
7.958914 51.995995 13.222251 -17.251328 15.135532 0.000000 0.000000 
7.739329 52.962715 5.501376 -11.676682 18.245705 0.000000 0.000000 
7.080121 53.115231 5.755765 -11.842957 15.963717 0.000000 0.000000 
7.259515 53.330750 5.553408 -6.691055 20.142897 0.000000 0.000000 
6.561011 53.521824 5.729669 -11.881577 19.014837 0.000000 0.000000 
7.910395 53.362976 5.166021 -8.043579 19.877485 0.000000 0.000000 
7.314657 53.711952 5.567757 -5.872711 21.008774 0.000000 0.000000 
7.452217 53.807163 -7.698277 -8.692940 17.824457 0.000000 0.000000 
6.734317 53.963989 1.847931 -1.686119 25.512310 0.000000 0.000000 
7.530599 54.161148 2.868163 -8.283684 17.808775 0.000000 0.000000 
8.401303 54.128773 3.719784 -5.875237 21.776871 0.000000 0.000000 
7.513583 54.284245 3.801787 -7.048309 20.343390 0.000000 0.000000 
8.162363 54.209305 4.456517 -15.801834 16.311707 0.000000 0.000000 
6.484904 54.837048 4.732058 -9.949257 19.234955 0.000000 0.000000 
8.532463 54.555935 3.275785 -9.847061 19.309481 0.000000 0.000000 
8.343494 54.654083 3.337204 -11.633087 18.636101 0.000000 0.000000 
7.105460 54.959808 3.427944 -18.126884 10.212688 1.000000 1.000000 
6.664901 55.036274 5.395613 -9.442879 19.498388 0.000000 0.000000 
8.142863 54.861912 2.993985 -21.685310 5.106681 1.000000 1.000000 
6.946320 55.227657 6.128558 -7.035851 20.715982 0.000000 0.000000 
43.020851 32.969177 1.493831 7.240990 13.735750 1.000000 1.000000 
6.776456 55.454533 4.447536 -12.920311 15.921583 0.000000 0.000000 
11.163507 54.690315 3.174242 -14.609337 16.235212 0.000000 0.000000 
7.650271 55.571430 4.025278 -13.441292 20.441341 0.000000 0.000000 
6.887220 55.691010 -6.105255 -13.576172 17.054905 0.000000 0.000000 
7.020498 55.694622 4.856014 -11.298935 17.544905 0.000000 0.000000 
43.268757 33.399876 1.758890 8.642204 15.092314 1.000000 1.000000 
7.705906 55.689980 5.494687 -13.097183 18.324526 0.000000 0.000000 
6.740171 55.929028 4.869139 -13.120628 15.575970 0.000000 0.000000 
6.638185 56.153954 5.142826 -13.408333 18.477047 0.000000 0.000000 
44.044155 33.574959 1.883326 18.507683 22.103401 0.000000 0.000000 
44.492352 32.922119 1.933947 20.094643 25.193768 0.000000 0.000000 
44.204765 33.376106 1.916339 21.094894 24.849432 0.000000 0.000000 
44.885052 32.359344 1.788471 16.708710 22.813850 0.000000 0.000000 
43.342804 34.711037 1.041525 6.883888 16.359503 0.000000 0.000000 
6.990095 56.898804 4.190509 -13.220329 17.026976 0.000000 0.000000 
6.745874 57.029068 6.095898 -11.692818 18.154110 0.000000 0.000000 
6.821418 57.315651 -6.969748 -12.502060 16.145107 0.000000 0.000000 
7.623201 57.281055 5.997525 -15.493674 14.905792 0.000000 0.000000 
5.894328 57.660305 9.476766 -8.686333 16.369186 1.000000 1.000000 
7.824359 57.839512 5.933785 -9.348595 17.364403 0.000000 0.000000 
7.844140 57.844658 4.907372 -12.402779 15.192101 0.000000 0.000000 
7.312558 58.065514 5.836030 -5.187836 21.161427 0.000000 0.000000 
7.674674 58.201492 7.296242 -10.518379 16.902849 0.000000 0.000000 
6.221435 58.762600 10.060350 -6.222679 17.870237 0.000000 0.000000 
6.011147 58.828754 9.859250 -8.026306 20.487516 0.000000 0.000000 
6.072443 58.913651 3.046829 -6.106224 20.563389 0.000000 0.000000 
7.445319 58.825047 6.970086 -11.945068 15.482574 0.000000 0.000000 
7.280115 59.124355 0.436904 -15.031119 14.282259 0.000000 0.000000 
7.749002 59.077827 4.459235 -9.529778 17.575651 0.000000 0.000000 
7.120419 59.582699 8.390470 -9.257034 16.726467 0.000000 0.000000 
7.361635 59.576347 9.138431 -9.436195 15.837421 0.000000 0.000000 
7.268509 59.598015 2.807649 -11.331909 14.990131 0.000000 0.000000 
8.078874 59.775112 5.087775 -19.757271 9.840897 1.000000 1.000000 
8.135708 59.850029 8.096156 -13.265762 14.232014 0.000000 0.000000 
8.329018 59.850826 -9.465331 -11.957001 16.971592 0.000000 0.000000 
7.846882 59.993160 15.108691 -13.425087 12.769650 0.000000 0.000000 
7.043466 60.129997 8.670955 -14.500008 11.581757 0.000000 0.000000 
9.204193 60.178829 8.282465 -12.875175 13.930059 0.000000 0.000000 
8.270119 60.373665 7.282268 -19.466110 10.610455 0.000000 0.000000 
7.372865 60.847809 4.546499 -13.295517 13.901987 0.000000 0.000000 
8.081123 60.883930 3.577375 -16.033218 10.639515 0.000000 0.000000 
-7.608946 61.145657 -1.220693 -0.173462 23.785105 0.000000 0.000000 
-7.617177 61.159275 -1.341515 -0.525711 23.574852 0.000000 0.000000 
-7.599597 61.260216 -1.276967 2.191299 26.966881 0.000000 0.000000 
-7.679905 61.250530 -1.534963 -5.626656 20.143023 0.000000 0.000000 
6.258722 61.803234 7.160603 -13.358452 14.382046 0.000000 0.000000 
6.684079 61.841812 7.857166 -17.312981 11.213181 0.000000 0.000000 
-8.128924 61.857346 -0.877361 -13.730339 13.975731 0.000000 0.000000 
-8.333881 62.015560 -1.148503 -15.352936 12.648540 0.000000 0.000000 
-7.958670 62.074913 -0.878906 -16.890015 12.900030 0.000000 0.000000 
26.972115 57.510860 6.561585 -6.591232 14.030670 0.000000 0.000000 
10.258638 63.121178 7.935701 -16.859161 11.349258 0.000000 0.000000 
15.908036 62.215015 4.235246 -13.622169 10.869026 0.000000 0.000000 
15.890178 62.239719 3.596153 -15.551375 11.045647 0.000000 0.000000 
16.065977 62.655392 0.528617 -15.536522 10.078773 0.000000 0.000000 
-23.162405 60.326237 9.691473 -15.743996 8.914379 1.000000 1.000000 
31.646492 56.426373 3.050006 -15.820212 9.521523 0.000000 0.000000 
16.569122 64.174973 0.972679 -11.710724 12.512619 1.000000 1.000000 
14.666327 65.362595 0.307840 -17.285133 8.992569 0.000000 0.000000 
-23.671465 63.348164 0.265382 -16.794075 7.021495 0.000000 0.000000 
-12.594802 66.666138 0.715437 -16.827271 9.602749 1.000000 1.000000 
-12.940159 67.237823 -0.616725 -13.574669 13.136898 0.000000 0.000000 
-12.730551 67.302643 2.165914 -16.202042 10.464012 0.000000 0.000000 
-12.640428 67.336533 1.207684 -11.535263 12.771648 0.000000 0.000000 
-12.654356 67.389694 1.821370 -11.836914 14.050074 0.000000 0.000000 
22.536453 65.078445 1.177232 -16.736610 9.580624 0.000000 0.000000 
43.355038 53.225502 2.226737 -2.886658 12.806120 0.000000 0.000000 
7.999528 69.264328 1.202501 -22.733871 5.129165 1.000000 1.000000 
43.579529 53.520767 1.784893 -5.711250 8.573833 0.000000 0.000000 
45.948322 51.357895 -3.176670 0.079010 9.782665 0.000000 0.000000 
45.297894 52.018162 2.894802 9.577209 17.473627 0.000000 0.000000 
45.217701 52.118393 3.357673 4.295380 13.380924 0.000000 0.000000 
45.402878 52.106400 3.643409 7.037231 14.965481 0.000000 0.000000 
8.408252 69.657509 1.465530 3.161980 24.068264 0.000000 0.000000 
8.372363 69.858292 1.265160 -13.744812 13.315378 0.000000 0.000000 
8.363615 69.876160 1.568361 5.587135 27.628839 0.000000 0.000000 
7.474106 70.064560 1.932923 -14.224716 13.707985 0.000000 0.000000 
8.334164 70.178596 1.994640 -8.211197 14.447060 0.000000 0.000000 
8.950901 70.350716 -0.546552 -12.994499 14.318069 0.000000 0.000000 
8.557202 70.932083 1.585674 -1.444412 19.270447 1.000000 1.000000 
47.357941 52.333733 -5.171277 8.269380 18.572508 0.000000 0.000000 
9.693839 70.998199 4.056201 -10.956879 17.523867 0.000000 0.000000 
-13.662424 70.637558 1.644400 -11.791367 13.688494 0.000000 0.000000 
47.537819 52.792580 -4.591534 2.220192 12.052383 0.000000 0.000000 
9.044764 71.550552 3.060596 -13.239510 14.814871 0.000000 0.000000 
-35.997311 62.233932 3.499104 2.985924 17.946545 0.000000 0.000000 
-36.338348 62.138519 3.783768 2.855957 19.565607 0.000000 0.000000 
-36.131001 62.284401 3.539094 0.741554 17.093229 0.000000 0.000000 
-29.016930 66.201500 2.905651 -4.976044 13.830587 1.000000 1.000000 
9.413735 72.022995 3.628968 -16.457230 10.174564 1.000000 1.000000 
9.829945 72.364578 3.002935 -14.329422 10.154774 0.000000 0.000000 
49.822292 52.094730 11.055964 -2.917625 8.887657 0.000000 0.000000 
9.544380 72.546051 2.936025 -12.059326 14.192177 0.000000 0.000000 
9.244044 72.705322 3.925069 -17.046280 7.806171 1.000000 1.000000 
-29.193661 66.915993 12.705220 -4.790123 15.529871 0.000000 0.000000 
9.359677 72.751282 2.840134 -11.229195 14.280632 0.000000 0.000000 
8.988122 72.856987 5.026492 -9.102371 15.319532 0.000000 0.000000 
-29.214415 67.071289 2.889809 -2.130989 16.499535 0.000000 0.000000 
-29.532280 67.321762 2.017613 -2.161545 16.960480 0.000000 0.000000 
-29.889069 67.171387 3.471104 -0.679382 17.223511 0.000000 0.000000 
-9.657887 73.312073 3.922113 0.578499 21.440840 0.000000 0.000000 
-9.825836 73.343498 4.571207 -2.451149 19.030500 0.000000 0.000000 
-9.685809 73.372688 4.472100 -2.678604 19.635452 0.000000 0.000000 
-31.195921 66.738914 3.429798 4.148148 23.497419 0.000000 0.000000 
-30.856327 67.169632 3.229552 2.560669 23.358017 0.000000 0.000000 
-31.390318 66.919113 3.540800 2.197647 22.126390 0.000000 0.000000 
-44.376289 58.933945 17.688589 -2.244202 15.122990 0.000000 1.000000 
26.197910 69.701180 -0.617766 -4.940628 20.253216 0.000000 1.000000 
-29.532913 68.313019 5.436069 3.452492 23.182556 0.000000 0.000000 
-29.457006 68.669212 5.127814 -4.760704 15.597794 0.000000 0.000000 
-30.332104 68.376579 6.283126 -1.422966 18.255569 0.000000 0.000000 
-31.144783 68.060654 5.068438 -4.634697 15.339273 0.000000 0.000000 
-10.091468 74.827965 5.133263 -5.417160 20.441330 0.000000 0.000000 
-9.989406 74.892342 5.609468 -4.204025 20.906666 0.000000 0.000000 
-9.800059 74.960373 4.239778 -5.069054 19.984636 0.000000 0.000000 
-9.596290 75.359848 7.007165 -6.122238 16.585966 0.000000 0.000000 
-10.074630 75.317177 6.270989 -7.944466 18.467857 0.000000 0.000000 
-10.337690 75.418205 5.140710 -3.888710 19.422977 0.000000 0.000000 
-22.945536 72.737373 10.347526 -5.277100 16.988762 0.000000 0.000000 
-9.904008 76.059669 4.961827 -9.877687 12.124371 0.000000 0.000000 
8.801287 76.369843 2.376364 -8.537201 16.351301 0.000000 0.000000 
7.522636 76.634880 0.586646 -9.115501 15.963663 0.000000 0.000000 
8.580438 76.556236 0.904027 -6.001297 18.483837 0.000000 0.000000 
8.276938 76.754356 10.678459 -12.997627 13.487558 0.000000 0.000000 
-22.331223 73.766228 10.540042 -5.024612 13.877165 1.000000 1.000000 
-9.732098 76.664177 11.587326 -8.808464 16.589275 0.000000 0.000000 
68.870056 29.480896 9.701419 9.856155 13.650131 0.000000 0.000000 
-23.011900 74.539856 10.834314 -11.228790 11.394272 0.000000 0.000000 
-22.683809 74.689926 10.693165 2.109070 21.352802 0.000000 0.000000 
-22.725271 74.990784 10.746428 0.735107 19.018677 0.000000 0.000000 
-22.517086 75.078522 11.119793 -3.727348 16.325003 0.000000 0.000000 
11.151754 77.834908 4.395860 -12.597115 10.319229 0.000000 1.000000 
10.885448 77.958160 12.127666 -17.540268 7.143676 0.000000 0.000000 
55.564770 54.136585 2.425415 1.676750 6.818023 1.000000 1.000000 
-22.788240 75.399628 10.720714 -2.652298 17.324196 1.000000 1.000000 
-35.106087 70.351776 -0.276856 -11.455864 9.660095 0.000000 0.000000 
55.820915 54.709171 1.891217 12.856560 16.752949 0.000000 0.000000 
56.015751 54.618118 2.085667 5.462463 10.411175 1.000000 1.000000 
55.842182 54.840878 1.814559 12.093597 17.349205 0.000000 0.000000 
58.821983 52.454807 -5.204398 15.607727 18.585091 0.000000 0.000000 
58.854225 52.528584 3.717761 8.732408 15.128866 0.000000 0.000000 
59.127285 52.376926 4.064701 14.679161 21.272745 0.000000 0.000000 
58.530285 53.681900 3.926761 2.467407 12.536999 1.000000 1.000000 
59.586170 52.649876 4.067496 6.613174 13.152184 0.000000 0.000000 
18.380222 78.696625 -1.125587 -17.251144 11.370808 0.000000 0.000000 
21.382271 78.206360 0.566742 -14.419456 9.692791 0.000000 0.000000 
-35.812305 72.692307 6.032438 -11.116943 10.957527 0.000000 0.000000 
-34.018497 73.813301 8.218760 -1.785217 15.991413 0.000000 0.000000 
-33.754128 73.974541 8.797221 -0.040543 16.648438 0.000000 0.000000 
-22.573353 78.394394 5.962497 -10.256233 13.533096 0.000000 0.000000 
-36.896492 72.808540 5.959323 -6.221191 12.693718 0.000000 0.000000 
-22.102865 79.183258 5.833920 -11.560402 12.792305 0.000000 0.000000 
-22.600517 79.117294 5.772241 -10.071968 13.147436 0.000000 0.000000 
-21.162308 79.548485 3.686264 -9.908371 14.179157 0.000000 0.000000 
-22.434776 79.263458 5.853413 -12.504601 13.378000 0.000000 0.000000 
-33.271366 75.648109 9.393720 -5.840942 14.789787 0.000000 0.000000 
-37.736374 73.796371 4.915525 -2.871040 15.920187 0.000000 0.000000 
-32.188591 76.559822 7.922371 -3.422569 16.492870 0.000000 0.000000 
-38.518101 73.541733 6.324223 -4.862915 14.214064 0.000000 0.000000 
-31.737120 77.210472 8.044259 -3.547043 16.372551 0.000000 0.000000 
-36.956566 74.749695 9.064762 0.064682 18.891762 0.000000 0.000000 
-38.453159 74.216324 3.816232 -5.120216 12.344170 0.000000 0.000000 
-27.476091 79.658028 3.693508 -8.696014 12.959415 0.000000 0.000000 
-29.845610 78.964302 8.564646 -2.565643 18.093645 0.000000 0.000000 
-29.616659 79.145836 8.546663 1.303787 20.368073 0.000000 0.000000 
-38.392723 75.116829 8.267334 0.179482 16.782549 0.000000 0.000000 
-27.326727 80.295784 9.789577 -4.164810 15.597782 0.000000 0.000000 
-28.665510 79.905113 8.004211 -1.916916 15.979795 0.000000 0.000000 
-28.723495 80.261444 5.889428 -1.291382 18.761368 0.000000 0.000000 
64.061317 55.213955 0.822288 10.338913 13.920513 0.000000 1.000000 
65.730804 53.572750 5.656334 12.287827 15.535666 0.000000 1.000000 
43.818417 73.677292 1.615881 -1.663185 12.621426 1.000000 1.000000 
-33.178932 79.411888 10.722089 -7.014313 14.294519 0.000000 0.000000 
-29.247940 81.488518 8.832973 -6.704575 15.375410 0.000000 0.000000 
-29.406914 81.447426 9.620493 -6.511360 16.426647 0.000000 0.000000 
-33.497719 79.824730 13.550912 -6.981796 12.651695 0.000000 0.000000 
-30.779915 81.213516 10.691962 -6.465729 14.509535 0.000000 0.000000 
52.974331 68.309860 -6.012406 7.681388 17.288305 0.000000 0.000000 
52.312809 69.228928 3.262999 9.237625 18.417606 0.000000 0.000000 
52.227150 69.388206 3.375552 7.290496 16.030556 0.000000 0.000000 
52.019539 69.580605 3.517455 11.461563 18.165707 0.000000 0.000000 
51.914799 69.671776 6.877418 3.397636 14.569670 0.000000 0.000000 
-30.727945 82.080574 10.367846 -4.744217 14.644321 0.000000 0.000000 
-32.397488 81.643105 11.434525 -3.291389 15.074255 0.000000 0.000000 
43.991962 77.173531 4.691840 3.141472 16.288940 0.000000 0.000000 
40.094391 79.466881 2.459041 -0.962502 14.807119 0.000000 0.000000 
21.658560 87.386536 4.631301 -3.476448 15.867195 0.000000 0.000000 
21.819187 87.371582 4.616306 -10.179626 10.929447 0.000000 0.000000 
21.461836 87.477135 4.334127 -8.964203 13.029358 0.000000 0.000000 
-31.658770 84.739815 12.404050 -6.604645 12.074657 0.000000 0.000000 
-33.196251 84.282265 12.356521 -7.556587 11.931248 0.000000 0.000000 
-32.554970 84.952148 12.547050 -6.909348 10.297356 0.000000 0.000000 
-37.458866 83.399338 9.356457 -9.391243 8.794254 0.000000 0.000000 
-36.248013 84.192551 11.121334 -7.339355 9.567234 0.000000 0.000000 
-35.993904 84.342201 11.149140 -8.741852 10.715614 0.000000 0.000000 
-33.405762 85.900589 11.357679 -6.304672 11.316940 0.000000 0.000000 
-20.743790 90.553566 5.505841 -13.405533 9.232548 0.000000 0.000000 
-22.022364 90.593620 6.808424 -13.205299 8.921646 0.000000 0.000000 
-22.895243 90.778893 7.146564 -9.339127 11.445187 0.000000 0.000000 
-22.417215 91.128479 7.164072 -11.268738 10.518845 0.000000 0.000000 
-21.396975 91.492928 5.452245 -11.699347 9.531544 0.000000 0.000000 
-53.815922 76.375809 -0.992877 -4.866562 8.822830 0.000000 0.000000 
31.213173 90.715942 2.378039 -11.217216 6.366668 0.000000 1.000000 
-35.646637 89.170441 14.784226 -9.773521 9.221241 0.000000 0.000000 
30.569324 91.612389 -0.091568 -16.352196 3.877613 0.000000 0.000000 
31.958263 91.177086 0.066662 -14.657143 4.000560 0.000000 0.000000 
-15.342689 96.100761 3.383254 -6.000717 10.579369 1.000000 1.000000 
12.044780 96.789993 1.926502 -16.592529 5.861148 0.000000 1.000000 
-32.201004 91.920235 11.915797 -9.521660 8.301689 0.000000 0.000000 
-14.434590 96.967979 3.910846 -12.846153 9.505508 0.000000 0.000000 
-15.193945 97.207932 3.355187 -6.630417 12.909412 0.000000 0.000000 
-14.311392 97.352074 3.502567 -9.720940 11.410301 0.000000 0.000000 
-15.281415 97.233368 3.666577 -5.814987 14.430321 0.000000 0.000000 
-15.297900 97.246620 3.613031 1.814842 19.516981 0.000000 0.000000 
-15.432730 97.346474 3.672027 3.869514 19.852570 0.000000 0.000000 
-22.156948 96.310143 10.676718 -7.852638 9.011795 0.000000 0.000000 
-47.568970 86.647095 4.473004 -11.628052 6.125072 0.000000 1.000000 
-22.357719 96.819290 -2.498176 -11.050896 9.341949 0.000000 0.000000 
-22.114197 97.198280 -3.088668 -9.941788 8.792355 0.000000 0.000000 
-30.964052 95.493217 6.644302 -13.637451 6.569519 0.000000 0.000000 
-30.507294 95.722923 6.938632 -13.014999 8.243183 0.000000 0.000000 
-28.627218 96.622307 10.933228 -8.062569 9.340965 0.000000 0.000000 
-30.028252 96.257744 10.175825 -8.916229 7.364769 0.000000 0.000000 
-31.604736 95.921669 9.384646 -10.794127 7.510337 0.000000 0.000000 
-31.619209 96.238800 10.320970 -3.424591 11.944962 0.000000 0.000000 
-31.659849 96.243759 9.675863 -2.081505 11.683628 0.000000 0.000000 
-31.234072 96.394844 9.383695 -4.985588 10.249172 0.000000 0.000000 
-34.967220 95.050529 11.156699 -12.518456 7.057769 0.000000 0.000000 
-31.507586 96.503654 9.010745 -6.367226 11.011326 0.000000 0.000000 
-31.108675 96.868256 12.387319 -13.356979 7.867252 0.000000 0.000000 
-25.105864 99.127335 12.698172 -11.866875 8.281979 0.000000 0.000000 
-31.895927 97.088104 12.368486 -4.411446 12.383553 0.000000 0.000000 
-31.919598 97.173904 11.978772 0.081261 13.890039 0.000000 0.000000 
-31.560022 97.444397 11.292871 -8.227760 8.084156 0.000000 0.000000 
-31.704193 97.537163 10.428346 -9.012794 7.778095 0.000000 0.000000 
-30.432821 98.032013 11.446909 -9.966949 7.530612 0.000000 0.000000 
-31.765036 98.000572 11.383597 -5.039604 10.509075 0.000000 0.000000 
-32.282227 97.882393 12.032003 -9.748283 9.829491 0.000000 0.000000 
-31.805281 98.065819 10.017107 -11.591766 7.692253 0.000000 0.000000 
-31.396332 98.616318 10.585648 -3.788422 12.473289 0.000000 0.000000 
-30.824263 98.893196 12.875925 -4.058167 9.311985 0.000000 0.000000 
-31.039909 99.046944 10.762646 -5.259056 11.580482 0.000000 0.000000 
-31.872200 98.864517 12.471395 -9.248451 9.008450 0.000000 0.000000 
-31.837870 99.295219 10.765156 -9.900673 7.124805 0.000000 0.000000 
-29.698931 100.047508 11.723142 -10.403847 9.276875 0.000000 0.000000 
-32.716209 99.349663 12.490928 -8.139359 8.169201 0.000000 0.000000 
-31.774925 99.737312 13.044426 -5.352249 10.264854 0.000000 0.000000 
-31.450756 99.886955 10.974278 -8.919075 8.635853 0.000000 0.000000 
-31.405756 100.015427 12.183722 -3.065002 10.434311 0.000000 0.000000 
-31.706640 100.155106 11.388055 -11.141426 6.344417 0.000000 0.000000 
-31.702995 100.675125 11.170728 -8.175369 6.116352 1.000000 1.000000 
34.131817 100.414185 2.140917 -9.516777 7.418140 0.000000 0.000000 
47.836082 95.332611 -0.023394 -7.862228 7.697364 0.000000 0.000000 
-32.086243 103.648514 13.198244 -8.859879 8.092739 0.000000 0.000000 
-33.900284 104.127975 12.827083 -8.311272 6.850971 0.000000 0.000000 
-33.495014 104.294289 11.939679 -4.080788 8.779274 0.000000 0.000000 
50.397224 97.702461 6.737367 -4.899834 6.793857 1.000000 1.000000 
52.424751 97.323799 5.479080 -4.298248 9.695473 0.000000 0.000000 
52.101444 97.546600 5.137805 -5.415771 9.011955 0.000000 0.000000 
51.204422 98.433968 5.066264 -2.963951 8.678223 0.000000 0.000000 
49.762459 99.258919 5.779645 -6.450089 8.487778 0.000000 0.000000 
49.194885 99.735855 4.972776 -3.311134 9.716381 0.000000 0.000000 
-103.253845 35.626034 14.830422 14.744705 9.675797 0.000000 1.000000 
47.445480 101.366158 3.580005 -8.073555 6.108078 0.000000 0.000000 
46.609367 101.792351 2.849550 -7.958946 6.943355 0.000000 0.000000 
46.606289 101.980911 4.282378 -8.455101 7.698219 0.000000 0.000000 
45.051937 102.718803 4.235541 -8.317261 4.794181 0.000000 0.000000 
46.106674 102.278580 4.439888 -5.905586 8.437408 0.000000 0.000000 
38.045719 107.848663 1.858185 -11.714195 3.515880 0.000000 0.000000 
37.309921 108.357849 4.036935 -2.692650 11.090519 0.000000 0.000000 
37.100288 108.526985 4.599802 -4.749763 8.207840 0.000000 0.000000 
37.006466 108.590897 2.364881 -10.926422 4.920440 0.000000 0.000000 
35.102112 109.667824 0.970405 -10.145996 4.637783 0.000000 0.000000 
35.447247 109.570290 0.623924 -12.468887 5.136062 0.000000 0.000000 
35.325062 109.795441 0.264939 -7.030235 6.998027 0.000000 0.000000 
33.218056 110.560265 0.647129 -11.056816 6.754798 0.000000 0.000000 
34.925091 110.191254 1.925852 -8.937874 5.750213 0.000000 0.000000 
33.579193 110.880165 1.798142 -8.447411 6.199150 0.000000 0.000000 
-6.470496 116.455177 -4.118853 -12.585327 7.542327 0.000000 0.000000 
-7.365108 117.644997 -4.148981 -12.936249 6.290550 0.000000 0.000000 
42.262997 110.808571 -0.767386 -6.475258 6.899112 1.000000 1.000000 
42.900116 111.579712 2.939076 -7.524467 5.857090 0.000000 0.000000 
-22.623755 117.868523 6.455153 -7.284302 10.057373 0.000000 0.000000 
-22.044937 117.995705 8.744662 -7.748497 8.933475 0.000000 0.000000 
-21.924908 118.029572 7.279964 -5.292152 10.468700 0.000000 0.000000 
-22.373692 118.040070 7.143708 -5.831802 10.329086 0.000000 0.000000 
-23.275003 117.930054 8.894341 1.462013 14.660311 0.000000 0.000000 
-23.402397 118.037933 9.000560 -12.519493 6.474281 0.000000 0.000000 
-23.322250 118.173347 9.235381 2.000465 16.033333 0.000000 0.000000 
41.037548 113.124580 0.712254 -9.741402 5.984840 0.000000 0.000000 
-34.842339 115.688950 10.855931 -6.794121 9.083977 0.000000 0.000000 
38.870224 114.356308 0.632450 -11.286551 6.322864 0.000000 0.000000 
-23.045614 119.283119 9.420950 -5.073776 9.948586 1.000000 1.000000 
-32.353283 117.269737 13.091513 -6.489571 7.616630 0.000000 0.000000 
-33.643036 116.929459 10.731001 -9.263458 6.219806 0.000000 0.000000 
-32.154163 117.774597 9.535484 -9.754829 6.066448 0.000000 0.000000 
-23.575251 120.198746 5.056768 -8.326675 7.170543 0.000000 0.000000 
-22.138344 121.092491 2.222944 -12.885262 3.977768 0.000000 0.000000 
-7.212732 123.279846 -4.817797 -7.939133 9.218616 0.000000 0.000000 
-7.485606 123.339371 -5.973433 -7.401161 10.548679 0.000000 1.000000 
-7.050702 123.366173 -5.280130 -8.172432 9.475700 0.000000 0.000000 
-30.940901 120.384254 10.712971 -8.443298 8.222313 0.000000 0.000000 
-34.364578 119.873268 11.724100 -7.789665 7.196411 0.000000 0.000000 
-33.338703 120.823936 11.199820 -8.314476 7.406169 0.000000 0.000000 
-33.132549 121.123993 14.468317 -9.436104 7.486743 0.000000 0.000000 
-33.420219 121.479401 11.112073 -8.965530 7.956039 0.000000 0.000000 
-33.994495 122.304832 13.784519 -2.792618 9.062057 0.000000 0.000000 
-31.961037 123.028946 13.239697 -4.186317 9.784439 0.000000 0.000000 
-33.652294 122.775154 11.933756 -4.145424 8.664108 0.000000 0.000000 
-32.268421 123.555176 12.945978 -6.921585 6.885932 0.000000 0.000000 
-32.105106 123.676620 13.452127 -8.367004 5.862407 0.000000 0.000000 
-34.356415 123.488518 11.822508 -7.612198 6.471748 0.000000 0.000000 
-32.787537 124.106598 13.467522 -6.187798 6.528148 1.000000 1.000000 
-21.440512 127.335831 1.904042 -8.380775 6.837238 0.000000 0.000000 
-23.051586 127.434273 3.630779 -11.747925 6.374294 0.000000 0.000000 
-20.529888 127.961395 3.985475 -12.660698 4.889926 0.000000 0.000000 
-21.413548 128.098755 3.240790 -12.112938 4.525505 0.000000 0.000000 
-20.296555 128.402679 2.303797 -8.911980 7.300254 0.000000 0.000000 
-21.388870 128.380798 3.128207 -3.073547 10.091099 0.000000 0.000000 
-21.180210 128.468384 1.885855 -3.645378 7.848663 0.000000 0.000000 
-21.418423 128.588226 -5.605678 2.430038 15.724501 1.000000 1.000000 
-23.078316 128.793945 3.620916 -9.404556 8.015442 0.000000 0.000000 
-23.017334 128.831879 2.802955 -10.699669 4.245365 0.000000 0.000000 
-21.693071 129.506348 -1.983443 11.882919 22.955200 0.000000 0.000000 
-21.746351 129.803558 -5.020722 7.601685 19.798183 0.000000 0.000000 
105.997749 75.749527 14.898460 14.977455 12.977619 0.000000 0.000000 
-21.895552 130.210510 -2.046754 6.253159 16.966522 1.000000 1.000000 
-24.063227 130.207245 4.281397 -6.231033 7.973899 0.000000 0.000000 
54.846920 120.318069 2.360651 -5.985939 5.193740 0.000000 0.000000 
-19.242144 131.292053 4.976256 1.425102 15.955769 1.000000 1.000000 
-23.575666 131.145294 -3.805175 1.832367 18.159990 0.000000 0.000000 
-22.409939 131.364197 -1.606918 9.934265 21.873056 0.000000 0.000000 
-19.672817 131.932922 4.796160 5.202332 19.131191 0.000000 0.000000 
-17.759630 132.295929 3.728378 2.779816 18.492714 0.000000 0.000000 
-21.127909 132.115204 2.744516 4.687110 18.791517 0.000000 0.000000 
-21.552015 132.276978 4.746500 4.266197 18.857668 0.000000 0.000000 
-22.142920 132.498260 2.776513 -10.228989 5.062721 1.000000 1.000000 
-20.368662 133.177917 4.212087 2.078194 14.916468 0.000000 0.000000 
-20.513762 133.227417 3.852496 4.887161 17.117504 0.000000 0.000000 
-21.647539 133.874084 4.187107 -3.623535 11.195461 0.000000 0.000000 
6.512167 135.600586 -6.326728 -2.708092 13.397120 1.000000 1.000000 
6.834139 136.212219 -5.728646 4.692894 18.524815 0.000000 0.000000 
5.908334 136.266388 -6.437657 0.619621 16.263264 0.000000 0.000000 
6.242150 136.334656 -6.452614 3.297775 18.437256 0.000000 0.000000 
-22.403673 134.677032 6.418465 -3.903870 10.252193 0.000000 0.000000 
-22.094040 134.794800 5.139658 -4.705429 11.039940 0.000000 0.000000 
-22.165663 135.047302 5.390866 -6.595383 9.646225 0.000000 0.000000 
41.091343 130.776474 3.895173 -8.186188 5.321769 0.000000 0.000000 
41.119839 130.899780 0.542637 -7.281677 6.527614 0.000000 0.000000 
40.328117 131.604065 3.187366 -0.883049 10.398041 0.000000 0.000000 
39.936161 131.817047 3.745231 -1.721954 9.673492 0.000000 0.000000 
40.663166 131.599213 3.690032 -4.496094 9.142990 0.000000 0.000000 
-21.721811 136.919891 -1.853746 -7.933174 6.151245 0.000000 0.000000 
-23.447929 136.670624 -3.992496 -8.506012 6.261718 0.000000 0.000000 
-23.449476 140.552612 5.567450 -8.095131 6.915927 0.000000 0.000000 
-22.154781 140.779358 -8.969771 -9.840973 4.459171 0.000000 0.000000 
-22.999655 140.674774 4.414412 2.451669 12.726715 0.000000 0.000000 
-22.702879 140.837006 3.999832 -8.478868 7.050075 0.000000 0.000000 
-22.930164 140.829285 3.611050 -8.207298 7.724990 0.000000 0.000000 
-23.278891 141.054962 3.424893 -3.690155 6.862812 0.000000 0.000000 
-23.166698 141.287292 5.823614 -3.088051 8.415573 0.000000 0.000000 
-24.032290 141.783905 5.271142 -8.126038 4.962062 0.000000 0.000000 
-23.528795 145.409058 4.897410 0.490898 11.274364 0.000000 0.000000 
8.273737 147.785370 -5.693571 -6.901726 8.034279 0.000000 1.000000 
-23.794598 146.106201 6.418132 -7.261993 5.872394 1.000000 1.000000 
-29.073036 145.634003 1.074805 -9.228645 4.333526 0.000000 0.000000 
-28.764387 145.827209 1.000075 -8.434410 4.675758 0.000000 0.000000 
-23.341099 146.899658 -9.493893 2.167648 12.041008 0.000000 0.000000 
-23.800688 147.553711 -1.805361 -0.426491 10.910477 0.000000 0.000000 
-24.119373 147.511932 -1.794217 4.560745 15.549915 0.000000 0.000000 
-24.167625 147.943604 -2.947820 -6.431557 6.555355 0.000000 0.000000 
-23.284441 148.205933 -9.777665 -4.276428 7.827522 1.000000 1.000000 
-24.034962 148.256561 -2.424045 -2.437607 10.884403 1.000000 1.000000 
-23.147013 148.898651 -0.359299 -9.634506 3.790863 1.000000 1.000000 
-34.487339 147.700897 10.248125 -8.149330 6.447311 0.000000 0.000000 
-35.081017 149.161469 11.128891 -7.707726 5.678833 0.000000 0.000000 
-24.952351 152.034637 0.556998 -6.290245 5.043331 0.000000 0.000000 
-25.028151 152.152893 -2.094708 -2.297096 9.459988 0.000000 0.000000 
-24.351267 152.741364 -0.089915 -4.593521 7.039981 0.000000 0.000000 
-24.918985 152.825562 3.427323 2.899078 11.075642 0.000000 0.000000 
-23.477537 153.237946 5.755936 -0.356033 8.999023 0.000000 0.000000 
-24.885160 153.012451 4.400218 -1.393875 7.590965 0.000000 0.000000 
-23.536022 153.252716 5.506701 -2.000145 8.896687 0.000000 0.000000 
-25.360720 153.101074 3.759101 -8.665916 3.875175 0.000000 0.000000 
-25.258205 153.309357 -1.736518 -7.087807 4.546321 1.000000 1.000000 
-24.135752 153.601685 -2.511712 -5.217720 6.646934 0.000000 0.000000 
-24.756834 153.857239 -9.037284 -5.970215 5.596210 0.000000 0.000000 
-28.244751 153.778564 6.812624 -3.855576 6.582046 0.000000 0.000000 
-26.527592 154.118286 -5.555277 -9.034752 5.781040 0.000000 0.000000 
-22.522947 155.141144 4.299372 -6.995735 4.967937 0.000000 0.000000 
-33.637802 154.004974 9.348763 -5.327026 5.540267 0.000000 0.000000 
-31.350428 154.746613 9.760656 -2.619949 8.792259 0.000000 0.000000 
-33.761822 154.302856 10.657825 -3.938263 8.402618 0.000000 0.000000 
-32.242317 154.890961 11.039124 -0.817436 9.683773 0.000000 0.000000 
-32.850845 154.771759 9.911865 -1.870468 9.783192 0.000000 0.000000 
-31.718153 155.349976 8.148841 -5.614853 7.088100 0.000000 0.000000 
-33.069767 155.211090 8.725274 -4.099304 7.085880 0.000000 0.000000 
-31.460285 155.618622 7.786254 -2.089386 7.639354 0.000000 0.000000 
-31.826298 155.581635 9.798546 -4.139542 7.034465 0.000000 0.000000 
-32.379063 155.790802 12.970218 -4.696800 6.776729 0.000000 0.000000 
-26.032927 157.260925 -3.532924 -7.896935 5.134441 0.000000 0.000000 
-25.390160 157.461853 -2.074888 -8.316696 5.368835 0.000000 0.000000 
-33.903156 156.552551 12.995411 -4.509132 8.038998 0.000000 0.000000 
-34.120918 156.525299 13.410146 -4.349976 7.681949 0.000000 0.000000 
-25.861073 158.547638 -1.911911 -6.589066 6.579013 0.000000 0.000000 
-24.455475 158.917236 6.747331 -5.576050 5.529228 0.000000 0.000000 
-25.944750 158.721283 0.978037 -4.262993 6.310840 0.000000 0.000000 
-23.998838 159.214996 1.979932 -1.785225 8.926796 0.000000 0.000000 
-24.216925 159.219910 5.987100 1.270691 10.830124 0.000000 0.000000 
-23.968704 159.334290 -4.337175 -1.804062 9.217628 0.000000 0.000000 
-24.743034 159.300598 -1.786641 -2.686646 8.175148 1.000000 1.000000 
-25.892874 159.445343 0.700901 -4.235428 7.271614 0.000000 0.000000 
-25.150785 159.784058 -8.233219 0.108109 10.472225 0.000000 0.000000 
-24.863194 159.866943 0.626179 6.099937 15.365522 0.000000 0.000000 
-24.465395 160.047150 1.363047 -4.899086 7.938106 0.000000 0.000000 
-25.276281 159.937103 -1.254048 2.498901 12.417274 0.000000 0.000000 
-23.939671 160.754028 0.843297 -2.205353 6.574466 0.000000 0.000000 
-23.945623 160.834808 -1.522093 -2.470993 8.089928 0.000000 0.000000 
-23.913441 161.116302 2.813699 -2.798912 7.772232 0.000000 0.000000 
-24.508512 161.167267 -0.193872 -3.534302 6.052944 1.000000 1.000000 
-23.973421 161.470642 2.203898 1.175713 9.801712 0.000000 0.000000 
-24.361824 161.439789 2.341531 -1.646736 8.969379 0.000000 0.000000 
-24.578781 161.452179 3.977246 -1.401878 9.578495 0.000000 0.000000 
-24.927317 161.825897 -2.310040 -8.708397 4.300056 0.000000 0.000000 
-23.271250 162.237823 2.999254 -8.937828 3.604980 0.000000 0.000000 
-25.142992 162.139771 -1.021605 -2.460854 7.873157 0.000000 0.000000 
-25.340071 162.161987 1.416701 -3.545212 7.340660 0.000000 0.000000 
-24.423628 163.280701 -2.297770 -7.308083 4.154087 0.000000 0.000000 
-22.951288 163.507477 -0.063523 -10.014656 3.466865 0.000000 0.000000 
-24.594328 163.643921 -0.455808 -6.642174 6.844001 0.000000 0.000000 
-27.025301 164.523712 -3.183843 -3.622101 6.714683 0.000000 0.000000 
-24.698568 165.208435 -0.097922 -10.162416 3.980621 0.000000 0.000000 
-24.577148 165.360901 -1.592454 -7.509903 4.457523 0.000000 0.000000 
-24.569519 165.449799 -0.045856 -7.961281 4.197917 1.000000 1.000000 
-23.930927 166.280609 -0.309980 -4.880852 7.307167 0.000000 0.000000 
-24.384712 166.351349 5.082866 -3.818748 7.384162 1.000000 1.000000 
-25.456280 166.494141 -2.150157 -4.908928 6.690757 0.000000 0.000000 
-25.499645 166.575745 0.645804 -0.886780 6.585170 0.000000 0.000000 
-25.527145 166.600891 -0.444061 1.426888 8.609009 0.000000 0.000000 
-25.277153 166.781067 0.556277 0.833244 8.986732 0.000000 0.000000 
-25.467293 166.788849 0.569083 -5.968315 4.420040 0.000000 0.000000 
-25.841145 166.785980 2.642478 -6.048103 3.844337 0.000000 0.000000 
-24.694111 167.512695 5.443590 1.027954 14.194965 0.000000 0.000000 
-24.588076 167.634613 4.483322 2.376221 12.846596 0.000000 0.000000 
-23.844152 167.796173 5.052700 -2.356125 6.381282 0.000000 0.000000 
-24.878136 167.834991 -2.878229 -4.915749 3.958477 1.000000 1.000000 
-25.628042 168.251251 -1.556832 -4.947975 4.870616 0.000000 0.000000 
-25.057795 168.390808 -1.846861 -2.075218 7.099914 0.000000 0.000000 
-24.427145 168.484375 -2.533262 -3.420609 5.150951 0.000000 0.000000 
-25.298702 168.551422 -2.333039 -6.589172 3.797439 1.000000 1.000000 
-24.574963 168.842407 -2.842917 -4.433495 6.143375 0.000000 0.000000 
-24.902004 169.163544 -2.459067 1.649658 9.619595 0.000000 0.000000 
-24.410744 169.320404 -3.192266 -7.421852 4.010459 0.000000 0.000000 
-25.142769 169.640015 -3.022598 0.010452 8.235382 0.000000 0.000000 
-25.648546 169.741150 -1.951067 -2.659821 5.901256 0.000000 0.000000 
-24.713934 170.049835 -0.624843 -0.954399 8.470192 0.000000 0.000000 
-25.521235 170.005554 -5.034128 -4.708702 4.969051 0.000000 0.000000 
-25.546844 170.278198 -2.981163 -8.074936 2.771721 1.000000 1.000000 
-22.755598 170.855499 5.095483 -8.844910 4.039890 0.000000 0.000000 
-24.313297 170.717743 4.171087 -0.615700 7.697299 0.000000 0.000000 
-25.401609 170.688538 3.527079 1.986076 9.493992 0.000000 0.000000 
-25.398331 170.795044 5.471018 -0.650795 7.710216 0.000000 0.000000 
-25.207956 170.994781 -1.226576 -6.220474 4.624893 0.000000 0.000000 
-25.355534 171.332489 2.949965 -2.975647 6.307270 0.000000 0.000000 
-24.120869 171.966797 -1.008441 -4.362762 7.051071 0.000000 0.000000 
-25.194818 172.003174 5.929477 -0.190590 8.316353 0.000000 0.000000 
-27.101528 171.785187 3.346455 -5.475403 4.921794 1.000000 1.000000 
-25.078671 172.096375 5.950150 -0.697937 7.609809 0.000000 0.000000 
-25.057497 172.099182 4.598947 -1.212814 6.931667 0.000000 0.000000 
-24.404583 172.229431 6.793651 -5.067276 8.710251 0.000000 0.000000 
-24.228868 172.397217 0.145543 -2.029427 8.655102 0.000000 0.000000 
-24.748947 172.358124 0.108172 6.898232 13.243176 0.000000 0.000000 
-24.907261 172.616882 -5.356990 -6.305931 5.981475 0.000000 0.000000 
-24.274805 172.760834 -1.043054 -0.864037 8.296288 0.000000 0.000000 
-25.126474 173.089844 5.200215 -3.340332 6.285087 0.000000 0.000000 
-24.863791 173.137360 5.928467 -3.939911 6.086605 0.000000 0.000000 
-26.210119 173.331085 -1.263528 -5.236076 5.243263 0.000000 0.000000 
-24.962166 173.572296 -1.741094 -1.888161 5.306385 1.000000 1.000000 
-25.445208 173.696442 6.572950 -3.646690 6.334571 0.000000 0.000000 
-25.981058 173.818756 7.617707 -2.132469 5.992965 0.000000 0.000000 
-24.028486 174.154449 -3.932548 -7.346123 5.585350 0.000000 0.000000 
-24.760138 174.867310 -1.847142 -6.648804 3.740879 0.000000 0.000000 
-25.419662 174.807098 -3.476315 -6.319313 4.139209 0.000000 0.000000 
-25.329065 174.868317 -5.493269 -6.066643 4.351188 0.000000 0.000000 
-23.701921 175.182343 -2.033189 -8.981209 2.001789 1.000000 1.000000 
-26.084419 175.065094 5.953303 -4.702118 3.729709 1.000000 1.000000 
-25.507362 175.687042 -3.131324 -3.142616 5.712318 0.000000 0.000000 
-25.537642 176.082397 -2.114411 -7.814125 2.657509 0.000000 0.000000 
-25.724783 176.077118 -3.519073 -4.003693 5.382545 0.000000 0.000000 
-26.531559 176.738037 -1.962211 -7.591309 1.824279 0.000000 0.000000 
-25.161894 177.157501 -2.797230 -2.487946 6.523742 1.000000 1.000000 
-25.334751 177.691010 -1.829354 -2.972145 5.312442 0.000000 0.000000 
-25.353394 177.711365 -3.096859 8.474777 14.379530 0.000000 0.000000 
-25.055876 177.918365 -2.703998 3.843652 12.596500 0.000000 0.000000 
-26.048752 178.817627 -3.328619 -3.641800 4.206398 1.000000 1.000000 
-24.178699 179.914825 -1.822775 -3.340065 6.994773 1.000000 1.000000 
-25.265564 180.513184 -2.070942 6.385117 14.292761 0.000000 0.000000 
-25.768028 180.451538 -2.293722 4.668404 12.116238 0.000000 0.000000 
-26.029024 180.452576 -2.091895 4.985107 11.528267 0.000000 0.000000 
-26.661188 180.511353 -2.641274 -3.921608 6.430675 0.000000 0.000000 
-25.260725 180.847260 -2.775715 -9.301270 2.647922 0.000000 0.000000 
-26.107992 181.270508 -7.810501 -2.901520 5.302608 0.000000 0.000000 
-25.238436 181.559540 -3.568201 -6.318672 3.829986 0.000000 0.000000 
-26.335020 181.426086 -3.254921 -4.884262 5.557743 0.000000 0.000000 
-24.674637 181.772491 -1.759965 -5.768829 3.759228 0.000000 0.000000 
-24.302383 181.935944 -1.917231 -4.869957 4.361755 0.000000 0.000000 
-24.783117 182.393433 -1.654282 -6.122559 4.428726 0.000000 0.000000 
-23.956114 182.556061 0.254016 -7.239044 3.751762 0.000000 0.000000 
-25.216015 183.120300 -3.811969 -8.082031 3.009987 0.000000 0.000000 
-25.087042 185.097137 -2.076421 -4.066399 4.762912 0.000000 0.000000 
-25.212612 185.092316 -2.708558 -3.801041 4.593692 0.000000 0.000000 
-26.579580 186.094208 -7.294328 -0.548149 6.454227 0.000000 0.000000 
-27.128868 186.354279 3.084554 -6.097794 3.082741 0.000000 0.000000 
-25.882229 187.705841 -6.842992 -5.028130 4.185905 0.000000 0.000000 
-26.419664 188.151764 11.463675 -6.246269 3.242267 0.000000 0.000000 
-25.568712 188.562469 6.610303 -2.302040 7.854999 0.000000 0.000000 
-24.807999 192.503448 -2.419845 -6.754112 4.890972 0.000000 0.000000 
-25.843576 192.503448 -2.623365 -7.948128 3.850845 0.000000 0.000000 
-25.527042 192.767853 -2.028667 -3.616196 3.576294 0.000000 0.000000 
-24.743652 193.355408 -0.624170 -6.136765 2.975231 0.000000 0.000000 
-32.540470 195.344727 13.277343 -0.150215 5.201984 0.000000 0.000000 
-32.691837 198.237732 6.470829 -3.397072 4.037860 0.000000 0.000000 
-33.271687 198.927612 6.003538 -6.139107 3.912124 0.000000 0.000000 
-36.573986 198.849213 12.322886 3.463197 7.744724 0.000000 0.000000 
-35.550358 199.249451 16.586920 -3.147552 4.428985 0.000000 0.000000 
-36.369228 199.249268 13.271147 1.608292 7.895763 0.000000 0.000000 
-27.975819 207.639618 2.130341 -4.440849 4.806095 0.000000 0.000000 
-29.940384 207.410950 1.670958 -3.927879 4.205482 0.000000 0.000000 
