ply
format ascii 1.0
comment Created by CloudCompare v2.14.beta (Feb  3 2026)
comment Created 2026-05-07T18:27:46
obj_info Generated by CloudCompare!
element vertex 1630
property float x
property float y
property float z
property float rcs
property float snr
property float v
property float label
end_header
-5.101167 -55.261845 -15.966078 3.415977 23.485107 0.000000 1.000000 
21.800264 -57.520485 -9.395873 1.770676 17.415146 0.000000 1.000000 
15.986991 -60.047844 -24.515333 3.901184 21.662771 1.000000 1.000000 
15.082873 -72.028404 -14.336734 6.970703 20.542187 0.000000 1.000000 
-12.653769 -80.610695 -23.895851 2.093674 15.430479 0.000000 1.000000 
102.680283 9.114758 -25.618715 8.425124 17.705282 0.000000 1.000000 
113.855042 -7.870999 -17.336702 10.912369 18.914656 0.000000 1.000000 
114.591286 -7.227260 -19.016617 12.861061 19.025196 0.000000 1.000000 
118.265846 2.005800 -27.161039 10.757286 17.289835 0.000000 1.000000 
192.727951 63.480125 -28.389353 19.077232 15.693012 0.000000 1.000000 
7.936702 44.544952 -17.334436 -14.895370 17.525518 0.000000 1.000000 
8.102233 46.341095 -16.697088 -13.346939 20.815079 0.000000 1.000000 
21.918350 41.561882 -17.203320 -8.990578 19.129267 0.000000 1.000000 
6.245850 58.201569 -20.137606 -8.855644 20.403349 0.000000 1.000000 
27.372328 57.353989 -22.423994 -2.770554 15.877850 0.000000 1.000000 
-29.347399 57.744011 -25.657557 -10.720757 12.994522 0.000000 1.000000 
-21.955589 61.533440 -25.805521 -6.148865 18.812378 0.000000 1.000000 
-22.797180 62.247013 -17.308252 -17.132027 8.467251 0.000000 1.000000 
15.040689 65.001312 -15.901272 -20.359955 7.357788 0.000000 1.000000 
-22.546587 62.678410 -26.340935 -8.997536 14.054874 1.000000 1.000000 
-30.853622 59.920971 -22.663677 -4.284920 18.252573 0.000000 1.000000 
-30.637894 60.117706 -23.968050 -6.688080 15.804436 0.000000 1.000000 
-29.268579 64.317551 -28.087839 -11.168419 14.983780 0.000000 1.000000 
-31.288830 76.027802 -24.842741 -6.887917 14.619484 0.000000 1.000000 
-33.418556 78.852135 -23.810759 -6.419456 14.604034 0.000000 1.000000 
42.570293 77.371399 -34.361763 -0.455894 14.716301 0.000000 1.000000 
43.089245 77.707016 -32.906441 0.344254 17.223516 0.000000 1.000000 
-32.117928 84.465340 -23.463047 -14.116661 7.889575 0.000000 1.000000 
-37.044544 84.355377 -37.053009 -11.642610 8.698372 0.000000 1.000000 
-36.309631 85.558449 -29.363049 -8.405815 10.859352 0.000000 1.000000 
-34.633629 89.156204 -37.659397 -13.243585 7.389968 0.000000 1.000000 
49.796665 85.331123 -30.367697 -9.420738 6.965709 0.000000 1.000000 
49.372875 99.928940 -42.003933 -7.603081 6.646339 0.000000 1.000000 
-31.135935 109.109787 -44.614784 -10.784477 8.409626 0.000000 1.000000 
39.354301 114.152679 -27.601452 -8.867210 8.549477 0.000000 1.000000 
18.910513 120.430374 -45.420921 -12.511879 6.320846 0.000000 1.000000 
-55.071873 109.139961 -49.682228 -5.695854 8.811546 0.000000 1.000000 
-32.994446 157.626892 -59.224915 -8.391083 7.330165 0.000000 1.000000 
63.610729 11.766753 21.318426 7.044113 20.372913 0.000000 1.000000 
113.945755 -9.840078 21.476303 11.946571 18.012125 0.000000 1.000000 
134.394531 10.168500 38.288830 14.538246 16.731806 0.000000 1.000000 
-22.338713 62.275719 26.024555 -14.029968 10.581539 1.000000 1.000000 
-32.557243 79.570152 31.194305 -1.603111 16.477945 0.000000 1.000000 
-39.388073 78.843132 33.385910 -3.844620 14.223789 0.000000 1.000000 
17.534086 90.675262 24.986418 -10.204041 12.912586 0.000000 1.000000 
16.314222 93.571190 38.945057 -18.090675 6.267009 0.000000 1.000000 
47.351562 89.240112 26.917162 -9.948662 7.865654 0.000000 1.000000 
42.334778 93.295761 31.918533 -7.586082 10.204342 0.000000 1.000000 
46.964005 94.075539 26.134964 -5.100555 10.652813 0.000000 1.000000 
-34.492233 112.522881 48.692608 -9.979988 7.805381 0.000000 1.000000 
-24.938953 115.656143 35.965740 -12.188478 7.044349 0.000000 1.000000 
47.917747 108.160164 33.876621 -4.245216 8.707691 0.000000 1.000000 
42.254501 110.812576 16.115177 -5.114433 6.959278 1.000000 1.000000 
-42.160137 113.585793 17.735327 -8.916954 6.945629 0.000000 1.000000 
-31.934803 119.690643 48.954079 -8.126175 8.664009 0.000000 1.000000 
-6.716578 146.967560 61.189011 -13.669296 4.429183 0.000000 1.000000 
-25.450106 151.582245 18.327734 -9.362846 7.225299 0.000000 1.000000 
120.710815 146.935303 20.711565 3.327522 6.524032 0.000000 1.000000 
122.772820 149.539612 24.376581 4.074600 3.298809 0.000000 1.000000 
13.537004 -29.707893 -12.110147 -6.193161 23.727701 0.000000 1.000000 
-16.430752 -41.784016 19.312071 -1.299225 20.725233 0.000000 1.000000 
-5.329518 -47.545078 -11.364835 -6.123238 19.339197 0.000000 1.000000 
-55.772385 -22.128490 -11.637037 -1.920357 17.545092 0.000000 1.000000 
58.878544 -147.087509 13.785129 14.867928 14.285561 0.000000 1.000000 
26.994095 8.158481 -3.523846 3.751831 29.013689 0.000000 1.000000 
27.963223 8.403698 -12.059929 2.072678 27.888657 0.000000 1.000000 
31.023462 -9.837429 -3.713540 -3.000214 24.395525 0.000000 1.000000 
22.752150 -29.361374 -6.642750 -3.532127 21.354469 0.000000 1.000000 
33.633152 -25.304096 17.500893 2.604881 30.126059 0.000000 1.000000 
41.977150 20.799122 -10.897875 1.940460 21.153076 0.000000 1.000000 
56.940689 6.184259 14.443881 19.499863 35.627876 0.000000 1.000000 
57.051792 5.394129 13.486749 13.041283 29.861868 0.000000 1.000000 
38.005810 -46.024662 -10.010798 7.875328 24.332905 0.000000 1.000000 
68.988251 -11.557453 -10.808903 2.073349 18.869579 0.000000 1.000000 
59.690945 -40.371601 -13.627786 3.210854 20.242062 0.000000 1.000000 
92.031693 -11.783980 -14.454975 6.818611 17.183887 0.000000 1.000000 
113.192894 -8.488869 11.059484 9.914940 18.464231 0.000000 1.000000 
113.521088 -8.877747 13.104420 12.303131 17.464207 0.000000 1.000000 
113.550461 -8.835119 14.123602 16.293106 21.414347 0.000000 1.000000 
113.660637 -7.854606 17.081985 10.865593 16.149715 0.000000 1.000000 
114.462135 -7.865022 11.096169 13.556908 18.048876 0.000000 1.000000 
20.178192 15.579957 -9.442652 4.407326 23.945398 0.000000 1.000000 
-6.645070 29.001831 -10.337697 -14.161377 23.615076 0.000000 1.000000 
23.546831 22.842789 -12.648037 4.019081 24.560873 0.000000 1.000000 
23.797173 23.960203 -8.656085 3.113014 22.703907 0.000000 1.000000 
21.701284 31.802340 -12.532708 -6.735916 19.429958 0.000000 1.000000 
27.915339 26.375187 -14.997119 0.932831 18.221695 0.000000 1.000000 
-10.747469 50.001038 15.486916 -21.626236 13.132710 0.000000 1.000000 
-17.099375 60.604977 -8.101755 -17.834023 9.832676 0.000000 1.000000 
26.466692 59.841908 -5.030486 -9.234169 11.822212 1.000000 1.000000 
26.674585 60.293186 -4.973078 0.605064 21.002193 0.000000 1.000000 
26.547890 60.539654 -5.941154 -6.736404 14.054962 0.000000 1.000000 
26.829466 60.462711 -4.858501 -1.464081 20.318224 0.000000 1.000000 
-9.961668 76.665527 -11.317751 -12.310455 14.822021 0.000000 1.000000 
78.088783 50.408825 17.979805 7.240082 8.633850 0.000000 1.000000 
76.794563 53.701355 13.403098 3.662727 7.371273 0.000000 1.000000 
30.844959 90.578430 -8.090789 -13.262361 6.329826 0.000000 1.000000 
-14.421686 96.953117 -9.163118 -7.205322 11.627899 0.000000 1.000000 
-32.434700 100.002708 -16.289206 -6.291245 9.295197 0.000000 1.000000 
-35.587219 121.925735 -19.199615 -4.362167 9.200512 0.000000 1.000000 
-19.503569 133.976868 -10.236433 1.612961 16.905087 1.000000 1.000000 
-34.490673 199.174286 -21.570688 0.091339 7.194843 0.000000 1.000000 
-29.654346 218.302307 -15.349572 -0.930626 5.124198 0.000000 1.000000 
2.325240 -8.605864 -0.090950 -21.886772 23.433397 1.000000 1.000000 
2.499391 -9.287349 -0.037892 -23.656166 21.448055 1.000000 1.000000 
2.051742 16.324760 -0.363695 -18.503975 25.186024 1.000000 1.000000 
-0.419879 -6.058128 -0.239105 -6.548347 46.960300 0.000000 0.000000 
-0.295522 -6.122497 -0.128116 -9.530136 44.527786 0.000000 0.000000 
0.192838 -6.212221 -0.289117 -2.344688 48.421551 0.000000 0.000000 
0.042152 -6.205077 -0.190208 -6.762371 44.789520 0.000000 0.000000 
0.302755 -6.293349 -0.286013 -5.341537 45.447422 0.000000 0.000000 
-0.036818 10.106714 0.106581 -20.563629 32.419861 1.000000 0.000000 
-0.848607 11.143776 -0.025048 -12.401460 32.888065 0.000000 0.000000 
0.048531 12.108577 -0.034300 -11.898521 37.091194 0.000000 0.000000 
-0.509873 12.376894 0.017114 -11.618340 37.484577 1.000000 0.000000 
-3.278895 17.673983 0.582989 -24.891121 14.905510 1.000000 0.000000 
-3.699262 18.521126 0.390024 8.878571 44.044231 0.000000 0.000000 
-3.856196 18.722099 5.006724 8.522552 42.081230 0.000000 0.000000 
-4.865449 20.941097 -0.623435 3.646927 40.281006 0.000000 0.000000 
-4.914624 20.932922 -0.760478 2.014030 38.225368 0.000000 0.000000 
0.221673 22.207260 -0.832042 2.382050 35.167252 1.000000 0.000000 
-5.059539 21.625055 -0.704296 0.959442 36.310791 1.000000 0.000000 
0.091016 22.545065 -0.874540 -3.730850 28.985052 0.000000 0.000000 
-0.076414 22.542801 -0.856239 -13.840302 18.514082 1.000000 0.000000 
0.288495 22.864878 -0.825967 19.546570 50.661377 0.000000 0.000000 
0.257679 22.979574 -0.847823 18.063141 50.578953 0.000000 0.000000 
0.044091 23.250666 -0.699849 -6.476463 27.913494 0.000000 0.000000 
0.082093 23.628923 -0.827383 -10.216682 25.196592 1.000000 0.000000 
-19.330547 -5.763383 -3.667818 -11.105415 27.114632 0.000000 0.000000 
-20.360611 -0.861586 -1.059347 4.428024 41.335426 0.000000 0.000000 
-20.360777 -0.852319 -1.021080 3.303368 39.613651 0.000000 0.000000 
-20.774782 3.251342 1.698576 -2.698959 29.240046 0.000000 0.000000 
-20.997774 2.516104 -5.158398 -8.847130 25.281160 0.000000 0.000000 
-21.411839 3.612705 2.215878 -4.142822 29.899734 0.000000 0.000000 
-23.252161 -2.661913 1.681917 -4.127129 28.284662 0.000000 0.000000 
-23.966518 1.010397 2.255347 -4.700165 26.495457 0.000000 0.000000 
-20.801762 -17.379650 0.477206 -4.437004 25.223093 0.000000 0.000000 
-21.481565 -21.272560 3.099880 -3.875259 26.495745 0.000000 0.000000 
-30.149992 -0.998694 -3.972821 -6.684555 23.233112 0.000000 0.000000 
-19.558111 -23.854115 -4.755021 -4.543419 25.831429 0.000000 0.000000 
-20.530661 -24.664173 1.641765 2.981331 29.126804 0.000000 0.000000 
-21.455107 -24.377583 2.956649 1.288399 26.928701 0.000000 0.000000 
-20.645895 -25.356827 -6.417331 -3.921173 24.503515 0.000000 0.000000 
-35.116756 0.276675 2.275970 -0.076569 26.662495 0.000000 0.000000 
-35.262280 0.228479 2.249028 -2.703331 24.226166 0.000000 0.000000 
-31.284855 -19.567566 -6.393225 -1.375473 23.936165 0.000000 0.000000 
-36.946804 -2.863504 1.476413 -1.897575 27.914736 0.000000 0.000000 
-38.763821 -2.422261 3.159188 -0.657616 25.961246 0.000000 0.000000 
-38.605156 -5.406327 2.809341 -2.759964 24.259140 0.000000 0.000000 
-38.552277 -7.440225 0.081435 -0.927208 23.474930 0.000000 0.000000 
-38.693699 -7.249318 0.217033 3.264114 27.035305 0.000000 0.000000 
-38.772038 -7.429609 2.490320 -0.017593 25.626743 0.000000 0.000000 
-23.788424 -32.773098 -0.348428 -3.757584 21.719179 0.000000 0.000000 
-40.447674 -0.509142 -10.832024 -2.713799 23.070944 0.000000 0.000000 
-40.423336 1.383173 -0.103983 -0.886009 23.981964 0.000000 0.000000 
-40.692490 1.282533 2.569606 5.206970 29.892563 0.000000 0.000000 
-40.800030 1.230537 2.555305 5.674278 30.120167 0.000000 0.000000 
-42.684738 3.405340 3.401523 0.813644 23.850723 0.000000 0.000000 
-38.495430 -19.801899 1.283014 3.665070 25.712944 0.000000 0.000000 
-38.599773 -19.884430 1.496201 8.724854 30.450287 0.000000 0.000000 
-45.617619 -2.765774 3.492481 -4.162598 22.189257 0.000000 0.000000 
-45.641010 -2.847255 2.809145 -2.340462 22.015799 0.000000 0.000000 
-45.714161 -3.104311 3.228025 -2.056786 21.762182 0.000000 0.000000 
-45.778275 -3.800053 1.860069 -7.712570 18.844242 0.000000 0.000000 
-47.858372 -4.580523 -8.484384 -3.854805 18.270300 0.000000 0.000000 
-44.856079 23.768250 4.924310 -3.465553 20.390308 0.000000 0.000000 
-49.330219 20.561295 2.077459 -2.726280 17.086937 0.000000 0.000000 
-49.794010 19.749573 1.077523 -2.267937 17.958466 0.000000 0.000000 
-19.570908 14.703794 0.081451 1.412209 21.163523 0.000000 0.000000 
-29.528072 12.321844 12.608224 15.955772 22.508955 0.000000 0.000000 
-19.624313 31.300280 -8.465600 -7.196709 20.937763 0.000000 0.000000 
-6.799534 -6.476921 -0.151376 -10.989326 36.969906 0.000000 0.000000 
-6.838012 -6.579739 0.315077 -10.303497 37.550945 0.000000 0.000000 
-6.177093 -10.793691 -2.841759 -14.007828 29.014427 0.000000 0.000000 
-6.330676 -10.884137 -2.972843 -12.593773 29.844196 0.000000 0.000000 
-6.577314 -10.759532 -0.136901 -14.024551 24.870422 0.000000 0.000000 
-7.044515 -10.747478 -0.004055 -10.509903 31.559395 0.000000 0.000000 
-6.873903 -11.017951 -0.092931 -16.300591 26.811865 0.000000 0.000000 
-6.890568 -11.040689 0.120826 -11.068718 31.517382 0.000000 0.000000 
-6.174571 -11.911769 -0.558516 -10.669327 31.420145 0.000000 0.000000 
-6.536750 -11.919145 0.190138 -14.604103 28.208504 0.000000 0.000000 
-6.550471 -12.148068 0.585679 -15.520500 28.989859 0.000000 0.000000 
-6.261864 -12.357598 0.729278 -9.432060 31.140392 0.000000 0.000000 
-6.258949 -12.779819 -0.947953 -10.545921 32.307419 0.000000 0.000000 
-6.334548 -12.746589 -0.492995 -5.764153 34.787918 0.000000 0.000000 
-6.487653 -12.936004 0.733110 -5.094627 34.102119 0.000000 0.000000 
-6.514412 -13.049032 0.482990 -9.469391 30.358999 0.000000 0.000000 
-6.981593 -12.925402 1.519198 -11.433281 28.266161 0.000000 0.000000 
-6.934554 -12.980786 3.907421 -13.565042 27.837780 0.000000 0.000000 
-6.123761 -13.741001 -0.565105 -11.592598 29.731743 0.000000 0.000000 
-5.958322 -13.922206 -0.665140 -14.082939 28.492096 0.000000 0.000000 
-6.425025 -15.019705 0.002338 -9.358246 29.738195 0.000000 0.000000 
-6.577731 -15.160963 0.085407 -15.117271 24.901871 0.000000 0.000000 
-6.363911 -15.389607 -0.177655 -11.829361 26.087551 0.000000 0.000000 
-6.659693 -15.413137 0.048044 -13.207559 26.082075 0.000000 0.000000 
-6.601463 -15.691154 1.068267 -12.060753 24.714264 0.000000 0.000000 
-6.953453 -15.804249 0.542564 -5.748756 31.358225 0.000000 0.000000 
-6.485587 -16.244846 0.125286 -4.449516 30.472019 0.000000 0.000000 
-6.491189 -16.245451 0.143634 -8.881012 27.541914 0.000000 0.000000 
-6.006099 -16.914318 -0.443240 -14.359535 22.512020 0.000000 0.000000 
-6.641794 -17.072094 0.232876 -7.856621 25.790941 0.000000 0.000000 
-6.630251 -17.187843 0.041289 -8.660645 26.877272 0.000000 0.000000 
-6.758287 -18.656399 3.222419 -6.739037 30.228024 0.000000 0.000000 
-6.886356 -18.715633 3.221440 -4.648048 30.308422 0.000000 0.000000 
-6.856211 -18.835011 3.430850 -11.779045 28.262959 0.000000 0.000000 
-6.204563 -19.293861 -1.824529 -12.098846 23.222404 0.000000 0.000000 
-5.995590 -19.368893 -0.951632 -11.145958 28.283745 0.000000 0.000000 
-6.441825 -20.127289 0.112069 -11.481584 23.288445 0.000000 0.000000 
-6.353233 -20.466846 -1.842402 -11.042793 24.569229 0.000000 0.000000 
-6.341516 -24.441837 -0.662133 -6.298920 23.206699 0.000000 0.000000 
-6.536159 -24.798325 1.596964 -3.508072 28.479099 0.000000 0.000000 
-6.656026 -24.772972 1.045438 -1.878746 28.030767 0.000000 0.000000 
-5.513536 -48.640453 -0.330355 -0.799995 21.468470 0.000000 0.000000 
-7.229134 -49.193867 6.255148 0.657295 21.992657 0.000000 0.000000 
-6.199377 -49.383850 6.802623 0.903099 23.193058 0.000000 0.000000 
-6.405434 -52.151928 1.232383 -3.604034 17.254087 0.000000 0.000000 
-5.886796 -55.253983 -0.479253 1.910751 22.258781 0.000000 0.000000 
-6.335782 -55.418396 1.798595 -1.506973 19.381641 0.000000 0.000000 
-5.725678 -61.273769 4.985207 3.449852 19.793871 0.000000 0.000000 
-6.309581 -61.324516 -0.063892 4.273132 21.587400 0.000000 0.000000 
-6.035035 -13.518889 -0.080965 -9.339601 30.404985 0.000000 0.000000 
-6.819712 -13.493795 1.957920 -4.212891 26.539280 0.000000 0.000000 
-5.931239 -15.462334 -0.237205 -12.172020 25.602386 0.000000 0.000000 
-6.681100 -15.824420 0.995315 -6.401726 32.034744 0.000000 0.000000 
-6.779828 -16.040672 0.854757 -6.378166 31.506905 0.000000 0.000000 
-6.338464 -17.040211 0.385501 -5.686607 28.533180 0.000000 0.000000 
-6.715597 -16.922600 2.144772 -7.301094 26.471268 0.000000 0.000000 
-6.908702 -17.271477 -0.128837 -1.495956 31.431431 0.000000 0.000000 
-6.940835 -17.257404 0.559447 -2.863770 30.876558 0.000000 0.000000 
-5.645067 -18.255684 -0.692482 -10.360115 23.844490 0.000000 0.000000 
-7.448422 -18.298462 1.113250 -1.738617 30.295794 0.000000 0.000000 
-6.814166 -19.874413 0.161214 -3.312920 29.778234 0.000000 0.000000 
-7.026711 -21.544727 0.165339 -0.917603 30.584166 0.000000 0.000000 
-7.443323 -21.457378 1.043438 0.661552 30.771418 0.000000 0.000000 
-7.280431 -24.435383 0.830115 1.014442 30.307829 0.000000 0.000000 
-7.604195 -24.487446 0.954981 1.027634 29.710022 0.000000 0.000000 
8.441563 -24.242775 -0.879107 -5.434982 22.995789 0.000000 0.000000 
8.020871 -24.424393 -0.961018 -7.940247 23.416777 0.000000 0.000000 
9.053303 -25.276550 -1.208045 -8.219879 22.464043 0.000000 0.000000 
8.239596 -27.572090 0.470843 -4.542702 24.827087 0.000000 0.000000 
13.896497 -28.455971 -8.733038 0.321495 26.099041 0.000000 0.000000 
10.744028 -32.691433 -8.223659 -4.614021 21.444614 0.000000 0.000000 
11.221923 -34.519917 -9.863206 -5.137825 20.881752 0.000000 0.000000 
3.252381 -41.483696 7.535772 -4.303513 24.328228 0.000000 0.000000 
8.912086 -41.204769 0.466081 3.487747 25.837273 0.000000 0.000000 
7.184856 -5.247177 -0.043165 3.566429 46.975578 0.000000 0.000000 
7.287812 -5.355120 -0.102581 4.933464 50.230682 0.000000 0.000000 
8.376766 -3.905967 1.489842 -5.298615 36.477882 0.000000 0.000000 
8.689781 -4.035584 1.312245 -0.238487 40.978935 0.000000 0.000000 
7.335490 -8.475550 -1.377705 7.013542 42.611015 0.000000 0.000000 
8.637461 -10.368944 4.098707 -10.261177 28.063591 0.000000 0.000000 
8.752984 -11.250049 -0.023266 -5.238533 34.294312 0.000000 0.000000 
8.708863 -11.294579 0.068382 -8.394028 31.419756 0.000000 0.000000 
8.011909 -13.994244 0.104951 -11.733391 28.392609 0.000000 0.000000 
7.105516 -14.978444 2.028447 -9.788315 27.502132 0.000000 0.000000 
10.871374 -20.173340 -1.437969 -7.460632 27.130096 0.000000 0.000000 
7.219360 -34.025055 0.097345 -0.087646 26.111015 0.000000 0.000000 
7.716475 -34.139011 0.736935 3.464920 28.907787 0.000000 0.000000 
7.721095 -34.193615 0.226731 2.937698 28.222507 0.000000 0.000000 
7.154508 -35.153225 -0.596365 2.536499 28.665771 0.000000 0.000000 
13.181428 -33.478127 -6.450032 0.614586 26.371571 0.000000 0.000000 
7.140415 -35.215885 -0.472969 3.520737 29.987926 0.000000 0.000000 
6.711132 -36.539207 -0.077806 0.711159 23.961182 0.000000 0.000000 
6.453107 -38.113865 2.891421 -1.289162 23.568211 0.000000 0.000000 
6.634243 -38.134804 3.218248 0.929901 23.757000 0.000000 0.000000 
3.983892 -41.402836 4.782312 -1.692162 22.821949 0.000000 0.000000 
3.412842 -42.578537 6.538282 -1.196297 22.112240 0.000000 0.000000 
17.932854 -9.876302 7.386325 -2.658241 31.732849 0.000000 0.000000 
16.584761 -12.899323 8.174418 -9.463570 28.512306 0.000000 0.000000 
20.728279 0.919560 -0.250381 -1.325752 32.522934 0.000000 0.000000 
21.282709 -1.542526 5.770917 -8.157738 28.002304 0.000000 0.000000 
21.491840 -2.902953 2.490101 -6.643700 29.660702 0.000000 0.000000 
21.210283 -5.200098 -2.737403 -4.766472 32.380375 0.000000 0.000000 
16.525167 -18.158554 3.003091 -5.304146 26.339138 0.000000 0.000000 
22.134222 9.102259 0.171071 6.718582 38.655327 0.000000 0.000000 
21.714504 10.180676 0.329602 8.199173 36.187065 0.000000 0.000000 
22.615074 -10.959100 -1.799904 -0.396538 28.552731 0.000000 0.000000 
22.572645 -11.151446 5.082140 -1.693062 27.236439 0.000000 0.000000 
27.268253 -0.740951 0.902450 -5.463188 23.442041 0.000000 0.000000 
27.514877 0.361881 0.808519 1.533356 30.041660 0.000000 0.000000 
27.590456 0.134212 0.551612 4.796753 35.720997 0.000000 0.000000 
26.386314 8.783939 -0.561989 13.989761 36.484562 0.000000 0.000000 
26.453596 8.877447 -0.293340 10.944458 35.367031 0.000000 0.000000 
27.013683 7.624520 4.045650 5.148743 28.964396 0.000000 0.000000 
23.484985 -17.351543 0.993023 -1.006332 26.345642 0.000000 0.000000 
28.630049 8.528645 -0.514342 14.154633 36.362835 0.000000 0.000000 
28.566065 8.760989 -0.561468 16.773163 37.800240 0.000000 0.000000 
18.273668 -25.104069 -6.229860 -1.778252 25.815657 0.000000 0.000000 
23.496128 -20.682442 0.522112 -4.574539 22.526398 0.000000 0.000000 
23.491592 -21.633038 0.559915 3.937630 30.238714 0.000000 0.000000 
23.596426 -21.676373 0.666253 5.786606 32.486656 0.000000 0.000000 
30.514849 8.085849 0.580557 9.102776 32.168015 0.000000 0.000000 
30.491179 8.165133 0.014579 9.799164 33.021183 0.000000 0.000000 
30.674187 8.378804 -0.686490 -2.085808 25.119265 0.000000 0.000000 
32.576996 1.423376 1.573036 13.587494 38.732445 0.000000 0.000000 
32.693829 1.278529 1.177783 13.374336 41.328178 0.000000 0.000000 
28.965117 15.112546 0.464156 3.225800 28.658506 0.000000 0.000000 
32.413963 8.895406 -0.831974 16.704437 36.850056 0.000000 0.000000 
32.323299 9.191110 -0.778291 17.425079 38.986172 0.000000 0.000000 
32.360413 9.249015 -0.738820 20.244148 42.223377 0.000000 0.000000 
34.487087 8.716079 -1.268108 15.549202 36.620518 0.000000 0.000000 
34.600632 8.701457 -0.930991 15.170082 35.299686 0.000000 0.000000 
34.752823 14.714855 -0.286122 -1.885445 23.659672 0.000000 0.000000 
38.637909 -0.655786 1.319278 -3.803268 23.385262 0.000000 0.000000 
38.815647 -0.642729 -0.658080 6.318390 30.552925 0.000000 0.000000 
38.870079 -0.797500 -0.497058 6.131332 30.716366 0.000000 0.000000 
38.543926 8.074100 -0.443040 6.884659 27.408455 0.000000 0.000000 
38.611828 7.941647 -0.114802 9.395705 30.011463 0.000000 0.000000 
38.958683 7.162950 9.796473 4.465706 28.396158 0.000000 0.000000 
39.030067 13.603393 1.650690 0.576035 26.442614 0.000000 0.000000 
37.434887 17.783604 -0.783107 2.612495 26.177452 0.000000 0.000000 
36.937778 18.782104 0.408619 1.968468 23.135157 0.000000 0.000000 
43.731453 16.163601 -4.702187 0.559219 20.745058 0.000000 0.000000 
50.286148 15.578122 -0.778601 3.041969 21.150148 0.000000 0.000000 
50.377136 15.629474 0.248331 4.744583 21.235857 0.000000 0.000000 
2.592865 -7.637744 -0.223222 -2.534157 43.046719 0.000000 0.000000 
2.696472 -7.617509 -0.156176 -0.582047 44.416649 0.000000 0.000000 
2.270191 -8.086958 0.059381 -7.890976 39.313457 0.000000 0.000000 
2.372386 -8.091981 0.111327 -3.419724 42.375809 0.000000 0.000000 
2.633628 -8.150107 0.099043 -4.762634 43.940575 0.000000 0.000000 
2.447147 -8.930001 0.002894 -2.524155 40.450806 0.000000 0.000000 
2.476450 -8.964063 -0.018662 -1.859596 42.574692 0.000000 0.000000 
2.244482 -9.276745 0.090361 -9.628586 31.870342 0.000000 0.000000 
2.282615 -9.273006 0.091597 -5.669350 37.135891 0.000000 0.000000 
2.434278 -9.472188 0.156200 0.298424 41.321526 0.000000 0.000000 
2.413280 -9.511236 0.122478 3.450172 46.893188 0.000000 0.000000 
2.186946 -10.159176 -0.144782 -7.481300 36.794762 0.000000 0.000000 
2.425855 -10.244852 -0.135673 -4.564095 39.910034 0.000000 0.000000 
2.507037 -10.217817 -0.026737 -4.277275 39.467155 0.000000 0.000000 
2.309005 -10.528687 -0.110260 -1.958862 40.986946 0.000000 0.000000 
2.219162 -10.569070 -0.209695 -5.526184 33.090866 0.000000 0.000000 
2.103004 -10.806264 -0.361542 -3.953613 34.768681 0.000000 0.000000 
2.156654 -10.854514 -0.279834 -3.556084 37.330978 0.000000 0.000000 
2.232867 -10.941032 -0.328839 -6.928673 32.554703 0.000000 0.000000 
2.262683 -11.032581 -0.195557 -6.540672 33.790176 0.000000 0.000000 
2.279748 -11.144727 -0.269153 -8.230743 31.094898 0.000000 0.000000 
2.346218 -0.967018 0.035097 -13.754869 51.622849 0.000000 0.000000 
2.493417 -0.974858 0.035291 -13.587635 55.461441 0.000000 0.000000 
2.414204 -2.019547 0.037754 -24.588104 34.645657 0.000000 0.000000 
2.443523 -2.074285 0.006548 -27.115513 40.910088 0.000000 0.000000 
2.418915 -2.501914 0.137485 -23.669571 41.179832 0.000000 0.000000 
2.463131 -2.597018 0.055681 -22.301105 42.319458 0.000000 0.000000 
2.402242 -2.855906 -0.025178 -19.893311 43.644333 0.000000 0.000000 
2.405447 -3.124521 -0.101203 -28.439701 39.035416 0.000000 0.000000 
2.454186 -3.535522 0.084407 -14.290813 46.486176 0.000000 0.000000 
2.483301 -3.516319 0.107960 -13.364391 46.223007 0.000000 0.000000 
2.515236 -3.613589 0.075371 -9.806576 48.969097 0.000000 0.000000 
2.435406 -3.954789 0.033701 -19.088825 42.446465 0.000000 0.000000 
2.451930 -4.140222 0.030496 -15.008327 43.335747 0.000000 0.000000 
2.472408 -4.186786 0.054952 -15.174892 44.055702 0.000000 0.000000 
2.433275 -4.472021 -0.079816 -17.838741 40.230057 0.000000 0.000000 
2.455437 -4.548007 -0.082614 -21.029896 41.092216 0.000000 0.000000 
2.467909 -4.602208 -0.071414 -20.012650 40.417435 0.000000 0.000000 
2.472917 -4.734745 -0.054627 -19.386459 35.901398 0.000000 0.000000 
2.454103 -5.061058 0.077948 -9.607059 43.876564 0.000000 0.000000 
2.475580 -5.157392 0.066321 -11.496643 42.723175 0.000000 0.000000 
2.403935 -5.336732 -0.161613 -12.196888 40.740162 0.000000 0.000000 
2.448333 -5.499548 0.003406 -1.693115 46.462608 0.000000 0.000000 
2.445871 -5.502232 0.033913 0.785145 54.911327 0.000000 0.000000 
2.431632 -5.508989 0.013236 -1.842278 45.850887 0.000000 0.000000 
2.471184 -6.252280 0.067178 -9.105297 42.058216 0.000000 0.000000 
2.485549 -6.358411 0.038690 -6.128395 44.872208 0.000000 0.000000 
2.482342 -6.470072 -0.125276 -7.609558 44.544029 0.000000 0.000000 
2.477239 -6.745335 0.058638 -6.917725 43.917850 0.000000 0.000000 
2.472801 -6.794208 -0.028999 -6.286308 42.785168 0.000000 0.000000 
2.418642 -7.059632 -0.125240 -8.962925 44.594990 0.000000 0.000000 
2.432788 -7.229841 -0.085394 -2.567078 44.522587 0.000000 0.000000 
2.437121 -7.231565 0.030990 -4.157333 43.946651 0.000000 0.000000 
2.284703 -7.532500 0.145319 -7.629841 38.779015 0.000000 0.000000 
2.363580 -7.515432 0.075892 -9.821960 39.151569 0.000000 0.000000 
2.383377 -7.658508 0.067094 -7.222710 39.871529 0.000000 0.000000 
2.309081 -7.930979 0.103117 -3.933517 41.301933 0.000000 0.000000 
2.275912 -8.232438 -0.196989 -9.924965 41.017418 0.000000 0.000000 
2.414623 -8.425167 0.150280 -8.701881 37.503784 0.000000 0.000000 
2.458932 -8.461897 0.322931 -10.517982 32.430786 0.000000 0.000000 
2.282167 -8.753403 0.008009 -1.845650 43.749271 0.000000 0.000000 
2.252642 -8.956353 -0.004105 4.815231 46.237465 0.000000 0.000000 
2.242717 -8.959736 -0.024807 3.264633 47.458031 0.000000 0.000000 
2.126813 -9.429574 -0.191996 -1.509125 43.530651 0.000000 0.000000 
2.137914 -9.490035 -0.082206 -5.044167 39.685940 0.000000 0.000000 
2.166361 -9.486610 -0.165086 -3.890686 38.929199 0.000000 0.000000 
2.169279 -9.688293 -0.280651 -3.048714 38.708527 0.000000 0.000000 
2.174943 -9.798194 -0.404355 -3.909500 37.158585 0.000000 0.000000 
2.167027 -9.954661 -0.226637 -3.609825 41.083176 0.000000 0.000000 
2.306277 -10.121928 -0.250641 -2.881523 32.614361 0.000000 0.000000 
2.216510 -10.221919 0.252599 -2.528481 33.585091 0.000000 0.000000 
2.212046 -10.367311 0.065017 -4.049454 37.689445 0.000000 0.000000 
2.236504 -10.601601 -0.092070 -1.081360 35.446217 0.000000 0.000000 
2.281448 -10.614079 0.013953 -2.159134 36.146904 0.000000 0.000000 
2.216550 -11.046333 -0.345815 1.100922 40.925247 0.000000 0.000000 
2.166180 -11.108707 -0.227808 2.096329 40.903114 0.000000 0.000000 
2.274645 4.769475 -0.013284 -28.438412 26.634029 0.000000 0.000000 
2.412055 4.826263 -0.029350 -27.843472 28.809950 0.000000 0.000000 
2.302361 5.979084 -0.083604 -41.977283 19.043711 0.000000 0.000000 
2.457985 6.544136 -0.067778 -39.178631 23.084969 0.000000 0.000000 
2.291982 6.959550 0.037408 -10.941513 45.810097 0.000000 0.000000 
2.319186 6.984756 0.041883 -11.247849 46.588055 0.000000 0.000000 
2.385426 7.449682 -0.082021 -26.839890 32.056126 0.000000 0.000000 
2.291910 7.628665 -0.075186 -30.964104 28.991074 0.000000 0.000000 
2.288564 7.908095 -0.038146 -21.255119 35.001743 0.000000 0.000000 
2.373394 7.974502 -0.030496 -21.949951 36.902779 0.000000 0.000000 
2.411666 8.408853 -0.021150 -24.744568 29.487822 0.000000 0.000000 
2.271045 8.591940 -0.142016 -37.776814 23.543711 0.000000 0.000000 
2.268924 8.955418 0.017791 -8.511444 42.722504 0.000000 0.000000 
2.302016 9.001074 0.021614 -6.623722 42.578384 0.000000 0.000000 
2.329608 9.754650 -0.099260 -22.632305 24.844826 0.000000 0.000000 
1.804123 -11.895989 -3.654317 -10.727693 32.908226 0.000000 0.000000 
2.829063 -12.240977 0.140870 -8.557770 31.296463 0.000000 1.000000 
-6.014611 -1.063650 -0.561795 -0.173164 50.680779 0.000000 0.000000 
-6.017336 -1.024243 -0.594638 4.972679 55.402939 0.000000 0.000000 
-6.069461 -1.029165 -0.611518 7.139191 59.037418 0.000000 0.000000 
-6.822219 0.015846 0.111735 1.160545 49.471874 0.000000 0.000000 
-6.939059 0.014733 0.157397 6.255772 56.730724 0.000000 0.000000 
4.700737 -9.737921 0.639381 -6.559357 26.942986 1.000000 0.000000 
5.047957 -9.998893 -0.077545 -9.490883 22.577715 1.000000 0.000000 
4.601984 -10.297508 0.713856 -10.915399 27.124378 1.000000 0.000000 
5.264479 -10.138446 -0.497557 -9.158380 23.970375 1.000000 0.000000 
5.206448 -10.191514 0.580555 -10.117950 26.616848 1.000000 0.000000 
4.802084 -10.576920 -0.248830 -1.451408 33.534882 1.000000 0.000000 
4.789294 -10.776340 3.586368 -11.628143 27.384462 1.000000 0.000000 
4.896990 -10.914334 0.148834 -14.127365 21.320074 1.000000 0.000000 
4.608474 -11.121739 -0.054279 -9.968431 27.350185 1.000000 0.000000 
4.956668 -11.120201 0.207151 -14.109094 21.509792 1.000000 0.000000 
4.709985 -11.347305 -0.179663 -14.079124 23.220194 1.000000 0.000000 
-6.178830 -13.563795 -3.959021 -16.880707 28.852085 0.000000 0.000000 
-5.962520 -13.746045 -3.886321 -19.028244 27.601532 0.000000 0.000000 
-6.664958 -13.886728 -0.670467 -12.390953 26.177330 0.000000 0.000000 
-6.355022 -14.227166 -3.716536 -14.373970 24.037256 0.000000 0.000000 
-7.076376 -14.189569 -0.777453 -17.624123 22.919132 0.000000 0.000000 
-7.075922 -14.224110 -0.458945 -19.154488 22.285774 0.000000 0.000000 
-18.251400 -2.061285 -0.478027 3.476776 43.818344 0.000000 0.000000 
-18.412916 -2.514125 -0.251599 3.021751 40.215935 0.000000 0.000000 
-18.682974 -2.057907 -0.294524 6.963104 44.975735 0.000000 0.000000 
-18.682367 -2.087373 -0.299710 6.910622 44.928493 0.000000 0.000000 
-19.100763 -2.691200 1.310610 -13.337509 26.141846 0.000000 0.000000 
-19.083069 -2.924905 0.861339 -12.126595 27.919586 0.000000 0.000000 
-13.957859 -14.314276 -0.118812 -12.992822 27.232021 0.000000 1.000000 
-20.006382 -0.843580 4.270746 -14.967659 22.094763 1.000000 1.000000 
-12.286600 -17.960667 1.527164 -0.188141 33.045967 1.000000 0.000000 
-18.703962 -11.385717 1.961828 1.400208 33.851604 0.000000 0.000000 
-18.889460 -11.162910 1.082294 -1.490082 31.165646 0.000000 0.000000 
-12.334660 -18.238239 1.152439 6.276344 36.095207 1.000000 0.000000 
-19.067513 -11.495016 1.946702 -3.778336 29.571217 0.000000 0.000000 
-19.088537 -11.637063 1.484243 -1.386940 29.624866 0.000000 0.000000 
-12.434731 -18.728088 0.815389 -3.201424 28.279583 1.000000 0.000000 
-19.670465 -11.435681 2.264330 -1.306763 31.946865 0.000000 0.000000 
-12.425338 -19.150032 0.867560 1.957130 32.388187 1.000000 0.000000 
-19.727446 -11.490271 2.072260 -1.152412 32.764885 0.000000 0.000000 
-12.354322 -19.328358 -0.098340 -0.496201 30.672649 1.000000 0.000000 
-18.386240 -13.805732 8.365209 -4.963814 26.196484 0.000000 0.000000 
-14.689759 -17.818523 1.118988 -2.361206 27.300163 1.000000 0.000000 
-12.437302 -19.485359 -0.058307 -4.239708 26.123623 1.000000 0.000000 
-12.290249 -19.716919 0.618656 1.327736 29.504080 1.000000 0.000000 
-18.293577 -14.325353 -0.523103 16.028587 44.581032 0.000000 0.000000 
-18.420206 -14.314189 -0.799715 13.653915 43.634373 0.000000 0.000000 
-12.356020 -19.864361 1.051107 4.588089 33.725399 1.000000 0.000000 
-12.305708 -20.083065 1.021558 5.354362 35.891224 1.000000 0.000000 
-18.608528 -14.461464 -0.684727 0.097755 31.139626 0.000000 0.000000 
-18.609224 -14.473991 -0.907282 -1.891449 30.835453 0.000000 0.000000 
-12.289981 -20.205612 1.186695 7.532784 36.948513 1.000000 0.000000 
-12.327431 -20.538631 1.120187 9.996368 40.761360 1.000000 0.000000 
-12.358353 -20.520546 0.996700 9.917435 41.004051 1.000000 0.000000 
-18.291887 -15.504684 4.966671 -8.416702 26.468592 0.000000 0.000000 
-18.463045 -15.411929 4.940397 -5.637871 25.441738 0.000000 0.000000 
-12.348640 -20.913589 0.743179 10.203285 39.324284 1.000000 0.000000 
-12.434805 -21.033089 0.702000 6.367531 37.384590 1.000000 0.000000 
-12.336426 -21.194130 0.874115 8.566765 38.115921 1.000000 0.000000 
9.524957 -22.006294 -9.472640 -11.538879 22.617466 0.000000 1.000000 
-12.344483 -21.503384 0.325269 2.452583 33.569180 1.000000 0.000000 
-12.281867 -21.766567 1.087337 6.791550 36.281693 1.000000 0.000000 
-12.441079 -21.999508 1.047179 8.318633 37.397396 1.000000 0.000000 
-12.434064 -22.214478 0.977928 4.794312 34.978783 1.000000 0.000000 
-20.333384 -15.347624 1.746941 -2.947701 27.380678 0.000000 0.000000 
-12.387589 -22.501720 0.609445 3.612595 30.405693 1.000000 0.000000 
-12.399359 -22.777954 1.198778 -2.228363 25.905514 1.000000 0.000000 
-12.200104 -23.089634 1.198836 -0.097992 27.779713 1.000000 0.000000 
-12.288040 -23.898159 0.957248 3.022636 33.414845 1.000000 0.000000 
-12.328766 -24.360241 0.875416 6.785782 35.433151 1.000000 0.000000 
-12.267728 -24.463184 1.389413 2.617104 31.259729 1.000000 0.000000 
-12.335258 -24.830944 1.187258 1.113670 30.688513 1.000000 0.000000 
-12.208241 -25.032314 1.088854 3.494904 33.272266 1.000000 0.000000 
-12.173805 -25.379055 0.957937 9.539368 38.449158 1.000000 0.000000 
-12.134727 -25.780460 1.182827 22.079453 47.056549 1.000000 0.000000 
-12.212810 -25.888523 1.077695 18.211266 43.315655 1.000000 0.000000 
9.149030 -26.724739 9.217439 -6.159897 22.595644 0.000000 0.000000 
-12.269477 -26.239098 0.731971 9.363930 38.039707 1.000000 0.000000 
-12.186825 -26.679878 0.895129 10.913757 37.644485 1.000000 0.000000 
-12.208367 -26.783398 1.158227 12.642113 39.264698 1.000000 0.000000 
-12.170202 -27.164139 1.073468 16.653465 42.878994 1.000000 0.000000 
-27.898418 8.225384 -7.322817 2.650276 29.350965 0.000000 1.000000 
-12.756931 -27.314342 4.198768 -6.742485 22.206137 1.000000 0.000000 
-13.264469 -27.301163 2.639520 -5.045395 22.325344 1.000000 0.000000 
-14.645704 -27.383991 2.592540 -3.036430 24.643913 1.000000 0.000000 
15.132061 -26.334877 0.754322 1.910767 27.781914 0.000000 0.000000 
14.050808 -27.006199 0.459843 -1.452171 26.439804 0.000000 0.000000 
14.284106 -26.899731 0.297858 -1.410103 25.970070 0.000000 0.000000 
-14.641667 -27.756889 2.534863 4.902687 30.551785 1.000000 0.000000 
14.438426 -27.323982 -2.675948 -0.392418 24.381496 0.000000 0.000000 
12.646978 -29.076328 -0.571402 2.673096 28.508636 0.000000 0.000000 
14.149515 -28.575115 0.849808 -0.514511 24.408424 0.000000 0.000000 
-12.660323 -31.378342 0.883486 -2.793526 22.749557 1.000000 0.000000 
13.036583 -30.700783 -0.694360 -2.910187 23.855637 0.000000 0.000000 
-12.399965 -31.766216 1.239445 -0.317368 23.404512 1.000000 0.000000 
-1.745589 -37.382191 11.876677 8.920807 35.509464 0.000000 1.000000 
-1.773665 -37.425560 11.735417 4.745972 31.621763 0.000000 0.000000 
10.897260 -39.770962 3.068288 4.611633 26.766903 0.000000 0.000000 
9.322450 -41.152573 1.115141 4.230743 27.196442 0.000000 0.000000 
20.484491 -37.919201 0.713908 5.508072 24.899187 0.000000 0.000000 
18.475410 -39.930241 4.504970 -1.671097 21.636885 0.000000 0.000000 
-6.114452 -48.979050 -5.702309 3.073997 23.032337 0.000000 0.000000 
10.841906 -50.905544 4.917537 -2.372833 17.866365 0.000000 1.000000 
26.804441 -47.524506 1.064400 5.176468 21.547930 0.000000 1.000000 
26.238852 -47.855396 -0.938055 7.111702 21.776627 0.000000 1.000000 
17.879559 -51.996113 -1.657187 -3.368538 18.332966 0.000000 0.000000 
19.375238 -51.657410 -3.457560 -1.699783 19.635576 0.000000 0.000000 
27.141167 -49.442825 5.055408 0.399422 17.585876 0.000000 1.000000 
18.625090 -57.456699 2.918394 0.241768 17.474949 0.000000 0.000000 
-106.892578 -3.395224 6.953418 8.086327 16.619530 0.000000 0.000000 
-107.013031 -3.359742 6.638392 10.694626 19.790140 0.000000 0.000000 
-107.278915 -0.981061 4.226292 15.723183 24.293215 0.000000 0.000000 
-107.280357 -0.369243 5.245275 16.030319 24.050825 0.000000 0.000000 
-107.398537 -5.756445 4.657999 7.982323 20.659353 0.000000 0.000000 
-107.507561 -6.204271 5.081630 8.645844 19.450121 0.000000 0.000000 
-107.479553 -8.266212 1.152353 5.789108 15.430113 0.000000 0.000000 
-115.473396 -2.098246 4.963130 9.391959 19.785265 0.000000 0.000000 
-115.463058 -2.980528 5.410928 8.555678 16.901493 0.000000 0.000000 
60.420933 -147.597275 6.468959 19.147453 17.531679 0.000000 0.000000 
4.994386 -9.404964 -0.133440 -11.712936 22.572235 1.000000 0.000000 
4.948658 -9.810051 -0.235758 -13.915460 22.388638 1.000000 0.000000 
4.854411 -9.924756 1.083918 -15.635507 22.457724 1.000000 0.000000 
7.271455 -8.390497 -4.037945 0.761223 36.794960 0.000000 0.000000 
4.932646 -10.200438 -0.291322 -13.205132 22.239037 1.000000 0.000000 
4.948427 -10.518284 -1.276592 -14.324844 22.370527 1.000000 1.000000 
4.973747 -10.515987 -0.218024 -13.929811 23.648842 1.000000 0.000000 
4.850790 -10.804343 0.206344 -12.517471 21.804424 1.000000 0.000000 
2.112519 -11.601478 0.307048 -5.382065 35.412060 0.000000 0.000000 
11.944376 -3.141669 0.020409 8.968651 45.921364 0.000000 0.000000 
11.939926 -3.171247 0.030282 7.445503 43.594646 0.000000 0.000000 
4.094553 -12.365829 2.863864 -9.443321 32.612682 0.000000 1.000000 
12.858031 2.505362 -1.123184 -10.109291 30.166149 0.000000 1.000000 
12.362697 -5.858984 -5.307224 -12.970718 28.554934 0.000000 1.000000 
13.907034 -2.775136 0.661957 1.718910 40.832275 0.000000 0.000000 
14.058234 -2.742930 0.693239 -1.504257 36.103577 0.000000 0.000000 
-7.213886 -13.167023 -0.879160 0.960999 29.734467 0.000000 0.000000 
15.851435 -0.933764 -0.645531 0.894806 38.175652 0.000000 0.000000 
15.902592 -0.884317 -0.744541 -1.079300 37.059528 0.000000 0.000000 
-7.265769 -14.918601 -1.141124 -5.364998 28.311319 1.000000 1.000000 
17.046566 0.422785 -0.666720 8.732468 44.370193 0.000000 0.000000 
17.170465 0.410512 -0.782574 5.948555 42.857964 0.000000 0.000000 
-6.693443 -16.546463 -0.969899 -7.165352 28.878326 0.000000 0.000000 
17.014761 8.540851 0.364431 9.892090 38.596195 0.000000 0.000000 
16.998779 8.777242 0.521480 9.864380 39.027252 0.000000 0.000000 
-7.770481 -18.732773 -3.147189 -8.983368 28.241844 0.000000 0.000000 
18.724333 8.063878 -0.796919 0.521149 35.573643 0.000000 0.000000 
18.311890 9.855421 0.031610 9.706955 42.800705 0.000000 0.000000 
18.440506 9.962242 -0.102554 8.281203 41.590023 0.000000 0.000000 
18.713133 10.119708 6.846926 0.585381 32.165981 0.000000 0.000000 
11.365413 -21.160435 9.492568 -2.924370 27.246378 0.000000 0.000000 
-12.491539 -22.749836 1.241089 7.380219 30.765320 1.000000 0.000000 
-12.621743 -23.004295 0.735996 6.388474 27.618423 1.000000 0.000000 
-12.763000 -23.141884 1.189023 4.624931 27.741814 1.000000 0.000000 
-12.400049 -23.362823 0.748858 3.765083 27.883127 1.000000 0.000000 
-13.253462 -23.139175 0.434374 2.399445 21.689884 1.000000 0.000000 
-12.761573 -23.688282 0.755933 18.484688 39.603409 1.000000 0.000000 
-12.615685 -23.986023 0.751628 17.160530 38.347801 1.000000 0.000000 
-12.408443 -24.433441 1.009666 17.560066 40.432167 1.000000 0.000000 
-12.425381 -24.724098 0.604176 15.204353 36.013535 1.000000 0.000000 
-12.001292 -25.053207 0.595665 6.435394 29.572832 1.000000 0.000000 
-12.443071 -24.948761 0.661253 20.256714 41.704247 1.000000 0.000000 
-12.615583 -25.335869 0.734566 16.395988 37.945522 1.000000 0.000000 
-12.696814 -25.365700 0.859638 19.474159 40.757847 1.000000 0.000000 
-12.687960 -25.794003 0.656683 10.918343 33.216431 1.000000 0.000000 
25.000765 -15.373809 8.009166 -3.743347 26.477068 0.000000 0.000000 
-12.806242 -26.056007 1.447399 -5.723473 19.197605 1.000000 0.000000 
25.897083 -14.841465 1.140870 -3.187469 24.936813 0.000000 0.000000 
-12.999737 -26.491631 0.062647 -2.473267 20.599182 1.000000 0.000000 
-12.538766 -26.915615 0.829332 9.208823 32.362541 1.000000 0.000000 
-12.969216 -27.499619 -0.089003 -0.513916 22.482069 1.000000 0.000000 
-14.319811 -27.389755 1.913879 -0.920036 21.743496 1.000000 0.000000 
-14.181156 -27.755344 2.007058 -1.090500 20.356857 1.000000 0.000000 
3.622392 -32.343964 3.688092 -6.590363 23.800541 0.000000 1.000000 
-12.870185 -29.689350 -0.565204 -5.673302 18.330000 1.000000 0.000000 
-12.582478 -29.989864 0.600059 -0.492630 20.559799 1.000000 0.000000 
-13.409784 -29.703075 -0.350537 0.702850 24.486807 1.000000 0.000000 
32.705494 1.552384 13.710036 2.044289 33.071297 0.000000 0.000000 
-13.547832 -30.431747 3.093092 -5.026009 18.370541 1.000000 0.000000 
7.977209 -32.885063 -9.484106 -4.111580 23.472645 0.000000 0.000000 
-12.806656 -31.287907 0.866633 1.778107 23.010998 1.000000 0.000000 
-13.831392 -31.334084 1.342110 -5.281189 17.401049 1.000000 0.000000 
-13.724698 -31.692921 1.022954 0.056129 21.774975 1.000000 0.000000 
6.667377 -36.507492 -12.649427 2.233696 24.807062 0.000000 0.000000 
4.871534 -41.283348 17.326906 1.115593 25.710270 0.000000 0.000000 
29.403973 -30.763657 5.803107 -3.362320 21.902031 0.000000 1.000000 
43.110516 -0.222928 2.106516 5.910210 29.053354 0.000000 0.000000 
43.247513 -0.326161 1.378696 5.815125 28.054007 0.000000 0.000000 
43.493454 -0.452505 3.117800 0.720604 25.391321 0.000000 0.000000 
42.620014 8.798837 -1.402361 16.705421 34.946777 0.000000 0.000000 
42.666256 8.783028 -1.468841 15.439407 34.145119 0.000000 0.000000 
43.670216 -9.473174 8.728045 -1.571716 22.777702 0.000000 0.000000 
43.627968 -9.902940 9.741847 0.857445 24.525717 0.000000 1.000000 
43.065842 -12.877983 -2.085478 -3.135132 21.727953 0.000000 0.000000 
44.336903 9.905890 0.236023 9.029648 27.882549 0.000000 0.000000 
44.217304 13.690723 2.726111 1.926971 20.573925 0.000000 0.000000 
43.747261 15.689452 2.962084 -1.861687 20.830322 0.000000 0.000000 
46.543373 8.245024 -2.339946 18.500977 33.726002 0.000000 0.000000 
46.641850 8.293112 -3.859323 19.466690 35.544888 0.000000 0.000000 
47.644405 6.577196 10.864809 2.566811 24.740992 0.000000 0.000000 
44.802216 17.991508 -1.821475 -2.414658 19.036489 0.000000 0.000000 
48.342587 9.534335 -0.394802 -0.451134 18.754028 0.000000 0.000000 
46.589596 16.801182 0.611618 14.862907 32.015919 0.000000 0.000000 
46.720959 16.511906 1.395347 13.679916 31.102827 0.000000 0.000000 
47.435604 15.636989 -0.988438 8.579773 26.240776 0.000000 0.000000 
47.370110 15.897975 1.659432 3.315903 22.434460 0.000000 0.000000 
50.426613 9.570606 -1.314301 8.347092 27.769680 0.000000 0.000000 
50.234921 10.447130 -0.375970 11.964912 32.439163 0.000000 1.000000 
52.551048 9.068703 -0.014316 16.274368 32.786160 0.000000 0.000000 
52.550247 9.390032 0.173930 18.475624 32.888790 0.000000 0.000000 
52.677593 8.744092 -0.203188 15.483521 34.046383 0.000000 0.000000 
53.390594 10.570428 -1.268678 2.612640 18.959290 0.000000 0.000000 
54.894207 7.195356 -0.076005 22.607742 38.266678 0.000000 0.000000 
-1.565212 -55.683235 12.688304 8.310677 32.223328 0.000000 1.000000 
54.954567 7.164368 -0.553115 20.019394 34.754749 0.000000 0.000000 
10.820732 -54.873142 4.381526 12.302177 33.516479 0.000000 0.000000 
55.897606 9.379458 -2.326532 4.149963 20.684013 0.000000 0.000000 
56.019558 8.937719 -2.310066 6.027237 21.542767 0.000000 0.000000 
56.773781 9.193485 1.333385 15.222145 28.572487 0.000000 0.000000 
56.992527 8.891217 -0.895218 9.837280 26.238358 0.000000 0.000000 
58.046104 0.738814 0.594261 9.775803 27.580244 0.000000 1.000000 
58.055664 0.636281 0.962592 11.808662 29.036537 0.000000 0.000000 
58.179344 7.461105 -3.080683 7.923775 23.411081 0.000000 0.000000 
58.315449 7.328085 -2.885942 5.747490 21.987535 0.000000 0.000000 
56.032177 18.056732 -6.799491 8.669098 22.724506 0.000000 1.000000 
56.824566 15.684827 -8.159340 6.837616 19.857599 0.000000 1.000000 
58.542507 8.689448 -1.108767 20.933914 33.694885 0.000000 0.000000 
58.744278 8.336785 -1.435142 20.959923 34.514362 0.000000 0.000000 
60.333427 10.201396 0.370020 20.882019 33.532440 0.000000 0.000000 
60.460506 9.497348 -0.439029 23.734343 36.557556 0.000000 0.000000 
61.715755 -9.287648 -0.960603 0.623764 18.439386 0.000000 0.000000 
61.978916 -9.141202 3.615515 10.231712 27.264336 0.000000 0.000000 
62.031837 -9.157526 3.805894 10.948013 27.011757 0.000000 0.000000 
62.048470 -11.308806 1.658542 5.822960 22.446663 0.000000 0.000000 
62.665806 8.708830 -1.819042 12.315933 28.212070 0.000000 1.000000 
62.724361 8.564190 -2.356695 11.928352 28.093853 0.000000 1.000000 
64.011719 -9.842111 0.869757 6.961571 22.503803 0.000000 0.000000 
64.038300 -9.656332 1.187126 7.682571 22.093105 0.000000 0.000000 
57.612045 -31.588943 0.496404 15.452904 28.326576 0.000000 0.000000 
57.674919 -31.680981 2.229076 16.522881 28.315754 0.000000 0.000000 
57.448235 -32.136978 5.905351 16.068665 28.897657 0.000000 0.000000 
57.241997 -32.709473 5.230933 16.931389 30.090055 0.000000 0.000000 
65.991234 11.779325 2.518050 2.399170 18.225513 0.000000 1.000000 
66.735359 -10.541399 -0.664981 10.577400 28.276936 0.000000 1.000000 
66.724586 -10.865289 0.629798 14.760902 30.274902 0.000000 0.000000 
67.868851 10.259881 -0.143671 4.928642 18.277861 0.000000 0.000000 
68.021820 9.731301 -2.903376 6.930710 20.628805 0.000000 0.000000 
67.937561 12.145556 2.974628 12.704033 24.636076 0.000000 0.000000 
67.811676 12.868324 2.139282 21.850937 32.954254 0.000000 0.000000 
67.923225 12.884947 1.799663 24.461235 35.445393 0.000000 0.000000 
70.355034 -10.111009 -3.913802 9.897743 25.120314 0.000000 0.000000 
70.357712 9.943596 0.832195 10.929565 25.235559 0.000000 0.000000 
70.481140 9.635735 1.102305 7.973976 19.108414 0.000000 0.000000 
58.025269 -43.126888 5.102621 13.265793 26.593636 0.000000 0.000000 
72.559380 9.067993 -0.015730 29.298340 39.895725 0.000000 0.000000 
72.650383 8.809637 -0.230058 25.583824 35.714085 0.000000 0.000000 
74.859474 6.253943 -3.566496 12.457748 24.610712 0.000000 0.000000 
74.875603 6.988723 -3.127200 16.174210 26.876793 0.000000 0.000000 
55.587349 -53.000748 1.884356 15.791580 25.969212 0.000000 0.000000 
56.116653 -52.665218 3.666788 18.376160 30.069435 0.000000 0.000000 
76.767029 8.001925 -1.538733 15.345810 26.786840 0.000000 0.000000 
8.033832 -77.202621 -0.962329 11.672455 25.487490 0.000000 0.000000 
76.803177 8.086786 -1.407810 14.591110 24.778587 0.000000 0.000000 
8.254132 -77.200485 -1.131257 16.008751 28.598202 0.000000 0.000000 
78.648636 8.504155 -1.627789 20.675499 30.717091 0.000000 0.000000 
78.882500 7.906679 -2.313762 18.974091 29.561077 0.000000 0.000000 
80.594559 8.296417 -2.061626 12.691597 22.779274 0.000000 0.000000 
80.676506 8.852740 -1.678497 15.413651 26.599152 0.000000 0.000000 
80.662148 9.261211 -0.617566 12.097008 22.797409 0.000000 0.000000 
83.358528 -9.900453 11.947029 6.773338 18.235512 0.000000 0.000000 
55.856365 -64.073753 5.233371 9.911484 17.939100 0.000000 0.000000 
84.333923 10.739968 -1.019985 10.016586 22.446344 0.000000 0.000000 
84.409470 10.977162 -0.741087 11.111740 23.542469 0.000000 0.000000 
85.666603 -10.367652 10.242310 6.538994 18.732407 0.000000 0.000000 
86.334030 10.744733 2.430340 13.246620 21.554237 0.000000 0.000000 
86.433998 10.376431 1.925764 13.150734 20.806028 0.000000 0.000000 
57.629101 -67.874985 5.450911 18.102089 26.128334 0.000000 0.000000 
57.819916 -67.858200 5.043892 16.902802 24.823769 0.000000 0.000000 
57.801517 -67.986717 2.837226 16.480431 24.274769 0.000000 0.000000 
88.571579 9.833116 0.899347 13.056465 21.243105 0.000000 0.000000 
88.548805 10.057046 3.923946 13.915932 23.298532 0.000000 0.000000 
88.574173 9.884363 2.061212 17.540840 25.282246 0.000000 0.000000 
89.459412 -1.768193 -3.474424 6.154327 17.248093 0.000000 0.000000 
89.201736 -10.122880 9.091330 9.366332 22.037483 0.000000 0.000000 
89.352798 -9.007350 10.300298 8.209441 21.492546 0.000000 0.000000 
90.504066 9.649370 0.748601 21.802437 29.649210 0.000000 0.000000 
90.607994 10.071513 1.336037 24.922791 32.063267 0.000000 0.000000 
91.147751 -9.673850 6.266007 4.426048 16.690931 0.000000 0.000000 
91.093140 -11.508274 7.825294 8.079323 23.309502 0.000000 0.000000 
91.288872 -10.669797 9.067812 7.202438 21.723099 0.000000 0.000000 
91.327171 -10.379102 11.565704 8.156128 23.345798 0.000000 0.000000 
91.380997 -11.822418 10.726468 6.438057 18.012482 0.000000 0.000000 
91.387932 -12.330879 10.264362 12.948219 23.766232 0.000000 0.000000 
91.411179 -12.255058 14.044024 13.798309 24.802664 0.000000 0.000000 
91.479546 -12.276251 11.870153 9.258011 20.564991 0.000000 0.000000 
91.428772 -12.755442 11.706027 10.117844 19.760969 0.000000 0.000000 
91.578537 -12.196296 14.482162 10.078148 22.443874 0.000000 0.000000 
92.779007 8.054649 -0.822076 19.808655 28.127682 0.000000 0.000000 
92.862312 7.928543 -1.050690 17.663033 25.658215 0.000000 0.000000 
92.728920 -12.395169 12.470480 8.423325 17.916025 0.000000 0.000000 
94.606903 8.947958 1.485470 7.756897 15.231400 0.000000 0.000000 
96.343788 -11.798854 9.009829 10.747658 20.427746 0.000000 0.000000 
96.361931 -12.062958 8.368017 11.232414 20.941673 0.000000 0.000000 
97.461281 -12.263887 7.399671 8.677872 18.039688 0.000000 0.000000 
102.572548 9.201993 2.176517 8.237823 16.531437 0.000000 0.000000 
108.467857 -10.355796 7.290141 12.795036 19.443939 0.000000 0.000000 
108.515388 -10.058064 9.173213 12.995979 18.321678 0.000000 0.000000 
107.799797 16.144897 -0.451871 16.708038 22.219124 0.000000 0.000000 
107.949539 15.627461 -1.905498 11.708557 18.936728 0.000000 0.000000 
113.997627 -8.643353 -11.785284 9.478485 16.729090 0.000000 0.000000 
7.281545 -115.925575 -3.997681 10.086365 17.239906 0.000000 0.000000 
7.724096 -115.950287 -2.158692 6.661797 14.789204 0.000000 0.000000 
5.909926 -116.054192 -8.707903 9.710472 19.309376 0.000000 0.000000 
55.652813 -103.550392 -2.133903 16.797340 21.736450 0.000000 0.000000 
118.259125 1.730144 2.108812 8.813849 17.802090 0.000000 0.000000 
118.303429 2.171339 2.480015 12.185455 22.033566 0.000000 0.000000 
118.513824 -0.531620 2.509782 8.167580 19.576021 0.000000 0.000000 
117.066582 19.531349 0.703984 13.034264 17.553658 0.000000 0.000000 
118.685631 7.532266 -7.539423 13.766335 18.334023 0.000000 0.000000 
118.814636 8.603027 -3.950002 13.081062 18.736731 0.000000 0.000000 
118.849060 8.609556 -5.080619 14.537834 19.401632 0.000000 0.000000 
119.909836 0.906208 -0.532833 10.038124 16.234121 0.000000 0.000000 
119.974602 0.467722 0.017412 10.442459 17.184513 0.000000 0.000000 
124.652466 8.365768 -4.110184 11.492392 15.541851 0.000000 0.000000 
7.844450 -125.796654 7.215296 11.190788 14.635899 0.000000 0.000000 
127.336388 17.217674 3.549954 19.681549 21.238327 0.000000 0.000000 
128.693146 8.032196 -5.407397 12.378822 14.890728 0.000000 0.000000 
10.234898 -129.293640 0.138240 14.275238 17.386057 0.000000 0.000000 
6.405725 -130.734741 -3.545024 11.017761 16.176300 0.000000 0.000000 
7.792859 -131.901382 2.099447 10.802689 14.778191 0.000000 0.000000 
132.886932 -13.693769 5.396745 13.193657 18.003086 0.000000 0.000000 
7.825979 -134.369827 1.660857 16.893303 19.605202 0.000000 0.000000 
6.746428 -135.655487 -0.572260 13.220337 17.896236 0.000000 0.000000 
136.677170 10.646601 -4.173348 15.711243 18.013285 0.000000 0.000000 
7.743623 -138.097198 -0.170190 11.226341 14.563293 0.000000 0.000000 
138.232956 12.175689 -0.304496 19.914267 22.157768 0.000000 0.000000 
7.809869 -140.805756 -0.836460 12.048645 15.240746 0.000000 0.000000 
140.385376 11.445359 -2.059575 14.326042 15.247536 0.000000 0.000000 
8.949816 -142.103271 -7.517792 13.037071 14.534184 0.000000 0.000000 
142.247574 13.218654 0.987560 20.245552 22.720167 0.000000 0.000000 
7.817029 -143.398315 -0.130709 23.435814 26.155849 0.000000 0.000000 
8.454828 -143.804855 -1.022220 12.098900 14.328915 0.000000 0.000000 
7.813179 -144.634521 -2.667399 22.722519 24.392235 0.000000 0.000000 
144.437012 11.797244 2.608849 13.831146 16.010792 0.000000 0.000000 
6.427670 -145.867798 -1.586618 12.801842 14.860058 0.000000 0.000000 
7.250750 -145.891113 -3.469852 18.166985 20.301420 0.000000 0.000000 
146.335861 13.366959 8.432711 22.501656 23.288403 0.000000 0.000000 
7.802213 -147.097870 -0.677569 25.128136 27.760326 0.000000 0.000000 
8.346790 -148.300674 -4.378662 21.471497 22.527550 0.000000 0.000000 
148.395889 13.417475 2.645669 17.952187 18.259523 0.000000 0.000000 
6.914561 -149.598969 -3.616648 18.814537 20.235750 0.000000 0.000000 
7.706526 -150.792053 -6.709576 15.492447 16.512167 0.000000 0.000000 
150.226639 12.185145 -1.550600 15.816513 16.359869 0.000000 0.000000 
152.687485 10.835464 0.168090 13.826172 13.610260 0.000000 0.000000 
164.115997 -14.388462 13.809196 19.875832 20.760708 0.000000 0.000000 
166.447845 -10.425393 14.794246 15.685265 15.886997 0.000000 0.000000 
57.442287 -159.122223 4.022255 16.183693 16.574387 0.000000 0.000000 
4.084955 -172.246201 -8.493793 15.411171 15.023657 0.000000 0.000000 
8.011514 -173.356720 -6.329949 20.845375 20.168182 0.000000 0.000000 
19.101448 -181.585236 1.063190 14.728256 12.558044 0.000000 0.000000 
176.045746 65.086510 17.781496 34.689812 28.015621 0.000000 0.000000 
185.426178 64.451706 18.013531 22.709862 16.041187 0.000000 0.000000 
193.597672 60.745140 4.276587 21.360031 15.429136 0.000000 0.000000 
-0.332389 8.827976 0.009615 -45.185669 18.052235 1.000000 1.000000 
3.021788 10.563038 0.066004 -30.955040 10.867104 1.000000 1.000000 
2.291810 12.324390 0.385452 -16.011475 33.091042 0.000000 0.000000 
2.029752 12.474317 -0.070042 -35.848213 15.619156 1.000000 1.000000 
2.218637 12.839424 -1.003908 -11.430786 36.207344 0.000000 0.000000 
2.196263 13.102892 -1.164340 -10.855682 33.646904 0.000000 0.000000 
2.278929 13.528813 -0.079515 -2.174263 38.118713 0.000000 0.000000 
2.362269 13.953304 -0.108777 -0.118080 41.636543 0.000000 0.000000 
2.109932 14.172521 -0.110716 -28.262527 13.020611 1.000000 1.000000 
2.478222 14.264426 0.089610 -31.596977 10.554726 1.000000 1.000000 
2.324313 14.383457 -0.155945 3.066193 43.738865 0.000000 0.000000 
2.313942 14.394370 -0.160429 0.259453 40.254017 0.000000 0.000000 
2.303228 14.493885 -0.151326 2.114754 41.475853 0.000000 0.000000 
2.184928 14.639862 -0.031060 -35.681061 8.006485 1.000000 1.000000 
2.348002 14.843964 -0.126947 -3.563309 35.543938 0.000000 0.000000 
2.382710 14.948300 -0.042864 -32.564835 12.797897 1.000000 1.000000 
2.271208 15.182879 0.137173 -9.604774 35.430561 0.000000 0.000000 
2.270389 15.287472 0.178422 -12.879991 36.307938 0.000000 0.000000 
2.320658 15.721970 0.325686 -6.607025 35.878235 0.000000 0.000000 
2.330418 15.827865 0.258483 -7.908081 32.475269 0.000000 0.000000 
2.253265 16.179459 -0.183041 -15.338142 33.480019 0.000000 0.000000 
2.537005 16.463158 0.174541 -39.437813 8.224720 1.000000 1.000000 
2.339923 16.605171 -0.056851 -7.643875 35.753712 0.000000 0.000000 
2.329859 16.715393 -0.019995 -5.665581 35.034664 0.000000 0.000000 
2.218514 16.737137 0.248936 -18.514542 27.700138 0.000000 0.000000 
2.185584 17.215630 -0.066292 -18.518799 28.514538 0.000000 0.000000 
2.265954 17.515245 -0.169677 -3.212494 36.733189 0.000000 0.000000 
2.284031 17.536388 -0.082095 -2.679146 36.959976 0.000000 0.000000 
2.210518 17.831577 -0.167531 -34.325508 7.798957 1.000000 1.000000 
2.314905 17.949209 0.309210 -6.929565 30.890085 0.000000 0.000000 
2.394863 18.235683 -0.186011 -11.283569 27.461918 1.000000 1.000000 
2.342430 18.262159 0.336652 -4.046616 30.877720 0.000000 0.000000 
2.333928 18.362123 -1.348836 -5.839439 34.075642 0.000000 0.000000 
2.253212 18.701797 0.057601 -11.348329 26.795424 0.000000 0.000000 
2.247926 19.323093 0.287636 -7.734932 30.437229 0.000000 0.000000 
2.040367 19.480051 0.007787 -20.752777 16.282871 1.000000 1.000000 
2.353605 19.493584 -0.303025 -26.986259 11.146358 1.000000 1.000000 
2.298253 19.571297 -0.295789 -3.314781 35.605270 1.000000 1.000000 
2.186723 19.741089 -0.061042 3.315208 40.327805 0.000000 0.000000 
2.231459 19.871370 0.189125 2.678314 39.339001 0.000000 0.000000 
2.174405 20.432741 0.352738 -4.162964 33.929920 0.000000 0.000000 
2.260569 20.449362 -0.109043 -1.091263 37.496677 1.000000 1.000000 
2.151516 20.576775 -0.549435 8.314063 46.555458 0.000000 0.000000 
2.220608 20.959383 -0.431135 -0.493973 35.139297 0.000000 0.000000 
2.193672 21.000778 -0.478476 5.465408 42.411423 0.000000 1.000000 
-6.696497 22.570776 -2.496392 -9.325584 29.923687 0.000000 0.000000 
-6.555734 22.932446 0.293076 -8.624977 27.998829 0.000000 0.000000 
-6.550955 23.080927 0.392037 -6.574173 30.403234 0.000000 0.000000 
-7.005514 23.379435 0.472813 -10.431206 29.676535 0.000000 0.000000 
-7.100315 23.414476 0.157619 -8.425804 30.341820 0.000000 0.000000 
10.672492 22.121645 2.217840 -6.139137 30.334373 0.000000 0.000000 
-7.441586 24.131811 0.840044 -13.016060 26.917532 0.000000 0.000000 
-7.391809 24.160427 0.807906 -12.172363 27.938084 0.000000 0.000000 
-7.380311 24.493460 8.162256 -15.542259 24.117651 0.000000 0.000000 
2.764003 25.712484 0.625912 -18.126518 23.774475 0.000000 0.000000 
7.868443 24.453568 0.344497 -15.566911 23.410229 0.000000 0.000000 
7.692230 24.875439 -1.216452 -9.812988 27.611748 0.000000 0.000000 
-19.470856 15.068295 9.596148 7.121841 25.611355 0.000000 0.000000 
3.301524 26.548862 -2.952867 -13.377130 25.594427 0.000000 0.000000 
7.319816 25.780043 0.179003 -8.772621 27.984592 0.000000 0.000000 
7.396482 25.951878 -9.743239 -18.001961 24.580750 0.000000 0.000000 
-10.293493 25.264519 -3.489417 -13.322731 24.944765 0.000000 0.000000 
16.433727 21.175009 -0.366890 -9.186684 20.166737 0.000000 0.000000 
-10.706616 26.047438 -4.159240 -9.535484 26.590130 0.000000 1.000000 
7.395567 27.824726 3.966978 -17.086273 22.947109 0.000000 0.000000 
8.401374 27.887321 3.713378 -11.034775 23.773184 0.000000 0.000000 
-0.091060 29.322466 -7.162650 -12.948547 24.647701 0.000000 1.000000 
-0.221043 29.350533 -0.610744 -16.311653 24.199345 0.000000 0.000000 
0.089831 29.383015 0.429909 -16.031586 24.274204 0.000000 0.000000 
5.594515 29.143627 -9.984822 -16.568237 24.410723 0.000000 0.000000 
0.075748 29.783201 1.193186 -16.986732 26.081596 0.000000 0.000000 
0.509632 30.431103 -1.213560 -19.881401 21.315620 0.000000 0.000000 
8.531437 29.262257 -1.545708 -9.285553 27.628635 0.000000 0.000000 
8.852176 29.292316 -9.046013 -16.073639 22.913708 0.000000 0.000000 
8.115276 29.835934 4.379640 -15.139320 23.810064 0.000000 0.000000 
8.306604 30.139488 4.877123 -17.026550 22.554209 0.000000 0.000000 
-14.063271 27.663345 0.038689 -10.121033 23.607220 0.000000 0.000000 
6.018117 31.291712 5.437093 -15.743820 25.558455 0.000000 0.000000 
6.683518 31.545818 7.508661 -18.723717 21.908611 0.000000 0.000000 
6.942229 31.704880 2.353299 -12.497833 22.684063 1.000000 1.000000 
6.999064 32.288071 2.332316 0.850876 33.053066 0.000000 0.000000 
7.096531 32.363373 2.488305 0.562943 34.142197 0.000000 0.000000 
6.829866 32.443127 5.312006 -13.984039 24.792767 0.000000 0.000000 
6.774663 32.691864 -0.740685 -16.379478 16.737030 1.000000 1.000000 
7.409062 32.569283 -3.755180 -15.407669 21.310032 0.000000 0.000000 
6.350531 32.999924 -0.370439 -13.392578 22.625633 0.000000 0.000000 
6.392958 33.166451 0.630279 -11.669403 23.163033 0.000000 0.000000 
8.091216 32.849213 -0.238446 -30.531235 5.976623 1.000000 1.000000 
8.020934 32.948769 -0.432845 -19.245110 10.822411 1.000000 1.000000 
6.867344 33.245758 5.232544 -15.612022 21.024067 0.000000 0.000000 
8.150043 33.276318 -0.436390 -28.846382 5.452163 1.000000 1.000000 
6.948422 33.739967 -0.835692 -1.193893 32.580158 0.000000 0.000000 
7.093048 33.841202 -0.855028 -2.242546 30.178154 0.000000 0.000000 
7.966702 33.762222 -0.268112 -20.719978 10.507404 1.000000 1.000000 
6.296409 34.298599 -0.486959 -12.579231 23.171589 0.000000 0.000000 
15.391539 30.898138 1.118181 -3.263321 29.099483 0.000000 1.000000 
7.405804 34.566338 3.340533 -8.688179 25.414555 0.000000 0.000000 
7.220860 34.746895 3.307587 -15.063728 20.635336 0.000000 0.000000 
7.426782 34.706055 3.541024 -13.254312 21.069412 0.000000 0.000000 
5.402502 35.391426 4.270691 -13.236763 22.887871 0.000000 0.000000 
5.922575 35.518974 4.083511 -12.587036 20.460737 0.000000 0.000000 
5.907591 35.524536 4.222447 -14.457582 20.838470 0.000000 0.000000 
8.324556 35.176506 1.878388 -7.805153 28.634708 0.000000 0.000000 
7.641514 35.370243 -0.201735 -26.966461 5.458892 1.000000 1.000000 
8.995089 35.339413 -5.079865 -13.086601 23.861235 0.000000 0.000000 
6.414399 36.063271 3.805031 -7.531555 25.890022 0.000000 0.000000 
6.402178 36.085426 0.945167 -8.814888 26.122669 0.000000 0.000000 
6.519369 36.325146 3.411668 -2.796402 28.004103 0.000000 0.000000 
7.399414 36.295425 2.630211 -15.112100 24.165514 0.000000 0.000000 
6.898187 36.472313 8.965569 -10.574243 23.607307 0.000000 0.000000 
6.242529 36.820930 14.329454 -12.464508 22.596870 0.000000 0.000000 
6.582896 36.915668 2.597565 -9.024956 24.724180 0.000000 0.000000 
6.759703 37.305393 7.671484 -17.342422 21.327423 0.000000 0.000000 
13.892808 35.275040 4.598848 -16.126106 17.820549 0.000000 1.000000 
22.466999 30.363041 0.818622 2.057762 22.301785 0.000000 0.000000 
23.003077 30.011856 1.058311 -5.239388 17.416218 0.000000 0.000000 
22.579191 30.594467 1.074323 -1.708702 22.551195 0.000000 0.000000 
22.139565 30.983139 0.413227 0.595490 21.203279 0.000000 0.000000 
9.172671 38.106834 8.544335 -18.563324 19.234921 0.000000 0.000000 
7.069196 39.072754 -0.167023 -14.808235 19.922468 0.000000 0.000000 
23.090794 31.508766 0.748800 -2.561035 17.335051 1.000000 1.000000 
6.998160 39.440811 -0.073763 -19.291832 17.633308 0.000000 0.000000 
6.491098 39.574589 -0.440929 -17.241974 18.464302 0.000000 0.000000 
5.771675 40.118282 6.563775 -14.427734 20.059898 0.000000 0.000000 
6.195942 40.064312 6.977474 -17.199951 19.968307 0.000000 0.000000 
6.036641 40.147099 -0.448668 -18.679855 17.734749 0.000000 0.000000 
6.558438 40.159554 14.516695 -20.762367 17.609812 0.000000 0.000000 
6.069505 40.376007 5.518266 -15.070596 20.418232 0.000000 0.000000 
6.041199 40.516224 6.463191 -14.756410 20.007515 0.000000 0.000000 
6.377988 40.574409 5.494877 -17.706802 17.670437 0.000000 0.000000 
5.981831 40.985584 5.497533 -18.745705 18.161758 0.000000 0.000000 
6.075659 41.122547 0.796479 -12.449327 19.765297 0.000000 0.000000 
6.201345 41.371590 0.153743 -19.127922 17.870934 0.000000 0.000000 
6.400106 41.359741 0.040111 -19.519157 15.851131 0.000000 0.000000 
7.329212 41.278049 -1.015248 -12.788185 19.759686 1.000000 1.000000 
8.674488 41.302185 3.591398 -11.820518 20.214918 0.000000 0.000000 
9.159787 41.208530 3.001461 -13.004869 22.160627 0.000000 0.000000 
8.396824 41.441776 3.491714 -6.233459 23.292809 0.000000 0.000000 
7.853848 41.585732 -0.786470 -4.107468 24.797628 0.000000 0.000000 
7.694276 41.731831 -0.911744 -8.188019 22.592136 0.000000 0.000000 
7.498844 41.983139 -0.914079 -6.813316 24.803669 0.000000 0.000000 
5.382782 42.457062 -0.577865 -16.869598 19.810818 0.000000 0.000000 
5.179179 42.789692 -0.610097 -12.451904 20.717621 0.000000 0.000000 
5.255209 42.817146 -0.612705 -7.296532 22.587149 0.000000 0.000000 
5.221850 42.833786 -0.484556 -8.782005 21.294668 0.000000 0.000000 
5.545315 43.133129 -0.634208 -15.798477 19.316223 0.000000 0.000000 
10.003244 42.299305 5.305288 -18.084869 16.257647 0.000000 0.000000 
9.970962 42.313725 5.182747 -18.677361 15.833273 0.000000 0.000000 
7.640810 42.879356 11.369373 -17.430588 17.222029 0.000000 0.000000 
5.188055 43.582474 -0.468229 -7.025002 21.698492 0.000000 0.000000 
5.106936 43.609837 -0.903825 -19.221054 15.209915 0.000000 0.000000 
5.140682 43.620152 -0.551731 -14.832565 17.219784 0.000000 0.000000 
5.255326 43.610756 -0.442615 -6.150970 22.700426 0.000000 0.000000 
5.271990 43.689381 -0.327620 -10.624864 19.982203 0.000000 0.000000 
5.295252 43.712608 -0.534120 -8.711449 22.253578 0.000000 0.000000 
5.530114 44.015759 -0.770412 -19.739723 12.448364 1.000000 1.000000 
5.208662 44.078716 -0.341256 -13.436554 17.533091 0.000000 0.000000 
5.270220 44.128571 -0.811218 -13.435791 20.235023 0.000000 0.000000 
7.809374 43.763287 3.071295 -8.622017 23.192333 0.000000 0.000000 
7.812742 43.890549 3.514319 -14.549301 18.311069 0.000000 0.000000 
7.908585 43.921555 3.346875 -2.930717 27.009565 0.000000 0.000000 
7.374310 44.135349 5.352542 -10.502251 20.744207 0.000000 0.000000 
8.143597 44.041538 3.764448 -9.666344 22.718103 0.000000 0.000000 
7.214462 44.273994 5.385702 -12.327911 20.779610 0.000000 0.000000 
7.501038 44.243092 5.697044 -8.575050 22.405479 0.000000 0.000000 
5.441868 44.905434 -0.476352 -14.402275 14.605686 1.000000 1.000000 
13.064606 43.234241 -5.989519 -12.623712 18.113174 0.000000 1.000000 
6.786399 44.844612 6.173609 -15.961586 17.173473 0.000000 0.000000 
7.208297 44.845055 5.725296 -12.493889 20.456669 0.000000 0.000000 
15.404063 42.898460 -6.354848 -16.139641 14.394245 0.000000 0.000000 
8.357014 45.438026 -5.847370 -15.776315 16.756310 0.000000 0.000000 
6.867817 46.108494 6.204515 -17.928238 15.546490 0.000000 0.000000 
7.672215 46.143875 12.059982 -18.745819 15.821016 0.000000 0.000000 
9.048634 46.045296 4.151258 -14.751489 18.656218 0.000000 0.000000 
8.979691 46.126003 4.447588 -16.885910 17.483948 0.000000 0.000000 
5.515535 47.147907 17.912155 -19.597633 16.095522 0.000000 0.000000 
6.773794 47.115479 -9.533047 -17.758698 15.380922 0.000000 0.000000 
8.083239 47.033333 5.098113 -4.736649 23.431236 0.000000 0.000000 
8.125163 47.147526 5.385348 -11.550102 20.369888 0.000000 0.000000 
8.359181 47.123756 -6.494225 -13.534554 18.990685 0.000000 0.000000 
8.039358 47.624554 4.299914 -13.093010 19.806631 0.000000 0.000000 
8.915093 47.469376 -6.024722 -13.977838 20.062731 0.000000 0.000000 
35.064987 31.577154 1.209850 16.725327 26.979691 0.000000 0.000000 
7.612917 48.038689 2.569726 -11.121942 21.570198 0.000000 0.000000 
35.251019 31.718679 1.454736 14.724464 25.703289 0.000000 0.000000 
7.243733 48.207932 5.198481 -18.732101 12.613453 1.000000 1.000000 
35.180801 31.966461 1.675952 10.202286 20.866936 0.000000 0.000000 
8.149596 48.160175 4.945902 -17.421249 13.707027 1.000000 1.000000 
9.472038 48.072540 3.068614 -13.706863 18.888382 0.000000 0.000000 
15.883877 46.242867 -4.150672 -12.219711 17.620962 0.000000 0.000000 
7.970700 48.922527 5.099712 -11.082115 18.509943 0.000000 0.000000 
7.366118 49.064442 5.102194 -10.168625 21.210243 0.000000 0.000000 
6.790247 49.191326 4.327167 -13.630630 17.505457 0.000000 0.000000 
9.840455 48.955166 5.598852 -19.521812 15.219587 0.000000 0.000000 
7.670420 49.377583 5.183460 -10.059746 18.437962 0.000000 0.000000 
8.903135 49.228264 5.200637 -12.137253 18.284571 0.000000 0.000000 
8.504748 49.350395 4.784217 -9.705032 18.422270 0.000000 0.000000 
8.091106 49.792606 5.119071 -17.935303 14.918301 0.000000 0.000000 
7.576954 50.016216 -11.572192 -21.247543 12.618729 0.000000 0.000000 
7.639876 50.982906 6.168822 -9.659996 17.185760 0.000000 0.000000 
7.808929 51.009811 5.933164 -5.037231 22.869373 0.000000 0.000000 
9.429643 50.751247 4.020796 -19.374161 11.597206 0.000000 0.000000 
7.827044 51.172249 -7.186890 -6.342216 18.937836 0.000000 0.000000 
7.872191 51.170246 -6.588063 -9.362846 17.151396 0.000000 0.000000 
7.744761 51.192360 5.747020 -7.454361 22.765396 0.000000 0.000000 
7.834939 51.186699 -7.134430 -6.328285 21.612661 0.000000 0.000000 
7.791184 51.764511 5.168419 -12.660172 18.234142 0.000000 0.000000 
12.816113 50.700901 3.883300 -11.165146 17.770452 0.000000 0.000000 
6.640781 52.134800 5.466102 -10.738579 16.586643 1.000000 1.000000 
12.179720 51.253960 3.479498 -16.081963 14.110882 0.000000 0.000000 
12.320646 51.228348 3.607680 -15.173982 15.295324 0.000000 0.000000 
12.207935 51.525993 3.095401 -11.394876 17.846397 0.000000 0.000000 
12.336058 51.517376 2.784937 -15.781831 16.276234 0.000000 0.000000 
6.863659 53.081928 5.877601 -8.528877 21.281342 0.000000 0.000000 
6.940604 53.355679 -7.743415 -6.008301 20.788170 0.000000 0.000000 
6.888487 53.399052 6.087976 -6.659561 19.746115 0.000000 0.000000 
7.147880 53.389595 6.008269 -1.347786 23.770710 0.000000 0.000000 
7.113294 53.440697 6.278726 -1.535873 23.344191 0.000000 0.000000 
7.331909 53.457268 5.736636 -6.904533 20.558437 0.000000 0.000000 
7.123381 53.623825 3.162769 -8.020142 17.380760 1.000000 1.000000 
6.339783 53.932564 4.987140 -12.034561 17.418154 0.000000 0.000000 
6.506341 54.070137 2.450643 -13.374138 20.844063 0.000000 0.000000 
7.064462 54.196716 4.337762 -1.237831 27.723427 0.000000 0.000000 
8.613028 54.085339 3.452993 -8.643982 20.477274 0.000000 0.000000 
7.785180 54.278030 2.076873 -7.577118 18.929188 0.000000 0.000000 
37.780098 38.699165 1.152747 1.207375 17.741108 0.000000 1.000000 
7.964746 54.658733 5.022300 -9.000526 19.732567 0.000000 0.000000 
8.454182 54.632126 3.541358 -10.900749 19.188446 0.000000 0.000000 
7.470566 54.840614 3.533480 -4.105598 21.096609 0.000000 0.000000 
7.488507 54.929260 3.098243 -1.497032 25.395893 0.000000 0.000000 
6.467752 55.105927 4.207528 1.055351 26.165504 0.000000 0.000000 
6.894438 55.161671 -6.544267 -2.593796 21.740974 0.000000 0.000000 
6.521426 55.301037 -6.030647 -5.047012 22.933918 0.000000 0.000000 
7.667972 55.226170 3.432410 -10.303421 19.679359 0.000000 0.000000 
7.087852 55.657772 5.835211 -2.805733 23.078632 0.000000 0.000000 
43.261982 33.411217 1.818371 8.896506 16.706009 1.000000 1.000000 
14.770877 54.455585 -4.245090 -12.435098 16.290165 0.000000 0.000000 
6.757420 56.371899 -7.115661 -5.084915 18.066151 1.000000 1.000000 
44.059643 33.539085 2.045613 18.209778 23.105141 0.000000 0.000000 
44.581768 32.787071 1.437780 20.943810 25.943531 0.000000 0.000000 
44.237591 33.324745 1.944328 20.784470 25.307684 0.000000 0.000000 
44.903461 32.333412 1.522238 18.084152 24.395721 0.000000 0.000000 
45.084274 32.609951 1.563644 7.759148 16.187256 0.000000 0.000000 
6.963559 56.985252 5.906340 -5.622650 23.928221 0.000000 0.000000 
6.781615 57.024918 5.482674 -8.160507 19.425121 0.000000 0.000000 
44.221603 34.392342 13.422297 7.783646 18.224396 0.000000 0.000000 
6.852331 57.378078 -5.933526 -16.474564 12.808655 0.000000 0.000000 
7.502783 57.413094 2.187234 -7.275620 19.252666 0.000000 0.000000 
48.787056 28.060129 5.579836 11.748489 18.556686 0.000000 0.000000 
6.955133 57.922062 4.857773 -14.129425 16.162231 0.000000 0.000000 
6.063926 58.125965 9.795224 -14.519470 11.791637 1.000000 1.000000 
7.874927 58.046417 -6.229453 -12.109239 17.302452 0.000000 0.000000 
7.055117 58.174675 1.861873 -12.532968 15.826231 1.000000 1.000000 
7.126920 58.255642 7.171309 -7.454910 18.398890 0.000000 0.000000 
7.149723 58.273014 4.747988 -12.386787 15.807335 0.000000 0.000000 
6.286120 58.746304 9.717007 -9.273720 17.485390 0.000000 0.000000 
6.061309 58.823448 9.573223 -5.696495 21.654970 0.000000 0.000000 
6.105469 58.919487 9.821336 -8.859482 19.438221 0.000000 0.000000 
6.844292 58.911827 6.272804 -8.292633 16.642513 0.000000 0.000000 
7.022214 59.048340 3.944197 -17.566986 10.299885 0.000000 0.000000 
7.133985 59.139256 5.987697 -19.285866 14.472618 0.000000 0.000000 
6.293465 59.265800 -7.701404 -17.501640 12.706188 0.000000 0.000000 
7.427754 59.507320 -9.492420 -16.469276 13.648907 0.000000 0.000000 
7.756300 59.496269 5.285221 -12.954704 15.659248 0.000000 0.000000 
7.362208 59.590965 8.224032 -8.932854 18.146250 0.000000 0.000000 
6.888027 59.664169 9.132751 -13.327415 15.494732 0.000000 0.000000 
8.074757 59.530609 3.942065 -12.008293 16.714869 0.000000 0.000000 
7.950189 59.857292 9.951880 -15.988029 13.993950 0.000000 0.000000 
8.137366 59.877636 8.289971 -13.516754 16.044258 0.000000 0.000000 
7.712806 60.082047 7.970205 -9.355141 17.372881 0.000000 0.000000 
7.659904 60.273270 8.395145 -14.442758 13.593395 1.000000 1.000000 
6.781637 60.466389 8.763946 -7.933685 17.046873 0.000000 0.000000 
6.439080 60.521133 7.274297 -13.593864 15.233612 0.000000 0.000000 
6.387677 60.533932 -7.437017 -9.703018 16.216799 0.000000 0.000000 
8.482089 60.267025 9.016254 -14.826126 17.228146 0.000000 0.000000 
8.057904 60.482365 7.727114 -15.749825 12.474751 0.000000 0.000000 
6.339199 61.228592 7.561283 -12.110611 13.937469 0.000000 0.000000 
6.475208 61.266090 6.704253 -11.782257 15.756321 0.000000 0.000000 
-7.577376 61.149242 -1.167611 -0.929962 24.384266 0.000000 0.000000 
6.328335 61.306240 7.079080 -12.125999 14.780380 0.000000 0.000000 
-7.610257 61.158630 -1.137701 -0.297134 23.981728 0.000000 0.000000 
-7.618703 61.257423 -1.137365 2.085243 27.383465 0.000000 0.000000 
-7.676631 61.250824 -1.397503 -4.161469 21.463184 0.000000 0.000000 
6.554080 61.781841 7.699507 -10.320045 16.124847 0.000000 0.000000 
8.353103 61.613190 7.816828 -17.438499 12.643795 0.000000 0.000000 
-7.905935 61.878620 -1.431593 -14.192917 13.764774 0.000000 0.000000 
-8.084824 62.057156 -1.671411 -18.787201 12.035446 0.000000 0.000000 
27.479589 57.109291 11.128562 -13.059915 10.902359 0.000000 0.000000 
26.922911 57.537075 4.726465 -7.354485 15.381151 0.000000 0.000000 
-34.843693 53.308765 -0.072714 -9.425064 12.190617 0.000000 1.000000 
8.086967 64.173508 -0.160203 -20.145332 9.409805 0.000000 0.000000 
8.183817 64.174530 -0.016070 -10.489923 13.944038 0.000000 0.000000 
7.974045 64.260773 -0.470305 -13.045410 12.628288 0.000000 0.000000 
8.014391 64.272728 -0.038856 -19.230301 8.807640 0.000000 0.000000 
15.979392 62.717258 1.273273 -15.061456 10.814980 0.000000 0.000000 
14.542732 64.362473 2.141555 -18.191978 9.984875 0.000000 0.000000 
21.028372 62.677082 1.134069 -15.676727 8.549763 1.000000 1.000000 
8.161546 65.924706 -1.385329 -14.709146 11.191517 1.000000 1.000000 
30.112467 59.791477 0.157637 -15.323013 9.527214 0.000000 0.000000 
8.398462 66.840942 -1.303960 -11.017242 15.432753 0.000000 0.000000 
8.462667 67.131561 -1.580156 -12.102426 14.263298 0.000000 0.000000 
-12.771288 66.631042 0.790178 -15.683946 9.888100 1.000000 1.000000 
8.218926 67.609558 -1.295141 -17.581978 7.999111 1.000000 1.000000 
18.170874 65.628822 0.500536 -16.147736 12.545345 0.000000 0.000000 
-12.979087 67.196304 0.036856 -15.418350 10.523560 0.000000 0.000000 
-12.897793 67.260696 0.430154 -10.747635 14.285065 0.000000 0.000000 
-12.635973 67.334663 2.282793 -10.211555 14.455627 0.000000 0.000000 
-12.800295 67.369217 2.164792 -10.602249 15.604010 0.000000 0.000000 
13.598830 67.238083 16.678162 -18.001633 8.884762 0.000000 0.000000 
50.822216 45.166389 1.914852 -2.144035 7.565845 0.000000 0.000000 
9.480591 68.852287 -0.990007 -18.481789 10.645134 0.000000 0.000000 
43.494240 53.092182 2.441499 -0.151848 14.458378 0.000000 0.000000 
8.082870 69.254463 0.521045 -22.916763 4.352970 1.000000 1.000000 
45.244114 52.068523 2.905629 8.375243 17.393215 0.000000 0.000000 
45.007141 52.314983 3.097947 3.829956 13.631897 0.000000 0.000000 
45.278336 52.228004 3.325187 6.782440 15.554237 0.000000 0.000000 
8.361498 69.653114 1.503774 0.843681 22.674406 0.000000 0.000000 
8.383951 69.859741 0.866260 -10.822754 13.943935 0.000000 0.000000 
8.361994 69.876328 1.576550 3.364296 26.163303 0.000000 0.000000 
8.521317 70.268089 -3.162353 -8.741838 15.634876 0.000000 0.000000 
45.614449 52.989033 4.683263 3.305267 16.774731 0.000000 0.000000 
47.063648 52.124943 -4.185784 7.456017 20.501585 0.000000 0.000000 
8.457183 70.943962 1.615867 -5.538589 16.588722 1.000000 1.000000 
47.245331 52.438969 -4.924915 7.883026 19.163252 0.000000 0.000000 
-35.947369 61.519382 3.804998 -4.856819 13.067596 1.000000 1.000000 
47.528702 52.755512 -4.720349 2.079552 12.646175 0.000000 0.000000 
48.233868 52.169868 -3.827338 3.701706 15.978140 0.000000 0.000000 
-36.421375 61.955570 3.485890 3.101433 19.658058 0.000000 0.000000 
-36.039013 62.207371 3.517761 1.994614 17.018902 0.000000 0.000000 
-36.322857 62.146095 3.760107 2.687202 19.736259 0.000000 0.000000 
-36.068649 62.325089 3.246142 -0.554512 17.387684 0.000000 0.000000 
9.970141 71.944557 3.138229 -18.461182 9.120449 1.000000 1.000000 
9.960788 72.231804 4.254436 -17.699181 10.615711 0.000000 0.000000 
8.168307 72.528030 2.091661 -18.469093 8.015808 0.000000 0.000000 
9.056005 72.469887 3.058327 -15.083261 10.583054 0.000000 0.000000 
-24.727261 68.530647 -2.245951 -17.058464 10.078697 0.000000 0.000000 
10.104635 72.465393 3.311159 -9.127586 15.966951 0.000000 0.000000 
9.279243 72.645676 2.887163 -7.592087 17.407768 0.000000 0.000000 
9.826662 72.703308 3.726176 -11.051964 14.553089 0.000000 1.000000 
-29.126167 67.109863 3.011993 -2.556175 16.388828 0.000000 0.000000 
-30.042990 67.080040 2.678882 -1.956795 17.998833 0.000000 0.000000 
-30.858973 66.700279 2.849151 -3.706993 18.985928 0.000000 0.000000 
-29.536581 67.353340 2.550715 -0.634583 16.893019 0.000000 0.000000 
-30.368689 67.064148 3.038242 -0.620064 20.059158 0.000000 0.000000 
-10.267848 73.302422 4.067115 -9.273430 17.283009 0.000000 0.000000 
-28.438147 68.091049 3.273710 -3.880157 20.068069 0.000000 0.000000 
-30.557047 67.332191 5.665105 -2.436844 19.603102 0.000000 0.000000 
-30.814106 67.555573 3.799763 -4.901276 16.990705 0.000000 0.000000 
25.755613 69.879913 -0.447961 0.656563 22.739933 0.000000 1.000000 
-30.453911 67.877716 4.925297 3.988182 23.279333 0.000000 0.000000 
-30.704294 67.776154 5.303205 -0.078918 20.031914 0.000000 0.000000 
-30.074587 68.500549 -9.632236 -0.539864 19.243658 0.000000 0.000000 
-29.807455 68.665871 -9.357113 -0.445778 18.762650 0.000000 0.000000 
-29.554298 69.126671 5.131569 3.420158 22.821810 0.000000 0.000000 
-29.181145 69.337463 5.296929 -3.520447 18.373676 0.000000 0.000000 
-23.233694 72.180161 6.255253 -7.424042 17.198793 0.000000 0.000000 
-23.262930 72.448700 4.185784 -3.163895 19.606478 0.000000 0.000000 
-28.670185 70.437202 2.513728 -6.917091 14.971920 1.000000 1.000000 
-23.215544 72.633125 5.221863 -3.724838 18.487179 0.000000 0.000000 
-23.334253 72.605377 5.784679 -4.454330 18.359488 0.000000 0.000000 
-28.443760 71.059769 3.348222 -9.540764 12.160904 1.000000 1.000000 
-22.095320 73.472847 5.212019 -6.568710 18.720486 0.000000 0.000000 
-23.107716 73.319153 3.936998 -3.748314 19.559992 0.000000 0.000000 
-9.940582 76.455261 -7.832708 -10.367188 15.427395 0.000000 0.000000 
-23.425558 73.388145 5.489515 -7.960983 16.478312 0.000000 0.000000 
-22.141972 73.827560 10.602816 -5.071381 14.520275 1.000000 1.000000 
-11.011005 76.905060 4.483974 -5.380203 17.026796 0.000000 0.000000 
-10.712905 76.962547 -8.390368 -6.694244 18.519180 0.000000 0.000000 
-22.690020 74.209145 6.242419 -11.527452 11.725441 0.000000 0.000000 
-11.107939 76.976860 5.265917 1.674469 21.845304 0.000000 0.000000 
-22.240412 74.781967 10.722209 -11.418655 11.427521 0.000000 0.000000 
-22.586540 74.715446 10.696721 2.393616 22.474787 0.000000 0.000000 
-22.455429 75.064171 8.454622 -15.788536 11.142044 0.000000 0.000000 
-22.663218 75.008720 10.834226 0.711800 19.361677 0.000000 0.000000 
-22.559561 75.077522 11.183858 -1.904037 17.540167 0.000000 0.000000 
-33.430321 70.732086 -9.662792 -12.410211 9.992455 0.000000 0.000000 
-23.855303 74.794777 9.379410 -17.858940 7.945751 0.000000 0.000000 
55.668915 54.005703 2.438022 0.228737 6.905719 1.000000 1.000000 
-22.774832 75.403419 10.801319 -2.448608 18.124599 1.000000 1.000000 
55.718994 54.819981 1.789853 11.721901 16.083981 0.000000 0.000000 
56.283741 54.297489 2.486527 5.376289 10.533451 0.000000 0.000000 
55.609756 55.089245 1.418969 8.958991 16.265055 0.000000 0.000000 
55.175278 56.044987 1.922057 -1.355431 15.356083 0.000000 0.000000 
57.571217 53.405731 3.085194 2.414536 17.343201 0.000000 0.000000 
-66.236557 41.251537 9.327931 4.883926 8.882030 0.000000 0.000000 
58.783817 52.502430 -5.421824 15.300041 18.352650 0.000000 0.000000 
58.850040 52.511982 -5.283385 10.340599 15.957901 0.000000 0.000000 
59.050644 52.470512 3.845377 16.031731 21.994379 0.000000 0.000000 
43.238792 67.438171 2.137744 -3.476158 14.132526 0.000000 1.000000 
-35.296196 72.287750 10.823162 -10.409195 12.777935 0.000000 0.000000 
43.357632 67.523697 2.640286 -2.960182 14.965324 0.000000 1.000000 
-36.026630 72.238335 5.917109 -9.422379 11.083851 0.000000 0.000000 
59.000530 54.010021 4.410020 4.393700 10.786919 0.000000 0.000000 
-34.035355 73.789574 9.854360 -5.090263 13.716125 0.000000 0.000000 
-33.940083 73.851677 8.061199 -4.184517 16.328535 0.000000 0.000000 
-34.360527 73.678741 7.617315 -1.074684 16.596756 0.000000 0.000000 
70.181229 38.011021 0.592300 7.262405 8.896709 1.000000 1.000000 
-37.361290 72.429764 3.536823 -7.591133 12.394855 0.000000 0.000000 
-36.855850 72.836586 3.061790 -7.034676 14.399178 0.000000 0.000000 
-22.603643 78.741371 5.192187 -9.390800 14.503319 0.000000 0.000000 
-29.390211 77.270828 3.690451 -7.143860 17.223221 0.000000 0.000000 
-29.249825 77.380913 4.079975 -6.741676 15.293957 0.000000 0.000000 
71.556473 38.120926 0.056714 15.098152 16.913431 0.000000 0.000000 
-30.971632 76.942360 0.361014 -0.284790 19.493759 0.000000 0.000000 
-31.473618 76.875343 0.783701 -3.458595 17.831238 0.000000 0.000000 
-37.654720 74.346786 8.680964 -5.366089 14.735668 0.000000 0.000000 
-29.592829 78.126183 8.313699 -3.083687 18.823059 0.000000 0.000000 
-29.605223 78.239807 8.190414 -6.125343 16.744236 0.000000 0.000000 
-33.497166 76.898140 13.504502 -2.988708 16.679523 0.000000 0.000000 
-33.141346 77.088531 8.024043 -0.141991 18.663063 0.000000 0.000000 
-32.923786 77.384193 6.262528 -3.393532 16.594183 0.000000 0.000000 
-32.844223 77.430931 6.866111 -1.850296 16.461391 0.000000 0.000000 
-28.847826 79.089134 8.549910 -5.514671 15.187365 0.000000 0.000000 
-31.283009 78.120201 1.426627 -11.694229 8.327480 1.000000 1.000000 
-28.514616 79.462723 7.012501 -2.300301 18.797781 0.000000 0.000000 
-38.611561 74.855103 7.639367 -2.432686 16.996094 0.000000 0.000000 
-27.943911 80.136276 7.050404 -3.437607 19.279091 0.000000 0.000000 
-28.857908 80.258018 8.879501 1.424896 18.078300 0.000000 0.000000 
-28.875467 80.263969 8.622265 4.704742 21.005165 0.000000 0.000000 
-32.873920 79.210381 12.440968 -10.770799 10.784565 0.000000 0.000000 
-31.599672 80.023148 -11.927591 -6.023682 16.482019 0.000000 0.000000 
-31.628931 80.065407 -12.120560 -4.362732 14.713848 0.000000 0.000000 
-31.660091 80.082291 8.914361 -5.129578 17.073381 0.000000 0.000000 
-39.830853 76.218842 11.059700 -2.805054 14.183983 0.000000 0.000000 
-30.744495 80.906952 -9.373887 -6.390686 12.669571 0.000000 0.000000 
-30.804943 80.885933 10.443724 -5.675056 15.916128 0.000000 0.000000 
-29.858080 81.524445 11.143597 2.230263 20.730009 0.000000 0.000000 
-30.526415 81.310646 11.102316 -6.557884 15.245640 0.000000 0.000000 
-29.700651 81.642776 10.676229 -1.525337 19.632465 0.000000 0.000000 
-7.569974 86.907639 -6.257389 -9.865639 15.773037 0.000000 1.000000 
52.658474 68.556732 -6.975860 9.281119 19.434601 0.000000 0.000000 
52.177929 69.310020 3.137608 10.370178 19.486691 0.000000 0.000000 
52.258106 69.329414 3.736215 11.197975 19.421333 0.000000 0.000000 
52.413727 69.238785 3.429399 8.923125 17.965185 0.000000 0.000000 
-30.262041 82.297058 12.396343 -5.150764 15.226542 0.000000 0.000000 
-39.525818 78.720596 -11.051674 -4.082703 13.573318 0.000000 0.000000 
12.505603 87.688141 -0.592658 -8.440285 15.600307 0.000000 1.000000 
12.723174 87.657814 0.259119 -6.367989 17.263582 0.000000 0.000000 
42.818508 77.212402 8.281676 0.829163 16.744436 0.000000 0.000000 
43.021019 77.297806 2.214879 0.345940 16.156704 0.000000 0.000000 
41.931160 77.948929 4.440895 0.126373 17.256290 0.000000 0.000000 
43.409966 77.217781 3.324405 -4.552917 13.370625 0.000000 0.000000 
39.544556 79.710579 2.417018 0.389305 18.019505 0.000000 0.000000 
39.543617 79.749496 2.397221 -1.677498 16.379902 0.000000 0.000000 
43.466545 77.657562 3.109193 -4.244873 13.269737 0.000000 0.000000 
21.578484 87.406326 4.878641 -4.354767 16.171366 0.000000 0.000000 
21.834030 87.367424 5.134960 -11.873337 11.766518 0.000000 0.000000 
21.603659 87.430992 4.981033 -9.484154 13.547092 0.000000 0.000000 
-33.079990 84.167549 12.651973 -6.327560 13.152184 0.000000 0.000000 
-52.022266 73.913460 -2.504533 -2.640617 11.489716 0.000000 0.000000 
-51.219490 74.541504 9.243986 -2.914680 11.999310 0.000000 0.000000 
54.405945 72.760574 10.714987 0.084770 11.167648 0.000000 0.000000 
-32.343102 85.842514 14.320438 -12.282196 10.613472 0.000000 0.000000 
-34.629124 84.931732 11.808412 -12.166893 9.215897 0.000000 0.000000 
-22.176867 89.998947 6.486184 -6.924248 12.737686 0.000000 0.000000 
-21.971659 90.058487 6.171883 -6.537552 12.985264 0.000000 0.000000 
-22.130608 90.020798 6.274309 -14.108330 8.563053 0.000000 0.000000 
-22.148342 90.425095 6.047385 -9.039398 13.234261 0.000000 0.000000 
-36.792130 85.389694 10.322717 -8.852791 12.103405 0.000000 0.000000 
-22.834421 90.354584 6.985752 -6.359505 14.356396 0.000000 0.000000 
-22.590521 90.882866 8.376592 -10.428566 10.081558 0.000000 0.000000 
-22.066664 91.230209 6.127199 -4.889816 15.954464 0.000000 0.000000 
-22.742146 91.095322 6.443327 -6.015991 13.719406 0.000000 0.000000 
48.191475 82.781975 2.130094 -9.629356 7.067337 0.000000 1.000000 
-31.595814 92.136024 11.955700 -13.099518 7.345336 0.000000 0.000000 
-31.772299 92.094727 11.250698 -10.910278 5.841568 0.000000 0.000000 
-14.776402 96.588966 3.099056 -11.710106 8.017944 1.000000 1.000000 
-14.471222 96.756660 3.889409 -9.905449 10.110958 0.000000 0.000000 
-14.254976 96.989899 3.828691 -10.904678 10.382046 0.000000 0.000000 
-14.417368 97.335869 3.773844 -8.215981 12.577415 0.000000 0.000000 
-15.234307 97.223419 3.738680 -5.412659 14.244675 0.000000 0.000000 
-15.497822 97.199211 3.760455 -4.000572 15.621273 0.000000 0.000000 
-15.194452 97.263924 3.790266 1.467995 20.049990 0.000000 0.000000 
-15.250934 97.377495 3.658051 3.632401 19.878485 0.000000 0.000000 
-21.946125 96.363014 10.487958 -10.422112 9.490299 0.000000 0.000000 
-29.796627 94.842552 9.278096 -12.371086 7.336608 0.000000 0.000000 
-29.248140 95.027481 9.612389 -11.081253 6.856433 0.000000 0.000000 
-21.833984 97.260948 -3.452351 -12.147592 9.396324 0.000000 0.000000 
-23.337479 96.903091 -3.764651 -14.981468 6.590553 0.000000 0.000000 
-29.978535 95.891327 9.052720 -12.126907 8.565277 0.000000 0.000000 
-29.644032 96.278496 8.657411 -10.819023 7.797328 0.000000 0.000000 
-29.876631 96.379532 10.177970 -11.945808 9.764519 0.000000 0.000000 
-29.512163 96.574402 9.895703 -10.533035 8.481625 0.000000 0.000000 
-33.249680 95.898064 10.166327 -7.302277 11.645981 0.000000 0.000000 
-31.863516 96.415054 10.575496 -7.450386 8.986813 0.000000 0.000000 
-32.742924 96.311607 11.213987 -8.982086 9.278095 0.000000 0.000000 
-31.244696 96.865097 10.903440 -8.873367 8.723614 0.000000 0.000000 
-31.764252 97.112808 12.101098 -10.472435 9.242729 0.000000 0.000000 
-31.890276 97.091423 12.941886 -4.080978 13.426498 0.000000 0.000000 
-32.276119 97.052208 13.006241 -0.891815 14.607922 0.000000 0.000000 
-31.888838 97.272354 12.875161 -4.876221 10.412384 0.000000 0.000000 
-31.634327 97.657707 12.021730 -9.040756 7.802219 0.000000 0.000000 
-31.970634 97.910614 11.799223 -9.084175 8.824909 0.000000 0.000000 
-31.664343 98.062065 13.755976 -8.832840 9.572208 0.000000 0.000000 
-32.094433 97.939552 -12.386814 -3.148834 11.370026 0.000000 0.000000 
-32.112141 97.984566 11.115622 -9.276672 7.910377 0.000000 0.000000 
-30.512125 98.863396 11.826998 -10.617958 8.695618 0.000000 0.000000 
-31.797070 98.474968 12.460313 -1.759384 13.483257 0.000000 0.000000 
-31.266706 98.687614 12.542382 -6.142876 9.527622 0.000000 0.000000 
-31.569056 98.610748 12.451978 -8.562141 9.169582 0.000000 0.000000 
12.914508 102.962669 1.254918 -12.424568 7.688865 0.000000 0.000000 
12.086439 103.105537 1.526565 -13.579674 8.411819 0.000000 0.000000 
41.466347 94.992012 5.247054 -4.542801 11.627731 0.000000 0.000000 
-30.896706 99.176834 11.166461 -6.815041 9.748161 0.000000 0.000000 
-31.445375 99.053680 10.857557 -7.456161 9.183434 0.000000 0.000000 
-33.029140 98.943871 11.674474 -9.902719 9.959549 0.000000 0.000000 
38.618919 96.954659 6.961985 -13.854753 6.834148 0.000000 0.000000 
-31.783699 99.783035 13.152480 -2.803757 10.868954 0.000000 0.000000 
-31.481930 99.966583 12.750757 -4.731873 10.642506 0.000000 0.000000 
-32.413040 99.808662 12.367857 -4.294952 9.277302 0.000000 0.000000 
-32.461155 100.046883 11.660035 -5.099777 8.383961 0.000000 0.000000 
-30.916174 100.586685 11.766327 -10.798921 10.443577 0.000000 0.000000 
-31.796638 100.811501 14.465981 -12.562027 7.030632 0.000000 0.000000 
-32.585697 100.820351 12.344109 -5.332352 7.910594 1.000000 1.000000 
33.935829 100.482941 2.099432 -9.652412 8.640728 0.000000 0.000000 
-84.203476 62.904091 9.857391 3.619995 6.035568 0.000000 1.000000 
-30.956303 102.349419 10.964996 -5.763298 9.837276 0.000000 0.000000 
-31.464098 102.213409 11.088214 -7.073196 8.839409 0.000000 0.000000 
-31.477657 102.600197 1.109303 -16.977165 4.475063 0.000000 0.000000 
-34.507889 103.040451 13.552350 -11.119026 6.236598 0.000000 1.000000 
52.198174 97.456863 5.342131 -4.303917 10.779690 0.000000 0.000000 
51.708233 97.780045 5.569108 -4.450737 10.236336 0.000000 0.000000 
51.256973 98.417870 5.590683 -2.066353 10.996365 0.000000 0.000000 
50.244717 99.189201 5.986796 -3.549263 9.614815 0.000000 0.000000 
45.304569 102.559067 3.994659 -10.069870 5.462944 0.000000 0.000000 
46.394829 102.134804 3.551455 -7.608856 8.437462 0.000000 0.000000 
43.477001 103.690056 1.815555 -8.684692 9.478508 0.000000 0.000000 
-31.339533 109.427498 10.737049 -8.469452 9.015842 0.000000 0.000000 
38.081070 107.808975 2.885397 -13.591034 5.337528 0.000000 0.000000 
37.051907 108.444580 3.754822 -1.316856 11.018620 0.000000 0.000000 
36.898113 108.588608 4.333079 -6.203827 8.853237 0.000000 0.000000 
37.213562 108.496857 2.020382 -9.623413 6.972148 0.000000 0.000000 
35.179531 109.657272 1.150505 -11.122635 5.534526 0.000000 0.000000 
35.385139 109.600380 0.486540 -7.297600 7.612175 0.000000 0.000000 
35.277020 109.861771 2.889047 -6.062859 8.157009 0.000000 0.000000 
34.789955 110.180618 0.107649 -13.628372 4.696033 0.000000 0.000000 
34.588444 110.300835 0.922244 -11.147049 5.124614 0.000000 0.000000 
34.516750 110.339111 3.222788 -10.512024 5.977981 0.000000 0.000000 
34.331684 110.494003 1.754614 -10.539230 5.491783 0.000000 0.000000 
-6.237427 116.243469 -3.392292 -12.419609 8.312222 0.000000 1.000000 
-7.074154 116.424255 -4.599103 -10.557434 7.626235 0.000000 0.000000 
-23.620592 115.888275 2.759692 -11.307327 7.501235 0.000000 0.000000 
43.175766 111.407806 2.337230 -6.939186 7.891063 0.000000 0.000000 
43.164875 111.438835 2.006850 -8.723640 5.765495 0.000000 0.000000 
-21.964840 117.994423 7.187220 -6.827988 9.931419 0.000000 0.000000 
-22.217331 117.954849 6.656984 -7.910301 10.611099 0.000000 0.000000 
-21.630924 118.075462 9.502870 -8.732430 9.362110 0.000000 0.000000 
-21.896154 118.132729 13.693509 -2.624115 11.522160 0.000000 0.000000 
-23.181192 117.947685 9.711930 3.138710 15.675867 0.000000 0.000000 
-22.390106 118.201508 -13.289417 -9.819839 6.969337 0.000000 0.000000 
-21.672768 118.380753 -13.481368 -9.717209 6.400905 0.000000 0.000000 
-23.168589 118.205055 9.565947 3.112938 17.403294 0.000000 0.000000 
40.590782 113.582703 3.103152 -11.574760 6.887031 0.000000 0.000000 
-23.462042 119.198425 9.237386 -2.653442 10.737843 1.000000 1.000000 
36.060757 116.603416 1.394467 -11.384102 4.255832 0.000000 0.000000 
-7.277010 123.261047 -5.546295 -8.580437 9.477245 0.000000 0.000000 
-7.166603 123.356674 -5.685909 -5.667068 12.407955 0.000000 1.000000 
-30.699991 120.451675 11.301508 -7.042358 11.619259 0.000000 0.000000 
-31.677734 120.409149 11.175508 -3.464096 11.833775 0.000000 0.000000 
-31.848324 120.365433 10.627455 -6.578758 10.032379 0.000000 0.000000 
-31.127922 120.740089 10.340400 -4.914383 8.723320 0.000000 0.000000 
41.405746 118.007286 2.392879 -9.679268 6.123024 0.000000 0.000000 
-35.256489 120.412735 13.917905 -6.697792 8.554180 0.000000 0.000000 
36.837231 121.377686 1.375482 -5.936096 7.072299 0.000000 0.000000 
37.128193 121.386810 1.634943 -3.158340 8.673401 0.000000 0.000000 
-36.059864 122.531433 14.576854 -6.249603 8.273212 0.000000 0.000000 
-6.713234 127.921555 -4.223380 -8.259102 8.751347 1.000000 1.000000 
-32.836987 123.904877 14.025963 -7.903908 7.976753 0.000000 0.000000 
-33.630898 123.991547 12.625516 -7.146156 7.918781 0.000000 0.000000 
-34.636864 123.730507 12.828626 -6.671768 6.928836 0.000000 0.000000 
-20.684483 127.074356 1.706428 -11.343918 6.968120 0.000000 0.000000 
-8.009526 128.921143 -6.169680 -6.056000 12.567905 0.000000 1.000000 
-22.030365 127.429329 3.327194 -4.926811 12.315315 0.000000 0.000000 
-21.147125 127.679680 4.490645 -6.189117 10.077099 0.000000 0.000000 
-21.771170 127.599701 1.989120 -13.852058 4.350917 1.000000 1.000000 
-23.725672 127.333710 4.508138 -11.263618 7.462654 0.000000 0.000000 
-22.787876 127.511574 4.933729 -2.332100 13.609665 0.000000 0.000000 
-23.066315 127.510681 2.956981 -5.921349 6.639720 1.000000 1.000000 
-22.746386 127.670097 4.001565 -13.531975 5.039470 1.000000 1.000000 
-21.047092 128.275818 -9.054298 -5.293655 11.116283 0.000000 0.000000 
-22.112873 128.266510 3.904020 -6.174301 10.254677 0.000000 0.000000 
-21.231974 128.620850 -3.476075 8.355881 19.677069 1.000000 1.000000 
-21.448231 128.626129 5.098814 -1.774948 12.871578 0.000000 0.000000 
-21.701071 129.030441 -8.060937 -5.873375 9.831207 0.000000 0.000000 
-22.697784 128.927719 3.451264 -1.238823 11.617352 0.000000 0.000000 
-21.439346 129.550690 -3.550763 11.698578 24.291237 0.000000 0.000000 
-21.548304 129.856323 -2.877058 13.165291 24.086155 0.000000 0.000000 
-21.399393 130.032837 -7.251973 -1.795059 13.892586 0.000000 0.000000 
-21.474434 130.023987 -7.185047 -0.293541 15.621838 0.000000 0.000000 
-21.721577 130.240051 -3.124269 6.625992 18.229368 1.000000 1.000000 
-22.215195 130.208649 -2.216663 -12.804132 3.545944 1.000000 1.000000 
-24.482445 130.111481 2.501546 -4.684464 9.608784 0.000000 0.000000 
-22.311760 130.790985 -2.096095 10.766289 23.470654 1.000000 1.000000 
-22.066544 131.414047 -1.788017 14.794464 25.659096 0.000000 0.000000 
-22.180000 131.395294 -2.070596 17.497849 28.275040 0.000000 0.000000 
-22.161533 131.553513 -1.947613 16.868515 28.948324 0.000000 0.000000 
-21.223978 132.129700 3.586201 9.234360 24.112444 0.000000 0.000000 
-20.924393 132.281067 3.497424 11.086990 23.802944 0.000000 0.000000 
-19.209240 132.708832 5.459848 6.685410 22.309093 0.000000 0.000000 
-19.831322 132.844635 4.743910 7.809525 21.711025 0.000000 0.000000 
-19.625664 133.294006 2.208213 2.320946 15.741964 0.000000 0.000000 
-20.537746 133.227417 3.050111 7.384460 19.218790 0.000000 0.000000 
-22.405027 133.436951 2.457047 -7.836823 8.843990 0.000000 0.000000 
-22.219799 133.714233 2.752721 0.052711 13.139870 0.000000 0.000000 
-7.390905 135.423157 -4.160553 -7.077774 9.826698 0.000000 0.000000 
-21.943144 133.819092 -11.059637 -3.894897 11.326584 0.000000 0.000000 
7.106099 135.570465 -5.662437 -3.162224 13.087692 1.000000 1.000000 
41.550415 129.264801 2.914149 -6.075661 9.323704 0.000000 0.000000 
6.605396 136.222321 -6.190169 4.979210 19.555496 0.000000 0.000000 
5.882638 136.270142 -7.327003 2.387131 19.376263 0.000000 0.000000 
6.989923 136.313354 -5.693532 4.911911 19.848732 0.000000 0.000000 
-22.668613 135.043427 -11.206632 -3.925751 10.292179 0.000000 0.000000 
-22.422335 135.245819 2.713465 -6.326469 7.970127 0.000000 0.000000 
-23.083164 135.225616 -2.581518 -9.206673 5.776996 0.000000 0.000000 
-22.731150 135.400116 -3.123466 -11.227838 3.208717 1.000000 1.000000 
-21.753223 135.610382 1.816850 -7.636002 8.020599 0.000000 0.000000 
40.205204 131.641510 3.031113 -0.499733 12.924332 0.000000 1.000000 
40.003380 131.786682 3.544233 -1.656609 10.764790 0.000000 0.000000 
40.554016 131.649780 3.572635 -2.017220 11.146137 0.000000 0.000000 
-22.775808 136.136688 -3.411196 -9.490120 5.644248 0.000000 0.000000 
-22.775503 136.303558 -3.538131 -7.494812 5.375701 0.000000 0.000000 
-23.059374 136.456696 -2.479505 -10.932091 3.830059 0.000000 0.000000 
-22.480894 136.746521 -6.770724 -6.288139 7.107482 0.000000 0.000000 
-23.015942 136.717102 -1.591170 -5.569366 8.100460 0.000000 0.000000 
-22.299875 136.857819 -1.204027 -3.061325 9.202579 0.000000 0.000000 
-22.802229 137.225922 -1.094315 -8.895569 6.082283 0.000000 0.000000 
-22.875519 137.236694 -1.006647 -8.608139 6.035572 0.000000 0.000000 
-22.682732 137.966980 -0.012015 -11.725595 3.770675 1.000000 1.000000 
-23.019144 138.905334 -1.091650 -8.207497 7.388858 0.000000 0.000000 
-22.978870 139.030914 -6.457422 -8.670609 6.233211 0.000000 0.000000 
-22.000427 139.250427 -2.155455 -7.016411 8.360104 0.000000 0.000000 
-23.279650 139.298737 -2.603447 -3.426620 7.660175 0.000000 0.000000 
-23.221970 139.355347 4.293380 -2.754814 8.395588 0.000000 0.000000 
-23.038780 139.767334 1.301406 4.694595 15.387159 0.000000 0.000000 
-23.238146 139.801117 -9.577470 6.149956 15.543350 0.000000 0.000000 
-23.479610 140.098938 -2.320670 -4.832962 7.626834 0.000000 0.000000 
-23.235521 140.218201 3.840721 -5.513687 10.631695 0.000000 0.000000 
-23.287430 140.391083 -8.498444 -4.453682 7.728611 0.000000 0.000000 
-23.419798 140.371216 -9.706121 -2.620201 9.241856 0.000000 0.000000 
-23.301508 140.566559 -11.252329 -3.106621 10.316235 0.000000 0.000000 
-23.350214 140.629089 3.451056 -0.102707 11.678764 0.000000 0.000000 
-23.497660 140.605194 4.067958 -1.459740 10.801830 0.000000 0.000000 
-23.363462 140.919464 4.076946 -7.609703 6.524307 1.000000 1.000000 
-24.026985 141.216492 3.885718 -9.202950 5.773319 0.000000 0.000000 
-23.000511 141.527222 -0.217443 -11.116165 5.013195 0.000000 0.000000 
-23.185854 141.974243 3.589318 -6.500107 6.401077 1.000000 1.000000 
-23.895058 145.310822 7.903960 -10.672523 5.487720 0.000000 0.000000 
-23.589705 145.424347 6.037696 -6.422829 9.188477 0.000000 0.000000 
-9.051834 147.447693 -6.288235 -9.614479 7.151275 0.000000 1.000000 
7.522779 147.784912 -5.703622 -7.781570 7.214992 0.000000 0.000000 
8.219384 147.944916 -4.976057 -8.400581 7.842666 0.000000 1.000000 
-29.272753 145.627899 -0.141858 -9.242332 5.192436 0.000000 0.000000 
-23.649021 146.769623 -11.380837 0.637947 13.498943 0.000000 0.000000 
-23.568548 147.124603 -10.014854 3.734413 14.652744 0.000000 0.000000 
-23.589832 147.510742 -5.122491 -2.560799 7.480400 0.000000 0.000000 
-22.824633 147.685394 -2.834534 4.831413 17.531893 0.000000 0.000000 
-23.795925 147.537140 -2.824765 6.475616 19.120251 0.000000 0.000000 
-24.300995 147.505768 0.220759 2.959106 14.695515 0.000000 0.000000 
-25.055672 148.082367 -0.453240 -0.873932 11.131859 1.000000 1.000000 
-25.171591 148.062775 0.282178 -4.737091 7.099327 0.000000 0.000000 
-24.377073 148.805878 8.109327 -1.979500 9.346256 1.000000 1.000000 
-33.569637 149.468994 13.264014 -6.365372 7.188579 0.000000 0.000000 
-23.554329 151.512238 -2.198543 -9.025612 5.798370 0.000000 0.000000 
-33.927937 150.079895 8.137775 -10.681854 4.838474 0.000000 0.000000 
-25.613195 151.920685 3.206722 -8.136131 5.021976 0.000000 0.000000 
-24.733515 152.141449 -1.738511 -4.655540 7.849460 0.000000 0.000000 
-24.889204 152.189117 -2.800130 -4.337013 8.870934 0.000000 0.000000 
-23.100595 152.517731 -8.412830 -4.219429 5.876117 1.000000 1.000000 
-25.277546 152.594360 8.009217 -7.385681 6.578388 0.000000 0.000000 
-25.269312 152.757172 1.220136 -7.042511 7.534626 0.000000 0.000000 
-23.361561 153.180450 -2.627231 -12.627876 3.571151 1.000000 1.000000 
-23.332796 153.288025 4.147608 2.020912 12.905262 0.000000 0.000000 
-25.326714 153.334076 -2.489548 -8.035652 4.304595 1.000000 1.000000 
-23.575045 153.676392 -0.973963 -4.969101 7.775432 0.000000 0.000000 
-23.681805 153.735870 -6.939371 1.313332 10.836758 0.000000 0.000000 
-25.819143 153.430084 -13.875658 -6.549789 6.274024 0.000000 0.000000 
-36.091187 152.066772 9.278466 -6.133919 9.475441 0.000000 0.000000 
-26.825090 154.058075 7.306901 -1.085022 10.719772 0.000000 0.000000 
-30.567513 153.412476 6.726190 -8.978760 4.725402 1.000000 1.000000 
-31.951633 153.812134 8.522879 -2.334320 9.054585 0.000000 0.000000 
-24.902603 155.242065 -3.014577 -9.641388 6.383251 0.000000 0.000000 
-32.721710 154.145599 11.295076 -6.858810 6.373600 0.000000 0.000000 
-33.493126 154.242798 9.215078 -3.482643 8.165276 0.000000 0.000000 
-29.775875 155.075195 10.643101 -4.923035 5.974651 0.000000 0.000000 
-31.253057 154.818207 12.334665 -0.779419 8.298229 0.000000 0.000000 
-29.930632 155.200867 10.407156 -3.632286 8.977726 0.000000 0.000000 
-31.831978 155.261292 7.858611 -9.841133 8.436119 0.000000 0.000000 
-33.674850 155.060181 7.622736 -6.572647 6.937267 0.000000 0.000000 
-25.023163 157.423187 -2.337395 -0.044342 11.333351 0.000000 0.000000 
-23.783258 157.665436 -1.984487 -3.948410 9.422462 0.000000 0.000000 
-24.605404 157.560669 -1.344659 0.929680 12.110466 0.000000 0.000000 
-25.915773 157.524628 -1.579115 -6.902336 4.061870 1.000000 1.000000 
-26.255461 157.600159 -2.412824 1.609711 12.233006 0.000000 0.000000 
-25.963383 158.101471 -1.910299 1.916763 12.603210 0.000000 0.000000 
-31.636328 157.113342 -3.794835 -7.867279 6.213085 0.000000 0.000000 
-24.798460 158.415894 0.174593 -9.105721 3.598686 1.000000 1.000000 
-25.250359 158.572968 0.437280 -10.625999 2.593799 1.000000 1.000000 
-25.520563 158.875000 -1.116205 -5.425369 6.937656 0.000000 0.000000 
-25.789812 158.924072 -3.983522 -1.517357 8.841698 0.000000 0.000000 
-24.647436 159.113464 -1.109341 -5.963890 7.177337 0.000000 0.000000 
-24.875216 159.173492 -2.549301 -3.181305 11.991276 0.000000 0.000000 
-25.742229 159.470764 -9.126314 -1.410141 10.017242 0.000000 0.000000 
-25.479069 159.733582 -0.923009 -1.977142 12.510559 0.000000 0.000000 
-26.045311 159.740204 -2.233294 3.466431 14.038372 0.000000 0.000000 
-26.029335 159.750458 -2.310168 1.490883 12.452354 0.000000 0.000000 
-24.690611 159.972992 0.210832 3.162460 12.225796 0.000000 0.000000 
-25.748915 159.897400 0.138098 -4.099167 6.917415 1.000000 1.000000 
-25.327452 160.364685 -1.994073 -6.417435 4.349857 1.000000 1.000000 
-24.816965 160.688690 3.670360 -5.988258 6.440868 0.000000 0.000000 
-23.248802 161.151154 -7.847447 -2.913208 9.439278 0.000000 0.000000 
-25.434826 161.093903 2.510023 -8.281639 7.004379 0.000000 0.000000 
-26.171762 161.005493 0.778639 0.218201 8.670094 1.000000 1.000000 
-26.273457 161.046814 -5.977336 0.081978 9.530132 0.000000 0.000000 
-23.391426 161.630371 -11.178203 2.151711 13.614655 0.000000 0.000000 
-24.072805 161.582794 -9.381293 -2.204681 8.720287 0.000000 0.000000 
-24.534605 161.599335 3.503865 -2.156952 7.888565 0.000000 0.000000 
-24.344639 161.636108 4.991638 -3.643105 8.236877 0.000000 0.000000 
-25.078465 161.789093 -4.996981 -6.980957 6.168083 0.000000 0.000000 
-24.737902 162.187744 -3.786643 -8.024750 7.929706 0.000000 0.000000 
-24.682877 162.253448 -1.626655 -8.514215 7.222122 0.000000 0.000000 
-24.284122 162.519409 -1.531738 -2.055389 7.821826 0.000000 0.000000 
-24.238939 162.578888 -1.698683 -0.730888 8.285000 0.000000 0.000000 
-22.794577 162.876038 -1.557818 -10.005577 4.744003 0.000000 0.000000 
-24.067200 162.700653 -2.061653 -10.020279 6.037937 0.000000 0.000000 
-24.975147 162.712708 -4.083467 -6.380081 5.731025 0.000000 0.000000 
-26.377747 162.736603 -1.785461 -3.749611 5.736377 0.000000 0.000000 
-24.463898 163.117096 -2.073003 -7.448181 4.143375 0.000000 0.000000 
-24.386684 163.294434 -2.554806 -12.353279 3.277309 0.000000 0.000000 
-23.789211 163.386383 -2.338690 -10.892311 3.898517 0.000000 0.000000 
-24.002184 163.383881 -2.201149 -8.237053 5.655750 0.000000 0.000000 
-26.662539 164.583252 -3.040641 -5.820000 5.706226 0.000000 0.000000 
-25.659975 165.035034 -4.566107 -5.464691 5.604240 0.000000 0.000000 
-24.704370 166.159576 -1.774801 -5.023018 8.295151 0.000000 0.000000 
-24.180908 166.247467 2.536074 0.747650 8.818180 0.000000 0.000000 
-25.336115 166.245361 -13.803223 -7.411720 5.615406 0.000000 0.000000 
-25.772781 166.474762 -1.807383 -2.494293 8.020321 0.000000 0.000000 
-25.057632 166.675171 5.917566 -3.670174 5.263904 0.000000 0.000000 
-25.128099 166.820404 1.400556 -4.031601 6.908248 0.000000 0.000000 
-25.056219 166.906708 -0.657556 -4.441711 5.414932 0.000000 0.000000 
-25.966257 166.849304 0.171994 -8.693413 4.887977 0.000000 0.000000 
-23.892071 167.629974 5.949800 3.594788 14.030239 0.000000 0.000000 
-23.824451 167.788239 7.246104 -1.128464 10.233181 0.000000 0.000000 
-24.813017 167.695435 7.290645 -6.334953 5.174259 0.000000 0.000000 
-22.521215 168.365875 -1.896599 -11.485756 2.560371 1.000000 1.000000 
-25.632948 168.302277 -5.342182 -5.989479 5.920349 0.000000 0.000000 
-25.131496 168.758362 -2.002529 3.919502 12.754200 0.000000 0.000000 
-25.232136 168.928864 -2.369544 0.393845 8.582504 0.000000 0.000000 
-25.105078 168.975464 -2.026607 -0.978149 7.520484 0.000000 0.000000 
-25.021505 169.116211 -3.046353 -4.897812 5.465019 0.000000 0.000000 
-24.670294 169.268097 -2.887757 -0.811226 9.178341 0.000000 0.000000 
-24.878761 169.701233 -1.806648 -4.411491 6.559963 0.000000 0.000000 
-24.833220 169.921692 -2.912937 -8.652969 2.435512 1.000000 1.000000 
-24.495466 170.012207 -2.424055 -1.481354 7.460487 0.000000 0.000000 
-23.676897 170.357666 -2.985308 -7.672112 6.127220 0.000000 0.000000 
-25.302214 170.336487 -6.257509 -5.561623 5.231849 0.000000 0.000000 
-24.334187 170.482880 3.343742 -5.311478 5.258689 0.000000 0.000000 
-22.533564 170.856079 7.587813 -8.817018 4.715400 0.000000 0.000000 
-25.010809 170.735504 4.621078 -0.319847 9.407074 0.000000 0.000000 
-23.772961 171.029877 7.045615 -7.065567 5.421535 0.000000 0.000000 
-23.691349 171.068390 7.115937 -5.025719 7.452842 0.000000 0.000000 
-25.506948 170.910828 6.136834 -4.988586 6.837013 0.000000 0.000000 
-25.499931 171.318268 1.604460 -0.213379 9.280201 0.000000 0.000000 
-26.318853 171.313324 -1.516614 5.949081 13.343616 0.000000 0.000000 
-24.843693 171.763092 3.263213 0.829651 8.937775 0.000000 0.000000 
-24.565346 171.910645 5.653427 -4.186775 8.488071 0.000000 0.000000 
-25.304876 172.229706 1.313203 -6.506111 7.119052 0.000000 0.000000 
-25.616512 172.217041 -3.902180 -4.602272 7.813007 0.000000 0.000000 
-24.686563 172.365814 0.949368 6.195015 12.517498 0.000000 0.000000 
-25.537201 172.365662 7.248453 -0.135239 8.609596 0.000000 0.000000 
-25.029726 172.452728 1.126609 1.110329 8.804741 0.000000 0.000000 
-24.601040 172.993042 7.459034 0.098137 8.396366 0.000000 0.000000 
-25.997812 172.902435 -7.114070 -5.906136 6.920261 0.000000 0.000000 
-24.998968 173.103302 6.190173 -7.731812 4.808998 0.000000 0.000000 
-26.520407 172.933044 -4.184767 -5.635231 4.301399 0.000000 0.000000 
-24.441523 173.258545 -1.780972 -9.523575 4.572265 0.000000 0.000000 
-24.910337 173.643250 -1.271785 -0.280838 9.322643 0.000000 0.000000 
-24.862537 173.873230 -3.086875 1.317101 10.637371 0.000000 0.000000 
-25.373890 174.212799 -1.735960 -1.866241 5.521030 0.000000 0.000000 
-24.819021 174.373932 -2.350928 -5.089478 5.644424 1.000000 1.000000 
-25.392845 174.287750 -2.146695 -1.709167 7.013732 0.000000 0.000000 
-25.394911 174.297089 -3.586142 -0.314003 8.539322 0.000000 0.000000 
-26.153980 174.636993 -1.836469 -8.840692 3.363121 0.000000 0.000000 
-23.599768 175.556274 -2.286456 -6.820190 5.590950 0.000000 0.000000 
-25.379181 175.354156 -4.236139 -4.556793 5.524677 0.000000 0.000000 
-25.593742 175.329865 -3.065539 -3.718094 4.987827 0.000000 0.000000 
-25.782906 175.646851 -3.892412 -5.649101 5.754123 0.000000 0.000000 
-25.553885 175.944458 -3.189942 -6.464638 4.449256 0.000000 0.000000 
-25.469700 176.189423 -3.746867 -6.282112 4.468048 0.000000 0.000000 
-25.498507 176.847473 -3.824056 -6.343185 3.537269 0.000000 0.000000 
-24.929497 177.061523 -3.385757 -10.438103 3.201969 0.000000 0.000000 
-24.449488 177.291473 -1.305454 -8.034920 4.018959 1.000000 1.000000 
-26.193296 177.583405 -3.363465 7.260139 13.161850 0.000000 0.000000 
-25.823483 177.647705 -2.260316 -5.704788 4.558712 0.000000 0.000000 
-26.457565 177.725006 3.221756 4.124603 10.997017 0.000000 0.000000 
-25.706999 177.866028 2.081773 -6.917717 3.501331 0.000000 0.000000 
-25.351099 179.750397 -2.562290 -0.394051 7.991992 1.000000 1.000000 
-23.602190 180.283813 -1.589378 -9.474800 3.592826 0.000000 0.000000 
-26.209099 180.106506 -2.486914 4.407097 11.296631 0.000000 0.000000 
-25.409809 180.298187 -2.991601 4.649796 12.232059 0.000000 0.000000 
-25.029797 180.549347 -1.853583 7.163048 14.775227 0.000000 0.000000 
-23.699100 180.937866 -1.497073 -6.816734 4.873333 0.000000 0.000000 
-24.119846 180.955139 -1.937248 -8.376610 6.123294 0.000000 0.000000 
-25.076960 180.972961 -2.352474 -10.605690 4.951156 0.000000 0.000000 
-23.876083 181.565186 -11.332349 -8.260651 3.927917 0.000000 0.000000 
-25.027508 181.664307 -2.413475 1.354774 9.361069 0.000000 0.000000 
-23.738823 182.021027 -2.257924 -5.768425 5.188911 0.000000 0.000000 
-25.280514 182.365448 0.001365 -3.451469 5.638206 0.000000 0.000000 
-24.760151 182.960266 -2.439486 -6.713791 3.202556 1.000000 1.000000 
-25.308825 183.973267 -1.644461 -5.431046 3.745304 0.000000 0.000000 
-25.533863 184.734497 5.757199 -4.600555 4.281627 0.000000 0.000000 
-25.027903 184.920166 1.963443 -2.308121 6.597606 0.000000 0.000000 
-24.598492 185.264801 -5.642442 -5.982628 4.111618 0.000000 0.000000 
-24.578669 185.441467 2.860603 -7.117065 3.302059 0.000000 0.000000 
-25.395746 185.399872 0.048907 -8.260384 4.652694 0.000000 0.000000 
-26.877710 185.508148 9.145530 -5.578773 4.637386 0.000000 0.000000 
-25.230673 186.019073 -5.837746 -7.026649 3.906795 0.000000 0.000000 
-27.462477 185.879944 -14.515668 -3.844345 4.765266 0.000000 0.000000 
-27.123709 185.982849 -13.670167 -1.786354 6.235328 0.000000 0.000000 
-27.453201 186.280853 3.707127 -5.833069 5.022361 0.000000 0.000000 
-27.148785 186.346222 4.135833 -3.665878 5.126667 0.000000 0.000000 
-27.097355 186.428101 4.330385 -1.889084 6.856651 0.000000 0.000000 
-25.794622 186.961456 -10.647923 -1.846741 6.570117 0.000000 0.000000 
-27.761116 186.678894 4.760595 1.175583 6.920520 0.000000 0.000000 
-27.564720 186.757233 4.833414 -4.039215 4.561698 0.000000 0.000000 
-27.196581 187.122192 2.292759 -4.144905 4.225158 0.000000 0.000000 
-26.226437 187.577606 -3.574370 -6.317207 3.535163 0.000000 0.000000 
176.291275 64.679604 19.007744 22.728180 8.695026 0.000000 0.000000 
175.990967 65.620270 19.759808 17.265656 5.090629 0.000000 0.000000 
177.308533 62.268929 20.732939 18.546288 7.891502 0.000000 0.000000 
-24.703897 189.339966 -13.877293 -6.046066 8.124390 0.000000 0.000000 
-26.330944 189.233856 -14.007607 -4.634804 9.249992 0.000000 0.000000 
-1.403178 191.825378 -7.397900 2.418655 11.417397 0.000000 0.000000 
-1.143956 191.857971 -7.025267 3.619125 12.211208 0.000000 0.000000 
-26.487736 192.306335 -4.590871 -6.981094 3.529495 0.000000 0.000000 
-27.961872 192.395355 -2.214670 -6.627243 3.484539 0.000000 0.000000 
-32.687832 195.281158 4.617616 -8.295616 4.420616 0.000000 0.000000 
-3.253499 198.826263 -7.846191 -8.462646 3.817508 1.000000 1.000000 
-3.300260 199.518524 -6.211077 -2.304550 6.358062 0.000000 0.000000 
-4.457293 199.511871 -8.537556 -5.450142 6.936306 0.000000 0.000000 
-33.095490 198.092285 5.995681 -4.748444 6.531318 0.000000 0.000000 
-32.443443 198.376709 -4.065619 -3.133690 4.546772 0.000000 0.000000 
-31.904400 198.511322 -4.173003 3.623695 9.841480 0.000000 0.000000 
-35.512157 199.110504 11.594275 1.687645 8.276459 0.000000 0.000000 
-34.381977 199.320892 13.575726 -0.590820 8.058849 0.000000 0.000000 
-36.778610 199.094086 10.870657 -4.584785 4.135540 0.000000 0.000000 
-36.918995 199.191833 13.627739 -1.716713 6.221412 0.000000 0.000000 
-36.246201 199.339874 12.963954 2.727669 8.422382 0.000000 0.000000 
-34.123341 202.836182 11.254732 -2.170258 5.247123 0.000000 0.000000 
-32.777554 203.110779 13.646938 -3.814293 4.622821 0.000000 0.000000 
-33.114285 205.319580 -5.599407 -3.260933 4.950588 0.000000 0.000000 
-32.146957 205.691986 -3.219309 -1.664886 5.555522 0.000000 0.000000 
-32.787163 214.671692 9.601598 -5.248909 3.541107 0.000000 0.000000 
-32.615967 218.345245 3.891375 -5.238800 2.261249 0.000000 0.000000 
-27.678598 219.158112 2.114373 -3.988632 3.601173 0.000000 0.000000 
-29.410837 220.691223 -12.349978 -2.755882 3.964797 0.000000 0.000000 
2.541395 232.728394 -6.815212 -0.446671 6.558521 0.000000 0.000000 
-35.609604 248.041168 -4.179098 0.082497 4.418403 0.000000 0.000000 
-34.947453 248.211945 -2.982831 0.640533 5.147956 0.000000 0.000000 
-37.832260 249.054932 -2.791601 -3.624039 2.652957 0.000000 0.000000 
-35.881401 250.055573 -2.808813 -0.050407 4.055252 0.000000 0.000000 
