ply
format ascii 1.0
comment Created by CloudCompare v2.14.beta (Feb  3 2026)
comment Created 2026-04-29T17:56:21
obj_info Generated by CloudCompare!
element vertex 1550
property float x
property float y
property float z
property float rcs
property float snr
property float v
property float label
end_header
-20.781483 -21.860989 -8.203626 -5.302330 23.861240 0.000000 1.000000 
-30.885887 -11.085179 -12.471828 -3.981422 24.815109 0.000000 1.000000 
10.950496 -32.822407 -10.744899 -0.291611 22.812489 0.000000 1.000000 
7.139710 -36.529842 -6.454062 -0.069839 27.786160 0.000000 1.000000 
8.914222 -40.016720 -2.551041 -1.248390 23.660931 0.000000 1.000000 
22.699755 -41.227200 -6.420807 1.809723 18.517590 0.000000 1.000000 
12.374346 -3.070529 -3.388016 -5.646950 35.096027 1.000000 1.000000 
-5.235365 -18.398045 -6.323615 -10.380791 24.349348 0.000000 1.000000 
6.891143 -32.624508 -7.457526 -3.163475 26.876678 0.000000 1.000000 
29.992319 16.388680 -7.531973 -7.025543 22.943581 0.000000 1.000000 
34.521755 -5.867172 -8.799813 -2.394470 25.595867 0.000000 1.000000 
6.614604 -36.521194 -11.860591 -1.486252 23.598331 0.000000 1.000000 
11.629743 -36.137650 -6.283254 0.099670 26.400963 0.000000 1.000000 
4.994747 -40.028702 -4.631665 -4.616699 20.938011 0.000000 1.000000 
11.544345 -39.720345 -12.360021 -2.500496 22.895454 0.000000 1.000000 
7.089493 -41.816628 -6.716162 3.773048 26.283113 0.000000 1.000000 
7.006258 -41.865677 -6.868168 1.003456 24.681444 0.000000 1.000000 
4.827224 -42.422924 -8.126419 -3.202400 20.842770 0.000000 1.000000 
46.628899 8.353542 -17.892155 19.756454 34.876518 0.000000 1.000000 
15.963375 -49.166634 -11.203239 -5.758530 18.395098 0.000000 1.000000 
56.166008 8.058494 -21.647642 3.573387 20.726336 0.000000 1.000000 
69.784119 -10.648328 -11.898102 2.739372 17.454403 0.000000 1.000000 
58.660969 -42.418186 -10.381095 11.591507 24.068085 0.000000 1.000000 
113.335861 -8.573927 -18.626846 8.381226 17.743187 0.000000 1.000000 
113.852951 -7.905511 -16.732332 11.594147 18.931740 0.000000 1.000000 
113.976166 -9.008389 -12.035186 9.784103 16.525545 0.000000 1.000000 
114.467880 -7.715864 -22.738613 13.788795 18.103430 0.000000 1.000000 
114.625908 -6.545305 -18.409128 12.738556 18.588602 0.000000 1.000000 
2.752170 25.715191 -9.212542 -19.135818 23.990114 0.000000 1.000000 
-8.174566 26.620520 -8.016829 -16.704895 23.893269 0.000000 1.000000 
5.020126 29.294849 -10.366505 -14.837852 24.742386 0.000000 1.000000 
-14.091680 27.566591 -5.497618 -11.956421 22.050676 0.000000 1.000000 
-10.348504 30.475170 -11.942203 -14.356773 22.133940 0.000000 1.000000 
6.485931 33.051853 -8.578259 -16.677254 20.816875 0.000000 1.000000 
23.711191 24.179150 -8.545290 5.459343 22.770523 0.000000 1.000000 
-19.679922 31.285576 -8.641501 -7.205200 20.121214 0.000000 1.000000 
-20.240223 32.964821 -10.241752 -6.612267 20.052034 0.000000 1.000000 
-26.057953 28.498013 -8.595869 -1.621101 18.650311 0.000000 1.000000 
6.768710 40.849922 -14.364287 -14.316780 18.735209 0.000000 1.000000 
6.558342 41.041397 -14.623219 -14.795372 19.261234 0.000000 1.000000 
7.700413 45.519917 -11.695691 -18.038078 15.271626 0.000000 1.000000 
9.532055 48.096825 -18.351252 -15.130096 18.590267 0.000000 1.000000 
8.351394 54.052067 -18.532402 -10.225845 17.876766 0.000000 1.000000 
-26.461258 50.292557 -13.857841 -9.383011 16.329140 0.000000 1.000000 
6.833610 62.636833 -21.225727 -17.593834 10.726658 0.000000 1.000000 
16.737234 61.430458 -16.215631 -17.873405 9.390003 0.000000 1.000000 
-31.174351 59.819809 -17.017830 -6.457542 16.246370 0.000000 1.000000 
-30.928970 59.958118 -17.147270 -7.098724 14.368570 0.000000 1.000000 
-13.064769 67.213890 -16.508215 -11.868431 14.223976 0.000000 1.000000 
-1.978770 71.221581 -18.944426 -12.648895 18.335779 0.000000 1.000000 
-30.240147 67.121582 -26.048063 -8.067581 13.681360 0.000000 1.000000 
-23.859358 74.183266 -31.052889 -18.047035 7.051468 0.000000 1.000000 
-34.202648 74.765785 -32.919079 -6.435875 11.696609 0.000000 1.000000 
-28.753752 80.234169 -34.124912 -8.256874 13.246134 0.000000 1.000000 
42.657833 77.431702 -33.476566 1.362549 14.086967 0.000000 1.000000 
3.253885 91.546761 -34.350758 -14.828171 10.382549 0.000000 1.000000 
-37.496555 84.092926 -29.148521 -6.381020 11.011509 0.000000 1.000000 
-32.914593 95.806221 -29.164608 -11.239998 9.440182 0.000000 1.000000 
-32.027348 100.224815 -16.435358 -10.616058 9.161823 0.000000 1.000000 
-31.283339 102.230782 -14.555380 -6.050377 8.052402 0.000000 1.000000 
-30.753477 102.870956 -13.901162 -12.578087 5.114373 0.000000 1.000000 
-19.217670 110.806175 -43.795357 -11.157890 8.755547 0.000000 1.000000 
-31.523930 109.017014 -45.905098 -10.091522 7.669720 0.000000 1.000000 
-32.037285 109.210770 -46.044701 -8.440544 8.390518 0.000000 1.000000 
-50.688797 101.805565 -32.777119 -6.449821 7.296200 0.000000 1.000000 
-21.604445 117.195404 -14.886297 -14.154144 6.142846 0.000000 1.000000 
43.987667 110.788208 -29.110998 -7.959351 6.017952 0.000000 1.000000 
39.069168 114.249222 -12.315380 -8.127800 6.783993 0.000000 1.000000 
38.490147 114.488983 -14.383998 -3.421448 10.041279 0.000000 1.000000 
38.458076 114.527458 -12.154776 -7.046158 8.214863 0.000000 1.000000 
-34.221230 120.675911 -19.440868 -4.654861 7.663472 0.000000 1.000000 
-33.601410 123.047188 -15.419301 -7.714706 4.876584 0.000000 1.000000 
59.489250 120.392914 -13.233414 8.488701 15.685949 0.000000 1.000000 
-24.396557 148.269806 -18.561584 -5.820808 4.980572 0.000000 1.000000 
-25.453033 166.140381 -39.763485 -4.273499 5.225644 0.000000 1.000000 
-23.873686 153.084961 -9.702910 -5.370613 6.845627 0.000000 1.000000 
-24.853470 153.082855 -9.847724 -8.885979 5.107262 0.000000 1.000000 
-23.761169 161.341553 -8.871165 -2.166687 9.574203 0.000000 1.000000 
-24.014874 161.346863 -10.054060 -4.219528 8.299400 0.000000 1.000000 
-25.455864 166.953430 -10.649350 -7.788582 4.626915 0.000000 1.000000 
-25.492224 170.771790 -16.353636 -5.673401 4.927128 0.000000 1.000000 
-27.557331 188.080841 -15.724038 -0.228806 6.866215 0.000000 1.000000 
-32.799515 197.623566 -17.970308 -3.852463 5.475632 0.000000 1.000000 
-29.268053 207.470459 -14.192682 -4.448784 4.472584 0.000000 1.000000 
-29.737547 217.576385 -13.960983 -2.385582 5.178185 0.000000 1.000000 
-44.874264 20.685516 17.022806 1.390945 21.861588 0.000000 1.000000 
63.886868 -10.696358 20.259817 3.527504 21.524408 0.000000 1.000000 
113.949043 -9.822186 21.733406 11.341492 17.100777 0.000000 1.000000 
118.238167 12.133276 30.486753 12.364479 17.568821 0.000000 1.000000 
128.751785 7.267134 35.714993 11.678787 14.206949 0.000000 1.000000 
38.649204 -138.449326 20.098219 13.276039 15.534925 0.000000 1.000000 
193.981506 59.507862 58.431534 20.439407 14.324568 0.000000 1.000000 
-14.815798 48.574085 19.426323 -18.354935 14.360209 0.000000 1.000000 
-29.855087 68.880577 22.261345 0.080498 18.409231 0.000000 1.000000 
-31.444244 82.575127 35.377705 -0.153366 16.950996 0.000000 1.000000 
41.823006 77.989578 24.830883 -0.707024 14.275045 0.000000 1.000000 
-51.168785 74.576820 19.898247 -5.040253 10.753700 0.000000 1.000000 
-40.031857 82.726898 36.477802 -12.868195 6.981648 0.000000 1.000000 
-30.588156 98.393440 30.650858 -10.475739 6.659089 0.000000 1.000000 
-32.020817 97.939575 40.646515 -11.114098 9.037827 0.000000 1.000000 
-31.501507 98.129982 32.856525 -5.013123 11.251564 0.000000 1.000000 
11.193974 105.701668 28.316509 -12.862938 7.578991 0.000000 1.000000 
-33.281704 104.059875 13.625620 -6.407135 8.225986 0.000000 1.000000 
-50.122795 102.449089 16.337976 -8.794785 6.214364 0.000000 1.000000 
-21.250399 116.448936 46.723801 -13.751114 5.408528 0.000000 1.000000 
42.063770 110.886673 15.509633 -5.430260 6.819237 1.000000 1.000000 
35.171101 121.108536 36.018520 -7.628403 9.145535 0.000000 1.000000 
-34.837864 126.512802 18.411119 -8.480431 7.656533 0.000000 1.000000 
-34.143551 149.392914 12.495786 -4.677666 7.312008 0.000000 1.000000 
-29.855396 187.931366 79.644295 -3.853760 6.719479 0.000000 1.000000 
-35.442822 199.392059 15.076240 -2.772209 5.949246 0.000000 1.000000 
-13.417004 -29.820549 13.928075 -8.898018 23.484270 0.000000 1.000000 
-6.544414 -52.328369 13.807199 -2.649498 17.423018 0.000000 1.000000 
1.890619 -11.892058 -3.919901 -11.859015 34.662567 0.000000 1.000000 
21.999884 10.883655 -2.649846 0.827484 33.117466 0.000000 1.000000 
28.960941 7.745345 -4.815058 3.510803 28.133715 0.000000 1.000000 
28.806353 11.520339 -8.543076 2.393776 30.481380 0.000000 1.000000 
30.972403 8.046992 -8.053032 -4.530815 24.012543 0.000000 1.000000 
34.692871 14.556907 -3.664287 -1.650169 22.241383 0.000000 1.000000 
34.602024 15.036871 -4.478413 -0.463783 23.292076 0.000000 1.000000 
35.642586 13.053070 -4.761094 -3.632378 21.814171 0.000000 1.000000 
33.931698 16.894939 -3.834360 0.507072 24.815781 0.000000 1.000000 
-1.979777 -55.664253 11.855642 8.510100 32.024033 0.000000 1.000000 
24.238846 10.219311 -9.766040 12.468102 24.243771 0.000000 1.000000 
-3.882098 29.454618 11.058166 -17.034271 23.345264 0.000000 1.000000 
-9.735017 33.090157 13.159918 -21.340813 14.815041 1.000000 1.000000 
-13.644508 32.450089 -1.877418 -12.117615 17.862476 1.000000 1.000000 
-13.734614 32.679314 -1.985355 -8.689812 19.160847 1.000000 1.000000 
21.931271 31.635515 -3.471131 -6.195480 17.531097 0.000000 1.000000 
-13.808217 39.663895 -3.579820 -23.209084 8.310307 1.000000 1.000000 
12.551880 43.400871 15.892438 -15.556770 18.078075 0.000000 1.000000 
12.792207 43.778824 -4.562558 -14.868706 17.279648 0.000000 1.000000 
-17.926004 42.045338 12.007222 -19.455849 12.273518 0.000000 1.000000 
-18.236217 54.241371 14.950042 -8.519928 20.722399 0.000000 1.000000 
8.191960 59.930069 -11.617846 -20.190483 11.388199 0.000000 1.000000 
-7.908534 62.967789 -12.428132 -18.784630 11.563950 0.000000 1.000000 
-26.024403 58.005039 19.432232 -14.024727 11.177807 0.000000 1.000000 
20.985386 61.833340 20.457504 -7.489647 18.106190 0.000000 1.000000 
26.822815 59.643333 -6.027777 -11.941422 10.045708 1.000000 1.000000 
26.648457 59.735374 -5.030620 -9.606453 11.211632 1.000000 1.000000 
13.322119 64.624359 -7.914894 -16.182732 10.820724 0.000000 1.000000 
26.750017 60.259075 -5.011796 -0.485123 19.530294 0.000000 1.000000 
-22.761229 62.121090 18.645000 -13.777817 11.267208 1.000000 1.000000 
26.750290 60.451710 -5.435243 -8.194374 13.191395 0.000000 1.000000 
26.865128 60.442871 -10.190505 -2.543106 18.672932 0.000000 1.000000 
30.069372 59.750237 -7.171219 -11.472542 8.030319 0.000000 1.000000 
29.969151 60.309284 -6.662657 -11.532860 10.343651 0.000000 1.000000 
22.502838 64.973564 22.762327 -14.374756 10.454567 0.000000 1.000000 
-2.177108 70.976669 -5.475348 -13.947586 18.603409 0.000000 1.000000 
46.992920 52.196365 -4.592013 9.410973 20.204039 0.000000 1.000000 
47.201473 52.199657 -5.778911 -0.367142 12.695492 0.000000 1.000000 
47.229382 52.450569 -5.122056 7.667502 18.708607 0.000000 1.000000 
47.146374 53.114471 -5.189267 1.788094 12.136150 0.000000 1.000000 
48.096424 52.833904 -5.797844 4.962593 13.812307 0.000000 1.000000 
-9.605111 74.066811 -9.956479 -4.480972 20.071842 0.000000 1.000000 
-30.422554 68.221642 -9.305515 -4.463997 13.139290 0.000000 1.000000 
-31.611378 76.275993 -12.493702 -9.077965 10.891315 0.000000 1.000000 
-31.802277 76.776588 -10.882307 -2.919777 14.651173 0.000000 1.000000 
52.909115 68.163734 -7.184649 6.504616 18.141003 0.000000 1.000000 
52.862972 68.401276 -6.833478 8.409035 17.788628 0.000000 1.000000 
-30.266239 86.563423 -11.766807 -12.668671 9.130924 0.000000 1.000000 
-35.833099 84.883728 -12.989332 -10.260704 8.516705 0.000000 1.000000 
31.686335 90.731163 -7.486405 -12.925789 7.040101 0.000000 1.000000 
-19.684013 132.868530 -11.250702 5.955063 18.675602 0.000000 1.000000 
-19.687746 133.949585 -11.178569 3.727371 15.280701 1.000000 1.000000 
-1.119050 191.829224 -6.581890 0.124672 9.582680 0.000000 1.000000 
-1.858222 191.852722 -7.252508 3.910744 11.330276 0.000000 1.000000 
-2.280943 199.355438 -6.879289 -5.076271 4.337533 0.000000 1.000000 
-2.790264 199.504395 -6.582816 -1.639641 6.834900 0.000000 1.000000 
-30.697020 198.759277 -7.781833 -5.444496 3.211220 0.000000 1.000000 
4.289967 232.747498 -7.917723 -3.826088 5.798371 0.000000 1.000000 
-0.422330 -6.057887 -0.229417 -6.828636 45.024628 0.000000 0.000000 
-0.301462 -6.122990 -0.122952 -9.658113 44.631889 0.000000 0.000000 
0.191471 -6.212066 -0.288607 -2.412064 47.824512 0.000000 0.000000 
0.037473 -6.203697 -0.180366 -6.860065 44.190392 0.000000 0.000000 
0.300885 -6.293435 -0.286484 -5.452816 44.880966 0.000000 0.000000 
-0.849602 11.143957 -0.024474 -12.652077 32.411610 0.000000 0.000000 
0.046157 12.109032 -0.030180 -12.016937 36.885715 0.000000 0.000000 
0.095007 12.322180 -0.032914 -11.766914 38.261070 0.000000 0.000000 
-0.507492 12.377462 0.024055 -11.575981 37.382866 1.000000 0.000000 
-3.705808 18.519360 0.396637 8.804527 43.845142 0.000000 0.000000 
-3.832460 18.730644 0.265952 9.210205 42.268711 0.000000 0.000000 
-3.698608 18.925161 -0.208754 2.561195 38.013863 0.000000 0.000000 
0.082342 21.514208 -1.343954 -7.119942 31.848972 0.000000 0.000000 
-4.869720 20.940645 -0.635401 3.746681 39.126621 0.000000 0.000000 
-4.900437 20.938627 -0.748614 2.328598 37.111717 0.000000 0.000000 
0.232067 22.206835 -0.819971 2.330688 33.447109 1.000000 0.000000 
-5.059965 21.625397 -0.704271 0.949646 35.394005 1.000000 0.000000 
0.118013 22.544960 -0.863531 -3.480789 27.051210 0.000000 0.000000 
0.017582 22.542507 -0.892182 -12.644531 17.058342 1.000000 0.000000 
0.290531 22.864920 -0.823123 19.621666 48.741753 0.000000 0.000000 
0.266175 22.981684 -0.836378 18.108810 47.996544 0.000000 0.000000 
0.024569 23.238651 -0.760096 -7.072685 26.112019 0.000000 0.000000 
0.071772 23.629757 -0.868456 -9.887291 23.886595 1.000000 0.000000 
0.000281 29.332434 -0.193508 -13.264847 25.364855 0.000000 0.000000 
-12.926680 26.125301 1.662902 -7.798676 20.637503 1.000000 0.000000 
-13.102060 26.224480 1.616759 -0.817848 29.687384 1.000000 0.000000 
-13.147448 26.343342 1.623578 -5.892097 21.999472 1.000000 0.000000 
-13.354450 26.488094 1.594901 -15.836441 18.325542 1.000000 0.000000 
0.818812 30.157423 0.085875 -16.667015 22.766579 0.000000 0.000000 
-13.406827 26.856445 1.698479 -15.208673 16.084427 1.000000 0.000000 
-13.516714 26.819141 1.664070 -21.658173 9.532555 1.000000 0.000000 
-13.297556 26.985350 1.434644 -15.420845 13.411564 1.000000 0.000000 
0.537609 30.573746 -1.109429 -18.328354 20.514771 0.000000 0.000000 
-13.339105 27.243000 1.871758 -10.826172 19.736616 1.000000 0.000000 
-13.322670 27.255817 2.021668 -5.917946 21.710913 1.000000 0.000000 
-13.876669 27.183208 1.134003 -15.689880 13.593496 1.000000 0.000000 
-13.536070 27.380581 1.572164 -8.738083 20.476313 1.000000 0.000000 
-13.561778 27.860508 1.919222 -8.582367 20.930336 1.000000 0.000000 
-13.806488 28.223337 1.979051 -11.515877 16.638622 1.000000 0.000000 
-13.786124 28.234842 1.981363 -10.263115 18.498039 1.000000 0.000000 
-14.069616 28.486336 2.205036 -8.193909 18.711937 1.000000 0.000000 
-15.699403 27.627251 0.484587 -11.234810 20.490444 0.000000 0.000000 
-14.247555 28.914913 0.826522 -8.347504 20.733074 1.000000 0.000000 
-14.036338 29.627899 1.466049 -8.066559 18.621786 1.000000 0.000000 
-14.043853 29.733809 1.346188 -10.234406 19.965647 1.000000 0.000000 
-13.279752 30.215719 1.322502 -15.139679 17.595793 1.000000 0.000000 
-13.850599 30.169237 1.160768 -21.108864 9.397152 1.000000 0.000000 
-14.181951 29.990240 1.389711 -10.635399 17.951796 1.000000 0.000000 
-13.819867 30.291292 2.984711 -13.189125 19.914478 1.000000 0.000000 
-13.225066 30.916403 1.035437 9.654930 35.162922 1.000000 0.000000 
-13.230333 31.205780 1.162880 3.801437 30.442762 1.000000 0.000000 
-13.273991 31.223415 1.152614 3.480850 31.362745 1.000000 0.000000 
-14.622379 30.782454 2.306918 -12.283401 21.254780 1.000000 0.000000 
-13.337058 31.676214 1.128312 -1.744492 23.843706 1.000000 0.000000 
-13.051450 31.886581 1.067780 -19.323296 13.652554 1.000000 0.000000 
-13.439156 31.920139 1.020477 -2.708748 25.668625 1.000000 0.000000 
-13.770509 32.049301 1.054151 0.896721 27.116653 1.000000 0.000000 
-13.505843 32.253311 0.873769 -12.186996 15.837872 1.000000 0.000000 
-13.465092 32.355854 0.996570 -10.130501 17.142799 1.000000 0.000000 
-13.354671 32.451363 1.191832 -7.782722 22.095684 1.000000 0.000000 
-13.174226 32.636024 1.268199 -4.199486 23.136795 1.000000 0.000000 
-13.287848 32.896072 1.082787 -7.186874 19.599394 1.000000 0.000000 
-13.233093 32.965981 1.218654 -8.954926 22.840847 1.000000 0.000000 
-13.466831 33.215317 1.269600 -11.717316 18.715345 1.000000 0.000000 
-13.094400 33.428032 1.967031 -20.832779 13.929897 1.000000 0.000000 
-13.147017 33.474602 1.424512 -6.052216 21.084221 1.000000 0.000000 
-13.174520 33.612244 1.129108 -15.107469 13.114393 1.000000 0.000000 
-13.122549 33.633926 1.176249 -7.940811 20.514002 1.000000 0.000000 
-13.268750 33.693993 1.080662 -10.000244 17.825903 1.000000 0.000000 
-13.738921 33.504639 1.249504 -16.491829 10.040249 1.000000 0.000000 
-13.645642 33.772072 1.118540 -13.478767 12.731300 1.000000 0.000000 
-13.303404 34.111458 1.186445 -6.317360 20.578579 1.000000 0.000000 
-13.815861 34.038567 1.378155 -16.958778 12.924442 1.000000 0.000000 
-13.215597 34.333073 1.143654 -1.328484 25.223698 1.000000 0.000000 
-13.246282 34.365112 1.089932 -9.991066 17.382099 1.000000 0.000000 
-13.916471 34.492058 0.683151 -10.381630 17.604076 1.000000 0.000000 
-13.356178 34.766102 1.017548 -15.932663 13.472595 1.000000 0.000000 
-13.438060 34.753815 1.096159 -4.487579 22.218643 1.000000 0.000000 
-12.977605 35.105915 1.315454 -13.343451 14.965757 1.000000 0.000000 
-13.314504 35.086380 0.985823 5.530525 32.270123 1.000000 0.000000 
-14.042948 34.978691 0.662565 -20.111229 10.481937 1.000000 0.000000 
-13.852214 35.065880 0.784210 -4.025780 25.087635 1.000000 0.000000 
-13.209503 35.361420 1.289725 1.686545 29.122705 1.000000 0.000000 
-13.756111 35.530754 1.253441 -8.048355 17.883533 1.000000 0.000000 
-13.356023 35.817780 0.989368 -14.196526 13.500633 1.000000 0.000000 
-13.531296 35.939835 0.896535 -21.662376 9.122467 1.000000 0.000000 
-13.740794 35.881172 1.032959 -23.664162 4.877785 1.000000 0.000000 
-13.512095 37.560551 1.050534 -17.746063 13.084822 1.000000 0.000000 
-13.466565 37.588200 1.361424 -18.102882 11.555309 1.000000 0.000000 
-13.304611 37.706825 1.009972 -0.119194 25.573008 1.000000 0.000000 
-13.214740 37.805019 1.169640 -16.470741 10.701809 1.000000 0.000000 
-13.521239 38.037136 1.043984 -7.775658 19.691097 1.000000 0.000000 
-13.344234 38.106865 1.165447 -1.130341 25.901173 1.000000 0.000000 
-13.205881 38.621048 0.974089 -16.645851 13.274673 1.000000 0.000000 
-13.247802 38.611210 1.122653 -5.854233 21.234510 1.000000 0.000000 
-13.306643 38.795238 1.100077 -22.354431 6.274804 1.000000 0.000000 
-13.356735 38.805843 1.508644 -20.985817 9.392132 1.000000 0.000000 
-13.675885 38.896866 1.113960 -3.453400 21.733381 1.000000 0.000000 
-13.453199 39.009285 1.300138 -23.993347 6.401547 1.000000 0.000000 
-13.516706 39.017120 1.536062 -10.771996 18.257607 1.000000 0.000000 
-13.312231 39.232491 1.237550 -1.874588 24.181900 1.000000 0.000000 
-13.436889 39.268520 1.033748 -20.378212 9.757423 1.000000 0.000000 
-13.407520 39.444176 1.317433 -8.020149 19.830364 1.000000 0.000000 
-13.296924 39.494560 1.335827 -16.788391 14.743895 1.000000 0.000000 
-15.480740 -32.001850 -0.319800 -2.589386 22.675695 0.000000 0.000000 
-15.073324 -29.087173 0.820512 3.049683 23.410452 1.000000 0.000000 
-14.868570 -29.295856 0.944440 6.335013 25.828779 1.000000 0.000000 
-15.711749 -29.760235 0.248519 1.407661 19.331301 1.000000 0.000000 
-18.254440 -2.040789 -0.443143 3.089020 42.375214 0.000000 0.000000 
-18.218813 -2.765979 0.181014 3.901009 41.295090 0.000000 0.000000 
-18.407848 -2.566611 -0.279525 2.874687 38.664619 0.000000 0.000000 
-18.683805 -2.045571 -0.245859 7.047432 44.069576 0.000000 0.000000 
-18.684736 -2.050673 -0.268223 7.183800 45.326889 0.000000 0.000000 
-20.360737 -0.884242 -1.045358 4.622246 40.959908 0.000000 0.000000 
-20.360817 -0.901211 -0.991571 3.981438 40.116882 0.000000 0.000000 
-20.732979 -2.594236 -0.111984 -13.720078 22.919090 0.000000 0.000000 
-20.422878 4.147789 0.843633 -3.575951 29.179142 0.000000 0.000000 
-23.491793 1.659690 1.474152 -8.057693 26.369862 0.000000 0.000000 
-22.643635 6.467825 1.278733 -8.403793 23.052620 0.000000 0.000000 
-22.704170 6.601791 1.197116 -1.863304 28.540068 0.000000 0.000000 
-23.315573 5.046054 -4.204985 -6.039055 25.643730 0.000000 0.000000 
-26.389452 -2.629539 2.445605 -7.861404 25.246826 0.000000 0.000000 
-26.350388 -12.819226 1.844306 -2.954155 25.058754 0.000000 0.000000 
-29.982035 -1.589201 3.162512 -1.326706 27.673355 0.000000 0.000000 
-30.157545 -1.687225 2.748084 -3.410500 27.745815 0.000000 0.000000 
-29.413826 -8.638891 5.210994 -3.730316 26.640862 0.000000 0.000000 
-35.120728 0.446304 1.589174 -1.226418 25.751686 0.000000 0.000000 
-35.222034 0.300699 1.144352 -4.355240 23.530521 0.000000 0.000000 
-36.950729 -2.711396 1.330880 -2.508850 26.048885 0.000000 0.000000 
-37.104633 -3.105288 2.296054 7.684813 35.038158 0.000000 0.000000 
-37.173473 -2.783119 1.409805 6.275496 33.011299 0.000000 0.000000 
-37.088253 -5.254946 1.556429 -3.786064 23.096565 0.000000 0.000000 
-37.249870 -4.630952 0.401725 -4.148880 23.952377 0.000000 0.000000 
-38.631645 -1.598899 1.819680 -4.215721 23.991892 0.000000 0.000000 
-38.775776 -1.846732 2.290222 -1.939407 23.920156 0.000000 0.000000 
-38.522385 -7.491047 0.883675 0.207123 25.852003 0.000000 0.000000 
-38.637695 -7.575759 1.312025 1.187355 26.937962 0.000000 0.000000 
-38.831039 -7.082222 -0.249462 -1.825684 22.860111 0.000000 0.000000 
-40.417679 0.660071 3.187752 -0.727852 24.045908 0.000000 0.000000 
-40.451908 1.049059 2.390203 0.061340 24.171993 0.000000 0.000000 
-40.708027 1.016284 3.060812 3.619781 27.260401 0.000000 0.000000 
-40.799309 1.250258 3.221717 4.596733 29.100754 0.000000 0.000000 
-42.617077 3.662958 2.536568 4.065331 27.090799 0.000000 0.000000 
-38.649418 -19.568272 0.625150 4.380240 26.227455 0.000000 0.000000 
-38.642815 -19.800655 1.163566 7.468788 29.253136 0.000000 0.000000 
-42.751652 11.510482 8.610987 -3.524666 21.296741 0.000000 0.000000 
-20.293524 -32.856236 2.078281 -1.991615 23.551189 0.000000 0.000000 
-22.173817 -47.110432 5.014993 0.671089 19.318178 0.000000 0.000000 
-6.543087 -6.642779 -0.000414 -11.295326 38.107761 0.000000 0.000000 
-6.636685 -10.710003 -0.175985 -12.225372 32.536102 0.000000 0.000000 
-6.667556 -10.701473 0.214904 -11.940399 28.890703 0.000000 0.000000 
-6.700272 -11.156165 0.076555 -14.133972 32.729599 0.000000 0.000000 
-6.275110 -11.751884 -0.048083 -14.113266 27.121338 0.000000 0.000000 
-6.569128 -11.952493 0.216020 -14.430046 27.387661 0.000000 0.000000 
-6.779541 -12.020296 -0.004778 -10.911757 30.030510 0.000000 0.000000 
-6.361369 -12.332462 -0.176382 -12.169777 28.849306 0.000000 0.000000 
-6.294736 -12.507406 -1.353742 -9.422920 30.670940 0.000000 0.000000 
-6.301219 -12.752486 -0.163911 -15.101501 28.042572 0.000000 0.000000 
-6.246524 -12.787645 -0.335154 -11.759003 30.140446 0.000000 0.000000 
-6.534450 -12.913112 0.536893 -6.951454 34.563671 0.000000 0.000000 
-6.787278 -12.976870 -0.064847 -7.884697 31.793173 0.000000 0.000000 
-6.785117 -13.021165 0.022424 -11.595924 26.906994 0.000000 0.000000 
-6.742225 -13.277391 -0.728606 -17.203697 24.791185 0.000000 0.000000 
-6.650305 -13.893036 -0.913042 -12.650299 24.843981 0.000000 0.000000 
-6.634485 -14.863608 0.256639 -11.181778 27.520393 0.000000 0.000000 
-6.449662 -15.003696 -0.136465 -7.552025 28.307713 0.000000 0.000000 
-6.966045 -15.029764 4.436191 -19.451233 22.070942 0.000000 0.000000 
-6.477096 -15.375580 0.151239 -10.152390 28.890417 0.000000 0.000000 
-6.463038 -15.497742 0.049701 -10.260010 26.592825 0.000000 0.000000 
-6.954414 -15.620603 0.641618 -5.385681 31.153088 0.000000 0.000000 
-6.903103 -15.666469 1.456429 -9.243462 26.505310 0.000000 0.000000 
-6.956790 -15.802425 -0.190459 -7.697021 27.886543 0.000000 0.000000 
-6.373762 -16.287928 0.989903 -5.097885 29.531157 0.000000 0.000000 
-6.408677 -16.275391 0.121721 -8.473618 26.594076 0.000000 0.000000 
-6.421665 -16.521244 -1.414744 -5.609077 30.202600 0.000000 0.000000 
-6.409988 -16.714397 -1.051338 -9.102890 25.532894 0.000000 0.000000 
-6.501760 -16.732975 -0.919787 -10.480377 23.765451 0.000000 0.000000 
-6.582595 -17.096493 -0.108271 -8.692375 25.823679 0.000000 0.000000 
-6.648718 -17.178783 0.008437 -9.556419 24.367199 0.000000 0.000000 
-6.849746 -18.623524 2.869736 -5.325928 28.655140 0.000000 0.000000 
-6.881975 -18.716064 -1.280377 -3.360657 30.578201 0.000000 0.000000 
-6.278000 -19.045456 -1.026349 -9.336632 24.565199 0.000000 0.000000 
-6.150709 -19.286266 -1.434260 -12.158272 24.096363 0.000000 0.000000 
-5.955116 -19.379620 -0.616625 -10.247009 27.443615 0.000000 0.000000 
-6.047355 -23.937317 0.121210 -4.973991 27.120251 0.000000 0.000000 
-6.342212 -24.429188 -1.591140 -2.680222 27.855556 0.000000 0.000000 
-6.854566 -24.602356 -1.172642 -14.280350 19.041901 0.000000 0.000000 
-7.265787 -24.696373 -0.691832 -9.096718 21.199675 0.000000 0.000000 
-5.760339 -26.412910 -0.253246 -10.729271 26.099302 0.000000 0.000000 
-5.823084 -26.668957 0.664093 -8.808617 23.488100 0.000000 0.000000 
-6.642621 -27.176922 -0.972901 -5.073273 24.103790 0.000000 0.000000 
-6.772339 -28.113052 -0.217012 -5.624092 24.920086 0.000000 0.000000 
-6.858126 -30.494755 1.165670 0.627853 27.079935 0.000000 0.000000 
-5.616459 -48.952724 2.301093 1.175476 21.593006 0.000000 0.000000 
-5.518180 -61.205013 5.680464 0.444717 17.638470 0.000000 0.000000 
-7.273825 -13.144270 0.134576 0.751236 30.440460 0.000000 0.000000 
-5.743386 -14.341788 -0.008396 -15.308159 25.220600 0.000000 0.000000 
-6.217516 -14.992245 -0.368482 -6.643120 30.307343 0.000000 0.000000 
-6.640355 -15.100402 -0.692094 -7.526428 27.050823 0.000000 0.000000 
-6.332383 -15.503582 -1.164681 -8.645508 26.782757 0.000000 0.000000 
-6.594638 -16.927055 -0.090494 -3.093773 30.775463 0.000000 0.000000 
-6.237608 -17.122841 0.499856 -1.962257 31.193291 0.000000 0.000000 
-6.985675 -17.233040 -0.451074 -3.482529 29.409615 0.000000 0.000000 
-6.765358 -17.336716 -0.595062 -5.523849 28.766670 0.000000 0.000000 
-7.450198 -17.805214 -0.076809 -8.878227 25.295650 0.000000 0.000000 
-6.735610 -18.562698 0.160239 -2.055222 28.895554 0.000000 0.000000 
-7.259332 -18.390736 0.913171 -0.807838 30.828703 0.000000 0.000000 
-6.919679 -19.828323 0.376807 -4.634407 29.711084 0.000000 0.000000 
-7.015588 -21.548740 -0.346812 -2.191849 29.823433 0.000000 0.000000 
-7.513543 -21.426720 0.144763 0.072998 30.446621 0.000000 0.000000 
-7.084789 -24.502663 1.503389 1.739693 30.461370 0.000000 0.000000 
-22.359930 -2.381560 8.059993 -9.120705 28.572842 0.000000 0.000000 
-26.378378 14.708266 12.182184 8.243996 24.281130 0.000000 0.000000 
-6.362780 -55.198315 -1.628395 0.928886 20.132465 0.000000 0.000000 
-6.824099 -55.153076 -1.215454 -0.428818 21.114710 0.000000 0.000000 
8.013667 -18.151833 -0.180787 -13.196518 21.482632 0.000000 0.000000 
8.380960 -26.037842 -0.289621 -6.121452 22.062799 0.000000 0.000000 
8.234687 -27.575859 -0.632561 -6.548576 24.741974 0.000000 0.000000 
7.420851 -28.039665 3.103643 -8.934395 21.147053 0.000000 0.000000 
8.187128 -31.204475 3.778489 -2.267090 27.759207 0.000000 0.000000 
10.468027 -40.848995 0.789745 3.149857 23.651142 0.000000 0.000000 
6.292805 -42.011360 7.514463 1.512199 23.531788 0.000000 0.000000 
6.503659 -42.030701 6.915134 0.686356 22.890175 0.000000 0.000000 
7.301622 -8.505419 -1.531091 6.923325 47.242931 0.000000 0.000000 
7.681591 -16.198572 1.036848 -7.420425 31.482704 0.000000 0.000000 
7.695974 -21.018864 6.373598 1.135757 34.424129 0.000000 0.000000 
7.626341 -35.061420 0.102974 0.068146 28.324818 0.000000 0.000000 
7.283439 -35.189400 0.173474 1.652840 29.345293 0.000000 0.000000 
6.590391 -36.548134 -0.804330 -1.878212 22.795700 0.000000 0.000000 
11.623268 -5.099781 2.362590 -11.773193 32.368168 0.000000 0.000000 
11.770761 -5.167060 2.219266 -11.228844 32.768219 0.000000 0.000000 
16.182020 -42.748837 3.564027 -0.855492 22.145052 0.000000 0.000000 
22.585117 -49.800339 1.111411 1.449409 18.149704 0.000000 0.000000 
24.424936 -51.600956 1.563984 0.679901 22.199467 0.000000 0.000000 
21.529938 -2.461483 5.070421 0.830666 33.065742 0.000000 0.000000 
25.184240 -3.240801 0.186505 -6.640472 27.744411 0.000000 0.000000 
26.443930 -1.250415 -0.498759 -3.311234 29.035454 0.000000 0.000000 
26.495718 -1.290900 -0.524872 -3.164635 29.201237 0.000000 0.000000 
27.444355 0.370428 0.095013 2.629105 32.540863 0.000000 0.000000 
27.592445 -0.016949 0.448442 5.136124 37.022594 0.000000 0.000000 
27.097746 7.366537 4.363849 3.685852 29.781706 0.000000 0.000000 
27.109108 7.820738 3.757366 3.719147 30.385628 0.000000 0.000000 
25.514275 -15.287345 -0.250331 2.627686 28.626740 0.000000 0.000000 
28.618731 8.560041 -0.674123 14.331902 37.569839 0.000000 0.000000 
28.566036 8.759661 -0.723492 16.763023 39.083946 0.000000 0.000000 
30.481630 8.195322 0.526715 9.882584 32.941055 0.000000 0.000000 
30.401333 8.457832 0.125575 9.082298 32.891556 0.000000 0.000000 
30.932970 7.490530 8.702123 -1.166603 25.523582 0.000000 0.000000 
32.582638 1.345011 1.429774 13.305252 38.770924 0.000000 0.000000 
32.689728 1.334381 1.163939 12.856659 40.464176 0.000000 0.000000 
32.313828 9.223370 -0.810105 17.277100 38.959770 0.000000 0.000000 
32.390892 9.153677 -0.681757 20.643753 42.197792 0.000000 0.000000 
34.267792 -6.161039 -0.131486 -6.354218 22.599833 0.000000 0.000000 
34.490311 8.703688 -1.247446 15.806046 36.698490 0.000000 0.000000 
34.678242 8.426616 -1.243053 15.711555 35.931545 0.000000 0.000000 
38.816765 -0.734189 0.221880 8.848000 32.547756 0.000000 0.000000 
38.868675 -0.723185 -0.118719 10.577286 34.490044 0.000000 0.000000 
39.302624 0.403294 0.258707 -8.794678 20.489710 0.000000 0.000000 
38.622799 7.717484 -0.421129 6.525345 27.433262 0.000000 0.000000 
38.702446 7.540099 -0.930113 10.030067 29.682228 0.000000 0.000000 
39.000160 6.969911 10.063112 2.479134 27.360783 0.000000 0.000000 
41.665382 -0.635655 1.899391 6.996811 30.180866 0.000000 0.000000 
41.671612 -0.268955 2.129136 9.658890 33.867393 0.000000 0.000000 
43.103523 -0.512623 0.644199 10.462769 32.750530 0.000000 0.000000 
43.261497 -0.458301 0.908979 10.934029 32.670170 0.000000 0.000000 
42.622952 8.787997 -1.251647 17.203529 35.020641 0.000000 0.000000 
42.674564 8.747106 -1.461085 15.401505 33.840202 0.000000 0.000000 
44.587894 8.842601 -0.451744 8.133484 27.967335 0.000000 0.000000 
7.888326 24.444904 0.590210 -16.209709 23.669397 0.000000 0.000000 
9.461046 -27.616241 6.788857 -3.039948 27.269596 0.000000 0.000000 
2.662512 -7.006901 0.301643 -6.399345 41.846672 0.000000 0.000000 
2.554396 -7.667190 -0.289251 -3.110283 41.994766 0.000000 0.000000 
2.737217 -7.598387 -0.145951 -0.600510 43.050812 0.000000 0.000000 
2.433563 -8.064728 0.253479 -3.277786 42.195515 0.000000 0.000000 
2.796099 -8.073361 0.308540 -3.482307 42.688759 0.000000 0.000000 
2.345817 -0.966644 0.036055 -13.773819 51.008347 0.000000 0.000000 
2.492754 -0.974339 0.036054 -13.591419 55.873470 0.000000 0.000000 
2.414303 -2.018709 0.038936 -24.545898 33.573982 0.000000 0.000000 
2.443521 -2.074034 0.008674 -27.057209 41.374832 0.000000 0.000000 
2.419969 -2.500975 0.144770 -23.669662 41.218494 0.000000 0.000000 
2.463465 -2.595992 0.056150 -22.219151 40.970772 0.000000 0.000000 
2.401810 -2.856019 -0.025059 -19.837418 43.505592 0.000000 0.000000 
2.405331 -3.124642 -0.100734 -28.568272 38.520016 0.000000 0.000000 
2.451182 -3.533906 0.077947 -14.144566 46.573074 0.000000 0.000000 
2.480681 -3.514081 0.106493 -13.226912 46.738831 0.000000 0.000000 
2.514678 -3.613693 0.071509 -9.656010 48.235306 0.000000 0.000000 
2.433568 -3.955857 0.030154 -19.119911 42.102486 0.000000 0.000000 
2.452202 -4.139511 0.034305 -14.965927 42.150429 0.000000 0.000000 
2.472656 -4.186510 0.056846 -15.211002 43.582863 0.000000 0.000000 
2.433496 -4.471881 -0.079582 -17.861759 40.067123 0.000000 0.000000 
2.454443 -4.547505 -0.081306 -21.060741 40.212040 0.000000 0.000000 
2.467701 -4.602775 -0.069304 -19.980042 39.619774 0.000000 0.000000 
2.475765 -4.733803 -0.053065 -19.557190 35.879066 0.000000 0.000000 
2.451977 -5.062026 0.075823 -9.514112 43.356518 0.000000 0.000000 
2.476331 -5.156847 0.067084 -11.422104 42.440948 0.000000 0.000000 
2.404495 -5.336993 -0.157341 -12.128170 40.441727 0.000000 0.000000 
2.449900 -5.498973 0.006936 -1.648209 45.423046 0.000000 0.000000 
2.447552 -5.501584 0.037183 0.833382 54.505432 0.000000 0.000000 
2.433645 -5.508291 0.013035 -1.760193 44.848648 0.000000 0.000000 
2.468962 -6.252612 0.068696 -9.214870 42.001720 0.000000 0.000000 
2.481899 -6.359610 0.036526 -6.259872 43.909637 0.000000 0.000000 
2.481620 -6.470300 -0.123053 -7.701389 44.365471 0.000000 0.000000 
2.478527 -6.745137 0.056423 -7.059708 43.918129 0.000000 0.000000 
2.472907 -6.794339 -0.031692 -6.411484 42.154709 0.000000 0.000000 
2.418366 -7.060292 -0.119444 -8.896240 44.233147 0.000000 0.000000 
2.432489 -7.229633 -0.085009 -2.528732 44.034458 0.000000 0.000000 
2.436734 -7.231651 0.026752 -4.111385 43.682980 0.000000 0.000000 
2.291819 -7.531393 0.148294 -7.471844 38.474876 0.000000 0.000000 
2.370712 -7.513386 0.083904 -9.532257 38.845261 0.000000 0.000000 
2.381140 -7.658216 0.069885 -7.043137 39.534561 0.000000 0.000000 
2.287830 -7.923727 0.075461 -4.604698 40.261036 0.000000 0.000000 
2.271649 -8.233095 -0.170012 -9.979805 40.894684 0.000000 0.000000 
2.412992 -8.426460 0.149065 -8.634865 37.583622 0.000000 0.000000 
2.466989 -8.459560 0.281708 -11.403769 31.859514 0.000000 0.000000 
2.262501 4.774380 -0.003723 -28.208908 23.662720 0.000000 0.000000 
2.413359 4.822446 -0.024802 -27.870045 25.864521 0.000000 0.000000 
2.653222 5.028913 0.126562 -28.464779 23.295919 0.000000 0.000000 
2.495548 5.399050 -0.085542 -37.933235 18.707333 0.000000 0.000000 
2.308438 5.972266 -0.077066 -41.828236 16.447800 0.000000 0.000000 
2.362795 5.970516 -0.053769 -39.194569 18.215834 0.000000 0.000000 
2.292281 6.959455 0.037880 -10.937389 43.384899 0.000000 0.000000 
2.319376 6.984599 0.041903 -11.275253 44.952133 0.000000 0.000000 
2.386394 7.449964 -0.078893 -26.750568 30.299942 0.000000 0.000000 
2.291192 7.631049 -0.075818 -30.990078 27.142546 0.000000 0.000000 
2.289661 7.908324 -0.036011 -21.413536 32.529114 0.000000 0.000000 
2.373779 7.974455 -0.029857 -21.956188 34.992588 0.000000 0.000000 
2.412136 8.409113 -0.017988 -24.744373 28.370480 0.000000 0.000000 
2.276182 8.588531 -0.139011 -37.749390 22.338024 0.000000 0.000000 
2.269415 8.954157 0.018517 -8.502083 41.286320 0.000000 0.000000 
2.302401 9.000867 0.022676 -6.634201 42.490597 0.000000 0.000000 
2.330837 9.755007 -0.097326 -22.662327 24.517925 0.000000 0.000000 
6.963639 33.737366 -0.839982 -1.026451 29.824780 0.000000 0.000000 
7.021770 33.858864 -0.886011 -1.962044 28.926048 0.000000 0.000000 
2.052211 12.799690 -0.092822 -36.164856 12.503414 1.000000 1.000000 
2.224465 -8.615211 -0.055395 -21.237022 22.622803 1.000000 1.000000 
-6.014349 -1.073734 -0.565015 -0.064911 50.990234 0.000000 0.000000 
-6.017241 -1.024438 -0.601659 5.002434 55.770798 0.000000 0.000000 
-6.069453 -1.028903 -0.613182 7.107924 57.001873 0.000000 0.000000 
-6.829211 -0.002985 0.123394 0.954048 49.158207 0.000000 0.000000 
-6.939535 0.011215 0.164917 5.675587 54.594780 0.000000 0.000000 
2.396013 -8.948886 -0.045941 -2.084061 40.940281 0.000000 0.000000 
2.494580 -8.955518 0.002310 -1.920776 41.431496 0.000000 0.000000 
2.255048 -9.232719 -0.012661 -9.628380 31.836704 0.000000 0.000000 
2.536641 -9.317003 0.174623 -7.278656 36.275589 0.000000 0.000000 
2.451362 -9.460012 0.208529 0.407967 41.861610 0.000000 0.000000 
2.420051 -9.508796 0.135310 3.395332 45.645706 0.000000 0.000000 
2.202447 -10.137004 -0.239733 -7.212372 35.072220 0.000000 0.000000 
2.456404 -10.234675 -0.115548 -4.299927 38.955654 0.000000 0.000000 
2.391637 -10.256600 -0.210104 -4.921799 37.510746 0.000000 0.000000 
2.207539 -10.526229 -0.195525 -4.811668 35.612560 0.000000 0.000000 
2.290659 -10.533858 -0.198454 -2.377945 39.428085 0.000000 0.000000 
2.058533 -10.824461 -0.427269 -4.981491 37.436745 0.000000 0.000000 
2.080796 -10.884806 -0.411564 -4.519150 37.313698 0.000000 0.000000 
2.169695 -10.963146 -0.441756 -7.986641 34.515980 0.000000 0.000000 
2.394747 -10.993279 -0.043668 -5.467026 35.405777 0.000000 0.000000 
2.278858 -11.142585 -0.370383 -6.771812 33.610271 0.000000 0.000000 
-0.582014 -11.892600 2.137917 -20.255714 31.900669 0.000000 1.000000 
-7.572342 -14.226701 -1.380837 -17.373047 23.297607 0.000000 0.000000 
-6.437034 -18.981228 -3.380651 -10.991524 27.448196 0.000000 0.000000 
-18.676182 -11.439322 2.125916 3.390152 35.466045 0.000000 0.000000 
-18.801563 -11.305512 1.300802 -1.059631 31.430857 0.000000 0.000000 
-19.259668 -11.353442 1.741318 -3.706512 30.601542 0.000000 0.000000 
-19.202394 -11.463413 1.091320 0.735535 32.926407 0.000000 0.000000 
-19.693073 -11.470855 1.844786 -0.303253 33.255360 0.000000 0.000000 
-19.856976 -11.268261 1.307202 0.177414 32.923225 0.000000 0.000000 
-18.327833 -14.280680 -0.672876 15.717873 45.213970 0.000000 0.000000 
-18.391081 -14.353723 -0.724764 13.793739 43.536652 0.000000 0.000000 
-18.567810 -14.530942 -0.855033 2.150490 32.440926 0.000000 0.000000 
-18.489220 -14.634337 -0.685938 -0.029701 32.389317 0.000000 0.000000 
-17.748444 -16.087734 0.886718 -3.482346 29.347610 0.000000 0.000000 
-6.774271 -24.736477 5.190302 -7.408524 26.756348 0.000000 0.000000 
-19.729151 -17.173641 1.436349 -4.877808 26.279631 0.000000 0.000000 
-20.527315 -16.558672 4.077422 -6.051956 24.535736 0.000000 0.000000 
-20.784504 -17.764366 2.746630 -7.152565 24.325390 0.000000 0.000000 
13.268164 -27.424133 -1.044184 -1.904320 26.518532 0.000000 0.000000 
-20.162792 -23.952343 -1.138289 -1.603119 25.597980 0.000000 0.000000 
-20.399866 -24.445766 -1.068382 -0.533661 27.570696 0.000000 0.000000 
-20.748713 -24.167374 1.203741 -3.002968 25.952579 0.000000 0.000000 
13.251736 -28.411766 0.264404 -0.245331 27.270378 0.000000 0.000000 
-20.360388 -24.812473 3.205170 -2.348297 25.133839 0.000000 0.000000 
12.248499 -29.259880 0.548203 2.779312 28.386253 0.000000 0.000000 
13.199568 -28.807602 0.040118 0.292931 28.532267 0.000000 0.000000 
11.724085 -31.006699 9.984283 -2.759895 23.751171 0.000000 0.000000 
-23.298010 -25.315228 -1.157526 -8.751205 20.444946 0.000000 1.000000 
11.393316 -32.708389 9.944465 -1.009140 23.276911 0.000000 0.000000 
11.778002 -33.013973 2.664137 -1.348839 23.800293 0.000000 0.000000 
-16.917816 -38.236000 0.318723 -1.780930 22.357016 0.000000 1.000000 
13.360860 -39.437054 4.520895 0.660858 23.350725 0.000000 0.000000 
15.622825 -43.100605 0.969638 -2.393188 18.639038 0.000000 1.000000 
-5.782551 -48.610432 -0.423456 -0.693054 20.328978 0.000000 0.000000 
-6.182903 -48.971275 0.173689 4.438484 25.273098 0.000000 0.000000 
26.208485 -47.601910 0.781262 3.668480 19.219769 0.000000 1.000000 
18.655609 -53.204456 4.247758 -2.818390 18.237650 0.000000 1.000000 
-6.682275 -61.290218 -1.193963 3.284637 19.576929 0.000000 0.000000 
18.071966 -59.457027 0.131072 2.694046 18.603121 0.000000 1.000000 
-6.174531 -67.448517 2.072541 0.272598 15.184174 0.000000 0.000000 
-107.006996 -3.592754 7.187939 8.493973 17.620193 0.000000 0.000000 
-107.272224 -1.832924 5.579739 15.168976 22.226532 0.000000 0.000000 
-107.279121 -1.391778 5.085751 15.868988 23.482738 0.000000 0.000000 
-107.286781 -0.707521 5.847288 14.095108 22.237242 0.000000 0.000000 
-107.465637 -3.866767 2.363203 5.544113 19.113464 0.000000 0.000000 
-107.550560 -4.510940 2.684328 6.309868 18.547207 0.000000 0.000000 
-107.416069 -8.507664 3.902777 10.641739 18.139168 0.000000 0.000000 
-107.540665 -7.431284 1.692784 9.235764 16.538635 0.000000 0.000000 
-19.680292 -106.630066 0.483248 10.687614 16.526964 0.000000 0.000000 
-115.457481 -3.136241 7.949955 12.890053 20.200453 0.000000 0.000000 
-115.466728 -3.004657 9.228549 9.937492 16.294178 0.000000 0.000000 
56.058479 -103.404610 6.419042 17.025467 16.936510 0.000000 0.000000 
57.352753 -102.777847 5.837404 20.897346 21.067076 0.000000 0.000000 
57.900082 -102.559647 10.794006 13.573357 13.758364 0.000000 0.000000 
62.769482 -110.082771 6.517992 19.774254 20.038950 0.000000 0.000000 
60.666416 -147.555710 6.908869 20.107086 18.474136 0.000000 0.000000 
7.184535 -5.247565 -0.044747 3.460213 46.517281 0.000000 0.000000 
7.287267 -5.355932 -0.101641 5.102730 50.032341 0.000000 0.000000 
2.305366 -8.750636 0.058029 -2.010490 43.350140 0.000000 0.000000 
2.256076 -8.955619 0.005573 4.854889 46.083000 0.000000 0.000000 
2.246841 -8.958909 -0.023204 3.246078 46.406479 0.000000 0.000000 
8.687609 -4.037334 1.168037 -2.034790 39.343750 0.000000 0.000000 
2.143948 -9.422150 -0.213564 -2.317459 43.288177 0.000000 0.000000 
2.158725 -9.479945 -0.125648 -4.219177 38.701828 0.000000 0.000000 
2.172414 -9.480870 -0.096962 -5.592392 39.931778 0.000000 0.000000 
2.203722 -9.682479 -0.199143 -3.332367 39.911736 0.000000 0.000000 
2.175939 -9.956329 -0.299451 -3.394226 40.595814 0.000000 0.000000 
2.229506 -10.122766 -0.358474 -2.704086 38.435940 0.000000 0.000000 
2.271617 -10.211778 0.359396 -2.056488 39.943703 0.000000 0.000000 
2.213603 -10.366726 0.097687 -3.160988 39.120934 0.000000 0.000000 
2.181499 -10.614652 -0.178686 -1.926903 40.844856 0.000000 0.000000 
2.260284 -10.619597 -0.013112 -2.181808 38.719753 0.000000 0.000000 
2.270589 -11.038456 -0.211723 1.664780 43.398087 0.000000 0.000000 
2.142767 -11.111639 -0.186742 2.000313 42.987259 0.000000 0.000000 
2.283762 -11.375381 0.223337 -6.967514 39.928104 0.000000 0.000000 
2.337426 -11.438354 0.037143 -2.453110 42.969402 0.000000 0.000000 
2.144073 -11.597216 0.297230 -4.554993 38.564568 0.000000 0.000000 
2.029888 -11.854661 0.107975 -1.883392 40.787994 0.000000 0.000000 
1.993479 -12.278420 -0.691847 -8.945419 34.275795 0.000000 0.000000 
11.942992 -3.149165 0.015937 9.255882 48.438614 0.000000 0.000000 
11.939404 -3.173193 -0.000354 7.113899 45.213188 0.000000 0.000000 
4.063004 -12.373899 2.894468 -9.917961 34.329670 0.000000 1.000000 
8.557186 -10.527243 3.809430 -7.056198 31.253345 0.000000 0.000000 
12.859121 2.502672 3.911621 -11.844391 30.367384 0.000000 1.000000 
9.711177 -9.978497 -2.269179 -13.375313 27.685602 0.000000 1.000000 
10.473187 -9.640964 -2.451834 -8.138390 32.621437 0.000000 0.000000 
13.907969 -2.770051 0.689979 1.310204 40.679367 0.000000 0.000000 
12.424107 -7.529511 0.223300 -10.438538 31.123402 0.000000 1.000000 
14.041204 -2.795346 0.704450 -1.601021 36.933189 0.000000 0.000000 
2.268325 -15.583062 -1.761072 -14.772278 27.950466 0.000000 1.000000 
15.851659 -0.935363 -0.626131 1.819962 39.220013 0.000000 0.000000 
15.901317 -0.946181 -0.656712 -0.357117 37.294048 0.000000 0.000000 
-6.547302 -14.937416 -5.098262 -9.098145 29.021185 0.000000 0.000000 
17.049278 0.398455 -0.751054 8.278740 44.111977 0.000000 0.000000 
17.168646 0.384400 -0.727278 5.548561 42.461845 0.000000 0.000000 
17.005520 8.556253 0.335115 9.595383 38.708481 0.000000 0.000000 
17.030102 8.724733 0.403132 9.895653 38.965870 0.000000 0.000000 
17.966471 -9.479873 5.424196 -3.418831 28.919870 0.000000 1.000000 
18.012348 -9.719984 8.298805 -1.890862 31.036312 0.000000 0.000000 
-7.963778 -18.628510 -3.538010 -10.930443 27.194656 0.000000 0.000000 
20.728962 0.904582 -0.132525 -0.624878 32.830074 0.000000 1.000000 
18.516308 8.469762 -0.825469 3.908448 35.959301 0.000000 0.000000 
18.359989 9.738995 0.043256 1.944977 33.651154 0.000000 0.000000 
18.441570 9.646518 -0.055970 9.690628 42.302364 0.000000 1.000000 
18.551277 9.794815 -0.141362 7.310776 41.350212 0.000000 0.000000 
22.027773 -8.042131 3.997287 -6.709633 26.663744 0.000000 0.000000 
11.370800 -21.241009 1.363907 -2.517982 27.652382 0.000000 1.000000 
22.044136 9.290023 0.329487 8.626122 40.012718 0.000000 0.000000 
21.927370 9.767262 0.288223 7.044739 37.972282 0.000000 0.000000 
26.394932 8.763707 -1.205013 14.063225 38.056980 0.000000 0.000000 
26.445978 8.906875 -0.208898 11.298302 36.790092 0.000000 0.000000 
25.866222 -14.874577 8.921668 -1.294899 26.093399 0.000000 0.000000 
27.152231 -14.912692 0.906487 -5.341469 26.423512 0.000000 1.000000 
23.567957 -21.706532 0.653788 6.519568 33.489956 0.000000 0.000000 
28.813828 15.756457 0.813090 3.910218 30.071840 1.000000 1.000000 
33.125809 -7.133266 2.400537 -3.622215 25.347178 0.000000 0.000000 
5.497784 -35.006851 0.876002 -8.735069 21.917179 0.000000 0.000000 
28.376650 -24.758343 2.439192 -1.475708 22.742798 0.000000 0.000000 
3.967920 -41.767712 5.943083 3.230675 30.838539 0.000000 0.000000 
28.228142 -31.909161 -0.926402 0.149094 25.339069 0.000000 1.000000 
43.610107 -9.761340 8.835188 -0.707115 23.288620 0.000000 1.000000 
43.583591 -10.056446 8.665875 1.446968 24.639324 0.000000 0.000000 
43.520260 -10.406181 9.769842 0.077263 23.813284 0.000000 0.000000 
41.495514 -20.446178 -0.190780 -3.785660 18.208405 0.000000 1.000000 
46.604534 7.947406 -1.910429 18.673492 33.717960 0.000000 0.000000 
47.277229 8.552094 -1.090606 6.645172 22.779182 0.000000 0.000000 
47.297985 8.497622 -1.001327 6.823668 26.047478 0.000000 0.000000 
46.429134 17.222214 1.933589 14.526192 31.613007 0.000000 0.000000 
46.731754 16.508942 1.328476 13.199150 30.674747 0.000000 0.000000 
47.620529 15.114194 -1.265894 7.703247 26.022930 0.000000 1.000000 
48.314297 16.164921 4.122715 2.481552 19.816050 0.000000 0.000000 
50.237961 10.427789 -0.225089 9.705521 27.369404 0.000000 0.000000 
50.235664 10.444198 -0.215604 13.038261 32.013771 0.000000 0.000000 
52.577152 8.969746 -0.006710 16.031120 32.635036 0.000000 0.000000 
52.564064 9.320697 -0.025317 18.912758 33.260273 0.000000 0.000000 
52.724453 8.484250 -0.344148 15.302658 34.111401 0.000000 0.000000 
53.512585 10.008865 -1.929848 3.575684 20.444050 0.000000 0.000000 
54.903130 7.134228 -0.353467 22.384445 37.938148 0.000000 0.000000 
54.970749 7.046925 -0.750997 19.803055 34.074940 0.000000 0.000000 
55.780876 10.033772 0.593508 5.289062 20.609930 0.000000 0.000000 
56.919338 6.369896 -2.359911 19.844681 35.471161 0.000000 0.000000 
56.871887 6.747698 -2.694006 15.728409 29.253708 0.000000 0.000000 
56.740486 9.370711 0.414245 14.748055 26.981461 0.000000 0.000000 
56.758980 9.360327 1.998514 11.335800 25.639271 0.000000 0.000000 
58.040657 0.970783 0.783555 11.116982 27.691496 0.000000 0.000000 
58.038185 1.201824 1.089749 13.846001 29.299162 0.000000 0.000000 
56.434242 13.714597 -6.121406 1.483810 17.531403 0.000000 0.000000 
58.168877 7.523569 -2.392971 6.487411 22.057402 0.000000 0.000000 
58.545506 8.673182 -1.183009 20.757645 33.182770 0.000000 0.000000 
58.746536 8.328706 -1.661520 21.049171 34.470703 0.000000 0.000000 
59.488617 -4.223598 7.720131 1.704552 19.373180 0.000000 1.000000 
60.374481 9.980279 0.237805 20.817230 33.280952 0.000000 0.000000 
60.442734 9.600091 -0.217159 23.862564 36.371563 0.000000 0.000000 
61.963581 -9.255435 3.427867 10.752769 26.663925 0.000000 0.000000 
62.070801 -8.862521 3.805538 11.223083 26.686106 0.000000 0.000000 
61.938274 -11.188132 0.959376 6.378525 22.588409 0.000000 0.000000 
62.026176 -11.510680 0.799173 7.536736 23.809423 0.000000 0.000000 
62.703045 8.465037 -2.138276 12.528259 27.698547 0.000000 0.000000 
62.716366 8.596056 -2.414516 11.752304 27.484222 0.000000 0.000000 
57.540207 -31.761013 4.516149 15.100510 27.120951 0.000000 0.000000 
57.516880 -31.980862 4.795532 18.089783 29.391134 0.000000 0.000000 
57.403210 -32.414864 5.877422 17.652069 30.035677 0.000000 0.000000 
66.181862 -11.222025 0.476615 -1.684715 17.356695 0.000000 0.000000 
66.706192 -10.736753 -1.188478 10.553841 28.557148 0.000000 0.000000 
66.753807 -10.703702 -0.312314 14.359177 30.520657 0.000000 0.000000 
67.582375 -11.339781 7.171386 1.245850 17.449446 0.000000 0.000000 
67.853889 10.769047 -2.208136 6.631569 18.742062 0.000000 0.000000 
67.724503 13.296576 2.166106 22.368889 32.297977 0.000000 0.000000 
67.899574 12.998608 2.180294 24.212700 34.798943 0.000000 0.000000 
70.347618 10.010601 0.097542 9.996063 23.505604 0.000000 0.000000 
58.025589 -43.124825 5.876123 12.796036 25.940632 0.000000 0.000000 
72.549011 9.144920 0.062222 29.273827 39.194653 0.000000 0.000000 
72.643341 8.861773 -0.213440 25.760979 34.997540 0.000000 0.000000 
74.820129 6.691483 -2.396449 13.193130 24.330643 0.000000 0.000000 
74.895149 6.814661 -2.849513 16.068001 27.110540 0.000000 0.000000 
74.823265 8.062577 -2.419340 9.093292 21.077204 0.000000 0.000000 
55.678394 -52.900158 1.012982 15.699860 26.332045 0.000000 0.000000 
56.033855 -52.754742 1.702697 19.101784 29.821875 0.000000 0.000000 
52.929451 -56.596649 1.506118 3.786636 16.254301 0.000000 0.000000 
76.705620 8.509044 -1.892624 15.607147 27.198706 0.000000 0.000000 
76.783363 8.254425 -2.384810 14.998634 25.786600 0.000000 0.000000 
8.221867 -77.201111 -1.733553 11.775635 25.109388 0.000000 0.000000 
8.355073 -77.191841 -1.468704 15.690292 27.935799 0.000000 0.000000 
78.651527 8.532135 -1.645980 20.439980 30.414963 0.000000 0.000000 
78.864685 8.064312 -1.977644 18.908096 28.543509 0.000000 0.000000 
80.513557 9.002275 -1.071345 13.370773 23.251951 0.000000 0.000000 
80.687851 8.760198 -1.715646 14.816620 26.273119 0.000000 0.000000 
80.709969 9.122947 -1.083166 11.621117 22.871021 0.000000 0.000000 
79.753151 17.933414 7.484736 6.508797 18.212727 0.000000 0.000000 
9.060157 -81.779678 1.683975 2.074890 14.921326 0.000000 0.000000 
82.304955 10.442456 -1.472914 5.783234 19.008095 0.000000 0.000000 
83.276848 -10.630578 10.627604 4.582664 17.925674 0.000000 0.000000 
55.890369 -64.045418 5.551102 7.063515 16.175787 0.000000 0.000000 
-33.656822 -77.691269 0.207871 7.626335 16.674192 0.000000 0.000000 
84.560997 9.862157 -1.289862 10.023750 23.496866 0.000000 0.000000 
5.815907 -85.338585 11.757916 6.833954 18.731573 0.000000 0.000000 
86.395958 10.280503 1.362272 13.333977 21.908672 0.000000 0.000000 
86.436111 10.318123 1.873497 12.826523 20.853865 0.000000 0.000000 
86.914558 -9.704990 8.160134 6.498474 18.589890 0.000000 0.000000 
57.933281 -67.652420 5.839298 15.045311 23.507195 0.000000 0.000000 
57.920883 -67.677292 6.891743 15.837982 23.647488 0.000000 0.000000 
58.271351 -67.587593 6.422268 15.880753 23.735561 0.000000 0.000000 
88.529861 10.203150 3.594278 13.408607 22.623783 0.000000 0.000000 
88.534561 10.195530 2.825870 17.277695 25.165192 0.000000 0.000000 
89.460670 -1.149040 -2.562321 6.665749 17.066624 0.000000 0.000000 
89.199577 -10.380658 8.761332 9.242653 21.891804 0.000000 0.000000 
89.277351 -9.791586 8.814552 8.576735 21.386053 0.000000 0.000000 
90.477470 9.885025 1.189157 21.746841 28.859846 0.000000 0.000000 
90.605019 10.097315 1.332381 24.698029 31.118486 0.000000 0.000000 
91.209564 -10.523221 8.909082 7.651680 23.329981 0.000000 0.000000 
91.249611 -11.026217 8.309722 7.026259 22.214813 0.000000 0.000000 
91.261475 -10.986798 10.099000 8.061249 23.766415 0.000000 0.000000 
91.257866 -12.793381 8.705935 5.399307 18.139709 0.000000 0.000000 
91.366943 -12.631990 13.412662 13.653046 24.385838 0.000000 0.000000 
91.444717 -12.420528 11.261315 9.050560 19.897596 0.000000 0.000000 
91.439430 -12.470078 11.266601 9.913437 20.017841 0.000000 0.000000 
91.498543 -12.821513 14.628994 11.357544 22.492382 0.000000 0.000000 
91.778221 -13.145109 12.476440 8.354172 19.151871 0.000000 0.000000 
91.918991 -12.670810 12.102719 7.323730 17.953093 0.000000 0.000000 
92.782776 8.016615 -0.613550 19.946182 27.851719 0.000000 0.000000 
92.864540 7.789076 -0.866360 18.131119 25.148895 0.000000 0.000000 
92.658470 -12.190117 12.922091 9.482796 18.449236 0.000000 0.000000 
92.785622 -11.935915 13.681294 9.356644 18.418377 0.000000 0.000000 
94.623077 8.812589 0.299157 7.264473 14.634254 0.000000 0.000000 
95.238152 -11.148980 9.288069 7.137833 16.900372 0.000000 0.000000 
96.342064 -11.783410 8.256326 9.589645 19.766811 0.000000 0.000000 
96.363152 -12.020153 8.549531 9.394363 19.549488 0.000000 0.000000 
98.721954 7.486115 -4.899696 8.787041 16.603331 0.000000 0.000000 
108.505974 -9.799715 8.858535 11.329361 18.332035 0.000000 0.000000 
108.492828 -10.320065 9.718080 12.046745 17.767780 0.000000 0.000000 
107.788345 16.214512 -0.849143 16.386642 21.984020 0.000000 0.000000 
107.848709 16.454254 -1.767397 13.016029 18.641573 0.000000 0.000000 
113.174232 -8.730434 11.923063 9.846428 18.234407 0.000000 0.000000 
113.526192 -8.827871 13.279496 12.330467 17.635010 0.000000 0.000000 
113.579521 -8.462717 16.067547 15.351532 20.153105 0.000000 0.000000 
113.642700 -7.995766 16.091045 10.931107 16.589497 0.000000 0.000000 
7.019560 -115.939194 -4.659686 10.010773 16.948967 0.000000 0.000000 
6.655890 -116.009926 -2.435037 6.074265 14.693922 0.000000 0.000000 
55.253395 -103.761955 -3.427601 16.919838 21.414434 0.000000 0.000000 
118.280907 0.999723 -0.399681 11.920540 20.485804 0.000000 0.000000 
118.290619 2.595413 1.455455 14.710281 23.148911 0.000000 0.000000 
118.514229 0.102457 3.322324 10.133453 18.434723 0.000000 0.000000 
118.612770 8.475155 -5.401161 13.130013 18.033224 0.000000 0.000000 
118.770432 9.060841 -3.245510 12.302132 17.989210 0.000000 0.000000 
118.746323 9.906975 -3.406037 13.593147 18.410213 0.000000 0.000000 
119.924919 -0.385927 -1.339338 8.909332 15.441044 0.000000 0.000000 
119.970619 0.466652 -2.601183 10.204346 16.464222 0.000000 0.000000 
127.274582 17.731026 4.322780 19.100334 20.393953 0.000000 0.000000 
10.450172 -129.282898 -0.062169 14.562088 17.469568 0.000000 0.000000 
6.864491 -130.719360 -3.588765 11.911499 15.548414 0.000000 0.000000 
132.863617 -13.850418 3.516830 12.952782 18.297253 0.000000 0.000000 
7.907210 -134.366592 -0.222615 16.457527 18.472187 0.000000 0.000000 
134.432861 9.534298 -6.548624 14.210411 16.187622 0.000000 0.000000 
7.126181 -135.639557 0.509399 13.475861 17.739368 0.000000 0.000000 
136.596771 11.595304 -4.540645 16.193398 18.017761 0.000000 0.000000 
138.142838 13.111569 0.438816 20.048393 21.150536 0.000000 0.000000 
6.892964 -140.823242 -0.804144 12.246895 14.268860 0.000000 0.000000 
140.515518 10.108878 -4.613272 12.614082 14.280352 0.000000 0.000000 
8.219211 -142.143417 -4.963598 14.819237 17.017267 0.000000 0.000000 
142.296432 12.726593 0.350802 21.077263 22.264660 0.000000 0.000000 
8.091236 -143.381683 0.093092 23.354652 25.966999 0.000000 0.000000 
8.419590 -143.819199 -0.553044 11.764946 13.739834 0.000000 0.000000 
7.599582 -144.644867 -3.290287 21.965027 23.009607 0.000000 0.000000 
7.516758 -145.878738 -2.463534 17.875740 20.196383 0.000000 0.000000 
146.361740 13.078256 7.606983 21.888374 22.553778 0.000000 0.000000 
7.702585 -147.103867 -0.731920 24.897499 26.848057 0.000000 0.000000 
8.517426 -148.291000 -4.101018 21.907532 22.941719 0.000000 0.000000 
148.451675 12.822503 2.382585 17.755547 18.597319 0.000000 0.000000 
6.456970 -149.618240 -4.458457 18.331657 19.395279 0.000000 0.000000 
6.964217 -150.825531 -9.085110 14.168549 15.132547 0.000000 0.000000 
150.255325 12.209649 1.733600 16.534988 15.750591 0.000000 0.000000 
150.481506 12.979520 6.844958 17.160515 16.610086 0.000000 0.000000 
164.112015 -14.432698 13.449853 20.286232 20.384163 0.000000 0.000000 
166.423447 -10.835816 14.824232 16.538475 15.835621 0.000000 0.000000 
58.352505 -158.789719 8.339241 15.795654 15.767349 0.000000 0.000000 
8.082650 -173.358673 -5.448923 20.788559 19.984652 0.000000 0.000000 
7.365466 -174.103210 -3.758120 14.756790 13.856770 0.000000 0.000000 
175.764877 65.846519 19.639452 32.064873 26.193102 0.000000 0.000000 
185.312393 64.770676 19.235550 24.486710 17.130011 0.000000 0.000000 
1.775797 8.378949 -0.039592 -50.685204 9.931709 1.000000 1.000000 
-0.327057 8.828705 0.012993 -45.254448 16.359617 1.000000 1.000000 
-0.036614 10.106406 0.107553 -20.588249 32.051273 1.000000 1.000000 
3.012246 10.545879 0.053502 -31.755760 10.387711 1.000000 1.000000 
2.290675 12.325799 0.384680 -16.107216 32.921528 0.000000 0.000000 
2.020964 12.475059 -0.072826 -35.708298 15.102484 1.000000 1.000000 
4.373337 11.720884 0.398431 -32.964973 14.389534 1.000000 1.000000 
2.224744 12.837947 -1.002439 -11.376602 35.443653 0.000000 0.000000 
2.206782 13.152576 0.032579 -14.499603 31.942034 0.000000 0.000000 
2.279105 13.528733 -0.078463 -2.141899 38.065441 0.000000 0.000000 
1.931062 13.921414 -0.255243 -36.210953 9.169739 1.000000 1.000000 
2.363131 13.953076 -0.106911 -0.044922 40.962135 0.000000 0.000000 
2.122214 14.174364 -0.053195 -28.965240 12.477764 1.000000 1.000000 
2.486884 14.263324 0.098504 -31.808159 9.958595 1.000000 1.000000 
2.324034 14.383271 -0.155944 3.035889 43.688828 0.000000 0.000000 
2.313598 14.394792 -0.160813 0.253792 39.850464 0.000000 0.000000 
2.303560 14.494699 -0.150061 2.142303 41.122398 0.000000 0.000000 
2.352466 14.843002 -0.125944 -3.542831 35.059692 0.000000 0.000000 
2.388592 14.947536 -0.087618 -32.253235 12.663643 1.000000 1.000000 
2.270880 15.183319 0.127925 -9.498421 35.165535 0.000000 0.000000 
2.274734 15.287118 0.184701 -12.657059 36.391617 0.000000 0.000000 
2.318206 15.722460 0.331967 -6.688934 35.879459 0.000000 0.000000 
2.338247 15.828228 0.254825 -7.716858 31.946274 0.000000 0.000000 
2.269200 16.176483 -0.189796 -15.339180 33.219353 0.000000 0.000000 
2.060593 16.322720 -0.397919 -18.398567 25.181149 1.000000 1.000000 
2.509554 16.469528 0.103620 -39.357887 8.211720 1.000000 1.000000 
2.345106 16.604248 -0.045836 -7.744751 35.628574 0.000000 0.000000 
2.336262 16.712921 -0.008505 -5.752907 34.334835 0.000000 0.000000 
2.240848 16.733141 0.250416 -18.013275 26.994493 0.000000 0.000000 
2.178744 17.221746 -0.074030 -18.328857 28.025410 0.000000 0.000000 
2.271125 17.514925 -0.168614 -3.394653 36.250408 0.000000 0.000000 
2.286681 17.536011 -0.077145 -2.990021 36.488239 0.000000 0.000000 
2.307597 17.950159 0.324136 -7.148781 30.238331 0.000000 0.000000 
2.403423 18.239113 -0.184187 -11.437819 26.943359 1.000000 1.000000 
2.344975 18.263046 0.352886 -4.037949 30.277161 0.000000 0.000000 
2.336834 18.361591 -1.344807 -5.674629 34.020622 0.000000 0.000000 
2.255756 18.701368 0.062875 -11.933701 26.569193 0.000000 0.000000 
2.050910 19.478672 0.041802 -21.084221 16.391260 1.000000 1.000000 
2.381463 19.488897 -0.320318 -27.892990 10.724033 1.000000 1.000000 
2.181033 19.742075 -0.065204 3.265388 40.453255 0.000000 0.000000 
2.220804 19.870893 0.190586 2.795807 38.985123 0.000000 0.000000 
2.190711 20.418703 0.363981 -4.204178 33.130909 0.000000 0.000000 
2.259878 20.449873 -0.106149 -1.221817 37.039387 1.000000 1.000000 
2.153618 20.576517 -0.548523 8.318077 45.923428 0.000000 0.000000 
2.220953 20.996172 -0.432475 -0.664268 34.149567 0.000000 0.000000 
2.191937 21.001062 -0.478663 5.498093 41.759758 0.000000 0.000000 
-6.543691 22.866430 0.351948 -8.200211 27.275291 0.000000 0.000000 
-6.613379 23.059134 0.332063 -7.077652 30.228809 0.000000 0.000000 
-7.079885 23.352510 0.300026 -10.581375 28.897390 0.000000 0.000000 
-7.110760 23.409277 0.111894 -7.961327 30.387486 0.000000 0.000000 
-7.380775 24.164942 0.588314 -12.048439 27.263287 0.000000 0.000000 
-6.050590 25.429693 7.084922 -20.335541 20.386971 0.000000 0.000000 
3.332540 26.545259 0.374111 -15.089905 24.751366 0.000000 0.000000 
-6.740005 26.158710 6.376513 -17.160934 23.955315 0.000000 0.000000 
10.881797 25.476212 3.108714 -12.334198 24.823248 0.000000 1.000000 
-7.974104 27.075794 4.322585 -15.334352 24.186573 0.000000 0.000000 
-7.764725 27.288689 3.942008 -11.106613 26.586838 0.000000 0.000000 
7.136046 27.781479 5.382942 -15.441255 23.724020 0.000000 0.000000 
7.123670 27.997133 -2.593947 -14.900215 24.117107 0.000000 0.000000 
8.964298 29.327009 3.593028 -8.754921 25.819706 0.000000 0.000000 
7.849198 30.509890 4.221317 -15.349771 21.519354 1.000000 1.000000 
6.962574 31.698460 2.462973 -13.244484 21.471615 1.000000 1.000000 
6.272695 32.197777 -0.162570 -17.238373 20.904095 0.000000 0.000000 
6.879904 32.061668 -0.262757 -14.485687 23.188534 0.000000 0.000000 
6.980897 32.292892 2.374377 0.333168 31.365385 0.000000 0.000000 
7.037610 32.380463 2.406673 -0.827827 32.531067 0.000000 0.000000 
6.830371 32.683189 -0.610205 -16.780121 14.254303 1.000000 1.000000 
6.876347 33.119675 -0.918053 -11.544212 20.887695 0.000000 0.000000 
6.829895 33.213539 4.731856 -17.431023 18.068331 0.000000 0.000000 
15.587567 30.795073 1.245811 -2.968475 27.799271 0.000000 0.000000 
6.264949 34.397842 7.272058 -18.685699 19.239277 0.000000 0.000000 
7.378596 34.534863 3.358429 -11.467064 23.282080 0.000000 0.000000 
6.761642 34.682571 3.053232 -14.202805 21.223362 0.000000 0.000000 
7.167733 34.623703 3.355011 -8.865059 23.775894 0.000000 0.000000 
7.414804 34.955521 0.614245 -15.110269 20.228073 0.000000 0.000000 
5.677637 35.343636 3.456542 -12.456017 21.509872 0.000000 0.000000 
5.772961 35.531055 3.653704 -13.506392 20.387754 0.000000 0.000000 
6.013311 35.532230 3.713013 -15.829407 20.421986 0.000000 0.000000 
6.630161 35.534470 3.764996 -3.201271 30.154869 0.000000 0.000000 
6.535933 35.608940 3.828298 -7.074547 27.558043 0.000000 0.000000 
6.553779 36.009262 0.676327 -14.332054 21.084806 0.000000 0.000000 
6.497656 36.062679 3.865819 -2.617844 27.566429 0.000000 0.000000 
6.508884 36.332233 2.976310 -2.809975 27.970028 0.000000 0.000000 
6.517573 36.503410 2.367036 -10.883186 22.924938 0.000000 0.000000 
6.334399 36.581638 0.837475 -14.555243 20.552876 0.000000 0.000000 
6.539374 36.777771 3.870388 -11.444374 19.044807 1.000000 1.000000 
7.025601 37.013126 2.804928 -11.224747 23.004358 0.000000 0.000000 
6.564069 37.587296 -0.295530 -19.103264 16.407635 0.000000 0.000000 
32.942348 14.380041 -0.835389 8.007500 18.525885 0.000000 1.000000 
22.558384 30.292458 0.911243 0.365746 21.296198 0.000000 0.000000 
22.108183 31.007633 0.395823 1.559013 22.068052 0.000000 0.000000 
21.979849 31.644560 4.934277 -5.151390 18.973988 0.000000 0.000000 
22.078915 31.600101 5.344679 -6.821655 18.129745 0.000000 0.000000 
-20.378054 33.319691 4.062077 -9.145691 17.744984 0.000000 0.000000 
23.162338 31.449675 0.764922 -4.050201 16.650761 1.000000 1.000000 
7.393036 39.820374 -0.549527 -19.177452 17.432199 0.000000 0.000000 
5.950964 40.106487 7.083614 -17.405396 19.045492 0.000000 0.000000 
28.528660 27.447615 -0.917566 5.251869 19.794731 0.000000 0.000000 
6.317810 40.472145 6.960874 -13.514290 20.314709 0.000000 0.000000 
5.890184 40.561501 6.727811 -14.499290 20.252312 0.000000 0.000000 
6.044648 40.852295 8.371004 -17.359703 16.006639 0.000000 0.000000 
6.244000 41.315559 0.910970 -14.878221 18.136684 0.000000 0.000000 
7.350663 41.273609 -0.985497 -14.726006 17.785509 1.000000 1.000000 
8.732963 41.387943 3.404775 -13.989784 19.805656 0.000000 0.000000 
7.114678 41.734898 -1.148047 -10.244431 23.451874 0.000000 0.000000 
7.512390 41.754257 -0.890104 -9.791199 21.113243 0.000000 0.000000 
7.402012 42.000809 -0.974294 -10.936020 23.424147 0.000000 0.000000 
9.621262 41.649376 3.563309 -16.653320 17.418367 0.000000 0.000000 
5.160785 42.522720 -0.571532 -18.404007 19.271622 0.000000 0.000000 
5.172643 42.788425 -0.462067 -12.265144 20.931015 0.000000 0.000000 
5.241315 42.823692 -0.541903 -6.583351 23.063927 0.000000 0.000000 
5.183725 42.839710 -0.545942 -9.209366 20.623268 0.000000 0.000000 
5.462179 43.111233 -0.506637 -15.037004 18.212702 0.000000 0.000000 
5.145964 43.588642 -0.528974 -8.471947 20.502964 0.000000 0.000000 
5.174738 43.606136 -0.530411 -15.957634 16.868387 0.000000 0.000000 
5.265406 43.607841 -0.496573 -6.866600 22.099951 0.000000 0.000000 
5.209731 43.698372 -0.345308 -11.970505 18.912655 0.000000 0.000000 
5.347446 43.709232 -0.505589 -8.365448 22.137060 0.000000 0.000000 
5.096846 44.079041 -0.308802 -14.794907 16.503422 0.000000 0.000000 
5.344017 44.066120 -0.696553 -18.017601 13.504326 1.000000 1.000000 
5.281647 44.125774 -0.765345 -13.624794 18.435551 0.000000 0.000000 
7.925074 43.744904 3.182519 -5.575592 24.147503 0.000000 0.000000 
7.882876 43.899578 3.511832 -12.203964 18.767076 0.000000 0.000000 
7.913583 43.919716 3.049258 -3.797142 26.236841 0.000000 0.000000 
7.618644 44.241291 5.585887 -8.432457 20.418724 0.000000 0.000000 
5.408459 44.900749 -0.514885 -15.570709 14.170349 1.000000 1.000000 
6.786581 44.832539 5.931739 -16.085846 16.347498 0.000000 0.000000 
7.541430 44.980976 5.831390 -14.013000 16.035419 1.000000 1.000000 
7.589924 45.358585 5.750102 -12.178368 16.929781 1.000000 1.000000 
8.192257 45.734665 5.851933 -22.944290 12.394897 0.000000 0.000000 
5.529914 46.275078 -5.653654 -16.688614 17.104406 0.000000 0.000000 
6.923795 46.100147 6.121675 -19.218620 15.978661 0.000000 0.000000 
7.403030 46.245777 6.619423 -14.245644 16.450062 0.000000 0.000000 
8.514758 46.162319 3.817046 -13.120064 19.525175 0.000000 0.000000 
7.685906 46.330521 6.966084 -14.076645 16.796852 0.000000 0.000000 
7.115695 46.928757 6.162930 -15.565979 15.853914 0.000000 0.000000 
6.798190 47.123154 6.800511 -17.012375 16.238562 0.000000 0.000000 
8.085022 47.045940 14.354026 -12.755936 19.796560 0.000000 0.000000 
7.229778 47.314720 -4.779150 -16.635468 16.263536 0.000000 0.000000 
7.205439 47.342392 5.332980 -7.322594 23.546448 0.000000 0.000000 
7.871291 47.648869 5.683520 -16.118919 17.851736 0.000000 0.000000 
7.691750 47.702091 4.157818 -8.265556 22.289371 0.000000 0.000000 
7.526734 47.893410 5.489767 -11.966721 20.411495 0.000000 0.000000 
35.047138 31.602051 1.367739 15.712280 26.348930 0.000000 0.000000 
35.049812 31.820587 1.053569 8.836989 21.203529 0.000000 0.000000 
35.151020 31.845842 1.305270 14.996384 25.264788 0.000000 0.000000 
8.803796 47.941959 5.883036 -9.222153 20.614424 0.000000 0.000000 
34.996185 32.121117 1.089175 11.804649 20.753613 0.000000 0.000000 
9.582170 48.200409 2.796791 -14.026459 19.160698 0.000000 0.000000 
7.887683 48.929340 5.853078 -17.562958 15.571880 0.000000 0.000000 
7.967210 48.999111 4.448511 -13.792740 19.108440 0.000000 0.000000 
7.806574 49.237331 -6.679778 -16.178322 18.217028 0.000000 0.000000 
7.630516 49.422127 -6.979697 -7.985443 19.875502 0.000000 0.000000 
7.384231 49.478157 -6.997646 -9.964746 19.351746 0.000000 0.000000 
7.586148 49.508995 4.242768 -14.788391 15.272903 0.000000 0.000000 
9.021897 49.271534 3.944847 -10.454193 16.787373 0.000000 0.000000 
9.029517 49.628101 4.048925 -13.802582 15.817755 0.000000 0.000000 
7.790073 50.402946 5.745756 -18.798737 13.352089 0.000000 0.000000 
7.681725 50.477875 5.176599 -17.031425 14.260448 0.000000 0.000000 
7.920599 50.721622 6.472203 -13.578117 14.686903 0.000000 0.000000 
7.703000 50.775906 -0.910913 -15.902977 13.654812 0.000000 0.000000 
8.027856 50.896008 -7.092174 -17.570808 13.649725 0.000000 0.000000 
7.447579 51.076931 5.047919 -14.749168 18.487123 0.000000 0.000000 
8.338560 51.011116 5.339181 -20.754356 11.549622 0.000000 0.000000 
7.698805 51.199097 5.633464 -9.909195 20.320539 0.000000 0.000000 
7.796462 51.194050 -7.197977 -9.317337 20.047169 0.000000 0.000000 
7.908591 51.289993 -7.286322 -14.321480 17.811388 0.000000 0.000000 
8.553042 51.397846 4.315445 -21.790482 11.442654 0.000000 0.000000 
10.146739 51.447075 3.631160 -21.178650 9.953220 1.000000 1.000000 
12.890367 51.004200 4.116765 -16.301727 14.556406 0.000000 0.000000 
17.939116 49.796379 1.100869 -10.334877 17.486689 0.000000 1.000000 
12.431900 51.646084 3.239360 -10.203897 17.916971 0.000000 0.000000 
12.353712 51.745701 3.493782 -14.926338 14.517057 0.000000 0.000000 
12.464631 51.719765 3.254248 -14.583344 14.288605 0.000000 0.000000 
6.689707 53.301491 4.261652 -22.043373 10.507565 1.000000 1.000000 
7.132065 53.322968 -6.572020 -10.069511 15.741108 0.000000 0.000000 
6.975528 53.386982 -6.591017 -12.102921 15.248350 0.000000 0.000000 
8.136776 53.241165 -6.906605 -12.366348 16.717054 0.000000 0.000000 
7.135746 53.440578 5.655000 -6.743889 20.367256 0.000000 0.000000 
7.287180 53.457672 5.912329 -5.440346 19.958359 0.000000 0.000000 
7.209628 53.697350 5.420290 -3.095863 22.574852 0.000000 0.000000 
7.127872 53.907593 3.366651 -7.548370 25.531733 0.000000 0.000000 
7.290828 53.899704 2.629007 -6.240776 22.601833 0.000000 0.000000 
8.686654 54.062237 3.583266 -8.093880 19.599829 0.000000 0.000000 
6.561937 54.450729 4.203572 -9.213722 18.217548 0.000000 0.000000 
7.843408 54.649509 3.107972 -12.725554 16.656296 0.000000 0.000000 
6.849113 54.849686 8.139130 -9.212120 18.797960 0.000000 0.000000 
8.266574 54.698086 3.321971 -14.632088 17.318687 0.000000 0.000000 
6.744490 55.071720 3.873836 0.580719 27.307739 0.000000 0.000000 
7.875232 55.096523 3.927620 -7.861443 22.149105 0.000000 0.000000 
6.765369 55.269989 3.775907 -7.121002 24.382189 0.000000 0.000000 
7.638894 55.190716 6.150906 -12.545708 18.137333 0.000000 0.000000 
42.886978 33.161705 1.959897 5.509865 13.274817 1.000000 1.000000 
13.701737 54.326565 3.955013 -15.275711 16.987837 0.000000 1.000000 
7.630282 55.616982 -6.846670 -6.231491 19.223164 0.000000 0.000000 
6.832583 55.787586 4.217090 -14.579155 15.104828 0.000000 0.000000 
7.470154 55.713928 4.811631 -6.117218 20.604458 0.000000 0.000000 
43.732220 32.836124 2.276557 8.441460 14.054489 1.000000 1.000000 
6.376749 56.186386 -7.332409 -9.179451 18.609802 0.000000 0.000000 
7.083468 56.340050 4.336519 -7.813408 19.393810 1.000000 1.000000 
44.083885 33.523865 2.242101 18.271568 22.706936 0.000000 0.000000 
44.534065 32.856380 1.725789 20.237526 24.970455 0.000000 0.000000 
44.214516 33.361443 2.218539 20.851959 24.265642 0.000000 0.000000 
44.774727 32.533791 -0.305046 17.956039 22.494476 0.000000 0.000000 
45.040199 32.685814 1.440065 7.822571 14.687403 0.000000 0.000000 
6.918993 57.031162 5.408730 -11.988228 17.253862 0.000000 0.000000 
7.623320 57.290489 3.987189 -11.492195 16.453062 0.000000 0.000000 
7.555264 57.317059 5.668008 -12.147942 15.522688 0.000000 0.000000 
7.571518 57.441654 2.542595 -10.186676 17.086935 0.000000 0.000000 
7.001700 57.746502 4.103036 -14.264214 12.341877 1.000000 1.000000 
7.681112 57.729847 5.176851 -13.759682 16.964752 0.000000 0.000000 
7.049177 57.863388 -6.402744 -10.688362 17.291973 0.000000 0.000000 
7.363019 57.873802 3.586311 -10.831764 15.566210 0.000000 0.000000 
6.101247 58.039425 6.720794 -11.367645 18.158653 0.000000 0.000000 
6.591356 58.011753 7.538204 -15.358055 15.400225 0.000000 0.000000 
7.922092 58.117405 7.068171 -10.952934 15.655550 0.000000 0.000000 
7.529080 58.545570 6.158474 -12.016289 14.835785 0.000000 0.000000 
8.002529 58.479610 5.952791 -12.451767 16.330486 0.000000 0.000000 
6.100372 58.822937 9.415826 -8.688881 19.776264 0.000000 0.000000 
7.851337 58.628689 6.118394 -12.268097 15.121248 0.000000 0.000000 
6.728403 58.933514 5.820718 -12.119965 16.806175 0.000000 0.000000 
7.888674 58.893917 8.113924 -16.260498 13.532047 0.000000 0.000000 
6.333701 59.235237 6.079161 -14.661476 14.227818 0.000000 0.000000 
7.646176 59.110641 4.879267 -11.347786 15.573298 0.000000 0.000000 
7.420033 59.431236 5.914597 -18.233566 9.597588 0.000000 0.000000 
8.014645 59.462383 5.316418 -9.697548 17.583750 0.000000 0.000000 
7.297629 59.585697 7.770747 -9.149666 17.589628 0.000000 0.000000 
8.138147 59.499397 6.274588 -7.282234 17.201799 0.000000 0.000000 
7.942747 59.544743 6.417895 -7.390358 19.362694 0.000000 0.000000 
7.845376 59.692978 7.345997 -10.254501 13.998528 0.000000 0.000000 
7.552316 59.852242 5.560718 -16.979866 10.410545 1.000000 1.000000 
6.259873 60.076149 5.809373 -17.386986 13.627081 0.000000 0.000000 
8.206826 60.093071 0.457130 -18.680359 10.512695 1.000000 1.000000 
6.509703 60.492538 5.332275 -9.369278 16.362206 0.000000 0.000000 
6.303203 60.533096 7.789207 -15.561226 13.180361 0.000000 0.000000 
7.168309 60.450588 4.207568 -12.266464 16.178358 0.000000 0.000000 
8.074080 60.353458 -9.555873 -11.027458 15.203960 0.000000 0.000000 
8.018786 60.428356 7.294513 -16.342300 11.392475 0.000000 0.000000 
-7.207180 60.652267 -1.397691 -24.418083 5.866284 1.000000 1.000000 
6.429118 60.958691 5.949516 -15.785782 13.374834 0.000000 0.000000 
7.101658 60.910370 8.137995 -13.168839 12.361187 0.000000 0.000000 
6.478351 61.211044 7.204199 -12.485939 14.566677 0.000000 0.000000 
-7.527993 61.157612 -1.359878 -0.536057 24.013979 0.000000 0.000000 
-7.620723 61.161888 -1.292066 -0.439636 23.291557 0.000000 0.000000 
-7.606930 61.259151 -1.192505 2.034157 27.192436 0.000000 0.000000 
-7.662783 61.259434 -1.402674 -4.915840 20.488045 0.000000 0.000000 
-7.790149 61.433945 -0.471963 -24.811089 3.643048 1.000000 1.000000 
6.221351 61.798466 6.852068 -15.685121 12.993431 0.000000 0.000000 
-8.768574 61.952389 -1.730315 -14.673782 12.256657 0.000000 0.000000 
-7.720371 62.393990 -1.249744 -12.109543 13.950756 1.000000 1.000000 
-8.092709 62.926197 0.848711 -18.436707 11.618290 0.000000 0.000000 
15.962862 62.400352 3.471227 -15.213959 9.642769 0.000000 0.000000 
7.921810 64.214478 -0.367458 -9.618500 14.144621 0.000000 0.000000 
7.895377 64.233467 -0.451748 -17.276382 9.395275 0.000000 0.000000 
7.958490 64.271851 -0.333442 -11.602013 12.754280 0.000000 0.000000 
7.952448 64.293488 -0.531593 -18.378723 9.021851 0.000000 0.000000 
-30.015324 57.371159 9.810842 -7.620659 13.572401 0.000000 0.000000 
-11.580463 64.560280 -0.367195 -7.213875 20.729534 0.000000 0.000000 
7.927931 65.954819 -1.389005 -15.987007 9.529659 1.000000 1.000000 
8.214889 66.864388 -1.313800 -11.320076 14.315489 0.000000 0.000000 
8.179156 67.201012 -1.764553 -13.757828 13.595716 0.000000 0.000000 
-12.446530 66.695740 1.078692 -16.395111 8.820377 1.000000 1.000000 
8.039405 67.632935 -1.139080 -17.252312 7.206307 1.000000 1.000000 
-12.925623 67.204865 -0.297081 -16.927475 9.272224 0.000000 1.000000 
-12.356098 67.391235 3.037794 -9.501686 14.187155 0.000000 0.000000 
-12.393271 67.445709 2.826563 -11.292763 13.908367 0.000000 0.000000 
43.529648 53.069347 2.700687 -1.639984 13.865242 0.000000 0.000000 
44.223351 52.988449 2.198703 -1.540344 10.512318 0.000000 0.000000 
45.087402 52.213219 2.784750 7.578055 16.812496 0.000000 0.000000 
45.146027 52.183655 3.615089 2.842583 12.753056 0.000000 0.000000 
45.305695 52.203308 3.524740 6.202385 14.770189 0.000000 0.000000 
8.389181 69.650963 1.253260 1.765404 23.196239 0.000000 0.000000 
8.494906 69.842339 1.735234 -13.492287 12.593937 0.000000 0.000000 
8.402431 69.871040 1.370066 4.030022 26.492336 0.000000 0.000000 
8.377445 70.013947 -8.974343 -16.012085 10.556335 0.000000 0.000000 
-41.712742 56.260075 -0.917078 -5.620857 13.545443 0.000000 0.000000 
8.467405 70.354942 -6.641755 -7.192963 17.775305 0.000000 0.000000 
8.509878 70.938019 1.358569 -4.135208 17.733831 1.000000 1.000000 
9.570374 71.014915 -1.479099 -10.856323 16.273458 0.000000 0.000000 
9.835090 71.963783 2.890427 -15.423187 8.267879 1.000000 1.000000 
9.547188 72.482986 2.151626 -18.244675 8.591702 0.000000 0.000000 
10.031821 72.469917 2.785814 -13.035728 14.407629 0.000000 0.000000 
8.881260 72.704811 2.871680 -9.760208 14.814905 0.000000 0.000000 
9.776258 72.704170 3.435628 -10.557159 13.423397 0.000000 0.000000 
8.965880 72.848770 3.111609 -7.396111 16.324432 0.000000 0.000000 
8.706780 72.990944 3.922535 -17.751419 8.447025 0.000000 0.000000 
-10.397277 73.077126 -1.102421 -14.252312 14.071760 0.000000 0.000000 
-29.507952 67.345634 3.779936 -3.315041 17.620209 0.000000 0.000000 
15.008513 72.313622 0.224866 -10.034302 15.383778 0.000000 0.000000 
-30.047724 67.201836 3.999028 -5.090202 15.503830 1.000000 1.000000 
-29.540298 67.455521 3.832020 -0.596138 19.229486 0.000000 0.000000 
-63.822510 33.643723 -2.397378 12.692802 16.883425 0.000000 1.000000 
-29.762007 68.207253 5.036314 0.010239 19.465124 0.000000 0.000000 
-10.051830 74.328873 5.105495 -12.495949 14.690037 0.000000 0.000000 
-29.012777 68.983253 5.120059 -3.718819 19.536293 0.000000 0.000000 
-28.809010 69.103897 3.991435 -0.718018 18.005960 0.000000 0.000000 
-9.538132 74.908920 5.565970 -9.216751 16.246563 0.000000 0.000000 
-22.537775 71.943542 4.521407 -4.799614 16.669714 0.000000 0.000000 
-8.712412 75.058754 6.954053 -9.059105 17.504921 0.000000 0.000000 
-10.634180 75.214073 5.572484 -8.214355 17.257370 0.000000 0.000000 
-10.372341 75.274879 4.110384 -7.496529 19.224861 0.000000 0.000000 
-23.342215 72.421814 5.540050 -0.377075 21.067642 0.000000 0.000000 
-23.223114 72.500298 5.229773 -3.762947 17.226646 0.000000 0.000000 
-23.377808 72.577415 5.189890 -4.340614 17.548220 0.000000 0.000000 
-9.825778 76.009216 4.300394 -13.824326 12.158798 0.000000 0.000000 
-22.563814 73.450920 5.107182 -9.552208 15.369413 0.000000 0.000000 
-30.450794 70.427864 5.281986 -1.862938 17.846460 0.000000 0.000000 
-30.344921 70.627083 5.183681 -5.734230 14.343435 0.000000 0.000000 
-23.432503 73.367271 4.621511 -10.032181 13.203859 0.000000 0.000000 
-30.600595 70.633003 6.488035 -8.863594 12.538578 0.000000 0.000000 
-22.198490 73.917091 4.371453 -8.261421 14.870281 0.000000 0.000000 
-22.165287 73.934937 5.118919 -10.537895 13.605970 0.000000 0.000000 
10.662475 76.852844 3.246288 -14.029945 13.525757 0.000000 0.000000 
9.760373 77.101074 2.719100 -9.859772 15.189693 0.000000 0.000000 
-11.107420 76.951279 3.970257 -10.093781 15.327454 0.000000 0.000000 
-22.676577 74.695900 10.427071 2.155060 21.256075 0.000000 0.000000 
-22.697769 74.991241 10.531384 1.110680 19.108793 0.000000 0.000000 
-22.595133 75.036118 9.054457 -14.910797 9.766937 0.000000 0.000000 
-22.662964 75.040527 10.776201 -3.174805 16.097973 0.000000 0.000000 
55.626221 54.047363 2.765423 1.108383 7.066056 1.000000 1.000000 
-22.907471 75.361549 10.619970 -1.697052 17.652018 1.000000 1.000000 
55.634556 54.912064 2.038421 10.887733 16.032175 0.000000 0.000000 
56.332310 54.236366 2.816738 6.121613 10.633770 0.000000 0.000000 
55.719372 54.968964 2.112453 9.553062 16.312706 0.000000 0.000000 
57.575912 52.882160 3.608117 8.532623 16.515230 0.000000 0.000000 
57.789516 53.134701 3.303962 0.132423 14.296421 0.000000 0.000000 
58.089352 52.814281 3.381927 3.336174 16.743118 0.000000 0.000000 
25.309195 75.575378 2.120225 -14.438492 11.406590 0.000000 0.000000 
58.709335 52.593464 -5.493131 15.300438 18.187309 0.000000 0.000000 
58.801422 52.548275 3.172604 9.312920 14.801805 0.000000 0.000000 
58.941612 52.602493 3.821879 15.493919 21.060349 0.000000 0.000000 
59.126534 52.404633 12.107125 2.108391 10.731922 0.000000 0.000000 
58.823620 53.335423 3.887142 5.333679 12.928902 1.000000 1.000000 
-32.382793 73.727158 9.953022 -11.519485 11.639568 0.000000 0.000000 
-32.314919 73.764503 8.854227 -7.631554 13.603312 0.000000 0.000000 
-32.449821 73.713707 10.571007 -14.282021 9.941242 0.000000 0.000000 
60.269756 51.876583 3.798526 5.127411 13.256279 0.000000 0.000000 
-32.317749 74.073402 7.788109 -11.142349 10.195522 0.000000 0.000000 
59.780373 53.394440 -6.229590 5.177818 9.339630 0.000000 0.000000 
-32.365868 74.568947 9.389136 -7.552902 11.018230 0.000000 0.000000 
-22.496655 78.405159 5.750000 -5.577934 15.134232 0.000000 0.000000 
-22.249159 78.535355 5.604183 -8.239120 12.774616 0.000000 0.000000 
-32.902863 75.237473 8.525330 -2.502068 16.282669 0.000000 0.000000 
-31.887941 76.217712 11.113964 -5.731842 12.938374 0.000000 0.000000 
-21.930826 80.089584 6.061823 -9.484833 14.233110 0.000000 0.000000 
-34.309628 75.542595 9.911932 -4.512489 14.298559 0.000000 0.000000 
-33.375477 76.026222 9.696842 -4.233109 16.328623 0.000000 0.000000 
-31.689631 76.871239 10.245456 -6.418938 12.037899 0.000000 0.000000 
-31.074425 77.197334 9.867455 -6.372681 12.326599 0.000000 0.000000 
-30.736118 77.780746 8.279284 -3.976585 14.996307 0.000000 0.000000 
-25.832304 79.958107 -12.520212 -10.920738 13.617207 0.000000 0.000000 
-39.622803 73.793083 8.178166 -3.769539 13.814383 0.000000 0.000000 
-30.253441 78.552544 7.138120 -11.230186 11.489510 0.000000 0.000000 
-29.867479 78.707756 7.214453 -10.289940 11.353710 0.000000 0.000000 
-27.564108 80.016457 8.030999 0.495445 19.090317 0.000000 0.000000 
-28.048409 80.099129 7.594705 0.172699 20.201283 0.000000 0.000000 
-28.536663 79.942451 8.720965 0.773903 18.474350 0.000000 0.000000 
-28.500782 80.267876 8.128187 0.797821 18.618160 0.000000 0.000000 
-30.026970 79.824608 9.152210 -0.108597 18.447001 0.000000 0.000000 
-29.666662 80.365562 10.826020 -5.360298 16.170034 0.000000 0.000000 
-29.285839 80.614120 9.019916 -2.231049 15.296606 0.000000 0.000000 
-29.124418 80.954628 9.962912 -0.135742 16.872814 0.000000 0.000000 
-30.540472 80.450638 10.571083 -3.462837 16.153219 0.000000 0.000000 
-40.524132 75.973038 0.255589 -6.482826 10.505081 0.000000 0.000000 
-29.568674 81.263962 9.016191 -7.533157 11.293549 1.000000 1.000000 
-33.439182 79.799324 10.870879 -4.517471 17.119835 0.000000 0.000000 
-30.712280 81.061501 10.244280 -6.748543 13.277626 0.000000 0.000000 
-29.751377 81.765762 10.680891 -8.452927 14.651184 0.000000 0.000000 
52.201210 69.278534 3.568580 9.873451 19.026493 0.000000 0.000000 
52.226067 69.342499 3.785570 9.606140 19.096062 0.000000 0.000000 
51.993919 69.609993 6.247227 5.371185 15.196465 0.000000 0.000000 
41.810360 78.018051 4.451906 0.665855 15.336596 0.000000 0.000000 
-32.606434 82.905678 12.471727 1.189468 17.461536 0.000000 0.000000 
39.779720 79.627892 2.414283 -1.988754 14.809397 0.000000 0.000000 
-32.486065 83.474983 12.592032 -8.820923 12.415752 0.000000 0.000000 
21.584482 87.414711 4.624568 -3.636925 14.970591 0.000000 0.000000 
-23.315901 86.965973 -12.938368 -12.818268 10.635071 0.000000 0.000000 
-31.854340 84.195953 14.509712 -7.165649 12.955456 0.000000 0.000000 
-33.249031 83.648346 12.673983 -6.813820 10.689499 0.000000 0.000000 
11.209740 89.991859 3.072738 -10.494614 12.876740 0.000000 0.000000 
11.086596 90.197746 3.171128 -9.035339 12.517445 0.000000 0.000000 
43.967430 79.642593 2.715288 -6.682915 10.597755 1.000000 1.000000 
-32.203747 86.750633 10.103812 -11.899101 8.074753 0.000000 0.000000 
-20.849957 90.429893 7.011454 -12.981560 9.385525 0.000000 0.000000 
-22.368723 90.213348 7.057767 -9.318100 9.887962 0.000000 0.000000 
-22.700754 90.350845 6.785686 -3.656563 14.943268 0.000000 0.000000 
11.696932 92.541916 1.048957 -12.545090 10.644043 0.000000 0.000000 
-23.196711 90.276924 6.615503 -9.846252 10.834835 0.000000 0.000000 
-22.365396 90.895218 6.567573 -12.505058 9.584663 0.000000 0.000000 
-22.857687 90.786392 6.874247 -6.020363 14.373100 0.000000 0.000000 
-21.564098 91.155510 6.731584 -9.108345 10.610962 0.000000 0.000000 
-21.473999 91.558792 4.875337 -13.667740 8.342800 0.000000 0.000000 
-22.883448 91.658638 7.084244 -9.136780 8.712456 1.000000 1.000000 
-24.934423 92.002548 5.258987 -14.391663 7.191536 0.000000 0.000000 
-32.465981 91.273918 11.221123 -10.555687 5.050515 0.000000 0.000000 
11.900534 96.876518 4.415567 -13.737778 6.959744 0.000000 1.000000 
-14.166837 96.799210 4.714499 -8.435837 10.545044 0.000000 0.000000 
31.533180 92.553024 1.150785 -16.668930 3.820694 0.000000 0.000000 
-14.431150 96.945862 5.575931 -7.616768 11.375072 0.000000 0.000000 
-14.025515 97.024033 3.991347 -10.330208 10.153206 0.000000 0.000000 
-14.388104 97.340637 3.894858 -8.348457 12.171005 0.000000 0.000000 
-15.156710 97.251144 3.704604 -4.363594 14.165447 0.000000 0.000000 
-15.274680 97.238083 4.068259 -4.571785 14.559229 0.000000 0.000000 
-15.318151 97.243019 3.761470 1.453255 18.833281 0.000000 0.000000 
-15.333222 97.364456 3.696586 3.360901 19.287252 0.000000 0.000000 
-22.321575 96.264984 10.167288 -12.284363 8.060650 0.000000 0.000000 
-22.490234 96.651291 -2.472346 -14.781311 5.965138 0.000000 0.000000 
-21.073996 97.120140 -2.329517 -13.781952 7.919758 0.000000 0.000000 
14.933969 98.952202 0.909025 -15.540085 6.300499 0.000000 0.000000 
-29.400793 96.399330 9.260153 -7.844276 9.255657 0.000000 0.000000 
-32.609962 95.862686 10.820764 -14.064621 7.598717 0.000000 0.000000 
-29.748152 97.313087 8.586397 -14.225838 6.714676 0.000000 0.000000 
-31.882250 97.054382 11.220435 -9.694176 9.243137 0.000000 0.000000 
-27.195328 99.007515 9.416782 -14.918709 6.576588 0.000000 0.000000 
-31.733894 97.927429 14.469556 -5.898140 8.408257 0.000000 0.000000 
-31.655939 98.528877 11.157811 -7.631927 10.402870 0.000000 0.000000 
-30.565809 98.980370 -0.879801 -12.194771 5.721562 0.000000 0.000000 
12.620409 103.259750 0.663872 -14.796707 7.388108 0.000000 1.000000 
-31.388708 99.838226 10.840825 -3.760391 10.202877 0.000000 0.000000 
-32.142776 99.742371 11.779572 -4.614326 11.138016 0.000000 0.000000 
34.453987 100.309578 2.450296 -8.742790 7.367436 0.000000 0.000000 
35.411381 99.964508 2.607220 -12.280220 6.207028 0.000000 1.000000 
51.588139 97.790680 4.953183 -6.679321 8.754925 0.000000 0.000000 
50.955227 98.599304 5.814778 -2.445885 9.328762 0.000000 0.000000 
-103.046875 36.320778 15.386364 15.867157 9.852840 0.000000 0.000000 
-104.627785 32.456657 -2.358944 17.829163 6.185265 0.000000 0.000000 
45.176029 102.659943 2.659135 -9.982101 4.250741 0.000000 0.000000 
47.345497 101.641098 3.761777 -6.737602 7.887627 0.000000 0.000000 
-96.705582 53.931377 -4.801127 10.136795 7.761948 0.000000 0.000000 
38.112492 107.781975 1.998043 -11.975601 3.055596 0.000000 0.000000 
37.385910 108.334526 4.127882 -3.642410 10.116943 0.000000 0.000000 
36.759521 108.642189 2.317224 -7.773300 5.234681 0.000000 0.000000 
37.352024 108.433914 4.407093 -7.602127 7.541905 0.000000 0.000000 
35.289310 109.612900 1.494645 -7.154213 6.337315 0.000000 0.000000 
35.085602 109.700714 2.845101 -9.364769 4.584992 0.000000 0.000000 
38.676914 108.476021 1.382014 -9.444687 5.015534 1.000000 1.000000 
35.320641 109.830101 1.103298 -4.461021 7.923409 0.000000 0.000000 
33.811100 110.543976 -0.669141 -11.245361 4.802353 0.000000 0.000000 
-23.012079 115.973251 4.290736 -11.240349 7.077607 0.000000 0.000000 
48.531040 107.855209 -1.717034 -4.522186 7.534203 0.000000 0.000000 
48.424698 107.957336 -0.197830 -9.603943 3.894928 0.000000 0.000000 
44.722397 110.684296 2.085211 -8.916780 6.687798 0.000000 0.000000 
42.971817 111.505539 2.150039 -4.245842 7.042759 0.000000 0.000000 
-22.290146 117.934502 6.159572 -4.319336 11.746433 0.000000 0.000000 
-21.496935 118.104439 9.004958 -6.556908 9.583496 0.000000 0.000000 
-22.114449 118.013176 5.889613 -5.842865 10.805504 0.000000 0.000000 
-23.328621 117.923706 8.915836 1.069679 14.158504 0.000000 0.000000 
-23.649933 118.001350 8.941672 -10.160065 6.722950 0.000000 0.000000 
-22.957064 118.245041 9.624347 0.776497 15.361277 0.000000 0.000000 
-24.751020 118.102310 9.746759 -11.536926 6.590691 0.000000 0.000000 
-105.208466 56.092113 -4.890757 11.351608 6.114670 0.000000 1.000000 
-31.837984 117.032852 10.325251 -9.821663 6.668854 0.000000 0.000000 
-23.307680 119.230469 10.507032 -4.125443 9.681282 1.000000 1.000000 
-32.456779 117.172096 11.438581 -8.575989 9.545799 0.000000 0.000000 
-22.551607 120.405289 5.132176 -4.986931 9.311256 0.000000 0.000000 
-22.556631 120.515327 4.561023 -7.823891 7.486760 0.000000 0.000000 
-22.358479 121.197601 2.962999 -11.949188 6.172318 0.000000 0.000000 
-22.346220 121.399109 4.261485 -10.832764 5.647152 0.000000 0.000000 
-7.484521 123.347061 -5.015334 -8.635063 8.560787 0.000000 1.000000 
-31.340242 119.860001 12.010859 -6.341263 7.927182 0.000000 0.000000 
-32.397671 119.989525 10.630690 -4.736526 11.562550 0.000000 0.000000 
-32.375023 120.102959 11.281815 -5.981506 9.984978 0.000000 0.000000 
-32.629559 120.070885 10.817334 -4.240128 9.779091 0.000000 0.000000 
-32.181400 120.464226 14.529603 -6.257484 6.598214 0.000000 0.000000 
-34.567982 120.279083 11.301689 -6.493385 8.237305 0.000000 0.000000 
35.915092 120.964973 1.311352 -9.337669 4.912812 0.000000 0.000000 
38.563587 120.370636 2.266261 -9.659943 6.021676 0.000000 1.000000 
-33.838116 122.269844 12.405430 -1.904495 10.920692 0.000000 0.000000 
36.389256 121.570511 0.441760 -3.249855 9.612644 0.000000 0.000000 
-33.222942 122.596519 11.941846 -5.412003 8.375847 0.000000 0.000000 
-35.192684 122.765862 13.820088 -4.087807 9.035770 0.000000 0.000000 
-33.869011 123.231079 13.739153 -6.461739 8.570881 0.000000 0.000000 
1.064921 128.667694 1.225182 -12.029770 6.400822 0.000000 0.000000 
-22.063847 126.822090 2.623827 -8.488312 7.933224 0.000000 0.000000 
-7.784299 128.932831 -5.693071 -5.287735 11.605946 0.000000 1.000000 
-7.446646 129.196869 -4.315847 -3.124809 12.675587 0.000000 0.000000 
-21.923826 127.544708 4.941371 -2.749496 12.053658 0.000000 0.000000 
-21.865908 127.647247 4.009837 -6.349823 7.231564 0.000000 0.000000 
-21.665840 127.695190 4.446196 -3.754852 8.971664 0.000000 0.000000 
-22.057034 128.011444 4.889995 -6.638382 7.563385 0.000000 0.000000 
-21.556414 128.184937 4.760497 3.536972 16.012133 0.000000 0.000000 
-21.265497 128.398666 4.742697 -0.575111 12.385246 0.000000 0.000000 
-22.163979 128.345154 5.135742 -2.854797 10.826706 0.000000 0.000000 
-21.279371 128.612000 -3.214177 9.341019 19.825588 1.000000 1.000000 
-20.814943 128.744247 -9.802862 -5.690300 9.314613 0.000000 0.000000 
-22.028278 129.446350 -5.686484 -10.227684 7.426827 0.000000 0.000000 
-21.440594 129.556488 -3.386972 12.204926 23.551174 0.000000 0.000000 
-21.550251 129.865387 -2.121737 14.648155 24.624500 0.000000 0.000000 
-22.122585 129.833191 0.627535 -3.969917 13.934172 0.000000 0.000000 
-21.771996 129.958679 4.405805 -0.985481 12.577126 0.000000 0.000000 
-21.334957 130.069214 1.215922 -5.256821 11.111019 0.000000 0.000000 
-21.615229 130.258804 -3.347713 7.234221 18.155697 1.000000 1.000000 
-21.510870 130.325424 1.209680 -3.917732 8.518982 1.000000 1.000000 
-23.742292 130.283813 1.636293 -2.870514 9.746777 0.000000 0.000000 
-25.329773 129.985962 0.022019 -11.721230 6.044438 0.000000 0.000000 
-22.142002 130.820190 -1.509280 12.426048 23.132385 1.000000 1.000000 
-21.606724 130.982559 -3.312867 -9.395927 4.537102 1.000000 1.000000 
-21.900808 131.446747 -1.181973 16.762032 25.433548 0.000000 0.000000 
-22.234756 131.387283 -2.159272 19.720024 28.814419 0.000000 0.000000 
-20.514814 131.760666 0.118975 -12.564514 1.448628 1.000000 1.000000 
-22.087610 131.569031 -1.437956 18.747910 28.214567 0.000000 0.000000 
-21.282845 132.058258 2.828829 8.983040 20.931999 0.000000 0.000000 
-21.336330 132.156982 4.069389 5.681030 19.448418 0.000000 0.000000 
-20.934259 132.375153 5.363545 5.618172 21.680344 0.000000 0.000000 
-19.858648 132.600922 4.735110 8.675911 21.010014 0.000000 0.000000 
-22.665768 132.160492 -0.020084 -10.696846 2.544377 1.000000 1.000000 
-22.585985 132.518005 -1.182165 -1.967384 9.461823 1.000000 1.000000 
-20.196114 133.226440 -9.256352 3.124802 14.998693 0.000000 0.000000 
-21.024214 133.151764 2.028222 8.012596 18.439972 0.000000 0.000000 
-21.495817 133.147217 0.600477 -5.898117 9.800385 0.000000 0.000000 
-22.109842 133.679352 3.376039 -4.237770 8.349506 0.000000 0.000000 
-22.378447 133.665771 4.371057 -1.615997 11.144142 0.000000 0.000000 
-8.385850 135.366486 -6.540596 -3.127747 10.951679 0.000000 0.000000 
-21.741550 133.838348 1.095719 -1.769577 12.214203 0.000000 0.000000 
7.532791 135.546265 -4.785687 -4.350166 10.929504 1.000000 1.000000 
41.048138 129.564362 4.451312 -6.143982 8.187149 0.000000 0.000000 
40.967464 129.696838 3.071946 -7.513054 7.128502 0.000000 0.000000 
7.934621 136.002380 -6.662156 -8.395157 8.574886 0.000000 0.000000 
-22.569689 134.451538 3.119618 7.753227 19.795567 0.000000 0.000000 
6.947105 136.316437 -5.898164 1.828735 17.524282 0.000000 0.000000 
-22.041426 135.065308 5.769567 -6.219437 8.779411 0.000000 0.000000 
-22.140827 135.302521 -11.241501 -4.684509 10.118328 0.000000 0.000000 
-21.804008 135.439148 -9.425627 -10.153465 4.854466 0.000000 0.000000 
41.485191 130.635468 3.098971 -8.644127 4.713147 0.000000 0.000000 
57.362251 124.432167 3.743656 -7.007355 4.811078 0.000000 1.000000 
40.467575 131.557968 3.046444 -2.192268 10.996906 0.000000 0.000000 
39.623749 131.917938 3.017617 -1.458496 11.370850 0.000000 0.000000 
40.173046 131.750031 3.481044 -3.836472 9.352791 0.000000 0.000000 
-22.428534 136.230988 -1.262625 -9.656273 2.589241 1.000000 1.000000 
-22.799913 136.328796 -1.150190 -5.107643 6.942368 0.000000 0.000000 
-22.562731 136.501160 -2.407823 -9.221100 5.980801 0.000000 0.000000 
-22.600185 136.788147 -1.037777 -5.686531 6.743138 0.000000 0.000000 
-22.700100 136.780273 -1.497790 -6.941742 5.692711 0.000000 0.000000 
-22.377552 137.283844 -3.150692 -6.614311 6.926991 0.000000 0.000000 
-22.682713 137.580902 -3.765422 -9.362251 4.442658 0.000000 0.000000 
-23.927031 138.878693 -8.440586 -5.578712 6.894127 0.000000 0.000000 
-22.742941 139.702118 -2.461960 -10.213799 6.112549 0.000000 0.000000 
-22.306093 139.839233 -1.851730 -5.520012 8.595673 0.000000 0.000000 
-22.239647 139.900421 6.760660 -4.996643 8.523468 0.000000 0.000000 
-23.424517 139.720642 -1.723630 -4.836365 7.753705 0.000000 0.000000 
-22.961077 139.876190 -2.794172 -4.322723 7.624066 0.000000 0.000000 
-21.530741 140.636993 -3.522476 -8.273926 6.654580 0.000000 0.000000 
-22.695879 140.593933 -3.594792 -13.418655 4.197804 1.000000 1.000000 
-23.236237 140.584442 4.070396 -5.184761 6.787224 0.000000 0.000000 
-22.959503 140.845490 3.339964 -10.356300 5.691006 0.000000 0.000000 
-22.933060 141.087494 3.584194 -5.430824 7.922719 0.000000 0.000000 
-24.905043 141.033264 -12.929969 -5.692650 8.656578 0.000000 0.000000 
-23.520374 141.511780 3.944857 -7.799889 5.730942 0.000000 0.000000 
-24.089912 141.642944 4.045639 -11.483055 3.052727 1.000000 1.000000 
-23.450542 141.873413 3.587723 -5.841858 6.510960 0.000000 0.000000 
-23.732262 141.997314 3.869596 -6.667122 5.962121 0.000000 0.000000 
-23.705473 145.245697 5.983961 3.596268 12.742596 0.000000 0.000000 
-23.564095 145.295837 -10.003748 1.798653 12.004356 0.000000 0.000000 
-23.699224 145.355621 -9.937435 2.436317 12.353489 0.000000 0.000000 
7.762342 147.756653 -6.877752 -5.805817 7.656369 0.000000 0.000000 
-23.768162 146.110535 3.509270 -5.476013 6.420926 1.000000 1.000000 
-24.240534 146.028229 1.926489 -8.613846 2.485176 0.000000 0.000000 
7.628552 147.983093 -6.414185 -8.075974 7.961556 0.000000 1.000000 
-24.276922 146.436646 -9.310801 -9.603790 4.954743 0.000000 0.000000 
-23.366606 146.631317 3.138919 -5.419792 7.171139 1.000000 1.000000 
-29.212851 145.615997 -0.109735 -7.764244 5.517064 0.000000 0.000000 
-24.058676 147.046234 -9.859130 -1.943939 9.239590 0.000000 0.000000 
-22.833174 147.503174 -3.804297 -2.379822 6.968808 0.000000 0.000000 
-24.050915 147.497009 -1.696825 9.553894 19.576019 0.000000 0.000000 
-24.402779 147.461609 -1.280574 7.049736 17.135715 0.000000 0.000000 
-23.818243 147.584778 -0.916620 5.618347 14.788733 0.000000 0.000000 
-24.422880 148.174866 -8.708648 -6.086258 7.082791 0.000000 0.000000 
-24.426182 148.191010 0.263120 2.424530 12.114304 1.000000 1.000000 
-23.453083 148.959045 -0.742296 -1.162163 9.541031 1.000000 1.000000 
-24.750729 149.507812 -2.369902 -11.690392 3.638664 0.000000 0.000000 
-23.124210 149.854370 -2.396953 -10.536407 4.525940 0.000000 0.000000 
-23.656456 152.219513 5.924193 -8.295273 5.082016 0.000000 0.000000 
-23.512840 152.411652 -2.566710 -8.134567 5.876824 0.000000 0.000000 
-23.513401 152.452606 -2.612009 -4.023277 6.301777 1.000000 1.000000 
-22.660353 152.872192 2.831053 -6.905998 4.872090 0.000000 0.000000 
-25.796570 152.508453 -1.958315 -5.732658 5.674443 0.000000 0.000000 
-25.418678 152.741791 -1.818592 -4.298340 7.422993 0.000000 0.000000 
-25.477764 152.886047 0.600937 -2.322968 7.789143 0.000000 0.000000 
-23.461252 153.693512 0.386968 -5.355209 8.122471 0.000000 0.000000 
-23.510574 153.783691 0.344359 4.103928 12.489319 0.000000 0.000000 
-23.188265 153.863434 -0.067905 -9.577919 4.408589 0.000000 0.000000 
-29.771288 153.038757 7.434059 -2.932556 7.986924 0.000000 0.000000 
-23.534452 154.595734 3.416142 -7.299385 5.785782 0.000000 0.000000 
-23.983322 154.545624 5.205691 -0.850716 10.946857 0.000000 0.000000 
-23.727762 154.621948 2.772375 -9.434059 5.698632 0.000000 0.000000 
-23.341322 154.927948 4.127871 -7.526482 5.933095 0.000000 0.000000 
-23.442146 155.383270 1.146197 -3.940720 5.544354 0.000000 0.000000 
-23.736649 155.420013 -0.770352 -8.313858 4.270333 0.000000 0.000000 
-31.664276 154.011597 7.670720 -4.520874 6.488015 0.000000 0.000000 
-31.418234 154.119141 9.232280 -7.234001 5.162655 1.000000 1.000000 
-25.123787 155.300323 -2.177306 -7.968712 4.565758 0.000000 0.000000 
-32.667877 154.117310 8.832530 -8.536407 5.105298 0.000000 0.000000 
-32.930687 154.451355 10.264788 -1.240257 9.757248 0.000000 0.000000 
-31.835897 154.801056 11.729981 2.029922 12.475418 0.000000 0.000000 
-30.390251 155.147430 7.554076 -5.064041 6.326050 0.000000 0.000000 
-31.346664 155.342896 9.722288 -0.187225 12.079678 0.000000 0.000000 
-28.706867 155.973297 8.693731 -5.152962 6.118409 0.000000 0.000000 
-31.168175 155.575714 10.202855 -2.749290 9.631413 0.000000 0.000000 
-29.777405 156.094147 9.166367 -7.196701 5.496235 0.000000 0.000000 
-24.475443 157.513245 -2.316607 -2.647392 8.678905 0.000000 0.000000 
-24.191536 157.626221 -1.566709 -2.961258 7.104775 0.000000 0.000000 
-23.837793 157.699097 -2.285620 0.724495 10.147148 0.000000 0.000000 
-23.972422 157.924805 -2.336760 -2.547745 7.810826 0.000000 0.000000 
-24.000092 158.229706 -3.051009 -5.769089 7.111634 0.000000 0.000000 
-25.508608 158.167603 -1.574814 0.940689 13.091816 0.000000 0.000000 
-25.838188 158.121643 -2.207488 1.478569 12.717773 0.000000 0.000000 
-27.001568 157.948944 -1.785041 -4.358627 7.299813 0.000000 0.000000 
-25.082817 158.402710 -1.923808 -8.593285 6.438679 0.000000 0.000000 
-26.120396 158.527283 -1.381371 -5.421852 7.196846 0.000000 0.000000 
-26.511852 158.712677 -0.347874 -0.772881 10.056473 0.000000 0.000000 
-25.034286 159.102173 -2.212347 -2.315552 8.083923 0.000000 0.000000 
-25.379595 159.064636 2.064851 -0.009781 9.634449 0.000000 0.000000 
-25.834732 159.025391 -4.164657 0.126572 11.025333 0.000000 0.000000 
-24.306534 159.352264 0.518601 -2.475037 6.531270 0.000000 0.000000 
-25.504814 159.177246 -2.247680 1.967422 12.196209 1.000000 1.000000 
-25.263243 159.543243 4.699544 -3.440331 7.702672 0.000000 0.000000 
-26.421215 159.575043 -3.743723 -5.733315 9.183113 0.000000 0.000000 
-25.433983 159.761688 -1.523748 8.113411 18.428476 0.000000 0.000000 
-25.484678 159.866028 -1.593828 -0.291458 9.670715 0.000000 0.000000 
-25.091303 159.952026 -1.436369 5.077126 15.822704 0.000000 0.000000 
-25.721241 160.343048 -1.564836 -5.032539 6.568421 0.000000 0.000000 
-26.017666 160.431213 -1.910861 -2.630966 9.319756 0.000000 0.000000 
-24.071648 160.963287 2.451765 -4.414185 6.062237 0.000000 0.000000 
-23.915112 161.164215 1.200969 -5.110634 6.977559 0.000000 0.000000 
-24.005070 161.494141 0.584234 -4.458717 7.927655 0.000000 0.000000 
-23.786644 161.568329 9.575413 0.750275 11.405537 0.000000 0.000000 
-23.162373 161.701843 3.040651 -2.143425 9.512146 0.000000 0.000000 
-23.846062 161.628204 9.677340 -7.211281 6.574208 0.000000 0.000000 
-25.260504 161.737823 0.545384 -5.261528 5.235440 0.000000 0.000000 
-114.414673 116.031281 0.140330 5.494049 6.155022 0.000000 0.000000 
-25.702534 162.783936 -3.535581 -9.670296 4.819981 0.000000 0.000000 
-24.066242 163.103058 -1.195751 -4.824242 4.594941 0.000000 0.000000 
-23.330191 163.549011 -3.093515 -6.219482 7.051136 0.000000 0.000000 
-24.274225 163.412292 -3.281239 -3.513527 7.243107 0.000000 0.000000 
-23.742393 163.931519 -2.348714 -9.020966 3.765225 0.000000 0.000000 
-26.219288 164.671417 -3.234687 -5.909554 5.182633 0.000000 0.000000 
-24.822186 165.120453 -3.094820 -6.024773 5.100583 0.000000 0.000000 
-26.496052 164.873840 -2.959594 -2.740814 6.280449 0.000000 0.000000 
-26.585459 164.916473 -2.470893 -10.597908 3.281685 0.000000 0.000000 
-27.380260 165.174530 -1.483277 -6.905876 3.413113 0.000000 0.000000 
-26.964081 165.822113 -2.726118 1.093430 8.867706 0.000000 0.000000 
-25.055149 166.260284 4.171827 -4.580391 4.889752 0.000000 0.000000 
-23.083292 166.627533 3.390307 -7.329445 3.224816 1.000000 1.000000 
-26.945005 166.282166 -2.307716 -3.180641 6.615212 0.000000 0.000000 
-25.493902 166.748108 0.842323 0.895714 9.311123 0.000000 0.000000 
-25.840902 166.742676 1.375464 -8.014008 3.992192 0.000000 0.000000 
-25.625673 166.849060 -2.563657 -5.171509 5.840924 0.000000 0.000000 
-27.252420 167.076416 -1.482663 -4.242531 4.938206 1.000000 1.000000 
-23.041786 167.747467 -0.897217 1.372971 11.801758 0.000000 0.000000 
-24.055714 167.733582 5.822764 0.147400 9.379341 0.000000 0.000000 
-24.637596 167.655731 2.446238 1.276520 9.873192 0.000000 0.000000 
-25.962692 167.514893 -5.462928 -7.017548 4.494713 0.000000 0.000000 
-24.845612 167.797394 -2.857597 -6.618156 5.592343 0.000000 0.000000 
-27.042301 168.020966 -2.105368 -6.895538 4.776627 0.000000 0.000000 
-25.953161 168.206665 -1.236911 -6.944511 4.342339 0.000000 0.000000 
-26.003508 168.232971 -2.858000 0.672195 8.347084 0.000000 0.000000 
-25.094486 168.390900 -1.807310 3.874871 11.455841 0.000000 0.000000 
-26.545776 168.518311 -4.025208 -5.691132 4.950726 0.000000 0.000000 
-24.577869 169.048370 -2.251825 -3.676186 5.312829 0.000000 0.000000 
-24.115957 169.342834 -1.588225 -7.316513 4.755021 0.000000 0.000000 
-25.021015 169.265961 -2.787934 -9.095802 3.528595 0.000000 0.000000 
-25.016674 169.649872 -1.646505 -3.674606 6.251019 0.000000 0.000000 
-23.947510 169.966003 -1.588752 -5.978363 4.383206 0.000000 0.000000 
-24.837709 169.961700 -3.694551 -3.753143 5.714539 0.000000 0.000000 
-23.588287 170.293427 -13.092866 -6.523056 4.533936 0.000000 0.000000 
-24.801659 170.145081 5.081421 -5.277153 6.578797 0.000000 0.000000 
-24.660151 170.463013 -14.135765 -1.941673 7.418137 0.000000 0.000000 
-23.409098 170.670410 -12.785151 -1.420265 7.082882 0.000000 0.000000 
-24.388906 170.540741 4.308312 -4.570824 5.868119 0.000000 0.000000 
-23.900909 171.558594 -11.265927 0.063652 9.937382 0.000000 0.000000 
-24.828119 171.554199 -9.140816 -0.613113 7.353787 0.000000 0.000000 
-24.096628 171.678986 -0.012465 4.037918 12.197311 0.000000 0.000000 
-25.342253 171.594543 -4.821290 4.595717 11.478374 0.000000 0.000000 
-25.157330 171.797058 -0.988382 2.052193 9.475327 0.000000 0.000000 
-22.262341 172.635803 -12.029771 -10.341324 5.514859 0.000000 0.000000 
-24.044136 172.523010 -3.490284 -1.900879 7.339097 0.000000 0.000000 
-23.054426 172.875427 -2.406158 -9.399658 5.299275 0.000000 0.000000 
-25.004480 172.889587 -4.993984 1.550369 8.749630 1.000000 1.000000 
-21.438105 173.569336 4.841514 -8.267052 4.021393 0.000000 0.000000 
-24.124687 173.264526 -14.822700 -9.716455 5.731186 0.000000 0.000000 
-23.474243 173.398376 -8.153396 -0.234192 7.964211 0.000000 0.000000 
-25.020838 173.577637 0.976539 -6.993942 6.834813 0.000000 0.000000 
-23.271643 173.914917 -2.329285 -6.499496 4.620266 1.000000 1.000000 
-25.137272 173.783691 -1.043540 -1.371353 8.522408 0.000000 0.000000 
-25.675797 173.756622 -7.208836 -2.135315 6.876133 0.000000 0.000000 
-24.437635 174.112793 -1.344522 -2.785645 6.615445 0.000000 0.000000 
-25.863430 174.218628 -2.249553 -8.635315 3.380593 1.000000 1.000000 
-24.677797 174.475800 -1.174785 -4.382393 5.193589 0.000000 0.000000 
-24.235188 174.681427 -5.077351 -4.691170 4.616730 0.000000 0.000000 
-25.003756 174.725922 -5.129940 -8.867577 3.712643 0.000000 0.000000 
-26.053320 175.054504 -3.559228 -8.523613 2.589588 0.000000 0.000000 
-25.190556 175.539856 -2.944525 -4.067970 5.091305 0.000000 0.000000 
-25.285620 175.651337 -3.092708 -5.804955 3.527428 0.000000 0.000000 
-23.481058 176.889618 -2.397562 -9.210388 2.819420 0.000000 0.000000 
-26.158691 176.613068 -3.323609 -5.256821 3.300698 1.000000 1.000000 
-26.413765 176.730988 -3.279252 -9.600586 2.714451 0.000000 0.000000 
-25.626661 177.089569 -2.643570 -7.543839 4.567856 1.000000 1.000000 
-26.163935 177.605560 -2.104860 2.314339 9.074535 0.000000 0.000000 
-25.565109 177.829834 -3.673521 -0.287247 8.322842 0.000000 0.000000 
-25.498175 179.733063 -2.206945 -9.550339 3.392819 1.000000 1.000000 
-26.093790 179.914856 -2.825947 -7.206451 4.329670 0.000000 0.000000 
-24.788734 180.521820 -3.352066 3.320877 10.020473 0.000000 0.000000 
-25.564926 180.412354 -3.777565 3.025787 10.388149 0.000000 0.000000 
-26.626169 180.311951 -3.570501 -1.193298 8.450195 0.000000 0.000000 
-24.487883 180.966614 -4.018891 1.277527 8.068554 0.000000 0.000000 
-23.734535 181.189209 -1.454669 -7.280312 3.906170 0.000000 0.000000 
-25.474775 181.265808 -3.534999 -7.065804 4.012757 1.000000 1.000000 
-24.333769 181.573975 -1.422709 -2.954338 5.858605 0.000000 0.000000 
-24.608337 181.884644 -4.194540 -8.808739 3.507572 0.000000 0.000000 
-25.330118 182.106537 -3.376051 -5.683182 2.607281 1.000000 1.000000 
-25.360680 182.154907 -1.563472 -8.880562 2.926876 1.000000 1.000000 
-25.555113 182.255341 -1.540913 -6.895004 4.188321 0.000000 0.000000 
-25.269684 182.359863 -2.204856 -5.425056 4.003472 0.000000 0.000000 
-24.921280 184.762207 -10.261316 1.925011 9.709450 0.000000 0.000000 
-26.780388 184.646393 4.741462 -6.058479 4.089531 0.000000 0.000000 
-24.969242 185.261719 -5.106148 -3.441315 5.314122 0.000000 0.000000 
-24.564871 185.317139 -2.505385 -6.102859 4.158860 0.000000 0.000000 
-24.971422 185.530060 5.081750 -3.395531 5.341622 0.000000 0.000000 
-25.062040 185.799805 -6.734703 -4.052055 4.273888 0.000000 0.000000 
-25.773832 186.167450 5.238770 -4.474579 3.840088 0.000000 0.000000 
-25.600214 186.385315 -0.969536 0.435120 6.847214 0.000000 0.000000 
-25.573063 186.426086 -8.353874 -2.387367 5.129780 0.000000 0.000000 
-26.310083 186.525787 3.329139 -6.774590 4.321145 0.000000 0.000000 
-25.724926 186.900970 3.947110 -5.009964 4.095582 0.000000 0.000000 
-25.862555 187.015533 4.245573 -2.801109 4.744725 0.000000 0.000000 
-25.373533 187.888214 5.606648 -5.304077 3.087799 0.000000 0.000000 
177.996933 60.069206 20.201277 20.416115 7.146359 0.000000 0.000000 
-25.340063 189.267548 1.258833 -7.753708 5.012639 0.000000 0.000000 
-25.465746 192.924500 -2.563964 -10.454460 2.293816 0.000000 0.000000 
-25.565973 193.087677 -0.315073 -8.451569 3.103981 0.000000 0.000000 
-33.545349 195.905731 5.955562 -2.801010 4.969018 0.000000 0.000000 
-32.310551 197.830902 -5.935772 -5.556305 4.828068 0.000000 0.000000 
-30.649149 198.264465 2.137950 -8.297775 3.182743 0.000000 0.000000 
-29.143114 198.959259 -2.751555 -3.853661 4.748517 0.000000 0.000000 
-30.956007 200.853363 6.317660 -7.061852 4.174813 0.000000 0.000000 
-31.483877 205.650269 -3.062478 0.218460 6.310547 0.000000 0.000000 
-31.554955 205.685883 -3.538848 -3.415161 3.868157 0.000000 0.000000 
-31.816246 205.653992 -3.665220 -4.726608 3.049885 0.000000 0.000000 
-28.243874 207.460754 -1.192326 -7.008568 2.576962 0.000000 0.000000 
-29.750200 218.669556 -1.937448 -3.219620 2.894360 0.000000 0.000000 
-29.509857 218.710175 -0.560090 -2.319092 2.967060 0.000000 0.000000 
-35.117611 248.018311 -4.848116 0.224289 4.978596 0.000000 0.000000 
-36.484322 249.085602 -2.992336 -0.395760 2.971619 1.000000 1.000000 
-34.664169 251.969879 -1.366113 -2.153671 2.417713 0.000000 0.000000 
