ply
format ascii 1.0
comment Created by CloudCompare v2.14.beta (Feb  3 2026)
comment Created 2026-05-09T14:58:12
obj_info Generated by CloudCompare!
element vertex 1557
property float x
property float y
property float z
property float rcs
property float snr
property float v
property float label
end_header
-32.088947 -7.137603 -12.318030 -5.959236 24.687027 0.000000 1.000000 
12.421058 -38.279369 -7.207155 -5.588928 19.222195 0.000000 1.000000 
-36.370262 -19.069992 -16.184725 -4.780128 22.210918 0.000000 1.000000 
-5.783505 -49.016426 -4.256109 4.393639 25.580996 0.000000 1.000000 
-5.905376 -49.110729 -6.138213 2.061989 23.662748 0.000000 1.000000 
27.994896 8.324603 -11.779851 1.580070 28.075321 0.000000 1.000000 
28.471783 7.540242 -12.151515 0.618843 27.469881 0.000000 1.000000 
7.308709 -37.556744 -9.175357 -5.945419 21.510723 0.000000 1.000000 
12.606075 -38.394527 -10.603563 -3.208412 24.877281 0.000000 1.000000 
14.892534 -43.820656 -5.042191 -6.365685 20.394402 0.000000 1.000000 
43.411057 15.898408 -13.632771 -0.909218 19.504726 0.000000 1.000000 
42.059231 20.634876 -9.969091 2.274384 22.694561 0.000000 1.000000 
57.034962 14.918797 -9.807793 7.872032 20.614050 0.000000 1.000000 
57.477581 -32.279488 -13.940188 16.011139 29.223700 0.000000 1.000000 
68.980293 -11.470990 -10.516743 6.147453 22.312096 0.000000 1.000000 
64.352470 35.178978 -30.618204 10.893639 20.188425 1.000000 1.000000 
91.980667 -11.758270 -14.376482 7.036507 18.016851 0.000000 1.000000 
95.388527 -9.659421 -16.174816 7.550301 17.749846 0.000000 1.000000 
114.602417 -7.041420 -19.105297 13.179138 19.110996 0.000000 1.000000 
99.355301 -62.715923 -21.169262 13.387878 18.306320 0.000000 1.000000 
202.668777 6.359536 -13.081771 18.268501 13.248199 0.000000 1.000000 
-21.219002 20.038666 -6.856747 -2.100052 19.803423 1.000000 1.000000 
24.512781 14.627915 -11.195803 6.277359 24.090427 0.000000 1.000000 
23.298676 22.457045 -12.205641 4.471947 26.513721 0.000000 1.000000 
27.001415 28.073111 -14.052794 -2.974960 17.444359 0.000000 1.000000 
7.575317 54.166004 -19.875074 -11.241516 16.245779 0.000000 1.000000 
-18.463385 54.182461 -21.464617 -12.397713 17.801014 0.000000 1.000000 
7.612412 59.955418 -16.537827 -12.621880 15.446651 0.000000 1.000000 
8.844738 59.884415 -22.532480 -18.021484 13.500957 0.000000 1.000000 
20.207531 61.845631 -24.772226 -15.677283 12.088951 0.000000 1.000000 
-22.494705 62.698280 -26.340940 -7.809105 14.579224 1.000000 1.000000 
-29.684826 60.476437 -25.602242 -15.563460 9.597523 0.000000 1.000000 
22.672609 64.906860 -26.435995 -14.311958 10.549091 0.000000 1.000000 
-2.022261 71.222496 -19.312189 -9.964928 19.587788 0.000000 1.000000 
-33.375069 64.354301 -19.012407 -13.052429 9.895435 0.000000 1.000000 
-10.911234 75.950066 -28.216944 -11.716339 13.475765 0.000000 1.000000 
-28.978777 72.768723 -23.542448 -14.183342 9.971317 0.000000 1.000000 
-35.232094 71.253548 -30.723825 -11.090027 11.236954 0.000000 1.000000 
-28.922554 77.099686 -30.293262 -8.761734 14.308403 0.000000 1.000000 
-34.319698 76.543381 -27.844259 -6.237274 15.217953 0.000000 1.000000 
-41.486000 73.225922 -33.797649 -1.499451 16.152622 0.000000 1.000000 
42.481743 77.446350 -31.995325 1.108025 15.371113 0.000000 1.000000 
41.836472 78.001740 -34.058910 2.741982 16.335539 0.000000 1.000000 
42.898022 77.490417 -33.754181 -4.052208 12.878731 0.000000 1.000000 
-31.631100 83.838799 -34.833252 -7.327324 11.849754 0.000000 1.000000 
-36.442360 84.110512 -31.041460 -10.180496 11.095470 0.000000 1.000000 
-14.543928 96.739128 -18.607637 -8.199448 10.149940 0.000000 1.000000 
-31.487370 96.333458 -14.450859 -6.862480 8.353706 0.000000 1.000000 
45.090195 90.659538 -40.900715 -10.734726 6.923192 0.000000 1.000000 
-32.132755 96.768723 -15.194484 -8.883911 8.915813 0.000000 1.000000 
-31.889624 96.852188 -15.063999 -7.496262 8.713982 0.000000 1.000000 
-31.718971 97.025955 -13.887076 -4.860893 10.183319 0.000000 1.000000 
-31.830082 97.005951 -13.933395 -5.600090 8.488747 0.000000 1.000000 
-32.142632 96.975555 -14.777733 -9.388489 8.055710 0.000000 1.000000 
-32.231873 97.067253 -39.998123 -6.806046 11.407166 0.000000 1.000000 
-30.151537 99.408020 -14.853428 -11.162704 8.279594 0.000000 1.000000 
-31.518572 99.678764 -42.179070 -13.029480 7.885399 0.000000 1.000000 
-31.061367 99.878792 -16.837238 -3.674438 11.432358 0.000000 1.000000 
-31.600651 99.884079 -37.985687 -12.228287 6.135632 0.000000 1.000000 
-38.585861 104.767975 -29.655083 -13.511780 6.163361 0.000000 1.000000 
-51.095932 100.251335 -23.616554 -6.245010 9.996456 0.000000 1.000000 
-31.972744 108.888794 -45.908043 -10.768738 6.998623 0.000000 1.000000 
-32.467968 114.011299 -34.139576 -7.064156 8.291225 0.000000 1.000000 
-33.924866 119.960938 -44.276184 -10.294655 5.471043 0.000000 1.000000 
-35.089085 120.431526 -15.528299 -5.783386 7.652108 0.000000 1.000000 
-34.907986 120.619522 -16.782515 -7.041969 9.213726 0.000000 1.000000 
67.112282 127.031158 -56.160271 -2.753159 4.711434 0.000000 1.000000 
0.752516 188.184326 -51.306557 -7.730751 3.939598 0.000000 1.000000 
-32.966072 197.568909 -79.202301 0.433151 8.434341 0.000000 1.000000 
-33.269333 161.412750 -17.488541 -8.078171 4.780419 0.000000 1.000000 
-36.600666 199.261841 -19.671003 0.180183 6.592583 0.000000 1.000000 
55.506645 -53.082047 22.233906 15.912560 26.660027 0.000000 1.000000 
24.696365 -79.803444 35.202950 1.251266 18.591232 0.000000 1.000000 
118.240524 10.963310 27.453529 12.173470 18.330097 0.000000 1.000000 
132.864761 -13.925686 40.427395 10.171989 15.756783 0.000000 1.000000 
49.757214 -127.858940 47.036465 14.369911 17.751844 0.000000 1.000000 
186.200241 62.217403 21.668398 23.929283 17.356916 0.000000 1.000000 
-26.004726 58.013012 19.629555 -13.728691 11.161243 0.000000 1.000000 
26.618032 59.766453 22.680674 -9.862907 12.376484 1.000000 1.000000 
-31.933519 68.146904 21.039932 0.227524 20.182869 0.000000 1.000000 
-22.221350 74.360756 18.828907 -16.252205 9.162903 0.000000 1.000000 
-30.746607 79.982658 30.816359 -5.953766 15.367916 0.000000 1.000000 
42.064705 77.847610 26.961149 -1.760704 15.060795 0.000000 1.000000 
-33.787163 84.695984 36.567139 -8.808220 12.416843 1.000000 1.000000 
-37.676296 83.523529 33.830009 -7.469345 10.383404 0.000000 1.000000 
-31.747829 99.596497 43.079536 -12.558090 7.417748 0.000000 1.000000 
19.219177 110.013680 29.214228 -12.175987 8.014011 0.000000 1.000000 
-38.562954 106.157669 46.693344 -9.596725 8.613361 0.000000 1.000000 
51.731243 103.797005 35.054165 -5.157906 7.460167 0.000000 1.000000 
42.087803 110.878204 15.811827 -5.222328 7.122872 1.000000 1.000000 
10.771432 118.683632 34.484627 -15.893126 6.574917 0.000000 1.000000 
-41.871765 113.513260 36.359196 -9.520546 6.888123 0.000000 1.000000 
-23.468714 131.754578 55.536419 -9.434830 4.287560 1.000000 1.000000 
66.332306 127.268822 59.839607 -5.729874 5.576161 0.000000 1.000000 
44.192940 138.952423 40.179092 -7.664482 3.641114 0.000000 1.000000 
-26.859617 147.728851 44.890862 -8.964844 8.224037 0.000000 1.000000 
-25.400652 166.490082 52.054802 -7.097366 4.250901 0.000000 1.000000 
177.207870 62.548363 20.009220 19.192055 8.266621 0.000000 1.000000 
13.401842 -57.997993 18.476166 -1.888336 16.924759 0.000000 1.000000 
-3.067178 -20.230339 -4.292160 -1.528656 34.830723 0.000000 1.000000 
26.378275 9.181390 -4.928103 -0.042915 29.993607 0.000000 1.000000 
27.029125 8.013649 -3.449486 3.737732 28.953287 0.000000 1.000000 
28.979605 7.713683 -5.636187 2.165245 28.325325 0.000000 1.000000 
57.064842 5.581409 13.717731 13.369942 29.430111 0.000000 1.000000 
113.838913 -10.463634 21.169230 12.511169 18.594833 0.000000 1.000000 
113.958153 -9.668679 21.823034 13.165543 19.038227 0.000000 1.000000 
-3.105501 30.003609 -5.879546 -23.085175 20.455000 0.000000 1.000000 
-8.011740 30.355930 -11.213668 -16.496605 23.013710 0.000000 1.000000 
1.843557 31.837458 -8.539330 -18.192039 23.468950 0.000000 1.000000 
-16.506590 32.820435 -13.136832 -11.085258 21.294956 0.000000 1.000000 
10.271193 42.318825 -11.350099 -16.145004 16.388083 0.000000 1.000000 
8.105920 45.436527 -11.591178 -16.393082 15.642776 0.000000 1.000000 
15.979215 46.080948 -3.724510 -13.447388 18.546091 0.000000 1.000000 
30.675150 53.965061 -5.040763 -11.875412 9.151020 0.000000 1.000000 
21.212206 61.875763 -4.281848 -13.080254 15.351955 0.000000 1.000000 
26.707655 60.277142 -5.136266 1.003807 20.557478 0.000000 1.000000 
27.101580 60.289421 -5.596091 -7.049446 14.568085 0.000000 1.000000 
26.964342 60.398502 -4.632285 -1.263245 20.033148 0.000000 1.000000 
23.229773 64.656746 -7.721949 -13.494110 11.010220 0.000000 1.000000 
-10.922319 76.052628 -8.630361 -9.736595 16.804325 0.000000 1.000000 
-14.060402 77.711929 -5.566667 -15.224503 10.937908 0.000000 1.000000 
25.002865 74.772942 -8.304556 -12.598503 9.728748 0.000000 1.000000 
-38.133221 73.592758 -9.167648 -1.915413 16.298683 0.000000 1.000000 
-34.305939 83.177361 -8.984500 -8.781212 12.633827 0.000000 1.000000 
30.553221 90.712502 -7.069715 -14.148560 5.479863 0.000000 1.000000 
-14.348598 96.962631 -9.602940 -7.494827 11.510986 0.000000 1.000000 
-57.420361 97.897476 15.823237 -6.634979 6.653756 0.000000 1.000000 
-1.538128 191.823151 -6.685886 1.382248 11.607189 0.000000 1.000000 
-1.248094 191.856812 -6.848193 3.142029 12.093151 0.000000 1.000000 
-5.162421 199.513367 -8.330310 -2.958389 7.984913 0.000000 1.000000 
-2.506150 199.588745 -6.601799 -2.847694 7.991650 0.000000 1.000000 
-0.850641 11.143756 -0.025921 -12.643379 32.607979 0.000000 0.000000 
0.049869 12.109344 -0.033272 -11.950157 37.043430 0.000000 0.000000 
0.101286 12.322197 -0.036121 -11.665672 38.710979 0.000000 0.000000 
-0.508544 12.376978 0.021811 -11.606346 37.510792 1.000000 0.000000 
-3.287776 17.673977 0.557739 -25.024017 14.515118 1.000000 0.000000 
-3.706128 18.519352 0.401238 8.350479 44.144306 0.000000 0.000000 
-3.865925 18.720367 5.019077 8.158647 42.106979 0.000000 0.000000 
-4.876572 20.940041 -0.644730 3.604179 39.962250 0.000000 0.000000 
-4.915065 20.931187 -0.751771 2.296471 37.760567 0.000000 0.000000 
0.218024 22.207289 -0.835448 2.366760 35.301079 1.000000 0.000000 
-5.066761 21.622997 -0.710198 0.958374 36.722454 1.000000 0.000000 
0.086671 22.545090 -0.865876 -3.626236 29.159790 0.000000 0.000000 
-0.104093 22.541801 -0.877342 -13.976669 18.229036 1.000000 0.000000 
0.286662 22.864901 -0.828965 19.489014 50.909859 0.000000 0.000000 
0.254406 22.979523 -0.850467 18.027634 50.158447 0.000000 0.000000 
0.041245 23.257847 -0.706600 -6.810379 27.937881 0.000000 0.000000 
0.079134 23.628946 -0.847213 -10.008018 25.325279 1.000000 0.000000 
2.666443 23.552999 0.594989 -13.497726 29.006395 0.000000 0.000000 
5.662412 23.201986 -0.168647 -15.330153 20.957298 1.000000 0.000000 
5.700963 24.186470 -0.534620 -3.983711 27.947206 1.000000 0.000000 
5.909424 24.561911 0.121664 -9.647943 27.577734 1.000000 0.000000 
5.784673 25.336803 -1.036368 -22.843956 14.857479 1.000000 0.000000 
5.686705 25.809652 -0.780204 -29.606140 8.093941 1.000000 0.000000 
-0.419509 -6.058192 -0.239607 -6.444958 48.199116 0.000000 0.000000 
-0.298024 -6.122682 -0.147913 -9.420671 45.237011 0.000000 0.000000 
0.191511 -6.212109 -0.292371 -2.358917 48.622627 0.000000 0.000000 
0.040706 -6.205950 -0.188806 -6.732983 44.659901 0.000000 0.000000 
0.304353 -6.293540 -0.284451 -5.285461 45.312355 0.000000 0.000000 
-35.125896 0.124483 2.051573 -1.453659 26.584490 0.000000 0.000000 
-35.199135 0.144531 2.275515 -3.002129 25.003511 0.000000 0.000000 
-35.410950 -5.180651 2.643604 -4.485542 24.444450 0.000000 0.000000 
-35.543522 -5.220033 3.120039 -2.247253 27.035654 0.000000 0.000000 
-36.945442 -5.961176 4.052166 -3.582359 22.570593 0.000000 0.000000 
-38.782795 -1.933823 13.133863 1.209770 27.549841 0.000000 0.000000 
-38.553802 -5.830460 5.332716 -1.750671 23.953148 0.000000 0.000000 
-38.899529 -5.987618 7.891781 -4.205406 23.182133 0.000000 0.000000 
-38.954544 -6.261979 -1.815886 -0.129539 26.120609 0.000000 0.000000 
-35.970367 15.976962 7.849247 -4.675194 21.983347 0.000000 0.000000 
-40.426804 0.405878 4.002237 -1.541557 24.926012 0.000000 0.000000 
-40.462105 0.794322 2.600029 -0.868515 24.914682 0.000000 0.000000 
-40.682362 1.486569 2.183916 6.063576 30.194244 0.000000 0.000000 
-40.790924 1.377006 2.220996 5.583466 29.511433 0.000000 0.000000 
-42.597401 3.930871 2.160413 2.374794 26.554708 0.000000 0.000000 
-42.690311 3.362310 2.910949 0.102753 22.887691 0.000000 0.000000 
-38.513264 -20.055927 2.462592 9.495674 31.561775 0.000000 0.000000 
-45.368618 -2.946603 4.696153 -5.057144 20.249327 0.000000 0.000000 
-18.703133 -11.394096 1.832961 3.252274 37.650661 0.000000 0.000000 
-18.844528 -11.254245 1.372452 0.495995 34.399773 0.000000 0.000000 
-19.345175 -11.205500 0.745565 1.166321 33.114765 0.000000 0.000000 
-19.331469 -11.232292 0.918820 -3.950546 31.237823 0.000000 0.000000 
-19.880209 -11.124197 0.954818 0.923256 33.891968 0.000000 0.000000 
-18.358601 -14.239794 -0.714613 15.432991 46.048401 0.000000 0.000000 
-18.448395 -14.275166 -0.836711 13.409805 45.342449 0.000000 0.000000 
-18.733870 -14.310804 -1.114718 0.387421 33.272026 0.000000 0.000000 
-18.482109 -14.643921 -0.386302 -1.093178 33.038536 0.000000 0.000000 
-23.343060 -9.193202 -1.383131 -6.328743 25.565472 0.000000 0.000000 
-23.463703 -8.994116 -0.620087 -5.120346 24.977295 0.000000 0.000000 
-23.872616 -14.148235 2.084729 -9.966423 21.897524 0.000000 0.000000 
-26.610031 -9.963933 4.450521 -0.379738 28.179924 0.000000 0.000000 
-20.180300 -24.602951 1.108370 -2.011040 27.818119 0.000000 0.000000 
-20.952145 -24.012775 1.856384 -1.119469 28.762539 0.000000 0.000000 
-22.308943 -23.953159 1.250485 -0.198563 27.871872 0.000000 0.000000 
-20.970654 -28.441582 1.194016 -2.113426 24.031031 0.000000 0.000000 
-19.969296 -30.662086 0.441823 -2.621979 22.708935 0.000000 0.000000 
-20.299440 -32.568634 -0.314770 -0.318954 25.834961 0.000000 0.000000 
-20.309536 -32.599228 0.811405 2.637413 26.371998 0.000000 0.000000 
-14.562953 -52.194290 1.642183 -2.567505 16.218830 1.000000 0.000000 
-11.581861 -54.372910 1.135707 -3.128075 15.548706 1.000000 0.000000 
-12.057794 -54.612743 1.755423 6.414794 24.124887 1.000000 0.000000 
-12.308761 -54.714912 1.511765 2.725410 21.236526 1.000000 0.000000 
-12.195274 -55.047813 1.806512 0.638580 17.635572 1.000000 0.000000 
-11.973319 -55.453934 3.311474 -0.075706 17.737812 1.000000 0.000000 
-12.119199 -55.492943 1.341064 -3.384674 15.860531 1.000000 0.000000 
-12.207152 -55.918915 1.662906 1.902328 18.281700 1.000000 0.000000 
-20.725037 -54.496536 1.694328 0.319740 17.740509 0.000000 0.000000 
-21.036814 -56.826775 2.897339 0.524841 17.283415 0.000000 0.000000 
-12.302118 -60.439369 1.928120 2.481659 18.101561 1.000000 0.000000 
-11.406830 -60.999886 2.807223 2.238960 18.936146 1.000000 0.000000 
-12.277759 -60.927273 2.239767 1.640701 18.592291 1.000000 0.000000 
-11.795679 -61.208397 1.211135 4.551322 21.382236 1.000000 0.000000 
-12.687945 -61.196072 -0.168016 0.967163 16.867489 1.000000 0.000000 
-14.498900 -61.628498 2.431346 16.462753 31.663988 1.000000 0.000000 
-14.821097 -61.871544 1.658617 15.934029 30.043594 1.000000 0.000000 
-14.389321 -62.049820 2.111493 17.650909 31.367680 1.000000 0.000000 
-6.809419 -6.465407 -0.177888 -11.439201 36.518738 0.000000 0.000000 
-6.873893 -6.526441 0.174919 -11.220444 36.759544 0.000000 0.000000 
-6.389486 -9.468128 4.535358 -12.012527 31.490126 0.000000 0.000000 
-6.362172 -10.608627 -0.052984 -12.620483 32.276993 0.000000 0.000000 
-6.655299 -10.710416 -0.323839 -12.507881 30.160107 0.000000 0.000000 
-6.904608 -10.838445 0.244639 -12.193626 34.206261 0.000000 0.000000 
-6.811937 -11.089197 0.139279 -10.864265 33.157200 0.000000 0.000000 
-6.670914 -11.252724 0.600211 -10.752899 30.489140 0.000000 0.000000 
-6.419360 -11.788621 2.678299 -10.682907 31.504267 0.000000 0.000000 
-6.659245 -11.708849 -0.067157 -11.061150 29.733540 0.000000 0.000000 
-6.596822 -11.866961 0.016477 -12.385002 30.409103 0.000000 0.000000 
-6.699136 -12.044574 0.092185 -11.053703 28.889847 0.000000 0.000000 
-6.509906 -12.232504 -0.407999 -17.921776 25.761995 0.000000 0.000000 
-6.395461 -12.297157 -2.234405 -11.301788 31.181458 0.000000 0.000000 
-6.452977 -12.426500 -2.166612 -10.636703 32.292313 0.000000 0.000000 
-6.307454 -12.754565 -0.002613 -11.788589 32.206409 0.000000 0.000000 
-6.293332 -12.767561 -0.091875 -4.542191 36.694260 0.000000 0.000000 
-6.489903 -12.935070 0.566090 -7.118927 34.568626 0.000000 0.000000 
-6.571906 -13.041140 0.705108 -10.924599 29.679033 0.000000 0.000000 
-6.941662 -12.916658 0.808376 -13.197632 25.514835 0.000000 0.000000 
-7.330867 -13.001006 2.265127 -18.535027 27.029793 0.000000 0.000000 
-5.950297 -13.706532 -4.263280 -16.682770 26.461077 0.000000 0.000000 
-5.993450 -13.709045 -3.898763 -14.213593 27.880060 0.000000 0.000000 
-6.649886 -13.893266 -0.574770 -12.284378 27.175049 0.000000 0.000000 
-6.648007 -13.948734 -0.589300 -11.735123 26.951000 0.000000 0.000000 
-6.607330 -14.079636 -1.000144 -16.493851 23.928473 0.000000 0.000000 
-6.659194 -14.143520 -0.440318 -13.978882 26.789263 0.000000 0.000000 
-6.862411 -14.481756 -0.103883 -23.851692 21.011051 0.000000 0.000000 
-6.398980 -14.985207 0.416385 -9.986626 26.820854 0.000000 0.000000 
-6.403367 -15.024477 0.065899 -7.592064 29.149408 0.000000 0.000000 
-5.917542 -15.472396 0.320506 -17.530655 25.866735 0.000000 0.000000 
-6.369769 -15.417181 0.502702 -8.887535 29.973337 0.000000 0.000000 
-6.487474 -15.487183 0.141715 -9.447830 30.516811 0.000000 0.000000 
-6.844426 -15.650075 0.971164 -10.929878 28.983730 0.000000 0.000000 
-6.777744 -15.693485 1.030514 -10.572281 30.340164 0.000000 0.000000 
-6.146204 -16.156759 0.551603 -6.404579 29.610174 0.000000 0.000000 
-6.284130 -16.321308 -4.261035 -5.345108 29.595566 0.000000 0.000000 
-6.379984 -16.287033 1.513089 -7.356033 28.159206 0.000000 0.000000 
-6.495553 -16.683119 -0.155641 -9.041023 25.497322 0.000000 0.000000 
-6.493574 -16.730076 -0.464263 -10.551003 25.736818 0.000000 0.000000 
-6.318211 -17.071434 -3.223338 -15.833571 21.942112 0.000000 0.000000 
-6.479382 -17.137321 -4.056532 -11.170715 23.820818 0.000000 0.000000 
-6.534287 -17.217758 0.049352 -9.917000 25.528067 0.000000 0.000000 
-6.866767 -18.618118 3.338876 -8.694054 29.343302 0.000000 0.000000 
-6.208597 -18.951210 -0.066541 -4.984520 30.982914 0.000000 0.000000 
-6.476912 -18.971676 -0.433707 -6.301468 31.529657 0.000000 0.000000 
-6.158978 -19.202888 -1.288791 -10.473877 24.430374 0.000000 0.000000 
-6.138130 -19.326431 -0.871987 -15.598685 26.425484 0.000000 0.000000 
-6.526520 -20.108238 -0.181003 -12.696297 23.117878 0.000000 0.000000 
-5.883086 -20.667091 -1.726383 -6.608078 26.634766 0.000000 0.000000 
-6.089656 -24.895344 -3.358712 -10.150894 26.332418 0.000000 0.000000 
-6.296449 -26.782024 -0.313800 -7.957733 23.622711 0.000000 0.000000 
-6.659803 -28.192127 1.032755 -4.423645 24.694942 0.000000 0.000000 
-6.075829 -32.554790 -1.177610 -3.632629 25.089222 0.000000 0.000000 
-5.880145 -44.169720 -0.884269 -1.400627 22.630768 0.000000 0.000000 
-6.648309 -52.189449 -0.807247 -2.371971 17.733025 0.000000 0.000000 
-6.013179 -52.384514 1.244203 -0.450241 19.674019 0.000000 0.000000 
-6.584631 -55.116909 -0.417590 5.043312 23.971809 0.000000 0.000000 
-6.846693 -55.150986 -0.539679 3.488029 22.725857 0.000000 0.000000 
-6.700491 -61.288162 -0.166367 3.107285 21.180759 0.000000 0.000000 
-6.537057 -13.598684 0.530270 -4.523003 29.910160 0.000000 0.000000 
-6.745264 -13.509659 1.119693 -4.810921 27.945860 0.000000 0.000000 
-6.373061 -13.882715 -0.515856 -4.756920 28.917933 0.000000 0.000000 
-6.053887 -14.094870 -0.508303 -10.282289 26.990421 0.000000 0.000000 
-6.700650 -14.742051 -0.806167 -2.681808 31.273460 0.000000 0.000000 
-6.974136 -14.896494 -1.419923 -6.249168 29.122784 0.000000 0.000000 
-5.654528 -15.576713 -3.287473 -6.667221 29.399132 0.000000 0.000000 
-5.887930 -17.202335 -3.303167 -12.503067 24.292797 0.000000 0.000000 
-6.360827 -17.025513 -0.649931 -3.791008 30.291769 0.000000 0.000000 
-6.259579 -17.113270 -0.271561 -5.939903 27.602486 0.000000 0.000000 
-6.508514 -17.020554 -1.781273 -5.047043 27.719229 0.000000 0.000000 
-6.513408 -17.215942 -0.778157 -10.013260 25.430319 0.000000 0.000000 
-5.645863 -18.254192 -6.522627 -8.639084 25.710299 0.000000 0.000000 
-8.226264 -17.432018 5.069851 -11.135216 22.509325 0.000000 0.000000 
-7.460250 -18.288445 0.809539 -3.599586 29.102087 0.000000 0.000000 
-6.536220 -19.980965 -0.244215 -3.832581 29.553257 0.000000 0.000000 
-6.873698 -21.601059 -0.436064 -1.379745 30.438032 0.000000 0.000000 
-6.745360 -21.760258 -0.803581 -4.001877 29.060080 0.000000 0.000000 
-7.260520 -24.441719 0.874454 1.117393 31.760128 0.000000 0.000000 
7.243271 -15.533092 3.105527 -7.564354 27.550993 0.000000 0.000000 
7.588475 -15.477201 2.740753 -9.244049 25.805443 0.000000 0.000000 
8.058588 -24.412586 0.232559 -6.967567 23.198673 0.000000 0.000000 
8.287736 -27.554443 -0.007838 -4.380043 25.731625 0.000000 0.000000 
7.869943 -27.856869 -3.218244 -6.038925 24.767076 0.000000 0.000000 
10.225999 -39.635048 0.986665 -0.254387 23.914337 0.000000 0.000000 
10.470643 -39.828285 -0.831829 -0.382759 23.415413 0.000000 0.000000 
3.239429 -41.728355 10.279317 0.761139 24.195616 0.000000 0.000000 
11.046215 -40.438965 0.969395 -0.963478 23.197796 0.000000 0.000000 
8.990415 -41.181725 -1.111937 1.310074 25.509026 0.000000 0.000000 
8.949547 -41.243523 -1.538743 1.722359 26.366344 0.000000 0.000000 
7.306338 -8.501285 -1.524751 6.815650 47.287636 0.000000 0.000000 
8.549153 -10.424354 0.236315 -7.263954 31.440838 0.000000 0.000000 
9.746294 -10.081680 -2.528638 -13.688721 27.854584 0.000000 0.000000 
7.670829 -21.018608 6.213452 0.784294 34.203686 0.000000 0.000000 
8.825242 -26.729107 -4.644933 0.096718 28.970436 0.000000 0.000000 
9.810148 -27.663685 -1.699270 -0.557014 28.452732 0.000000 0.000000 
7.540935 -34.176777 0.629795 2.525223 29.089886 0.000000 0.000000 
7.356969 -34.269939 -0.146738 2.982491 28.838814 0.000000 0.000000 
6.989760 -35.183731 -0.421715 -0.081673 29.150066 0.000000 0.000000 
7.303110 -35.185516 0.153350 0.156746 29.597210 0.000000 0.000000 
6.873383 -36.451149 -1.599039 -4.378754 24.188635 0.000000 0.000000 
6.519180 -36.538639 -0.963854 -1.008171 23.543938 0.000000 0.000000 
10.249947 -38.928688 3.113800 -3.842064 22.692791 0.000000 0.000000 
9.540106 -40.105007 0.017455 2.999779 25.821560 0.000000 0.000000 
10.183922 -40.368946 3.436764 1.502426 24.908192 0.000000 0.000000 
9.724242 -40.479511 3.155218 2.999635 26.534294 0.000000 0.000000 
10.728042 -54.890175 4.095204 12.421204 33.666969 0.000000 0.000000 
10.614856 -55.776394 2.797763 -4.317238 17.162661 0.000000 0.000000 
5.485300 -67.983200 1.089863 5.595024 19.497948 0.000000 0.000000 
5.696404 -68.055473 -0.143644 3.295471 17.490200 0.000000 0.000000 
4.677126 -68.951546 2.614973 2.992889 18.960096 0.000000 0.000000 
7.777419 -69.588165 -0.454142 2.024078 16.724974 0.000000 0.000000 
17.259232 -40.084663 5.012101 0.956062 23.243010 0.000000 0.000000 
18.010328 -9.722020 5.515792 -2.307106 31.463524 0.000000 0.000000 
20.728659 0.887946 0.124217 -1.359169 33.012535 0.000000 0.000000 
22.632307 -10.920834 -1.979717 -0.743111 29.766602 0.000000 0.000000 
22.627337 -11.054836 -1.976849 -0.885460 29.410900 0.000000 0.000000 
27.582405 0.025095 0.119388 5.970352 36.974083 0.000000 0.000000 
27.594526 0.148475 0.259162 2.931915 33.024769 0.000000 0.000000 
38.629208 0.052233 -1.323332 -1.708252 23.773315 0.000000 0.000000 
38.815926 -0.900505 0.123076 10.319374 34.358059 0.000000 0.000000 
38.869392 -0.875510 0.093081 10.198067 34.732563 0.000000 0.000000 
40.214790 -1.314679 -3.393525 -5.535347 20.614349 0.000000 0.000000 
41.671497 -0.262124 2.403308 10.550415 34.949615 0.000000 0.000000 
41.676739 -0.514507 2.174070 12.410713 34.601730 0.000000 0.000000 
34.450214 8.840149 -1.310477 15.707489 37.464958 0.000000 0.000000 
34.588150 8.744344 -1.371825 15.059792 36.071285 0.000000 0.000000 
41.878235 15.421626 -1.677134 0.911301 21.989323 0.000000 0.000000 
41.603191 16.607834 -2.447863 -3.396416 20.303928 0.000000 0.000000 
42.825558 18.483494 -4.163273 -1.473122 18.788107 0.000000 0.000000 
46.580009 16.826481 1.622548 15.183388 32.782684 0.000000 0.000000 
46.676723 16.645950 1.584765 13.654541 31.482563 0.000000 0.000000 
49.688156 17.193188 1.283115 4.512435 21.198378 0.000000 0.000000 
21.190996 -2.939268 -1.873396 -6.321236 28.517464 0.000000 0.000000 
23.491425 -11.789936 -2.254342 -5.668686 24.461262 0.000000 0.000000 
22.481335 -18.433598 7.479080 -3.090736 24.510944 0.000000 0.000000 
23.078339 -20.791176 -1.607285 -5.557442 24.366417 0.000000 0.000000 
23.616875 -21.542900 0.843779 4.618354 30.781528 0.000000 0.000000 
23.640059 -21.627102 0.659338 6.001617 32.658649 0.000000 0.000000 
17.018110 8.535384 0.340581 9.827629 39.015499 0.000000 0.000000 
17.043556 8.701518 0.370374 10.082336 39.067272 0.000000 0.000000 
18.556540 8.393003 -0.595937 1.993660 36.316788 0.000000 0.000000 
18.259392 9.941201 0.059021 9.472733 42.646656 0.000000 0.000000 
18.528706 9.818224 -0.175475 8.112877 41.549385 0.000000 0.000000 
22.025434 9.328305 0.491386 6.931702 39.322643 0.000000 0.000000 
21.953093 9.716346 0.357231 4.899024 37.042347 0.000000 0.000000 
26.300579 9.011382 0.191252 12.958069 37.736443 0.000000 0.000000 
26.459574 8.875253 0.072985 11.523109 36.755314 0.000000 0.000000 
28.608395 8.585456 -0.323355 14.147278 37.438602 0.000000 0.000000 
28.580286 8.717971 -0.378041 16.918625 39.866959 0.000000 0.000000 
28.962231 11.066184 0.049178 -0.040321 28.334110 0.000000 0.000000 
30.527651 8.043576 0.389554 9.515060 32.268349 0.000000 0.000000 
30.462744 8.259235 0.150450 9.634903 33.049294 0.000000 0.000000 
31.069254 7.571748 8.630021 -3.119957 23.584572 0.000000 0.000000 
31.215454 7.080237 9.413648 -1.377335 26.025373 0.000000 0.000000 
32.376720 9.014769 -0.734955 16.947296 37.324032 0.000000 0.000000 
32.309399 9.235962 -0.702463 17.237007 39.326218 0.000000 0.000000 
32.381500 9.183021 -0.651619 20.534950 43.055618 0.000000 0.000000 
38.622982 7.729965 -1.020017 6.255028 28.009575 0.000000 0.000000 
38.671318 7.678569 -1.212537 9.208214 29.968527 0.000000 0.000000 
42.631626 8.749389 -1.404623 16.943764 35.644070 0.000000 0.000000 
42.685795 8.704518 -1.327464 15.806702 34.227089 0.000000 0.000000 
41.898487 13.283558 10.299522 -1.660622 20.038492 0.000000 0.000000 
44.340717 9.896816 0.010516 8.189110 27.102436 0.000000 0.000000 
44.500828 14.060710 10.299464 0.333954 20.583282 0.000000 0.000000 
47.574154 15.237727 -1.687100 6.481941 25.873423 0.000000 0.000000 
15.437234 30.871922 0.755745 -3.180756 29.657749 0.000000 0.000000 
24.361696 39.603500 2.536102 -5.919777 18.758284 0.000000 0.000000 
29.181309 51.350582 3.995026 -8.212242 15.061535 0.000000 0.000000 
-22.490416 79.118248 5.868913 -8.192635 14.664505 0.000000 0.000000 
-21.981092 79.281975 5.665482 -12.153114 13.092857 0.000000 0.000000 
-22.047445 79.347214 5.403841 -6.903191 16.842941 0.000000 0.000000 
2.554590 -6.887291 0.333056 -7.720055 43.948177 0.000000 0.000000 
2.621336 -7.639221 -0.231100 -2.424797 42.762257 0.000000 0.000000 
2.699712 -7.617842 -0.212933 -0.426338 45.465836 0.000000 0.000000 
2.347000 -8.100399 0.102969 -3.472473 42.911114 0.000000 0.000000 
2.718147 -8.110623 0.179721 -4.595840 43.764896 0.000000 0.000000 
2.346281 -0.967199 0.034845 -13.777206 52.166290 0.000000 0.000000 
2.493446 -0.974814 0.034801 -13.580692 55.631237 0.000000 0.000000 
2.413908 -2.020113 0.036390 -24.573235 35.119846 0.000000 0.000000 
2.443192 -2.074652 0.007398 -27.063927 40.928288 0.000000 0.000000 
2.419112 -2.501971 0.138206 -23.724072 41.577015 0.000000 0.000000 
2.462960 -2.597100 0.054684 -22.307293 42.112869 0.000000 0.000000 
2.401736 -2.856257 -0.026216 -19.884895 43.774052 0.000000 0.000000 
2.405630 -3.124573 -0.098584 -28.539085 38.762856 0.000000 0.000000 
2.452744 -3.534744 0.082262 -14.327560 46.104218 0.000000 0.000000 
2.482458 -3.514898 0.107855 -13.372169 46.222832 0.000000 0.000000 
2.515074 -3.613828 0.075731 -9.850864 48.973576 0.000000 0.000000 
2.434519 -3.955335 0.032750 -19.127171 42.356152 0.000000 0.000000 
2.452383 -4.140029 0.030541 -14.992340 43.256321 0.000000 0.000000 
2.472398 -4.186704 0.054192 -15.279635 43.840782 0.000000 0.000000 
2.433376 -4.471746 -0.076598 -17.899887 40.167786 0.000000 0.000000 
2.455957 -4.547596 -0.082579 -21.002529 40.848080 0.000000 0.000000 
2.467894 -4.602336 -0.071419 -20.081524 40.128807 0.000000 0.000000 
2.476466 -4.733392 -0.047188 -19.429874 35.811924 0.000000 0.000000 
2.453623 -5.061181 0.078660 -9.636940 43.866459 0.000000 0.000000 
2.474673 -5.157318 0.064559 -11.502026 42.949554 0.000000 0.000000 
2.403969 -5.338128 -0.159196 -12.214001 40.989960 0.000000 0.000000 
2.449268 -5.499222 0.003980 -1.681847 46.295807 0.000000 0.000000 
2.446020 -5.502179 0.034910 0.760330 54.732994 0.000000 0.000000 
2.433496 -5.508264 0.013802 -1.858871 45.623451 0.000000 0.000000 
2.470661 -6.251691 0.071324 -9.111969 42.315086 0.000000 0.000000 
2.483613 -6.359129 0.035741 -6.078903 44.707012 0.000000 0.000000 
2.481632 -6.470068 -0.127742 -7.636379 44.225601 0.000000 0.000000 
2.473660 -6.746387 0.055274 -6.935307 44.255783 0.000000 0.000000 
2.471896 -6.794553 -0.031373 -6.288078 43.070183 0.000000 0.000000 
2.415385 -7.060259 -0.126765 -8.992649 44.706627 0.000000 0.000000 
2.433424 -7.229644 -0.082648 -2.604973 45.267086 0.000000 0.000000 
2.436650 -7.231786 0.027452 -4.127556 43.981163 0.000000 0.000000 
2.286924 -7.532553 0.147972 -7.632034 39.186207 0.000000 0.000000 
2.360154 -7.516020 0.065225 -9.875072 39.503742 0.000000 0.000000 
2.384102 -7.658176 0.078119 -7.418861 39.527412 0.000000 0.000000 
2.307198 -7.927495 0.101532 -4.077072 40.768463 0.000000 0.000000 
2.277163 -8.232133 -0.190948 -10.236565 41.004265 0.000000 0.000000 
2.419147 -8.423479 0.164794 -8.653131 37.638062 0.000000 0.000000 
2.460265 -8.462343 -1.636330 -10.676315 33.184601 0.000000 0.000000 
2.281241 4.772919 -0.003786 -28.423023 25.730448 0.000000 0.000000 
2.413642 4.823761 -0.023714 -27.613533 28.564243 0.000000 0.000000 
2.477307 5.394360 -0.091479 -38.139465 21.467155 0.000000 0.000000 
2.307154 5.975158 -0.079530 -42.013119 18.736900 0.000000 0.000000 
2.291860 6.959621 0.037508 -10.947273 45.458260 0.000000 0.000000 
2.319553 6.984586 0.041561 -11.270775 46.492897 0.000000 0.000000 
2.384914 7.449885 -0.080158 -26.834576 31.845329 0.000000 0.000000 
2.292345 7.628709 -0.074732 -30.939842 28.749977 0.000000 0.000000 
2.288726 7.908275 -0.037669 -21.270683 34.713314 0.000000 0.000000 
2.373513 7.974504 -0.030587 -21.948925 36.751282 0.000000 0.000000 
2.413320 8.407722 -0.019043 -24.731335 29.096512 0.000000 0.000000 
2.269306 8.592048 -0.145038 -37.567581 23.255489 0.000000 0.000000 
2.268660 8.954203 0.017786 -8.496346 42.747044 0.000000 0.000000 
2.302305 9.001097 0.021669 -6.635883 42.486958 0.000000 0.000000 
2.329717 9.752045 -0.099246 -22.632122 24.952335 0.000000 0.000000 
2.291560 12.328329 0.389430 -16.130234 33.044914 0.000000 0.000000 
2.241470 -8.634825 -0.043922 -21.608231 23.946848 1.000000 1.000000 
-6.014459 -1.066273 -0.561385 -0.162003 51.104057 0.000000 0.000000 
-6.017408 -1.024384 -0.597931 5.001213 55.854004 0.000000 0.000000 
-6.069471 -1.029376 -0.613503 7.153263 59.724026 0.000000 0.000000 
-6.829140 0.007076 0.124610 1.125656 49.858177 0.000000 0.000000 
-6.940107 0.008290 0.172046 5.952332 56.943531 0.000000 0.000000 
2.431726 -8.934936 -0.043645 -2.493820 40.755199 0.000000 0.000000 
2.474428 -8.965189 -0.075169 -1.954376 42.854992 0.000000 0.000000 
2.306804 -9.268307 0.061365 -5.313019 38.247303 0.000000 0.000000 
2.440881 -9.465453 0.185265 0.701920 42.011448 0.000000 0.000000 
2.416809 -9.510007 0.133728 3.626915 47.514915 0.000000 0.000000 
2.252771 -10.125030 -0.171483 -7.804245 37.183342 0.000000 0.000000 
2.424191 -10.245438 -0.130123 -5.073235 40.162407 0.000000 0.000000 
2.449832 -10.237109 -0.159852 -4.023308 40.496754 0.000000 0.000000 
2.264773 -10.541914 -0.141811 -2.104919 41.134411 0.000000 0.000000 
2.242645 -10.551329 -0.186920 -5.569916 35.715748 0.000000 0.000000 
1.989968 -10.835827 -0.534219 -3.992004 37.411385 0.000000 0.000000 
2.137743 -10.867734 -0.383383 -3.432785 38.411083 0.000000 0.000000 
2.123757 -10.919504 -0.411220 -7.497490 35.135391 0.000000 0.000000 
2.365572 -11.002019 -0.043028 -6.666183 36.924023 0.000000 0.000000 
2.317799 -11.132108 -0.108538 -8.652847 34.480568 0.000000 0.000000 
-18.254971 -2.013539 -0.505079 3.224403 44.042030 0.000000 0.000000 
-18.217617 -2.778821 0.061888 3.909782 41.649391 0.000000 0.000000 
-18.406075 -2.585998 -0.203641 3.207405 40.687347 0.000000 0.000000 
-18.679672 -2.108585 -0.271110 6.933472 45.448784 0.000000 0.000000 
-18.679859 -2.125933 -0.311615 7.483330 45.744263 0.000000 0.000000 
-19.110209 -2.661140 6.450089 -11.864311 29.424189 0.000000 0.000000 
-20.360596 -0.845859 -1.100244 4.647544 41.905140 0.000000 0.000000 
-20.360785 -0.873214 -0.998258 3.772964 40.023224 0.000000 0.000000 
-21.699379 3.952722 1.798069 -8.805832 24.082783 1.000000 1.000000 
-10.282000 -22.024300 0.644243 -10.302170 26.221497 0.000000 0.000000 
-23.052959 6.048117 1.909833 -1.268944 31.193571 0.000000 0.000000 
-9.745593 -23.307091 5.208135 -11.280609 22.220804 0.000000 0.000000 
-26.416508 -2.504189 -3.192342 -14.533524 22.891464 0.000000 0.000000 
-10.386700 -26.359806 5.433345 -9.166595 24.266260 0.000000 1.000000 
-6.221144 -27.749485 9.780223 -1.512344 27.558527 0.000000 0.000000 
-22.820143 -18.688507 -7.922389 -6.878738 24.416838 0.000000 1.000000 
-28.859076 4.675210 -6.751263 -2.812370 27.325275 0.000000 1.000000 
-28.948044 -7.788286 -6.535702 -8.749330 23.065933 0.000000 0.000000 
-29.820127 -1.199823 3.111552 -7.699699 26.011261 0.000000 0.000000 
13.936876 -27.036541 -0.328738 1.595955 27.449358 0.000000 0.000000 
12.188357 -27.996712 -0.961776 -1.805916 27.596394 0.000000 0.000000 
14.712619 -27.724476 0.605045 1.205620 28.724642 0.000000 0.000000 
13.032892 -28.887920 0.326675 2.939445 30.032320 0.000000 0.000000 
12.537997 -29.129070 -0.744504 1.254921 27.765924 0.000000 0.000000 
13.709259 -28.806160 0.765011 -1.698830 26.798933 0.000000 0.000000 
-30.427155 9.865374 -2.202821 -7.003265 24.243046 0.000000 1.000000 
13.613523 -40.307796 0.772106 -2.454559 21.988739 0.000000 0.000000 
-45.599541 -3.144665 3.745525 -3.012535 21.667561 0.000000 0.000000 
-47.650932 -4.194172 3.804876 0.451225 23.150810 0.000000 0.000000 
24.457245 -42.984238 0.218531 4.620803 21.058481 0.000000 0.000000 
26.394472 -47.490761 2.102144 3.495804 19.044683 0.000000 0.000000 
26.551184 -47.671604 13.702994 0.928528 17.730207 0.000000 0.000000 
-14.142220 -71.010300 2.034429 2.256516 15.165184 1.000000 0.000000 
-14.263943 -71.308289 2.677615 3.108727 16.210882 1.000000 0.000000 
-89.891342 -57.517982 9.975428 8.680252 15.196690 0.000000 0.000000 
-106.909653 -3.062294 5.250209 9.206819 17.617800 0.000000 0.000000 
-107.017616 -3.128549 6.474146 11.452072 21.509109 0.000000 0.000000 
-107.278168 -1.004747 4.312965 15.319618 23.841675 0.000000 0.000000 
-107.287468 -1.430183 6.221149 15.647263 22.878025 0.000000 0.000000 
-107.401291 -5.626355 4.793351 7.354759 19.855713 0.000000 0.000000 
-107.448067 -6.802559 4.745565 7.777138 18.249870 0.000000 0.000000 
-107.355530 -9.279222 5.224457 9.095604 17.678417 0.000000 0.000000 
-107.458618 -8.428360 3.769076 8.765306 18.191597 0.000000 0.000000 
-115.468689 -2.451147 6.581446 11.836525 19.392395 0.000000 0.000000 
-115.474007 -2.121559 4.173676 9.267404 17.218166 0.000000 0.000000 
62.899551 -99.280693 5.434688 17.204765 18.094727 0.000000 0.000000 
54.270359 -104.382233 6.283925 17.039307 19.708479 0.000000 0.000000 
55.074692 -104.040077 5.485904 20.236305 22.271841 0.000000 0.000000 
56.005581 -103.643250 2.949399 15.505821 18.507879 0.000000 0.000000 
65.970161 -108.158211 8.458032 22.177483 21.183956 0.000000 0.000000 
67.210785 -107.382011 10.661222 18.711548 17.079697 0.000000 0.000000 
59.805351 -147.847870 7.449986 19.484245 18.396816 0.000000 0.000000 
7.184018 -5.248733 -0.047919 3.410591 47.725670 0.000000 0.000000 
7.285851 -5.358117 -0.108820 5.024330 50.306618 0.000000 0.000000 
2.298500 -8.751050 0.041388 -1.925812 43.752373 0.000000 0.000000 
2.254683 -8.956064 -0.001910 4.852233 46.274986 0.000000 0.000000 
2.243162 -8.959675 -0.024652 3.244507 47.336010 0.000000 0.000000 
8.553230 -3.971552 -1.343484 -3.831001 36.686184 0.000000 0.000000 
8.711595 -3.980938 -0.912661 0.030151 40.748295 0.000000 0.000000 
2.145547 -9.425965 -0.116620 -1.497162 42.743095 0.000000 0.000000 
2.166231 -9.481881 0.012875 -5.085457 40.553940 0.000000 0.000000 
2.177311 -9.687078 -0.208992 -3.132675 38.687866 0.000000 0.000000 
2.155173 -9.801079 -0.383637 -4.019089 37.909351 0.000000 0.000000 
2.180891 -9.954904 -0.215620 -3.710464 40.445179 0.000000 0.000000 
2.325296 -10.116483 -0.232093 -2.464233 39.276379 0.000000 0.000000 
2.246555 -10.216843 0.333020 -2.404617 40.323273 0.000000 0.000000 
2.216701 -10.365465 0.120486 -3.974854 39.307522 0.000000 0.000000 
2.250788 -10.598823 -0.060881 -1.110794 41.977558 0.000000 0.000000 
2.280675 -10.614464 0.027613 -1.855911 40.337948 0.000000 0.000000 
2.229021 -11.044623 -0.267345 1.082008 44.249809 0.000000 0.000000 
2.146308 -11.111321 -0.231507 1.745117 43.062057 0.000000 0.000000 
2.148620 -11.596133 0.356352 -5.311081 38.464794 0.000000 0.000000 
2.053205 -11.847612 0.169592 -1.767738 40.722729 0.000000 0.000000 
11.938499 -3.171994 -0.025423 9.080383 48.650837 0.000000 0.000000 
11.940493 -3.167587 0.124438 7.757041 45.931541 0.000000 0.000000 
12.375237 -3.065231 -3.267753 -7.412041 35.458084 1.000000 1.000000 
2.596553 -12.949442 5.204072 -13.143166 29.965631 0.000000 0.000000 
10.560287 -9.536613 -5.486778 -9.371658 31.838877 0.000000 1.000000 
13.904737 -2.793509 0.604408 1.692276 41.304512 0.000000 0.000000 
14.043751 -2.796494 0.713047 -1.471703 36.915081 0.000000 0.000000 
13.193807 -6.757041 -0.626187 -9.970566 32.248966 0.000000 0.000000 
12.997382 -7.192807 2.617814 -9.232414 31.998360 0.000000 0.000000 
15.851315 -0.885866 -0.317965 1.191246 39.304317 0.000000 0.000000 
15.900113 -0.851081 -0.525392 -1.213554 37.302540 0.000000 0.000000 
15.127705 -8.152113 3.211033 -10.795280 28.363533 0.000000 0.000000 
17.047403 0.412171 -0.731325 8.230003 44.123650 0.000000 0.000000 
17.164034 0.400597 -0.735760 5.505950 42.647980 0.000000 0.000000 
-7.790510 -18.214931 1.218682 -2.544662 29.439709 0.000000 0.000000 
-7.445579 -21.874836 -2.618510 -5.658691 29.694300 0.000000 0.000000 
11.126725 -21.370079 8.848648 -3.479019 27.354643 0.000000 0.000000 
14.870090 -21.986328 1.874284 -3.282867 27.606129 0.000000 1.000000 
24.690968 -15.186624 1.516231 -0.333176 27.448441 0.000000 0.000000 
26.794312 -15.575110 -0.361689 -4.278259 25.378361 0.000000 0.000000 
32.581638 1.358637 1.420581 13.218140 39.518105 0.000000 0.000000 
32.696804 1.235559 1.087932 13.214233 41.230316 0.000000 0.000000 
32.687916 -7.108654 6.634563 -1.132263 26.575239 0.000000 0.000000 
33.089264 -6.999072 6.696735 -4.497337 23.789536 0.000000 0.000000 
34.039879 -9.241571 0.687601 -5.183708 21.903009 0.000000 1.000000 
33.183788 17.356010 3.191921 -0.191101 23.101034 0.000000 0.000000 
34.091522 16.268898 -2.334829 0.933952 23.874170 0.000000 0.000000 
43.637276 -9.600071 8.790195 -2.153763 23.397266 0.000000 1.000000 
44.712093 8.742344 -0.203254 6.320869 26.708977 0.000000 0.000000 
46.613331 7.879071 -3.008826 18.746147 34.128918 0.000000 0.000000 
46.664993 8.167997 -4.279242 19.772636 35.733440 0.000000 0.000000 
47.158230 9.124450 0.109800 5.772727 23.908890 0.000000 0.000000 
49.166294 -1.532152 3.695671 -3.642159 18.730619 0.000000 1.000000 
50.329769 10.023779 -0.793687 13.240387 32.498886 0.000000 0.000000 
50.169342 10.733947 0.321023 10.063118 29.591196 0.000000 0.000000 
50.545376 14.005785 -1.402489 1.868752 17.911390 0.000000 0.000000 
52.530380 9.184418 0.252777 16.193520 32.849224 0.000000 0.000000 
52.562885 9.322618 0.492824 18.538757 33.101734 0.000000 0.000000 
52.718681 8.520973 -0.181551 15.758347 34.445816 0.000000 0.000000 
53.556103 9.827991 -1.580206 1.468430 18.720148 0.000000 0.000000 
54.898109 7.171718 -0.213939 22.619881 38.600395 0.000000 0.000000 
54.961407 7.113686 -0.621114 20.018860 34.768337 0.000000 0.000000 
55.505409 11.343544 2.440440 4.837120 21.162088 0.000000 0.000000 
55.793823 10.043180 0.440454 4.136948 20.940237 0.000000 0.000000 
56.934650 6.235257 -2.772265 19.959915 35.566299 0.000000 0.000000 
56.638283 9.920984 2.097550 15.285362 28.866226 0.000000 0.000000 
56.778164 10.057679 0.732960 10.838036 26.153683 0.000000 0.000000 
58.046276 0.857638 0.841576 12.640816 29.544491 0.000000 0.000000 
58.050743 0.783451 0.268460 13.036591 29.603445 0.000000 1.000000 
55.821552 15.850892 -0.131534 1.613785 19.236198 0.000000 0.000000 
55.674763 16.937824 -4.036452 4.993813 19.881174 0.000000 0.000000 
55.966579 16.184452 -6.052330 2.904259 19.500444 0.000000 0.000000 
58.539051 8.724830 -1.072763 21.373314 33.876293 0.000000 0.000000 
58.701069 8.606754 -1.111267 21.430550 34.865116 0.000000 0.000000 
34.733494 -49.020306 4.798033 5.400635 22.050684 0.000000 0.000000 
60.425323 9.696719 -0.296168 23.662903 36.635498 0.000000 0.000000 
60.336533 10.186105 0.429434 20.878784 34.009666 0.000000 0.000000 
61.965790 -9.237387 3.014213 7.210899 24.979427 0.000000 0.000000 
62.092197 -8.706032 3.843730 8.631485 25.980223 0.000000 0.000000 
62.116707 -10.149700 3.403032 7.125221 23.089884 0.000000 0.000000 
62.133137 -10.735707 3.141243 7.184357 23.158340 0.000000 0.000000 
62.663361 8.724303 -1.757010 12.957047 28.356516 0.000000 1.000000 
62.683071 8.830506 -2.192230 12.028191 28.008095 0.000000 1.000000 
64.096298 -9.211513 3.385175 3.877274 20.554142 0.000000 1.000000 
57.701721 -31.431301 1.362077 12.914406 27.754044 0.000000 0.000000 
57.640755 -31.750019 2.126758 16.207359 28.443899 0.000000 1.000000 
57.786007 -32.198906 3.932421 6.131362 20.529520 0.000000 0.000000 
65.872635 12.088978 4.135819 6.156684 18.478920 0.000000 0.000000 
66.176155 10.765399 1.690287 4.356400 18.908680 0.000000 1.000000 
66.703796 -10.751681 -0.363933 10.612419 28.198833 0.000000 0.000000 
66.748558 -10.688888 0.852536 14.344467 30.150442 0.000000 0.000000 
3.526398 -68.950905 -0.091604 3.798653 19.898705 0.000000 0.000000 
67.730446 13.267021 2.175782 23.257835 33.459614 0.000000 0.000000 
67.893456 13.028241 1.528792 25.333656 35.534309 0.000000 1.000000 
69.559525 -5.817096 6.872362 1.398315 22.114641 1.000000 1.000000 
48.285416 -51.168461 5.200976 3.859573 19.226852 0.000000 1.000000 
70.322418 -9.852790 13.044536 1.772095 17.144108 0.000000 0.000000 
70.372757 -9.975125 -4.300698 10.029686 24.864124 0.000000 0.000000 
70.237717 -11.473024 -6.950093 6.423744 21.261490 0.000000 0.000000 
70.301292 -11.474870 -7.459407 4.974442 21.006193 0.000000 0.000000 
70.408081 9.615048 0.044013 10.676804 24.449039 0.000000 0.000000 
70.420837 9.578816 0.158067 10.835594 22.302626 0.000000 0.000000 
72.553261 9.110915 0.023653 29.386719 39.858624 0.000000 0.000000 
72.653671 8.785080 -0.180973 25.525307 35.669865 0.000000 0.000000 
74.798912 6.901962 -2.701248 12.901474 24.083466 0.000000 0.000000 
74.847710 7.245375 -2.830576 15.903854 26.960297 0.000000 0.000000 
74.754242 8.586778 -2.201887 7.722298 20.777267 0.000000 0.000000 
56.106834 -52.673172 0.673615 17.636269 29.975626 0.000000 0.000000 
76.641869 9.010516 0.133049 14.421890 26.936682 0.000000 0.000000 
8.395201 -77.169525 -1.481379 10.524475 25.171690 0.000000 0.000000 
76.668083 9.158476 0.167651 13.651031 25.372942 0.000000 0.000000 
8.369623 -77.189651 -1.507981 15.092216 28.194969 0.000000 0.000000 
78.652618 8.486058 -1.830296 20.763680 30.448135 0.000000 0.000000 
78.883942 7.876236 -2.381727 18.897438 28.731777 0.000000 0.000000 
80.640717 8.115331 -2.662431 11.829025 22.375298 0.000000 0.000000 
80.660141 8.986729 -1.320312 14.881409 26.429396 0.000000 0.000000 
80.613701 9.433988 -0.154672 10.631813 22.572990 0.000000 0.000000 
-11.886379 -80.749275 5.146630 2.134354 15.532383 0.000000 0.000000 
55.664600 -64.244286 5.183019 8.555145 16.679228 0.000000 0.000000 
-34.275120 -77.412361 3.059152 6.620087 16.225010 0.000000 0.000000 
84.454697 9.875124 -2.062005 10.380501 22.434290 0.000000 0.000000 
84.399117 11.052323 -0.685379 10.953499 23.149452 0.000000 0.000000 
85.612671 -10.845948 9.050536 6.945114 19.204561 0.000000 0.000000 
86.320732 10.835541 2.293996 13.895599 21.992237 0.000000 0.000000 
86.339218 11.037151 2.401264 13.236801 20.961811 0.000000 0.000000 
86.869080 -10.139901 9.208366 6.780899 19.809925 0.000000 0.000000 
57.698135 -67.804382 5.906927 17.841599 25.798462 0.000000 0.000000 
57.940643 -67.874565 4.937629 16.822830 24.745834 0.000000 0.000000 
88.555542 10.017835 3.062986 14.738113 23.395439 0.000000 0.000000 
88.532043 10.223791 2.470542 17.605202 25.167255 0.000000 0.000000 
89.460060 -1.151822 -1.248621 5.674118 16.431845 0.000000 0.000000 
89.461586 -0.509638 -0.609222 4.585960 16.358854 0.000000 0.000000 
89.174057 -10.422230 8.707208 9.301132 23.045294 0.000000 0.000000 
-28.048124 -85.657425 2.562417 7.338394 14.800968 0.000000 0.000000 
90.473373 9.913332 1.286052 22.207848 29.296406 0.000000 0.000000 
90.585983 10.251976 1.370211 24.994385 31.961477 0.000000 0.000000 
91.148819 -11.043390 8.020010 6.316689 22.966002 0.000000 0.000000 
91.202148 -11.045902 10.752622 4.824134 19.517654 0.000000 0.000000 
91.263290 -10.900363 8.809961 6.008873 21.885361 0.000000 0.000000 
91.240936 -11.156003 9.840813 9.106140 23.484886 0.000000 0.000000 
91.306908 -12.453559 9.280991 6.828948 17.840380 0.000000 0.000000 
91.365845 -12.495828 9.808306 12.604767 23.337109 0.000000 0.000000 
91.382523 -12.488465 13.479277 14.445534 25.345013 0.000000 0.000000 
91.456520 -12.500177 11.259710 9.150688 20.950928 0.000000 0.000000 
91.499504 -12.821693 14.803203 11.595619 23.089191 0.000000 0.000000 
91.866982 -12.310843 11.971996 8.976288 20.320662 0.000000 0.000000 
92.792557 7.913865 -1.567513 19.472336 28.041454 0.000000 0.000000 
92.858246 7.783782 -1.670877 17.257919 24.976002 0.000000 0.000000 
92.733475 -12.332132 11.824940 7.878319 17.762472 0.000000 0.000000 
95.260170 -10.933867 9.141398 3.901581 14.882526 0.000000 0.000000 
96.296173 -12.193823 9.540313 7.518592 18.838133 0.000000 0.000000 
96.223495 -13.190058 7.820468 8.518257 19.528772 0.000000 0.000000 
102.555321 9.386126 2.144482 7.047333 16.386168 0.000000 0.000000 
108.507393 -9.820033 9.195200 10.376030 17.077259 0.000000 0.000000 
108.571228 -9.375126 10.444058 11.154030 17.025589 0.000000 0.000000 
107.693748 16.793171 1.186096 16.923866 22.181234 0.000000 0.000000 
108.003952 15.127780 -1.422204 12.541611 18.842905 0.000000 0.000000 
113.534927 -8.652510 13.683910 13.094139 17.890068 0.000000 0.000000 
113.558556 -8.720594 14.644627 15.837250 20.765497 0.000000 0.000000 
113.687408 -7.340792 17.263744 9.899330 15.727322 0.000000 0.000000 
114.466095 -7.845536 11.506735 15.608559 19.936922 0.000000 0.000000 
7.596405 -115.906586 -3.723086 9.648560 17.436222 0.000000 0.000000 
118.297234 -0.588034 -2.824585 13.301491 17.889732 0.000000 0.000000 
118.337967 -0.266561 2.449785 11.148758 19.877441 0.000000 0.000000 
118.501167 0.921648 4.815184 8.949059 19.034994 0.000000 0.000000 
118.613640 8.473611 -5.640425 14.168655 19.143873 0.000000 0.000000 
118.744377 9.376901 -3.580285 13.103096 18.832792 0.000000 0.000000 
118.853813 8.633505 -4.983799 13.488342 18.998924 0.000000 0.000000 
119.922707 -0.164993 -0.840782 9.240167 15.547768 0.000000 0.000000 
119.979935 -0.287968 -2.109282 10.343430 17.208035 0.000000 0.000000 
120.387337 0.625170 -1.521263 9.560944 15.078033 0.000000 0.000000 
124.613869 8.556752 -3.096082 11.556023 15.821251 0.000000 0.000000 
7.985507 -125.812759 7.580039 11.491333 14.699226 0.000000 0.000000 
127.363167 17.054714 3.168488 20.200912 21.374668 0.000000 0.000000 
10.366911 -129.285828 -0.437862 14.282394 17.488398 0.000000 0.000000 
7.321035 -130.693604 -2.381922 10.618408 15.305660 0.000000 0.000000 
7.726936 -131.906235 -0.028520 11.785995 15.369629 0.000000 0.000000 
7.640071 -134.380051 1.339890 16.523628 18.698698 0.000000 0.000000 
134.384460 9.838043 -4.090723 14.814110 16.651867 0.000000 0.000000 
6.883414 -135.652832 -0.586729 13.586105 18.055351 0.000000 0.000000 
136.634262 11.143174 -2.733233 15.714783 18.093670 0.000000 0.000000 
8.254861 -138.084702 2.208121 11.614792 14.294937 0.000000 0.000000 
138.176788 12.743168 -0.517069 19.919838 21.742939 0.000000 0.000000 
6.757598 -140.870102 -3.378318 12.940254 14.931240 0.000000 0.000000 
140.575378 9.333619 -5.705545 14.476128 14.603611 0.000000 0.000000 
8.784431 -142.108887 -5.370095 14.210129 16.954195 0.000000 0.000000 
142.239014 13.308372 1.452140 21.662010 22.746904 0.000000 0.000000 
7.850292 -143.395386 -0.283668 23.251717 25.932856 0.000000 0.000000 
7.430906 -144.652191 -3.160503 22.587143 24.089796 0.000000 0.000000 
5.923244 -145.890396 -2.200370 13.153511 15.424034 0.000000 0.000000 
7.566474 -145.876694 -3.095714 19.392052 21.599733 0.000000 0.000000 
146.336990 13.362564 8.387720 22.354118 23.205482 0.000000 0.000000 
7.693835 -147.103531 -1.295748 25.253670 27.772697 0.000000 0.000000 
8.190704 -148.308289 -4.099533 21.815475 22.829725 0.000000 0.000000 
148.449631 12.839761 1.524825 18.645287 18.744614 0.000000 0.000000 
6.862494 -149.601395 -3.360159 18.025459 19.621618 0.000000 0.000000 
6.816463 -150.827515 -7.818891 14.387718 15.346455 0.000000 0.000000 
150.205460 12.406955 1.084132 16.220306 15.684223 0.000000 0.000000 
150.485046 13.022160 8.093769 17.272949 17.433779 0.000000 0.000000 
152.522095 12.814074 1.018283 14.610565 14.453720 0.000000 0.000000 
158.874298 -13.062955 16.426731 14.523239 17.017986 0.000000 0.000000 
164.085938 -14.747258 13.062654 17.681541 19.762838 0.000000 0.000000 
57.536457 -159.089783 3.339887 14.516052 16.002716 0.000000 0.000000 
7.790486 -173.365219 -6.021527 21.516457 20.683270 0.000000 0.000000 
176.132629 64.852203 18.049675 34.599327 27.828142 0.000000 0.000000 
193.551041 60.865173 7.812569 18.700340 14.465694 0.000000 0.000000 
1.769115 4.556592 -0.027928 -45.124702 17.766634 1.000000 1.000000 
1.771253 8.381531 -0.055163 -51.356331 10.692425 1.000000 1.000000 
-0.332129 8.827549 0.011359 -45.056206 18.192366 1.000000 1.000000 
-0.034494 10.106852 0.109264 -20.550053 32.543911 1.000000 1.000000 
2.994821 10.515581 0.068832 -31.342125 10.717297 1.000000 1.000000 
2.027959 12.474770 -0.066376 -35.476471 15.253494 1.000000 1.000000 
2.221421 12.838656 -1.009336 -11.406097 35.828560 0.000000 0.000000 
2.197069 13.102812 -1.165509 -10.923668 33.356510 0.000000 0.000000 
2.277883 13.529080 -0.081621 -2.200951 38.035789 0.000000 0.000000 
2.363112 13.953156 -0.106190 -0.095673 41.704746 0.000000 0.000000 
2.117682 14.173414 -0.092707 -28.623329 12.840878 1.000000 1.000000 
2.478601 14.264328 0.126072 -31.667992 10.570866 1.000000 1.000000 
2.326019 14.382929 -0.153037 3.075638 43.614651 0.000000 0.000000 
2.313578 14.394656 -0.161278 0.204552 40.037785 0.000000 0.000000 
2.303079 14.493522 -0.148703 2.097893 41.283691 0.000000 0.000000 
2.175048 14.641226 -0.026695 -36.024963 8.090069 1.000000 1.000000 
2.348957 14.843752 -0.126065 -3.646309 35.582203 0.000000 0.000000 
2.270853 15.183709 0.134834 -9.579926 35.616562 0.000000 0.000000 
2.274144 15.286908 0.179648 -12.833244 36.849648 0.000000 0.000000 
2.525621 15.583095 -0.075405 -31.984352 12.990757 1.000000 1.000000 
2.321454 15.721844 0.326540 -6.580872 35.882584 0.000000 0.000000 
2.331542 15.827712 0.253739 -7.809349 32.220242 0.000000 0.000000 
2.063188 16.322872 -0.326764 -18.617409 24.683779 1.000000 1.000000 
2.338788 16.605381 -0.069902 -7.473930 35.581234 0.000000 0.000000 
2.333292 16.713383 -0.064464 -5.755310 34.902409 0.000000 0.000000 
2.227234 16.735634 0.218311 -18.045715 27.399271 0.000000 0.000000 
2.184561 17.228790 -0.082960 -18.422447 28.310040 0.000000 0.000000 
2.757860 17.191490 0.485774 -37.963516 10.370331 1.000000 1.000000 
2.267710 17.515802 -0.166741 -3.462936 36.744617 0.000000 0.000000 
2.287746 17.535793 -0.075590 -2.969063 37.104145 0.000000 0.000000 
2.276520 17.705051 0.020474 -32.972763 8.734959 1.000000 1.000000 
2.305503 17.950024 0.313304 -6.682098 30.909981 0.000000 0.000000 
2.395241 18.242041 -0.182436 -11.540657 27.399328 1.000000 1.000000 
2.341150 18.263342 0.347792 -4.051170 30.681650 0.000000 0.000000 
2.333363 18.362297 -1.352454 -5.683487 34.179207 0.000000 0.000000 
2.264045 18.700150 0.060569 -11.964142 26.854168 0.000000 0.000000 
2.256135 19.320839 0.279651 -7.741310 30.460960 0.000000 0.000000 
2.049301 19.478580 -0.013941 -21.072388 17.050262 1.000000 1.000000 
2.473691 19.469002 -0.130094 -29.079277 10.752544 1.000000 1.000000 
2.310843 19.569466 -0.239972 -2.910744 35.850479 1.000000 1.000000 
2.184199 19.741680 -0.061232 3.308678 40.843754 0.000000 0.000000 
2.222531 19.872400 0.182323 2.899460 39.569706 0.000000 0.000000 
2.194202 20.420374 0.358572 -4.191719 33.957001 0.000000 0.000000 
2.275527 20.447315 -0.104659 -1.066452 37.792427 1.000000 1.000000 
2.151636 20.576628 -0.547998 8.312431 46.590225 0.000000 0.000000 
2.215822 20.938410 -0.428082 -0.491028 34.772816 0.000000 0.000000 
2.195452 21.000546 -0.480454 5.348328 42.493320 0.000000 0.000000 
2.409857 21.304565 -0.204644 -32.735283 10.748726 1.000000 1.000000 
-6.577670 22.903738 0.285778 -7.382683 28.899517 0.000000 0.000000 
-6.573428 23.072975 0.313740 -5.485374 30.609402 0.000000 0.000000 
-6.939104 23.914526 0.219844 -26.228333 11.119423 1.000000 1.000000 
-7.379396 24.157566 0.839392 -12.307556 25.764198 0.000000 0.000000 
-7.336461 24.183641 0.829132 -11.714233 26.584692 0.000000 0.000000 
6.999145 24.583696 -0.941522 -22.838760 17.837959 1.000000 1.000000 
3.333522 26.545530 -0.206615 -13.928703 24.598848 0.000000 0.000000 
7.084342 26.091974 -0.730592 -14.763466 24.706514 0.000000 0.000000 
-3.428536 27.355637 0.081997 -17.146835 25.407560 0.000000 0.000000 
-7.398278 26.903591 1.717498 -15.143188 24.175999 0.000000 0.000000 
-8.010518 27.033718 4.259498 -20.092102 21.425001 0.000000 0.000000 
-7.930066 27.068449 4.219140 -15.832831 23.173260 0.000000 0.000000 
-7.466554 27.321396 -6.946283 -14.157158 25.363659 0.000000 0.000000 
7.250710 27.412685 5.892179 -13.323952 24.744825 0.000000 0.000000 
-10.342699 26.254183 4.242788 -9.460106 25.562519 0.000000 0.000000 
6.950928 27.810833 1.774983 -17.708473 22.134201 0.000000 0.000000 
6.971414 27.817413 2.082972 -15.853958 20.952271 0.000000 0.000000 
6.990088 27.922081 -2.338391 -13.917313 24.124111 0.000000 0.000000 
5.240731 28.759079 3.501828 -14.468666 23.257221 0.000000 0.000000 
11.168397 26.737282 0.454785 -7.196442 25.118118 0.000000 1.000000 
5.474604 28.757397 -7.308543 -13.960274 24.284876 0.000000 0.000000 
24.449093 13.726756 9.936208 5.868088 23.868521 0.000000 0.000000 
8.649079 29.222252 4.803102 -8.124916 27.878809 0.000000 0.000000 
8.722789 29.301241 6.061881 -14.818756 22.744572 0.000000 0.000000 
9.106162 29.198160 -8.618845 -14.101807 23.471943 0.000000 0.000000 
13.249627 28.126242 -4.186391 -11.225990 23.776119 0.000000 1.000000 
8.919865 30.534046 11.404589 -17.902252 20.633480 0.000000 0.000000 
-26.379572 14.653658 12.173801 9.052391 24.345310 0.000000 0.000000 
-10.415272 30.455547 10.440125 -17.963074 21.485374 0.000000 0.000000 
6.893421 31.720716 2.264729 -14.183022 21.811539 1.000000 1.000000 
9.005959 31.361439 8.247477 -16.276573 21.828739 0.000000 0.000000 
7.804646 32.041672 2.816773 -18.569702 19.610878 0.000000 0.000000 
6.988176 32.290573 2.314659 -0.060860 32.753445 0.000000 0.000000 
7.019155 32.383286 2.314122 -0.773918 33.740658 0.000000 0.000000 
6.654700 32.485466 7.693082 -16.819191 23.404463 0.000000 0.000000 
26.359186 17.319563 12.641366 5.415763 21.059790 0.000000 0.000000 
6.805755 32.690948 -0.620098 -15.790833 17.073078 1.000000 1.000000 
6.719820 33.268799 -8.255125 -16.495636 20.316784 0.000000 0.000000 
23.570055 22.813574 8.915728 5.239501 24.591925 0.000000 0.000000 
6.871075 33.757935 -0.849099 -0.880066 32.524952 0.000000 0.000000 
7.017936 33.859985 -0.862162 -1.623306 30.419594 0.000000 0.000000 
6.294449 34.299774 7.928540 -12.530273 24.016357 0.000000 0.000000 
6.558224 34.713310 -9.737773 -13.042252 22.287977 0.000000 0.000000 
6.674610 34.732864 -3.230147 -9.817818 23.689217 0.000000 0.000000 
-30.575060 12.773157 9.807116 9.601028 19.257214 0.000000 0.000000 
6.856713 34.980675 7.219845 -18.987267 18.951939 1.000000 1.000000 
6.285920 35.224052 4.373144 -7.916031 25.844919 0.000000 0.000000 
6.166183 35.397751 4.120593 -10.917641 22.513578 0.000000 0.000000 
8.463203 35.149612 13.845575 -4.107353 27.309425 0.000000 0.000000 
6.348603 36.077389 3.790964 -6.579025 26.380960 0.000000 0.000000 
6.477972 36.074265 3.566424 -6.817574 27.522791 0.000000 0.000000 
6.659339 36.294487 3.872437 -3.278976 28.156128 0.000000 0.000000 
6.517464 36.413788 2.941657 -8.128853 24.555435 0.000000 0.000000 
6.425194 36.910748 -0.394705 -13.025871 22.372255 0.000000 0.000000 
6.565899 36.920620 2.188900 -11.354858 23.011038 0.000000 0.000000 
6.720228 37.079063 2.389100 -8.593391 24.803810 0.000000 0.000000 
6.576156 37.337723 -0.745673 -15.948586 19.770117 0.000000 0.000000 
6.653277 37.344730 14.050652 -17.390747 20.522757 0.000000 0.000000 
7.299373 37.443966 -0.468117 -19.917725 16.340513 0.000000 0.000000 
22.433304 30.421240 0.820732 0.934464 21.825474 0.000000 0.000000 
22.991215 29.964699 0.983062 -5.444672 17.623117 0.000000 0.000000 
22.639540 30.544731 1.150700 -1.728302 21.968325 0.000000 0.000000 
22.166090 30.961323 0.361427 0.973915 22.066977 0.000000 0.000000 
7.063252 39.065773 -0.531389 -14.255653 20.581415 0.000000 0.000000 
23.208462 31.412035 0.920403 -3.268890 17.748894 1.000000 1.000000 
7.045574 39.362091 -0.346396 -10.991776 21.157694 0.000000 0.000000 
6.249142 39.615276 -8.993845 -18.636818 19.086403 0.000000 0.000000 
6.081511 39.805893 15.572229 -20.958115 14.988377 0.000000 0.000000 
7.078963 39.789894 -0.585747 -18.010963 16.031216 1.000000 1.000000 
6.349411 40.021469 6.939322 -13.163902 22.147875 0.000000 0.000000 
21.376818 33.734024 2.060409 -11.522797 18.374952 0.000000 0.000000 
21.490662 33.981884 2.400049 -10.454193 16.592215 0.000000 0.000000 
6.548350 40.424534 5.386256 -17.000488 19.386326 0.000000 0.000000 
5.946169 40.554565 1.394773 -16.519493 19.367287 0.000000 0.000000 
6.198281 40.784138 6.235408 -13.368362 19.368736 0.000000 0.000000 
6.073565 40.848457 9.123424 -14.810493 18.150902 0.000000 0.000000 
6.228430 41.099121 0.689253 -13.265198 19.833286 0.000000 0.000000 
6.309781 41.296513 15.044148 -16.790161 18.836941 0.000000 0.000000 
7.222474 41.715485 -0.957056 -9.639297 21.800934 0.000000 0.000000 
8.582466 41.555920 3.753690 -11.934204 23.062584 0.000000 0.000000 
7.503970 41.986115 -0.877275 -6.949867 24.974823 0.000000 0.000000 
8.367203 41.839237 3.899398 -8.496216 24.166109 0.000000 0.000000 
8.350557 41.944794 -6.136875 -12.807930 20.893042 0.000000 0.000000 
5.207224 42.787792 -0.122359 -12.418457 22.917395 0.000000 0.000000 
5.201835 42.822052 -0.633345 -7.065239 23.071192 0.000000 0.000000 
5.161335 42.843761 -0.543245 -9.411507 21.432247 0.000000 0.000000 
5.614054 43.087322 -0.460784 -15.229454 18.816563 0.000000 0.000000 
5.238213 43.576477 -0.482427 -8.139420 21.376249 0.000000 0.000000 
5.248840 43.606998 -0.581508 -15.094398 17.035601 0.000000 0.000000 
5.270181 43.620792 -0.461420 -5.720451 23.021187 0.000000 0.000000 
5.288004 43.687305 -0.364189 -11.164162 20.129507 0.000000 0.000000 
5.259383 43.720749 -0.522094 -7.380104 22.882061 0.000000 0.000000 
5.568456 44.000500 -0.641066 -19.813774 12.176842 1.000000 1.000000 
5.088062 44.091774 -0.194097 -13.270882 18.592474 0.000000 0.000000 
5.211785 44.135010 -0.865812 -14.037483 19.924629 0.000000 0.000000 
5.217950 44.165276 -0.334703 -18.241341 13.146198 0.000000 0.000000 
7.705394 43.779716 2.681095 -9.061769 22.099072 0.000000 0.000000 
7.712382 43.959351 2.606682 -3.692085 25.313387 0.000000 0.000000 
7.667637 44.045837 5.736624 -10.529488 20.784262 0.000000 0.000000 
7.510189 44.171700 6.666276 -11.206978 21.315876 0.000000 0.000000 
-21.510479 38.820438 9.140617 -6.775490 20.854580 0.000000 0.000000 
7.712440 44.204639 5.760168 -10.035538 20.593632 0.000000 0.000000 
5.441483 44.917095 -0.501550 -13.341789 16.115726 1.000000 1.000000 
13.582317 43.040672 4.405941 -13.111046 19.470034 0.000000 0.000000 
13.412182 43.116383 2.974513 -12.157509 18.965153 0.000000 0.000000 
7.272779 44.766426 5.916693 -17.386177 17.339012 0.000000 0.000000 
-20.029625 41.152138 -5.992115 -16.985069 14.598930 0.000000 0.000000 
7.909742 46.078442 -1.036595 -16.957176 16.677620 0.000000 0.000000 
6.986934 46.428871 6.791636 -15.011909 18.782042 0.000000 0.000000 
18.465023 42.876892 12.102181 -14.413460 15.406570 0.000000 0.000000 
7.182247 46.461674 6.502872 -13.244019 20.306349 0.000000 0.000000 
7.189004 46.855362 6.939059 -13.183411 20.364353 0.000000 0.000000 
7.231917 46.981419 -5.446624 -18.395370 14.387535 0.000000 0.000000 
8.211893 47.153381 4.735984 -8.821297 21.138485 0.000000 0.000000 
7.918224 47.219898 5.298887 -1.557274 26.011539 0.000000 0.000000 
8.727443 47.507545 12.984952 -12.830948 20.556267 0.000000 0.000000 
8.021628 47.811260 4.332326 -6.239174 23.500191 0.000000 0.000000 
34.964851 31.703632 1.128871 17.469681 27.640810 0.000000 0.000000 
34.576443 32.396435 0.797904 6.924477 21.571632 0.000000 0.000000 
35.156715 31.838331 1.234988 17.165298 26.324644 0.000000 0.000000 
8.049598 48.525536 4.879736 -12.949944 18.574896 0.000000 0.000000 
8.098057 48.610485 8.777207 -12.087097 18.227467 0.000000 0.000000 
8.033988 48.889893 5.500236 -19.480690 15.216320 0.000000 0.000000 
7.253626 49.082520 4.688677 -18.763306 16.782890 0.000000 0.000000 
7.464802 49.124081 5.707393 -13.523911 18.446764 0.000000 0.000000 
6.728523 49.517815 -6.439646 -11.098434 21.240118 0.000000 0.000000 
7.879331 49.347546 5.651387 -8.722954 20.669498 0.000000 0.000000 
8.190438 49.400467 4.255068 -7.954865 20.525833 0.000000 0.000000 
7.512029 49.574547 15.442711 -19.875046 13.663876 0.000000 0.000000 
8.292554 49.750797 4.772058 -14.137512 17.357372 0.000000 0.000000 
8.294447 49.887760 6.672179 -15.803513 14.901592 0.000000 0.000000 
-19.090824 46.737858 -6.261758 -13.599358 15.017967 0.000000 0.000000 
8.212246 50.139343 6.185144 -15.331627 16.580534 0.000000 0.000000 
8.529336 50.157684 5.745525 -15.841727 15.973446 0.000000 0.000000 
7.608971 50.462372 6.720410 -21.656960 12.328239 0.000000 0.000000 
7.660562 50.525612 5.397512 -21.947289 7.322918 1.000000 1.000000 
7.572052 50.794113 6.661342 -19.212822 14.432014 0.000000 0.000000 
8.436800 50.686081 4.495615 -13.823257 13.801479 1.000000 1.000000 
8.557940 50.808929 5.324709 -17.325165 14.600964 0.000000 0.000000 
7.898880 51.006306 -7.038103 -12.546043 19.409786 0.000000 0.000000 
7.582795 51.171177 5.173502 -17.023758 13.997238 0.000000 0.000000 
7.781351 51.169323 -7.326757 -5.208946 19.976042 0.000000 0.000000 
7.842967 51.175709 -6.731936 -9.014122 18.140942 0.000000 0.000000 
7.811988 51.188366 -7.227978 -2.718811 23.552019 0.000000 0.000000 
30.075630 41.764706 0.371494 -6.924217 15.243607 0.000000 0.000000 
33.912540 38.452309 7.165957 -3.392296 14.399487 0.000000 0.000000 
12.900678 50.697441 3.588579 -12.150436 17.857044 0.000000 0.000000 
7.909444 51.855938 -7.351264 -16.051445 11.985619 1.000000 1.000000 
7.938901 51.999184 5.424426 -18.377083 14.869267 0.000000 0.000000 
12.695214 51.008915 -1.444162 -16.466904 15.625515 0.000000 0.000000 
12.290024 51.543407 8.067224 -15.445145 15.472771 0.000000 0.000000 
12.645034 51.450733 3.374906 -11.556145 16.989191 0.000000 0.000000 
12.390777 51.537376 3.285739 -10.579613 17.869364 0.000000 0.000000 
13.159329 51.759689 4.258320 -15.249947 16.350018 0.000000 0.000000 
7.035976 53.126690 5.607477 -8.621773 18.782738 0.000000 0.000000 
7.502460 53.416294 5.572991 -6.449532 21.043512 0.000000 0.000000 
7.455893 53.431820 5.842033 -6.205452 20.824707 0.000000 0.000000 
6.795482 53.641308 5.505278 -9.521065 19.122421 0.000000 0.000000 
7.380678 53.736359 -2.881437 -11.959206 17.515574 0.000000 0.000000 
6.461473 53.891876 1.808958 -14.043793 20.406948 0.000000 0.000000 
7.119135 53.803642 6.607589 -9.306946 21.042656 0.000000 0.000000 
13.525734 52.588375 3.392121 -10.193832 20.787418 0.000000 1.000000 
6.887023 54.235306 -5.522449 -4.138153 23.722782 0.000000 0.000000 
8.132339 54.175694 3.338510 -4.400650 22.723263 0.000000 0.000000 
7.067466 54.372425 -5.572929 -9.610504 18.415960 0.000000 0.000000 
8.926924 54.469727 3.463669 -11.784332 17.826241 0.000000 0.000000 
7.812010 54.659935 3.492984 -8.740021 20.016813 0.000000 0.000000 
7.299376 54.755035 4.433060 -9.602013 19.866693 0.000000 0.000000 
8.414323 54.636200 4.477901 -17.377304 16.731838 0.000000 0.000000 
6.267964 55.332970 3.070640 -5.203964 26.281048 0.000000 0.000000 
6.636372 55.344448 3.432378 -8.250252 19.685472 0.000000 0.000000 
43.209850 32.675293 1.746168 7.583527 14.242287 1.000000 1.000000 
7.395713 55.610466 4.775815 -5.917747 21.654966 0.000000 0.000000 
7.495209 55.608067 -5.898042 -11.243469 18.680157 0.000000 0.000000 
7.410847 55.627609 6.112193 -5.862816 19.276730 0.000000 0.000000 
7.390295 55.727615 5.363819 -6.593132 19.398676 0.000000 0.000000 
43.670788 32.928299 2.084692 8.540062 14.998154 1.000000 1.000000 
6.685688 56.000832 5.491771 -15.592804 13.774162 0.000000 0.000000 
6.463564 56.184834 5.432924 -10.094780 18.640038 0.000000 0.000000 
43.950092 33.717636 1.979874 17.937645 23.582182 0.000000 0.000000 
44.505543 32.900406 1.541227 20.546082 25.509642 0.000000 0.000000 
44.169769 33.424500 2.106968 21.354431 25.486961 0.000000 0.000000 
45.039104 32.114357 -1.030777 17.944351 23.525240 0.000000 0.000000 
44.973351 32.663235 1.010628 5.738525 16.988342 0.000000 0.000000 
45.016888 32.624634 1.056054 9.008720 15.980705 0.000000 0.000000 
6.813590 57.200268 4.663448 -5.904434 21.001377 0.000000 0.000000 
7.545144 57.306992 6.165961 -8.745293 18.003254 0.000000 0.000000 
6.956009 57.423409 6.513709 -11.621941 17.515800 0.000000 0.000000 
7.392805 57.435074 5.412518 -7.740318 18.910421 0.000000 0.000000 
6.132033 57.634377 9.980062 -11.430565 16.840139 1.000000 1.000000 
7.702303 57.732559 4.679147 -12.652077 17.134094 0.000000 0.000000 
7.294513 57.819412 4.849456 -4.718872 23.239357 0.000000 0.000000 
7.664586 57.831337 5.765061 -7.200691 18.020834 0.000000 0.000000 
7.725407 57.841934 4.475320 -5.797401 20.157436 0.000000 0.000000 
7.575867 57.883156 5.412389 -5.651894 20.974895 0.000000 0.000000 
7.686750 57.867542 5.394816 -8.323479 19.373119 0.000000 0.000000 
6.418317 58.092762 10.471681 -17.209816 11.503357 1.000000 1.000000 
7.802525 57.998425 5.442526 -3.252960 22.762270 0.000000 0.000000 
7.737956 58.080738 4.911198 -10.185341 15.716873 1.000000 1.000000 
7.877593 58.150005 5.471269 -12.606758 17.113621 0.000000 0.000000 
6.305191 58.743488 10.776979 -14.414818 15.913357 0.000000 0.000000 
6.218788 58.807922 9.730603 -7.895531 21.468544 0.000000 0.000000 
7.670609 58.642952 -5.610510 -16.442276 14.585464 0.000000 0.000000 
6.815893 58.837612 10.448586 -4.673859 21.791401 0.000000 0.000000 
7.227355 58.859402 7.430910 -7.977531 17.835041 0.000000 0.000000 
7.356520 58.956432 0.636501 -13.843025 14.274216 0.000000 0.000000 
7.428366 59.133480 4.351172 -12.917923 15.589058 0.000000 0.000000 
7.482005 59.422977 -8.183690 -20.608368 10.717693 0.000000 0.000000 
7.868388 59.381397 -8.311671 -17.461533 12.370937 0.000000 0.000000 
7.070737 59.588558 6.318644 -13.422653 14.454266 0.000000 0.000000 
8.180239 59.465904 -7.049579 -13.234535 14.635704 0.000000 0.000000 
7.555967 59.612598 7.755424 -9.610687 17.989967 0.000000 0.000000 
7.567007 59.850670 5.411650 -19.098442 9.606155 1.000000 1.000000 
7.977435 60.297478 7.244381 -12.250015 15.641754 0.000000 0.000000 
7.914738 60.328918 8.026229 -13.881271 14.746941 0.000000 0.000000 
7.926127 60.356491 7.185198 -8.814163 16.454046 0.000000 0.000000 
7.866638 60.599018 6.414495 -13.565765 13.047123 0.000000 0.000000 
7.503529 60.826370 7.351841 -11.116890 15.220905 0.000000 0.000000 
8.189510 60.868534 4.937947 -11.943451 12.782211 0.000000 0.000000 
8.158604 60.894081 4.892938 -11.449638 14.329620 0.000000 0.000000 
7.342009 61.141224 7.345750 -15.132416 11.656475 0.000000 0.000000 
-7.605917 61.146755 -1.253135 0.177284 23.910246 0.000000 0.000000 
-7.611058 61.160561 -1.201368 -0.896698 23.638428 0.000000 0.000000 
-7.623652 61.256802 -1.275517 2.338219 27.701691 0.000000 0.000000 
-7.608393 61.260735 -1.157973 -5.830673 20.732277 0.000000 0.000000 
6.114532 61.837784 7.488687 -13.222565 14.097298 0.000000 0.000000 
6.493460 61.823494 7.931652 -15.148459 14.569424 0.000000 0.000000 
6.345624 61.954124 7.785109 -13.307747 13.860332 0.000000 0.000000 
-8.180940 61.839550 -1.092635 -15.134201 14.040787 0.000000 0.000000 
-8.669229 61.965656 -1.431855 -14.288063 13.177795 0.000000 0.000000 
-8.730895 61.963627 -1.398375 -17.163605 11.983307 0.000000 0.000000 
42.414619 44.669281 0.772135 -5.648178 4.497017 1.000000 1.000000 
-7.912521 62.353554 -1.329629 -13.391396 13.493347 1.000000 1.000000 
10.028580 63.275360 7.819983 -21.658051 8.763432 0.000000 0.000000 
7.813301 64.224457 -0.539281 -11.580429 14.488792 0.000000 0.000000 
7.662916 64.257462 -1.173162 -18.949486 9.382328 0.000000 0.000000 
7.862547 64.274567 -1.652668 -14.399994 13.015160 0.000000 0.000000 
7.861817 64.319534 0.455825 -20.912399 8.034519 0.000000 0.000000 
-29.485094 57.672127 7.407827 -10.316032 13.456974 0.000000 0.000000 
-29.988613 57.655312 13.488898 -10.635201 12.984001 0.000000 0.000000 
-11.632554 64.549591 -0.527574 -8.266060 21.199337 0.000000 0.000000 
8.093659 65.933716 -1.308982 -15.684349 10.351700 1.000000 1.000000 
14.299691 65.375092 0.649333 -17.018890 9.376274 0.000000 0.000000 
8.255217 66.858192 -1.393019 -10.929657 15.213718 0.000000 0.000000 
-30.945601 59.934090 18.028381 -5.466690 17.957514 0.000000 0.000000 
-30.823229 60.016354 18.055716 -7.251297 15.445450 0.000000 0.000000 
-12.808691 66.623535 0.770327 -16.610184 9.707325 1.000000 1.000000 
-13.180577 67.112152 -0.435804 -14.989983 11.351810 0.000000 0.000000 
-13.184913 67.200111 -0.398520 -11.552132 15.878223 0.000000 0.000000 
-12.668914 67.327408 1.938502 -10.394836 14.613400 0.000000 0.000000 
-12.806409 67.367416 2.070001 -10.836449 15.558514 0.000000 0.000000 
44.346268 51.756657 0.556119 -4.933136 8.392548 0.000000 0.000000 
44.840488 51.871571 3.400934 -0.367050 14.585487 0.000000 0.000000 
7.922231 69.270363 0.864399 -22.696289 5.691750 1.000000 1.000000 
45.095787 51.999954 3.084842 -1.138046 10.971676 0.000000 0.000000 
45.249790 52.062851 2.884078 9.017212 18.274105 0.000000 0.000000 
45.078308 52.236851 3.335752 3.010330 13.995346 0.000000 0.000000 
45.193264 52.318630 3.271181 7.715843 16.667301 0.000000 0.000000 
8.348148 69.656380 1.310051 -1.845085 21.078424 0.000000 0.000000 
8.371766 69.859497 1.736611 -11.024353 14.251274 0.000000 0.000000 
8.377395 69.873604 1.158500 -0.885422 23.158510 0.000000 0.000000 
8.635336 69.947418 -7.842879 -16.271835 11.003330 0.000000 0.000000 
8.514911 70.252609 3.289005 -7.944679 16.467831 0.000000 0.000000 
8.435229 70.279282 4.805192 -9.877754 16.908123 0.000000 0.000000 
47.148647 52.042927 -4.384292 9.401077 20.744541 0.000000 0.000000 
-14.335614 69.906448 1.069179 -17.955940 13.058163 0.000000 0.000000 
8.516191 70.935974 1.275610 -8.032867 15.244381 1.000000 1.000000 
-13.697259 70.297440 10.434192 -10.323318 17.687668 0.000000 0.000000 
-13.477978 70.664825 1.771148 -12.726532 13.654919 0.000000 0.000000 
47.509167 52.804108 -4.649797 2.354485 13.294281 0.000000 0.000000 
47.700089 52.735317 -5.273220 4.259613 14.929649 0.000000 0.000000 
-36.368866 61.990181 3.678749 3.199661 19.259197 0.000000 0.000000 
-35.857143 62.318031 3.785796 1.113533 16.599892 0.000000 0.000000 
-36.285511 62.176567 3.930961 2.793991 19.711821 0.000000 0.000000 
-35.983593 62.370667 3.648703 -1.293671 16.868649 0.000000 0.000000 
8.728474 72.031097 2.389345 -16.834427 10.752243 0.000000 0.000000 
9.625430 71.994019 3.527190 -14.370377 11.817905 1.000000 1.000000 
8.993638 72.410240 1.901918 -14.626587 11.730236 0.000000 0.000000 
9.960961 72.353897 3.281998 -14.435051 11.966198 0.000000 0.000000 
9.734358 72.517418 3.051504 -3.870338 18.431017 0.000000 0.000000 
9.647429 72.577103 2.737259 -9.137039 15.836758 0.000000 0.000000 
9.800077 72.705139 3.494682 -5.911537 17.229839 0.000000 0.000000 
-29.013807 67.150070 2.806961 -3.688339 15.980663 0.000000 0.000000 
-30.965017 66.633095 2.992445 -5.256409 16.621719 0.000000 0.000000 
-30.503256 66.875519 3.166147 -6.597031 17.352222 0.000000 0.000000 
-30.165140 67.083504 3.412919 -2.568581 16.612299 0.000000 0.000000 
-30.155767 67.170036 3.186576 0.753441 19.308525 0.000000 0.000000 
-30.438953 67.137413 3.485632 5.246765 22.923977 0.000000 0.000000 
-30.431730 67.156998 2.805468 -5.680237 15.910358 0.000000 0.000000 
-30.665424 67.260895 3.008859 3.927887 24.018976 0.000000 0.000000 
-29.148478 67.988091 3.755484 -0.219353 22.750317 0.000000 0.000000 
-30.584343 67.647888 4.789402 0.494125 19.655001 0.000000 0.000000 
-31.028339 67.561859 4.115087 2.243881 21.169201 0.000000 0.000000 
-30.946836 67.639870 5.598187 0.579330 20.061529 0.000000 0.000000 
-29.920248 68.137581 5.400389 2.995117 22.874165 0.000000 0.000000 
-29.843063 68.530098 -9.809483 -1.934906 17.915783 0.000000 0.000000 
-29.768822 68.587280 3.876169 -0.475586 19.409655 0.000000 0.000000 
-29.971127 68.550041 -10.292170 2.865471 22.630219 0.000000 0.000000 
-29.638351 68.730446 9.432113 0.857712 19.426023 0.000000 0.000000 
-27.892599 69.903877 2.903083 0.927086 22.392778 0.000000 0.000000 
-22.059694 72.075165 7.716104 -3.973045 18.894794 0.000000 0.000000 
-28.264912 70.230095 1.316708 -5.357399 17.639202 0.000000 0.000000 
-10.387089 75.271179 5.157068 -4.870964 22.537460 0.000000 0.000000 
-27.956467 70.465256 2.489152 -5.650024 15.747089 0.000000 0.000000 
-9.708625 75.468140 6.445137 -9.724472 17.682713 0.000000 0.000000 
-10.857482 75.965050 5.388825 -12.641167 11.938396 0.000000 0.000000 
-28.386539 71.124290 2.967398 -4.818069 15.001099 1.000000 1.000000 
9.669980 76.253304 3.234291 -9.400848 17.472641 0.000000 0.000000 
-10.927315 76.171196 4.999070 -9.188614 15.304436 1.000000 1.000000 
-23.405018 73.163185 4.241001 -3.062576 18.290480 0.000000 0.000000 
-22.603140 73.659424 5.501025 -6.412895 17.570881 0.000000 0.000000 
-22.224983 73.800751 10.632817 -4.974030 14.540855 1.000000 1.000000 
-10.838528 76.597870 5.268255 -5.162979 16.860126 0.000000 0.000000 
-10.795258 76.609306 4.725894 -5.822899 16.984861 0.000000 0.000000 
-10.986455 76.897125 5.101123 -2.081825 21.163340 0.000000 0.000000 
-10.987836 76.978790 4.918348 -0.902344 20.865000 0.000000 0.000000 
23.304111 74.384300 3.671949 -14.082710 8.857697 0.000000 0.000000 
-22.768000 74.615845 10.821684 -7.534729 13.342113 0.000000 0.000000 
-22.656813 74.698982 10.763707 1.858864 22.070133 0.000000 0.000000 
-22.714703 74.986717 10.788831 0.845848 19.369980 0.000000 0.000000 
-22.655128 75.044044 10.958374 -2.137466 17.195305 0.000000 0.000000 
55.364132 54.362541 2.564176 -0.087395 5.991498 1.000000 1.000000 
-22.797302 75.396271 10.837330 -2.690796 18.179909 1.000000 1.000000 
55.770691 54.765789 2.307007 12.965683 16.049965 0.000000 0.000000 
56.292698 54.264328 2.293587 4.761573 9.458187 0.000000 0.000000 
57.861534 52.495663 4.072014 7.660690 17.057777 0.000000 0.000000 
55.996288 54.670258 2.421374 11.481819 16.418301 0.000000 0.000000 
58.305756 52.522709 3.667325 1.908241 15.086914 0.000000 0.000000 
57.739017 53.193577 3.242120 3.144020 16.858530 0.000000 0.000000 
58.687157 52.618870 3.500906 16.118675 18.771614 0.000000 0.000000 
59.276833 51.974548 3.875198 9.282051 15.817295 0.000000 0.000000 
59.102913 52.406776 3.926891 16.117699 22.462776 0.000000 0.000000 
43.218620 67.442390 11.423378 -2.866905 13.933407 0.000000 1.000000 
-32.246239 74.093163 5.219302 -11.303619 11.073341 0.000000 0.000000 
-31.747793 74.394302 6.785641 -12.464905 10.454758 0.000000 0.000000 
59.928082 53.050880 3.707523 4.451775 9.357079 1.000000 1.000000 
-34.493305 73.562279 9.501196 -6.421227 14.680008 0.000000 0.000000 
-34.275238 73.767357 9.605716 -6.673492 14.287071 0.000000 0.000000 
-34.386368 73.933441 9.184013 -8.310555 11.747135 0.000000 0.000000 
-37.754139 72.348564 2.869694 -6.170486 14.821373 0.000000 0.000000 
-29.595840 77.128380 -12.865381 -11.011307 12.143681 0.000000 0.000000 
-30.971663 76.666916 10.213226 -4.814713 17.586229 0.000000 0.000000 
-32.956570 76.216446 7.901034 -1.724899 19.150774 0.000000 0.000000 
-39.564804 72.879829 6.736717 -2.255150 17.442486 0.000000 0.000000 
-32.131660 77.042709 7.734971 -3.786591 16.271919 0.000000 0.000000 
-31.991877 77.300705 7.531539 -3.000084 15.927689 0.000000 0.000000 
-31.944977 77.336319 7.330847 -4.783371 16.223671 0.000000 0.000000 
-38.331272 74.474152 7.290770 -0.199951 17.149269 0.000000 0.000000 
-39.632820 74.170761 6.741062 -4.116570 12.817513 0.000000 0.000000 
-33.809303 77.245255 9.001608 -2.630196 19.081799 0.000000 0.000000 
-33.705383 77.402962 10.117691 0.585701 19.698095 0.000000 0.000000 
-28.042616 79.795250 7.429223 -2.031487 17.619205 0.000000 0.000000 
-29.907249 79.386711 8.124070 -5.787796 16.358084 0.000000 0.000000 
-29.097944 79.731468 8.041960 -5.830406 14.806011 0.000000 0.000000 
-39.736012 75.165070 8.151726 -1.746078 17.059965 0.000000 0.000000 
-31.086723 79.348846 9.110016 -2.372475 16.811897 0.000000 0.000000 
44.442265 72.445396 3.264899 2.093140 18.145788 0.000000 0.000000 
-29.101330 80.272720 9.119072 -1.276085 18.797356 0.000000 0.000000 
-30.917587 79.877945 11.862702 -3.145058 19.113348 0.000000 0.000000 
-28.022039 81.107483 6.630261 -8.689880 14.199886 0.000000 0.000000 
-31.743895 80.025581 11.713339 -5.193001 13.422886 0.000000 0.000000 
-31.823021 80.013153 12.616768 -4.428009 16.249660 0.000000 0.000000 
-32.407394 80.241615 10.701288 -5.717430 16.841518 0.000000 0.000000 
-31.986248 80.670708 11.214782 -0.475952 18.393316 0.000000 0.000000 
-30.903704 81.184586 10.218592 -4.083282 15.885281 0.000000 0.000000 
-31.753393 80.859932 10.924509 -6.688652 14.552433 0.000000 0.000000 
52.982460 68.295891 3.811002 6.584892 18.281538 0.000000 0.000000 
52.221458 69.269081 3.554840 7.479721 18.983976 0.000000 0.000000 
52.170242 69.341133 3.467894 5.403198 17.912329 0.000000 0.000000 
52.206738 69.423668 4.119178 8.674965 18.871185 0.000000 0.000000 
-49.998867 71.331909 4.640368 0.858238 16.650787 0.000000 0.000000 
-33.587650 80.894386 11.316257 -3.608017 16.023151 0.000000 0.000000 
-53.300335 69.071716 5.873037 -0.370918 15.133293 0.000000 0.000000 
-52.954933 69.940025 9.318945 -0.220970 11.294140 0.000000 0.000000 
40.259285 78.445656 2.830709 -5.429558 14.727879 0.000000 0.000000 
-33.755917 82.237289 11.878243 -9.041222 10.295326 1.000000 1.000000 
-32.253017 83.117851 12.544838 -1.104439 17.898758 0.000000 0.000000 
-32.931080 82.914101 13.369905 -2.627556 15.388214 0.000000 0.000000 
-31.909489 84.029716 12.591526 -2.509033 14.334946 0.000000 0.000000 
-49.380695 75.276711 9.729472 -3.868011 10.233204 0.000000 0.000000 
12.818494 89.764397 4.762230 -14.235062 11.758537 0.000000 0.000000 
-32.452080 85.340111 11.249063 -11.526726 11.021454 0.000000 0.000000 
-30.381680 86.227402 12.525648 -9.225983 12.017601 0.000000 0.000000 
-50.006191 76.079620 11.457715 -0.598305 13.257332 0.000000 0.000000 
-37.575356 83.369102 8.461451 -10.386955 10.049603 0.000000 0.000000 
17.254574 90.462402 -0.850284 -16.100616 9.303608 0.000000 0.000000 
-21.525320 89.521904 6.315975 -18.916687 4.691258 1.000000 1.000000 
-46.550426 79.221848 13.329802 -6.547081 10.389805 0.000000 0.000000 
-22.329889 89.804634 5.416897 -8.676704 10.329788 1.000000 1.000000 
-21.800077 90.154884 6.505907 -8.663933 13.673100 0.000000 0.000000 
-21.287975 90.315872 6.070222 -9.523355 12.648026 0.000000 0.000000 
-21.934423 90.292221 6.670897 -5.187798 15.320602 0.000000 0.000000 
-21.941864 90.306122 6.466186 -5.845276 13.781952 0.000000 0.000000 
-21.694326 90.528229 6.161758 -13.928940 10.828346 0.000000 0.000000 
-22.236488 90.403625 6.812017 -6.252014 15.241199 0.000000 0.000000 
-22.991615 90.718597 6.209840 -10.091949 11.156105 0.000000 0.000000 
-22.592161 90.856453 4.687869 -11.274536 11.217358 0.000000 0.000000 
-21.683462 91.119476 7.461987 -11.627357 10.834545 0.000000 0.000000 
-22.463749 91.082397 5.584401 -4.569397 14.490887 0.000000 0.000000 
-54.388607 75.756935 0.423553 -0.915833 10.906918 0.000000 1.000000 
-53.890034 76.289536 5.376023 -6.320030 7.008019 0.000000 0.000000 
-21.703878 91.528358 7.223679 -12.261696 12.767105 0.000000 0.000000 
-22.585283 91.358727 6.436880 -12.442551 10.172348 0.000000 0.000000 
-32.513603 88.571289 11.208427 -10.036798 8.645840 0.000000 1.000000 
30.456326 89.795883 -1.774682 -15.016829 7.684636 0.000000 0.000000 
-14.198341 96.997581 3.464008 -10.566795 11.604233 0.000000 0.000000 
-15.074697 97.232147 3.400711 -7.336098 12.999134 0.000000 0.000000 
-15.689970 97.162514 3.442651 -3.731926 15.808575 0.000000 0.000000 
-15.587953 97.180519 3.371242 -3.520203 15.112392 0.000000 0.000000 
-15.499190 97.213684 3.666504 1.802467 19.995476 0.000000 0.000000 
-15.431898 97.348183 3.492229 3.680389 19.904167 0.000000 0.000000 
-22.167593 96.305145 9.642189 -8.767326 9.855396 0.000000 0.000000 
-23.009495 96.631195 -3.424584 -11.860779 9.179047 0.000000 0.000000 
-21.771790 97.277931 -3.373106 -12.099220 9.664032 0.000000 0.000000 
-21.696598 97.326050 -2.679207 -18.765663 5.696213 0.000000 0.000000 
-29.568739 96.354645 9.324596 -8.990776 10.286118 0.000000 0.000000 
-29.577934 96.474724 9.777181 -10.948578 9.076920 0.000000 0.000000 
-31.719378 96.207825 15.743012 -7.330765 9.671402 0.000000 0.000000 
-33.459171 95.604050 12.097972 -13.368286 7.938084 0.000000 0.000000 
44.362705 90.980637 2.100757 -11.010605 6.562703 0.000000 0.000000 
-32.257622 96.962112 0.832527 -9.821823 11.279945 0.000000 0.000000 
-31.944450 97.531006 11.431117 -8.464447 9.309319 0.000000 0.000000 
-31.594742 98.384781 10.583856 -4.041801 10.897221 0.000000 0.000000 
-31.753286 98.370209 9.805580 -4.548767 11.408161 0.000000 0.000000 
-31.955048 98.396698 10.425777 -12.416000 9.029839 0.000000 0.000000 
-31.620682 98.538246 10.519914 -0.437393 15.127010 0.000000 0.000000 
12.510145 102.994598 2.485838 -13.289040 8.592667 0.000000 0.000000 
12.258918 103.247101 1.385368 -10.424500 10.836262 0.000000 1.000000 
-31.513775 99.469269 11.406281 -9.848297 10.587254 0.000000 0.000000 
-32.316078 100.122009 11.533583 -6.693260 10.475952 0.000000 0.000000 
-30.947420 101.035889 13.166952 -13.488708 7.293885 0.000000 0.000000 
34.473366 100.306854 3.014319 -11.420937 6.788090 0.000000 1.000000 
-19.218807 104.791145 -7.096779 -16.366013 4.740315 0.000000 1.000000 
-31.510010 102.172234 11.583092 -7.045349 9.546394 0.000000 0.000000 
-31.599499 102.188293 10.897781 -6.508087 9.959538 0.000000 0.000000 
-31.451885 102.686256 10.984250 -8.714378 7.977593 0.000000 0.000000 
-32.636097 103.430687 14.006956 -11.295883 7.546940 0.000000 0.000000 
-34.358196 104.904236 3.157341 -14.749138 4.987088 0.000000 0.000000 
52.622898 97.212990 6.090804 -4.945862 10.194481 0.000000 0.000000 
51.018040 98.136513 5.263675 -3.334564 10.078583 0.000000 0.000000 
51.185436 98.052437 4.941555 -5.234634 9.476048 0.000000 0.000000 
51.069477 98.529434 5.200261 -1.065643 10.850559 0.000000 0.000000 
49.564514 99.363274 5.558182 -7.284729 10.087730 0.000000 0.000000 
49.849133 99.381973 5.645152 -4.275597 10.364738 0.000000 0.000000 
-83.847740 71.975998 1.353371 7.516006 9.951260 0.000000 1.000000 
46.225365 102.155098 -4.720388 -4.885902 8.697765 0.000000 0.000000 
46.459576 102.079651 5.313727 -5.355881 9.609886 0.000000 0.000000 
-27.095476 109.321259 16.222324 -11.175125 9.513710 0.000000 0.000000 
-94.978905 57.162308 -0.280305 10.560783 9.639050 0.000000 1.000000 
55.162731 98.073509 1.785199 -6.841057 8.630543 0.000000 0.000000 
38.329731 107.747833 3.383002 -13.483055 4.801789 0.000000 0.000000 
37.471153 108.292213 4.136421 -1.882492 11.239254 0.000000 0.000000 
36.828426 108.618294 2.903827 -10.853775 5.897793 0.000000 0.000000 
37.251026 108.472061 4.739332 -5.478767 8.953346 0.000000 0.000000 
35.544155 109.523926 0.254354 -11.725670 6.479672 0.000000 0.000000 
35.466103 109.782150 1.226136 -8.424263 7.345269 0.000000 0.000000 
33.914978 110.508110 1.552267 -9.693390 7.503418 0.000000 0.000000 
34.662296 110.300072 2.383418 -10.207382 7.179875 0.000000 0.000000 
34.128906 110.564804 1.868776 -10.897202 5.891285 0.000000 0.000000 
33.387020 111.068977 1.659963 -14.305443 4.130509 0.000000 0.000000 
-6.786279 116.431839 -5.318101 -12.072449 7.941742 0.000000 0.000000 
-7.222083 117.587105 -5.612154 -14.648643 6.477284 0.000000 0.000000 
-7.364185 117.620880 -5.541236 -8.882889 9.165020 0.000000 0.000000 
47.636623 108.348015 0.201776 -9.273651 6.516125 0.000000 0.000000 
-21.566408 116.974945 6.650252 -10.990501 6.453042 0.000000 0.000000 
-46.518978 109.444092 16.445072 -11.014679 7.688653 0.000000 0.000000 
42.696941 111.642891 1.835116 -5.725662 7.523381 0.000000 0.000000 
-23.038557 117.787209 5.812973 -6.758072 11.333546 0.000000 0.000000 
-22.552935 117.901421 6.775016 -7.370247 11.269455 0.000000 0.000000 
-23.304106 117.928757 9.263327 -0.709724 14.263481 0.000000 0.000000 
-23.541569 117.949097 8.430429 -9.695793 7.032132 0.000000 0.000000 
-23.097401 118.216637 10.077325 1.174324 16.317314 0.000000 0.000000 
-34.002495 115.917847 9.991498 -4.843086 10.802021 0.000000 0.000000 
-34.058739 115.927689 15.418868 -10.101852 7.166455 0.000000 0.000000 
-43.481365 113.053604 4.884951 -10.275879 7.345433 0.000000 1.000000 
-23.236053 119.244133 10.215307 -5.518356 10.296329 1.000000 1.000000 
-33.133743 117.155174 10.568814 -11.620506 5.787899 0.000000 0.000000 
35.653946 116.754753 1.335685 -12.804161 5.473252 0.000000 0.000000 
40.962524 115.871170 3.486717 -11.886108 5.433037 0.000000 0.000000 
-7.276299 123.246246 -4.716805 -9.033974 9.143833 0.000000 0.000000 
-7.485185 123.333939 -5.504673 -8.202042 10.222534 0.000000 1.000000 
-30.953938 119.985863 11.426742 -3.180161 11.060410 0.000000 0.000000 
-34.017521 119.522446 9.372690 -7.154312 9.967670 0.000000 0.000000 
-31.779110 120.559883 11.243377 -4.956062 9.069424 0.000000 0.000000 
-35.327377 120.370995 11.213693 -12.153046 4.173417 0.000000 0.000000 
-35.136856 121.026207 13.327283 -10.217537 8.395084 0.000000 0.000000 
36.698086 120.634483 2.731586 -6.603836 7.245636 0.000000 0.000000 
-35.197975 121.874863 12.658252 -4.916931 9.890202 0.000000 0.000000 
36.373314 121.634705 2.134934 -3.681946 10.287540 0.000000 0.000000 
-33.533901 122.827415 11.429008 -3.567833 9.311462 0.000000 0.000000 
-33.748135 123.185417 13.747804 -5.778549 8.401073 0.000000 0.000000 
-32.164261 123.928802 11.303830 -11.583588 6.710442 0.000000 0.000000 
-32.350826 123.920334 12.737631 -10.693108 6.036553 0.000000 0.000000 
-32.987377 124.194870 13.120801 -11.403427 5.574585 0.000000 0.000000 
-33.477398 124.071617 11.421512 -10.517311 7.129723 0.000000 0.000000 
-32.956730 124.252663 12.678350 -3.259064 10.786083 0.000000 0.000000 
-21.599304 126.884888 -9.433581 -8.784256 9.349243 0.000000 0.000000 
-21.639872 126.934669 4.293687 -10.242531 6.981045 0.000000 0.000000 
-21.335514 127.355637 -8.933984 -1.505058 13.184025 0.000000 0.000000 
-22.816694 127.310524 2.843000 -4.888046 11.584003 0.000000 0.000000 
-21.307306 127.776978 -10.104533 -4.348732 9.883995 0.000000 0.000000 
-22.300463 128.081528 5.108331 -3.282982 12.134148 0.000000 0.000000 
-21.145483 128.363129 -9.317257 -4.731873 9.394482 0.000000 0.000000 
-23.541124 127.962837 4.851370 -4.802681 11.305046 0.000000 0.000000 
-21.500364 128.395477 -10.213274 2.571426 15.179737 0.000000 0.000000 
-21.200373 128.626221 -3.489687 7.784210 19.425734 1.000000 1.000000 
-20.980492 128.730865 -7.940915 -4.424843 11.947475 0.000000 0.000000 
-22.807621 128.836227 3.333602 -6.446556 8.682060 0.000000 0.000000 
-24.337900 128.929428 2.432362 -15.041069 7.647580 0.000000 0.000000 
-21.232977 129.586517 -3.303911 10.769058 23.505114 0.000000 0.000000 
-21.540297 129.599197 -9.877150 -8.849632 4.464196 1.000000 1.000000 
-21.378674 129.882156 -2.738363 12.470009 23.749895 0.000000 0.000000 
-21.652672 129.989532 3.489332 -0.567932 15.926815 0.000000 0.000000 
-20.910955 130.305176 1.138411 -12.586227 1.754322 1.000000 1.000000 
-21.410427 130.293243 -3.081608 5.002090 17.772364 1.000000 1.000000 
-22.563524 130.137619 3.302861 -0.771690 16.700819 0.000000 0.000000 
-20.847349 130.437973 2.941912 -7.984993 7.127076 1.000000 1.000000 
-23.270224 130.382324 3.231913 -1.705719 11.509708 0.000000 0.000000 
53.616760 120.928825 3.254560 -5.685249 8.417461 0.000000 1.000000 
-22.030413 130.840118 -1.815694 12.340614 24.252146 1.000000 1.000000 
-21.923601 131.427429 0.276945 -12.678329 2.024506 1.000000 1.000000 
-21.970568 131.430191 -1.699064 16.323715 26.045839 0.000000 0.000000 
-22.116125 131.408295 -2.300985 15.015785 27.488050 0.000000 0.000000 
-22.029333 131.574875 -1.860429 18.066353 29.450445 0.000000 0.000000 
-19.686655 132.387268 3.022262 5.813583 21.715652 0.000000 0.000000 
-20.119921 132.355469 5.491444 5.200668 21.818228 0.000000 0.000000 
-21.110062 132.345856 5.907536 5.082153 22.111542 0.000000 0.000000 
-20.064922 132.566223 4.081075 11.527527 23.392542 0.000000 0.000000 
-19.797552 132.850067 -9.959599 6.673309 19.599216 0.000000 0.000000 
-20.284750 133.212738 -9.247684 2.206894 15.692749 0.000000 0.000000 
-19.858027 133.334686 1.954309 4.924903 17.731916 0.000000 0.000000 
-20.072657 133.363464 0.535928 -3.465218 9.599739 0.000000 0.000000 
-20.382627 133.614166 2.964330 -6.152672 9.622059 0.000000 0.000000 
-20.204451 133.869934 3.271771 5.217712 17.186872 1.000000 1.000000 
-22.103210 133.680420 -10.832610 -7.745827 7.926487 0.000000 0.000000 
-22.323425 133.690491 2.048647 -0.080513 13.947433 0.000000 0.000000 
-8.276898 135.366547 -5.905852 -2.541641 13.490692 0.000000 0.000000 
-8.251438 135.392853 -5.870271 -3.039871 15.052620 0.000000 1.000000 
7.241732 136.190063 -5.116107 6.211723 20.205164 0.000000 0.000000 
-22.123177 135.100952 2.603559 -7.621178 8.679192 0.000000 0.000000 
-22.793644 135.192627 3.512013 -4.266891 8.778744 0.000000 0.000000 
-23.596033 135.160767 6.541754 -6.995987 7.426991 0.000000 0.000000 
-22.548388 135.359650 5.371337 -4.158043 10.383350 1.000000 1.000000 
-23.821486 135.243256 -9.435222 -4.715897 9.174873 0.000000 0.000000 
-22.491777 135.657806 3.901493 -8.843384 4.725266 1.000000 1.000000 
40.468262 131.558548 3.472206 -1.766792 11.537907 0.000000 1.000000 
39.940815 131.825836 3.778984 -0.323792 11.497002 0.000000 0.000000 
-22.185341 136.084778 -4.319971 0.141182 12.829517 0.000000 0.000000 
-22.184578 136.865143 -2.076593 -6.580856 6.933075 0.000000 0.000000 
-21.781961 136.931793 -1.623110 -7.890884 6.704983 0.000000 0.000000 
-20.785048 137.094696 -1.085073 -9.088867 5.790635 0.000000 0.000000 
-22.605291 137.210938 -2.225973 -5.426537 8.949905 0.000000 0.000000 
-22.790020 137.297943 -0.213009 -4.181435 7.524598 0.000000 0.000000 
-22.865685 137.336609 -1.776554 -4.846451 6.544713 0.000000 0.000000 
-22.435984 137.586182 -1.014242 -5.329750 7.319260 0.000000 0.000000 
-22.709932 137.613037 0.885889 -12.725922 4.736779 0.000000 0.000000 
-23.747753 138.642303 2.531907 -12.145302 3.256939 0.000000 0.000000 
-22.825937 139.107117 2.223320 -4.484535 9.028000 0.000000 0.000000 
-22.250727 139.487762 -1.103769 -3.665367 9.702984 0.000000 0.000000 
-23.266945 139.544403 -0.729916 -2.120285 9.930477 0.000000 0.000000 
-22.946447 139.667755 -0.812189 -4.288048 9.069611 0.000000 0.000000 
-22.769577 139.838562 0.213269 -2.159027 9.692535 0.000000 0.000000 
-23.645300 139.710480 2.436676 -1.134438 10.049606 0.000000 0.000000 
-21.207521 140.162811 -1.097899 -3.270248 10.954041 0.000000 0.000000 
-23.468685 140.212463 2.909948 -7.453667 8.005142 0.000000 0.000000 
-23.225077 140.282867 1.983427 -7.504349 5.944203 0.000000 0.000000 
-23.407227 140.458496 4.784047 -0.491653 10.658146 0.000000 0.000000 
-22.685743 140.755524 5.144153 -1.962997 10.267628 0.000000 0.000000 
-23.167013 140.706085 4.895713 1.384087 12.835209 0.000000 0.000000 
-23.328346 140.703644 5.294999 -1.016655 10.402653 0.000000 0.000000 
-23.367460 140.931152 5.496498 -5.183693 7.178181 0.000000 0.000000 
-23.141178 140.971252 4.490648 -4.462959 7.187191 0.000000 0.000000 
-22.893299 141.548492 -2.518593 -9.897430 5.472973 0.000000 0.000000 
-25.162287 141.562775 3.375848 -10.083923 5.483651 0.000000 0.000000 
-23.536280 141.914337 4.142777 -6.535782 5.892693 1.000000 1.000000 
-23.685884 143.625458 -3.043493 -9.058496 4.473279 0.000000 0.000000 
-23.616323 145.405975 4.728614 -4.996445 8.043549 0.000000 0.000000 
-23.943066 145.693817 1.031788 -7.053619 6.032834 0.000000 0.000000 
-24.044750 145.734070 2.604100 -7.665138 5.227070 0.000000 0.000000 
-23.792084 146.355377 0.550179 -11.125298 1.717987 1.000000 1.000000 
-23.638395 146.732574 -11.898016 -3.855118 7.908139 0.000000 0.000000 
-23.839447 146.889771 -9.989452 -1.029472 9.448376 0.000000 0.000000 
-23.828995 146.940552 5.202871 -2.484390 7.232876 0.000000 0.000000 
-23.819828 147.063202 3.718973 0.759460 11.847031 0.000000 0.000000 
-22.899540 147.673401 -2.523915 3.835152 16.468735 0.000000 0.000000 
-24.067575 147.487885 -3.118840 6.674088 18.605894 0.000000 0.000000 
-24.326462 147.493622 0.309308 4.778572 14.251469 0.000000 0.000000 
-22.075397 148.182648 3.568262 0.794365 11.704124 0.000000 0.000000 
-25.232012 148.659241 0.153929 -4.431999 8.593494 1.000000 1.000000 
-35.129044 148.353607 11.727494 -5.594032 6.472573 0.000000 0.000000 
-33.941692 148.670807 11.553017 -9.058884 6.001698 0.000000 0.000000 
-35.049358 148.759705 12.504655 -6.051895 7.060311 0.000000 0.000000 
-33.333542 149.620880 12.596167 -5.225212 8.157303 0.000000 0.000000 
-25.160809 151.683990 -10.704309 -9.086205 5.050419 0.000000 0.000000 
-24.796797 152.078949 0.254548 -9.097420 3.482220 0.000000 0.000000 
-23.141676 152.459442 -1.621218 -7.861839 5.180829 0.000000 0.000000 
-24.157694 152.762787 -11.878764 -7.973557 8.410000 0.000000 0.000000 
-25.911169 152.639923 -1.367830 -4.127907 8.578194 0.000000 0.000000 
-23.458456 153.324677 -9.924178 2.780968 13.047485 0.000000 0.000000 
-22.971464 153.758209 0.376853 -4.754082 7.374310 0.000000 0.000000 
-23.623251 153.825653 0.989810 -3.171379 7.450100 0.000000 0.000000 
-22.770679 154.130005 1.626626 -10.510635 4.760270 0.000000 0.000000 
-23.282907 154.173920 1.963333 -5.443634 7.025963 0.000000 0.000000 
-26.432535 153.985321 -3.670135 -7.197594 5.899064 0.000000 0.000000 
-25.338486 154.331146 5.856478 1.010536 11.208725 0.000000 0.000000 
-22.974163 154.757507 5.953629 -2.902130 8.595772 0.000000 0.000000 
-22.764698 154.798889 4.562904 -5.140274 6.748570 0.000000 0.000000 
-23.689146 154.676270 5.558724 -2.366135 9.607437 0.000000 0.000000 
-23.107605 155.455994 -11.379221 -3.074089 7.004124 0.000000 0.000000 
-23.731939 155.379120 -0.809050 -7.361092 5.707520 0.000000 0.000000 
-23.995987 155.365692 -1.567514 -5.320976 7.100407 0.000000 0.000000 
-23.435484 155.707031 -3.419343 -10.073021 3.805969 0.000000 0.000000 
-30.801006 154.927979 7.932343 -5.219162 9.583366 0.000000 0.000000 
-31.077612 154.969879 9.354567 -0.085114 13.791733 0.000000 0.000000 
-29.194050 155.768188 9.333714 -10.087570 6.559571 0.000000 0.000000 
-31.792885 155.449860 9.139109 -4.160355 7.170155 0.000000 0.000000 
-30.993811 155.617645 9.309188 -5.857986 7.956742 0.000000 0.000000 
-31.496456 155.517029 10.910231 -5.003632 7.441575 0.000000 0.000000 
-25.425369 156.977936 -1.298260 -9.360977 3.635044 1.000000 1.000000 
-26.251457 157.283295 -2.120782 4.026763 12.893929 0.000000 0.000000 
-31.171524 156.364960 -7.005832 -5.613487 7.600235 0.000000 0.000000 
-26.270086 157.566437 -2.155854 0.575874 11.855774 0.000000 0.000000 
-34.464767 156.329712 2.556488 -7.361740 8.592865 0.000000 0.000000 
-25.733774 158.137848 -1.077941 2.777557 13.729172 0.000000 0.000000 
-25.914673 158.114014 -1.768019 2.657578 13.454453 0.000000 0.000000 
-34.296780 156.543304 12.294104 -0.878838 11.689072 0.000000 0.000000 
-25.196293 158.854675 0.546315 -8.160820 3.762696 1.000000 1.000000 
-25.674004 158.878845 0.201812 -1.794792 8.320065 0.000000 0.000000 
-24.465612 159.163330 -0.515671 1.284172 11.430168 0.000000 0.000000 
-25.429331 159.036865 -0.735503 -1.624039 9.365612 0.000000 0.000000 
-24.902742 159.126923 -7.183067 4.620483 12.585903 0.000000 0.000000 
-25.663761 159.044678 -5.347806 -0.818024 11.397667 0.000000 0.000000 
-25.216272 159.224731 -2.146933 1.944916 12.784122 1.000000 1.000000 
-25.910057 159.431519 6.107145 2.048706 11.966587 0.000000 0.000000 
-25.973827 159.648254 -3.082451 2.453308 12.043037 0.000000 0.000000 
-25.058464 159.825287 -1.593366 6.501572 17.869751 0.000000 0.000000 
-25.301865 159.867462 -2.548774 1.246201 11.502716 0.000000 0.000000 
-25.823393 159.835388 -2.191536 5.301514 16.432564 0.000000 0.000000 
-23.960865 160.630005 1.663137 -4.352325 7.587971 0.000000 0.000000 
-23.883379 160.750183 -0.076091 -1.606979 8.157780 0.000000 0.000000 
-26.338528 160.426605 3.993664 -2.089531 7.357445 0.000000 0.000000 
-24.185316 161.086548 -5.928072 -7.444344 4.964573 0.000000 0.000000 
-25.164873 161.307953 -2.311570 -4.207520 11.875248 0.000000 0.000000 
-25.300989 161.338165 -3.561304 -1.449303 12.439148 0.000000 0.000000 
-28.693508 160.767242 -2.538960 -4.714951 5.813710 0.000000 0.000000 
-23.337122 161.715576 -3.680769 -4.885948 6.615181 0.000000 0.000000 
-24.463249 161.687286 5.387570 -3.609100 5.768677 0.000000 0.000000 
-23.871153 161.933105 -2.987000 -3.987740 6.507069 0.000000 0.000000 
-25.793957 161.995972 -0.266329 -7.162140 5.136475 0.000000 0.000000 
-26.065392 162.001953 -1.625743 -13.292313 4.562317 0.000000 0.000000 
-25.122896 163.028870 -0.974366 -5.496429 5.035496 0.000000 0.000000 
-23.624201 163.667755 -1.526038 -10.847023 3.357861 0.000000 0.000000 
-22.885668 163.858551 -1.118806 -7.606888 5.062714 0.000000 0.000000 
-24.924700 163.930847 -1.621136 -8.724075 3.860474 1.000000 1.000000 
-25.727432 164.741882 -3.387586 -10.579758 4.639023 0.000000 0.000000 
-26.018829 165.075043 -1.395491 -4.773552 6.743397 0.000000 0.000000 
-25.844124 165.682098 -1.229661 -6.473366 5.550614 0.000000 0.000000 
-25.367474 165.972382 -2.133239 -5.390724 5.299622 0.000000 0.000000 
-25.104929 166.051300 -0.515220 0.040886 9.118237 0.000000 0.000000 
-25.322309 166.023041 -1.137939 1.590981 8.911499 0.000000 0.000000 
-25.481207 166.148926 0.997932 -6.059975 5.235123 0.000000 0.000000 
-24.647919 166.326019 1.955491 -6.812157 5.003232 1.000000 1.000000 
-25.741674 166.582306 -3.020100 -7.643257 5.198082 0.000000 0.000000 
-25.051394 166.698944 -2.057781 -4.037338 5.953862 0.000000 0.000000 
-25.768215 166.707672 -1.954886 -3.895889 6.968594 0.000000 0.000000 
-26.829145 166.605896 -7.671514 -5.415977 6.144616 0.000000 0.000000 
-23.873081 167.631409 4.473481 1.249153 13.662128 0.000000 0.000000 
-22.634159 167.938934 -3.613749 -1.891304 8.577564 0.000000 0.000000 
-24.597837 167.658295 -7.576611 0.806740 12.011284 0.000000 0.000000 
-24.115496 168.007080 -8.201657 -9.220886 3.868023 0.000000 0.000000 
-24.719294 168.816223 -2.730555 0.104706 9.891266 0.000000 0.000000 
-23.810497 169.318268 -3.582497 -6.402580 5.683541 0.000000 0.000000 
-23.604479 169.363281 -2.923458 -4.776207 5.196938 0.000000 0.000000 
-25.769466 169.103363 -3.255830 -6.359940 4.478852 0.000000 0.000000 
-23.566935 169.516663 -2.078951 -8.379257 4.236672 0.000000 0.000000 
-26.607811 169.290863 -4.285543 -10.377548 3.530377 1.000000 1.000000 
-25.042435 169.590515 -2.741997 -5.487007 6.128994 0.000000 0.000000 
-26.235453 169.902771 -3.046027 -8.608635 4.055604 0.000000 0.000000 
-25.258562 170.460693 5.066497 -3.593727 6.584179 0.000000 0.000000 
-24.439171 170.635315 -3.436062 -10.307968 2.893292 1.000000 1.000000 
-25.090471 170.535950 -9.820763 -5.064377 5.514065 0.000000 0.000000 
-24.340534 170.669891 4.063558 -3.586845 6.704815 0.000000 0.000000 
-24.517517 170.821838 6.886206 -1.279854 8.883148 0.000000 0.000000 
-26.584719 170.717773 -11.551365 -9.461906 3.570732 0.000000 0.000000 
-24.652821 171.341248 5.072033 -7.413696 4.062405 1.000000 1.000000 
-25.844961 171.274567 -1.977071 6.116416 15.166672 0.000000 0.000000 
-26.129929 171.346588 -0.292211 3.385628 12.000690 0.000000 0.000000 
-25.164982 171.793365 3.021379 -0.996239 8.391151 0.000000 0.000000 
-24.628145 171.881256 4.851694 -2.645226 6.443558 0.000000 0.000000 
-26.778046 171.798492 -3.111912 -7.818810 3.982552 1.000000 1.000000 
-25.296938 172.063354 5.575681 -0.265045 8.207237 0.000000 0.000000 
-24.625326 172.190521 5.680865 1.128555 10.214859 0.000000 0.000000 
-22.814899 172.462494 7.878932 -9.532968 4.936669 0.000000 0.000000 
-24.367767 172.418762 4.410686 0.361748 8.923084 0.000000 0.000000 
-23.824608 172.537201 -3.605814 -4.275658 7.468361 0.000000 0.000000 
-25.254219 172.402039 5.544831 1.124306 9.469501 0.000000 0.000000 
-25.875784 172.363434 5.378181 -4.077728 7.140191 0.000000 0.000000 
-23.430895 172.718689 4.162295 -2.748184 5.010941 1.000000 1.000000 
-25.389912 172.650696 5.336975 0.950417 9.875732 0.000000 0.000000 
-27.859922 172.365753 -2.049189 -10.763580 3.840546 1.000000 1.000000 
-24.870865 173.078918 -1.222425 -3.836800 5.630620 0.000000 0.000000 
-23.874029 173.381195 8.223056 -2.999367 7.167580 0.000000 0.000000 
-23.772825 173.739166 -10.994495 0.028175 9.265228 0.000000 0.000000 
-24.267311 173.796051 -0.949885 -3.298943 6.746678 0.000000 0.000000 
-23.616833 173.919617 -1.713595 -2.355698 7.492749 0.000000 0.000000 
-23.848509 173.963776 0.459620 2.318558 9.543312 0.000000 0.000000 
-25.574400 173.775055 -1.909059 -1.533791 7.822205 0.000000 0.000000 
-24.198736 174.139465 -2.842963 -1.123985 7.115933 0.000000 0.000000 
-25.032837 174.403748 -1.827608 -2.064316 6.929154 0.000000 0.000000 
-23.612082 174.860870 -1.850055 -8.155411 4.457150 0.000000 0.000000 
-24.140469 174.852814 0.922111 -12.898819 2.668038 0.000000 0.000000 
-23.536304 175.530731 -1.513729 -7.483353 5.973423 0.000000 0.000000 
-24.758202 175.803833 -2.717158 -3.477989 6.143910 0.000000 0.000000 
-24.073891 176.272186 -1.649185 -9.278320 3.639416 0.000000 0.000000 
-26.019470 176.026428 -2.041516 -2.796249 5.603329 0.000000 0.000000 
-25.116970 176.605286 -2.443295 -9.745781 3.799092 0.000000 0.000000 
-25.408958 177.122009 -4.354878 -6.787994 5.950314 1.000000 1.000000 
-25.629723 177.655884 -2.717474 -6.360184 4.640763 0.000000 0.000000 
-24.826294 177.779694 -3.874795 3.249298 10.745472 0.000000 0.000000 
-25.701035 177.817963 -3.581163 2.104324 11.600060 0.000000 0.000000 
-26.345522 177.760742 0.696955 -3.471237 5.594319 0.000000 0.000000 
-25.831898 179.588623 -14.562551 -7.369080 5.157677 0.000000 0.000000 
-24.867199 179.846161 -3.156710 -3.406303 7.122429 1.000000 1.000000 
-26.566101 179.928802 4.416080 -6.917175 3.685642 0.000000 0.000000 
-23.970636 180.304108 -1.130531 -7.717010 4.833222 0.000000 0.000000 
-24.134047 180.642151 -2.188277 4.059738 12.273243 0.000000 0.000000 
-24.820879 180.555450 -2.381924 2.234917 11.920429 0.000000 0.000000 
-24.824802 180.576050 -3.613560 7.062119 14.957710 0.000000 0.000000 
-24.247654 180.702911 -1.070909 -3.787437 6.189030 0.000000 0.000000 
-24.273382 180.940308 -3.876222 4.246398 11.190109 0.000000 0.000000 
-25.190214 180.867828 9.415998 -0.106483 8.230629 0.000000 0.000000 
-25.619637 180.846039 -1.750895 -10.741119 3.222119 0.000000 0.000000 
-25.177996 180.994049 -2.351482 -5.641327 4.048520 0.000000 0.000000 
-24.724918 181.464264 -2.120355 -7.727211 4.540455 0.000000 0.000000 
-24.131344 181.734802 -1.542508 -8.941414 3.409550 0.000000 0.000000 
-24.557137 181.702820 0.442075 -3.334946 5.397477 0.000000 0.000000 
-24.815067 181.917542 -1.541896 0.593948 8.834328 0.000000 0.000000 
-24.954868 181.990936 -3.308029 -4.173004 6.048256 0.000000 0.000000 
-25.033924 182.311737 -2.480534 -0.457909 7.522046 0.000000 0.000000 
-25.020479 182.405823 -0.057766 -0.667603 6.129666 0.000000 0.000000 
-24.959740 182.475952 1.566610 -7.605675 2.886029 0.000000 0.000000 
-26.688652 183.796326 -2.955376 -5.526886 3.155384 0.000000 0.000000 
-24.210663 184.871613 -12.634076 -3.586929 5.819172 0.000000 0.000000 
-25.667994 184.836975 -4.908323 -7.970711 2.475106 0.000000 0.000000 
-24.973846 185.409546 -8.831109 -9.593674 3.560066 0.000000 0.000000 
-26.199413 185.671265 -12.108806 -6.540215 3.476502 0.000000 0.000000 
-27.382835 185.896454 5.069006 -1.693169 7.520344 0.000000 0.000000 
-26.841833 186.034790 4.903516 0.034325 7.774918 0.000000 0.000000 
-25.872049 186.184235 -11.958023 -3.969543 5.191384 0.000000 0.000000 
-27.122910 186.368805 0.653583 -7.548828 4.977879 0.000000 0.000000 
-25.726856 186.975555 0.789784 5.056137 11.434368 0.000000 0.000000 
-25.870682 186.957001 5.710852 0.845551 8.119804 0.000000 0.000000 
-25.591190 187.030975 4.518957 -3.099236 5.606987 0.000000 0.000000 
-26.357361 187.322510 -11.178290 -0.984512 7.494606 0.000000 0.000000 
-26.799599 187.470886 -5.580808 -7.147247 3.892388 0.000000 0.000000 
-27.549469 188.011230 -12.926887 -5.281578 4.469128 0.000000 0.000000 
-26.753223 188.190613 6.132656 -6.297333 4.265290 0.000000 0.000000 
-25.618450 189.232727 -0.945829 -9.339760 6.372906 0.000000 0.000000 
-27.052666 189.131744 -15.341132 -8.327209 7.625123 0.000000 0.000000 
-26.225346 189.275208 -14.773350 -6.588989 4.791665 0.000000 0.000000 
-24.958900 191.709381 -0.644002 -7.942116 2.987843 0.000000 0.000000 
-30.319796 197.418243 6.733690 -4.042686 4.587071 0.000000 0.000000 
-29.889984 198.250366 1.820498 -3.705383 2.612908 1.000000 1.000000 
33.930450 197.890167 4.652345 -5.090446 4.715470 0.000000 0.000000 
33.726604 198.020294 5.357893 -5.564697 4.573433 0.000000 0.000000 
-36.945690 198.248779 8.354853 -3.965820 5.818432 0.000000 0.000000 
-36.459167 198.833099 14.907019 -2.261177 5.932526 0.000000 0.000000 
-37.121212 199.116089 13.490458 4.970497 10.279343 0.000000 0.000000 
-33.464962 200.622437 16.136021 -1.528366 5.404442 0.000000 0.000000 
-33.320084 200.700653 11.380322 1.022789 7.572987 0.000000 0.000000 
-31.584984 203.181213 8.061566 -7.178917 4.232007 0.000000 0.000000 
-34.215145 202.839752 12.305585 -1.421967 5.095139 0.000000 0.000000 
-33.621334 205.269440 -4.801296 -3.066200 3.782471 0.000000 0.000000 
-33.292049 205.546844 -4.452445 -4.866104 3.399605 0.000000 0.000000 
-25.864752 207.580933 -1.080309 -9.236473 3.299320 0.000000 0.000000 
-30.045759 217.791809 5.763983 -5.628708 3.878567 0.000000 0.000000 
-28.517555 218.901642 -12.641897 -4.282211 4.956067 0.000000 0.000000 
-27.065580 219.224548 2.884864 -6.397781 3.633511 0.000000 0.000000 
-27.929913 219.153687 3.172646 -4.706017 2.859764 0.000000 0.000000 
-35.564575 248.047791 -3.996977 1.326241 4.491150 0.000000 0.000000 
-35.863083 248.013184 -3.450838 2.667641 5.622777 0.000000 0.000000 
-34.710052 250.178955 -0.327121 -1.094719 2.950577 0.000000 0.000000 
