ply
format ascii 1.0
comment Created by CloudCompare v2.14.beta (Feb  3 2026)
comment Created 2026-05-11T16:16:51
obj_info Generated by CloudCompare!
element vertex 1551
property float x
property float y
property float z
property float rcs
property float snr
property float v
property float label
end_header
12.321733 -40.218647 -10.443368 0.512062 24.432766 0.000000 1.000000 
11.397372 -40.534863 -12.075677 1.465668 22.759350 0.000000 1.000000 
-5.233801 -42.445068 -16.888552 -7.560425 22.686951 0.000000 1.000000 
18.009138 -39.688763 -14.425427 -2.642769 22.008650 0.000000 1.000000 
-6.035444 -48.575954 -9.903608 -3.390190 19.426693 0.000000 1.000000 
-6.307804 -49.310936 -12.859664 0.382301 21.677568 0.000000 1.000000 
-19.985718 -57.132507 -11.059717 1.511604 19.449776 0.000000 1.000000 
32.732914 -6.877416 -13.639131 -3.504311 26.020300 0.000000 1.000000 
-14.896079 -33.185070 -10.249401 -4.904182 22.903326 0.000000 1.000000 
43.166462 17.126354 -15.239753 0.279755 21.933706 0.000000 1.000000 
6.369302 -56.799732 -12.097602 4.462006 23.668591 0.000000 1.000000 
55.991055 16.240543 -6.734174 6.903694 21.857225 1.000000 1.000000 
16.316399 -59.961597 -23.913649 2.707153 20.469074 1.000000 1.000000 
57.554684 -31.935356 -13.395480 14.406540 27.957325 0.000000 1.000000 
92.081261 -11.532997 -14.142918 9.036690 20.133467 0.000000 1.000000 
113.830917 -8.254414 -18.299715 11.601822 19.375549 0.000000 1.000000 
114.517227 -6.827351 -23.034189 13.868690 18.582926 0.000000 1.000000 
114.621620 -6.658777 -19.849876 13.017937 18.648130 0.000000 1.000000 
5.079935 -116.088974 -9.616164 11.513283 19.346415 0.000000 1.000000 
191.446899 67.167542 -24.368896 20.010597 15.273533 0.000000 1.000000 
0.070935 29.274645 -10.628762 -14.850700 24.597130 0.000000 1.000000 
23.575338 22.806763 -12.647875 4.757355 24.343054 0.000000 1.000000 
7.686074 45.509926 -13.407364 -18.065521 15.924202 0.000000 1.000000 
5.284579 46.303932 -11.918292 -16.486893 17.747189 0.000000 1.000000 
7.956384 48.872303 -13.759136 -13.543396 17.510593 0.000000 1.000000 
6.395857 60.149723 -18.325809 -15.475891 13.452370 0.000000 1.000000 
6.757392 61.265984 -17.306993 -22.166351 10.238365 0.000000 1.000000 
15.860312 62.803352 -23.550198 -15.442078 10.208378 0.000000 1.000000 
-22.283447 62.305199 -25.420723 -13.527695 11.769650 1.000000 1.000000 
-31.709532 59.396790 -25.080923 -15.159363 13.164944 0.000000 1.000000 
-30.146139 60.285133 -21.589386 -9.142494 16.447844 0.000000 1.000000 
-30.746096 59.975502 -23.510548 -4.059349 18.266275 0.000000 1.000000 
-13.325526 67.128662 -25.101961 -14.320198 11.971695 0.000000 1.000000 
-33.132870 62.230522 -20.102322 -8.430557 16.720261 0.000000 1.000000 
-10.884183 75.905952 -29.424633 -13.245850 12.413094 0.000000 1.000000 
25.249067 74.895096 -25.032997 -11.748894 10.169312 0.000000 1.000000 
-36.707432 70.459030 -31.798956 -12.888283 10.962730 0.000000 1.000000 
-22.220911 78.406357 -29.977772 -12.315285 13.561611 0.000000 1.000000 
-34.865040 73.860435 -23.991930 -3.907478 14.958050 0.000000 1.000000 
-30.302856 80.280556 -26.494383 -11.571457 9.524498 0.000000 1.000000 
42.726452 77.261299 -33.016148 0.314713 15.862869 0.000000 1.000000 
41.927147 77.952408 -32.983765 0.766563 17.764128 0.000000 1.000000 
42.519730 77.717239 -33.790985 -3.056343 13.850945 0.000000 1.000000 
-32.812916 84.210342 -24.788830 -13.547432 7.992203 0.000000 1.000000 
-36.154629 83.371849 -32.295246 -7.495560 11.508408 0.000000 1.000000 
-18.031605 89.597023 -36.635948 -12.940497 12.033478 1.000000 1.000000 
-36.552517 83.958626 -33.352699 -12.542747 8.205486 1.000000 1.000000 
-35.179390 85.154228 -24.015385 -8.740303 9.826458 0.000000 1.000000 
-38.186256 84.633255 -31.510801 -6.737373 11.168484 0.000000 1.000000 
-37.715961 84.995216 -28.820002 -10.494995 8.991730 0.000000 1.000000 
-31.231817 89.448494 -38.097752 -14.898384 7.534417 0.000000 1.000000 
12.262759 97.766296 -23.489801 -14.608856 6.827179 0.000000 1.000000 
-14.959431 102.112022 -39.965782 -12.602020 10.283516 0.000000 1.000000 
-20.907957 101.466019 -39.145676 -12.042183 10.758129 0.000000 1.000000 
-31.619919 102.187393 -32.629436 -7.368217 8.943790 0.000000 1.000000 
55.558731 102.980797 -18.643204 -7.946434 6.127018 0.000000 1.000000 
44.653786 110.531288 -27.662785 -7.331131 7.991261 0.000000 1.000000 
-33.509018 120.102371 -42.860344 -12.691841 7.242363 0.000000 1.000000 
-36.962933 122.269821 -37.387451 -5.289787 7.584561 0.000000 1.000000 
-23.479893 129.597214 -49.699394 0.327644 14.346756 0.000000 1.000000 
43.499714 128.873535 -50.499939 -5.378716 9.204071 0.000000 1.000000 
-24.221115 140.416412 -51.991188 -8.995827 7.039223 0.000000 1.000000 
55.541004 -53.046810 21.472282 15.891670 26.729567 0.000000 1.000000 
56.084839 -52.698994 21.459440 18.999451 30.440340 0.000000 1.000000 
55.374722 -59.165470 23.899147 4.775139 16.110210 0.000000 1.000000 
113.847916 -10.344598 21.422718 12.279312 18.060108 0.000000 1.000000 
113.955948 -9.734801 20.890030 12.850037 18.369810 0.000000 1.000000 
193.594711 60.744446 57.997433 19.712997 13.953018 0.000000 1.000000 
-8.866229 61.829037 24.210751 -17.610397 11.160118 0.000000 1.000000 
-29.448244 63.978798 27.627537 -10.050461 15.014244 0.000000 1.000000 
-31.671446 68.171974 30.618793 0.139153 20.961494 0.000000 1.000000 
-10.315795 75.283028 22.472076 -4.610146 19.850151 0.000000 1.000000 
-10.768537 76.079895 21.098022 -9.827347 16.354656 0.000000 1.000000 
2.971076 78.986763 30.319880 -15.985184 11.125759 0.000000 1.000000 
25.476801 76.592728 30.553673 -12.937309 13.827610 0.000000 1.000000 
24.513317 80.384933 23.563366 -8.885841 16.097874 0.000000 1.000000 
-27.624048 80.711014 28.194792 -7.092575 17.010920 0.000000 1.000000 
-31.989225 79.944778 23.411594 -2.600174 16.451872 0.000000 1.000000 
26.417305 83.925293 27.158693 -11.993675 11.002171 0.000000 1.000000 
41.934586 77.912415 26.768225 -2.915390 15.568096 0.000000 1.000000 
2.117328 91.521637 24.323849 -16.299080 9.259277 0.000000 1.000000 
-36.845123 83.808136 35.140255 -10.831345 9.893799 0.000000 1.000000 
-36.916649 83.827339 34.436680 -9.228172 11.018116 0.000000 1.000000 
14.532823 91.673714 25.839020 -14.259871 10.173458 0.000000 1.000000 
44.986183 88.359161 27.460598 -10.014549 7.227700 0.000000 1.000000 
-31.598242 98.973373 33.613209 -9.951241 10.000484 0.000000 1.000000 
97.641838 68.503441 22.977982 8.193001 7.662838 0.000000 1.000000 
-35.742077 120.230057 44.404961 -10.695877 7.477822 0.000000 1.000000 
-34.428070 120.686302 23.939951 -7.610374 8.866825 0.000000 1.000000 
-34.815735 121.528084 24.681280 -12.024940 5.454381 0.000000 1.000000 
-24.091536 148.221588 45.007889 -2.385071 7.577027 0.000000 1.000000 
87.125076 130.595795 38.574284 -0.163673 5.458165 0.000000 1.000000 
-79.368568 142.280609 22.487236 -2.808769 6.713089 0.000000 1.000000 
118.497612 142.820251 23.447886 7.700974 6.497735 0.000000 1.000000 
14.043604 -28.372871 -8.177277 3.191628 29.223358 0.000000 1.000000 
-14.444919 -33.833317 -6.780024 -4.231590 22.134186 0.000000 1.000000 
-1.708499 -37.434307 11.106960 6.321800 33.176037 0.000000 1.000000 
10.659476 -39.617859 -7.061389 -1.028900 22.988525 0.000000 1.000000 
31.063835 -9.393133 -7.401744 -6.879135 23.363802 0.000000 1.000000 
56.135105 8.243680 14.784877 4.678780 21.744995 0.000000 1.000000 
57.096069 5.302300 13.542285 13.351784 30.053268 0.000000 1.000000 
55.101974 18.564552 15.009167 4.823662 20.360558 0.000000 1.000000 
77.098312 -12.282696 8.595973 2.464752 16.096317 0.000000 1.000000 
83.270164 -10.675032 11.129542 5.249786 18.041042 0.000000 1.000000 
68.934090 -118.670380 19.096659 14.262993 17.568111 0.000000 1.000000 
-10.252439 25.282522 -4.596427 -12.507408 25.543768 0.000000 1.000000 
-13.197126 28.708008 -4.381834 -18.059608 19.615086 0.000000 1.000000 
-16.183834 33.392036 -7.910028 -6.969673 23.745518 0.000000 1.000000 
16.017387 46.386665 19.410120 -10.172981 20.326237 0.000000 1.000000 
-15.051139 61.075989 -8.183287 -21.620262 10.086811 0.000000 1.000000 
30.871202 54.374348 -10.220408 -11.593010 10.597969 0.000000 1.000000 
16.819437 61.526028 -10.114244 -16.410866 12.363022 0.000000 1.000000 
20.422249 62.035587 -7.798184 -6.315147 18.928135 0.000000 1.000000 
26.965168 60.398350 -10.354465 -1.382187 20.260899 0.000000 1.000000 
22.617104 64.947861 -11.633891 -17.022766 9.368816 0.000000 1.000000 
-9.387511 73.514702 -8.516040 -6.234978 17.747595 0.000000 1.000000 
-28.403374 69.419373 -10.695516 -8.382889 15.836628 0.000000 1.000000 
-10.769223 74.777863 -6.889791 -6.750824 19.629578 0.000000 1.000000 
-32.170612 76.571678 -11.409160 -2.476524 18.365910 0.000000 1.000000 
-27.827215 79.691254 -12.779321 -7.499405 15.322239 0.000000 1.000000 
-39.293743 75.903130 -9.749493 -5.613853 17.733929 0.000000 1.000000 
52.943382 68.334358 -6.685647 7.663651 18.571102 0.000000 1.000000 
12.535644 90.016212 -12.865001 -5.940689 17.286198 0.000000 1.000000 
-35.053036 83.761185 -9.590267 -9.440041 10.758778 0.000000 1.000000 
68.988403 59.447369 13.281022 3.397171 8.496582 0.000000 1.000000 
-14.535975 96.748398 -11.034986 -7.307678 10.263824 0.000000 1.000000 
-14.489697 96.942505 -10.098817 -7.078400 11.940804 0.000000 1.000000 
-30.643185 98.290535 -13.832039 -12.699066 5.915745 0.000000 1.000000 
33.062859 98.494995 -10.927510 -12.757637 6.916203 0.000000 1.000000 
-30.825788 99.842567 -13.825799 -6.788193 9.460781 0.000000 1.000000 
-33.448467 100.621185 -14.795063 -12.301880 6.891274 0.000000 1.000000 
-20.185844 106.042824 -14.279054 -16.807518 5.481022 0.000000 1.000000 
38.496468 114.481163 -13.756523 -4.624741 9.492249 0.000000 1.000000 
59.983952 119.867073 -11.079784 7.117226 15.212830 0.000000 1.000000 
-23.020437 137.380341 15.343733 -8.882210 5.529553 0.000000 1.000000 
85.119576 112.309677 16.469109 3.933212 8.864403 0.000000 1.000000 
-25.947943 189.169067 -14.997334 -4.744324 6.676102 0.000000 1.000000 
-25.397940 189.355377 -14.806630 0.034210 7.051320 0.000000 1.000000 
-1.182564 191.830719 -7.232859 0.927475 10.851997 0.000000 1.000000 
-1.038531 191.861908 -7.671494 -2.146858 8.309158 0.000000 1.000000 
-0.380135 191.873596 -6.334122 -0.134315 8.560574 0.000000 1.000000 
-32.920921 195.250244 -15.960248 -1.329224 4.890698 0.000000 1.000000 
-30.101866 218.205353 -15.567008 -4.507980 4.418339 0.000000 1.000000 
-0.416904 -6.057727 -0.235339 -6.272705 48.343941 0.000000 0.000000 
-0.307495 -6.123371 -0.150731 -9.417175 45.379143 0.000000 0.000000 
0.191389 -6.212133 -0.290540 -2.295364 48.670582 0.000000 0.000000 
0.040991 -6.206165 -0.190765 -6.724113 44.587746 0.000000 0.000000 
0.304727 -6.293470 -0.282650 -5.261745 45.257450 0.000000 0.000000 
-0.036574 10.106832 0.106945 -20.495083 32.328690 1.000000 0.000000 
-0.851174 11.143484 -0.026538 -12.684731 32.394547 0.000000 0.000000 
0.052082 12.108841 -0.032223 -12.049446 36.616047 0.000000 0.000000 
0.103815 12.322152 -0.031797 -11.829413 38.588058 0.000000 0.000000 
-0.509685 12.376905 0.022366 -11.662375 37.055309 1.000000 0.000000 
-3.704553 18.519585 0.395163 8.749748 44.644745 0.000000 0.000000 
-3.786711 18.746441 0.233812 9.728607 42.729076 0.000000 0.000000 
-3.691071 18.910122 -0.422229 -2.076736 36.704540 0.000000 0.000000 
0.082458 21.510653 -1.294423 -7.446037 32.480125 0.000000 0.000000 
-4.875572 20.937922 -0.622951 3.740973 39.858978 0.000000 0.000000 
-4.918535 20.931728 -0.753551 2.273415 37.910686 0.000000 0.000000 
0.216903 22.207350 -0.835719 2.336197 34.949848 1.000000 0.000000 
-5.065761 21.623274 -0.709829 0.831894 36.614208 1.000000 0.000000 
0.077901 22.545130 -0.878650 -3.772919 28.525669 0.000000 0.000000 
-0.049470 22.542892 -0.892676 -13.871367 17.771790 1.000000 0.000000 
0.287526 22.864897 -0.826534 19.505768 50.307541 0.000000 0.000000 
0.256231 22.980034 -0.848317 18.046570 50.115845 0.000000 0.000000 
0.038531 23.257473 -0.749113 -6.455971 28.307178 0.000000 0.000000 
0.069318 23.628988 -0.841305 -10.203102 25.570007 1.000000 0.000000 
-35.115837 0.159983 2.768119 -0.560265 26.617554 0.000000 0.000000 
-35.248371 0.121082 1.473381 -4.485855 24.964190 0.000000 0.000000 
-35.261387 0.156020 2.020733 -3.295647 24.240465 0.000000 0.000000 
-35.590763 0.729292 1.985713 -2.460953 26.910316 0.000000 0.000000 
-35.131958 -11.621196 2.914462 0.683281 25.512697 0.000000 0.000000 
-36.945354 -2.851356 1.697644 -0.159760 29.082663 0.000000 0.000000 
-37.484013 -5.229499 -4.880744 -4.549965 21.773661 0.000000 0.000000 
-38.785748 -1.698341 13.333695 -0.946129 25.629856 0.000000 0.000000 
-38.526501 -7.503169 2.138664 -5.560516 24.805107 0.000000 0.000000 
-38.764050 -6.892773 -0.168314 1.269844 25.436913 0.000000 0.000000 
-38.897102 -8.084966 17.142559 -4.453537 23.451946 0.000000 0.000000 
-36.977386 -15.004556 -0.660818 -2.444862 21.345085 0.000000 0.000000 
-40.370148 1.580399 2.641842 -0.197548 25.350321 0.000000 0.000000 
-40.448864 1.101461 1.965354 -1.422638 23.904671 0.000000 0.000000 
-40.677841 1.576875 1.878753 5.225266 30.208368 0.000000 0.000000 
-40.779804 1.583060 1.608127 4.323021 30.763330 0.000000 0.000000 
-42.625587 3.642409 2.319112 3.825644 28.175198 0.000000 0.000000 
-42.634293 3.874536 2.269100 -0.993080 23.617283 0.000000 0.000000 
-38.502178 -19.774609 1.721127 4.667603 27.401236 0.000000 0.000000 
-38.541046 -20.001328 2.345636 8.351639 32.071201 0.000000 0.000000 
-45.739521 -2.958119 1.660061 -3.392914 22.041864 0.000000 0.000000 
-46.103851 -3.934475 1.892114 -2.963699 21.413559 0.000000 0.000000 
-18.410574 -2.538483 -0.260762 3.134644 40.245895 0.000000 0.000000 
-18.678659 -2.122561 -0.284137 7.183249 45.410240 0.000000 0.000000 
-18.679487 -2.130786 -0.322319 7.370131 45.924496 0.000000 0.000000 
-20.360619 -0.871621 -1.089133 4.594223 42.015133 0.000000 0.000000 
-20.360893 -0.885091 -0.977522 3.662628 39.585575 0.000000 0.000000 
-21.185865 -1.328760 -0.798307 -9.242928 29.052429 0.000000 0.000000 
-20.993410 2.855580 3.949205 -8.218903 26.359224 0.000000 0.000000 
-18.644810 -11.493092 1.764662 1.231293 35.582100 0.000000 0.000000 
-18.754391 -11.411090 1.663157 1.768913 33.909180 0.000000 0.000000 
-19.043236 -10.955620 1.663876 -6.989883 28.293200 0.000000 0.000000 
-19.273304 -11.335246 1.659523 -0.854584 32.183605 0.000000 0.000000 
-19.262423 -11.358162 1.265729 1.887062 34.033665 0.000000 0.000000 
-19.823006 -11.235859 1.343672 2.249260 34.458076 0.000000 0.000000 
-19.865011 -11.250321 1.134863 1.304268 35.704559 0.000000 0.000000 
-18.630672 -14.444531 -0.942355 -1.443535 32.750881 0.000000 0.000000 
-18.721882 -14.332044 -1.171072 2.614021 33.156448 0.000000 0.000000 
-21.811234 -15.054582 1.461785 -4.244530 26.115040 0.000000 0.000000 
-30.170019 -1.103060 4.822922 -0.010773 29.735792 0.000000 0.000000 
-30.383474 -0.207509 11.927251 -5.950172 26.607800 0.000000 0.000000 
-20.374208 -24.789238 2.690534 1.927879 27.838840 0.000000 0.000000 
-20.495888 -24.913887 4.082016 3.650040 30.304996 0.000000 0.000000 
-20.429998 -25.618805 3.545137 0.430458 27.061720 0.000000 0.000000 
-21.298117 -28.133518 1.612557 0.251114 25.821827 0.000000 0.000000 
-20.907276 -28.492283 -6.972801 6.686890 32.054482 0.000000 0.000000 
-20.072403 -30.801807 1.149920 -6.671829 19.724825 0.000000 0.000000 
-19.995970 -33.533127 3.728039 -3.287216 22.412836 0.000000 0.000000 
-49.443649 20.327724 1.769849 -2.854576 17.053879 0.000000 0.000000 
-20.079432 -54.738064 3.134298 0.538101 17.189871 0.000000 0.000000 
-20.969204 -40.585426 -6.740098 -1.295044 19.578926 0.000000 0.000000 
-19.743622 -48.502701 2.169141 0.037514 18.408751 0.000000 0.000000 
-17.930901 -58.899353 2.848742 3.838669 19.702028 0.000000 0.000000 
-21.994553 15.917952 0.473195 5.721420 23.386608 0.000000 0.000000 
-20.323984 33.370262 -2.047682 -7.186516 19.445097 0.000000 0.000000 
-6.543648 -6.643946 -0.028189 -12.725883 37.344337 0.000000 0.000000 
-6.866183 -6.532321 0.188260 -11.448479 36.221992 0.000000 0.000000 
-6.267173 -10.734477 -2.899306 -13.509543 31.713846 0.000000 0.000000 
-6.205846 -10.943618 -2.751550 -13.496483 33.248802 0.000000 0.000000 
-6.930776 -10.823388 0.082554 -11.307242 33.717113 0.000000 0.000000 
-6.956849 -10.998006 -0.110193 -10.215912 34.023861 0.000000 0.000000 
-6.721113 -11.223652 0.597019 -11.231537 29.851868 0.000000 0.000000 
-6.536979 -11.725496 -0.701249 -8.126457 33.383617 0.000000 0.000000 
-6.623270 -11.883500 0.021868 -13.740027 29.737045 0.000000 0.000000 
-6.729123 -12.043839 0.126587 -12.780426 29.642275 0.000000 0.000000 
-6.602287 -12.343516 -2.295644 -14.684685 29.375679 0.000000 0.000000 
-5.981149 -12.831421 -0.144527 -12.411026 29.673338 0.000000 0.000000 
-6.119717 -12.838593 0.494397 -8.368004 33.757694 0.000000 0.000000 
-6.204849 -12.808313 -1.862193 -8.879227 33.294804 0.000000 0.000000 
-6.488489 -12.935451 0.757825 -10.044899 33.625187 0.000000 0.000000 
-6.550056 -13.052204 0.504395 -14.783386 29.028704 0.000000 0.000000 
-6.747265 -12.996428 -1.122060 -10.347969 29.789448 0.000000 0.000000 
-6.959249 -12.964231 0.749513 -13.227646 28.251303 0.000000 0.000000 
-6.242453 -13.551565 -0.060768 -12.049933 30.235851 0.000000 0.000000 
-6.065862 -13.704012 -3.784244 -12.448868 29.746199 0.000000 0.000000 
-5.864443 -13.993184 -1.031207 -16.675423 23.859386 0.000000 0.000000 
-6.661961 -13.887201 -0.550048 -13.305099 25.762480 0.000000 0.000000 
-6.226924 -14.152910 -1.291521 -12.917259 26.604959 0.000000 0.000000 
-6.418546 -14.981353 0.077163 -10.346573 27.165720 0.000000 0.000000 
-6.417763 -15.019961 0.191997 -7.782150 29.581348 0.000000 0.000000 
-6.048905 -15.420357 -0.553433 -12.349220 25.539865 0.000000 0.000000 
-5.886219 -15.576883 0.048944 -16.008713 24.487835 0.000000 0.000000 
-6.343781 -15.543453 0.963320 -12.089310 27.493881 0.000000 0.000000 
-6.984272 -15.607338 0.094952 -11.800467 26.683517 0.000000 0.000000 
-6.879858 -15.685035 1.099786 -10.266098 26.536779 0.000000 0.000000 
-6.295761 -16.144485 1.123598 -8.716019 26.948910 0.000000 0.000000 
-6.247620 -16.273506 1.196533 -7.880562 27.359554 0.000000 0.000000 
-6.381224 -16.724979 -2.290518 -8.909218 25.394938 0.000000 0.000000 
-6.109817 -16.881973 -0.952057 -11.873549 25.254211 0.000000 0.000000 
-6.435324 -17.024830 -3.639036 -13.389542 22.396530 0.000000 0.000000 
-6.603841 -17.089336 0.121910 -8.217430 26.172953 0.000000 0.000000 
-6.708668 -17.158333 -0.470957 -7.757362 27.310637 0.000000 0.000000 
-6.908280 -18.599716 2.409531 -7.219749 29.223400 0.000000 0.000000 
-6.891540 -18.711903 -1.022888 -4.603951 30.553135 0.000000 0.000000 
-6.259969 -19.036648 -1.104392 -5.261467 30.929779 0.000000 0.000000 
-6.392380 -20.143143 0.100723 -12.694449 22.793844 0.000000 0.000000 
-6.472641 -23.111248 0.073536 -4.997871 29.466057 0.000000 0.000000 
-6.769547 -24.499798 -0.532600 -6.126556 26.534817 0.000000 0.000000 
-8.023422 -24.849056 3.783108 -10.169533 23.058022 0.000000 0.000000 
-6.030205 -26.640114 -0.021068 -9.000771 23.201900 0.000000 0.000000 
-6.539248 -27.684200 0.429441 -5.483513 26.333582 0.000000 0.000000 
-5.841682 -27.904457 1.219430 -8.114609 24.053335 0.000000 0.000000 
-6.725167 -30.526749 1.064364 0.749947 27.647116 0.000000 0.000000 
-6.690670 -49.327007 3.763952 -3.115189 20.552549 0.000000 0.000000 
-6.067039 -55.171223 1.406451 5.434456 23.950943 0.000000 0.000000 
-6.538604 -55.185249 0.923492 2.262520 22.030373 0.000000 0.000000 
-6.276214 -61.135307 2.200595 0.623695 19.721386 0.000000 0.000000 
-7.653965 -61.173874 0.107900 1.653885 19.882425 0.000000 0.000000 
-6.402299 -61.315098 1.914866 2.916626 21.371925 0.000000 0.000000 
-5.921534 -13.142124 1.090021 -5.911613 29.550739 0.000000 0.000000 
-5.454993 -13.810459 0.991820 -8.996994 31.662485 0.000000 0.000000 
-6.819429 -13.410667 2.672926 -4.816185 29.358807 0.000000 0.000000 
-6.205204 -15.009898 -0.802626 -8.801941 27.846397 0.000000 0.000000 
-6.718569 -14.752131 -0.915473 -3.674751 30.901428 0.000000 0.000000 
-6.651898 -15.122408 -1.566916 -10.765625 25.188297 0.000000 0.000000 
-6.206994 -15.577977 -4.878860 -10.324509 26.784767 0.000000 0.000000 
-5.978787 -16.340370 -2.113885 -6.434654 31.912979 0.000000 0.000000 
-6.569422 -16.931126 -0.101507 -4.967361 28.533422 0.000000 0.000000 
-6.474987 -17.017551 0.071579 -2.768135 29.662275 0.000000 0.000000 
-6.663642 -17.642124 -0.628021 -5.313866 29.389990 0.000000 0.000000 
-8.002523 -17.540157 -0.066195 -11.017281 24.170876 0.000000 0.000000 
-6.782698 -18.522377 0.266109 -1.842712 29.481268 0.000000 0.000000 
-7.711786 -18.165176 0.826814 -4.149048 28.673573 0.000000 0.000000 
-7.960499 -18.631504 -3.605828 -9.810783 29.049129 0.000000 0.000000 
-6.687840 -19.924751 -0.156975 -4.350792 29.146978 0.000000 0.000000 
-7.210647 -21.481167 -0.230802 -0.884247 30.720327 0.000000 0.000000 
8.145205 -18.065350 -0.376068 -12.577904 22.768360 0.000000 0.000000 
11.409884 -29.371078 -1.963544 -0.712746 27.987816 0.000000 0.000000 
12.781873 -30.813629 -2.628120 -3.194885 24.779512 0.000000 0.000000 
8.545006 -3.996545 0.909160 -4.233536 36.664909 0.000000 0.000000 
8.675801 -4.068829 1.350859 -0.632782 40.890125 0.000000 0.000000 
10.181076 -20.419014 0.543871 -7.270111 26.301785 0.000000 0.000000 
9.188026 -41.185287 -1.664655 3.851233 26.130049 0.000000 0.000000 
6.496552 -38.174599 3.658420 0.808052 24.401768 0.000000 0.000000 
6.934209 -44.980347 8.318460 -4.528893 19.263079 0.000000 0.000000 
6.348804 -56.855221 6.071290 0.742805 22.032558 0.000000 0.000000 
18.963781 -38.761890 0.588867 -1.757118 21.364475 0.000000 0.000000 
18.093479 -39.712818 3.821041 1.267746 23.005829 0.000000 0.000000 
14.761581 -8.329617 2.252655 -8.682899 30.738228 0.000000 0.000000 
17.933558 -9.874421 6.674977 -3.596764 30.915913 0.000000 0.000000 
20.728312 0.881450 -0.203470 -1.801529 32.809753 0.000000 0.000000 
27.417830 0.357497 0.869612 3.762764 33.620899 0.000000 0.000000 
27.588858 -0.059362 0.315833 4.198074 35.790771 0.000000 0.000000 
23.281090 -24.113159 0.423472 -0.558807 25.472853 0.000000 0.000000 
23.406849 -24.127979 1.776752 -4.676170 22.779476 0.000000 0.000000 
24.642660 -51.310848 2.719012 2.862732 22.154224 0.000000 0.000000 
24.987360 -51.332489 2.063128 0.765907 22.889402 0.000000 0.000000 
30.470358 8.232080 0.514745 9.319122 32.628780 0.000000 0.000000 
30.502056 8.129548 0.063798 9.441612 33.007561 0.000000 0.000000 
32.381516 8.998509 -0.827854 17.066750 37.984024 0.000000 0.000000 
32.316574 9.213898 -0.700950 17.011177 39.760700 0.000000 0.000000 
32.365520 9.233286 -0.665343 20.282814 42.917500 0.000000 0.000000 
34.486294 8.717094 -1.282703 15.311455 37.015099 0.000000 0.000000 
34.579674 8.776381 -1.252944 14.683899 35.694473 0.000000 0.000000 
35.171085 19.567337 1.421149 0.965729 21.290323 0.000000 0.000000 
38.978027 20.364967 5.292664 4.908607 22.836720 0.000000 0.000000 
15.327652 30.933773 0.648387 -2.390320 29.111528 0.000000 0.000000 
21.177094 33.876854 2.029797 -10.599045 19.028545 0.000000 0.000000 
21.412165 33.950409 2.052597 -6.964920 20.044336 0.000000 0.000000 
15.827967 45.442627 -1.253503 -14.731644 17.060606 0.000000 0.000000 
2.412706 -6.961546 0.227282 -9.743893 43.115925 0.000000 0.000000 
2.524842 -7.053325 0.266224 -9.787132 41.270847 0.000000 0.000000 
2.266564 -7.271321 -0.199036 -12.082169 39.817722 0.000000 0.000000 
2.630533 -7.631327 -0.226793 -2.569199 42.267776 0.000000 0.000000 
2.688908 -7.622270 -0.234148 -0.510399 44.873867 0.000000 0.000000 
2.376723 -8.087030 0.142432 -3.107155 42.967625 0.000000 0.000000 
2.713903 -8.112628 0.186762 -4.666702 43.913261 0.000000 0.000000 
2.346275 -0.967417 0.034326 -13.793654 52.028202 0.000000 0.000000 
2.493332 -0.974972 0.034223 -13.579430 56.046600 0.000000 0.000000 
2.414199 -2.020876 0.032808 -24.712948 34.872498 0.000000 0.000000 
2.443167 -2.074637 0.005512 -27.106663 41.026302 0.000000 0.000000 
2.418465 -2.502303 0.136708 -23.707314 41.065887 0.000000 0.000000 
2.462796 -2.597415 0.053521 -22.296024 42.674911 0.000000 0.000000 
2.401855 -2.856106 -0.026094 -19.876961 43.808136 0.000000 0.000000 
2.406273 -3.123872 -0.096859 -28.496014 38.854088 0.000000 0.000000 
2.452192 -3.532702 0.084483 -14.408382 46.409801 0.000000 0.000000 
2.481291 -3.513077 0.107966 -13.396786 46.633621 0.000000 0.000000 
2.515121 -3.613850 0.077246 -9.919746 49.238552 0.000000 0.000000 
2.433115 -3.956021 0.029388 -19.216312 42.255367 0.000000 0.000000 
2.452875 -4.139863 0.031327 -15.019871 43.302631 0.000000 0.000000 
2.472281 -4.186846 0.053115 -15.248754 43.947090 0.000000 0.000000 
2.433645 -4.471432 -0.078595 -17.859219 40.242382 0.000000 0.000000 
2.456562 -4.547786 -0.082704 -21.032925 41.087337 0.000000 0.000000 
2.466840 -4.602975 -0.077227 -20.216839 40.262589 0.000000 0.000000 
2.474800 -4.733885 -0.052805 -19.310001 36.210022 0.000000 0.000000 
2.452665 -5.061479 0.074661 -9.613640 43.995270 0.000000 0.000000 
2.475234 -5.156927 0.065729 -11.510985 43.048954 0.000000 0.000000 
2.404239 -5.339009 -0.160554 -12.222317 41.105469 0.000000 0.000000 
2.448964 -5.499348 0.002071 -1.692688 46.653484 0.000000 0.000000 
2.445621 -5.502327 0.033260 0.735157 55.021027 0.000000 0.000000 
2.431897 -5.508909 0.012794 -1.898621 45.954926 0.000000 0.000000 
2.470572 -6.252449 0.067864 -9.145039 42.554756 0.000000 0.000000 
2.483163 -6.359239 0.034046 -6.068497 45.027962 0.000000 0.000000 
2.482868 -6.469777 -0.128753 -7.570770 44.457619 0.000000 0.000000 
2.472293 -6.746610 0.063976 -6.875053 44.249004 0.000000 0.000000 
2.473242 -6.794086 -0.026634 -6.233109 42.768036 0.000000 0.000000 
2.416519 -7.059373 -0.125514 -9.068272 44.608620 0.000000 0.000000 
2.435977 -7.229047 -0.076629 -2.659348 44.775845 0.000000 0.000000 
2.435303 -7.232058 0.026107 -4.170940 44.219185 0.000000 0.000000 
2.287914 -7.533052 0.155678 -7.644188 38.463192 0.000000 0.000000 
2.359689 -7.516925 0.066588 -9.968079 38.758354 0.000000 0.000000 
2.381206 -7.658829 0.067015 -7.451714 39.286407 0.000000 0.000000 
2.313501 -7.932474 0.094139 -3.997910 41.773258 0.000000 0.000000 
2.286657 -8.230433 -0.209251 -10.223633 41.377045 0.000000 0.000000 
2.425253 -8.422808 0.184785 -8.719185 37.864712 0.000000 0.000000 
2.466805 -8.463689 -1.666100 -10.705215 33.129917 0.000000 0.000000 
2.273697 4.766835 -0.011450 -28.387550 26.233099 0.000000 0.000000 
2.413966 4.824275 -0.027906 -27.656960 28.433834 0.000000 0.000000 
2.489886 5.391780 -0.087532 -38.724453 21.020033 0.000000 0.000000 
2.307493 5.973506 -0.075776 -41.903530 19.141121 0.000000 0.000000 
2.369337 5.976911 -0.063033 -39.520664 20.684391 0.000000 0.000000 
2.324701 6.480887 -0.054493 -38.694965 21.681623 0.000000 0.000000 
2.292097 6.959491 0.037635 -10.923102 45.737831 0.000000 0.000000 
2.319244 6.984755 0.041594 -11.239906 46.556683 0.000000 0.000000 
2.384075 7.450175 -0.081076 -26.860424 31.629597 0.000000 0.000000 
2.288928 7.624917 -0.075447 -30.887749 28.609516 0.000000 0.000000 
2.288387 7.908706 -0.037541 -21.210052 34.704292 0.000000 0.000000 
2.373182 7.974663 -0.031290 -21.989586 36.282017 0.000000 0.000000 
2.413208 8.408376 -0.021258 -24.702427 29.162111 0.000000 0.000000 
2.270423 8.589685 -0.141815 -37.513165 23.328484 0.000000 0.000000 
2.269021 8.955018 0.017497 -8.463570 42.646317 0.000000 0.000000 
2.302143 9.001076 0.021448 -6.652119 42.749229 0.000000 0.000000 
2.327243 9.742302 -0.095056 -22.828362 24.645155 0.000000 0.000000 
2.064845 16.322598 -0.272331 -18.069191 25.358158 1.000000 1.000000 
2.218574 -8.652142 0.144699 -21.367935 24.315613 1.000000 1.000000 
2.455637 -9.304805 -0.124973 -23.728111 21.290745 1.000000 1.000000 
-6.014315 -1.074162 -0.562504 -0.169617 50.727211 0.000000 0.000000 
-6.017306 -1.025980 -0.599469 5.047050 55.563656 0.000000 0.000000 
-6.069451 -1.030090 -0.613253 7.123329 60.147282 0.000000 0.000000 
-6.824788 0.010396 0.097161 1.278282 49.889797 0.000000 0.000000 
-6.939948 0.008981 0.153031 6.143806 56.951252 0.000000 0.000000 
2.439271 -8.932344 -0.055377 -2.231651 40.875034 0.000000 0.000000 
2.488330 -8.959517 -0.056023 -1.767624 43.047066 0.000000 0.000000 
2.276862 -9.225036 0.084244 -10.247047 31.895639 0.000000 0.000000 
2.283683 -9.271809 0.070653 -5.835304 37.542778 0.000000 0.000000 
2.428833 -9.472471 0.160942 0.399086 41.823708 0.000000 0.000000 
2.417416 -9.509866 0.137210 3.421227 46.737804 0.000000 0.000000 
2.183643 -10.154679 -0.243018 -7.552872 36.238541 0.000000 0.000000 
2.387328 -10.257424 -0.199547 -4.858604 40.201897 0.000000 0.000000 
2.440590 -10.240229 -0.143371 -4.203781 40.343727 0.000000 0.000000 
2.223197 -10.554512 -0.163560 -5.158096 35.811184 0.000000 0.000000 
2.306159 -10.529156 -0.155751 -1.995277 40.879730 0.000000 0.000000 
2.001662 -10.855097 -0.587722 -4.291161 37.023827 0.000000 0.000000 
2.161043 -10.859058 -0.318936 -3.721031 38.225636 0.000000 0.000000 
2.194710 -10.942047 -0.402813 -7.460495 35.135609 0.000000 0.000000 
2.252723 -11.035969 -0.282437 -7.404259 36.911987 0.000000 0.000000 
-18.254663 -2.000339 -0.539906 3.008423 43.754902 0.000000 0.000000 
-18.219957 -2.758245 0.053449 3.980476 41.541447 0.000000 0.000000 
-18.341177 -14.262922 -0.711717 15.872986 45.902210 0.000000 0.000000 
-18.395897 -14.346875 -0.717583 13.841675 45.435448 0.000000 0.000000 
7.947298 -27.665344 -0.899427 -1.301704 27.908173 0.000000 0.000000 
-28.529722 -9.158968 -2.625940 -7.701538 25.169914 0.000000 1.000000 
-9.831232 -28.972450 -0.666774 -3.143097 26.657545 0.000000 1.000000 
13.196709 -27.434128 0.069656 0.161972 27.896624 0.000000 0.000000 
13.331052 -27.393520 0.562829 -3.165894 25.505081 0.000000 0.000000 
12.864595 -29.877598 7.583228 -4.198639 24.626749 0.000000 0.000000 
-31.403685 -12.430157 -4.768767 -4.580605 23.824146 0.000000 0.000000 
12.212761 -33.245266 1.157903 -3.443703 21.739073 0.000000 0.000000 
11.679041 -33.931988 -2.592476 0.246162 25.537987 0.000000 0.000000 
-15.755261 -33.168026 6.376077 -6.682816 21.388882 0.000000 1.000000 
9.370999 -36.833923 -3.526577 -4.345825 26.293976 0.000000 0.000000 
8.971835 -38.686169 5.520109 -2.883690 21.521055 0.000000 0.000000 
7.978940 -40.196938 -1.655628 -5.327446 21.449913 0.000000 0.000000 
11.104832 -40.423790 1.511966 -2.511215 20.402710 0.000000 0.000000 
11.686359 -40.264240 1.655207 -0.154381 21.942415 0.000000 0.000000 
-47.642651 -5.090333 3.244978 1.152657 25.106892 0.000000 0.000000 
-6.189026 -48.550144 5.165807 2.221657 22.916258 0.000000 0.000000 
27.567207 -46.792889 2.082772 6.041809 20.348455 0.000000 1.000000 
26.869659 -49.927319 0.435506 1.991676 18.655544 0.000000 1.000000 
26.073856 -53.533440 4.338262 -0.477592 16.120548 0.000000 0.000000 
-12.213085 -67.834534 2.432165 13.551796 28.756922 1.000000 0.000000 
-12.080426 -68.087852 2.386605 11.171150 25.829891 1.000000 0.000000 
-12.196072 -73.108765 1.964357 4.794708 19.007307 1.000000 0.000000 
-11.625986 -73.855347 3.332909 0.666771 15.096775 1.000000 0.000000 
-11.712085 -74.343681 2.641473 1.865051 16.308140 1.000000 0.000000 
-11.974153 -74.498947 1.909983 2.047020 14.522224 1.000000 0.000000 
-11.376494 -74.722961 2.905763 5.371956 17.092632 1.000000 0.000000 
-12.570638 -74.902969 1.565428 1.151245 13.967587 1.000000 0.000000 
-12.310557 -75.906784 1.788049 7.168884 20.171137 1.000000 0.000000 
-12.318290 -76.601341 1.462620 5.632774 18.604662 1.000000 0.000000 
-12.284590 -77.057388 1.680229 8.403282 20.790636 1.000000 0.000000 
-11.515303 -77.200005 3.037545 5.755875 18.809467 1.000000 0.000000 
-11.746881 -77.419807 3.948607 2.069595 14.577885 1.000000 0.000000 
-12.268585 -77.478203 2.893051 11.670494 23.864115 1.000000 0.000000 
-13.803788 -77.320694 5.505092 9.105270 22.889362 1.000000 0.000000 
-13.930882 -77.626503 3.042832 11.675880 25.821728 1.000000 0.000000 
-89.706726 -57.806232 11.142421 7.764923 14.584732 0.000000 0.000000 
-106.904419 -4.008774 6.893208 7.018379 16.995777 0.000000 0.000000 
-107.018341 -3.090772 6.662543 10.937027 20.734293 0.000000 0.000000 
-107.278847 -1.215016 5.147583 15.047890 23.969421 0.000000 0.000000 
-107.282219 -1.683279 7.803432 14.515953 22.345430 0.000000 0.000000 
-107.427452 -5.058179 4.334935 7.591591 20.526833 0.000000 0.000000 
-107.530060 -5.263709 3.519318 7.500664 19.039600 0.000000 0.000000 
-18.520185 -106.707954 3.709120 6.473061 15.287785 0.000000 0.000000 
-20.213533 -106.501617 3.573098 7.507439 14.922367 0.000000 0.000000 
-115.471054 -2.325923 6.870302 12.219658 20.460243 0.000000 0.000000 
-115.463455 -2.927086 8.907593 9.547562 17.439684 0.000000 0.000000 
59.916592 -101.147324 4.288386 15.967659 17.956711 0.000000 0.000000 
56.692665 -103.049637 6.340617 21.294670 23.238533 0.000000 0.000000 
56.876995 -103.051308 5.242737 23.510872 24.525253 0.000000 0.000000 
55.991119 -103.675766 7.230155 17.395454 19.694756 0.000000 0.000000 
60.827511 -111.187889 5.650979 22.718346 22.428217 0.000000 0.000000 
60.378342 -147.598175 8.109137 19.207382 18.196394 0.000000 0.000000 
7.182655 -5.250003 -0.054876 3.630112 47.768703 0.000000 0.000000 
7.287171 -5.356067 -0.109275 4.988487 50.271362 0.000000 0.000000 
2.299335 -8.750759 0.043866 -1.970833 43.774139 0.000000 0.000000 
2.255949 -8.955784 0.002686 4.772789 46.720520 0.000000 0.000000 
2.244539 -8.959373 -0.017289 3.183350 46.993984 0.000000 0.000000 
2.180846 -9.418845 -0.090425 -1.090126 43.668827 0.000000 0.000000 
2.184003 -9.480395 0.020884 -4.943047 40.433357 0.000000 0.000000 
2.178530 -9.686771 -0.173645 -3.119949 39.123573 0.000000 0.000000 
2.156375 -9.800946 -0.320207 -4.056404 38.330238 0.000000 0.000000 
2.183771 -9.952621 -0.247265 -3.812737 40.466301 0.000000 0.000000 
2.284078 -10.120966 -0.308947 -2.794525 38.928318 0.000000 0.000000 
2.218964 -10.140638 -0.387170 -4.374352 40.490803 0.000000 0.000000 
2.250817 -10.215461 0.322297 -2.515190 40.272751 0.000000 0.000000 
2.240353 -10.360486 0.143185 -4.046837 38.794891 0.000000 0.000000 
2.243505 -10.602070 -0.072474 -0.985657 42.286415 0.000000 0.000000 
2.265309 -10.617188 0.014742 -2.187355 40.183899 0.000000 0.000000 
7.310959 -8.497501 -1.503886 6.833740 47.564240 0.000000 1.000000 
2.199085 -11.048850 -0.323078 1.062965 44.380272 0.000000 0.000000 
2.150942 -11.110415 -0.256892 1.506096 43.231079 0.000000 0.000000 
2.163285 -11.595240 0.368695 -4.965332 38.330673 0.000000 0.000000 
1.792502 -11.894958 -3.703177 -11.858772 35.759392 0.000000 0.000000 
11.947234 -3.127626 0.071192 8.957108 48.355888 0.000000 0.000000 
11.942993 -3.156034 0.076376 7.113791 45.226242 0.000000 0.000000 
11.649517 -5.032924 2.820680 -10.950592 31.368641 0.000000 0.000000 
9.634469 -10.068548 -3.038288 -13.665947 27.761431 0.000000 1.000000 
10.497779 -9.609847 -2.171598 -9.791817 31.851845 0.000000 1.000000 
13.914636 -2.726137 0.678474 1.155235 40.742661 0.000000 0.000000 
14.051250 -2.759794 0.634910 -2.365707 35.946384 0.000000 0.000000 
-6.985546 -13.806308 4.638158 -9.588600 26.925383 0.000000 0.000000 
15.851658 -0.925849 -0.584400 1.012085 38.563999 0.000000 0.000000 
15.901025 -0.890896 -0.545488 -0.670059 36.928066 0.000000 0.000000 
7.332037 -14.873940 -3.267658 -8.222916 29.764498 0.000000 1.000000 
16.353664 3.627337 2.801311 -10.594193 26.488562 0.000000 1.000000 
17.044548 0.423573 -0.689859 7.901451 44.526054 0.000000 0.000000 
17.165447 0.382136 -0.724264 4.957115 42.321629 0.000000 0.000000 
17.167076 0.426586 -0.674872 5.556479 42.114201 0.000000 0.000000 
16.392164 -7.974983 -3.454592 -6.637100 29.586868 0.000000 0.000000 
16.963564 8.627004 0.390308 9.550285 38.771431 0.000000 0.000000 
17.003942 8.768454 0.526885 9.463226 38.796886 0.000000 0.000000 
19.031563 7.288625 5.217711 1.803673 35.189346 0.000000 1.000000 
18.847309 7.812517 -1.029737 1.706711 36.290466 0.000000 0.000000 
18.272364 9.924943 0.025216 9.906151 43.051830 0.000000 0.000000 
18.599878 9.689150 -0.366687 7.973465 41.607124 0.000000 0.000000 
21.546621 -1.777127 -2.440361 -5.186813 31.305470 0.000000 1.000000 
19.088625 9.818491 6.650517 2.702353 34.320793 0.000000 0.000000 
22.068256 9.238389 0.454923 5.816002 38.160992 0.000000 0.000000 
21.728970 10.153977 0.722157 6.846359 36.174126 0.000000 0.000000 
22.598280 -10.994276 -2.027880 -1.498573 29.871799 0.000000 0.000000 
14.455850 -20.763546 1.668558 -2.561935 27.573017 0.000000 1.000000 
22.700558 9.517070 -2.657904 -3.936440 32.556892 0.000000 0.000000 
26.980944 -1.185286 -2.251464 -14.029114 19.587143 1.000000 1.000000 
27.114889 -1.407011 -0.373590 -4.944138 26.909285 0.000000 0.000000 
27.280102 -2.470953 -1.777456 -6.210014 26.878397 0.000000 1.000000 
8.670654 -26.773403 3.262733 -0.852310 29.572784 0.000000 0.000000 
26.336773 8.915762 -0.971632 13.302528 38.058350 0.000000 0.000000 
26.449003 8.907622 -0.047201 11.410309 36.886124 0.000000 0.000000 
25.052807 -14.453918 3.195857 1.821297 30.844536 0.000000 0.000000 
23.477331 -17.357285 9.425963 -1.716286 27.161800 0.000000 1.000000 
25.593597 -14.441467 0.543998 0.089020 29.379942 0.000000 0.000000 
25.883501 -14.413010 -1.863499 -2.047928 27.110117 0.000000 0.000000 
25.332972 -15.594932 -1.026783 -2.053185 26.836193 0.000000 0.000000 
25.892159 -14.675371 0.575645 -0.890633 26.749399 0.000000 0.000000 
28.596001 8.625566 -0.269457 14.263161 37.338997 0.000000 0.000000 
28.582222 8.715474 -0.370703 16.868523 39.312481 0.000000 0.000000 
26.975613 -15.255655 0.497426 -3.858253 26.128447 0.000000 1.000000 
30.473312 4.056065 7.659626 -8.662712 23.115688 0.000000 1.000000 
27.316925 13.391198 11.148375 -1.143539 26.981865 0.000000 0.000000 
23.741779 -20.620758 -4.078709 -1.871002 26.906666 0.000000 0.000000 
23.975485 -20.514183 -5.837786 2.035362 28.300819 0.000000 0.000000 
23.496290 -21.682407 0.773244 3.798447 30.248486 0.000000 0.000000 
23.584364 -21.688435 0.633396 5.722679 32.206272 0.000000 0.000000 
32.574364 1.458113 1.513731 13.219223 39.559105 0.000000 0.000000 
32.690437 1.325174 1.142519 13.098885 41.122623 0.000000 0.000000 
32.597633 -7.364474 -0.645149 -1.308121 26.860342 0.000000 0.000000 
7.339377 -34.216976 -0.469861 3.764725 28.848804 0.000000 0.000000 
7.568536 -34.221489 -0.266551 2.920998 28.004541 0.000000 0.000000 
34.558590 -5.609628 1.917220 -1.708389 25.292137 0.000000 0.000000 
34.090935 -8.875779 2.425906 -4.860390 21.337353 0.000000 0.000000 
6.767610 -35.043468 -0.187337 -3.264053 27.383348 0.000000 0.000000 
7.035898 -35.175655 -0.203673 3.261978 30.084860 0.000000 0.000000 
7.171736 -35.210045 -0.267670 2.302711 29.611814 0.000000 0.000000 
7.139181 -36.406551 0.825215 0.243332 24.767904 0.000000 0.000000 
6.770092 -36.488201 0.640334 1.628487 25.502872 0.000000 0.000000 
6.795146 -36.537838 0.779448 -0.874664 23.445871 0.000000 0.000000 
34.293789 -15.117752 3.706088 1.087036 24.702198 0.000000 0.000000 
38.626259 -0.109483 1.665895 -0.206490 24.861010 0.000000 0.000000 
38.815735 -0.778858 0.245879 11.302879 34.775482 0.000000 0.000000 
38.869385 -0.890023 -0.090374 9.609276 34.415821 0.000000 0.000000 
38.609520 7.774336 -1.065244 5.980034 27.711445 0.000000 0.000000 
38.602203 7.977566 -1.126465 9.647964 30.154194 0.000000 0.000000 
11.989598 -38.484680 -3.948922 -7.162804 21.962366 0.000000 0.000000 
40.032505 4.935975 5.761918 -3.544296 22.256081 0.000000 0.000000 
39.880096 -10.321195 8.754521 -4.988380 21.833687 0.000000 1.000000 
10.726894 -40.174431 4.497180 -4.498863 25.644550 0.000000 0.000000 
41.675755 -0.877623 1.602950 10.554871 34.235069 0.000000 0.000000 
41.676716 -0.635374 2.355865 13.340042 35.732605 0.000000 0.000000 
43.127853 -0.485945 0.419213 5.913094 27.796055 0.000000 0.000000 
43.309460 -1.023188 -0.543423 4.569130 27.674416 0.000000 0.000000 
22.186253 -37.963001 2.479157 -4.416817 19.661816 0.000000 1.000000 
42.646271 8.684637 -1.366447 17.038048 35.051857 0.000000 0.000000 
42.643398 8.872593 -1.176001 15.326736 33.839375 0.000000 0.000000 
43.564491 -9.988955 8.342649 -0.689186 23.417318 0.000000 1.000000 
43.429874 -10.791921 9.277638 1.482674 24.700481 0.000000 1.000000 
44.516899 9.152283 -0.547562 6.774223 25.349651 0.000000 0.000000 
44.558315 9.422757 1.501868 5.199905 25.393906 0.000000 0.000000 
42.452465 17.583721 1.160658 -2.188408 19.093832 0.000000 0.000000 
-16.107374 -43.643593 -0.306415 -0.413475 20.480167 0.000000 1.000000 
43.382099 16.994484 -0.571164 1.605568 21.175907 0.000000 0.000000 
43.777805 16.159184 1.583983 0.205383 20.295944 0.000000 0.000000 
46.580822 8.060358 -2.453274 18.554825 33.802780 0.000000 0.000000 
46.674374 8.125027 -4.319582 19.714401 35.628838 0.000000 0.000000 
42.075245 22.019367 3.383781 4.681458 22.984097 0.000000 1.000000 
47.337505 8.248160 -1.495733 4.031387 22.265011 0.000000 0.000000 
47.545841 7.174438 12.825017 6.010117 25.194996 0.000000 0.000000 
48.924309 -0.929547 9.270074 -3.917229 19.152300 0.000000 1.000000 
48.967995 -0.622227 9.957352 -2.527817 20.234566 0.000000 1.000000 
46.396080 17.288990 1.270587 15.943703 32.917725 0.000000 0.000000 
46.596867 16.856129 1.615811 14.125626 31.296425 0.000000 0.000000 
47.387333 15.774585 0.994424 5.985176 22.962492 0.000000 0.000000 
47.360744 15.851836 -1.270049 8.447577 25.794727 0.000000 0.000000 
50.267353 10.304873 -0.489755 13.031654 32.630424 0.000000 0.000000 
50.365978 14.558493 -3.529342 3.049019 19.218460 0.000000 0.000000 
50.694496 13.587827 -3.442305 3.999701 20.416519 0.000000 0.000000 
50.391628 15.689328 2.617221 4.641571 20.062672 0.000000 0.000000 
52.543285 9.066427 0.044995 16.603020 32.996914 0.000000 0.000000 
52.564613 9.311033 0.150449 19.075562 33.673546 0.000000 0.000000 
52.697731 8.634660 -0.027156 15.397293 34.266571 0.000000 0.000000 
53.449520 10.270830 -2.163358 0.043159 18.127457 0.000000 0.000000 
53.719238 9.711880 -2.192570 -0.711342 18.354502 0.000000 0.000000 
54.908001 7.104457 -0.306053 22.492241 38.165909 0.000000 0.000000 
54.968487 7.060859 -0.757275 19.755264 34.373062 0.000000 0.000000 
11.239870 -54.791439 5.178778 12.742569 33.244900 0.000000 0.000000 
55.991371 8.847367 -1.861329 1.597679 19.197433 0.000000 0.000000 
56.907887 6.443528 -2.602786 19.915771 35.257713 0.000000 0.000000 
56.596783 10.114079 1.484591 15.232544 28.384295 0.000000 0.000000 
56.510113 10.619287 0.997367 12.354012 27.198509 0.000000 0.000000 
58.044613 0.958043 0.172510 13.215851 30.113289 0.000000 1.000000 
58.201935 7.332719 -3.872631 7.942207 22.444811 0.000000 0.000000 
58.542091 8.701670 -1.141879 21.333885 34.169270 0.000000 0.000000 
58.716976 8.511214 -1.085078 21.369682 35.117981 0.000000 0.000000 
60.390778 9.888777 -0.005097 20.684906 33.436596 0.000000 0.000000 
60.484699 9.356546 -0.588255 23.821335 36.743340 0.000000 0.000000 
61.942402 -9.409045 2.613421 8.888252 25.607893 0.000000 0.000000 
62.008961 -9.329923 3.120977 8.642532 25.622328 0.000000 0.000000 
62.046474 -10.598898 2.423244 4.807961 21.555496 0.000000 0.000000 
62.117207 -10.965520 2.754651 7.419319 24.002436 0.000000 0.000000 
62.500919 -8.738478 -0.028963 1.006744 19.433064 0.000000 0.000000 
62.672371 8.665740 -1.653061 12.000549 28.054979 0.000000 1.000000 
62.717194 8.619405 -2.126497 11.792122 27.636927 0.000000 1.000000 
63.817005 -11.120063 0.301384 2.746750 19.742182 0.000000 0.000000 
57.502316 -31.800488 1.327355 14.494408 27.632278 0.000000 0.000000 
57.666233 -31.700562 2.904264 15.460838 27.820654 0.000000 0.000000 
57.506432 -32.229343 6.455417 16.235901 28.809404 0.000000 0.000000 
66.740211 -10.504972 -0.783155 9.773933 28.285303 0.000000 0.000000 
66.745224 -10.720248 0.725010 14.193001 29.846844 0.000000 0.000000 
67.905182 10.449454 -0.235019 7.001938 21.143667 0.000000 0.000000 
67.766411 13.100591 1.815689 22.605217 32.462208 0.000000 1.000000 
67.899063 13.001200 1.630346 24.189857 35.183495 0.000000 0.000000 
70.316185 -10.151312 -5.488119 5.546988 21.936913 0.000000 0.000000 
70.285156 -10.621504 -5.934412 9.613426 26.054905 0.000000 0.000000 
70.379036 9.808294 0.688681 11.145050 24.276264 0.000000 0.000000 
57.638546 -43.382454 3.659328 7.632507 22.337923 0.000000 0.000000 
58.099602 -43.029881 5.740551 13.155640 27.032089 0.000000 0.000000 
72.565659 9.021599 -0.163995 29.342819 40.048141 0.000000 0.000000 
72.642899 8.865453 -0.004626 25.834785 35.664703 0.000000 0.000000 
74.842148 6.473240 -4.426158 12.154099 24.680593 0.000000 0.000000 
74.891785 6.834906 -3.356154 16.410538 27.119488 0.000000 0.000000 
74.779984 8.465683 -1.903533 9.302208 21.299492 0.000000 0.000000 
76.707245 8.496345 -0.808434 15.317703 27.047148 0.000000 0.000000 
8.587077 -77.148376 -1.482927 11.206902 25.377838 0.000000 0.000000 
76.828690 7.888642 -2.163017 14.255051 25.901314 0.000000 0.000000 
8.453993 -77.180267 -1.361604 15.063057 28.918467 0.000000 0.000000 
78.654945 8.470270 -1.837376 20.586769 30.662062 0.000000 0.000000 
78.885857 7.863122 -2.363770 18.875740 29.048300 0.000000 0.000000 
80.613792 8.152350 -3.198060 12.223625 22.534334 0.000000 0.000000 
80.587280 9.562000 -0.769312 15.279869 26.495962 0.000000 0.000000 
80.651627 9.344638 -0.689376 11.040138 22.787079 0.000000 0.000000 
55.815781 -64.109573 4.838580 11.176056 18.772715 0.000000 0.000000 
-34.906124 -77.116936 1.772896 7.086670 16.668236 0.000000 0.000000 
84.299721 11.724074 -0.098285 10.360428 23.045099 0.000000 0.000000 
85.606270 -10.896556 8.770040 7.713600 19.464800 0.000000 0.000000 
86.366554 10.500383 1.613609 13.454918 22.110758 0.000000 0.000000 
86.358238 10.902354 2.098179 12.992294 20.515656 0.000000 0.000000 
57.625767 -67.868698 5.212399 18.268364 26.263626 0.000000 0.000000 
57.397743 -68.279518 2.997019 15.362701 23.486547 0.000000 0.000000 
57.978531 -67.836517 4.777983 16.650223 24.740923 0.000000 0.000000 
88.565468 9.929440 2.742019 13.195732 22.484852 0.000000 0.000000 
88.595161 9.714527 2.487924 17.388863 25.160172 0.000000 0.000000 
89.461830 -0.985445 -1.911627 6.321274 16.933210 0.000000 0.000000 
89.200211 -10.115980 9.801920 8.215149 22.269867 0.000000 0.000000 
89.297028 -9.597713 10.218207 7.695023 20.863815 0.000000 0.000000 
90.474823 9.912008 1.356406 21.983772 29.073965 0.000000 0.000000 
90.593887 10.179196 1.463727 24.867638 31.648684 0.000000 0.000000 
91.086090 -11.561563 7.718179 7.217270 24.451328 0.000000 0.000000 
91.220749 -11.336727 9.716118 8.405533 23.087276 0.000000 0.000000 
91.367271 -12.492825 10.545219 12.660217 22.919561 0.000000 0.000000 
91.413033 -12.257905 13.668597 14.704880 25.341032 0.000000 0.000000 
91.492401 -12.189954 11.404243 8.840317 20.907690 0.000000 0.000000 
91.537560 -12.520156 14.402428 11.615356 23.505005 0.000000 0.000000 
91.858284 -12.330221 12.370680 9.930710 20.930332 0.000000 0.000000 
92.785927 7.983086 -1.468106 19.384415 27.905830 0.000000 0.000000 
92.867249 7.839692 -1.929612 17.923607 25.629955 0.000000 0.000000 
92.638054 -12.351303 10.994617 9.009651 18.748268 0.000000 0.000000 
92.768456 -12.051740 14.069509 7.474548 18.154068 0.000000 0.000000 
96.353165 -11.687575 9.509212 9.123764 19.697794 0.000000 0.000000 
96.367340 -11.955733 9.207457 10.402214 20.389244 0.000000 0.000000 
97.407127 -12.743320 6.936100 9.043365 17.417755 0.000000 0.000000 
108.523491 -9.665271 9.103765 12.523415 18.757696 0.000000 0.000000 
108.557831 -9.560912 8.944685 12.402237 18.410284 0.000000 0.000000 
107.770393 16.328808 0.448473 16.518539 22.328375 0.000000 0.000000 
107.758141 16.850460 -0.019878 12.878288 19.145462 0.000000 0.000000 
113.521698 -8.791127 12.550044 12.338303 17.507952 0.000000 0.000000 
113.566147 -8.625774 13.320095 15.253586 20.315079 0.000000 0.000000 
113.631027 -8.140305 14.033597 11.663300 16.770195 0.000000 0.000000 
6.810356 -115.952705 -3.418793 10.018784 16.370615 0.000000 0.000000 
55.424633 -103.671989 -1.543672 18.457550 22.909506 0.000000 0.000000 
118.197395 -5.853465 -4.886207 7.402611 19.008162 0.000000 0.000000 
118.322899 1.240817 1.569748 10.020294 21.651123 0.000000 0.000000 
118.507912 0.505620 2.645338 10.541069 20.215502 0.000000 0.000000 
10.691883 -118.556297 6.347921 7.132942 17.564400 0.000000 0.000000 
118.649414 8.014259 -6.079268 14.198181 18.850830 0.000000 0.000000 
118.802834 8.693396 -5.227459 12.671989 18.886288 0.000000 0.000000 
118.833412 8.844139 -4.664840 13.682022 18.859030 0.000000 0.000000 
119.886787 2.127492 1.978763 9.807823 16.447714 0.000000 0.000000 
119.979851 -0.137188 -0.249564 8.649902 16.412556 0.000000 0.000000 
120.846603 7.874239 -1.352104 10.350540 14.386024 0.000000 0.000000 
124.623047 8.088792 -3.938579 12.050224 16.086205 0.000000 0.000000 
127.349800 17.203213 3.276565 19.986702 21.167696 0.000000 0.000000 
9.408971 -129.353470 -0.203822 14.354431 17.513073 0.000000 0.000000 
6.045031 -130.757401 -2.370867 11.122681 15.157917 0.000000 0.000000 
7.937315 -131.898300 2.949065 9.978073 14.524685 0.000000 0.000000 
7.804102 -134.371292 1.268954 16.509010 19.317940 0.000000 0.000000 
134.436600 9.329228 -6.137307 14.145470 16.769041 0.000000 0.000000 
6.746599 -135.658585 -0.209972 13.766418 17.884872 0.000000 0.000000 
136.712814 10.247818 -5.205862 15.453224 18.122761 0.000000 0.000000 
7.179700 -138.127609 -0.519102 12.209648 14.443443 0.000000 0.000000 
138.168457 12.813185 -0.260431 19.613556 21.590157 0.000000 0.000000 
7.108620 -140.887863 -2.185357 13.765755 16.037693 0.000000 0.000000 
140.469391 10.630219 -4.689210 14.884666 15.741222 0.000000 0.000000 
8.620616 -142.123047 -5.356870 14.891182 17.414499 0.000000 0.000000 
142.223709 13.431396 1.594925 21.621437 22.533762 0.000000 0.000000 
8.090190 -143.383820 0.713051 23.411507 26.088133 0.000000 0.000000 
7.755920 -143.850204 -1.270456 10.881516 14.529018 0.000000 0.000000 
7.017786 -144.671967 -4.392201 22.399521 23.739235 0.000000 0.000000 
144.324478 13.043137 5.059199 13.042534 15.471867 0.000000 0.000000 
6.977540 -145.835785 0.325414 12.235817 14.262821 0.000000 0.000000 
7.662945 -145.872238 -3.458144 19.683052 21.729918 0.000000 0.000000 
7.982968 -147.089096 -0.021958 25.393303 27.349636 0.000000 0.000000 
8.255367 -148.304993 -4.537195 22.719406 24.003668 0.000000 0.000000 
148.476440 12.545162 2.424866 18.246239 18.551825 0.000000 0.000000 
6.612506 -149.611206 -5.436143 18.073479 19.671295 0.000000 0.000000 
150.190674 12.527335 -1.351636 16.135574 15.646652 0.000000 0.000000 
152.541321 12.620459 -0.785175 15.626266 14.843578 0.000000 0.000000 
1.813864 -159.191849 -3.342250 12.037270 16.855770 0.000000 0.000000 
158.933640 -12.297694 16.562426 16.364296 16.742277 0.000000 0.000000 
164.057053 -15.081862 13.861604 16.500099 18.048546 0.000000 0.000000 
58.216785 -158.843094 5.098218 14.805252 16.519455 0.000000 0.000000 
8.817545 -173.320129 -6.042366 20.474693 20.494841 0.000000 0.000000 
176.198303 64.685677 19.626804 34.806709 28.040255 0.000000 0.000000 
186.041748 62.676903 16.051527 21.700272 15.515018 0.000000 0.000000 
1.768399 4.558444 -0.027943 -45.120838 18.280046 1.000000 1.000000 
-0.330930 8.828957 0.009322 -45.336517 17.760715 1.000000 1.000000 
3.009722 10.529434 0.065111 -31.298958 10.724678 1.000000 1.000000 
1.706999 11.163082 -0.017781 -37.944550 9.534744 1.000000 1.000000 
2.294368 12.326726 0.389033 -16.138557 33.003342 0.000000 0.000000 
2.029688 12.474319 -0.068158 -35.528183 15.343155 1.000000 1.000000 
2.221339 12.838722 -1.007286 -11.409041 35.760174 0.000000 0.000000 
2.197861 13.102565 -1.165869 -10.919502 33.781246 0.000000 0.000000 
2.278435 13.528963 -0.077582 -2.183800 38.450687 0.000000 0.000000 
2.363123 13.953128 -0.107298 -0.081528 41.526947 0.000000 0.000000 
2.118090 14.170199 -0.103645 -28.455612 12.942356 1.000000 1.000000 
2.480095 14.263988 0.068090 -31.714928 10.259819 1.000000 1.000000 
2.324964 14.383397 -0.155762 3.081535 43.873882 0.000000 0.000000 
2.313422 14.394691 -0.159877 0.262611 40.056973 0.000000 0.000000 
2.302293 14.493817 -0.148830 2.105942 41.271511 0.000000 0.000000 
2.182259 14.641341 -0.039442 -35.967293 7.927125 1.000000 1.000000 
2.350274 14.843493 -0.125878 -3.634048 35.352352 0.000000 0.000000 
2.270009 15.183582 0.134550 -9.634056 35.854973 0.000000 0.000000 
2.275026 15.286757 0.186168 -12.863983 36.456703 0.000000 0.000000 
2.321525 15.721981 0.334538 -6.625023 35.306744 0.000000 0.000000 
2.335229 15.825544 0.258989 -7.853439 32.397991 0.000000 0.000000 
2.258283 16.178486 -0.189812 -15.943024 33.084961 0.000000 0.000000 
2.340705 16.605022 -0.057902 -7.629044 36.123711 0.000000 0.000000 
2.330304 16.715965 -0.043159 -5.433731 35.225300 0.000000 0.000000 
2.228300 16.736330 0.230494 -18.182602 27.339546 0.000000 0.000000 
2.198456 17.239876 -0.064830 -18.039131 28.818287 0.000000 0.000000 
2.746470 17.194077 0.613581 -40.291939 10.844795 1.000000 1.000000 
2.262713 17.515827 -0.169966 -3.295349 36.780155 0.000000 0.000000 
2.283853 17.536386 -0.085654 -2.804688 37.037533 0.000000 0.000000 
2.226290 17.829031 -0.159474 -34.465019 8.109756 1.000000 1.000000 
2.300861 17.950390 0.317478 -6.823799 30.778913 0.000000 0.000000 
2.397953 18.235622 -0.182882 -11.594147 27.263462 1.000000 1.000000 
2.342635 18.263250 0.351875 -4.106964 30.641979 0.000000 0.000000 
2.333638 18.362179 -1.351367 -5.737503 34.484222 0.000000 0.000000 
2.059400 18.590973 0.148211 -27.421440 14.864399 1.000000 1.000000 
2.269728 18.699284 0.063727 -11.584427 27.363777 0.000000 0.000000 
2.247661 19.309656 0.291678 -7.681908 31.169434 0.000000 0.000000 
2.050696 19.479282 0.035857 -21.255791 16.625629 1.000000 1.000000 
2.346772 19.482655 -0.106526 -28.871300 11.063065 1.000000 1.000000 
2.180392 19.740829 -0.061816 3.482697 40.816360 0.000000 0.000000 
2.223273 19.871607 0.175243 2.954079 39.611267 0.000000 0.000000 
2.192296 20.427256 0.362934 -4.200653 34.156685 0.000000 0.000000 
2.252642 20.450436 -0.106953 -1.136505 37.713024 1.000000 1.000000 
2.151507 20.576681 -0.548433 8.216347 46.678146 0.000000 0.000000 
2.193313 21.000856 -0.481216 5.471313 42.769402 0.000000 0.000000 
2.229361 21.015095 -0.432276 -0.451523 34.878956 0.000000 0.000000 
2.486095 21.293892 -0.124933 -31.514870 11.024254 1.000000 1.000000 
11.023755 18.540701 1.403131 -18.114777 11.696461 1.000000 1.000000 
-6.529415 22.899027 0.283056 -7.917053 28.456524 0.000000 0.000000 
-6.564413 23.075748 0.341811 -8.329826 29.953449 0.000000 0.000000 
-7.013201 23.376570 0.476523 -10.702248 29.749277 0.000000 0.000000 
-6.937441 24.084799 0.291583 -8.564491 26.211926 1.000000 1.000000 
-7.511201 24.107262 0.599823 -13.735649 26.134626 0.000000 0.000000 
-7.345640 24.176434 0.651640 -13.949730 27.308842 0.000000 0.000000 
8.193316 24.219282 -6.077363 -15.135315 24.385036 0.000000 0.000000 
7.799201 24.475073 0.431777 -14.302933 24.907707 0.000000 0.000000 
7.520652 24.925480 -3.293775 -10.552223 28.181187 0.000000 0.000000 
3.320120 26.545252 -0.100619 -14.678787 25.155142 0.000000 0.000000 
7.322526 25.780653 0.099684 -10.869225 26.334173 0.000000 0.000000 
6.786231 26.759556 9.325523 -19.259155 21.784355 0.000000 0.000000 
11.031069 25.398882 2.927853 -10.836655 25.220985 0.000000 0.000000 
-7.115818 27.428814 0.191066 -16.143532 25.859653 0.000000 0.000000 
7.065808 27.800468 2.260142 -16.162140 23.607567 0.000000 0.000000 
11.173953 26.710114 3.401801 -13.946303 21.489286 0.000000 0.000000 
5.534773 28.744209 4.173831 -12.981796 25.730659 0.000000 0.000000 
24.037434 14.693119 3.238437 6.044365 23.798407 0.000000 1.000000 
-15.719418 25.534681 3.518722 -8.015915 23.856400 0.000000 0.000000 
8.514055 29.269880 3.977313 -6.111938 28.690710 0.000000 0.000000 
8.817338 29.261744 3.013649 -13.370131 24.243958 0.000000 0.000000 
8.529950 29.418400 3.793080 -7.494194 26.668226 0.000000 0.000000 
8.652434 29.662107 4.695259 -15.596611 23.156435 0.000000 0.000000 
-13.819580 27.710098 7.276345 -13.827553 23.201820 0.000000 0.000000 
9.617788 29.813927 11.334254 -14.074265 23.357065 0.000000 0.000000 
5.746052 31.314388 4.600548 -14.279175 24.692871 0.000000 0.000000 
24.629507 18.241524 3.218514 6.026749 25.348589 0.000000 0.000000 
6.893061 31.717331 2.281327 -14.297058 21.968880 1.000000 1.000000 
27.991287 11.204513 -3.799206 11.279312 22.018587 0.000000 0.000000 
6.961083 32.297291 2.280942 -1.273132 32.379158 0.000000 0.000000 
7.002999 32.386566 2.311521 -1.842422 33.267262 0.000000 0.000000 
8.124221 32.100952 0.074911 -14.469124 23.641644 0.000000 0.000000 
6.777844 32.692642 -0.651335 -15.908607 17.800390 1.000000 1.000000 
7.192588 32.786800 8.974065 -13.420845 25.670813 0.000000 0.000000 
6.713278 33.233841 5.239644 -17.117828 20.416945 0.000000 0.000000 
6.889201 33.753647 -0.838334 -0.893501 32.774990 0.000000 0.000000 
6.951684 33.781837 -8.235461 -13.581795 23.513474 0.000000 0.000000 
6.986785 33.866043 -0.849185 -1.883057 31.248693 0.000000 0.000000 
6.413094 34.278667 -0.638837 -13.986778 22.023518 0.000000 0.000000 
6.194321 34.767670 -0.282987 -12.949936 22.251183 0.000000 0.000000 
7.427375 34.621021 3.511130 -4.250099 27.527809 0.000000 0.000000 
7.754407 34.661865 3.691161 -11.934296 21.145533 0.000000 0.000000 
6.852002 35.082428 3.795983 -9.163849 26.233500 0.000000 0.000000 
6.768517 35.120995 1.246530 -11.140204 24.069988 0.000000 0.000000 
5.588412 35.451485 4.266339 -15.332031 21.575211 0.000000 0.000000 
5.987058 35.662453 2.961903 -4.319748 30.843353 0.000000 0.000000 
-11.781414 34.511154 0.870183 -12.183922 23.905764 0.000000 0.000000 
6.690386 36.030476 6.045323 -9.024498 26.378563 0.000000 0.000000 
6.519169 36.323952 1.891867 -8.978310 26.436295 0.000000 0.000000 
6.620500 36.431217 2.826617 -9.831078 25.240253 0.000000 0.000000 
6.280636 36.975090 8.089410 -8.720055 23.614054 0.000000 0.000000 
7.181809 36.825741 3.339186 -12.721045 21.755312 0.000000 0.000000 
6.345266 37.406368 9.559726 -14.716499 21.794245 0.000000 0.000000 
6.066290 37.693043 0.625640 -18.414413 18.670614 0.000000 0.000000 
6.143578 37.683361 0.796833 -17.632072 18.261114 0.000000 0.000000 
6.321508 37.752747 -0.344459 -16.798859 17.495516 0.000000 0.000000 
22.065943 31.043736 0.398005 -0.796318 21.209835 0.000000 0.000000 
7.060018 39.066277 -0.426033 -13.661751 20.708023 0.000000 0.000000 
6.974626 39.371765 -0.406345 -12.357390 20.842970 0.000000 0.000000 
5.799323 39.608963 -0.785366 -27.062248 5.982464 1.000000 1.000000 
12.344272 38.104172 0.089141 -13.990303 16.405743 1.000000 1.000000 
6.931890 39.818554 -0.523279 -17.657158 16.222515 1.000000 1.000000 
5.389732 40.164837 -0.798027 -23.008003 7.457398 1.000000 1.000000 
5.163839 40.244019 -0.698900 -20.756302 9.595734 1.000000 1.000000 
6.018936 40.518890 0.072284 -16.572464 19.170937 0.000000 0.000000 
12.512753 39.109692 -4.821940 -14.936172 17.829277 0.000000 0.000000 
6.064577 40.777164 9.365588 -16.776253 17.464804 0.000000 0.000000 
13.055864 39.105293 5.171514 -11.734215 20.669266 0.000000 0.000000 
12.846164 39.255032 4.677921 -10.094513 20.397261 0.000000 0.000000 
6.237990 41.169449 1.146687 -13.509796 19.392723 0.000000 0.000000 
6.391900 41.278507 0.821348 -15.584923 18.644651 0.000000 0.000000 
16.202183 38.255962 4.833035 -13.533722 18.430407 0.000000 0.000000 
7.439718 41.256332 -1.060172 -13.148369 20.190222 1.000000 1.000000 
7.174690 41.725365 -1.157427 -7.571312 24.188187 0.000000 0.000000 
7.602953 41.704082 -0.918045 -9.164452 22.385983 0.000000 0.000000 
7.501325 41.976131 -1.046897 -7.856346 24.519459 0.000000 0.000000 
5.354805 42.775101 -0.241537 -12.008446 23.098032 0.000000 0.000000 
5.122726 42.835575 -0.617475 -7.355629 23.061520 0.000000 0.000000 
5.179082 42.838768 -0.385064 -9.088409 21.805344 0.000000 0.000000 
5.519020 43.110676 -0.456892 -13.062164 20.027679 0.000000 0.000000 
7.665395 42.876366 -0.968478 -18.535637 13.713299 1.000000 1.000000 
5.257601 43.573784 -0.481916 -9.206886 21.302933 0.000000 0.000000 
5.089461 43.608337 -0.631476 -16.653641 17.022980 0.000000 0.000000 
5.136748 43.605995 -1.062531 -20.177719 14.920891 0.000000 0.000000 
5.306520 43.606644 -0.442755 -6.616737 22.704218 0.000000 0.000000 
5.353513 43.681015 -0.301093 -12.622826 19.861258 0.000000 0.000000 
5.367735 43.705509 -0.477884 -7.934387 23.000546 0.000000 0.000000 
5.039872 44.084480 -0.164122 -16.531464 16.992445 0.000000 0.000000 
5.214805 44.065029 -0.724925 -18.731293 13.106079 1.000000 1.000000 
5.351902 44.116543 -0.793055 -14.227310 19.553879 0.000000 0.000000 
7.817973 43.764786 3.001560 -8.121086 24.312050 0.000000 0.000000 
5.049901 44.327614 -1.158755 -18.516800 16.681484 0.000000 0.000000 
7.846049 43.932579 3.337346 -2.666916 27.020248 0.000000 0.000000 
5.309462 44.456341 -0.403739 -14.502647 15.432743 1.000000 1.000000 
7.840595 44.101460 2.955336 -8.121727 23.318314 0.000000 0.000000 
7.472703 44.200226 5.423810 -9.106232 20.544493 0.000000 0.000000 
7.419296 44.242493 4.985800 -8.858444 21.860126 0.000000 0.000000 
7.527828 44.237930 5.566597 -6.323273 24.062107 0.000000 0.000000 
5.433051 44.917828 -0.456121 -15.583229 14.931946 1.000000 1.000000 
6.705825 44.839027 6.072248 -16.124725 16.574265 0.000000 0.000000 
6.653293 44.941025 6.118597 -13.756615 18.422972 0.000000 0.000000 
12.570816 43.879517 0.671274 -17.388206 14.627228 0.000000 0.000000 
8.283525 45.742165 4.255429 -19.447052 14.524956 0.000000 0.000000 
7.301725 46.379704 6.594290 -14.102417 19.429214 0.000000 0.000000 
7.466558 46.390766 6.727699 -18.748955 17.703812 0.000000 0.000000 
6.702571 46.542046 14.410411 -16.187180 18.851742 0.000000 0.000000 
7.477776 46.435860 6.932261 -12.045807 20.407898 0.000000 0.000000 
7.036195 47.019978 6.184403 -19.610611 15.178669 0.000000 0.000000 
7.962139 47.065018 4.721856 -7.367310 22.495308 0.000000 0.000000 
7.913899 47.162991 5.507534 -7.373032 22.711554 0.000000 0.000000 
7.989100 47.184853 5.283341 -15.808708 17.676920 0.000000 0.000000 
7.908160 47.225170 5.569307 -8.991600 22.626631 0.000000 0.000000 
8.010651 47.246838 5.091055 -11.917542 20.373291 0.000000 0.000000 
7.595914 47.717705 3.460460 -5.865150 25.871714 0.000000 0.000000 
7.275911 47.940163 2.518862 -8.512938 22.666935 0.000000 0.000000 
34.906483 31.775658 1.060567 17.204529 27.960716 0.000000 0.000000 
35.010921 31.715227 0.939751 9.466644 23.028469 0.000000 0.000000 
35.106918 31.900661 1.364908 14.436005 26.724176 0.000000 0.000000 
35.041080 32.003716 1.125904 12.609337 22.095570 0.000000 0.000000 
8.744465 48.214184 5.508836 -14.083931 19.249502 0.000000 1.000000 
8.090659 48.498039 3.889691 -13.211319 20.793798 0.000000 0.000000 
8.174503 48.507751 -5.736296 -14.706741 17.353117 0.000000 0.000000 
7.717927 48.695766 6.193171 -8.161583 19.785238 0.000000 0.000000 
7.203946 49.090706 -4.411415 -10.089767 19.386486 0.000000 0.000000 
7.110683 49.125206 -6.522620 -12.174507 18.589958 0.000000 0.000000 
9.983078 48.845592 3.702772 -10.850899 20.181429 0.000000 0.000000 
7.497227 49.465141 5.697305 -9.135925 18.632727 0.000000 0.000000 
9.744357 49.095531 6.937726 -17.872780 13.337872 0.000000 0.000000 
7.695340 49.891605 7.121887 -17.928993 16.828051 0.000000 0.000000 
9.258940 49.944599 -3.912949 -14.420563 16.604355 0.000000 0.000000 
8.945158 50.086575 5.215442 -18.857315 15.179363 0.000000 0.000000 
8.422854 50.202671 5.726788 -16.304443 16.358486 0.000000 0.000000 
32.848286 37.711124 3.986810 -0.440338 14.866405 0.000000 0.000000 
8.320194 50.311184 6.027083 -16.467438 12.532558 0.000000 0.000000 
33.892433 36.995483 5.189580 -4.271698 14.030380 0.000000 0.000000 
34.048122 36.870621 4.707839 -4.127953 12.832298 0.000000 0.000000 
7.758078 50.782295 5.889800 -14.213492 15.638435 0.000000 0.000000 
7.930029 51.160587 -6.696408 -13.665077 16.078922 0.000000 0.000000 
7.952937 51.168873 -6.965509 -7.030746 21.975611 0.000000 0.000000 
12.116405 50.828892 2.829331 -19.773369 12.101795 1.000000 1.000000 
12.483021 51.491570 3.166971 -11.207359 19.923294 0.000000 0.000000 
12.101504 51.616886 3.138022 -15.564453 16.556870 0.000000 0.000000 
12.388748 51.557545 3.245172 -5.567703 20.538292 0.000000 0.000000 
12.268232 51.611603 3.203186 -7.464378 19.977692 0.000000 0.000000 
12.999724 51.460186 3.278686 -16.886871 13.838821 0.000000 0.000000 
7.370547 53.014637 5.558266 -7.014442 22.377342 0.000000 0.000000 
6.981851 53.102467 5.883584 -7.496399 19.954525 0.000000 0.000000 
7.098415 53.365398 5.803458 -5.534660 20.392593 0.000000 0.000000 
7.406297 53.396038 4.926867 -3.027611 24.363806 0.000000 0.000000 
7.240655 53.452911 5.456710 -7.344574 21.298353 0.000000 0.000000 
7.781688 53.382305 5.045321 -8.298820 22.066385 0.000000 0.000000 
7.761235 53.484409 3.546124 -12.397118 14.105499 1.000000 1.000000 
6.445191 53.911938 -5.831701 -13.966110 16.732920 0.000000 0.000000 
7.307117 53.885143 -2.471586 -7.209045 23.507565 0.000000 0.000000 
7.176615 53.919556 2.788224 -9.448997 21.953594 0.000000 0.000000 
6.769275 54.065975 -7.501110 -11.241226 16.358074 1.000000 1.000000 
7.796798 54.089111 3.693818 -1.831909 25.879147 0.000000 0.000000 
7.854953 54.106693 -6.988157 -3.321701 22.899750 0.000000 0.000000 
8.216131 54.161537 3.903784 -1.049545 24.797588 0.000000 0.000000 
7.454758 54.279449 -5.937284 -6.572830 21.192827 0.000000 0.000000 
7.279842 54.377888 -7.667840 -9.873816 19.301296 0.000000 0.000000 
6.754285 54.753880 -6.740740 -8.332428 18.573195 0.000000 0.000000 
6.449153 54.808990 -7.257246 -8.795029 20.303585 0.000000 0.000000 
7.907638 54.747204 -6.856407 -12.171448 16.916586 0.000000 0.000000 
7.394866 54.935024 -0.854790 -9.925232 19.043041 0.000000 0.000000 
7.289889 55.003021 4.089900 -6.243843 23.559620 0.000000 0.000000 
6.124924 55.332188 3.552530 -11.393600 22.820646 0.000000 0.000000 
6.462530 55.309860 3.561988 -9.718979 21.446754 0.000000 0.000000 
7.558499 55.206421 3.709016 -8.880188 19.622152 0.000000 0.000000 
7.470551 55.601395 -8.077847 -9.280113 18.047007 0.000000 0.000000 
7.583067 55.595539 -7.216409 -9.451012 18.707006 0.000000 0.000000 
43.272114 33.396492 2.187183 8.004555 17.430191 1.000000 1.000000 
6.443302 55.929420 5.818843 -9.324120 18.095425 0.000000 0.000000 
6.529997 55.970837 5.330157 -11.988014 16.265148 0.000000 0.000000 
6.711300 56.145386 6.025959 -8.282127 20.149927 0.000000 0.000000 
7.423454 56.311417 4.054029 -12.485130 16.274666 1.000000 1.000000 
44.066521 33.520195 2.141375 17.944710 22.910736 0.000000 0.000000 
44.518604 32.880875 1.945044 20.132500 25.748644 0.000000 0.000000 
44.334965 33.181564 2.355744 20.865379 25.182384 0.000000 0.000000 
44.989643 32.194695 -1.263915 18.693321 23.396721 0.000000 0.000000 
43.327847 34.718620 1.062925 5.638634 16.635111 0.000000 0.000000 
44.933784 32.584324 0.498107 8.737068 15.601810 0.000000 0.000000 
7.176524 57.001823 5.652563 -9.076149 20.260029 0.000000 0.000000 
7.700315 57.265194 6.420702 -10.175537 17.082975 0.000000 0.000000 
7.393997 57.363194 -7.262855 -12.033896 16.358421 0.000000 0.000000 
7.124351 57.729279 5.253723 -11.048302 15.851734 1.000000 1.000000 
7.882833 57.709145 9.782215 -13.112541 16.293022 0.000000 0.000000 
6.237271 58.199524 6.729499 -10.892288 19.618465 0.000000 0.000000 
7.233446 58.179077 7.215917 -11.514137 17.500347 0.000000 0.000000 
6.073145 58.787975 10.765037 -17.235558 16.275799 0.000000 0.000000 
7.997362 58.601395 7.657624 -13.732399 14.765675 0.000000 0.000000 
6.243256 58.884178 10.167315 -13.135612 20.090744 0.000000 0.000000 
7.999420 58.754139 -8.798571 -13.780983 15.746727 0.000000 0.000000 
7.437181 59.041687 5.888782 -12.864235 15.614376 0.000000 0.000000 
7.309407 59.143612 4.322485 -15.211555 15.466976 0.000000 0.000000 
-28.091928 52.409157 16.641256 -16.538200 11.197990 0.000000 1.000000 
6.141093 59.699387 7.073809 -16.773384 15.416935 0.000000 0.000000 
7.359510 59.587929 6.986359 -8.410316 16.137787 0.000000 0.000000 
6.976119 59.679146 -5.768497 -11.867859 16.948338 0.000000 0.000000 
53.117859 23.439142 -1.100671 6.133453 15.639557 0.000000 0.000000 
6.477824 60.228870 7.718974 -14.627739 14.449959 0.000000 0.000000 
7.451100 60.373775 7.825720 -8.891678 17.069761 0.000000 0.000000 
7.901361 60.328770 8.104403 -11.758026 13.531464 0.000000 0.000000 
8.284432 60.296047 -6.131235 -13.020149 16.724499 0.000000 0.000000 
7.404536 60.424873 -6.707368 -8.650505 16.901140 0.000000 0.000000 
9.094851 60.300259 7.234994 -23.277206 11.415760 0.000000 0.000000 
-7.409304 60.626106 -0.951351 -23.337204 8.322948 1.000000 1.000000 
7.248908 61.065052 8.100670 -16.422195 12.318497 0.000000 0.000000 
-7.624589 61.144085 -1.223425 0.299683 23.888325 0.000000 0.000000 
-7.658293 61.149246 -1.235320 -0.457893 23.477718 0.000000 0.000000 
-7.611405 61.258171 -1.273995 2.464264 27.941109 0.000000 0.000000 
-7.635759 61.257755 -1.352203 -5.311630 21.052170 0.000000 0.000000 
-8.059127 61.351357 -1.006826 -24.491119 4.772686 1.000000 1.000000 
-7.812429 61.603199 5.451374 -17.648666 13.471790 0.000000 0.000000 
-7.848273 61.811283 -0.760979 -16.702660 12.820988 0.000000 0.000000 
-8.025378 61.864304 -0.868130 -13.754478 13.968506 0.000000 0.000000 
-8.247311 62.026497 -1.319798 -17.112411 12.350208 0.000000 0.000000 
8.655083 62.034687 0.616842 -18.317307 10.905643 0.000000 0.000000 
-7.820801 62.339039 -1.212753 -13.818976 12.170757 1.000000 1.000000 
-7.929554 62.952892 1.446619 -20.898476 10.792423 0.000000 0.000000 
-53.061314 31.674583 9.841846 5.346024 10.707001 0.000000 0.000000 
27.085838 57.447388 -6.698995 -5.636566 15.230389 0.000000 0.000000 
26.990015 57.538452 -6.717809 -5.388519 16.202854 0.000000 0.000000 
16.727491 61.761894 16.146780 -20.339317 8.363304 0.000000 0.000000 
8.004520 64.198494 0.131230 -11.073174 13.937119 0.000000 0.000000 
7.725966 64.238991 -0.403087 -19.408630 10.276348 0.000000 0.000000 
7.796007 64.282158 -0.607162 -13.156548 13.682774 0.000000 0.000000 
7.955262 64.289169 0.005108 -20.726410 9.307274 0.000000 0.000000 
-30.220512 57.519264 14.193174 -10.835846 12.739750 0.000000 0.000000 
21.034933 61.877144 1.002858 -5.810692 19.587366 0.000000 0.000000 
21.208666 61.876698 -4.292780 -11.192534 15.163197 0.000000 0.000000 
-11.624175 64.550629 -0.554345 -8.303955 21.552546 0.000000 0.000000 
26.553949 59.802799 -4.727417 -10.252228 11.750801 1.000000 1.000000 
26.772905 60.244274 -5.043034 0.423859 20.461872 0.000000 0.000000 
8.001068 65.945656 -1.048728 -16.307533 10.437126 1.000000 1.000000 
26.747665 60.459770 -6.175447 -6.709595 14.416397 0.000000 0.000000 
15.838680 64.998352 1.425712 -16.590393 10.698956 0.000000 0.000000 
8.263660 66.866035 -1.286476 -12.182419 15.114037 0.000000 0.000000 
8.195517 67.202461 -1.565394 -11.478462 14.449615 0.000000 0.000000 
-31.147686 59.804958 17.624601 -5.799095 17.990780 0.000000 0.000000 
-31.010210 59.913334 18.074284 -7.232819 15.572956 0.000000 0.000000 
-12.947520 66.595047 0.414775 -15.990829 10.246696 1.000000 1.000000 
8.057576 67.630150 -1.320566 -17.134743 8.824333 1.000000 1.000000 
-12.773915 67.308685 2.646220 -9.904869 14.697021 0.000000 1.000000 
-12.749496 67.379593 1.529276 -9.447594 16.376198 0.000000 0.000000 
50.585274 45.584949 1.555025 -3.347565 6.925160 0.000000 0.000000 
8.201795 69.238312 1.159649 -22.474022 5.413620 1.000000 1.000000 
9.610066 69.223480 0.421334 -20.909943 7.632279 0.000000 0.000000 
45.182903 52.075809 2.897232 -0.057091 10.820736 0.000000 0.000000 
45.301556 52.014694 2.791616 9.610840 18.083908 0.000000 0.000000 
45.229359 52.099739 -4.391421 3.618073 14.094521 0.000000 0.000000 
45.367523 52.148396 3.027446 7.409065 15.899654 0.000000 0.000000 
8.368822 69.644127 1.208758 0.880112 22.833385 0.000000 0.000000 
8.445696 69.853241 1.522620 -12.412491 14.593681 0.000000 0.000000 
8.462619 69.863029 1.178786 1.972763 25.294790 0.000000 0.000000 
8.139857 70.079170 2.055778 -18.448311 11.686131 0.000000 0.000000 
43.388523 54.555496 3.771054 -6.792900 11.613255 0.000000 0.000000 
8.568061 70.148888 1.572843 -11.088257 12.761669 0.000000 0.000000 
47.026352 52.161472 -4.660759 9.530663 20.565029 0.000000 0.000000 
8.484317 70.940498 1.177171 -5.357681 16.978107 1.000000 1.000000 
48.130032 52.164776 -4.236751 1.822930 13.052326 0.000000 0.000000 
8.481922 71.614906 2.290852 -10.462891 15.463764 0.000000 0.000000 
-36.364441 61.991913 3.717904 3.391594 20.077103 0.000000 0.000000 
-35.991394 62.239841 3.796733 1.581551 17.885157 0.000000 0.000000 
-36.247738 62.196735 3.997762 2.411919 20.366390 0.000000 0.000000 
-36.074177 62.319004 3.667073 -1.972458 17.110518 0.000000 0.000000 
9.131454 72.062042 3.655531 -14.829178 11.040390 1.000000 1.000000 
9.271904 72.365463 2.724286 -14.081985 11.216766 0.000000 0.000000 
8.898845 72.590240 2.854221 -16.110519 11.501564 0.000000 0.000000 
9.698022 72.526970 3.932245 -11.522461 13.696583 0.000000 0.000000 
9.288012 72.641617 3.457031 -8.541573 16.702688 0.000000 0.000000 
9.181127 72.789459 3.541566 -8.401917 16.538464 0.000000 0.000000 
9.445031 72.788643 3.376891 -10.779259 16.633656 0.000000 0.000000 
-29.225569 67.066437 2.793222 -3.053574 15.701160 0.000000 0.000000 
-28.202723 67.923515 2.378129 -7.289490 15.304832 0.000000 0.000000 
-30.694977 66.777435 3.148923 -3.050064 19.187300 0.000000 0.000000 
-29.779858 67.256454 19.581421 -6.491997 15.278553 0.000000 0.000000 
-29.746611 67.354263 2.668462 1.121376 20.827810 0.000000 0.000000 
-29.324249 67.660446 2.727166 -0.267540 19.642729 0.000000 0.000000 
-29.409807 67.846466 2.664116 -0.317032 19.887760 0.000000 0.000000 
-31.146223 67.042259 3.805687 0.283081 20.908873 0.000000 0.000000 
-30.408396 67.678375 4.728698 -2.467033 17.507854 0.000000 0.000000 
-30.599602 67.605392 4.633083 -3.284134 16.917477 0.000000 0.000000 
-30.886610 67.634697 3.579283 3.099884 22.147926 0.000000 0.000000 
-23.181570 70.821037 2.897501 -4.879562 20.184505 0.000000 0.000000 
-29.499725 68.327972 5.082720 3.008446 23.288698 0.000000 0.000000 
-30.477692 67.878296 5.034409 -0.358482 20.178003 0.000000 0.000000 
-29.506144 68.639969 -6.903162 -0.107414 19.701948 0.000000 0.000000 
-28.366932 69.859535 2.126992 -2.766762 17.438251 0.000000 0.000000 
-9.917952 75.396286 3.968902 -11.105263 14.963287 0.000000 0.000000 
-28.947235 70.040710 0.094957 -5.687469 14.756165 0.000000 0.000000 
-10.787990 75.511940 4.771873 -6.528053 17.530222 0.000000 0.000000 
-10.667171 75.652832 4.915041 -9.643211 17.430422 0.000000 0.000000 
-10.799498 75.648636 4.905685 -5.254875 19.071636 0.000000 0.000000 
-24.283173 72.866470 2.860996 -6.133492 16.053299 0.000000 0.000000 
9.509033 76.442139 2.206186 -3.547096 20.390240 0.000000 1.000000 
-22.475689 73.720734 10.556343 -4.970642 14.354206 1.000000 1.000000 
-21.649967 74.085114 5.872719 -8.600044 17.534269 0.000000 0.000000 
-10.571984 76.954048 5.334262 -2.124100 21.127846 0.000000 0.000000 
-10.264656 77.082489 5.698169 -2.806175 20.450367 0.000000 0.000000 
-23.007236 74.538765 10.423510 -9.129761 12.294353 0.000000 0.000000 
-22.683153 74.686981 10.661953 1.587013 22.008305 0.000000 0.000000 
-22.822948 74.956779 10.721403 0.679047 19.194502 0.000000 0.000000 
-30.028349 72.248886 3.054153 -9.981880 11.688492 0.000000 0.000000 
-22.618940 75.053703 11.360248 -3.346924 16.172279 0.000000 0.000000 
-24.816704 74.402603 -7.538304 -14.555603 9.442699 0.000000 0.000000 
-23.854477 74.849457 10.326294 -16.568192 7.903740 0.000000 0.000000 
55.580677 54.104469 2.276547 3.401793 8.448261 1.000000 1.000000 
-22.899588 75.363586 10.837634 -3.001450 17.799738 1.000000 1.000000 
56.044064 54.463486 2.212100 13.850502 17.671152 0.000000 0.000000 
56.142246 54.455055 2.058796 6.350838 11.422810 0.000000 0.000000 
55.887711 54.785561 1.835977 11.206833 18.053867 0.000000 0.000000 
-37.551960 69.490639 0.574541 -7.174255 16.524014 0.000000 0.000000 
58.012146 52.902100 3.687372 1.313309 17.371918 0.000000 0.000000 
-36.829082 70.590851 1.454092 -8.336243 13.122890 0.000000 0.000000 
58.722122 52.581299 3.830187 15.502388 18.301092 0.000000 0.000000 
58.956142 52.397034 -5.040395 10.166000 16.021801 0.000000 0.000000 
59.186516 52.304489 -5.131146 15.203300 22.049807 0.000000 0.000000 
43.191109 67.480461 1.789800 -2.494095 13.869461 0.000000 0.000000 
-35.909737 71.994537 3.386348 -12.335793 12.215961 0.000000 0.000000 
18.721697 78.572891 -0.935953 -17.699013 10.720955 0.000000 0.000000 
-14.650714 80.277405 -0.799008 -8.519554 14.647438 0.000000 1.000000 
-22.398298 78.553108 4.512907 -9.427185 13.142357 0.000000 0.000000 
-22.313324 78.580887 4.893704 -9.974915 13.338829 0.000000 0.000000 
-34.386261 74.529633 10.975816 -2.419235 16.196423 0.000000 0.000000 
26.232651 77.990417 11.553881 -7.258865 15.536327 0.000000 0.000000 
-34.311424 74.652107 10.328939 -6.948677 14.251163 0.000000 0.000000 
-37.711658 73.278938 2.995564 -7.411125 12.842949 0.000000 0.000000 
-33.087978 75.681931 9.340056 -1.918106 17.759121 0.000000 0.000000 
-28.920967 77.721352 4.662348 -3.354362 15.889908 0.000000 0.000000 
-37.872726 73.608276 7.497144 2.823135 19.769863 0.000000 0.000000 
-35.204918 75.101082 10.041528 -2.520439 18.078386 0.000000 0.000000 
-29.559271 77.718239 7.033794 -3.246483 17.027399 0.000000 0.000000 
-29.714804 77.683739 3.682706 -3.200661 17.605684 0.000000 0.000000 
-29.472414 77.840073 5.981033 -2.122749 17.801512 0.000000 0.000000 
-32.070412 77.339333 -0.130996 -4.147141 15.833378 0.000000 0.000000 
-30.223913 78.218536 7.186374 -6.963837 14.501629 1.000000 1.000000 
-28.348761 79.523277 6.223569 -2.943596 19.264833 0.000000 0.000000 
-28.377287 79.537704 9.608753 -2.298248 17.347536 0.000000 0.000000 
-28.289667 79.649597 7.293507 2.148314 19.397758 0.000000 0.000000 
-28.077019 79.742157 4.767260 -9.374573 13.557945 1.000000 1.000000 
-33.993122 77.337761 7.014935 -2.340561 17.404987 0.000000 0.000000 
72.566330 40.021069 2.278184 8.526237 13.124969 0.000000 1.000000 
-27.212784 80.425308 7.164009 -1.239166 19.232271 0.000000 0.000000 
44.010292 72.710403 2.971094 2.224762 16.976009 0.000000 0.000000 
-34.418015 78.396500 10.412380 -4.076561 14.546219 0.000000 0.000000 
65.377907 54.031647 7.170352 10.861206 13.851585 0.000000 1.000000 
-32.777611 79.525948 10.970353 -1.461975 16.512115 0.000000 0.000000 
-30.871695 80.573517 12.019238 -10.662628 11.745232 0.000000 0.000000 
-30.689814 80.930786 9.043704 -6.340912 15.883873 0.000000 0.000000 
-29.523108 81.401688 10.103210 -3.469994 19.206131 0.000000 0.000000 
-29.881563 81.515915 10.462475 -3.151665 18.446539 0.000000 0.000000 
-30.052450 81.475174 9.471822 -7.363403 14.324638 0.000000 0.000000 
52.467514 68.994034 4.511045 8.177330 18.294477 0.000000 0.000000 
52.513241 68.974937 4.644866 6.770447 18.881306 0.000000 0.000000 
-34.534828 81.170029 12.756128 -8.608147 13.394466 0.000000 0.000000 
-32.584713 82.731377 12.768664 -8.221703 10.968754 1.000000 1.000000 
43.258884 77.611084 4.047984 1.639122 16.733585 0.000000 0.000000 
-31.758371 83.295349 12.126801 -6.512627 15.946789 0.000000 0.000000 
39.465057 79.787453 2.550006 0.022369 17.550848 0.000000 0.000000 
-33.428642 82.765373 13.591274 -4.582344 14.664703 0.000000 0.000000 
-33.248535 82.873436 14.174745 -3.600418 14.935722 0.000000 0.000000 
-32.402660 83.506241 15.091658 -5.876701 14.521870 0.000000 0.000000 
21.372375 87.432526 4.869918 -11.111557 13.051979 0.000000 0.000000 
21.542442 87.416252 4.193062 -3.922203 16.029881 0.000000 0.000000 
21.507965 87.436974 4.692312 -11.952751 12.459061 0.000000 0.000000 
-34.705379 82.895325 1.165927 -4.313950 13.783176 0.000000 0.000000 
-34.468586 83.109810 1.808619 -4.093048 14.533627 0.000000 0.000000 
-32.509071 83.961067 13.260546 -8.197533 13.090057 0.000000 0.000000 
-33.229301 84.277557 10.894103 -6.033356 12.678959 0.000000 0.000000 
-38.428829 82.852364 8.413287 -5.185226 13.976185 0.000000 0.000000 
-38.113659 83.081688 9.306292 -10.175552 10.301498 0.000000 0.000000 
-32.712185 85.703651 11.208549 -9.785149 11.871872 0.000000 0.000000 
-51.729183 75.538345 7.383700 -6.637390 8.750153 0.000000 0.000000 
-22.339437 89.619324 5.053839 -12.125525 9.543285 0.000000 0.000000 
-20.797781 90.379883 6.826248 -12.715027 10.953484 0.000000 0.000000 
-20.830807 90.435608 6.869149 -11.046753 10.095619 0.000000 0.000000 
-22.506231 90.220566 6.521637 -11.093231 10.686779 0.000000 0.000000 
-21.434214 90.680931 7.068154 -8.768661 12.208664 0.000000 0.000000 
11.499705 92.562935 2.526214 -14.529222 11.420795 0.000000 0.000000 
-23.843021 90.504135 6.462954 -11.073837 11.604279 0.000000 0.000000 
-21.891951 91.058952 7.115083 -11.485130 10.853092 0.000000 0.000000 
-23.114645 90.931656 7.466162 -10.320610 11.780949 0.000000 0.000000 
-22.793213 91.119507 6.729550 -6.276703 12.574059 0.000000 0.000000 
-22.040419 91.431030 6.522271 -10.346703 13.063801 0.000000 0.000000 
-21.108650 91.672462 6.783740 -8.028519 14.557674 0.000000 0.000000 
-21.877398 91.626389 6.192791 -16.272049 7.937710 0.000000 0.000000 
-32.333344 88.640442 11.775135 -14.934181 7.644810 0.000000 0.000000 
19.670757 93.220985 2.058267 -19.527321 4.884942 0.000000 0.000000 
11.751387 95.573509 11.698974 -17.938087 7.057984 0.000000 0.000000 
-40.871750 87.306946 5.782593 -13.433052 5.723576 0.000000 1.000000 
-32.312408 91.409851 11.877276 -10.478600 6.784749 0.000000 0.000000 
12.320457 96.764984 3.046158 -17.582024 6.146641 0.000000 0.000000 
-14.226305 96.992455 3.219112 -9.013916 11.638596 0.000000 0.000000 
-14.491454 97.324432 3.667699 -6.797035 12.964897 0.000000 0.000000 
-15.050150 97.266670 3.527688 -3.663780 15.142242 0.000000 0.000000 
-15.753325 97.153091 3.404401 -3.668167 15.812943 0.000000 0.000000 
-15.424624 97.225960 3.567759 1.586037 19.999254 0.000000 0.000000 
-15.457510 97.343292 3.581860 3.607269 20.113319 0.000000 0.000000 
-23.156090 96.042358 7.843925 -16.436455 7.224278 0.000000 0.000000 
-22.011732 96.349014 10.584719 -8.499825 10.007607 0.000000 0.000000 
-22.386841 96.320007 11.268777 -16.084969 6.082169 0.000000 0.000000 
-22.236290 96.503777 8.978403 -10.477318 7.388791 0.000000 0.000000 
-15.319071 98.013489 -0.995068 -16.433151 4.746037 1.000000 1.000000 
-22.789169 96.693665 -2.919024 -7.878723 10.350048 0.000000 0.000000 
-22.497835 96.904083 11.074638 -13.902229 7.204148 0.000000 0.000000 
-21.791559 97.277893 -3.333614 -12.089058 9.693058 0.000000 0.000000 
-30.553869 95.766663 9.124869 -14.820465 6.462349 0.000000 0.000000 
-29.687555 96.273140 9.928780 -7.468025 8.810043 0.000000 0.000000 
-29.453266 96.418098 9.352604 -13.624763 6.467690 0.000000 0.000000 
-29.554981 96.564232 11.484619 -13.408234 7.339093 0.000000 0.000000 
-33.105656 95.723518 10.001736 -10.728477 9.724461 0.000000 0.000000 
-34.222004 95.328918 9.383339 -11.257706 10.061245 0.000000 0.000000 
-31.961460 96.341095 11.176924 -3.360794 12.438820 0.000000 0.000000 
-31.687424 96.461227 11.255280 -11.363121 7.200253 0.000000 0.000000 
-32.570576 96.172127 11.485370 -6.152596 9.988461 0.000000 0.000000 
-32.547775 96.355904 12.435736 -10.958037 8.373363 0.000000 0.000000 
-86.180984 50.725552 16.483093 8.450485 7.588875 0.000000 0.000000 
39.183353 94.106514 0.511518 -11.881476 6.709572 0.000000 0.000000 
-32.005692 97.045425 13.350016 -8.523003 11.447514 0.000000 0.000000 
-73.221184 70.056999 11.560783 5.050964 8.359917 0.000000 1.000000 
-30.248167 98.098351 10.995896 -8.368179 10.097073 0.000000 0.000000 
-31.218882 98.249283 12.877836 -11.399567 7.871647 0.000000 0.000000 
-31.783491 98.243103 10.590781 -6.444534 10.507950 0.000000 0.000000 
11.938226 103.051300 1.884815 -12.581146 8.150974 0.000000 0.000000 
-31.577808 99.940453 11.091228 -4.698746 11.887928 0.000000 0.000000 
-31.684099 100.334908 13.433312 -11.959175 9.376953 0.000000 0.000000 
-31.580269 100.714027 11.299940 -10.770653 5.584977 1.000000 1.000000 
-32.805130 100.323334 12.399323 -11.201744 7.485634 0.000000 0.000000 
34.459309 100.305672 3.332824 -9.882263 7.670918 0.000000 0.000000 
-31.359041 102.240936 14.549492 -7.491150 7.495301 0.000000 1.000000 
-31.527792 103.555779 10.670971 -12.537247 6.526619 0.000000 0.000000 
52.268192 97.409668 5.439385 -4.594551 10.704163 0.000000 0.000000 
51.587906 97.829620 5.393697 -4.540016 10.362026 0.000000 0.000000 
50.999653 98.557991 6.242928 -3.174713 10.831348 0.000000 0.000000 
49.566540 99.365005 5.360742 -6.285194 10.386913 0.000000 0.000000 
49.617256 99.395012 5.412319 -9.792046 7.269886 0.000000 0.000000 
50.731453 98.840294 4.789819 -3.238197 8.020527 0.000000 0.000000 
50.198730 99.158127 6.413665 -3.634537 10.055805 0.000000 0.000000 
-37.643700 105.117325 16.634926 -8.490149 10.085491 0.000000 0.000000 
47.598869 101.325455 2.992188 -7.450279 8.218140 0.000000 0.000000 
43.719746 103.586967 1.338287 -9.234222 9.346798 0.000000 0.000000 
56.255962 97.462624 1.849498 -5.143021 10.407944 0.000000 0.000000 
-31.576714 108.997017 11.519602 -10.760910 8.180046 0.000000 0.000000 
-50.797379 102.116600 14.744548 -9.798363 6.648556 0.000000 0.000000 
37.360390 108.341049 3.637063 -2.212715 10.716316 0.000000 0.000000 
37.255699 108.462875 4.720862 -4.515228 9.491817 0.000000 0.000000 
36.916618 108.590729 3.123287 -11.365196 5.254902 0.000000 0.000000 
35.148209 109.659241 1.572179 -12.577858 6.339356 0.000000 0.000000 
35.064247 109.926445 2.409262 -9.252785 6.810944 0.000000 0.000000 
33.905964 110.501945 1.891927 -12.525597 5.784268 0.000000 0.000000 
34.476772 110.363716 2.762531 -11.292107 5.931328 0.000000 0.000000 
-7.447742 116.391266 -4.153738 -9.947128 8.420918 0.000000 0.000000 
-7.371686 116.456902 -1.997974 -16.577110 5.104992 0.000000 0.000000 
-7.244176 117.590431 -4.754780 -9.292992 7.689286 0.000000 0.000000 
-7.440151 117.588196 -4.560157 -13.277718 6.452004 0.000000 0.000000 
-6.936219 117.638924 -3.705727 -10.739876 8.731335 0.000000 0.000000 
-22.854029 115.649422 3.803670 -12.730011 5.996811 0.000000 0.000000 
-21.929264 116.241638 4.352921 -9.509735 8.596565 0.000000 0.000000 
47.628498 108.333961 1.233407 -9.466171 5.445271 0.000000 0.000000 
42.262730 110.808113 0.791071 -6.653770 6.032586 1.000000 1.000000 
44.346771 110.842636 1.199599 -10.316940 7.554062 0.000000 0.000000 
43.339497 111.367683 2.740895 -7.009254 6.883988 0.000000 0.000000 
42.705578 111.635315 3.091540 -4.782532 8.020107 0.000000 0.000000 
-22.473513 117.900681 6.563683 -11.163405 9.097809 0.000000 0.000000 
-21.849710 118.034477 8.688906 -7.106010 11.177273 0.000000 0.000000 
42.651043 112.025291 2.520094 -6.522842 9.189762 0.000000 0.000000 
-22.035782 118.099449 8.666427 -3.146278 11.449387 0.000000 0.000000 
-23.055853 117.974304 9.065344 1.280281 14.406425 0.000000 0.000000 
-23.983688 117.811409 8.769252 -10.058235 7.147576 0.000000 0.000000 
-23.084917 118.221138 9.311659 2.449074 16.786772 0.000000 0.000000 
40.641430 113.504501 2.769529 -11.174088 7.016472 0.000000 0.000000 
-33.703350 116.035255 12.100121 -6.567398 10.041904 0.000000 0.000000 
-34.021927 116.303841 12.396742 -10.033318 8.159843 0.000000 0.000000 
-23.307316 119.229774 9.508762 -4.185913 9.700897 1.000000 1.000000 
37.318867 115.883629 2.320074 -11.832863 4.571908 0.000000 0.000000 
36.898712 116.289726 2.400658 -9.234184 5.792134 0.000000 0.000000 
37.253643 116.199974 0.783259 -9.980705 5.431050 0.000000 0.000000 
-32.869411 117.605087 10.927704 -13.384636 6.833024 0.000000 0.000000 
-31.892271 118.150269 5.503973 -8.670128 7.657486 0.000000 0.000000 
-23.210644 120.385300 4.506933 -10.401587 8.675320 0.000000 0.000000 
-7.310077 123.258957 -5.099829 -6.732918 9.652412 0.000000 0.000000 
-31.978508 120.089745 10.848523 -10.621863 7.218762 0.000000 0.000000 
-33.695370 121.410271 11.688752 -4.835381 10.835037 0.000000 0.000000 
-33.331215 121.707222 11.957038 -2.981697 10.737812 0.000000 0.000000 
-33.476818 121.708336 11.442245 -4.185768 10.053318 0.000000 0.000000 
-33.355873 122.300125 12.781631 -10.137573 4.844353 1.000000 1.000000 
-34.830204 121.984741 14.668220 -5.124496 9.983860 0.000000 0.000000 
37.113602 121.403244 1.327942 -6.178146 8.354973 0.000000 1.000000 
-31.856138 123.271156 11.287658 -10.564888 7.994202 0.000000 0.000000 
-33.578499 123.238388 12.668017 -8.322800 7.045331 0.000000 0.000000 
-33.199257 124.207436 10.721512 -7.836967 8.022060 0.000000 0.000000 
-7.492586 128.949310 -5.203016 -8.830261 10.321659 0.000000 1.000000 
-7.830826 129.018005 -5.832671 -7.990334 8.381435 0.000000 0.000000 
-22.432985 127.575470 4.706363 -2.844063 12.848824 0.000000 0.000000 
-21.026787 128.026382 2.645874 -6.476410 8.599068 0.000000 0.000000 
-21.167990 128.249664 -9.871292 -1.075516 13.520210 0.000000 0.000000 
-20.974268 128.418518 -8.571014 -6.134628 10.917328 0.000000 0.000000 
-21.257746 128.426849 4.063724 -2.260376 11.296688 0.000000 0.000000 
-21.753607 128.375000 4.782420 -1.620651 11.083012 0.000000 0.000000 
-21.289139 128.611115 -3.714731 9.023270 20.348221 1.000000 1.000000 
-21.398300 128.627014 -7.797438 -4.904694 9.760365 0.000000 0.000000 
-23.525089 128.704468 0.635296 -11.035605 7.107583 0.000000 0.000000 
-23.521467 128.828354 3.880538 -5.420708 10.144932 0.000000 0.000000 
-22.110777 129.293396 4.758599 -13.459976 5.225529 0.000000 0.000000 
-21.398407 129.560318 -3.585544 11.498672 24.165104 0.000000 0.000000 
-21.682322 129.847137 -3.099241 14.719963 25.271711 0.000000 0.000000 
-21.627155 129.981491 3.455460 0.026604 14.445435 0.000000 0.000000 
-21.626892 130.256393 -3.525928 6.318954 18.802122 1.000000 1.000000 
-21.635113 130.307190 -0.714446 -4.272041 7.561635 1.000000 1.000000 
6.852538 131.980621 -8.144274 -2.100838 15.809761 0.000000 1.000000 
-22.613316 130.281631 -3.773556 -11.110291 7.348855 0.000000 0.000000 
-23.415764 130.420288 3.578014 -8.543037 8.652622 0.000000 0.000000 
-22.303326 130.792480 -2.146878 10.643883 24.032558 1.000000 1.000000 
-21.736668 130.891785 0.193140 -1.330360 11.986485 1.000000 1.000000 
-22.500048 131.339355 -2.543810 14.631699 25.491924 0.000000 0.000000 
-22.470568 131.345978 -2.113369 19.229790 29.831869 0.000000 0.000000 
-22.253250 131.538483 -1.914843 17.788055 29.327312 0.000000 0.000000 
-21.915907 131.952759 -10.309546 4.802666 21.773546 0.000000 0.000000 
-22.061659 131.933838 -9.991031 5.605339 19.098349 0.000000 0.000000 
-21.281668 132.295593 4.538735 5.237564 20.424831 0.000000 0.000000 
-21.088907 132.421692 3.266282 8.138924 23.196430 0.000000 0.000000 
-20.916885 132.673859 3.821433 7.821426 22.256081 0.000000 0.000000 
-21.346441 133.041260 2.902123 3.674271 16.753506 0.000000 0.000000 
-21.074215 133.141724 3.587916 6.263779 18.557640 0.000000 0.000000 
-21.590929 133.129517 4.178826 -3.479202 10.036610 0.000000 0.000000 
-21.382608 133.681549 2.341993 4.948593 18.212082 1.000000 1.000000 
-21.980381 133.666229 -7.905141 -5.503235 10.230370 0.000000 0.000000 
-21.972261 133.784637 -9.886595 -2.665573 12.093021 0.000000 0.000000 
7.162498 135.567291 -5.626853 -2.210686 13.225559 1.000000 1.000000 
41.047832 129.670624 4.128047 -6.681709 7.661129 0.000000 0.000000 
6.292125 136.238190 -6.299667 4.826683 19.676111 0.000000 0.000000 
6.109226 136.260406 -6.526623 1.975586 17.467234 0.000000 0.000000 
6.985537 136.308685 -5.421887 4.455521 19.444565 0.000000 0.000000 
-21.122581 135.271088 4.164799 -5.633644 9.238544 0.000000 0.000000 
-20.507900 135.632050 3.534681 -6.804497 7.303933 0.000000 0.000000 
-22.738575 135.326752 3.940946 -7.281410 8.910831 1.000000 1.000000 
41.305923 130.838562 1.494355 -6.372253 8.311245 0.000000 0.000000 
40.262154 131.621796 2.901474 -1.167656 11.032341 0.000000 0.000000 
39.820530 131.853165 3.628875 0.065140 11.671944 0.000000 0.000000 
40.488968 131.659058 3.047189 -3.968399 10.192711 0.000000 0.000000 
-22.985554 136.012909 -1.388567 -9.566071 5.415070 0.000000 0.000000 
-20.467167 136.666595 0.293574 -12.405998 5.846272 0.000000 0.000000 
-23.555893 136.584320 -4.351865 -8.981232 7.815342 0.000000 0.000000 
-22.874178 136.740051 -1.666773 -0.354370 11.426231 0.000000 0.000000 
-22.885780 136.753387 -2.224602 3.595520 13.817940 0.000000 0.000000 
-23.147253 137.105957 -0.946122 -7.777542 7.502945 0.000000 0.000000 
-23.105246 137.402832 -1.459489 -10.539215 4.070244 1.000000 1.000000 
-23.332142 138.402100 3.444699 -11.193199 4.104855 0.000000 0.000000 
-24.075060 138.861938 3.976768 -10.096291 7.179974 0.000000 0.000000 
-22.712873 139.313751 -11.926321 -5.185478 6.946072 0.000000 0.000000 
-22.825499 139.352661 -1.652001 -4.770203 7.572423 0.000000 0.000000 
-23.259863 139.342590 0.060203 -2.472336 9.031242 0.000000 0.000000 
-22.957626 139.704437 -2.102782 -5.519081 8.273975 0.000000 0.000000 
-24.624264 139.520966 0.585321 -5.539162 7.927300 0.000000 0.000000 
-23.733030 139.740631 4.427525 -2.322937 9.932270 0.000000 0.000000 
-22.652885 140.330841 4.696574 -3.816772 8.843288 0.000000 0.000000 
-22.408789 140.650909 2.323252 -7.505791 6.214554 0.000000 0.000000 
-24.250751 140.425293 2.580375 -6.589935 7.489491 0.000000 0.000000 
-23.525854 140.669861 -9.009992 -4.512413 9.141533 0.000000 0.000000 
-23.110367 140.781342 -10.269828 -2.766708 9.920219 0.000000 0.000000 
-23.221489 141.064087 5.642016 -3.897964 10.488983 0.000000 0.000000 
-23.576015 141.771149 3.481780 -7.924263 4.923390 0.000000 0.000000 
-23.506990 143.619354 -1.552400 -12.698898 4.033852 0.000000 0.000000 
44.676346 139.218414 2.255036 -7.178604 4.431992 0.000000 0.000000 
43.670044 139.563995 -0.146136 -10.436852 3.899712 0.000000 1.000000 
-24.164835 144.891235 1.225294 -13.308937 3.995194 0.000000 0.000000 
-24.002863 144.972534 1.001633 -12.435997 2.588307 0.000000 0.000000 
-23.921782 145.198334 -12.076900 -4.441780 7.668026 0.000000 0.000000 
-23.315220 145.415894 -8.439937 -0.268494 13.651432 0.000000 0.000000 
-25.620605 145.494019 3.040248 -12.227631 5.142182 0.000000 0.000000 
8.083996 147.754456 -5.598542 -9.615570 7.290131 0.000000 1.000000 
-24.092596 146.055450 3.833226 -11.710388 6.332055 1.000000 1.000000 
8.272181 147.937439 -5.183898 -8.201500 8.424080 0.000000 1.000000 
-23.021368 146.791504 -10.807571 -7.701065 7.150342 0.000000 0.000000 
-23.474819 146.781799 2.722748 -9.664040 5.792710 0.000000 0.000000 
-23.133398 146.972565 5.839563 -0.707115 10.046299 0.000000 0.000000 
-27.002083 146.515594 -0.533900 -8.601334 5.981152 0.000000 0.000000 
-23.576073 147.481598 -2.565776 -6.041924 7.019658 0.000000 0.000000 
-25.489334 147.250275 -1.023327 5.603981 18.769753 0.000000 0.000000 
-24.393681 147.456451 0.148393 3.423729 15.038223 0.000000 0.000000 
-24.959366 147.369232 -0.963953 5.776802 18.456900 0.000000 0.000000 
-22.983677 148.101868 5.536081 -4.214691 8.494270 0.000000 0.000000 
-24.100550 148.070862 6.313149 -2.748871 7.188389 1.000000 1.000000 
-25.147024 148.066681 0.228378 1.382172 13.748379 1.000000 1.000000 
-24.171152 148.292084 -1.298432 -8.148460 4.282376 0.000000 0.000000 
-25.246859 148.502197 0.161781 -5.332771 6.908967 1.000000 1.000000 
-35.169773 146.961060 10.819862 -9.697815 4.528756 1.000000 1.000000 
-23.199394 149.727570 -2.246986 -12.410011 3.566891 0.000000 0.000000 
-35.884327 148.085938 11.636577 -3.673599 7.812642 0.000000 0.000000 
-35.776711 148.122925 12.169208 -5.998116 7.552575 0.000000 0.000000 
-24.077688 151.454712 -3.050999 -11.626480 5.531926 0.000000 0.000000 
-34.009342 149.580872 10.755873 -6.492386 7.216786 0.000000 0.000000 
-25.656824 151.916046 2.856897 -7.129196 5.685711 0.000000 0.000000 
-24.850044 152.167633 -0.708354 -6.117996 7.190159 0.000000 0.000000 
-23.869650 152.461578 5.500179 -9.394058 5.357113 1.000000 1.000000 
-24.760868 152.543091 3.512339 -5.956268 5.591256 0.000000 0.000000 
-21.669073 153.139618 2.415348 -8.116554 6.544713 0.000000 0.000000 
-25.424919 152.731598 3.460892 0.995995 10.347851 0.000000 0.000000 
-25.464924 152.735504 4.792326 0.994469 10.644772 0.000000 0.000000 
-24.481716 153.091827 4.946318 1.620842 12.917023 0.000000 0.000000 
-23.448156 153.679199 -3.718781 -4.368797 8.723293 0.000000 0.000000 
-24.234926 153.687012 -1.527004 -3.505814 8.405624 0.000000 0.000000 
-24.617214 153.956451 -0.989656 -7.843445 5.419537 0.000000 0.000000 
-24.953232 154.004608 -2.072398 -6.642891 6.617035 0.000000 0.000000 
-27.822229 153.850739 10.837330 -4.922623 9.464264 0.000000 0.000000 
-23.635572 154.629883 4.571369 -5.831406 6.556118 0.000000 0.000000 
-23.176470 154.955292 -10.449127 -9.319595 4.535702 0.000000 0.000000 
-24.230141 155.309753 -0.624924 -4.266312 7.471230 0.000000 0.000000 
-24.398897 155.310211 -1.230366 -6.088974 7.700760 0.000000 0.000000 
-31.875423 154.650452 9.242923 -2.747643 9.899807 0.000000 0.000000 
-33.336056 154.408600 9.877486 -4.234215 6.488461 0.000000 0.000000 
-31.865232 154.802673 9.395279 0.646835 11.839466 0.000000 0.000000 
-32.047371 155.198120 8.869458 -8.382271 6.288517 0.000000 0.000000 
-31.316795 155.509979 9.043429 -3.339035 7.266243 0.000000 0.000000 
-32.142288 155.339264 9.043859 -5.196175 9.202477 0.000000 0.000000 
-28.167583 156.398285 -7.184051 -10.040077 5.438241 0.000000 0.000000 
-23.677504 157.635284 -1.984523 -3.604874 8.068157 0.000000 0.000000 
-25.352972 157.394165 -3.937291 -2.643013 7.953785 0.000000 0.000000 
-25.089905 157.484161 -1.113545 1.460655 10.330055 0.000000 0.000000 
-26.582508 157.412231 -1.284016 -3.333076 7.216397 1.000000 1.000000 
-25.735359 157.719452 -4.354094 -1.004463 11.628151 0.000000 0.000000 
-35.839924 156.000122 17.672230 -3.018417 9.514248 0.000000 0.000000 
-26.030842 158.090820 -1.679209 2.289223 13.048470 0.000000 0.000000 
-26.137571 158.076141 -1.627014 2.115561 13.561317 0.000000 0.000000 
-26.430784 158.462799 -1.459071 -3.491646 9.396084 0.000000 0.000000 
-26.300379 158.734802 1.404145 0.492714 10.636456 0.000000 0.000000 
-24.726404 159.147766 -2.011833 1.140747 11.177734 0.000000 0.000000 
-25.268610 159.113800 -2.966274 -0.184288 12.209187 0.000000 0.000000 
-27.299614 158.796692 -3.313652 -7.895805 8.139290 0.000000 0.000000 
-25.243418 159.220337 -2.388947 1.462906 13.326324 1.000000 1.000000 
-26.083210 159.410980 5.053064 -4.122223 8.819885 0.000000 0.000000 
-26.806849 159.499817 -3.110401 -0.089783 9.646622 0.000000 0.000000 
-24.802258 159.864014 -0.345913 8.112099 17.836014 0.000000 0.000000 
-25.402479 159.884949 -1.112673 3.188347 12.008190 0.000000 0.000000 
-25.981758 159.796692 -2.246436 5.003944 16.151909 0.000000 0.000000 
-23.976831 160.662994 0.879412 -0.750183 9.098866 0.000000 0.000000 
-25.499828 160.507355 4.195628 -0.320320 10.057590 0.000000 0.000000 
-24.094891 160.765198 5.175101 5.284821 13.304783 0.000000 0.000000 
-24.179827 161.010468 3.898509 3.703873 12.955391 0.000000 0.000000 
-24.858934 161.217926 -2.704333 1.265228 9.282661 1.000000 1.000000 
-24.781187 161.368713 -0.625416 1.881363 12.268917 0.000000 0.000000 
-24.207523 161.465820 2.133913 2.375298 11.064640 0.000000 0.000000 
-24.477211 161.465088 -0.979776 5.564430 15.082214 0.000000 0.000000 
-24.121449 161.555267 -9.476666 -0.838646 9.132004 0.000000 0.000000 
-26.518631 161.199615 -3.496663 -10.240532 4.049439 1.000000 1.000000 
-25.730986 162.015869 -0.648067 -2.854370 8.334682 0.000000 0.000000 
-24.452059 162.241211 -0.193297 -1.368095 8.760593 0.000000 0.000000 
-26.389576 161.979553 -1.726898 -5.872658 9.853992 0.000000 0.000000 
-25.373806 162.302490 2.097857 -9.609245 4.369626 0.000000 0.000000 
-24.348999 162.645355 0.714213 -10.314049 3.409706 0.000000 0.000000 
-25.089174 162.638763 -0.706209 -3.253220 8.770916 0.000000 0.000000 
-24.949604 162.867096 -2.459240 -6.060898 5.032479 0.000000 0.000000 
-24.309849 163.625397 -3.250239 -12.567078 3.649506 0.000000 0.000000 
-24.797874 164.886047 -3.151813 -3.025917 8.012447 0.000000 0.000000 
-25.365641 164.838837 -2.795315 -10.143944 3.905983 0.000000 0.000000 
-24.805166 164.926270 -2.752008 -7.790016 3.962319 0.000000 0.000000 
-24.947086 165.846100 -5.781980 -10.649147 4.328804 0.000000 0.000000 
-24.424774 166.164093 7.622550 3.165039 11.178638 0.000000 0.000000 
41.497356 162.728516 8.087819 -5.764374 6.002156 0.000000 0.000000 
-24.149042 166.435303 8.438572 -6.587051 6.784337 1.000000 1.000000 
-23.396078 166.605499 6.708576 -4.875557 6.200940 1.000000 1.000000 
-24.951092 166.603119 0.571899 -1.143768 7.725976 0.000000 0.000000 
-26.089769 166.818085 6.032074 -6.869041 5.594010 0.000000 0.000000 
-24.202072 167.582947 5.914310 8.523903 18.317574 0.000000 0.000000 
-24.106176 167.730896 7.432363 4.918648 14.251656 0.000000 0.000000 
-23.904558 167.769836 5.506372 5.535933 14.930676 0.000000 0.000000 
-26.048861 167.723694 -1.607194 -7.269440 4.599274 0.000000 0.000000 
-23.603424 168.213959 -1.338529 -5.090172 6.296105 1.000000 1.000000 
-24.707767 168.475891 -0.354876 -0.743523 8.179359 0.000000 0.000000 
-25.132803 168.580048 -2.936101 2.144119 10.453903 0.000000 0.000000 
-25.028299 168.612793 -2.845088 3.648689 12.014271 0.000000 0.000000 
-24.667412 168.770233 -1.957656 -0.360672 9.832478 0.000000 0.000000 
-25.400311 168.748779 -3.386896 -3.431450 7.080746 0.000000 0.000000 
-24.952251 169.201111 -1.868979 -2.774399 6.627614 0.000000 0.000000 
-24.664049 169.271057 -3.897356 -6.022141 5.214253 0.000000 0.000000 
-24.303211 169.479797 2.721685 -10.211632 3.156250 1.000000 1.000000 
-25.394749 169.535553 -1.067389 -7.406990 4.560750 0.000000 0.000000 
-22.809450 170.262573 -2.704604 -6.435417 4.808579 0.000000 0.000000 
-23.591990 170.190247 -0.097751 -0.225929 8.721241 0.000000 0.000000 
-25.526321 169.984589 -1.723522 -6.097969 5.631455 0.000000 0.000000 
-23.989635 170.244263 -10.021949 -4.855820 6.783482 0.000000 0.000000 
-23.402525 170.752106 7.060902 -5.079308 7.299782 0.000000 0.000000 
-24.072674 170.848236 5.979218 -2.589279 8.509918 0.000000 0.000000 
-22.874138 171.017059 -11.862848 -0.470444 8.495689 0.000000 0.000000 
-22.858286 171.100342 -7.320189 -10.074493 4.782345 0.000000 0.000000 
-23.027220 171.088928 -8.636913 -7.930939 4.417126 0.000000 0.000000 
-25.890757 170.802277 -4.214020 -7.007240 5.449101 0.000000 0.000000 
-25.643879 171.075714 -5.523239 -7.629456 3.772923 0.000000 0.000000 
-25.424171 171.381439 0.723383 -0.833054 8.743874 0.000000 0.000000 
-26.078156 171.340820 -3.436234 -7.461243 6.897645 0.000000 0.000000 
-25.153559 171.508270 -1.619610 -3.087944 7.349003 0.000000 0.000000 
-25.458220 172.037384 5.785374 -1.112129 7.010472 0.000000 0.000000 
-25.291662 172.240356 -5.799315 1.960701 11.449173 0.000000 0.000000 
-24.322102 172.384644 7.597409 -0.425034 9.791077 0.000000 0.000000 
-23.671053 172.684784 -7.518546 -6.962158 4.096638 1.000000 1.000000 
-24.717068 172.740570 -6.088026 -0.577377 9.060143 0.000000 0.000000 
-23.870897 173.098145 0.403453 -11.285103 2.618431 0.000000 0.000000 
-24.611214 173.644562 -1.035131 -3.792030 7.113343 0.000000 0.000000 
-23.889109 173.965240 -0.058755 0.616669 8.617020 0.000000 0.000000 
-24.621077 174.009094 6.644939 -3.914604 5.627011 0.000000 0.000000 
-23.199936 174.261780 -0.194478 -3.408005 6.998929 0.000000 0.000000 
-25.552912 174.040131 1.237503 -1.271355 7.314885 0.000000 0.000000 
-25.217165 174.094513 1.356637 -3.910904 6.165555 0.000000 0.000000 
-25.310562 174.376923 -4.559385 -8.310272 3.728699 0.000000 0.000000 
-24.886227 174.883270 -2.083355 -3.984917 5.980046 0.000000 0.000000 
-27.846128 174.743225 -3.710694 -9.073898 2.123646 0.000000 0.000000 
-24.932201 175.260895 -2.694314 -9.911079 2.637200 0.000000 0.000000 
-25.176107 175.410065 -3.172150 -0.544540 6.722035 0.000000 0.000000 
-25.350269 175.691406 -2.906005 -3.124245 6.526833 0.000000 0.000000 
-25.256750 176.138733 -2.102853 -5.203644 5.390679 0.000000 0.000000 
-25.582613 176.093231 -4.758817 -8.619270 4.229332 0.000000 0.000000 
-26.305115 176.988190 -3.401147 -4.871735 5.744000 1.000000 1.000000 
-25.614758 177.665680 -4.165909 6.350159 14.117062 0.000000 0.000000 
-25.250786 177.735565 -3.523911 -5.744377 4.428772 0.000000 0.000000 
-26.134466 177.748901 -4.004728 0.355881 10.546154 0.000000 0.000000 
-26.419508 178.676971 -1.373284 -8.327347 3.919152 0.000000 0.000000 
-23.184475 179.364960 1.041440 -7.004158 1.691139 0.000000 0.000000 
-24.202410 179.818909 -7.326377 -5.411430 4.945092 0.000000 0.000000 
-24.532547 179.866486 -2.938963 -3.714821 7.517201 1.000000 1.000000 
-25.232288 180.456024 -2.406523 6.887077 14.218735 0.000000 0.000000 
-25.313982 180.444855 -1.796148 6.866493 13.987328 0.000000 0.000000 
-25.122383 180.541656 -2.496248 8.112335 16.006676 0.000000 0.000000 
-24.274147 180.938873 -3.767146 -1.529465 8.191277 0.000000 0.000000 
-23.843153 181.018158 8.129717 -4.884521 4.149964 0.000000 0.000000 
-24.343578 181.075317 1.098127 -7.616615 4.516819 0.000000 0.000000 
-26.861267 180.788269 -1.366575 -10.562546 2.908505 0.000000 0.000000 
-24.678915 181.377838 -2.820399 -4.810936 7.084191 1.000000 1.000000 
-26.256992 181.278931 -8.774094 -5.868057 4.549214 0.000000 0.000000 
-23.998392 181.776764 -3.734673 -1.747337 7.581357 0.000000 0.000000 
-25.332645 181.833710 -1.821837 0.243469 10.463242 0.000000 0.000000 
-25.270571 181.946442 -2.083352 -5.648483 4.658185 0.000000 0.000000 
-25.430870 182.136475 -2.380123 -7.617119 4.049004 0.000000 0.000000 
-24.571102 182.288055 -2.364305 -0.348038 6.701081 0.000000 0.000000 
-24.893984 182.254425 -2.417981 0.220589 8.167831 0.000000 0.000000 
-26.310593 182.726135 0.282870 -10.436461 2.402600 0.000000 0.000000 
-24.852455 184.918121 -11.733567 -5.456978 4.930130 0.000000 0.000000 
-25.091078 185.356537 0.099200 -2.574280 6.469487 0.000000 0.000000 
-26.119694 186.323914 6.349986 -2.980080 7.044911 0.000000 0.000000 
-27.253708 186.182495 4.509510 -4.305748 5.085652 0.000000 0.000000 
-26.789961 186.419678 -1.593930 -0.107468 8.167503 0.000000 0.000000 
-24.090641 187.165680 2.189153 -7.118210 5.634572 0.000000 0.000000 
-26.485886 186.871857 5.553634 -3.904762 6.274662 0.000000 0.000000 
-27.304146 186.882446 3.709646 -0.287125 8.010010 0.000000 0.000000 
-27.226078 186.902283 4.127551 -3.037315 6.396718 0.000000 0.000000 
-25.696777 187.715485 6.970751 -2.266266 6.089226 0.000000 0.000000 
-28.090757 187.525085 7.020888 -2.165955 6.631402 0.000000 0.000000 
-26.896769 188.202820 0.531857 -6.692932 4.061734 0.000000 0.000000 
176.861191 62.990192 19.001144 21.187675 7.603402 0.000000 0.000000 
-25.822594 189.306641 -11.826443 1.902313 8.903522 0.000000 0.000000 
-25.762129 192.435913 -2.314467 -5.143608 3.734749 0.000000 0.000000 
-26.298548 193.254852 -3.902171 -8.949997 3.405529 0.000000 0.000000 
-28.164606 193.642548 -5.926514 -7.929466 4.542202 0.000000 0.000000 
34.112419 197.922272 0.143582 -6.334259 4.395085 0.000000 0.000000 
35.472797 197.893707 4.017699 -3.413170 6.530316 0.000000 0.000000 
-33.066326 198.496338 9.595774 -1.892189 5.329373 0.000000 0.000000 
-30.440929 199.550781 14.642759 -0.738640 5.126278 0.000000 0.000000 
-33.662136 199.239014 6.901044 -7.680832 3.803921 0.000000 0.000000 
-36.622116 199.161377 14.272205 -0.514084 6.560101 0.000000 0.000000 
-37.367889 199.069733 13.893641 0.800278 7.880547 0.000000 0.000000 
-34.378002 200.511169 12.740294 -0.046715 5.431515 0.000000 0.000000 
-33.349411 202.908691 11.723873 -1.521370 5.696854 0.000000 0.000000 
-33.798859 204.671509 -4.360914 -6.731064 3.497353 1.000000 1.000000 
-30.674997 205.507996 5.868824 -5.235245 3.746395 0.000000 0.000000 
-31.144058 205.712646 -3.609235 -5.958595 3.940312 0.000000 0.000000 
-32.989433 205.497559 -4.552761 -3.684441 5.371186 0.000000 0.000000 
-28.363369 207.607086 -1.132232 -6.214546 4.200295 0.000000 0.000000 
-31.024233 217.619598 5.320549 -4.229736 3.273621 0.000000 0.000000 
-30.307287 218.186829 6.648239 -2.228127 3.839863 0.000000 0.000000 
-31.203341 230.684052 -2.469671 -3.734261 5.779068 0.000000 0.000000 
-35.552650 248.018311 -2.816327 0.160988 4.858712 0.000000 0.000000 
-37.494446 247.758881 -4.228880 -1.774361 3.546097 0.000000 0.000000 
-34.968735 250.205566 -2.032975 -1.908752 3.451206 0.000000 0.000000 
