ply
format ascii 1.0
comment Created by CloudCompare v2.14.beta (Feb  3 2026)
comment Created 2026-04-23T17:01:15
obj_info Generated by CloudCompare!
element vertex 1600
property float x
property float y
property float z
property float rcs
property float snr
property float v
property float label
end_header
19.766933 -52.050694 -15.148503 -1.837006 17.789589 0.000000 1.000000 
19.210308 -47.216923 -15.690936 0.547363 19.734535 0.000000 1.000000 
54.788769 10.583302 -17.139214 2.934906 18.246119 0.000000 1.000000 
64.249466 -7.967833 -12.336836 2.374519 20.360168 0.000000 1.000000 
57.563740 -32.113838 -14.912850 16.548920 28.939449 0.000000 1.000000 
15.992310 -71.841698 -13.979644 7.482391 19.565056 0.000000 1.000000 
102.595634 9.972542 -25.282238 10.564934 18.479168 0.000000 1.000000 
114.508652 -7.141136 -21.785425 13.881050 18.863323 0.000000 1.000000 
114.613869 -6.813881 -18.806505 12.840195 19.029045 0.000000 1.000000 
5.269871 -116.084198 -8.820108 10.330780 18.900602 0.000000 1.000000 
7.011093 49.619621 -19.358963 -20.682175 12.940266 0.000000 1.000000 
6.775273 53.298569 -19.788548 -11.424507 17.659208 0.000000 1.000000 
7.025822 53.264618 -18.989262 -10.909714 17.672459 0.000000 1.000000 
6.657132 55.444126 -18.973040 -15.339470 14.594069 0.000000 1.000000 
6.772300 57.026798 -19.173372 -11.664459 17.791174 0.000000 1.000000 
17.971947 55.718857 -21.907145 -14.418472 14.433601 0.000000 1.000000 
8.222607 59.940643 -20.726431 -18.633278 12.266392 0.000000 1.000000 
15.808774 60.035198 -21.269020 -20.798645 10.018208 0.000000 1.000000 
-12.280533 63.952274 -16.005280 -17.655434 12.192070 0.000000 1.000000 
-30.611246 60.056629 -22.719902 -5.057671 17.303745 0.000000 1.000000 
-30.996738 59.920723 -17.493185 -6.649429 14.932680 0.000000 1.000000 
-28.296967 62.626301 -26.454332 -14.435066 9.698944 0.000000 1.000000 
8.271264 70.489532 -16.520336 -9.191742 19.096758 0.000000 1.000000 
-32.234531 63.049469 -19.078024 -3.753410 19.551796 0.000000 1.000000 
-30.745340 68.940918 -15.869134 -2.567970 12.611622 1.000000 1.000000 
-32.824284 73.394058 -32.153214 -5.296265 13.860924 0.000000 1.000000 
-40.092678 76.515045 -20.981133 -5.113716 15.301609 0.000000 1.000000 
42.466576 77.438194 -33.804390 1.750870 15.390976 0.000000 1.000000 
42.462170 77.618721 -33.561882 0.077469 14.711149 0.000000 1.000000 
-34.295544 88.321808 -38.118748 -11.945236 5.491871 0.000000 1.000000 
14.649585 94.283569 -23.275579 -17.593437 5.836399 0.000000 1.000000 
-32.455555 99.507423 -34.830189 -11.327171 7.401657 0.000000 1.000000 
-32.433498 101.909073 -43.184547 -10.692467 7.198330 0.000000 1.000000 
7.913790 110.673004 -31.669966 -11.836450 8.144093 0.000000 1.000000 
34.647537 107.573532 -45.724178 -11.617668 6.197575 0.000000 1.000000 
-31.257915 109.080879 -45.898884 -9.448959 7.397129 0.000000 1.000000 
-35.464512 121.387192 -39.191872 -4.920097 7.312756 0.000000 1.000000 
-34.814804 122.127327 -43.704384 -1.786003 10.517529 0.000000 1.000000 
33.579254 198.106689 -54.700230 -5.364487 4.655231 0.000000 1.000000 
-37.133385 199.149872 -83.122833 -1.035461 6.689354 0.000000 1.000000 
6.275841 -75.654900 20.327126 0.793678 16.710892 0.000000 1.000000 
113.991669 -9.267263 22.539808 11.364258 17.066757 0.000000 1.000000 
132.835999 -14.209282 41.341251 10.333580 16.229208 0.000000 1.000000 
185.575897 64.044395 22.108761 23.905128 15.779715 0.000000 1.000000 
193.604340 60.701473 59.191586 18.745056 13.970732 0.000000 1.000000 
7.101888 62.256199 24.031349 -18.341499 9.642094 0.000000 1.000000 
-23.913267 58.492451 25.472067 -13.830194 11.635105 0.000000 1.000000 
30.715540 55.809387 19.858839 -13.663528 9.089088 0.000000 1.000000 
-23.141460 61.970856 26.715931 -13.562607 11.557236 1.000000 1.000000 
-9.820654 73.435898 22.406487 -9.663536 14.904184 0.000000 1.000000 
-36.258766 70.589142 28.181330 -12.486763 13.835148 0.000000 1.000000 
-11.809145 79.434074 17.377209 -13.319406 10.800220 1.000000 1.000000 
-30.105728 80.560081 33.178520 -3.101074 14.364914 0.000000 1.000000 
-30.438459 80.564415 31.555820 -5.991386 13.185760 0.000000 1.000000 
-41.978031 77.368393 34.659683 -8.076355 10.442291 0.000000 1.000000 
12.577176 90.643860 24.509508 -13.622650 9.559502 0.000000 1.000000 
-14.326891 96.958664 32.082355 -8.467102 11.065620 0.000000 1.000000 
-24.571537 99.264244 42.077785 -13.711517 8.229607 0.000000 1.000000 
-30.313986 99.878860 40.406853 -12.365379 7.654835 0.000000 1.000000 
-7.382246 110.769150 28.266775 -11.251236 9.718369 0.000000 1.000000 
-57.423290 97.891533 47.057903 -4.034935 8.772636 0.000000 1.000000 
39.240295 111.427872 48.904373 -10.585419 6.307178 0.000000 1.000000 
-41.478611 113.802788 48.180595 -9.885597 6.229950 0.000000 1.000000 
100.310928 126.695335 19.576981 6.470764 7.920391 0.000000 1.000000 
22.672121 -19.192093 -11.963956 -0.797874 27.259501 0.000000 1.000000 
28.530022 7.235393 -12.138412 -0.331444 25.291290 0.000000 1.000000 
44.270164 19.185329 -12.841442 -3.652992 19.428207 0.000000 1.000000 
-10.153221 22.440588 -8.602262 -9.263184 26.878960 0.000000 1.000000 
-0.309741 27.700272 -9.971258 -15.523491 25.473972 0.000000 1.000000 
-0.122965 29.353565 -10.239511 -15.876434 24.239353 0.000000 1.000000 
24.384010 14.910979 -11.194883 5.452026 23.356516 0.000000 1.000000 
-15.950284 26.894991 -10.869745 -7.112411 23.002342 0.000000 1.000000 
-14.066258 29.662230 -11.205660 -8.700653 23.053112 0.000000 1.000000 
4.243063 35.307705 -12.162560 -20.150948 18.453953 0.000000 1.000000 
2.329893 42.299099 -15.783309 -17.362442 18.258865 0.000000 1.000000 
16.058311 39.279743 -15.582986 -12.725060 18.780499 0.000000 1.000000 
-18.459497 43.858002 -11.919501 -13.652382 16.958834 0.000000 1.000000 
26.535856 59.801025 -9.788466 -9.776535 11.199570 1.000000 1.000000 
-10.440845 75.590012 -12.287772 -5.982582 18.323462 0.000000 1.000000 
-10.758392 75.638405 -9.904599 -6.940262 16.768240 0.000000 1.000000 
12.649504 92.422737 -13.324477 -14.430397 9.990921 0.000000 1.000000 
-30.497326 97.992058 -13.581590 -7.400215 10.612598 0.000000 1.000000 
40.379612 113.370148 -22.047710 -9.308067 7.352940 0.000000 1.000000 
-33.789436 115.789307 -16.449886 -10.353279 6.034153 0.000000 1.000000 
-35.166744 121.866417 -16.723770 -1.784637 10.386784 0.000000 1.000000 
44.367775 139.302917 -14.191912 -4.208939 5.421822 0.000000 1.000000 
-23.084734 147.743958 -17.373289 -4.791801 8.502136 0.000000 1.000000 
-27.583050 185.085907 -17.888567 -4.245270 3.976609 0.000000 1.000000 
-26.373539 186.930267 -14.129701 -5.119049 4.703865 0.000000 1.000000 
-25.468058 189.307831 -14.221125 -9.027458 4.581062 0.000000 1.000000 
34.437210 198.096100 -21.016321 -2.418419 7.469460 0.000000 1.000000 
-0.435498 -6.058151 -0.236120 -7.449009 45.359173 0.000000 0.000000 
-0.290567 -6.122185 -0.060514 -10.150162 44.330517 0.000000 0.000000 
-13.257530 -3.951136 -0.256622 -14.462440 24.306450 1.000000 0.000000 
-13.406326 -3.573048 -0.645254 -20.898560 25.541288 1.000000 0.000000 
-13.373039 -4.190895 -0.173488 -5.770447 33.437084 1.000000 0.000000 
-13.270199 -4.590098 -0.509818 -13.316391 24.524990 1.000000 0.000000 
-13.302313 -4.580206 -0.195041 -18.251526 20.511408 1.000000 0.000000 
-13.528566 -4.431294 0.426457 -13.902969 23.488693 1.000000 0.000000 
-13.480296 -4.672275 -0.267181 -17.749260 22.225739 1.000000 0.000000 
-13.494081 -4.998193 -0.380859 -15.738930 20.941532 1.000000 0.000000 
-13.850396 -3.898560 -0.378514 -8.942192 29.778185 1.000000 0.000000 
-13.784315 -4.229469 -0.576938 -7.659294 28.688690 1.000000 0.000000 
-13.545741 -8.099942 -0.370795 -2.330299 34.371170 1.000000 0.000000 
-18.244040 -2.115010 -0.535355 3.312660 42.572433 0.000000 0.000000 
-18.227148 -2.679457 -0.053920 2.464798 41.117104 0.000000 0.000000 
-18.129459 -4.306704 -0.094040 -3.837296 29.141743 1.000000 0.000000 
-18.254990 -3.749372 -0.021760 -3.184883 29.359295 1.000000 0.000000 
-18.302891 -3.431764 -0.847084 -5.369148 29.695475 1.000000 0.000000 
-18.411362 -2.544391 -0.182394 2.585144 38.173660 0.000000 0.000000 
-18.275705 -3.619300 -3.357656 -0.630745 33.697159 1.000000 0.000000 
-18.379652 -3.791940 0.813567 -12.018509 22.608759 1.000000 0.000000 
-18.682644 -2.084415 -0.297848 7.310814 44.341740 0.000000 0.000000 
-19.111940 -1.813659 -7.457929 -10.590515 26.160862 0.000000 0.000000 
-19.143923 -2.403312 -0.597026 -10.509705 26.049473 0.000000 0.000000 
-19.854799 -2.059857 -7.763158 -15.931046 24.303705 0.000000 0.000000 
-18.060480 -12.148848 6.824278 -7.351418 25.545671 0.000000 0.000000 
-18.679485 -11.433867 1.850098 2.317482 35.713257 0.000000 0.000000 
-18.722895 -11.451488 1.958682 -0.580109 32.768890 0.000000 0.000000 
-19.169540 -11.514505 1.599577 -0.919930 29.393948 0.000000 0.000000 
-19.235155 -11.405746 1.009786 -1.300606 30.538033 0.000000 0.000000 
-18.952005 -12.020900 -0.893305 -3.905067 28.605013 0.000000 0.000000 
-19.021040 -12.178726 -0.578511 -3.635139 31.842014 0.000000 0.000000 
-19.875042 -11.123010 1.368680 0.028603 31.676657 0.000000 0.000000 
-19.852068 -11.273742 1.287498 0.555443 33.199894 0.000000 0.000000 
-18.293344 -14.325897 -0.559350 16.537041 45.050808 0.000000 0.000000 
-18.387724 -14.357281 -0.733648 13.948402 43.704163 0.000000 0.000000 
-18.684320 -14.378514 -1.124441 -3.406387 31.047241 0.000000 0.000000 
-17.567287 -16.264072 1.215803 -6.453331 27.486057 0.000000 0.000000 
-18.093132 -15.864118 -0.772132 -3.903572 29.376194 0.000000 0.000000 
-18.899384 -16.409880 -0.755196 -11.088768 23.862524 0.000000 0.000000 
-8.855260 -35.029556 1.928066 0.283554 23.337616 1.000000 0.000000 
-10.823264 -34.835739 1.413688 -3.273232 21.175243 1.000000 0.000000 
-9.917401 -35.339790 2.440192 -0.163910 23.797550 1.000000 0.000000 
-10.971265 -35.398949 1.835506 -0.634026 23.821604 1.000000 0.000000 
0.039993 -6.193781 -0.153402 -7.340065 44.172668 0.000000 0.000000 
0.193510 -6.212001 -0.291555 -2.671844 47.585140 0.000000 0.000000 
0.297557 -6.292360 -0.292739 -5.846714 45.079655 0.000000 0.000000 
-10.207691 -34.973431 0.850709 -1.526756 21.652899 1.000000 0.000000 
-10.521045 -34.923763 1.288886 8.525116 29.851711 1.000000 0.000000 
-11.618988 -34.762291 0.662194 6.001648 28.219963 1.000000 0.000000 
-12.786351 -34.648491 -1.178197 1.757706 26.394897 1.000000 0.000000 
-0.035658 10.106243 0.107574 -20.423443 32.339409 1.000000 0.000000 
-0.848843 11.143785 -0.009803 -12.831711 32.251274 0.000000 0.000000 
0.052676 12.107700 -0.021768 -12.285583 36.420410 0.000000 0.000000 
-0.506156 12.377524 0.040737 -11.856514 36.809856 1.000000 0.000000 
-3.458219 17.481211 0.365944 1.731384 36.199299 1.000000 0.000000 
-3.710856 18.518028 0.400179 8.464256 43.542282 0.000000 0.000000 
-3.889004 18.714600 4.977721 7.651367 41.023438 0.000000 0.000000 
-4.790587 20.925447 -0.592176 1.502693 37.511211 0.000000 0.000000 
-4.857988 20.941381 -0.595151 3.812790 38.949387 0.000000 0.000000 
0.239358 22.206505 -0.815953 2.345421 32.716946 1.000000 0.000000 
-5.051667 21.627737 -0.687661 0.660843 35.191643 1.000000 0.000000 
0.182561 22.526119 -0.893257 -1.091148 29.387968 0.000000 0.000000 
0.115137 22.545006 -0.842325 -3.759903 25.965450 0.000000 0.000000 
0.286005 22.864922 -0.821056 19.503433 47.877594 0.000000 0.000000 
0.263435 22.987257 -0.842905 18.333878 47.733837 0.000000 0.000000 
0.054732 23.256956 -0.766960 -5.866150 25.984844 0.000000 0.000000 
0.088469 23.629702 -0.850470 -10.168724 22.882988 1.000000 0.000000 
-0.183375 29.325642 0.425977 -10.535233 26.067902 0.000000 0.000000 
-0.041097 29.389736 -0.057893 -14.372910 24.786797 0.000000 0.000000 
-0.325379 29.736441 -3.056226 -16.017853 23.637466 0.000000 0.000000 
-16.071655 24.990553 0.316584 -17.302567 10.692173 1.000000 0.000000 
0.396156 30.479588 -1.163324 -20.307022 20.005390 0.000000 0.000000 
0.030979 30.799368 -0.745675 -17.749275 22.587322 0.000000 0.000000 
-16.613907 25.446823 0.232467 -2.195740 20.730818 1.000000 0.000000 
-16.402233 25.608328 0.186483 -11.344551 13.381723 1.000000 0.000000 
-16.904448 25.664379 0.083580 -13.056694 13.281181 1.000000 0.000000 
-16.832850 25.833960 0.573288 -18.780792 8.063515 1.000000 0.000000 
-12.979904 67.246017 0.377227 -12.302185 14.450209 0.000000 0.000000 
-12.842781 67.279068 0.186026 -15.526566 9.934669 0.000000 0.000000 
-12.760093 67.367355 1.703941 -9.824654 14.215809 0.000000 0.000000 
-12.895409 67.876747 2.078443 -10.693977 13.450359 1.000000 0.000000 
-13.166660 67.922050 -2.106027 -8.060623 14.734535 1.000000 0.000000 
-15.263152 67.787560 -2.086316 -13.692558 9.402504 1.000000 0.000000 
-13.340990 68.304169 -1.782584 -14.004852 9.318699 1.000000 0.000000 
-13.265038 68.631340 -1.591134 -19.357254 6.788879 1.000000 0.000000 
-13.507170 68.969482 -2.914454 -15.917946 8.556587 1.000000 0.000000 
-15.222962 68.941025 -2.287346 -17.386032 7.333881 1.000000 0.000000 
-13.740297 69.288628 -2.235236 -15.100311 11.164368 1.000000 0.000000 
-13.624790 69.344971 -2.259566 -11.619598 10.443901 1.000000 0.000000 
-15.771554 68.867920 -2.691711 -15.663994 9.478237 1.000000 0.000000 
-13.790563 70.552551 -2.220491 -16.923393 6.994503 1.000000 0.000000 
-13.728358 72.493874 -2.189202 -8.060997 12.781147 1.000000 0.000000 
-13.666980 72.806572 -2.167495 -19.818657 6.170040 1.000000 0.000000 
-14.287230 73.115509 -2.168222 -15.589287 9.169834 1.000000 0.000000 
-13.596480 73.283646 -2.334537 -17.257492 6.343460 1.000000 0.000000 
-14.336447 73.709129 -2.816588 -2.861435 19.079145 1.000000 0.000000 
-14.359529 74.318748 -2.797912 0.325737 21.746052 1.000000 0.000000 
-13.882775 74.616135 -2.327322 -14.058746 7.517635 1.000000 0.000000 
-14.385517 74.672066 -2.548823 -6.163040 13.447546 1.000000 0.000000 
-14.433135 74.787468 -2.569563 4.649063 23.214382 1.000000 0.000000 
-14.417072 74.844604 -2.598426 -0.537483 20.285667 1.000000 0.000000 
-14.451458 74.855988 -2.562859 10.877441 28.904213 1.000000 0.000000 
-14.423409 74.947838 -2.494843 -1.145096 20.470173 1.000000 0.000000 
-14.478866 75.007126 -2.577293 10.771080 30.932199 1.000000 0.000000 
-13.902257 75.243118 -1.918860 -4.235634 18.977797 1.000000 0.000000 
-14.101746 75.373314 -2.456914 -7.069664 15.239265 1.000000 0.000000 
-13.746847 75.833588 -2.113712 -18.348495 5.022556 1.000000 0.000000 
-13.903051 76.747467 -1.351146 -18.874489 7.251194 1.000000 0.000000 
-13.408036 77.974533 -1.273651 -15.408539 7.234650 1.000000 0.000000 
-13.632593 78.155632 -1.007193 -14.901138 6.527519 1.000000 0.000000 
-13.441800 78.283218 -1.490141 -5.126808 14.853220 1.000000 0.000000 
-12.961782 79.266830 -1.285522 -12.962921 9.923611 1.000000 0.000000 
-12.760418 79.625885 -1.345517 -16.383835 6.916389 1.000000 0.000000 
-12.947085 79.664894 -4.308796 -12.328094 10.038647 1.000000 0.000000 
-12.948559 79.951454 -0.642436 -10.099655 9.400063 1.000000 0.000000 
-13.049170 79.972000 -1.224072 -9.347656 14.806450 1.000000 0.000000 
-12.821898 80.467979 -2.217301 -11.543762 9.599102 1.000000 0.000000 
-13.084840 80.481216 -1.425139 -4.183662 14.831476 1.000000 0.000000 
-12.900547 80.585106 -0.574574 -4.848259 20.438255 1.000000 0.000000 
-13.223598 80.566856 -0.774083 -2.104530 20.224438 1.000000 0.000000 
-13.238917 80.760262 -1.709279 -3.757355 16.245258 1.000000 0.000000 
-13.849576 80.824387 -2.200850 -11.513040 15.063066 1.000000 0.000000 
-14.598056 80.800781 3.085039 -10.353485 12.667774 1.000000 0.000000 
-13.274634 81.318054 -0.462514 3.262756 20.476841 1.000000 0.000000 
-13.313173 81.319748 -1.609818 -0.116180 16.644943 1.000000 0.000000 
-13.378016 81.390862 -3.190812 -0.277115 18.802979 1.000000 0.000000 
-13.400462 81.638466 -1.876603 1.847267 18.861059 1.000000 0.000000 
-13.439590 81.635406 -1.587360 1.249832 18.389557 1.000000 0.000000 
-13.498745 81.674911 -1.132595 -0.648499 17.752808 1.000000 0.000000 
-13.707899 81.749565 2.741871 -3.461357 15.171560 1.000000 0.000000 
-13.524548 81.785576 -1.921073 5.244926 23.861876 1.000000 0.000000 
-13.319976 82.188637 -1.816127 -2.256409 16.668457 1.000000 0.000000 
-13.248166 82.264320 -1.586560 0.947350 22.354713 1.000000 0.000000 
-13.472896 82.745163 -1.619165 -6.229492 13.219990 1.000000 0.000000 
-13.572193 82.994240 -1.498801 -6.539352 12.788784 1.000000 0.000000 
-13.472851 83.449715 -1.471434 -8.240791 12.592987 1.000000 0.000000 
-13.426896 83.457047 -2.000613 -8.703697 13.690298 1.000000 0.000000 
-13.596629 83.463097 -2.149017 -7.824028 13.045170 1.000000 0.000000 
-13.789776 83.770523 -1.649834 -15.642128 6.338299 1.000000 0.000000 
-29.311649 -0.766912 -9.390191 -8.052544 25.434605 0.000000 0.000000 
-36.966175 -2.382130 1.120749 0.243576 27.702131 0.000000 0.000000 
-38.728954 -3.151479 3.514336 -1.622314 25.328175 0.000000 0.000000 
-38.552559 -7.436936 0.713046 1.481148 24.979191 0.000000 0.000000 
-38.673306 -7.364178 0.981060 -1.020332 25.072598 0.000000 0.000000 
-40.391487 1.224800 1.120995 -1.104820 24.203556 0.000000 0.000000 
-40.460304 1.022014 2.699912 -0.979057 24.066574 0.000000 0.000000 
-40.694550 1.453217 2.461890 4.179878 28.041550 0.000000 0.000000 
-40.757423 1.952044 1.678389 4.056076 28.973787 0.000000 0.000000 
-42.677017 3.169906 2.597787 4.205872 27.384378 0.000000 0.000000 
-42.695110 3.319691 2.733067 0.472778 23.098198 0.000000 0.000000 
-38.422775 -20.001190 2.070829 4.391388 26.774090 0.000000 0.000000 
-38.560032 -19.965469 1.605071 8.870392 30.716021 0.000000 0.000000 
-6.884480 -6.378627 -0.554653 -11.820183 36.228092 0.000000 0.000000 
-6.287474 -10.758989 -2.911582 -13.790260 29.980938 0.000000 0.000000 
-6.313137 -10.893274 -2.981815 -9.882637 33.873337 0.000000 0.000000 
-6.990274 -10.784225 0.340562 -11.160278 32.356926 0.000000 0.000000 
-6.664533 -11.654426 -0.430573 -10.705353 30.518484 0.000000 0.000000 
-6.932550 -11.607997 -0.942438 -12.427620 27.772520 0.000000 0.000000 
-6.946218 -11.920896 -0.117810 -15.218132 27.082121 0.000000 0.000000 
-6.641054 -12.331758 -0.559178 -8.228630 29.405596 0.000000 0.000000 
-6.679471 -13.878125 -0.525558 -15.145294 22.958675 0.000000 0.000000 
-6.695619 -13.933679 0.069059 -18.967171 22.178524 0.000000 0.000000 
-6.457486 -14.961603 0.073327 -10.256615 24.887554 0.000000 0.000000 
-6.327368 -16.245502 -0.294919 -7.977463 26.478760 0.000000 0.000000 
-6.416368 -16.269264 -1.188524 -5.505768 28.953934 0.000000 0.000000 
-6.432527 -16.703724 -2.318925 -9.226334 24.531660 0.000000 0.000000 
-6.096263 -16.847534 -0.483341 -12.776483 22.950764 0.000000 0.000000 
-6.144461 -16.869011 -1.138759 -9.740234 25.403492 0.000000 0.000000 
-6.766673 -17.039639 -0.280291 -8.194160 25.166904 0.000000 0.000000 
-6.681238 -17.169334 -0.328273 -8.551750 25.454983 0.000000 0.000000 
-6.606085 -18.696262 -0.234516 -3.918701 29.262733 0.000000 0.000000 
-6.652053 -18.793369 -0.473466 -3.179733 30.067142 0.000000 0.000000 
-6.348866 -19.015457 -2.900646 -10.605667 22.888737 0.000000 0.000000 
-6.635742 -20.107853 0.022475 -16.971848 20.868359 0.000000 0.000000 
-6.552751 -20.477650 -2.504379 -8.585953 25.453270 0.000000 0.000000 
-6.157750 -21.926212 -0.011595 -3.743774 28.834492 0.000000 0.000000 
-6.781897 -21.767826 1.659016 -4.467140 27.763231 0.000000 0.000000 
-6.806697 -23.252338 -0.257989 -9.214699 23.909891 0.000000 0.000000 
-6.677589 -24.351112 -1.388815 -3.434212 27.713354 0.000000 0.000000 
-6.908019 -24.461788 -1.187364 -7.403595 23.810257 0.000000 0.000000 
-6.466437 -24.817818 3.980371 -8.870895 26.262743 0.000000 0.000000 
-6.879136 -24.730171 -0.062560 -4.377823 27.153376 0.000000 0.000000 
-5.930913 -26.853497 -0.157526 -9.614639 20.361809 0.000000 0.000000 
-6.983222 -27.322884 5.541572 -8.378159 21.757687 0.000000 0.000000 
-6.260970 -30.619678 0.535858 -1.534187 25.510746 0.000000 0.000000 
-5.822626 -48.913670 1.787768 3.391708 24.317333 0.000000 0.000000 
-5.451774 -49.049591 3.874992 6.969124 27.421402 0.000000 0.000000 
-7.053115 -13.004520 0.516006 0.314445 29.072029 0.000000 0.000000 
-6.295156 -14.966967 -1.146870 -8.333061 28.706701 0.000000 0.000000 
-6.577593 -15.144202 -0.541941 -8.445671 28.129662 0.000000 0.000000 
-6.929149 -14.978044 -0.539694 -1.080803 31.900246 0.000000 0.000000 
-7.601262 -15.469969 -0.950355 -1.888115 30.580551 0.000000 0.000000 
-7.003993 -16.415421 -0.399030 -10.005157 26.710043 0.000000 0.000000 
-6.720706 -16.595470 -0.767867 -8.281532 30.064707 0.000000 0.000000 
-6.683867 -16.881445 -0.043074 -5.799591 28.068830 0.000000 0.000000 
-6.169522 -17.152493 -0.742249 -3.210030 29.064264 0.000000 0.000000 
-6.474014 -17.464462 -0.706594 -5.310600 28.386513 0.000000 0.000000 
-5.805598 -18.179703 -1.090993 -9.429375 24.178476 0.000000 0.000000 
-6.849190 -18.515301 0.279060 -1.270149 30.335760 0.000000 0.000000 
-6.715391 -19.908901 -0.432609 -3.675514 29.956039 0.000000 0.000000 
-7.178465 -21.490788 -0.060031 -0.934967 30.714464 0.000000 0.000000 
-6.904438 -21.702404 0.182556 -0.380890 30.521830 0.000000 0.000000 
-7.514520 -24.357407 0.623454 -2.987083 29.978561 0.000000 0.000000 
13.905057 -2.787369 0.633789 2.154953 41.752815 0.000000 0.000000 
14.053688 -2.766992 0.685737 -1.821671 36.785622 0.000000 0.000000 
13.992818 -5.220655 2.654587 -9.155014 30.643188 0.000000 0.000000 
16.889030 -3.121685 2.734374 -13.542564 24.839523 0.000000 0.000000 
16.494001 -7.976454 1.813590 -7.148842 27.648838 0.000000 0.000000 
17.889738 -9.616835 5.500586 -4.364815 28.982126 0.000000 0.000000 
17.905457 -9.925942 6.226967 -3.813499 31.386023 0.000000 0.000000 
16.514652 -12.993416 7.353071 -9.000008 27.817347 0.000000 0.000000 
8.123597 -24.362171 7.234116 -7.092926 24.245329 0.000000 0.000000 
9.608892 -26.354816 4.676631 -5.040428 23.832790 0.000000 0.000000 
11.373710 -29.642735 0.639388 2.390915 29.743689 0.000000 0.000000 
12.213951 -33.217400 1.337213 -1.750633 23.322197 0.000000 0.000000 
9.993474 -36.608215 -0.016505 -1.524353 22.369062 0.000000 0.000000 
3.075747 -41.499443 7.128548 -5.022232 21.293236 0.000000 0.000000 
7.504055 -38.007488 3.065009 -2.282913 22.544958 0.000000 0.000000 
3.760942 -41.464668 6.236821 -1.657875 23.880398 0.000000 0.000000 
24.208048 -39.495026 1.544888 13.893372 27.447947 0.000000 0.000000 
23.689007 -51.224464 1.424914 -3.713707 16.170048 0.000000 0.000000 
23.573235 -51.642101 -1.069458 -0.576157 17.750891 0.000000 0.000000 
38.815041 -0.671477 -0.342975 8.884743 32.575260 0.000000 0.000000 
38.869671 -0.671437 -0.692291 9.668228 34.349232 0.000000 0.000000 
40.258263 -1.174019 -2.418555 -6.726883 19.810732 0.000000 0.000000 
40.272118 -1.256825 -2.555625 -2.721123 23.508583 0.000000 0.000000 
41.674679 -0.977156 1.675436 8.128860 34.345718 0.000000 0.000000 
41.676689 -1.104049 2.518146 11.806358 35.862339 0.000000 0.000000 
43.123966 -0.460937 1.983006 5.936195 28.018066 0.000000 0.000000 
43.269119 -0.566029 1.717093 5.599060 27.170513 0.000000 0.000000 
24.438175 -51.424015 2.029109 3.167587 22.534180 0.000000 0.000000 
15.744884 -18.863949 -1.565187 -6.734566 25.816734 0.000000 0.000000 
18.309687 9.860971 0.182151 2.065010 33.632008 0.000000 0.000000 
18.246544 9.969231 0.077732 11.724098 42.440315 0.000000 0.000000 
18.437687 9.937300 -0.012672 6.759254 38.917454 0.000000 0.000000 
18.426298 9.989507 -0.025738 7.208771 41.383247 0.000000 0.000000 
34.488213 8.711476 -1.457194 15.923294 37.297462 0.000000 0.000000 
34.653477 8.515840 -1.315595 15.529457 35.721527 0.000000 0.000000 
30.509674 18.196224 4.813266 7.032356 22.326572 0.000000 0.000000 
2.345685 -0.966311 0.037000 -13.777246 50.759117 0.000000 0.000000 
2.492733 -0.973826 0.035738 -13.601129 55.228848 0.000000 0.000000 
2.414394 -2.016520 0.044531 -24.435509 33.630074 0.000000 0.000000 
2.444029 -2.073658 0.010085 -27.006016 41.084652 0.000000 0.000000 
2.420032 -2.500126 0.149440 -23.628098 41.600098 0.000000 0.000000 
2.464196 -2.595331 0.059631 -22.187645 40.815357 0.000000 0.000000 
2.402003 -2.856193 -0.024085 -19.818577 43.930847 0.000000 0.000000 
2.256617 4.782718 -0.007340 -28.078869 23.289450 0.000000 0.000000 
2.414354 4.821640 -0.031739 -28.143620 25.818665 0.000000 0.000000 
2.656872 5.032122 0.128878 -28.225563 23.259241 0.000000 0.000000 
2.486899 5.385834 -0.067546 -37.417168 18.964083 0.000000 0.000000 
2.349143 5.966061 -0.059204 -39.155331 18.312397 0.000000 0.000000 
2.433176 6.518609 -0.062565 -38.586628 20.724508 0.000000 0.000000 
2.292042 6.959558 0.037956 -10.827148 43.068676 0.000000 0.000000 
2.318865 6.984919 0.042196 -11.249905 44.797295 0.000000 0.000000 
2.384240 7.449808 -0.081985 -26.766144 30.070667 0.000000 0.000000 
2.293798 7.631650 -0.077208 -31.006718 26.976807 0.000000 0.000000 
2.289997 7.909631 -0.037425 -21.343056 32.180084 0.000000 0.000000 
2.373566 7.974344 -0.029350 -22.113300 35.007572 0.000000 0.000000 
2.410498 8.409133 -0.022698 -24.802029 28.508762 0.000000 0.000000 
2.268206 8.592039 -0.143978 -37.336758 22.552233 0.000000 0.000000 
2.269782 8.952387 0.019799 -8.365585 41.113258 0.000000 0.000000 
2.302076 9.000856 0.023043 -6.514832 42.413334 0.000000 0.000000 
2.326639 9.743134 -0.093111 -22.875858 24.463415 0.000000 0.000000 
2.156040 18.057898 0.030842 -11.903473 26.417171 1.000000 1.000000 
2.343678 -8.589456 0.120479 -22.062851 21.753233 1.000000 1.000000 
-6.014596 -1.071686 -0.566393 -0.139107 50.149475 0.000000 0.000000 
-6.017309 -1.020225 -0.601516 5.019638 55.077820 0.000000 0.000000 
-6.069530 -1.024308 -0.622329 7.097157 57.857925 0.000000 0.000000 
-6.838086 0.001110 0.102089 0.389694 49.211510 0.000000 0.000000 
-6.938915 0.015906 0.143158 5.048462 54.231003 0.000000 0.000000 
2.815624 -6.907067 -2.045174 -5.783569 42.976898 0.000000 0.000000 
2.634412 -7.650885 -0.206923 -0.274483 43.029232 0.000000 0.000000 
2.658129 -7.640576 -0.129078 -1.806129 42.396030 0.000000 0.000000 
2.252363 -8.091728 -0.030397 -7.674088 38.519512 0.000000 0.000000 
2.429379 -8.064499 0.131133 -2.571251 42.126003 0.000000 0.000000 
2.609289 -8.160818 0.080082 -4.815239 41.649624 0.000000 0.000000 
2.385559 -8.952739 -0.064152 -1.397392 40.749313 0.000000 0.000000 
2.480584 -8.962626 -0.004639 -1.810112 41.498703 0.000000 0.000000 
2.252540 -9.237275 0.012562 -10.412300 31.100187 0.000000 0.000000 
2.443364 -9.462302 0.131005 -0.016609 41.400002 0.000000 0.000000 
2.435441 -9.502735 0.118620 2.906685 45.061893 0.000000 0.000000 
2.235963 -10.164361 -0.104873 -8.744698 33.896240 0.000000 0.000000 
2.469589 -10.230005 0.029099 -4.599747 38.324982 0.000000 0.000000 
2.238436 -10.544563 -0.173571 -5.091644 35.469727 0.000000 0.000000 
2.274979 -10.538822 -0.125506 -2.805435 38.863796 0.000000 0.000000 
2.011986 -10.850940 -0.443796 -4.171356 36.678730 0.000000 0.000000 
2.169858 -10.869284 -0.317478 -3.758392 37.106823 0.000000 0.000000 
2.260120 -11.033355 -0.130785 -5.184196 36.407387 0.000000 0.000000 
2.199729 -11.162353 -0.347398 -6.963783 34.668312 0.000000 0.000000 
2.102631 -11.316692 -3.930387 -12.605217 31.699793 0.000000 0.000000 
-6.811747 -10.036520 2.652609 -16.858360 32.405258 0.000000 0.000000 
-6.295974 -10.501252 0.526430 -11.181946 30.509453 0.000000 0.000000 
-6.422378 -10.783748 1.173719 -13.256271 28.965635 1.000000 1.000000 
-6.838284 -11.071966 0.416836 -8.679314 33.174797 0.000000 0.000000 
-6.929382 -11.099378 0.912607 -12.020378 28.124865 0.000000 0.000000 
-6.669266 -11.904325 0.244809 -13.580658 27.653645 0.000000 0.000000 
-6.383785 -12.344321 0.262949 -7.761444 30.143263 0.000000 0.000000 
-6.314392 -12.757458 -0.147046 -7.120979 31.852169 0.000000 0.000000 
-6.438028 -12.701271 0.258049 -9.433510 29.255228 0.000000 0.000000 
-6.453692 -12.952884 0.745536 -6.968994 32.162136 0.000000 0.000000 
-6.529768 -13.098776 0.639271 -11.367828 28.962624 0.000000 0.000000 
-6.397764 -13.201995 1.024905 -12.472870 24.963661 0.000000 0.000000 
-6.014219 -13.782683 -0.241869 -15.581244 23.172832 0.000000 0.000000 
-6.359513 -15.047221 0.284108 -8.703613 27.252283 0.000000 0.000000 
-5.935527 -15.457826 0.032594 -19.549721 21.006748 0.000000 0.000000 
-6.367899 -15.418935 0.478088 -9.233925 28.200857 0.000000 0.000000 
-6.401845 -15.522026 0.551429 -8.716965 28.513071 0.000000 0.000000 
-6.980964 -15.570255 1.868735 -15.745903 23.243658 0.000000 0.000000 
-6.832047 -15.668132 1.412589 -6.786415 28.615025 0.000000 0.000000 
-6.865301 -15.658570 1.138641 -3.538879 32.221226 0.000000 0.000000 
-6.850538 -15.685660 1.721936 -6.026192 29.521502 0.000000 0.000000 
-20.360609 -0.835288 -1.135931 4.397209 40.505863 0.000000 0.000000 
-20.360735 -0.850578 -0.975864 3.554909 39.294029 0.000000 0.000000 
-21.179302 -0.745186 -0.275642 -9.947289 28.882599 0.000000 0.000000 
-23.087360 -3.373301 1.413028 -7.938873 26.201647 0.000000 1.000000 
-6.014413 -23.484554 -6.968682 -5.234329 26.541012 0.000000 0.000000 
-23.108404 5.654383 -3.654659 -4.747978 26.816345 0.000000 1.000000 
-24.244322 6.943781 -2.616786 -8.027817 24.457388 0.000000 0.000000 
-25.813351 4.779560 -8.890213 -9.010963 23.919409 0.000000 0.000000 
-20.680220 -17.877346 2.647905 -7.879501 24.583109 0.000000 1.000000 
8.444259 -25.958149 -5.709918 -8.064018 21.202509 0.000000 0.000000 
-23.764854 -14.822448 10.858002 -9.548515 24.319952 0.000000 1.000000 
-28.520180 0.630430 2.548537 -8.134018 26.427706 0.000000 0.000000 
-25.422121 12.820530 1.311026 -4.532921 23.756523 0.000000 1.000000 
-27.401552 9.227683 2.467040 -2.410995 27.567566 0.000000 1.000000 
-30.140638 -0.779211 2.303059 -0.845703 29.605335 0.000000 0.000000 
-19.202543 -24.195454 0.659999 -2.882027 25.618822 0.000000 0.000000 
-29.442436 -9.329530 -3.748729 -7.843605 23.362120 0.000000 1.000000 
-20.941532 -24.362537 1.353212 -3.462585 24.363884 0.000000 0.000000 
-20.714678 -24.747601 2.498705 5.027008 30.464695 0.000000 0.000000 
11.638146 -29.532730 -0.051261 0.930626 28.308777 0.000000 0.000000 
12.569423 -29.366234 5.493557 -2.182632 24.084967 0.000000 0.000000 
-21.099703 -24.983082 2.249600 0.021812 26.481619 0.000000 0.000000 
-21.721766 -24.457932 3.430130 0.960464 26.971645 0.000000 0.000000 
12.261133 -31.060036 -9.976724 -4.827690 22.824047 0.000000 0.000000 
15.473172 -29.729801 -10.726010 -3.312874 20.137329 0.000000 1.000000 
14.062956 -30.662525 2.339073 -5.177231 24.507215 0.000000 0.000000 
-28.866590 -19.466888 1.926278 -4.459473 23.476038 0.000000 1.000000 
-35.125412 0.256814 2.106287 -0.749008 27.155993 0.000000 0.000000 
-35.256042 0.586630 1.854509 -3.622131 22.781248 0.000000 0.000000 
12.944465 -33.431194 -11.184179 -0.909111 25.427362 0.000000 0.000000 
-19.688480 -30.778831 2.447228 -0.506447 23.975866 0.000000 0.000000 
-20.044189 -30.740459 1.744425 -2.345329 21.620481 0.000000 0.000000 
9.843760 -36.693722 -4.490137 -2.957428 21.805836 0.000000 0.000000 
-20.637226 -33.194233 2.495064 2.617340 27.195702 0.000000 0.000000 
-20.640337 -33.272297 1.939451 -3.601570 21.337549 0.000000 0.000000 
-38.675587 -3.931273 11.990693 -6.752022 20.004562 0.000000 0.000000 
-20.171400 -34.633007 14.016559 -0.843460 23.483818 0.000000 0.000000 
-21.288107 -34.716011 -0.538835 -1.833786 21.199587 0.000000 0.000000 
10.763189 -39.785030 1.143106 2.671936 23.882162 0.000000 0.000000 
-20.584307 -36.746067 -0.430299 -1.833084 21.935539 0.000000 0.000000 
11.737824 -40.422661 -9.247300 3.204887 25.169331 0.000000 0.000000 
11.434598 -40.567226 -9.821129 3.631845 25.143501 0.000000 0.000000 
-7.115103 -42.653023 -0.522248 6.810028 29.224838 0.000000 0.000000 
18.308346 -39.080170 12.923368 1.090706 22.281349 0.000000 1.000000 
18.859119 -38.801189 10.867599 -0.804008 20.210442 0.000000 0.000000 
25.745375 -47.864174 -0.733478 2.176414 16.741039 0.000000 1.000000 
-20.590590 -52.480038 6.527926 1.503960 18.265657 0.000000 1.000000 
-5.553139 -61.393162 4.191313 3.753479 19.819460 0.000000 0.000000 
-106.994934 -4.010730 8.675188 5.693954 15.048021 0.000000 0.000000 
-107.279160 -1.215182 3.963669 15.181084 22.778053 0.000000 0.000000 
-107.277245 -1.630773 5.123064 15.490761 23.261993 0.000000 0.000000 
-107.421310 -8.414621 4.071193 8.077988 18.636572 0.000000 0.000000 
-107.450562 -8.651679 4.042816 6.566278 16.761189 0.000000 0.000000 
-20.112270 -106.429680 4.244577 8.280571 13.616426 0.000000 0.000000 
-115.460655 -3.145829 6.758700 12.205070 20.403008 0.000000 0.000000 
-115.475723 -2.654402 6.098705 8.755814 16.652674 0.000000 0.000000 
56.376713 -103.222054 5.760687 18.238213 18.545052 0.000000 0.000000 
57.014133 -102.971268 5.494875 21.142067 21.444958 0.000000 0.000000 
58.341637 -102.324165 8.460023 14.103294 15.029650 0.000000 0.000000 
63.529385 -109.638771 7.937398 19.062462 19.110722 0.000000 0.000000 
59.836502 -147.894394 6.510970 19.503105 17.919952 0.000000 0.000000 
2.403776 -3.125553 -0.107808 -28.583420 38.755898 0.000000 0.000000 
2.451606 -3.536292 0.070857 -13.882816 46.768539 0.000000 0.000000 
2.515035 -3.613327 0.071629 -9.496193 48.278690 0.000000 0.000000 
2.431346 -3.957293 0.023585 -19.112602 42.068581 0.000000 0.000000 
2.450156 -4.140738 0.033678 -14.901546 42.468700 0.000000 0.000000 
2.475210 -4.184849 0.061854 -15.257877 43.969620 0.000000 0.000000 
2.432903 -4.472440 -0.081018 -17.914139 40.539383 0.000000 0.000000 
2.454704 -4.547103 -0.082829 -21.114742 40.100979 0.000000 0.000000 
2.467291 -4.603064 -0.064956 -19.903008 39.611645 0.000000 0.000000 
2.475692 -4.733886 -0.048129 -19.838425 35.713802 0.000000 0.000000 
2.453951 -5.061120 0.083494 -9.513302 43.337616 0.000000 0.000000 
2.474992 -5.158428 0.065374 -11.347637 42.752708 0.000000 0.000000 
2.403363 -5.335427 -0.158982 -12.084286 40.779427 0.000000 0.000000 
2.449843 -5.498985 0.006718 -1.553238 45.677662 0.000000 0.000000 
2.446946 -5.501834 0.036483 0.933388 54.982567 0.000000 0.000000 
2.439744 -5.505897 0.010358 -1.679443 45.034729 0.000000 0.000000 
2.472401 -6.250987 0.120517 -9.446529 42.330704 0.000000 0.000000 
2.480898 -6.359995 0.036895 -6.375031 43.989254 0.000000 0.000000 
2.477550 -6.472055 -0.139305 -7.776352 44.306831 0.000000 0.000000 
2.475066 -6.745852 0.065769 -7.182339 44.053146 0.000000 0.000000 
2.469737 -6.795504 -0.040278 -6.518623 41.939537 0.000000 0.000000 
2.413011 -7.060744 -0.126254 -8.829227 44.402939 0.000000 0.000000 
2.433961 -7.229359 -0.091714 -2.476448 44.644997 0.000000 0.000000 
2.440757 -7.230475 0.024288 -4.154240 43.984070 0.000000 0.000000 
2.362963 -7.514524 0.078636 -9.528629 38.882111 0.000000 0.000000 
2.293963 -7.532693 0.133695 -7.495739 38.574432 0.000000 0.000000 
2.390527 -7.655339 0.085207 -7.046280 38.826721 0.000000 0.000000 
2.295878 -7.931018 0.079597 -4.220032 40.600887 0.000000 0.000000 
2.271102 -8.233954 -0.175486 -9.906662 40.826324 0.000000 0.000000 
2.403013 -8.428294 0.115086 -8.423683 37.823521 0.000000 0.000000 
2.467234 -8.462978 0.270046 -11.307579 31.536644 0.000000 0.000000 
7.182605 -5.250306 -0.052257 3.551186 46.222759 0.000000 0.000000 
7.287904 -5.355059 -0.104966 5.122705 50.256859 0.000000 0.000000 
2.309877 -8.749504 0.067297 -2.045265 43.563103 0.000000 0.000000 
2.257056 -8.955495 0.009256 4.856926 45.911354 0.000000 0.000000 
2.247955 -8.958649 -0.026881 3.300241 46.893089 0.000000 0.000000 
2.126716 -9.430035 -0.164799 -0.925156 43.425579 0.000000 0.000000 
2.235909 -9.467417 0.079857 -4.883400 40.376202 0.000000 0.000000 
2.196011 -9.489112 -0.059686 -3.856270 39.230648 0.000000 0.000000 
2.192215 -9.684947 -0.324275 -3.730042 39.606682 0.000000 0.000000 
2.186316 -9.957588 -0.286049 -4.207146 40.226891 0.000000 0.000000 
2.334678 -10.109299 -0.203210 -2.738220 38.294304 0.000000 0.000000 
2.281103 -10.210039 0.373771 -2.022980 39.514431 0.000000 0.000000 
2.245090 -10.361283 0.209188 -3.566734 38.729370 0.000000 0.000000 
2.210756 -10.612571 -0.124575 -1.394051 41.296101 0.000000 0.000000 
2.225491 -10.624824 -0.073384 -3.106125 39.164967 0.000000 0.000000 
7.333518 -8.477410 -1.420279 7.104042 47.386250 0.000000 1.000000 
2.269224 -11.038335 -0.166392 2.042160 43.979092 0.000000 0.000000 
2.184705 -11.105893 -0.176308 1.730751 43.403263 0.000000 0.000000 
2.309487 -11.365264 0.300886 -6.946556 39.767570 0.000000 0.000000 
2.375048 -11.432567 0.112865 -4.995117 41.768486 0.000000 0.000000 
2.133759 -11.598062 0.274866 -5.156799 38.251797 0.000000 0.000000 
2.024705 -11.850681 0.058993 -1.960129 40.038254 0.000000 0.000000 
11.478937 -3.534400 3.153718 -5.613625 36.395203 0.000000 0.000000 
11.942935 -3.148582 0.033700 9.094604 48.577351 0.000000 0.000000 
11.939150 -3.173277 0.030219 7.634911 45.268707 0.000000 0.000000 
8.559634 -10.526344 3.868929 -8.372688 30.874140 0.000000 0.000000 
9.536903 -10.264322 -3.625031 -10.717773 29.503489 0.000000 0.000000 
8.643357 -11.334890 -0.557077 -5.465645 35.076237 0.000000 0.000000 
8.634619 -11.349798 -0.540503 -5.114517 32.785030 0.000000 0.000000 
9.759285 -12.556107 4.343761 -8.810371 26.767511 0.000000 0.000000 
15.851839 -0.874532 -0.463473 1.616249 38.536003 0.000000 0.000000 
15.904001 -0.892382 -0.583897 -0.739975 37.036705 0.000000 0.000000 
-6.311653 -14.704054 0.166700 -6.702538 30.410954 0.000000 0.000000 
7.198067 -15.021678 -3.600317 -9.316086 28.197821 0.000000 1.000000 
-6.334528 -15.522169 4.140139 -9.277702 25.799314 0.000000 0.000000 
17.045818 0.414898 -0.685669 8.435936 44.387177 0.000000 0.000000 
17.170753 0.390989 -0.743739 5.373108 42.413784 0.000000 0.000000 
-7.102759 -16.979053 2.953682 -10.644876 24.356157 0.000000 0.000000 
17.058908 8.462359 0.130241 9.844872 38.560352 0.000000 0.000000 
17.044647 8.699682 0.377683 9.856651 38.918369 0.000000 0.000000 
-7.377918 -18.329895 -4.770420 -0.791870 31.029722 0.000000 0.000000 
8.746887 -18.784634 -5.795112 -1.593307 32.263329 0.000000 0.000000 
-7.166862 -19.020840 -2.717545 -10.162598 27.186180 0.000000 0.000000 
20.731180 0.885286 -0.077444 -0.883194 32.549530 0.000000 1.000000 
18.518612 8.466249 -0.701521 4.809097 36.061920 0.000000 0.000000 
21.575161 -1.724340 -0.989235 2.469849 36.039318 0.000000 1.000000 
12.781494 -19.858223 -8.551197 -9.354485 28.777771 0.000000 1.000000 
13.913764 -20.230148 -7.412919 -5.685242 26.544744 0.000000 0.000000 
21.971878 9.441606 0.577004 6.759323 39.036301 0.000000 0.000000 
19.893984 -14.823183 0.689822 -7.673836 21.707914 1.000000 1.000000 
21.722363 10.165766 0.465450 8.601395 36.835327 0.000000 0.000000 
5.756998 -24.299561 -0.097818 -8.034561 26.783360 0.000000 1.000000 
22.671474 -10.830241 -1.858989 -1.799042 29.925507 0.000000 0.000000 
22.395439 -13.439988 8.898017 -4.658691 31.306129 0.000000 0.000000 
26.463272 -2.491083 1.437569 -9.083702 26.428278 0.000000 0.000000 
27.540964 0.426155 0.580497 1.457176 32.441681 0.000000 0.000000 
27.584793 0.293550 0.673347 3.188103 35.974960 0.000000 0.000000 
8.610290 -26.785610 2.938836 3.371109 31.616743 0.000000 0.000000 
8.505176 -26.927219 2.613120 -0.844086 30.307190 0.000000 0.000000 
26.291574 9.031909 -0.690494 13.766449 38.095684 0.000000 0.000000 
26.449665 8.902588 -0.143295 11.831398 37.234322 0.000000 0.000000 
26.890518 7.964094 -4.042072 5.625595 30.791933 0.000000 0.000000 
26.980568 8.181410 -3.605909 4.758041 30.156975 0.000000 0.000000 
23.515753 -17.310394 1.212258 -6.285461 26.336170 0.000000 0.000000 
25.463951 -15.368688 -0.299526 -0.289215 27.668419 0.000000 0.000000 
25.769163 -14.894246 -0.053094 -1.253006 27.296379 0.000000 0.000000 
25.837091 -14.931918 0.219987 -2.651154 26.060379 0.000000 0.000000 
28.155264 7.841774 -4.395122 0.943542 27.812523 0.000000 0.000000 
28.600615 8.602099 -0.664003 14.270248 37.454124 0.000000 0.000000 
28.597483 8.667559 -0.660992 16.939476 39.415207 0.000000 0.000000 
28.936371 7.842770 -4.887675 2.703392 28.700420 0.000000 0.000000 
26.710846 14.461432 10.185287 -0.424774 26.571295 0.000000 0.000000 
28.549820 12.015056 -8.591785 0.664696 28.469044 0.000000 0.000000 
23.572960 -21.603245 0.775781 3.767250 29.895161 0.000000 0.000000 
23.627314 -21.641857 0.659411 5.953621 32.844643 0.000000 0.000000 
30.462353 8.258015 0.669539 10.112724 32.443840 0.000000 0.000000 
30.455935 8.282033 0.080267 9.702759 33.079067 0.000000 0.000000 
32.578979 1.397799 1.540641 13.526436 39.381863 0.000000 0.000000 
32.693275 1.292623 1.094622 13.310631 41.444889 0.000000 0.000000 
22.659922 -25.220104 13.564618 -4.205566 25.398710 0.000000 1.000000 
7.143795 -33.061916 -0.073653 -2.205002 25.435221 0.000000 0.000000 
32.388355 8.976629 -0.815410 17.336937 36.907448 0.000000 0.000000 
32.348141 9.116410 -0.877465 17.359779 38.709049 0.000000 0.000000 
32.381065 9.184588 -0.739528 20.460617 42.661629 0.000000 0.000000 
32.485050 -11.792924 5.985924 1.226463 25.142040 0.000000 1.000000 
7.642964 -34.154625 -0.468567 2.377785 28.017609 0.000000 0.000000 
13.774668 -32.289253 -7.081622 -3.943855 21.746054 0.000000 1.000000 
7.814165 -34.173008 -10.771981 1.679535 27.514362 0.000000 0.000000 
34.308254 -6.183309 9.383754 -3.368210 25.114487 0.000000 1.000000 
34.052357 -9.150442 1.742555 -1.471092 23.702801 0.000000 0.000000 
7.072235 -35.168999 -0.373350 1.567436 29.502789 0.000000 0.000000 
7.214025 -35.202225 -0.363486 1.561005 29.428005 0.000000 0.000000 
6.545791 -36.559666 -0.379350 -0.865700 22.103119 0.000000 0.000000 
34.388054 14.996220 2.083346 0.397316 23.798559 0.000000 0.000000 
33.734684 16.451340 0.169874 3.643517 24.627254 0.000000 0.000000 
34.887062 14.418497 -1.466525 0.033455 26.029261 0.000000 1.000000 
5.740899 -38.138702 1.318970 -4.442131 21.621109 0.000000 0.000000 
3.792151 -38.581505 0.640294 -3.123055 23.461447 0.000000 1.000000 
38.582367 7.887182 -0.450738 6.841339 27.462883 0.000000 0.000000 
38.634098 7.841683 -0.886358 10.309929 29.651112 0.000000 0.000000 
38.816486 7.817758 -0.898343 3.954651 27.829134 0.000000 0.000000 
11.612809 -38.557148 -6.892742 -8.155457 20.667381 0.000000 0.000000 
5.542215 -42.028580 -6.531304 0.074570 27.441807 0.000000 0.000000 
41.716942 10.762341 2.276163 0.042290 21.076672 0.000000 0.000000 
42.558731 9.062016 -1.003319 16.828773 34.599571 0.000000 0.000000 
42.628349 8.950256 -1.266804 15.559227 34.487328 0.000000 0.000000 
43.610931 -9.734849 8.993802 -0.186333 23.455849 0.000000 0.000000 
42.620724 14.715903 12.695854 -2.208382 20.657848 0.000000 0.000000 
44.566502 8.935576 -0.628046 7.512253 27.592167 0.000000 1.000000 
42.616531 15.974364 4.325961 -2.413155 19.260757 0.000000 0.000000 
43.060680 14.889608 -3.416791 -0.443878 19.142117 0.000000 0.000000 
43.795891 15.558331 -2.190865 0.304855 20.718163 0.000000 0.000000 
-18.589146 -43.346615 -7.136117 -0.500641 19.437103 0.000000 1.000000 
46.595589 7.992967 -2.901239 18.140625 32.781872 0.000000 0.000000 
46.629704 8.359097 -4.100603 19.608742 35.158813 0.000000 0.000000 
46.604610 9.003929 -2.680812 14.857697 31.861914 0.000000 0.000000 
47.007931 8.044289 -2.208912 0.772728 18.956781 0.000000 0.000000 
47.315853 8.376631 -0.016776 6.510643 23.497715 0.000000 0.000000 
47.403107 7.962229 -1.697359 4.962120 23.443680 0.000000 0.000000 
47.556702 7.113036 -2.068646 6.759361 26.635551 0.000000 0.000000 
16.866377 -45.878849 -8.261370 -2.192688 19.975149 0.000000 0.000000 
49.000637 -0.984127 5.974034 -1.076622 19.908310 0.000000 1.000000 
46.509514 17.006477 1.109851 13.880089 31.232998 0.000000 0.000000 
46.690434 16.592445 0.710217 12.138840 30.019115 0.000000 0.000000 
47.304314 15.534591 8.455398 7.744507 25.961426 0.000000 0.000000 
47.032429 16.749874 -0.573025 8.176872 26.744215 0.000000 0.000000 
46.620235 17.846874 1.774928 4.880707 23.771309 0.000000 0.000000 
7.972230 -50.982010 3.957085 -1.367409 20.078600 0.000000 0.000000 
50.378319 9.793880 -0.778592 9.506882 28.029934 0.000000 0.000000 
50.344814 9.955387 -0.544659 12.386307 32.907772 0.000000 0.000000 
50.283699 14.830649 -4.027452 3.538918 19.108170 0.000000 0.000000 
50.329750 14.753712 2.908389 2.175514 19.219698 0.000000 0.000000 
50.706123 13.556561 8.392364 3.876503 19.901888 0.000000 0.000000 
49.664768 17.264587 2.907916 2.454727 20.415855 0.000000 0.000000 
50.225952 16.401550 16.539280 -0.624924 17.781534 0.000000 0.000000 
52.525967 9.212460 0.241486 16.070732 32.524811 0.000000 0.000000 
52.534241 9.466290 0.313837 18.894028 32.708469 0.000000 0.000000 
52.706364 8.583649 -0.133128 15.354767 33.312088 0.000000 0.000000 
53.417648 10.640860 -1.026587 2.354088 18.499725 0.000000 0.000000 
54.902210 7.144133 -0.247308 22.356880 38.250023 0.000000 0.000000 
54.953232 7.170470 -0.484417 19.781860 34.005402 0.000000 0.000000 
56.237701 7.295909 -3.432698 5.215034 22.278324 0.000000 0.000000 
56.115543 8.397290 14.997768 5.883537 23.557484 0.000000 0.000000 
56.938778 6.212334 14.634905 19.625725 35.191727 0.000000 0.000000 
56.877892 6.707484 -2.044745 15.065025 29.480385 0.000000 0.000000 
56.820614 8.882989 2.213473 8.942383 24.043970 0.000000 0.000000 
56.867355 8.666826 0.298684 11.228554 25.595076 0.000000 0.000000 
58.030216 1.332637 1.275432 13.075470 29.917812 0.000000 0.000000 
58.033897 1.243018 2.040529 12.182259 29.637415 0.000000 1.000000 
55.366653 17.289684 -0.445597 5.535812 20.129547 0.000000 0.000000 
56.234882 15.298575 -2.075601 6.437424 21.891365 0.000000 0.000000 
58.547478 8.656198 -1.156099 20.867981 33.502392 0.000000 0.000000 
58.703693 8.589997 -1.208194 20.730507 34.304127 0.000000 0.000000 
34.707573 -49.119671 3.102767 7.250427 22.314049 0.000000 1.000000 
60.360355 10.058633 0.158298 21.198105 33.403057 0.000000 0.000000 
60.467598 9.458216 -0.587601 23.821594 36.630203 0.000000 0.000000 
61.998348 -8.991828 3.720992 7.318703 24.653439 0.000000 0.000000 
62.114731 -8.518311 4.142813 8.065811 24.398195 0.000000 0.000000 
62.041969 -10.556753 2.213743 6.059036 23.081661 0.000000 0.000000 
62.127174 -10.925941 2.639049 7.434731 24.312244 0.000000 0.000000 
62.717754 8.364859 -1.951994 12.197052 27.643824 0.000000 1.000000 
62.765503 8.287733 -2.329155 11.653023 27.886896 0.000000 1.000000 
57.410019 -31.982353 -1.364552 15.658775 28.454210 0.000000 0.000000 
57.480343 -32.045033 0.776099 18.337898 29.492968 0.000000 0.000000 
28.139622 -59.949318 17.735302 3.100189 17.941572 0.000000 1.000000 
66.699867 5.090590 -0.235792 5.426628 19.135567 1.000000 0.000000 
66.803123 4.988601 -1.933910 5.642807 18.286741 1.000000 0.000000 
66.780258 6.474853 1.399521 4.922798 17.029371 1.000000 0.000000 
66.742271 -10.478108 -0.509489 9.562790 27.421818 0.000000 0.000000 
67.139030 5.281909 -0.441962 -0.999756 15.383673 1.000000 0.000000 
67.161781 5.150031 -0.658859 6.637794 19.493443 1.000000 0.000000 
66.751198 -10.687685 0.905490 14.183006 29.412590 0.000000 0.000000 
67.231720 5.204956 -0.760980 5.980957 19.786177 1.000000 0.000000 
5.626553 -67.981789 -0.582800 3.527580 17.387079 0.000000 1.000000 
6.615537 -68.062599 -3.203890 1.047174 16.288946 0.000000 1.000000 
67.564606 -11.477818 6.960450 2.581642 17.697447 0.000000 0.000000 
67.914658 10.284800 -1.793574 4.690155 18.247200 0.000000 0.000000 
68.044220 9.607787 -3.302306 5.160789 19.790363 0.000000 0.000000 
67.760300 13.174044 2.027146 21.522141 31.848154 0.000000 0.000000 
67.959953 12.703801 1.530214 23.028847 34.529675 0.000000 0.000000 
65.989372 -22.678761 -6.601504 7.774643 22.873062 0.000000 1.000000 
70.218170 -9.960191 -6.767313 7.657982 21.548368 0.000000 0.000000 
70.270538 -10.729210 -6.927861 9.506844 23.194523 0.000000 0.000000 
70.357651 9.941637 0.947893 10.665161 24.608013 0.000000 0.000000 
72.548988 9.144384 0.017293 29.262856 39.328148 0.000000 0.000000 
72.641319 8.878883 -0.041675 25.726814 35.066307 0.000000 0.000000 
74.828041 6.610258 -3.171409 12.946770 23.781086 0.000000 0.000000 
74.877960 6.974671 -3.428473 16.271797 26.807669 0.000000 0.000000 
6.017469 -75.922256 4.486608 1.938393 15.963381 0.000000 0.000000 
55.674026 -52.903454 -0.263621 15.974136 26.396660 0.000000 0.000000 
56.256741 -52.513710 0.877094 19.125259 29.235409 0.000000 0.000000 
76.744217 8.190219 -2.068021 15.201309 26.837547 0.000000 0.000000 
76.750420 8.512816 -1.786124 14.661507 24.538385 0.000000 0.000000 
8.254198 -77.188393 -1.497235 11.867897 25.752947 0.000000 0.000000 
8.284503 -77.198891 -1.709173 16.005875 27.964659 0.000000 0.000000 
78.671654 8.386869 -1.845996 20.357880 30.167257 0.000000 0.000000 
78.868248 8.016281 -2.248941 18.918831 28.801718 0.000000 0.000000 
57.135689 -56.787804 6.812820 4.006866 19.317463 0.000000 0.000000 
80.593323 8.405684 -1.250189 12.734474 22.510317 0.000000 0.000000 
80.713768 8.541880 -1.754249 14.699280 26.123789 0.000000 0.000000 
80.675919 8.955793 -1.329993 11.108269 22.250692 0.000000 0.000000 
82.178261 11.305957 -0.545499 5.945007 18.791389 0.000000 0.000000 
55.855259 -64.075920 5.309091 10.258125 17.748617 0.000000 0.000000 
-33.992962 -77.541962 1.071284 5.886734 15.856150 0.000000 0.000000 
84.315102 10.889628 -1.214097 9.503250 20.591085 0.000000 0.000000 
84.454811 10.652006 -1.241815 10.983093 22.676470 0.000000 0.000000 
86.382301 10.381508 1.377960 13.153877 21.330175 0.000000 0.000000 
86.462997 10.159300 0.920545 13.310867 21.329639 0.000000 0.000000 
86.913063 -9.715172 8.113329 5.637650 19.534348 0.000000 0.000000 
57.644955 -67.857452 5.372478 18.007553 26.047638 0.000000 0.000000 
57.846344 -67.907928 2.941012 16.148865 24.216955 0.000000 0.000000 
57.639736 -68.135910 2.462412 18.009094 25.508900 0.000000 0.000000 
88.572334 9.880064 2.933179 14.163773 22.993134 0.000000 0.000000 
88.525558 10.276386 2.290005 17.272392 24.927599 0.000000 0.000000 
89.460060 -1.560543 -3.477150 5.635139 16.409775 0.000000 0.000000 
89.187248 -10.372903 9.345198 8.156540 21.651155 0.000000 0.000000 
89.271759 -9.845716 9.442444 8.039070 21.326324 0.000000 0.000000 
90.482880 9.851284 1.107929 21.992050 28.874718 0.000000 0.000000 
90.603188 10.114793 1.120522 24.707375 31.252176 0.000000 0.000000 
91.151939 -11.041436 7.979649 8.246460 22.974262 0.000000 0.000000 
91.229324 -11.187662 8.286424 7.891998 21.498659 0.000000 0.000000 
91.285622 -12.599450 10.104580 8.000320 18.003332 0.000000 0.000000 
91.372856 -12.452468 10.492472 13.404526 23.129959 0.000000 0.000000 
91.409225 -12.298074 13.329766 14.150185 24.627722 0.000000 0.000000 
91.478134 -12.366010 11.454719 9.487839 20.977615 0.000000 0.000000 
91.520515 -12.655034 13.620104 11.606316 23.554031 0.000000 0.000000 
91.880791 -12.663077 12.273272 8.412460 18.643879 0.000000 0.000000 
91.984467 -11.976448 12.527269 7.906197 18.258303 0.000000 0.000000 
92.775192 8.090496 -0.780102 19.566795 27.825153 0.000000 0.000000 
92.859123 7.793863 -1.590336 17.925995 25.301420 0.000000 0.000000 
92.628342 -13.117734 11.100503 7.402756 17.364738 0.000000 0.000000 
95.229187 -11.251105 8.292493 8.749695 16.848022 0.000000 0.000000 
96.223427 -12.771728 7.684013 7.652864 18.992283 0.000000 0.000000 
96.234138 -13.051347 7.846931 8.501671 18.994003 0.000000 0.000000 
97.504562 -11.942189 9.185253 7.933380 16.896860 0.000000 0.000000 
98.673599 8.204093 -2.994702 9.584335 15.915762 0.000000 0.000000 
102.555840 9.407881 5.235636 7.496422 16.471556 0.000000 0.000000 
108.478081 -10.033957 8.394153 10.804527 17.418407 0.000000 0.000000 
108.500984 -10.221815 9.282088 12.102150 17.871197 0.000000 0.000000 
107.794235 16.181824 0.098245 16.530960 22.203060 0.000000 0.000000 
107.834457 16.216629 -0.079560 12.633774 18.398949 0.000000 0.000000 
107.852707 16.281971 -0.102680 12.831505 17.437500 0.000000 0.000000 
112.712151 8.815825 -0.641229 7.049858 13.179897 0.000000 0.000000 
113.516220 -8.776985 13.254662 13.509621 18.396776 0.000000 0.000000 
113.559792 -8.670925 14.388535 16.254326 20.864429 0.000000 0.000000 
113.639084 -8.317257 14.537674 10.007301 15.611723 0.000000 0.000000 
113.832985 -8.228825 15.773280 10.985603 18.460711 0.000000 0.000000 
7.646836 -115.904175 -3.919047 9.734909 17.467096 0.000000 0.000000 
55.689850 -103.528244 -1.075697 17.752678 22.185213 0.000000 0.000000 
55.441860 -103.662231 -1.648254 18.336929 23.292454 0.000000 0.000000 
97.403809 -66.031837 -5.330165 10.344429 19.794413 0.000000 0.000000 
118.263268 1.546419 2.219710 10.556786 18.775215 0.000000 0.000000 
118.295647 2.370429 2.284047 10.948227 21.340912 0.000000 0.000000 
118.305840 2.813494 5.911820 15.328644 21.217663 0.000000 0.000000 
118.512451 -0.147108 2.829264 9.788124 20.267456 0.000000 0.000000 
118.686531 7.513313 -6.554531 14.674957 18.217129 0.000000 0.000000 
118.836281 8.180606 -4.713447 12.220131 17.747940 0.000000 0.000000 
118.834534 8.835894 -4.600108 14.068504 18.889147 0.000000 0.000000 
119.913429 0.754232 0.814238 7.753639 14.463739 0.000000 0.000000 
120.817841 8.474246 -1.065458 13.225883 16.651749 0.000000 0.000000 
122.527924 11.594025 2.889862 11.944794 16.098936 0.000000 0.000000 
124.725304 7.654658 -3.997397 14.841072 18.503729 0.000000 0.000000 
127.338806 17.268234 3.724828 20.836563 21.517591 0.000000 0.000000 
9.924144 -129.323914 -1.424376 14.603279 17.744011 0.000000 0.000000 
6.855533 -130.716217 -2.072394 12.491180 15.922731 0.000000 0.000000 
7.955199 -131.893723 2.296423 9.716675 14.640907 0.000000 0.000000 
7.759116 -134.373825 -0.070741 17.071007 19.526142 0.000000 0.000000 
7.029185 -135.647888 0.047178 13.776978 17.065496 0.000000 0.000000 
5.534414 -140.913437 -3.696229 12.293282 15.196978 0.000000 0.000000 
8.093897 -143.381760 0.166815 23.170280 26.215630 0.000000 0.000000 
62.876411 -129.320724 3.604977 13.929543 15.769241 0.000000 0.000000 
7.504884 -144.649887 -3.881685 22.158066 23.282692 0.000000 0.000000 
5.891221 -145.893066 -1.422713 13.054207 15.333649 0.000000 0.000000 
7.288477 -145.889740 -3.755159 18.552284 20.441511 0.000000 0.000000 
7.111355 -147.131271 -0.982268 24.978477 26.950361 0.000000 0.000000 
8.531795 -148.290802 -4.395699 21.620010 22.557392 0.000000 0.000000 
6.586125 -149.613052 -3.806078 17.835503 19.325943 0.000000 0.000000 
8.247568 -151.177521 -3.116503 11.783730 14.497236 0.000000 0.000000 
158.813614 -13.851291 13.210940 15.105026 15.566116 0.000000 0.000000 
164.077652 -14.838531 12.645783 17.187401 18.524687 0.000000 0.000000 
57.880638 -158.961288 5.803463 15.259216 16.298859 0.000000 0.000000 
8.193137 -173.351364 -6.623358 19.830246 19.322477 0.000000 0.000000 
176.072861 65.041489 17.453478 31.331551 24.193203 0.000000 0.000000 
3.005408 10.555778 0.055351 -31.439400 10.452156 1.000000 1.000000 
1.709853 11.188961 -0.025016 -37.413902 9.460327 1.000000 1.000000 
2.299091 12.315222 0.414028 -16.031433 32.870667 0.000000 0.000000 
4.347308 11.737667 0.415662 -33.033340 14.624405 1.000000 1.000000 
2.220752 12.839238 -0.995718 -11.374054 34.829163 0.000000 0.000000 
2.222465 12.987622 -0.450959 -22.166824 32.464680 0.000000 0.000000 
2.201788 13.101364 0.120025 -10.826706 33.123928 0.000000 0.000000 
2.277480 13.529058 -0.076233 -2.043594 37.521576 0.000000 0.000000 
2.363800 13.952562 -0.104076 0.049782 40.766151 0.000000 0.000000 
2.191706 14.157706 -0.036526 -28.119446 12.186115 1.000000 1.000000 
2.476519 14.265781 0.053124 -30.929695 10.200912 1.000000 1.000000 
2.323351 14.384378 -0.156732 3.113373 43.288910 0.000000 0.000000 
2.313304 14.394283 -0.161049 0.147812 39.506256 0.000000 0.000000 
2.304835 14.494147 -0.148000 2.106117 40.859581 0.000000 0.000000 
2.354050 14.842811 -0.128242 -3.521950 35.630890 0.000000 0.000000 
2.270994 15.183942 0.155420 -9.020149 35.136513 0.000000 0.000000 
2.276506 15.286410 0.187392 -12.441803 36.490345 0.000000 0.000000 
2.136782 15.433340 0.489546 -20.012062 25.152966 1.000000 1.000000 
2.316314 15.722265 0.345093 -6.688713 35.317242 0.000000 0.000000 
2.328523 15.836270 0.249594 -8.058380 31.717283 0.000000 0.000000 
2.245104 16.180485 -0.196318 -15.792328 32.690868 0.000000 0.000000 
2.076183 16.321188 -0.238193 -17.719307 25.426765 1.000000 1.000000 
2.550252 16.461388 0.131419 -39.404488 7.902756 1.000000 1.000000 
2.341959 16.604658 -0.041334 -7.928703 35.573174 0.000000 0.000000 
2.338913 16.713425 -0.007511 -6.041359 34.422573 0.000000 0.000000 
2.252104 16.732235 0.255389 -17.391083 26.657618 0.000000 0.000000 
2.195396 17.228985 -0.036388 -18.669426 27.842709 0.000000 0.000000 
-7.169144 15.433837 -5.113240 -33.066399 9.947109 1.000000 1.000000 
2.267195 17.515335 -0.164434 -3.559258 36.431305 0.000000 0.000000 
2.288482 17.535976 -0.081991 -2.791405 36.475040 0.000000 0.000000 
2.222684 17.829475 -0.217715 -34.358971 7.522469 1.000000 1.000000 
2.298634 17.951405 0.324669 -7.211266 30.609943 0.000000 0.000000 
2.398516 18.238079 -0.184256 -11.772659 27.118540 1.000000 1.000000 
2.339439 18.266388 0.356891 -4.186783 29.368628 0.000000 0.000000 
2.339656 18.361401 -1.328538 -6.035004 33.625790 0.000000 0.000000 
2.253742 19.313013 0.324846 -7.616394 30.229090 0.000000 0.000000 
2.015475 19.480959 0.030837 -20.963318 16.862873 1.000000 1.000000 
13.081433 12.692475 -4.496620 -9.328621 11.531189 1.000000 1.000000 
2.339920 19.487095 -0.229073 -28.813141 10.185741 1.000000 1.000000 
2.303642 19.570915 -0.227693 -2.848122 35.002663 1.000000 1.000000 
2.184727 19.740191 -0.064689 3.225861 40.580208 0.000000 0.000000 
2.233176 19.871725 0.181822 2.650719 38.579414 0.000000 0.000000 
2.261471 20.449656 -0.102948 -1.031479 36.878284 1.000000 1.000000 
2.154137 20.576296 -0.545963 8.299690 45.708233 0.000000 0.000000 
2.192909 21.000872 -0.476491 5.681404 41.785809 0.000000 0.000000 
2.223360 21.007877 -0.449094 -0.122124 33.754574 0.000000 0.000000 
2.343996 21.356058 -0.340981 -6.895844 31.484194 0.000000 0.000000 
2.658170 23.553211 0.627434 -13.902168 27.901285 0.000000 0.000000 
-6.544192 22.880104 0.203880 -8.354225 25.771420 0.000000 0.000000 
-6.552022 23.079977 0.295635 -6.476868 29.722855 0.000000 0.000000 
-7.010112 23.377384 0.181607 -8.104446 29.350529 0.000000 0.000000 
-7.044759 23.435204 0.003257 -6.139305 30.580931 0.000000 0.000000 
-7.346561 24.152506 1.023166 -9.658035 28.963924 0.000000 0.000000 
-7.526404 24.100533 0.565283 -13.581192 26.266071 0.000000 0.000000 
-7.340407 24.178972 0.764864 -10.610794 27.866201 0.000000 0.000000 
-7.331706 24.515841 5.612581 -14.121292 24.176617 0.000000 0.000000 
7.746209 24.850742 -1.086388 -9.565857 26.832691 0.000000 0.000000 
7.834047 24.913834 -1.109642 -13.010643 25.634756 0.000000 0.000000 
11.732637 23.485731 9.767249 -9.994240 24.613640 0.000000 0.000000 
3.353401 26.540096 -0.066555 -14.204048 25.358356 0.000000 0.000000 
-7.159490 26.032463 4.530180 -14.766060 25.377970 0.000000 0.000000 
8.465426 25.602163 9.563076 -14.133080 25.260769 0.000000 0.000000 
-19.074474 17.372284 3.725100 1.310265 22.451990 0.000000 1.000000 
22.181513 12.410716 9.095285 5.699814 24.817636 0.000000 1.000000 
6.749743 26.824465 3.285197 -19.966225 20.953953 0.000000 0.000000 
-7.338790 26.918989 1.995119 -13.876488 24.688204 0.000000 0.000000 
-7.853670 27.123501 4.128171 -14.450874 23.604454 0.000000 0.000000 
-7.164131 27.432774 7.874108 -13.867288 26.227301 0.000000 0.000000 
8.249508 27.406950 3.732629 -16.942406 22.257366 0.000000 0.000000 
7.388823 27.801939 -1.318957 -13.904800 23.953171 0.000000 0.000000 
8.668900 27.782612 3.957072 -16.194626 21.566057 0.000000 0.000000 
9.088369 28.203291 4.010183 -13.966850 23.108957 0.000000 0.000000 
12.155707 27.249624 -11.023688 -12.716156 23.232040 0.000000 1.000000 
21.316572 21.470182 -3.280571 2.361107 22.886845 0.000000 0.000000 
6.434732 31.197046 -0.224247 -15.758980 22.120056 0.000000 0.000000 
9.258980 30.415972 7.181946 -18.273582 19.733242 0.000000 0.000000 
6.906437 31.713188 2.352149 -13.111343 21.451357 1.000000 1.000000 
6.870844 31.985584 -0.297045 -12.741859 23.460747 0.000000 0.000000 
12.107745 30.498245 4.675153 -16.974533 19.353035 0.000000 0.000000 
6.938369 32.303005 2.293100 0.030800 32.320538 0.000000 0.000000 
7.035245 32.378586 2.405813 -0.408615 32.693382 0.000000 0.000000 
6.776713 32.697899 -0.774327 -17.800835 15.513504 1.000000 1.000000 
7.383388 32.577507 -0.337755 -16.456253 20.027922 0.000000 0.000000 
6.275670 33.015877 4.883835 -15.295395 21.148977 0.000000 0.000000 
25.272507 20.015442 -3.788764 5.683777 22.599724 0.000000 1.000000 
6.577467 33.278332 5.205545 -17.299728 19.381630 0.000000 0.000000 
23.543911 22.845219 8.940255 5.501915 23.922808 0.000000 0.000000 
6.957154 33.737892 -0.834408 -0.949913 31.489140 0.000000 0.000000 
7.016012 33.861061 -0.925758 -2.009827 29.592827 0.000000 0.000000 
7.829978 33.930786 7.378771 -18.262466 19.703241 0.000000 0.000000 
15.538770 30.813589 0.961433 -2.232346 28.195457 0.000000 1.000000 
15.722918 30.982628 1.553211 -6.501358 24.117201 0.000000 0.000000 
7.886523 34.402508 -12.867503 -16.265434 22.073223 0.000000 0.000000 
7.168553 35.010548 3.701774 -12.895012 22.503691 0.000000 0.000000 
6.208985 35.253876 3.467054 -14.488542 22.477879 0.000000 0.000000 
5.916501 35.394348 3.926481 -10.305214 22.165697 0.000000 0.000000 
8.623288 35.051506 2.156298 -4.984299 29.347080 0.000000 0.000000 
8.607889 35.100906 2.135163 -4.427689 28.742092 0.000000 0.000000 
6.808816 35.552521 4.094002 -8.899109 26.522675 0.000000 0.000000 
6.239669 36.120987 3.772491 -9.732010 25.674011 0.000000 0.000000 
6.369444 36.351269 3.202043 -5.583740 27.151886 0.000000 0.000000 
6.523102 36.442184 2.525624 -10.118576 23.500656 0.000000 0.000000 
6.217433 36.542549 1.953847 -15.211525 23.008539 0.000000 0.000000 
6.233698 36.916447 1.213714 -10.481239 21.930843 0.000000 0.000000 
5.961463 36.992447 -0.245097 -14.422379 21.835983 0.000000 0.000000 
6.047071 37.275505 0.094907 -12.328239 21.030550 0.000000 0.000000 
6.102736 37.448685 8.817698 -10.066658 22.243776 0.000000 0.000000 
6.186151 37.575165 6.403563 -18.392395 17.250219 0.000000 0.000000 
22.329597 30.517744 0.560062 -1.454948 21.435011 0.000000 0.000000 
23.137739 29.936560 0.528887 -6.341484 17.440380 0.000000 1.000000 
22.622330 30.556505 1.224377 -5.125931 21.568880 0.000000 0.000000 
22.080570 31.029215 0.320367 1.721077 22.594025 0.000000 0.000000 
6.258489 38.553974 7.604311 -16.533447 15.621494 1.000000 1.000000 
21.953196 31.666563 4.240325 -3.707817 20.156052 0.000000 0.000000 
7.052153 39.066547 -0.492833 -13.888977 20.286503 0.000000 0.000000 
22.734354 31.803335 0.242771 -3.531937 17.662809 1.000000 1.000000 
7.043121 39.355175 -0.075101 -10.888680 20.434837 0.000000 0.000000 
6.716535 39.505630 0.302006 -17.815384 17.007357 0.000000 0.000000 
6.296850 39.610317 8.437602 -18.385597 16.600632 0.000000 0.000000 
5.996642 39.787491 -0.511716 -21.456131 14.358562 0.000000 0.000000 
5.592174 40.142731 6.676342 -17.196007 18.814524 0.000000 0.000000 
5.901188 40.115669 6.546729 -16.779968 18.786060 0.000000 0.000000 
34.284859 17.832085 15.812715 9.173706 20.393585 0.000000 1.000000 
6.211219 41.327248 1.001636 -16.860176 18.033039 0.000000 0.000000 
6.169600 41.377441 6.371413 -15.829750 18.278049 0.000000 0.000000 
6.569382 41.338120 -0.282672 -19.442154 15.552925 0.000000 0.000000 
7.308411 41.280823 -0.849971 -14.742105 17.339951 1.000000 1.000000 
8.750919 41.309525 3.569105 -12.439507 23.185556 0.000000 0.000000 
8.641723 41.376137 3.760091 -13.674211 21.810455 0.000000 0.000000 
6.853880 41.775051 -1.109778 -8.670982 25.327730 0.000000 0.000000 
7.504868 41.783455 -0.812011 -13.291603 19.964350 0.000000 0.000000 
7.525775 41.985096 -0.893551 -9.067345 23.358498 0.000000 0.000000 
10.116947 41.519581 3.995848 -16.612244 17.399616 0.000000 0.000000 
10.486088 41.702290 4.297084 -11.776459 21.093521 0.000000 0.000000 
5.214756 42.824123 -0.559380 -7.751747 21.963520 0.000000 0.000000 
5.259223 42.827747 -0.360719 -10.131203 20.023811 0.000000 0.000000 
5.482358 43.122986 -0.466468 -13.819786 18.787243 0.000000 0.000000 
7.419671 42.881939 -1.090459 -21.955208 12.328945 1.000000 1.000000 
9.260602 42.542694 5.780346 -17.357391 16.164833 0.000000 0.000000 
5.220033 43.579601 -0.290406 -7.925934 20.877935 0.000000 0.000000 
5.277977 43.587646 -0.545416 -18.666962 14.263868 0.000000 0.000000 
5.234111 43.614075 -0.471755 -15.519394 16.553207 0.000000 0.000000 
5.276433 43.610931 -0.434388 -5.906776 22.079487 0.000000 0.000000 
5.253086 43.690121 -0.247236 -11.139084 19.495743 0.000000 0.000000 
5.360130 43.708660 -0.472738 -8.568764 21.665094 0.000000 0.000000 
5.097677 44.080788 -0.497367 -13.717079 17.335787 0.000000 0.000000 
5.560155 44.020981 -0.492616 -18.886658 11.849216 1.000000 1.000000 
5.141487 44.144211 -0.831680 -15.900398 18.043520 0.000000 0.000000 
7.811710 43.776268 3.007860 -6.384964 23.884216 0.000000 0.000000 
7.649487 43.931313 2.976056 -13.223869 18.462894 0.000000 0.000000 
7.744020 43.953171 2.800130 -3.648979 25.854378 0.000000 0.000000 
-23.483370 37.468239 9.755195 -3.841370 21.691650 0.000000 0.000000 
7.485782 44.254345 5.508720 -10.224205 20.305435 0.000000 0.000000 
7.975286 44.458614 3.306180 -9.624458 20.233952 1.000000 1.000000 
5.471546 44.915169 -0.554348 -14.332130 14.320503 1.000000 1.000000 
32.850323 29.149628 1.652096 3.274567 16.629313 0.000000 1.000000 
7.329652 44.693550 -12.463869 -16.578171 17.933332 0.000000 0.000000 
7.058255 44.782497 5.921749 -14.138344 17.805111 0.000000 0.000000 
13.589637 43.663597 4.478836 -17.038902 13.626698 0.000000 0.000000 
13.001758 44.162682 5.346859 -14.079759 16.950342 0.000000 0.000000 
-13.822342 44.240501 18.230347 -18.868866 13.892876 0.000000 0.000000 
12.601708 44.730423 5.088477 -18.850662 15.050863 0.000000 0.000000 
8.443436 46.170845 3.641997 -14.149095 18.067915 0.000000 0.000000 
-16.845531 43.591259 1.579041 -15.656342 14.824678 0.000000 0.000000 
8.375098 46.251064 3.771766 -14.918266 17.604965 0.000000 0.000000 
7.081385 46.871758 7.189609 -14.392326 18.907961 0.000000 0.000000 
7.146608 46.914902 11.051312 -17.009506 16.660873 0.000000 0.000000 
7.123616 46.982243 6.326073 -17.589714 15.259178 0.000000 0.000000 
7.548234 47.032269 2.772704 -13.822937 18.887714 0.000000 0.000000 
7.230509 47.277008 5.896770 -9.214020 21.894951 0.000000 0.000000 
7.672453 47.264500 5.368093 -7.735649 23.148788 0.000000 0.000000 
7.472354 47.358456 5.766805 -15.795029 18.324543 0.000000 0.000000 
33.167263 33.519096 1.833152 0.933578 17.235678 0.000000 0.000000 
7.362082 47.761349 3.194768 -8.680313 21.291334 0.000000 0.000000 
7.572021 47.889702 3.417021 -6.467934 22.758360 0.000000 0.000000 
34.991787 31.678877 1.227455 14.780334 25.906239 0.000000 0.000000 
7.864179 47.995144 2.541766 -8.685112 20.435852 0.000000 0.000000 
7.363507 48.127907 6.175177 -15.663177 17.169413 1.000000 1.000000 
34.910294 32.086449 1.337695 11.078217 21.179344 0.000000 0.000000 
35.219395 31.760256 1.419300 15.047112 25.375919 0.000000 0.000000 
8.026720 48.085857 4.633809 -9.581665 21.508005 0.000000 0.000000 
9.460111 48.226528 3.320646 -12.556108 20.730247 0.000000 0.000000 
8.033112 48.523735 -7.022778 -8.910736 19.224144 0.000000 0.000000 
8.089656 48.886612 4.980112 -12.681564 16.041874 0.000000 0.000000 
7.690361 49.042240 5.792362 -8.100296 21.169788 0.000000 0.000000 
7.634731 49.343620 6.027884 -7.687996 21.040821 0.000000 0.000000 
9.748384 49.025002 4.345151 -13.585266 18.645435 0.000000 0.000000 
9.007169 49.208103 -7.593272 -14.120636 17.269257 0.000000 0.000000 
9.851280 49.819710 4.735724 -15.802582 15.936842 0.000000 0.000000 
9.295393 50.013107 5.119246 -15.656700 15.428732 0.000000 0.000000 
7.658171 50.341873 -9.887713 -17.917053 15.258196 0.000000 0.000000 
7.089663 50.868824 6.133982 -17.548058 13.408649 0.000000 0.000000 
7.242145 51.052876 6.350938 -12.714172 15.935160 0.000000 0.000000 
7.712393 51.017975 5.721887 -5.016205 22.425655 0.000000 0.000000 
7.800478 51.182625 5.668768 -3.733139 23.054998 0.000000 0.000000 
7.705870 51.211689 -7.258046 -6.119377 20.510189 0.000000 0.000000 
7.644140 51.298557 -7.169105 -10.443657 16.907578 0.000000 0.000000 
7.690311 51.320225 -7.451327 -9.008568 17.340595 0.000000 0.000000 
7.754200 51.624657 -7.973910 -13.220421 15.849041 0.000000 0.000000 
12.235677 50.893074 3.538954 -11.875366 18.359116 0.000000 0.000000 
12.595607 51.034355 4.247626 -14.880058 16.442005 0.000000 0.000000 
12.485412 51.141132 3.941221 -13.919357 16.156742 0.000000 0.000000 
12.637570 51.405518 4.295678 -11.780670 17.389843 0.000000 0.000000 
12.182385 51.566704 2.687808 -16.782257 15.334612 0.000000 0.000000 
12.905639 51.400105 3.989987 -11.978395 17.807381 0.000000 0.000000 
12.326070 51.665207 4.475242 -8.365654 19.163076 0.000000 0.000000 
12.302439 51.869343 3.867152 -12.407144 15.506071 0.000000 0.000000 
12.203180 52.006943 16.295740 -13.922441 16.271448 0.000000 0.000000 
7.744926 52.951813 4.728443 -14.165544 17.500311 0.000000 0.000000 
6.931880 53.436676 3.399868 -6.663376 20.540525 0.000000 0.000000 
7.291666 53.444489 2.563601 -11.877991 18.145567 0.000000 0.000000 
7.768571 53.396694 16.137878 -12.008705 18.086105 0.000000 0.000000 
7.410400 53.685268 -6.982463 -11.489366 16.709593 0.000000 0.000000 
8.006644 53.603336 5.276515 -9.998039 16.895340 0.000000 0.000000 
6.679718 53.971649 2.329086 -3.257782 25.796631 0.000000 0.000000 
6.668475 53.985298 -4.333423 -4.393311 23.446028 0.000000 0.000000 
7.156333 53.921116 3.385189 -4.504494 21.627563 0.000000 0.000000 
7.501545 53.938461 3.726792 -5.611382 20.963324 0.000000 0.000000 
8.277704 53.839928 3.254702 -17.013000 13.603378 1.000000 1.000000 
7.445528 54.139084 2.930065 -1.268196 25.372555 0.000000 0.000000 
8.167260 54.062874 -6.513737 -5.215218 21.032104 0.000000 0.000000 
8.072181 54.162319 3.243060 -4.867683 22.290190 0.000000 0.000000 
7.949646 54.213264 -5.888960 -9.030106 18.503017 0.000000 0.000000 
8.389624 54.549164 3.313674 -12.769403 18.968201 0.000000 0.000000 
7.114626 54.784584 3.492789 -8.828621 19.194338 0.000000 0.000000 
8.162539 54.715694 3.737489 -10.101219 17.992132 0.000000 0.000000 
7.849307 54.868214 3.437312 -8.331596 20.295807 0.000000 0.000000 
6.721114 55.071228 4.020386 -4.452576 22.519014 0.000000 0.000000 
6.691866 55.269115 5.388052 -7.948021 21.215517 0.000000 0.000000 
6.813250 55.264576 3.886720 -4.223480 22.957335 0.000000 0.000000 
6.879519 55.382145 -6.663166 -15.614212 13.825743 0.000000 0.000000 
6.872935 55.683807 5.493050 -11.176727 18.473577 0.000000 0.000000 
7.271046 55.638363 15.841632 -6.096733 22.344751 0.000000 0.000000 
43.541748 32.996353 2.228077 7.530525 15.265919 1.000000 1.000000 
7.007881 55.778259 15.890631 -7.153198 21.418758 0.000000 0.000000 
6.539666 55.889774 5.533631 -18.029587 14.491476 0.000000 0.000000 
6.644561 55.894447 5.377964 -13.767181 15.200773 0.000000 0.000000 
43.661800 32.939133 2.081611 8.433540 14.420076 1.000000 1.000000 
6.424795 56.150654 5.106627 -12.422563 14.900301 0.000000 0.000000 
6.422197 56.180744 5.604505 -10.154503 17.069183 0.000000 0.000000 
44.169495 33.387260 2.094389 18.411476 22.876934 0.000000 0.000000 
44.564621 32.808754 1.940244 20.874352 25.344482 0.000000 0.000000 
44.534767 32.872131 1.911763 22.659721 24.931345 0.000000 0.000000 
44.768929 32.544098 -2.142765 17.341850 23.127647 0.000000 0.000000 
6.742171 56.865479 5.950652 -14.455894 15.894468 0.000000 0.000000 
44.146648 34.149208 -0.050051 5.705986 17.202929 0.000000 0.000000 
-18.255732 54.234539 7.918415 -9.409721 20.452297 0.000000 1.000000 
6.959020 57.091560 -5.761596 -19.479080 11.144733 1.000000 1.000000 
7.238743 57.272549 5.717325 -7.012016 19.065878 0.000000 0.000000 
7.495979 57.331966 5.566013 -9.702583 17.580301 0.000000 0.000000 
18.236357 54.700798 0.456433 -15.574715 13.920212 0.000000 0.000000 
7.887160 57.402561 -5.732150 -17.346375 12.192120 0.000000 0.000000 
7.077866 57.821571 -5.916013 -9.273430 18.347719 0.000000 0.000000 
6.905914 57.870098 6.328382 -11.270325 17.829115 0.000000 0.000000 
6.958109 57.960114 -6.073902 -11.412437 17.281712 0.000000 0.000000 
7.985867 58.072441 -6.224727 -10.028389 15.853041 0.000000 0.000000 
7.994582 58.139576 4.867237 -10.234735 16.161924 0.000000 0.000000 
6.341467 58.750366 9.661190 -11.694038 15.564207 0.000000 0.000000 
6.222106 58.808945 9.566066 -6.663193 20.898497 0.000000 0.000000 
8.640187 58.500340 9.371621 -15.343225 13.856853 0.000000 0.000000 
7.704591 58.718914 5.749657 -5.254570 20.769140 0.000000 0.000000 
7.837944 58.788380 5.492056 -9.122810 17.376682 0.000000 0.000000 
7.173637 59.024906 5.675504 -14.023950 13.763445 0.000000 0.000000 
13.815413 57.851727 1.582940 -16.574348 13.307102 0.000000 0.000000 
7.475493 59.133926 4.091390 -18.669868 12.864899 0.000000 0.000000 
6.284341 59.623032 6.190670 -18.991821 10.058491 0.000000 0.000000 
7.201848 59.568699 7.909616 -7.623657 17.328901 0.000000 0.000000 
7.225130 59.592831 2.022942 -13.191742 14.437416 0.000000 0.000000 
7.008982 59.641510 3.370630 -10.632103 15.390491 0.000000 0.000000 
7.140790 59.665226 7.900024 -7.592331 17.182964 0.000000 0.000000 
7.129944 59.936279 -9.470320 -17.173721 12.851219 0.000000 0.000000 
7.323459 59.954933 8.852867 -11.689667 13.739674 0.000000 0.000000 
6.483575 60.496376 2.375828 -10.926918 15.639210 0.000000 0.000000 
7.836230 60.363247 7.607258 -11.249681 17.540682 0.000000 0.000000 
51.743851 28.103851 0.477141 3.879936 13.607750 0.000000 0.000000 
7.883826 60.772083 7.872716 -13.528526 14.597713 0.000000 0.000000 
6.436003 61.119148 7.654376 -13.307495 12.679676 0.000000 0.000000 
-7.503549 61.160969 -1.123894 -0.141724 23.906527 0.000000 0.000000 
-7.603346 61.160969 -1.240266 -0.944984 22.643494 0.000000 0.000000 
-7.616198 61.257717 -1.225637 2.055168 26.650743 0.000000 0.000000 
-7.601018 61.262146 -1.155831 -4.494598 19.908363 0.000000 0.000000 
-7.940050 61.392853 -0.629012 -23.429596 3.914742 1.000000 1.000000 
6.367025 61.784271 6.952855 -14.366890 13.805792 0.000000 0.000000 
6.346388 61.841721 7.310384 -17.639694 13.137367 0.000000 0.000000 
-7.158983 61.886406 -0.371875 -16.050003 13.649248 0.000000 0.000000 
7.393685 61.953602 7.569817 -14.092401 13.309650 0.000000 0.000000 
29.919865 54.421455 -6.788771 -12.793625 9.514278 0.000000 0.000000 
-8.046598 62.059826 -0.859898 -16.287910 12.489441 0.000000 0.000000 
-8.199506 62.044903 -0.584374 -16.754425 12.870922 0.000000 0.000000 
-7.688325 62.378895 -1.279437 -14.162926 12.676216 1.000000 1.000000 
-11.874232 61.857807 17.580660 -20.559807 10.600204 0.000000 0.000000 
-7.993971 62.938786 -4.212101 -20.877312 10.651379 0.000000 0.000000 
-36.959408 51.742001 15.578913 -8.345619 10.588139 0.000000 1.000000 
7.875231 64.220459 -0.767929 -9.782288 13.393753 0.000000 0.000000 
7.998146 64.205185 -0.984093 -18.195892 9.097466 0.000000 0.000000 
7.720772 64.298126 -0.656120 -12.329239 12.622528 0.000000 0.000000 
-22.203588 61.457264 18.569815 -7.237762 18.302158 0.000000 0.000000 
-11.625751 64.552032 -0.491603 -6.957474 20.269142 0.000000 0.000000 
26.821806 60.225445 -4.874424 0.460030 19.972462 0.000000 0.000000 
27.092199 60.235157 -5.958125 -10.506409 10.592831 0.000000 0.000000 
26.792355 60.418228 -6.095908 -6.934418 13.517624 0.000000 0.000000 
8.277935 65.908592 -1.197077 -14.261223 11.326286 1.000000 1.000000 
27.044022 60.359318 -4.506913 -2.450172 19.461248 0.000000 0.000000 
8.184502 66.872574 -1.257810 -9.695465 14.655510 0.000000 0.000000 
8.253046 67.173050 -1.311268 -9.834381 15.156683 0.000000 0.000000 
29.536291 60.584641 -6.756064 -10.988586 11.279861 0.000000 0.000000 
-12.777996 66.629051 1.427665 -14.761353 9.429375 1.000000 1.000000 
8.050266 67.632523 -1.153124 -16.812813 8.143673 1.000000 1.000000 
44.648891 51.890182 3.550203 -2.507065 12.126820 0.000000 0.000000 
43.372669 53.214516 2.491900 -0.269096 13.470488 0.000000 0.000000 
14.243608 67.992844 0.466512 -14.496179 11.083736 0.000000 0.000000 
-33.610378 60.399387 17.408587 -11.204515 11.347813 0.000000 0.000000 
43.473881 53.613270 1.066076 -0.023201 9.624378 0.000000 0.000000 
45.262577 52.064701 2.807586 7.428345 16.413074 0.000000 0.000000 
44.919781 52.450554 -4.615570 1.553886 12.769424 0.000000 0.000000 
45.216297 52.295849 3.407954 6.693848 14.117279 0.000000 0.000000 
8.256042 69.688217 1.260290 -1.170822 20.362640 0.000000 0.000000 
8.475231 69.840057 1.436965 -12.988441 13.376696 0.000000 0.000000 
8.347051 69.877747 1.346748 0.649796 23.053078 0.000000 0.000000 
8.420660 70.274033 6.515925 -12.405457 15.666201 0.000000 0.000000 
-28.333406 64.616638 8.833534 -3.260078 18.126862 0.000000 0.000000 
46.977551 52.213348 -4.697021 8.246193 19.084181 0.000000 0.000000 
46.985062 52.478996 -5.889090 -2.237381 12.437737 0.000000 0.000000 
8.355205 70.957085 1.266014 -5.411331 16.025354 1.000000 1.000000 
47.138512 52.547607 -5.438888 8.214081 18.576426 0.000000 0.000000 
9.364539 71.507729 3.373975 -13.457748 14.098793 0.000000 0.000000 
-36.335209 62.008625 3.895032 2.923523 20.059231 0.000000 0.000000 
-35.865479 62.321808 3.823033 0.085541 16.419851 0.000000 0.000000 
-36.230225 62.207607 3.947747 2.418449 18.847492 0.000000 0.000000 
-36.080158 62.315865 3.766435 -0.713631 16.236240 0.000000 0.000000 
24.061443 68.254311 -5.961219 -15.238518 9.676586 0.000000 0.000000 
8.778930 72.062843 2.192492 -15.348907 10.739765 0.000000 0.000000 
9.739414 71.977310 2.899097 -16.621994 8.942760 1.000000 1.000000 
9.030874 72.329666 2.516919 -15.838593 10.086792 0.000000 0.000000 
-29.256453 66.899490 2.662528 -8.682053 13.313080 0.000000 0.000000 
9.730199 72.682335 -4.902873 -12.854652 12.096687 0.000000 0.000000 
9.303979 72.813873 2.808918 -9.217888 15.596441 0.000000 0.000000 
-29.042194 67.561638 2.290833 -0.937187 20.203899 0.000000 0.000000 
-22.577707 70.210411 4.466040 -4.381393 17.799831 0.000000 0.000000 
-30.189590 67.145737 2.121902 0.206604 20.383209 0.000000 0.000000 
-30.267136 67.260384 3.796478 -5.199455 14.834433 0.000000 0.000000 
-31.327711 66.785049 2.896920 1.455406 20.205753 0.000000 0.000000 
-30.513041 67.202728 3.802188 0.867615 18.164938 0.000000 0.000000 
-31.472082 66.860291 2.171794 -0.741455 19.486721 0.000000 0.000000 
-28.863743 68.130951 3.691859 1.341499 20.898647 0.000000 0.000000 
-9.318841 73.926926 4.710186 -7.946899 18.591412 0.000000 0.000000 
-30.650646 67.565109 3.448116 -2.791649 17.690147 0.000000 0.000000 
-29.530798 68.313828 -8.282486 2.494629 20.022930 0.000000 0.000000 
-30.587469 67.850998 5.254768 2.727264 20.182961 0.000000 0.000000 
-22.523996 71.274529 6.010639 -2.053413 19.499981 0.000000 0.000000 
-30.680443 68.151993 6.032491 1.970901 18.870914 0.000000 0.000000 
-30.290707 68.402008 5.486223 0.754913 19.144176 0.000000 0.000000 
-29.908306 68.596321 5.275795 3.303108 19.616528 0.000000 0.000000 
-22.610991 71.883064 5.640075 -4.048096 18.485929 0.000000 0.000000 
-28.742933 69.553848 4.854562 0.017899 20.417103 0.000000 0.000000 
-30.827213 68.634178 -0.651776 -4.056450 16.944448 0.000000 0.000000 
-28.160816 69.902565 1.785262 -2.246391 17.608780 0.000000 0.000000 
59.358414 44.756329 10.959315 3.421762 6.655300 1.000000 1.000000 
-30.078295 69.635208 12.487315 -1.595604 16.141754 0.000000 0.000000 
-23.140978 72.493118 5.856050 -0.658112 20.362940 0.000000 0.000000 
-31.291883 69.179924 5.655940 2.088837 18.979628 0.000000 0.000000 
-10.428300 75.591881 4.902962 -1.524979 19.483629 0.000000 0.000000 
-9.979682 75.868927 5.381099 -4.700294 20.131361 0.000000 0.000000 
-10.600223 76.212044 8.988141 -9.346695 16.046951 0.000000 0.000000 
-23.851154 73.194870 4.570821 -7.693161 14.708218 0.000000 0.000000 
-21.657230 74.094727 5.849448 -10.946396 13.884869 0.000000 0.000000 
-10.305652 76.916039 5.350130 -6.071953 15.196575 1.000000 1.000000 
-29.544846 71.530540 -6.517096 -11.059708 12.335712 0.000000 0.000000 
-34.581131 69.620110 -9.508117 -12.459122 8.228928 0.000000 0.000000 
-22.857430 74.604576 9.401889 -15.003029 9.377293 0.000000 0.000000 
-22.658655 74.707802 10.530407 1.049881 20.727549 0.000000 0.000000 
-22.776062 74.995659 10.627604 -0.127975 18.853796 0.000000 0.000000 
-43.267750 64.860001 0.653689 -4.898010 11.452522 0.000000 0.000000 
-43.556068 64.718521 1.005060 -4.471771 8.227516 0.000000 0.000000 
55.545284 54.135162 2.589604 0.058723 6.394955 1.000000 1.000000 
-22.788280 75.399620 10.666697 -2.513794 17.414089 1.000000 1.000000 
55.702099 54.935448 1.882796 10.678391 15.405048 0.000000 0.000000 
55.549675 55.155678 1.841316 9.621857 15.824154 0.000000 0.000000 
58.829414 52.458744 3.987436 14.568016 17.249199 0.000000 0.000000 
59.035690 52.320335 -5.205298 9.123886 15.304672 0.000000 0.000000 
59.079491 52.444496 -5.202970 15.057449 21.367851 0.000000 0.000000 
-32.857037 72.960144 10.260188 -8.701889 11.607002 0.000000 0.000000 
-36.090267 72.150665 7.237280 -5.657372 13.431963 0.000000 0.000000 
-33.885704 73.271500 10.073287 -3.559196 16.378178 0.000000 0.000000 
-22.390480 77.784332 5.292584 -8.465248 14.332245 1.000000 1.000000 
-37.504738 71.628021 3.513783 -8.248466 11.729149 1.000000 1.000000 
-34.901905 73.249435 8.963971 -12.245163 9.735291 0.000000 0.000000 
-34.932003 73.367226 8.303036 -3.230217 14.205557 0.000000 0.000000 
-33.977905 73.977089 -0.299628 -10.978508 10.165932 1.000000 1.000000 
-34.908340 73.626289 -11.328101 -5.305237 13.125946 0.000000 0.000000 
-33.862957 74.436623 8.091597 -5.122917 12.755184 0.000000 0.000000 
-22.406227 78.902916 6.136912 -12.521774 8.918102 1.000000 1.000000 
-31.661568 75.881721 9.051592 -0.919830 14.999266 0.000000 0.000000 
-30.376492 76.657890 7.272803 -8.261620 10.806129 1.000000 1.000000 
42.274082 70.377258 -0.744809 -0.492897 16.455460 1.000000 1.000000 
-39.040543 73.033974 5.462877 -0.278709 17.146362 0.000000 0.000000 
-29.272099 77.822525 3.197512 -0.998642 17.710554 0.000000 0.000000 
-30.624052 77.710564 7.432085 -3.798790 15.064936 0.000000 0.000000 
-30.911432 77.594421 7.743621 1.824638 19.385338 0.000000 0.000000 
-37.160896 74.667412 8.175853 2.848831 20.152962 0.000000 0.000000 
-31.007944 77.731979 6.757753 1.474167 20.742834 0.000000 0.000000 
-37.898785 74.466209 14.292989 -4.842117 13.761784 0.000000 0.000000 
-40.731075 73.645676 4.768542 -2.117210 16.202623 0.000000 0.000000 
-39.561993 74.324295 7.486317 -4.797226 14.719343 0.000000 0.000000 
-39.528072 74.440048 8.772459 0.664810 16.927933 0.000000 0.000000 
-29.305286 79.358940 7.452693 1.756615 19.366127 0.000000 0.000000 
-29.285706 79.565712 8.085998 -2.142319 15.761095 0.000000 0.000000 
-29.825512 79.417061 9.054964 -4.124687 16.411665 0.000000 0.000000 
-28.344528 80.015739 8.578987 -0.399010 18.922976 0.000000 0.000000 
-27.594442 80.685211 7.944503 2.293022 19.468029 0.000000 0.000000 
-30.029987 79.805603 8.795447 0.480186 18.586370 0.000000 0.000000 
-29.981232 79.834015 9.352736 3.976578 20.418583 0.000000 0.000000 
-29.773806 79.975708 8.702775 -2.846451 15.914469 0.000000 0.000000 
65.263916 53.618912 2.743631 9.684746 15.971537 0.000000 0.000000 
-27.590342 81.281990 10.046371 -7.629768 11.848896 0.000000 0.000000 
-31.705290 79.993324 11.093324 -3.936180 15.298992 0.000000 0.000000 
-31.838465 80.527878 -10.466279 -3.317291 13.048306 0.000000 0.000000 
-31.428387 80.818726 11.991176 -7.494522 12.839272 0.000000 0.000000 
-77.073792 35.206165 15.101312 19.237946 17.528513 0.000000 1.000000 
52.999680 68.302147 -6.477301 6.466240 17.112206 0.000000 0.000000 
52.081303 69.363464 3.471758 8.458534 18.215412 0.000000 0.000000 
52.099297 69.397690 3.377230 7.240662 17.008953 0.000000 0.000000 
52.077415 69.480072 4.250314 9.866760 18.040751 0.000000 0.000000 
52.363243 69.279037 3.834370 6.199097 16.596691 0.000000 0.000000 
-31.927872 81.400635 12.438097 -5.446159 15.012526 0.000000 0.000000 
-32.921116 81.370483 12.041777 -7.862404 13.448202 0.000000 0.000000 
-30.382805 82.511154 -10.246880 -9.991882 10.797836 0.000000 0.000000 
-31.584339 82.518387 11.614127 -4.423172 16.468527 0.000000 0.000000 
42.099571 77.851501 3.936620 0.515594 16.965097 0.000000 0.000000 
-32.693089 82.860268 12.897860 -2.593590 16.496695 0.000000 0.000000 
39.082310 79.986320 2.907500 -2.734795 15.513361 0.000000 0.000000 
43.494984 77.662277 2.026198 -5.105392 11.605740 0.000000 0.000000 
43.338413 77.776711 2.107520 -3.980759 12.764004 0.000000 0.000000 
-34.245625 82.717972 12.117237 -7.737526 11.533268 0.000000 0.000000 
-49.862961 73.913864 10.875098 -3.068230 11.552830 0.000000 0.000000 
21.697350 87.378372 -4.928859 -8.050140 12.121658 0.000000 0.000000 
21.541969 87.419708 -5.309789 -4.344223 15.693754 0.000000 1.000000 
21.908407 87.348122 -5.194371 -10.167542 10.896969 0.000000 0.000000 
-34.356899 83.186096 13.319398 -9.024818 10.621742 0.000000 0.000000 
-34.608543 83.469788 15.470394 -11.815414 7.956921 0.000000 0.000000 
-35.258373 83.399925 13.563969 -8.769386 10.305099 0.000000 0.000000 
-32.076519 85.039818 -7.658412 -8.360519 11.767529 0.000000 0.000000 
-33.448212 84.551636 -9.008431 -11.433411 9.530628 0.000000 0.000000 
-55.899296 71.447899 3.601429 -5.577515 8.259228 0.000000 0.000000 
-36.895920 83.593880 8.120298 -7.337418 12.316872 0.000000 0.000000 
11.071831 91.204582 2.174210 -15.571068 8.148079 0.000000 0.000000 
12.147123 91.123398 2.445791 -13.118843 9.988197 0.000000 0.000000 
11.488821 91.254692 1.906454 -12.111038 10.621391 0.000000 0.000000 
12.085482 91.187042 3.744072 -14.870613 10.020241 0.000000 0.000000 
11.670029 91.342682 3.281759 -16.117935 7.439606 0.000000 0.000000 
-49.566952 77.287270 11.008799 -3.554802 10.294479 0.000000 0.000000 
-50.828434 76.440865 9.918809 -5.828163 8.046432 0.000000 0.000000 
-21.714918 90.182129 6.705320 -11.250641 9.758968 0.000000 0.000000 
-21.306765 90.398170 6.240265 -11.839638 6.990032 0.000000 0.000000 
-21.359447 90.414009 4.723669 -13.363640 7.618961 0.000000 0.000000 
-21.053097 90.652657 7.233544 -12.321298 9.252193 0.000000 0.000000 
-21.088114 90.657028 -1.564834 -16.259056 7.091934 0.000000 0.000000 
-21.809496 90.524384 6.972126 -8.931747 12.014511 0.000000 0.000000 
-31.827560 87.467331 13.707855 -9.730194 10.682804 0.000000 0.000000 
-22.312529 90.518318 6.446374 -10.520042 10.956047 0.000000 0.000000 
-35.949829 86.228760 11.331109 -10.761848 8.733738 0.000000 0.000000 
-36.391178 86.040627 10.608795 -7.351692 11.831120 0.000000 0.000000 
-45.206055 81.615318 2.565917 -8.376259 8.179527 0.000000 0.000000 
-36.389381 86.245720 10.088985 -5.599152 11.244495 0.000000 0.000000 
-21.993240 91.284477 6.942686 -7.152290 13.418747 0.000000 0.000000 
-22.785322 91.202530 7.295689 -7.541275 12.439537 0.000000 0.000000 
-54.130966 76.153328 2.207182 -3.972321 9.146576 0.000000 1.000000 
-50.363777 79.350090 11.499401 -7.652824 7.457806 0.000000 0.000000 
-34.888435 87.921394 11.728456 -11.791885 6.783714 0.000000 0.000000 
-48.818314 80.709503 13.403690 -6.557899 6.539928 0.000000 0.000000 
-23.112095 92.395760 7.000128 -9.399292 9.707222 1.000000 1.000000 
31.470896 90.739937 2.888604 -14.390152 5.829578 0.000000 0.000000 
-32.244942 91.889496 10.087014 -13.213440 8.010571 0.000000 1.000000 
11.588877 96.927727 2.178649 -13.549127 6.185093 0.000000 0.000000 
-14.232279 96.785912 3.505328 -6.757988 10.613541 0.000000 0.000000 
-13.682097 97.071327 4.093538 -12.683022 9.718346 0.000000 0.000000 
-14.984453 97.231232 3.791856 -4.606758 14.060476 0.000000 0.000000 
-14.348256 97.346680 3.621548 -5.817039 12.833546 0.000000 0.000000 
-15.683101 97.157898 3.495844 -4.898376 14.599302 0.000000 0.000000 
-15.419614 97.226562 3.473453 1.836617 19.388126 0.000000 0.000000 
-15.457317 97.341347 3.662356 3.287788 19.460966 0.000000 0.000000 
-22.482084 96.231438 9.901426 -9.292625 8.744698 0.000000 0.000000 
-22.842941 96.570137 9.560906 -10.926332 7.643162 0.000000 0.000000 
-31.412657 95.790970 9.728159 -14.525620 5.529533 0.000000 0.000000 
-31.825130 95.733696 10.527861 -13.587074 6.239578 0.000000 0.000000 
-29.816170 96.424965 8.763609 -16.220474 7.014874 0.000000 0.000000 
-32.074741 96.564186 12.778713 -6.674858 10.224888 0.000000 0.000000 
-31.622345 97.213539 11.919011 -5.015022 10.014736 0.000000 0.000000 
-30.391481 98.038208 10.026964 -10.886932 7.546455 0.000000 0.000000 
-31.533308 98.099487 10.482105 -7.267365 10.517876 0.000000 0.000000 
-31.462215 98.127007 12.028813 -6.902435 10.647022 0.000000 0.000000 
-31.693016 98.053391 11.121014 -7.933701 11.693085 0.000000 0.000000 
-31.723934 98.061821 11.287381 -4.089104 11.417091 0.000000 0.000000 
-31.521618 98.324966 10.933741 -9.185280 8.165688 1.000000 1.000000 
12.755415 102.901489 2.893912 -10.469269 9.981808 0.000000 0.000000 
-31.529184 98.797935 12.679442 -0.238792 12.810783 0.000000 0.000000 
12.379602 103.195091 1.898136 -9.783829 10.354767 0.000000 1.000000 
-30.793606 99.243294 11.208612 -5.896660 9.956398 0.000000 0.000000 
-30.682365 99.300438 10.977283 -10.205933 7.787235 0.000000 0.000000 
-31.576519 99.666420 11.332236 -1.882156 13.312054 0.000000 0.000000 
-32.100395 99.580254 11.624777 -1.605057 11.204060 0.000000 0.000000 
-29.835272 100.496857 10.853885 -9.709755 9.461193 0.000000 0.000000 
46.083591 93.980873 0.704762 -9.596581 3.866860 1.000000 1.000000 
-32.660381 100.002335 13.023001 -7.541893 9.226006 0.000000 0.000000 
12.383606 106.063828 -1.060197 -17.109489 3.763382 0.000000 0.000000 
12.914898 106.007523 0.898937 -14.663139 4.416584 0.000000 0.000000 
-32.598862 101.789757 10.504468 -12.020302 6.633465 0.000000 0.000000 
-31.428545 102.221642 13.398856 -7.345467 8.122971 0.000000 0.000000 
-31.857304 102.088829 11.584496 -12.619972 6.075378 0.000000 0.000000 
-32.921577 104.472519 13.645803 -6.417854 7.835632 0.000000 0.000000 
51.872028 97.636688 5.462640 -4.785530 9.047260 0.000000 0.000000 
51.952110 97.628578 5.503746 -4.850716 8.964073 0.000000 0.000000 
49.987144 99.143631 6.386279 -6.186737 9.630157 0.000000 0.000000 
100.715744 41.768723 -0.573094 8.256096 5.968998 0.000000 1.000000 
50.429474 99.140205 6.491397 -3.310783 9.356968 0.000000 0.000000 
-83.625587 72.248985 0.292581 8.833450 10.567127 0.000000 1.000000 
46.972088 101.639023 3.231345 -5.435432 7.325279 0.000000 0.000000 
46.523766 102.018158 3.596359 -3.757782 8.674164 0.000000 0.000000 
46.249401 102.198914 3.330766 -4.265518 8.081676 0.000000 0.000000 
-38.666115 106.198639 0.251686 -9.063820 7.854752 0.000000 1.000000 
38.201309 107.758072 2.576303 -12.286308 4.551723 0.000000 0.000000 
37.334782 108.345573 3.413078 -0.957542 10.547981 0.000000 0.000000 
38.133144 108.162521 4.409498 -5.993477 8.046268 0.000000 0.000000 
36.996567 108.580109 2.423284 -9.374451 6.683624 0.000000 0.000000 
35.240883 109.634743 1.102529 -6.886398 5.990707 0.000000 0.000000 
34.915768 109.742416 2.091586 -9.663483 5.619682 0.000000 0.000000 
35.294506 109.861549 1.936861 -4.357063 8.328075 0.000000 0.000000 
33.672451 110.589577 0.422453 -12.306885 5.113670 0.000000 0.000000 
34.232735 110.466019 2.486906 -10.299042 6.069504 0.000000 0.000000 
33.555069 110.910675 2.456752 -11.575111 5.778450 0.000000 0.000000 
-33.045223 111.725571 10.552541 -10.103134 6.733749 0.000000 1.000000 
-7.329435 117.610863 -6.691216 -11.961151 6.098248 0.000000 1.000000 
-7.318209 117.629776 -6.255349 -10.842476 8.493023 0.000000 1.000000 
48.995407 107.700653 1.243282 -5.679871 7.118561 0.000000 0.000000 
48.557594 107.982986 3.758967 -6.931252 4.957237 0.000000 0.000000 
42.206097 110.830627 1.185365 -5.345467 6.391731 1.000000 1.000000 
42.353703 111.724518 2.212883 -5.757553 6.637024 0.000000 0.000000 
-22.387182 117.911919 5.937818 -2.593124 12.982712 0.000000 0.000000 
-21.873030 118.034294 8.405257 -6.404335 9.887772 0.000000 0.000000 
-22.161709 118.026764 6.490250 -2.104980 11.676094 0.000000 0.000000 
-23.145514 117.961914 8.993983 1.410501 14.461294 0.000000 0.000000 
-23.740225 117.939438 9.397216 -9.052231 6.571774 0.000000 0.000000 
-23.108965 118.215225 9.800380 1.606270 15.652664 0.000000 0.000000 
-23.307060 119.230606 9.955293 -4.048111 10.000980 1.000000 1.000000 
-32.872841 117.120644 14.818931 -3.478401 9.652802 0.000000 0.000000 
-32.084732 117.363380 11.511232 -9.674423 8.356789 0.000000 0.000000 
-33.135918 117.512161 10.892102 -11.158844 6.581272 0.000000 0.000000 
-21.837273 120.313560 3.427909 -8.721680 6.750080 0.000000 0.000000 
-21.644600 121.316826 4.311019 -8.054504 7.787617 0.000000 0.000000 
-7.352244 123.276100 -6.837630 -9.051262 7.747787 0.000000 0.000000 
-32.562977 119.423691 11.092061 -10.712646 7.239662 0.000000 0.000000 
-31.983833 120.108948 11.068093 -10.891716 6.669525 0.000000 0.000000 
-32.483433 120.391258 -0.633883 -8.718834 5.688271 0.000000 0.000000 
-34.749737 120.215126 13.811934 -10.605545 6.696373 0.000000 0.000000 
-34.258194 120.731026 12.251392 -6.447418 8.597618 0.000000 0.000000 
36.497250 120.575005 1.939157 -10.181221 6.699429 0.000000 0.000000 
36.231377 120.847527 5.083036 -5.664192 7.482475 0.000000 0.000000 
36.410480 120.839142 4.030422 -5.927719 7.670834 0.000000 0.000000 
-34.875851 121.504013 14.468967 -4.305359 6.823425 0.000000 0.000000 
36.918377 121.457291 -0.232314 -7.038452 6.474957 0.000000 0.000000 
-33.534470 122.516617 13.222016 -0.611252 9.343204 0.000000 0.000000 
-33.472340 123.208862 13.192404 -7.042953 5.366634 0.000000 0.000000 
-32.853199 123.470833 14.394047 -1.856384 8.400585 0.000000 0.000000 
-34.563145 123.043198 14.687044 -3.048927 8.146820 0.000000 0.000000 
-33.109013 123.523224 13.100519 -8.335190 5.948006 1.000000 1.000000 
-33.839489 123.361336 13.987784 -6.623390 4.970257 0.000000 0.000000 
-21.498623 126.940788 -8.329909 -5.381477 9.755013 0.000000 0.000000 
-21.846096 127.492599 -8.765950 -0.632011 14.285799 0.000000 0.000000 
-22.381256 127.439796 4.809608 -0.801437 12.025726 0.000000 0.000000 
-22.557545 127.478806 4.684132 -5.540894 8.142357 0.000000 0.000000 
-21.463652 127.887146 -9.864492 -6.326973 8.055729 0.000000 0.000000 
-22.955114 127.908165 6.126953 -5.463753 10.035042 0.000000 0.000000 
-22.710409 127.984627 -10.491626 -4.499474 8.975143 0.000000 0.000000 
-20.980097 128.363739 -6.679323 -11.732971 5.689457 0.000000 0.000000 
-20.428652 128.587311 4.832202 -5.554184 10.840485 0.000000 0.000000 
-21.451496 128.623627 3.939799 -4.388657 9.604691 0.000000 0.000000 
-21.918476 128.789551 4.927788 -2.156761 9.907455 0.000000 0.000000 
-21.552933 128.898132 5.580675 -3.535706 9.471840 0.000000 0.000000 
-22.625738 128.861618 4.974961 -4.380913 8.668434 0.000000 0.000000 
-23.177500 128.837219 3.564766 -9.945602 6.840939 0.000000 0.000000 
-21.622351 129.384033 4.598991 -7.612213 5.973385 0.000000 0.000000 
-21.859459 129.539124 -1.349122 -9.745064 9.548542 0.000000 0.000000 
-22.406853 129.459259 -0.030846 -7.719620 7.523262 0.000000 0.000000 
-21.923193 129.783981 6.959921 -4.033554 11.491306 0.000000 0.000000 
-21.948675 129.868393 7.396802 -6.551514 10.886368 0.000000 0.000000 
-21.689173 129.968323 4.551199 -6.600517 10.714626 0.000000 0.000000 
7.254986 131.958130 -7.735406 -5.388710 12.996941 0.000000 1.000000 
-25.206295 129.759796 2.531622 -8.299973 7.911175 0.000000 0.000000 
42.264706 125.509087 2.714372 -8.787231 7.115150 0.000000 1.000000 
-17.788057 131.843750 4.672053 -3.907501 12.580582 0.000000 0.000000 
-21.742624 131.494476 4.968872 8.258186 21.808140 0.000000 0.000000 
-20.628273 131.867981 3.022583 5.788689 19.658396 0.000000 0.000000 
-20.245808 132.236694 2.534904 5.243065 18.392920 0.000000 0.000000 
-20.314947 132.241119 -6.260323 3.955673 18.766668 0.000000 0.000000 
-20.063326 132.517700 3.971895 6.989845 20.051807 0.000000 0.000000 
-19.527617 132.668152 3.979600 9.184319 20.562084 0.000000 0.000000 
-20.024019 132.815460 3.561815 7.266373 19.583538 0.000000 0.000000 
-20.302856 133.211945 3.936299 3.542480 15.469675 0.000000 0.000000 
-20.133751 133.293121 3.027928 5.708733 17.128376 0.000000 0.000000 
-23.727360 132.734009 2.372806 -8.815399 5.425125 0.000000 0.000000 
-19.873573 133.921478 4.357605 3.268219 15.529650 1.000000 1.000000 
-21.658436 133.731049 -10.521529 -4.740601 9.374008 0.000000 0.000000 
-21.695415 133.749268 3.025274 -5.189522 7.985817 0.000000 0.000000 
-21.919937 133.760010 3.394897 0.857704 13.568024 0.000000 0.000000 
-8.394168 135.360443 -6.051346 -3.706100 11.877831 0.000000 0.000000 
-21.409372 133.910004 2.935109 -4.526825 10.339241 0.000000 0.000000 
7.442325 135.551453 -5.284065 -1.872215 12.864338 1.000000 1.000000 
-22.072334 134.343750 6.207101 -7.909538 8.289616 0.000000 0.000000 
7.274313 136.184082 -5.238293 4.332855 18.309074 0.000000 0.000000 
-22.141438 134.649963 4.076740 6.928619 19.723112 0.000000 0.000000 
-20.279015 135.387268 3.008355 -10.159157 6.775414 0.000000 0.000000 
-22.959448 135.131958 2.401230 -11.351929 6.088642 0.000000 0.000000 
-22.833580 135.291016 2.386959 -4.511200 7.794067 0.000000 0.000000 
40.812332 131.450851 3.453332 -1.655907 10.656639 0.000000 1.000000 
40.059502 131.778992 3.695931 -1.172653 11.436813 0.000000 0.000000 
40.367584 131.692841 3.088096 -4.244049 9.527252 0.000000 0.000000 
-20.853779 137.016083 -2.069802 -11.770439 4.084362 0.000000 0.000000 
-20.697416 137.053375 -1.766853 -6.045158 7.021748 0.000000 0.000000 
-21.548912 137.005066 -1.367382 -8.986717 7.354137 0.000000 0.000000 
-23.571215 136.990143 -2.760292 -9.702782 4.793217 0.000000 0.000000 
-23.193605 137.109283 -1.486996 -7.140251 6.584469 0.000000 0.000000 
-22.545815 138.557495 -2.304742 -7.431152 5.416286 1.000000 1.000000 
-23.094799 139.026337 0.683222 -9.356758 5.935135 0.000000 0.000000 
-23.097033 139.347809 -2.624119 -2.728661 8.921223 0.000000 0.000000 
-22.971962 139.663208 -4.780364 -6.067039 7.286644 0.000000 0.000000 
-22.868656 139.705688 -4.343905 -3.323029 8.984516 0.000000 0.000000 
-22.288019 139.922974 -1.496415 -3.742867 11.863682 0.000000 0.000000 
-21.295418 140.132690 -1.446152 -0.568413 12.009995 0.000000 0.000000 
-22.564363 140.287842 4.396674 -7.458305 6.250435 0.000000 0.000000 
-22.563559 140.615875 -1.747544 -6.508209 6.825195 1.000000 1.000000 
-23.099075 140.619995 4.296321 -0.741043 10.915855 0.000000 0.000000 
-23.185976 140.627197 -10.958035 -1.816811 10.891308 0.000000 0.000000 
-22.355204 140.767639 -8.902750 -4.149399 9.715977 0.000000 0.000000 
-23.260984 141.024780 3.550671 -1.833405 9.043514 0.000000 0.000000 
-23.149981 145.282990 -10.882887 -4.759430 7.294323 0.000000 0.000000 
-23.629097 145.268616 3.865861 -2.889900 8.435543 0.000000 0.000000 
-23.172918 145.406097 4.868853 -0.512039 10.538910 0.000000 0.000000 
-23.355112 145.410553 3.311943 1.532288 12.896286 0.000000 0.000000 
-23.520403 146.151642 5.096398 -4.943436 6.614979 1.000000 1.000000 
-23.293362 146.642853 7.272906 -6.245949 7.412304 1.000000 1.000000 
-24.077726 146.631592 4.869348 -8.054123 4.872993 0.000000 0.000000 
-23.146503 146.860229 5.438289 0.943169 11.100960 0.000000 0.000000 
-22.653902 147.510895 -3.511313 -2.900444 6.675259 0.000000 0.000000 
-23.647326 147.362122 4.107740 -3.549286 5.874836 0.000000 0.000000 
-22.837399 147.685272 -2.418321 5.688362 16.448996 0.000000 0.000000 
-23.703680 147.550140 -2.498843 8.571014 18.675268 0.000000 0.000000 
-22.870457 148.106293 -2.705817 -0.919289 9.753468 0.000000 0.000000 
-24.883450 148.541199 -2.523602 -6.804588 4.916328 1.000000 1.000000 
-8.839749 153.119324 -5.874311 -7.124062 7.129215 0.000000 0.000000 
-24.488691 151.794434 2.968988 -5.403030 6.880928 0.000000 0.000000 
-22.859407 152.159637 4.041775 -7.851723 3.685448 1.000000 1.000000 
-23.210451 152.265167 5.596087 -5.586693 6.466053 0.000000 0.000000 
-25.441835 152.176910 4.407852 -6.815201 5.435959 1.000000 1.000000 
-22.641647 152.939362 3.989223 -1.415573 8.207706 0.000000 0.000000 
-22.063971 153.069458 -9.917521 -5.182587 5.373360 0.000000 0.000000 
-22.654551 152.982605 -11.471410 -4.722870 6.524765 0.000000 0.000000 
-24.675737 152.867767 6.276803 5.071861 14.339050 0.000000 0.000000 
-24.416777 152.939636 3.852387 5.166359 13.115280 0.000000 0.000000 
-24.840408 153.023682 5.176254 1.197578 10.766632 0.000000 0.000000 
-23.457642 153.704926 -3.522932 -3.740074 7.604641 0.000000 0.000000 
-34.211235 152.072571 9.648733 -8.408562 6.777729 0.000000 0.000000 
-31.300779 152.852386 7.717528 -2.460846 7.958725 0.000000 0.000000 
-32.621769 152.591156 8.366506 -4.196518 7.829529 0.000000 0.000000 
-24.016037 154.331757 4.380742 -2.633850 7.116055 1.000000 1.000000 
-24.760149 154.258484 -1.867880 -9.727348 3.183895 0.000000 0.000000 
-31.560549 153.100616 5.988866 -5.981583 8.110844 0.000000 0.000000 
-27.700806 154.293671 11.900792 -5.882652 5.948357 0.000000 0.000000 
-31.582552 153.856171 9.880378 -3.536835 7.635464 0.000000 0.000000 
-23.772049 155.352814 -1.390924 -8.090889 5.190624 0.000000 0.000000 
-25.492260 155.140869 -1.564057 -8.120193 4.814167 0.000000 0.000000 
-24.005909 155.391907 -3.013532 -7.074959 4.921127 0.000000 0.000000 
-30.208452 154.880096 8.685024 -5.367035 6.724606 0.000000 0.000000 
-28.881218 155.251038 8.273837 -0.772415 9.127117 0.000000 0.000000 
-31.060753 154.948395 9.134854 1.894791 11.629021 0.000000 0.000000 
-31.122437 155.080872 9.847383 1.219620 10.833752 0.000000 0.000000 
-31.325171 155.068848 8.836845 1.652443 10.953098 0.000000 0.000000 
-31.611706 155.110504 11.718102 -2.940620 7.302258 0.000000 0.000000 
-30.503700 155.550018 5.935977 -5.522133 5.752434 0.000000 0.000000 
-32.896667 155.288147 9.761203 -2.651093 8.826797 0.000000 0.000000 
-31.160492 155.665985 9.031544 -4.859993 7.186123 0.000000 0.000000 
-31.841377 155.619690 8.318596 -4.472359 6.320042 1.000000 1.000000 
-30.952488 155.886780 8.059857 -2.455109 7.723244 0.000000 0.000000 
-31.465969 155.823700 9.366958 -1.258972 8.410667 0.000000 0.000000 
-31.356386 156.171783 8.999401 -6.345467 6.863056 0.000000 0.000000 
-25.693577 157.384583 -4.492000 1.532867 10.338795 0.000000 0.000000 
-25.012690 157.784760 -1.251699 -3.464668 7.849388 0.000000 0.000000 
-33.256542 156.629303 8.883377 -2.084457 11.048683 0.000000 0.000000 
-25.008163 158.223480 -0.866167 0.005104 12.062054 0.000000 0.000000 
-26.136841 158.048401 -2.373121 -1.447845 9.519623 0.000000 0.000000 
-25.535835 158.223969 -1.297046 -6.222137 5.784000 0.000000 0.000000 
-26.999811 157.996399 -3.722928 -3.251907 8.257587 0.000000 0.000000 
-27.123411 158.596527 -3.372391 -5.460579 6.941528 0.000000 0.000000 
-24.769514 158.996887 -0.522045 1.733521 10.530811 0.000000 0.000000 
-24.443510 159.054108 2.922734 1.931503 10.255341 0.000000 0.000000 
-26.919973 158.778198 -0.153758 -1.992836 7.883369 0.000000 0.000000 
-26.206633 158.917480 -2.008464 3.263313 11.249779 0.000000 0.000000 
-24.839510 159.183167 -2.473770 0.239944 10.974461 0.000000 0.000000 
-24.997255 159.259705 -2.625908 2.283005 12.936916 1.000000 1.000000 
-26.192217 159.634094 -1.498789 5.363113 12.772957 0.000000 0.000000 
-25.678444 159.720428 -2.554765 11.697746 18.366659 0.000000 0.000000 
-24.827274 159.955933 -0.982638 -4.938751 8.612331 0.000000 0.000000 
-25.272161 159.920502 -2.328906 7.236359 16.148418 0.000000 0.000000 
-24.119520 160.851624 -0.277134 -4.824478 6.450150 0.000000 0.000000 
-24.289162 160.907562 -1.335546 -7.799797 4.511478 1.000000 1.000000 
-21.812798 161.364594 -1.111676 -5.500641 6.205154 0.000000 0.000000 
-25.425442 160.958374 -1.796938 -4.030388 5.497189 1.000000 1.000000 
-25.846239 161.082336 5.501669 -3.939873 8.806915 0.000000 0.000000 
-24.212231 161.458160 9.427048 -2.374084 9.140438 0.000000 0.000000 
-24.603657 161.435974 4.259900 5.072708 13.756172 0.000000 0.000000 
-23.582958 161.682983 -0.300043 -2.040802 7.124195 0.000000 0.000000 
-24.066643 161.922272 1.062649 -2.555725 6.982719 0.000000 0.000000 
-25.476439 162.069946 5.129299 -0.497604 8.912701 0.000000 0.000000 
-24.692863 162.203461 -8.658364 0.180153 9.303226 0.000000 0.000000 
-23.575605 162.420410 -6.873214 -6.068138 4.478012 0.000000 0.000000 
-24.313562 162.331451 2.826799 -7.416924 5.217716 0.000000 0.000000 
-24.323277 162.816559 -0.181583 -9.781593 3.548126 0.000000 0.000000 
-23.213448 163.469604 -1.990876 -9.623528 3.581089 0.000000 0.000000 
-23.394255 163.448212 -2.092477 -8.210518 4.388191 0.000000 0.000000 
-24.353485 164.985748 -2.717207 -11.119804 3.968781 0.000000 0.000000 
-24.782167 166.063599 -3.074796 -6.184151 5.180115 0.000000 0.000000 
-23.815411 166.221527 -3.533587 -7.795387 4.103470 0.000000 0.000000 
-25.492277 166.125793 -9.419758 -6.370842 4.549107 0.000000 0.000000 
-25.163971 166.195648 -6.855707 -1.115883 7.338863 0.000000 0.000000 
-24.474318 166.398315 5.621717 -7.532539 3.928620 1.000000 1.000000 
-25.131216 166.542297 -2.394922 -9.735283 3.473000 0.000000 0.000000 
-25.333767 166.686798 -2.588675 -2.779373 6.737450 0.000000 0.000000 
-25.298668 166.778381 -1.577860 1.758812 9.344177 0.000000 0.000000 
-25.366022 166.958344 -0.637859 -1.968811 6.998158 0.000000 0.000000 
-23.716200 167.654785 9.687165 -0.500847 12.340248 0.000000 0.000000 
-24.381678 167.693573 4.672781 2.783142 10.666668 0.000000 0.000000 
-24.462008 167.685089 6.215797 -0.877228 7.876621 0.000000 0.000000 
-22.312696 168.155548 0.289024 -9.784744 3.421749 0.000000 0.000000 
-27.545858 167.921387 -2.684896 -6.750290 3.534931 0.000000 0.000000 
-25.192841 168.578827 -3.305476 -1.747856 6.135254 0.000000 0.000000 
-25.622494 168.540436 -3.063864 -0.838402 7.055336 0.000000 0.000000 
-24.571701 168.712952 -2.749270 -3.860741 5.817455 0.000000 0.000000 
-26.052383 168.687561 -2.568828 -4.887405 3.808254 0.000000 0.000000 
-24.960646 168.926453 -1.813836 -7.509964 2.286869 1.000000 1.000000 
-24.560339 169.251892 -2.365247 -3.670784 5.190014 0.000000 0.000000 
-24.241358 169.315460 -2.009779 -1.142555 8.151634 0.000000 0.000000 
-25.743940 169.570831 -4.208577 -7.770363 3.802658 0.000000 0.000000 
-24.706913 170.165344 3.440536 -3.135590 6.984386 0.000000 0.000000 
-23.582952 170.620514 5.403022 -5.728302 5.721737 0.000000 0.000000 
-24.542070 170.516296 4.506462 -3.178612 7.632870 0.000000 0.000000 
-24.329718 170.648926 5.809630 -1.970383 7.425167 0.000000 0.000000 
-24.105671 170.730469 6.343172 1.230598 9.691372 0.000000 0.000000 
-28.099941 170.590485 -3.473705 -6.357674 5.019428 0.000000 0.000000 
-26.203529 170.938110 2.041232 -6.078354 3.909626 0.000000 0.000000 
-27.424202 170.741608 2.615816 -6.970345 3.855728 0.000000 0.000000 
-25.034330 171.430573 -2.662904 -0.505424 7.626812 0.000000 0.000000 
-23.773914 172.017548 -10.024824 1.006805 9.704418 0.000000 0.000000 
-24.402472 172.078674 5.063749 1.719582 9.344219 0.000000 0.000000 
-24.924379 172.037262 4.595829 1.538383 8.835026 0.000000 0.000000 
-25.045189 172.309509 -1.151268 -0.193054 7.393570 0.000000 0.000000 
-22.753878 172.669373 -3.787792 -7.143616 5.298969 0.000000 0.000000 
-24.479582 172.783325 -12.104332 -2.417473 9.548283 0.000000 0.000000 
-24.697924 172.931671 3.174855 -2.303894 7.447029 0.000000 0.000000 
-25.475567 172.856781 1.458310 2.949883 9.569923 0.000000 0.000000 
-23.041912 173.239441 1.889066 -6.715164 4.298008 0.000000 0.000000 
-24.962042 173.073547 0.736687 -0.289520 7.469193 0.000000 0.000000 
-22.680349 173.898560 -4.557943 -5.441422 4.994236 0.000000 0.000000 
-23.703926 173.813171 -2.365323 -7.269333 4.907700 0.000000 0.000000 
-24.439690 173.850861 2.097193 -2.927406 5.465992 0.000000 0.000000 
-25.301275 173.757263 -1.046913 -7.250572 4.709751 0.000000 0.000000 
-25.178429 174.009155 -4.125495 -8.433456 4.418148 0.000000 0.000000 
-24.865473 174.462738 3.710305 -0.128761 8.298264 0.000000 0.000000 
-24.213266 174.676392 -2.777521 -7.300941 3.226265 0.000000 0.000000 
-20.571079 175.196014 -7.389532 -9.728416 7.193840 0.000000 0.000000 
-24.634804 175.258118 -1.630890 -10.473091 2.971314 0.000000 0.000000 
-23.576536 175.572876 -1.855001 -9.738129 3.859833 0.000000 0.000000 
-26.159975 175.221863 -2.822600 -6.646400 1.983128 1.000000 1.000000 
-24.514957 175.579468 -2.456770 -7.849213 3.007988 0.000000 0.000000 
-25.747131 175.645996 -2.778126 -5.116798 4.507259 0.000000 0.000000 
-26.013622 176.039581 -3.386013 -4.353241 3.571251 0.000000 0.000000 
-24.328800 176.326355 -2.413893 -8.681473 2.419567 0.000000 0.000000 
-25.757099 177.070221 -4.447414 -10.278503 2.846379 1.000000 1.000000 
-26.356527 177.557892 -3.464168 0.881126 7.598789 0.000000 0.000000 
-25.474987 177.709503 -2.958387 -4.853348 5.316399 0.000000 0.000000 
-24.626402 177.968903 -2.217047 -3.996750 6.481331 0.000000 0.000000 
-24.844891 180.100067 0.564955 1.047195 7.208282 0.000000 0.000000 
-24.744123 180.598755 -2.189927 6.142624 13.324345 0.000000 0.000000 
-25.302641 180.528870 -2.526993 4.459702 11.295609 0.000000 0.000000 
-24.890768 180.644531 -2.852516 3.690109 10.597519 0.000000 0.000000 
-24.463280 180.869476 -2.666098 0.047760 8.614574 0.000000 0.000000 
-25.812712 181.035522 -1.341624 -9.471336 2.522858 1.000000 1.000000 
-24.555298 181.395325 -3.634898 -7.235603 4.158752 1.000000 1.000000 
-24.752310 181.472931 -1.900039 -1.783585 6.559124 0.000000 0.000000 
-25.720045 181.493988 -1.765314 -4.647919 5.627907 0.000000 0.000000 
-24.876045 181.749115 -3.517271 -6.012428 4.527710 0.000000 0.000000 
-24.573650 181.910950 -1.319955 -2.630493 6.649471 0.000000 0.000000 
-26.295593 182.148590 -4.869805 -6.033539 4.551273 0.000000 0.000000 
-24.746101 182.420929 -2.190605 0.196075 7.951672 0.000000 0.000000 
-24.999172 184.724243 -1.732257 -4.335907 3.099327 0.000000 0.000000 
-25.016487 184.720581 5.005624 -0.651917 5.203857 0.000000 0.000000 
-24.278065 185.306793 -2.489115 -5.691460 4.607712 0.000000 0.000000 
-26.121849 185.215820 6.310613 -3.722099 5.825016 0.000000 0.000000 
-25.400269 185.473419 -10.392609 -1.102066 5.268230 0.000000 0.000000 
-25.698147 186.336456 -0.644171 -0.727455 7.309654 0.000000 0.000000 
-25.272955 186.467651 -2.813557 -1.475410 4.809227 0.000000 0.000000 
-26.662434 186.486572 4.295201 0.056648 7.529064 0.000000 0.000000 
-26.235661 186.933136 4.075101 2.324059 8.387413 0.000000 0.000000 
-27.402451 187.097473 3.581623 -3.549789 4.301975 1.000000 1.000000 
-25.560677 187.785828 3.772124 -3.816437 5.043640 0.000000 0.000000 
-24.651560 188.000488 1.063366 -6.146873 3.426125 0.000000 0.000000 
-27.482082 188.183533 5.504986 -1.944008 4.583260 0.000000 0.000000 
-25.850153 189.297394 -2.289571 -8.488930 4.662209 0.000000 0.000000 
-1.455453 191.829926 -6.602021 1.681091 9.836063 0.000000 0.000000 
-0.945621 191.856262 -7.162139 1.753555 10.816383 0.000000 0.000000 
-3.154543 199.496979 -5.728947 -8.234978 4.346092 0.000000 0.000000 
-2.172962 199.553833 -5.301918 -4.232994 6.620094 0.000000 0.000000 
-33.154057 197.557343 1.574846 -3.832726 5.770512 0.000000 0.000000 
-33.659908 199.433563 10.856295 -5.185547 4.942806 0.000000 0.000000 
-35.754112 199.076904 10.346126 -4.042770 4.768204 0.000000 0.000000 
-31.021173 201.071167 9.909732 0.090576 7.062748 0.000000 0.000000 
-34.544575 202.790375 9.110738 -4.623528 3.816166 0.000000 0.000000 
-32.182827 204.936462 -1.765222 -6.751038 2.111298 1.000000 1.000000 
-32.408337 205.478607 -4.368378 -2.104248 4.481201 0.000000 0.000000 
-32.277161 205.653442 -3.058736 -4.295006 4.545090 0.000000 0.000000 
-29.551702 207.438416 -6.593270 -3.912376 4.506210 0.000000 0.000000 
-29.622358 218.927826 1.053761 -2.841972 2.451885 0.000000 0.000000 
-36.547562 247.831970 -2.773410 0.926697 4.218628 0.000000 0.000000 
-34.074997 248.260010 -1.144529 1.231316 2.865929 0.000000 0.000000 
