ply
format ascii 1.0
comment Created by CloudCompare v2.14.beta (Feb  3 2026)
comment Created 2026-05-07T11:20:19
obj_info Generated by CloudCompare!
element vertex 1514
property float x
property float y
property float z
property float rcs
property float snr
property float v
property float label
end_header
-19.389948 -24.791153 -10.309289 -0.300949 26.235210 0.000000 1.000000 
10.816865 -40.746284 -11.314368 2.937370 24.237497 0.000000 1.000000 
-46.871506 19.756371 -10.384226 -3.585464 16.143696 0.000000 1.000000 
-4.257015 -61.054810 -12.003638 -0.972046 18.493835 0.000000 1.000000 
22.876703 -4.548900 -9.409235 -17.007263 21.416981 1.000000 1.000000 
7.688738 -34.189808 -10.185597 1.326225 26.533201 0.000000 1.000000 
6.975181 -36.454201 -11.054231 0.356178 25.307920 0.000000 1.000000 
15.501615 -38.365372 -16.851923 0.101112 22.785032 0.000000 1.000000 
12.612249 -54.639442 -12.694461 1.230934 21.633553 0.000000 1.000000 
56.309383 11.643439 -15.394364 13.139626 26.906260 0.000000 1.000000 
16.653517 -59.871521 -23.161655 4.402710 21.116980 1.000000 1.000000 
64.205185 -8.337151 -16.078102 3.794395 21.794155 0.000000 1.000000 
57.492775 -32.058666 -13.275915 15.729263 28.333683 0.000000 1.000000 
6.256713 -85.318001 -17.295895 3.428703 16.386217 0.000000 1.000000 
92.073456 -11.407072 -14.180314 6.840294 18.041227 0.000000 1.000000 
112.685989 9.040821 -33.100597 7.070160 13.694263 0.000000 1.000000 
114.482956 -7.514011 -23.246485 13.582558 18.500492 0.000000 1.000000 
114.589241 -7.256526 -18.682180 13.477966 19.351151 0.000000 1.000000 
192.109665 65.259514 -23.460251 21.902206 14.982359 0.000000 1.000000 
17.243454 24.332678 -8.572742 -5.554214 22.100681 0.000000 1.000000 
7.147192 40.785995 -11.298908 -15.886086 18.951660 0.000000 1.000000 
6.730330 44.862476 -12.154549 -15.966438 16.166477 0.000000 1.000000 
12.420546 45.692238 -16.713257 -16.859795 15.941599 0.000000 1.000000 
9.568445 48.027874 -17.758450 -15.286012 18.454531 0.000000 1.000000 
8.690394 50.226730 -17.713041 -16.877541 13.546957 0.000000 1.000000 
-18.218967 54.439926 -21.599087 -9.617249 17.246321 0.000000 1.000000 
8.268431 59.054035 -16.782705 -18.674660 12.116898 0.000000 1.000000 
7.200054 61.719421 -17.642925 -10.938293 14.632017 0.000000 1.000000 
20.705933 59.774765 -22.509130 -17.464516 10.366760 0.000000 1.000000 
-30.521479 57.077919 -17.307215 -12.738823 11.326694 0.000000 1.000000 
-22.288305 62.777351 -26.341169 -8.834984 13.166777 1.000000 1.000000 
-30.875801 59.987415 -17.434454 -7.839279 14.180662 0.000000 1.000000 
10.391532 68.301689 -27.295425 -18.535484 8.843822 0.000000 1.000000 
8.980514 72.847786 -26.920656 -16.311493 12.339706 0.000000 1.000000 
-30.910334 68.391434 -16.854006 -0.724365 17.326128 0.000000 1.000000 
28.913548 71.253319 -15.812227 -9.246620 14.244312 0.000000 1.000000 
-16.493177 79.096169 -14.239272 -17.805931 11.002686 0.000000 1.000000 
-35.980049 72.288574 -13.083646 -9.336548 10.269104 0.000000 1.000000 
-32.936546 74.789749 -14.641748 -5.702469 14.253677 0.000000 1.000000 
-32.221447 76.986168 -24.533707 -2.092133 16.788376 0.000000 1.000000 
-37.292583 74.572861 -28.008005 -3.561287 17.457737 0.000000 1.000000 
-32.264740 81.265724 -14.505127 -7.267418 14.636765 0.000000 1.000000 
-32.142220 81.445694 -14.512651 -3.259445 16.886059 0.000000 1.000000 
-31.512745 81.776375 -26.337191 -7.856483 14.281759 0.000000 1.000000 
42.023533 77.896759 -34.145046 0.912277 16.033272 0.000000 1.000000 
-16.388617 89.366463 -36.406071 -6.086594 16.892685 0.000000 1.000000 
-31.853851 88.059151 -35.399479 -10.392632 10.284344 0.000000 1.000000 
-14.404118 96.953362 -10.313319 -6.883484 11.113888 0.000000 1.000000 
15.988394 99.317528 -14.933817 -17.008522 6.583942 0.000000 1.000000 
-31.756306 97.238411 -15.730527 -4.579842 11.707127 0.000000 1.000000 
5.891339 103.871849 -41.893044 -11.867851 8.947346 0.000000 1.000000 
-31.295076 99.660431 -16.405859 -7.373375 8.370903 0.000000 1.000000 
-30.975719 99.772224 -15.381536 -9.290483 6.830413 0.000000 1.000000 
-27.123236 109.303864 -42.804821 -11.862808 6.933559 0.000000 1.000000 
-34.149387 111.864731 -17.593971 -9.144135 6.640949 0.000000 1.000000 
45.514847 110.345833 -28.453259 -8.613617 6.528080 0.000000 1.000000 
-21.707920 118.384308 -13.165662 -8.855179 5.945423 0.000000 1.000000 
-22.112745 118.337502 -13.070705 -6.855812 7.924861 0.000000 1.000000 
-34.734634 120.604591 -38.925938 -3.946770 8.619450 0.000000 1.000000 
58.399269 111.809425 -51.321159 -7.364662 4.939781 0.000000 1.000000 
-36.794491 121.386978 -17.578283 -4.474503 8.944370 0.000000 1.000000 
-23.689009 129.543030 -49.035458 1.995697 14.290648 0.000000 1.000000 
-33.034027 156.788300 -21.318830 -6.366234 6.866893 0.000000 1.000000 
55.625114 -52.966877 21.914511 15.454895 25.498623 0.000000 1.000000 
113.956726 -9.689896 22.035278 12.349976 18.214294 0.000000 1.000000 
4.482789 -116.110878 23.041267 7.618080 16.666039 0.000000 1.000000 
49.828396 -127.832123 46.148022 13.104408 18.007448 0.000000 1.000000 
-22.541790 61.416893 26.401806 -7.149956 16.842438 0.000000 1.000000 
27.812622 71.878891 31.386709 -8.718727 13.918438 0.000000 1.000000 
42.637733 77.523529 26.678034 1.617874 14.738295 0.000000 1.000000 
15.711102 88.754448 35.807846 -9.071304 13.379707 0.000000 1.000000 
-31.460577 99.971542 37.674301 -7.625526 9.631054 0.000000 1.000000 
-31.846928 100.441948 38.343060 -3.194969 9.930958 0.000000 1.000000 
-34.447945 104.810188 17.386122 -12.317665 4.173984 0.000000 1.000000 
6.266672 113.860725 47.058323 -9.351669 9.747612 0.000000 1.000000 
-46.813026 111.230049 17.943089 -5.707054 8.423477 0.000000 1.000000 
-24.434309 148.228638 43.007435 -6.503677 4.468078 0.000000 1.000000 
-130.206451 113.725708 22.509413 8.561455 5.645065 0.000000 1.000000 
-32.391956 197.752808 16.663088 -3.516342 3.815574 0.000000 1.000000 
-16.998468 -1.822693 -3.333557 -14.391809 24.978952 1.000000 1.000000 
-1.993008 -22.662334 -4.301127 -11.265114 24.112703 0.000000 1.000000 
18.070765 -25.258202 -6.660360 -1.531029 26.701223 0.000000 1.000000 
11.627980 -29.321621 -6.062947 -5.230835 24.105698 0.000000 1.000000 
10.714472 -36.092995 -6.331650 -5.861313 22.294888 0.000000 1.000000 
38.550632 -11.631826 16.800318 -7.323250 20.534470 0.000000 1.000000 
16.223555 -37.581379 -7.242091 -3.031548 21.113564 0.000000 1.000000 
44.399693 9.691797 14.960527 3.782471 24.821146 0.000000 1.000000 
56.924488 6.328540 14.757418 19.431335 35.422127 0.000000 1.000000 
113.559128 -8.320513 15.589409 13.259277 18.468407 0.000000 1.000000 
113.576096 -8.476061 15.757138 15.343002 19.907698 0.000000 1.000000 
113.619278 -8.210661 16.491404 11.019279 16.674049 0.000000 1.000000 
113.815331 -8.498856 16.739849 11.367775 19.319162 0.000000 1.000000 
-0.118772 29.328901 -6.916224 -14.175941 25.050669 0.000000 1.000000 
-13.766086 27.917265 -4.105912 -6.855583 25.361355 0.000000 1.000000 
1.624699 32.298164 -7.983113 -22.251511 19.776808 0.000000 1.000000 
21.201118 61.883621 -4.724410 -11.100595 15.374193 0.000000 1.000000 
26.879831 59.615883 -5.928284 -11.723221 9.583244 1.000000 1.000000 
26.485392 59.806324 -5.089991 -9.691505 11.565765 1.000000 1.000000 
16.152399 63.934296 -5.751723 -16.911575 10.974773 0.000000 1.000000 
26.812155 60.229378 -5.104932 1.005081 20.346615 0.000000 1.000000 
26.765051 60.451874 -6.150416 -6.239090 13.640770 0.000000 1.000000 
26.945934 60.403633 -4.626667 -1.388794 19.550522 0.000000 1.000000 
-10.126376 73.195930 -4.185500 -7.902290 15.495014 0.000000 1.000000 
-10.361180 73.221413 -9.503466 -6.354668 17.843294 0.000000 1.000000 
-30.329203 68.421494 -7.604714 -1.491516 17.906515 0.000000 1.000000 
-31.569420 68.343781 -8.193789 -1.684685 18.662657 0.000000 1.000000 
-9.663436 75.377113 -9.434525 -4.313919 19.291773 0.000000 1.000000 
-9.982306 75.772064 -8.650796 -5.015465 17.938675 0.000000 1.000000 
-9.644832 75.987762 -8.699718 -16.924782 11.309948 0.000000 1.000000 
-38.894203 77.159508 -13.412685 -2.576744 16.451675 0.000000 1.000000 
-39.457939 77.111801 -13.084852 1.542000 19.118019 0.000000 1.000000 
-29.295395 81.938354 -9.359939 -3.620880 15.095577 0.000000 1.000000 
-43.368759 76.903984 -11.576825 3.543251 16.320511 0.000000 1.000000 
22.017044 87.319466 -5.274405 -12.414308 10.258610 0.000000 1.000000 
-31.938835 85.444214 -7.561272 -9.897224 11.323269 1.000000 1.000000 
-43.410900 83.067215 -10.037288 -7.808548 10.265575 0.000000 1.000000 
-24.525347 160.668213 -14.655973 -3.069481 8.351257 0.000000 1.000000 
-26.412956 185.161743 -15.701215 -7.458694 5.081626 0.000000 1.000000 
-26.866047 185.976288 -13.562789 -0.920670 6.540946 0.000000 1.000000 
-25.846325 186.214172 -13.629579 -2.374298 4.886207 0.000000 1.000000 
-27.457411 187.597504 -13.537020 -0.734070 6.430675 0.000000 1.000000 
-27.859064 188.240753 -13.197950 0.830803 9.559013 0.000000 1.000000 
-27.912338 189.002899 -15.673546 -4.681961 6.880687 0.000000 1.000000 
-28.010616 189.007324 -15.852440 -2.942047 6.159626 0.000000 1.000000 
-1.531116 191.825775 -6.842973 -0.009819 9.877441 0.000000 1.000000 
-0.619018 191.862183 -6.486469 2.171150 10.831219 0.000000 1.000000 
-3.145887 199.498291 -8.335279 -4.977089 4.397594 0.000000 1.000000 
-2.875714 199.527924 -5.985557 -2.405220 6.609966 0.000000 1.000000 
-30.479733 198.912567 -9.263423 -1.524277 5.239372 0.000000 1.000000 
-33.363785 205.311920 -4.554989 -1.669472 4.125415 0.000000 1.000000 
-33.684727 205.383636 -3.189717 -3.694443 2.847000 0.000000 1.000000 
-29.166029 217.658600 -13.173608 -1.459251 4.194469 0.000000 1.000000 
-36.757584 247.767609 -3.895071 3.831772 5.585407 0.000000 1.000000 
-36.263489 249.118286 -6.247592 -0.178535 3.681724 1.000000 1.000000 
-0.416207 -6.057838 -0.231056 -6.451736 44.754871 0.000000 0.000000 
-0.297971 -6.122732 -0.132126 -9.523331 43.399658 0.000000 0.000000 
-12.493689 -2.655690 0.472793 -5.002136 36.641373 1.000000 0.000000 
-12.608924 -2.303510 0.696017 -0.620338 39.854073 1.000000 0.000000 
-12.685409 -2.860261 1.088522 -7.363113 33.518490 1.000000 0.000000 
-12.597404 -3.440471 0.212719 1.206802 40.211624 1.000000 0.000000 
-12.791101 -2.619324 0.380511 -8.563478 29.983168 1.000000 0.000000 
-12.778998 -3.055829 1.427907 -6.626900 31.820061 1.000000 0.000000 
-12.618826 -3.937494 0.865792 -9.239967 32.879833 1.000000 0.000000 
-12.633196 -4.065989 0.934926 -3.302879 34.903755 1.000000 0.000000 
-12.761703 -3.741128 0.859312 -0.780327 39.148491 1.000000 0.000000 
-12.667397 -4.138634 0.882258 -3.500992 33.889793 1.000000 0.000000 
-12.993629 -3.792114 0.023706 -8.865311 28.447226 1.000000 0.000000 
-12.893246 -4.192616 -0.508260 -1.755836 35.194466 1.000000 0.000000 
-12.681262 -4.897887 0.896624 4.814804 41.216316 1.000000 0.000000 
-13.270437 -2.261204 0.988860 -4.227203 33.754021 1.000000 0.000000 
-12.883074 -4.453195 -0.297872 -4.103249 32.439384 1.000000 0.000000 
-12.630760 -5.222586 0.924454 3.025879 38.975948 1.000000 0.000000 
-12.680644 -5.142214 0.723010 -6.384689 28.479183 1.000000 0.000000 
-13.491876 -2.277985 0.709615 2.332893 39.819302 1.000000 0.000000 
-12.745791 -5.493870 0.376081 0.391319 34.522572 1.000000 0.000000 
-13.550405 -2.557086 0.623448 3.613403 41.753021 1.000000 0.000000 
-12.912613 -5.622298 -0.256245 0.569809 36.120167 1.000000 0.000000 
-12.564879 -6.559684 -0.497113 -11.748695 22.528095 1.000000 0.000000 
-13.830642 -2.213518 0.917644 -12.254814 24.300959 1.000000 0.000000 
-12.677356 -6.721512 1.048574 1.235390 35.359337 1.000000 0.000000 
-12.543384 -7.042619 0.359955 0.719421 34.261536 1.000000 0.000000 
-12.646753 -7.149377 1.105356 0.111267 33.771397 1.000000 0.000000 
-14.120724 -2.515786 0.578747 3.813072 40.229168 1.000000 0.000000 
-12.687140 -7.246491 1.455554 -3.160561 32.286705 1.000000 0.000000 
-14.204215 -2.223525 0.488591 2.992416 40.474949 1.000000 0.000000 
-12.530016 -7.629632 1.020981 -0.201500 34.422050 1.000000 0.000000 
-12.627310 -7.836065 1.042774 1.604019 36.285671 1.000000 0.000000 
-14.430379 -2.307611 1.037082 -12.806488 24.651592 1.000000 0.000000 
-12.616247 -8.077243 0.882787 -7.065819 27.361111 1.000000 0.000000 
-14.325011 -3.856076 -0.376867 -3.480545 32.467464 1.000000 0.000000 
-12.571837 -8.223604 1.035033 -7.074890 27.381773 1.000000 0.000000 
-14.502379 -3.352692 -0.782789 -13.613914 23.905350 1.000000 0.000000 
-14.481397 -3.524018 -0.126056 -12.174995 24.700716 1.000000 0.000000 
-12.571233 -8.381901 0.962981 -4.300606 30.571262 1.000000 0.000000 
-14.686101 -2.281052 0.821327 -8.417046 28.633751 1.000000 0.000000 
-12.811857 -8.350399 0.836107 -10.828523 23.387691 1.000000 0.000000 
-14.901182 -2.303842 0.547995 -2.016655 35.622093 1.000000 0.000000 
-12.528270 -8.920074 0.963934 -4.178993 30.910244 1.000000 0.000000 
-12.720366 -8.660313 0.960528 1.315575 36.943287 1.000000 0.000000 
-14.918563 -2.672516 0.856936 1.931969 37.945839 1.000000 0.000000 
-12.541497 -9.115211 0.688524 -3.560310 30.450596 1.000000 0.000000 
-12.522809 -9.660830 1.140285 -3.285103 32.553471 1.000000 0.000000 
-15.333986 -2.640098 1.006913 -2.215561 32.915592 1.000000 0.000000 
-12.517185 -9.708731 1.275064 -2.005898 32.322269 1.000000 0.000000 
-15.227904 -3.388728 0.394325 -7.402641 28.586437 1.000000 0.000000 
-15.368917 -2.362267 1.172229 -5.214615 32.025951 1.000000 0.000000 
-13.047587 -8.954432 -0.495460 -3.628807 31.883064 1.000000 0.000000 
-13.058893 -9.159240 0.011636 -3.343979 30.452923 1.000000 0.000000 
-12.760454 -9.761700 0.561288 -6.354050 25.141832 1.000000 0.000000 
-12.520726 -10.106196 0.921345 3.853249 37.688980 1.000000 0.000000 
-12.466998 -10.422967 0.943889 5.800003 38.344093 1.000000 0.000000 
-13.165185 -9.838048 0.721514 -8.555252 27.094566 1.000000 0.000000 
-16.012159 -2.603323 0.523235 -13.989883 22.199488 1.000000 0.000000 
-12.490498 -11.037090 1.022490 -1.341057 30.917547 1.000000 0.000000 
-12.820488 -10.782481 0.268068 -15.331880 22.739723 1.000000 0.000000 
-12.660708 -11.379475 0.675969 -13.043388 24.011852 1.000000 0.000000 
-13.083302 -11.443783 0.158364 -10.157547 22.720184 1.000000 0.000000 
-14.939419 -8.934559 -0.473160 -9.106407 23.909267 1.000000 0.000000 
-12.441308 -12.299275 1.088434 -3.682632 30.165173 1.000000 0.000000 
-12.607673 -12.210677 0.742509 -5.042793 29.132797 1.000000 0.000000 
-12.677121 -12.634136 0.945102 -0.965599 32.369530 1.000000 0.000000 
-18.251051 -2.051907 -0.507897 3.076286 40.887428 0.000000 0.000000 
-18.231775 -2.637280 -0.073264 3.055458 38.848030 0.000000 0.000000 
-18.405083 -2.597330 -0.212282 3.327072 36.931755 0.000000 0.000000 
-18.279575 -3.589630 6.405518 -3.661636 29.051268 1.000000 0.000000 
-18.193161 -4.118710 3.668891 -2.543365 28.342083 1.000000 0.000000 
-14.933219 -11.832078 2.350173 -4.677078 25.710854 1.000000 0.000000 
-18.686399 -1.989983 -0.526328 7.192535 41.676693 0.000000 0.000000 
-18.684891 -2.050257 -0.446656 7.748390 41.918865 0.000000 0.000000 
-14.900348 -12.012811 2.085691 -5.917679 24.351007 1.000000 0.000000 
-12.964703 -14.413528 1.442687 -6.881454 26.247187 1.000000 0.000000 
-12.752626 -14.850084 0.686638 -8.135223 22.604992 1.000000 0.000000 
-13.475593 -14.272005 1.063020 -5.227188 27.169277 1.000000 0.000000 
-13.479202 -14.688865 1.255525 -3.339607 27.525196 1.000000 0.000000 
-14.101484 -14.320947 0.869954 -7.789780 24.762939 1.000000 0.000000 
-12.603065 -15.941790 1.213871 0.090660 31.249115 1.000000 0.000000 
-14.416359 -14.312125 1.445190 -4.943481 26.958544 1.000000 0.000000 
-13.972256 -14.809610 1.531365 -6.331902 24.262465 1.000000 0.000000 
-12.512387 -16.147346 0.910341 -10.437424 19.428543 1.000000 0.000000 
-12.320899 -16.301472 1.370729 -4.058868 26.710873 1.000000 0.000000 
-14.637905 -14.726621 1.615241 -11.335420 21.398333 1.000000 0.000000 
-20.360109 -0.884618 -0.991272 4.612343 39.323414 0.000000 0.000000 
-20.360670 -0.858756 -1.067243 3.820023 37.906399 0.000000 0.000000 
-15.052711 -16.955894 2.014437 -9.702087 20.423014 1.000000 0.000000 
-14.972390 -17.237404 2.155221 -6.077324 24.259912 1.000000 0.000000 
0.193353 -6.212096 -0.293413 -2.325294 47.549385 0.000000 0.000000 
0.041255 -6.203012 -0.185926 -6.767338 44.693329 0.000000 0.000000 
0.301576 -6.292989 -0.288379 -5.305775 45.395885 0.000000 0.000000 
-0.034027 10.106576 0.112230 -20.583866 31.981213 1.000000 0.000000 
-0.850021 11.144049 -0.026445 -12.682260 32.458759 0.000000 0.000000 
0.048277 12.109695 -0.029121 -12.119514 36.275429 0.000000 0.000000 
-0.506980 12.377493 0.025602 -11.572227 36.813194 1.000000 0.000000 
-3.703939 18.519918 0.396985 8.994179 43.690094 0.000000 0.000000 
-3.842135 18.727232 0.272094 8.978806 41.944595 0.000000 0.000000 
-3.699047 18.923496 -0.162772 2.935158 37.798779 0.000000 0.000000 
0.086784 21.515957 -1.357507 -7.047752 32.034973 0.000000 0.000000 
-4.873131 20.939856 -0.627358 3.751511 39.272583 0.000000 0.000000 
-4.898209 20.940372 -0.754348 2.184242 36.643337 0.000000 0.000000 
0.213248 22.207027 -0.840329 2.385582 33.294865 1.000000 0.000000 
-5.059284 21.625597 -0.709074 1.004196 36.067837 1.000000 0.000000 
0.088664 22.545090 -0.883564 -3.653412 26.552895 0.000000 0.000000 
0.012145 22.542511 -0.841525 -13.295959 16.278584 1.000000 0.000000 
0.286145 22.864981 -0.828692 19.601746 48.389927 0.000000 0.000000 
0.259679 22.984083 -0.846838 18.179016 47.995102 0.000000 0.000000 
0.048142 23.248878 -0.693540 -6.611526 25.819786 0.000000 0.000000 
0.080288 23.629711 -0.830617 -9.796883 23.485085 1.000000 0.000000 
-18.896616 -12.341017 -0.686489 -1.566612 30.962463 0.000000 0.000000 
-23.348505 -2.371198 1.841933 -8.866281 25.385969 0.000000 0.000000 
-23.791206 4.198981 -6.208576 -8.848068 22.391315 0.000000 0.000000 
-21.164707 -13.665635 2.175188 -11.952705 20.372765 0.000000 0.000000 
-22.719015 -15.574171 1.553910 -9.817978 19.806190 0.000000 0.000000 
-29.961105 -1.383430 1.305671 -5.016098 26.486629 0.000000 0.000000 
-31.428392 -12.369570 1.906202 -4.073715 23.999508 0.000000 0.000000 
-35.126957 0.130301 2.874793 -0.319412 26.787283 0.000000 0.000000 
-35.249001 -0.062958 2.728866 -3.367317 23.066463 0.000000 0.000000 
-35.653984 0.217409 3.661317 -5.028282 22.385466 0.000000 0.000000 
-19.827135 -30.709171 1.598416 -2.226021 22.910555 0.000000 0.000000 
-36.933586 -3.067236 1.505157 -1.030228 27.927610 0.000000 0.000000 
-38.741226 -2.955077 3.427530 -3.943115 23.475115 0.000000 0.000000 
-40.390488 1.239434 2.372859 2.683891 25.761936 0.000000 0.000000 
-40.449783 1.095685 2.044633 2.332863 26.283197 0.000000 0.000000 
-40.691196 1.308008 2.455751 5.401161 29.050188 0.000000 0.000000 
-40.783600 1.524740 2.295837 6.438622 31.044064 0.000000 0.000000 
-42.612278 3.700564 2.314450 2.779579 24.746067 0.000000 0.000000 
-42.616882 4.064561 1.977754 1.136299 25.046627 0.000000 0.000000 
-45.600956 -3.032731 2.740610 0.507591 23.919346 0.000000 0.000000 
-45.706234 -3.009822 2.796950 -2.178490 21.597349 0.000000 0.000000 
-47.655304 -4.586229 1.670555 -4.033768 18.090942 0.000000 0.000000 
-50.463928 18.101334 4.699389 1.324196 19.542204 0.000000 0.000000 
-23.003155 -46.430851 4.827827 6.923401 21.728304 0.000000 0.000000 
-21.015472 -47.747120 2.512479 4.387466 21.368055 0.000000 0.000000 
-21.638891 -47.592873 5.902089 -0.123566 18.886742 0.000000 0.000000 
-29.387186 12.826962 -4.244567 13.833443 22.047808 0.000000 0.000000 
-31.955994 20.138727 10.304552 6.427528 18.809612 0.000000 0.000000 
-16.507944 2.368477 5.395247 -8.601562 27.083139 1.000000 1.000000 
-16.940619 1.027159 5.598586 -9.997894 26.306664 1.000000 1.000000 
-6.014578 -1.066051 -0.563970 -0.103035 49.172371 0.000000 0.000000 
-6.017242 -1.024621 -0.595036 4.973427 53.886139 0.000000 0.000000 
-6.069441 -1.029287 -0.614626 7.119446 56.647831 0.000000 0.000000 
-6.779867 -2.097900 -0.032052 -14.606771 38.473885 0.000000 0.000000 
-6.826666 0.019117 0.082991 1.427803 48.722984 0.000000 0.000000 
-6.936958 0.029222 0.121078 6.161980 54.438698 0.000000 0.000000 
-6.538740 -6.650604 0.033482 -13.473755 36.291573 0.000000 0.000000 
-6.295638 -10.502819 0.667733 -9.987106 30.977203 0.000000 0.000000 
-6.164666 -10.838634 -2.718827 -13.393250 30.167074 0.000000 0.000000 
-6.506896 -10.798442 0.219044 -13.666443 28.794598 0.000000 0.000000 
-7.043222 -10.752150 -0.056950 -12.141563 32.415695 0.000000 0.000000 
-6.725291 -11.141469 0.223176 -12.214311 31.410305 0.000000 0.000000 
-6.619197 -11.736678 0.216153 -13.456177 25.152380 0.000000 0.000000 
-6.725969 -11.821187 0.130502 -14.748940 25.742548 0.000000 0.000000 
-6.755260 -11.981720 0.347190 -11.979730 24.801357 0.000000 0.000000 
-6.552282 -12.105381 0.543142 -15.055116 24.912346 0.000000 0.000000 
-6.379128 -12.275078 0.333090 -13.141449 24.405472 0.000000 0.000000 
-6.476720 -12.418166 0.130210 -7.523514 28.155781 0.000000 0.000000 
-6.273668 -12.756280 -0.548167 -10.314301 27.765568 0.000000 0.000000 
-6.331049 -12.745457 -0.238869 -5.514511 33.049690 0.000000 0.000000 
-6.405434 -12.975441 0.749571 -10.207146 27.843128 0.000000 0.000000 
-6.338513 -13.143488 0.660710 -11.459778 25.359489 0.000000 0.000000 
-6.168043 -13.723501 -0.627089 -15.192848 23.219221 0.000000 0.000000 
-6.565880 -13.928535 -0.417092 -12.165207 23.869810 0.000000 0.000000 
-6.504145 -14.975604 -0.470431 -10.769928 22.302332 0.000000 0.000000 
-6.394432 -15.022910 0.156531 -7.674263 24.380096 0.000000 0.000000 
-6.404929 -15.399055 -0.191453 -15.365837 22.707447 0.000000 0.000000 
-6.361670 -15.533504 0.421562 -10.989403 24.051600 0.000000 0.000000 
-6.984259 -15.570965 2.174638 -10.936256 23.896973 0.000000 0.000000 
-6.824439 -15.689487 1.565292 -6.066490 27.157671 0.000000 0.000000 
-6.953167 -15.804423 0.580001 -8.787416 24.326317 0.000000 0.000000 
-6.088387 -16.889074 -0.936561 -10.508743 25.495756 0.000000 0.000000 
-6.747020 -17.050991 -0.307893 -8.463959 22.616795 0.000000 0.000000 
-6.693886 -17.153374 -0.339889 -9.290863 24.834099 0.000000 0.000000 
-5.972726 -18.578262 -0.017285 -10.380075 23.146379 0.000000 0.000000 
-6.648333 -18.793213 3.957126 -10.709045 24.854618 0.000000 0.000000 
-6.441379 -21.119080 1.156671 -8.414192 24.908602 0.000000 0.000000 
-6.268662 -21.240273 0.592396 -5.782768 27.175863 0.000000 0.000000 
-6.127222 -24.484684 -0.256416 -8.674477 24.422592 0.000000 0.000000 
-6.847716 -24.722298 0.958016 -7.160912 26.996927 0.000000 0.000000 
-6.671441 -24.768326 1.829407 -8.394356 24.646229 0.000000 0.000000 
-5.698190 -25.832809 0.417229 -10.120522 23.064404 0.000000 0.000000 
-6.452983 -26.264324 -1.787715 -8.949638 23.343107 0.000000 0.000000 
-6.216522 -27.268070 -0.211630 -7.351044 23.083094 0.000000 0.000000 
-5.962669 -27.790432 1.341790 -10.570518 21.201736 0.000000 0.000000 
-5.779031 -55.200211 2.584862 4.384506 22.743454 0.000000 0.000000 
-6.207263 -55.219986 0.712761 3.522041 21.427780 0.000000 0.000000 
-6.441193 -55.401871 0.441746 -2.169655 17.708496 0.000000 0.000000 
-6.766482 -12.847224 0.486977 -1.733185 32.343239 0.000000 0.000000 
-6.408393 -13.720744 -0.548666 -8.149620 25.517117 0.000000 0.000000 
-6.557751 -13.844048 -0.090878 -8.192047 27.487299 0.000000 0.000000 
-6.469634 -14.855588 -0.999385 -3.664917 30.878876 0.000000 0.000000 
-6.205761 -15.007068 -0.592131 -4.533562 31.800198 0.000000 0.000000 
-6.886617 -14.937421 3.894207 -5.823181 29.200283 0.000000 0.000000 
-6.084792 -15.627995 -2.577323 -9.525291 27.899925 0.000000 0.000000 
-5.652925 -17.033558 -0.668847 -9.537796 27.752981 0.000000 0.000000 
-6.218430 -17.079700 0.218875 -4.267067 28.929127 0.000000 0.000000 
-6.075086 -17.192955 0.393013 -6.129478 26.060822 0.000000 0.000000 
-6.322311 -17.526360 -0.322959 -1.457191 29.425972 0.000000 0.000000 
-6.696424 -18.576622 0.119416 -1.168167 28.592279 0.000000 0.000000 
-7.728259 -18.169205 6.121636 -1.695663 29.070580 0.000000 0.000000 
-6.660309 -19.931633 0.006501 -3.207153 29.358093 0.000000 0.000000 
-7.390007 -19.741692 0.620291 -4.584206 25.556353 0.000000 0.000000 
-7.195505 -24.465961 1.320092 2.239494 32.017487 0.000000 0.000000 
-7.396373 -24.553585 1.049307 3.062233 30.929829 0.000000 0.000000 
17.028669 -4.992620 -0.189713 -2.645279 30.629854 1.000000 1.000000 
17.000650 -5.165759 -0.339854 -13.840828 24.700888 1.000000 1.000000 
17.024405 -5.086774 0.739805 -6.467781 29.349846 1.000000 1.000000 
17.129797 -5.240338 0.377365 -11.819511 28.005354 1.000000 1.000000 
17.135292 -5.535322 -0.809137 -3.284355 31.220491 1.000000 1.000000 
17.405558 -5.050384 1.140135 -12.463365 22.596390 1.000000 1.000000 
17.398527 -5.169598 -0.722698 -7.096542 27.488272 1.000000 1.000000 
17.847029 -4.814223 0.577843 -13.659256 20.848553 1.000000 1.000000 
22.387812 -6.992201 -1.735952 -9.224495 22.891657 1.000000 1.000000 
2.272161 -8.663147 0.124000 -21.550804 21.421417 1.000000 1.000000 
2.191258 13.435837 -0.094586 -35.264885 12.546135 1.000000 1.000000 
9.158735 -26.739391 3.641830 -9.924713 20.377140 0.000000 0.000000 
14.093918 -26.601315 -1.988023 -6.160027 18.393669 0.000000 0.000000 
13.914642 -27.044498 -0.133941 3.222206 27.977602 0.000000 0.000000 
14.270063 -26.909279 0.421664 -0.635162 25.299183 0.000000 0.000000 
13.043468 -28.506691 0.107180 0.563774 26.327888 0.000000 0.000000 
14.167640 -28.032711 0.125615 -0.757736 25.266659 0.000000 0.000000 
12.683874 -29.055820 -0.865955 0.978729 27.942913 0.000000 0.000000 
12.396007 -29.191856 -0.621005 1.646454 27.535517 0.000000 0.000000 
12.283610 -32.349487 -0.464103 -2.951294 22.613848 0.000000 0.000000 
9.694763 -36.707844 -1.621733 -3.972656 21.184017 0.000000 0.000000 
11.829935 -40.377190 2.792340 2.934868 23.472618 0.000000 0.000000 
13.554779 -40.322647 -3.025611 0.850822 20.695374 0.000000 0.000000 
9.832656 -27.649857 8.296146 -2.577499 26.280739 0.000000 0.000000 
17.477839 -26.620964 3.134139 0.784668 28.735596 0.000000 0.000000 
23.511379 -21.649117 0.845985 4.882736 30.749676 0.000000 0.000000 
23.636930 -21.631786 0.618776 6.879021 32.991974 0.000000 0.000000 
7.030339 -34.071423 -0.193993 -2.735420 24.246048 0.000000 0.000000 
7.501462 -34.183880 0.176935 2.000259 28.530506 0.000000 0.000000 
7.530107 -34.897156 1.532551 -3.957397 25.657421 0.000000 0.000000 
7.239302 -35.138515 -0.341990 1.121864 28.829487 0.000000 0.000000 
7.571353 -35.132427 0.742590 3.715744 29.484348 0.000000 0.000000 
6.732783 -36.477528 -0.343503 -0.318825 24.491703 0.000000 0.000000 
6.749856 -36.477760 -0.698577 -2.280540 22.950600 0.000000 0.000000 
6.635024 -38.125973 3.348332 4.196663 26.894484 0.000000 0.000000 
8.690798 -40.165020 0.105647 -1.308258 23.129160 0.000000 0.000000 
9.800803 -40.459785 3.662630 6.358856 27.883387 0.000000 0.000000 
9.095450 -47.715839 14.315042 2.983078 24.194853 0.000000 0.000000 
12.675236 -7.305254 1.595784 -7.723183 32.877155 0.000000 0.000000 
17.928764 -9.583415 5.579974 -3.482376 27.097309 0.000000 0.000000 
21.265636 -5.468788 2.699279 -1.927101 34.712456 0.000000 0.000000 
26.503828 -0.949476 2.202133 -6.339157 27.074169 0.000000 0.000000 
27.281427 -1.732233 -0.219555 -7.135895 24.956629 0.000000 0.000000 
27.592306 0.007926 0.527006 3.964531 35.773491 0.000000 0.000000 
24.545382 -42.912170 1.600446 3.880714 19.051792 0.000000 0.000000 
17.023640 8.523932 0.213552 9.973068 37.743610 0.000000 0.000000 
17.017427 8.745027 0.428508 9.476340 37.967258 0.000000 0.000000 
20.729120 0.867010 -0.100949 -1.021065 31.930353 0.000000 0.000000 
18.566677 8.372897 -0.716658 1.067482 35.008446 0.000000 0.000000 
18.312977 9.852316 0.039599 10.225510 42.093185 0.000000 0.000000 
18.436308 9.967308 -0.146502 8.386528 40.387589 0.000000 0.000000 
21.577883 -1.638832 -0.747639 -0.430649 33.223061 0.000000 0.000000 
22.004198 9.375539 0.544224 6.508644 38.773033 0.000000 0.000000 
21.638670 10.323359 0.759279 8.394051 36.765198 0.000000 0.000000 
26.345167 8.895040 -0.050153 13.622139 38.086891 0.000000 0.000000 
26.521082 8.725717 -0.019971 12.506096 37.003738 0.000000 0.000000 
28.598282 8.613329 -0.573793 14.269150 37.383686 0.000000 0.000000 
28.533146 8.854717 -0.551827 16.781311 39.157532 0.000000 0.000000 
30.466356 8.244626 -0.061373 9.820656 32.533928 0.000000 0.000000 
30.519693 8.070891 -0.291550 9.885483 33.158039 0.000000 0.000000 
32.577274 1.419593 1.388747 13.390045 38.914494 0.000000 0.000000 
32.693321 1.290920 1.176889 13.773643 41.129131 0.000000 0.000000 
32.586292 -7.418332 -1.368328 -0.638275 26.464886 0.000000 0.000000 
32.358383 9.073170 -0.595260 16.963470 36.775463 0.000000 0.000000 
32.322590 9.196016 -0.819765 17.313026 38.824604 0.000000 0.000000 
32.377541 9.195703 -0.672274 20.352783 42.083931 0.000000 0.000000 
34.448647 -6.337145 8.883760 -0.744843 25.768864 0.000000 0.000000 
34.475151 8.759414 -1.335067 15.308044 36.545685 0.000000 0.000000 
34.594719 8.725052 -1.329545 15.238274 35.504925 0.000000 0.000000 
38.811993 -0.348744 0.259934 8.578423 33.537994 0.000000 0.000000 
38.867756 -0.454151 -0.066740 9.011092 34.706562 0.000000 0.000000 
41.652157 -1.602706 2.146079 -3.942047 26.328203 0.000000 0.000000 
37.521915 17.422695 0.204858 -3.025574 21.876869 0.000000 0.000000 
29.175373 22.385195 5.214902 3.316139 19.430943 0.000000 0.000000 
28.256920 28.021017 13.881238 0.523293 18.222853 0.000000 0.000000 
34.616531 32.348492 0.585057 6.551064 19.646580 0.000000 0.000000 
15.432181 30.875013 0.846615 -2.328232 27.941166 0.000000 0.000000 
2.611739 -7.018719 0.176115 -7.313728 40.862640 0.000000 0.000000 
2.662996 -7.601182 -0.175359 -2.304611 42.084141 0.000000 0.000000 
2.736155 -7.596678 -0.204768 -0.447418 42.604179 0.000000 0.000000 
2.325814 -8.064379 0.146329 -8.428894 37.403877 0.000000 0.000000 
2.359664 -8.094423 -0.025396 -3.417046 41.758617 0.000000 0.000000 
2.797541 -8.072214 0.228483 -4.580353 41.376816 0.000000 0.000000 
2.450190 -8.927929 -0.037509 -2.254814 39.980690 0.000000 0.000000 
2.493516 -8.959061 -0.040177 -1.749138 40.965515 0.000000 0.000000 
2.413485 -9.477489 0.156122 0.804604 40.958981 0.000000 0.000000 
2.406184 -9.514009 0.150458 3.441643 45.008293 0.000000 0.000000 
2.218210 -10.140902 -0.272259 -7.827385 35.180008 0.000000 0.000000 
2.417694 -10.247801 -0.129068 -4.672897 37.808853 0.000000 0.000000 
2.230086 -10.549504 -0.112523 -6.083328 34.344269 0.000000 0.000000 
2.267096 -10.541408 -0.146056 -2.241760 39.613327 0.000000 0.000000 
2.113045 -10.820157 -0.403209 -3.662521 36.472725 0.000000 0.000000 
2.137691 -10.875349 -0.313100 -3.377464 37.093155 0.000000 0.000000 
2.163012 -10.988245 -0.370006 -7.468338 33.411797 0.000000 0.000000 
2.274090 -11.028834 -0.203694 -6.632439 34.832451 0.000000 0.000000 
2.319098 -11.128428 -0.198915 -6.657288 34.283974 0.000000 0.000000 
2.345847 -0.966879 0.035324 -13.719814 50.723099 0.000000 0.000000 
2.492704 -0.974824 0.034923 -13.599426 55.943226 0.000000 0.000000 
2.414002 -2.019524 0.035517 -24.624527 33.422417 0.000000 0.000000 
2.442895 -2.075072 0.005953 -27.125813 41.078918 0.000000 0.000000 
2.419438 -2.500743 0.146794 -23.668091 41.247478 0.000000 0.000000 
2.462734 -2.596490 0.054570 -22.224751 41.007504 0.000000 0.000000 
2.401880 -2.855702 -0.026229 -19.888042 43.645317 0.000000 0.000000 
2.405179 -3.124967 -0.099765 -28.533291 38.664463 0.000000 0.000000 
2.452410 -3.533359 0.086728 -14.311134 46.537556 0.000000 0.000000 
2.482241 -3.513326 0.108662 -13.356565 46.553768 0.000000 0.000000 
2.514730 -3.613406 0.075385 -9.787457 48.284908 0.000000 0.000000 
2.435200 -3.954822 0.034925 -19.051216 42.372086 0.000000 0.000000 
2.451560 -4.139384 0.030064 -15.002182 41.929070 0.000000 0.000000 
2.473992 -4.185698 0.056582 -15.184284 43.875443 0.000000 0.000000 
2.432503 -4.471650 -0.081857 -17.850948 39.796501 0.000000 0.000000 
2.454968 -4.544600 -0.079027 -21.060303 40.415989 0.000000 0.000000 
2.468351 -4.602247 -0.071100 -20.001167 39.872768 0.000000 0.000000 
2.473135 -4.734972 -0.052979 -19.460819 36.035339 0.000000 0.000000 
2.453426 -5.061562 0.075516 -9.609737 43.250267 0.000000 0.000000 
2.475305 -5.157051 0.063880 -11.510098 42.551910 0.000000 0.000000 
2.402071 -5.335031 -0.156531 -12.173206 40.634224 0.000000 0.000000 
2.448864 -5.499221 0.002895 -1.754669 45.446316 0.000000 0.000000 
2.445884 -5.502218 0.033301 0.764877 54.507484 0.000000 0.000000 
2.433790 -5.508158 0.012758 -1.773132 44.922520 0.000000 0.000000 
2.469996 -6.252079 0.068979 -9.136402 41.685844 0.000000 0.000000 
2.484313 -6.358830 0.038949 -6.063988 44.024624 0.000000 0.000000 
2.481755 -6.469822 -0.124974 -7.616455 44.366508 0.000000 0.000000 
2.476423 -6.745318 0.057371 -6.887386 43.816879 0.000000 0.000000 
2.473387 -6.794195 -0.024292 -6.247002 42.555508 0.000000 0.000000 
2.416852 -7.059190 -0.127860 -9.004227 44.023418 0.000000 0.000000 
2.433198 -7.229575 -0.085833 -2.602356 44.285091 0.000000 0.000000 
2.437952 -7.231317 0.031609 -4.110062 43.843086 0.000000 0.000000 
2.285374 -7.532711 0.136997 -7.598587 38.639084 0.000000 0.000000 
2.361865 -7.514719 0.080872 -9.782661 38.931641 0.000000 0.000000 
2.383467 -7.657944 0.070043 -7.637825 38.945232 0.000000 0.000000 
2.313128 -7.933969 0.089981 -3.700516 41.679020 0.000000 0.000000 
2.287622 -8.230446 -0.203674 -9.880821 41.570366 0.000000 0.000000 
2.410446 -8.426409 0.162075 -9.005829 37.676247 0.000000 0.000000 
2.451800 -8.465830 0.330069 -11.194984 31.583187 0.000000 0.000000 
2.282373 -8.752017 0.012945 -1.760979 43.572166 0.000000 0.000000 
2.253145 -8.956133 -0.003782 4.826591 45.708832 0.000000 0.000000 
2.244015 -8.959495 -0.020390 3.229622 47.018990 0.000000 0.000000 
2.140372 -9.432768 -0.161206 -1.531349 43.803715 0.000000 0.000000 
2.226185 -9.470666 0.027267 -5.248505 40.500366 0.000000 0.000000 
2.172130 -9.490050 -0.131724 -3.857903 39.432701 0.000000 0.000000 
2.207254 -9.682086 -0.199401 -4.225937 39.398350 0.000000 0.000000 
2.236759 -9.787688 -0.184251 -4.864044 38.858891 0.000000 0.000000 
2.170533 -9.960103 -0.266233 -3.705666 40.429455 0.000000 0.000000 
2.299420 -10.117814 -0.251658 -2.601196 38.599030 0.000000 0.000000 
2.243232 -10.216513 0.316565 -2.463318 39.822952 0.000000 0.000000 
2.220980 -10.363433 0.159153 -4.257912 38.798748 0.000000 0.000000 
2.216690 -10.604980 -0.101586 -0.792229 41.885605 0.000000 0.000000 
2.261337 -10.618274 0.004097 -1.566628 39.686485 0.000000 0.000000 
2.219216 -11.046161 -0.277406 0.633232 43.751339 0.000000 0.000000 
2.167109 -11.108314 -0.174554 1.575226 43.208599 0.000000 0.000000 
2.238019 -11.383174 -0.000590 -7.925087 39.753948 0.000000 0.000000 
2.169225 -11.591681 0.325515 -4.445938 38.050911 0.000000 0.000000 
2.058087 -11.848306 0.102855 -1.563065 39.855106 0.000000 0.000000 
2.263629 4.794582 0.016329 -28.018375 23.442451 0.000000 0.000000 
2.417430 4.816556 -0.022734 -27.668789 25.964760 0.000000 0.000000 
2.678462 5.022770 0.133000 -28.270050 23.331797 0.000000 0.000000 
2.502717 5.400265 -0.084371 -37.438274 18.627041 0.000000 0.000000 
2.344660 6.003335 -0.078756 -42.066429 16.768518 0.000000 0.000000 
2.328566 6.480247 -0.050871 -38.736294 19.014904 0.000000 0.000000 
2.292083 6.959566 0.037669 -10.900041 43.584141 0.000000 0.000000 
2.319324 6.984658 0.041246 -11.253902 44.523697 0.000000 0.000000 
2.385074 7.449872 -0.082246 -26.923458 30.191311 0.000000 0.000000 
2.290184 7.626984 -0.077108 -30.994411 27.121916 0.000000 0.000000 
2.288806 7.909589 -0.038631 -21.345375 31.938086 0.000000 0.000000 
2.373685 7.974350 -0.029634 -21.885448 34.814205 0.000000 0.000000 
2.412807 8.408621 -0.019241 -24.741161 28.055895 0.000000 0.000000 
2.262181 8.595297 -0.147556 -37.815346 22.210234 0.000000 0.000000 
2.268686 8.953457 0.018087 -8.414108 41.078140 0.000000 0.000000 
2.302167 9.001143 0.022042 -6.733204 42.605690 0.000000 0.000000 
2.330393 9.753046 -0.097933 -22.627380 24.460871 0.000000 0.000000 
-1.997411 -11.833241 1.717759 -20.120987 32.614082 0.000000 1.000000 
-6.286612 -10.454904 -2.846268 -13.094620 30.002024 0.000000 0.000000 
-6.375679 -10.860152 -3.113574 -11.567909 33.128269 0.000000 0.000000 
4.594313 -13.922827 -0.332910 -18.440018 21.836653 0.000000 1.000000 
8.137589 -15.014352 3.125106 -5.337379 23.147579 0.000000 0.000000 
-6.734811 -18.666027 -1.429385 -9.894768 23.762991 0.000000 0.000000 
-21.179407 -1.117150 -0.664972 -7.359764 27.960556 0.000000 0.000000 
-21.251213 -1.426309 -0.569099 -8.607872 26.187313 0.000000 0.000000 
-21.306326 2.337558 -3.928635 -9.768005 25.389090 0.000000 0.000000 
-21.678345 4.751770 -0.089689 -6.853493 24.406988 0.000000 0.000000 
-22.326231 3.104884 -7.869353 -2.668182 30.512541 0.000000 0.000000 
-22.357647 5.297359 0.650747 -4.137856 27.058706 0.000000 0.000000 
-22.518953 6.193627 1.409050 -1.937454 27.743706 0.000000 0.000000 
-22.588522 7.206928 6.215744 -3.563248 27.640694 0.000000 0.000000 
-23.316933 5.057435 -4.189968 -7.028740 24.243423 0.000000 0.000000 
11.947639 -28.907429 5.741539 -6.574738 20.919636 0.000000 0.000000 
13.820343 -28.749264 -0.244072 -0.895126 24.574249 0.000000 0.000000 
-1.661430 -37.359016 -0.232262 -1.189491 27.437637 0.000000 1.000000 
-5.517218 -48.677055 -4.907818 -1.545547 17.858274 0.000000 0.000000 
-5.830814 -49.010620 -5.399207 3.335930 24.163294 0.000000 0.000000 
22.202133 -44.433502 2.316038 0.488205 19.416285 0.000000 1.000000 
-106.906982 -2.933939 6.144969 7.458633 15.997458 0.000000 0.000000 
-107.028084 -2.570483 6.078392 10.228378 18.836552 0.000000 0.000000 
-107.280426 -1.083790 4.065417 15.470398 22.818848 0.000000 0.000000 
-107.281776 -1.101532 5.239158 15.031448 22.738914 0.000000 0.000000 
-107.408447 -5.528671 3.784493 6.828224 17.446907 0.000000 0.000000 
-107.539925 -5.529602 2.772680 9.558281 18.562719 0.000000 0.000000 
-107.412224 -8.968082 4.002863 7.641022 14.830114 0.000000 0.000000 
-115.464828 -2.689246 7.704444 12.954887 20.382557 0.000000 0.000000 
-115.484375 -2.336107 5.843726 9.500571 15.794067 0.000000 0.000000 
56.968548 -102.893578 6.498123 16.997742 17.110268 0.000000 0.000000 
57.539459 -102.671730 5.670879 20.551064 21.022196 0.000000 0.000000 
55.591320 -103.846359 4.595959 11.695824 13.056520 0.000000 0.000000 
63.798878 -109.478874 5.953044 20.705620 21.247494 0.000000 0.000000 
58.839546 -148.303406 5.475760 19.168434 17.994938 0.000000 0.000000 
7.189350 -5.240577 -0.035235 3.419334 46.215382 0.000000 0.000000 
7.289595 -5.352330 -0.092292 5.024658 49.955040 0.000000 0.000000 
8.569357 -3.937787 1.132084 -4.276314 35.803928 0.000000 0.000000 
8.697070 -4.016141 1.118908 -1.059128 40.057899 0.000000 0.000000 
7.244295 -8.421549 -4.172951 0.658966 40.202339 0.000000 0.000000 
7.309308 -8.498842 -1.475557 6.961006 47.616074 0.000000 1.000000 
11.941193 -3.158992 0.007728 9.286368 48.176132 0.000000 0.000000 
11.937874 -3.180724 0.043684 7.597290 45.380421 0.000000 0.000000 
9.891326 -8.146034 -2.064922 -14.027473 30.331591 0.000000 0.000000 
9.427422 -8.949596 -2.325572 -8.838646 33.026066 0.000000 1.000000 
12.363647 -3.127921 -3.384958 -6.611885 34.794685 1.000000 1.000000 
-3.516234 -12.322559 -2.436445 -11.248947 30.673088 0.000000 1.000000 
8.640606 -10.363505 0.456801 -9.639313 29.485456 0.000000 0.000000 
8.603384 -10.488116 -0.029071 -7.279160 32.345867 0.000000 0.000000 
12.774350 2.784484 0.253699 -13.272194 29.045666 0.000000 1.000000 
8.765593 -11.241442 -0.200525 -3.012711 34.967865 0.000000 0.000000 
8.845891 -11.183745 0.147459 -2.017197 33.652679 0.000000 0.000000 
13.906224 -2.782568 0.674997 1.881378 41.759716 0.000000 0.000000 
14.052590 -2.779687 0.784487 -1.766403 36.996925 0.000000 0.000000 
8.479291 -12.943244 6.120865 -8.078552 32.096996 0.000000 0.000000 
15.851988 -0.883071 -0.492707 0.663620 38.517395 0.000000 0.000000 
15.899623 -0.889267 -0.509486 -1.078407 37.105633 0.000000 0.000000 
-6.933745 -14.651639 -1.091053 -2.366608 32.579498 0.000000 0.000000 
17.047947 0.400910 -0.689823 8.589156 44.457985 0.000000 0.000000 
17.166229 0.391350 -0.730838 5.377258 41.707363 0.000000 0.000000 
-7.422541 -16.206818 -1.231975 -4.871979 28.549040 0.000000 0.000000 
-7.877515 -17.598362 0.082000 -14.803833 23.139481 0.000000 0.000000 
10.572451 -20.326870 -2.011229 -4.490829 27.372807 0.000000 0.000000 
-7.406903 -21.465534 0.359191 -0.469086 29.292141 0.000000 0.000000 
22.700747 -10.774303 -1.671733 -0.999794 29.257345 0.000000 1.000000 
22.625921 -11.056137 -2.040435 -0.466339 27.816050 0.000000 1.000000 
28.806211 11.518538 0.491493 2.632790 30.196827 0.000000 1.000000 
30.834858 -10.335983 2.939554 -3.608574 24.216595 0.000000 1.000000 
4.728978 -32.316109 -0.454077 -5.928642 20.609547 1.000000 0.000000 
28.652864 16.025230 1.094525 4.536346 29.886600 1.000000 1.000000 
35.186855 -10.585592 2.476930 -6.062401 22.522652 0.000000 1.000000 
32.621128 17.242077 -2.344468 0.316330 22.747604 0.000000 0.000000 
33.564957 16.575977 -0.031188 -1.598167 23.913164 0.000000 1.000000 
35.080803 14.448724 -3.989888 -1.867538 23.925970 0.000000 0.000000 
38.647312 7.614905 -0.956817 5.618408 28.390781 0.000000 0.000000 
38.633236 7.846512 -0.851396 10.354546 29.622631 0.000000 0.000000 
38.827644 7.161844 9.883547 5.068420 27.038548 0.000000 0.000000 
39.027653 6.834596 9.445310 4.476776 28.708385 0.000000 0.000000 
43.138111 -0.241668 2.458385 5.019119 27.300568 0.000000 0.000000 
43.140762 -0.420541 3.651877 2.142418 26.103861 0.000000 0.000000 
43.251747 -0.297126 1.579837 5.163803 26.918720 0.000000 0.000000 
42.599991 8.885794 -1.131748 17.025841 35.176567 0.000000 0.000000 
42.668995 8.767365 -1.447490 15.651512 34.122299 0.000000 0.000000 
43.672291 -9.436030 9.674990 -0.382164 23.939283 0.000000 1.000000 
43.598267 -10.011406 9.460853 2.233330 23.915142 0.000000 1.000000 
44.473434 9.340589 -0.540983 7.887444 27.706837 0.000000 0.000000 
43.709473 15.122165 5.594360 -0.145683 20.400656 0.000000 0.000000 
44.349335 14.707903 2.671379 -2.090294 19.017441 0.000000 0.000000 
43.457775 17.677643 2.514123 0.963799 23.889004 0.000000 0.000000 
46.594578 8.002096 -2.331987 18.273010 33.116718 0.000000 0.000000 
46.644173 8.276516 -4.043493 19.628899 35.271584 0.000000 0.000000 
47.573364 7.013447 -2.105683 5.594864 26.086683 0.000000 0.000000 
46.499290 17.037998 0.973852 14.614624 31.421068 0.000000 0.000000 
46.613163 16.809505 1.199023 13.739899 30.879812 0.000000 0.000000 
47.427437 15.571778 0.192588 2.136368 22.222885 0.000000 0.000000 
46.931107 16.989918 -1.448377 8.468964 26.475325 0.000000 0.000000 
50.368668 9.842833 -0.730905 9.915283 27.841017 0.000000 0.000000 
50.217976 10.521667 -0.186754 12.502281 32.647713 0.000000 1.000000 
50.088722 16.067825 3.041260 4.643364 21.879663 0.000000 0.000000 
50.566502 14.736998 0.267834 4.725502 21.286802 0.000000 0.000000 
52.555614 9.088428 0.058929 16.430260 32.269772 0.000000 0.000000 
52.628372 8.703094 -0.059587 13.744362 32.749229 0.000000 0.000000 
52.545303 9.413099 0.110400 18.792847 32.477001 0.000000 0.000000 
52.705292 8.589367 -0.064300 15.610184 33.318249 0.000000 0.000000 
53.367508 10.655860 -0.826283 1.761909 18.479822 0.000000 0.000000 
53.536320 10.552066 -1.781038 1.658043 19.363539 0.000000 0.000000 
54.901554 7.148976 -0.190265 22.442085 37.925629 0.000000 0.000000 
54.959866 7.147035 -0.507472 19.686676 34.097431 0.000000 0.000000 
54.734505 10.971777 0.849828 5.002365 20.242434 0.000000 0.000000 
24.869812 -51.232441 2.199780 2.846970 21.345066 0.000000 1.000000 
24.960438 -51.352440 2.235003 0.811874 21.906689 0.000000 1.000000 
55.967926 9.179697 -1.579478 5.732285 22.739162 0.000000 0.000000 
56.896290 6.585498 -2.116868 14.543846 28.867409 0.000000 0.000000 
56.685349 9.668379 0.900611 15.068123 27.841080 0.000000 0.000000 
56.361149 11.382548 5.194456 13.139290 27.071333 0.000000 0.000000 
58.053631 0.587661 0.771472 10.598526 27.860584 0.000000 1.000000 
58.043385 0.993353 0.741944 13.318436 29.382507 0.000000 0.000000 
56.612053 13.013764 -5.915642 1.557991 18.469357 0.000000 0.000000 
55.351608 17.857834 -1.171148 9.145370 22.944275 0.000000 1.000000 
56.362026 15.627744 13.764317 5.979408 20.760830 0.000000 0.000000 
58.156925 7.623810 -2.888757 6.786728 22.582514 0.000000 0.000000 
58.538757 8.733109 -1.304254 20.728905 33.201023 0.000000 0.000000 
58.719269 8.494112 -1.385848 20.892937 34.299076 0.000000 0.000000 
60.437832 9.627438 -0.257274 23.865463 36.355938 0.000000 0.000000 
60.357037 10.075901 0.102734 20.523926 33.352615 0.000000 0.000000 
61.521580 -9.869703 -0.960427 1.141060 20.019323 0.000000 0.000000 
61.994507 -9.027360 3.433868 10.502647 26.296045 0.000000 0.000000 
62.078213 -8.811878 3.873539 10.277420 26.056040 0.000000 0.000000 
62.064960 -10.524808 2.261983 4.900543 21.518724 0.000000 0.000000 
62.155960 -10.774910 2.743763 6.287376 22.375629 0.000000 0.000000 
62.641621 8.859380 -1.501533 11.863419 27.541372 0.000000 0.000000 
62.681900 8.854755 -2.022925 11.860298 28.031542 0.000000 0.000000 
63.667423 11.483434 4.538994 5.568649 18.116615 0.000000 1.000000 
57.684696 -31.460663 2.397022 14.160240 28.574482 0.000000 0.000000 
57.668346 -31.695698 3.451241 16.265358 28.156330 0.000000 0.000000 
57.470318 -32.298611 6.399341 16.923027 29.466888 0.000000 0.000000 
66.311218 -11.132436 1.108318 2.248154 18.558187 0.000000 0.000000 
66.181168 10.771111 1.729056 5.314781 19.459761 0.000000 1.000000 
66.760429 -10.359250 -0.320352 10.942902 28.398790 0.000000 0.000000 
66.764793 -10.600904 0.753262 14.420830 30.013882 0.000000 0.000000 
6.844000 -67.867104 1.354048 -0.203270 16.728195 0.000000 0.000000 
6.092511 -67.937027 -1.666922 6.335991 20.637054 0.000000 0.000000 
5.861394 -68.014183 -2.396355 1.767151 17.535755 0.000000 0.000000 
67.559715 -11.496331 5.934134 1.271370 16.371691 0.000000 0.000000 
68.007103 9.844617 -1.927363 6.963615 20.291140 0.000000 0.000000 
67.769783 13.130007 1.681766 22.543335 32.308197 0.000000 1.000000 
67.891388 13.039287 1.401015 24.935310 34.670586 0.000000 0.000000 
70.304726 -10.487384 -4.726902 9.905815 24.807388 0.000000 0.000000 
70.354675 9.962282 1.105763 9.191559 23.557552 0.000000 0.000000 
57.664963 -43.369968 2.921024 7.852325 22.000435 0.000000 0.000000 
58.052040 -43.090687 5.086038 13.972473 26.558361 0.000000 0.000000 
72.552940 9.116846 0.059031 29.161369 39.159447 0.000000 0.000000 
72.631310 8.952802 -0.052745 25.794838 34.895817 0.000000 0.000000 
74.828629 6.622792 -3.218050 12.450714 23.746490 0.000000 0.000000 
74.908913 6.675980 -3.316027 16.185143 26.679455 0.000000 0.000000 
74.764122 8.613108 -1.723431 8.354018 21.084358 0.000000 0.000000 
55.943802 -52.848351 0.291098 17.937531 28.893051 0.000000 0.000000 
76.754753 8.106654 -1.521476 15.790924 27.042881 0.000000 0.000000 
7.981987 -77.209488 -2.516360 12.541046 26.075375 0.000000 0.000000 
76.855255 7.660090 -2.510452 14.766220 24.839315 0.000000 0.000000 
7.897411 -77.234810 -2.648713 16.577072 28.755037 0.000000 0.000000 
77.015266 -12.897030 7.081304 2.776329 17.096325 0.000000 0.000000 
78.653908 8.528792 -1.262543 20.465660 29.893322 0.000000 0.000000 
78.873009 7.995239 -2.234663 18.796410 28.730999 0.000000 0.000000 
80.682152 7.595382 -2.924255 10.216629 21.861372 0.000000 0.000000 
80.714500 8.533840 -1.844337 13.944519 26.130054 0.000000 0.000000 
80.770454 8.683817 -1.663088 10.348442 22.457432 0.000000 0.000000 
55.455330 -64.422173 5.368382 9.741302 18.318865 0.000000 0.000000 
-34.903759 -77.118790 2.874355 6.783463 16.240524 0.000000 0.000000 
84.513565 9.416702 -1.239781 11.153748 22.501890 0.000000 0.000000 
84.433197 10.812442 -0.801272 11.901711 23.812349 0.000000 0.000000 
86.364143 10.514012 1.764790 13.660172 21.615316 0.000000 0.000000 
86.339371 11.080419 2.561008 13.629822 20.953945 0.000000 0.000000 
57.711765 -67.822670 5.739318 17.386284 25.290754 0.000000 0.000000 
57.755096 -67.895599 5.669110 17.181854 24.236946 0.000000 0.000000 
57.968887 -67.851349 5.001842 16.225212 23.939758 0.000000 0.000000 
88.505341 10.388913 3.949854 13.257500 22.280703 0.000000 0.000000 
88.576118 9.862746 2.302279 16.246704 24.608093 0.000000 0.000000 
89.458443 -1.502269 -3.253364 6.574463 17.520668 0.000000 0.000000 
89.175255 -10.487639 8.632631 9.280272 21.985229 0.000000 0.000000 
89.265442 -9.925978 8.711623 8.165862 21.138790 0.000000 0.000000 
90.496437 9.731271 0.937767 21.958580 28.664562 0.000000 0.000000 
90.594162 10.186629 1.250732 24.684845 31.718697 0.000000 0.000000 
91.141228 -9.703674 7.307376 2.772881 17.413322 0.000000 0.000000 
91.013741 -12.256721 7.088005 6.629593 22.419189 0.000000 0.000000 
91.213730 -11.346012 8.488449 5.631882 21.383938 0.000000 0.000000 
91.098190 -12.356396 8.736274 9.387108 23.611795 0.000000 0.000000 
91.361343 -12.532541 10.421638 12.097656 22.279106 0.000000 0.000000 
91.398087 -12.414186 13.511240 14.810020 24.121773 0.000000 0.000000 
91.482170 -12.393209 11.369534 9.616982 20.171976 0.000000 0.000000 
91.498924 -12.822587 13.446918 11.943108 23.078815 0.000000 0.000000 
92.793793 7.910128 -1.313672 19.429321 27.556170 0.000000 0.000000 
92.848206 7.953681 -1.124538 17.731079 24.850197 0.000000 0.000000 
95.348068 -10.074280 4.320315 2.167709 14.616209 0.000000 0.000000 
95.284241 -10.712155 9.620982 7.753021 16.447023 0.000000 0.000000 
96.296806 -12.191518 8.113144 9.675606 19.715958 0.000000 0.000000 
96.351105 -12.128261 7.640457 9.218216 20.111382 0.000000 0.000000 
108.534828 -9.611917 8.820844 12.228630 18.941998 0.000000 0.000000 
108.569870 -9.451088 10.269561 12.700645 18.036236 0.000000 0.000000 
107.822578 15.999906 -0.154425 16.955673 21.970884 0.000000 0.000000 
107.880333 16.006691 -1.314545 11.993599 18.030531 0.000000 0.000000 
55.089035 -103.851685 -3.726248 15.793793 21.611408 0.000000 0.000000 
98.690758 -63.851048 2.929880 11.158302 19.958794 0.000000 0.000000 
118.260468 1.636919 1.536897 11.130417 19.262121 0.000000 0.000000 
118.198730 4.405002 3.522331 9.195235 19.771011 0.000000 0.000000 
118.279442 2.941315 2.680545 12.831985 22.416399 0.000000 0.000000 
118.514366 -0.188759 2.826484 11.585876 20.673868 0.000000 0.000000 
118.715378 7.080438 -4.904680 13.713570 18.475080 0.000000 0.000000 
118.857788 7.997548 -4.680720 12.570213 18.465849 0.000000 0.000000 
118.815926 9.139232 -4.273484 13.232849 17.962927 0.000000 0.000000 
119.898972 1.637597 0.945020 6.677422 14.865356 0.000000 0.000000 
127.275864 17.699051 3.597893 20.080276 21.302832 0.000000 0.000000 
10.232365 -129.293533 2.186905 13.537277 16.766203 0.000000 0.000000 
7.761840 -131.899460 2.914988 11.043777 15.021894 0.000000 0.000000 
132.920837 -13.336872 5.154926 12.330803 18.344086 0.000000 0.000000 
8.125863 -134.355240 1.614108 15.483345 18.281528 0.000000 0.000000 
134.423004 10.257708 -3.279791 13.756882 15.681650 0.000000 0.000000 
7.513150 -135.618988 0.088126 13.781784 17.660181 0.000000 0.000000 
136.667114 10.838159 -4.432070 15.720192 17.534592 0.000000 0.000000 
7.916662 -138.098480 -0.829156 11.644417 14.177179 0.000000 0.000000 
138.103790 13.512313 1.464460 20.011848 21.125072 0.000000 0.000000 
7.639213 -140.873306 -0.988106 13.549667 15.664440 0.000000 0.000000 
140.468750 10.484785 -3.992663 13.664169 14.493898 0.000000 0.000000 
142.278458 12.902707 0.771675 20.939415 22.485571 0.000000 0.000000 
8.374072 -143.088989 -6.812539 11.929131 16.020342 0.000000 0.000000 
7.996537 -143.387329 -0.347184 22.631310 25.235809 0.000000 0.000000 
7.224478 -144.662323 -3.440064 22.299484 23.542587 0.000000 0.000000 
144.280777 13.461606 6.448565 14.615097 15.770372 0.000000 0.000000 
7.033216 -145.900009 -4.941774 17.158211 19.958178 0.000000 0.000000 
7.523929 -147.111984 -1.450095 24.748817 26.983690 0.000000 0.000000 
8.378122 -148.298782 -4.201686 21.767776 23.038586 0.000000 0.000000 
148.427063 13.061728 2.996260 18.641006 18.688095 0.000000 0.000000 
6.796047 -149.603867 -4.143634 18.337852 19.572582 0.000000 0.000000 
8.608782 -151.160172 -1.660675 11.096611 13.773424 0.000000 0.000000 
152.612839 11.472006 -0.405488 14.616272 14.266478 0.000000 0.000000 
3.798172 -159.166428 -2.389888 11.813545 16.739347 0.000000 0.000000 
164.134354 -14.161203 13.364626 20.188728 20.515871 0.000000 0.000000 
166.204453 -13.994958 13.087352 16.125282 14.781282 0.000000 0.000000 
57.060127 -159.257019 2.929484 15.338417 15.547781 0.000000 0.000000 
8.359864 -173.342514 -5.576497 20.667923 20.284538 0.000000 0.000000 
176.258942 64.534691 18.258293 31.896492 24.857067 0.000000 0.000000 
185.501404 64.233498 19.706825 23.491783 15.858477 0.000000 0.000000 
192.714493 63.426445 11.737492 19.589134 14.274979 0.000000 0.000000 
1.771332 4.560913 -0.030413 -45.471947 14.795008 1.000000 1.000000 
1.974222 6.383259 -0.055378 -43.956310 18.647865 1.000000 1.000000 
-0.327323 8.828903 0.014737 -45.149895 16.047926 1.000000 1.000000 
3.019153 10.567324 0.067543 -31.369324 10.479950 1.000000 1.000000 
2.293961 12.331359 0.387989 -16.176964 32.754448 0.000000 0.000000 
2.028317 12.473380 -0.065885 -35.266396 14.608318 1.000000 1.000000 
4.360932 11.718021 0.401594 -32.926689 14.758167 1.000000 1.000000 
2.219393 12.839829 -1.008737 -11.440796 34.994526 0.000000 0.000000 
2.205674 13.150700 0.023376 -14.408066 31.745623 0.000000 0.000000 
2.279303 13.528783 -0.073611 -2.164406 37.968319 0.000000 0.000000 
2.362450 13.953424 -0.108714 -0.076912 41.074265 0.000000 0.000000 
2.487250 14.263267 0.110123 -31.913933 9.559566 1.000000 1.000000 
2.323527 14.383657 -0.154995 3.032104 43.558880 0.000000 0.000000 
2.313907 14.394986 -0.159643 0.245735 39.307190 0.000000 0.000000 
2.303206 14.494747 -0.150001 2.062943 40.501541 0.000000 0.000000 
2.350553 14.843509 -0.128666 -3.651497 35.106003 0.000000 0.000000 
2.268819 15.183823 0.137435 -9.578102 35.274311 0.000000 0.000000 
2.273202 15.287261 0.176019 -12.605995 35.992348 0.000000 0.000000 
2.520099 15.585295 -0.085731 -32.268898 11.881077 1.000000 1.000000 
2.320910 15.722715 0.323996 -6.505287 35.465347 0.000000 0.000000 
2.338150 15.828300 0.267160 -7.824203 31.656681 0.000000 0.000000 
2.252891 16.179443 -0.186062 -15.436250 32.916821 0.000000 0.000000 
2.059590 16.322884 -0.373346 -18.331963 24.660851 1.000000 1.000000 
2.336528 16.605902 -0.060460 -7.699913 35.380081 0.000000 0.000000 
2.329884 16.713957 -0.017958 -5.920593 34.349152 0.000000 0.000000 
2.239421 16.733391 0.297826 -17.805893 27.059471 0.000000 0.000000 
2.189177 17.251350 -0.062151 -17.989059 28.184353 0.000000 0.000000 
2.268620 17.515900 -0.167855 -3.399628 36.303871 0.000000 0.000000 
2.287319 17.535919 -0.087105 -2.842690 36.665756 0.000000 0.000000 
2.210196 17.831169 -0.153029 -34.022392 7.885929 1.000000 1.000000 
2.303952 17.951122 0.309822 -6.808929 30.473536 0.000000 0.000000 
2.400852 18.243595 -0.185802 -11.400987 27.137321 1.000000 1.000000 
2.343831 18.263290 0.350479 -4.171638 29.824623 0.000000 0.000000 
2.335850 18.361898 -1.353766 -5.759415 33.892609 0.000000 0.000000 
2.266934 18.699665 0.059309 -11.547379 26.557747 0.000000 0.000000 
2.127090 19.038342 -0.085858 -18.888748 20.095322 1.000000 1.000000 
2.068322 19.475319 0.029535 -21.098915 15.783854 1.000000 1.000000 
2.183534 19.741270 -0.062436 3.119164 39.390182 0.000000 0.000000 
2.224768 19.870495 0.184566 2.596695 38.759529 0.000000 0.000000 
-9.921252 16.675694 -0.061794 -19.241402 13.663374 1.000000 1.000000 
2.198723 20.429415 0.359597 -3.878265 33.228767 0.000000 0.000000 
2.258066 20.450123 -0.113399 -1.314316 37.213875 1.000000 1.000000 
2.152397 20.576632 -0.549554 8.244835 45.697384 0.000000 0.000000 
2.220431 20.992783 -0.433226 -0.470474 33.748657 0.000000 0.000000 
2.190777 21.001276 -0.478070 5.455696 41.638622 0.000000 1.000000 
2.268448 21.631655 0.126463 -22.551163 8.836967 1.000000 1.000000 
-6.647806 22.587631 -2.449748 -8.593185 29.592659 0.000000 0.000000 
-6.571455 22.909107 0.290223 -8.098328 26.904026 0.000000 0.000000 
-6.584561 23.069626 0.388309 -6.401337 29.695984 0.000000 0.000000 
-7.110611 23.412601 0.195167 -9.276749 30.225466 0.000000 0.000000 
-7.421615 24.124758 1.357962 -10.347198 28.556259 0.000000 0.000000 
-7.508403 24.109055 0.593391 -12.190620 26.537752 0.000000 0.000000 
-7.418736 24.150976 0.658758 -9.730118 28.204845 0.000000 0.000000 
0.931454 26.738707 3.986778 -16.786011 26.858925 0.000000 1.000000 
3.338420 26.544777 -0.185157 -14.605339 24.384701 0.000000 0.000000 
-6.436340 26.253256 6.788901 -13.630943 24.720375 0.000000 0.000000 
-6.271948 26.335039 4.184763 -12.243492 25.285316 0.000000 0.000000 
7.411935 26.581074 -5.666970 -18.418877 21.032904 0.000000 0.000000 
-7.234688 27.393141 3.043296 -15.126915 25.620337 0.000000 0.000000 
-7.078074 27.461885 3.051336 -13.711708 26.142769 0.000000 0.000000 
7.425361 27.358517 2.844953 -13.043358 25.492126 0.000000 0.000000 
7.434767 27.710922 3.630211 -13.994751 23.383331 0.000000 0.000000 
7.467011 27.778139 3.568750 -13.473184 25.397289 0.000000 0.000000 
0.014314 29.352741 -0.503815 -17.842216 24.141941 0.000000 0.000000 
-0.030199 29.386415 -0.119126 -16.868988 24.978588 0.000000 0.000000 
-0.026972 29.785017 1.044281 -16.416374 25.328152 0.000000 0.000000 
0.483132 30.470892 -0.967842 -20.114799 20.536541 0.000000 0.000000 
2.000349 31.821449 3.508109 -17.755165 23.550863 0.000000 0.000000 
6.917849 31.714424 2.301716 -14.161180 21.097466 1.000000 1.000000 
6.485686 32.059898 -0.019731 -17.404182 20.437092 0.000000 0.000000 
7.101429 31.928972 -0.037708 -12.608293 22.890789 0.000000 0.000000 
7.055405 32.274765 2.356899 0.336166 32.438995 0.000000 0.000000 
7.062717 32.372589 2.412404 -0.306023 32.941830 0.000000 0.000000 
-2.825080 33.066704 1.108041 -22.722054 10.985462 1.000000 1.000000 
6.851627 32.436745 5.217177 -13.483621 23.779333 0.000000 0.000000 
-2.836864 33.074474 1.371695 -25.082237 9.484261 1.000000 1.000000 
6.626472 32.733772 -0.781404 -18.667694 15.732956 1.000000 1.000000 
6.557770 32.958099 -8.378625 -15.566551 21.662247 0.000000 0.000000 
6.893313 33.113472 -0.739661 -11.658623 22.998760 0.000000 0.000000 
6.937606 33.222725 5.200276 -14.294807 20.858875 0.000000 0.000000 
6.930865 33.744087 -0.818232 -1.211586 31.411579 0.000000 0.000000 
-2.840516 34.403793 1.062081 -26.520279 7.947757 1.000000 1.000000 
6.899737 33.888054 -0.891666 -2.894966 29.947060 0.000000 0.000000 
-2.377036 34.512905 2.768399 -23.978439 7.835948 1.000000 1.000000 
-2.627285 34.687805 0.900213 -20.408730 11.249046 1.000000 1.000000 
6.652914 34.222046 8.292859 -16.980782 20.792763 0.000000 0.000000 
-2.651578 34.995201 1.096445 -17.298912 13.437992 1.000000 0.000000 
6.886897 34.622147 2.805032 -14.695152 21.760672 0.000000 0.000000 
6.940774 34.632812 -4.643613 -13.161026 21.297400 0.000000 0.000000 
7.293543 34.660538 1.008352 -12.802658 22.112415 0.000000 0.000000 
7.208517 34.855354 3.377457 -17.018448 18.973190 0.000000 0.000000 
6.392219 35.204742 4.348997 -9.088951 23.477652 0.000000 0.000000 
8.514524 35.084362 1.901575 -6.015381 28.354795 0.000000 0.000000 
8.534141 35.120506 1.978202 -6.091393 28.320236 0.000000 0.000000 
6.929829 35.529953 4.123580 -9.735596 26.770962 0.000000 0.000000 
6.623322 36.020008 3.703182 -10.414467 23.509655 0.000000 0.000000 
6.409789 36.087128 3.766642 -7.504005 26.399513 0.000000 0.000000 
6.567564 36.314896 3.761903 -3.253433 27.935045 0.000000 0.000000 
6.625569 36.436954 2.732020 -9.258598 24.616051 0.000000 0.000000 
-15.651479 33.920849 0.234278 -10.167665 23.109837 0.000000 1.000000 
6.228535 37.407162 -0.295965 -13.656471 20.761604 0.000000 0.000000 
6.361495 37.539665 0.277324 -17.914780 17.780802 0.000000 0.000000 
22.536631 30.343769 1.119017 1.590416 21.312540 0.000000 0.000000 
23.005348 30.058636 0.903805 -4.869743 17.028786 0.000000 0.000000 
22.632408 30.550840 1.267354 -1.505417 22.042358 0.000000 0.000000 
22.062067 31.047625 0.399215 0.700371 21.357658 0.000000 0.000000 
22.190907 31.411304 3.754957 -6.481590 18.937075 0.000000 0.000000 
22.417593 31.229292 -0.097335 -3.033577 21.318604 0.000000 0.000000 
8.817519 38.203434 8.852541 -18.126167 18.169041 0.000000 0.000000 
7.015668 39.080284 -0.400435 -15.290910 19.162294 0.000000 0.000000 
6.151027 39.562805 0.396419 -14.266252 19.453314 0.000000 0.000000 
6.083634 39.645996 -0.353327 -15.810136 19.585920 0.000000 0.000000 
5.814438 39.793373 -0.558295 -20.732224 15.841026 0.000000 0.000000 
7.071732 39.791691 -0.563994 -18.383919 15.342722 1.000000 1.000000 
5.888099 40.122623 6.609575 -18.166412 18.026640 0.000000 0.000000 
5.857933 40.291759 10.163677 -18.593849 17.419308 0.000000 0.000000 
6.089584 40.503403 9.358374 -16.007721 19.164074 0.000000 0.000000 
6.137543 40.784389 0.609583 -14.676797 17.553713 0.000000 0.000000 
6.072283 40.832485 0.146189 -15.137680 17.087406 0.000000 0.000000 
6.535057 41.042496 1.239197 -12.317863 20.730608 0.000000 0.000000 
6.191492 41.309967 1.153421 -16.960732 16.865128 0.000000 0.000000 
6.046616 41.396206 -0.345201 -18.457642 17.564835 0.000000 0.000000 
7.313898 41.280674 -1.097630 -14.200645 18.656590 1.000000 1.000000 
8.887513 41.235229 14.597821 -17.738365 17.052872 0.000000 0.000000 
8.618955 41.340561 2.990692 -11.697090 22.069426 0.000000 0.000000 
3.164209 42.228367 0.771171 -17.451668 18.487194 0.000000 0.000000 
7.116979 41.733837 -1.179877 -7.829422 22.995670 0.000000 0.000000 
7.168883 41.751434 -1.096058 -15.850389 16.329933 0.000000 0.000000 
7.412802 41.767536 -0.798058 -10.481256 22.087959 0.000000 0.000000 
7.490089 41.982861 -0.915593 -8.521568 23.725609 0.000000 0.000000 
7.826523 41.953484 3.101096 -11.211136 21.500910 0.000000 0.000000 
8.028398 42.005974 -5.981402 -14.284782 18.961147 0.000000 0.000000 
4.685773 42.887451 -0.534679 -17.926651 17.188606 0.000000 0.000000 
5.111946 42.835907 -0.703399 -7.413094 23.522245 0.000000 0.000000 
5.133675 42.845139 -0.507618 -8.675972 21.254578 0.000000 0.000000 
5.555403 43.109913 -0.451238 -15.076158 18.495598 0.000000 0.000000 
10.434909 42.226017 -0.742461 -16.751602 16.772800 0.000000 0.000000 
5.189424 43.584629 -0.434293 -8.242035 20.014116 0.000000 0.000000 
5.277083 43.600338 -0.419759 -6.126045 21.877468 0.000000 0.000000 
5.284822 43.625988 -0.457044 -15.632286 16.336246 0.000000 0.000000 
5.246520 43.694595 -0.332908 -11.239502 19.259073 0.000000 0.000000 
5.317998 43.713375 -0.519424 -8.006920 22.186905 0.000000 0.000000 
5.444491 44.027866 -0.679672 -21.088142 12.816372 1.000000 1.000000 
5.111003 44.076958 -0.362279 -14.583229 16.464903 0.000000 0.000000 
5.209144 44.137787 -0.661296 -12.647392 20.379635 0.000000 0.000000 
7.912915 43.748600 3.394745 -7.553200 23.915674 0.000000 0.000000 
7.932448 43.875248 3.528188 -11.558464 19.271152 0.000000 0.000000 
7.946006 43.912773 3.389372 -2.878822 26.169956 0.000000 0.000000 
5.346232 44.451927 -0.468784 -13.962242 15.193935 1.000000 1.000000 
7.455401 44.159012 5.872953 -6.508270 22.514877 0.000000 0.000000 
8.155725 44.044559 3.846291 -8.009178 22.323332 0.000000 0.000000 
7.460971 44.202431 5.784233 -8.260681 20.074924 0.000000 0.000000 
7.665355 44.217464 5.727242 -4.730507 23.938253 0.000000 0.000000 
35.753105 24.919918 4.661301 1.702080 15.307713 0.000000 0.000000 
7.700401 44.951653 5.962394 -10.641632 17.629755 1.000000 1.000000 
12.290256 44.391449 5.337506 -14.962029 16.639450 0.000000 0.000000 
8.115579 45.490120 5.762696 -11.027092 18.242752 0.000000 0.000000 
12.151917 44.779018 4.757817 -18.874840 14.792549 0.000000 0.000000 
7.027719 46.435600 6.215925 -18.912758 15.023205 0.000000 0.000000 
7.965354 47.212326 5.121818 -5.854851 23.221014 0.000000 0.000000 
8.064494 47.620060 3.338105 -10.767067 21.289463 0.000000 0.000000 
16.059086 45.374710 17.739433 -10.750031 20.469673 0.000000 0.000000 
35.138832 31.487295 1.097672 17.275070 26.616495 0.000000 0.000000 
35.168381 31.674164 0.995712 9.947212 21.285358 0.000000 0.000000 
35.191936 31.794582 1.248376 15.202888 24.949739 0.000000 0.000000 
16.109659 46.099407 1.326013 -12.169991 17.412374 0.000000 0.000000 
9.815454 48.151836 3.302519 -16.204903 17.873581 0.000000 0.000000 
7.817130 48.688053 5.811500 -10.663177 18.173607 0.000000 0.000000 
8.097661 48.808849 12.259662 -18.891571 13.507706 0.000000 0.000000 
7.535100 49.037994 5.612600 -10.648193 19.729763 0.000000 0.000000 
7.468291 49.110439 5.875286 -8.058090 19.767778 0.000000 0.000000 
7.537381 49.275475 5.337080 -6.048523 19.161001 0.000000 0.000000 
7.431543 49.328823 5.183465 -5.116096 22.163408 0.000000 0.000000 
7.578021 49.436066 5.096037 -10.966911 17.810703 0.000000 0.000000 
7.744709 49.420776 5.685892 -10.807176 18.525089 0.000000 0.000000 
8.465561 49.352039 -6.307589 -12.596382 16.442001 0.000000 0.000000 
8.048534 49.430088 4.991012 -10.242416 17.109833 0.000000 0.000000 
7.526838 49.917786 5.611188 -17.021240 15.543297 0.000000 0.000000 
8.622193 50.070564 -6.211277 -12.091209 17.371162 0.000000 0.000000 
7.900424 50.271587 6.083795 -12.386017 17.466619 0.000000 0.000000 
7.557331 50.545975 5.891849 -20.235573 7.140262 1.000000 1.000000 
35.683498 35.245682 7.267833 -4.671051 12.468697 0.000000 0.000000 
7.205477 50.855034 5.847080 -11.825996 16.462910 0.000000 0.000000 
7.512646 51.021824 5.972137 -9.062790 18.183674 0.000000 0.000000 
10.035929 50.615307 4.873245 -11.942863 19.247368 0.000000 0.000000 
7.890606 51.107147 6.187177 -17.750496 11.863533 0.000000 0.000000 
7.785985 51.126354 -6.894584 -5.431870 19.853285 0.000000 0.000000 
7.795412 51.183392 -6.384473 -10.576088 17.488981 0.000000 0.000000 
9.674209 50.836872 4.832889 -15.754585 19.234844 0.000000 0.000000 
7.911563 51.172642 -7.252504 -2.076355 24.479666 0.000000 0.000000 
12.277981 50.860203 3.590455 -11.721596 17.243359 0.000000 0.000000 
7.762462 52.044399 -8.746539 -16.248566 16.366474 0.000000 0.000000 
12.919079 50.949734 5.542197 -12.837547 15.992668 0.000000 0.000000 
12.395535 51.136715 3.949003 -14.460693 14.376074 0.000000 0.000000 
18.041016 49.751049 0.652584 -8.719170 18.402508 0.000000 1.000000 
37.301292 36.274139 6.399666 -1.686249 13.816576 0.000000 0.000000 
6.565406 52.962891 -1.122909 -7.799492 17.941597 1.000000 1.000000 
10.904925 52.330086 3.412682 -12.672441 18.077000 0.000000 0.000000 
7.018277 53.335930 5.577841 -8.124176 18.349615 0.000000 0.000000 
7.054194 53.375629 5.584024 -8.615341 17.630791 0.000000 0.000000 
7.107774 53.397808 6.133816 -3.829445 21.922188 0.000000 0.000000 
6.968947 53.457668 -9.573890 -10.740663 19.737736 0.000000 0.000000 
7.271601 53.448650 -8.562381 -6.507057 21.491802 0.000000 0.000000 
6.545257 53.564415 5.347606 -12.228409 19.512770 0.000000 0.000000 
7.213408 53.571484 4.927574 -9.156319 18.453562 0.000000 0.000000 
6.647054 53.974167 4.251139 -7.180634 22.356777 0.000000 0.000000 
6.402154 54.016117 4.034310 -6.149696 24.006100 0.000000 0.000000 
6.962376 54.204170 -0.624416 1.712532 26.040569 0.000000 0.000000 
7.212113 54.203033 3.570972 -7.590607 20.282507 0.000000 0.000000 
8.528961 54.088936 3.126922 -7.929413 19.571213 0.000000 0.000000 
6.859816 54.417690 3.453575 -7.423393 20.999226 0.000000 0.000000 
8.003618 54.575985 3.175659 -11.454918 18.768871 0.000000 0.000000 
8.271682 54.616844 2.575972 -12.100586 17.119690 0.000000 0.000000 
7.316208 54.783943 3.060128 -5.149925 19.922201 0.000000 0.000000 
8.472895 54.773396 3.419140 -6.241974 22.735874 0.000000 0.000000 
6.709330 55.102818 4.511950 -3.788834 22.691763 0.000000 0.000000 
6.593882 55.283962 2.877122 -10.527162 20.993231 0.000000 0.000000 
6.863090 55.256535 4.055842 -4.552711 23.274786 0.000000 0.000000 
6.755188 55.478516 2.744973 -15.705284 14.207006 0.000000 0.000000 
6.779336 55.617565 4.806221 -7.441254 16.751295 0.000000 0.000000 
7.183270 55.579224 5.792577 -5.486290 18.934948 0.000000 0.000000 
6.312625 55.748722 -7.315275 -12.873520 17.657301 0.000000 0.000000 
6.860206 55.697475 5.133798 -10.951050 18.502157 0.000000 0.000000 
11.417991 54.996078 3.664030 -11.235710 19.018379 0.000000 0.000000 
43.680107 32.918770 1.783754 8.937584 14.555712 1.000000 1.000000 
44.156311 33.408905 2.137759 17.621880 22.424759 0.000000 0.000000 
44.595570 32.762569 1.544522 21.329613 25.332735 0.000000 0.000000 
44.341618 33.168243 2.183084 21.533905 25.089540 0.000000 0.000000 
44.922981 32.299683 -1.388690 18.274872 23.383503 0.000000 0.000000 
6.346920 56.833225 4.294511 -9.032249 17.776377 1.000000 1.000000 
44.949623 32.637550 1.792412 7.625526 15.090559 0.000000 0.000000 
6.730714 57.389946 1.122102 -12.897087 16.683739 0.000000 0.000000 
6.725585 57.419922 5.598846 -11.383949 14.634720 0.000000 0.000000 
6.769987 57.505882 5.172423 -6.169975 19.217972 0.000000 0.000000 
6.032412 57.645378 9.678335 -9.625130 16.243303 1.000000 1.000000 
6.795840 57.872669 4.686880 -6.399612 19.908323 0.000000 0.000000 
6.692764 57.893105 5.117980 -5.683563 20.708055 0.000000 0.000000 
7.887557 57.796543 -9.914699 -13.764519 16.361307 0.000000 0.000000 
6.714427 58.033058 4.490854 -4.484764 21.043665 0.000000 0.000000 
5.836777 58.158272 9.788682 -16.943573 10.239960 1.000000 1.000000 
6.593702 58.233154 1.481690 -12.402841 15.339882 1.000000 1.000000 
7.886471 58.158321 5.697622 -11.116670 17.291325 0.000000 0.000000 
5.871485 58.796902 10.507440 -12.670854 14.578485 0.000000 0.000000 
5.930912 58.839470 9.318422 -6.446747 19.891668 0.000000 0.000000 
6.119270 58.902485 10.061446 -4.061935 20.363453 0.000000 0.000000 
6.782586 58.915333 6.747386 -7.287544 17.465391 0.000000 0.000000 
6.409933 59.093777 6.047909 -19.237511 10.196106 0.000000 0.000000 
6.692899 59.194584 5.781790 -13.696527 14.266674 0.000000 0.000000 
7.374421 59.152588 4.035232 -16.458061 12.779877 0.000000 0.000000 
7.840301 59.103859 4.339973 -16.639565 11.528309 0.000000 0.000000 
7.201107 59.454140 5.855925 -15.762399 13.504665 1.000000 1.000000 
7.946624 59.471275 8.206960 -8.581032 17.524328 0.000000 0.000000 
8.045673 59.478996 8.968553 -12.940178 14.772364 0.000000 0.000000 
7.382617 59.584671 8.504947 -15.398010 13.184181 0.000000 0.000000 
8.109756 59.522152 7.948513 -8.054878 17.353132 0.000000 0.000000 
7.564706 59.850510 3.803362 -22.177742 8.170597 1.000000 1.000000 
6.862371 60.005993 6.577486 -11.509773 15.923096 0.000000 0.000000 
8.073258 59.928219 7.127309 -13.186668 14.259150 0.000000 0.000000 
8.097801 60.090240 7.941009 -13.715500 14.197247 0.000000 0.000000 
7.496559 60.372707 3.494767 -10.727501 16.565836 0.000000 0.000000 
8.857043 60.196918 5.236415 -13.037477 14.748442 0.000000 0.000000 
7.208438 60.441174 3.723758 -6.353317 20.250858 0.000000 0.000000 
8.288310 60.416443 7.064671 -15.826791 12.944115 0.000000 0.000000 
6.256499 60.959671 7.091864 -16.338539 13.081238 0.000000 0.000000 
6.413118 61.021500 7.907382 -10.843506 13.593985 0.000000 0.000000 
6.405232 61.076923 7.453277 -16.181175 8.579494 1.000000 1.000000 
-7.575704 61.149693 -1.349360 -0.014191 24.484522 0.000000 0.000000 
-7.609723 61.158993 -1.289113 -0.373062 23.450943 0.000000 0.000000 
-7.609071 61.258694 -1.275747 1.888969 26.668507 0.000000 0.000000 
-7.597760 61.263905 -1.291162 -4.965927 20.521784 0.000000 0.000000 
-8.073140 61.358757 -1.378526 -24.726433 4.459644 1.000000 1.000000 
-7.751140 61.599800 -0.860432 -18.188080 11.806309 0.000000 0.000000 
7.918757 61.801929 7.089571 -12.523979 14.303679 0.000000 0.000000 
8.365184 61.781170 7.474539 -10.915466 14.468481 0.000000 0.000000 
-8.495110 61.982147 -1.409400 -15.670609 11.624226 0.000000 0.000000 
-8.561041 61.986107 -1.437405 -17.380295 11.966908 0.000000 0.000000 
-7.701735 62.372108 -1.083129 -12.828369 12.996078 1.000000 1.000000 
-7.609130 63.005413 0.596872 -18.898674 11.436604 0.000000 0.000000 
-6.642197 63.576870 8.332465 -14.681694 14.046261 0.000000 0.000000 
7.703458 64.241463 -0.861341 -10.617676 13.710642 0.000000 0.000000 
7.930960 64.266861 -0.902044 -13.163278 11.861622 0.000000 0.000000 
-29.580181 57.618992 8.597412 -9.404518 13.649605 0.000000 0.000000 
8.293780 65.906464 -0.802048 -14.203607 11.016010 1.000000 1.000000 
19.797256 63.791840 -0.744092 -17.456108 8.362026 0.000000 0.000000 
8.371238 66.849136 -1.147117 -11.963487 13.549644 0.000000 0.000000 
8.261562 67.187256 -1.210550 -9.373756 14.466425 0.000000 0.000000 
-31.060116 59.875500 18.355772 -5.455765 16.257278 0.000000 0.000000 
-12.795824 66.625717 0.723389 -17.276230 8.700745 1.000000 1.000000 
8.156822 67.617920 -1.432560 -17.988899 7.440708 1.000000 1.000000 
-13.080181 67.212112 -0.437098 -14.061746 10.449108 0.000000 0.000000 
-13.163824 67.206848 -0.343186 -11.339668 14.154301 0.000000 0.000000 
-12.516802 67.357430 3.249345 -10.607254 13.861895 0.000000 0.000000 
-12.658982 67.390747 2.581917 -12.057571 13.660679 0.000000 0.000000 
50.527981 45.547527 1.049406 -2.137619 6.386688 0.000000 0.000000 
8.311011 69.011543 0.726166 -7.400703 14.407433 1.000000 1.000000 
43.936943 52.708389 2.691260 -0.267426 12.838947 0.000000 0.000000 
7.966864 69.267426 1.140417 -24.121674 5.597339 1.000000 1.000000 
45.326996 51.959190 2.631837 0.102943 10.232410 0.000000 0.000000 
45.246517 52.065350 2.824332 8.192696 16.131628 0.000000 0.000000 
45.092865 52.246143 3.655695 2.646454 12.253746 0.000000 0.000000 
45.353321 52.162560 3.538322 7.832733 15.711721 0.000000 0.000000 
8.415215 69.648453 1.254236 3.248795 23.882267 0.000000 0.000000 
8.273955 69.870354 1.374178 -12.749626 13.386450 0.000000 0.000000 
8.428941 69.867661 1.211797 5.191292 26.552927 0.000000 0.000000 
8.433027 69.929840 -0.385548 -13.854263 11.260471 0.000000 0.000000 
8.442145 70.240456 1.924479 -6.214249 17.662720 0.000000 0.000000 
8.594562 70.505150 -0.431029 -22.478889 4.047809 1.000000 1.000000 
47.035179 52.155655 -4.353381 9.971764 19.976639 0.000000 0.000000 
8.569779 70.930267 1.315184 -2.791443 18.442228 1.000000 1.000000 
9.674313 71.000511 3.773106 -10.389732 17.401501 0.000000 0.000000 
8.937688 71.215530 2.843502 -10.693123 15.448215 1.000000 1.000000 
47.743011 52.551388 -4.327943 3.188141 12.064896 0.000000 0.000000 
-36.065262 62.193287 3.338048 1.864441 17.283762 0.000000 0.000000 
-36.369232 62.105232 3.786055 2.541489 20.528664 0.000000 0.000000 
-36.060181 62.333019 3.401107 0.082008 16.917704 0.000000 0.000000 
9.306437 71.985619 1.260326 -17.711929 9.926086 0.000000 0.000000 
8.949159 72.366493 3.044708 -13.417436 10.388233 0.000000 0.000000 
8.843377 72.428619 2.477021 -14.219635 11.008762 0.000000 0.000000 
-34.226078 64.160126 18.352999 -7.728958 12.788198 0.000000 0.000000 
-34.542210 64.198776 17.732279 -9.339752 11.460556 0.000000 0.000000 
-28.260315 68.172409 3.174482 -0.115440 20.607384 0.000000 0.000000 
-28.662495 68.195900 3.551803 1.053017 23.208847 0.000000 0.000000 
-28.602594 68.238968 2.964425 -0.797836 19.488585 0.000000 0.000000 
-28.985392 68.522820 5.508505 1.948425 22.022226 0.000000 0.000000 
-29.472874 68.336685 5.536394 4.838776 22.593010 0.000000 0.000000 
-30.135904 68.049118 5.499485 -1.281715 19.370178 0.000000 0.000000 
-29.050644 68.740570 2.732953 -7.066948 14.118074 0.000000 0.000000 
-30.158558 68.461456 5.238630 0.704185 18.711552 0.000000 0.000000 
-30.306791 68.756729 5.367672 -6.007500 15.089087 1.000000 1.000000 
-30.192617 68.824059 12.785286 0.215599 19.549496 0.000000 0.000000 
-23.259010 72.158165 6.875818 -3.024994 19.343824 0.000000 0.000000 
-23.409426 72.398598 5.789001 -7.050819 16.670206 0.000000 0.000000 
-10.010138 76.188919 6.724739 -5.656357 17.532949 0.000000 0.000000 
9.314692 76.306114 2.773438 -9.341095 18.295124 0.000000 0.000000 
-22.414837 73.739441 10.332901 -6.034378 14.096851 1.000000 1.000000 
-22.147688 74.300926 6.333330 -10.562172 14.618734 0.000000 0.000000 
-22.374847 74.280083 5.981087 -8.261772 15.706242 0.000000 0.000000 
-22.618486 74.237114 5.724606 -14.165939 9.306313 0.000000 0.000000 
-23.972736 74.192009 2.922800 -15.813568 8.363281 0.000000 0.000000 
-22.743074 74.628983 9.305545 -9.964508 12.568272 0.000000 0.000000 
-22.661493 74.703278 10.630303 1.848541 20.750793 0.000000 0.000000 
-22.740053 74.981796 10.665484 1.592613 18.931541 0.000000 0.000000 
-22.715954 75.012230 6.930645 -13.499002 9.803749 0.000000 0.000000 
-22.745342 75.010109 10.906631 -2.624321 16.307554 0.000000 0.000000 
54.870037 54.632591 0.695681 -0.698410 9.665714 0.000000 0.000000 
55.789257 53.832264 2.225767 2.508507 7.752624 1.000000 1.000000 
-22.813490 75.391586 10.766852 -1.809753 17.003525 1.000000 1.000000 
55.905800 54.615959 2.024544 12.464142 16.819004 0.000000 0.000000 
55.933636 54.695827 2.095567 5.707962 11.222416 0.000000 0.000000 
58.306282 51.989452 3.900531 8.399222 16.881569 0.000000 0.000000 
55.754490 54.926510 1.601138 9.128470 15.843647 0.000000 0.000000 
58.219128 52.626522 3.947632 2.033302 14.408560 0.000000 0.000000 
58.379364 52.468472 3.766797 2.612686 16.701124 0.000000 0.000000 
24.955572 75.735680 5.635707 -15.270248 8.870678 0.000000 1.000000 
58.838116 52.443237 -5.487743 15.581032 18.000748 0.000000 0.000000 
59.064934 52.453083 -5.287794 15.010521 21.368988 0.000000 0.000000 
59.317497 52.742058 4.170584 4.711182 13.028738 1.000000 1.000000 
-35.780396 72.111641 4.619710 -7.184425 15.149094 0.000000 0.000000 
59.662422 53.424503 -6.755707 6.602081 10.585999 0.000000 0.000000 
-34.383923 73.634171 9.094068 -1.054840 15.116339 0.000000 0.000000 
-33.801785 73.957603 9.266793 -0.011391 15.952074 0.000000 0.000000 
-37.354218 72.174637 5.025061 -3.711021 14.636290 0.000000 0.000000 
-37.696468 72.230888 3.871912 -7.114403 11.082401 0.000000 0.000000 
-10.713826 81.639992 0.752752 -11.933304 14.306206 0.000000 1.000000 
-22.706512 79.148407 6.371198 -6.857040 15.395699 0.000000 0.000000 
-31.553312 75.926735 8.440736 -7.507225 13.983185 0.000000 0.000000 
-29.086466 77.331207 3.419766 -10.835312 11.509743 0.000000 0.000000 
-33.390388 75.541428 9.339170 -3.463097 16.441114 0.000000 0.000000 
-32.863625 75.846031 9.744237 0.055405 17.350700 0.000000 0.000000 
-32.827316 76.088547 9.812138 -0.566444 18.144058 0.000000 0.000000 
-28.187998 78.060997 3.153776 -2.621613 18.751680 0.000000 0.000000 
-28.821909 77.963020 1.976831 -3.865593 17.557287 0.000000 0.000000 
-38.119251 73.704994 6.200680 -2.073990 14.923775 0.000000 0.000000 
-37.440086 74.686287 9.453361 1.842758 19.469357 0.000000 0.000000 
-28.420744 79.231232 1.792843 -8.179626 12.351437 0.000000 0.000000 
-28.308468 79.539467 7.303437 -0.735291 18.328499 0.000000 0.000000 
-27.977777 79.698204 7.234851 -7.340347 15.909185 0.000000 0.000000 
-27.596277 80.083481 7.615461 -5.128151 15.102798 0.000000 0.000000 
-27.795254 80.031631 7.565002 -5.981743 14.323902 0.000000 0.000000 
-29.538389 79.532494 8.501351 -3.132668 17.487202 0.000000 0.000000 
-28.881805 80.174950 9.325375 -2.417534 17.045582 0.000000 0.000000 
-28.722664 80.254463 8.659893 -6.525620 14.246088 0.000000 0.000000 
-28.069000 80.552040 7.858504 -7.021652 15.589767 0.000000 0.000000 
44.809032 72.149689 3.662892 3.614136 17.832445 0.000000 0.000000 
43.948792 72.764862 2.493658 1.600250 16.002821 0.000000 1.000000 
65.282272 53.590195 2.492072 10.993629 16.878613 0.000000 1.000000 
-39.790047 75.754860 11.637600 -2.456291 12.626690 0.000000 0.000000 
-31.770632 80.035042 10.966092 -3.842087 15.461441 0.000000 0.000000 
53.145493 67.951904 -6.398924 6.384720 18.498144 0.000000 0.000000 
53.101425 68.203514 -5.909158 8.269034 17.868864 0.000000 0.000000 
52.361156 69.140045 4.168822 6.380638 17.963400 0.000000 0.000000 
52.029453 69.539474 4.117565 6.929970 18.885672 0.000000 0.000000 
-31.445108 81.556519 9.348820 -5.910400 15.028904 0.000000 0.000000 
-73.259422 45.361393 12.836864 12.312927 13.538496 0.000000 1.000000 
-33.000027 81.390152 10.620785 -7.496155 13.756178 0.000000 0.000000 
-16.888140 86.820709 5.189198 -12.141533 12.500458 0.000000 0.000000 
-52.995529 69.957382 9.653417 2.697090 13.624630 0.000000 0.000000 
53.054604 69.987831 1.586090 0.457809 12.793232 0.000000 0.000000 
43.339058 77.562630 4.267308 0.643478 16.027369 0.000000 0.000000 
39.896626 79.564369 2.006949 -1.803612 15.238415 0.000000 0.000000 
-32.517269 83.929352 14.095783 -6.966972 13.178150 0.000000 0.000000 
-33.887913 83.388184 11.512781 -5.936821 11.896416 0.000000 0.000000 
-51.291046 74.332787 9.346375 -0.158440 12.594681 0.000000 0.000000 
-31.800421 85.106819 12.827651 -7.416611 11.051422 0.000000 0.000000 
-50.810390 74.840744 9.575336 1.756912 11.737946 0.000000 0.000000 
-31.089472 85.520531 12.198700 -11.942970 8.123310 0.000000 0.000000 
54.553471 72.525040 0.975975 -1.144348 10.562454 0.000000 1.000000 
-30.857943 85.982956 12.820480 -8.808693 10.373138 0.000000 0.000000 
-36.800961 83.794899 10.154815 -9.437387 7.872718 0.000000 0.000000 
-38.023727 83.260406 9.582808 -7.411728 10.443684 0.000000 0.000000 
-37.922817 83.418129 9.904157 -5.247841 11.499401 0.000000 0.000000 
-53.379368 74.234802 6.776961 -7.310432 7.504123 0.000000 0.000000 
-31.165331 86.517029 13.683810 -13.644798 7.890968 0.000000 0.000000 
-51.662598 75.848785 9.400558 -4.751045 9.584885 0.000000 0.000000 
-21.387049 90.277161 6.498966 -8.700081 11.585098 0.000000 0.000000 
-21.587811 90.245270 6.534730 -7.246834 12.951605 0.000000 0.000000 
10.648400 92.647270 -0.039751 -11.568657 9.959148 0.000000 0.000000 
-22.687105 90.386696 6.059895 -13.430336 9.252136 0.000000 0.000000 
-21.472860 91.079109 -2.355221 -12.018097 9.904305 0.000000 0.000000 
-34.867928 86.700592 11.718107 -9.390924 11.260712 0.000000 0.000000 
-21.170616 91.229744 5.908463 -9.777466 11.018623 0.000000 0.000000 
-21.992216 91.311638 6.280620 -4.269623 14.899405 0.000000 0.000000 
14.674402 93.401268 1.398516 -17.796173 6.009574 0.000000 1.000000 
-22.550644 91.878609 7.109921 -14.446359 7.892200 0.000000 0.000000 
11.936043 96.888924 3.307524 -13.711174 6.243255 0.000000 1.000000 
-15.053252 96.519363 3.074967 -10.366165 8.256104 1.000000 1.000000 
-14.234458 96.788803 4.117905 -8.099548 10.272465 0.000000 0.000000 
-13.890571 97.044334 3.631413 -9.486282 9.804199 0.000000 0.000000 
-14.311125 97.352402 3.559259 -7.954475 11.729786 0.000000 0.000000 
-15.654672 97.164948 3.208900 -3.513535 14.747631 0.000000 0.000000 
-14.697268 97.330414 3.842567 -4.329514 14.353823 0.000000 0.000000 
-15.148039 97.271347 3.649755 1.305809 18.975780 0.000000 0.000000 
-15.461815 97.343788 3.468821 4.120773 20.029388 0.000000 0.000000 
-22.261007 96.285332 9.080425 -9.008186 8.563812 0.000000 0.000000 
-22.286028 96.505013 7.537953 -12.652504 6.565212 0.000000 0.000000 
-21.397165 97.032150 -1.807984 -7.078972 10.300919 0.000000 0.000000 
-21.442469 97.176949 10.723784 -15.127313 6.471626 0.000000 0.000000 
-21.455357 97.355339 -2.769277 -10.721603 8.394230 0.000000 0.000000 
-30.635569 96.128883 9.077887 -8.251610 9.413837 0.000000 0.000000 
90.830635 39.674854 14.629905 9.926811 9.367805 0.000000 1.000000 
-29.344379 96.989067 9.140730 -9.560326 8.384163 0.000000 0.000000 
-31.922577 96.157631 10.143108 -13.649095 7.915039 0.000000 0.000000 
-31.430538 96.781700 13.673285 -6.545059 8.940456 0.000000 0.000000 
-32.007168 96.694168 12.232568 -13.245461 6.710845 0.000000 0.000000 
-31.537416 96.876564 12.592966 -9.919838 7.635742 0.000000 0.000000 
-31.864290 97.097610 13.027304 -1.517609 12.858372 0.000000 0.000000 
-32.698906 97.166634 12.724641 -8.397514 8.389961 0.000000 0.000000 
-29.905678 98.180405 11.406633 -12.509355 8.315224 0.000000 0.000000 
-31.552280 97.651413 11.896907 -12.791588 6.536941 0.000000 0.000000 
-30.940224 98.762741 10.283796 -8.292511 10.214561 0.000000 0.000000 
-33.677662 98.727722 9.660500 -8.247238 8.592808 0.000000 0.000000 
-30.678164 100.010139 9.666698 -4.341232 10.867657 0.000000 0.000000 
-31.207911 100.485580 13.125713 -9.077576 9.221268 0.000000 0.000000 
-31.893448 100.281975 13.002741 -8.793259 7.110794 0.000000 0.000000 
34.048389 100.440910 1.970955 -9.077469 6.864234 0.000000 0.000000 
-31.486483 102.138985 9.994736 -8.843637 8.019295 0.000000 1.000000 
-33.468441 103.768799 13.791988 -7.631737 6.756946 0.000000 0.000000 
58.612186 92.535614 0.374079 -5.644371 5.110336 0.000000 0.000000 
50.361183 97.721809 5.577319 -7.119576 6.528923 1.000000 1.000000 
52.150501 97.485657 4.830256 -3.974182 8.914051 0.000000 0.000000 
50.966339 98.589272 5.787934 -2.662354 9.508518 0.000000 0.000000 
-5.133432 111.361771 -1.210980 -15.172357 6.170082 0.000000 1.000000 
46.437050 101.885849 3.839034 -6.027153 7.693061 0.000000 0.000000 
43.886181 103.969032 5.941090 -11.869087 6.503757 0.000000 0.000000 
38.178905 107.685646 2.809080 -9.889870 6.603790 0.000000 0.000000 
38.489971 107.842140 4.269854 -12.199272 3.880710 0.000000 0.000000 
37.364227 108.337257 3.446285 -1.619019 10.379135 0.000000 0.000000 
37.149632 108.502213 4.029635 -5.004517 7.635551 0.000000 0.000000 
36.981739 108.586754 1.834059 -11.311348 4.279384 0.000000 0.000000 
35.583553 109.381241 0.713783 -8.169899 4.254097 0.000000 0.000000 
35.142399 109.643311 1.278316 -9.607841 5.067863 0.000000 0.000000 
35.538143 109.548996 0.907185 -7.460564 6.438034 0.000000 0.000000 
35.393951 109.817741 2.093131 -3.514412 8.781876 0.000000 0.000000 
55.845150 103.266136 3.623722 -8.565567 6.804237 0.000000 1.000000 
-23.091356 116.343338 3.919105 -8.703279 8.472683 0.000000 0.000000 
-84.903374 81.911171 11.115193 2.256805 5.035976 0.000000 1.000000 
42.695763 111.647705 2.301746 -6.231445 6.817352 0.000000 0.000000 
42.757099 111.860825 2.327117 -3.372627 7.975463 0.000000 1.000000 
-22.124241 117.939560 5.915031 -4.876511 10.264488 0.000000 0.000000 
-22.201132 117.953568 6.308592 -5.690536 10.283413 0.000000 0.000000 
-21.761101 118.164597 10.078219 -1.695511 11.304283 0.000000 0.000000 
-22.436474 118.109001 10.443983 1.736168 14.850788 0.000000 0.000000 
-22.923931 118.248245 10.299273 2.064850 15.586994 0.000000 0.000000 
-23.640104 118.388428 9.939737 -11.766235 5.796203 0.000000 0.000000 
-23.156746 118.528175 10.977306 -13.586258 5.244266 0.000000 0.000000 
39.167793 114.248627 1.578112 -9.636513 5.320499 0.000000 0.000000 
-23.218412 119.248550 10.114707 -2.157318 10.670132 1.000000 1.000000 
-22.061182 120.184853 3.006336 -12.821527 6.971969 0.000000 0.000000 
-22.805567 120.335068 5.656588 -9.393631 7.807350 0.000000 0.000000 
-24.209076 120.188507 4.111216 -8.080391 7.979599 0.000000 0.000000 
-7.368856 123.255341 -5.168044 -9.560829 8.144733 0.000000 0.000000 
-7.520108 123.336845 -6.022031 -6.697533 10.622524 0.000000 1.000000 
-31.779537 119.703110 0.810899 -13.448425 5.436962 0.000000 0.000000 
-31.476805 119.892418 13.691796 -7.290863 7.684337 0.000000 0.000000 
-32.757744 120.024292 10.743134 -7.143326 8.474751 0.000000 0.000000 
-32.994804 120.046577 10.711727 -6.996422 7.795993 0.000000 0.000000 
-32.137760 120.452477 11.646998 -6.503006 9.306744 0.000000 0.000000 
-34.487396 120.753426 15.318845 -6.280334 8.114799 0.000000 0.000000 
-34.684124 121.145790 11.335043 -6.552986 8.892570 0.000000 0.000000 
-34.335190 121.425865 12.623617 -3.012299 10.273491 0.000000 0.000000 
-33.630329 121.651222 12.853450 -4.325562 8.579769 0.000000 0.000000 
-35.410133 121.923790 13.784926 -0.576576 12.387493 0.000000 0.000000 
-7.302234 127.886192 -6.130787 -9.542183 7.739444 1.000000 1.000000 
-33.976936 124.062843 12.065310 -2.347862 10.586731 0.000000 0.000000 
-21.117626 127.272720 3.519290 -6.051254 8.285774 0.000000 0.000000 
-21.274263 127.281853 3.432565 -4.476410 10.569176 0.000000 0.000000 
-7.642784 129.127747 -5.862079 -4.368469 10.685326 0.000000 0.000000 
-19.640202 127.965553 3.305296 -7.563499 7.010078 0.000000 0.000000 
-23.237577 127.433159 5.115965 -7.952545 7.383323 0.000000 0.000000 
-21.469942 128.217285 3.173978 -3.153351 11.981705 0.000000 0.000000 
-21.763462 128.291565 -10.149311 -5.128448 11.449562 0.000000 0.000000 
-21.376017 128.595490 -2.909872 9.601044 19.825024 1.000000 1.000000 
-22.035650 128.540771 3.335663 -11.632492 7.106224 0.000000 0.000000 
-21.441643 128.881424 3.091066 -8.837875 6.061439 0.000000 0.000000 
-22.947090 128.835541 4.674987 -1.940575 12.246338 0.000000 0.000000 
-23.357315 128.835724 3.736962 -6.184875 8.801785 0.000000 0.000000 
-21.374701 129.577484 -3.502567 12.459267 23.378815 0.000000 0.000000 
-23.258682 129.527557 2.508194 -8.008392 5.924743 1.000000 1.000000 
-21.725353 129.840515 -2.143004 15.347015 24.714069 0.000000 0.000000 
-21.562342 130.267746 -3.088136 8.371581 18.962296 1.000000 1.000000 
-23.893469 130.352417 0.979895 -6.521507 8.078999 0.000000 0.000000 
53.797985 120.848297 3.188892 -6.662666 6.227249 0.000000 1.000000 
-22.175909 130.814346 -1.648176 11.301094 22.347233 1.000000 1.000000 
-19.842144 131.540863 0.819534 -10.933000 3.354644 0.000000 0.000000 
-21.869415 131.450226 -1.498963 15.015167 24.622707 0.000000 0.000000 
-21.968431 131.434647 -1.613773 19.704811 28.645206 0.000000 0.000000 
-22.153933 131.554932 -1.933912 17.264679 27.444429 0.000000 0.000000 
-19.765055 132.354401 2.086599 4.914497 19.360373 0.000000 0.000000 
-19.992609 132.359802 2.461953 8.601195 19.926615 0.000000 0.000000 
-19.908480 132.616180 3.875947 8.739326 20.982044 0.000000 0.000000 
-19.972303 132.823792 3.761256 7.422241 18.946253 0.000000 0.000000 
-20.273956 133.193542 3.086411 2.915688 15.341330 0.000000 0.000000 
-20.448008 133.243317 3.113283 4.893913 16.234337 0.000000 0.000000 
-21.077784 133.270172 2.515021 -1.848244 10.457108 0.000000 0.000000 
-22.022236 133.219879 -0.934875 -3.100761 8.344967 0.000000 0.000000 
-20.271217 133.860199 4.026694 4.018402 16.420555 1.000000 1.000000 
-22.687643 133.579773 2.942580 -6.294029 6.924697 0.000000 0.000000 
-22.461924 133.646301 2.182137 -0.883492 11.742470 0.000000 0.000000 
-22.175972 133.739929 3.557033 -3.013069 9.197914 0.000000 0.000000 
-21.866138 133.820160 3.599083 -1.973618 10.353794 0.000000 0.000000 
41.534977 129.456253 5.679854 -6.478386 8.295113 0.000000 0.000000 
41.969273 129.368134 5.028087 -5.037041 7.531219 0.000000 0.000000 
5.918795 136.253387 -6.930387 -0.609390 16.382156 0.000000 0.000000 
6.318241 136.247467 -6.677274 -0.427284 16.862720 0.000000 0.000000 
6.282299 136.354736 -6.688627 1.719666 17.483038 0.000000 1.000000 
-22.208399 134.977631 6.072174 -2.960701 9.367100 0.000000 0.000000 
-23.237009 135.110229 -0.208540 -11.981865 2.640190 1.000000 1.000000 
41.344410 130.707840 4.403152 -6.812447 5.491432 0.000000 0.000000 
-21.963846 135.525391 3.374123 -8.372520 6.115531 0.000000 0.000000 
40.471172 131.554291 3.089651 -1.074028 10.831745 0.000000 0.000000 
-23.579988 135.808136 4.835154 -1.048401 12.591469 0.000000 0.000000 
-22.376604 136.099731 3.096132 -11.741272 3.985290 0.000000 0.000000 
-22.662401 136.493011 -1.382115 -7.633263 4.765293 0.000000 0.000000 
-21.811449 136.836792 -3.494392 -7.779121 4.798892 0.000000 0.000000 
-21.057358 137.023163 -0.366470 -7.964180 7.313217 0.000000 0.000000 
-20.750811 137.115692 -1.156545 -11.912248 5.035079 0.000000 0.000000 
-22.521507 137.306824 0.061910 -10.964699 5.274154 0.000000 0.000000 
-23.355402 137.229736 -2.696336 -7.005035 7.263179 0.000000 0.000000 
-22.805428 137.346710 -1.748445 -9.539948 5.923881 0.000000 0.000000 
-22.925413 139.093201 4.235887 -8.940559 6.626113 0.000000 0.000000 
-23.028658 139.434052 -3.905938 -1.654427 8.953777 0.000000 0.000000 
-22.722147 139.488190 -3.713984 -0.978607 8.867512 0.000000 0.000000 
-22.341955 139.781799 -2.158652 -8.944595 5.027923 0.000000 0.000000 
-23.246580 139.753693 -3.106683 -4.224777 9.482674 0.000000 0.000000 
-22.977419 139.807098 3.161563 -2.953209 8.505268 0.000000 0.000000 
-22.679211 139.928558 -6.231610 0.101929 10.592976 0.000000 0.000000 
-23.330915 140.097351 -2.486944 -7.099846 6.363914 0.000000 0.000000 
-23.401768 140.247925 2.083159 -5.785713 7.152675 0.000000 0.000000 
-23.158426 140.294128 -6.983220 -9.210083 5.579528 0.000000 0.000000 
-23.769371 140.403320 4.106334 -9.782303 5.241951 0.000000 0.000000 
-21.599695 140.894012 -10.123896 -7.981361 7.885406 0.000000 0.000000 
-23.455276 140.640839 -10.806074 -2.428268 9.528351 0.000000 0.000000 
-22.552744 141.156281 3.979233 -1.761398 9.692047 0.000000 0.000000 
-23.954983 141.225769 -10.829657 -7.311821 7.116497 0.000000 0.000000 
-21.807207 141.629700 -6.824625 -8.453865 5.899642 0.000000 0.000000 
-24.479567 141.620331 2.198836 -12.014549 2.730308 0.000000 0.000000 
44.078533 139.408508 -2.720443 -4.850761 5.414787 0.000000 0.000000 
44.216522 139.443298 0.111471 -6.938156 4.037578 0.000000 0.000000 
-24.603281 144.783356 1.148366 -12.113510 2.975727 0.000000 0.000000 
-24.266197 145.107086 6.766968 -5.531960 7.697422 0.000000 0.000000 
-23.209869 145.435028 3.048661 -3.359756 8.525295 0.000000 0.000000 
-23.651749 145.406952 1.584192 -5.363808 6.210582 0.000000 0.000000 
-22.576345 145.605438 -7.271179 -4.479042 8.404606 0.000000 0.000000 
-23.860884 146.095032 -0.602304 -7.965424 6.183784 1.000000 1.000000 
-25.279207 145.907684 1.684927 -10.408806 3.799556 0.000000 0.000000 
-24.415325 146.787079 -11.956967 -7.905075 5.945804 0.000000 0.000000 
-23.699799 146.910522 -10.140599 -11.086754 5.844173 0.000000 0.000000 
-23.675915 147.116638 -9.841450 0.394562 11.090878 0.000000 0.000000 
-22.218681 147.778534 -2.412566 1.295746 13.844456 0.000000 0.000000 
-21.718401 147.868073 -4.722306 1.628189 15.423300 0.000000 0.000000 
-25.513870 148.002686 0.362376 -1.471313 10.761959 1.000000 1.000000 
-27.489267 148.089996 0.376690 -8.976395 4.377235 1.000000 1.000000 
-23.450960 151.539337 -2.039848 -9.361473 4.539009 0.000000 0.000000 
-24.647736 151.769653 0.300564 -10.511757 4.288444 0.000000 0.000000 
-24.999838 151.889130 4.017720 -8.810791 3.833717 0.000000 0.000000 
-24.316563 152.261963 -1.446130 -7.574974 5.492813 0.000000 0.000000 
-24.634684 152.609772 3.715359 0.038849 9.248562 0.000000 0.000000 
-23.342676 152.890381 -11.979947 -5.966942 7.588172 0.000000 0.000000 
-23.453402 152.895844 1.826274 -8.037666 6.747734 0.000000 0.000000 
-25.448120 152.724457 1.693481 -0.594421 7.803955 0.000000 0.000000 
-24.005669 153.023590 4.391679 1.165222 10.069527 0.000000 0.000000 
-27.949205 152.465942 -3.677714 -8.131897 4.654758 1.000000 1.000000 
-24.574053 153.082306 1.313634 -5.815155 5.599182 0.000000 0.000000 
-24.087982 153.502289 2.696512 -11.769142 4.540023 1.000000 1.000000 
-24.445080 153.524902 -1.852529 -2.769875 7.459854 0.000000 0.000000 
-22.956318 153.880585 -3.124099 -2.970428 6.694408 0.000000 0.000000 
-24.069349 153.746155 -1.335455 -4.689156 7.184112 0.000000 0.000000 
-25.727804 154.054230 -4.089747 -8.573120 4.894493 0.000000 0.000000 
-24.835669 154.246918 -4.730827 -10.130630 4.079704 0.000000 0.000000 
-29.958668 153.378052 10.780813 -5.217369 7.787059 0.000000 0.000000 
-24.300648 155.333954 -1.904498 -4.800163 7.902896 0.000000 0.000000 
-24.595552 155.434143 -2.159524 -8.913994 4.456916 0.000000 0.000000 
-31.315172 154.639252 11.397378 -4.939224 6.221393 0.000000 0.000000 
-31.385525 154.880798 9.509077 -4.303726 8.096634 0.000000 0.000000 
-31.219690 155.188599 12.085034 -3.980377 7.214160 0.000000 0.000000 
-30.607016 155.323853 11.227093 -5.838593 7.074565 0.000000 0.000000 
-33.066750 154.992584 12.212281 -4.396606 6.724399 0.000000 0.000000 
-32.050068 155.299561 8.250606 -8.209656 5.144020 0.000000 0.000000 
-25.443548 156.886261 -1.613226 -9.004807 4.619079 1.000000 1.000000 
-26.770281 157.191742 -2.553167 0.785652 10.236294 0.000000 0.000000 
-30.426758 156.856995 11.240307 0.046394 11.203518 0.000000 0.000000 
-26.338646 157.975220 -4.495089 -0.630318 9.887234 0.000000 0.000000 
-25.748802 158.116943 -2.011464 2.869209 11.671974 0.000000 0.000000 
-26.076281 158.081329 -2.570697 1.596321 10.912655 0.000000 0.000000 
-27.609491 157.945709 -2.570088 -5.951904 6.617809 0.000000 0.000000 
-25.814835 158.479706 -3.606305 -9.245461 3.976882 1.000000 1.000000 
-26.224962 158.531128 -0.218249 -3.652122 7.686073 0.000000 0.000000 
-25.901077 158.767273 -1.604328 -2.460693 6.832141 0.000000 0.000000 
-33.379856 157.453979 12.471023 -3.273338 9.165478 0.000000 0.000000 
-24.506477 159.234039 -2.960035 2.445679 10.838428 0.000000 0.000000 
-24.376568 159.259827 -5.890201 -1.549004 7.877422 0.000000 0.000000 
-24.895559 159.276031 -2.197429 1.101990 11.544140 1.000000 1.000000 
-25.607300 159.725830 -2.160690 6.296227 13.918285 0.000000 0.000000 
-24.250751 159.945251 -4.115887 4.649689 15.054922 0.000000 0.000000 
-24.920834 159.974182 -2.651247 2.246819 14.815834 0.000000 0.000000 
-25.055397 160.011841 -2.024462 -2.117371 7.446731 0.000000 0.000000 
-25.989603 159.873779 -2.542723 -3.922256 8.387440 0.000000 0.000000 
-24.069805 160.336548 -1.579630 -7.689766 3.748870 1.000000 1.000000 
-29.018921 159.671082 -0.903208 -7.201378 5.745574 0.000000 0.000000 
-23.813675 160.756653 0.893250 -3.665520 5.998443 1.000000 1.000000 
-24.306330 161.014282 6.256145 -1.825569 8.180080 0.000000 0.000000 
-25.188076 161.215698 -4.342704 -5.000412 5.756526 0.000000 0.000000 
-24.196205 161.428070 -1.194640 0.626648 10.312683 0.000000 0.000000 
-24.777910 161.420563 1.803031 10.051704 16.588982 0.000000 0.000000 
-24.245186 161.517822 3.607107 2.049637 10.514637 0.000000 0.000000 
-24.341711 161.876709 -8.610839 -3.798050 5.258136 0.000000 0.000000 
-24.104050 162.139069 2.817501 -5.544579 6.209861 0.000000 0.000000 
-26.531641 161.964508 -3.144439 -3.952568 7.321338 0.000000 0.000000 
-24.269079 162.421539 0.308001 -2.664719 6.381946 0.000000 0.000000 
-25.054886 162.643250 -0.564186 -7.880310 5.597347 0.000000 0.000000 
-24.446354 162.995392 -0.321422 -6.263428 5.632453 0.000000 0.000000 
-22.855152 163.799591 -2.009943 -9.858284 4.818222 0.000000 0.000000 
-24.255787 163.678070 -1.970555 -7.765366 5.055870 0.000000 0.000000 
-25.531294 164.743988 -0.856604 -6.732094 3.956024 0.000000 0.000000 
-24.905899 165.112152 -1.925389 -6.927673 3.957195 0.000000 0.000000 
-25.651133 165.268250 -2.195440 -10.613304 3.298664 0.000000 0.000000 
-25.280285 165.508911 1.271948 -5.753296 3.938682 1.000000 1.000000 
-26.319578 165.565979 -1.543132 -8.995277 4.567710 0.000000 0.000000 
-25.430323 165.980225 -2.375784 -0.766838 8.683681 0.000000 0.000000 
-26.139776 165.946594 -2.246792 -5.382805 5.894435 0.000000 0.000000 
-24.586771 166.191895 -0.874282 -2.366943 6.747196 0.000000 0.000000 
-24.964209 166.591309 -0.147299 -6.179947 5.509971 0.000000 0.000000 
-25.921429 166.478851 2.889777 -7.254974 4.391353 0.000000 0.000000 
-25.299419 166.783813 0.605686 4.953346 10.466576 0.000000 0.000000 
-25.717031 166.806000 3.664612 -4.817116 4.783702 0.000000 0.000000 
-25.519825 166.840576 2.735708 -3.066650 6.115276 0.000000 0.000000 
-24.858778 167.459290 -1.694334 -5.763969 2.536323 1.000000 1.000000 
-24.603027 167.522644 6.109389 -3.404930 8.794079 0.000000 0.000000 
-23.518158 167.786865 7.075582 -4.264908 9.107189 0.000000 0.000000 
-23.338552 167.859131 7.056886 -1.846130 9.314671 0.000000 0.000000 
-25.298344 167.692719 -4.475305 -4.269531 4.165164 0.000000 0.000000 
-24.015074 167.964905 -1.997416 -6.637466 3.505271 0.000000 0.000000 
-25.231201 168.373566 -1.909210 2.927979 10.509369 0.000000 0.000000 
-25.644825 168.351837 -2.612152 -5.591911 4.573490 0.000000 0.000000 
-25.090755 168.481171 -2.453739 -0.225853 7.249218 0.000000 0.000000 
-27.200867 168.437622 -1.099609 -5.915749 4.091762 0.000000 0.000000 
-23.734680 169.340607 -1.391523 -3.376343 6.541461 0.000000 0.000000 
-23.794588 169.380768 -1.930045 -7.150032 3.115882 0.000000 0.000000 
-24.241852 169.681061 -3.062935 -8.078218 4.203247 0.000000 0.000000 
-23.812885 169.829590 -2.305105 -6.564529 4.531982 0.000000 0.000000 
-23.766109 169.936768 5.868791 -5.262283 4.923515 1.000000 1.000000 
-23.263060 170.305450 -9.319527 -6.685356 4.710704 0.000000 0.000000 
-24.324348 170.570923 4.754961 -0.898369 7.827571 0.000000 0.000000 
-25.147419 170.538147 4.507072 -0.820702 7.619480 0.000000 0.000000 
-24.890278 170.726776 7.883310 -5.465431 5.557815 0.000000 0.000000 
-25.333477 170.889404 4.105593 -4.546753 4.975368 0.000000 0.000000 
-25.601198 171.283508 -2.684991 0.939026 9.306183 0.000000 0.000000 
-25.249615 171.455017 -1.747283 -2.166283 7.911781 0.000000 0.000000 
-25.536654 171.452362 -3.771440 3.753052 12.147770 0.000000 0.000000 
-25.459833 171.582550 -3.439162 -2.285423 7.875732 0.000000 0.000000 
-23.727886 172.038849 -7.647925 -3.924789 7.431156 0.000000 0.000000 
-23.987221 172.507080 3.260240 8.663048 14.822001 0.000000 0.000000 
-23.088089 172.693420 0.855033 -4.933548 6.403091 0.000000 0.000000 
-24.457127 172.868469 -2.866956 -7.542328 3.786560 1.000000 1.000000 
-25.006403 172.890167 4.772794 -3.429947 5.860820 0.000000 0.000000 
-23.943663 173.049683 -5.816424 -3.153419 5.877452 0.000000 0.000000 
-25.435150 172.884888 5.918677 -0.752129 7.236217 0.000000 0.000000 
-25.098320 173.256409 -0.659634 -7.404114 3.825302 1.000000 1.000000 
-26.430061 173.287750 -1.661075 -5.015762 6.288368 0.000000 0.000000 
-24.144476 173.791138 -0.690520 0.287376 8.482990 0.000000 0.000000 
-24.958630 173.675934 4.536485 2.786758 9.261013 1.000000 1.000000 
-23.451134 173.907990 -1.175288 -8.439903 2.932472 1.000000 1.000000 
-23.834198 173.994354 -1.782590 2.503563 10.571629 0.000000 0.000000 
-24.292124 173.960907 -2.655864 2.299484 9.917374 0.000000 0.000000 
-23.880693 174.155426 -1.291890 -1.255196 6.958595 0.000000 0.000000 
-23.934921 174.273834 -1.290284 -7.321541 2.501544 1.000000 1.000000 
-24.191229 174.607147 -0.740987 -3.037384 7.474094 0.000000 0.000000 
-25.207146 174.532501 -1.691399 -5.026421 4.665348 0.000000 0.000000 
-24.937357 174.601776 -0.575082 -3.769035 7.796875 0.000000 0.000000 
-23.700970 174.809875 -0.604645 -4.001366 6.651489 0.000000 0.000000 
-24.455088 175.297638 -2.072904 -8.151794 2.457756 0.000000 0.000000 
-24.984083 175.256714 -2.559160 -6.365349 3.767478 0.000000 0.000000 
-24.950609 175.389832 -2.722362 -3.461563 6.918708 0.000000 0.000000 
-25.192919 175.451752 -2.378097 -2.749947 5.291877 0.000000 0.000000 
-25.405071 175.725891 -2.334823 -4.805458 3.982234 0.000000 0.000000 
-25.507318 175.916901 -2.448209 -6.968773 2.915981 0.000000 0.000000 
-25.300360 176.167450 -2.335874 -7.782364 2.746776 0.000000 0.000000 
-25.504131 176.151154 -3.312172 -6.518066 2.687267 0.000000 0.000000 
-24.588980 177.116119 -2.624111 -9.494699 3.309524 0.000000 0.000000 
-25.200235 177.152191 -3.067645 -6.409103 4.182682 1.000000 1.000000 
-24.382931 177.838318 -2.124491 -0.824120 6.692581 0.000000 0.000000 
-25.745373 177.661377 -2.753945 1.746330 8.230972 0.000000 0.000000 
-26.041052 177.706604 3.647000 -4.440636 3.438240 0.000000 0.000000 
-24.753325 177.941895 -2.424735 -1.757744 7.273567 0.000000 0.000000 
-26.747126 178.791260 6.274822 -5.704964 2.777977 1.000000 1.000000 
-25.886276 179.714905 -2.921180 -4.859726 5.467048 1.000000 1.000000 
-23.950951 180.178375 -9.316452 -6.423378 3.972476 0.000000 0.000000 
-24.908920 180.307983 -2.251444 8.166405 14.636774 0.000000 0.000000 
-24.731514 180.408722 -2.359168 8.058028 15.241720 0.000000 0.000000 
-23.364416 180.683807 0.835493 -9.609077 2.101985 1.000000 1.000000 
-25.440931 180.490112 -1.608283 6.578300 13.364525 0.000000 0.000000 
-24.085264 180.780701 -2.489168 -6.789261 2.275295 0.000000 0.000000 
-23.492889 181.048889 -3.413707 -9.192329 3.435337 0.000000 0.000000 
-24.615122 180.907898 -2.303217 -3.807625 6.771026 0.000000 0.000000 
-24.291433 180.952820 -3.721296 -1.577538 7.944484 0.000000 0.000000 
-24.347511 181.385345 3.639132 -4.469719 4.172710 0.000000 0.000000 
-23.799114 181.963898 -4.316847 -6.897163 4.974063 0.000000 0.000000 
-25.463066 181.810944 -0.976574 -0.457191 8.290714 0.000000 0.000000 
-24.652287 182.462463 -2.933539 -2.701996 4.760929 0.000000 0.000000 
-24.679394 183.193024 -0.291437 -2.381561 4.449634 0.000000 0.000000 
-26.404106 183.355408 0.731798 -7.104858 2.192863 0.000000 0.000000 
-26.591602 183.739563 -1.235038 -4.333260 2.949569 0.000000 0.000000 
-24.315962 184.971680 -8.225986 -6.348946 3.493541 0.000000 0.000000 
-27.339127 185.168762 8.606135 -3.967148 4.191421 0.000000 0.000000 
-25.786062 185.614288 2.750869 -7.389442 2.593391 1.000000 1.000000 
-26.537180 185.582184 9.388600 -6.516602 4.757366 0.000000 0.000000 
-27.199205 186.497986 3.521348 -7.147636 2.979492 0.000000 0.000000 
-26.508186 186.849579 4.715528 -1.498619 6.885620 0.000000 0.000000 
-25.453814 187.065857 0.386599 -4.626434 5.597156 0.000000 0.000000 
-25.519735 187.355530 -8.563705 -4.772430 3.846714 0.000000 0.000000 
-27.818468 187.482269 6.826442 -2.868088 5.325988 0.000000 0.000000 
-27.527451 187.611359 7.064081 -1.887741 5.744644 0.000000 0.000000 
-26.751400 188.988281 1.011324 -5.046288 3.797748 1.000000 1.000000 
-25.635559 192.267975 -0.004283 -3.247513 4.075912 0.000000 0.000000 
-25.316353 192.442108 -2.990052 -2.253464 5.889556 0.000000 0.000000 
-29.769485 198.088928 -0.773698 -5.072517 4.250022 0.000000 0.000000 
-27.923237 207.653351 -3.331056 -4.061012 4.028419 0.000000 0.000000 
-30.498575 207.305847 7.652026 -5.263550 5.730583 0.000000 0.000000 
-34.487919 249.962860 0.009170 -1.187439 1.718719 0.000000 0.000000 
