ply
format ascii 1.0
comment Created by CloudCompare v2.14.beta (Feb  3 2026)
comment Created 2026-04-22T15:43:13
obj_info Generated by CloudCompare!
element vertex 1607
property float x
property float y
property float z
property float rcs
property float snr
property float v
property float label
end_header
7.439220 -35.100601 -10.772455 1.946732 27.836771 0.000000 1.000000 
34.079807 15.830546 -11.301129 -1.415718 21.996834 0.000000 1.000000 
41.677670 -0.578465 -11.894403 11.925171 34.124916 0.000000 1.000000 
5.952634 -41.975170 -17.321133 -1.307899 23.276937 0.000000 1.000000 
-4.505698 -60.400677 -12.546659 -1.842072 18.230263 0.000000 1.000000 
59.362041 -29.147041 -12.622931 0.448845 18.089668 0.000000 1.000000 
57.488342 31.419636 -17.883915 8.035301 19.106998 0.000000 1.000000 
13.976884 -72.244843 -17.680992 6.497444 19.630474 0.000000 1.000000 
114.543655 -6.540692 -20.545971 11.646605 18.671902 0.000000 1.000000 
114.638695 -6.305184 -18.259064 11.524071 18.557678 0.000000 1.000000 
8.400242 27.876743 -10.640652 -14.517609 21.061806 0.000000 1.000000 
24.420057 14.840459 -11.196484 4.206398 23.722879 0.000000 1.000000 
-13.361124 29.518728 -11.244388 -12.424446 20.054874 0.000000 1.000000 
-11.594133 31.824518 -12.161991 -14.850746 20.500534 0.000000 1.000000 
5.998719 40.114170 -13.927158 -17.069183 18.064537 0.000000 1.000000 
7.469654 49.596039 -19.379196 -19.811340 10.036842 0.000000 1.000000 
8.069133 49.499657 -18.875290 -20.238945 11.273743 0.000000 1.000000 
7.471638 50.540394 -18.237642 -22.186790 12.378845 0.000000 1.000000 
-25.937626 49.493298 -20.820599 -8.742912 16.717339 0.000000 1.000000 
-18.237272 54.240540 -21.303453 -7.636414 21.047089 0.000000 1.000000 
-18.602217 54.127575 -21.395100 -11.424881 18.305294 0.000000 1.000000 
-30.673512 60.027344 -22.540241 -5.591530 17.308441 0.000000 1.000000 
-31.177855 59.820095 -17.062757 -8.608154 13.913773 0.000000 1.000000 
-10.974991 75.095772 -26.922564 -10.942491 14.508846 0.000000 1.000000 
-35.369511 73.113586 -31.864016 -6.940048 10.727108 0.000000 1.000000 
-35.241501 73.504883 -32.638813 -9.746324 10.508411 0.000000 1.000000 
-29.964117 78.897392 -29.250053 -2.899605 17.210987 0.000000 1.000000 
-20.621328 86.070702 -30.973129 -9.122125 13.976620 0.000000 1.000000 
-31.365654 98.620628 -33.773209 -7.989281 11.549389 0.000000 1.000000 
-42.433517 104.279495 -45.585728 -7.329788 9.707520 0.000000 1.000000 
48.691353 109.894539 -32.609982 -8.216331 7.363938 0.000000 1.000000 
-35.338402 120.937096 -40.423820 -7.782349 8.817425 0.000000 1.000000 
-33.713043 121.568871 -43.500881 -5.551743 8.850933 0.000000 1.000000 
-35.665771 121.286324 -38.858162 -9.624878 6.860245 0.000000 1.000000 
-33.042301 197.635956 -72.925636 -1.783432 4.392498 0.000000 1.000000 
-33.933777 199.003296 -24.733185 1.707375 6.371617 0.000000 1.000000 
66.234268 10.444523 21.144587 6.113548 18.911839 0.000000 1.000000 
61.661369 -29.036339 28.665668 3.314552 18.029018 0.000000 1.000000 
4.858479 -110.212898 24.972635 6.511719 14.370583 0.000000 1.000000 
185.299362 64.807701 26.445290 24.851593 16.644451 0.000000 1.000000 
193.559921 60.861229 28.027534 21.982559 14.920971 0.000000 1.000000 
8.985776 58.450905 23.630896 -18.237129 12.366669 0.000000 1.000000 
-22.680107 61.364307 25.866915 -7.101982 17.444954 0.000000 1.000000 
-9.949292 73.320129 21.784914 -6.616973 17.626274 0.000000 1.000000 
-30.055626 69.826492 23.047918 -7.362000 15.009499 0.000000 1.000000 
-14.436009 78.520493 32.479252 -16.883781 11.437969 0.000000 1.000000 
33.041023 79.472107 33.947598 -6.716736 14.307220 0.000000 1.000000 
-33.820240 116.428162 37.505527 -9.740379 6.306466 0.000000 1.000000 
60.749969 108.442146 35.176476 -5.093048 6.468159 0.000000 1.000000 
41.535595 153.258331 29.837793 -5.607658 6.449318 1.000000 1.000000 
42.594753 154.275269 30.896488 -1.740303 9.992275 0.000000 1.000000 
-20.838318 126.350121 -7.788201 -7.212966 8.357624 1.000000 1.000000 
6.698405 135.591431 -6.579010 -3.361320 11.959423 1.000000 1.000000 
-23.382427 141.832520 -9.503443 -4.933472 7.201104 1.000000 1.000000 
-23.801111 148.121765 -11.024539 -7.950562 5.956078 1.000000 1.000000 
-22.379332 149.127686 -6.166836 -7.478508 4.333645 1.000000 1.000000 
-23.752041 158.653839 -8.403378 -7.656647 4.602925 1.000000 1.000000 
6.716603 35.012634 -7.012207 -17.857170 17.835789 1.000000 1.000000 
20.428995 61.371536 -7.295282 -17.365730 9.097759 1.000000 1.000000 
26.474987 59.821667 -4.892877 -9.608551 11.519245 1.000000 1.000000 
-30.638559 69.078087 -6.962734 -6.465256 14.975719 1.000000 1.000000 
-13.852506 82.639740 -8.024673 -6.525703 13.877415 1.000000 1.000000 
-8.909637 -15.560543 -1.437953 -10.854974 22.903368 1.000000 1.000000 
-9.022785 -24.280739 -1.205076 -10.065559 18.297680 1.000000 1.000000 
0.079327 -9.332529 -2.583625 -17.641235 26.179207 1.000000 1.000000 
-9.531930 -20.590858 -0.827012 -4.042480 22.247272 1.000000 1.000000 
-8.771594 -22.582237 -3.078973 -4.939987 22.944908 1.000000 1.000000 
7.220499 48.151619 5.895514 -13.071640 16.417717 1.000000 1.000000 
7.906092 56.160076 4.454448 -12.422729 14.969524 1.000000 1.000000 
8.214004 69.023705 5.156247 -11.153938 12.899982 1.000000 1.000000 
-35.784267 61.620049 3.620152 -4.573265 13.060726 1.000000 1.000000 
-9.900103 75.019920 6.272641 -9.812042 14.529312 1.000000 1.000000 
-22.431595 73.734009 10.681396 -5.487854 13.519512 1.000000 1.000000 
55.862152 53.767315 3.277081 3.130928 8.427967 1.000000 1.000000 
-22.834972 75.384712 10.898079 -3.808075 16.793369 1.000000 1.000000 
59.475571 52.549622 4.342918 3.051910 12.240314 1.000000 1.000000 
50.467777 68.084526 14.045148 12.407578 21.893806 1.000000 1.000000 
54.059044 71.294823 14.077812 1.268326 16.801193 1.000000 1.000000 
-31.932238 99.233131 11.170104 -13.490768 5.876549 1.000000 1.000000 
-23.406088 119.210434 8.969788 -3.297897 9.865726 1.000000 1.000000 
-31.696110 157.151672 11.813309 -5.468575 4.925057 1.000000 1.000000 
2.691219 -7.656271 0.783161 -21.550812 24.465851 1.000000 1.000000 
5.159817 -7.294611 -0.274197 -12.120338 30.953739 1.000000 1.000000 
8.968216 -2.251455 0.674896 -20.360008 24.041901 1.000000 1.000000 
9.878704 -7.245462 0.112733 -17.534607 20.862282 1.000000 1.000000 
-0.222414 -7.451916 0.345363 3.277473 49.502403 1.000000 0.000000 
-0.266488 -7.466986 -0.366057 4.291008 51.455578 1.000000 0.000000 
-0.616554 -7.580441 -0.585529 -5.573303 43.516346 1.000000 0.000000 
-0.389557 -7.698150 -0.833887 -1.663105 46.308716 1.000000 0.000000 
-0.965392 -7.923692 -0.410585 -9.127557 42.960236 1.000000 0.000000 
0.622721 -7.880623 -0.415412 -16.525642 32.265156 1.000000 0.000000 
-0.127165 -8.294674 -0.946423 -20.941566 26.890429 1.000000 0.000000 
-0.006269 -8.393845 -0.649353 -20.519203 25.234970 1.000000 0.000000 
-0.612836 -9.561258 -0.805244 -17.922920 27.056492 1.000000 0.000000 
-0.780711 -10.524434 -0.776259 -11.401810 34.442638 1.000000 0.000000 
-0.680511 -11.456072 -0.847524 -8.869659 33.959019 1.000000 0.000000 
0.481289 -13.572469 -0.528426 -11.910065 29.166153 1.000000 0.000000 
0.470353 -13.736471 -0.441660 -13.443779 26.120152 1.000000 0.000000 
-13.723398 -9.052960 -0.022238 -11.305336 23.841438 1.000000 0.000000 
-8.890555 -14.580080 0.572498 -5.094284 31.129848 1.000000 0.000000 
-9.367160 -14.576123 1.382534 -1.163902 36.582466 1.000000 0.000000 
-9.337840 -15.158351 0.091289 -16.176506 20.840824 1.000000 0.000000 
-9.430944 -15.101935 1.731442 6.371094 40.365669 1.000000 0.000000 
-9.465531 -15.765977 1.205022 -13.030449 22.100277 1.000000 0.000000 
-11.140263 -14.699103 0.853618 -4.093627 29.304329 1.000000 0.000000 
-9.445127 -15.835855 1.334244 -13.712730 24.241085 1.000000 0.000000 
-9.694564 -15.993566 0.956425 -14.434013 20.357086 1.000000 0.000000 
-9.457683 -16.139635 0.777580 -8.506584 23.948591 1.000000 0.000000 
-11.328203 -14.910185 1.588398 -5.510025 26.067207 1.000000 0.000000 
-9.741594 -16.219524 0.151762 -12.729164 19.973511 1.000000 0.000000 
-9.715938 -16.315779 0.634422 -12.162567 20.745724 1.000000 0.000000 
-10.056343 -16.525454 0.826975 -14.268539 19.111286 1.000000 0.000000 
-8.817519 -22.661297 1.047597 -2.090401 26.584730 1.000000 0.000000 
-8.960333 -23.322689 0.582712 -6.654090 22.507034 1.000000 0.000000 
-9.011321 -24.056072 1.775912 -5.562110 22.644398 1.000000 0.000000 
0.156875 -7.448690 -0.272003 1.411293 45.620285 1.000000 0.000000 
0.154127 -7.454604 -0.313274 2.718998 47.228798 1.000000 0.000000 
-0.039430 -7.442122 -0.378064 0.406410 45.341980 1.000000 0.000000 
0.407961 -7.697531 -0.252849 -6.028824 42.352467 1.000000 0.000000 
0.551835 -7.883364 -0.502734 -2.382301 41.862282 1.000000 0.000000 
0.639802 -7.938681 -0.496655 0.063816 44.829231 1.000000 0.000000 
0.211343 -8.689831 -0.864533 -15.547760 27.529198 1.000000 0.000000 
-8.989950 -18.048958 0.591787 2.813347 33.684864 0.000000 0.000000 
-9.182113 -20.568810 -0.192595 -2.778702 26.218781 1.000000 0.000000 
-9.150874 -21.353596 0.135608 -8.069847 20.870350 1.000000 0.000000 
-8.917652 -22.276627 0.506535 -2.436317 25.520119 1.000000 0.000000 
-9.358680 -22.411419 0.289785 -1.270218 24.594875 1.000000 0.000000 
-0.038069 10.105371 0.096610 -20.446873 32.826057 1.000000 0.000000 
-0.847220 11.143988 0.004277 -12.578743 32.654091 0.000000 0.000000 
0.054721 12.105697 -0.019286 -12.342415 36.447407 0.000000 0.000000 
-0.505961 12.377518 0.047066 -11.859505 36.680710 1.000000 0.000000 
-3.678770 18.526510 0.501106 9.736984 44.800095 0.000000 0.000000 
-3.689629 18.772507 0.519792 7.665695 40.023132 0.000000 0.000000 
-4.795372 20.925438 -0.563612 2.946999 38.563370 0.000000 0.000000 
-4.822823 20.950895 -0.540805 3.397690 39.780792 0.000000 0.000000 
-0.676722 21.992550 -0.614037 -5.376785 35.573997 0.000000 0.000000 
0.248315 22.205547 -0.801854 2.570320 33.593784 1.000000 0.000000 
-5.031243 21.633583 -0.600054 0.210815 36.903976 1.000000 0.000000 
0.141895 22.544821 -0.874974 -3.934631 26.396065 0.000000 0.000000 
-0.037418 22.542477 -0.887802 -13.424683 16.783279 1.000000 0.000000 
0.286391 22.864706 -0.818775 19.424629 48.263836 0.000000 0.000000 
0.259507 22.980768 -0.837888 18.026360 47.061123 0.000000 0.000000 
0.035528 23.252253 -0.757520 -6.341011 26.828835 0.000000 0.000000 
0.076570 23.629757 -0.904872 -11.000801 23.599798 1.000000 0.000000 
0.995676 28.038212 2.432008 -17.966011 24.502911 0.000000 0.000000 
0.136774 28.613863 0.039022 -28.513023 9.280132 1.000000 0.000000 
-0.124603 29.323967 -1.340834 -12.566132 26.478165 0.000000 0.000000 
0.099969 29.379791 3.807341 -14.689674 25.250237 0.000000 0.000000 
0.097803 29.784121 -1.405718 -14.650032 25.349016 0.000000 0.000000 
-0.135033 30.777796 -0.879677 -18.614960 22.829111 0.000000 0.000000 
-0.463322 30.825836 -1.439690 -13.955681 25.812141 0.000000 0.000000 
0.084398 31.030502 -0.983917 -24.563156 11.614342 1.000000 0.000000 
0.075503 31.035553 -1.108524 -26.995964 10.158234 1.000000 0.000000 
0.110373 31.082314 -0.978670 -28.115402 9.566944 1.000000 0.000000 
0.110132 31.123222 -0.902334 -26.589531 11.201408 1.000000 0.000000 
-17.817905 40.692123 -0.214809 -20.423004 6.984536 1.000000 0.000000 
-17.608906 40.955757 -0.033198 -20.608078 5.172734 1.000000 0.000000 
-17.168221 41.181309 1.566051 -12.894012 12.557755 1.000000 0.000000 
-17.855991 40.859924 0.264668 -14.384544 9.719631 1.000000 0.000000 
-17.237125 42.428375 1.734731 -21.616730 5.609292 1.000000 0.000000 
-17.171576 42.608475 1.178389 -14.605492 13.137917 1.000000 0.000000 
-17.598724 42.423351 1.519519 -5.116867 19.119083 1.000000 0.000000 
-17.629435 42.411510 1.496978 -12.934227 13.172260 1.000000 0.000000 
-17.736225 42.395733 1.681173 -7.878562 17.326611 1.000000 0.000000 
-17.244961 42.782269 2.046135 -14.878761 11.476158 1.000000 0.000000 
-17.724977 42.625942 1.720124 -16.801880 9.107246 1.000000 0.000000 
-17.711641 42.743958 1.659767 -15.576965 9.878723 1.000000 0.000000 
-17.612011 42.883888 1.803332 -14.660088 12.115555 1.000000 0.000000 
-17.852346 42.824455 1.504547 -16.851585 10.078373 1.000000 0.000000 
-18.124767 43.479034 1.385816 -19.577957 6.530858 1.000000 0.000000 
-18.605637 43.732399 1.410693 -18.415695 6.657372 1.000000 0.000000 
-13.487062 76.937317 -1.903644 -13.849663 6.860978 1.000000 0.000000 
-13.627064 77.817909 -1.431451 -18.247513 3.798966 1.000000 0.000000 
-13.615713 78.113815 -1.685691 -12.843506 8.270557 1.000000 0.000000 
-13.990181 78.076210 -1.982597 -3.251938 16.717896 1.000000 0.000000 
-13.446774 78.181328 -1.077333 -12.538910 11.923367 1.000000 0.000000 
-14.052501 78.075371 -1.453685 -10.771005 13.520164 1.000000 0.000000 
-14.676400 77.991539 -2.476794 -4.529449 17.235767 1.000000 0.000000 
-13.941114 78.137764 -1.843781 -14.964729 9.843166 1.000000 0.000000 
-15.293499 77.932602 -2.704243 -2.610611 18.033463 1.000000 0.000000 
-15.464287 77.901344 -2.301652 -10.580368 8.957535 1.000000 0.000000 
-13.777643 78.261497 0.005142 -14.384995 11.183270 1.000000 0.000000 
-12.637527 78.526115 -1.485284 -14.319572 5.119568 1.000000 0.000000 
-13.407637 78.704857 -1.139006 -6.984985 13.190693 1.000000 0.000000 
-13.169907 78.781761 -1.658982 -15.905304 6.996686 1.000000 0.000000 
-13.525330 79.144264 0.471856 -17.212540 4.904427 1.000000 0.000000 
-12.743385 79.285591 -1.038692 -13.287903 6.553822 1.000000 0.000000 
-13.112033 79.224113 -1.367157 -17.274010 3.947708 1.000000 0.000000 
-13.035387 79.241859 -1.231028 -11.232376 8.842392 1.000000 0.000000 
-14.628949 79.188927 -1.653152 -9.472900 9.024242 1.000000 0.000000 
-12.909039 79.712425 -1.477059 -7.938004 12.845852 1.000000 0.000000 
-13.108351 79.789330 -1.891539 -6.897720 11.853104 1.000000 0.000000 
-13.047865 79.969193 -1.522634 0.738014 18.271015 1.000000 0.000000 
-13.008500 80.113602 -1.706162 -11.767326 8.587372 1.000000 0.000000 
-13.238856 80.081123 -2.370193 -5.095848 14.173141 1.000000 0.000000 
-13.170011 80.161057 -1.604914 -4.459084 14.732716 1.000000 0.000000 
-13.257434 80.326759 -1.484652 -17.403969 4.585854 1.000000 0.000000 
-13.347639 80.405853 -1.259699 -5.745255 12.948715 1.000000 0.000000 
-13.043458 80.582733 -0.982077 -5.893494 12.751434 1.000000 0.000000 
-13.238345 80.608505 -1.180977 -10.707512 7.216687 1.000000 0.000000 
-13.042343 80.650826 -1.257715 -9.826936 9.471886 1.000000 0.000000 
-13.076531 80.744324 -1.656238 -13.822601 7.341660 1.000000 0.000000 
-13.203685 80.827446 -2.498092 -6.905754 16.314728 1.000000 0.000000 
-13.064873 80.964478 -1.559731 -14.208557 6.403050 1.000000 0.000000 
-11.918819 81.152832 10.280355 -15.524712 10.515213 0.000000 0.000000 
-13.291029 81.131348 -1.364103 -15.886734 4.780335 1.000000 0.000000 
-13.343760 81.150360 -1.361146 -1.928902 15.327351 1.000000 0.000000 
-13.191895 81.299683 -1.525444 -13.679138 7.135499 1.000000 0.000000 
-13.354407 81.325630 -1.559972 0.093231 17.322643 1.000000 0.000000 
-13.429679 81.361382 -1.422974 1.011276 19.989017 1.000000 0.000000 
-13.324132 81.383339 -0.778973 -7.173485 11.836185 1.000000 0.000000 
-13.513527 81.429085 -1.132466 -7.505135 10.505985 1.000000 0.000000 
-13.442027 81.796539 -1.150092 -5.245697 13.063499 1.000000 0.000000 
-13.474166 81.857117 -0.897694 -19.223541 3.414044 1.000000 0.000000 
-13.591161 81.883408 1.629397 12.055840 28.288437 1.000000 0.000000 
-13.397318 82.089470 -2.549298 4.262077 24.042099 1.000000 0.000000 
-13.498962 82.104897 -3.151202 4.850327 23.967583 1.000000 0.000000 
-13.450558 82.130127 -2.846381 1.483055 23.776720 1.000000 0.000000 
-13.678413 82.154648 2.310114 16.039345 31.521597 1.000000 0.000000 
-13.500115 82.223450 -3.024554 0.912560 19.578815 1.000000 0.000000 
-13.362111 82.360703 -2.384873 -10.212785 10.025536 1.000000 0.000000 
-13.507771 82.438141 -0.356737 -15.153015 4.906125 1.000000 0.000000 
-13.548556 82.554810 -2.807056 -16.018547 6.711361 1.000000 0.000000 
-13.730938 82.588638 2.277352 16.956848 32.985672 1.000000 0.000000 
-13.721725 82.608238 3.575361 7.827332 24.843348 1.000000 0.000000 
-13.696853 82.636261 2.728327 -3.289009 13.251965 1.000000 0.000000 
-13.388062 82.795296 -0.411993 -6.842979 12.589157 1.000000 0.000000 
-13.522580 82.892487 -3.254465 -3.889458 16.413158 1.000000 0.000000 
-13.218966 83.115707 -1.052015 5.063377 21.780231 1.000000 0.000000 
-13.693480 83.184410 -0.445462 -7.043571 10.988598 1.000000 0.000000 
-13.372596 83.235863 -1.170340 3.686516 23.173988 1.000000 0.000000 
-13.301163 83.291641 -0.286116 -6.931922 12.036064 1.000000 0.000000 
-13.386110 83.459068 -1.931794 -10.676476 10.636108 1.000000 0.000000 
-13.843707 83.410126 2.560676 12.296883 27.929171 1.000000 0.000000 
-13.435431 83.477394 -0.061622 -5.043877 13.923248 1.000000 0.000000 
-13.433878 83.504906 -0.904054 -1.871384 14.258526 1.000000 0.000000 
-13.526971 83.505424 -0.380481 -2.915070 17.408035 1.000000 0.000000 
-13.581978 83.642395 -0.912106 -11.987747 6.896546 1.000000 0.000000 
-13.507974 83.659218 -1.399047 6.731094 24.144135 1.000000 0.000000 
-13.411148 83.684998 -1.415315 9.499672 26.317242 1.000000 0.000000 
-13.351738 83.781601 -1.365339 -3.771751 14.455437 1.000000 0.000000 
-13.677183 83.876122 -1.041069 1.217239 20.333092 1.000000 0.000000 
-13.336626 83.986481 -1.456581 10.307922 28.663849 1.000000 0.000000 
-13.486707 83.992439 -2.673883 -1.567383 15.030441 1.000000 0.000000 
-13.701360 83.953789 -0.226973 -15.776718 2.323204 1.000000 0.000000 
-13.259191 84.215569 -1.112184 -16.122269 5.103405 1.000000 0.000000 
-13.520443 84.219444 -0.127100 -3.405807 14.618031 1.000000 0.000000 
-13.580876 84.295212 -0.498905 -14.440170 2.233296 1.000000 0.000000 
-13.464742 84.390213 -1.426173 9.569527 27.456730 1.000000 0.000000 
-13.462174 84.427696 -1.178788 15.329872 33.124001 1.000000 0.000000 
-13.398942 84.450500 -1.020875 10.118979 27.359570 1.000000 0.000000 
-13.480455 84.648712 -1.419020 -7.376816 9.611916 1.000000 0.000000 
-13.603251 84.671051 -2.205754 -13.251343 6.982022 1.000000 0.000000 
-12.904975 84.977310 -1.327653 4.109673 24.945827 1.000000 0.000000 
-13.726407 84.877449 -0.599589 -13.359909 6.849823 1.000000 0.000000 
-13.382654 85.016266 -1.814768 6.307915 23.926565 1.000000 0.000000 
-13.246546 85.069382 -1.480202 4.874527 21.370926 1.000000 0.000000 
-13.172719 85.106010 -2.464286 -3.136757 15.779606 1.000000 0.000000 
-13.707188 85.031837 -0.593200 -9.190010 9.420647 1.000000 0.000000 
-14.011696 85.219719 -2.126074 3.219635 22.323441 1.000000 0.000000 
-13.747382 85.278198 -2.540825 2.198708 19.832302 1.000000 0.000000 
-13.472448 85.381615 -1.088433 -1.310600 17.501568 1.000000 0.000000 
-13.383456 85.428085 -0.940364 -13.667023 4.601113 1.000000 0.000000 
-13.192847 85.524025 -1.121956 0.543983 17.144287 1.000000 0.000000 
-12.877806 85.604881 -2.098646 -11.215988 11.736984 1.000000 0.000000 
-13.671412 85.476204 -1.518480 -6.626953 11.143890 1.000000 0.000000 
-13.305560 85.657974 -1.596125 -2.393135 18.205223 1.000000 0.000000 
-13.774851 85.580750 -1.460995 5.254730 20.183250 1.000000 0.000000 
-13.633307 85.604439 -0.292366 4.686111 20.746994 1.000000 0.000000 
-13.672377 85.677071 0.783041 0.661514 17.626308 1.000000 0.000000 
-13.598571 85.720139 -1.435596 8.307228 24.540903 1.000000 0.000000 
-13.682031 85.731361 -1.667038 -15.963699 5.136418 1.000000 0.000000 
-13.410918 85.788773 -0.615388 -17.300026 2.902920 1.000000 0.000000 
-13.792775 85.846840 -2.476288 -7.204238 10.518116 1.000000 0.000000 
-13.783978 85.947342 -2.276986 7.576416 23.853836 1.000000 0.000000 
-13.635051 85.981293 -2.110722 12.422699 28.325293 1.000000 0.000000 
-13.782417 86.013153 -2.138793 -6.337135 12.298267 1.000000 0.000000 
-13.608711 86.154343 -2.083570 8.744125 27.450323 1.000000 0.000000 
-13.694402 86.140327 -2.138790 10.188675 27.028921 1.000000 0.000000 
-13.130892 86.254944 -0.276714 -0.162590 16.112522 1.000000 0.000000 
-13.666404 86.164627 -1.437497 -4.599419 11.565216 1.000000 0.000000 
-13.933161 86.421318 -1.277841 -7.196465 11.404125 1.000000 0.000000 
-13.425557 86.633797 -0.852837 8.359505 28.483891 1.000000 0.000000 
-13.271553 86.754021 -0.766224 -13.872665 5.216599 1.000000 0.000000 
-13.626703 86.737633 -1.066881 9.481499 26.600937 1.000000 0.000000 
-13.200283 86.813782 -0.838183 3.493927 22.693226 1.000000 0.000000 
-13.576888 86.872658 -1.676341 1.574181 18.483006 1.000000 0.000000 
-13.887902 86.927551 -0.983668 -3.646240 13.053741 1.000000 0.000000 
-13.821229 87.009323 0.891316 3.450912 19.464699 1.000000 0.000000 
-14.173833 86.997574 -2.303953 -8.814514 8.832932 1.000000 0.000000 
-13.732530 87.129295 -0.826182 -17.559700 2.968140 1.000000 0.000000 
-13.129654 87.234192 -2.558489 -6.441254 13.733829 1.000000 0.000000 
-14.216187 87.323975 -0.642057 3.268486 19.725067 1.000000 0.000000 
-13.918066 87.416710 -1.050109 3.250404 22.734035 1.000000 0.000000 
-13.963794 87.420708 -0.839901 -7.727303 16.382069 1.000000 0.000000 
-13.732916 87.477348 -1.521544 -3.873047 13.751431 1.000000 0.000000 
-13.419157 87.567535 -2.237016 -5.720421 18.194897 1.000000 0.000000 
-14.036229 87.466019 -1.015260 -11.796524 5.931572 1.000000 0.000000 
-14.373613 87.455521 -1.756992 -10.966226 6.450772 1.000000 0.000000 
-13.307431 87.786224 -0.646734 -0.962074 16.438301 1.000000 0.000000 
-14.492117 87.594604 -0.812658 -8.862793 10.379528 1.000000 0.000000 
-13.647020 87.834969 -0.778976 -7.531509 13.698120 1.000000 0.000000 
-13.650441 87.902679 -1.701418 -9.911752 15.059052 1.000000 0.000000 
-14.464290 88.153641 -1.206957 3.343826 21.059120 1.000000 0.000000 
-14.120768 88.237480 -1.493498 -4.329399 15.705700 1.000000 0.000000 
-14.203397 88.247192 -1.323963 -4.330467 17.144241 1.000000 0.000000 
-14.186356 88.269356 -1.877887 -4.719360 15.427647 1.000000 0.000000 
-13.399243 88.431404 -2.923447 -9.324571 10.749123 1.000000 0.000000 
-13.913427 88.424751 -1.741138 -16.163582 6.978795 1.000000 0.000000 
-14.449799 88.604439 -1.662281 -14.925064 9.515038 1.000000 0.000000 
-14.284716 88.699089 -1.073873 -8.018486 16.796989 1.000000 0.000000 
-13.389655 88.877510 0.170009 1.218239 20.058208 1.000000 0.000000 
-13.934236 88.837738 -0.972545 6.314545 23.275558 1.000000 0.000000 
-14.435955 88.782242 0.263711 -10.116066 11.970737 1.000000 0.000000 
-13.522192 89.030441 -0.563493 1.688728 18.900543 1.000000 0.000000 
-13.374454 89.094200 -1.096467 5.728722 21.874310 1.000000 0.000000 
-14.387897 88.987099 -1.387339 -9.447708 9.425926 1.000000 0.000000 
-13.029072 89.242722 0.339499 -17.844528 2.109944 1.000000 0.000000 
-14.197156 89.061935 -1.262409 11.327576 26.008280 1.000000 0.000000 
-14.111882 89.092133 -0.793816 8.291946 23.151363 1.000000 0.000000 
-13.953465 89.378746 -0.375568 -15.689117 5.349614 1.000000 0.000000 
-13.464310 89.574287 0.715193 -2.646828 16.087177 1.000000 0.000000 
-13.538272 89.559044 -1.454214 -17.137550 3.083134 1.000000 0.000000 
-14.106543 89.505852 -0.986097 9.315689 26.362923 1.000000 0.000000 
-14.050021 89.560188 -1.255676 6.218895 24.108852 1.000000 0.000000 
-14.433474 89.525505 -0.726161 -7.505997 9.388832 1.000000 0.000000 
-14.312452 89.771042 0.112992 -2.233444 18.624680 1.000000 0.000000 
-14.150391 89.817696 -0.531197 4.612152 23.798378 1.000000 0.000000 
-13.616296 90.067787 -0.235929 -10.511177 10.486465 1.000000 0.000000 
-14.388182 89.969177 -0.830271 1.376961 25.671593 1.000000 0.000000 
-13.889153 90.068771 -0.789741 -1.733879 18.189857 1.000000 0.000000 
-13.317059 90.466904 -0.029059 -6.447998 12.989780 1.000000 0.000000 
-14.339687 90.360588 -1.315073 3.699829 20.271839 1.000000 0.000000 
-13.385619 90.560127 -2.055240 -4.353455 13.971725 1.000000 0.000000 
-13.930937 90.562897 -2.260923 1.507622 21.138027 1.000000 0.000000 
-13.811255 90.623055 -2.347023 -6.308617 14.303928 1.000000 0.000000 
-14.080226 90.591103 -1.541137 8.886032 24.907124 1.000000 0.000000 
-13.499231 90.745872 -1.176853 6.133377 23.093510 1.000000 0.000000 
-14.275087 90.725342 -0.829558 3.287781 20.480450 1.000000 0.000000 
-14.061466 90.790443 -0.293106 2.471886 19.380508 1.000000 0.000000 
-13.380759 91.031281 -1.618729 6.706680 24.556751 1.000000 0.000000 
-13.572255 91.083130 -1.533822 -5.177017 12.583847 1.000000 0.000000 
-13.843559 91.091606 -0.302747 -4.673775 13.610767 1.000000 0.000000 
-14.462999 91.269028 -3.255412 1.597702 21.764641 1.000000 0.000000 
-14.172561 91.320633 -2.553413 5.991730 24.371506 1.000000 0.000000 
-14.245490 91.335442 -4.350719 6.030457 24.101852 1.000000 0.000000 
-13.822589 91.431007 1.653987 1.413559 16.613552 1.000000 0.000000 
-14.457901 91.350067 -0.150045 -8.185822 12.500652 1.000000 0.000000 
-13.411320 91.770050 -1.287796 -0.816078 17.949722 1.000000 0.000000 
-13.635564 91.816963 -2.316503 -3.781616 13.271095 1.000000 0.000000 
-13.610241 91.820900 0.589215 2.873253 19.119308 1.000000 0.000000 
-14.984786 91.868294 -0.666898 -16.125946 8.161293 1.000000 0.000000 
-14.286825 91.988716 -0.118629 -12.788918 7.299111 1.000000 0.000000 
-13.610799 92.247887 -1.863713 -4.043839 13.614460 1.000000 0.000000 
-13.528949 92.321625 -0.864935 -13.017593 5.906193 1.000000 0.000000 
-13.960409 92.534676 0.006651 -8.426553 8.432888 1.000000 0.000000 
-13.835897 92.576210 -1.442690 -6.759270 12.179886 1.000000 0.000000 
-13.740527 92.600159 -1.609758 -4.021423 13.899933 1.000000 0.000000 
-13.935118 92.861633 -1.310006 -8.377693 9.061153 1.000000 0.000000 
-13.794772 92.893112 -0.608863 -12.792953 4.685769 1.000000 0.000000 
-14.158193 92.904999 -1.180380 -7.313179 9.658916 1.000000 0.000000 
-14.007040 92.960098 -0.966459 -7.982475 9.232597 1.000000 0.000000 
-13.818192 92.999252 -1.798188 -4.883797 10.409576 1.000000 0.000000 
-13.864983 93.217621 -1.539429 -9.587419 9.100800 1.000000 0.000000 
-13.910954 93.219902 -1.267959 -9.819595 7.578835 1.000000 0.000000 
-13.986259 93.366180 -1.608423 -16.483894 3.333363 1.000000 0.000000 
-13.988853 93.542511 -1.622224 -12.626320 6.572781 1.000000 0.000000 
-14.058828 93.709183 -1.685826 -12.441978 6.274716 1.000000 0.000000 
-13.781790 93.782555 -0.998330 -12.916435 4.627675 1.000000 0.000000 
-13.968920 94.426254 -1.441577 -17.870621 3.268807 1.000000 0.000000 
-15.037526 96.108200 3.882834 -5.734207 11.155033 1.000000 0.000000 
-6.668163 -20.391140 0.889928 -12.584999 22.815289 0.000000 0.000000 
-6.925997 -21.844913 1.492439 -9.013246 25.714512 0.000000 0.000000 
-6.394172 -22.920708 -0.451597 -3.329964 25.785540 0.000000 0.000000 
-7.179324 -24.650185 2.799532 -3.969841 27.010176 0.000000 0.000000 
-6.701982 -24.803406 1.783897 4.629242 32.616375 0.000000 0.000000 
-5.752504 -49.019611 0.099837 -0.003548 24.010553 0.000000 0.000000 
-5.959445 -55.169178 -1.030942 0.330101 20.598602 0.000000 0.000000 
-6.103748 -55.311596 0.079353 0.562134 19.391380 0.000000 0.000000 
-5.957127 -55.444790 1.445894 -1.845001 16.350887 0.000000 0.000000 
-5.877790 -61.196323 1.410489 2.806465 19.274254 0.000000 0.000000 
-6.313663 -61.289917 1.627114 2.585915 19.210571 0.000000 0.000000 
-30.080770 -1.385290 2.945359 -4.471344 24.853298 0.000000 0.000000 
-30.186153 -0.828679 2.223336 -1.767838 28.562233 0.000000 0.000000 
-29.451674 -7.726470 1.962398 -1.676994 26.436245 0.000000 0.000000 
-29.692158 -7.350465 2.330892 -3.651451 25.773464 0.000000 0.000000 
-35.124802 0.081913 2.248056 -0.719521 25.740927 0.000000 0.000000 
-40.438290 1.346758 1.678011 0.376015 24.311945 0.000000 0.000000 
-40.672222 1.621825 2.088203 4.215469 27.864204 0.000000 0.000000 
-40.780819 1.563781 2.377655 3.837517 28.599712 0.000000 0.000000 
-42.604599 3.889396 0.827650 1.537239 26.212944 0.000000 0.000000 
-47.739819 -3.803589 1.396326 1.799767 24.754387 0.000000 0.000000 
-6.572208 -6.618439 -0.360659 -9.817024 36.388226 0.000000 0.000000 
9.143117 -26.575993 1.057285 -0.955154 26.904696 0.000000 0.000000 
8.541025 -26.970501 0.030088 -3.513161 24.241837 0.000000 0.000000 
8.687016 -27.415047 0.697382 -7.067162 22.531231 0.000000 0.000000 
13.243389 -27.407887 -1.287664 -0.690002 26.909401 0.000000 0.000000 
13.407470 -27.387882 -1.469375 -2.339684 25.809376 0.000000 0.000000 
11.831629 -29.138016 -0.644347 0.031105 26.879448 0.000000 0.000000 
13.000145 -28.899166 -0.082960 2.709702 27.899845 0.000000 0.000000 
-8.282399 -31.618301 13.947397 -6.362358 22.039940 0.000000 0.000000 
8.745237 -34.795170 0.348013 12.777596 35.763184 0.000000 0.000000 
8.387687 -34.979889 -0.018506 15.326767 37.310738 0.000000 0.000000 
9.152362 -41.132206 0.960314 9.157784 32.601418 0.000000 0.000000 
8.627223 -41.312946 0.696957 9.530083 32.518486 0.000000 0.000000 
25.026852 -48.769459 -9.013306 3.385391 18.515614 0.000000 0.000000 
11.813221 -5.055523 -0.926092 -11.134377 31.146458 0.000000 0.000000 
8.704169 -11.289201 0.206703 -2.890511 35.298553 0.000000 0.000000 
11.402780 -11.055987 -2.254230 -10.398094 28.881184 0.000000 0.000000 
21.605534 -10.214396 -9.308372 -5.901969 25.538292 0.000000 0.000000 
7.627492 -34.159210 0.653831 3.973068 29.324596 0.000000 0.000000 
7.659809 -34.206814 0.292420 2.825356 27.472221 0.000000 0.000000 
7.559095 -35.134838 0.829709 2.514404 28.875687 0.000000 0.000000 
5.778189 -39.218563 3.333403 -4.651375 20.224899 0.000000 0.000000 
6.053470 -70.503311 3.755092 2.794525 18.279640 0.000000 0.000000 
8.085378 -21.135460 6.909594 -5.514404 26.747572 0.000000 0.000000 
8.332121 -21.130104 6.401649 -0.824799 29.035965 0.000000 0.000000 
8.650286 -10.341179 3.284760 -9.936737 29.411961 0.000000 0.000000 
8.624392 -10.472377 3.174484 -10.094185 30.097996 0.000000 0.000000 
10.844481 -11.246117 2.342658 -9.826280 28.312580 0.000000 0.000000 
7.835454 -20.971703 6.494164 0.742973 33.650414 0.000000 0.000000 
16.867002 -40.531845 1.634579 -0.784805 19.244480 0.000000 0.000000 
17.563896 -40.794151 3.983585 2.835312 22.993242 0.000000 0.000000 
9.306478 -56.989788 6.461420 4.505348 19.915676 0.000000 0.000000 
11.077033 -54.734871 5.362203 10.263878 32.256535 0.000000 0.000000 
10.870833 -54.862747 4.347377 13.447144 33.743690 0.000000 0.000000 
23.460709 -21.733582 -0.177436 3.105621 29.805321 0.000000 0.000000 
23.678305 -21.585335 0.854431 5.826424 31.903915 0.000000 0.000000 
30.241121 8.949654 1.413199 8.473732 31.526594 0.000000 0.000000 
30.393927 8.481920 0.593839 9.211945 31.856266 0.000000 0.000000 
32.349998 9.098866 -0.739571 17.115593 36.759399 0.000000 0.000000 
32.316982 9.210951 -0.917670 17.413193 38.961571 0.000000 0.000000 
32.394703 9.141551 -0.926781 20.440575 42.331886 0.000000 0.000000 
34.547180 8.502615 -0.947975 15.947121 37.200802 0.000000 0.000000 
34.651150 8.522775 -1.403276 15.569458 35.691978 0.000000 0.000000 
2.263736 4.797657 -0.021053 -28.414333 24.215744 0.000000 0.000000 
2.409651 4.828425 -0.024273 -27.899704 25.393955 0.000000 0.000000 
2.483656 5.379091 -0.066072 -36.538387 19.060997 0.000000 0.000000 
2.409607 6.003318 -0.050813 -39.663452 18.014477 0.000000 0.000000 
2.447307 6.538955 -0.065613 -38.582047 20.498226 0.000000 0.000000 
2.291571 6.959581 0.038808 -11.002706 43.821884 0.000000 0.000000 
2.318229 6.985155 0.042581 -11.139295 44.852234 0.000000 0.000000 
2.388631 7.448224 -0.078006 -26.741787 30.401321 0.000000 0.000000 
2.129876 18.061844 -0.042629 -12.376144 27.254299 1.000000 1.000000 
-6.017124 -0.998919 -0.731454 4.607262 54.731026 0.000000 0.000000 
-6.070059 -0.994154 -0.739617 6.872181 57.731552 0.000000 0.000000 
-6.828290 0.012747 0.159033 0.437569 48.527367 0.000000 0.000000 
-6.089581 2.258623 -0.987582 -11.290872 38.389050 0.000000 0.000000 
-6.939570 0.011525 0.171246 5.410683 53.997208 0.000000 0.000000 
2.416839 -7.153502 0.045431 -6.596733 41.336216 0.000000 0.000000 
2.567151 -7.674892 -0.064756 -4.646224 39.833099 0.000000 0.000000 
2.559582 -7.685555 -0.052553 -2.613708 40.858959 0.000000 0.000000 
2.309562 -8.080227 0.079755 -7.449523 37.894928 0.000000 0.000000 
2.381474 -8.086986 0.011585 -1.865120 42.824638 0.000000 0.000000 
2.751301 -8.094238 0.095158 -4.067268 41.510811 0.000000 0.000000 
2.274274 -8.587444 -0.027651 -21.258705 22.055248 1.000000 0.000000 
2.495505 -8.713954 -0.180456 -8.245750 36.254330 0.000000 0.000000 
2.506832 -8.904443 0.014166 -2.763184 38.322750 0.000000 0.000000 
2.502747 -8.953774 -0.004403 -1.980972 40.775955 0.000000 0.000000 
2.269676 -9.246828 0.049811 -11.712776 30.264877 0.000000 0.000000 
2.508706 -9.260308 -0.063175 -6.849770 35.904308 0.000000 0.000000 
2.375356 -9.465851 0.097697 0.110207 40.242733 0.000000 0.000000 
2.377195 -9.524110 0.068534 3.300980 44.907856 0.000000 0.000000 
2.335758 -10.274409 -0.262529 -6.381645 38.133171 0.000000 0.000000 
2.368959 -10.263943 -0.198323 -6.400032 37.615265 0.000000 0.000000 
2.333479 -10.523655 -0.199833 -7.270508 35.544556 0.000000 0.000000 
-6.323522 -9.471924 4.047046 -15.290718 28.433258 0.000000 0.000000 
2.382705 -10.782584 -0.435169 -5.763268 35.868366 0.000000 0.000000 
2.130720 -10.878291 -0.444065 -8.040588 34.439018 0.000000 0.000000 
2.190361 -11.055085 -0.280974 -4.826065 36.615082 0.000000 0.000000 
2.109552 -11.191833 -0.403937 -4.301094 37.699650 0.000000 0.000000 
-6.680175 -9.843345 3.020617 -14.213699 28.122320 0.000000 0.000000 
1.901457 -11.482852 -0.489758 -7.688140 36.368042 0.000000 0.000000 
2.222483 -11.526353 -0.034864 1.521301 42.643986 0.000000 0.000000 
2.219195 -11.591488 -0.058849 0.918594 40.760761 0.000000 0.000000 
2.013096 -11.740582 -0.059343 -2.458145 38.497265 0.000000 0.000000 
-6.733510 -10.855831 0.578154 -14.736465 26.988071 0.000000 0.000000 
-6.864541 -10.861769 0.493996 -10.977325 31.456867 0.000000 0.000000 
-6.688667 -11.166793 -0.301089 -10.215500 31.073700 0.000000 0.000000 
-6.555483 -11.254997 -0.278735 -15.815895 28.979988 0.000000 0.000000 
-6.440315 -11.660124 -2.313785 -13.349365 27.810900 0.000000 0.000000 
-6.801895 -11.637475 -0.107500 -11.022209 28.337534 0.000000 0.000000 
-6.448533 -11.959463 0.116709 -10.430580 30.759922 0.000000 0.000000 
-6.721455 -12.038031 0.065106 -7.919715 30.956535 0.000000 0.000000 
-6.783516 -12.256502 0.350510 -13.628311 29.364223 0.000000 0.000000 
-6.067408 -12.865269 -0.479899 -6.846008 32.784691 0.000000 0.000000 
-6.246367 -12.789321 -0.517745 -8.343849 32.859509 0.000000 0.000000 
-6.539296 -12.911231 0.584233 -6.224113 32.234104 0.000000 0.000000 
-6.480637 -13.049229 0.664467 -6.292557 31.076595 0.000000 0.000000 
-6.633020 -13.089526 -0.347373 -14.888489 25.085278 0.000000 0.000000 
-6.857980 -12.996313 0.012040 -13.136780 26.974356 0.000000 0.000000 
-6.148644 -13.578997 -0.159876 -17.850006 26.214703 0.000000 0.000000 
-6.303038 -13.667375 -0.661926 -15.932739 25.014818 0.000000 0.000000 
-6.440937 -13.726692 -0.426359 -13.853111 26.051769 0.000000 0.000000 
-6.575031 -13.927697 -0.428071 -14.705681 24.872723 0.000000 0.000000 
-6.715892 -13.911715 -1.674710 -15.817268 24.154337 0.000000 0.000000 
-6.331380 -14.553224 0.324012 -14.864731 24.707809 0.000000 0.000000 
-6.368424 -14.565959 0.293233 -16.248650 22.190708 0.000000 0.000000 
-6.275097 -15.044168 0.079857 -10.539842 24.689953 0.000000 0.000000 
-6.343878 -15.051012 0.410905 -10.620378 24.785053 0.000000 0.000000 
-6.622808 -15.156459 -0.411726 -11.062355 23.700615 0.000000 0.000000 
-6.343417 -15.545177 0.942957 -9.031448 27.039850 0.000000 0.000000 
-6.859087 -15.652126 1.906737 -10.573480 22.351551 0.000000 0.000000 
-6.797451 -15.686796 0.925942 -1.093185 32.817986 0.000000 0.000000 
-6.890233 -15.728734 0.808786 -6.709373 27.814005 0.000000 0.000000 
-6.446134 -16.257656 0.240223 -6.843330 24.576942 0.000000 0.000000 
-6.783927 -16.537895 -1.221394 -10.612634 22.823446 0.000000 0.000000 
-6.244712 -16.773178 -1.738843 -8.512733 23.106190 0.000000 0.000000 
-6.041987 -16.904154 -0.747320 -10.768456 24.236814 0.000000 0.000000 
-6.673145 -17.091099 -0.274264 -10.883377 20.654457 0.000000 0.000000 
-6.531273 -17.220200 0.121905 -10.127609 22.439377 0.000000 0.000000 
-18.245380 -2.080087 -0.540727 2.747147 41.649071 0.000000 0.000000 
-18.411345 -2.544945 -0.299849 1.064568 36.990017 0.000000 0.000000 
-18.679655 -2.109692 -0.210280 7.128464 43.147072 0.000000 0.000000 
-18.682673 -2.082790 -0.282626 7.680092 44.484367 0.000000 0.000000 
-6.666572 -18.678543 0.686631 -4.099220 29.719547 0.000000 0.000000 
-6.741428 -18.762722 0.484495 -3.571748 31.229271 0.000000 0.000000 
-6.442344 -18.983540 0.892309 -10.326660 24.927759 0.000000 0.000000 
-6.039725 -19.355125 -0.474594 -8.260812 26.348881 0.000000 0.000000 
-6.173381 -19.320541 -1.267675 -7.283569 25.421940 0.000000 0.000000 
-20.360771 -0.898938 -0.928728 5.279694 39.375607 0.000000 0.000000 
-20.360855 -0.859234 -0.985809 3.746651 37.961548 0.000000 0.000000 
-20.665226 3.201295 5.869578 -6.530296 26.574774 0.000000 0.000000 
-20.777266 3.226555 -0.843483 -1.512634 28.410290 0.000000 0.000000 
-21.282965 -0.803565 -0.087926 -11.414352 25.208668 0.000000 0.000000 
-20.968634 4.148191 -0.073420 -5.636978 25.145805 0.000000 0.000000 
-20.771366 4.898739 7.001112 -8.261765 25.587194 0.000000 0.000000 
-21.487856 3.518507 -5.010965 -2.501617 28.068407 0.000000 0.000000 
-19.909124 -11.058180 1.252891 -1.573502 32.117779 0.000000 1.000000 
-22.583384 4.346670 -5.338964 -7.053848 24.305435 0.000000 0.000000 
-22.993015 -4.172581 -4.078967 -7.954552 25.847246 0.000000 0.000000 
-23.439957 -3.938322 9.474045 -6.222191 26.283779 0.000000 1.000000 
8.449112 -22.001060 -8.126803 -10.471803 23.640364 0.000000 0.000000 
-23.483633 -3.847501 2.474416 -5.221176 28.435419 0.000000 0.000000 
-22.652161 6.527187 0.892239 -4.860123 26.544207 0.000000 0.000000 
-6.654642 -23.499733 -1.088743 -1.517776 29.037346 0.000000 1.000000 
8.320856 -22.883053 -1.305323 -7.172981 23.954428 0.000000 0.000000 
-6.299483 -24.409775 -0.345700 -12.668854 21.562038 0.000000 0.000000 
-6.935937 -24.698803 3.858690 -4.578522 26.256977 0.000000 0.000000 
7.762688 -24.603565 -3.078348 -4.895042 22.796967 0.000000 0.000000 
-6.063400 -25.646862 -2.750003 -10.147003 24.200905 0.000000 0.000000 
-21.966299 -15.001779 1.832224 -3.375038 25.713295 0.000000 1.000000 
-6.296641 -26.298893 -1.450114 -5.310935 25.090858 0.000000 0.000000 
-5.958501 -26.850166 -7.442195 -9.305618 21.721851 0.000000 0.000000 
-27.292831 -1.003379 4.317243 -10.255409 22.191692 0.000000 0.000000 
-27.559555 -2.526542 5.421259 -10.430771 23.620640 0.000000 1.000000 
9.954622 -26.222828 4.252555 -4.965385 24.361515 0.000000 0.000000 
9.376272 -26.466412 4.504782 -3.167336 27.128319 0.000000 0.000000 
-6.080588 -30.663288 1.355553 -3.691566 23.892986 0.000000 0.000000 
-9.202191 -30.140060 -0.004070 -3.336571 24.132996 0.000000 1.000000 
-28.842041 -13.251781 -4.798773 -4.249603 26.762926 0.000000 1.000000 
-21.258581 -23.759930 -0.065470 -2.016869 28.082323 0.000000 0.000000 
-20.644936 -24.571037 2.320225 4.133110 29.521217 0.000000 0.000000 
13.772074 -28.512627 0.323585 1.814224 28.557882 0.000000 0.000000 
-20.916735 -24.912792 4.811986 1.123756 27.088186 0.000000 0.000000 
-21.251284 -24.742214 2.764113 1.805359 28.665916 0.000000 0.000000 
-21.344915 -24.803223 -5.606561 0.019592 26.454651 0.000000 0.000000 
-10.799193 -32.854687 0.580098 -4.898659 22.467087 0.000000 1.000000 
-28.152805 -21.685150 2.901728 -3.861198 21.637253 0.000000 0.000000 
-36.840412 -1.943995 0.195359 -1.463882 25.497478 0.000000 0.000000 
-32.076927 -20.919975 11.890868 -6.072098 21.137154 0.000000 0.000000 
-38.621651 -2.134178 2.971395 -3.125313 23.136122 0.000000 0.000000 
-38.761890 -2.590731 2.849964 -0.445976 24.663921 0.000000 0.000000 
-38.715393 -3.906381 2.192397 -5.854103 21.924049 0.000000 0.000000 
-38.730713 -7.647432 14.734659 -2.872673 20.956490 0.000000 1.000000 
10.118271 -40.001606 8.054111 1.086670 21.735634 0.000000 0.000000 
10.678140 -40.193764 2.899896 -1.157310 21.644073 0.000000 0.000000 
13.925829 -39.227497 4.142708 -0.383835 21.813183 0.000000 0.000000 
7.295371 -41.829632 6.451048 1.626404 23.186121 0.000000 0.000000 
7.187546 -41.928200 8.170451 -0.023712 22.267227 0.000000 0.000000 
-38.575916 -19.655769 0.776731 3.880424 26.459494 0.000000 1.000000 
-38.801853 -19.476105 0.257535 7.567879 30.694134 0.000000 1.000000 
-47.354721 -4.858110 -4.325592 -4.695663 16.610096 0.000000 1.000000 
12.465989 -50.505955 -6.093278 -1.095642 18.249702 0.000000 1.000000 
25.221052 -48.482201 3.203680 4.475281 18.447319 0.000000 0.000000 
-6.959621 -55.140453 0.188242 -2.594666 17.366364 0.000000 0.000000 
10.361161 -56.754353 -6.938668 2.378685 18.398499 0.000000 1.000000 
-4.857469 -86.080391 6.291211 4.178726 15.945103 0.000000 0.000000 
-106.990974 -4.178809 7.429283 6.928879 16.133381 0.000000 0.000000 
-107.277573 -1.360448 4.844689 16.060051 23.671547 0.000000 0.000000 
-107.280983 -0.954440 3.813718 15.293120 23.366745 0.000000 0.000000 
-107.441139 -4.748129 3.157157 8.567673 19.761436 0.000000 0.000000 
-107.597473 -4.700840 1.466296 8.169456 19.184368 0.000000 0.000000 
-107.462891 -8.488596 5.311362 6.639549 16.750225 0.000000 0.000000 
-19.704203 -106.609505 3.374315 10.372391 15.398346 0.000000 0.000000 
25.369192 -105.467499 3.506165 13.841164 21.098133 0.000000 0.000000 
24.700277 -105.687981 2.615694 15.763916 22.817495 0.000000 0.000000 
22.965162 -106.951187 3.479918 11.893532 18.992496 0.000000 0.000000 
23.676476 -106.848442 3.405540 9.589256 15.872734 0.000000 0.000000 
26.299517 -108.747765 3.935819 10.345901 16.455982 0.000000 0.000000 
25.160164 -109.143333 2.655974 10.519699 16.241837 0.000000 0.000000 
-115.466660 -2.720274 4.405508 12.448050 20.172146 0.000000 0.000000 
-115.475090 -2.527675 5.030882 9.294571 16.447433 0.000000 0.000000 
56.640125 -103.078491 7.354134 17.181763 17.477409 0.000000 0.000000 
58.303612 -102.233269 7.090156 20.479012 21.191776 0.000000 0.000000 
54.827553 -104.304985 7.911906 16.558067 17.519146 0.000000 0.000000 
67.614899 -107.118553 7.654886 22.322853 20.268219 0.000000 0.000000 
59.960701 -147.808487 6.722844 18.893135 17.275013 0.000000 0.000000 
2.344532 -0.961365 0.045234 -13.528046 50.586361 0.000000 0.000000 
2.491690 -0.967945 0.046478 -13.486862 55.600021 0.000000 1.000000 
2.418397 -2.005629 0.083932 -23.436359 34.626007 0.000000 0.000000 
2.445962 -2.070103 0.016814 -25.677372 40.957901 0.000000 1.000000 
2.428102 -2.490728 0.219359 -23.201729 41.888672 0.000000 0.000000 
2.462829 -2.597804 0.066792 -22.070271 40.520164 0.000000 0.000000 
2.402635 -2.855098 -0.017936 -19.486698 43.962727 0.000000 0.000000 
2.415775 -3.116485 -0.077867 -28.529427 38.293491 0.000000 0.000000 
2.456185 -3.552861 0.045183 -12.671017 46.621315 0.000000 0.000000 
2.505883 -3.621387 0.026249 -7.974606 49.703560 0.000000 0.000000 
2.424443 -3.961761 0.012789 -18.940548 42.695576 0.000000 0.000000 
2.455134 -4.139541 0.050488 -13.718479 42.940582 0.000000 0.000000 
2.484294 -4.178557 0.074475 -14.970245 44.482674 0.000000 0.000000 
2.430553 -4.474582 -0.088944 -17.720318 39.576221 0.000000 0.000000 
2.450014 -4.542832 -0.105451 -21.383389 39.605743 0.000000 0.000000 
2.474602 -4.599845 -0.037342 -19.469971 39.581818 0.000000 0.000000 
2.483028 -4.731960 -0.030197 -22.141666 34.971367 0.000000 0.000000 
2.460786 -5.058236 0.098283 -9.188606 43.618515 0.000000 0.000000 
2.480445 -5.165126 0.060640 -10.808743 42.805656 0.000000 0.000000 
2.401580 -5.339795 -0.165402 -12.037617 40.342171 0.000000 0.000000 
2.450028 -5.498936 0.014996 -0.890305 48.474403 0.000000 0.000000 
2.447682 -5.501474 0.030319 1.393379 55.000057 0.000000 0.000000 
2.437541 -5.507011 0.016685 -1.151482 48.069427 0.000000 0.000000 
2.463488 -5.746261 0.056731 -8.170732 46.566929 0.000000 0.000000 
2.437847 -5.940531 0.033288 -6.220619 44.734619 0.000000 0.000000 
2.478003 -5.965315 0.110249 -10.042179 44.647713 0.000000 0.000000 
2.442374 -6.004883 -0.123813 -8.615356 45.286896 0.000000 0.000000 
2.467530 -6.252839 0.050071 -8.603447 46.728951 0.000000 0.000000 
2.474417 -6.362989 -0.018187 -6.002616 45.996246 0.000000 0.000000 
2.491866 -6.473042 -0.080190 -7.574196 45.334084 0.000000 0.000000 
2.411588 -6.747522 0.064566 -9.153534 44.004196 0.000000 0.000000 
2.434706 -6.797238 0.017239 -8.198869 39.789040 0.000000 0.000000 
2.430228 -7.063581 -0.091440 -7.349564 43.253063 0.000000 0.000000 
2.455987 -7.223501 -0.039937 -1.775688 41.687271 0.000000 0.000000 
2.453203 -7.227461 0.094667 -3.789074 40.091038 0.000000 0.000000 
2.406423 -7.499531 0.043652 -7.205299 38.326542 0.000000 0.000000 
2.423862 -7.647422 0.058906 -4.282341 38.936966 0.000000 0.000000 
2.272672 -7.917474 0.082472 -6.405472 38.711174 0.000000 0.000000 
2.230178 -8.132402 -0.083075 -9.114769 38.067909 0.000000 0.000000 
2.255550 -8.236925 -0.139487 -8.763947 40.304771 0.000000 0.000000 
2.346176 -8.440749 -0.051087 -7.463799 36.517994 0.000000 0.000000 
2.250380 -8.516125 0.025257 -10.103166 31.348526 0.000000 0.000000 
7.188805 -5.239406 0.000417 3.727699 45.890804 0.000000 0.000000 
7.290852 -5.350842 -0.060169 5.598625 49.093704 0.000000 0.000000 
2.346999 -8.745605 0.132772 -1.630585 41.853302 0.000000 0.000000 
2.271837 -8.952573 0.001499 4.989838 45.234447 0.000000 0.000000 
2.264598 -8.955880 -0.066545 3.223824 46.218372 0.000000 0.000000 
2.175644 -9.416197 -0.088438 -1.122604 42.519241 0.000000 0.000000 
2.185833 -9.486340 -0.129960 -3.864487 38.802113 0.000000 0.000000 
2.242402 -9.476747 0.056207 -5.318970 39.344200 0.000000 0.000000 
2.236604 -9.677536 0.219428 -4.265038 38.414185 0.000000 0.000000 
2.194623 -9.796953 0.014627 -5.506134 36.930367 0.000000 0.000000 
2.135989 -9.964660 -0.369731 -2.981369 41.492390 0.000000 0.000000 
2.205662 -10.125793 -0.349414 -1.845238 38.577477 0.000000 0.000000 
2.265825 -10.213642 0.311767 -1.937744 38.762177 0.000000 0.000000 
2.205908 -10.362557 0.105147 -3.167183 38.512524 0.000000 0.000000 
2.248758 -10.606814 -0.062783 -0.557610 42.224426 0.000000 0.000000 
2.291584 -10.615116 0.124666 -1.637085 39.915672 0.000000 0.000000 
2.226930 -10.788958 0.089303 -2.722191 38.264431 0.000000 0.000000 
7.317764 -8.492302 -1.601325 7.370293 47.426811 0.000000 1.000000 
7.366015 -8.648393 -1.851657 4.115364 44.433746 0.000000 0.000000 
2.272420 -11.037403 -0.218505 0.878433 43.269806 0.000000 0.000000 
2.168200 -11.108969 -0.280718 1.386665 42.402184 0.000000 0.000000 
1.941837 -11.627294 0.095800 -8.076469 36.877808 0.000000 0.000000 
11.944764 -3.140266 -0.062488 9.453453 48.520374 0.000000 0.000000 
11.947214 -3.134932 0.016937 7.473694 45.652214 0.000000 0.000000 
11.941333 3.110818 2.919880 -5.964745 34.029663 0.000000 0.000000 
13.913143 -2.732616 0.637506 2.811569 41.566525 0.000000 0.000000 
14.053572 -2.746202 0.713806 -0.684143 36.756939 0.000000 0.000000 
8.038938 -13.158228 -4.504385 -8.903442 32.989307 0.000000 1.000000 
-6.581584 -13.274388 3.725175 -4.650017 30.874081 0.000000 0.000000 
-6.960986 -13.646194 -0.969098 -9.248405 24.993340 0.000000 0.000000 
15.851441 -0.882480 -0.525907 0.994362 38.069511 0.000000 0.000000 
15.901382 -0.816595 -0.598582 -0.794182 36.899433 0.000000 0.000000 
15.602115 -4.822055 1.363859 -10.078317 29.160223 0.000000 1.000000 
-6.433984 -14.776056 1.407858 -6.076591 30.698519 0.000000 0.000000 
-6.094607 -15.059787 -0.973853 -8.654649 29.227179 0.000000 0.000000 
16.196108 2.900960 4.215360 -8.392632 28.994545 0.000000 1.000000 
-6.582119 -15.166024 0.409335 -9.633293 26.803772 0.000000 0.000000 
-6.464675 -15.455475 -1.886454 -5.844521 28.931177 0.000000 0.000000 
17.045673 0.445320 -0.671658 8.396431 43.902554 0.000000 0.000000 
17.184303 0.395798 -0.875343 5.492371 42.165379 0.000000 0.000000 
-6.457375 -16.715883 -1.295591 -5.265190 28.705063 0.000000 0.000000 
-6.846889 -16.804417 -1.038331 -3.920937 29.872505 0.000000 0.000000 
-6.471707 -17.018925 0.158749 -1.321007 30.759258 0.000000 0.000000 
-6.287561 -17.295605 -0.882160 -8.361856 26.260349 0.000000 0.000000 
-6.554837 -17.217617 -1.343681 -12.780434 21.939892 0.000000 0.000000 
8.250467 -17.712540 -0.402573 -6.852486 27.121067 0.000000 0.000000 
-6.012079 -18.093193 -1.557729 -13.547501 21.755909 0.000000 0.000000 
-5.939791 -18.452755 0.194943 -15.070114 24.434078 0.000000 0.000000 
16.971756 8.611581 0.402688 10.081558 37.561794 0.000000 0.000000 
17.027554 8.728861 0.365520 10.068192 38.391914 0.000000 0.000000 
-6.635559 -18.575760 0.345237 -4.505096 27.443851 0.000000 0.000000 
-6.619809 -18.853741 -0.027066 -6.229645 25.504292 1.000000 1.000000 
17.929667 -9.882450 8.299139 -2.992050 30.218513 0.000000 1.000000 
8.892664 -18.708920 -5.697748 -0.965279 30.892769 0.000000 1.000000 
8.994824 -18.725239 -5.286711 2.128998 32.517277 0.000000 0.000000 
20.690327 0.803710 -0.202529 -3.015648 30.033873 0.000000 1.000000 
20.724777 0.934284 0.108618 -1.456161 30.761631 0.000000 1.000000 
18.520975 8.461411 -0.677463 4.955093 34.973614 0.000000 0.000000 
21.242647 -2.256445 -6.929991 -7.993416 24.565941 0.000000 1.000000 
18.505186 9.832263 -0.164444 7.431366 38.833393 0.000000 0.000000 
21.222843 -5.111895 -2.158401 -0.488327 31.584852 0.000000 1.000000 
21.321960 -5.201443 -2.441330 -1.057747 35.287167 0.000000 1.000000 
-7.142429 -21.500458 0.043538 -2.804817 29.210432 0.000000 0.000000 
22.228861 8.893705 0.095462 8.355431 39.496426 0.000000 0.000000 
22.185980 9.237112 -0.133151 7.850975 36.280926 0.000000 0.000000 
10.067430 -23.279758 -7.242483 -6.953194 27.109964 0.000000 1.000000 
26.549980 -3.828949 -3.140062 -6.263587 25.600260 0.000000 0.000000 
27.147968 -1.781774 -3.043124 -5.594444 27.269913 0.000000 0.000000 
21.536772 -17.504070 0.468276 -1.588150 27.480486 0.000000 0.000000 
27.559212 0.562318 0.656503 2.284882 35.959084 0.000000 0.000000 
26.265146 9.100772 -4.621065 13.133324 37.446548 0.000000 0.000000 
26.345747 9.166156 -0.402905 10.777374 35.881508 0.000000 0.000000 
26.782280 8.303319 -3.005701 5.726227 30.145329 0.000000 0.000000 
25.471384 -15.176378 -0.372745 -0.802788 27.074642 0.000000 0.000000 
28.590048 8.641201 -0.184320 13.682213 36.413506 0.000000 0.000000 
28.546570 8.815779 -0.340516 16.204597 38.360558 0.000000 0.000000 
28.908842 7.941406 -4.421599 3.104767 27.462900 0.000000 0.000000 
13.120740 -28.426205 -5.464665 -3.300888 24.055656 0.000000 1.000000 
28.589233 11.911355 -8.779668 0.056328 27.818520 0.000000 0.000000 
29.067986 10.910312 -9.241440 2.077560 29.680807 0.000000 0.000000 
32.077320 -0.552172 11.966493 -5.825333 25.267838 0.000000 0.000000 
32.580910 1.373415 1.573019 14.006470 39.105095 0.000000 0.000000 
32.704098 1.136480 0.770890 13.558571 41.203484 0.000000 0.000000 
12.182230 -31.188599 -6.417872 -3.053314 23.420858 0.000000 1.000000 
33.000813 -7.766283 1.815680 -7.328987 23.681688 0.000000 0.000000 
34.226276 -8.473430 2.583808 -3.680917 21.530407 0.000000 0.000000 
34.108490 -9.168826 0.516850 -2.755043 23.570015 0.000000 1.000000 
33.531765 12.916938 2.242040 -6.389503 22.033943 0.000000 1.000000 
6.564189 -36.507053 -0.957729 -0.291542 24.845585 0.000000 0.000000 
32.665581 15.876903 6.085739 1.558517 25.159863 0.000000 0.000000 
32.314445 16.805454 -5.003398 3.279533 24.446686 0.000000 0.000000 
37.891129 -2.487455 0.236390 -7.129204 21.684063 0.000000 0.000000 
35.015591 14.468809 3.287837 -2.976357 22.863462 0.000000 0.000000 
38.814373 -0.598896 0.329442 11.752136 34.662746 0.000000 0.000000 
38.868584 -0.641844 -0.012360 12.201393 36.079979 0.000000 0.000000 
38.559879 7.986708 -0.512140 6.738983 27.386835 0.000000 0.000000 
38.630630 7.854959 -1.007661 10.165314 28.978146 0.000000 0.000000 
39.065975 6.642291 9.463495 3.971329 28.084969 0.000000 0.000000 
40.222214 -1.286830 -2.522635 -3.081757 19.242405 0.000000 0.000000 
41.666237 0.079703 1.108197 11.508957 33.911758 0.000000 0.000000 
5.511949 -42.060593 9.230233 -2.926605 21.838589 0.000000 0.000000 
43.125206 -0.629800 1.165072 3.717705 26.137104 0.000000 1.000000 
42.610931 8.838867 -1.527356 17.014641 35.106697 0.000000 0.000000 
42.675728 8.750051 -1.348977 15.472557 33.955502 0.000000 0.000000 
43.625942 -9.693925 9.008018 -1.926964 22.510635 0.000000 0.000000 
44.514008 9.162698 -0.308386 7.942696 28.077137 0.000000 0.000000 
42.736725 16.382877 8.240161 1.752930 20.911022 0.000000 0.000000 
43.370152 16.007999 0.534571 4.105270 22.921427 0.000000 1.000000 
46.605083 7.940103 -2.862850 18.554070 33.389488 0.000000 0.000000 
46.633896 8.318312 -4.154730 19.549500 35.184830 0.000000 0.000000 
47.357895 8.172018 -0.610227 4.446259 22.191864 0.000000 0.000000 
47.457413 7.668436 -2.014540 6.592827 25.577660 0.000000 0.000000 
47.575764 7.004349 12.320650 3.064819 23.169796 0.000000 0.000000 
16.198561 -46.116776 -8.625826 -2.817436 20.196156 0.000000 1.000000 
46.544571 16.918514 0.562396 14.812584 31.564438 0.000000 0.000000 
46.740177 16.485882 0.726977 13.741782 30.394239 0.000000 0.000000 
47.177231 16.354992 -1.174496 6.621941 24.105061 0.000000 0.000000 
50.334427 10.004766 -0.884179 12.645760 32.428596 0.000000 0.000000 
50.085846 11.081723 0.288396 11.111320 30.377193 0.000000 0.000000 
38.188744 -35.831528 -0.982719 -1.772789 18.517555 1.000000 1.000000 
50.663692 14.294655 2.284806 2.334663 18.786346 0.000000 0.000000 
52.531784 9.183183 0.019625 16.151436 32.281017 0.000000 0.000000 
52.566944 9.304522 0.029066 17.921913 32.102577 0.000000 0.000000 
52.671303 8.772624 0.013113 15.114380 33.256042 0.000000 0.000000 
53.585133 9.690684 0.413541 0.086426 17.232151 0.000000 0.000000 
53.701263 9.724649 -0.165296 2.211617 18.901649 0.000000 0.000000 
54.890511 7.224508 -0.214394 22.667931 37.867569 0.000000 0.000000 
54.964737 7.130419 -0.540619 20.061653 34.244228 0.000000 0.000000 
56.894146 6.467733 -2.766301 15.260193 29.293039 0.000000 0.000000 
56.937881 6.231136 -2.562320 19.710800 35.265556 0.000000 0.000000 
56.793232 9.038968 2.967090 10.539627 25.559017 0.000000 0.000000 
56.752457 9.301112 0.299844 11.185196 24.712051 0.000000 0.000000 
58.039032 1.094856 1.045375 13.390297 29.861433 0.000000 0.000000 
58.035995 1.208474 0.530089 14.695801 30.550793 0.000000 1.000000 
55.384651 17.978558 14.629075 3.318222 19.141708 0.000000 1.000000 
58.133179 7.795962 -2.469627 6.400124 22.113403 0.000000 0.000000 
58.734856 6.767072 15.287015 5.955521 23.963375 0.000000 0.000000 
58.523487 8.816463 -0.914690 20.606712 32.960934 0.000000 0.000000 
58.719181 8.501369 -0.795063 20.873283 34.102501 0.000000 0.000000 
60.183960 8.244638 11.283278 3.733612 19.248295 0.000000 0.000000 
60.475277 9.414853 -0.317463 23.822586 36.266380 0.000000 0.000000 
60.370598 10.004599 0.514099 21.421417 33.769028 0.000000 0.000000 
61.936836 -9.448006 2.884158 8.385506 25.033018 0.000000 0.000000 
62.062805 -8.924718 3.780469 9.423416 25.386774 0.000000 0.000000 
62.048141 -10.536399 2.235329 7.434196 23.481773 0.000000 0.000000 
62.216629 -10.392394 2.369428 8.651970 24.576954 0.000000 0.000000 
62.750874 8.142776 -2.519081 13.565764 28.786583 0.000000 0.000000 
62.721123 8.614680 -2.314267 12.319321 28.626564 0.000000 1.000000 
64.125168 -8.997471 3.014284 3.063522 20.430660 0.000000 0.000000 
63.945515 -10.300170 0.397755 4.917854 22.095585 0.000000 1.000000 
57.489365 -31.706730 2.557413 5.804436 19.519772 0.000000 0.000000 
57.463287 -31.886181 2.522361 16.959557 29.298481 0.000000 0.000000 
57.485115 -32.037292 2.954298 20.397552 32.049522 0.000000 0.000000 
57.353870 -32.508163 6.099425 18.667244 31.437195 0.000000 0.000000 
66.159996 -12.040355 18.535597 0.570023 18.386772 0.000000 0.000000 
66.717422 -10.633225 -1.454390 9.246880 27.042513 0.000000 0.000000 
66.722626 -10.818847 2.950119 13.820151 29.076679 0.000000 0.000000 
67.763191 13.116192 2.148646 21.597816 31.624569 0.000000 0.000000 
67.890236 13.042916 1.884351 23.757080 34.231205 0.000000 0.000000 
70.360504 9.929941 1.179262 8.507660 22.764185 0.000000 0.000000 
70.391335 9.771510 0.869973 9.004951 21.086555 0.000000 0.000000 
57.898598 -42.896404 4.740981 2.537384 16.279926 0.000000 0.000000 
57.915936 -43.277905 6.241897 12.676590 26.635611 0.000000 0.000000 
72.549973 9.138268 -0.141736 29.648094 39.057865 0.000000 0.000000 
72.633041 8.938271 -0.174825 25.806114 34.781326 0.000000 0.000000 
74.815804 6.746359 -2.656667 13.351410 24.133194 0.000000 0.000000 
74.915215 6.619975 -3.064007 16.160347 26.934570 0.000000 0.000000 
74.728470 8.780667 -1.453305 7.264793 20.591324 0.000000 0.000000 
55.605854 -52.978500 1.826761 16.080803 26.411232 0.000000 0.000000 
56.203785 -52.568096 1.028226 17.459610 28.490330 0.000000 0.000000 
76.782967 7.861847 -2.787483 14.326218 26.616003 0.000000 0.000000 
76.817146 7.987351 -2.531152 12.953064 24.186258 0.000000 0.000000 
9.278493 -77.082779 0.965364 12.142891 25.220015 0.000000 0.000000 
8.851643 -77.139488 -0.663028 15.920311 27.987078 0.000000 0.000000 
78.664505 8.436831 -2.039259 20.683022 30.514347 0.000000 0.000000 
78.859062 8.098699 -2.434238 19.444450 28.871260 0.000000 0.000000 
57.126835 -56.794357 5.737778 3.079178 18.006863 0.000000 0.000000 
80.523323 9.000377 -1.283251 13.070679 22.575104 0.000000 0.000000 
80.636337 9.170994 -0.978912 14.177115 25.918789 0.000000 0.000000 
80.707703 8.916937 -1.477365 10.774742 22.058434 0.000000 0.000000 
9.378949 -81.728348 1.401292 4.033104 16.468559 0.000000 0.000000 
82.257492 10.784746 -1.400626 6.832527 19.124908 0.000000 0.000000 
55.775291 -64.145409 4.842053 10.932869 18.679337 0.000000 0.000000 
84.422920 10.106451 -1.508636 9.684731 20.783821 0.000000 0.000000 
86.463821 9.758451 0.944234 13.579567 22.275753 0.000000 0.000000 
86.460419 10.131098 0.614732 12.281281 20.513592 0.000000 0.000000 
86.870827 -10.127930 8.402042 5.315956 17.580032 0.000000 0.000000 
57.455067 -68.025330 5.459470 17.592789 26.060440 0.000000 0.000000 
57.618450 -68.159698 2.676465 17.300781 25.135534 0.000000 0.000000 
88.529518 10.227079 4.750404 13.552733 21.700375 0.000000 0.000000 
88.581406 9.821811 3.138257 16.880875 23.999733 0.000000 0.000000 
89.463745 -1.228214 -2.839814 7.196617 18.473412 0.000000 0.000000 
89.245827 -9.896227 9.655046 9.862892 22.111225 0.000000 0.000000 
90.484169 9.834120 0.715798 21.952324 28.734636 0.000000 0.000000 
90.580643 10.292361 1.522525 24.479095 31.121117 0.000000 0.000000 
91.234192 -10.290325 9.274465 9.152580 22.964287 0.000000 0.000000 
91.290459 -10.642247 9.098833 8.326263 22.142048 0.000000 0.000000 
91.303459 -10.607093 11.094389 8.267548 23.418789 0.000000 0.000000 
91.356827 -12.734442 12.425840 16.042595 26.171656 0.000000 0.000000 
91.495491 -12.833426 13.467751 12.290504 23.895271 0.000000 0.000000 
91.981247 -12.315447 11.457536 7.399887 17.517204 0.000000 0.000000 
92.746918 8.369754 -0.231025 20.160927 27.711542 0.000000 0.000000 
92.789757 8.518142 -0.838795 18.097366 24.936466 0.000000 0.000000 
92.526375 -13.197809 9.733409 10.421524 18.942188 0.000000 0.000000 
92.731018 -12.327993 11.351987 7.347984 17.163391 0.000000 0.000000 
96.430191 -10.962147 8.978258 6.984421 17.701813 0.000000 0.000000 
97.421341 -12.606965 8.633488 8.889206 17.266541 0.000000 0.000000 
102.539139 9.469884 2.680926 9.717735 18.135864 0.000000 0.000000 
108.504974 -9.922867 8.799344 10.904259 17.353874 0.000000 0.000000 
108.557777 -9.546647 9.933088 11.443260 16.418079 0.000000 0.000000 
107.687195 16.835625 -0.059815 16.170120 21.703438 0.000000 0.000000 
107.844025 16.299892 -1.969000 12.712173 18.416451 0.000000 0.000000 
6.521222 -110.170158 -3.027651 9.281647 16.156891 0.000000 0.000000 
113.535515 -8.627316 13.025438 13.671416 18.692768 0.000000 0.000000 
113.582413 -8.366999 16.056644 17.820175 21.986168 0.000000 0.000000 
113.810898 -8.558396 16.644173 13.056212 19.663185 0.000000 0.000000 
114.387177 -8.683203 16.566856 9.561157 17.068756 0.000000 0.000000 
6.801891 -115.952843 -4.170709 11.248428 18.088463 0.000000 0.000000 
5.315838 -116.080315 -7.086321 13.066077 19.879124 0.000000 0.000000 
55.524769 -103.617233 -1.909560 17.564919 21.364460 0.000000 0.000000 
55.192593 -103.796379 -1.891067 17.232544 21.987476 0.000000 0.000000 
98.303490 -64.418007 -4.645432 13.621819 21.467415 0.000000 0.000000 
50.762650 -106.238571 -1.987017 11.776390 20.283695 0.000000 0.000000 
118.290543 -2.220091 -3.258897 10.516922 21.074348 0.000000 0.000000 
118.336388 0.457928 -0.141806 12.575455 22.170990 0.000000 0.000000 
118.477394 2.143829 5.683962 9.713783 19.607082 0.000000 0.000000 
118.882469 7.717208 -7.531739 12.116966 18.230549 0.000000 0.000000 
118.797081 9.344153 -4.297215 13.580414 18.191208 0.000000 0.000000 
119.913071 0.609921 -0.869842 8.480629 14.900826 0.000000 0.000000 
127.293373 17.586891 4.110738 19.899963 21.711796 0.000000 0.000000 
10.272832 -129.301254 1.806214 14.237526 17.048027 0.000000 0.000000 
9.236876 -131.819138 3.819280 9.834015 13.832596 0.000000 0.000000 
7.443858 -134.391556 0.968356 18.907753 22.065601 0.000000 0.000000 
10.537614 -135.436829 3.197244 9.204758 15.961452 0.000000 0.000000 
138.267502 11.875876 -0.493826 14.980826 17.462582 0.000000 0.000000 
7.019737 -142.203247 -8.655159 14.981804 16.924511 0.000000 0.000000 
142.264206 13.065909 1.046628 20.517883 21.734715 0.000000 0.000000 
11.008050 -143.200073 2.189385 16.485115 21.849812 0.000000 0.000000 
63.239258 -129.143021 2.597057 14.516205 16.204105 0.000000 0.000000 
8.105629 -144.620331 -2.501779 20.231323 22.758976 0.000000 0.000000 
9.307336 -145.783844 -5.406308 16.836418 18.936161 0.000000 0.000000 
6.788755 -147.144119 -1.637724 25.566536 27.713644 0.000000 0.000000 
7.922977 -148.321701 -3.711643 21.881882 22.154205 0.000000 0.000000 
148.600662 11.024982 -2.100547 17.166901 18.031548 0.000000 0.000000 
7.448036 -149.575409 -2.376335 18.500435 20.682281 0.000000 0.000000 
6.499627 -150.838425 -5.857331 13.774239 16.158997 0.000000 0.000000 
150.223587 12.044308 0.983141 19.124878 18.100464 0.000000 0.000000 
8.128237 -151.182953 -3.728618 13.777275 14.758472 0.000000 0.000000 
60.447796 -158.010498 9.488712 15.621407 15.503841 0.000000 0.000000 
10.276144 -173.221741 -2.042148 16.938629 17.558475 0.000000 0.000000 
176.019028 65.171272 18.324932 35.838127 28.383465 0.000000 0.000000 
185.448914 61.882050 8.218154 22.327713 15.786259 0.000000 0.000000 
1.768281 4.551622 -0.020751 -45.090687 15.256886 1.000000 1.000000 
2.288165 7.622673 -0.071593 -30.892170 27.549952 0.000000 0.000000 
2.287838 7.909874 -0.034536 -21.185516 33.290276 0.000000 0.000000 
2.375043 7.973116 -0.029630 -22.413815 34.549908 0.000000 0.000000 
1.776584 8.373957 -0.049860 -51.303009 10.502350 1.000000 1.000000 
2.411541 8.408236 -0.018899 -24.721256 28.456203 0.000000 0.000000 
2.274404 8.573892 -0.140213 -36.729885 22.779736 0.000000 0.000000 
2.270874 8.959895 0.019708 -8.765396 40.953438 0.000000 0.000000 
2.301507 9.000325 0.024351 -6.231308 42.622162 0.000000 0.000000 
2.323694 9.741444 -0.088718 -22.903778 24.790089 0.000000 0.000000 
3.004360 10.436116 0.068568 -32.475746 10.013504 1.000000 1.000000 
2.299658 12.297358 0.415447 -15.806847 32.861389 0.000000 0.000000 
2.023191 12.474719 -0.073611 -36.064377 14.495308 1.000000 1.000000 
2.277307 12.630675 0.447636 -15.356232 35.627899 0.000000 0.000000 
2.219750 12.837904 -0.991927 -11.499458 35.567375 0.000000 0.000000 
2.203213 13.099311 0.125296 -10.962869 33.333771 0.000000 0.000000 
2.277475 13.529024 -0.078295 -2.011909 36.661545 0.000000 0.000000 
2.366880 13.951010 -0.099693 0.124771 40.189240 0.000000 0.000000 
2.324713 14.382869 -0.149496 3.045670 43.567677 0.000000 0.000000 
2.312324 14.394153 -0.158492 0.151619 39.484867 0.000000 0.000000 
2.301397 14.494759 -0.148949 2.057533 40.804142 0.000000 0.000000 
2.173939 14.646073 -0.053482 -35.571144 7.953675 1.000000 1.000000 
2.352382 14.842711 -0.131287 -3.303841 35.811134 0.000000 0.000000 
2.269932 15.182469 0.157494 -9.574562 35.093315 0.000000 0.000000 
2.283535 15.284605 0.207266 -11.822739 37.281700 0.000000 0.000000 
2.314600 15.721936 0.338500 -6.034233 35.819324 0.000000 0.000000 
2.332374 15.833029 0.279263 -7.587517 32.482346 0.000000 0.000000 
2.243410 16.180363 -0.203630 -14.974113 32.891659 0.000000 0.000000 
2.064540 16.323120 -0.266193 -17.008186 25.724115 1.000000 1.000000 
2.343579 16.603912 -0.032835 -7.586769 35.780636 0.000000 0.000000 
2.332321 16.712372 -0.036244 -5.713814 34.621578 0.000000 0.000000 
2.213324 17.208672 -0.014462 -18.476395 28.403769 0.000000 0.000000 
2.271791 17.513695 -0.159194 -3.561638 36.337933 0.000000 0.000000 
2.288529 17.535255 -0.081394 -2.915115 35.663780 0.000000 0.000000 
2.198527 17.833000 -0.135783 -33.723946 8.168774 1.000000 1.000000 
2.292284 17.949562 0.312725 -7.426292 30.729092 0.000000 0.000000 
2.392591 18.233494 -0.182143 -11.701302 27.163616 1.000000 1.000000 
2.355679 18.263273 0.443327 -4.402114 29.316837 0.000000 0.000000 
2.344146 18.360332 -1.335977 -5.726196 34.156330 0.000000 0.000000 
1.987591 19.486805 -0.089453 -20.440155 16.940990 1.000000 1.000000 
2.272473 19.575615 -0.370461 -2.649422 37.096172 1.000000 1.000000 
2.168100 19.741457 -0.062252 3.230240 40.756702 0.000000 0.000000 
2.201603 19.873623 0.162273 1.994194 39.137638 0.000000 0.000000 
2.081995 19.921740 -0.573908 -30.353432 11.708252 1.000000 1.000000 
2.211336 20.459475 -0.421605 -31.749084 8.413754 1.000000 1.000000 
2.232382 20.453560 -0.138793 -0.580627 37.047184 1.000000 1.000000 
2.154589 20.576170 -0.553623 8.501656 46.396252 0.000000 0.000000 
2.205454 20.990976 -0.440488 -0.520554 33.537296 0.000000 0.000000 
2.196361 21.000086 -0.470125 5.591438 41.119652 0.000000 0.000000 
-6.953393 21.439543 0.255461 -9.695221 18.108685 1.000000 1.000000 
-6.666845 22.580124 0.537982 -8.436273 29.409801 0.000000 0.000000 
-6.544247 22.905405 0.105059 -8.108932 25.987026 0.000000 0.000000 
-6.537181 23.084402 0.200653 -9.750076 27.830681 0.000000 0.000000 
-7.036169 23.368351 0.556480 -8.815178 29.573372 0.000000 0.000000 
-10.184137 22.422674 5.802961 -8.464157 26.569281 0.000000 0.000000 
18.440325 15.098403 -8.011735 4.572411 25.531269 0.000000 0.000000 
-7.425765 24.147497 0.896013 -10.206497 28.604219 0.000000 0.000000 
-7.419190 24.482052 3.249911 -15.361328 23.729549 0.000000 0.000000 
5.111574 25.644474 -3.393175 -20.772499 19.529823 0.000000 0.000000 
7.858132 24.820511 -1.049071 -6.603912 29.361057 0.000000 0.000000 
7.881978 24.895790 -0.871825 -10.994362 25.786419 0.000000 0.000000 
7.861865 24.947474 -1.229005 -11.853912 26.478111 0.000000 0.000000 
8.206919 25.154989 -1.026800 -10.448724 27.613331 0.000000 0.000000 
7.341085 25.972128 -0.148219 -14.827393 25.173706 0.000000 0.000000 
-6.531598 26.310530 9.340374 -18.504173 23.452919 0.000000 0.000000 
-10.113117 25.430113 -3.401604 -10.100494 25.886551 0.000000 1.000000 
-7.717197 26.699995 4.219249 -15.835777 22.203320 0.000000 0.000000 
-7.781948 26.752085 4.197985 -13.823242 23.073395 0.000000 0.000000 
-7.476282 27.315340 0.205608 -14.869331 24.751400 0.000000 0.000000 
7.258537 27.436750 2.676202 -10.290718 26.898575 0.000000 0.000000 
7.174364 27.747467 2.185898 -15.660675 22.304943 0.000000 0.000000 
-5.547811 28.295414 -0.451411 -16.902496 24.292984 0.000000 0.000000 
7.090487 28.346386 -7.401025 -15.479416 24.241850 0.000000 0.000000 
20.840258 20.706003 4.516568 5.710518 27.363037 0.000000 0.000000 
3.619383 30.510210 0.169804 -19.351028 22.185860 0.000000 0.000000 
6.307889 30.829214 -0.884948 -16.904144 21.541565 0.000000 0.000000 
5.942324 31.307184 -0.593273 -12.076164 24.379658 0.000000 0.000000 
-25.945477 15.596158 -4.345075 3.683022 19.787170 0.000000 1.000000 
21.943409 22.073635 -0.334856 0.832397 23.254717 0.000000 0.000000 
-24.501278 18.578682 -3.616684 3.497025 21.100349 0.000000 0.000000 
6.969644 31.698763 2.430407 -13.691147 21.449467 1.000000 1.000000 
-15.467991 28.586023 -3.530950 -15.358414 18.953911 0.000000 0.000000 
6.863821 32.320992 2.231712 -0.164215 32.540592 0.000000 0.000000 
6.984948 32.391193 2.353880 -0.970741 32.880962 0.000000 0.000000 
6.784445 32.695709 -0.662588 -17.729721 15.539936 1.000000 1.000000 
7.262551 32.582912 -3.592636 -14.586060 20.722542 0.000000 0.000000 
6.270060 33.014065 0.045712 -14.843544 21.309021 0.000000 0.000000 
6.946703 33.740295 -0.817725 -1.835403 31.495743 0.000000 0.000000 
6.972845 33.871040 -0.873896 -3.142113 29.470797 0.000000 0.000000 
6.249810 34.301292 -0.804966 -19.436844 20.904766 0.000000 0.000000 
15.494364 30.839846 0.741041 -2.296120 28.241425 0.000000 1.000000 
15.543750 30.929987 1.214087 -7.079002 24.336926 0.000000 0.000000 
15.579824 30.910746 1.312982 -5.764511 24.233875 0.000000 0.000000 
7.305717 34.976593 -4.976142 -14.494263 22.368618 0.000000 0.000000 
5.211730 35.422585 4.181208 -12.049805 22.893940 0.000000 0.000000 
5.956486 35.429192 5.021852 -15.673935 17.954929 0.000000 0.000000 
6.232794 35.394913 3.316854 -17.146355 19.368271 0.000000 0.000000 
8.662023 35.039589 2.275265 -3.040276 29.845692 0.000000 0.000000 
8.630877 35.093426 2.193149 -5.093193 28.896027 0.000000 0.000000 
8.749394 35.069626 2.389903 -9.518974 26.325062 0.000000 0.000000 
6.392802 36.089767 3.704473 -5.397727 26.841133 0.000000 0.000000 
6.484781 36.325638 3.277188 -2.151329 28.783974 0.000000 0.000000 
6.451765 36.456024 2.319571 -9.821289 23.714666 0.000000 0.000000 
6.515765 36.484421 2.474705 -12.269928 24.461782 0.000000 0.000000 
6.583273 36.521027 -0.463626 -15.455177 21.146839 0.000000 0.000000 
-16.240627 33.346222 14.378823 -9.257751 21.975506 0.000000 0.000000 
6.604686 36.912403 2.133109 -13.264496 22.345257 0.000000 0.000000 
6.952740 36.876167 3.080069 -13.977364 21.693554 0.000000 0.000000 
6.710690 37.078598 7.485578 -8.044595 24.808434 0.000000 0.000000 
6.547845 37.344139 0.440617 -15.102402 20.037830 0.000000 0.000000 
6.382884 37.395710 9.001117 -10.629120 22.727314 0.000000 0.000000 
-3.298426 37.809292 0.885927 -22.612007 10.545517 1.000000 1.000000 
6.514112 37.483513 -9.262034 -16.447441 17.492416 0.000000 0.000000 
-3.138566 38.179947 0.974563 -22.773781 11.686138 1.000000 1.000000 
22.639618 30.544329 1.187773 -3.384766 21.555634 0.000000 0.000000 
22.114189 31.000950 -0.028241 1.305229 21.680023 0.000000 0.000000 
21.900925 31.705868 3.541369 -4.042206 19.569527 0.000000 0.000000 
6.962614 39.083279 -9.392357 -17.445641 18.861969 0.000000 0.000000 
22.819670 31.733717 0.255359 -3.255127 17.656986 1.000000 1.000000 
6.567214 39.559509 -10.500463 -14.816788 17.394367 0.000000 0.000000 
6.394883 39.683384 -10.329317 -17.195740 15.694565 0.000000 0.000000 
-13.904244 38.168427 -5.722258 -14.340378 19.795937 0.000000 1.000000 
6.616947 40.408085 -10.786610 -18.288490 18.064735 0.000000 0.000000 
6.057476 40.535130 0.696484 -16.788361 18.970394 0.000000 0.000000 
12.973084 39.003498 4.614355 -15.417038 16.051094 0.000000 0.000000 
7.460711 40.714962 -10.434624 -14.438065 17.978943 0.000000 0.000000 
7.890662 40.778652 0.785941 -14.795013 19.389114 0.000000 0.000000 
6.184893 41.320580 -10.919786 -15.963867 17.526127 0.000000 0.000000 
5.661427 41.453644 4.843291 -16.947327 18.442585 0.000000 0.000000 
6.869187 41.283760 16.252258 -20.209198 16.090912 0.000000 0.000000 
7.394230 41.265022 -0.914748 -14.102791 18.421787 1.000000 1.000000 
8.700530 41.320290 3.152793 -12.066368 22.460964 0.000000 0.000000 
7.026498 41.745911 -1.108585 -8.313232 24.357491 0.000000 0.000000 
7.464191 41.790165 -0.885306 -9.315765 21.584621 0.000000 0.000000 
7.563256 41.976509 -0.793454 -6.646926 24.430649 0.000000 0.000000 
10.171084 41.505123 4.207212 -15.951584 17.676331 0.000000 0.000000 
10.427684 41.717663 4.689206 -10.344078 20.145706 0.000000 0.000000 
5.200496 42.833347 -0.512365 -8.384056 22.207920 0.000000 0.000000 
5.227564 42.832153 -0.395518 -10.334190 20.684464 0.000000 0.000000 
5.146655 43.003899 -0.203438 -15.877800 14.018147 1.000000 1.000000 
11.840956 41.640541 4.277838 -18.097351 15.431229 0.000000 0.000000 
5.560899 43.122440 -0.454325 -13.065735 19.052601 0.000000 0.000000 
5.358542 43.493515 -0.504930 -25.769775 6.120144 1.000000 1.000000 
5.308591 43.563904 -0.418751 -16.889496 15.727112 0.000000 0.000000 
5.295024 43.567696 -0.289197 -8.635713 20.865879 0.000000 0.000000 
5.401515 43.571041 -0.311776 -19.666580 14.562290 0.000000 0.000000 
5.302390 43.613644 -0.369521 -6.435050 22.236748 0.000000 0.000000 
5.303259 43.684921 -0.300049 -11.395775 18.702892 0.000000 0.000000 
5.380439 43.704601 -0.439609 -8.780746 21.915688 0.000000 0.000000 
5.207165 44.062622 -0.360071 -12.558357 17.990917 0.000000 0.000000 
5.669312 44.050571 -0.316566 -17.795769 13.441051 1.000000 1.000000 
7.780133 43.771484 2.946550 -7.985015 23.426054 0.000000 0.000000 
7.670075 43.967331 2.790597 -4.815430 25.393360 0.000000 0.000000 
-23.560797 37.393494 10.025020 -4.795937 20.769623 0.000000 1.000000 
7.502417 44.249023 5.585597 -10.651855 19.195015 0.000000 0.000000 
5.549840 44.904659 -0.392187 -14.634193 14.924004 1.000000 1.000000 
6.510955 44.799789 0.081825 -16.666649 16.771130 0.000000 0.000000 
7.098343 44.769718 6.021183 -15.518715 16.759556 0.000000 0.000000 
7.100286 44.861351 6.123141 -14.862831 18.520138 0.000000 0.000000 
7.344852 45.099030 17.235794 -21.128822 15.728283 0.000000 0.000000 
-16.654394 42.306847 -3.460708 -17.570618 16.624142 0.000000 0.000000 
13.671121 43.597122 4.630737 -14.815521 14.776535 0.000000 1.000000 
7.727224 45.503540 -11.886740 -16.465805 16.256512 0.000000 0.000000 
8.263728 45.703686 -5.772504 -18.949760 13.196686 0.000000 0.000000 
12.567546 44.743195 4.620880 -15.236404 15.720535 0.000000 0.000000 
6.202513 46.545555 5.803995 -18.098114 14.568802 0.000000 0.000000 
6.284949 46.547253 12.022843 -13.652161 18.221508 0.000000 0.000000 
7.960440 46.327854 4.045353 -15.513756 17.705780 0.000000 0.000000 
7.118583 46.477238 6.908968 -9.054765 22.044937 0.000000 0.000000 
7.008101 46.898411 6.209576 -10.482942 20.473232 0.000000 0.000000 
7.356718 47.176098 8.658491 -12.545639 19.991539 0.000000 0.000000 
6.993217 47.278111 7.819103 -8.671556 21.104561 0.000000 0.000000 
7.581367 47.280460 4.915529 -7.274071 22.776690 0.000000 0.000000 
7.193609 47.387089 4.975362 -12.787430 19.217907 0.000000 0.000000 
7.256613 47.777042 3.238735 -9.618057 21.936028 0.000000 0.000000 
7.613648 47.884651 3.653054 -7.609734 22.367283 0.000000 0.000000 
7.827719 47.864277 2.751634 -6.446465 22.072388 0.000000 0.000000 
35.131199 31.493710 1.322153 15.389679 26.258486 0.000000 0.000000 
35.130314 31.871868 1.334364 15.168793 25.255955 0.000000 0.000000 
7.979900 48.092388 4.604542 -7.712463 22.101875 0.000000 0.000000 
12.779319 47.248463 5.868186 -14.324463 18.510868 0.000000 0.000000 
12.931607 47.234734 6.916431 -15.362518 17.498108 0.000000 0.000000 
10.213284 48.059361 4.338229 -12.912819 20.219391 0.000000 0.000000 
8.100061 48.513992 -6.570649 -10.903488 17.929855 0.000000 0.000000 
7.384700 49.062649 6.778889 -17.645386 16.862503 0.000000 0.000000 
7.768013 49.024429 4.408144 -7.406097 21.965488 0.000000 0.000000 
7.825146 49.316086 5.558590 -9.451463 20.273190 0.000000 0.000000 
9.644215 49.026798 3.861972 -15.257172 16.783028 0.000000 0.000000 
7.544567 49.475311 5.156758 -12.205605 17.579399 0.000000 0.000000 
8.155617 49.785843 4.738276 -17.486679 15.976067 0.000000 0.000000 
8.491922 49.751110 4.031542 -19.015678 15.847046 0.000000 0.000000 
8.203438 50.075001 -11.419190 -15.907280 15.984554 0.000000 0.000000 
7.250464 50.843956 6.803058 -18.695580 13.588287 0.000000 0.000000 
7.658431 51.026020 5.510627 -3.350296 23.259449 0.000000 0.000000 
7.359976 51.107048 6.105309 -17.897728 12.099041 0.000000 0.000000 
7.663361 51.204239 -5.549642 -12.129326 16.860401 0.000000 0.000000 
7.768565 51.187424 5.495887 -4.820808 22.814980 0.000000 0.000000 
7.713284 51.207142 -7.479323 -8.286697 20.620308 0.000000 0.000000 
7.635778 51.262455 -7.736485 -10.509315 17.642467 0.000000 0.000000 
7.704510 51.577904 -5.514365 -20.021217 12.345207 0.000000 0.000000 
45.535572 20.746523 -0.150065 8.791779 17.312027 0.000000 0.000000 
12.525282 51.552692 3.736192 -11.613426 16.944920 0.000000 0.000000 
10.405828 52.443466 2.702415 -16.202568 16.129715 0.000000 0.000000 
6.926271 53.082455 5.444511 -9.787599 19.382187 0.000000 0.000000 
6.760263 53.151154 5.473111 -11.477554 17.527370 0.000000 0.000000 
6.610828 53.445103 5.414848 -10.045465 19.555344 0.000000 0.000000 
7.310073 53.420311 3.885822 -7.494263 19.765858 0.000000 0.000000 
7.534445 53.413090 3.582026 -9.756363 18.087364 0.000000 0.000000 
7.381562 53.451405 3.722708 -14.890335 17.085049 0.000000 0.000000 
6.991660 53.787643 4.274691 -5.690666 19.660316 0.000000 0.000000 
7.097311 53.841099 5.461259 -6.800713 18.750675 0.000000 0.000000 
6.688490 53.969067 2.538297 -8.081833 24.928360 0.000000 0.000000 
6.372213 54.020817 -4.943213 -9.808212 22.447037 0.000000 0.000000 
7.473117 54.134789 2.826796 -4.456214 24.509785 0.000000 0.000000 
8.060389 54.075157 -6.556767 -4.719902 22.156963 0.000000 0.000000 
8.286489 54.129807 3.740373 -3.617981 23.189917 0.000000 0.000000 
8.073367 54.191910 -6.066169 -10.576378 17.246166 0.000000 0.000000 
7.172746 54.384850 4.912274 -15.889885 15.948765 0.000000 0.000000 
6.530519 54.816353 -9.528031 -10.599420 17.237812 0.000000 0.000000 
6.735424 54.804588 5.976061 -8.082414 20.422115 0.000000 0.000000 
8.382647 54.597733 3.732395 -13.068008 17.685188 0.000000 0.000000 
7.917736 54.771446 3.645865 -13.295090 16.012619 0.000000 0.000000 
8.326307 54.792717 3.620978 -10.089105 20.189331 0.000000 0.000000 
7.024159 55.024754 4.658663 -3.616470 24.476501 0.000000 0.000000 
6.805993 55.249485 4.767393 -5.857368 22.010143 0.000000 0.000000 
7.012126 55.235443 4.229177 -5.034653 23.457375 0.000000 0.000000 
6.750368 55.697929 5.156727 -10.750488 18.792259 0.000000 0.000000 
7.252693 55.642658 5.367908 -8.988739 20.072102 0.000000 0.000000 
6.942785 55.790157 5.224802 -6.076263 21.766720 0.000000 0.000000 
11.148979 55.078930 3.984517 -16.304596 15.410568 0.000000 0.000000 
43.573219 33.070808 2.041889 9.599556 14.920300 1.000000 1.000000 
-26.096436 49.661285 14.880342 -9.500801 17.364265 0.000000 1.000000 
44.017117 33.621208 1.924327 18.369041 22.732933 0.000000 0.000000 
44.562378 32.811722 1.427163 21.484467 25.670261 0.000000 0.000000 
44.254856 33.300358 1.936681 21.669838 24.748209 0.000000 0.000000 
44.828960 32.442142 -2.013153 18.891037 22.962585 0.000000 0.000000 
43.267086 34.796318 1.250830 4.900711 14.935249 0.000000 0.000000 
6.074265 56.985249 7.309813 -17.127518 15.977211 0.000000 0.000000 
7.990613 57.224941 3.797619 -10.167503 18.228855 0.000000 0.000000 
7.626381 57.403076 3.715792 -9.704637 18.436802 0.000000 0.000000 
6.410938 57.979645 5.171854 -13.683510 16.019447 0.000000 0.000000 
8.493697 57.707596 4.298589 -13.892632 16.999149 0.000000 0.000000 
6.952011 58.189289 4.915491 -10.692117 18.125866 0.000000 0.000000 
7.896767 58.146824 4.784890 -13.540329 15.858601 0.000000 0.000000 
6.845147 58.314354 5.559822 -13.053291 16.648041 0.000000 0.000000 
6.953701 58.681026 10.916255 -12.497444 15.353992 0.000000 0.000000 
6.054463 58.824993 9.598732 -11.112213 19.462006 0.000000 0.000000 
6.273441 59.137688 5.594226 -10.845604 14.815186 0.000000 0.000000 
6.719114 59.119305 4.792072 -14.325989 12.326790 0.000000 0.000000 
7.823480 59.071522 5.383881 -10.675186 16.199039 0.000000 0.000000 
29.838209 51.375095 -10.017175 -10.981506 11.477261 0.000000 0.000000 
6.948973 59.597340 7.091943 -18.648491 13.838333 0.000000 0.000000 
53.755173 20.444347 8.490758 12.235756 15.657928 0.000000 1.000000 
8.051785 59.797718 -9.040850 -12.996422 14.050713 0.000000 0.000000 
8.241674 59.861649 -8.697836 -8.888841 17.606865 0.000000 0.000000 
8.388703 60.329395 7.853210 -16.398170 12.911388 0.000000 0.000000 
-7.359844 60.631752 -0.963585 -23.379829 7.341118 1.000000 1.000000 
-7.805659 60.811592 15.456374 -18.697838 11.616943 0.000000 0.000000 
-7.600007 61.148026 -1.002464 -0.428215 23.366888 0.000000 0.000000 
-7.625095 61.153133 -1.252138 -0.143967 23.581083 0.000000 0.000000 
-7.623593 61.256580 -1.142644 1.926178 26.461693 0.000000 0.000000 
-7.621379 61.260120 -1.151537 -4.270599 21.278149 0.000000 0.000000 
6.327961 61.837833 7.406097 -14.990990 13.589836 0.000000 0.000000 
-8.028749 62.059307 -1.011303 -17.221794 11.893124 0.000000 0.000000 
-7.833595 62.336914 -1.494055 -13.754082 11.610294 1.000000 1.000000 
-8.187459 62.921425 1.312490 -22.278938 8.958260 0.000000 0.000000 
-8.136807 62.933861 -6.037332 -18.670227 12.055752 0.000000 0.000000 
30.457739 55.590698 9.835778 -12.962585 10.191250 0.000000 0.000000 
31.017998 55.317696 -8.036169 -6.183983 13.203545 0.000000 0.000000 
31.167084 55.295219 19.301634 -7.085754 12.110180 0.000000 0.000000 
8.251970 64.159309 -0.398280 -19.399673 9.094120 0.000000 0.000000 
7.928789 64.210854 -0.541166 -9.695930 13.738613 0.000000 0.000000 
7.771716 64.282944 -0.561546 -13.928436 11.873909 0.000000 0.000000 
20.431087 62.025841 -7.669780 -6.007385 18.541454 0.000000 0.000000 
21.164474 61.844841 1.259157 -6.648712 18.517899 0.000000 0.000000 
-11.593554 64.557350 -0.468858 -7.722488 20.150345 0.000000 0.000000 
26.801277 60.232559 -5.183301 -0.145302 19.745647 0.000000 0.000000 
26.719719 60.412640 -6.491337 -9.323883 10.884830 0.000000 0.000000 
26.787638 60.405579 -6.016465 -6.824111 12.956650 0.000000 0.000000 
8.212612 65.917267 -0.990220 -14.358269 11.399055 1.000000 1.000000 
26.849482 60.450523 -4.736949 -2.132660 19.107700 0.000000 0.000000 
16.380529 64.779922 16.864435 -20.291756 9.360058 0.000000 0.000000 
8.204032 66.870071 -1.318709 -10.284410 15.302467 0.000000 0.000000 
8.195112 67.174484 -1.360760 -10.420509 14.770397 0.000000 0.000000 
-12.798885 66.624741 -0.257213 -16.346237 9.955269 1.000000 1.000000 
8.158248 67.617744 -1.505119 -15.998375 8.545654 1.000000 1.000000 
-13.203217 67.184654 -0.235448 -11.384361 13.263145 0.000000 0.000000 
-13.240818 67.199524 -0.524701 -15.045235 9.584198 0.000000 0.000000 
-12.485298 67.361130 3.635701 -11.114235 13.661392 0.000000 0.000000 
-12.727789 67.377525 0.533917 -10.370155 15.112743 0.000000 0.000000 
44.528114 51.945057 3.113884 -2.060989 12.629753 0.000000 0.000000 
43.249573 53.306190 2.680365 0.576614 14.010303 0.000000 0.000000 
7.917540 69.270233 1.186840 -23.257339 5.704957 1.000000 1.000000 
43.546291 53.405418 2.454261 -2.125732 9.573704 0.000000 0.000000 
45.230461 52.080788 2.885745 7.731972 16.544567 0.000000 0.000000 
44.983936 52.337265 -4.599987 3.276543 12.486355 0.000000 0.000000 
45.239647 52.271526 3.309050 8.470657 15.643002 0.000000 0.000000 
8.295937 69.662369 1.165030 -1.949905 20.273548 0.000000 0.000000 
8.154317 69.882019 1.296702 -13.728195 13.209972 0.000000 0.000000 
8.359708 69.876343 1.321316 0.579216 23.045053 0.000000 0.000000 
8.475285 69.950592 -1.150786 -12.533089 12.116379 0.000000 0.000000 
8.281036 70.255142 6.024989 -10.884561 15.797764 0.000000 0.000000 
-12.710631 69.623260 0.534822 -10.444496 15.242012 0.000000 0.000000 
9.110001 70.277779 -6.318093 -5.273476 17.958393 0.000000 0.000000 
9.185099 70.325638 5.046465 -8.378273 15.830204 0.000000 0.000000 
8.602457 70.436852 14.930691 -10.244859 19.467155 0.000000 0.000000 
46.939213 52.247757 -4.677907 8.874275 19.480125 0.000000 0.000000 
8.272647 70.967094 0.995810 -7.368317 14.725021 1.000000 1.000000 
47.510822 52.299938 -5.890921 6.580338 17.580524 0.000000 0.000000 
48.541157 51.858364 -3.328663 4.114784 16.360497 0.000000 0.000000 
-36.410385 61.962196 3.802276 4.081863 20.069843 0.000000 0.000000 
-35.937801 62.274857 3.751052 2.401764 17.857445 0.000000 0.000000 
-36.198360 62.220581 3.960982 2.314377 18.662563 0.000000 0.000000 
-35.990112 62.368690 3.796185 0.004387 16.925869 0.000000 0.000000 
9.323322 71.962479 2.475148 -14.208344 12.079201 0.000000 0.000000 
9.394886 72.197739 3.300551 -16.469467 10.386234 0.000000 0.000000 
9.625866 72.165482 2.917842 -15.200195 10.193958 0.000000 0.000000 
24.808176 68.287651 -9.649747 -15.440323 8.361107 0.000000 1.000000 
9.490912 72.397301 3.297028 -13.488609 11.299118 0.000000 0.000000 
9.531247 72.542709 2.533808 -8.107162 14.872601 0.000000 0.000000 
-22.362499 69.586861 4.911670 -11.612946 13.430061 0.000000 0.000000 
9.800541 72.628311 3.312745 -19.450989 7.281704 1.000000 1.000000 
9.708712 72.689583 -4.865203 -12.524391 12.554775 0.000000 0.000000 
-30.680981 66.771942 3.423416 -4.905632 15.865845 0.000000 0.000000 
-30.365982 67.016464 3.856675 -5.497520 16.579433 0.000000 0.000000 
-10.310946 73.279976 -8.851290 -6.386353 18.278187 0.000000 0.000000 
-24.863174 69.746162 2.352273 -3.712631 18.953884 0.000000 0.000000 
-29.842632 67.668594 4.576944 2.778160 22.080170 0.000000 0.000000 
-10.740334 73.762527 -8.716508 -7.802101 16.394630 0.000000 0.000000 
-10.536964 73.926315 1.968037 -7.243286 18.385204 0.000000 0.000000 
-10.509844 73.931122 2.697853 -3.932008 20.006557 0.000000 0.000000 
-29.389585 68.386337 5.886180 1.229332 20.356052 0.000000 0.000000 
-30.705652 68.139038 -8.122694 3.584480 19.650002 0.000000 0.000000 
-29.638308 68.652100 -8.352347 -2.001869 16.962013 0.000000 0.000000 
-29.648268 68.697296 -7.356637 -4.910110 18.014744 0.000000 0.000000 
-30.506872 68.343170 -11.750696 0.375328 20.316624 0.000000 0.000000 
-30.924191 68.483429 5.231073 3.197212 21.149826 0.000000 0.000000 
-23.382002 71.670341 3.837552 -2.956253 18.700459 0.000000 0.000000 
-31.611277 68.286835 5.144135 -4.369186 17.523735 0.000000 0.000000 
-30.178865 69.318459 5.682440 -4.974823 14.065105 0.000000 0.000000 
-10.305256 75.275398 5.431246 -4.762306 18.555984 0.000000 0.000000 
-9.916320 75.337906 5.168499 -5.186829 18.280869 0.000000 0.000000 
-28.926907 70.258453 4.499102 -1.940376 18.442387 0.000000 0.000000 
-23.372028 72.577087 -8.165854 -5.596931 16.683880 0.000000 0.000000 
-23.583405 72.967171 2.717028 -5.697426 16.341724 0.000000 0.000000 
-22.248798 73.535095 5.666006 -8.268364 14.752689 0.000000 0.000000 
-22.587322 73.469254 4.966515 -8.269333 15.497963 0.000000 0.000000 
-23.356785 73.233994 5.152809 2.148170 21.908424 0.000000 0.000000 
-11.152331 76.898811 5.168618 -5.465233 17.002350 0.000000 0.000000 
-22.346979 74.299553 5.832026 -11.580902 12.240768 0.000000 0.000000 
-22.739456 74.621964 9.718102 -10.105415 12.008354 0.000000 0.000000 
-22.699965 74.678352 10.506044 1.626732 21.278069 0.000000 0.000000 
-22.834738 74.945389 10.534756 0.362938 18.104317 0.000000 0.000000 
-22.613884 75.038658 10.595390 -3.086456 16.467640 0.000000 0.000000 
-29.252659 72.659416 2.072096 -10.645303 9.801311 0.000000 0.000000 
-30.577599 72.549576 2.830476 -4.451859 12.877232 0.000000 0.000000 
-30.165243 72.732162 3.093810 1.464531 17.880638 0.000000 0.000000 
55.621906 54.926834 1.588098 15.233130 17.824642 0.000000 0.000000 
56.470879 54.076832 2.820089 4.336372 8.607231 0.000000 1.000000 
55.982933 54.679115 2.007281 11.519165 17.223534 0.000000 0.000000 
-29.284773 73.582672 2.790429 -3.533699 15.394444 0.000000 0.000000 
41.770111 67.447540 4.250554 -10.790933 9.069241 0.000000 0.000000 
58.637550 52.684158 3.927374 15.883246 17.503571 0.000000 0.000000 
59.094482 52.203281 -4.980471 8.926048 14.507858 0.000000 0.000000 
57.869907 53.784977 13.487398 4.247879 8.016922 0.000000 0.000000 
58.969482 52.569412 3.864284 15.775893 20.641678 0.000000 0.000000 
42.950813 67.644325 1.637178 -2.435555 12.658314 0.000000 0.000000 
-33.636230 73.029099 7.723634 -1.290367 16.814625 0.000000 0.000000 
-35.689884 72.092674 6.803338 -10.217430 12.331284 0.000000 0.000000 
-33.419464 73.291664 9.660481 -2.147926 15.234379 0.000000 0.000000 
60.038147 52.801033 4.911541 3.158852 8.457108 0.000000 0.000000 
-35.031723 73.322739 6.721223 -8.062088 12.297718 0.000000 0.000000 
-35.436283 73.142860 6.417937 -5.733765 13.783791 0.000000 0.000000 
-33.676788 74.763420 8.509440 -7.628211 11.296768 0.000000 0.000000 
-37.811016 72.738930 3.589348 -7.826653 10.666313 0.000000 0.000000 
-29.102076 77.387901 2.332287 -6.586777 13.762096 0.000000 0.000000 
-33.136173 75.697678 9.241653 -3.083176 13.516685 0.000000 0.000000 
-28.519077 78.125648 2.971853 -6.834061 14.308437 0.000000 0.000000 
-28.488012 78.139595 3.881355 -4.262794 14.895981 0.000000 0.000000 
-29.457159 78.178856 6.318667 -0.168358 16.497295 0.000000 0.000000 
-29.281631 79.201889 5.690079 -6.809975 13.230209 0.000000 0.000000 
-27.319613 80.365326 -11.185231 -3.571777 14.161907 0.000000 0.000000 
-27.390919 80.356674 7.473843 -1.116425 17.531528 0.000000 0.000000 
44.353458 72.485352 2.736392 2.635384 15.111305 0.000000 0.000000 
44.101948 73.050926 11.335187 -2.779732 15.011402 0.000000 0.000000 
-30.694668 80.928177 12.353089 -4.234390 14.123016 0.000000 0.000000 
-12.738884 86.059181 -3.513336 -11.613480 13.653362 0.000000 0.000000 
52.594303 68.420425 2.194535 8.521713 16.312634 0.000000 0.000000 
-30.391979 81.502258 -12.266620 -4.226891 12.610603 0.000000 0.000000 
52.840973 68.405624 2.637056 10.541130 17.399818 0.000000 0.000000 
52.141880 69.317780 3.546762 8.971939 16.603271 0.000000 0.000000 
52.147713 69.340477 3.431162 8.308800 17.039970 0.000000 0.000000 
-30.429235 82.131592 13.486668 -2.682640 15.763897 0.000000 0.000000 
-61.265816 61.762947 10.712339 6.074043 12.063408 0.000000 1.000000 
41.663902 78.096169 3.794948 0.127045 15.587345 0.000000 0.000000 
39.715431 79.660667 2.507454 -2.567169 14.715618 0.000000 0.000000 
14.304435 88.322098 -0.036164 -12.484146 11.001759 0.000000 0.000000 
39.419834 79.939301 2.645705 -4.730789 12.134186 0.000000 0.000000 
-32.001514 83.644615 13.188925 -8.915962 11.559315 0.000000 0.000000 
21.537716 87.406998 -4.162379 -7.189697 12.231365 0.000000 0.000000 
21.432587 87.451187 -4.013285 -3.388321 14.327156 0.000000 0.000000 
21.442389 87.468880 4.163149 -6.490158 11.663536 0.000000 0.000000 
-52.959057 72.179634 9.944333 -6.682526 8.443336 0.000000 0.000000 
-32.096912 84.974037 12.678607 -7.312447 9.480946 0.000000 0.000000 
-49.909946 75.470497 10.046901 -5.319527 8.873737 0.000000 0.000000 
11.248885 90.993980 1.820678 -9.980226 11.846046 0.000000 1.000000 
-34.596233 84.958603 11.982525 -6.632767 9.575428 0.000000 0.000000 
-21.144676 90.310638 7.042407 -9.931442 9.174213 0.000000 0.000000 
-21.487068 90.599373 7.045974 -4.524147 13.600613 0.000000 0.000000 
-22.397648 90.911186 6.659153 -9.757881 11.026039 0.000000 0.000000 
-21.881102 91.063873 7.523859 -10.940643 9.518364 0.000000 0.000000 
-22.599323 91.117493 7.858909 -12.806892 8.690384 0.000000 0.000000 
11.350598 93.783958 0.442980 -16.465561 4.360089 1.000000 1.000000 
-32.295967 91.417625 -15.566316 -13.541908 6.233822 0.000000 0.000000 
-32.297283 91.870628 -11.319515 -9.877975 7.570485 0.000000 0.000000 
-14.253558 96.785995 4.406036 -10.118005 8.799206 0.000000 0.000000 
-14.473267 96.942741 4.093507 -7.011459 10.559929 0.000000 0.000000 
-14.153852 96.998169 3.886476 -11.239923 9.501209 0.000000 0.000000 
-14.416894 97.335602 3.557460 -8.408165 11.319386 0.000000 0.000000 
-15.470644 97.196655 3.712218 -5.145561 14.100975 0.000000 0.000000 
-14.990481 97.296318 4.030305 -5.242081 13.856525 0.000000 0.000000 
-15.270403 97.251198 3.635801 1.505547 19.075974 0.000000 0.000000 
-15.353472 97.351967 3.743874 2.914230 19.439598 0.000000 0.000000 
-21.825798 96.387215 10.793509 -14.094696 8.378521 0.000000 0.000000 
-30.483055 94.466187 7.457233 -17.326096 5.799859 0.000000 0.000000 
-30.826790 95.603500 7.735167 -11.663483 6.727494 0.000000 0.000000 
-32.827080 95.713196 12.037366 -5.235725 10.037487 0.000000 0.000000 
-32.595119 95.828354 12.296109 -5.723907 9.503159 0.000000 0.000000 
-34.270889 95.295555 10.708950 -8.269554 8.370258 0.000000 0.000000 
-31.462244 96.867828 -14.774686 -9.151245 7.656804 0.000000 0.000000 
-31.830471 97.082886 10.987483 -9.343948 9.642155 0.000000 0.000000 
-32.190754 96.961975 10.870531 -6.158119 9.806526 0.000000 0.000000 
-32.987511 96.708832 10.952772 -6.089508 10.643345 0.000000 0.000000 
-32.016090 97.136581 -13.805096 -0.775032 12.756367 0.000000 0.000000 
-31.649658 97.368820 15.223097 -9.038658 7.019043 0.000000 0.000000 
-31.698027 98.039345 10.003028 -5.728821 9.332943 0.000000 0.000000 
-31.478128 98.126602 8.908625 -7.617882 9.976646 0.000000 0.000000 
-31.660192 98.082253 8.753234 -4.645309 11.972054 0.000000 0.000000 
-31.719759 98.078186 11.489433 -7.305686 9.561714 0.000000 0.000000 
-31.594151 98.584167 11.178174 -6.534103 9.989723 0.000000 0.000000 
12.798882 103.167076 2.564404 -8.782402 11.208370 0.000000 1.000000 
-30.400671 99.381912 10.038691 -10.979768 8.067680 0.000000 0.000000 
-32.205742 99.217369 10.653290 -8.681198 9.781734 0.000000 0.000000 
-31.324633 99.606209 11.358985 -12.343048 7.982266 0.000000 0.000000 
-32.653301 99.349022 -12.259217 -9.747940 7.886208 0.000000 0.000000 
-30.493101 100.140457 12.036462 -4.140343 11.639843 0.000000 0.000000 
-30.565054 100.260376 10.824944 -9.618112 11.265163 0.000000 0.000000 
44.789631 94.716682 1.130191 -9.960678 6.683354 0.000000 1.000000 
-30.708735 100.396721 10.902882 -8.990005 6.816414 0.000000 0.000000 
-32.429619 100.089699 11.073219 -7.720978 9.651421 0.000000 0.000000 
33.936646 100.486000 1.824443 -7.359634 6.319573 0.000000 0.000000 
-32.502533 102.334351 -15.142778 -11.289848 5.490754 0.000000 0.000000 
52.458527 97.313240 4.779558 -4.710754 8.344128 0.000000 0.000000 
51.281940 98.010078 5.320600 -6.634010 9.041203 0.000000 0.000000 
51.292412 98.412064 5.977564 -3.103378 9.433331 0.000000 0.000000 
48.555645 99.878128 18.516165 -7.084297 8.937706 0.000000 0.000000 
49.964134 99.369102 6.094543 -5.260689 8.905903 0.000000 0.000000 
46.276989 101.958458 -17.057222 -5.990761 8.309498 0.000000 0.000000 
55.837959 97.382950 3.915187 -4.444129 8.716084 0.000000 0.000000 
-45.562485 103.640892 16.842154 -10.503572 6.098778 0.000000 0.000000 
6.354166 113.857018 -13.790420 -10.025436 9.662918 0.000000 1.000000 
37.835827 108.040085 3.302112 -13.117020 3.173115 0.000000 0.000000 
37.099331 108.440506 3.509689 -2.782974 10.227062 0.000000 0.000000 
37.646053 108.314896 4.913677 -7.574913 7.347275 0.000000 0.000000 
36.539600 108.743858 2.288013 -7.578697 6.002247 0.000000 0.000000 
35.124130 109.679398 1.796640 -9.886459 5.876385 0.000000 0.000000 
35.484013 109.562210 1.226515 -7.726685 5.938729 0.000000 0.000000 
35.186497 109.797928 2.631873 -11.138206 3.974400 0.000000 0.000000 
35.534138 109.763489 2.584869 -3.162788 9.356274 0.000000 0.000000 
33.720284 110.363022 1.188243 -10.540146 6.266812 0.000000 0.000000 
33.540512 110.633713 0.968085 -10.198747 6.775185 0.000000 0.000000 
34.442738 110.364464 1.876605 -10.056808 6.005700 0.000000 0.000000 
34.259850 110.439903 1.775318 -10.404747 5.458622 0.000000 0.000000 
-101.648308 52.616531 1.449216 8.688469 5.137074 0.000000 1.000000 
-7.099438 116.426903 -4.963376 -10.348741 8.709919 0.000000 0.000000 
-7.481397 117.459290 -5.080288 -13.734749 4.715519 0.000000 0.000000 
-22.560596 116.046928 4.443380 -13.562294 6.520966 0.000000 0.000000 
42.495872 110.715797 0.577434 -4.038933 8.011200 1.000000 1.000000 
44.348652 110.849358 1.101484 -10.232628 7.233113 0.000000 0.000000 
42.561146 111.903488 2.052897 -8.425720 4.536526 0.000000 0.000000 
-22.796938 117.835014 5.860307 -3.477951 12.140293 0.000000 0.000000 
-22.113796 117.983070 8.299117 -8.494119 8.415134 0.000000 0.000000 
-23.120352 117.966125 9.037102 1.676537 14.304653 0.000000 0.000000 
-23.405544 118.040016 -13.832539 -10.970131 6.309205 0.000000 0.000000 
-23.048935 118.228645 9.086180 2.449028 15.998466 0.000000 0.000000 
40.053097 113.897911 2.619015 -7.377815 7.214470 0.000000 0.000000 
37.571648 114.794930 -0.943786 -5.753838 9.067608 0.000000 0.000000 
37.976112 114.695114 2.478180 -9.188828 6.280278 0.000000 0.000000 
-31.816807 117.432953 11.027286 -5.284996 8.965996 0.000000 0.000000 
-7.604613 123.358505 -5.877273 -10.701364 7.354992 0.000000 1.000000 
40.674809 118.272110 3.055054 -8.404228 5.947236 0.000000 0.000000 
-33.246574 120.984108 13.842796 -3.221771 8.894047 0.000000 0.000000 
43.740059 117.542198 -10.857786 -7.560593 8.436203 0.000000 0.000000 
-35.038662 121.600449 12.564713 -6.518486 6.773842 0.000000 0.000000 
36.297897 121.547913 0.766567 -7.572502 6.339871 0.000000 0.000000 
36.581749 121.544144 1.298336 -4.770950 7.976857 0.000000 0.000000 
-35.032413 122.054146 11.432108 -7.436913 7.510769 0.000000 0.000000 
-34.003960 123.156105 14.073819 -3.185188 9.228634 0.000000 0.000000 
-7.371239 128.957184 -4.536872 -4.282593 12.000072 0.000000 1.000000 
-22.322859 127.448601 4.573400 -4.089149 11.151745 0.000000 0.000000 
-22.673958 127.528442 3.607087 -5.169685 8.983925 0.000000 0.000000 
-21.160660 127.873856 4.280338 -3.824089 9.619835 0.000000 0.000000 
-22.197090 128.070526 4.799705 -11.632210 5.325325 1.000000 1.000000 
-22.172880 128.075577 4.463789 -4.299758 11.959404 0.000000 0.000000 
-20.858274 128.475616 -7.744999 -5.136405 10.342846 0.000000 0.000000 
-21.290318 128.424164 -9.163454 -3.732185 11.466331 0.000000 0.000000 
-21.123165 128.673782 2.907667 -5.202087 8.749950 0.000000 0.000000 
-21.801989 129.095551 4.702602 -3.573486 10.538574 0.000000 0.000000 
-21.929583 129.093170 4.093869 -3.003891 10.644424 0.000000 0.000000 
-21.554094 129.477905 -9.574355 -6.458748 6.840489 0.000000 0.000000 
-23.543861 129.185104 2.578591 -12.969383 5.909077 0.000000 0.000000 
-22.013426 129.750687 4.333938 -1.360199 10.920586 0.000000 0.000000 
-22.712511 129.728821 2.871277 -2.880760 10.868164 0.000000 0.000000 
38.675083 125.836075 2.648599 -4.993492 9.924332 0.000000 1.000000 
107.071449 74.564468 17.794985 15.147803 13.356503 0.000000 1.000000 
-24.822878 129.890320 2.176168 -7.005768 7.098179 0.000000 0.000000 
-24.975124 130.031967 0.812079 -4.126709 10.561371 0.000000 0.000000 
-17.802643 131.840210 4.822206 -2.942780 12.270271 0.000000 0.000000 
-17.488815 132.120422 4.132917 4.308701 15.558231 0.000000 0.000000 
-21.701912 131.513092 3.411755 12.912300 22.414227 0.000000 0.000000 
-21.085096 131.774246 4.360935 7.476883 19.235031 0.000000 0.000000 
-20.248171 131.918762 3.398593 9.234787 21.310200 0.000000 0.000000 
-20.391775 131.962982 4.135142 8.017357 20.153320 0.000000 0.000000 
-20.800003 132.187012 4.528594 4.815147 17.824390 0.000000 0.000000 
-21.694515 132.254150 5.139729 3.773827 21.411648 0.000000 0.000000 
-20.025063 132.580719 4.412218 9.485161 21.933701 0.000000 0.000000 
-19.919533 132.831177 -10.945222 6.251495 18.726376 0.000000 0.000000 
59.447430 120.430222 -11.374966 6.105812 15.529968 0.000000 0.000000 
-20.406797 133.195343 2.769127 1.194275 13.890430 0.000000 0.000000 
-19.953676 133.321594 -8.554742 2.660591 15.152122 0.000000 0.000000 
-20.379009 133.290253 2.408296 -3.208755 8.916206 0.000000 0.000000 
-22.018869 133.540894 3.624598 -6.084999 6.644848 0.000000 0.000000 
-20.182997 133.873932 4.714190 3.937424 16.077457 1.000000 1.000000 
-21.973412 133.750641 4.489059 -1.180504 12.177025 0.000000 0.000000 
-8.085059 135.377838 -5.821737 -3.397758 12.416424 0.000000 0.000000 
-21.625832 133.881683 2.980923 -2.752182 12.209763 0.000000 0.000000 
41.502930 129.521332 5.263315 -6.798988 7.281781 0.000000 0.000000 
6.810634 136.209747 -5.751852 2.845932 17.659340 0.000000 0.000000 
6.965389 136.299530 -5.722301 2.729233 17.009438 0.000000 0.000000 
-20.082418 135.417236 4.245296 -7.646919 7.948361 0.000000 0.000000 
-20.772928 135.348358 4.931475 -10.335443 6.053051 0.000000 0.000000 
41.110947 130.752136 4.168318 -6.781990 5.998936 0.000000 0.000000 
40.223515 131.633026 3.194636 -0.858437 10.177773 0.000000 0.000000 
39.536678 131.939728 3.056654 -0.432755 10.985085 0.000000 0.000000 
40.754559 131.595657 3.936815 -3.064247 9.553658 0.000000 0.000000 
-22.796986 139.812622 3.705659 -8.286569 4.789025 0.000000 0.000000 
-22.962465 139.837067 3.379601 -2.683418 8.389080 0.000000 0.000000 
-22.370935 139.981995 -8.474636 -7.014740 6.424016 0.000000 0.000000 
-23.503010 140.160858 4.358995 -3.759033 8.274906 0.000000 0.000000 
-23.193722 140.478241 5.221589 -9.739601 4.872643 0.000000 0.000000 
-23.046179 140.645416 4.655039 5.808731 16.279266 0.000000 0.000000 
-23.108147 140.700348 6.000399 0.107559 11.718414 0.000000 0.000000 
-23.157328 141.071594 -12.732610 -5.030799 7.250531 0.000000 0.000000 
-23.225580 141.351074 -13.094699 -3.511116 7.447262 0.000000 0.000000 
-23.233925 141.380188 6.283701 -3.874481 8.887112 1.000000 1.000000 
44.542606 139.327515 -1.491559 -8.771492 3.727360 0.000000 0.000000 
-23.474672 145.275665 4.802912 2.189781 12.363392 0.000000 0.000000 
-23.648958 145.269196 3.845893 4.296951 13.953636 0.000000 0.000000 
-23.847523 145.331085 3.029547 1.674767 12.720490 0.000000 0.000000 
7.234696 147.817810 -6.669951 -9.227921 6.217907 0.000000 1.000000 
-22.732849 146.279510 4.037971 -5.769608 5.988968 1.000000 1.000000 
42.983860 141.652954 1.503915 -7.254211 5.424611 0.000000 0.000000 
-23.778219 146.563049 4.150832 -3.106133 8.617210 1.000000 1.000000 
-24.427166 146.527740 4.707729 -8.132997 3.913258 0.000000 0.000000 
-29.086576 145.716583 0.433144 -11.407631 3.441914 0.000000 0.000000 
-23.117809 146.926086 -10.022197 -1.445244 10.341999 0.000000 0.000000 
-23.653072 147.113495 5.326067 -1.412872 10.047817 0.000000 0.000000 
-24.573540 147.424866 4.262393 -3.832970 7.185338 0.000000 0.000000 
-22.777796 147.755524 3.471853 -1.198242 8.544758 0.000000 0.000000 
-24.471891 147.555817 2.728862 -1.251076 8.492645 0.000000 0.000000 
-35.402874 149.133728 11.318448 -3.666817 6.502255 0.000000 0.000000 
-23.595116 152.843567 4.137558 -11.199554 4.052491 0.000000 0.000000 
-24.826525 152.840027 5.130749 -3.636444 6.292584 0.000000 0.000000 
-25.016365 152.934814 3.844890 -6.325027 5.715756 0.000000 0.000000 
-24.934771 153.004730 2.952437 -8.503952 4.004319 0.000000 0.000000 
-28.676134 152.327332 6.265847 -4.530136 6.204258 1.000000 1.000000 
-23.532679 153.335724 -9.828634 -0.027641 9.828083 0.000000 0.000000 
-23.248367 153.413574 -10.166117 -3.086899 7.543927 0.000000 0.000000 
-24.343552 153.614075 -9.602523 -6.743225 5.016747 0.000000 0.000000 
-27.909996 153.732300 7.788126 -1.974480 8.660858 0.000000 0.000000 
-24.173279 154.485229 5.391499 -4.672157 8.626244 0.000000 0.000000 
-24.364662 154.492523 4.253623 -5.155663 9.200424 0.000000 0.000000 
-23.532066 154.842926 4.968224 -5.471741 5.394917 0.000000 0.000000 
-23.013554 155.263123 3.208635 -7.882896 3.921227 0.000000 0.000000 
-28.814550 154.416107 3.578671 -9.343147 4.269818 0.000000 0.000000 
34.915497 153.359955 0.757725 -7.813393 5.129094 1.000000 1.000000 
-31.649389 154.436249 10.127366 -9.975739 5.229920 0.000000 0.000000 
-31.155634 154.808716 8.629313 -1.847023 9.352520 0.000000 0.000000 
-31.617825 154.850586 11.297871 -5.587952 7.647698 0.000000 0.000000 
-31.498909 155.307495 10.039687 -2.061417 9.161869 0.000000 0.000000 
-31.329046 155.468292 8.679435 -1.091026 7.971066 0.000000 0.000000 
-32.729336 155.173950 9.824125 -0.661552 9.382973 0.000000 0.000000 
-30.972876 155.749786 8.648108 -2.329117 9.083447 0.000000 0.000000 
-29.795248 155.993561 10.282636 -5.761536 7.807168 0.000000 0.000000 
-33.901039 155.252472 13.229858 -6.365257 6.295479 0.000000 0.000000 
-32.011627 155.697937 12.132283 -5.068047 6.470097 0.000000 0.000000 
-118.952919 104.225578 -1.484259 8.955025 5.817498 0.000000 0.000000 
-30.796902 157.226746 8.932853 -4.457633 6.260296 0.000000 0.000000 
-31.715645 157.062469 12.666891 -4.508331 6.339604 0.000000 0.000000 
-20.634703 159.026855 3.274303 -11.504433 3.818455 1.000000 1.000000 
-31.596996 157.210968 12.117783 -5.934310 5.692162 0.000000 0.000000 
-31.084082 157.748291 11.091932 -6.267944 5.664101 0.000000 0.000000 
-21.108574 159.628357 -7.463215 -1.364044 10.480659 0.000000 0.000000 
-23.583740 159.375702 3.775519 -3.263107 7.229149 0.000000 0.000000 
-24.509239 159.669342 -8.925645 -6.231719 6.634461 0.000000 0.000000 
-23.756132 159.960938 -9.104366 -1.760315 8.293716 0.000000 0.000000 
-24.425056 160.130951 3.197058 -3.125252 7.030446 0.000000 0.000000 
-23.640694 160.672272 -3.721976 -3.876878 7.882172 0.000000 0.000000 
-23.480577 160.806885 4.273549 -7.969170 3.422348 1.000000 1.000000 
-23.917072 160.748688 -13.203452 -1.315392 10.796803 0.000000 0.000000 
-24.529043 161.051453 3.900734 -4.867554 6.218464 0.000000 0.000000 
-23.609018 161.529266 4.875450 -1.437256 7.748127 0.000000 0.000000 
42.678352 157.501038 5.265119 -1.272385 9.625793 0.000000 0.000000 
-24.780207 161.419983 5.476053 -2.972084 7.334206 0.000000 0.000000 
-23.968569 161.650330 -4.464685 -4.740288 6.324463 0.000000 0.000000 
-21.889227 162.234039 1.302768 -7.363243 6.301934 0.000000 0.000000 
-24.478739 162.188080 4.254063 -4.438805 4.317456 0.000000 0.000000 
-24.418896 162.234528 3.025585 -2.088295 6.135716 0.000000 0.000000 
-26.650087 161.929230 5.037836 -4.993111 6.957219 0.000000 0.000000 
-24.108175 162.777069 7.856389 -7.141869 4.578984 0.000000 0.000000 
-23.171747 163.274384 0.789932 -7.918076 4.368706 0.000000 0.000000 
-24.839745 165.803253 2.514558 -6.677413 3.941807 0.000000 0.000000 
-24.629967 166.098846 1.238198 -2.145203 6.572808 0.000000 0.000000 
-24.307547 166.164337 5.439242 -5.288902 5.412583 0.000000 0.000000 
-25.111101 166.194275 4.950211 -3.852562 4.873623 0.000000 0.000000 
-23.695759 166.783936 5.450493 -7.205467 5.043816 0.000000 0.000000 
-24.576679 166.845062 -1.570664 -9.441072 3.089848 1.000000 1.000000 
-24.414402 167.548767 6.050366 4.789032 13.330364 0.000000 0.000000 
-24.059622 167.702789 -12.543132 -3.631828 9.110168 0.000000 0.000000 
-24.606361 168.498138 -1.421573 -6.167809 3.884056 0.000000 0.000000 
-24.876835 168.465027 -1.351655 -11.415817 2.891293 0.000000 0.000000 
-22.425648 169.023407 -2.173384 -9.857881 2.117676 1.000000 1.000000 
-24.497936 168.844940 -3.046439 -0.125633 9.094147 0.000000 0.000000 
-24.862843 169.683472 -2.500185 -2.465988 6.685734 0.000000 0.000000 
-25.042046 169.955780 -1.466822 -1.828568 6.340069 0.000000 0.000000 
-25.598589 169.912079 1.119236 -5.928916 3.933121 0.000000 0.000000 
-25.278572 170.062195 -2.327169 -7.569480 3.800137 0.000000 0.000000 
-24.948374 170.539246 5.219012 -3.072426 6.947663 0.000000 0.000000 
-24.635368 170.695465 6.348339 -3.142624 6.126591 0.000000 0.000000 
-25.064131 170.753937 -15.041995 -2.531693 6.898095 0.000000 0.000000 
-24.760365 170.839935 1.806455 0.022217 7.002320 0.000000 0.000000 
-25.720827 170.836731 5.860054 -4.999969 5.834248 0.000000 0.000000 
-23.989908 171.555206 -8.792635 -2.517853 9.341915 0.000000 0.000000 
-22.627680 171.869324 1.678393 -6.307838 6.237786 0.000000 0.000000 
-25.824106 171.688141 6.270419 -3.257111 5.679657 0.000000 0.000000 
-24.045021 172.178986 5.079459 -5.528908 5.637921 0.000000 0.000000 
-25.006161 172.040222 6.443458 -5.997536 5.530606 0.000000 0.000000 
-24.125685 172.298065 -9.012695 -5.008338 5.716942 0.000000 0.000000 
-24.153259 172.422607 2.944980 -3.364731 8.324261 0.000000 0.000000 
-24.204004 172.431915 2.615242 7.079201 13.624851 0.000000 0.000000 
-24.834244 172.363220 7.268318 1.835815 9.289043 0.000000 0.000000 
-23.918509 172.811127 4.263983 -0.189575 8.266266 0.000000 0.000000 
-24.020687 172.799530 3.457107 -0.733070 8.216881 0.000000 0.000000 
-24.963608 173.043274 -4.642042 -2.171898 6.480904 1.000000 1.000000 
-25.406857 173.094269 -1.620381 -4.039551 4.368645 0.000000 0.000000 
-24.263075 173.266632 -3.915990 -6.751792 5.938069 0.000000 0.000000 
-21.523407 173.660889 -0.025832 -9.937837 4.036080 0.000000 0.000000 
-24.593191 173.848480 2.892102 -5.385071 5.171261 0.000000 0.000000 
-25.716394 173.783600 -1.792201 -6.446709 3.660424 0.000000 0.000000 
-24.567738 174.537567 -4.901684 -6.085533 5.164681 0.000000 0.000000 
-24.145319 174.696014 -3.350623 -9.141685 3.372097 0.000000 0.000000 
-24.164770 175.050293 -2.164034 -10.661186 3.888428 0.000000 0.000000 
-24.204855 175.471008 -1.868740 -7.075706 3.742489 0.000000 0.000000 
-25.205370 175.327026 -2.518536 -7.955750 3.292980 0.000000 0.000000 
-25.101160 175.408783 -3.971651 -3.997926 4.218026 0.000000 0.000000 
-23.780439 175.721436 0.039711 -9.628816 3.100258 0.000000 0.000000 
-25.319197 175.681549 -2.206253 -3.547401 5.246052 0.000000 0.000000 
-25.267401 176.903015 -2.664572 -4.729370 3.491318 0.000000 0.000000 
-25.943289 177.042450 -2.181072 -7.026962 3.470940 1.000000 1.000000 
-25.669058 177.652100 -1.916729 -2.267609 5.359768 0.000000 0.000000 
-26.164455 177.604126 -4.301475 0.672562 8.027458 0.000000 0.000000 
-25.977766 177.779999 -2.795573 -2.798103 7.242745 0.000000 0.000000 
-25.845680 177.817200 3.307545 -2.662399 5.611786 0.000000 0.000000 
-25.824095 179.725647 -3.146212 -11.101242 4.007641 1.000000 1.000000 
-24.838907 180.446350 -2.656749 7.458565 13.963814 0.000000 0.000000 
-25.028824 180.428192 -2.617021 7.391914 14.202808 0.000000 0.000000 
-24.637949 180.606842 -2.512923 0.745628 11.482105 0.000000 0.000000 
-24.330013 180.843018 -3.911888 -1.739044 8.406704 0.000000 0.000000 
-25.012350 180.873749 -7.295248 0.880577 7.745213 0.000000 0.000000 
-26.432230 180.712738 2.490986 -6.195801 3.764527 1.000000 1.000000 
-24.788158 181.027191 0.328157 0.289673 8.150673 0.000000 0.000000 
-25.252504 181.402832 -1.161867 -4.876251 4.939393 0.000000 0.000000 
-23.968006 181.797607 -2.705737 -7.899719 3.805668 0.000000 0.000000 
-25.829424 181.768433 -1.525900 -3.532539 5.412499 0.000000 0.000000 
-26.183496 182.160217 -1.550790 -6.236610 3.903900 0.000000 0.000000 
-25.044106 184.383545 -2.553735 -7.995574 3.047241 0.000000 0.000000 
-27.330994 185.281799 -12.400474 -4.479843 3.459290 0.000000 0.000000 
-25.405079 186.279358 9.644871 -3.057579 4.130837 0.000000 0.000000 
-26.414888 186.487457 4.178683 5.168533 11.263748 0.000000 0.000000 
-25.328432 187.012726 -7.396062 -0.137878 7.551064 0.000000 0.000000 
-26.839039 187.181000 7.290043 -1.025803 6.265778 1.000000 1.000000 
-25.861917 187.751678 6.264390 -3.746690 5.588158 0.000000 0.000000 
-24.930084 187.884338 4.168553 -6.944862 3.729794 0.000000 0.000000 
-24.924854 187.887146 -10.937396 -3.596428 4.624157 0.000000 0.000000 
-1.096094 191.824432 -6.865114 1.113762 10.216690 0.000000 0.000000 
-1.412991 191.855530 -7.331066 3.093033 11.083683 0.000000 0.000000 
-24.983379 191.503357 -2.059572 -7.296867 3.160267 0.000000 0.000000 
-24.814808 191.658112 -3.466803 -3.967773 3.562920 0.000000 0.000000 
-25.237185 191.704590 -4.466795 -5.737282 4.076684 0.000000 0.000000 
-32.309566 192.853455 12.411044 -3.216858 4.023739 0.000000 0.000000 
-32.665573 195.291046 7.223077 -1.960480 5.139500 0.000000 0.000000 
-33.732410 195.164520 5.009937 -3.838860 3.890892 0.000000 0.000000 
-31.307583 195.764984 10.175744 -5.510895 3.553192 0.000000 0.000000 
-2.886316 199.529327 -6.343248 -1.692711 7.293763 0.000000 0.000000 
34.012066 198.082397 -0.576083 -5.293159 4.488835 0.000000 0.000000 
-27.766722 199.379395 4.370455 -8.973976 3.699295 0.000000 0.000000 
-30.966930 199.257721 10.030019 -3.642838 4.438580 0.000000 0.000000 
-32.637554 199.949219 14.781075 -0.717888 6.080895 0.000000 0.000000 
-30.121725 200.422302 1.739909 -3.151733 4.373131 0.000000 0.000000 
-33.637203 202.859924 7.748563 -3.401039 4.738320 0.000000 0.000000 
-27.564333 207.791168 -5.507227 -3.775543 4.298966 0.000000 0.000000 
-29.307714 217.612579 7.148505 -3.352180 2.727391 0.000000 0.000000 
-35.038185 248.085693 -2.786032 3.500679 6.251542 0.000000 0.000000 
-36.327408 247.935364 -4.063341 1.998100 4.437245 0.000000 0.000000 
-34.168186 250.429443 -1.194289 -0.069214 3.577126 0.000000 0.000000 
