ply
format ascii 1.0
comment Created by CloudCompare v2.14.beta (Feb  3 2026)
comment Created 2026-04-17T11:45:16
obj_info Generated by CloudCompare!
element vertex 2753
property float x
property float y
property float z
property float rcs
property float snr
property float v
property float label
end_header
56.554935 -41.600567 -12.778575 3.985023 16.545927 0.000000 1.000000 
10.767177 -93.808853 -20.222452 5.622231 14.903088 0.000000 1.000000 
-23.804279 27.298817 -8.297054 -8.213638 9.867699 1.000000 1.000000 
-9.653324 42.009361 -7.604334 -14.516206 13.169666 1.000000 1.000000 
8.265017 47.602989 -17.858351 -8.528337 19.782043 0.000000 1.000000 
7.384270 50.472843 -13.229752 -15.190170 18.554199 0.000000 1.000000 
-12.239750 53.516502 -19.781340 -19.956734 11.582382 1.000000 1.000000 
-25.283007 48.319290 -19.255667 -13.255029 11.347431 1.000000 1.000000 
-23.738033 51.278309 -15.598336 -13.404060 13.339710 1.000000 1.000000 
13.152851 55.342728 -14.184682 -14.813287 13.525963 0.000000 1.000000 
7.229764 57.525314 -22.087704 -19.875122 11.623081 0.000000 1.000000 
7.257191 58.106152 -22.264055 -13.157730 14.103619 0.000000 1.000000 
29.882261 53.414185 -15.739402 -8.924934 9.451336 0.000000 1.000000 
8.317175 61.926395 -14.234546 -9.511949 17.851969 0.000000 1.000000 
8.551195 62.471497 -24.768986 -11.070625 18.026907 0.000000 1.000000 
-21.911232 59.049240 -16.622437 -13.606758 12.858425 0.000000 1.000000 
23.407230 60.212429 -24.912466 -15.004654 9.688271 0.000000 1.000000 
32.128689 59.230282 -21.416710 -12.526573 7.824768 0.000000 1.000000 
-21.732813 69.061333 -18.683023 -15.809845 9.847210 0.000000 1.000000 
6.669345 74.554382 -25.356007 -16.158226 11.260578 0.000000 1.000000 
-6.201941 81.233398 -32.458347 -17.994408 6.160560 0.000000 1.000000 
-34.015244 75.702713 -30.968815 -11.879045 10.313053 1.000000 1.000000 
23.970385 79.660172 -14.069016 -16.281067 7.813053 0.000000 1.000000 
0.787043 88.415413 -11.309111 -13.077774 8.200092 1.000000 1.000000 
39.945187 78.697365 -33.077690 -6.405632 6.886177 0.000000 1.000000 
0.439382 89.201622 -13.867376 -0.978050 17.916565 0.000000 1.000000 
35.992069 81.981071 -33.717503 -4.150017 14.936592 1.000000 1.000000 
-19.145929 90.860939 -30.657484 -4.300186 15.725651 0.000000 1.000000 
-5.740192 95.293510 -33.994366 -1.630341 16.820528 0.000000 1.000000 
-29.832157 97.399300 -34.587357 -5.363129 12.180908 0.000000 1.000000 
5.977409 103.857544 -34.887173 -13.388185 7.557033 1.000000 1.000000 
43.702290 95.834160 -21.847563 0.811050 17.199543 0.000000 1.000000 
-29.299803 102.920883 -43.196678 1.225861 18.686283 0.000000 1.000000 
-28.147041 103.279884 -32.974846 -3.260704 17.558235 0.000000 1.000000 
-30.093018 104.204956 -43.805935 -10.141267 9.693531 0.000000 1.000000 
-20.757967 109.466850 -21.836334 -11.831001 10.983971 0.000000 1.000000 
-5.727368 115.232079 -40.448799 -17.934334 7.286319 0.000000 1.000000 
-5.454966 115.640511 -41.321152 -14.680351 6.062435 0.000000 1.000000 
-5.445042 116.844215 -11.709834 -11.149545 9.395866 0.000000 1.000000 
-31.361942 114.586212 -13.927542 -10.464798 7.666481 0.000000 1.000000 
-45.151447 121.989342 -26.467958 -5.104744 8.002323 1.000000 1.000000 
-31.845364 139.785828 -16.667124 -5.879791 6.904190 0.000000 1.000000 
-33.260464 140.841034 -16.553911 -10.793457 5.929370 0.000000 1.000000 
-78.303085 133.881439 -39.153179 1.450363 10.776230 1.000000 1.000000 
6.355016 155.577759 -18.459089 1.347473 13.552902 0.000000 1.000000 
6.229312 157.221741 -37.281357 -10.346786 4.269161 0.000000 1.000000 
8.091010 160.113922 -63.374619 -8.264565 5.333110 0.000000 1.000000 
-27.216139 163.524689 -64.976883 -11.815239 5.006977 0.000000 1.000000 
-32.003391 169.406494 -27.032440 -7.749832 5.725738 0.000000 1.000000 
-31.844831 177.725647 -20.728167 -4.061714 5.011764 0.000000 1.000000 
-23.933247 207.422791 -16.930155 -2.199333 6.121894 0.000000 1.000000 
-22.686153 207.766785 -14.679371 2.657532 9.587936 0.000000 1.000000 
1.873621 210.419586 -53.679874 1.032669 8.196747 0.000000 1.000000 
4.389752 210.460480 -24.661554 2.134682 12.014149 0.000000 1.000000 
-23.169573 227.527954 -14.452190 6.825920 11.764389 0.000000 1.000000 
-22.422560 247.973083 -24.777092 -2.065048 3.425067 0.000000 1.000000 
36.907753 -60.438076 21.794134 5.158035 20.413980 1.000000 1.000000 
57.552574 -84.176178 35.556286 22.882401 27.700249 0.000000 1.000000 
177.848694 78.966476 22.749100 27.367851 22.359236 0.000000 1.000000 
186.196426 80.379326 25.871538 20.250786 15.083084 0.000000 1.000000 
-25.661346 61.535114 26.962368 -15.853088 10.225620 1.000000 1.000000 
31.629292 60.969944 27.883715 -5.048813 12.585114 1.000000 1.000000 
31.173765 61.262669 27.899786 -13.748726 9.682835 1.000000 1.000000 
6.942663 69.530525 26.273851 -23.075729 7.990673 0.000000 1.000000 
10.825125 70.903709 19.740387 -17.126190 12.923328 0.000000 1.000000 
9.950459 72.303574 21.981916 -12.802545 14.705704 0.000000 1.000000 
7.175939 73.953926 29.149542 -12.912315 12.202812 0.000000 1.000000 
18.509747 72.293205 30.279264 -16.508583 9.339474 1.000000 1.000000 
-20.336063 74.815956 31.526503 -19.638702 7.035991 0.000000 1.000000 
5.650331 82.273369 32.402382 -12.643250 11.121185 0.000000 1.000000 
-6.307572 90.630608 27.893772 -8.734239 15.200817 0.000000 1.000000 
-23.665213 95.878960 33.107735 -6.577034 12.546982 0.000000 1.000000 
47.374603 89.652344 27.394405 -1.299652 16.292286 0.000000 1.000000 
44.987019 93.063728 29.761255 4.468735 16.046009 0.000000 1.000000 
44.690239 93.344978 29.654045 -0.000549 11.733208 0.000000 1.000000 
45.511074 93.059914 30.280632 0.509743 12.934517 0.000000 1.000000 
-25.569092 101.014008 28.280508 -15.934448 8.202888 0.000000 1.000000 
45.950935 93.357224 30.131186 0.188629 12.780941 0.000000 1.000000 
45.674381 98.804176 28.239843 -4.398537 10.654198 1.000000 1.000000 
66.427429 98.781219 18.109739 -0.555809 10.233887 1.000000 1.000000 
-6.900778 137.741394 57.257244 -11.050247 4.004814 1.000000 1.000000 
-6.707383 147.943390 40.982262 -6.312202 7.788288 0.000000 1.000000 
-14.687607 152.058777 20.269775 -5.383537 11.545712 0.000000 1.000000 
-17.530153 153.925079 59.011055 -5.557976 9.657021 0.000000 1.000000 
-134.608383 105.607025 18.863218 9.189362 4.527961 1.000000 1.000000 
45.285927 169.038086 42.989395 1.931572 9.346733 0.000000 1.000000 
44.769596 169.609863 42.676369 -4.705704 4.782306 0.000000 1.000000 
122.088661 137.574829 25.702579 9.939574 7.125087 1.000000 1.000000 
45.791668 183.322754 38.900597 -2.782852 5.116912 0.000000 1.000000 
46.037922 192.927734 44.728191 -0.074623 8.083637 0.000000 1.000000 
45.893940 193.392548 44.231327 -4.109657 4.653007 0.000000 1.000000 
46.761513 193.468658 45.794212 3.235764 11.188335 0.000000 1.000000 
45.037254 194.356720 43.908356 -1.927818 5.200317 0.000000 1.000000 
45.096066 194.375000 41.814571 -0.013046 7.130424 0.000000 1.000000 
185.732391 81.223709 19.528690 25.247078 11.978825 0.000000 1.000000 
44.931202 202.389160 33.662750 1.997093 6.621883 0.000000 1.000000 
43.879036 203.337799 40.495106 -0.299522 8.292618 0.000000 1.000000 
43.669086 203.595917 40.814907 -1.447159 6.355258 0.000000 1.000000 
-140.563919 155.217834 30.739614 16.784744 12.528347 1.000000 1.000000 
44.354141 208.764557 40.648144 2.086815 6.736740 0.000000 1.000000 
44.304283 219.014160 39.101429 11.208733 14.137276 0.000000 1.000000 
45.252113 219.140900 40.969460 8.243233 11.307892 0.000000 1.000000 
14.938297 5.432161 -1.003498 -13.882431 22.373688 1.000000 1.000000 
14.880157 5.824480 -0.909705 -14.712602 22.703283 1.000000 1.000000 
2.736893 20.828173 -2.481328 -21.745621 12.795410 1.000000 1.000000 
22.054407 16.377300 -3.522019 8.108932 18.946854 1.000000 1.000000 
-28.112423 18.577847 -2.704631 10.236121 22.141235 1.000000 1.000000 
-8.856722 39.575150 -3.002229 -0.685562 26.411041 1.000000 1.000000 
-9.023899 39.596226 -2.987020 -4.837685 21.802996 1.000000 1.000000 
-9.295313 42.082699 -7.069422 -15.235214 14.328632 1.000000 1.000000 
-21.245214 48.219635 -5.137812 -17.242630 10.333241 1.000000 1.000000 
62.005074 -10.572745 8.303957 1.269302 18.582106 1.000000 1.000000 
62.381321 -9.545479 9.876213 5.784836 22.573841 1.000000 1.000000 
2.587080 28.053015 5.946836 -18.411255 10.879181 1.000000 1.000000 
28.621752 19.180859 13.482685 2.256500 16.950338 1.000000 1.000000 
-23.897100 25.849257 13.870885 -2.173836 17.238396 1.000000 1.000000 
-41.799232 15.281716 5.840284 15.513321 19.553730 1.000000 1.000000 
8.756232 49.156757 17.434464 -16.973663 11.927444 1.000000 1.000000 
-44.744110 26.049416 12.825998 8.604529 12.361485 1.000000 1.000000 
-50.027199 19.433033 7.214599 12.088005 14.015442 1.000000 1.000000 
-73.020073 34.721741 11.481741 5.074707 7.525188 1.000000 1.000000 
72.891510 45.870358 16.887510 3.146965 6.904697 1.000000 1.000000 
-69.429550 55.009773 15.280041 12.309258 14.939816 1.000000 1.000000 
-107.801567 37.484261 15.121943 13.745621 7.915790 1.000000 1.000000 
-33.354698 75.937523 -11.213909 -1.535248 16.467606 0.000000 1.000000 
8.432702 94.652664 -16.793362 -10.108331 13.510319 0.000000 1.000000 
-30.471106 95.248024 -14.789672 4.125465 22.272196 0.000000 1.000000 
-29.958048 97.800758 -11.226198 2.105064 18.428991 0.000000 1.000000 
-34.553410 99.908546 -13.140493 -0.252014 17.615452 0.000000 1.000000 
43.941597 188.437836 -15.019906 -0.609581 5.392574 0.000000 1.000000 
0.253826 34.060417 12.900709 -17.268150 13.019455 0.000000 1.000000 
-1.082205 41.872883 14.712920 -17.104218 15.379738 0.000000 1.000000 
-18.877157 38.966972 15.797479 -15.097908 9.172348 0.000000 1.000000 
9.148375 49.135757 19.729532 -11.357002 17.312443 0.000000 1.000000 
-44.022179 94.978600 17.592398 -7.048347 11.082008 0.000000 1.000000 
-3.585327 26.728849 -0.122631 8.478218 36.733292 1.000000 0.000000 
-3.873486 26.880630 -0.269338 4.979057 36.127850 1.000000 0.000000 
-3.590093 26.952209 -0.061950 7.318329 32.888187 1.000000 0.000000 
-4.577042 26.816679 -0.565436 -5.405510 22.245846 1.000000 0.000000 
-3.675948 27.260765 0.363029 -3.399948 26.108925 1.000000 0.000000 
-4.424389 27.368359 -0.711152 -8.720474 20.383213 1.000000 0.000000 
-3.882292 27.559811 0.072436 -6.147675 24.464376 1.000000 0.000000 
-3.633753 27.687277 0.265133 1.576141 26.765301 1.000000 0.000000 
-3.750428 27.919350 0.176952 -1.752098 23.186630 1.000000 0.000000 
0.203376 28.276602 -0.481092 -16.534851 12.495945 1.000000 0.000000 
-4.666921 27.946056 -0.731503 -5.144318 24.171228 1.000000 0.000000 
-4.514047 28.069273 -0.657021 2.151840 28.883488 1.000000 0.000000 
0.174875 28.599167 0.135924 13.563263 37.198055 1.000000 0.000000 
0.184131 28.632887 1.205383 -18.339371 8.096889 1.000000 0.000000 
0.233779 28.947603 0.056759 14.868323 39.081928 1.000000 0.000000 
0.268343 28.967861 0.266681 -3.835007 23.675999 0.000000 0.000000 
0.104178 28.969719 -1.162337 9.609085 37.377190 1.000000 0.000000 
-0.213645 29.343170 -1.115955 2.736305 32.251324 0.000000 0.000000 
-0.367902 29.369364 -0.374776 -12.504501 13.680664 1.000000 0.000000 
1.026312 29.356216 -0.079897 6.128227 33.456047 1.000000 0.000000 
0.494793 29.380384 -0.061864 6.632500 29.791086 1.000000 0.000000 
-4.688011 29.067991 -0.770715 -13.218956 15.184017 1.000000 0.000000 
-0.332351 29.704189 -0.577693 1.993141 31.868427 0.000000 0.000000 
0.335885 29.810434 -0.632576 6.694092 34.037163 1.000000 0.000000 
0.246586 29.868095 -0.541162 3.131172 30.412621 1.000000 0.000000 
0.012872 29.916470 0.128999 3.989990 30.896721 0.000000 0.000000 
-0.241284 29.908030 -0.392590 -16.876709 8.886845 1.000000 0.000000 
-4.691784 29.600908 -0.794159 -10.745613 18.497213 1.000000 0.000000 
0.555513 30.035170 -0.802841 9.156845 32.926498 0.000000 0.000000 
0.523035 30.132477 -0.647134 -3.761009 23.017773 1.000000 0.000000 
0.608081 30.219828 -0.760332 6.708809 34.460789 0.000000 0.000000 
0.639312 30.219412 -0.320883 -4.030075 24.041710 1.000000 0.000000 
0.544864 30.485922 -0.677528 -2.957207 28.211620 1.000000 0.000000 
0.654101 30.491625 -0.446566 -3.471436 26.981293 0.000000 0.000000 
0.238290 30.525747 -0.348215 -9.724519 19.145258 1.000000 0.000000 
0.503067 30.574455 -0.617984 -15.799454 16.048653 1.000000 0.000000 
-0.226610 30.580120 0.098314 -17.060242 15.830441 1.000000 0.000000 
-4.396206 30.381544 -0.303376 -19.117790 12.250576 1.000000 0.000000 
0.080884 30.873341 -2.275159 -18.247696 14.488049 1.000000 0.000000 
-4.518710 30.603334 -0.958367 -18.301598 14.841839 1.000000 0.000000 
-0.024541 31.031979 -0.780392 -16.598610 16.865194 1.000000 0.000000 
-0.300336 31.147709 -2.082423 -10.246713 19.774040 0.000000 0.000000 
0.162394 31.337055 -2.178838 -3.372482 25.101391 0.000000 0.000000 
0.144385 31.357246 -2.148322 -3.197624 23.025822 0.000000 0.000000 
-0.217747 31.433796 0.490768 -9.495149 20.812618 0.000000 0.000000 
0.131206 31.535885 -2.316664 -2.585892 26.601238 1.000000 0.000000 
0.057196 31.580395 -2.428303 -11.908563 18.295349 1.000000 0.000000 
0.109814 31.591032 -2.595709 -9.626817 19.746630 0.000000 0.000000 
0.185059 31.616144 0.595833 -12.196527 16.039028 1.000000 0.000000 
0.213964 31.835064 -0.369208 -21.816841 11.716499 1.000000 0.000000 
0.148785 32.079796 -0.027191 -19.725731 14.158554 1.000000 0.000000 
0.170723 32.128471 0.697831 -14.128662 17.801697 1.000000 0.000000 
0.163196 32.296860 0.014901 -14.924797 15.119286 0.000000 0.000000 
0.103943 32.970016 -0.483272 -17.307304 16.040665 1.000000 0.000000 
-0.115596 32.978683 -0.647767 -26.691978 10.085350 1.000000 0.000000 
-0.028770 33.108200 -0.628143 -16.996559 15.304874 0.000000 0.000000 
-0.361144 34.644257 -0.710359 -27.918045 8.029099 1.000000 0.000000 
3.210817 37.725071 -0.649521 -12.118690 15.930466 1.000000 0.000000 
4.190104 37.781986 -1.031405 -14.819711 15.059288 1.000000 0.000000 
4.553166 37.943314 -0.051782 -18.508644 12.829254 1.000000 0.000000 
3.988935 38.209694 -0.614363 -18.480011 12.746010 1.000000 0.000000 
3.532877 38.380844 -0.585115 -9.098083 16.237156 1.000000 0.000000 
3.881574 38.556648 -0.987491 -13.073814 16.124161 1.000000 0.000000 
3.950997 38.585285 -0.782738 -7.644783 17.633141 1.000000 0.000000 
3.614982 38.686668 -0.869181 -6.195869 18.659740 1.000000 0.000000 
3.922928 38.681351 -0.427642 -18.379333 10.316811 1.000000 0.000000 
3.133614 38.900898 -0.965762 -15.842361 7.709304 1.000000 0.000000 
3.465775 39.135670 -0.391250 -18.938385 7.853359 1.000000 0.000000 
3.696693 39.120232 -0.415906 -17.087936 9.033253 1.000000 0.000000 
3.952079 39.537865 -0.126147 -22.265724 8.242241 1.000000 0.000000 
3.903417 39.591831 -0.585916 -17.005806 12.343227 1.000000 0.000000 
-9.246086 38.604130 0.993691 -6.580208 13.012966 1.000000 0.000000 
-9.340468 38.700150 1.142624 -6.229645 14.486050 1.000000 0.000000 
3.320294 40.017593 -0.493930 -16.954369 10.520081 1.000000 0.000000 
-9.237900 38.990742 1.285340 2.384361 21.578180 1.000000 0.000000 
3.677016 39.929802 -0.705252 -9.545425 12.188313 1.000000 0.000000 
-9.315932 39.038200 1.170347 -11.104362 13.159863 1.000000 0.000000 
3.895874 40.003185 -0.552789 -18.261818 9.595322 1.000000 0.000000 
-9.265598 39.081043 1.019165 -2.427704 21.533821 1.000000 0.000000 
3.547546 40.104031 -0.852886 -10.416039 15.412491 1.000000 0.000000 
-9.298301 39.190685 0.782594 -3.391029 21.565493 1.000000 0.000000 
-9.836869 39.299717 0.872109 -1.683273 24.598000 1.000000 0.000000 
3.465023 40.486103 -0.991399 -19.807335 11.220165 1.000000 0.000000 
-11.144391 39.033031 0.921958 -14.798286 13.172173 1.000000 0.000000 
3.615996 40.758732 -0.705183 -12.775589 14.301403 1.000000 0.000000 
-11.310764 39.321690 0.774549 -10.491272 13.318016 1.000000 0.000000 
-11.195750 39.400341 0.748391 -16.868851 13.786495 1.000000 0.000000 
-9.205523 40.262825 1.465914 -7.530418 18.525023 1.000000 0.000000 
-8.948212 40.411488 2.051980 -13.963127 12.733376 1.000000 0.000000 
-9.053249 40.519745 1.216140 -5.231171 21.931812 1.000000 0.000000 
-9.119761 40.620037 2.494116 -0.372040 24.944038 1.000000 0.000000 
-9.064456 40.743889 1.336953 -12.243370 15.501236 1.000000 0.000000 
3.791044 41.843433 -0.706374 -19.777733 6.581958 1.000000 0.000000 
-9.221781 41.122734 1.093672 -6.491859 19.732502 1.000000 0.000000 
-9.213744 41.235851 1.139635 4.378830 28.881540 1.000000 0.000000 
-9.180809 41.263535 2.063890 5.758293 30.154373 1.000000 0.000000 
-9.240681 41.255104 2.354631 1.168640 25.563190 1.000000 0.000000 
-9.194429 41.394882 1.998959 5.382553 25.451275 1.000000 0.000000 
-9.044686 41.438854 2.077692 -2.875549 20.185213 1.000000 0.000000 
-9.230835 41.400627 2.340210 -5.220360 16.104256 1.000000 0.000000 
-10.262454 41.389904 2.369682 -7.587822 19.931505 1.000000 0.000000 
-9.348151 41.710930 2.208048 0.127029 24.577162 1.000000 0.000000 
-8.805727 41.915771 2.248925 -13.246231 10.781742 1.000000 0.000000 
-11.254406 41.314369 3.019047 -12.484695 15.705719 1.000000 0.000000 
-9.431811 41.875004 2.017718 -13.950920 12.059242 1.000000 0.000000 
-9.287949 42.043465 1.816903 -3.137627 19.652618 1.000000 0.000000 
-9.347390 42.453911 2.182354 -3.503677 19.160929 1.000000 0.000000 
-9.373193 42.462742 1.945234 -15.154054 11.571884 1.000000 0.000000 
-9.026609 42.809109 2.227679 -17.786835 8.867435 1.000000 0.000000 
-9.423646 42.720745 2.152093 -9.886406 12.729317 1.000000 0.000000 
-8.854524 45.970280 2.830562 -20.846596 7.192207 1.000000 0.000000 
-8.921953 46.271179 2.909098 -13.571153 12.903156 1.000000 0.000000 
-8.808567 46.684246 2.629180 -16.702652 10.431904 1.000000 0.000000 
-8.837850 47.068783 3.055951 -20.527321 5.706058 1.000000 0.000000 
-8.956474 47.187996 3.073997 -16.571419 8.862003 1.000000 0.000000 
-6.027386 -0.918153 -0.757649 0.362656 48.432098 0.000000 0.000000 
-6.038331 -1.148616 -0.838648 -14.146782 33.430248 0.000000 0.000000 
-6.073467 -0.887069 -0.752942 7.847496 56.631660 0.000000 0.000000 
-6.075592 -0.846100 -0.659345 -17.584728 34.317009 0.000000 0.000000 
-6.065570 -1.272223 -0.709172 -16.654362 31.997530 0.000000 0.000000 
-6.519749 -0.852220 0.085216 -22.303276 30.287189 0.000000 0.000000 
-6.524427 -0.383968 0.204306 -12.846920 37.023941 0.000000 0.000000 
-6.417377 0.381200 0.047710 -21.366081 26.914434 0.000000 0.000000 
-6.520481 -0.233026 0.262947 -21.355175 27.085123 0.000000 0.000000 
-6.735042 -0.636602 0.127850 -21.589622 27.660294 0.000000 0.000000 
-6.350936 1.358569 -0.293891 -22.944859 24.547861 0.000000 0.000000 
-6.745626 -1.603260 -0.035537 -25.094460 25.667009 0.000000 0.000000 
-6.769369 -1.768190 -0.159311 -22.060184 26.402243 0.000000 0.000000 
-6.726437 0.219729 -0.072321 -16.966774 22.641521 0.000000 0.000000 
-6.787832 -1.692959 0.037614 -16.892387 25.953434 0.000000 0.000000 
-6.870723 -1.375879 0.093909 -21.632488 28.726904 0.000000 0.000000 
-6.833454 -0.080075 -0.119854 -0.745659 39.246403 0.000000 0.000000 
-6.622019 -2.891258 -0.004475 -23.124458 23.200905 0.000000 0.000000 
-6.738297 -2.577748 0.212163 -22.228058 21.731178 0.000000 0.000000 
-6.724145 -2.753023 -0.102801 -21.151455 24.415781 0.000000 0.000000 
-7.004269 -0.914176 -0.242218 -22.220432 25.689152 0.000000 0.000000 
-6.921295 0.147703 0.001092 2.229095 45.207253 0.000000 0.000000 
-7.025102 -0.808356 0.066884 -17.785542 27.571926 0.000000 0.000000 
-7.171887 -1.276380 -0.104568 -15.482925 23.378738 0.000000 0.000000 
-7.211422 -0.938303 -0.280867 -13.757927 23.926914 0.000000 0.000000 
-7.229487 -1.440340 0.158219 -20.477032 23.131927 0.000000 0.000000 
-6.770042 -3.413936 0.045552 -17.594212 24.150837 0.000000 0.000000 
-6.702273 -3.609784 0.290770 -13.213525 27.105610 0.000000 0.000000 
-6.981188 -3.116878 -0.183855 -18.507179 23.943954 0.000000 0.000000 
-7.086349 -2.979667 -0.446168 -18.288719 23.175976 0.000000 0.000000 
-7.229912 -2.746131 -0.089674 -15.869644 25.250793 0.000000 0.000000 
-6.536625 -4.451938 0.109746 -19.326710 20.086754 0.000000 0.000000 
-7.169666 -3.124048 0.378273 -10.686226 24.232910 0.000000 0.000000 
-6.809290 -4.320277 0.076762 -11.503143 22.165428 0.000000 0.000000 
-6.480332 -4.926568 0.187883 -12.799928 25.264673 0.000000 0.000000 
-7.056140 -4.260064 -0.046589 -17.433205 23.408680 0.000000 0.000000 
-7.029481 -4.540399 0.031952 -14.238258 24.095798 0.000000 0.000000 
-6.673843 -5.120339 -0.065010 -13.670021 26.508474 0.000000 0.000000 
-7.126228 -4.507173 -0.198154 -20.720222 21.572113 0.000000 0.000000 
-6.975402 -4.850980 -0.165158 -16.648567 27.220646 0.000000 0.000000 
-6.567609 -5.540132 0.023627 -9.519394 32.893440 0.000000 0.000000 
-7.032696 -5.196303 -0.125348 -13.474907 29.700294 0.000000 0.000000 
-6.649845 -5.762218 -0.106416 -13.591766 32.151924 0.000000 0.000000 
-6.483608 -6.095439 0.077759 -12.720665 31.887243 0.000000 0.000000 
-6.409739 -6.208743 -0.219475 -14.455154 28.043575 0.000000 0.000000 
-7.484728 -4.921380 -0.188509 -24.625122 20.541962 0.000000 0.000000 
-6.533966 -6.209259 0.186201 -17.028893 27.628792 0.000000 0.000000 
-7.010994 -5.726242 0.011930 -14.311966 30.412251 0.000000 0.000000 
-6.319874 -6.665945 0.501219 -22.929695 23.463011 0.000000 0.000000 
-6.568055 -6.448141 0.344800 -15.051933 29.251427 0.000000 0.000000 
-6.684095 -6.323988 -0.187061 -15.519218 29.369719 0.000000 0.000000 
-6.960737 -6.012481 0.502752 -15.706245 31.094101 0.000000 0.000000 
-7.341200 -5.575536 0.058158 -17.827141 26.924732 0.000000 0.000000 
-7.387906 -5.552874 -0.192583 -14.487251 29.085423 0.000000 0.000000 
-6.819713 -6.335611 -1.084862 -11.649400 30.724220 0.000000 0.000000 
-6.587194 -6.590082 -0.002260 -14.183525 30.161716 0.000000 0.000000 
-6.489710 -6.763201 0.159690 -18.957764 26.562254 0.000000 0.000000 
-7.366310 -5.892375 -0.252741 -23.082214 25.145418 0.000000 0.000000 
-6.593099 -7.021170 -0.176480 -16.703056 30.998793 0.000000 0.000000 
-6.494691 -7.133223 -0.012820 -14.480171 31.510868 0.000000 0.000000 
-6.696568 -7.008023 -0.131256 -15.250267 31.473124 0.000000 0.000000 
-6.383558 -7.345709 0.057709 -11.488313 31.549919 0.000000 0.000000 
-7.124083 -6.608300 -0.238593 -17.938385 27.094158 0.000000 0.000000 
-7.138041 -6.643120 -0.155748 -21.348480 26.597858 0.000000 0.000000 
-6.557866 -7.249564 -0.347208 -12.449211 31.601368 0.000000 0.000000 
-6.745823 -7.387683 0.006441 -17.854462 28.900555 0.000000 0.000000 
-6.634473 -7.545724 -0.247129 -11.922363 30.197708 0.000000 0.000000 
-6.496283 -7.675945 -0.091994 -12.894235 31.437342 0.000000 0.000000 
-6.485763 -7.819238 0.240992 -17.304802 27.171005 0.000000 0.000000 
-6.534296 -7.947919 0.200272 -13.467178 31.195707 0.000000 0.000000 
-7.312738 -7.420228 0.062596 -26.505798 21.853195 0.000000 0.000000 
-6.656376 -8.140280 -0.336276 -15.096414 29.536320 0.000000 0.000000 
-6.444836 -8.366095 0.047923 -10.160095 30.954420 0.000000 0.000000 
-6.674416 -8.579569 0.059414 -17.932808 27.899200 0.000000 0.000000 
-6.385041 -8.851516 1.002280 -16.821899 27.542023 0.000000 0.000000 
-6.575129 -8.783058 0.579340 -14.413507 27.004887 0.000000 0.000000 
-6.562326 -9.101886 -0.083563 -13.030586 30.305079 0.000000 0.000000 
-6.756996 -9.161218 -1.150248 -6.616890 33.349598 0.000000 0.000000 
-6.294078 -9.522864 0.702195 -11.328668 30.391291 0.000000 0.000000 
-6.485071 -9.412093 -0.585994 -14.523483 29.843390 0.000000 0.000000 
-6.890546 -9.372475 -0.604456 -13.822441 26.421841 0.000000 0.000000 
-6.585710 -9.610728 -0.679149 -17.080307 29.238144 0.000000 0.000000 
-6.426466 -9.873020 -0.436018 -9.994728 31.457928 0.000000 0.000000 
-6.482095 -9.981948 0.136733 -15.323030 28.003784 0.000000 0.000000 
-6.524255 -10.235142 0.009193 -14.039140 28.587160 0.000000 0.000000 
-6.688808 -10.209242 -0.235714 -10.707031 27.443268 0.000000 0.000000 
-6.777589 -10.366353 0.581616 -22.343506 22.098179 0.000000 0.000000 
-6.888976 -10.497758 -0.240774 -8.120529 29.971540 0.000000 0.000000 
-6.650991 -10.687989 0.456065 -13.238464 25.904526 0.000000 0.000000 
-6.651952 -10.696593 -0.674863 -13.667900 29.628086 0.000000 0.000000 
-6.729726 -10.942776 -0.621962 -15.667625 27.568628 0.000000 0.000000 
-6.571880 -11.208606 0.050828 -9.790916 27.586456 0.000000 0.000000 
-6.772278 -11.156034 -0.574288 -7.272423 32.349297 0.000000 0.000000 
-6.339015 -11.507728 -0.858975 -12.291451 26.437672 0.000000 0.000000 
-6.605349 -11.605681 -0.044451 -3.587433 35.291744 0.000000 0.000000 
-6.713313 -11.597901 -0.202343 -12.308815 27.523291 0.000000 0.000000 
-6.816601 -11.691532 -0.201747 -7.170708 34.584484 0.000000 0.000000 
-6.735605 -11.998020 -0.636337 -5.900444 33.240162 0.000000 0.000000 
-6.804635 -12.004178 0.382214 -11.264810 29.360283 0.000000 0.000000 
-6.427869 -12.433533 -0.101024 -22.327255 24.883423 0.000000 0.000000 
-7.146980 -12.247665 -0.408042 -14.650743 25.750061 0.000000 0.000000 
-6.718245 -12.532228 -0.205528 -10.741174 30.069838 0.000000 0.000000 
-6.437233 -12.683416 -0.222188 -16.114281 29.257416 0.000000 0.000000 
-6.526996 -12.874211 -0.687872 -20.863922 23.609236 0.000000 0.000000 
-6.676730 -12.839199 -0.314477 -14.673280 25.203936 0.000000 0.000000 
-6.617172 -13.040270 -0.435841 -7.691139 31.619961 0.000000 0.000000 
-6.463903 -13.188869 -0.291372 -13.600327 26.703386 0.000000 0.000000 
-6.612057 -13.336163 -1.129589 -17.553398 22.979122 0.000000 0.000000 
-6.546678 -13.563459 0.391073 -7.599342 30.506250 0.000000 0.000000 
-6.552736 -13.615165 -0.282506 -10.423120 27.706549 0.000000 0.000000 
-6.784678 -13.826230 -1.118219 -8.899957 29.631929 0.000000 0.000000 
-6.418876 -14.050146 0.360427 -6.461433 30.360765 0.000000 0.000000 
-6.579428 -14.092694 -1.167281 -19.668060 21.660534 0.000000 0.000000 
-6.541967 -14.427867 -0.855091 -14.595773 25.491932 0.000000 0.000000 
-6.528165 -14.696855 -0.872601 -6.478279 30.903324 0.000000 0.000000 
-6.583012 -14.858236 -0.844893 -7.059731 29.289454 0.000000 0.000000 
-6.880057 -15.049623 -0.120998 -16.472206 22.709599 0.000000 0.000000 
-6.646987 -15.311738 -0.596642 -11.109735 25.271347 0.000000 0.000000 
-6.515125 -15.374433 -0.112812 -17.888847 19.445034 0.000000 0.000000 
-6.640283 -15.709676 -0.379614 -16.272972 22.943060 0.000000 0.000000 
-6.669560 -15.797740 -0.313517 -15.450569 20.674995 0.000000 0.000000 
-6.673420 -15.908185 -0.099130 -14.761888 21.187592 0.000000 0.000000 
-6.695719 -16.168270 -0.729699 -9.710571 26.406822 0.000000 0.000000 
-6.617326 -16.639313 -0.632860 -8.954132 24.412043 0.000000 0.000000 
-6.633988 -16.682724 -1.320184 -12.517311 24.684999 0.000000 0.000000 
-6.361687 -16.875134 -0.728995 -7.942436 26.578054 0.000000 0.000000 
-6.484873 -16.979309 -0.373948 -11.938850 25.840044 0.000000 0.000000 
-6.976257 -17.549782 0.662238 -5.916595 27.348553 0.000000 0.000000 
-6.642676 -17.945103 -0.071463 -13.326837 25.046402 0.000000 0.000000 
-6.643947 -18.178062 -1.407965 -11.818826 21.912975 0.000000 0.000000 
-6.508879 -18.747395 -0.246946 -17.022209 20.875988 0.000000 0.000000 
-6.928869 -18.656124 0.182438 -14.790254 21.082527 0.000000 0.000000 
-6.500257 -18.925594 -0.720090 -15.210999 22.008715 0.000000 0.000000 
-6.656490 -19.655293 -0.498855 -16.016068 19.141544 0.000000 0.000000 
-6.476822 -19.954216 0.160104 -12.479280 20.203644 0.000000 0.000000 
-6.335775 -21.020966 -0.487915 -12.902397 18.677361 0.000000 0.000000 
-7.010561 -24.212502 -0.298572 -6.480286 21.139965 0.000000 0.000000 
-7.425046 -26.987675 -1.160100 -7.692192 19.944319 0.000000 0.000000 
-6.251965 -27.324493 -0.045339 -8.139648 19.679703 0.000000 0.000000 
-6.660767 -30.243706 1.945327 -7.919769 20.402834 0.000000 0.000000 
-6.670773 -30.277592 0.703757 -4.016846 20.390303 0.000000 0.000000 
-6.683070 -30.368393 0.570360 -8.429315 19.722143 0.000000 0.000000 
-6.636809 -32.997509 -0.701286 -7.269234 17.927345 0.000000 0.000000 
-7.235003 -33.852844 0.106281 -4.927933 20.372967 0.000000 0.000000 
-7.139876 -36.307884 0.118505 0.930847 24.347019 0.000000 0.000000 
-6.753304 -36.487640 2.218012 -0.095131 21.938660 0.000000 0.000000 
-6.852435 -36.673100 1.813500 -5.800850 18.832209 0.000000 0.000000 
-6.607299 -40.047207 -0.413678 -5.661972 17.595295 0.000000 0.000000 
-6.752044 -42.983292 0.332470 -0.123383 21.553875 0.000000 0.000000 
-6.024375 -54.955555 -1.172840 -3.160454 15.617878 0.000000 0.000000 
-6.021525 -12.077547 -0.444574 -9.206779 24.464724 0.000000 0.000000 
-5.945933 -12.354154 -2.611291 -16.672142 22.105011 0.000000 0.000000 
-6.530849 -13.560951 -1.321302 -6.099258 24.491978 0.000000 0.000000 
-6.090314 -13.989340 -2.480517 -6.489006 26.525118 0.000000 0.000000 
-6.506538 -13.797469 -0.314033 -2.631119 29.562962 0.000000 0.000000 
-6.415531 -14.142610 -0.709404 -9.485336 23.878750 0.000000 0.000000 
-6.912456 -13.870447 -1.486451 -2.292702 26.795092 0.000000 0.000000 
-6.883375 -14.024448 -0.994030 -5.631271 25.009439 0.000000 0.000000 
-7.121513 -13.899920 -0.139987 -7.632408 23.097437 0.000000 0.000000 
-6.651512 -14.633213 -1.413260 -6.827911 23.027206 0.000000 0.000000 
-6.767231 -14.687025 -0.526607 -9.980415 22.073080 0.000000 0.000000 
-6.306541 -14.972632 0.338642 -8.875145 22.589075 0.000000 0.000000 
-6.514431 -15.167069 -0.770092 -10.710008 21.540363 0.000000 0.000000 
-6.074707 -15.429427 -1.263548 -11.934143 21.091854 0.000000 0.000000 
-6.383162 -15.682310 -1.510551 -6.018097 25.668903 0.000000 0.000000 
-7.569053 -15.312957 3.894898 -7.648582 24.254351 0.000000 0.000000 
-6.987637 -15.830749 -0.955738 -6.898506 26.535856 0.000000 0.000000 
-6.806452 -15.933643 -0.765489 -6.483917 25.381907 0.000000 0.000000 
-6.718092 -16.032320 -1.055842 -7.005646 25.189550 0.000000 0.000000 
-7.009138 -15.912619 -0.272970 -6.782379 24.493301 0.000000 0.000000 
-7.404719 -16.076542 -0.547526 -2.181099 25.639009 0.000000 0.000000 
-6.977143 -16.730930 -0.871889 -6.497482 25.629416 0.000000 0.000000 
-6.981956 -16.915165 -0.834100 -4.391624 27.176220 0.000000 0.000000 
-7.481389 -17.256264 1.040948 -5.038300 27.092497 0.000000 0.000000 
-7.509176 -17.493599 0.732190 -3.186768 27.062515 0.000000 0.000000 
-6.622120 -18.143143 -0.956319 -12.749017 22.684101 0.000000 0.000000 
-6.340197 -18.264339 -0.284295 -10.169038 21.081522 0.000000 0.000000 
-6.161657 -18.515678 -1.390669 -7.881142 23.830692 0.000000 0.000000 
-6.414000 -18.511509 2.129725 -7.978058 24.260834 0.000000 0.000000 
-6.928820 -18.577644 -0.101327 -2.546524 29.583818 0.000000 0.000000 
-6.371331 -18.819569 0.651446 -7.084236 23.594002 0.000000 0.000000 
-6.722170 -19.383278 1.696798 -10.822479 20.616072 0.000000 0.000000 
-6.482578 -20.738415 -0.962229 -4.335617 23.285589 0.000000 0.000000 
-7.057859 -20.747532 -1.077991 -3.496811 23.513649 0.000000 0.000000 
-7.340867 -20.886864 -1.006457 -12.459802 23.079107 0.000000 0.000000 
-6.856414 -24.382320 2.208206 1.739021 26.527962 0.000000 0.000000 
-7.026587 -30.136688 -0.490280 -1.444405 22.755987 0.000000 0.000000 
-6.836843 -30.367428 0.048228 1.475357 23.762440 0.000000 0.000000 
-6.695277 -30.713638 0.346834 -4.235107 24.774172 0.000000 0.000000 
-7.251284 -36.566742 2.980373 3.642128 26.901020 0.000000 0.000000 
-7.647360 -36.787064 3.421201 -1.035629 22.202684 0.000000 0.000000 
-7.093852 -39.859230 1.322847 -1.597961 19.876667 0.000000 0.000000 
-6.512392 -40.029415 -0.921660 -4.460777 19.229290 0.000000 0.000000 
-6.257826 -41.327560 -1.869325 -1.723495 20.811092 0.000000 0.000000 
-7.298353 -49.010769 -1.021374 0.396843 22.737480 0.000000 0.000000 
-7.382674 -48.999912 -1.368250 0.866493 18.631828 0.000000 0.000000 
-7.139754 -56.807518 -1.207459 -0.137169 15.846996 0.000000 0.000000 
-7.996414 -61.421276 -0.076052 -0.835182 17.194828 0.000000 0.000000 
-6.770425 7.948990 0.007359 -18.714157 8.819729 0.000000 0.000000 
-6.486320 9.088381 0.327908 -18.362061 12.845402 0.000000 0.000000 
-5.884373 10.131811 -0.375393 -26.753532 12.337696 0.000000 0.000000 
-6.455810 9.645750 0.422210 -21.899132 12.079037 0.000000 0.000000 
-6.847147 9.249298 0.360496 -18.656593 10.090172 0.000000 0.000000 
-6.346310 9.911151 2.419131 -17.967323 13.305550 0.000000 0.000000 
-5.992634 10.283460 0.255082 -23.809509 12.231995 0.000000 0.000000 
-6.954606 10.229247 -0.071033 -9.225471 15.462933 0.000000 0.000000 
-6.218317 11.507557 0.026635 -21.403564 12.834457 0.000000 0.000000 
-5.593657 12.452247 -0.283225 -24.774376 13.902039 0.000000 0.000000 
-6.527341 11.963669 0.058353 -18.991722 16.253021 0.000000 0.000000 
-6.624673 11.902200 0.134928 -12.311020 17.929684 0.000000 0.000000 
-6.963494 12.227664 0.356363 -12.268250 18.831472 0.000000 0.000000 
-6.679537 13.472292 0.142650 -11.516983 17.265919 0.000000 0.000000 
-6.409260 14.236135 0.651637 -16.422096 19.401011 0.000000 0.000000 
-7.003887 15.181184 0.328349 -17.808525 15.285198 0.000000 0.000000 
-6.772442 15.621367 0.169589 -14.472795 15.709690 0.000000 0.000000 
-6.141396 16.396309 0.336629 -18.392815 14.752407 0.000000 0.000000 
-5.590677 16.814754 -0.385544 -14.360138 20.632023 0.000000 0.000000 
-6.206044 17.323421 0.293665 -16.595749 13.624516 0.000000 0.000000 
-6.866344 17.060062 0.167858 -14.089775 22.741497 0.000000 0.000000 
-6.573701 17.627121 0.309404 -20.842682 13.446045 0.000000 0.000000 
-6.874642 18.627945 0.222518 -10.291795 23.528078 0.000000 0.000000 
-6.548851 18.877056 0.238080 -12.770082 23.862400 0.000000 0.000000 
-6.414180 18.975174 0.506580 -16.526871 17.736185 0.000000 0.000000 
-6.578809 19.906063 0.196403 -10.645645 21.870344 0.000000 0.000000 
-6.680792 20.678978 0.319517 -8.636009 21.143801 0.000000 0.000000 
-6.109836 21.696846 0.075209 -13.388574 16.410225 0.000000 0.000000 
6.505461 -14.591273 -0.236072 -17.045067 20.787584 0.000000 0.000000 
6.756289 -15.380074 -0.595922 -15.543382 20.527372 0.000000 0.000000 
7.059840 -15.618386 -0.397128 -15.248100 21.934940 0.000000 0.000000 
8.143885 -15.496935 -0.560009 -10.187448 21.508728 0.000000 0.000000 
7.835067 -15.981781 -1.425501 -13.781213 20.934450 0.000000 0.000000 
7.463840 -16.554829 0.139693 11.283989 44.096832 0.000000 0.000000 
7.772641 -16.785137 0.189714 14.235672 42.140690 0.000000 0.000000 
9.190314 -16.916073 0.135200 -3.621300 25.799696 0.000000 0.000000 
8.410740 -17.435982 0.132523 -6.023186 24.822847 0.000000 0.000000 
8.779738 -17.407082 0.154921 -11.422989 20.163864 0.000000 0.000000 
8.468257 -18.585449 -0.659060 -8.787454 21.395800 0.000000 0.000000 
8.741396 -20.180695 2.266834 -4.638794 23.639067 0.000000 0.000000 
8.540383 -20.567089 0.130802 -3.690178 23.609966 0.000000 0.000000 
9.168933 -21.362759 1.019739 -6.945908 20.145731 0.000000 0.000000 
8.393671 -22.221336 -1.517565 -6.155365 20.221756 0.000000 0.000000 
8.244508 -22.796898 0.210007 16.713264 43.771561 0.000000 0.000000 
8.079634 -22.992569 0.302877 18.646645 43.237244 0.000000 0.000000 
8.609047 -23.660069 2.407753 -6.180946 20.951387 0.000000 0.000000 
8.498246 -24.566330 0.604369 -4.498299 20.181162 0.000000 0.000000 
7.971243 -25.165611 0.227299 -8.205635 19.307846 0.000000 0.000000 
7.901999 -26.988613 0.032095 -5.476395 22.381334 0.000000 0.000000 
7.967397 -27.148319 0.730858 -2.106255 23.669569 0.000000 0.000000 
7.975104 -27.867916 0.421635 -7.243263 18.458475 0.000000 0.000000 
8.399901 -29.367638 0.689593 0.101685 24.370743 0.000000 0.000000 
9.674871 -29.001328 1.342835 -5.014671 20.607208 0.000000 0.000000 
9.895675 -29.395729 1.245674 -3.513680 21.423790 0.000000 0.000000 
9.717010 -29.732800 0.820650 -8.644760 16.874344 0.000000 0.000000 
6.488920 -31.225361 2.630754 -7.363838 21.374535 0.000000 0.000000 
7.088160 -31.083931 2.308771 -6.870934 20.813942 0.000000 0.000000 
7.054064 -33.266014 0.544233 -4.357925 24.805328 0.000000 0.000000 
7.286849 -33.399181 -0.069476 0.674278 25.998672 0.000000 0.000000 
8.064974 -33.452377 0.895469 -7.117882 18.774345 0.000000 0.000000 
6.426311 -0.965454 -0.686312 5.328056 50.523491 0.000000 0.000000 
6.533916 -0.965985 -0.697115 8.277653 54.547516 0.000000 0.000000 
6.601274 -2.308148 -0.663420 -25.222321 23.993053 0.000000 0.000000 
6.668369 1.169314 -0.456380 -21.801407 24.092945 0.000000 0.000000 
6.485589 -3.549026 -0.641431 -24.304039 21.090111 0.000000 0.000000 
7.233335 -0.852041 -0.524147 -21.752934 25.312862 0.000000 0.000000 
7.240998 -1.085075 -0.589978 -22.075489 26.361877 0.000000 0.000000 
7.620683 -0.310635 -0.350418 -16.977684 22.026709 0.000000 0.000000 
7.932924 -1.334563 -0.201605 -16.691124 24.799561 0.000000 0.000000 
7.933803 -1.512477 -0.168110 -9.634744 30.875147 0.000000 0.000000 
7.961824 -1.036120 -0.196199 -16.343132 23.870480 0.000000 0.000000 
7.929450 0.372265 -0.366504 -9.112550 24.561623 0.000000 0.000000 
8.006276 -1.660867 -0.010446 -9.362869 27.075090 0.000000 0.000000 
8.041593 -1.291676 -0.324841 -13.365120 25.273037 0.000000 0.000000 
8.035389 -0.140026 -0.017051 -4.468239 29.906538 0.000000 0.000000 
8.158075 -0.844620 -0.267477 -10.874046 26.467564 0.000000 0.000000 
8.173433 -0.551271 -0.382381 -16.631836 20.639244 0.000000 0.000000 
8.075381 -2.166859 -0.359597 -16.043007 20.026691 0.000000 0.000000 
7.919835 -2.886625 -0.337327 -16.573639 20.427727 0.000000 0.000000 
8.133774 -2.983923 0.003687 -14.519081 22.335075 0.000000 0.000000 
8.135557 -3.143700 -0.391015 -11.614182 20.051908 0.000000 0.000000 
8.348944 1.176030 -0.332618 -9.232277 23.223511 0.000000 0.000000 
8.272052 -3.254057 -0.207904 -7.894791 26.254478 0.000000 0.000000 
8.177160 -3.584956 -0.186519 -6.103653 25.945950 0.000000 0.000000 
8.603502 -1.731213 0.112779 -4.427589 30.627979 0.000000 0.000000 
8.648097 -1.912245 0.362707 -10.369508 24.532585 0.000000 0.000000 
8.737883 -2.002604 0.414065 -10.482948 24.522110 0.000000 0.000000 
8.244289 -3.890250 -0.330084 -8.922958 22.819901 0.000000 0.000000 
8.042254 2.705562 -0.438546 -14.316438 22.250298 0.000000 0.000000 
8.383339 -3.722299 -0.435508 -13.301216 19.855453 0.000000 0.000000 
7.966372 -4.704111 -0.283937 -14.101654 20.274109 0.000000 0.000000 
8.425249 2.505062 -0.295692 -13.727783 22.396107 0.000000 0.000000 
9.280368 -0.865707 -0.151130 -10.391739 23.542225 0.000000 0.000000 
9.284217 -0.425698 0.066543 -14.897058 21.808683 0.000000 0.000000 
7.635345 -6.061555 -0.419403 -7.318855 27.799309 0.000000 0.000000 
7.451754 -6.663590 0.249123 -11.608955 25.314537 0.000000 0.000000 
8.213593 -5.810147 -0.020273 -7.083801 23.821829 0.000000 0.000000 
7.372152 -6.932405 0.093720 1.212952 30.673328 0.000000 0.000000 
7.745599 -6.492828 -0.707322 -6.005104 22.165129 0.000000 0.000000 
7.332720 -7.152298 -0.364663 -4.903450 31.387379 0.000000 0.000000 
7.609877 -6.938081 -0.219075 -8.168129 25.985079 0.000000 0.000000 
7.330258 -7.498390 0.236477 -11.955888 24.103327 0.000000 0.000000 
7.644917 -7.197659 -0.221740 -8.754036 26.625540 0.000000 0.000000 
7.248302 -7.659985 -0.580913 -5.569839 25.649864 0.000000 0.000000 
9.625328 2.466474 0.193951 -15.516763 20.835751 0.000000 0.000000 
9.204577 -5.292466 -0.358044 -16.948250 20.130787 0.000000 0.000000 
9.611077 2.813566 0.411553 -14.914552 21.232035 0.000000 0.000000 
7.473207 -7.922046 -1.249363 -13.908853 20.782532 0.000000 0.000000 
8.427380 -6.872346 -0.367117 -15.369003 20.952412 0.000000 0.000000 
9.396656 -5.364017 0.600228 -10.441902 23.364592 0.000000 0.000000 
9.722076 3.029048 0.295362 -15.582124 24.008581 0.000000 0.000000 
8.537926 -7.187210 -0.089627 -15.875053 21.647806 0.000000 0.000000 
9.727044 -5.323334 0.592760 -20.002525 22.672560 0.000000 0.000000 
7.770256 -8.058910 -0.217251 -12.847694 27.259008 0.000000 0.000000 
9.552547 -5.716923 0.506714 -17.380638 21.750801 0.000000 0.000000 
7.690732 -8.212306 -0.187189 -15.207726 23.359219 0.000000 0.000000 
10.195894 2.932513 0.366885 -17.000305 23.676746 0.000000 0.000000 
9.836217 3.756633 0.104412 -17.661041 23.630882 0.000000 0.000000 
9.976257 -5.259917 0.503776 -21.027603 21.639662 0.000000 0.000000 
7.841711 -8.290758 -0.179801 -14.744447 24.075653 0.000000 0.000000 
10.215520 -5.328499 0.495561 -15.896347 23.674994 0.000000 0.000000 
7.643453 -8.812986 0.351716 -2.724014 36.936481 0.000000 0.000000 
9.732132 -6.357106 0.358345 -17.371628 21.809692 0.000000 0.000000 
10.111853 -5.715208 0.282042 -14.033058 24.553354 0.000000 0.000000 
7.530773 -9.047239 0.467162 -3.456268 34.768242 0.000000 0.000000 
7.442788 -9.251979 0.938920 -14.461952 30.031151 0.000000 0.000000 
7.423830 -9.296352 0.536102 -8.860916 30.085146 0.000000 0.000000 
7.339203 -9.697482 -0.257474 -5.777939 30.499924 0.000000 0.000000 
10.073785 -6.764872 0.632594 -15.657036 23.103432 0.000000 0.000000 
7.499621 -9.785604 -0.673396 -17.510475 27.043041 0.000000 0.000000 
7.678293 -9.919897 -0.695298 -15.671646 21.976639 0.000000 0.000000 
7.629601 -10.004149 -0.068855 -5.712494 30.767405 0.000000 0.000000 
7.503581 -10.204102 -0.437962 -13.885292 23.894783 0.000000 0.000000 
7.678334 -10.593004 -0.018142 -14.655519 26.239326 0.000000 0.000000 
7.765171 -10.761820 0.289437 -12.376564 24.290216 0.000000 0.000000 
7.799511 -10.987028 -1.239487 -13.520996 23.034031 0.000000 0.000000 
7.698298 -11.214954 0.039096 -9.711639 26.638899 0.000000 0.000000 
7.741797 -11.703772 -0.278675 -9.990196 27.891075 0.000000 0.000000 
7.840622 -11.830025 -0.366767 -9.349442 27.186741 0.000000 0.000000 
8.017678 -11.756376 -0.496808 -9.599777 27.265633 0.000000 0.000000 
7.511444 -12.124500 0.216636 -13.991548 23.330050 0.000000 0.000000 
7.787630 -12.865687 -0.348896 -9.415582 26.026190 0.000000 0.000000 
7.968757 -12.916692 -0.496770 -12.253189 25.662134 0.000000 0.000000 
7.946789 -13.278077 -0.422757 -10.834686 25.133198 0.000000 0.000000 
6.545496 -15.816835 -0.712776 -12.554245 21.072880 0.000000 0.000000 
8.438836 -15.325523 1.557166 -13.421350 21.341030 0.000000 0.000000 
7.178939 -16.711443 -0.282919 13.020752 44.645668 0.000000 0.000000 
7.125772 -16.873367 -0.224405 13.222092 42.726898 0.000000 0.000000 
8.644485 -17.032795 -1.237097 -10.257553 23.353634 0.000000 0.000000 
7.653220 -23.007874 -0.587206 11.588759 37.929256 0.000000 0.000000 
7.806193 -23.133621 -0.264069 13.076828 40.007988 0.000000 0.000000 
8.637523 -24.411888 2.364050 -9.161552 23.207462 0.000000 0.000000 
8.735662 -24.510174 2.088368 2.053635 27.736511 0.000000 0.000000 
8.122231 -26.321690 0.439681 -9.528764 19.914175 0.000000 0.000000 
8.456671 -26.433533 0.774420 -7.632629 22.164062 0.000000 0.000000 
8.644908 -26.587589 1.559261 -7.768631 25.417841 0.000000 0.000000 
8.344770 -26.838409 1.688508 -5.543564 24.439396 0.000000 0.000000 
7.691245 -27.146935 1.622768 -2.524117 26.230642 0.000000 0.000000 
7.629019 -27.442787 -0.766892 0.441689 26.159412 0.000000 0.000000 
7.904067 -28.216213 0.077136 -4.375069 19.771049 0.000000 0.000000 
9.210403 -29.556656 1.861995 -7.216576 19.214725 0.000000 0.000000 
8.378818 -32.437084 1.369526 -5.724655 17.869556 0.000000 0.000000 
7.250563 -33.744377 0.177038 0.739182 26.061146 0.000000 0.000000 
7.453067 -33.776093 0.133609 -1.038353 26.309061 0.000000 0.000000 
7.009614 -33.929306 0.800205 1.184822 25.229385 0.000000 0.000000 
7.291961 9.690939 0.055920 -3.586113 19.042080 0.000000 0.000000 
7.372100 9.960775 0.076140 -1.526375 22.875402 0.000000 0.000000 
8.714073 8.900396 0.047509 -13.817703 9.674747 0.000000 0.000000 
8.662797 9.575672 0.184270 -6.763588 16.193703 0.000000 0.000000 
8.631875 9.828407 0.208751 -11.318063 12.721695 0.000000 0.000000 
9.091331 10.084181 0.099227 -13.649223 11.391426 0.000000 0.000000 
9.294141 10.942559 0.223801 -9.863725 7.745315 0.000000 0.000000 
8.687597 11.821888 0.265618 -10.555406 9.884262 0.000000 0.000000 
9.100015 12.035406 0.232018 -14.068994 8.387310 0.000000 0.000000 
8.471558 13.129446 -0.998263 -11.557808 14.286049 0.000000 0.000000 
9.389538 13.292315 0.240646 -7.551033 13.632710 0.000000 0.000000 
9.675263 13.801009 -1.081219 -9.442047 10.939182 0.000000 0.000000 
12.164571 14.223911 0.509724 -10.907074 10.198433 0.000000 0.000000 
13.895103 33.229763 -3.755437 -1.733421 23.711857 0.000000 0.000000 
5.853059 -45.920319 16.022846 0.180634 19.478304 0.000000 0.000000 
23.414640 -1.734726 1.037667 9.456566 36.732933 0.000000 0.000000 
23.608984 -0.735282 0.753143 19.018433 40.968307 0.000000 0.000000 
23.574556 -2.468491 0.897923 10.635390 37.072929 0.000000 0.000000 
23.575068 0.658204 1.287152 8.895576 34.546841 0.000000 0.000000 
23.378820 -4.774636 0.914566 1.634232 23.877666 0.000000 0.000000 
23.379625 -4.937047 0.401735 0.230637 23.746552 0.000000 0.000000 
23.487099 -5.069736 0.922046 -6.369812 24.322773 0.000000 0.000000 
23.391302 -5.642563 0.897134 0.655685 27.092266 0.000000 0.000000 
23.446190 -6.163985 0.645324 0.926468 29.316275 0.000000 0.000000 
23.310923 -6.780153 0.878438 10.692931 35.873283 0.000000 0.000000 
23.419350 -6.534820 1.007558 15.656281 43.438835 0.000000 0.000000 
23.496046 -7.038006 0.562378 -1.049088 26.119789 0.000000 0.000000 
23.412926 -7.464925 1.015024 0.017120 28.419239 0.000000 0.000000 
23.491386 -7.583162 0.775885 5.141884 30.728424 0.000000 0.000000 
23.362192 -8.036632 0.858165 4.578247 29.316364 0.000000 0.000000 
24.281565 2.089611 1.185232 6.104080 31.869183 0.000000 0.000000 
23.375332 -8.520652 0.685811 1.342422 27.700848 0.000000 0.000000 
23.481310 -8.619776 0.839000 0.968414 27.127647 0.000000 0.000000 
23.516901 -8.650819 1.421030 0.211418 25.644157 0.000000 0.000000 
23.408489 -9.169245 1.935907 0.926735 24.779278 0.000000 0.000000 
23.297478 -9.692702 0.830999 8.633513 32.338413 0.000000 0.000000 
23.432775 -9.514503 0.760211 5.344284 31.395700 0.000000 0.000000 
23.357965 -9.943415 1.249014 0.873161 25.771132 0.000000 0.000000 
23.456869 -10.171992 1.115504 3.897087 31.655066 0.000000 0.000000 
23.326233 -10.489899 0.845873 3.249763 27.936649 0.000000 0.000000 
23.476814 -10.600707 0.666470 0.886070 28.580675 0.000000 0.000000 
23.333553 -11.164776 0.686428 -7.640312 19.356157 0.000000 0.000000 
23.505777 -11.071117 0.605415 2.505219 26.624048 0.000000 0.000000 
23.490746 -11.128066 0.854778 1.637924 27.317198 0.000000 0.000000 
21.445015 -24.750366 2.955533 -1.041862 23.858335 0.000000 0.000000 
21.822544 -32.095722 2.104289 -0.150551 20.693333 0.000000 0.000000 
23.043293 -39.649475 1.089360 7.755432 29.512665 0.000000 0.000000 
22.878820 -40.106579 1.072759 3.315071 22.246132 0.000000 0.000000 
22.901999 -42.687950 0.624085 2.798225 22.359808 0.000000 0.000000 
22.940405 -42.909050 0.771363 7.438698 26.960775 0.000000 0.000000 
22.753866 -46.660107 0.547758 -1.070976 17.474043 0.000000 0.000000 
22.745111 -50.567802 0.339392 -6.007317 15.220264 0.000000 0.000000 
22.823351 -50.709534 0.320722 -0.186104 16.526594 0.000000 0.000000 
-37.103580 -0.402669 -0.557574 8.036560 31.662354 0.000000 0.000000 
-37.168827 -0.727263 -0.780946 4.731262 28.302250 0.000000 0.000000 
-37.067963 1.853318 -0.144344 -0.857582 22.459316 0.000000 0.000000 
-37.169353 -1.316667 -0.286265 -0.006538 28.550735 0.000000 0.000000 
-37.223553 -0.692210 -0.236305 10.910019 34.146606 0.000000 0.000000 
-37.081348 2.959787 -0.573287 -2.459648 20.112556 0.000000 0.000000 
-37.167385 3.053127 0.094456 0.379715 22.560453 0.000000 0.000000 
-0.102999 -21.288754 1.121310 11.320084 43.387535 1.000000 0.000000 
0.208096 -21.437191 -0.411718 3.064552 34.622395 1.000000 0.000000 
-0.456943 -21.757423 -0.605237 8.623444 39.066624 1.000000 0.000000 
-0.350833 -21.781467 -0.244160 5.031158 34.456741 1.000000 0.000000 
-0.701782 -22.218834 -0.599555 -7.727837 23.066891 1.000000 0.000000 
-0.764988 -22.223721 -0.683426 -9.221719 24.139267 1.000000 0.000000 
-0.250498 -21.277901 -0.901119 18.484985 49.425983 1.000000 0.000000 
-0.209304 -21.309093 -0.934276 19.173248 48.548489 1.000000 0.000000 
-0.221161 -21.380123 -0.966503 21.491791 49.579563 1.000000 0.000000 
0.100261 -21.732403 -0.771352 4.329964 38.961617 1.000000 0.000000 
0.163165 -21.749016 -0.823757 4.768745 34.846283 1.000000 0.000000 
-0.041583 -21.958126 -1.104717 4.944305 35.515369 1.000000 0.000000 
0.212170 -22.852089 -0.267998 -12.767433 20.629416 1.000000 0.000000 
0.375293 -22.938206 -0.173708 -10.314027 20.261145 1.000000 0.000000 
8.499019 -50.894150 -2.195163 -4.035500 19.300573 0.000000 0.000000 
7.433601 -51.273991 -0.847240 6.377014 24.598919 0.000000 0.000000 
-12.004280 115.771790 -1.220946 -16.702141 2.409149 1.000000 0.000000 
-12.330914 116.074860 -2.809596 4.432167 20.520988 1.000000 0.000000 
-12.704379 116.952484 -2.396106 13.383507 27.344942 1.000000 0.000000 
-12.486087 117.165726 -2.709151 -1.029610 14.373032 1.000000 0.000000 
-12.540676 117.280434 -2.803054 15.640166 30.400311 1.000000 0.000000 
-12.099320 117.440994 -1.754785 5.113213 20.541174 1.000000 0.000000 
-11.676686 117.497032 -0.744589 -8.137169 9.175858 1.000000 0.000000 
-12.347957 117.492355 -1.902436 3.573196 18.350567 1.000000 0.000000 
-12.567175 117.487404 -1.361315 3.213799 16.559259 1.000000 0.000000 
-11.568525 117.586060 -1.438567 -10.300850 6.854145 1.000000 0.000000 
-12.772612 117.638992 -2.276489 16.284813 30.028097 1.000000 0.000000 
-12.343740 117.755760 -2.321636 6.710434 21.567678 1.000000 0.000000 
-12.847018 117.806305 2.177310 -11.414720 5.419891 1.000000 0.000000 
-11.534340 117.997063 0.047499 -4.156479 10.532459 1.000000 0.000000 
-12.481369 117.951752 -1.116417 -3.595695 10.523197 1.000000 0.000000 
-12.636774 118.095848 -1.788054 -11.574562 3.707416 1.000000 0.000000 
-12.927588 118.092438 -0.505933 1.551659 15.186260 1.000000 0.000000 
-11.860620 118.223763 -1.238729 -0.977470 15.532169 1.000000 0.000000 
-13.010081 118.121132 -1.780832 -10.204071 4.672214 1.000000 0.000000 
-12.600749 118.192436 -1.829972 -1.295441 11.929188 1.000000 0.000000 
-11.664185 118.368668 -0.279257 -8.227036 7.597103 1.000000 0.000000 
-12.928082 118.232292 -1.731461 -6.269836 8.289116 1.000000 0.000000 
-12.415236 118.408646 -2.855824 -10.880180 4.850154 1.000000 0.000000 
-12.032695 118.616600 -0.245964 -6.852997 8.544975 1.000000 0.000000 
-11.852391 118.669479 -1.785065 -0.598732 14.802494 1.000000 0.000000 
-12.115478 118.669441 -1.178922 -9.772209 5.032283 1.000000 0.000000 
-11.946029 118.722328 -2.505897 -2.875847 11.814709 1.000000 0.000000 
-12.094542 118.702126 -1.518563 -0.046104 13.663975 1.000000 0.000000 
-11.894287 118.850906 -1.266075 -9.271194 5.014389 1.000000 0.000000 
-11.989585 118.877342 -1.319764 -10.789726 5.039367 1.000000 0.000000 
-11.995363 118.899803 -1.788054 7.405106 21.597166 1.000000 0.000000 
-12.260241 118.917633 -1.947033 -6.754044 8.130474 1.000000 0.000000 
-12.735539 118.873093 -1.645358 -7.142555 7.336692 1.000000 0.000000 
-12.322506 118.941238 -2.394033 0.666634 14.583775 1.000000 0.000000 
-11.664643 119.025284 -1.049456 -10.678764 5.500694 1.000000 0.000000 
-12.048160 119.014404 -2.098407 -4.546097 10.527645 1.000000 0.000000 
-12.643535 119.022034 -1.664755 -8.322052 6.908561 1.000000 0.000000 
-11.714119 119.127312 -2.528836 -0.625671 15.404079 1.000000 0.000000 
-12.299899 119.066460 -2.156604 -2.185387 11.535568 1.000000 0.000000 
-12.323230 119.068138 -1.519308 -10.724809 5.100322 1.000000 0.000000 
-12.010829 119.134888 -1.975902 4.506050 18.594084 1.000000 0.000000 
-12.297258 119.395882 -2.867679 -13.590889 3.494876 1.000000 0.000000 
-12.459920 119.390495 -1.037643 -5.930878 9.412598 1.000000 0.000000 
-12.594543 119.427765 -4.002466 -9.331581 6.128154 1.000000 0.000000 
-12.310487 119.470581 -1.564574 -1.122620 14.360641 1.000000 0.000000 
-12.121669 119.514786 -1.746725 -0.727203 14.732372 1.000000 0.000000 
-12.232665 119.564140 -1.673892 -1.255058 13.392941 1.000000 0.000000 
-11.685295 119.632217 -1.458999 6.412682 20.126047 1.000000 0.000000 
-11.793354 119.659294 -0.958840 3.408165 16.806038 1.000000 0.000000 
-12.844200 119.550346 -2.357486 3.617294 18.123108 1.000000 0.000000 
-13.272341 119.804703 -2.030589 -1.793472 12.265594 1.000000 0.000000 
-12.164989 120.029602 -1.412285 0.687988 16.499346 1.000000 0.000000 
-12.356673 120.178726 -1.596789 0.817451 14.679287 1.000000 0.000000 
-12.613029 120.164558 -2.784880 -0.846237 14.018879 1.000000 0.000000 
-12.102966 120.274002 -1.411999 -0.771423 14.462246 1.000000 0.000000 
-12.196777 120.390846 -1.634792 0.783119 15.287716 1.000000 0.000000 
-12.177366 120.676414 -1.934678 -8.826814 7.622036 1.000000 0.000000 
-12.390221 120.686768 -3.037846 -10.533586 5.578567 1.000000 0.000000 
-12.072325 120.817825 -1.469153 2.081863 16.193737 1.000000 0.000000 
-12.050492 120.826057 -1.811494 -4.213829 10.612122 1.000000 0.000000 
-12.220726 120.832565 -2.217571 -12.449548 3.702236 1.000000 0.000000 
-11.659983 120.975853 -0.357416 -11.909760 4.039653 1.000000 0.000000 
-12.477057 120.889595 -1.903586 10.843079 25.494471 1.000000 0.000000 
-11.880364 121.036743 -1.398542 -12.521951 3.972469 1.000000 0.000000 
-11.922585 121.052734 -0.998209 -15.812202 4.049243 1.000000 0.000000 
-12.435567 121.181992 -1.704504 9.089371 22.504276 1.000000 0.000000 
-12.568647 121.172340 -2.169347 17.196167 30.195904 1.000000 0.000000 
-12.293756 121.386520 -1.779589 14.863280 29.186081 1.000000 0.000000 
-12.440460 121.376251 -1.475744 14.916565 27.307220 1.000000 0.000000 
-12.571552 121.445885 -2.109741 9.455681 22.759855 1.000000 0.000000 
-12.604195 121.610130 -1.951618 16.606102 30.441925 1.000000 0.000000 
-12.533170 121.626732 -1.913559 0.221832 14.158001 1.000000 0.000000 
-12.506042 121.624557 -0.414175 -14.153900 1.877636 1.000000 0.000000 
-12.432240 121.710693 -0.879258 14.176253 28.218399 1.000000 0.000000 
-12.318971 121.845634 -2.081592 -12.605690 4.538391 1.000000 0.000000 
-12.720770 121.878677 -0.670842 9.274734 20.739288 1.000000 0.000000 
-12.377359 121.989067 -1.070152 13.070518 25.834843 1.000000 0.000000 
-12.599733 122.044174 -1.907260 18.742310 31.842361 1.000000 0.000000 
-12.819747 122.108826 -1.354044 -1.400887 15.278652 1.000000 0.000000 
-11.798450 122.578728 1.901886 -8.190942 9.927608 1.000000 0.000000 
-13.166759 122.461304 -0.367486 -3.955795 9.015110 1.000000 0.000000 
-11.910898 122.640312 -1.416474 -0.475784 12.831261 1.000000 0.000000 
-12.436975 122.730949 -3.324498 -8.884065 8.618073 1.000000 0.000000 
-12.566416 123.047005 -2.453114 0.820732 14.001888 1.000000 0.000000 
-14.091563 122.992508 -1.901622 -12.299957 4.412334 1.000000 0.000000 
-12.939616 123.144112 -1.165845 6.188194 19.586695 1.000000 0.000000 
-13.065089 123.215103 -1.894946 -2.025520 14.399796 1.000000 0.000000 
-12.850566 123.374039 -2.197774 4.545174 18.818237 1.000000 0.000000 
-12.446424 123.443344 -1.925457 7.258690 21.377224 1.000000 0.000000 
-12.500467 124.002075 -1.891911 -14.427316 3.997901 1.000000 0.000000 
-12.331347 124.205879 -0.350034 -10.597885 7.569065 1.000000 0.000000 
-12.387869 124.271088 -1.878639 10.162201 23.297729 1.000000 0.000000 
-12.966841 124.214691 -2.030371 13.183823 26.046421 1.000000 0.000000 
-11.781254 124.445557 -4.752728 -9.612390 9.375614 1.000000 0.000000 
-12.854172 124.442757 -0.896608 -12.200790 5.547134 1.000000 0.000000 
-12.495139 124.583855 -2.367239 6.990547 19.981693 1.000000 0.000000 
-12.763068 124.647858 -1.894066 10.949744 23.481174 1.000000 0.000000 
-12.225111 125.113358 -0.797193 9.114403 23.162247 1.000000 0.000000 
-12.316680 125.119560 -3.766259 -3.505013 11.357887 1.000000 0.000000 
-12.132620 125.143509 0.315850 2.914215 18.156784 1.000000 0.000000 
-13.318516 125.357597 -2.077600 -12.888124 3.994060 1.000000 0.000000 
-12.656341 125.438103 0.321370 -4.706215 9.191761 1.000000 0.000000 
-11.972506 125.616852 0.200760 2.603775 16.721817 1.000000 0.000000 
-12.132979 125.899399 -1.746902 -11.166734 2.653457 1.000000 0.000000 
-12.268735 125.879135 -2.390058 0.043259 15.332207 1.000000 0.000000 
-12.296012 125.968613 -1.869175 11.200995 23.072117 1.000000 0.000000 
-11.942938 126.033791 -1.473264 -12.011697 1.679271 1.000000 0.000000 
-12.128902 126.051941 -0.485675 5.635963 19.154633 1.000000 0.000000 
-12.336061 126.077698 0.436061 -4.269951 8.398216 1.000000 0.000000 
-12.321775 126.091881 -1.789491 5.175728 18.856005 1.000000 0.000000 
-12.363334 126.117012 -1.732508 2.712219 15.560623 1.000000 0.000000 
-12.252449 126.434380 -1.178042 2.430328 14.836895 1.000000 0.000000 
-12.381587 126.449181 -1.789368 10.497687 22.894220 1.000000 0.000000 
-12.317488 126.502342 -2.012478 -7.889534 5.278083 1.000000 0.000000 
-12.563956 126.588097 -5.887133 -1.847626 11.540924 1.000000 0.000000 
-12.404143 126.622322 -0.444684 -8.530128 5.853015 1.000000 0.000000 
-11.673243 126.930038 -3.184516 2.237328 16.675154 1.000000 0.000000 
-12.666623 127.074020 -2.851451 -13.899704 1.873275 1.000000 0.000000 
-12.521369 127.119652 -2.004248 -1.087135 12.098328 1.000000 0.000000 
-12.364959 127.198181 -2.213288 7.744965 20.337051 1.000000 0.000000 
-12.124143 127.327835 0.051711 2.602905 16.547539 1.000000 0.000000 
-12.143610 127.354973 -2.178096 1.670563 14.615124 1.000000 0.000000 
-12.162688 127.400665 -1.889763 5.153893 18.137350 1.000000 0.000000 
-12.434975 127.376556 -1.624885 3.837601 18.689602 1.000000 0.000000 
-12.197258 127.434525 -1.290014 -0.785210 12.304535 1.000000 0.000000 
-13.091089 127.649780 -2.128275 -0.463837 14.553638 1.000000 0.000000 
-12.264198 128.143234 -1.792372 3.131645 16.830187 1.000000 0.000000 
-12.273701 128.166168 -1.755059 7.770699 21.022392 1.000000 0.000000 
-12.192992 128.178802 -2.136277 11.369873 23.940660 1.000000 0.000000 
-12.316592 128.237091 -2.504646 3.300209 16.770075 1.000000 0.000000 
6.088175 128.938141 -0.026917 -10.418739 5.140605 1.000000 0.000000 
-12.269775 128.569351 -1.810529 6.966278 20.040348 1.000000 0.000000 
-12.348982 128.590607 -1.805532 -7.558380 6.871425 1.000000 0.000000 
6.033981 129.246490 -1.560596 -9.334404 4.816261 1.000000 0.000000 
-11.477502 129.008072 -3.458378 -9.486047 14.791401 1.000000 0.000000 
6.167353 129.443146 -2.961241 -4.390747 9.964848 1.000000 0.000000 
-12.597871 128.999512 -2.114511 3.653343 17.878494 1.000000 0.000000 
6.521606 129.419464 -1.293712 -9.274011 3.846237 1.000000 0.000000 
6.461299 129.470535 -1.956931 -11.953500 2.912975 1.000000 0.000000 
6.427371 129.494446 -1.569834 -6.441574 6.919658 1.000000 0.000000 
-12.318765 129.057190 -1.361552 4.435936 18.010660 1.000000 0.000000 
6.570573 129.499847 -1.473831 0.721703 12.697163 1.000000 0.000000 
-12.360020 129.107819 -4.606380 -7.310837 9.002285 1.000000 0.000000 
5.918030 129.552612 -2.399919 -11.204080 3.214450 1.000000 0.000000 
-13.042163 129.190201 -4.452411 -10.310838 5.206623 1.000000 0.000000 
6.617438 129.669037 -1.077982 2.055779 13.622807 1.000000 0.000000 
6.362673 129.716003 -0.327147 -9.544571 3.718734 1.000000 0.000000 
5.745674 129.834167 -1.794014 -12.995483 2.594066 1.000000 0.000000 
6.343155 129.875031 -1.469226 -4.325188 8.245388 1.000000 0.000000 
6.570805 129.851715 -0.825833 -12.779968 2.719680 1.000000 0.000000 
-12.663663 129.455719 -2.137723 4.751328 19.313810 1.000000 0.000000 
-12.470786 129.511505 -3.342444 -0.334892 11.720860 1.000000 0.000000 
-12.031306 129.716187 -1.678186 10.053444 22.534750 1.000000 0.000000 
-12.278943 129.724091 -1.445298 11.354529 22.859482 1.000000 0.000000 
5.995289 130.238510 -1.656108 -10.132974 3.569488 1.000000 0.000000 
-12.404460 129.888367 -2.027179 4.701073 17.648685 1.000000 0.000000 
-12.432184 130.119705 -0.690381 -4.025444 8.843666 1.000000 0.000000 
-12.455798 130.116425 -2.095450 -13.034554 2.084449 1.000000 0.000000 
5.608699 130.603409 -1.520565 -8.843019 8.186607 1.000000 0.000000 
-12.155562 130.263306 -2.200223 5.208359 19.140450 1.000000 0.000000 
-12.292296 130.265244 -1.779147 8.794716 20.852297 1.000000 0.000000 
-12.252767 130.389908 -3.235684 3.206856 16.744707 1.000000 0.000000 
-12.765879 130.359818 -1.312764 1.143112 14.618504 1.000000 0.000000 
-12.317966 130.485107 -1.636836 17.441162 29.686852 1.000000 0.000000 
-12.256297 130.519714 -2.074896 3.525276 16.233261 1.000000 0.000000 
6.678958 130.981018 -1.277657 -9.158920 5.288837 1.000000 0.000000 
-12.407787 130.782303 -1.928738 14.308388 26.942436 1.000000 0.000000 
-12.792852 130.851074 -2.182139 -4.727013 7.942737 1.000000 0.000000 
-12.406051 131.004242 -2.007564 -10.749246 3.819286 1.000000 0.000000 
-12.858213 131.178925 -3.152455 1.736244 13.577091 1.000000 0.000000 
7.139502 131.810379 -2.001381 -1.273499 11.328129 1.000000 0.000000 
-12.407913 131.463730 -2.555378 1.458817 14.140453 1.000000 0.000000 
7.644787 131.886047 -2.061315 -7.906960 5.713912 1.000000 0.000000 
7.368789 131.973267 -1.832928 -11.356622 5.497123 1.000000 0.000000 
7.885683 131.972351 -1.279743 -11.835144 3.048511 1.000000 0.000000 
7.133615 132.023041 -1.754670 -3.930862 9.071877 1.000000 0.000000 
7.327493 132.038940 -1.511105 -9.064157 6.709686 1.000000 0.000000 
7.844154 132.098267 -1.449951 -2.717545 9.833431 1.000000 0.000000 
-12.312188 131.848969 -3.978002 -3.028481 9.518082 1.000000 0.000000 
6.909338 132.188995 -2.593094 -8.748422 8.310570 1.000000 0.000000 
-12.520899 131.829742 -5.097424 -10.596147 5.056308 1.000000 0.000000 
7.352089 132.254639 -1.433190 -7.464958 7.521739 1.000000 0.000000 
7.338178 132.332153 -1.088246 -4.862976 8.559097 1.000000 0.000000 
7.296461 132.333130 -1.263899 -6.837845 7.394012 1.000000 0.000000 
-12.796106 132.035156 -3.396249 -6.900169 6.687641 1.000000 0.000000 
7.191111 132.774811 -2.124837 -12.737267 3.884029 1.000000 0.000000 
7.331873 132.846863 -1.692891 -11.617845 2.593490 1.000000 0.000000 
-6.469004 123.686852 -9.018844 3.761513 19.650902 0.000000 0.000000 
-5.978829 123.764580 -8.780684 -1.184402 14.952568 0.000000 0.000000 
-6.235733 123.764320 -8.345049 -1.055313 13.845974 0.000000 0.000000 
-29.653772 116.927017 12.154720 -10.381989 6.395221 0.000000 0.000000 
-30.267296 117.212677 11.540578 -12.364044 6.360279 0.000000 0.000000 
-31.807060 138.911774 13.320041 -10.181694 6.358512 0.000000 0.000000 
-31.877817 139.184875 11.330886 -9.134355 7.131793 0.000000 0.000000 
-32.808975 139.435852 12.099507 -4.486801 11.074127 0.000000 0.000000 
-32.714764 140.206329 13.779659 -7.233788 6.572792 0.000000 0.000000 
-7.418548 -3.608537 -0.263083 -19.770180 20.663921 0.000000 0.000000 
-7.453327 2.553255 -0.009916 -20.585144 23.991261 0.000000 0.000000 
-7.506573 -5.678614 -0.413245 -25.859856 22.813431 0.000000 0.000000 
-7.503582 -8.292658 -0.905165 -14.945053 27.806278 0.000000 0.000000 
-11.213527 -0.409150 -1.713814 -15.605515 28.721027 0.000000 1.000000 
-11.294189 -0.172679 -1.619060 -12.738388 29.612654 0.000000 0.000000 
-7.262532 -11.696582 -3.536824 -13.712541 29.700554 0.000000 0.000000 
-18.147839 3.498698 -0.289174 -12.999321 23.582537 0.000000 0.000000 
-18.007084 4.174048 -0.255843 -4.940659 24.420132 0.000000 0.000000 
-18.036373 4.899478 0.145032 2.588356 36.126331 0.000000 0.000000 
-18.556515 3.677300 -0.615303 -11.505508 22.597216 0.000000 0.000000 
-18.385023 5.129501 -0.011851 6.461540 39.525074 0.000000 0.000000 
-18.638409 4.370605 0.234274 1.852127 33.377319 0.000000 0.000000 
-18.701897 4.521232 -0.349011 1.107353 32.645599 0.000000 0.000000 
-18.199524 6.056642 0.794531 -4.871017 28.309601 0.000000 0.000000 
-18.202980 6.296399 0.732693 -10.149910 25.961496 0.000000 0.000000 
-17.995693 6.936170 0.014250 -6.641624 27.760983 0.000000 0.000000 
-19.145544 4.531571 -0.052268 -9.332932 21.415344 0.000000 0.000000 
-18.615646 6.527390 0.927588 -8.605705 24.256956 0.000000 0.000000 
-19.242317 4.792524 0.528153 -9.404655 22.874615 0.000000 0.000000 
-18.756849 6.833151 -0.316198 -9.168190 20.803997 0.000000 0.000000 
-20.360977 -0.943810 -1.038805 6.294884 39.824512 0.000000 0.000000 
-20.360399 -1.119971 -1.121558 -7.978951 26.189611 0.000000 0.000000 
-20.361843 -0.857205 -1.048685 2.651176 34.413177 0.000000 0.000000 
-20.360147 -0.960889 -0.681296 1.243187 31.246864 0.000000 0.000000 
-20.342934 -0.004056 -0.534804 -4.168793 29.045338 0.000000 0.000000 
-19.590801 4.579082 0.719314 -7.910896 22.711586 0.000000 0.000000 
-20.342539 0.132043 -1.300281 -12.341737 21.887020 0.000000 0.000000 
-19.646343 4.525742 0.540151 -8.200500 23.575829 0.000000 0.000000 
-20.024866 4.193416 1.195920 -9.164856 20.124851 0.000000 0.000000 
-20.219473 -5.853402 0.981334 -10.373811 22.371733 0.000000 0.000000 
-0.115795 -21.378803 1.865632 10.523209 39.606911 1.000000 0.000000 
-21.063383 -5.307012 1.782007 -7.275612 21.770260 0.000000 0.000000 
-20.827291 -6.325973 1.131665 -10.136247 19.690271 0.000000 0.000000 
-21.569216 -2.179012 1.970410 -8.520004 20.527323 0.000000 0.000000 
-21.754141 -1.261844 1.321973 -13.697197 20.385910 0.000000 0.000000 
-21.762587 -1.027343 1.472966 -5.106575 26.596924 0.000000 0.000000 
-21.838093 -4.830375 2.346984 -9.312706 21.397646 0.000000 0.000000 
-22.226337 -1.642151 1.462897 -12.783722 18.706011 0.000000 0.000000 
-22.465860 -0.522278 1.084923 -9.396713 21.734331 0.000000 0.000000 
-20.389668 -11.399405 1.188054 -4.837936 23.430122 0.000000 0.000000 
-20.610340 -11.038793 1.682959 -3.859619 23.944452 0.000000 0.000000 
-20.493706 -11.268393 2.110527 -3.467552 24.488541 0.000000 0.000000 
-23.246099 -2.644763 1.412253 -7.996933 21.823627 0.000000 0.000000 
-20.181082 -12.521054 1.708545 -1.774612 26.571709 0.000000 0.000000 
-22.791748 -6.140934 2.024178 -8.361023 18.872107 0.000000 0.000000 
-20.208447 -12.649805 1.486346 -5.136375 21.000814 0.000000 0.000000 
-20.028152 -13.256580 1.405659 -5.753616 19.772196 0.000000 0.000000 
-20.090237 -13.170901 1.625077 -5.912910 20.462534 0.000000 0.000000 
-23.443535 -4.542109 1.393700 -9.212158 19.729437 0.000000 0.000000 
-22.383255 -9.038250 1.405007 -8.339119 19.366703 0.000000 0.000000 
-20.849186 -13.282673 2.098591 -4.792297 20.833607 0.000000 0.000000 
-25.759903 3.912985 2.193950 -5.723663 21.283939 0.000000 0.000000 
-26.216488 3.964602 2.670182 -3.406380 23.566128 0.000000 0.000000 
-26.916342 -0.318318 3.842551 -11.713937 20.167717 0.000000 0.000000 
-26.962809 0.029625 3.784550 -10.114029 19.728069 0.000000 0.000000 
-26.975965 -0.348353 4.238450 -11.025514 21.237728 0.000000 0.000000 
-27.306715 1.219557 4.657897 -11.367387 18.477552 0.000000 0.000000 
-27.538036 1.009112 3.201882 -6.579529 21.982548 0.000000 0.000000 
-26.643578 6.360570 3.129406 -6.419151 19.475576 0.000000 0.000000 
-26.595068 8.687823 3.457916 -9.112640 19.645042 0.000000 0.000000 
-27.131269 7.136205 3.686547 -5.496811 20.731720 0.000000 0.000000 
7.561876 -27.511272 -1.075450 -2.213875 23.877369 0.000000 0.000000 
-27.346436 7.255872 2.993702 -5.276405 21.047024 0.000000 0.000000 
7.387467 -28.157013 -0.997397 -9.530557 19.125614 0.000000 0.000000 
7.719399 -28.888973 -0.723126 -4.400566 21.964890 0.000000 0.000000 
-30.367868 -2.695469 3.108622 -10.457542 18.180832 0.000000 0.000000 
-29.428534 11.038559 3.534905 -5.079887 21.257391 0.000000 0.000000 
8.265168 -31.448135 -2.058743 -7.506073 18.460342 0.000000 0.000000 
-24.313034 -22.950775 3.007168 -6.107063 19.478203 0.000000 0.000000 
7.644372 -34.321545 -0.099237 -6.930939 18.262535 0.000000 0.000000 
-35.294369 1.489399 2.907157 -5.621765 20.857742 0.000000 0.000000 
8.309567 -34.966339 -0.678749 -3.306274 20.062366 0.000000 0.000000 
-37.142315 -2.259058 -0.751681 -1.171204 21.920204 0.000000 0.000000 
-37.073921 -4.325720 0.239312 0.104347 22.031887 0.000000 0.000000 
-37.177971 -5.366419 0.433266 -4.421944 19.896868 0.000000 0.000000 
-37.168041 -6.376826 -0.013635 -4.707718 22.311512 0.000000 0.000000 
-22.439117 -30.806877 2.892325 -4.596161 17.636463 0.000000 0.000000 
-37.305241 -6.150865 0.073201 5.839310 31.041119 0.000000 0.000000 
-37.142937 -7.346807 -0.478100 4.411697 27.948040 0.000000 0.000000 
-37.255585 -7.948032 -0.500729 0.838676 23.527287 0.000000 0.000000 
-37.435104 -7.050520 0.350017 0.783150 23.994915 0.000000 0.000000 
-37.103561 -9.057073 0.980318 -0.909531 22.666420 0.000000 0.000000 
-28.252213 -26.293941 3.249294 -5.126274 17.433868 0.000000 0.000000 
-37.331417 -9.783631 0.153387 -1.460091 21.064323 0.000000 0.000000 
-28.210287 -26.670044 3.291090 -0.257713 20.710579 0.000000 0.000000 
-38.646782 -4.434114 1.302092 -4.867416 18.877220 0.000000 0.000000 
-38.580090 -8.014956 0.740173 7.184219 28.671635 0.000000 0.000000 
-38.765785 -7.507726 0.446561 -0.793503 22.526089 0.000000 0.000000 
-6.698618 -42.628090 3.459099 -2.808731 22.990465 0.000000 1.000000 
-21.242407 -38.241306 4.261197 -1.740723 18.308527 0.000000 0.000000 
7.421667 -45.135063 -2.793314 -4.809082 17.322456 0.000000 0.000000 
7.327672 -46.607925 0.351466 6.384567 27.496498 0.000000 0.000000 
8.071408 -46.633450 -0.744089 4.926689 25.743238 0.000000 0.000000 
-23.691021 -41.393353 3.321847 -3.640633 18.134665 0.000000 1.000000 
7.482363 -46.896557 0.149545 9.651009 30.181412 0.000000 0.000000 
23.805668 -42.200195 0.872410 -1.182762 15.678158 0.000000 0.000000 
9.740993 -48.492764 0.588333 -3.537857 17.512451 0.000000 0.000000 
-6.880837 -49.459705 13.359365 -3.588493 17.874552 0.000000 1.000000 
25.279863 -44.331711 3.057628 4.518692 19.688242 0.000000 0.000000 
23.772266 -45.459461 2.919907 13.525017 28.968151 0.000000 0.000000 
22.795923 -46.295116 2.945056 0.916389 18.862131 0.000000 0.000000 
-20.525362 -51.998016 7.865964 -0.570045 17.765518 0.000000 1.000000 
-6.242582 -57.086540 1.398425 -1.150650 17.450987 0.000000 1.000000 
8.164286 -57.576782 2.323677 -1.406914 20.748005 0.000000 0.000000 
5.984736 -58.133854 -2.821308 1.357857 18.226849 0.000000 0.000000 
-35.525501 -47.089828 3.174958 1.709999 18.070013 0.000000 0.000000 
7.866996 -58.859947 -1.680498 2.594788 20.685734 0.000000 0.000000 
7.902876 -59.056210 -0.510959 0.731529 18.479168 0.000000 0.000000 
23.338240 -54.569878 1.669264 4.630585 20.496243 0.000000 0.000000 
7.848321 -59.283157 -0.453814 2.481377 20.389297 0.000000 0.000000 
23.891766 -54.554546 7.293546 2.798935 18.506384 0.000000 1.000000 
-7.372705 -61.670788 -3.055219 4.199425 20.507114 0.000000 0.000000 
-7.523084 -61.968060 -4.286090 2.230888 17.633150 0.000000 0.000000 
-62.273037 -10.296498 0.945404 -2.055580 15.497952 0.000000 0.000000 
7.507569 -63.328583 -0.315400 -2.567467 16.950739 0.000000 0.000000 
7.105183 -63.432842 -1.569756 0.046021 16.372295 0.000000 0.000000 
8.293530 -63.383614 -1.189503 2.167610 17.450766 0.000000 0.000000 
8.300742 -63.527462 2.696978 -0.663109 15.940567 0.000000 0.000000 
8.324373 -63.733635 0.602426 5.046768 20.950689 0.000000 0.000000 
8.746958 -63.717945 -1.496632 2.405510 19.181028 0.000000 0.000000 
8.521729 -63.793518 1.059252 3.975510 18.709076 0.000000 0.000000 
-38.945442 -52.710922 3.691788 1.052391 15.155144 0.000000 0.000000 
23.715448 -60.802216 3.546723 7.024612 20.975344 0.000000 0.000000 
-7.081009 -67.351845 -0.526233 4.651970 21.962187 0.000000 0.000000 
-7.187283 -67.460831 -1.011592 1.617577 16.221542 0.000000 0.000000 
-6.922807 -67.747337 1.426881 2.991798 18.365131 0.000000 0.000000 
-28.898720 -66.789467 2.300720 -1.329102 14.012604 0.000000 0.000000 
-6.943010 -73.954201 -5.329481 3.732384 16.714581 0.000000 0.000000 
-6.000857 -74.497551 2.527213 1.772560 15.754032 0.000000 0.000000 
-7.080072 -80.191582 -0.910821 1.861824 14.003922 0.000000 0.000000 
23.318964 -87.348305 1.826112 19.000534 29.186335 0.000000 0.000000 
23.416430 -87.509064 2.176030 17.677071 27.265490 0.000000 0.000000 
23.999233 -87.901138 2.222017 7.607307 18.120190 0.000000 0.000000 
10.078014 -91.154587 2.755583 3.344482 15.925636 0.000000 0.000000 
8.169980 -91.599815 -0.940265 4.863838 15.177097 0.000000 0.000000 
8.506349 -91.831337 1.972657 8.814841 18.565895 0.000000 0.000000 
9.828331 -93.545670 -3.949349 10.198746 18.992065 0.000000 0.000000 
8.889202 -95.058701 -3.629733 5.201218 14.443008 0.000000 0.000000 
6.925043 -97.355606 1.700619 8.034279 19.121983 0.000000 0.000000 
8.298568 -97.458603 3.098490 13.875510 22.465450 0.000000 0.000000 
6.837288 -97.744392 3.207676 11.445441 20.937740 0.000000 0.000000 
7.216274 -97.786568 -2.170607 4.961617 14.336288 0.000000 0.000000 
54.519455 -85.994392 4.825539 24.679070 22.481548 0.000000 0.000000 
52.840935 -87.071617 8.102880 21.741806 23.873142 0.000000 0.000000 
53.528500 -86.910614 6.398608 13.976082 15.025177 0.000000 0.000000 
57.106464 -90.997383 7.495175 13.425017 14.921940 0.000000 0.000000 
23.986067 -105.200638 4.511268 11.172058 18.495296 0.000000 0.000000 
24.032877 -105.410332 4.318081 16.171272 23.294718 0.000000 0.000000 
-5.989956 -110.863464 3.481192 6.566963 14.635990 0.000000 0.000000 
54.658005 -96.082626 5.785128 20.988739 23.655722 0.000000 0.000000 
-5.142094 -110.917412 2.076157 7.254631 14.076653 0.000000 0.000000 
57.133503 -94.797791 0.896757 17.460083 17.926468 0.000000 0.000000 
48.253040 -99.731255 1.676299 8.792191 13.511669 0.000000 0.000000 
9.073932 -110.800415 3.351852 8.430832 16.303017 0.000000 0.000000 
8.909422 -111.145775 2.248089 7.250710 16.634296 0.000000 0.000000 
-7.870515 -116.632927 -1.353434 3.207092 12.268490 0.000000 0.000000 
23.457193 -117.398949 3.917284 11.954399 18.529242 0.000000 0.000000 
7.737646 -119.845009 0.827345 1.498138 13.054703 0.000000 0.000000 
23.880299 -117.600189 2.765965 19.165504 23.835772 0.000000 0.000000 
56.910065 -106.319771 6.790890 29.225288 29.655436 0.000000 0.000000 
58.494423 -106.881310 10.886471 14.907776 14.885746 0.000000 0.000000 
-7.378251 -123.275864 1.833482 7.922676 16.645758 0.000000 0.000000 
55.623035 -114.360756 8.264264 15.270874 16.974764 0.000000 0.000000 
57.475529 -130.324615 6.418998 16.610825 17.346571 0.000000 0.000000 
57.585258 -140.632675 8.211926 31.693481 30.568750 0.000000 0.000000 
6.414873 0.336308 -0.623159 -20.149788 22.178345 0.000000 0.000000 
6.521561 1.051407 -0.605910 -24.094555 22.471380 0.000000 0.000000 
7.889054 -12.319702 -2.484068 -14.476875 23.273548 0.000000 0.000000 
-7.078925 -13.458156 -1.446135 -1.460533 26.847248 0.000000 0.000000 
16.235758 -2.364429 0.688742 -1.524094 33.111423 0.000000 0.000000 
16.332560 -2.118335 1.042769 -4.001320 33.446754 0.000000 0.000000 
-7.214515 -14.689795 -1.400633 -8.806381 21.962259 0.000000 0.000000 
16.503780 4.804010 1.953444 -6.241287 24.689968 0.000000 0.000000 
16.494850 4.977498 1.085779 -2.989265 28.684578 0.000000 0.000000 
-6.453831 -18.323639 -2.671531 -4.365944 26.111286 0.000000 0.000000 
21.920198 0.980458 0.970426 9.993361 37.729145 0.000000 0.000000 
21.917831 1.066098 1.621749 0.392426 31.043644 0.000000 0.000000 
21.557472 -5.256337 2.258965 2.217720 31.396273 0.000000 0.000000 
21.782984 -4.890119 0.639599 -13.943962 23.127876 0.000000 0.000000 
-6.937982 -21.582726 -2.692483 -6.528809 22.052254 0.000000 0.000000 
21.411781 8.121438 0.511325 -0.179115 22.321640 0.000000 0.000000 
21.519558 8.203944 1.004578 -0.139648 23.474350 0.000000 0.000000 
23.423145 -1.060887 0.813932 15.765616 42.202854 0.000000 0.000000 
23.574345 -1.886981 0.377610 16.626602 39.148632 0.000000 0.000000 
23.406267 -4.188597 0.019349 -4.908615 23.162144 0.000000 0.000000 
23.367495 -4.640087 -0.123773 -6.958252 21.217117 0.000000 0.000000 
24.086618 2.604943 1.420073 4.082275 30.756886 0.000000 0.000000 
24.291372 2.808872 1.911596 9.882286 36.546417 0.000000 0.000000 
24.457611 2.673531 1.547467 4.831238 30.366676 0.000000 0.000000 
24.461426 2.955371 1.791363 5.436180 31.442682 0.000000 0.000000 
24.855597 2.583884 1.542764 -3.556618 23.840418 0.000000 0.000000 
25.851952 4.406582 1.381245 -2.726929 22.272816 0.000000 0.000000 
25.992634 4.041768 1.635770 -3.336121 21.536100 0.000000 0.000000 
26.446825 5.232374 1.811858 -2.838493 22.992855 0.000000 0.000000 
7.464993 -27.497711 -0.803618 1.006386 26.371525 0.000000 0.000000 
7.418871 -27.944267 -0.675516 -6.680389 18.616932 0.000000 0.000000 
27.975687 -6.986037 0.873190 -1.244522 24.698608 0.000000 0.000000 
28.167246 -6.736499 0.909730 -1.849083 26.182117 0.000000 0.000000 
28.164946 -6.816428 0.593859 -3.111511 26.610806 0.000000 0.000000 
7.509928 -28.913128 -1.513930 -5.504448 22.288837 0.000000 0.000000 
10.425290 -29.224007 -0.252601 -3.876518 21.788166 0.000000 0.000000 
29.791090 7.712356 2.054880 3.090805 25.241518 0.000000 0.000000 
-7.250492 -30.297825 5.049394 3.151482 25.919201 0.000000 0.000000 
29.851931 8.056858 2.706795 -4.399895 19.849323 0.000000 0.000000 
29.979883 8.219555 2.279315 -2.535919 22.132622 0.000000 0.000000 
9.452654 -30.302567 4.599737 -5.390419 23.133095 0.000000 0.000000 
30.302912 8.811866 1.787495 -3.871025 19.284010 0.000000 0.000000 
10.154119 -30.626530 -4.580003 -8.022392 19.741209 0.000000 0.000000 
9.083005 -31.112003 -1.713832 -3.881508 22.123384 0.000000 0.000000 
30.499346 8.924598 1.812681 -2.553925 20.795063 0.000000 0.000000 
9.405855 -31.209732 -0.594027 -0.397041 25.250509 0.000000 0.000000 
15.547620 -28.811867 1.891002 -7.347458 16.999393 0.000000 0.000000 
22.323759 -24.276745 3.309985 -1.553886 23.943079 0.000000 0.000000 
8.332718 -32.973915 4.187521 -6.227524 18.660858 0.000000 0.000000 
7.188410 -33.452713 -1.229708 -1.562279 24.471342 0.000000 0.000000 
7.571169 -34.091175 -1.036470 -5.539612 22.435865 0.000000 0.000000 
32.502056 11.271547 2.936609 3.169907 25.987370 0.000000 0.000000 
7.886331 -34.307934 0.023588 -6.182266 17.016209 0.000000 0.000000 
7.678500 -34.377491 -0.627692 -8.635400 18.183346 0.000000 0.000000 
-7.663761 -36.218582 -5.243888 -2.074875 20.765074 0.000000 0.000000 
16.339325 -34.396194 1.269347 -6.027527 16.557009 0.000000 0.000000 
32.768501 18.517864 1.981970 3.797432 25.542110 0.000000 0.000000 
33.186417 18.587879 1.936547 -4.484215 19.702658 0.000000 0.000000 
10.419863 -37.721050 3.799377 -1.923904 21.172573 0.000000 1.000000 
-7.539758 -40.157867 -2.553604 -1.089432 20.236246 0.000000 0.000000 
11.057502 -39.822784 1.871565 -4.227722 18.364412 0.000000 1.000000 
38.923782 17.035686 2.213756 -0.428757 20.107252 0.000000 0.000000 
-7.853133 -42.424431 -2.402475 1.837387 23.430874 0.000000 0.000000 
39.937737 16.786972 4.252240 17.454742 36.697495 0.000000 0.000000 
39.934563 16.933487 4.020143 10.183556 30.810020 0.000000 0.000000 
8.527479 -45.165119 1.401710 -2.523926 18.540327 0.000000 0.000000 
8.650249 -45.262291 1.261477 -1.076324 20.583792 0.000000 0.000000 
6.855329 -46.792271 -0.774037 7.428696 28.690130 0.000000 0.000000 
6.717601 -46.964550 -1.518000 7.739677 27.996208 0.000000 0.000000 
26.435926 -40.306320 5.697243 -1.363907 19.061243 0.000000 0.000000 
26.546925 -40.754875 6.218980 1.086540 21.658768 0.000000 0.000000 
-6.205489 -48.893600 2.639497 -0.062653 18.797056 0.000000 0.000000 
5.071303 -50.602993 6.334822 -2.054619 19.801403 0.000000 0.000000 
22.867102 -45.708874 1.742903 4.948776 23.882767 0.000000 0.000000 
22.921413 -45.683372 1.496332 5.212730 24.127804 0.000000 0.000000 
26.763443 -43.687542 5.302893 -2.160538 17.339838 0.000000 0.000000 
23.020727 -45.976700 1.994902 7.173820 25.011517 0.000000 0.000000 
7.852028 -50.998692 2.935806 1.005402 19.109081 0.000000 0.000000 
-6.778398 -54.964569 5.100155 -1.481766 16.891352 0.000000 0.000000 
56.432171 -0.518810 2.366029 16.652794 33.607590 0.000000 0.000000 
-21.052227 -52.219128 6.320920 4.316498 17.931110 0.000000 0.000000 
56.421646 0.575290 2.343421 16.427208 31.856903 0.000000 0.000000 
56.441414 -0.810701 2.913794 13.827835 31.628639 0.000000 0.000000 
56.422874 -2.396940 1.449429 10.268065 27.258242 0.000000 0.000000 
56.382748 2.203202 3.445380 4.165443 20.601595 0.000000 0.000000 
56.123573 -8.276752 2.659311 0.732620 20.531271 0.000000 0.000000 
55.914589 -10.095489 2.825909 2.999619 20.210340 0.000000 0.000000 
56.841938 -1.740141 9.331045 6.727203 24.646719 0.000000 0.000000 
56.895683 -1.587626 10.100286 3.036118 23.857813 0.000000 0.000000 
55.886589 -13.862163 2.661717 0.566948 17.457882 0.000000 0.000000 
57.121262 -9.923409 3.898770 0.627525 17.979172 0.000000 0.000000 
56.699432 -15.182868 3.987212 3.681564 21.709858 0.000000 0.000000 
56.841099 -14.684511 4.389631 10.485901 27.077457 0.000000 0.000000 
56.826210 -14.869834 4.721131 7.354172 23.182919 0.000000 0.000000 
56.956753 -14.998268 6.989508 9.511954 23.738308 0.000000 0.000000 
56.464828 -17.026569 6.471685 6.651009 23.296776 0.000000 0.000000 
56.967903 -15.566543 5.506724 7.634148 25.412588 0.000000 0.000000 
-7.294169 -61.631222 -1.450344 2.871696 16.983046 0.000000 0.000000 
56.898518 -25.633816 3.676883 12.682755 25.688276 0.000000 0.000000 
56.823895 -25.984196 3.263639 23.274246 35.068657 0.000000 0.000000 
-7.537139 -61.830254 -1.049965 5.112289 18.464869 0.000000 0.000000 
56.996296 -25.906925 3.717616 19.716606 31.986780 0.000000 0.000000 
57.264736 -25.829021 5.046291 18.487541 31.070637 0.000000 0.000000 
7.870187 -63.199825 1.986959 2.680626 17.644289 0.000000 0.000000 
7.044343 -63.352406 -2.887336 1.832390 17.619663 0.000000 0.000000 
8.226392 -63.456310 -0.016314 2.563683 17.321457 0.000000 0.000000 
7.800522 -63.556812 -1.081802 5.101089 20.694260 0.000000 0.000000 
57.035255 -31.116077 4.875293 1.866425 15.924610 0.000000 0.000000 
56.988323 -33.170128 5.320562 24.623695 37.698196 0.000000 0.000000 
57.096859 -33.521820 5.802875 23.340256 37.285645 0.000000 0.000000 
56.453724 -36.296490 5.949753 4.722542 17.968046 0.000000 0.000000 
56.576981 -39.503086 5.383837 5.333900 18.568983 0.000000 0.000000 
-8.082211 -73.853569 -1.608164 8.543494 20.646914 0.000000 0.000000 
56.820541 -50.222939 6.544702 8.754723 19.988327 0.000000 0.000000 
57.210964 -50.166260 7.008514 10.687285 22.016403 0.000000 0.000000 
-28.136225 -73.118912 3.693742 4.369339 14.238544 0.000000 0.000000 
-30.093319 -72.370728 3.113340 9.260826 17.954693 0.000000 0.000000 
11.125784 -81.288124 -5.981575 7.514595 19.294497 1.000000 0.000000 
10.666945 -81.458527 -4.634046 10.389374 21.431982 1.000000 0.000000 
56.513412 -60.647198 4.368459 14.778214 24.597340 0.000000 0.000000 
56.199291 -61.228622 4.580594 12.512244 23.103743 0.000000 0.000000 
56.206764 -61.742294 4.538600 5.711685 15.316620 0.000000 0.000000 
-6.122871 -86.374588 5.130021 0.833008 15.997467 0.000000 0.000000 
-21.551203 -87.590767 2.299143 8.491341 16.547581 0.000000 0.000000 
5.925860 -91.632446 0.305028 3.769951 15.011154 0.000000 0.000000 
6.055536 -91.746834 -3.880493 7.908096 17.691372 0.000000 0.000000 
6.360649 -92.104118 3.379277 6.812408 16.953596 0.000000 0.000000 
55.888172 -75.127792 4.582366 8.193451 15.735825 0.000000 0.000000 
7.895535 -93.620285 -0.989671 8.231339 17.292744 0.000000 0.000000 
7.500291 -93.971458 -2.764908 8.241577 17.196463 0.000000 0.000000 
7.273982 -94.363129 -0.383122 7.897003 18.863987 0.000000 0.000000 
6.844981 -94.562149 0.782329 8.550629 17.126686 0.000000 0.000000 
56.012108 -76.781044 5.368479 7.680847 14.112934 0.000000 0.000000 
56.285454 -77.404335 6.357725 14.221770 20.273054 0.000000 0.000000 
55.686722 -77.974403 5.383901 16.631577 23.055939 0.000000 0.000000 
21.609869 -93.689972 1.077185 4.471436 13.991299 0.000000 0.000000 
22.916040 -93.774803 2.337868 9.024605 16.074551 0.000000 0.000000 
6.811138 -97.451485 1.735810 19.591049 28.285080 0.000000 0.000000 
5.813263 -97.733437 -5.680161 15.093825 23.733614 0.000000 0.000000 
6.095072 -97.837738 2.092052 19.997108 27.923359 0.000000 0.000000 
6.582305 -100.288368 -3.509021 7.116188 15.580936 0.000000 0.000000 
55.884098 -84.273041 6.738749 8.439789 14.762459 0.000000 0.000000 
57.611305 -83.995720 3.529586 28.835480 34.344166 0.000000 0.000000 
54.061722 -86.454636 2.570452 20.904228 27.134109 0.000000 0.000000 
55.738834 -85.583092 6.866525 10.025597 18.142567 0.000000 0.000000 
54.491539 -86.629745 2.674881 14.609885 19.354088 0.000000 0.000000 
55.817154 -89.301407 5.942731 8.680511 16.682384 0.000000 0.000000 
5.410240 -105.027191 -3.306795 5.883713 13.631729 0.000000 0.000000 
55.677876 -89.652336 5.014553 6.971550 14.049168 0.000000 0.000000 
5.959651 -105.484138 -2.071838 6.083328 14.419426 0.000000 0.000000 
6.703156 -105.651131 -0.648737 5.449913 13.862167 0.000000 0.000000 
55.697117 -91.896271 6.506973 12.749251 18.986113 0.000000 0.000000 
56.033077 -91.956902 7.284399 12.593689 16.864305 0.000000 0.000000 
56.146118 -95.193909 3.423043 34.059074 38.038555 0.000000 0.000000 
56.050938 -95.354942 3.176761 28.068481 32.633705 0.000000 0.000000 
7.100313 -110.995750 2.097218 10.363509 16.261639 0.000000 0.000000 
6.992760 -111.990387 3.759339 8.247841 13.996655 0.000000 0.000000 
7.329240 -112.194664 -1.510036 6.277664 15.176182 0.000000 0.000000 
7.138552 -112.206078 2.650881 9.400519 15.466644 0.000000 0.000000 
7.103396 -114.587860 -0.123973 5.717377 14.214264 0.000000 0.000000 
5.864014 -116.004089 2.047495 4.614578 12.516216 0.000000 0.000000 
5.080197 -117.242363 -1.823650 8.824721 15.163734 0.000000 0.000000 
55.662678 -104.624527 6.097858 8.729964 12.645672 0.000000 0.000000 
8.861843 -118.205437 3.489471 4.737564 13.385490 0.000000 0.000000 
6.038111 -118.604500 -0.255125 3.838638 12.240768 0.000000 0.000000 
7.483870 -119.597290 1.496651 11.293167 17.074183 0.000000 0.000000 
6.890986 -119.739540 1.398996 15.307808 20.839264 0.000000 0.000000 
6.682143 -119.983017 0.288142 19.846527 25.602879 0.000000 0.000000 
56.972488 -106.107582 3.853495 18.939682 23.888605 0.000000 0.000000 
6.375137 -120.172531 0.675854 17.934341 24.275072 0.000000 0.000000 
52.170410 -108.945282 -1.191192 17.842552 22.732656 0.000000 0.000000 
55.377922 -108.736298 4.746291 14.058501 17.751024 0.000000 0.000000 
6.611683 -121.669266 0.384852 18.999878 24.899796 0.000000 0.000000 
7.491850 -122.450027 1.268773 6.260353 15.147285 0.000000 0.000000 
55.788765 -112.663269 6.922372 16.391846 18.457809 0.000000 0.000000 
6.660745 -126.189781 -1.339400 16.073792 20.354801 0.000000 0.000000 
54.800777 -114.882896 1.738005 23.739281 26.023483 0.000000 0.000000 
6.770813 -127.416199 1.465049 7.536499 14.890209 0.000000 0.000000 
6.008266 -128.852142 -1.360493 17.068794 21.829845 0.000000 0.000000 
6.666890 -129.944504 0.717347 16.037643 22.013721 0.000000 0.000000 
5.973982 -137.587982 -0.097140 22.064453 25.500256 0.000000 0.000000 
5.483775 -140.989258 -0.774935 13.578139 16.449505 0.000000 0.000000 
55.475121 -131.279861 4.355991 25.396378 26.084902 0.000000 0.000000 
54.413246 -132.157959 4.559653 15.544150 15.908909 0.000000 0.000000 
55.445885 -141.461166 2.434062 17.755875 17.838209 0.000000 0.000000 
48.705467 -143.942932 1.429927 18.369057 19.681553 0.000000 0.000000 
5.525087 -154.952408 1.502969 16.602058 19.180738 0.000000 0.000000 
-24.449902 -196.860657 -7.205130 27.759171 21.498936 0.000000 0.000000 
2.112710 7.152272 0.104861 -23.172241 35.505634 0.000000 0.000000 
2.248377 7.168315 0.059296 -24.983742 33.706512 0.000000 0.000000 
2.073926 7.304241 0.041752 -35.167885 26.050018 0.000000 0.000000 
2.139076 8.133904 -0.093566 -32.068760 28.434399 0.000000 0.000000 
1.756692 8.415433 -0.032920 -50.424469 11.063576 1.000000 1.000000 
2.275919 8.681038 -0.051413 -29.221439 30.159359 0.000000 0.000000 
2.227070 8.824024 -0.045674 -12.324867 43.100895 0.000000 0.000000 
2.229512 9.045336 0.051214 -11.608261 42.024559 0.000000 0.000000 
2.123668 9.202982 -0.074648 -22.448895 34.282845 0.000000 0.000000 
2.324759 9.425178 -0.064110 -18.434830 34.271122 0.000000 0.000000 
2.368969 9.871439 -0.082288 -15.454971 38.051003 0.000000 0.000000 
2.349719 9.952948 -0.094364 -19.709358 32.974972 0.000000 0.000000 
2.428942 10.170620 -0.077121 -17.693634 29.279778 0.000000 0.000000 
2.450577 10.195150 0.810921 -21.409302 31.305473 0.000000 0.000000 
2.397257 10.384069 -0.035697 -21.276093 30.322554 0.000000 0.000000 
2.495307 11.037300 0.047152 -9.743211 33.035530 0.000000 0.000000 
2.486622 11.253391 0.252491 -6.476234 36.871666 0.000000 0.000000 
-6.680685 7.912236 -0.832611 -13.206352 10.372257 0.000000 0.000000 
2.444157 11.326040 -0.106283 -15.295442 28.326971 0.000000 0.000000 
2.465533 11.715498 -0.133783 -17.784599 30.165073 0.000000 0.000000 
2.420094 12.076370 0.652983 -13.143440 30.891632 0.000000 0.000000 
2.476262 12.171005 -0.096021 -11.122223 32.680374 0.000000 0.000000 
2.559844 12.591849 -0.221864 -18.224884 31.091253 0.000000 0.000000 
2.502458 13.297233 0.090597 -9.584991 31.065639 0.000000 0.000000 
2.501529 13.506937 0.038965 -11.030685 29.111141 0.000000 0.000000 
2.519341 13.597728 -0.001502 -7.655975 29.297092 0.000000 0.000000 
2.084127 13.900163 -0.048235 -28.000725 14.548119 1.000000 1.000000 
-6.359884 12.124024 -1.219923 -16.255890 17.543087 0.000000 0.000000 
2.528266 13.986124 0.748401 -14.659509 28.240301 0.000000 0.000000 
2.490110 14.433460 0.018831 -8.087045 32.309780 0.000000 0.000000 
2.540100 14.815660 0.774692 -10.717056 31.799337 0.000000 0.000000 
2.544785 15.161885 -0.057726 -2.681160 32.069633 0.000000 0.000000 
7.349163 12.929076 -0.054184 -4.104599 19.778740 0.000000 0.000000 
2.498041 15.283545 -0.030051 0.874916 38.304657 0.000000 0.000000 
2.771137 15.337380 0.290808 -29.101028 7.508731 0.000000 0.000000 
7.478126 13.394912 -0.077461 1.796730 27.255991 0.000000 0.000000 
2.471501 15.835823 -0.147002 0.518646 37.720245 0.000000 0.000000 
2.481189 16.042805 -0.131515 0.998604 37.990211 0.000000 0.000000 
2.517954 16.150635 -0.126746 4.007408 42.927071 0.000000 0.000000 
2.333233 16.389750 -0.124366 -14.883598 22.670506 0.000000 0.000000 
2.537432 16.594208 -0.111194 3.442917 38.454239 0.000000 0.000000 
2.357059 16.743965 0.057404 -2.376572 30.101089 0.000000 0.000000 
2.345971 16.763657 0.024159 -19.065338 16.399483 1.000000 1.000000 
2.647949 16.803131 -0.114094 -23.347443 13.877506 0.000000 0.000000 
2.454736 16.949654 0.145238 1.626717 36.836926 0.000000 0.000000 
2.401849 17.068621 -0.194717 -3.165352 31.631187 0.000000 0.000000 
2.607124 17.150412 0.019015 -27.607857 6.395687 1.000000 1.000000 
3.064647 17.061790 -0.057867 -23.479828 12.857742 0.000000 0.000000 
2.322018 17.264696 -3.394860 -23.876305 14.118080 0.000000 0.000000 
8.750704 14.413331 0.188164 -12.884567 10.809963 0.000000 0.000000 
2.761326 17.313736 -0.132767 -22.599159 13.442070 0.000000 0.000000 
2.651195 17.354790 -0.046726 -24.430008 8.158131 1.000000 1.000000 
9.151929 14.239815 0.116556 -4.385521 16.220936 0.000000 0.000000 
2.613283 17.452881 -0.068202 -24.338074 8.915627 1.000000 1.000000 
2.484573 17.491840 0.101594 5.531662 37.001064 0.000000 0.000000 
2.528110 17.508266 0.015104 7.652443 40.253441 0.000000 0.000000 
3.041039 17.649078 -0.147960 -25.999863 11.054886 0.000000 0.000000 
2.769169 17.752563 -0.072997 -27.925598 7.596797 1.000000 1.000000 
2.489562 17.927662 0.139015 3.757759 37.171543 0.000000 0.000000 
2.444684 18.120487 -0.207023 -18.306091 19.290869 0.000000 0.000000 
2.604176 18.137463 0.224619 -16.273804 18.579498 0.000000 0.000000 
2.498588 18.317383 -0.232596 1.099693 34.758812 0.000000 0.000000 
2.484209 18.370991 -0.151223 -2.180191 33.084526 0.000000 0.000000 
2.432817 18.480972 -0.206354 -27.889114 8.350937 1.000000 1.000000 
2.608001 18.575180 0.040835 -19.493935 15.951958 0.000000 0.000000 
2.632221 18.570900 -0.169042 -24.095520 10.380577 0.000000 0.000000 
2.687889 18.584553 0.102542 -27.339638 8.071758 1.000000 1.000000 
2.591566 18.785599 -0.167491 -22.614662 10.225101 1.000000 1.000000 
2.616740 18.800699 -0.156692 -4.191353 27.691872 0.000000 0.000000 
2.430252 18.923759 0.335009 -13.328813 22.237215 0.000000 0.000000 
-6.894686 17.470034 2.410105 -15.440384 16.789253 0.000000 0.000000 
2.473888 19.006792 -0.141183 -4.938972 33.180355 0.000000 0.000000 
2.389683 19.018436 0.195842 -13.981384 26.685190 0.000000 0.000000 
2.573388 19.034058 -0.345598 -14.252121 18.022690 0.000000 0.000000 
2.629460 19.130486 -0.329036 -28.178894 7.863067 1.000000 1.000000 
2.487874 19.223549 -0.238261 1.286377 35.592842 0.000000 0.000000 
2.342622 19.476002 0.126602 -15.679253 22.555162 0.000000 0.000000 
2.758309 19.531891 0.313587 -23.699150 10.602787 1.000000 1.000000 
2.447093 19.626535 0.309524 -8.483490 28.722582 0.000000 0.000000 
2.492994 19.896915 -0.210853 2.101540 35.672539 0.000000 0.000000 
2.614692 19.884750 0.111674 -30.600182 10.091335 1.000000 1.000000 
2.995614 19.987501 -0.424954 -3.809479 32.772736 0.000000 0.000000 
2.459784 20.132240 -0.200760 4.692261 38.824932 0.000000 0.000000 
2.451077 20.675636 -1.777751 0.840118 38.101246 0.000000 0.000000 
2.444271 20.713903 0.073374 0.587532 34.488419 0.000000 0.000000 
2.437980 20.735554 0.226611 -3.020615 34.280468 0.000000 0.000000 
2.526228 20.812811 -0.276503 -5.965195 27.289902 0.000000 0.000000 
2.463383 21.003613 -0.028135 -0.419701 32.858868 0.000000 0.000000 
2.427512 21.458879 -1.682981 -11.867929 29.248306 0.000000 0.000000 
2.499715 21.456873 -0.283547 2.391930 34.506413 0.000000 0.000000 
2.539502 21.681576 0.527949 -11.977983 23.853312 0.000000 0.000000 
2.521130 21.864794 -0.223940 -0.928833 35.673763 0.000000 0.000000 
2.467570 21.885344 0.019921 0.147675 30.940327 0.000000 0.000000 
2.424069 21.982519 0.093676 -0.856491 33.144379 0.000000 0.000000 
2.518316 22.070946 0.025169 -24.071007 15.951790 0.000000 0.000000 
2.482897 22.238550 0.071020 5.409729 36.524231 0.000000 0.000000 
2.488377 22.290024 0.054819 4.096077 38.530735 0.000000 0.000000 
2.469255 22.627203 -0.141444 -27.423370 7.895671 1.000000 1.000000 
2.489830 22.722000 0.064322 4.592239 35.354507 0.000000 0.000000 
2.493241 22.835752 -0.227476 5.444046 35.294369 0.000000 0.000000 
2.423315 22.853155 0.405512 -6.766472 25.169783 0.000000 0.000000 
2.694015 23.002916 -0.309179 -21.606613 10.160389 1.000000 1.000000 
2.488833 23.054024 0.436144 5.237221 34.479641 0.000000 0.000000 
2.587738 23.157076 -0.128144 -20.259758 11.272072 1.000000 1.000000 
2.601528 23.272499 0.084069 -25.795074 7.074878 1.000000 1.000000 
2.375215 23.293676 -0.379938 -23.561325 12.395840 1.000000 1.000000 
2.402823 23.343838 -0.276456 -26.510155 9.276348 1.000000 1.000000 
2.470445 23.491951 -0.237056 -26.530571 6.966842 1.000000 1.000000 
2.601201 23.490593 -0.253314 -17.851967 13.143589 1.000000 1.000000 
2.596104 23.489164 -0.082922 -2.921730 26.291296 0.000000 0.000000 
2.524907 23.596991 0.421583 4.683502 36.211372 0.000000 0.000000 
2.557066 23.713541 -0.123925 -32.144249 5.913047 1.000000 1.000000 
2.435782 23.723154 -0.369229 -16.943413 21.436390 0.000000 0.000000 
2.575575 23.765869 -0.498367 -26.326424 11.841019 1.000000 1.000000 
-6.580579 22.871962 0.157267 -24.211761 14.617001 0.000000 0.000000 
2.775946 23.833206 0.059777 -22.102776 10.028790 1.000000 1.000000 
2.625690 24.356842 -0.276730 -2.773201 31.190111 0.000000 0.000000 
2.546944 24.564821 -0.148303 11.625946 42.967499 0.000000 0.000000 
2.553739 24.588690 -0.359258 3.137840 39.419296 0.000000 0.000000 
2.313092 24.773596 0.071703 -23.701759 8.796608 1.000000 1.000000 
2.230566 24.780668 -0.127676 -21.974113 8.051052 1.000000 1.000000 
2.573301 24.898928 -0.355891 9.609488 41.821365 0.000000 0.000000 
2.516193 25.015858 -0.038225 -22.209816 11.342556 1.000000 1.000000 
2.610401 25.071344 -0.145167 -22.390030 12.603512 1.000000 1.000000 
2.416638 25.246227 -0.433909 -22.608833 9.181110 1.000000 1.000000 
2.467216 25.255728 0.193978 4.070908 33.676872 0.000000 0.000000 
2.452772 25.283661 -1.856695 3.035736 32.860390 0.000000 0.000000 
2.462759 25.350536 0.504562 8.913582 38.797020 0.000000 0.000000 
2.486613 25.357435 -1.728165 1.024849 34.838402 0.000000 0.000000 
2.529596 25.377762 -1.894959 -3.723511 29.254501 0.000000 0.000000 
2.561422 25.453461 -0.232315 -22.066940 11.477489 0.000000 0.000000 
2.338549 25.545719 -0.292509 -16.958443 10.893837 1.000000 1.000000 
2.677386 25.659088 -0.175691 -19.625954 10.482162 1.000000 1.000000 
2.523594 25.701170 0.164543 -19.610077 10.817719 1.000000 1.000000 
2.449386 25.780899 0.693390 2.302879 33.282570 0.000000 0.000000 
2.482593 25.791296 0.000199 1.299873 33.469112 0.000000 0.000000 
2.431757 25.975208 -0.346124 -18.521538 19.643538 0.000000 0.000000 
2.506659 26.036339 -1.898267 -10.123550 25.066212 0.000000 0.000000 
2.756701 26.040503 0.152389 -20.020966 5.738624 1.000000 1.000000 
2.507575 26.115286 -0.242617 13.660927 39.575821 0.000000 0.000000 
2.475323 26.182405 0.010649 -4.982971 26.316910 0.000000 0.000000 
2.494340 26.220381 -0.305412 10.183440 41.383575 0.000000 0.000000 
2.502086 26.248449 -0.188412 6.199448 38.401711 0.000000 0.000000 
2.537196 26.312584 0.786341 -16.503563 8.414055 0.000000 0.000000 
2.435939 26.332960 -0.261067 -0.919327 26.890282 0.000000 0.000000 
-6.758780 25.538580 3.571365 -13.575830 13.355358 0.000000 0.000000 
2.581119 26.653234 -0.343075 -0.492363 30.891811 0.000000 0.000000 
2.483073 26.870998 -0.040765 3.934296 29.306059 0.000000 0.000000 
2.454512 26.909477 -0.079032 -2.231773 25.889299 0.000000 0.000000 
2.568507 26.974857 -0.000156 0.971184 27.250351 0.000000 0.000000 
2.565545 27.019720 -0.312417 2.999138 29.989717 0.000000 0.000000 
-20.185888 15.795925 1.876853 12.271080 19.514067 1.000000 1.000000 
2.278048 27.216068 0.066794 -20.164963 8.682678 1.000000 1.000000 
2.698227 27.268621 0.306120 -7.817047 15.532101 0.000000 0.000000 
2.676796 27.302605 0.248031 -14.251274 11.758438 1.000000 1.000000 
2.672321 28.099329 -0.170562 -9.915283 15.671841 0.000000 0.000000 
11.639455 25.292116 -0.448953 -8.370065 12.132500 1.000000 1.000000 
2.577813 28.262409 -0.192611 0.684349 26.683798 0.000000 0.000000 
2.616738 28.272068 0.034539 -1.692047 25.083029 0.000000 0.000000 
2.406624 28.442532 -0.307005 6.591270 31.792217 0.000000 0.000000 
2.439112 28.447220 -0.423251 8.808311 30.726295 0.000000 0.000000 
2.474027 28.467758 0.226870 -4.072365 22.688551 0.000000 0.000000 
2.538255 28.630795 -0.272526 -14.975746 11.856533 0.000000 0.000000 
2.594100 28.711418 -0.168093 -8.695160 17.148338 0.000000 0.000000 
2.436614 28.833206 -0.279054 10.525902 33.602810 0.000000 0.000000 
2.401072 28.839041 0.005742 2.712341 25.739162 0.000000 0.000000 
2.432379 29.060963 -0.188521 -16.669197 9.841732 0.000000 0.000000 
-7.305313 28.178551 1.487495 -9.931848 16.532621 0.000000 0.000000 
2.507356 29.154131 -0.215428 1.646423 24.923508 0.000000 0.000000 
2.826341 29.184334 0.065320 -12.207405 18.114906 0.000000 0.000000 
2.362159 29.242447 -0.577928 -0.727684 23.040440 0.000000 0.000000 
3.916076 29.076054 10.900559 1.335442 30.347908 0.000000 0.000000 
2.391748 29.421795 -0.116791 -10.869102 15.842537 0.000000 0.000000 
2.645670 29.469910 -0.341898 -21.909187 5.873222 1.000000 1.000000 
2.456207 29.490549 0.030873 -7.333496 16.688179 0.000000 0.000000 
2.405172 29.642561 0.152981 -5.203598 20.446354 0.000000 0.000000 
2.391923 29.685883 0.365291 2.454330 27.552607 0.000000 0.000000 
2.570586 29.710375 -0.117312 0.016853 22.528030 0.000000 0.000000 
2.439553 30.041981 -0.324971 -8.312988 18.579195 0.000000 0.000000 
2.463974 30.210146 -0.731908 -8.979843 18.418211 0.000000 0.000000 
2.477985 30.384857 -0.798900 -8.898445 16.487755 0.000000 0.000000 
2.483060 30.458969 -1.259673 -16.906281 14.384998 0.000000 0.000000 
-5.938232 29.904234 -0.847710 -16.165970 16.496361 0.000000 0.000000 
2.478123 30.463541 0.095943 -10.418480 12.709400 0.000000 0.000000 
2.458048 30.550718 -0.692391 -5.970543 22.887785 0.000000 0.000000 
2.346859 30.893885 0.465957 -22.952477 7.950523 0.000000 0.000000 
-6.645145 30.646816 4.049156 -4.554947 23.069225 0.000000 0.000000 
2.474556 31.378033 0.510732 -12.968057 16.627993 0.000000 0.000000 
2.483239 31.399429 0.976207 -1.079727 25.114975 0.000000 0.000000 
2.452448 31.434675 0.682762 -0.453285 28.371098 0.000000 0.000000 
-15.083847 27.074358 -1.584082 -15.783211 11.850681 0.000000 0.000000 
2.640881 31.609715 0.657976 -13.518044 19.634460 0.000000 0.000000 
8.305357 30.624149 -0.352909 -5.185211 22.659376 0.000000 0.000000 
2.561169 32.144112 -0.367149 -11.506027 19.616709 0.000000 0.000000 
2.671735 32.159172 -0.509139 -12.310661 19.588341 0.000000 0.000000 
2.590958 32.275059 -0.309354 -3.469666 27.421516 0.000000 0.000000 
2.592780 32.302704 -0.356231 3.791679 31.733759 0.000000 0.000000 
2.602801 32.398357 -0.364308 -7.394920 23.134556 0.000000 0.000000 
8.346339 31.271862 -0.619808 -9.398277 22.671862 0.000000 0.000000 
2.554240 32.424786 -0.167976 -9.434692 24.500530 0.000000 0.000000 
2.597111 32.498150 -0.576329 -2.991699 22.965977 0.000000 0.000000 
2.586863 32.713463 -0.453526 -0.249535 29.674330 0.000000 0.000000 
2.578905 32.727318 -0.468199 -5.914551 25.214718 0.000000 0.000000 
17.185545 27.208687 0.250061 -6.199799 14.707859 0.000000 0.000000 
17.035614 27.374853 0.070834 -10.911232 9.995167 0.000000 0.000000 
2.690305 32.829628 -0.437103 -10.993340 20.214319 0.000000 0.000000 
2.699188 32.937828 -0.132001 -26.001343 7.011459 0.000000 0.000000 
3.246175 32.970272 -0.175489 -25.771629 9.819866 0.000000 0.000000 
2.667595 33.091255 -0.601632 -0.315918 28.795582 0.000000 0.000000 
2.529022 33.116280 -0.738711 -5.630791 27.312485 0.000000 0.000000 
2.642147 33.160751 -0.567588 -3.592796 27.281223 0.000000 0.000000 
11.128680 31.199303 -0.542774 -13.283737 14.780125 0.000000 0.000000 
2.659199 33.573765 -0.387527 0.891861 31.824230 0.000000 0.000000 
2.678702 33.582222 -0.554547 5.061470 35.676769 0.000000 0.000000 
2.669205 33.693825 -0.638640 -12.336700 21.241400 0.000000 0.000000 
2.776517 33.712555 -0.479645 -13.578186 20.407478 0.000000 0.000000 
2.736950 33.859474 0.732931 -15.611633 19.373369 0.000000 0.000000 
11.322259 31.823017 -0.673677 -13.540704 14.603161 0.000000 0.000000 
2.595279 34.045784 -0.800460 -10.167680 18.079308 0.000000 0.000000 
2.564834 34.137077 -1.129133 -14.772614 16.690462 0.000000 0.000000 
2.487174 34.140366 0.845234 -10.103592 21.582813 0.000000 0.000000 
11.915665 31.843111 -0.765454 -5.254036 21.807692 0.000000 0.000000 
2.615440 34.293900 -0.764125 -9.737885 22.670824 0.000000 0.000000 
-7.989662 33.400112 -4.793843 -13.218163 22.567337 0.000000 0.000000 
2.768598 34.421722 -0.577282 -4.940628 23.645868 0.000000 0.000000 
2.507656 34.447033 -1.638528 -6.873360 26.328917 0.000000 0.000000 
2.694391 34.605659 0.035726 -1.621323 25.874241 0.000000 0.000000 
2.449737 34.773045 0.370025 -4.512177 26.017561 0.000000 0.000000 
2.437112 34.797729 0.278404 -6.852036 24.379370 0.000000 0.000000 
2.374451 34.825150 0.080012 -22.874336 11.809971 1.000000 1.000000 
2.563428 34.898788 -0.193934 1.288261 31.307255 0.000000 0.000000 
2.646344 34.997337 -0.217201 -11.068031 21.843302 0.000000 0.000000 
2.679727 35.012779 -0.566847 -9.864944 23.165733 0.000000 0.000000 
2.661104 35.036133 -0.512223 -23.639122 6.966033 0.000000 0.000000 
2.674126 35.114731 -0.643464 -26.298698 6.706436 0.000000 0.000000 
2.533836 35.315857 0.889880 -5.908302 25.238117 0.000000 0.000000 
2.445265 35.379700 -0.787136 -3.976440 26.935055 0.000000 0.000000 
12.328043 32.998688 -0.743544 7.830933 33.568810 0.000000 0.000000 
2.696775 35.390411 -0.534869 4.679405 32.659164 0.000000 0.000000 
11.924565 33.201004 -0.969324 -4.536079 24.933702 0.000000 0.000000 
2.717078 35.729965 -0.354139 -0.951233 28.189278 0.000000 0.000000 
2.618201 35.749214 -0.672552 -2.057793 28.457516 0.000000 0.000000 
2.407367 35.803204 -0.116708 -11.594406 18.969311 0.000000 0.000000 
2.780478 35.803680 0.215619 -15.772575 11.410740 0.000000 0.000000 
2.695707 35.887569 -1.443308 -6.657768 23.881628 0.000000 0.000000 
2.428001 36.089066 -1.009372 -10.793823 23.732567 0.000000 0.000000 
2.493621 36.171234 -0.878039 -1.834435 26.633064 0.000000 0.000000 
13.865094 33.212349 -0.617485 -9.775055 19.638714 0.000000 0.000000 
14.059294 33.135670 -1.059259 -4.259300 21.777645 0.000000 0.000000 
16.553135 31.840406 0.036930 -12.807359 15.078590 0.000000 1.000000 
22.599195 27.234068 0.209750 -7.653526 9.086102 0.000000 0.000000 
22.773983 27.074316 0.169879 -12.901338 6.377616 0.000000 0.000000 
22.520359 27.345720 0.380851 -9.210144 8.363922 0.000000 0.000000 
2.457041 36.375378 -0.729311 -8.139305 20.716797 0.000000 0.000000 
2.473023 36.559887 1.294464 -9.867744 19.318289 0.000000 0.000000 
2.597164 36.625130 -0.951256 -2.051765 26.806797 0.000000 0.000000 
2.902664 36.618408 -0.373908 -9.097450 22.866039 0.000000 0.000000 
2.353276 36.960220 1.618065 -9.481239 22.219877 0.000000 0.000000 
2.447040 37.145893 -0.467946 3.759987 31.051907 0.000000 0.000000 
3.040601 37.192455 -0.050578 -23.236084 10.740032 0.000000 0.000000 
2.558367 37.269798 -0.614092 -17.198029 13.720253 0.000000 0.000000 
2.489875 37.463093 -0.453889 -22.809235 9.541489 1.000000 1.000000 
2.484714 37.500801 -0.615072 3.843773 31.649513 0.000000 0.000000 
2.452109 37.508671 -0.633753 7.776596 36.349358 0.000000 0.000000 
2.534555 37.530159 -0.567178 7.130806 34.293282 0.000000 0.000000 
2.564232 37.580074 -0.627480 10.482848 36.077312 0.000000 0.000000 
2.188588 37.793850 1.180708 -18.860741 11.005997 0.000000 0.000000 
2.611564 37.876381 -0.563531 1.648239 29.196060 0.000000 0.000000 
2.551253 37.916351 -0.613723 0.579712 28.346527 0.000000 0.000000 
2.529477 37.957253 -0.487798 -3.255196 25.516520 0.000000 0.000000 
2.583250 38.078899 -0.715958 -0.593788 23.345766 0.000000 0.000000 
2.622864 38.345413 -0.552903 -0.650688 27.240088 0.000000 0.000000 
2.573490 38.366901 -0.385228 7.516037 33.039921 0.000000 0.000000 
2.588749 38.370541 -0.545005 6.730225 34.063896 0.000000 0.000000 
2.593702 38.497551 -0.576653 15.214775 37.411083 0.000000 0.000000 
2.664690 38.716633 -0.366259 -13.715463 5.569797 0.000000 0.000000 
2.623639 38.750736 -0.693877 6.067642 31.902042 0.000000 0.000000 
2.609958 38.798855 -0.559580 8.122910 33.630367 0.000000 0.000000 
2.622867 38.836224 -0.827523 10.227530 34.751808 0.000000 0.000000 
2.668402 39.214157 -0.556781 7.309891 35.297050 0.000000 0.000000 
2.606380 39.257885 -0.676951 16.384216 36.600185 0.000000 0.000000 
2.614059 39.400116 -0.586990 11.998488 38.217026 0.000000 0.000000 
2.589778 39.411770 -0.649646 12.140656 38.480572 0.000000 0.000000 
2.527255 39.656693 -0.540816 9.585663 35.204231 0.000000 0.000000 
3.079099 39.623951 -1.073716 -8.261209 25.368784 0.000000 0.000000 
2.575644 39.742153 -0.775077 -0.991226 20.990784 0.000000 0.000000 
2.591502 39.800274 -0.593795 -3.263870 23.915079 0.000000 0.000000 
2.645415 39.823395 -0.776494 -1.551247 24.530849 0.000000 0.000000 
2.698962 39.874878 -0.736644 -18.861786 7.619018 1.000000 1.000000 
2.798429 39.896957 -0.585125 -17.351936 4.777759 1.000000 1.000000 
2.579755 40.049080 -0.699648 -4.571968 21.858557 0.000000 0.000000 
2.660223 40.079330 -0.209061 1.321297 23.951628 0.000000 0.000000 
4.483413 39.920132 -0.035087 -8.757797 21.896742 0.000000 0.000000 
4.857733 40.188160 -0.055128 -7.303902 20.307022 0.000000 0.000000 
2.663644 40.470249 -0.701459 -9.261682 12.231735 0.000000 0.000000 
2.277353 40.554134 -0.521699 -1.980125 28.484863 0.000000 0.000000 
2.583336 40.649433 -0.331164 4.146957 28.907078 0.000000 0.000000 
15.291523 37.626114 0.253064 -8.197311 15.064930 0.000000 0.000000 
2.639577 40.866062 -0.288220 2.659164 29.203997 0.000000 0.000000 
2.581179 40.919056 -0.502144 4.485237 29.170019 0.000000 0.000000 
2.725766 41.003296 -0.125441 -0.589615 26.286562 0.000000 0.000000 
15.194839 37.921158 -0.107611 -12.742241 12.296955 0.000000 0.000000 
15.689259 37.826733 0.155632 -10.116035 12.906807 0.000000 0.000000 
2.333336 41.256084 -0.731813 -15.780380 11.941463 0.000000 0.000000 
2.340547 41.326458 -0.490551 -0.957420 27.562935 0.000000 0.000000 
-0.198389 41.472298 -0.716818 0.963829 33.239635 0.000000 0.000000 
2.444662 41.440308 -0.797388 6.239059 31.389904 0.000000 0.000000 
2.392264 41.457867 -0.867725 4.534386 31.861668 0.000000 0.000000 
2.415649 41.589134 -0.857759 -17.211670 12.577152 0.000000 0.000000 
2.707339 41.607178 -0.900609 -23.937469 6.189903 0.000000 0.000000 
2.542679 41.655102 -0.652058 -7.420029 19.448166 0.000000 0.000000 
2.459712 41.779732 -0.441640 4.283066 27.605621 0.000000 0.000000 
2.488034 41.786442 -0.383219 -0.598846 26.295773 0.000000 0.000000 
2.359460 41.835117 -1.043458 -10.277040 18.262037 0.000000 0.000000 
2.463875 42.162674 -1.025424 0.432442 26.721781 0.000000 0.000000 
2.512377 42.249371 -0.734328 -7.499092 21.098862 0.000000 0.000000 
2.430550 42.280254 -0.988296 -4.773476 23.638906 0.000000 0.000000 
3.055542 42.284695 -0.213887 -6.977898 18.236917 0.000000 0.000000 
2.473900 42.445114 -0.497836 1.523895 25.007225 0.000000 0.000000 
2.764849 42.451252 -0.232490 -8.080574 19.993587 0.000000 0.000000 
2.361550 42.532654 -0.672123 -4.525513 22.125519 0.000000 0.000000 
2.502618 42.580425 -1.122373 -16.742004 10.553692 0.000000 0.000000 
2.332583 42.660614 -0.409283 -3.091660 23.184137 0.000000 0.000000 
2.538339 42.724274 -0.493852 6.192169 32.937038 0.000000 0.000000 
2.660004 42.933445 -0.838679 -12.889183 12.529903 0.000000 0.000000 
2.440854 43.072964 -0.399448 10.736664 32.909882 0.000000 0.000000 
2.474160 43.130642 -0.499344 15.031203 37.144966 0.000000 0.000000 
2.475445 43.131195 -0.333186 10.333176 35.052227 0.000000 0.000000 
2.432186 43.167568 -0.489662 10.835013 35.459293 0.000000 0.000000 
13.086638 41.032352 4.943702 -2.751160 17.607037 0.000000 0.000000 
2.729450 43.223625 -0.292671 -6.160110 22.323441 0.000000 0.000000 
2.479975 43.325546 -0.463127 -0.751244 25.376186 0.000000 0.000000 
-4.889071 43.097534 5.097832 -6.266869 18.859558 0.000000 0.000000 
2.487625 43.337421 -0.148066 -0.556122 24.502598 0.000000 0.000000 
2.511285 43.459156 -0.425858 1.111145 26.096607 0.000000 0.000000 
2.439428 43.460976 -0.493338 2.852402 27.392929 0.000000 0.000000 
2.452057 43.566990 -0.356518 5.340828 31.894997 0.000000 0.000000 
-7.004426 43.060589 -4.079906 -8.746002 22.475527 0.000000 0.000000 
3.027778 43.707775 0.222222 -13.070541 16.548218 0.000000 0.000000 
2.582776 43.787300 -0.913168 -0.794373 25.027035 0.000000 0.000000 
2.842171 43.782822 -0.824563 -18.730125 8.330811 0.000000 0.000000 
2.511668 43.891876 -0.386345 4.604935 29.637325 0.000000 0.000000 
2.707968 43.934948 -0.649850 1.161827 27.284996 0.000000 0.000000 
2.581659 43.966221 -1.389824 -3.901978 22.751476 0.000000 0.000000 
-4.890575 43.765270 5.006915 -11.958717 17.287872 0.000000 0.000000 
2.616593 44.215347 -0.766869 -17.776299 10.104603 0.000000 0.000000 
2.697938 44.299480 -1.248667 -17.534973 6.853466 0.000000 0.000000 
2.541095 44.325417 -0.301243 -22.111465 5.491340 1.000000 1.000000 
2.908854 44.298775 -0.047003 -9.777771 19.684389 0.000000 0.000000 
-5.665079 44.051613 4.244238 -12.387848 18.995556 0.000000 0.000000 
2.460009 44.396763 -0.702727 -9.164772 18.715357 0.000000 0.000000 
-5.076008 44.156723 5.595363 -11.702821 18.630234 0.000000 0.000000 
13.504120 42.253357 5.985169 -5.716301 18.423546 0.000000 0.000000 
2.438524 44.543083 -0.619382 -10.903732 19.192545 0.000000 0.000000 
11.983982 42.822102 5.150483 -5.661369 20.496708 0.000000 0.000000 
2.606631 44.828278 -0.608751 -3.618561 24.678202 0.000000 0.000000 
2.550302 44.907555 -0.647065 -4.038467 22.307789 0.000000 0.000000 
2.568392 44.932087 -0.554643 -3.173042 23.280993 0.000000 0.000000 
23.480906 37.693027 0.483663 -9.171800 9.606781 0.000000 0.000000 
-6.262312 44.585323 5.234551 -13.764740 17.364746 0.000000 0.000000 
2.535964 45.317810 -0.575403 -3.527275 25.342514 0.000000 0.000000 
2.217879 45.419395 -1.034211 -6.202934 25.557354 0.000000 0.000000 
2.434963 45.470699 -0.680591 5.177055 29.113224 0.000000 0.000000 
2.521245 45.618774 -0.602509 -4.567528 22.813984 0.000000 0.000000 
2.824803 45.603230 -0.621395 -13.812654 17.019497 0.000000 0.000000 
23.992083 38.128456 0.262665 -11.293350 6.660118 0.000000 0.000000 
2.519998 45.639004 -0.630740 -4.137566 22.462921 0.000000 0.000000 
2.247874 45.711140 -0.668491 -3.767029 24.030022 0.000000 0.000000 
2.501120 45.698898 -0.668932 -13.654222 24.457399 0.000000 0.000000 
2.357790 45.754265 0.812272 -3.174454 24.395468 0.000000 0.000000 
7.571283 45.145725 2.508307 -11.645149 19.125164 0.000000 0.000000 
12.100673 44.057194 4.408487 -11.272134 18.173117 0.000000 0.000000 
23.849356 38.495609 -0.271638 -14.156075 7.010765 0.000000 0.000000 
10.326604 44.847614 5.451939 -10.842889 16.783627 0.000000 0.000000 
24.368031 38.394325 0.751143 -9.762672 9.666447 0.000000 0.000000 
10.042637 44.932911 5.572893 -7.771889 19.720995 0.000000 0.000000 
2.524586 46.101498 -0.670820 0.627174 27.850204 0.000000 0.000000 
2.472515 46.128315 -0.824845 -3.481598 22.904436 0.000000 0.000000 
29.877394 33.852257 0.641709 -9.186357 5.144069 0.000000 0.000000 
10.143493 44.985657 15.911936 -8.998399 19.643982 0.000000 0.000000 
9.107783 45.249233 3.919785 -9.509271 20.971682 0.000000 0.000000 
8.693825 45.445278 3.162919 -14.061134 15.637848 0.000000 0.000000 
12.707648 44.593559 6.161325 -8.162262 18.302080 0.000000 0.000000 
7.140350 46.056713 4.380086 -9.572853 22.984055 0.000000 0.000000 
15.403624 43.913662 7.698316 -15.381433 13.398800 0.000000 0.000000 
9.582819 45.887501 6.404778 -7.433372 20.541735 0.000000 0.000000 
9.780154 45.929722 5.092183 -6.639694 21.206985 0.000000 0.000000 
-26.683643 37.882057 3.811980 -6.822792 10.877728 0.000000 0.000000 
-26.164566 38.291920 3.657545 -3.719421 11.354946 0.000000 0.000000 
11.677312 45.515270 6.630855 -11.013925 19.717117 0.000000 0.000000 
-25.737970 38.637676 3.658150 -10.197061 11.833912 0.000000 0.000000 
6.767178 46.676258 4.160598 -14.855737 17.396276 0.000000 0.000000 
-15.375573 44.409782 0.551503 -17.306709 5.710990 1.000000 1.000000 
-15.441006 44.495052 0.265406 -17.604187 5.256935 1.000000 1.000000 
6.769420 46.723839 6.276216 -11.147202 17.400867 0.000000 0.000000 
9.776798 46.195251 7.317541 -12.249771 18.576569 0.000000 0.000000 
11.623597 45.963379 5.788584 -9.142967 18.922417 0.000000 0.000000 
-26.086840 39.013832 3.183254 -9.026321 10.158207 0.000000 0.000000 
29.351309 36.332745 3.325798 -7.633240 6.734172 0.000000 0.000000 
-26.159517 38.973396 3.482227 -6.578804 12.033215 0.000000 0.000000 
7.887348 47.060471 4.792961 -4.134308 22.130013 0.000000 0.000000 
7.389964 47.183235 5.092680 -5.216400 20.637741 0.000000 0.000000 
10.784653 46.484879 5.182136 -14.260620 16.577131 0.000000 0.000000 
-26.342617 39.075306 3.127073 -2.786285 12.512699 0.000000 0.000000 
7.003739 47.379959 4.960011 -5.884430 20.088673 0.000000 0.000000 
7.300685 47.361485 5.155995 -7.567802 20.299374 0.000000 0.000000 
6.389234 47.829838 3.949711 -13.683342 13.320633 0.000000 0.000000 
9.138103 47.372265 3.403315 -9.905540 17.960178 0.000000 0.000000 
29.741484 36.948517 3.251780 -2.880447 9.935883 0.000000 0.000000 
30.592936 36.251781 4.033519 -7.128555 7.356811 0.000000 0.000000 
8.637375 47.678291 4.649512 -10.298767 18.527611 0.000000 0.000000 
7.077568 47.966866 -7.184088 -11.440431 18.327421 0.000000 0.000000 
8.256680 47.989288 5.385725 -5.983795 20.351513 0.000000 0.000000 
28.915258 38.229218 4.347066 -5.843979 8.819370 0.000000 0.000000 
8.400265 48.003521 5.523913 -8.551988 18.715401 0.000000 0.000000 
7.761534 48.129055 5.996840 -8.014351 21.607340 0.000000 0.000000 
6.537461 48.351917 4.385073 -11.090393 19.480965 0.000000 0.000000 
29.136826 38.137848 4.191516 -8.392967 10.526634 0.000000 0.000000 
29.563086 37.788773 4.010983 -0.763680 13.681828 0.000000 0.000000 
-20.960627 43.763290 0.001341 -12.255464 10.211281 0.000000 1.000000 
8.928674 48.066502 7.874224 -11.599046 18.034119 0.000000 0.000000 
29.556492 37.956982 3.206576 -8.162773 7.229026 0.000000 0.000000 
8.826007 48.357609 -6.896257 -7.459427 19.746702 0.000000 0.000000 
28.932062 38.837486 4.137588 -6.305107 9.882435 0.000000 0.000000 
8.435825 48.472340 3.557658 -10.651794 17.804764 0.000000 0.000000 
8.929207 48.380009 6.111604 -6.796417 20.509607 0.000000 0.000000 
0.346342 49.327198 -1.077886 -19.679771 7.038581 0.000000 1.000000 
29.538441 38.441292 6.859731 -1.968491 12.453228 0.000000 0.000000 
28.968721 39.047718 2.649848 -3.468758 13.425781 0.000000 0.000000 
-16.149717 46.488403 4.873213 -8.167099 17.247280 0.000000 0.000000 
29.569933 38.732063 4.173307 -6.367493 9.248135 0.000000 0.000000 
29.973093 38.446827 2.641810 -5.904266 9.744274 0.000000 0.000000 
0.157790 49.643105 -1.236288 -25.174149 5.497997 0.000000 1.000000 
10.431563 48.480133 -3.874133 -12.086151 17.529800 0.000000 0.000000 
-15.960226 46.879353 -9.148863 -6.771133 18.477619 0.000000 0.000000 
7.345224 49.154320 11.361436 -6.959129 19.656645 0.000000 0.000000 
-15.763730 46.953209 5.282874 -11.808418 16.299446 0.000000 0.000000 
8.914703 48.873718 -6.131296 -10.804245 17.499250 0.000000 0.000000 
29.471426 39.204067 3.154795 -7.287201 9.261894 0.000000 0.000000 
-21.159477 44.880497 3.891773 -11.261673 13.631329 0.000000 0.000000 
29.341961 39.485302 5.531513 -3.788132 10.094872 0.000000 0.000000 
7.567165 49.452766 6.542699 -9.294136 16.502821 0.000000 0.000000 
6.990459 49.582069 6.094876 -7.760025 20.002947 0.000000 0.000000 
29.260546 39.679775 6.148306 1.692719 13.676762 0.000000 0.000000 
9.842877 49.076035 0.905591 -11.726701 17.341349 0.000000 0.000000 
8.888542 49.449081 5.778908 -10.792343 16.501905 0.000000 0.000000 
29.756210 39.709274 2.946411 -6.947899 10.527687 0.000000 0.000000 
-26.299173 42.582340 3.187822 -9.370834 12.270847 0.000000 1.000000 
7.146553 50.179211 2.366561 -9.756996 19.741259 0.000000 0.000000 
7.330466 50.291016 2.236347 -8.548676 18.681520 0.000000 0.000000 
7.180128 50.398037 2.536261 2.808739 28.172911 0.000000 0.000000 
-21.652058 45.723721 1.884844 -3.494141 16.642681 0.000000 0.000000 
7.382413 50.467422 4.464290 -1.221550 24.078962 0.000000 0.000000 
30.578753 39.829464 5.838012 -4.496933 9.518234 0.000000 0.000000 
7.411256 50.523197 4.481107 -5.389999 21.136761 0.000000 0.000000 
7.245229 50.856369 2.493471 3.134041 29.368628 0.000000 0.000000 
7.611199 50.808704 4.408720 -2.573250 26.045418 0.000000 0.000000 
7.602550 50.833317 4.509912 -4.755196 22.500385 0.000000 0.000000 
7.639213 50.878445 -6.313024 -10.271667 16.351822 0.000000 0.000000 
13.553603 49.560432 5.135428 -12.980003 17.045321 0.000000 0.000000 
-21.915972 46.198730 1.873839 -3.591057 18.261385 0.000000 0.000000 
-21.500200 46.555538 4.947578 1.600563 20.515938 0.000000 0.000000 
12.474087 50.042206 4.110691 -10.364723 16.588442 0.000000 0.000000 
-21.182178 46.815571 5.762538 -5.927292 17.471054 0.000000 0.000000 
-21.575649 46.756046 2.778129 -9.766229 15.729221 0.000000 0.000000 
10.072130 50.808266 -3.938922 -12.931329 15.735470 0.000000 0.000000 
7.903736 51.529808 5.307034 -12.142799 16.531879 0.000000 0.000000 
7.477785 51.686874 3.006236 -3.079849 20.541763 0.000000 0.000000 
21.740057 47.408508 -0.549286 -8.007684 18.848768 0.000000 0.000000 
8.031800 52.029736 -0.426971 -16.179970 14.982933 0.000000 0.000000 
21.694077 47.669678 2.551501 -2.470512 21.204298 0.000000 0.000000 
21.711325 47.671844 2.006296 -3.621315 20.216429 0.000000 0.000000 
8.587495 52.232506 7.879611 -13.345726 15.253189 0.000000 0.000000 
10.740203 51.851589 0.913347 -15.167909 12.698437 0.000000 0.000000 
7.075476 52.605030 4.675981 -10.213615 19.523232 0.000000 0.000000 
7.712884 52.528698 5.354706 -6.892868 20.676373 0.000000 0.000000 
7.680942 52.589626 4.296579 -8.103958 18.385199 0.000000 0.000000 
7.678175 52.668011 -7.322235 -8.816612 18.683069 0.000000 0.000000 
8.039038 52.796192 4.035206 -15.286369 16.784927 0.000000 0.000000 
21.979334 48.339661 -4.428600 -6.416862 16.070580 0.000000 0.000000 
28.154711 44.858776 5.981717 -2.967522 15.367027 0.000000 0.000000 
29.632771 43.831314 5.058656 -3.246033 14.593731 0.000000 0.000000 
29.663849 44.144836 5.356151 -9.289413 7.859310 0.000000 0.000000 
7.300111 53.373688 4.629861 -15.976364 11.990593 0.000000 0.000000 
6.342391 53.515450 -7.548292 -7.076782 18.094810 0.000000 0.000000 
6.326343 53.554554 5.062673 -8.944183 18.878559 0.000000 0.000000 
6.089715 53.616436 3.630612 -2.565155 24.295006 0.000000 0.000000 
5.996455 53.945061 3.489741 -6.942177 19.520285 0.000000 0.000000 
6.073030 53.973244 3.786648 -10.697464 19.345991 0.000000 0.000000 
6.896786 53.980457 3.663019 -6.160912 21.267204 0.000000 0.000000 
29.102079 45.282913 6.928935 -6.857246 9.603245 0.000000 0.000000 
7.615311 53.966934 4.491800 -8.699432 19.104450 0.000000 0.000000 
7.266129 54.031273 3.795336 -8.995239 17.510807 0.000000 0.000000 
7.492700 54.041885 -6.660025 -7.988472 19.572332 0.000000 0.000000 
10.876474 53.573341 -0.648214 -10.919899 20.871891 0.000000 0.000000 
10.538632 53.861549 0.780168 -8.921638 16.704664 0.000000 0.000000 
7.601362 54.564545 2.024076 -5.355614 21.459167 0.000000 0.000000 
7.983145 54.524548 2.531042 -9.879373 20.518877 0.000000 0.000000 
10.810897 54.138210 -0.028786 -10.134294 18.364941 0.000000 0.000000 
10.334302 54.462479 -1.102403 -10.303772 17.964661 0.000000 0.000000 
7.487739 55.140137 7.605830 -14.668213 14.166348 0.000000 0.000000 
10.484512 54.979065 -1.598631 -20.369545 10.122917 0.000000 0.000000 
10.166650 55.150768 -0.912107 -12.169312 14.758633 0.000000 0.000000 
21.376511 51.722679 -4.434744 -15.862907 10.064342 0.000000 0.000000 
15.006072 54.380898 10.364760 -16.363365 13.027905 0.000000 0.000000 
10.231797 55.777912 -0.860475 -14.211884 14.375175 0.000000 0.000000 
14.203856 55.023170 -1.006292 -15.030046 13.469830 0.000000 0.000000 
10.206505 56.050831 -0.816671 -12.789955 15.111420 0.000000 0.000000 
21.865171 52.361431 -3.593682 -5.418877 16.689531 0.000000 0.000000 
32.281700 46.218521 2.677933 -7.286148 8.729099 0.000000 0.000000 
9.869184 56.886738 0.024218 -13.620033 12.191967 0.000000 0.000000 
9.805596 56.898262 -0.991773 -14.925087 12.631756 0.000000 0.000000 
32.688145 47.058262 1.172741 -7.553368 5.725025 0.000000 0.000000 
10.444264 57.217335 0.179233 -19.063499 8.694130 0.000000 0.000000 
7.007981 57.828934 7.003254 -16.863434 11.313805 0.000000 0.000000 
-33.910526 46.578548 -0.987808 -7.059753 11.043064 1.000000 1.000000 
10.606642 57.391506 -0.166321 -20.096519 8.684937 0.000000 0.000000 
6.892900 58.209251 7.167450 -11.311348 13.895741 0.000000 0.000000 
6.849496 58.288265 7.528405 -9.598863 15.530106 0.000000 0.000000 
6.533227 58.352444 7.511127 -12.593163 15.376652 0.000000 0.000000 
-31.319942 49.011116 3.595853 -7.756607 9.169289 0.000000 0.000000 
33.034489 47.798264 1.202717 -9.273132 6.243797 0.000000 0.000000 
7.024972 58.423904 6.653067 -9.294601 14.770344 0.000000 0.000000 
7.088961 58.417160 6.205186 -12.427461 13.289028 0.000000 0.000000 
33.045658 47.916618 0.970014 -7.790733 6.912456 0.000000 0.000000 
7.050090 58.521004 7.047382 -11.490479 12.729595 0.000000 0.000000 
6.286777 58.819633 6.016487 -16.849586 12.553425 0.000000 0.000000 
-21.283278 54.954548 6.909074 -17.191818 10.161701 0.000000 0.000000 
13.208035 57.980736 3.382088 -21.422676 10.135078 0.000000 0.000000 
27.450174 52.471603 0.774017 -0.686325 15.925125 0.000000 0.000000 
23.765215 54.498787 0.223419 -5.237076 16.136200 0.000000 0.000000 
27.560774 52.586712 -0.511775 -1.945274 18.389147 0.000000 0.000000 
-42.846123 40.038395 0.223498 3.588547 13.233681 1.000000 1.000000 
9.377227 59.269016 4.172276 -13.311790 13.504219 0.000000 0.000000 
27.640310 52.831818 -0.426432 -1.500122 17.898390 0.000000 0.000000 
27.950159 52.662258 -0.588139 4.465141 22.633955 0.000000 0.000000 
9.868788 59.268959 3.406203 -7.602104 19.692322 0.000000 0.000000 
27.783083 52.809460 -0.207378 4.882301 20.892649 0.000000 0.000000 
27.765142 52.830734 -0.683124 1.794594 19.690041 0.000000 0.000000 
8.554398 59.545906 -0.958547 -8.237175 19.247784 0.000000 0.000000 
8.084494 59.760727 -1.137410 -3.626297 20.922501 0.000000 0.000000 
8.103399 59.770710 -1.232984 -3.562042 19.274099 0.000000 0.000000 
8.457034 59.746387 2.728837 -9.341310 17.014553 0.000000 0.000000 
32.801029 50.192436 2.011742 -5.504585 9.285709 0.000000 0.000000 
20.219538 57.024998 -3.004599 -7.742095 15.017044 0.000000 0.000000 
23.936199 55.506401 0.120485 -10.650230 11.922989 0.000000 0.000000 
36.633709 47.470280 3.020280 -2.391151 9.820381 0.000000 0.000000 
28.110666 53.397099 -0.465401 -8.820999 14.628494 0.000000 0.000000 
8.731828 60.150257 0.139142 -19.980232 8.983238 0.000000 0.000000 
28.361704 53.257313 -0.744002 -1.978340 17.428146 0.000000 0.000000 
-30.486408 51.973087 3.334762 -8.338234 13.434914 0.000000 0.000000 
12.566154 59.459949 0.014065 -6.650887 18.742941 0.000000 0.000000 
8.468266 60.237728 -1.250145 -1.686394 22.735159 0.000000 0.000000 
9.199223 60.148647 -1.051978 -8.046913 18.826653 0.000000 0.000000 
35.874592 48.197987 2.734872 -5.981133 9.967155 0.000000 0.000000 
40.615063 44.105190 0.244911 -7.520805 10.731976 1.000000 1.000000 
32.786106 50.797573 1.172655 -8.321884 7.450386 0.000000 0.000000 
28.247349 54.086021 -0.750175 -10.622902 10.284397 0.000000 0.000000 
33.460537 50.890099 2.047956 -11.267189 6.431251 0.000000 0.000000 
8.350157 61.105286 0.722169 -19.820404 10.448524 0.000000 0.000000 
35.297340 49.709213 1.418897 -6.834465 10.684563 0.000000 0.000000 
8.142558 61.903061 1.055360 -16.268379 9.330067 0.000000 0.000000 
8.654814 62.071175 2.913897 -11.068657 15.686481 0.000000 0.000000 
8.715104 62.336330 3.811134 -6.729836 19.222118 0.000000 0.000000 
8.665563 62.372894 3.635395 -3.651207 21.873646 0.000000 0.000000 
-22.230339 58.746853 -0.316786 -8.543640 18.774565 0.000000 0.000000 
8.586808 62.574768 -0.692895 -16.199692 12.107018 0.000000 0.000000 
33.369141 53.117413 0.435826 -10.150047 10.284683 0.000000 0.000000 
33.498848 53.034580 0.269004 -5.118202 9.864857 0.000000 0.000000 
33.331257 53.207142 0.295270 -11.687660 5.185108 0.000000 0.000000 
16.613775 61.068123 1.625437 -14.035820 10.076412 0.000000 1.000000 
29.135403 55.816330 2.561044 -12.177911 8.762630 0.000000 0.000000 
25.303461 57.921326 2.740483 -6.885658 14.707474 0.000000 0.000000 
9.385540 62.887379 -0.388103 -18.181648 9.398056 0.000000 0.000000 
29.378153 56.128090 1.082419 -7.360489 8.792740 0.000000 0.000000 
8.185719 63.673859 7.160487 -20.312675 9.016743 0.000000 0.000000 
8.625829 63.659325 0.718780 -17.858025 10.438423 0.000000 0.000000 
7.033060 64.083328 6.581021 -15.723282 11.538963 0.000000 0.000000 
16.927084 62.246223 0.732479 -11.572227 12.422081 0.000000 0.000000 
9.620225 63.947197 1.258879 -20.611214 7.216522 0.000000 0.000000 
29.420843 57.170635 2.610810 -5.839333 13.376110 0.000000 0.000000 
7.484115 64.315674 8.095679 -17.466911 11.034462 0.000000 0.000000 
16.263994 62.611008 9.914606 -14.476173 12.078625 0.000000 0.000000 
30.051998 56.907558 0.264793 -8.987045 11.394585 0.000000 0.000000 
23.058716 60.320557 -0.838661 -9.679329 14.682159 0.000000 0.000000 
29.149113 57.504856 -0.485362 -13.087288 9.241089 0.000000 0.000000 
-6.299314 64.721642 -0.611013 -21.899063 7.599723 1.000000 1.000000 
35.101147 54.211330 6.827853 -8.614677 9.502834 0.000000 1.000000 
7.371952 64.836311 7.410842 -10.765527 12.845524 0.000000 0.000000 
17.040833 62.944298 15.841731 -18.777802 8.100327 0.000000 0.000000 
7.872505 65.021355 6.232418 -19.549896 8.963577 0.000000 0.000000 
29.862139 57.816448 7.603909 -10.908592 10.919899 0.000000 0.000000 
29.269104 58.140808 -8.757575 -11.913644 7.550769 0.000000 0.000000 
30.400364 57.529995 -5.326391 -6.882683 11.135315 0.000000 0.000000 
8.118168 65.028625 5.596918 -20.221931 9.758282 0.000000 0.000000 
8.203296 65.028366 5.220141 -16.476486 10.818016 0.000000 0.000000 
12.944182 64.260529 3.433611 -16.805206 11.274067 0.000000 0.000000 
7.953382 65.235687 4.440232 -14.563622 10.366760 0.000000 0.000000 
8.619602 65.527397 4.311409 -13.098985 13.291428 0.000000 0.000000 
8.747643 65.700897 4.502798 -16.332344 14.672142 0.000000 0.000000 
9.069976 65.684036 2.895470 -15.383241 13.597366 0.000000 0.000000 
32.066708 57.546879 -0.489586 -5.473862 11.781750 0.000000 0.000000 
8.032454 65.991043 3.565845 -13.486938 13.307068 0.000000 0.000000 
8.563897 65.954765 4.010517 -6.287842 17.143433 0.000000 0.000000 
9.366091 65.870148 8.973507 -15.101379 11.710796 0.000000 0.000000 
31.853071 58.259914 0.260260 -11.933113 7.635055 0.000000 0.000000 
8.052060 66.404968 6.283458 -14.105348 12.148457 0.000000 0.000000 
31.808695 58.400391 -0.232130 -8.080728 9.469490 0.000000 0.000000 
-57.725258 29.838562 3.728105 1.692261 6.456687 1.000000 1.000000 
7.264091 66.920532 2.166564 -21.214226 9.674015 0.000000 0.000000 
8.225309 67.263588 0.184786 -14.174728 11.672565 0.000000 0.000000 
8.269154 67.326828 -7.613421 -11.811447 13.992825 0.000000 0.000000 
7.135170 67.529732 -8.801593 -17.517296 10.229366 0.000000 0.000000 
8.082067 67.752975 -6.920189 -8.207672 15.914391 0.000000 0.000000 
7.887515 67.795395 -7.294950 -13.651025 12.602528 0.000000 0.000000 
31.472239 60.181789 1.338005 -10.249969 7.064300 0.000000 0.000000 
31.557491 60.498306 1.983046 -3.760651 12.606686 0.000000 0.000000 
9.590112 68.119347 2.017833 -19.519783 8.459328 0.000000 0.000000 
32.151360 60.335220 2.565185 -10.748300 8.409115 0.000000 0.000000 
8.066275 68.526184 -8.139627 -19.284424 5.481212 0.000000 0.000000 
8.152806 68.609962 -7.841282 -15.755241 10.630245 0.000000 0.000000 
31.912935 60.787464 2.005613 -8.299539 11.090538 0.000000 0.000000 
8.053242 68.640549 -7.729137 -18.318657 9.554882 0.000000 0.000000 
31.552618 61.096821 -5.585757 -15.353706 7.078205 0.000000 0.000000 
8.141959 68.849754 7.363989 -12.756523 11.349464 0.000000 0.000000 
30.839018 61.912003 0.402269 -14.990167 5.929138 0.000000 0.000000 
30.274235 62.490753 -1.836644 -17.007278 6.134773 0.000000 0.000000 
30.593042 62.379539 -0.029666 -16.816422 5.086936 0.000000 0.000000 
-24.269175 65.329933 0.766040 -18.657104 8.906841 0.000000 1.000000 
7.559868 69.557487 4.049364 -17.843964 12.287331 0.000000 0.000000 
24.791580 65.530899 -1.308992 -19.986427 6.512245 0.000000 0.000000 
8.290111 69.893997 4.589271 -16.576317 9.018246 0.000000 0.000000 
7.672843 70.100258 4.862072 -18.608376 8.212997 0.000000 0.000000 
7.723717 70.098625 -10.607328 -19.598839 8.773121 0.000000 0.000000 
8.101478 70.211205 -1.176956 -21.352715 4.157337 0.000000 0.000000 
11.963650 69.731117 -7.331831 -16.159096 10.019390 0.000000 0.000000 
31.005215 63.515965 -2.515845 -11.654106 8.168610 0.000000 0.000000 
31.352028 63.446144 1.284325 -16.065163 5.206348 0.000000 0.000000 
-45.404728 53.615433 3.483968 -9.177383 6.969532 1.000000 1.000000 
31.426067 63.646999 4.415962 -11.569511 7.758609 0.000000 0.000000 
-41.183437 57.668152 0.892596 -11.014909 2.892498 0.000000 0.000000 
31.345423 63.985504 -5.672654 -11.231674 10.903370 0.000000 0.000000 
8.142646 71.232330 2.122186 -11.310936 13.579742 0.000000 0.000000 
31.681355 63.907570 -6.166525 -9.940483 9.390800 0.000000 0.000000 
31.950974 63.838566 -6.539661 -11.612526 8.526211 0.000000 0.000000 
7.556372 71.420792 0.361247 -18.973297 7.690303 0.000000 0.000000 
8.921691 71.555916 -8.538400 -17.738190 10.651230 0.000000 0.000000 
31.298008 64.586220 -4.995031 -13.724998 5.337261 0.000000 0.000000 
8.089696 71.976028 3.885707 -8.362679 16.962166 0.000000 0.000000 
32.453274 64.331818 -3.469106 2.393486 18.645512 0.000000 0.000000 
7.713813 72.070236 2.850534 -6.901535 16.957832 0.000000 0.000000 
7.623472 72.164291 3.632568 -7.529152 16.136421 0.000000 0.000000 
32.522823 64.420303 -3.169584 0.668556 17.168774 0.000000 0.000000 
32.364857 64.506233 -4.187436 -4.736801 13.568283 0.000000 0.000000 
7.512443 72.208557 4.361439 -5.394089 19.454046 0.000000 0.000000 
7.670706 72.279358 1.757970 -19.359131 12.287617 0.000000 0.000000 
7.502884 72.462952 2.027801 -10.930740 14.631828 0.000000 0.000000 
8.551682 72.475769 3.984474 -11.357071 13.650860 0.000000 0.000000 
6.491567 72.893211 2.630888 -16.083237 12.360744 0.000000 0.000000 
7.264462 72.870316 -5.334595 -6.546074 17.308577 0.000000 0.000000 
33.241676 64.795410 -3.258653 -7.549110 11.803970 0.000000 0.000000 
9.653153 72.620483 3.381162 -4.552650 22.089161 0.000000 0.000000 
30.712351 66.150040 -1.528695 -9.144670 9.750538 0.000000 0.000000 
7.767031 72.992325 2.051050 -8.932541 18.032961 0.000000 0.000000 
6.521375 73.154373 -7.274838 -12.107864 14.500111 0.000000 0.000000 
8.481072 73.022453 4.376550 -15.260429 13.889977 0.000000 0.000000 
31.587391 66.113464 -7.425679 -8.847076 11.163509 0.000000 0.000000 
-26.905321 68.328949 1.108567 -14.441887 9.185398 0.000000 1.000000 
7.728857 73.454018 3.818981 -5.106102 21.850803 0.000000 0.000000 
7.901734 73.451256 3.121115 -6.794746 21.941053 0.000000 0.000000 
6.547267 73.657593 -7.686159 -2.563461 20.594042 0.000000 0.000000 
7.257608 73.642456 -4.952775 -4.816864 18.054605 0.000000 0.000000 
6.214045 73.848312 -8.225815 -5.180374 17.766312 0.000000 0.000000 
25.062941 69.653793 -2.445131 -12.364334 8.699661 0.000000 0.000000 
6.877805 73.970818 -8.010861 -5.928711 18.475670 0.000000 0.000000 
7.729009 74.184784 4.807714 -12.843034 11.124226 0.000000 0.000000 
7.625972 74.328491 5.065661 -12.166458 13.536179 0.000000 0.000000 
7.746480 74.317413 5.576484 -13.134995 12.072800 0.000000 0.000000 
6.693779 74.562263 5.512599 -12.852005 10.496559 0.000000 0.000000 
31.260614 67.732056 -8.278357 -13.232742 6.376548 0.000000 0.000000 
8.023806 74.711922 4.210938 -8.873985 13.210888 0.000000 0.000000 
7.411200 74.792023 3.546259 -13.327432 10.264782 0.000000 0.000000 
25.463778 70.520432 -1.913503 -14.692451 8.828011 0.000000 0.000000 
6.922540 75.215843 3.179131 -9.085281 13.732040 0.000000 0.000000 
6.980561 75.213753 -9.934314 -4.472153 16.464226 0.000000 0.000000 
32.876526 67.652664 -4.249852 -10.373544 7.874198 0.000000 0.000000 
7.361988 75.252914 -8.550132 -8.538879 15.139816 0.000000 0.000000 
7.998178 75.281296 6.258314 -12.645485 10.197376 0.000000 0.000000 
8.141977 75.350044 4.918336 -13.738083 10.183331 0.000000 0.000000 
7.681703 75.537804 3.886234 -19.466812 7.448070 0.000000 0.000000 
7.652320 75.622047 2.893830 -6.266457 15.169319 0.000000 0.000000 
7.188467 75.966110 2.760781 -5.324516 16.557236 0.000000 0.000000 
7.527112 75.950233 3.106597 5.859192 27.883883 0.000000 0.000000 
7.785538 75.962303 -5.920941 -18.842415 4.593891 0.000000 0.000000 
7.846817 76.003220 4.094422 -8.013374 13.473969 0.000000 0.000000 
7.830037 76.058136 3.857339 0.481453 21.412106 0.000000 0.000000 
7.676791 76.082520 2.569441 1.304886 24.460337 0.000000 0.000000 
6.840109 76.342995 10.522115 -7.272346 15.994740 0.000000 0.000000 
6.988371 76.496178 3.658800 -9.225389 17.315317 0.000000 0.000000 
7.591280 76.525108 4.793904 -9.204170 14.858170 0.000000 0.000000 
31.112627 70.023499 -5.454433 -10.908630 9.238861 0.000000 0.000000 
5.706609 76.800117 0.631893 -9.566780 16.450966 0.000000 0.000000 
6.448586 76.825302 11.161878 3.673325 24.773809 0.000000 0.000000 
6.607293 77.045258 10.164989 3.290977 27.585077 0.000000 0.000000 
6.983950 77.023270 9.747385 -4.642090 19.400669 0.000000 0.000000 
6.897239 77.053154 5.777635 -5.532661 15.148521 0.000000 0.000000 
7.075607 77.070030 6.091203 -7.119240 15.934669 0.000000 0.000000 
7.353987 77.276459 6.038346 -7.890647 15.696106 0.000000 0.000000 
6.744953 77.472549 6.105548 0.865021 22.001535 0.000000 0.000000 
6.723682 77.475487 -9.832552 -9.188293 13.388653 0.000000 0.000000 
5.495886 77.710350 -8.429474 -0.283501 20.204510 0.000000 0.000000 
6.868482 77.866943 -6.707090 -9.794479 14.588650 0.000000 0.000000 
5.563072 78.002678 6.413284 -5.631935 17.646933 0.000000 0.000000 
7.037756 78.005226 -5.366456 -8.350877 15.286385 0.000000 0.000000 
7.006738 78.034172 -6.182007 -11.992944 14.665638 0.000000 0.000000 
6.563725 78.131676 7.101382 -4.205574 17.731098 0.000000 0.000000 
6.939803 78.096931 1.978766 -4.413109 17.511795 0.000000 0.000000 
7.619411 78.199203 -5.315978 -5.892990 17.787043 0.000000 0.000000 
6.966741 78.300163 6.360459 -6.165298 17.413406 0.000000 0.000000 
8.042000 78.389809 -3.188798 -12.367889 12.523079 0.000000 0.000000 
7.182799 78.482750 -5.332914 -12.498138 12.668247 0.000000 0.000000 
-6.154020 78.658783 -1.170552 -4.106224 16.455557 0.000000 0.000000 
8.251561 78.564316 2.238222 -9.050720 14.053051 0.000000 0.000000 
6.022433 78.786598 5.912735 -13.563377 12.977440 0.000000 0.000000 
6.147231 78.972404 -8.173050 -9.965370 12.665035 0.000000 0.000000 
6.162728 79.123306 6.274785 -4.457756 17.738310 0.000000 0.000000 
7.621660 79.018112 -7.594878 -6.521423 16.800682 0.000000 0.000000 
5.985582 79.258957 -8.609153 -8.829208 13.931408 0.000000 0.000000 
6.892659 79.203598 9.283765 -15.064941 11.794136 0.000000 0.000000 
-6.240099 79.359726 -1.217711 -2.741646 18.802734 0.000000 0.000000 
7.114077 79.456329 5.254456 -12.323915 11.184555 0.000000 0.000000 
7.521585 79.569221 5.721249 -11.834167 13.442860 0.000000 0.000000 
-6.028665 79.810226 0.220936 -15.395555 9.252060 0.000000 0.000000 
-6.301972 79.807129 -0.949217 -1.463089 18.851009 0.000000 0.000000 
-6.248469 79.916763 -1.179765 6.117668 25.322866 0.000000 0.000000 
-6.309014 79.942650 -1.307106 -6.069046 16.769388 0.000000 0.000000 
-6.331292 79.958557 -1.210112 -2.257896 19.098101 0.000000 0.000000 
-6.325933 80.081009 -1.166273 3.283958 24.362694 0.000000 0.000000 
-6.312873 80.113853 -1.208368 -0.434219 20.610386 0.000000 0.000000 
-6.402999 80.395775 -1.440856 -15.532608 9.774349 0.000000 0.000000 
7.516304 80.341454 8.607357 -11.931259 12.365334 0.000000 0.000000 
7.341533 80.424446 0.654618 -9.115982 11.485004 0.000000 0.000000 
6.810279 80.543312 -9.200859 -12.024170 13.157700 0.000000 0.000000 
7.628836 80.481216 7.224861 -11.085861 14.490715 0.000000 0.000000 
6.146861 80.947357 3.285232 -11.873657 13.469872 0.000000 0.000000 
6.892253 80.971527 6.609866 -19.146889 7.443191 0.000000 0.000000 
-6.729015 81.052956 -0.479544 -15.258218 13.906712 0.000000 0.000000 
-6.630966 81.435135 1.932923 -13.197556 11.131702 0.000000 0.000000 
-7.503804 81.372559 -0.954376 -8.530960 21.981255 0.000000 0.000000 
-6.493503 81.660477 1.469346 -2.087509 18.176853 0.000000 0.000000 
-6.556701 81.661995 1.428492 -1.058411 20.028105 0.000000 0.000000 
-6.571096 81.807274 -0.079124 -3.102074 20.775740 0.000000 0.000000 
-7.112479 81.775024 -1.064678 -10.672723 19.342400 0.000000 0.000000 
-6.188439 81.880653 1.598010 -0.536980 19.307932 0.000000 0.000000 
-6.431334 81.896210 1.957551 -7.825752 13.358341 0.000000 0.000000 
-6.138920 82.259483 13.137385 -12.351875 11.291550 0.000000 0.000000 
-6.279664 82.255936 1.370356 -3.811478 16.995184 0.000000 0.000000 
-5.923799 82.660629 -1.021943 -16.536537 8.570751 0.000000 0.000000 
27.814976 78.249046 3.327528 -2.827049 16.427689 0.000000 1.000000 
28.071524 78.287605 2.936125 -6.652321 15.745796 0.000000 0.000000 
27.671169 78.459007 2.551327 -7.373650 13.410759 0.000000 0.000000 
27.837631 79.177315 2.253596 -13.209854 8.116989 0.000000 0.000000 
44.921223 70.659462 2.965731 3.187782 13.606949 0.000000 0.000000 
45.395184 70.650642 3.450447 3.274345 14.742279 0.000000 0.000000 
45.038761 71.016060 2.609365 -1.223679 11.233551 0.000000 0.000000 
45.711704 70.621048 2.950813 -6.165764 7.634769 0.000000 0.000000 
-17.392773 82.897713 -2.522936 -11.420593 9.661682 0.000000 0.000000 
44.529987 71.498329 -3.920198 -3.429443 11.182224 0.000000 0.000000 
43.477367 72.369545 -5.119182 0.944420 13.292343 0.000000 0.000000 
46.464458 70.471466 3.347525 -4.810043 9.040901 0.000000 0.000000 
45.484413 71.250282 2.606820 -3.020363 11.305237 0.000000 0.000000 
46.060192 70.863693 3.061919 -3.193146 10.428440 0.000000 0.000000 
46.167927 70.863365 2.156661 -10.131906 4.976799 0.000000 0.000000 
46.099369 71.310226 2.231586 -5.215416 8.390648 0.000000 0.000000 
44.914509 72.213257 -3.784071 1.498619 12.791954 0.000000 0.000000 
46.423840 71.233978 2.851967 -3.054436 10.108414 0.000000 0.000000 
46.492878 71.433456 3.791213 -8.723541 7.081775 0.000000 0.000000 
47.090931 71.203506 6.545693 3.895851 13.293972 0.000000 0.000000 
47.771526 70.735275 3.309259 6.280998 14.746399 0.000000 0.000000 
7.201916 85.890175 1.669042 -17.565292 7.436889 0.000000 0.000000 
44.118362 73.465294 -4.915254 3.814529 17.003971 0.000000 0.000000 
48.463856 70.565712 3.022267 8.263176 16.934072 0.000000 0.000000 
-19.498905 84.002693 9.271201 -13.948013 9.252811 0.000000 0.000000 
47.842876 71.051277 2.933968 9.553673 19.326689 0.000000 0.000000 
44.513500 73.318077 3.506116 5.509193 17.622374 0.000000 0.000000 
5.555676 86.189339 -2.336925 -20.842316 4.411258 0.000000 0.000000 
6.851933 86.138939 -0.611194 -19.207405 3.982421 0.000000 0.000000 
-17.806845 84.610008 -2.371193 -8.378418 12.327271 0.000000 0.000000 
47.698181 71.467514 1.880696 -8.095558 5.415946 0.000000 0.000000 
47.301495 71.791733 2.971905 -0.695450 9.991848 0.000000 0.000000 
47.034691 71.981888 2.152066 0.365662 10.643471 0.000000 0.000000 
46.634197 72.257202 1.918926 0.637505 10.814816 0.000000 0.000000 
46.514343 72.648544 1.818163 -2.031082 8.974216 0.000000 0.000000 
-5.605777 86.776001 -1.347328 -17.059540 4.603817 0.000000 0.000000 
-5.434968 86.824875 -1.134102 -10.834213 11.122589 0.000000 0.000000 
44.621670 74.154053 3.508333 4.177475 15.872581 0.000000 0.000000 
-5.432446 86.956879 -1.149347 8.713576 26.555693 0.000000 0.000000 
-5.507251 86.985199 -0.981322 -2.533493 15.940556 0.000000 0.000000 
40.521648 76.662460 1.519052 -10.265924 6.685680 0.000000 0.000000 
47.852734 72.203400 1.153868 6.242180 14.580505 0.000000 0.000000 
-5.512653 87.114159 -1.293797 -1.879929 16.900991 0.000000 0.000000 
48.129688 72.023689 2.899314 -3.565376 7.337314 0.000000 0.000000 
-5.462776 87.142258 -1.218717 5.829048 23.262280 0.000000 0.000000 
47.755707 72.339203 0.377723 -4.100250 9.277573 0.000000 0.000000 
49.530952 71.127975 4.796705 -2.519821 8.061417 0.000000 0.000000 
49.074226 71.530281 2.018811 -8.466446 3.660335 0.000000 0.000000 
3.944073 87.419312 4.731993 -3.458122 18.702724 0.000000 0.000000 
-5.430248 87.437370 -1.241735 -9.856874 8.460327 0.000000 0.000000 
44.857937 74.641304 3.317297 -2.244110 11.657360 0.000000 0.000000 
47.564590 72.885025 4.887091 -2.909203 11.330994 0.000000 0.000000 
-6.715497 87.442184 -1.888254 -11.070992 11.102375 0.000000 0.000000 
-6.420133 87.496696 -1.541380 -9.555870 11.599705 0.000000 0.000000 
49.278088 71.744102 2.330163 5.158508 13.659084 0.000000 0.000000 
49.366154 71.776756 4.337713 -7.874603 4.754631 0.000000 0.000000 
-17.297005 86.030159 -1.308714 -6.405045 16.051453 0.000000 0.000000 
-5.538146 87.865883 -1.197420 -0.037468 17.747458 0.000000 0.000000 
-6.365931 87.865623 -1.344894 -4.150436 14.405159 0.000000 0.000000 
-6.925380 87.863892 -0.821996 -8.114778 11.816586 0.000000 0.000000 
49.604198 72.029182 1.707573 3.650337 11.742767 0.000000 0.000000 
-5.505449 88.081558 -1.122322 -18.060242 4.098567 0.000000 0.000000 
50.687687 71.339859 5.673458 -4.073563 6.176742 0.000000 0.000000 
1.999277 88.340103 4.609555 -0.754097 20.047436 0.000000 0.000000 
-5.821540 88.238159 -1.244209 -11.176117 9.224636 0.000000 0.000000 
-6.579771 88.224236 -1.993298 -14.006738 6.701828 0.000000 0.000000 
50.795723 71.666092 5.287311 14.195717 20.754671 0.000000 0.000000 
50.849339 71.669930 5.609459 5.146515 13.247833 0.000000 0.000000 
4.314978 88.569839 5.199821 7.027977 28.082800 0.000000 1.000000 
0.847081 88.697968 6.637330 26.549461 43.053795 0.000000 0.000000 
0.678873 88.740715 5.863741 21.359329 35.519688 0.000000 0.000000 
51.415524 71.564667 1.670831 0.181786 6.990882 0.000000 0.000000 
50.928482 71.940590 4.198705 5.276695 9.408142 0.000000 0.000000 
0.884038 88.885963 7.192320 -0.914192 16.910366 0.000000 0.000000 
50.705780 72.228607 3.737486 6.101540 10.057655 0.000000 0.000000 
2.445222 88.954765 4.306592 -10.746385 6.989593 0.000000 0.000000 
2.197688 88.984550 4.406168 5.469170 25.327461 0.000000 0.000000 
4.097476 88.921013 5.631351 18.356232 37.120636 0.000000 0.000000 
0.543810 89.033630 5.945566 26.076965 42.098080 0.000000 0.000000 
0.802429 89.106056 -7.256505 14.256621 30.542974 0.000000 0.000000 
0.548569 89.205841 -7.425322 0.317207 16.969339 0.000000 0.000000 
-27.999849 84.931328 3.118868 -5.445274 12.909756 0.000000 0.000000 
0.667206 89.759262 5.852005 19.396263 35.092152 0.000000 0.000000 
43.913975 77.706055 4.633467 -2.294769 10.943390 0.000000 0.000000 
6.594947 89.534027 3.593693 -8.561058 15.904240 0.000000 0.000000 
52.312351 72.200340 2.575155 0.191170 4.940094 0.000000 0.000000 
6.811595 89.667374 -5.442751 -5.913666 15.672623 0.000000 0.000000 
51.584843 72.791641 2.428970 2.269547 7.311748 0.000000 0.000000 
0.733007 89.981110 6.415183 20.054855 34.874374 0.000000 0.000000 
54.105198 70.941299 3.392787 -0.972786 7.234699 0.000000 0.000000 
54.395252 70.717102 3.897960 -1.592201 7.077007 0.000000 0.000000 
-6.643075 89.934479 -1.722505 -9.969415 10.055000 0.000000 0.000000 
44.339188 77.976135 -4.985533 1.350334 14.461258 0.000000 0.000000 
-29.762857 85.120750 3.255247 -1.488686 14.452068 0.000000 0.000000 
5.422088 90.252869 2.846586 -9.649934 9.879070 0.000000 0.000000 
5.340850 90.270988 2.224812 -11.308067 11.426464 0.000000 0.000000 
43.801373 78.596596 4.363866 -6.326645 8.434433 0.000000 0.000000 
8.202451 90.353523 0.779064 -6.868820 14.537842 0.000000 0.000000 
55.720951 70.540245 3.493669 -1.138168 4.944038 0.000000 0.000000 
43.890083 78.965721 3.278984 -6.925552 8.019058 0.000000 0.000000 
-6.742799 90.652969 5.117508 -5.410332 18.751385 0.000000 0.000000 
-29.276230 85.934174 2.797137 -1.127266 16.876055 0.000000 0.000000 
-29.059820 86.020531 3.288172 3.371010 18.707600 0.000000 0.000000 
-29.130678 86.060753 2.807090 1.880165 17.734972 0.000000 0.000000 
-28.731983 86.230133 3.160443 3.631920 19.799513 0.000000 0.000000 
-29.063385 86.204399 3.986482 1.566574 17.077280 0.000000 0.000000 
43.151371 79.889915 4.820796 -8.158371 6.734684 0.000000 0.000000 
44.079292 79.422737 4.735428 -6.265549 7.368461 0.000000 0.000000 
-30.689096 85.948799 4.676818 -4.598335 14.406673 0.000000 0.000000 
-30.671391 85.959953 2.804031 -3.836159 12.857735 0.000000 0.000000 
-30.223438 86.284706 3.485941 -2.896225 14.413582 0.000000 0.000000 
-30.593937 86.218292 3.978189 -10.147958 12.451263 0.000000 0.000000 
44.479950 79.687599 -7.463427 6.787903 17.058697 0.000000 0.000000 
-29.681416 86.616470 3.321451 -0.112198 18.426357 0.000000 0.000000 
44.504822 79.678665 4.208776 9.407654 18.707560 0.000000 0.000000 
-8.463680 91.541000 2.852690 -2.402481 16.525459 0.000000 0.000000 
-27.928951 87.441086 -5.999216 -8.795274 12.823212 0.000000 0.000000 
-29.962584 86.790649 2.611651 -6.842346 12.557659 0.000000 0.000000 
44.790737 79.818764 4.744445 9.504822 19.697763 0.000000 0.000000 
46.086658 79.049690 2.941416 -6.112228 8.724449 0.000000 0.000000 
-22.240910 89.218681 10.816968 -8.746666 12.077358 0.000000 0.000000 
44.133175 80.322899 3.349773 -0.626129 12.979736 0.000000 0.000000 
-6.926828 92.097878 4.962397 -13.692352 6.956554 0.000000 0.000000 
-5.579673 92.192123 3.501896 -12.733871 10.807865 0.000000 0.000000 
-8.226756 92.055786 3.622264 -0.750450 21.277390 0.000000 0.000000 
-9.034301 91.996529 2.480593 -3.572632 18.327030 0.000000 0.000000 
-8.501048 92.058815 4.460298 -5.428772 17.697918 0.000000 0.000000 
44.715717 80.482971 -4.759442 13.238495 23.751726 0.000000 0.000000 
-30.477121 87.199608 14.395943 -2.992111 15.616589 0.000000 0.000000 
-9.258875 92.284218 4.338096 -6.793213 16.395992 0.000000 0.000000 
44.206726 81.157860 3.553733 2.706528 17.587200 0.000000 0.000000 
-5.780801 92.721512 5.625350 -6.111023 16.151085 0.000000 0.000000 
-6.424078 92.720917 -6.867761 -0.134529 19.938787 0.000000 0.000000 
43.929920 81.592178 -4.147355 1.358589 14.962852 0.000000 0.000000 
-6.057827 92.942917 1.757788 1.226822 17.099741 0.000000 0.000000 
46.290493 80.341667 -3.436908 5.814659 28.139111 0.000000 0.000000 
45.403015 80.906921 -5.060935 2.493843 17.917219 0.000000 0.000000 
-5.714926 93.145393 -10.285246 -4.446213 15.205296 0.000000 0.000000 
44.705429 81.363434 0.733580 4.499435 23.999617 0.000000 0.000000 
-6.452266 93.103104 -2.715738 -0.784531 19.861183 0.000000 0.000000 
45.185184 81.087044 0.999204 8.593468 25.210421 0.000000 0.000000 
37.980885 84.878647 2.153246 6.193382 20.231422 0.000000 0.000000 
45.317432 81.032494 1.430463 -3.279861 14.253952 0.000000 0.000000 
-6.390883 93.153069 -1.607398 -9.489343 15.736820 0.000000 0.000000 
44.397152 81.666618 -3.656075 -6.747231 8.379124 0.000000 0.000000 
42.884869 82.538284 13.363840 -7.002655 11.776680 0.000000 0.000000 
-5.483689 93.447357 -8.017041 -4.213051 15.695606 0.000000 0.000000 
-6.156654 93.454445 -7.997254 -3.676552 15.646496 0.000000 0.000000 
-7.431715 93.412346 -0.002404 -4.501518 17.116743 0.000000 0.000000 
-8.973373 93.416862 3.100626 -7.561859 15.153824 0.000000 0.000000 
-5.785915 93.692810 -2.882473 -4.808670 13.482769 0.000000 0.000000 
45.544479 81.516678 -3.489054 -7.804794 7.839260 0.000000 0.000000 
-5.769739 93.863594 4.500015 2.536064 21.628054 0.000000 0.000000 
44.101765 82.569733 3.749892 -1.859787 9.573299 0.000000 0.000000 
-6.093979 93.896873 -12.508473 -8.954628 13.674374 0.000000 0.000000 
44.244747 82.614731 2.865171 -4.900688 11.524033 0.000000 0.000000 
-5.399318 94.050125 4.401308 -6.086014 17.486744 0.000000 0.000000 
-6.020107 94.013847 2.265669 2.152786 21.305977 0.000000 0.000000 
-6.967452 93.989998 1.437369 -0.221817 19.490902 0.000000 0.000000 
44.545582 82.557610 -5.087174 -1.507027 10.566261 0.000000 0.000000 
44.340950 82.776115 4.354733 -2.246254 10.461823 0.000000 0.000000 
-6.081733 94.325661 5.311603 -4.079529 17.226156 0.000000 0.000000 
-6.127971 94.439407 7.332861 -0.912193 19.407393 0.000000 0.000000 
-31.863468 88.972847 3.707390 -6.437042 12.254860 0.000000 0.000000 
-6.964990 94.542892 6.996823 -2.493164 20.321083 0.000000 0.000000 
-6.738301 94.584633 -12.267591 -1.298897 16.741468 0.000000 0.000000 
-6.974638 94.734917 -7.153834 -0.126434 19.510151 0.000000 0.000000 
43.468204 84.118462 -6.531903 -3.273552 10.702702 0.000000 0.000000 
-6.039248 95.266693 6.364545 -2.596390 17.997522 0.000000 0.000000 
-5.885073 95.316742 -10.856164 -2.926445 16.224720 0.000000 0.000000 
7.270003 95.218857 -6.743469 -7.212234 15.631287 0.000000 0.000000 
44.761787 83.998413 -5.750473 -5.811325 8.175953 0.000000 0.000000 
44.512585 84.215935 -5.918842 -9.626030 7.051651 0.000000 0.000000 
-4.905594 95.762016 6.979112 -9.100533 13.197769 0.000000 0.000000 
44.473667 84.481407 -5.637117 -4.609451 12.719624 0.000000 0.000000 
8.018743 95.843315 3.523711 -5.841003 13.340958 0.000000 0.000000 
7.767880 95.930519 3.684396 0.959625 18.246704 0.000000 0.000000 
7.637435 96.026688 3.852688 -8.753601 13.012337 0.000000 0.000000 
44.613087 84.911560 -4.971786 15.009048 28.776737 0.000000 0.000000 
44.492428 84.982796 -4.993054 7.251869 20.765608 0.000000 0.000000 
44.758198 84.846916 -5.009795 11.318184 25.305807 0.000000 0.000000 
45.434372 84.556358 -4.537055 -0.113396 13.867378 0.000000 0.000000 
7.482202 96.179367 4.066657 -8.472839 11.616280 0.000000 0.000000 
7.260569 96.221069 3.757051 -8.740959 12.511074 0.000000 0.000000 
44.211250 85.304939 -6.156510 5.986046 21.487877 0.000000 0.000000 
45.090988 84.823860 -4.573889 -9.230850 10.505947 0.000000 0.000000 
44.288589 85.275688 -5.914414 6.608955 22.076603 0.000000 0.000000 
-6.441091 96.504837 3.579121 -9.895897 10.902405 0.000000 0.000000 
-5.168216 96.628990 -1.586517 -6.014954 13.948830 0.000000 0.000000 
45.674294 84.976143 -4.012670 6.556152 18.487986 0.000000 0.000000 
44.924866 85.449585 4.301585 8.862061 21.423681 0.000000 0.000000 
45.228149 85.299789 -3.827626 -0.145691 13.808292 0.000000 0.000000 
8.006548 96.685051 2.166928 -11.194534 9.285328 0.000000 0.000000 
7.447449 96.737595 2.466896 -11.636703 9.051701 0.000000 0.000000 
46.124313 84.913033 -2.923482 -1.865517 12.404236 0.000000 0.000000 
6.934126 96.881142 3.247132 -7.445885 13.995960 0.000000 0.000000 
45.083244 85.570122 -5.684910 2.967216 18.223154 0.000000 0.000000 
7.173753 96.909790 3.347843 -6.973122 11.657696 0.000000 0.000000 
44.526089 85.892647 -6.284656 1.270676 16.918308 0.000000 0.000000 
7.396173 96.909286 -7.151856 -5.512756 12.671608 0.000000 0.000000 
45.142735 85.585579 -4.866250 11.912003 24.438618 0.000000 0.000000 
45.275536 85.574364 -4.548060 2.681053 15.683083 0.000000 0.000000 
7.278357 97.089180 1.904841 -8.846878 11.220337 0.000000 0.000000 
45.649178 85.490799 0.739054 -5.285233 6.293125 0.000000 0.000000 
-5.612338 97.473175 -8.085756 -8.201065 12.181164 0.000000 0.000000 
-5.793161 97.509537 -2.138765 -6.542397 12.357979 0.000000 0.000000 
-5.454250 97.552177 -1.597219 -5.093285 14.062393 0.000000 0.000000 
-5.265994 97.767647 -1.524353 11.383414 29.253139 0.000000 0.000000 
45.796803 86.091125 -5.946068 -1.350700 12.415802 0.000000 0.000000 
-5.036180 97.929893 -1.288069 -7.878632 11.443172 0.000000 0.000000 
-5.175137 97.947075 -1.374161 7.579613 25.205328 0.000000 0.000000 
-5.301940 97.942726 -1.415451 9.291533 26.632919 0.000000 0.000000 
-5.494010 97.984367 -1.339159 -3.500145 13.964298 0.000000 0.000000 
-6.109456 98.208481 -2.053612 -15.431596 7.067081 0.000000 0.000000 
-4.961336 98.286171 -0.213183 -16.444466 5.245986 0.000000 0.000000 
-36.773258 90.983620 5.155170 -3.795250 12.576836 0.000000 0.000000 
-36.770611 90.991631 4.020162 -3.856934 12.301704 0.000000 0.000000 
-37.590050 90.747971 3.745719 -1.246246 14.531002 0.000000 0.000000 
-7.019887 98.274506 3.715420 -11.362999 8.826458 0.000000 0.000000 
-7.843503 98.273102 -1.628226 -10.682220 8.023064 0.000000 0.000000 
45.517307 87.176537 -4.114118 14.123581 25.768335 0.000000 0.000000 
-5.608426 98.685738 -0.956287 -6.425529 11.264191 0.000000 0.000000 
-39.459335 90.329330 2.553474 -2.816551 13.057461 0.000000 0.000000 
-32.284542 93.348549 9.849664 -7.795891 8.731457 0.000000 0.000000 
45.941082 87.261803 -4.049804 8.359612 21.091192 0.000000 0.000000 
5.634637 99.079056 3.157252 -11.186554 10.169445 0.000000 0.000000 
-5.141155 99.134529 -0.059077 -13.274307 6.979187 0.000000 0.000000 
-8.245008 98.925438 2.411177 -12.452577 8.429977 0.000000 0.000000 
-33.756699 93.110069 10.944042 -10.411057 9.446819 0.000000 0.000000 
45.763493 87.587967 -4.104544 10.407425 22.621328 0.000000 0.000000 
45.483509 87.770416 -4.486774 12.907402 25.084961 0.000000 0.000000 
5.696682 99.139481 2.943516 -7.275764 12.071850 0.000000 0.000000 
-32.223961 93.884293 5.338333 -8.487335 11.717037 0.000000 0.000000 
45.329189 88.068893 -3.479691 -4.076668 13.633228 0.000000 0.000000 
45.616276 87.996376 -4.477066 -0.873642 13.172176 0.000000 0.000000 
-7.791738 99.398888 3.419669 -18.515221 4.277767 0.000000 0.000000 
5.701232 99.585762 3.391610 -7.120178 12.407280 0.000000 0.000000 
-31.208168 94.600441 11.021101 -1.934280 12.627281 0.000000 0.000000 
-6.308926 99.756104 3.304662 2.103394 17.465666 0.000000 0.000000 
-6.420692 99.825867 3.225368 -0.216599 16.830240 0.000000 0.000000 
46.434826 88.084633 -3.909884 7.969360 22.490370 0.000000 0.000000 
-29.536312 95.391464 7.322764 0.255173 18.102491 0.000000 0.000000 
44.769062 89.101524 -6.420153 8.997063 20.484325 0.000000 0.000000 
44.830952 89.098236 -5.881915 10.695282 22.912615 0.000000 0.000000 
44.330914 89.391029 -6.813292 3.228798 20.564692 0.000000 0.000000 
-6.328594 100.002495 3.083663 -0.881134 15.800011 0.000000 0.000000 
-7.013510 99.966164 3.300246 5.487648 21.459034 0.000000 0.000000 
-6.315114 100.031013 2.839308 2.182335 18.819574 0.000000 0.000000 
-29.542334 95.653534 6.234715 6.546997 21.188869 0.000000 0.000000 
44.484024 89.482796 6.009666 1.441750 16.758453 0.000000 0.000000 
-34.087608 94.137634 12.929310 -5.052711 15.351906 0.000000 0.000000 
-30.549362 95.459190 9.174214 -1.964783 16.844263 0.000000 0.000000 
-23.354080 97.591782 4.356803 -3.567421 17.277481 0.000000 0.000000 
45.994270 88.839088 -4.019563 -6.818405 7.422950 0.000000 0.000000 
-7.564292 100.274849 2.875999 0.930122 18.177851 0.000000 0.000000 
-39.049908 92.529945 5.948649 2.438553 17.342916 0.000000 0.000000 
-32.948448 95.444260 8.072618 -7.190109 11.417255 0.000000 0.000000 
-30.497938 96.312737 8.046035 -2.994720 14.245522 0.000000 0.000000 
46.330730 89.490074 -4.225688 -0.257927 13.030159 0.000000 0.000000 
5.786975 101.067131 7.230444 -7.705971 13.520958 0.000000 0.000000 
-29.477686 96.745567 7.189569 -6.388527 14.947281 0.000000 0.000000 
-5.981692 101.184982 2.210973 -16.203056 6.203765 0.000000 0.000000 
6.432256 101.182091 7.000544 -7.120544 11.939270 0.000000 0.000000 
44.814926 90.539886 -5.933081 -0.775017 12.842781 0.000000 0.000000 
44.616753 90.641953 -6.793824 -2.833458 14.089550 0.000000 0.000000 
-7.673400 101.156288 3.484070 -5.607338 10.916019 0.000000 0.000000 
-31.846067 96.241524 13.032346 -4.455811 12.218613 0.000000 0.000000 
-30.080181 96.836311 8.860332 3.293663 17.598984 0.000000 0.000000 
6.050432 101.469139 8.656290 -10.466415 10.776939 0.000000 0.000000 
-39.572334 93.302338 7.037389 -5.913406 12.678413 0.000000 0.000000 
5.780140 101.705482 6.087694 -9.659883 8.334759 0.000000 0.000000 
46.965523 89.897652 -4.427026 2.799515 16.021488 0.000000 0.000000 
46.892803 89.981735 -3.510405 3.500954 16.859962 0.000000 0.000000 
46.137703 90.455627 -4.298935 5.970390 19.228029 0.000000 0.000000 
6.827053 102.071159 7.355166 -12.846321 7.076805 0.000000 0.000000 
6.988947 102.105331 7.074749 -5.764793 11.918182 0.000000 0.000000 
-28.801031 98.067589 7.534768 1.530968 17.805134 0.000000 0.000000 
6.832806 102.175117 5.711671 -1.523445 14.848492 0.000000 0.000000 
-29.989986 97.852272 7.617732 -0.929794 16.427414 0.000000 0.000000 
-29.915783 97.888031 7.667824 6.720985 21.850519 0.000000 0.000000 
7.137505 102.407463 6.427815 -3.559013 13.597584 0.000000 0.000000 
46.294945 91.176987 -4.643199 -2.931625 11.518353 0.000000 0.000000 
-29.166109 98.370094 8.417994 -5.112625 12.588181 0.000000 0.000000 
-29.822565 98.256729 7.262001 -1.961411 17.255341 0.000000 0.000000 
45.483761 91.919212 -5.776796 1.810097 13.401588 0.000000 0.000000 
-30.300789 98.395645 9.313826 0.457962 15.797089 0.000000 0.000000 
-5.894677 102.997643 -1.424024 -15.667694 7.500606 0.000000 0.000000 
45.925293 91.910606 -6.020110 -5.263138 10.289806 0.000000 0.000000 
-35.082142 96.819656 12.343365 -6.869621 12.983940 0.000000 0.000000 
-35.203556 96.784706 12.038661 -3.602859 13.911503 0.000000 0.000000 
-29.486576 98.758873 9.038599 -6.889229 12.789803 0.000000 0.000000 
-37.239296 96.153717 9.244508 -2.900314 14.426788 0.000000 0.000000 
46.583351 91.830101 -4.768647 2.726608 16.240044 0.000000 0.000000 
46.850716 91.770309 -4.276062 4.772766 16.179890 0.000000 0.000000 
6.113837 103.351593 4.799771 -12.994943 6.998691 0.000000 0.000000 
-28.763830 99.647171 8.067190 -5.950157 13.610550 0.000000 0.000000 
-40.330997 95.402229 4.552271 -1.319099 12.528164 0.000000 0.000000 
-30.584799 99.173950 9.513598 -2.135941 14.815762 0.000000 0.000000 
-47.871250 92.294609 4.785602 -5.951004 8.064976 0.000000 0.000000 
-30.991405 99.656952 8.664269 -3.748245 14.675377 0.000000 0.000000 
-44.638161 94.250298 9.383724 -1.949356 13.240582 0.000000 0.000000 
12.591806 104.072952 0.781744 -14.758865 6.440685 0.000000 0.000000 
-31.927046 99.716164 10.419052 -10.509355 9.487823 0.000000 0.000000 
44.946079 94.507790 3.363392 -4.438332 9.374844 0.000000 0.000000 
-45.142365 94.447586 4.796865 -2.483994 11.127430 0.000000 0.000000 
-28.697269 100.961105 11.458386 -9.152902 8.875904 0.000000 0.000000 
-45.367504 94.419197 4.938601 2.578217 16.443045 0.000000 0.000000 
45.468521 94.439934 -4.622505 -8.629556 6.134685 0.000000 0.000000 
7.819300 105.042763 0.892791 -5.613998 10.444889 0.000000 0.000000 
-45.476925 94.648842 1.706877 -1.826538 11.572071 0.000000 0.000000 
-45.770546 94.539352 6.252101 -0.687149 13.825806 0.000000 0.000000 
-45.081444 94.985001 8.777626 -5.551888 11.093807 0.000000 0.000000 
-5.088474 105.418434 -0.566273 -14.068765 6.584823 0.000000 0.000000 
45.562889 94.877098 -4.507017 8.553589 19.832952 0.000000 0.000000 
44.990810 95.416061 5.311326 9.663887 21.276157 0.000000 0.000000 
45.981438 94.928108 -5.123994 10.946303 22.964918 0.000000 0.000000 
-45.616436 95.502350 3.877563 -4.185387 12.861752 0.000000 0.000000 
7.681930 106.044868 3.781274 -4.796555 15.207001 0.000000 0.000000 
7.696357 106.084549 2.782941 3.100311 19.918560 0.000000 0.000000 
45.369884 95.791412 3.623036 0.001236 12.533279 0.000000 0.000000 
7.142945 106.301506 2.431277 -3.574020 14.836884 0.000000 0.000000 
8.285531 106.295021 1.495318 -18.574257 3.557037 0.000000 0.000000 
7.721514 106.386238 4.163710 0.568977 16.465771 0.000000 0.000000 
7.299512 106.435890 2.096625 -8.067932 12.932194 0.000000 0.000000 
6.234715 106.528267 7.942073 -8.751550 10.467602 0.000000 0.000000 
77.088547 71.978973 13.113846 9.363045 6.784496 0.000000 0.000000 
-5.389387 106.810760 -9.482067 -6.946480 12.245834 0.000000 0.000000 
6.470977 106.748505 8.184132 -9.326515 9.099201 0.000000 0.000000 
6.849904 106.914841 9.966949 -4.988388 15.439846 0.000000 0.000000 
7.352332 106.883240 -0.124241 -6.909203 13.465008 0.000000 0.000000 
45.455334 96.645248 -8.333879 10.632561 21.432327 0.000000 0.000000 
45.438793 96.666412 4.314263 6.943756 20.764437 0.000000 0.000000 
34.278400 101.375519 2.917143 -3.213379 12.982208 0.000000 0.000000 
44.860687 96.989563 4.473065 -4.843842 11.430466 0.000000 0.000000 
6.122030 107.176033 3.030368 -4.622955 14.551662 0.000000 0.000000 
-5.404966 107.401276 6.121284 -7.833443 11.290867 0.000000 0.000000 
-5.506108 107.430466 6.809447 -3.182755 14.541294 0.000000 0.000000 
6.372530 107.511925 4.159784 -8.615532 9.631908 0.000000 0.000000 
6.899744 107.564529 -6.852797 -4.259384 13.265518 0.000000 0.000000 
6.727841 107.673363 -5.859491 -2.590569 15.305496 0.000000 0.000000 
6.199409 107.711830 4.766589 -1.325653 15.809937 0.000000 0.000000 
6.679033 107.790665 3.942610 2.158516 19.187218 0.000000 0.000000 
6.015312 108.247795 2.775320 -6.165733 12.334423 0.000000 0.000000 
5.045067 108.369751 -9.239435 -5.359993 13.094524 0.000000 0.000000 
-48.691998 96.494537 1.889481 -5.900627 8.883801 0.000000 0.000000 
5.923734 108.398537 4.762940 -5.431686 12.035072 0.000000 0.000000 
5.823368 108.409531 4.511497 -6.199661 11.123554 0.000000 0.000000 
5.839866 108.489441 3.958860 -6.312042 13.712002 0.000000 0.000000 
6.706051 108.491928 4.424452 -13.159326 7.181980 0.000000 0.000000 
6.059935 108.651672 4.188653 -9.045532 11.521538 0.000000 0.000000 
-34.936153 102.857307 9.303127 -3.098732 13.673763 0.000000 0.000000 
4.874993 108.738480 3.827517 -10.749580 11.425350 0.000000 0.000000 
8.394804 108.563324 0.088797 -9.652406 10.299690 0.000000 0.000000 
4.445109 108.835625 2.327968 -10.895538 11.756420 0.000000 0.000000 
-35.518383 102.859207 7.588122 -9.018280 9.481094 0.000000 0.000000 
8.128552 108.837234 -6.632494 -9.319084 10.921070 0.000000 0.000000 
7.510174 108.999825 -7.317009 -7.061226 11.984959 0.000000 0.000000 
-5.497058 109.264244 -1.095821 -9.719444 13.483990 0.000000 0.000000 
-47.587173 98.169395 5.980737 -7.136391 6.173671 0.000000 0.000000 
-19.649563 107.826477 6.635890 -7.869225 9.485538 0.000000 0.000000 
7.198072 109.473885 4.010749 -7.982131 11.031712 0.000000 0.000000 
7.164795 109.510094 5.216189 -7.649956 10.350285 0.000000 0.000000 
-6.560932 109.661674 -0.967991 -18.318596 4.168918 1.000000 1.000000 
-48.095284 98.538857 5.875974 -7.281250 8.071789 0.000000 0.000000 
5.261113 109.956741 -7.816149 -14.140823 6.472801 0.000000 0.000000 
-5.554026 110.023911 -1.411972 -7.463341 11.311337 0.000000 0.000000 
-5.202966 110.704376 -1.726708 -9.108696 8.799324 0.000000 0.000000 
-20.126329 109.038086 6.373419 -2.817680 14.149864 0.000000 0.000000 
6.541452 110.805122 4.410637 -7.843948 11.456024 0.000000 0.000000 
-19.972452 109.161537 5.984408 -6.083755 13.184929 0.000000 0.000000 
-19.967142 109.176590 7.589880 -3.802773 12.158001 0.000000 0.000000 
6.621788 111.244171 4.592816 -8.981622 9.278202 0.000000 0.000000 
6.663453 111.546829 3.506135 -3.019279 15.455715 0.000000 0.000000 
-6.408485 111.605247 2.416511 2.409912 19.126757 0.000000 0.000000 
6.661747 111.695145 3.783800 -4.296600 13.823990 0.000000 0.000000 
-5.634208 111.822304 2.612559 -5.362854 14.630768 0.000000 0.000000 
-6.831967 111.970329 2.147678 -0.229347 15.415688 0.000000 0.000000 
-6.461564 112.019432 2.158593 -2.428795 14.765621 0.000000 0.000000 
-20.528587 110.707008 2.854422 -13.721649 5.009552 0.000000 0.000000 
6.309316 112.525620 3.321810 -13.861238 9.907455 0.000000 0.000000 
6.946544 112.492798 -7.800689 -9.849481 9.688576 0.000000 0.000000 
-6.609979 112.790642 2.735996 -10.817627 7.256225 0.000000 0.000000 
-21.225380 111.057777 4.044999 -15.880409 5.344741 0.000000 0.000000 
-21.123659 111.156609 3.810563 -10.511682 8.146187 0.000000 0.000000 
-20.705637 111.364243 3.793237 -6.733910 10.024750 0.000000 0.000000 
-49.282902 101.844971 4.314144 -7.927422 4.717720 0.000000 0.000000 
-20.110817 111.724182 5.642325 -11.353302 7.784404 0.000000 0.000000 
6.724511 113.718819 -8.401484 -4.207436 11.655037 0.000000 0.000000 
6.970411 113.798004 5.253024 -12.962204 4.734569 0.000000 0.000000 
6.395011 113.878563 -8.007168 -9.914909 7.846443 0.000000 0.000000 
0.754869 114.132607 -1.100657 -12.803886 3.309501 1.000000 1.000000 
51.083092 101.811424 1.519454 -7.472977 4.133445 0.000000 1.000000 
6.908363 114.265793 4.335447 -13.516548 5.135223 0.000000 0.000000 
8.106448 114.294838 -7.353605 -5.157394 11.660614 0.000000 0.000000 
8.190794 114.377533 3.360128 -6.312218 10.994137 0.000000 0.000000 
-5.158564 114.606117 5.281239 -9.993080 8.064781 0.000000 0.000000 
8.254783 114.509850 -5.110123 -9.904099 8.788090 0.000000 0.000000 
8.417412 114.518814 2.366689 -12.108026 7.853408 0.000000 0.000000 
-6.668050 114.640747 -1.846751 -3.869034 13.630253 0.000000 0.000000 
76.174812 84.604424 6.188076 4.804161 9.713589 0.000000 0.000000 
-6.022979 114.775986 -0.701481 -8.134315 10.589447 0.000000 0.000000 
-6.427639 114.761269 -1.439068 -6.190460 9.949116 0.000000 0.000000 
-13.270713 114.267113 4.093327 -12.726434 7.606231 0.000000 0.000000 
-6.257064 115.494064 -2.824000 -14.787033 3.770248 0.000000 0.000000 
8.147157 115.371925 1.260161 -15.827805 4.207355 0.000000 0.000000 
-30.763123 111.441635 11.586223 -10.829895 6.232727 0.000000 0.000000 
-12.847418 115.485046 5.106291 -12.885635 5.563030 0.000000 0.000000 
-13.062346 115.558388 3.799745 -4.755165 11.005112 0.000000 0.000000 
-13.249393 115.544937 4.632910 -5.068642 11.236134 0.000000 0.000000 
-13.224696 115.569832 4.631894 -7.082336 8.940277 0.000000 0.000000 
-15.021219 115.402596 3.298087 -9.200189 11.703686 0.000000 0.000000 
-13.787817 115.580444 5.260110 -7.726158 13.144260 0.000000 0.000000 
-13.659561 115.844246 4.831017 -3.424988 13.845043 0.000000 0.000000 
-20.884859 114.748657 8.829691 -6.459099 10.774204 0.000000 0.000000 
-5.247404 117.015648 -6.325309 -11.368637 8.998592 0.000000 0.000000 
-7.495841 117.066589 -0.233217 -15.293221 4.715553 0.000000 0.000000 
-94.063820 67.407486 2.308752 17.340088 15.311714 1.000000 1.000000 
-5.952012 117.241287 -3.198480 0.315094 17.392351 0.000000 0.000000 
-7.110682 117.353912 2.136737 0.195534 15.642239 0.000000 0.000000 
-5.706793 117.576477 4.373584 -12.524629 5.899467 0.000000 0.000000 
-7.303466 117.690430 2.735178 -6.689445 14.265381 0.000000 0.000000 
-78.138023 87.116158 0.124842 6.850182 12.316399 1.000000 1.000000 
-30.440134 114.014862 11.383566 -3.293739 9.308060 0.000000 0.000000 
-30.834194 114.217758 -1.626355 -5.381134 9.778698 0.000000 0.000000 
-30.807278 114.292435 10.982742 -6.093185 10.475693 0.000000 0.000000 
-30.377531 114.830666 10.462782 -7.670540 9.536865 0.000000 0.000000 
-30.073189 114.924423 12.022792 -5.201309 11.141705 0.000000 0.000000 
-6.024638 119.002060 1.182322 -9.473503 9.297047 0.000000 1.000000 
6.464136 120.057495 6.493075 -11.566827 7.108661 0.000000 0.000000 
-5.535832 120.514183 4.566189 -13.533424 6.806079 0.000000 0.000000 
5.246452 120.727173 5.127801 -7.680480 12.129898 0.000000 0.000000 
6.017569 120.719872 7.576329 -10.568817 7.253501 0.000000 0.000000 
6.030904 120.778748 6.757101 -5.528641 10.582321 0.000000 0.000000 
-30.538977 118.937820 11.863855 -2.786392 11.274773 0.000000 1.000000 
6.808652 122.918671 4.104219 -7.925812 9.129803 0.000000 0.000000 
-5.460161 124.358444 -1.183049 -9.751733 6.409511 0.000000 0.000000 
-5.763011 126.332581 -0.954237 -6.827339 9.897160 0.000000 0.000000 
-5.043095 126.668823 3.852188 -12.727464 6.489921 0.000000 0.000000 
-5.477601 128.113953 2.621928 -3.872429 11.911633 0.000000 1.000000 
-4.341579 128.661713 0.626552 -2.859512 14.441303 1.000000 1.000000 
30.622318 125.364769 1.340009 -2.853996 10.600903 1.000000 1.000000 
-5.416856 130.394730 -2.584035 -10.459023 4.200168 0.000000 0.000000 
-6.292051 132.185089 -5.895089 -8.620332 5.936977 0.000000 0.000000 
-4.988770 133.265869 -1.570737 -8.617387 5.291244 0.000000 0.000000 
-6.012208 133.418488 -1.868438 -13.820938 2.802677 0.000000 0.000000 
-6.328281 133.508881 3.544612 -9.997505 6.746280 0.000000 0.000000 
-6.142597 133.985596 -1.913935 -7.548180 7.347621 0.000000 0.000000 
-5.769538 134.240875 -2.430171 -10.403938 5.931415 0.000000 0.000000 
-6.451778 134.340881 5.265495 -10.940857 3.533897 0.000000 0.000000 
-6.069986 134.748322 3.565339 4.715492 16.317844 0.000000 0.000000 
-6.340191 134.759888 4.457824 4.548241 16.099773 0.000000 0.000000 
-6.275217 134.998718 -9.893372 -7.032715 7.461273 0.000000 0.000000 
-6.268830 135.103546 5.580096 4.287643 15.876751 0.000000 0.000000 
-4.810710 135.475677 4.722532 -8.303391 6.848094 0.000000 0.000000 
-5.808679 135.452759 5.015619 -8.261055 6.019039 0.000000 0.000000 
-5.643634 135.468018 6.004540 -7.017143 7.763195 0.000000 0.000000 
-4.291060 135.647461 0.679705 -5.997116 10.153141 0.000000 0.000000 
-4.288781 136.055908 0.782932 -4.854355 9.914227 0.000000 0.000000 
-6.573799 136.170013 5.148125 -0.832428 11.768764 0.000000 0.000000 
-6.937962 136.188660 -11.080976 -4.993065 8.671509 0.000000 0.000000 
-5.978394 136.354370 0.156008 -6.574280 7.173015 0.000000 0.000000 
-5.966730 136.840698 3.083366 -2.599770 10.583927 0.000000 0.000000 
-5.872315 137.097473 -10.950941 -6.213905 7.739093 0.000000 0.000000 
-6.270445 137.302643 5.115921 -8.409813 5.997020 0.000000 0.000000 
-6.756294 137.397552 -10.658716 -10.085732 4.011383 0.000000 0.000000 
-6.143752 137.658478 -1.447425 -12.395248 3.061569 0.000000 0.000000 
-20.762257 136.462280 6.460890 -3.928825 10.640564 0.000000 0.000000 
-21.276955 136.590424 6.163899 -1.639069 12.165928 0.000000 0.000000 
-31.652395 134.795563 12.759360 -7.476021 10.893288 0.000000 0.000000 
-21.397522 136.992035 8.024350 -5.880829 13.230236 0.000000 0.000000 
-22.675661 136.835327 12.397956 1.160057 13.461647 0.000000 0.000000 
-5.078071 140.208008 5.497805 -2.781700 10.627502 0.000000 0.000000 
-4.499688 140.418640 5.340586 -10.304428 4.728168 0.000000 0.000000 
-4.748696 140.426331 6.402817 -10.861290 4.444995 0.000000 0.000000 
-5.063847 140.439789 4.827659 -10.530853 5.569290 0.000000 0.000000 
-5.641785 140.630249 6.073629 -9.505357 5.591079 0.000000 0.000000 
-5.197484 141.003754 2.994721 -8.493340 5.306358 0.000000 0.000000 
-6.335805 141.267731 2.680664 -11.651535 2.748920 0.000000 0.000000 
-6.381929 141.693237 -2.687363 -3.883614 12.003075 0.000000 0.000000 
-6.348637 142.019470 -1.425984 -0.428253 13.102116 0.000000 0.000000 
-5.695949 142.306458 0.746448 -11.356941 2.871337 0.000000 0.000000 
-5.684982 142.358246 -0.036725 -8.091980 4.379627 0.000000 0.000000 
-5.897370 143.222748 4.358426 -1.578918 10.629322 0.000000 0.000000 
-6.288129 143.314331 4.482501 -5.698357 7.259716 0.000000 0.000000 
-5.913941 143.685791 -2.057807 -8.745065 5.568084 0.000000 0.000000 
-6.646895 144.191833 -1.895414 -8.348145 5.717247 0.000000 0.000000 
-5.985932 144.606171 -2.196190 -9.076614 6.258079 0.000000 0.000000 
-6.076690 144.678223 -1.407581 -8.555084 6.906333 0.000000 0.000000 
-6.565165 145.369385 -1.695048 -9.868553 4.004863 0.000000 0.000000 
-5.436354 145.678101 3.430426 -9.890855 6.958534 0.000000 0.000000 
-6.117932 146.191528 7.095918 -6.195869 7.829525 0.000000 0.000000 
-5.315630 146.247253 2.725380 -12.179826 4.111122 0.000000 0.000000 
-32.455601 143.082672 12.194647 -7.219383 6.168815 0.000000 0.000000 
-31.290539 143.354889 12.838578 -6.172020 7.503818 0.000000 0.000000 
-6.600790 147.120941 -4.079795 -5.744232 10.613747 0.000000 0.000000 
-6.210250 147.644928 -4.315246 -5.477730 9.928688 0.000000 0.000000 
-4.835667 147.774048 3.047112 -4.832993 7.046157 0.000000 0.000000 
-5.295102 147.875427 6.729447 -7.628410 7.323898 0.000000 0.000000 
-5.110894 148.022247 3.737860 -11.281648 4.597038 0.000000 0.000000 
-4.912403 148.048615 6.677981 -8.330482 5.976493 0.000000 0.000000 
10.127870 147.841919 0.372761 -5.056999 8.003422 0.000000 0.000000 
10.312538 147.841217 0.674961 -4.261215 9.253777 0.000000 0.000000 
9.409113 148.340942 0.958567 -2.899117 9.561405 0.000000 0.000000 
7.003801 148.960571 5.719719 4.270630 19.066097 0.000000 0.000000 
-6.308714 149.342346 -2.520897 -8.979492 6.229476 0.000000 0.000000 
-6.520527 149.364990 -1.649057 -12.725845 3.692581 0.000000 0.000000 
-4.372412 149.408325 0.404745 -13.276535 3.301116 1.000000 1.000000 
7.039104 149.554199 5.759837 -4.550903 9.557171 0.000000 0.000000 
8.433886 149.488190 0.095936 -10.695580 4.555278 1.000000 1.000000 
7.358720 150.048859 5.982734 -7.598328 5.972217 0.000000 0.000000 
7.685838 150.096558 6.021126 10.804793 23.014641 0.000000 0.000000 
7.975231 150.094269 5.975244 21.018158 32.678513 0.000000 0.000000 
7.165186 150.220154 5.676901 18.285744 29.831297 0.000000 0.000000 
-17.074020 150.075348 -9.308934 4.918953 20.860596 0.000000 0.000000 
-16.494677 150.175720 3.379737 12.721840 25.777710 0.000000 0.000000 
8.189041 150.877167 5.914244 10.521286 21.458363 0.000000 0.000000 
-16.680468 150.406494 2.565973 7.978447 19.298759 0.000000 0.000000 
-29.813654 148.305054 3.638037 -7.777442 5.586536 0.000000 1.000000 
-17.324245 150.443420 4.477031 5.209549 17.045063 0.000000 0.000000 
-32.428703 147.856201 -1.268531 2.944931 16.888721 0.000000 1.000000 
-17.720795 150.638855 4.402432 0.897049 14.686790 0.000000 0.000000 
-17.273134 150.833130 3.824131 10.657950 22.419662 0.000000 0.000000 
9.966885 151.522339 5.637362 0.896469 17.722824 0.000000 0.000000 
-21.997595 150.461212 5.118755 5.233269 19.489519 0.000000 0.000000 
-17.073145 151.521423 7.925581 -1.727219 13.479610 0.000000 0.000000 
-7.195052 152.644592 4.864259 -6.215820 7.208068 0.000000 0.000000 
-4.875495 153.215240 -6.927578 -4.890610 12.323032 0.000000 0.000000 
9.263614 153.094879 4.561019 -3.439545 11.882484 0.000000 0.000000 
-7.212761 153.338013 7.757231 -9.085548 4.540081 0.000000 0.000000 
-7.655691 153.397430 4.186478 -8.804962 3.626956 0.000000 0.000000 
8.681929 153.336761 -1.813448 12.931473 23.003269 0.000000 0.000000 
-6.695578 153.901733 2.149234 -3.332626 9.257366 0.000000 0.000000 
-6.834310 154.084167 3.668940 -2.254906 9.049549 0.000000 0.000000 
8.221318 154.626221 -1.709821 9.967055 20.884283 0.000000 0.000000 
8.822220 154.619843 -2.006354 18.004150 28.278687 0.000000 0.000000 
8.342662 154.702301 10.198011 5.508041 17.744787 0.000000 0.000000 
8.731357 154.715271 -1.732244 15.548737 25.689737 0.000000 0.000000 
8.781091 154.737946 -0.914443 15.360808 25.520250 0.000000 0.000000 
6.738541 155.458527 -0.132652 -2.510284 10.165771 0.000000 0.000000 
8.013029 155.891418 -4.102403 -13.975549 3.078235 0.000000 0.000000 
9.226105 156.871368 1.824071 -8.913774 4.071750 0.000000 0.000000 
8.888404 156.948425 -7.647103 -3.092705 7.841518 0.000000 0.000000 
8.439422 157.064545 6.448092 -1.582489 9.568615 0.000000 0.000000 
7.605852 157.545044 4.369854 -8.938905 5.384601 0.000000 0.000000 
-4.901547 157.893158 2.461806 -11.633087 4.540069 0.000000 0.000000 
6.544361 157.851562 3.387637 -10.169731 6.007865 0.000000 0.000000 
7.638210 157.974396 -10.316237 -10.433891 6.038150 0.000000 0.000000 
-6.137336 158.090546 3.702116 -6.015022 6.596447 0.000000 0.000000 
8.441040 158.375275 3.541166 -12.295631 3.007957 0.000000 0.000000 
10.230560 158.306854 5.201044 -9.165382 5.781475 0.000000 0.000000 
-6.205759 158.535217 2.920259 -10.762193 5.678016 0.000000 0.000000 
-4.964075 158.735779 5.735289 -10.096101 5.830490 0.000000 0.000000 
-4.274769 159.010376 4.347894 -9.474258 4.985431 0.000000 0.000000 
-6.242280 159.387115 2.138985 1.780449 11.991302 0.000000 0.000000 
-6.786540 159.369812 -1.811896 -6.304962 7.579803 0.000000 0.000000 
-5.460236 159.428650 0.683194 -2.265724 9.359333 0.000000 0.000000 
7.162730 159.529572 4.264513 -6.427818 6.698974 0.000000 0.000000 
-6.189878 159.774689 3.738882 -8.564659 4.218135 0.000000 0.000000 
-5.697272 160.110535 -1.194919 -7.091660 6.605712 0.000000 0.000000 
7.547324 160.108490 3.257687 -5.696693 8.083221 0.000000 0.000000 
6.929802 160.358582 -1.972700 -8.156770 8.393051 0.000000 0.000000 
8.326915 160.483429 3.020511 -6.176003 6.051464 0.000000 0.000000 
7.734088 160.589874 -0.008758 -3.496849 8.900272 0.000000 0.000000 
-5.442656 162.280914 -2.631697 -9.354630 4.930355 0.000000 0.000000 
-5.221753 162.364502 -2.451541 -8.826669 4.514896 0.000000 0.000000 
-4.825012 162.426971 -1.972318 -6.089050 5.751400 0.000000 0.000000 
9.589184 162.546600 2.220829 -9.142990 3.473918 0.000000 0.000000 
9.959452 163.748901 1.395208 -9.071556 5.082847 0.000000 0.000000 
11.825426 163.746948 1.570805 -9.904167 3.055343 0.000000 0.000000 
-5.005414 164.301331 -2.094711 -8.671333 5.528995 0.000000 0.000000 
-5.247442 164.354889 -2.027224 -6.907707 6.197284 0.000000 0.000000 
-5.422433 164.553314 -1.520794 -4.954605 6.386451 0.000000 0.000000 
-5.102158 164.607056 -0.293661 -13.111961 2.549350 0.000000 0.000000 
-4.656394 164.820587 -2.120805 -8.780107 3.982063 0.000000 0.000000 
9.847290 164.760590 2.676588 -4.242752 8.012207 0.000000 0.000000 
-5.014843 165.343872 -1.379622 -9.559251 4.634372 0.000000 0.000000 
-4.805701 165.439453 -0.911958 -3.726212 7.154193 0.000000 0.000000 
-5.644257 166.212402 -1.369647 -7.690308 5.313945 0.000000 0.000000 
94.707939 135.865814 4.876486 1.783051 2.820083 0.000000 0.000000 
9.241632 166.192627 -2.320735 -4.515656 7.260635 0.000000 0.000000 
9.434063 166.224976 -3.800820 -0.815941 8.374634 0.000000 0.000000 
10.868533 166.427673 -0.107795 -9.734108 4.320682 0.000000 0.000000 
12.554434 166.773529 -1.563153 -9.418991 3.489593 0.000000 0.000000 
-23.335226 166.378693 8.939773 -2.551170 10.050941 0.000000 0.000000 
12.239549 167.774963 -1.899274 -10.096475 3.890331 0.000000 0.000000 
-23.181564 166.876862 9.246669 -1.934715 10.646828 0.000000 0.000000 
11.445376 168.520752 -0.438476 -11.402473 2.364974 0.000000 0.000000 
10.459017 169.286285 0.640791 1.932579 10.922234 0.000000 0.000000 
10.985283 169.308380 0.371949 1.708862 11.615234 0.000000 0.000000 
10.168428 169.775726 2.161118 0.523956 9.605988 0.000000 0.000000 
9.962292 169.805664 1.348366 -0.440895 9.048435 0.000000 0.000000 
11.438004 170.541626 0.600703 -3.949356 8.151730 0.000000 0.000000 
-30.616129 168.187927 15.262984 -7.499794 4.489089 0.000000 0.000000 
11.447807 170.704651 -0.274670 -2.272308 9.887196 0.000000 0.000000 
-33.287342 167.783905 13.261401 -5.245651 6.353401 0.000000 0.000000 
12.568158 170.698975 1.511452 -5.251755 6.180027 0.000000 0.000000 
-6.015578 171.762634 -1.028665 -4.695885 7.316280 0.000000 0.000000 
-5.599834 171.802582 -1.242020 6.027122 15.565811 0.000000 0.000000 
12.872924 171.603394 -0.834046 -8.187187 5.463321 0.000000 0.000000 
-5.905127 172.056641 -1.242326 0.948700 11.029152 0.000000 0.000000 
-5.769839 172.071625 -1.072250 0.878555 11.545959 0.000000 0.000000 
-5.682589 172.702179 -0.750851 -11.627838 2.877609 0.000000 0.000000 
-30.223183 171.693665 5.790370 -8.598451 4.092479 0.000000 0.000000 
-31.584593 171.729187 14.059215 -4.627853 5.297939 0.000000 0.000000 
-5.191957 175.556000 -3.121845 -6.581818 5.926952 0.000000 0.000000 
11.898326 175.334778 2.055943 -0.182945 10.625469 0.000000 0.000000 
-32.755360 172.787781 13.503359 -4.637291 7.089118 0.000000 0.000000 
11.947258 175.724152 1.885802 -4.472435 6.096416 0.000000 0.000000 
12.536831 175.717682 3.591663 -4.474464 5.465339 0.000000 0.000000 
-30.082756 173.830841 8.626138 1.606979 12.287514 0.000000 0.000000 
-29.291937 174.026794 9.955408 -1.236496 9.899082 0.000000 0.000000 
-29.444201 174.058533 10.918955 -4.168335 4.870441 0.000000 0.000000 
-29.481009 174.193665 9.595091 0.717339 9.445847 0.000000 0.000000 
-31.752378 173.852478 12.234200 -4.846504 5.125476 0.000000 0.000000 
-29.553013 174.618744 9.389140 -1.003387 8.602211 0.000000 0.000000 
-27.312679 175.052887 9.496911 0.276764 11.480621 0.000000 0.000000 
-28.583117 174.887726 7.231073 2.341232 10.465916 0.000000 0.000000 
-29.391907 175.078186 7.971995 0.611275 10.069321 0.000000 0.000000 
-30.346716 175.274689 6.937382 0.334511 10.454788 0.000000 0.000000 
-5.362080 177.928101 -1.336105 2.583527 12.072227 0.000000 0.000000 
-5.408388 178.007233 -2.254460 2.149384 11.456238 0.000000 0.000000 
-5.876617 178.375427 -1.933205 3.240227 11.824230 0.000000 0.000000 
118.803024 132.047455 -0.205546 9.012282 9.294888 1.000000 0.000000 
-6.477977 179.024841 -2.587501 -8.317941 2.815334 0.000000 0.000000 
-4.614241 179.272980 -1.384778 -4.900070 4.787765 0.000000 0.000000 
-25.829199 177.494080 9.528092 -6.735245 5.208457 0.000000 0.000000 
-4.880647 179.689758 -2.315408 -10.166473 4.587204 0.000000 0.000000 
-5.984231 180.091431 -1.418885 -1.256439 10.420078 0.000000 0.000000 
-32.013992 177.479370 7.243195 -4.498169 4.898796 0.000000 0.000000 
-30.868944 178.023407 6.742175 -7.182205 3.755062 0.000000 0.000000 
-5.159593 184.304688 0.960837 -4.600571 8.890549 0.000000 0.000000 
-5.724482 184.287964 0.045327 1.818474 13.285667 0.000000 0.000000 
-5.744374 184.322052 -0.304487 -0.579483 11.037212 0.000000 0.000000 
-5.819379 184.750549 0.893547 -3.985237 7.938598 0.000000 0.000000 
-5.740026 184.825806 0.351517 1.075119 12.654278 0.000000 0.000000 
122.680458 137.443420 0.100357 12.264305 7.318248 1.000000 1.000000 
-19.072748 184.460571 1.945506 -9.896568 3.503509 0.000000 0.000000 
-30.808313 182.888672 13.465824 -4.282837 5.963672 0.000000 0.000000 
-30.895405 182.924500 14.271239 -4.030495 5.123001 0.000000 0.000000 
11.613211 186.137573 -1.457506 -5.316986 6.117012 0.000000 0.000000 
-21.393669 186.054901 3.976896 -7.386620 5.307434 0.000000 0.000000 
-21.130997 186.105530 -10.233414 -3.754799 7.998214 0.000000 0.000000 
-22.722900 186.250366 3.603898 -6.695358 5.025459 0.000000 0.000000 
-21.626554 186.550171 -9.237976 -6.084724 4.629215 0.000000 0.000000 
-22.746607 187.633423 8.009659 -8.547607 4.511970 0.000000 0.000000 
12.926305 189.249115 1.642098 -9.856439 3.414138 0.000000 0.000000 
-21.696575 189.285217 6.292431 -3.491661 6.178253 0.000000 0.000000 
-21.836025 189.615082 6.166151 -5.784630 3.597423 0.000000 0.000000 
-22.832546 189.566498 4.696143 -3.887611 6.022129 0.000000 0.000000 
-21.961084 189.718353 5.646941 0.551819 8.254772 0.000000 0.000000 
-22.001112 189.721130 6.032214 -0.682037 7.655471 0.000000 0.000000 
-22.331928 189.787415 5.962946 3.149864 10.962803 0.000000 0.000000 
45.571823 185.529724 6.336636 10.906760 16.096043 0.000000 0.000000 
-21.888113 190.066315 0.315113 -4.438484 4.614868 0.000000 0.000000 
43.873486 186.261932 5.839718 -0.075905 9.144150 0.000000 0.000000 
-20.811197 190.495361 4.454744 -3.863625 6.460983 0.000000 0.000000 
44.126091 186.750793 7.615240 -0.946945 7.073089 0.000000 0.000000 
-23.202629 190.757141 5.595891 -5.999657 4.958572 0.000000 0.000000 
-22.173952 190.963348 5.525039 -2.577126 5.851776 0.000000 0.000000 
-22.620035 191.304871 5.005314 -8.055069 3.857444 0.000000 0.000000 
-22.000389 191.903229 6.491830 -5.716957 4.226223 0.000000 0.000000 
10.946911 194.114838 -2.770917 -9.277145 2.226963 0.000000 0.000000 
-6.235313 195.717865 5.243043 1.462776 8.050907 0.000000 0.000000 
-6.393333 195.799652 4.633809 -2.771126 6.473724 0.000000 0.000000 
-6.435986 195.864502 3.181315 -4.799171 4.465312 0.000000 0.000000 
-5.956977 196.109375 5.136963 3.119202 8.867615 0.000000 0.000000 
176.680023 81.974556 18.970093 32.306038 15.453270 0.000000 0.000000 
-6.312251 202.592987 -6.123009 -1.184967 7.878936 0.000000 0.000000 
-6.110847 202.604004 -3.165652 -2.234818 6.706314 0.000000 0.000000 
-4.859073 202.652679 -2.491462 -5.809982 3.330890 0.000000 0.000000 
-6.632816 202.598267 0.736341 -3.452728 4.215229 0.000000 0.000000 
-6.049062 202.993439 -2.126348 -0.943558 5.912906 0.000000 0.000000 
11.050205 207.799744 -3.034708 2.619629 9.641953 0.000000 0.000000 
10.904417 207.997101 -3.187692 -1.798615 5.270946 0.000000 0.000000 
1.996527 209.138306 -1.434017 -4.502472 2.164337 1.000000 1.000000 
-23.205954 207.936920 6.817491 0.330032 8.047871 0.000000 0.000000 
-23.019506 207.958160 6.973296 2.407883 8.755211 0.000000 0.000000 
-23.007483 208.258911 7.713008 4.567665 10.742168 0.000000 0.000000 
2.365217 209.681366 -4.093333 15.102074 21.075890 0.000000 0.000000 
2.120992 210.038818 -4.904786 3.138641 8.477627 0.000000 0.000000 
2.282680 210.216400 -4.600461 21.112091 26.376461 0.000000 0.000000 
1.984708 210.234619 -4.869340 23.360184 28.006107 0.000000 0.000000 
-10.955573 210.133362 -2.680568 18.036606 23.073975 0.000000 0.000000 
1.929690 210.420349 -5.071668 23.821564 28.063633 0.000000 0.000000 
-10.901578 210.434906 -2.838049 14.156348 19.740349 0.000000 0.000000 
-10.867005 210.477203 -2.576310 12.405524 18.084833 0.000000 0.000000 
-11.753442 211.263397 -2.838586 -1.045547 7.839424 0.000000 0.000000 
6.821322 211.813019 4.209386 -0.410019 8.571980 0.000000 0.000000 
6.715403 212.059723 5.268122 -0.617455 8.349773 0.000000 0.000000 
10.976659 213.254578 -0.821570 -0.457062 6.287689 0.000000 0.000000 
10.657284 213.357025 -1.840529 -4.527023 5.139190 0.000000 0.000000 
-6.897797 213.521088 -1.522585 -1.114273 5.073619 1.000000 1.000000 
10.703214 213.481476 -0.321538 -5.565140 4.846534 0.000000 0.000000 
-32.539417 211.624207 6.762149 -3.871521 4.066429 0.000000 0.000000 
-2.759931 214.251373 -4.781560 -7.386536 3.787776 1.000000 1.000000 
-6.701263 214.414948 -2.579116 0.952660 6.260700 1.000000 1.000000 
-7.527179 214.387207 -1.970827 -1.241791 6.207622 1.000000 1.000000 
10.081822 214.613892 0.552460 -4.827255 3.169021 0.000000 0.000000 
-6.093552 214.794006 -0.518011 1.288162 7.813800 1.000000 1.000000 
-30.670105 213.654572 8.337440 -3.312988 5.771518 0.000000 0.000000 
-30.246038 214.106049 15.607703 -6.328613 3.269290 0.000000 0.000000 
1.009427 217.932037 -4.543014 13.835106 18.371286 0.000000 0.000000 
0.925434 217.981842 -4.554638 16.658432 20.153049 0.000000 0.000000 
0.832100 217.986420 -4.501897 16.222321 21.036623 0.000000 0.000000 
2.188140 218.021820 -4.527164 13.017197 21.867685 0.000000 0.000000 
-12.482046 217.954742 -5.138594 -5.506447 5.378047 0.000000 0.000000 
11.332102 218.577606 -2.093606 1.828262 8.009567 0.000000 0.000000 
12.002679 219.176666 -2.498760 0.621681 6.168148 0.000000 0.000000 
-29.309946 217.626740 7.614499 -1.107788 5.690574 0.000000 0.000000 
11.100843 219.963837 -1.863359 -2.938805 5.998451 0.000000 0.000000 
-21.339605 221.706665 -2.395699 -1.591545 8.673779 0.000000 0.000000 
4.705919 222.953278 -6.984525 -3.306526 5.293846 0.000000 0.000000 
-11.595501 223.205322 -1.743307 -4.719215 5.756080 0.000000 0.000000 
-22.456663 223.900177 -3.652149 -1.929955 5.603424 0.000000 0.000000 
12.107978 225.545624 1.305720 9.674492 13.587227 0.000000 0.000000 
12.784108 226.818024 1.202641 2.684189 7.417388 0.000000 0.000000 
-22.936028 226.306030 7.926384 10.213103 14.884583 0.000000 0.000000 
12.202016 234.766357 9.176546 -1.672371 5.048351 0.000000 0.000000 
-10.652431 242.855865 -3.977298 4.117760 8.074001 0.000000 0.000000 
-10.403296 242.882904 -3.332328 5.478058 8.631626 0.000000 0.000000 
-23.052498 244.024811 -0.712238 10.873604 13.234238 0.000000 0.000000 
-23.472853 244.853790 7.838055 -2.069168 3.697082 0.000000 0.000000 
-23.187223 245.337158 -2.098431 3.967110 6.723754 0.000000 0.000000 
-22.036007 246.859650 -2.557858 -0.591240 3.695873 0.000000 0.000000 
-23.553530 246.734589 0.247308 -1.590736 3.594245 0.000000 0.000000 
-13.515478 250.119385 -2.371207 13.572211 16.164841 0.000000 0.000000 
-20.961845 249.787048 -3.531385 7.598839 11.724842 0.000000 0.000000 
-24.784636 249.987396 -2.314021 5.502029 10.693390 0.000000 0.000000 
-22.107338 251.055695 -2.233976 18.196709 20.062069 0.000000 0.000000 
-21.937748 252.279083 -1.890655 5.566147 8.748577 0.000000 0.000000 
-23.366596 258.009460 -4.135337 14.222243 16.747948 0.000000 0.000000 
-22.574808 259.321960 -2.951866 10.010460 13.516602 0.000000 0.000000 
-23.292568 260.028168 -3.671450 -5.937439 3.344249 0.000000 0.000000 
-22.429224 260.305817 -2.377241 -1.933357 6.298530 0.000000 0.000000 
-22.124933 261.067291 3.315733 -1.887619 3.198928 0.000000 0.000000 
-21.524128 262.883728 -3.246377 1.931068 4.702907 0.000000 0.000000 
-18.657610 263.612305 -2.884727 -5.598137 3.581283 0.000000 0.000000 
-21.907846 264.170013 -3.124611 8.222939 9.951237 0.000000 0.000000 
-22.198761 267.556976 -4.040595 5.193161 6.855602 0.000000 0.000000 
-21.847019 268.831909 -4.859041 14.945601 15.277901 0.000000 0.000000 
-22.990658 272.234100 -4.688213 -1.021935 4.487209 0.000000 0.000000 
-25.393393 272.018524 -5.104822 -0.426781 4.675754 0.000000 0.000000 
-28.376093 273.643951 7.946908 3.777702 6.225048 0.000000 0.000000 
-27.910664 276.850739 6.199805 4.296089 5.525375 0.000000 0.000000 
-27.797110 277.575653 8.493756 0.573593 4.582069 0.000000 0.000000 
-26.624767 278.365845 -7.844590 0.504822 3.391231 0.000000 0.000000 
-22.767740 281.150177 -3.626171 12.689949 12.298820 0.000000 0.000000 
-19.371553 283.140839 -2.488515 5.535805 7.266677 0.000000 0.000000 
-20.185465 284.399994 -4.301581 11.373322 13.516888 0.000000 0.000000 
-24.203487 285.169983 6.019655 -1.049332 2.476772 0.000000 0.000000 
-29.649456 291.281342 -2.765526 -3.999664 3.768939 0.000000 0.000000 
-23.781771 292.699097 4.681602 2.236763 4.314506 0.000000 0.000000 
-11.364768 298.901398 -2.839998 12.414925 11.795391 0.000000 0.000000 
-12.712843 300.113770 -4.207727 7.355209 7.754913 0.000000 0.000000 
-16.621532 385.270233 -5.408659 10.201447 5.418247 0.000000 0.000000 
-15.675044 386.535217 -4.535121 17.897957 13.525478 0.000000 0.000000 
