ply
format ascii 1.0
comment Created by CloudCompare v2.14.beta (Feb  3 2026)
comment Created 2026-04-29T11:23:48
obj_info Generated by CloudCompare!
element vertex 1654
property float x
property float y
property float z
property float rcs
property float snr
property float v
property float label
end_header
-23.151279 -25.405869 -5.137417 -3.803871 22.452480 0.000000 1.000000 
-11.256454 -32.711887 -8.944646 -4.651840 22.104033 0.000000 1.000000 
-32.963089 -10.619626 -9.916337 -6.769722 22.702944 0.000000 1.000000 
12.209400 -33.728161 -11.957406 0.393707 24.862999 0.000000 1.000000 
10.014176 -38.094437 -12.869503 -3.396622 22.662096 0.000000 1.000000 
-45.677517 -31.828106 -17.907713 0.248779 21.715601 0.000000 1.000000 
20.832500 -51.615391 -12.895779 -2.894173 16.681503 0.000000 1.000000 
-0.568624 -25.467903 -6.503251 -3.667976 28.023712 0.000000 1.000000 
-5.555780 -26.636700 -11.075115 -6.601547 25.878323 0.000000 1.000000 
27.875454 1.448731 -11.419188 -8.788887 23.622095 0.000000 1.000000 
28.826979 11.473778 -8.639719 2.179436 29.872036 0.000000 1.000000 
6.770119 -32.649292 -8.963118 -1.996468 27.770954 0.000000 1.000000 
11.747435 -38.495937 -12.398690 -6.291237 21.522820 0.000000 1.000000 
34.839352 19.578934 -12.701492 -0.830597 21.635170 0.000000 1.000000 
4.133020 -42.536652 -9.135820 -0.770622 22.640785 0.000000 1.000000 
-4.099204 -49.046200 -10.261120 -3.044304 20.129225 0.000000 1.000000 
60.291050 7.472542 -11.912622 2.147514 18.222563 0.000000 1.000000 
69.032852 -11.129293 -9.098110 3.174965 21.148127 0.000000 1.000000 
64.241806 35.374809 -30.618469 10.249939 20.842821 1.000000 1.000000 
102.493004 10.870727 -26.246954 9.433350 17.588940 0.000000 1.000000 
113.819153 -8.437513 -18.421978 10.354485 19.030891 0.000000 1.000000 
114.000053 -8.621302 -11.837052 9.732513 17.273420 0.000000 1.000000 
114.457954 -7.885159 -22.115210 14.503075 19.164873 0.000000 1.000000 
114.624130 -6.594931 -17.826527 12.267586 18.696968 0.000000 1.000000 
99.875908 -61.877205 -17.869576 15.774742 21.550373 0.000000 1.000000 
118.483566 1.861046 -31.996935 10.150284 19.488770 0.000000 1.000000 
202.733536 4.517040 -10.587383 16.381752 12.169121 0.000000 1.000000 
-10.175736 22.428011 -8.855096 -7.686623 26.945993 0.000000 1.000000 
7.443531 26.538727 -6.033404 -19.112892 21.841471 0.000000 1.000000 
-11.119827 25.849360 -9.481967 -14.731499 25.437492 0.000000 1.000000 
17.099735 22.077265 -10.448721 -4.847908 23.292957 0.000000 1.000000 
6.877317 31.984396 -7.672888 -14.734779 23.468880 0.000000 1.000000 
6.695238 32.474072 -8.077664 -12.280174 25.191336 0.000000 1.000000 
3.351736 34.244274 -11.905535 -23.043800 15.869827 0.000000 1.000000 
33.202332 18.458355 -14.598140 3.745674 16.504906 0.000000 1.000000 
-14.335155 41.062325 -15.162924 -15.915254 11.260899 1.000000 1.000000 
-14.570551 41.021709 -15.452764 -17.969276 10.225933 1.000000 1.000000 
-17.607534 43.008919 -13.835398 -15.364258 14.176102 0.000000 1.000000 
12.543199 46.115463 -16.853296 -11.701950 22.667435 0.000000 1.000000 
7.687973 50.333481 -15.762938 -17.160240 15.145920 0.000000 1.000000 
7.562353 56.902905 -21.619518 -8.552437 21.320360 0.000000 1.000000 
-18.639414 54.130566 -21.554409 -13.293793 17.842165 0.000000 1.000000 
-18.321627 54.369007 -21.542774 -10.514282 17.635427 0.000000 1.000000 
7.001899 60.462906 -14.180353 -7.901550 18.067402 0.000000 1.000000 
-23.135113 59.312599 -25.125578 -10.442879 14.610558 0.000000 1.000000 
-30.879665 59.985367 -17.200491 -8.565491 15.344124 0.000000 1.000000 
10.836936 68.219650 -27.291862 -18.293777 10.389423 0.000000 1.000000 
-2.277881 71.213646 -18.858271 -11.378883 18.776426 0.000000 1.000000 
-23.022615 71.334686 -26.319712 -10.506302 14.573830 0.000000 1.000000 
-9.312755 74.629883 -9.046785 -13.946259 13.312988 0.000000 1.000000 
-29.897163 69.005951 -27.308004 -8.703171 14.731857 0.000000 1.000000 
-10.606417 75.243195 -8.610394 -7.692108 18.648764 0.000000 1.000000 
32.455742 69.676743 -13.248028 -7.742325 13.667480 0.000000 1.000000 
-10.676622 76.973160 -8.656797 -8.099228 15.939445 0.000000 1.000000 
-15.101968 77.496094 -5.783636 -16.276100 10.022221 0.000000 1.000000 
-21.707411 79.970398 -29.357758 -8.463600 14.855373 0.000000 1.000000 
-33.390339 78.317146 -32.933529 -4.152321 15.645779 0.000000 1.000000 
-39.251884 76.331436 -23.124224 0.489433 16.960756 0.000000 1.000000 
27.855968 83.896645 -31.863865 -6.457405 15.276505 0.000000 1.000000 
42.548576 77.383965 -33.690071 1.122017 14.639175 0.000000 1.000000 
42.726898 77.292915 -33.854286 0.930267 16.293623 0.000000 1.000000 
42.485271 77.605156 -33.929012 -0.158852 16.061352 0.000000 1.000000 
-32.998318 82.782867 -9.377588 -6.831726 14.874031 0.000000 1.000000 
-31.979828 83.672386 -34.842495 -9.164247 12.447502 0.000000 1.000000 
13.560169 90.577713 -13.281291 -13.483971 10.221806 0.000000 1.000000 
-35.366592 85.074844 -36.114529 -6.096382 11.621849 0.000000 1.000000 
-37.837997 85.387444 -37.583927 -6.900902 11.470459 0.000000 1.000000 
29.939760 90.944794 -6.744390 -11.977310 6.114960 0.000000 1.000000 
30.478451 91.164597 -7.953463 -13.735603 7.419250 0.000000 1.000000 
-37.440651 93.115303 -17.151617 -16.878426 5.798946 0.000000 1.000000 
-24.673773 99.247307 -12.027217 -13.025208 9.743729 0.000000 1.000000 
-32.384773 99.200066 -42.104061 -9.114984 10.802273 0.000000 1.000000 
-31.177122 100.240395 -16.858536 -12.782112 6.694344 0.000000 1.000000 
-26.035532 109.594078 -14.777228 -10.752434 9.023609 0.000000 1.000000 
-32.814125 108.593071 -44.285198 -11.987610 7.251438 0.000000 1.000000 
-30.664120 109.623581 -46.046703 -8.699989 9.161419 0.000000 1.000000 
7.151945 113.787842 -13.011933 -10.624092 10.126354 0.000000 1.000000 
-21.574667 118.409340 -13.603885 -11.547119 7.008904 0.000000 1.000000 
-22.194958 118.314201 -13.490507 -7.073952 9.023220 0.000000 1.000000 
-34.196804 122.205254 -18.895779 -2.057724 11.301353 0.000000 1.000000 
-35.838516 122.763405 -20.225065 -10.529678 6.630020 0.000000 1.000000 
-23.778666 148.295593 -36.113403 -0.764740 8.878349 0.000000 1.000000 
-26.833443 179.788879 -20.635199 -6.152054 3.786823 0.000000 1.000000 
-25.179007 188.807709 -54.433781 -9.895248 5.185097 0.000000 1.000000 
-36.448578 199.275909 -72.220009 3.890160 8.530212 0.000000 1.000000 
-38.764561 -2.445949 14.404164 -0.504784 27.360975 0.000000 1.000000 
41.674469 -1.349427 15.728161 9.253090 33.314411 0.000000 1.000000 
5.064350 -42.360699 17.792866 -1.216324 23.990746 0.000000 1.000000 
24.883989 -37.704037 18.799522 -0.314812 22.694567 0.000000 1.000000 
113.783958 -11.069483 20.989769 10.514435 17.191107 0.000000 1.000000 
113.983681 -9.358861 22.569473 11.420128 17.421152 0.000000 1.000000 
5.224061 -116.082352 23.784021 10.977684 18.644299 0.000000 1.000000 
118.098259 12.802267 29.384790 11.963188 18.154026 0.000000 1.000000 
118.229393 12.259163 31.275887 12.510513 17.273514 0.000000 1.000000 
176.184052 64.720261 18.440914 33.038170 26.429245 0.000000 1.000000 
186.053604 62.656918 15.520443 21.142838 15.202637 0.000000 1.000000 
8.688951 57.696239 19.626598 -16.479141 17.025181 0.000000 1.000000 
-7.893825 61.682213 21.628870 -21.303856 10.744625 0.000000 1.000000 
-10.377695 75.631577 30.096649 -11.540779 15.255890 0.000000 1.000000 
-29.998489 106.266319 14.958809 -14.961075 6.845619 0.000000 1.000000 
89.642441 67.901474 20.149307 11.308380 10.542744 0.000000 1.000000 
-49.842075 102.600357 15.957901 -8.717125 6.793098 0.000000 1.000000 
-33.161930 113.776810 49.036205 -7.751503 8.724064 0.000000 1.000000 
59.723690 105.126656 48.798603 -7.939659 5.665077 0.000000 1.000000 
-29.294506 122.609055 47.179478 -9.290573 8.780148 0.000000 1.000000 
-7.352296 147.181030 57.185905 -8.044975 7.428356 0.000000 1.000000 
-3.837014 154.223969 41.612198 -12.585869 5.562668 0.000000 1.000000 
175.127640 67.946434 18.663004 18.037285 7.118168 0.000000 1.000000 
18.481375 -40.039669 -2.901730 -1.678017 22.380095 0.000000 1.000000 
67.050858 -107.487854 11.752399 21.176483 18.772804 0.000000 1.000000 
16.182941 -11.466157 -5.719985 -15.542831 23.511562 0.000000 1.000000 
27.010283 8.115635 -3.878281 3.259331 30.524632 0.000000 1.000000 
11.445120 -38.601002 -5.030957 -5.013916 22.116497 0.000000 1.000000 
40.240772 -1.454156 -4.709864 -5.161827 20.109165 0.000000 1.000000 
57.146755 4.991961 13.256811 12.183037 29.476021 0.000000 1.000000 
-0.105614 29.327320 -3.336331 -13.013443 24.979698 0.000000 1.000000 
-15.951312 25.390823 10.678213 -4.565132 27.706793 0.000000 1.000000 
-13.809994 34.029877 -4.139732 -15.197656 12.717838 1.000000 1.000000 
-13.479547 35.208725 -3.286723 -17.497871 12.003628 1.000000 1.000000 
-14.839894 38.779221 -3.922532 -6.815224 21.040592 1.000000 1.000000 
-14.438889 39.967663 11.548244 -20.152367 8.378304 1.000000 1.000000 
-17.116808 39.755413 -7.028140 -12.648643 16.402395 0.000000 1.000000 
-17.002222 42.173576 14.069682 -15.691751 17.044348 0.000000 1.000000 
13.580201 45.766655 -6.880688 -15.944275 16.568132 0.000000 1.000000 
7.556414 55.510036 17.465714 -12.104675 15.706348 0.000000 1.000000 
27.336262 57.327526 -6.966852 -10.571632 13.472095 0.000000 1.000000 
26.555847 59.816303 -4.989654 -10.328659 11.266953 1.000000 1.000000 
26.921417 60.175957 -4.919809 1.392609 20.964657 0.000000 1.000000 
27.020012 60.374405 -4.482371 -1.209511 20.361567 0.000000 1.000000 
-27.227238 186.754089 -14.522858 -2.063927 7.556492 0.000000 1.000000 
-27.114368 188.127502 -12.359272 -4.794502 4.848907 0.000000 1.000000 
-26.813189 189.150055 -15.590986 -6.378098 4.094429 0.000000 1.000000 
-0.867313 191.828918 -6.934928 1.244370 11.741928 0.000000 1.000000 
-0.716232 191.863007 -6.693778 3.509621 12.236183 0.000000 1.000000 
-32.773502 195.292877 -16.603497 -0.478203 6.016914 0.000000 1.000000 
-2.630479 199.546906 -6.685779 -1.259575 7.611710 0.000000 1.000000 
-29.702742 218.367004 -14.286365 -1.926613 4.358643 0.000000 1.000000 
-29.799988 222.939972 -15.512993 -1.460312 4.093342 0.000000 1.000000 
-0.422813 -6.057747 -0.230410 -6.931587 48.090519 0.000000 0.000000 
-0.303711 -6.123099 -0.120773 -9.785324 44.686272 0.000000 0.000000 
-14.347106 -18.460320 0.952911 -4.924850 24.371998 1.000000 0.000000 
-14.761826 -18.439709 1.229478 -4.214653 27.015703 1.000000 0.000000 
-14.469983 -18.732903 1.748254 -7.868843 21.444935 1.000000 0.000000 
-14.662968 -19.037281 1.527984 -6.662567 23.643705 1.000000 0.000000 
-14.940507 -18.915962 -0.761673 -13.305809 20.589527 1.000000 0.000000 
-15.884898 -18.271072 1.585250 -9.718529 21.854391 1.000000 0.000000 
-15.421614 -18.681934 3.596280 -11.768295 22.175346 1.000000 0.000000 
-15.728448 -18.751442 1.605672 -0.062767 29.966944 1.000000 0.000000 
-16.235651 -18.658726 1.079162 -3.557983 27.383249 1.000000 0.000000 
-16.204489 -18.882935 1.768013 2.186798 30.766642 1.000000 0.000000 
0.191051 -6.212008 -0.289845 -1.901245 48.052372 0.000000 0.000000 
0.036966 -6.202070 -0.179210 -6.899124 44.450066 0.000000 0.000000 
0.299367 -6.293030 -0.287628 -5.449482 45.169102 0.000000 0.000000 
-0.031868 10.107342 0.114553 -20.365700 32.191212 1.000000 0.000000 
-0.006466 10.776804 0.696171 -4.227722 45.773201 0.000000 0.000000 
-0.849337 11.144444 -0.024987 -12.922935 32.864689 0.000000 0.000000 
0.052585 12.109488 -0.019589 -12.313782 36.489861 0.000000 0.000000 
-0.503415 12.377279 0.033397 -11.652229 37.082668 1.000000 0.000000 
-3.710007 18.518429 0.400711 9.240242 44.369656 0.000000 0.000000 
-3.845713 18.723621 0.304059 8.550117 42.243916 0.000000 0.000000 
-3.701097 18.918209 -0.156286 0.480431 35.822746 0.000000 0.000000 
-3.483587 19.688744 -0.439874 -26.776566 13.180355 1.000000 0.000000 
-4.874751 20.937716 -0.629481 3.699989 40.059059 0.000000 0.000000 
-4.907143 20.936728 -0.742448 2.288376 38.156742 0.000000 0.000000 
0.222288 22.207396 -0.829342 2.457886 35.562862 1.000000 0.000000 
-5.060576 21.624758 -0.701339 0.815140 36.354668 1.000000 0.000000 
0.182499 22.521023 -0.873159 -1.229065 32.547642 0.000000 0.000000 
0.092942 22.545059 -0.861372 -3.694382 29.448296 0.000000 0.000000 
-0.024907 22.542940 -0.897130 -13.295670 19.145676 1.000000 0.000000 
0.291080 22.864878 -0.822381 19.711922 51.335526 0.000000 0.000000 
0.263339 22.982531 -0.841139 18.219322 50.632454 0.000000 0.000000 
0.037511 23.246637 -0.719498 -6.910034 28.074205 0.000000 0.000000 
0.291323 23.518787 -0.729233 -12.554451 24.319786 1.000000 0.000000 
0.071934 29.384317 3.705700 -15.137321 25.284384 0.000000 0.000000 
0.079955 30.110107 -0.606383 -20.894669 19.421541 1.000000 0.000000 
-0.226405 30.828447 -0.984832 -19.938637 23.222982 0.000000 0.000000 
-12.673064 32.377426 1.319973 -22.797386 9.224365 1.000000 0.000000 
-13.164444 33.499825 1.423745 -11.851387 17.190083 1.000000 0.000000 
-13.116520 33.525124 1.511194 0.282532 27.824665 1.000000 0.000000 
-12.889266 33.686974 2.000396 -3.222038 26.729328 1.000000 0.000000 
-13.785341 33.685596 2.173639 -13.732025 14.473557 1.000000 0.000000 
-13.681604 33.736431 2.127317 -6.125763 21.656364 1.000000 0.000000 
-13.656631 33.905930 0.377049 -13.126976 14.172440 1.000000 0.000000 
-13.215820 34.302731 2.160891 -5.927986 24.021118 1.000000 0.000000 
-15.112901 33.517517 1.916330 -16.387566 14.820763 1.000000 0.000000 
-14.422543 33.937126 2.522750 -21.203468 12.691010 1.000000 0.000000 
-13.283902 34.505363 1.748698 -22.453094 9.700199 1.000000 0.000000 
-13.527719 34.578651 1.992977 -16.520119 10.036510 1.000000 0.000000 
-14.871451 34.067162 2.411864 -17.922638 11.983215 1.000000 0.000000 
-14.891293 34.154999 2.498530 -16.624626 13.321934 1.000000 0.000000 
-15.090384 35.021091 1.559409 -18.360451 9.591602 1.000000 0.000000 
-15.153585 35.070080 1.362767 -13.186775 13.537643 1.000000 0.000000 
-15.151205 35.085358 1.625972 -17.849655 10.615898 1.000000 0.000000 
-15.476094 35.261951 1.558873 -10.141426 17.992222 1.000000 0.000000 
-15.504181 35.255943 1.568547 -15.581703 12.590405 1.000000 0.000000 
-13.475810 37.175995 1.441159 -24.650482 7.435909 1.000000 0.000000 
-13.274243 37.257202 1.246316 -26.141335 5.621197 1.000000 0.000000 
-14.348520 37.136829 1.453822 -11.647369 17.549046 1.000000 0.000000 
-14.264510 37.259407 1.161003 -9.635292 20.028149 1.000000 0.000000 
-13.852121 37.435040 1.462538 -13.349281 16.538799 1.000000 0.000000 
-13.422531 37.746269 1.401660 -19.864792 10.083267 1.000000 0.000000 
-13.828000 37.919483 2.284488 -10.717697 18.497774 1.000000 0.000000 
-13.940454 37.875076 2.079527 -19.904411 13.287216 1.000000 0.000000 
-13.752541 38.237244 0.748909 3.468468 29.312513 1.000000 0.000000 
-14.470961 38.101494 1.374047 -4.732941 21.971439 1.000000 0.000000 
-13.549909 38.488976 0.988694 2.032959 29.413792 1.000000 0.000000 
-13.080069 38.716137 1.172118 -3.222328 25.323057 1.000000 0.000000 
-13.316637 39.086361 1.227173 -7.733490 21.128120 1.000000 0.000000 
-13.276878 39.151550 1.122997 0.286057 27.545328 1.000000 0.000000 
-13.260316 39.175610 1.165050 -2.052246 25.491280 1.000000 0.000000 
-13.394278 39.123199 1.395255 -14.233795 14.903240 1.000000 0.000000 
-13.449265 39.160789 1.431552 -3.531219 21.690937 1.000000 0.000000 
-13.354644 39.427444 1.185851 -14.345947 13.701843 1.000000 0.000000 
-13.686198 39.767506 1.513205 -9.113403 19.388702 1.000000 0.000000 
-14.009384 39.673161 1.950903 -15.253282 15.050694 1.000000 0.000000 
-14.639988 39.520416 -1.322736 -14.849777 19.650309 0.000000 0.000000 
-14.097920 39.775311 1.959337 -16.164528 13.650856 1.000000 0.000000 
-13.797842 39.896927 1.592904 -21.703354 6.191814 1.000000 0.000000 
-13.762927 39.920296 1.718961 -15.384186 13.531975 1.000000 0.000000 
-14.398417 39.992599 1.916870 -15.961923 12.793606 1.000000 0.000000 
-13.949427 40.177605 2.147924 -15.356941 13.848660 1.000000 0.000000 
-13.387629 41.241047 1.067847 -22.047195 8.926266 1.000000 0.000000 
-13.090358 41.469803 1.172575 -13.244553 16.216326 1.000000 0.000000 
-12.954587 41.581322 1.377114 -12.853577 16.043324 1.000000 0.000000 
-13.051758 41.545906 1.152089 -15.632707 13.122910 1.000000 0.000000 
-13.088032 41.544289 1.195769 -11.716896 17.203939 1.000000 0.000000 
-13.309916 41.761192 1.141398 -10.311157 17.133778 1.000000 0.000000 
-13.120216 41.876541 1.234692 -24.589943 8.229595 1.000000 0.000000 
-13.005571 42.108742 1.175796 -22.270988 9.373268 1.000000 0.000000 
-13.239112 42.246735 1.195491 -9.551575 18.273205 1.000000 0.000000 
-13.538429 42.373753 1.033861 -15.451447 12.235607 1.000000 0.000000 
-13.463332 42.454498 1.098040 -0.653778 25.412651 1.000000 0.000000 
-13.470971 42.594196 0.989436 -23.046562 8.438179 1.000000 0.000000 
-13.547348 42.608570 1.204701 -24.516251 6.826878 1.000000 0.000000 
-13.447678 42.662697 1.005035 -7.648621 21.246288 1.000000 0.000000 
-13.316248 42.708870 1.081684 -10.795074 17.566673 1.000000 0.000000 
-30.015556 -1.363031 2.375523 -1.079994 28.331112 0.000000 0.000000 
-30.159294 -1.452889 1.613111 0.035179 28.738766 0.000000 0.000000 
-35.235710 0.290810 1.571055 -4.376305 23.468054 0.000000 0.000000 
-35.422688 -6.026987 4.447922 -3.153435 25.324842 0.000000 0.000000 
-36.358810 0.765964 -5.187500 -8.089874 21.147034 0.000000 0.000000 
-36.959442 -2.547923 0.918231 -1.070961 28.317631 0.000000 0.000000 
-37.091709 -3.303690 2.160305 9.900627 37.467052 0.000000 0.000000 
-37.149273 -3.238959 1.738629 7.482886 34.852821 0.000000 0.000000 
-38.475765 -7.860449 1.946409 1.777176 28.464529 0.000000 0.000000 
-38.620003 -7.659072 1.752830 3.655785 28.380547 0.000000 0.000000 
-38.902325 -6.552517 1.198771 -2.654495 23.958588 0.000000 0.000000 
-40.692356 1.276819 2.045792 5.663948 30.508457 0.000000 0.000000 
-40.804352 1.165358 2.990193 5.759613 30.469942 0.000000 0.000000 
-38.516628 -19.827419 1.284460 2.796059 25.804684 0.000000 0.000000 
-38.505863 -20.072166 1.675719 6.804381 30.132704 0.000000 0.000000 
-23.636354 0.782990 2.315839 -11.922691 23.659153 0.000000 0.000000 
-24.133850 -4.559517 2.470038 -6.289513 28.252756 0.000000 0.000000 
-21.538334 -14.709086 8.633572 -7.068207 25.358076 0.000000 0.000000 
-21.655678 -15.094762 6.868096 -10.829033 22.660017 0.000000 0.000000 
-20.969723 -16.203999 4.027771 -9.091774 23.128359 0.000000 0.000000 
-22.159529 -14.749346 2.478133 -5.207443 24.844448 0.000000 0.000000 
-21.007812 -21.580208 10.970411 -6.468010 23.347321 0.000000 0.000000 
-24.135845 -20.696262 5.770703 0.282486 27.442665 0.000000 0.000000 
-19.924854 -33.399551 3.133506 -0.393799 24.845980 0.000000 0.000000 
-20.653370 -33.181561 2.904110 1.868599 27.619213 0.000000 0.000000 
-19.806360 -35.384106 4.282201 -1.365982 22.926533 0.000000 0.000000 
-21.022514 -34.875458 5.850525 -3.384071 20.759947 0.000000 0.000000 
-20.998369 -56.588051 6.552771 3.360886 19.751169 0.000000 0.000000 
-20.238974 -57.613949 6.230639 3.620743 19.407824 0.000000 0.000000 
-6.792498 -6.474207 -0.082910 -9.899574 37.983353 0.000000 0.000000 
-6.857572 -6.579877 0.278479 -9.599359 38.117161 0.000000 0.000000 
-6.631563 -10.724760 0.032413 -15.389198 29.711857 0.000000 0.000000 
-6.708660 -11.148210 0.000515 -13.606194 33.430439 0.000000 0.000000 
-6.682926 -11.245111 0.910143 -10.488899 30.904301 0.000000 0.000000 
-6.435891 -11.775826 1.370420 -9.582802 32.211292 0.000000 0.000000 
-6.519316 -11.842253 -0.399261 -12.103226 30.187147 0.000000 0.000000 
-6.714293 -12.014354 -0.047612 -12.145721 30.104959 0.000000 0.000000 
-6.566251 -12.186492 -0.053845 -8.404594 30.896130 0.000000 0.000000 
-6.443639 -12.273340 1.188787 -10.658447 31.785877 0.000000 0.000000 
-6.212848 -12.543586 -0.346399 -12.766701 29.262430 0.000000 0.000000 
-6.161690 -12.805033 -0.293263 -13.181793 30.168535 0.000000 0.000000 
-6.293550 -12.758083 -0.094011 -9.857216 30.837238 0.000000 0.000000 
-6.545495 -12.909123 0.337233 -7.571175 33.086353 0.000000 0.000000 
-6.577157 -12.978057 0.732095 -10.937263 30.814066 0.000000 0.000000 
-6.331976 -13.219379 0.204565 -12.518593 28.201677 0.000000 0.000000 
-6.793055 -13.010427 -0.412220 -15.953796 27.291435 0.000000 0.000000 
-6.731478 -13.340732 -0.322866 -13.832947 30.197695 0.000000 0.000000 
-6.491725 -13.533339 -0.440148 -11.479248 29.111805 0.000000 0.000000 
-6.314248 -13.784747 1.667492 -16.433319 25.343975 0.000000 0.000000 
-6.491988 -13.985315 -0.067414 -9.741913 29.994072 0.000000 0.000000 
-6.131909 -14.394715 0.747870 -15.272339 24.331554 0.000000 0.000000 
-6.594000 -14.449329 1.173678 -13.018578 25.534590 0.000000 0.000000 
-6.047102 -15.115209 -0.937347 -11.486389 24.515650 0.000000 0.000000 
-6.338727 -15.048981 0.446556 -11.052948 26.203138 0.000000 0.000000 
-6.091393 -15.404366 -0.982114 -12.373283 25.612803 0.000000 0.000000 
-6.623714 -15.315666 -0.100828 -13.816360 27.429266 0.000000 0.000000 
-6.663594 -15.414239 -0.162548 -12.653511 27.882776 0.000000 0.000000 
-6.965194 -15.619282 1.237539 -10.813324 28.433910 0.000000 0.000000 
-7.068154 -15.608488 0.982747 -13.483345 25.536209 0.000000 0.000000 
-7.002053 -15.642076 1.638879 -12.767784 26.364914 0.000000 0.000000 
-6.103954 -16.385117 -0.657223 -8.522148 26.915707 0.000000 0.000000 
-6.134796 -16.374887 -0.334844 -6.491898 28.006916 0.000000 0.000000 
-6.029043 -16.909500 -0.710009 -11.400169 25.134306 0.000000 0.000000 
-6.691800 -17.059067 0.021245 -8.573486 25.155769 0.000000 0.000000 
-6.655510 -17.176304 -0.247205 -9.957170 25.414421 0.000000 0.000000 
-6.633909 -17.455082 -0.437134 -12.211777 22.072346 0.000000 0.000000 
-6.786750 -18.642025 -0.716327 -4.845901 30.550163 0.000000 0.000000 
-6.826041 -18.736671 -0.583320 -2.286629 31.549320 0.000000 0.000000 
-6.282623 -19.201733 -0.894112 -10.699829 24.317930 0.000000 0.000000 
-6.045208 -19.354057 -0.805135 -12.110603 28.267532 0.000000 0.000000 
-6.783778 -19.861473 -0.304597 -13.672005 21.874672 0.000000 0.000000 
-6.617056 -20.076553 0.617990 -12.885460 22.650333 0.000000 0.000000 
-6.397378 -20.465134 -2.017026 -7.810349 26.848919 0.000000 0.000000 
-6.668204 -21.790440 2.337324 -2.154900 31.389048 0.000000 0.000000 
-6.432530 -23.127617 0.712752 -1.892738 31.043139 0.000000 0.000000 
-6.859057 -24.475319 2.439730 -8.238266 23.592239 0.000000 0.000000 
-5.960837 -26.652706 0.678686 -5.511604 23.411797 0.000000 0.000000 
-6.470891 -27.687275 1.822076 -6.403580 25.424793 0.000000 0.000000 
-6.718315 -30.531811 0.808916 -1.101128 27.511105 0.000000 0.000000 
-6.332778 -30.681702 1.200665 -5.765060 25.452393 0.000000 0.000000 
-5.727082 -48.648216 1.820541 -4.280624 19.198095 0.000000 0.000000 
-5.446449 -48.968987 2.393567 1.757996 23.874199 0.000000 0.000000 
-5.874141 -49.005978 -0.689183 3.322868 26.117474 0.000000 0.000000 
-6.461814 -52.163387 1.229144 -3.418381 18.249285 0.000000 0.000000 
-6.290827 -52.260658 0.347490 2.594360 22.830133 0.000000 0.000000 
-6.494958 -52.323666 0.439337 -1.341232 19.379051 0.000000 0.000000 
-5.878386 -55.257233 1.718042 2.441101 21.920958 0.000000 0.000000 
-5.457889 -55.480164 1.767066 0.410004 20.878464 0.000000 0.000000 
-5.670331 -61.181255 3.245717 -0.336502 19.149549 0.000000 0.000000 
-6.755176 -61.202568 1.272483 2.931770 18.718849 0.000000 0.000000 
-6.650564 -12.620245 -0.686614 -0.567482 32.174835 0.000000 0.000000 
-6.176496 -13.085650 0.916050 -2.341103 32.827164 0.000000 0.000000 
-6.563225 -12.962303 1.747278 -4.655945 31.669867 0.000000 0.000000 
-5.540693 -14.446608 -0.421771 -11.882950 26.238348 0.000000 0.000000 
-6.416568 -15.233197 -0.131197 -6.493515 28.587494 0.000000 0.000000 
-6.213527 -17.088680 -0.040651 -5.057709 29.444462 0.000000 0.000000 
-6.533612 -16.993279 0.272641 -4.633766 29.751738 0.000000 0.000000 
-6.572256 -18.647381 0.150250 -1.135948 29.837849 0.000000 0.000000 
-7.374049 -18.338245 0.748256 -0.710754 31.238171 0.000000 0.000000 
-6.657372 -19.931637 -0.375553 -3.002502 30.483910 0.000000 0.000000 
-6.799397 -21.323917 1.241066 -2.191978 28.319901 0.000000 0.000000 
-7.057684 -21.532871 -0.138214 -0.295311 32.012482 0.000000 0.000000 
7.426541 -15.385477 2.875842 -13.540138 22.527153 0.000000 0.000000 
8.684385 -26.948219 0.442850 -6.296150 22.752327 0.000000 0.000000 
8.230757 -27.573681 -0.861373 -3.977661 24.376242 0.000000 0.000000 
8.710469 -27.577755 0.743349 -6.020821 23.005531 0.000000 0.000000 
9.063725 -37.348133 -3.432305 0.418900 23.983768 0.000000 0.000000 
10.461485 -40.848499 1.407953 3.328178 25.500681 0.000000 0.000000 
10.265419 -51.040329 5.006904 -2.339211 19.042324 0.000000 0.000000 
9.747269 -55.194942 2.665138 -2.747871 17.144085 0.000000 0.000000 
7.180867 -5.252560 -0.045936 3.522675 47.331070 0.000000 0.000000 
7.287639 -5.355331 -0.102999 4.929535 50.128403 0.000000 0.000000 
8.736031 -3.913346 -0.743281 -2.344208 40.240036 0.000000 0.000000 
7.350989 -8.462036 -1.300476 6.897415 47.704750 0.000000 0.000000 
8.622940 -10.370662 0.502376 -8.092491 30.755194 0.000000 0.000000 
9.935479 -9.765471 1.376161 -14.941345 26.273336 0.000000 0.000000 
9.662159 -10.147986 5.103091 -11.559013 29.846895 0.000000 0.000000 
8.700941 -11.298139 -0.040095 -5.406151 32.243809 0.000000 0.000000 
7.010488 -15.026746 1.043922 -10.025726 27.801426 0.000000 0.000000 
8.823254 -26.830273 3.691532 -1.227852 30.219507 0.000000 0.000000 
9.656805 -27.716927 -1.743904 -2.953629 28.024040 0.000000 0.000000 
7.311746 -33.026543 -0.744998 -4.170967 23.757746 0.000000 0.000000 
7.623651 -34.160740 0.612420 3.320549 28.388109 0.000000 0.000000 
6.174017 -35.144089 8.467179 -3.968475 27.715139 0.000000 0.000000 
6.983435 -35.188435 -0.555859 2.074814 28.876839 0.000000 0.000000 
7.185449 -35.207932 0.087937 3.134369 29.903128 0.000000 0.000000 
6.834698 -38.362793 4.190479 -4.565445 21.372982 0.000000 0.000000 
8.810281 -40.125305 0.060550 2.637482 25.114717 0.000000 0.000000 
8.786441 -40.165207 -2.596607 0.076408 23.380714 0.000000 0.000000 
7.781580 -45.090874 13.219856 -5.881378 19.175322 0.000000 0.000000 
10.773979 -54.880444 4.377418 11.918762 33.282303 0.000000 0.000000 
8.106812 -55.694324 3.299899 -1.821976 17.157803 0.000000 0.000000 
5.507701 -68.144386 7.181017 2.863014 17.200695 0.000000 0.000000 
5.179542 -68.415192 2.751825 3.568192 19.191153 0.000000 0.000000 
4.950848 -70.334938 5.865647 0.955544 16.773008 0.000000 0.000000 
8.319316 -77.182030 -2.041324 11.672112 25.553249 0.000000 0.000000 
8.583169 -77.167580 -1.269256 15.954613 28.651447 0.000000 0.000000 
13.910129 -2.752663 0.665545 1.775703 41.897438 0.000000 0.000000 
14.060750 -2.743491 0.746932 -1.929626 37.042576 0.000000 0.000000 
13.978847 -6.128688 2.726728 -7.596710 30.338482 0.000000 0.000000 
17.905746 -9.603860 5.378907 -3.749481 29.389494 0.000000 0.000000 
17.937489 -9.867162 8.058981 -3.295403 31.743105 0.000000 0.000000 
16.454954 -13.070943 7.681540 -7.434090 29.447481 0.000000 0.000000 
10.891098 -21.482552 8.336599 -2.944572 28.377779 0.000000 0.000000 
20.681284 0.896504 -0.178701 -3.640358 31.302940 0.000000 0.000000 
20.724884 0.947882 0.122106 -0.763786 32.399967 0.000000 0.000000 
21.559877 -2.022877 -0.807450 0.345352 34.176231 0.000000 0.000000 
26.425049 -1.969900 -1.922490 -7.802345 26.403399 0.000000 0.000000 
26.492765 -2.595092 -0.141411 -7.492462 26.372545 0.000000 0.000000 
27.586182 0.073691 0.320370 4.611603 35.801014 0.000000 0.000000 
32.574257 1.460532 1.586078 13.011063 38.868515 0.000000 0.000000 
32.693295 1.289454 1.105936 13.155624 40.712315 0.000000 0.000000 
38.815823 -0.634349 0.610231 7.206146 31.932037 0.000000 0.000000 
38.869030 -0.658676 0.164836 9.294098 34.391533 0.000000 0.000000 
22.602774 -54.210625 0.407765 1.299522 19.616730 0.000000 0.000000 
24.450178 -51.418137 1.867243 2.857834 22.514372 0.000000 0.000000 
24.576517 -51.532433 2.279612 2.376457 23.032043 0.000000 0.000000 
34.506165 8.645765 -1.318270 16.108215 37.762066 0.000000 0.000000 
34.639568 8.563362 -1.252335 15.515411 35.855293 0.000000 0.000000 
35.036289 11.520998 2.112747 -2.621376 22.397882 0.000000 0.000000 
38.663109 7.538318 -1.013220 7.243256 27.919655 0.000000 0.000000 
38.700394 7.547748 -1.067346 10.087288 30.159523 0.000000 0.000000 
38.914703 7.372287 -0.962331 3.928810 28.665447 0.000000 0.000000 
42.599678 8.887082 -1.189159 16.823677 35.298660 0.000000 0.000000 
42.635330 8.908954 -1.082165 15.471275 34.130081 0.000000 0.000000 
44.487175 9.284870 -0.267949 8.516273 27.914812 0.000000 0.000000 
44.471115 9.388119 -0.813607 3.198120 23.288803 0.000000 0.000000 
47.236042 8.742688 0.713776 5.385811 22.442406 0.000000 0.000000 
47.502533 7.412764 -1.213031 5.827332 25.259838 0.000000 0.000000 
58.043171 0.854229 0.626287 9.511505 27.221033 0.000000 0.000000 
58.043430 0.986372 1.224536 12.689697 29.701180 0.000000 0.000000 
66.163986 10.584096 1.351204 5.246657 18.876848 0.000000 0.000000 
66.236862 10.436167 1.849692 5.500252 19.248070 0.000000 0.000000 
37.881351 16.545639 0.046311 -0.637619 24.539169 0.000000 0.000000 
40.785229 18.415184 7.911146 -5.695374 18.865597 0.000000 0.000000 
23.533909 22.562069 8.108653 3.981117 23.474533 0.000000 0.000000 
23.556194 22.830193 9.030190 5.251274 24.869694 0.000000 0.000000 
30.504477 24.294001 4.472035 3.329147 20.148972 0.000000 0.000000 
31.478796 25.722937 6.206440 -1.745346 12.090698 1.000000 1.000000 
22.514584 30.331001 0.910155 0.501312 21.538599 0.000000 0.000000 
23.187103 29.904341 1.243404 -4.287415 18.096136 0.000000 0.000000 
22.624294 30.553545 1.163888 -3.408234 21.305969 0.000000 0.000000 
22.133619 30.987286 0.440586 -0.620369 21.863129 0.000000 0.000000 
15.747295 32.995285 -0.309006 -3.617561 26.939163 0.000000 0.000000 
-29.461479 79.288300 7.387929 -1.521690 17.608711 0.000000 0.000000 
-29.390051 79.589272 7.797495 -3.373428 18.042383 0.000000 0.000000 
-27.838972 80.218956 8.821783 -2.307617 18.340527 0.000000 0.000000 
-29.231571 80.213608 8.760842 -0.293152 19.431288 0.000000 0.000000 
-29.117451 80.583069 8.882288 -3.170837 18.667244 0.000000 0.000000 
-31.480183 80.131165 12.143897 -4.296585 14.516026 0.000000 0.000000 
-31.567163 80.123596 12.858170 -5.807999 16.465860 0.000000 0.000000 
-32.407146 80.185593 9.500019 -5.388878 14.511765 0.000000 0.000000 
-30.713518 81.129501 12.115505 -8.732697 14.200474 0.000000 0.000000 
-28.293394 82.105034 9.386656 -2.117729 18.786753 0.000000 0.000000 
-31.919701 80.903305 10.285379 -5.439522 16.289827 0.000000 0.000000 
-31.831991 81.403221 10.680562 -3.285484 17.214010 0.000000 0.000000 
2.799738 -6.749293 0.431944 -5.680466 43.354889 0.000000 0.000000 
2.869103 -6.867792 0.414070 -5.684021 42.826485 0.000000 0.000000 
2.644207 -7.385748 0.920189 -15.871277 36.541363 0.000000 0.000000 
2.570024 -7.672500 -0.284472 -2.736214 42.613747 0.000000 0.000000 
2.725670 -7.603095 -0.153702 -0.191811 45.154972 0.000000 0.000000 
2.470689 -8.049664 0.282383 -2.306938 43.491096 0.000000 0.000000 
2.698959 -8.119211 0.164607 -4.946129 43.707428 0.000000 0.000000 
2.346108 -0.966711 0.035942 -13.793262 51.620132 0.000000 0.000000 
2.493198 -0.974293 0.036348 -13.594360 55.906342 0.000000 0.000000 
2.414059 -2.018469 0.040610 -24.454948 34.727531 0.000000 0.000000 
2.443545 -2.074303 0.008197 -27.083607 40.976273 0.000000 0.000000 
2.419586 -2.501038 0.145965 -23.671272 41.546932 0.000000 0.000000 
2.463603 -2.596369 0.057244 -22.285580 41.958221 0.000000 0.000000 
2.402140 -2.856246 -0.024714 -19.870796 43.342758 0.000000 0.000000 
2.405600 -3.124507 -0.100729 -28.492714 38.587994 0.000000 0.000000 
2.451787 -3.535142 0.075944 -14.104374 46.487000 0.000000 0.000000 
2.481333 -3.515393 0.105655 -13.216190 46.969193 0.000000 0.000000 
2.515104 -3.613592 0.075539 -9.683594 49.211124 0.000000 0.000000 
2.432621 -3.956441 0.027628 -19.201145 42.126431 0.000000 0.000000 
2.452018 -4.140452 0.034030 -15.038414 43.511208 0.000000 0.000000 
2.472204 -4.186992 0.054235 -15.228935 44.048668 0.000000 0.000000 
2.432957 -4.472172 -0.080105 -17.965294 39.966328 0.000000 0.000000 
2.456273 -4.550286 -0.081245 -21.044537 41.510201 0.000000 0.000000 
2.467420 -4.602518 -0.067167 -19.993649 40.848446 0.000000 0.000000 
2.476322 -4.733274 -0.054445 -19.553192 36.061340 0.000000 0.000000 
2.454293 -5.060832 0.083555 -9.582634 44.024017 0.000000 0.000000 
2.475100 -5.157431 0.065612 -11.426937 43.047890 0.000000 0.000000 
2.403302 -5.335410 -0.159402 -12.107536 41.073418 0.000000 0.000000 
2.451038 -5.498523 0.009686 -1.660629 46.321884 0.000000 0.000000 
2.447714 -5.501532 0.036870 0.832405 55.055676 0.000000 0.000000 
2.433793 -5.508132 0.014951 -1.774612 45.754471 0.000000 0.000000 
2.468331 -6.252427 0.070952 -9.176395 42.346809 0.000000 0.000000 
2.481864 -6.359689 0.038940 -6.269402 44.882561 0.000000 0.000000 
2.480332 -6.470508 -0.125092 -7.740047 44.531368 0.000000 0.000000 
2.477551 -6.745508 0.056599 -7.045742 44.038933 0.000000 0.000000 
2.471575 -6.794744 -0.028312 -6.368393 42.634026 0.000000 0.000000 
2.416430 -7.059744 -0.125819 -8.852005 44.457497 0.000000 0.000000 
2.434069 -7.229521 -0.084479 -2.518517 45.127415 0.000000 0.000000 
2.437282 -7.231501 0.024412 -4.107712 43.910156 0.000000 0.000000 
2.289495 -7.532068 0.142412 -7.502670 39.132450 0.000000 0.000000 
2.366922 -7.513775 0.076959 -9.492737 39.500687 0.000000 0.000000 
2.383516 -7.658111 0.064149 -7.028160 39.804836 0.000000 0.000000 
2.299616 -7.928771 0.096135 -4.124565 40.956707 0.000000 0.000000 
2.255905 -8.127620 -0.120303 -10.126512 40.168110 0.000000 0.000000 
2.274707 -8.233530 -0.208777 -9.979012 40.809422 0.000000 0.000000 
2.416042 -8.425316 0.155829 -8.789375 38.058392 0.000000 0.000000 
2.476284 -8.457662 -1.644951 -11.365311 32.561214 0.000000 0.000000 
2.271797 4.769447 -0.006318 -28.533245 26.128513 0.000000 0.000000 
2.416028 4.818756 -0.021915 -27.792759 28.908932 0.000000 0.000000 
2.489926 5.387846 -0.077031 -37.605286 21.602011 0.000000 0.000000 
2.678057 5.035074 0.122285 -28.443691 25.970112 0.000000 0.000000 
2.308853 5.972023 -0.076752 -41.903942 19.366167 0.000000 0.000000 
2.371708 5.973845 -0.058829 -38.997524 21.695805 0.000000 0.000000 
2.323036 6.481882 -0.057983 -38.817402 21.636049 0.000000 0.000000 
2.292032 6.959498 0.038114 -10.913156 45.810059 0.000000 0.000000 
2.319397 6.984773 0.041874 -11.284828 46.714180 0.000000 0.000000 
2.385836 7.449262 -0.080613 -26.876545 32.130367 0.000000 0.000000 
2.291082 7.629333 -0.077221 -31.028675 29.006313 0.000000 0.000000 
2.289725 7.909492 -0.037500 -21.284378 34.767376 0.000000 0.000000 
2.373238 7.974680 -0.029753 -21.923618 36.986546 0.000000 0.000000 
2.413717 8.408164 -0.016505 -24.732162 29.422592 0.000000 0.000000 
2.263367 8.594622 -0.147679 -37.727859 23.587152 0.000000 0.000000 
2.269340 8.953987 0.018972 -8.437683 42.654232 0.000000 0.000000 
2.302516 9.001056 0.022655 -6.750881 42.823288 0.000000 0.000000 
2.327388 9.746187 -0.094767 -22.686153 24.575253 0.000000 0.000000 
2.194634 13.435638 -0.099240 -35.424576 12.590446 1.000000 1.000000 
2.281446 -8.631377 0.146406 -21.157372 23.965080 1.000000 1.000000 
2.480638 -9.294431 -0.034362 -22.456779 21.425236 1.000000 1.000000 
-6.014343 -1.074073 -0.562979 -0.117371 50.444916 0.000000 0.000000 
-6.017338 -1.023470 -0.602001 4.993094 55.274467 0.000000 0.000000 
-6.069477 -1.028276 -0.614725 7.109886 60.271553 0.000000 0.000000 
-6.828350 -0.011653 0.146313 0.539177 49.111717 0.000000 0.000000 
-6.940146 0.007057 0.161567 5.589195 56.946888 0.000000 0.000000 
-3.597506 -7.460764 -0.873238 -15.248398 38.291393 0.000000 1.000000 
2.383002 -8.953758 -0.111396 -1.499100 40.931046 0.000000 0.000000 
2.472962 -8.966300 0.005699 -1.558388 43.107819 0.000000 0.000000 
2.512938 -9.243905 -0.208743 -6.164505 38.661507 0.000000 0.000000 
2.436702 -9.469538 0.223083 0.352173 41.883259 0.000000 0.000000 
2.418150 -9.509254 0.172540 3.614235 46.915787 0.000000 0.000000 
2.253921 -10.140696 -0.253626 -8.413841 35.682281 0.000000 0.000000 
2.467293 -10.231088 -0.040357 -4.564423 39.854813 0.000000 0.000000 
2.433186 -10.242691 -0.085252 -4.957970 39.564690 0.000000 0.000000 
2.190874 -10.529455 -0.142804 -5.659103 35.858562 0.000000 0.000000 
2.255835 -10.544580 -0.193372 -2.233032 41.316864 0.000000 0.000000 
1.976908 -10.839245 -0.486844 -4.446312 37.863274 0.000000 0.000000 
2.046071 -10.892603 -0.515459 -4.349174 38.364388 0.000000 0.000000 
2.091679 -11.005698 -0.445898 -7.987999 35.734913 0.000000 0.000000 
2.244690 -11.037203 -0.122046 -5.282486 37.653713 0.000000 0.000000 
2.304244 -11.137966 -0.090879 -6.539078 35.194431 0.000000 0.000000 
2.463738 -11.351239 -0.158969 -20.825623 23.046803 1.000000 1.000000 
-6.248795 -10.477051 -2.605666 -14.083542 31.276394 0.000000 0.000000 
-6.179400 -10.969860 -2.728277 -13.097336 33.520008 0.000000 0.000000 
-7.019470 -14.238250 -0.804430 -17.444710 25.322275 0.000000 0.000000 
-6.370464 -16.727692 -2.499372 -8.980347 25.687984 0.000000 0.000000 
-6.379714 -17.048046 -3.239015 -14.393005 22.094173 0.000000 0.000000 
-18.247162 -2.099778 -0.433211 2.770988 43.190781 0.000000 0.000000 
-18.220243 -2.756945 0.181470 3.808960 41.647270 0.000000 0.000000 
-18.409691 -2.546511 -0.191495 3.200462 40.200039 0.000000 0.000000 
-18.680494 -2.097080 -0.239323 6.956116 45.257435 0.000000 0.000000 
-18.682209 -2.090009 -0.249387 7.166672 45.220867 0.000000 0.000000 
-6.231091 -19.048584 -2.226674 -6.604546 30.272846 0.000000 0.000000 
-19.256699 -6.036204 -3.119967 -9.164848 28.069658 0.000000 1.000000 
-20.360498 -0.865163 -1.071179 4.457817 41.942768 0.000000 0.000000 
-20.360765 -0.881145 -0.972790 3.613091 40.253677 0.000000 0.000000 
-20.487114 2.745825 1.142583 -9.867004 24.357384 1.000000 0.000000 
-18.748295 -11.314387 1.407623 0.742729 34.969879 0.000000 0.000000 
-18.781097 -11.360024 1.297047 0.389374 32.855461 0.000000 0.000000 
-20.998106 4.722081 -0.631242 -0.181625 33.226654 0.000000 0.000000 
-19.149065 -11.554199 2.137149 0.843071 32.365303 0.000000 0.000000 
-19.377754 -11.148633 0.512211 -2.486168 32.915779 0.000000 0.000000 
-19.613628 -11.611022 2.909139 1.059937 33.933052 0.000000 0.000000 
-19.917391 -11.156700 1.238474 0.557816 35.328659 0.000000 0.000000 
-18.331327 -14.275944 -0.685139 16.469803 45.815491 0.000000 0.000000 
-18.400740 -14.339829 -0.759649 13.787422 45.195435 0.000000 0.000000 
-18.611660 -14.464725 -1.058432 0.495316 32.086288 0.000000 0.000000 
-18.638062 -14.438314 -1.222153 -3.331680 31.639635 0.000000 0.000000 
-18.102686 -15.726721 -1.165824 -5.492462 26.999718 0.000000 0.000000 
-22.631952 6.489268 1.940176 -5.867538 25.823660 0.000000 0.000000 
-7.152626 -24.612827 6.346122 -7.535858 23.181801 0.000000 0.000000 
-6.783134 -24.734165 4.898616 -4.518799 24.578609 0.000000 0.000000 
-19.854044 -16.935577 7.279840 -6.905762 24.145256 0.000000 0.000000 
-25.533350 13.440841 -0.188576 -4.526245 24.924381 0.000000 1.000000 
-29.459669 -2.683671 5.011653 -6.612946 24.630812 0.000000 0.000000 
14.315473 -26.821285 -0.016977 2.441490 27.404577 0.000000 0.000000 
14.044460 -27.036320 -0.139028 1.598129 26.901466 0.000000 0.000000 
12.956667 -28.927391 -0.506893 3.438889 30.303955 0.000000 0.000000 
13.999991 -28.397667 1.285171 4.617470 29.664059 0.000000 0.000000 
14.238271 -28.552330 -0.315282 -0.052345 24.911388 0.000000 0.000000 
-29.416004 14.076279 2.185555 -4.031639 22.112255 0.000000 1.000000 
-31.565929 -11.978038 1.297749 -3.359863 24.474623 0.000000 0.000000 
13.232260 -31.060825 1.759309 -2.897453 25.391052 0.000000 0.000000 
12.022486 -32.408554 0.599330 -2.718323 22.837692 0.000000 1.000000 
10.450056 -40.359539 2.232672 -3.790939 24.084538 0.000000 0.000000 
4.638166 -41.560532 -4.518338 -2.005562 23.704716 0.000000 1.000000 
10.960687 -40.648457 0.721980 -1.758537 23.123402 0.000000 0.000000 
16.066174 -40.985317 -0.807918 -1.701897 21.034834 0.000000 0.000000 
15.995826 -41.473289 0.478145 -1.890358 22.055529 0.000000 0.000000 
16.261736 -41.815475 0.328135 -2.956268 20.123695 0.000000 0.000000 
-45.615265 -3.013555 4.037659 -6.385193 19.800692 0.000000 0.000000 
24.096645 -39.567036 2.091511 14.502235 29.732220 0.000000 0.000000 
-44.177002 -17.040691 0.593352 -1.995247 20.567078 0.000000 1.000000 
-47.175079 -4.523224 3.521440 -5.888931 19.940279 0.000000 0.000000 
-47.734543 -3.612996 2.875808 -6.056030 18.508076 0.000000 0.000000 
-27.499887 -41.635586 -2.254200 1.072426 22.377129 0.000000 1.000000 
24.773390 -42.852707 0.787837 3.459381 19.777773 0.000000 0.000000 
25.594381 -48.217861 -0.667920 4.314484 19.693520 0.000000 0.000000 
23.202608 -49.506233 5.594229 0.356133 18.845169 0.000000 0.000000 
22.672321 -49.926872 4.433754 -2.317772 16.184689 0.000000 0.000000 
23.972122 -56.612545 -3.054837 2.385201 19.108637 0.000000 1.000000 
-8.277700 -97.793823 5.075040 5.824669 16.158875 1.000000 0.000000 
-7.503171 -98.195419 4.498963 10.566261 19.792360 1.000000 0.000000 
-107.024544 -2.771020 6.447072 7.872574 18.271101 0.000000 0.000000 
-107.271805 -1.906840 6.031336 14.627975 21.699749 0.000000 0.000000 
-107.277519 -1.198251 4.733446 15.724098 24.253468 0.000000 0.000000 
-107.488342 -2.983829 2.616467 2.834328 19.209454 0.000000 0.000000 
-20.719032 -106.316833 -5.357254 8.567595 13.496910 0.000000 0.000000 
-115.457886 -3.096555 6.709378 12.128624 20.814133 0.000000 0.000000 
-115.471786 -2.437859 6.801448 8.605301 17.560791 0.000000 0.000000 
56.962048 -102.892181 6.179656 18.900238 19.794847 0.000000 0.000000 
56.355198 -103.342445 5.025931 21.647072 22.504786 0.000000 0.000000 
56.140327 -103.552284 8.511985 13.549416 15.178333 0.000000 0.000000 
66.356277 -107.916901 6.844588 21.910194 20.618450 0.000000 0.000000 
60.681454 -147.532257 7.980042 20.077133 18.501324 0.000000 0.000000 
2.308463 -8.749784 0.073310 -1.906746 43.481255 0.000000 0.000000 
2.258498 -8.955316 0.012001 4.790175 46.019920 0.000000 0.000000 
2.245610 -8.959246 -0.021351 3.179207 47.100967 0.000000 0.000000 
2.162664 -9.424670 -0.092253 -1.542183 44.072742 0.000000 0.000000 
2.218721 -9.471842 0.047941 -4.281418 40.965721 0.000000 0.000000 
2.187189 -9.686963 -0.169713 -4.406410 38.580612 0.000000 0.000000 
2.197152 -9.954647 -0.239897 -3.624107 40.156319 0.000000 0.000000 
2.288251 -10.127607 -0.317584 -2.578629 39.099659 0.000000 0.000000 
2.232732 -10.219962 0.220556 -1.955383 40.304867 0.000000 0.000000 
2.227715 -10.362093 0.170295 -3.539764 39.267078 0.000000 0.000000 
2.184952 -10.612932 -0.163457 -1.980164 41.080505 0.000000 0.000000 
2.231814 -10.623358 -0.093630 -2.449310 39.879005 0.000000 0.000000 
2.234673 -11.043423 -0.229920 0.838112 44.434967 0.000000 0.000000 
2.156278 -11.109851 -0.230734 1.746521 43.450920 0.000000 0.000000 
2.236056 -11.377807 -0.014402 -7.885620 40.309128 0.000000 0.000000 
2.336930 -11.438473 0.030422 -3.094467 42.598785 0.000000 0.000000 
11.413703 -0.821557 2.768818 -9.883064 36.835995 0.000000 0.000000 
2.101928 -11.599889 0.284253 -5.702209 38.653770 0.000000 0.000000 
11.943535 -3.147434 -0.057011 8.779312 48.615192 0.000000 0.000000 
11.944264 -3.148991 0.032898 7.073700 45.442486 0.000000 0.000000 
4.165091 -12.289298 3.299831 -7.716629 34.067200 0.000000 0.000000 
4.082099 -12.368289 3.167333 -9.185966 34.226044 0.000000 0.000000 
15.851652 -0.919533 -0.721317 2.190453 39.396065 0.000000 0.000000 
15.903693 -0.878198 -0.604787 -0.006042 37.357986 0.000000 0.000000 
-6.579909 -15.153762 4.527859 -9.420128 26.766006 0.000000 0.000000 
-6.169405 -15.595557 -1.694179 -8.544685 27.549742 0.000000 0.000000 
17.046902 0.413247 -0.714618 8.265564 44.261360 0.000000 0.000000 
17.172840 0.374420 -0.769281 5.202888 42.773979 0.000000 0.000000 
-6.646046 -16.559010 -1.224317 -8.862717 27.422255 0.000000 0.000000 
-6.691094 -16.603523 -1.192649 -5.076889 31.169724 0.000000 0.000000 
-6.900165 -17.273205 -1.202263 -7.395912 26.524570 0.000000 0.000000 
-6.753120 -17.342865 -0.922921 -10.683655 25.578011 0.000000 0.000000 
17.013195 8.542977 0.288034 10.084274 39.190937 0.000000 0.000000 
17.047338 8.695442 0.407983 10.138916 39.370083 0.000000 0.000000 
-8.518615 -17.853882 -0.542250 -5.526237 26.507236 0.000000 0.000000 
-7.360055 -18.906860 -3.374186 -8.485939 28.754230 0.000000 0.000000 
18.177664 10.018218 0.204622 3.983063 34.325855 0.000000 0.000000 
18.280186 9.912559 0.069731 9.844879 41.921726 0.000000 0.000000 
18.302561 9.904949 -0.014946 5.251236 39.494972 0.000000 0.000000 
18.424347 9.959034 -0.032121 6.820807 39.290165 0.000000 0.000000 
-7.651232 -21.370449 6.262628 -1.161621 30.608688 0.000000 0.000000 
22.124617 9.121029 0.165148 7.802115 39.607182 0.000000 0.000000 
21.732317 10.147330 0.369279 8.623505 37.490192 0.000000 0.000000 
22.653254 -10.875336 -1.905572 -1.626610 30.144331 0.000000 1.000000 
21.929779 11.008121 -2.342919 1.057510 32.604366 0.000000 0.000000 
20.685169 -18.264214 -0.365512 -9.838737 18.132759 1.000000 1.000000 
26.397436 8.757249 -0.304060 14.828255 38.224682 0.000000 0.000000 
26.426283 8.917076 0.003360 11.759567 36.961948 0.000000 0.000000 
24.781647 -15.012938 2.543452 -4.380928 25.603533 0.000000 0.000000 
24.981152 -15.603602 6.982997 -2.721725 25.025301 0.000000 0.000000 
25.465290 -15.372551 0.108193 2.827919 28.532827 0.000000 0.000000 
25.738598 -15.111721 8.886889 -1.172882 26.101147 0.000000 0.000000 
26.753315 -13.708472 8.492174 0.694122 29.101730 0.000000 0.000000 
27.329193 -12.551947 6.604664 -6.985062 26.698236 0.000000 0.000000 
28.612915 8.579361 -0.494514 14.051880 37.044662 0.000000 0.000000 
28.546061 8.815867 -0.445392 16.882011 39.762173 0.000000 0.000000 
23.523724 -21.630924 0.654587 3.654800 30.127647 0.000000 0.000000 
23.618788 -21.651398 0.714360 5.675453 32.454037 0.000000 0.000000 
30.526171 8.047224 -0.033641 9.478699 33.043449 0.000000 0.000000 
30.396498 8.471520 0.417907 9.752670 32.977234 0.000000 0.000000 
30.958317 7.825841 9.850698 -3.397827 23.468962 0.000000 0.000000 
22.850504 -24.522141 8.972569 -1.725433 24.736076 0.000000 0.000000 
32.743820 -7.271569 13.952920 -2.713692 25.626734 0.000000 0.000000 
32.363758 9.053660 -0.666451 17.531746 37.551216 0.000000 0.000000 
32.284245 9.314629 -0.701395 17.340088 39.239960 0.000000 0.000000 
32.386501 9.167371 -0.675364 20.458870 42.749039 0.000000 0.000000 
22.404814 -29.654243 3.479164 -2.337296 20.900208 0.000000 0.000000 
6.356906 -36.538902 -1.506409 -3.574776 24.059441 0.000000 0.000000 
6.730141 -36.516579 -0.127752 -0.899879 24.253452 0.000000 0.000000 
28.413406 -25.416706 5.998028 -1.343185 24.523239 0.000000 0.000000 
3.893057 -41.373299 6.663357 -0.963524 25.201984 0.000000 0.000000 
43.104706 -0.542087 1.189240 12.024040 34.117428 0.000000 0.000000 
43.247177 -0.524920 1.291873 11.179237 32.381779 0.000000 0.000000 
6.081385 -44.136162 -1.715169 -3.138748 19.954807 0.000000 0.000000 
46.644386 7.735079 -2.459976 18.201546 33.879860 0.000000 0.000000 
46.646301 8.263665 -4.255237 19.833694 35.716167 0.000000 0.000000 
46.526600 16.964676 1.035338 15.423607 32.889450 0.000000 0.000000 
46.677177 16.652042 1.634044 14.039909 31.631256 0.000000 0.000000 
47.292370 16.045967 -2.421791 7.667511 26.676111 0.000000 0.000000 
47.632294 15.099141 0.049639 3.362137 22.201986 0.000000 0.000000 
50.473263 9.345182 -1.521189 7.991591 28.279064 0.000000 0.000000 
50.367607 9.851308 -0.783349 12.741211 32.497379 0.000000 0.000000 
50.175816 10.707927 0.075375 10.404938 29.341772 0.000000 0.000000 
50.521584 14.746511 0.681767 4.232010 21.029655 0.000000 0.000000 
52.502365 9.302454 0.361413 16.364990 32.573967 0.000000 0.000000 
52.599766 9.134012 -0.016189 18.440613 33.329243 0.000000 0.000000 
52.687805 8.688966 -0.017331 15.675095 34.340916 0.000000 0.000000 
53.374546 10.703074 -1.336361 3.061096 19.101818 0.000000 0.000000 
54.900642 7.152224 -0.298039 22.391922 38.234108 0.000000 0.000000 
54.967236 7.060127 -0.600926 19.733559 34.556190 0.000000 0.000000 
56.915127 6.393991 -2.470872 19.479713 35.095406 0.000000 0.000000 
56.705498 9.603849 2.582985 10.653900 23.997940 0.000000 0.000000 
56.514503 10.633121 -3.478728 9.008820 24.793419 0.000000 0.000000 
55.453930 16.896248 -5.882506 4.284836 19.929253 0.000000 0.000000 
56.288029 14.856219 -4.281044 8.313210 22.263847 0.000000 1.000000 
55.710609 16.989296 -0.266352 6.299652 20.835304 0.000000 0.000000 
58.506313 8.896142 -0.959371 21.005539 33.679520 0.000000 0.000000 
58.711670 8.543142 -1.334477 21.052864 34.697327 0.000000 0.000000 
60.413147 9.766546 0.142381 23.965805 36.704075 0.000000 0.000000 
60.351704 10.104810 0.304966 20.723938 33.861515 0.000000 0.000000 
61.677662 -9.530665 -3.226731 2.261627 19.609814 0.000000 0.000000 
61.952091 -9.338078 2.565329 7.526175 24.616531 0.000000 0.000000 
62.013866 -9.291991 3.029499 8.404663 24.786152 0.000000 0.000000 
62.019382 -10.698712 3.118106 6.494781 22.319172 0.000000 0.000000 
62.052937 -11.214068 2.756115 6.690094 23.459585 0.000000 0.000000 
62.617821 9.010656 -1.551685 12.710983 27.829630 0.000000 0.000000 
62.726208 8.536652 -2.587934 12.235748 27.799149 0.000000 0.000000 
61.935143 15.891210 -3.332901 4.521118 18.984453 0.000000 0.000000 
5.937225 -64.233185 -4.853864 1.074211 18.619738 0.000000 1.000000 
57.520317 -31.771748 1.087453 15.634491 29.640654 0.000000 0.000000 
57.604019 -31.815964 2.126531 17.983437 29.793629 0.000000 0.000000 
57.552315 -32.137794 6.697975 15.537895 28.058647 0.000000 0.000000 
66.176819 -11.241803 0.524014 -1.869675 17.709707 0.000000 0.000000 
66.453217 -10.149035 2.186294 2.145233 18.850849 0.000000 0.000000 
66.710541 -10.683500 -0.628263 8.490439 27.652500 0.000000 0.000000 
66.716232 -10.878071 0.405940 13.058899 29.192457 0.000000 0.000000 
67.929451 10.309543 -1.986376 4.482010 18.220724 0.000000 0.000000 
67.745834 13.173052 2.120230 21.968246 32.224892 0.000000 0.000000 
67.862679 13.175256 2.005677 24.249878 35.160271 0.000000 0.000000 
70.402817 9.653241 0.352694 10.672791 24.183914 0.000000 0.000000 
57.827122 -43.392410 5.068523 13.467438 26.952379 0.000000 0.000000 
72.551620 9.123858 -0.055062 29.539825 40.092751 0.000000 0.000000 
72.654465 8.780505 -0.203485 25.533165 35.378780 0.000000 0.000000 
74.827232 6.635054 -3.017133 13.438568 24.153044 0.000000 0.000000 
74.870941 7.034615 -3.715607 16.467461 27.279285 0.000000 0.000000 
74.823631 8.156018 -3.484110 9.059349 21.775078 0.000000 0.000000 
55.725056 -52.853191 1.109890 15.087791 25.664143 0.000000 0.000000 
56.246365 -52.526188 0.951006 19.541534 30.644495 0.000000 0.000000 
-23.419445 -72.829361 -2.760755 9.637154 22.536154 0.000000 0.000000 
76.675499 8.753100 -0.980539 14.688538 26.770552 0.000000 0.000000 
76.772873 8.352800 -1.811498 13.866219 24.771692 0.000000 0.000000 
78.641617 8.593649 -1.615870 20.589790 30.461918 0.000000 0.000000 
78.862274 8.065263 -2.218130 18.528458 29.046978 0.000000 0.000000 
80.476677 9.247283 -0.689037 13.716415 23.596060 0.000000 0.000000 
80.662727 8.964446 -1.283027 14.448746 26.938549 0.000000 0.000000 
80.630165 9.617376 -0.411048 10.125793 22.886318 0.000000 0.000000 
82.306450 10.430850 -1.677110 7.399246 20.332649 0.000000 0.000000 
83.274162 -10.636092 12.038610 3.470505 17.047461 0.000000 0.000000 
-34.857964 -77.138779 0.710319 4.791092 15.652039 0.000000 0.000000 
86.324127 10.821610 2.028904 13.140762 21.684872 0.000000 0.000000 
86.400597 10.629070 1.601719 13.328758 20.768564 0.000000 0.000000 
86.852013 -10.305856 8.242340 6.877991 18.542057 0.000000 0.000000 
57.633636 -67.872871 5.177759 16.436272 25.319839 0.000000 0.000000 
58.069668 -67.614120 5.735682 16.081230 24.525974 0.000000 0.000000 
58.078632 -67.749763 3.778451 16.250252 24.158506 0.000000 0.000000 
88.632187 9.364800 1.963296 12.762383 23.299194 0.000000 0.000000 
88.614738 9.547616 1.692745 16.106026 24.562071 0.000000 0.000000 
89.462074 -0.920633 -1.952200 5.964934 17.558300 0.000000 0.000000 
89.292999 -9.619745 9.325750 9.209625 22.025011 0.000000 0.000000 
90.303680 -11.359952 7.626095 2.210297 16.452862 0.000000 0.000000 
90.480072 9.854781 1.121058 22.046669 29.042080 0.000000 0.000000 
90.597908 10.152412 1.443770 24.933899 31.697468 0.000000 0.000000 
91.093590 -11.545543 7.966908 9.139969 23.698759 0.000000 0.000000 
91.269180 -10.848147 8.906750 7.431122 22.120054 0.000000 0.000000 
91.189034 -11.614792 9.575003 8.919182 23.972977 0.000000 0.000000 
91.350716 -12.751452 13.313649 14.843208 24.828270 0.000000 0.000000 
91.463219 -12.466653 12.240876 8.908524 20.576756 0.000000 0.000000 
91.522156 -12.644038 14.204317 12.389580 23.487282 0.000000 0.000000 
91.801582 -12.846201 11.694132 9.018990 19.122137 0.000000 0.000000 
91.968254 -12.181235 12.531062 7.961905 17.898928 0.000000 0.000000 
92.799652 7.846849 -1.358946 19.860962 28.155399 0.000000 0.000000 
92.842415 8.051173 -0.981594 17.924004 25.481689 0.000000 0.000000 
92.684685 -11.979359 11.890611 9.374435 18.579273 0.000000 0.000000 
92.787231 -11.925884 13.717216 8.255240 17.409248 0.000000 0.000000 
94.667549 8.287510 1.412226 6.401604 14.217258 0.000000 0.000000 
96.325050 -11.957240 8.200314 10.818001 21.568563 0.000000 0.000000 
96.416672 -11.572748 8.936353 10.544724 21.181862 0.000000 0.000000 
97.468872 -12.205399 8.074647 8.148102 17.324179 0.000000 0.000000 
102.555962 9.396484 3.854250 8.202217 15.953362 0.000000 0.000000 
108.518776 -9.589686 9.142368 11.841660 18.162634 0.000000 0.000000 
108.530602 -9.889214 9.765752 12.451157 17.977001 0.000000 0.000000 
107.736427 16.533802 -0.460187 16.620323 21.842422 0.000000 0.000000 
107.827324 16.259518 -0.994746 12.679337 18.807636 0.000000 0.000000 
113.527702 -8.697212 15.144553 13.034569 17.997641 0.000000 0.000000 
113.559586 -8.725615 14.257707 16.688263 21.216934 0.000000 0.000000 
113.597473 -8.568766 16.363943 11.868301 17.217390 0.000000 0.000000 
6.500165 -115.958870 -4.117589 9.601418 16.278502 0.000000 0.000000 
55.356201 -103.708618 -2.213226 17.046013 22.309620 0.000000 0.000000 
118.278557 0.619139 5.091829 8.623642 16.800114 0.000000 0.000000 
118.247948 3.837628 2.358879 16.448624 22.391283 0.000000 0.000000 
118.629814 8.264285 -5.618862 14.082047 18.543945 0.000000 0.000000 
118.795692 8.651940 -4.552070 12.575859 19.384300 0.000000 0.000000 
118.731865 10.030795 -2.778291 14.062996 19.027370 0.000000 0.000000 
119.892120 1.896049 0.155175 9.426575 16.329348 0.000000 0.000000 
119.974510 0.484931 -1.117092 10.621613 16.814991 0.000000 0.000000 
120.758720 8.973374 0.611298 11.156082 14.288921 0.000000 0.000000 
124.622665 8.558509 -3.351351 11.610184 15.947983 0.000000 0.000000 
127.285973 17.612232 4.095196 19.945602 21.469891 0.000000 0.000000 
128.750961 7.219607 -5.464466 11.846588 14.719173 0.000000 0.000000 
9.857023 -129.319565 1.158288 14.570633 17.810272 0.000000 0.000000 
6.129170 -130.752319 -2.616301 11.278214 14.889545 0.000000 0.000000 
7.845212 -131.898148 1.867306 10.036942 14.092777 0.000000 0.000000 
132.915329 -13.405438 4.733652 13.447914 18.380520 0.000000 0.000000 
7.642719 -134.380035 1.103972 17.399208 19.260231 0.000000 0.000000 
134.431168 9.615243 -5.797072 14.458839 16.346354 0.000000 0.000000 
7.164070 -135.640106 0.549946 13.745743 18.406197 0.000000 0.000000 
136.597076 11.594450 -3.980762 15.375679 17.961540 0.000000 0.000000 
138.203415 12.492742 -0.684702 19.947319 21.277042 0.000000 0.000000 
5.949135 -140.903839 -1.879764 12.322426 14.769985 0.000000 0.000000 
140.460983 10.728446 -3.759456 14.023140 14.864372 0.000000 0.000000 
8.286644 -142.140213 -6.445697 13.385384 16.282160 0.000000 0.000000 
142.312012 12.555959 0.613792 21.405159 23.198282 0.000000 0.000000 
7.933273 -143.392319 0.216058 23.368492 26.116693 0.000000 0.000000 
7.472231 -144.650848 -3.418269 22.088760 23.480551 0.000000 0.000000 
144.425095 11.902285 2.547873 12.152573 15.449612 0.000000 0.000000 
6.803058 -145.873947 0.383956 12.890045 16.140297 0.000000 0.000000 
7.184437 -145.892990 -4.605258 18.178307 20.512207 0.000000 0.000000 
7.799451 -147.098557 -0.576447 25.259102 27.644550 0.000000 0.000000 
8.619572 -148.286163 -4.271023 21.825455 23.351135 0.000000 0.000000 
148.511215 12.151862 2.955406 17.817177 18.428795 0.000000 0.000000 
6.829743 -149.602020 -4.712397 18.390984 19.565430 0.000000 0.000000 
6.870533 -150.831146 -7.925115 13.981461 15.459564 0.000000 0.000000 
150.200455 12.462294 -1.066498 17.318909 17.321436 0.000000 0.000000 
8.219762 -151.182404 -5.818324 12.831657 15.507023 0.000000 0.000000 
7.919858 -156.944748 -2.083412 11.418976 14.039917 0.000000 0.000000 
5.334541 -159.130127 -3.802341 13.315285 15.972286 0.000000 0.000000 
164.137314 -14.121511 13.736752 19.156776 19.972836 0.000000 0.000000 
166.422699 -10.928414 15.788778 16.087639 15.833572 0.000000 0.000000 
57.527271 -159.086517 5.620479 13.945686 15.724777 0.000000 0.000000 
7.952973 -173.358353 -5.170473 21.174507 20.647831 0.000000 0.000000 
7.589933 -174.076935 -3.197256 15.330849 15.070904 0.000000 0.000000 
184.860260 63.595566 7.729067 22.599342 15.434181 0.000000 0.000000 
193.304062 61.647926 6.063808 20.959938 14.561394 0.000000 0.000000 
1.766964 4.556742 -0.026662 -45.395512 18.696180 1.000000 1.000000 
1.974481 6.381639 -0.056941 -43.837128 21.371517 1.000000 1.000000 
1.776277 8.382741 -0.045410 -50.963943 10.908173 1.000000 1.000000 
-0.331623 8.829897 0.013824 -45.287170 17.568510 1.000000 1.000000 
3.033480 10.599585 0.065696 -31.381790 11.002747 1.000000 1.000000 
1.700900 11.166550 -0.015833 -37.871719 9.661568 1.000000 1.000000 
2.301334 12.331272 0.415347 -16.166290 32.818447 0.000000 0.000000 
2.023316 12.475815 -0.070288 -35.380341 15.614410 1.000000 1.000000 
2.220983 12.838901 -1.002062 -11.342682 35.890003 0.000000 0.000000 
2.237113 12.984066 -0.934239 -22.225464 32.973278 0.000000 0.000000 
2.200940 13.101854 -1.154901 -11.035156 33.623100 0.000000 0.000000 
2.278496 13.528965 -0.080731 -2.143799 38.470249 0.000000 0.000000 
2.362526 13.953384 -0.107903 -0.053093 41.549145 0.000000 0.000000 
2.157377 14.158780 -0.088394 -28.671242 13.162231 1.000000 1.000000 
2.480606 14.263860 0.084216 -31.795876 10.306934 1.000000 1.000000 
2.324703 14.383564 -0.155835 3.027534 43.606853 0.000000 0.000000 
2.314896 14.394632 -0.159702 0.255493 40.186859 0.000000 0.000000 
2.304917 14.493494 -0.148375 2.113266 41.438049 0.000000 0.000000 
2.199109 14.638974 -0.044333 -35.692253 8.076786 1.000000 1.000000 
2.356421 14.842236 -0.126793 -3.691925 35.476315 0.000000 0.000000 
2.270150 15.183873 0.136849 -9.434624 35.783688 0.000000 0.000000 
2.273198 15.287249 0.185484 -12.537903 36.461506 0.000000 0.000000 
2.333897 15.679121 0.289681 -7.510071 36.419144 0.000000 0.000000 
2.336206 15.826410 0.258962 -7.774765 32.148594 0.000000 0.000000 
2.257777 16.178343 -0.184995 -15.507416 32.840675 0.000000 0.000000 
2.065840 16.322433 -0.301650 -18.261024 25.978313 1.000000 1.000000 
2.548205 16.460884 0.109070 -39.022469 8.514263 1.000000 1.000000 
2.340216 16.605274 -0.040270 -7.882874 36.246784 0.000000 0.000000 
2.330350 16.712961 -0.031713 -5.942200 34.785774 0.000000 0.000000 
2.241722 16.734001 0.210710 -17.739151 27.606331 0.000000 0.000000 
2.192560 17.246544 -0.049917 -19.029808 28.161686 0.000000 0.000000 
-7.206359 15.410841 -5.166215 -33.794823 10.317673 1.000000 1.000000 
2.266299 17.515541 -0.165620 -3.287437 36.837799 0.000000 0.000000 
2.285234 17.536329 -0.073646 -2.811028 37.311024 0.000000 0.000000 
2.304733 17.951427 0.327962 -7.282593 30.333912 0.000000 0.000000 
2.404102 18.236553 -0.183596 -11.644623 26.987331 1.000000 1.000000 
2.346335 18.259708 0.347475 -4.116928 31.031446 0.000000 0.000000 
2.339070 18.361198 -1.332041 -5.766716 34.270683 0.000000 0.000000 
2.269056 18.699387 0.055417 -11.759857 26.653185 0.000000 0.000000 
2.134023 19.037992 -0.116772 -18.578568 20.140169 1.000000 1.000000 
2.250651 19.324099 0.264782 -8.527153 29.246683 0.000000 0.000000 
2.066086 19.475540 0.025244 -21.168015 16.529163 1.000000 1.000000 
2.339494 19.502161 -0.258898 -26.007317 11.297165 1.000000 1.000000 
2.370878 19.563618 0.053991 -29.652306 7.976715 1.000000 1.000000 
2.180611 19.740587 -0.056494 3.327934 40.269203 0.000000 0.000000 
2.227436 19.871752 0.184649 3.029961 39.828522 0.000000 0.000000 
2.195187 20.427538 0.368451 -4.154175 34.050598 0.000000 0.000000 
2.245049 20.451460 -0.104065 -1.063797 37.440220 1.000000 1.000000 
2.152777 20.576530 -0.547479 8.277870 46.817245 0.000000 0.000000 
2.217823 20.975300 -0.443904 -0.446014 35.382248 0.000000 0.000000 
2.189487 21.001381 -0.482097 5.489784 42.645435 0.000000 0.000000 
2.497401 21.292265 -0.139457 -31.106117 10.950031 1.000000 1.000000 
2.707132 23.546930 0.693873 -13.858559 28.939077 0.000000 0.000000 
-6.570187 22.861582 0.315845 -9.395782 27.615984 0.000000 0.000000 
-6.567723 23.074400 0.301862 -6.691269 30.117352 0.000000 0.000000 
-7.026986 23.371864 0.407292 -11.765419 28.856003 0.000000 0.000000 
-7.423833 24.138584 0.713622 -16.132454 25.835419 0.000000 0.000000 
-7.323975 24.185678 0.607927 -13.835197 26.977255 0.000000 0.000000 
7.975548 24.410973 3.238457 -16.693504 23.564484 0.000000 0.000000 
7.820446 24.817942 -0.964226 -11.826103 27.640533 0.000000 0.000000 
3.302318 26.546431 0.243028 -15.121765 25.053581 0.000000 0.000000 
7.293982 26.023809 -0.562833 -13.110382 25.555441 0.000000 0.000000 
22.291201 12.117220 9.102061 6.381912 24.990063 0.000000 1.000000 
3.333091 27.462225 0.472907 -15.114891 25.011181 0.000000 1.000000 
-7.873713 27.087667 -2.073195 -14.814751 23.316193 0.000000 0.000000 
7.855366 27.194918 6.477629 -14.509842 26.057455 0.000000 0.000000 
-7.788143 27.230196 -1.984020 -9.868294 26.983700 0.000000 0.000000 
7.148114 27.873976 10.419034 -12.817467 24.936743 0.000000 0.000000 
8.453231 27.874718 3.916885 -11.227554 24.487974 0.000000 0.000000 
-9.352148 27.577078 0.035272 -13.384766 24.728970 0.000000 0.000000 
7.802268 28.861778 10.901552 -12.612953 25.040686 0.000000 0.000000 
5.893925 30.450607 3.746042 -14.675430 24.904482 0.000000 0.000000 
5.939026 30.904757 5.632655 -16.044365 23.987837 0.000000 0.000000 
23.684885 18.341087 -0.892816 6.873642 24.823338 0.000000 1.000000 
6.258935 31.238569 -0.350690 -15.699486 23.797146 0.000000 0.000000 
-24.876179 17.713806 -0.387022 3.491936 20.396008 0.000000 1.000000 
6.891917 31.532789 8.356668 -15.127655 23.701958 0.000000 0.000000 
-15.548316 27.830877 0.141687 -13.320648 21.794510 0.000000 0.000000 
6.983741 31.695051 2.406830 -12.770172 22.239685 1.000000 1.000000 
6.852546 32.323769 2.226020 0.243469 32.993217 0.000000 0.000000 
7.008516 32.385223 2.347423 -0.634109 33.998142 0.000000 0.000000 
6.815825 32.683094 -0.720976 -16.652924 16.946693 1.000000 1.000000 
7.304898 32.583801 1.633015 -16.931137 20.671881 0.000000 0.000000 
6.208787 33.028786 -0.131134 -16.272423 21.872295 0.000000 0.000000 
6.536228 33.303177 8.201639 -17.327202 19.864613 0.000000 0.000000 
7.009795 33.725693 -0.807947 -1.252312 32.632465 0.000000 0.000000 
7.046373 33.852402 -0.833242 -2.169373 30.401703 0.000000 0.000000 
6.369365 34.278950 -0.915054 -15.967720 21.073864 0.000000 0.000000 
15.429768 30.876484 1.002710 -3.456467 29.033804 0.000000 0.000000 
6.644809 34.677704 6.274128 -12.214165 22.277822 0.000000 0.000000 
7.294620 34.549717 3.418386 -7.828178 26.168978 0.000000 0.000000 
7.269931 34.599533 3.352031 -7.774048 25.635815 0.000000 0.000000 
7.251221 34.991844 3.360505 -14.423256 23.286617 0.000000 0.000000 
6.093012 35.511185 4.041776 -9.911819 21.545408 0.000000 0.000000 
6.094780 35.528343 4.197256 -10.932823 22.586889 0.000000 0.000000 
8.234132 35.200485 1.685691 -4.690834 28.980486 0.000000 0.000000 
6.661756 35.581223 4.004663 -7.657471 27.315195 0.000000 0.000000 
6.369744 35.980274 -0.283824 -15.987617 21.797297 0.000000 0.000000 
6.954925 35.950726 3.422840 -12.550735 23.316462 0.000000 0.000000 
6.439607 36.084492 3.302576 -9.981277 25.901186 0.000000 0.000000 
6.389350 36.477154 2.212639 -9.735306 25.135815 0.000000 0.000000 
5.967188 36.587532 1.739666 -16.334976 23.286932 0.000000 0.000000 
6.504337 36.551117 0.206576 -12.059334 22.645033 0.000000 0.000000 
6.538160 36.832024 -0.272756 -9.779572 21.916023 0.000000 0.000000 
6.710204 36.893311 2.378763 -13.945801 22.141478 0.000000 0.000000 
6.211550 37.239613 0.281457 -10.568146 21.915001 0.000000 0.000000 
6.677258 37.315090 0.196132 -17.556992 19.814222 0.000000 0.000000 
6.135459 37.442116 9.004681 -9.205879 23.671143 0.000000 0.000000 
6.456958 37.497547 6.344564 -16.242226 19.140062 0.000000 0.000000 
6.375863 38.531620 0.182610 -14.358978 16.127697 1.000000 1.000000 
-19.568787 33.264709 -0.356435 -7.044128 19.776876 0.000000 1.000000 
-20.324915 33.347961 -0.498549 -8.574287 19.139896 0.000000 0.000000 
7.091075 39.057674 -0.775588 -17.654030 19.398241 0.000000 0.000000 
6.735698 39.449169 -0.614478 -11.856201 19.941504 0.000000 0.000000 
6.728028 39.532005 -0.554875 -14.284065 19.207153 0.000000 0.000000 
6.246969 39.722755 10.547656 -21.074089 15.047440 0.000000 0.000000 
6.587079 39.999271 -0.592185 -15.741272 18.102652 0.000000 0.000000 
6.050937 40.149525 3.385517 -15.137344 18.707874 0.000000 0.000000 
5.966696 40.549595 0.946007 -15.270569 18.908329 0.000000 0.000000 
12.475330 39.168575 4.114024 -15.480278 17.558132 0.000000 0.000000 
6.045620 40.978443 5.280087 -14.944717 18.094328 0.000000 0.000000 
10.183653 40.521835 3.662651 -19.442543 15.326653 0.000000 0.000000 
7.390621 41.266144 -1.039946 -14.395866 18.124771 1.000000 1.000000 
8.905475 41.272709 3.077866 -12.956985 20.167183 0.000000 0.000000 
9.156726 41.252342 3.500398 -12.233437 19.182360 0.000000 0.000000 
7.202666 41.716320 -1.365603 -12.358658 22.607773 0.000000 0.000000 
7.281078 41.730011 -1.317638 -17.247513 17.241032 0.000000 0.000000 
7.576019 41.763630 -0.770184 -9.771469 21.009338 0.000000 0.000000 
7.558046 41.975639 -0.790096 -7.958778 23.921715 0.000000 0.000000 
8.188254 41.878483 -6.487569 -13.619461 20.994127 0.000000 0.000000 
5.079088 42.845024 -0.690359 -8.633102 21.547062 0.000000 0.000000 
5.088203 42.851761 -0.445765 -10.120613 20.022116 0.000000 0.000000 
5.554345 43.108234 -0.434232 -15.039124 18.601255 0.000000 0.000000 
5.200186 43.583282 -0.431904 -8.596718 20.829889 0.000000 0.000000 
5.272504 43.584095 -0.433001 -15.084641 16.506702 0.000000 0.000000 
5.240491 43.592449 -0.524763 -18.934906 14.561245 0.000000 0.000000 
5.225428 43.623535 -0.591147 -8.021233 20.757847 0.000000 0.000000 
5.323017 43.682426 -0.247729 -13.514725 18.731562 0.000000 0.000000 
5.292338 43.715275 -0.496374 -7.689606 22.133501 0.000000 0.000000 
5.278043 44.073174 -0.579764 -19.275482 12.312180 1.000000 1.000000 
5.296977 44.071697 -0.123047 -14.128998 17.464958 0.000000 0.000000 
5.244652 44.128738 -1.054173 -15.472633 18.949659 0.000000 0.000000 
7.833716 43.763828 2.947145 -5.225807 24.488001 0.000000 0.000000 
7.815311 43.885765 3.480167 -12.022568 18.260900 0.000000 0.000000 
7.854178 43.930771 2.841568 -3.134903 25.811253 0.000000 0.000000 
7.448664 44.261402 5.424865 -10.364450 19.190546 0.000000 0.000000 
7.958851 44.461445 3.288443 -9.466911 20.046772 1.000000 1.000000 
6.625515 44.779640 -0.704651 -18.717522 16.171000 0.000000 0.000000 
13.220184 43.182262 3.056575 -11.962585 19.100159 0.000000 0.000000 
6.805312 44.822948 5.644501 -16.841873 16.910866 0.000000 0.000000 
9.699126 44.637665 0.412272 -27.026672 6.488758 1.000000 1.000000 
6.889550 45.193325 -1.092515 -17.374840 17.006557 0.000000 0.000000 
13.486474 43.674335 0.848664 -15.485597 16.039768 0.000000 0.000000 
5.452839 45.564259 -1.998590 -19.830681 14.211845 0.000000 0.000000 
12.695588 44.252594 4.904511 -14.942780 15.834789 0.000000 0.000000 
12.516663 44.322281 4.227228 -12.077866 17.894062 0.000000 0.000000 
12.613362 44.299633 4.807394 -10.977486 19.288240 0.000000 0.000000 
12.564703 44.362808 4.304748 -12.734528 18.025015 0.000000 0.000000 
7.543100 46.363605 6.531776 -14.439011 16.807129 0.000000 0.000000 
8.083843 46.273823 -0.331614 -19.359764 9.218288 1.000000 1.000000 
6.914236 46.530640 6.448292 -8.928581 21.814613 0.000000 0.000000 
7.895159 46.361683 -0.388380 -17.788963 10.945938 1.000000 1.000000 
7.864880 46.346062 4.659076 -15.016754 18.586926 0.000000 0.000000 
24.369196 39.639278 1.932823 -6.483795 18.352638 0.000000 0.000000 
21.662525 42.178566 5.694063 -8.791458 20.699385 0.000000 0.000000 
10.990278 46.676399 0.813733 -25.496948 4.552780 1.000000 1.000000 
9.737080 47.290859 0.679850 -24.529152 7.166073 1.000000 1.000000 
8.172308 47.597755 5.375796 -12.258499 19.489742 0.000000 0.000000 
7.481997 47.736691 3.905349 -8.163406 22.529274 0.000000 0.000000 
7.818681 47.844891 4.344905 -5.733376 21.967669 0.000000 0.000000 
34.970520 31.699738 1.173462 15.935013 26.684782 0.000000 0.000000 
34.947273 31.918695 1.035255 10.070663 21.989653 0.000000 0.000000 
8.095374 47.953152 2.636546 -11.294960 20.589361 0.000000 0.000000 
35.159679 31.836567 1.319199 15.478020 26.563730 0.000000 0.000000 
34.904217 32.179749 6.754571 11.995880 21.351681 0.000000 0.000000 
8.173360 48.058125 5.627840 -7.336548 22.852253 0.000000 0.000000 
9.943233 47.720406 0.710373 -26.281517 5.081432 1.000000 1.000000 
7.448958 48.609123 -5.581977 -14.953323 19.670103 0.000000 0.000000 
8.055570 48.531330 3.434786 -11.487953 18.948673 0.000000 0.000000 
10.581035 48.131775 0.108405 -21.682343 6.674408 1.000000 1.000000 
8.018130 48.635990 -6.736822 -10.989624 17.651159 0.000000 0.000000 
8.325653 48.845890 -5.653937 -17.196793 14.784718 0.000000 0.000000 
7.192810 49.094505 5.725839 -15.429260 19.733702 0.000000 0.000000 
10.119814 48.560547 4.229296 -14.232620 19.179163 0.000000 0.000000 
10.017580 48.789238 4.086494 -14.987190 17.917707 0.000000 0.000000 
9.526628 49.053246 4.071838 -14.238403 17.191082 0.000000 0.000000 
8.578869 49.264332 3.716611 -11.787872 19.536263 0.000000 0.000000 
8.734036 49.260983 3.549654 -17.063820 17.547470 0.000000 0.000000 
8.122280 49.421516 3.901985 -14.743393 15.485367 0.000000 0.000000 
8.704741 49.347134 3.934064 -11.614998 16.756285 0.000000 0.000000 
9.177235 49.592766 5.283312 -16.027451 14.767693 0.000000 0.000000 
7.734763 50.220383 6.227365 -9.294220 18.332794 0.000000 0.000000 
7.821960 50.507351 5.711261 -20.715378 7.067871 1.000000 1.000000 
-45.844334 16.387493 -0.458582 9.969917 14.455006 0.000000 1.000000 
7.713075 50.782398 5.477660 -18.885124 13.438259 0.000000 0.000000 
7.545052 51.046013 5.051117 -8.699120 20.534527 0.000000 0.000000 
8.098694 51.066013 5.269390 -19.382812 11.721561 0.000000 0.000000 
7.686382 51.200413 5.481611 -7.744484 21.144197 0.000000 0.000000 
7.710294 51.209877 -7.311226 -8.195145 20.299236 0.000000 0.000000 
7.683390 51.311890 -7.664453 -11.730606 16.847054 0.000000 0.000000 
12.777425 50.497890 3.353355 -13.586617 17.322186 0.000000 0.000000 
13.137477 50.432362 3.600417 -12.243721 18.598118 0.000000 0.000000 
12.839552 50.656075 2.976803 -10.880783 18.412201 0.000000 0.000000 
12.512894 51.058540 3.850424 -13.385201 16.449085 0.000000 0.000000 
12.047801 51.254917 3.897961 -17.446045 12.604950 0.000000 0.000000 
17.983829 49.702633 0.546594 -14.522125 15.645313 0.000000 0.000000 
17.903709 49.756603 0.336695 -13.541351 15.822792 0.000000 0.000000 
17.909815 49.805851 0.250467 -10.298782 18.177696 0.000000 0.000000 
12.847281 51.516544 4.594146 -12.775108 16.650505 0.000000 0.000000 
12.915623 51.513306 3.635073 -9.928375 19.336136 0.000000 0.000000 
6.518621 53.251747 5.768728 -17.519188 13.586998 0.000000 0.000000 
8.044448 53.299133 -5.616788 -10.354706 19.128490 0.000000 0.000000 
8.232963 53.299850 5.078780 -10.499855 21.015213 0.000000 0.000000 
10.907258 52.800465 4.598601 -13.677765 18.063194 0.000000 0.000000 
8.124990 53.565456 -6.127952 -14.575584 16.408764 0.000000 0.000000 
6.820021 53.953247 5.276889 -2.582428 26.495340 0.000000 0.000000 
7.360955 53.885159 -7.566381 -2.776512 24.543262 0.000000 0.000000 
8.406141 53.818413 -4.573826 -14.061043 18.169609 0.000000 0.000000 
6.762210 54.238262 3.948016 -0.816933 26.003466 0.000000 0.000000 
8.181789 54.080112 -6.309507 -8.497078 18.425755 0.000000 0.000000 
8.836974 54.045486 4.010142 -6.837196 22.354891 0.000000 0.000000 
8.327917 54.148834 -6.184786 -13.272247 17.902061 0.000000 0.000000 
6.607764 54.472809 -6.479031 -11.384956 18.843410 0.000000 0.000000 
6.377146 54.737000 -6.884255 -10.154442 17.275177 0.000000 0.000000 
7.716556 54.698521 4.009702 -5.357559 22.840078 0.000000 0.000000 
7.588207 54.825184 6.435993 -10.470140 19.743956 0.000000 0.000000 
6.918946 55.049023 3.468031 -3.735504 24.610739 0.000000 0.000000 
6.634701 55.178326 -6.323964 -14.419960 15.082897 1.000000 1.000000 
8.394651 55.018749 -9.527919 -7.915062 21.366207 0.000000 0.000000 
7.034073 55.234322 -9.969593 -5.433792 24.251537 0.000000 0.000000 
43.103870 32.863865 1.557604 5.393517 13.237926 1.000000 1.000000 
6.698974 55.385906 3.219264 -11.903641 16.751116 0.000000 0.000000 
6.601679 55.430523 2.940544 -12.538780 17.525352 0.000000 0.000000 
7.530626 55.571976 5.696291 -12.082947 18.176266 0.000000 0.000000 
6.839123 55.701115 -6.881416 -11.769310 17.858288 0.000000 0.000000 
43.158794 33.561619 1.902520 7.424933 16.501740 1.000000 1.000000 
6.668748 55.828754 5.637033 -4.991127 21.822107 0.000000 0.000000 
6.179055 55.997082 5.808396 -16.620117 14.142776 0.000000 0.000000 
7.324439 56.307644 3.796033 -9.775795 16.470627 1.000000 1.000000 
44.104179 33.477493 2.255245 18.036537 23.166252 0.000000 0.000000 
44.625431 32.719261 1.485350 21.083710 25.935268 0.000000 0.000000 
44.262768 33.291168 1.953206 21.372421 25.347485 0.000000 0.000000 
44.808472 32.477432 -0.171112 18.768555 24.232876 0.000000 0.000000 
44.752758 32.930344 -0.522648 6.881325 15.189655 0.000000 0.000000 
6.983403 57.366955 6.789547 -14.069061 15.494141 0.000000 0.000000 
7.015554 57.370289 2.843288 -9.008554 18.348372 0.000000 0.000000 
7.740425 57.317978 5.605190 -12.671875 16.349972 0.000000 0.000000 
6.899849 57.510208 1.267493 -16.092926 16.380445 0.000000 0.000000 
5.866317 57.664196 9.377611 -12.512260 15.432243 1.000000 1.000000 
7.093074 57.823322 4.211594 -11.664963 18.444168 0.000000 0.000000 
-33.530361 46.761681 6.921738 -2.790565 18.789440 0.000000 0.000000 
6.974700 57.905983 3.896056 -9.781662 18.818253 0.000000 0.000000 
6.990587 57.923016 3.646669 -10.855980 17.460571 0.000000 0.000000 
7.289124 58.237144 0.376360 -13.088585 16.878368 0.000000 0.000000 
6.040809 58.777565 10.535691 -11.364586 16.055676 0.000000 0.000000 
6.173760 58.814037 9.803412 -5.224617 21.872293 0.000000 0.000000 
8.003592 58.601887 9.762856 -14.436340 14.446007 0.000000 0.000000 
6.219705 58.917732 9.701594 -6.476860 20.555607 0.000000 0.000000 
7.082058 58.957836 7.026075 -6.188110 18.437006 0.000000 0.000000 
7.168454 59.092953 6.265380 -11.975456 15.791096 0.000000 0.000000 
7.255534 59.144585 3.976083 -11.193207 17.455322 0.000000 0.000000 
7.137303 59.471245 5.874401 -16.975098 11.729408 0.000000 0.000000 
7.232237 59.644215 7.440663 -7.902649 18.492203 0.000000 0.000000 
6.862493 60.028233 6.408940 -11.728615 15.317730 0.000000 0.000000 
7.519125 59.967739 3.444348 -11.581917 17.252743 0.000000 0.000000 
7.462214 60.194817 7.355621 -10.757431 13.834354 1.000000 1.000000 
7.597892 60.268826 7.313924 -12.247444 16.420630 0.000000 0.000000 
6.823031 60.494526 10.266811 -9.640930 17.277035 0.000000 0.000000 
6.303526 60.655731 7.820960 -15.277855 12.302315 0.000000 0.000000 
6.107086 60.712784 6.625267 -16.919739 13.505489 0.000000 0.000000 
6.587162 60.970352 7.432277 -14.122269 14.498970 0.000000 0.000000 
6.375152 61.221630 7.697221 -12.158485 13.442074 0.000000 0.000000 
6.541653 61.243904 6.115412 -17.913795 10.303097 0.000000 0.000000 
-7.600199 61.148602 -1.232406 0.114449 24.008408 0.000000 0.000000 
-7.658491 61.155319 -1.230821 0.042107 23.587006 0.000000 0.000000 
-7.622699 61.256943 -1.260059 2.196968 27.966993 0.000000 0.000000 
-7.662199 61.253845 -1.393812 -5.624184 20.881937 0.000000 0.000000 
6.169331 61.810696 7.120819 -10.639099 16.425409 0.000000 0.000000 
7.505138 61.864693 -9.090620 -11.355850 15.758705 0.000000 0.000000 
6.615211 62.236744 6.570979 -13.939186 13.703648 0.000000 0.000000 
-8.314392 62.025127 -1.421774 -18.442474 11.684292 0.000000 0.000000 
-7.813770 62.372231 -1.178708 -11.693855 13.858631 1.000000 1.000000 
26.327589 56.976021 11.334308 -15.757156 9.434402 0.000000 0.000000 
27.216055 57.189728 2.651183 -10.249802 11.059441 0.000000 0.000000 
30.700703 55.576389 11.959590 -6.412224 13.281776 0.000000 0.000000 
7.798644 64.226959 -0.765075 -10.953278 16.412947 0.000000 0.000000 
7.816733 64.276886 -0.622643 -13.163933 13.473930 0.000000 0.000000 
15.445454 62.808743 1.332581 -17.328094 10.827675 0.000000 0.000000 
21.035036 61.878529 1.164921 -6.898010 18.830517 0.000000 0.000000 
21.508419 61.764702 -3.443039 -12.861649 16.566462 0.000000 0.000000 
-11.591554 64.557281 -0.587627 -7.760155 21.562099 0.000000 0.000000 
-31.103458 58.127777 8.278886 -11.443314 11.027142 1.000000 1.000000 
23.583296 62.406174 7.708565 -18.548172 7.744968 0.000000 0.000000 
8.198146 66.863922 -1.412285 -11.278137 15.459110 0.000000 0.000000 
8.195712 67.090012 -1.172542 -14.054886 11.643646 0.000000 0.000000 
8.235007 67.140381 -1.289436 -11.937584 14.123055 0.000000 0.000000 
-12.987675 66.586502 -0.080107 -15.729477 10.523624 1.000000 1.000000 
8.007308 67.607620 -1.869399 -19.151123 7.723053 1.000000 1.000000 
-12.996492 67.209030 -0.584437 -15.273285 10.757317 0.000000 0.000000 
-13.134749 67.211838 -0.471148 -11.196999 13.770748 0.000000 0.000000 
-12.539708 67.346306 2.399389 -11.696564 13.951469 0.000000 0.000000 
-12.901799 67.341148 0.466452 -10.346748 15.746712 0.000000 0.000000 
58.018215 33.364479 -0.830683 3.358887 10.297966 0.000000 0.000000 
44.594078 51.896557 3.409077 1.142929 13.509079 0.000000 0.000000 
43.325077 53.239338 2.692779 -1.066284 14.748444 0.000000 0.000000 
45.290855 51.934143 2.578802 -0.053833 11.284412 0.000000 0.000000 
43.589592 53.512005 1.642956 -3.294289 10.554462 0.000000 0.000000 
45.129524 52.175678 2.742832 8.742157 17.239706 0.000000 0.000000 
45.052750 52.269604 3.270142 3.391945 13.364887 0.000000 0.000000 
45.235813 52.270451 3.132173 6.949142 15.189754 0.000000 0.000000 
8.341140 69.654823 1.312882 3.407501 24.906975 0.000000 0.000000 
8.336385 69.869308 1.380815 -10.019722 14.817509 0.000000 0.000000 
8.402348 69.871582 1.382699 5.992476 28.475826 0.000000 0.000000 
8.444100 69.941055 -0.935824 -10.646698 14.316631 0.000000 0.000000 
8.391479 70.171463 0.172675 -7.552612 14.810631 0.000000 0.000000 
7.825838 70.271057 -2.337791 -9.168091 16.881248 0.000000 0.000000 
8.613315 70.502945 0.292792 -17.527336 6.929989 1.000000 1.000000 
47.163841 52.028000 -4.396174 8.320969 20.529840 0.000000 0.000000 
45.377869 53.882652 2.543811 -3.338402 13.459225 0.000000 0.000000 
8.420761 70.948555 1.353781 -1.537964 19.077728 1.000000 1.000000 
46.854107 52.827980 -5.560507 7.281090 19.335447 0.000000 0.000000 
46.920403 52.849918 -5.777202 2.704926 17.928913 0.000000 0.000000 
-35.933167 61.528343 3.685348 -6.107368 13.824837 1.000000 1.000000 
47.435345 52.835037 -4.598403 1.817337 12.117302 0.000000 0.000000 
-36.007458 62.226810 3.325762 1.791626 18.201403 0.000000 0.000000 
-36.348652 62.127857 3.839070 2.050003 20.012981 0.000000 0.000000 
-36.090263 62.309731 3.276815 -1.110077 17.663927 0.000000 0.000000 
8.856594 72.504379 1.705389 -14.656212 13.322868 0.000000 0.000000 
9.620679 72.534019 2.590419 -6.670624 16.521252 0.000000 0.000000 
9.517103 72.749573 2.544544 -6.819794 16.808483 0.000000 0.000000 
9.496746 72.779869 2.358761 -9.024475 16.291512 0.000000 0.000000 
-23.017836 69.976570 4.036881 -12.360123 15.601418 0.000000 0.000000 
29.011688 67.695145 0.147905 -5.615547 16.467312 0.000000 0.000000 
-9.428428 73.358597 4.084313 -12.179710 12.197510 0.000000 0.000000 
-10.025836 73.370377 4.162463 -5.753349 17.177273 0.000000 0.000000 
-9.698000 73.616020 4.406463 -4.664528 19.199169 0.000000 0.000000 
-9.602545 74.022034 6.734773 -10.805519 16.516720 0.000000 0.000000 
-22.921474 70.909004 3.879451 -8.703705 16.380993 0.000000 0.000000 
-9.652635 74.059006 4.588844 -3.882195 19.987812 0.000000 0.000000 
-10.064808 74.033829 2.789552 -13.744560 13.990467 0.000000 0.000000 
-9.445451 74.480080 6.025416 -9.781792 14.486195 0.000000 0.000000 
-23.739801 71.185410 4.075448 -7.750427 14.623146 0.000000 0.000000 
-23.843992 71.424171 8.652923 -5.381508 18.243120 0.000000 0.000000 
-9.586411 74.877159 5.479580 -13.856705 15.167336 0.000000 0.000000 
-22.468405 71.983261 8.232544 -6.710526 15.836082 0.000000 0.000000 
9.402021 75.473480 2.781790 -12.171593 16.367508 0.000000 0.000000 
-10.487487 75.520027 2.702121 -5.665947 18.156754 0.000000 0.000000 
-10.152689 75.746483 5.644208 -9.376030 18.067543 0.000000 0.000000 
-23.135881 72.791054 6.285830 -10.953232 13.352627 0.000000 0.000000 
9.480662 76.160835 11.380774 -16.329765 12.983540 1.000000 1.000000 
-22.266104 73.397499 5.841568 -7.132851 15.567692 0.000000 0.000000 
-22.432676 73.734634 10.276386 -5.922806 13.804886 1.000000 1.000000 
-10.601382 76.925980 4.487051 -11.003410 14.260826 0.000000 0.000000 
-22.188429 74.797981 10.477457 -13.037773 13.034191 0.000000 0.000000 
-22.643408 74.695602 10.639458 1.328316 21.975325 0.000000 0.000000 
-22.579304 75.055641 11.226830 -4.438866 16.298164 0.000000 0.000000 
20.124842 75.855247 0.164776 -15.043762 10.541134 0.000000 0.000000 
-22.809500 75.392387 10.740249 -3.785049 17.431509 1.000000 1.000000 
55.936989 54.579243 1.690664 11.524124 13.361935 0.000000 0.000000 
56.357216 54.112755 1.923462 5.894089 9.276878 0.000000 0.000000 
56.517181 53.938923 2.293371 1.552719 8.043758 0.000000 0.000000 
56.115891 54.525963 1.774822 8.017105 12.669525 0.000000 0.000000 
41.470222 67.629890 2.719124 -8.261604 10.919064 0.000000 0.000000 
58.774181 52.511097 -5.627801 15.856293 18.558355 0.000000 0.000000 
58.715267 52.656288 -5.375991 10.215897 15.538792 0.000000 0.000000 
58.171410 53.407871 -6.034344 3.519760 9.085194 0.000000 1.000000 
59.098457 52.412792 3.873734 15.201561 21.860512 0.000000 0.000000 
43.126892 67.523010 2.539062 -2.359932 13.674084 0.000000 0.000000 
12.648699 79.727287 0.085896 -13.122742 13.011349 0.000000 1.000000 
-32.761841 73.529099 8.579033 -9.021713 13.451553 0.000000 0.000000 
-34.790180 72.870903 8.315608 -7.966896 10.840195 0.000000 0.000000 
-32.055862 74.445000 7.782837 -8.026894 12.561291 0.000000 0.000000 
-32.835861 74.251846 11.089753 -12.827469 10.735126 1.000000 1.000000 
-35.713909 72.918541 7.149991 -9.212265 10.860188 0.000000 0.000000 
-38.306087 71.556244 2.883764 -6.241318 15.293720 0.000000 0.000000 
-33.784927 74.028481 9.304315 -3.618408 15.893581 0.000000 0.000000 
-33.694771 74.321930 8.141023 -11.624619 10.693104 0.000000 0.000000 
-32.452015 75.037125 7.898487 -8.809868 12.687019 0.000000 0.000000 
-33.652355 74.788925 7.407562 -4.949532 13.468868 0.000000 0.000000 
-33.082653 75.060738 7.650276 -6.569908 12.568012 0.000000 0.000000 
-33.262936 75.069107 10.230674 -0.554276 18.029259 0.000000 0.000000 
-38.930946 72.189507 3.216287 -2.710228 15.686626 0.000000 0.000000 
-30.383963 76.427643 8.554408 -10.134651 13.682293 0.000000 0.000000 
30.337294 76.455193 -0.774547 -8.301094 15.113983 0.000000 1.000000 
-33.176308 75.570503 9.634437 -8.062492 12.702530 0.000000 0.000000 
-33.252953 75.603653 9.392200 -3.083603 15.210171 0.000000 0.000000 
-39.410431 72.722778 5.139581 -0.531761 16.206186 0.000000 0.000000 
-36.586624 74.303627 13.712708 -2.675446 15.652092 0.000000 0.000000 
-32.822163 76.280083 7.760205 -2.818794 18.051521 0.000000 0.000000 
-32.525040 77.013268 7.611196 -3.817253 16.216110 0.000000 0.000000 
-39.911121 73.399948 11.188190 0.758430 17.864477 0.000000 0.000000 
-39.133377 74.427238 5.623248 -2.804092 15.965008 0.000000 0.000000 
-39.212494 74.389999 5.595335 -4.093452 14.392117 0.000000 0.000000 
-39.132042 74.817276 9.724393 -5.722488 12.946392 0.000000 0.000000 
-39.411957 75.408142 12.639419 2.782959 19.084238 0.000000 0.000000 
52.774738 68.476814 2.683169 7.432303 18.667244 0.000000 0.000000 
52.286377 69.159477 3.926636 8.468071 18.955360 0.000000 0.000000 
52.148441 69.407654 4.117538 10.688354 18.983280 0.000000 0.000000 
52.948322 68.806618 4.271111 9.202576 17.633774 0.000000 0.000000 
-39.653809 78.662178 10.929671 -5.489174 13.115314 0.000000 0.000000 
42.184208 77.804131 3.792834 1.311714 17.334597 0.000000 0.000000 
43.177635 77.421127 4.992215 -5.693817 11.883369 0.000000 0.000000 
41.472168 78.673080 2.885417 2.342850 17.878796 0.000000 0.000000 
40.222214 79.390144 2.935139 -1.984108 16.529104 0.000000 0.000000 
43.162445 77.893608 3.228391 -4.101738 12.477451 0.000000 0.000000 
-31.868326 83.739037 12.960540 -8.605560 13.136368 0.000000 0.000000 
40.719090 79.928406 3.426340 -9.488832 8.456882 1.000000 1.000000 
21.703176 87.388649 4.310435 -8.165825 13.262081 0.000000 0.000000 
21.665207 87.411629 3.767068 -10.362535 11.717258 0.000000 0.000000 
-31.263638 84.827293 12.257410 -12.998245 9.487885 0.000000 0.000000 
-29.461647 86.370636 14.008778 -12.035622 11.183685 1.000000 1.000000 
12.800875 90.624779 1.604247 -13.235580 10.435104 0.000000 0.000000 
-38.219723 83.299370 5.768286 -8.182266 9.975388 0.000000 0.000000 
-51.654781 75.845406 7.753999 -3.627594 10.213959 0.000000 0.000000 
-31.479420 87.083023 11.553633 -13.450737 7.853554 0.000000 0.000000 
-21.865232 90.482399 6.078407 -10.126823 11.842552 0.000000 0.000000 
-22.061865 90.446732 6.060264 -7.365303 13.770660 0.000000 0.000000 
-21.460024 90.603546 6.107096 -6.650238 13.161533 0.000000 0.000000 
-22.264214 90.447739 6.561036 -8.935997 11.801826 0.000000 0.000000 
-23.094858 90.308922 6.575262 -10.678047 10.368763 0.000000 0.000000 
-22.355207 90.890564 5.817686 -10.853714 10.596600 0.000000 0.000000 
-22.894594 90.795906 7.632310 -13.128189 10.178680 0.000000 0.000000 
-22.587412 91.137245 6.416436 -4.830467 14.919495 0.000000 0.000000 
-21.506533 91.473251 6.774550 -5.141640 13.514992 0.000000 0.000000 
-22.951231 91.193535 6.980281 -10.506126 12.168819 0.000000 0.000000 
-22.102936 91.430588 6.214283 -7.718330 13.346931 0.000000 0.000000 
-39.032883 85.780533 8.570608 -12.916183 7.991753 0.000000 0.000000 
-21.700912 92.751343 6.523322 -12.362015 8.636864 1.000000 1.000000 
12.453463 96.793289 2.567891 -11.469482 10.200829 0.000000 0.000000 
11.877913 96.900398 1.668307 -17.479073 5.575741 0.000000 0.000000 
12.838287 96.882614 2.812427 -14.881912 7.885815 0.000000 1.000000 
-14.361578 96.778641 4.220365 -9.288231 10.390221 0.000000 0.000000 
-14.274084 96.976425 4.514026 -6.893402 12.240231 0.000000 0.000000 
-14.138088 97.007004 3.514076 -9.354897 11.027679 0.000000 0.000000 
-14.421427 97.335243 3.408590 -6.795509 12.612198 0.000000 0.000000 
-15.302496 97.224098 3.901638 -4.515678 15.411453 0.000000 0.000000 
-15.085187 97.274132 3.669378 -3.980202 14.920700 0.000000 0.000000 
-15.398585 97.230309 3.664558 1.962364 20.174503 0.000000 0.000000 
-15.356590 97.360687 3.503798 3.941040 20.404833 0.000000 0.000000 
-22.262962 96.280968 10.167417 -9.529907 9.195446 0.000000 0.000000 
-22.441622 96.790329 -2.868065 -11.499336 7.844841 0.000000 0.000000 
-21.935474 97.239418 -3.843827 -12.525993 9.166645 0.000000 0.000000 
-30.823957 95.956818 8.556278 -14.876732 5.296734 0.000000 0.000000 
-30.883411 95.963684 6.742074 -12.646873 6.944286 0.000000 0.000000 
-28.999849 96.663765 9.035981 -12.804405 8.265259 0.000000 0.000000 
-31.549307 95.841957 9.128775 -11.649574 8.273167 0.000000 0.000000 
-28.193283 97.330353 11.796291 -12.308800 7.818001 0.000000 0.000000 
-29.871353 96.834480 9.466201 -12.136765 9.394714 0.000000 0.000000 
-29.741276 97.083443 9.641044 -6.801193 10.496826 0.000000 0.000000 
-31.889551 96.408852 12.456797 -11.437355 7.375568 0.000000 0.000000 
-33.295849 96.115654 11.890927 -8.593086 8.750683 0.000000 0.000000 
-31.522106 96.758522 9.688505 -7.636604 9.957142 0.000000 0.000000 
-33.306343 96.775017 13.434573 -9.852791 8.844109 0.000000 0.000000 
-95.444260 29.946232 -3.230737 15.534821 8.847122 0.000000 1.000000 
-31.701639 97.631134 11.196591 -8.529602 9.270336 0.000000 0.000000 
-32.113483 97.912849 10.332923 -5.240952 12.383823 0.000000 0.000000 
-30.927546 98.331703 9.852068 -13.787643 8.397675 0.000000 0.000000 
-30.441643 98.923706 12.457144 -7.839508 11.834122 0.000000 0.000000 
12.733543 103.175835 2.605231 -7.783348 11.028957 0.000000 1.000000 
-32.070961 98.820091 14.080984 -8.310684 9.401115 0.000000 0.000000 
-31.838999 98.973549 10.266878 -10.560806 8.494499 0.000000 0.000000 
-32.204090 99.500710 12.243951 -8.068054 9.756363 0.000000 0.000000 
-32.302967 99.669998 11.397491 -6.745674 10.088425 0.000000 0.000000 
-32.115204 99.749290 11.100246 -9.172569 9.069893 0.000000 0.000000 
-32.242157 100.150337 11.206388 -4.853142 10.800266 0.000000 0.000000 
-31.491776 100.407051 11.551215 -9.263306 9.160400 0.000000 0.000000 
38.255650 98.275002 5.773027 -12.495636 5.197491 0.000000 0.000000 
-6.606317 105.624039 -4.957457 -15.298622 6.918522 0.000000 1.000000 
34.053757 100.437340 2.692300 -7.941719 8.443340 0.000000 0.000000 
85.085228 61.642075 -1.035202 3.623764 6.413834 0.000000 1.000000 
-31.466198 102.075714 11.342124 -12.232330 6.381519 0.000000 0.000000 
-31.323877 102.222054 11.356552 -4.908340 10.388416 0.000000 0.000000 
-82.652245 66.493645 2.681717 3.932007 5.999596 0.000000 1.000000 
-29.930365 103.483627 10.145555 -13.123421 7.126919 0.000000 0.000000 
-33.113377 103.402199 11.875088 -8.970924 7.485966 0.000000 0.000000 
-34.757477 103.547424 11.793256 -8.149857 8.835411 0.000000 0.000000 
52.228455 97.435539 5.478527 -4.873962 9.542957 0.000000 0.000000 
50.870998 98.201141 4.858119 -3.065063 10.565853 0.000000 0.000000 
51.738644 97.762634 6.114553 -4.924065 10.256115 0.000000 0.000000 
51.083340 98.504852 5.704381 -3.714111 10.039989 0.000000 0.000000 
100.414169 42.700851 -0.978896 8.583388 6.409706 0.000000 1.000000 
50.557922 99.018730 6.330776 -4.628777 9.474171 0.000000 0.000000 
-83.263466 72.685410 0.556544 7.711075 10.731461 0.000000 1.000000 
44.756012 102.974426 1.847030 -12.447365 5.500301 0.000000 0.000000 
37.265049 108.368729 3.193502 -3.210747 10.258621 0.000000 0.000000 
37.212894 108.476837 4.466337 -7.202957 7.755798 0.000000 0.000000 
37.320004 108.452187 2.632073 -11.021111 4.909912 0.000000 0.000000 
35.324654 109.606400 2.222089 -10.265198 5.686069 0.000000 0.000000 
35.208412 109.653358 0.949999 -10.892731 5.395260 0.000000 0.000000 
35.548950 109.755737 1.623408 -6.901291 7.299366 0.000000 0.000000 
34.001926 110.491165 1.717655 -9.565590 6.725330 0.000000 0.000000 
34.751865 110.286385 2.274037 -8.323898 7.327782 0.000000 0.000000 
-6.887727 116.425102 -5.199257 -10.302444 7.734802 0.000000 1.000000 
42.349396 110.774834 2.516698 -5.345787 7.030735 1.000000 1.000000 
44.235596 110.914024 1.654650 -9.134392 6.868153 0.000000 0.000000 
42.872948 111.547127 1.810653 -4.354195 7.979080 0.000000 0.000000 
-22.182968 117.950256 5.595731 -5.883728 10.583172 0.000000 0.000000 
-21.691616 118.063477 6.336707 -6.504761 10.435246 0.000000 0.000000 
-21.824001 118.043777 10.673994 -10.898247 8.202526 0.000000 0.000000 
-21.784258 118.152390 12.424180 -1.321678 12.279659 0.000000 0.000000 
-22.679630 118.065674 10.058809 2.150009 15.439301 0.000000 0.000000 
-22.942249 118.246559 10.316245 2.891029 17.033344 0.000000 0.000000 
-23.679436 118.122147 9.278320 -9.755630 8.409744 0.000000 0.000000 
40.542595 113.585068 3.695484 -10.511276 7.090534 0.000000 0.000000 
40.457230 113.754105 3.312254 -5.651878 9.868862 0.000000 0.000000 
38.470478 114.488594 2.534912 -10.209291 6.532410 0.000000 0.000000 
38.639824 114.435440 2.430707 -6.061729 9.462055 0.000000 0.000000 
-33.167946 116.388435 12.009339 -8.475060 7.205215 0.000000 0.000000 
-33.284885 116.518562 12.778343 -9.219749 6.395962 0.000000 0.000000 
-23.406418 119.209778 10.171449 -1.544037 11.043240 1.000000 1.000000 
38.514671 115.423859 -0.216399 -11.178604 5.133411 0.000000 0.000000 
-7.732536 123.326408 -5.571210 -6.313805 11.130486 0.000000 0.000000 
-32.153946 119.628441 11.020521 -7.696640 7.852531 0.000000 0.000000 
-31.336069 120.277084 10.969585 -9.559677 9.824425 0.000000 0.000000 
-33.452633 120.574814 12.055153 -10.293489 8.712200 0.000000 0.000000 
-33.287865 121.104233 12.509748 -4.149986 9.945522 0.000000 0.000000 
-33.852203 120.947807 13.323506 -9.047325 8.427330 0.000000 0.000000 
-33.142036 121.200684 11.717278 -3.707817 7.510960 1.000000 1.000000 
-33.348858 121.397636 10.685616 -9.097206 7.436455 0.000000 0.000000 
-34.016842 121.433105 15.214361 -9.817627 5.604404 1.000000 1.000000 
-33.578480 121.627647 11.334812 -1.178314 11.533752 0.000000 0.000000 
-34.700760 121.368835 13.549747 -6.096069 8.073261 0.000000 0.000000 
38.722008 120.314316 1.668990 -8.556931 6.011944 0.000000 0.000000 
-34.881092 121.927971 12.118247 -3.366158 8.251232 0.000000 0.000000 
-34.346436 122.300209 14.075541 -4.657410 8.656502 0.000000 0.000000 
-32.430454 122.954727 13.410215 -6.520149 7.126572 0.000000 0.000000 
-33.395966 122.840775 11.807585 -4.181152 8.398129 0.000000 0.000000 
-35.907967 122.605125 12.742089 -0.760826 11.009201 0.000000 0.000000 
-21.192808 126.416733 2.249733 -8.613518 7.427711 1.000000 1.000000 
-30.480007 124.520042 15.587681 -8.963449 6.742912 0.000000 0.000000 
-34.320126 123.614784 15.107940 -5.406075 6.729877 0.000000 0.000000 
-35.201138 123.564323 14.465454 -2.992294 8.250694 0.000000 0.000000 
-21.561396 126.860527 5.207187 -7.258492 9.222500 0.000000 0.000000 
-22.177860 126.789177 1.011559 -9.921257 7.041756 0.000000 0.000000 
-21.481279 127.318657 3.692498 -1.976318 13.801910 0.000000 0.000000 
-22.103785 127.480995 3.393591 3.016068 17.657368 0.000000 0.000000 
-21.442488 127.748062 -8.559475 -3.913155 10.932182 0.000000 0.000000 
-20.955343 127.963051 -6.274588 -7.126892 9.461239 0.000000 0.000000 
-21.221943 127.999496 3.053711 -1.751038 11.028217 0.000000 0.000000 
-21.480042 127.960617 3.323900 -2.366875 11.162979 0.000000 0.000000 
-21.530052 128.199402 4.415436 1.129784 14.217060 0.000000 0.000000 
-21.280745 128.339996 -9.343912 -5.594025 8.628155 0.000000 0.000000 
-21.494135 128.368103 -8.594685 2.509270 15.324696 0.000000 0.000000 
-21.356560 128.421661 -10.740244 -6.159576 9.343719 0.000000 0.000000 
-21.327959 128.604492 -3.548113 8.000183 19.662821 1.000000 1.000000 
-23.590557 128.268631 3.286460 -9.019783 7.915550 0.000000 0.000000 
-22.341566 128.758011 3.885354 -4.325302 10.039726 0.000000 0.000000 
-21.914213 128.898956 4.111683 -2.752769 9.137306 0.000000 0.000000 
-21.657671 129.048096 4.084153 -11.390442 7.173096 0.000000 0.000000 
-23.188841 128.872009 3.082118 -7.967651 8.087200 0.000000 0.000000 
-21.392164 129.534973 -6.365424 -6.727303 9.066341 0.000000 0.000000 
-21.497416 129.540619 -3.381124 12.091553 24.567017 0.000000 0.000000 
-21.666061 129.840546 -2.601361 12.918137 24.293179 0.000000 0.000000 
-21.738409 129.974686 3.737831 2.385468 15.990353 0.000000 0.000000 
-21.678421 130.247528 -3.283650 6.351639 18.575233 1.000000 1.000000 
-22.347336 130.181290 4.461656 -4.422890 9.361336 1.000000 1.000000 
7.144730 131.964172 -7.978175 -4.996498 14.705738 0.000000 1.000000 
-21.958242 130.661423 6.129996 -7.792725 9.290176 0.000000 0.000000 
54.939686 120.319458 2.646179 -6.264999 7.783390 0.000000 1.000000 
-22.597321 130.740463 -2.373926 10.553566 23.408003 1.000000 1.000000 
-22.533268 130.875183 -1.435306 -12.724037 3.566414 1.000000 1.000000 
-21.703239 131.171509 -1.843601 -11.541870 4.342464 0.000000 0.000000 
-21.415184 131.332489 2.823362 -5.037628 10.900608 1.000000 1.000000 
-22.471600 131.344788 -2.429186 14.841827 25.473139 0.000000 0.000000 
-21.974232 131.437149 -1.077438 19.397240 30.073380 0.000000 0.000000 
-22.368752 131.514191 -2.444277 16.198158 28.287334 0.000000 0.000000 
-21.679001 131.673859 4.795486 10.112762 22.111000 0.000000 0.000000 
-22.300470 131.629654 4.680786 12.241379 22.403469 0.000000 0.000000 
-21.758364 132.059845 4.938217 7.931053 22.261341 0.000000 0.000000 
-20.063326 132.564667 -11.236635 9.119644 23.220982 0.000000 0.000000 
-20.170597 132.791443 -11.357989 8.285141 21.949028 0.000000 0.000000 
-20.207342 133.206818 2.379668 4.250984 17.136625 0.000000 0.000000 
-20.322124 133.259918 3.229166 7.828766 18.878950 0.000000 0.000000 
-21.953678 133.032166 4.017431 -2.734680 9.610641 0.000000 0.000000 
-21.131250 133.195618 1.043105 -2.425728 10.242340 0.000000 0.000000 
-22.687372 133.432037 -3.156284 -9.047630 8.654526 0.000000 0.000000 
-20.506716 133.822540 -11.612423 1.978409 16.686024 1.000000 1.000000 
-21.712296 133.803070 5.410842 -2.775421 12.431343 0.000000 0.000000 
-7.441262 135.418884 -4.756085 -4.811234 12.396484 0.000000 0.000000 
-7.793045 135.418365 -5.233203 -6.451889 11.187679 0.000000 0.000000 
41.907455 129.382629 4.565881 -5.921326 9.022530 0.000000 0.000000 
41.598545 129.489624 3.191617 -4.988441 8.064533 0.000000 0.000000 
5.982803 136.250000 -7.505710 2.481888 18.127644 0.000000 0.000000 
6.234593 136.252258 -6.857953 -0.854485 16.881710 0.000000 0.000000 
6.726861 136.323914 -6.078907 2.153793 18.592047 0.000000 1.000000 
-22.550785 135.079468 4.646812 -7.600563 9.372963 0.000000 0.000000 
-22.429741 135.235504 3.895132 -6.006828 8.065083 0.000000 0.000000 
40.269108 131.621857 2.921370 -1.784920 10.944267 0.000000 0.000000 
39.529873 131.947327 3.298608 -0.405258 11.278240 0.000000 0.000000 
-22.502691 136.018188 4.206007 0.916908 12.721191 0.000000 0.000000 
-22.870480 136.286499 -1.841005 -11.979599 4.959927 0.000000 0.000000 
-23.283852 136.377197 -3.488750 -9.097733 5.087715 0.000000 0.000000 
-21.995531 136.863434 -1.593358 -3.682617 9.081299 0.000000 0.000000 
-20.648218 137.108978 -0.554621 -8.653374 6.955971 0.000000 0.000000 
-22.624922 136.800781 -1.315896 -5.093025 8.042618 0.000000 0.000000 
-22.567530 137.219330 -0.975183 -3.343224 8.675133 0.000000 0.000000 
-22.828747 137.177521 -1.029293 -6.038857 6.226284 0.000000 0.000000 
-22.811838 137.506561 -2.772333 -13.883690 4.066608 1.000000 1.000000 
-22.201376 138.163971 2.401479 -11.709190 4.149120 0.000000 0.000000 
-23.806189 138.646210 2.317007 -10.938538 4.201454 0.000000 0.000000 
-23.235994 139.313232 5.758017 -2.907639 10.595421 0.000000 0.000000 
-22.776855 139.581635 -2.782933 -7.975243 7.406494 0.000000 0.000000 
-23.164766 139.556671 -3.300331 -7.373856 6.923386 0.000000 0.000000 
-22.880894 139.811249 -3.361302 2.763298 13.943501 0.000000 0.000000 
-23.106850 139.804138 3.133089 2.798103 12.748543 0.000000 0.000000 
-22.737150 140.088013 -1.977084 -6.286865 5.983753 0.000000 0.000000 
-23.008501 140.046631 -1.039492 -8.168045 4.828957 0.000000 0.000000 
-24.051470 139.863281 -10.551524 -8.148117 5.554188 1.000000 1.000000 
-22.803822 140.245880 -2.395146 -5.204048 7.876484 0.000000 0.000000 
-22.838099 140.346313 3.932471 -8.824402 5.199024 1.000000 1.000000 
-23.262772 140.471863 -3.573607 -4.902916 6.658279 1.000000 1.000000 
-22.988968 140.644409 -8.768186 -5.780746 7.476799 0.000000 0.000000 
-23.572367 140.563324 -7.164017 -9.172676 6.509777 0.000000 0.000000 
-23.198523 141.009491 4.027494 -4.976051 8.866104 0.000000 0.000000 
-23.588940 141.017273 -11.504882 -6.825005 6.461853 0.000000 0.000000 
-24.006897 141.170380 5.970994 -1.064667 9.402084 0.000000 0.000000 
-22.825455 142.004669 4.227726 -8.395447 5.139210 0.000000 0.000000 
-24.364277 143.511902 -3.002643 -11.699219 5.480625 0.000000 0.000000 
-25.363720 144.921051 4.807729 -7.673065 8.516907 0.000000 0.000000 
-23.563990 145.246216 0.320444 -8.681175 4.668659 0.000000 0.000000 
-23.768103 145.345642 6.836607 -0.500900 11.533638 0.000000 0.000000 
-23.576958 145.472992 3.518024 -4.419601 8.358261 0.000000 0.000000 
-8.597958 147.489258 -5.425953 -8.887901 6.565479 0.000000 0.000000 
43.404194 141.504333 -0.232717 -9.321724 5.071152 0.000000 1.000000 
-29.345161 145.623596 -2.160762 -5.759766 6.767803 0.000000 0.000000 
-23.824673 146.826355 -11.664669 -4.339470 7.820808 0.000000 0.000000 
-22.925863 147.232544 -12.523608 -4.402405 9.675327 0.000000 0.000000 
-22.593000 147.492584 -10.180465 -4.694084 8.517742 0.000000 0.000000 
-22.582478 147.533630 5.747746 -2.944504 7.770245 0.000000 0.000000 
-24.279228 147.455017 -2.312322 2.501251 17.573139 0.000000 0.000000 
-24.964699 147.360718 -1.307608 4.013138 17.202229 0.000000 0.000000 
-23.971247 147.932159 5.575643 -1.211700 9.845936 0.000000 0.000000 
-24.879383 148.113068 -0.128196 -1.969391 11.766777 1.000000 1.000000 
-24.481884 148.238953 0.794044 -10.988716 3.178860 0.000000 0.000000 
-22.699862 149.732330 -1.370640 -12.893494 2.818913 0.000000 0.000000 
-33.737122 148.701874 11.669799 -1.327484 10.891994 0.000000 0.000000 
-35.052811 149.061676 12.129939 -5.858109 6.777737 0.000000 0.000000 
-23.617500 151.524200 -2.177489 -10.248184 4.461201 0.000000 0.000000 
-25.394041 152.055786 -3.256982 -5.096092 7.046497 0.000000 0.000000 
-24.480595 152.730560 -0.159986 -1.269737 11.006516 0.000000 0.000000 
-24.532942 152.845917 -2.108186 -7.065910 6.476074 0.000000 0.000000 
-24.182611 152.928680 0.604491 4.798409 13.224049 0.000000 0.000000 
-22.940897 153.216431 4.815374 5.465256 14.416180 0.000000 0.000000 
-24.989985 153.001740 4.339697 4.534981 13.741573 0.000000 0.000000 
-23.376169 153.332458 0.726857 -2.767288 9.022041 0.000000 0.000000 
-23.354877 153.728485 1.565127 -3.994652 9.610977 0.000000 0.000000 
-28.190865 153.019104 5.428413 -3.737198 8.697033 0.000000 0.000000 
-23.783682 153.919128 3.052226 -9.276895 4.238724 0.000000 0.000000 
-30.429907 152.755951 8.087117 -1.665009 9.502022 0.000000 0.000000 
-29.221239 153.010010 6.767308 -4.089874 7.894432 0.000000 0.000000 
-27.974287 153.380035 7.078524 -5.609543 8.537724 0.000000 0.000000 
-23.301369 154.443298 4.262260 1.549316 10.647739 1.000000 1.000000 
-25.684849 154.075806 -1.686001 -7.660637 5.206615 0.000000 0.000000 
-23.099178 154.669800 -0.021010 -4.005753 8.638294 0.000000 0.000000 
-23.624809 154.595978 -1.766069 -7.106598 8.135681 0.000000 0.000000 
-33.122032 153.075226 11.698573 -6.586922 6.264450 0.000000 0.000000 
-24.012415 155.343689 -2.019709 -2.295578 7.900101 0.000000 0.000000 
-23.658316 155.505554 -1.708943 -6.828583 6.810528 0.000000 0.000000 
-32.082096 154.571655 9.990890 -1.085899 10.074947 0.000000 0.000000 
-31.448364 154.720490 11.840342 1.512360 11.151089 0.000000 0.000000 
-30.958767 154.921753 6.825628 -0.736847 10.304222 0.000000 0.000000 
-31.834257 154.810120 10.016293 -2.843498 8.810585 0.000000 0.000000 
-31.789955 155.245361 8.846334 -1.051041 12.117531 0.000000 0.000000 
-30.900858 155.536530 8.383826 -6.780930 6.362396 0.000000 0.000000 
-29.055643 155.915436 8.036035 -8.340340 5.310501 0.000000 0.000000 
-30.832558 155.668549 7.797676 -6.328545 6.994961 0.000000 0.000000 
-31.182335 156.158234 8.860076 -4.045647 7.201130 1.000000 1.000000 
-26.395876 157.201019 -4.781511 -2.842522 10.387852 0.000000 0.000000 
-24.743711 157.482025 -2.206280 -1.822701 11.033333 0.000000 0.000000 
-24.149118 157.633911 -2.483322 2.574196 12.769966 0.000000 0.000000 
-24.945517 157.685120 -1.335257 -6.128548 5.373058 1.000000 1.000000 
-26.126719 157.583923 -2.015876 0.605957 11.440716 0.000000 0.000000 
-34.642685 155.985260 12.776339 0.105164 12.536373 0.000000 0.000000 
-25.447474 158.180084 -1.920353 1.350822 13.261909 0.000000 0.000000 
-26.531076 158.007843 -2.422759 1.032585 13.739212 0.000000 0.000000 
-25.364985 158.268860 -2.507453 -7.245667 7.040051 0.000000 0.000000 
-25.908216 158.527588 -1.228765 -3.706558 9.327145 0.000000 0.000000 
-25.972309 158.811066 -1.849933 -0.478294 9.029819 0.000000 0.000000 
-24.517712 159.109955 5.531850 -5.668915 6.869278 0.000000 0.000000 
-25.292063 159.013428 0.178453 4.756248 14.852211 0.000000 0.000000 
-24.530037 159.226532 -1.342573 5.018242 15.551868 0.000000 0.000000 
-25.366137 159.200409 -2.023929 2.397583 13.711288 1.000000 1.000000 
-25.957436 159.480316 -1.126675 -6.346085 4.828552 1.000000 1.000000 
-25.947828 159.651794 -2.013497 5.853928 13.890369 0.000000 0.000000 
-26.421581 159.595947 -1.949451 7.238701 17.195576 0.000000 0.000000 
-25.587158 159.818970 -1.794267 2.505753 11.485657 0.000000 0.000000 
-25.861223 159.821960 -2.259108 6.325934 16.702272 0.000000 0.000000 
-25.912937 160.268066 -2.626592 -8.141220 4.120930 1.000000 1.000000 
-23.919525 160.636841 5.407132 -0.170128 9.901360 0.000000 0.000000 
-23.493181 160.805450 0.004498 -4.872551 7.439705 1.000000 1.000000 
-24.707630 160.659058 -2.724530 2.712822 11.381287 0.000000 0.000000 
-24.441278 160.710999 -1.092772 2.031822 11.380959 0.000000 0.000000 
-22.322208 161.255463 2.742805 -6.876442 6.250874 0.000000 0.000000 
-25.779516 161.087799 0.941593 -2.712578 7.277580 0.000000 0.000000 
-26.476530 161.102478 3.976611 -1.823624 9.835457 0.000000 0.000000 
-24.831543 161.405762 3.975598 6.105774 14.242680 0.000000 0.000000 
-24.304173 161.535614 0.751407 3.486366 13.490772 0.000000 0.000000 
-24.364548 161.884827 -2.019143 -6.934517 6.101112 0.000000 0.000000 
-24.678776 162.141510 -1.584892 0.010590 9.299580 0.000000 0.000000 
-26.153217 162.015930 -5.232509 -6.750381 8.049988 0.000000 0.000000 
-24.399197 162.791901 2.079820 -9.673431 4.792130 0.000000 0.000000 
-22.556326 163.153015 -3.365041 -9.834793 4.215649 0.000000 0.000000 
-23.206381 163.685791 -2.716701 -8.554413 5.576576 0.000000 0.000000 
-25.233469 163.384125 2.752278 -12.543999 2.953472 1.000000 1.000000 
-23.109570 163.703491 -2.063358 -10.159508 4.384083 0.000000 0.000000 
-24.660820 164.701782 -1.316146 -6.813179 5.615265 0.000000 0.000000 
-25.324928 164.805267 -2.594373 -6.874817 6.931671 0.000000 0.000000 
-25.447332 165.095581 -1.882304 -2.431015 7.423149 0.000000 0.000000 
-24.725565 165.649811 -1.366870 -12.158623 2.725636 1.000000 1.000000 
-25.181240 166.038544 -1.729021 -1.644119 7.747059 0.000000 0.000000 
-25.464499 166.008392 -2.078522 3.481224 11.842079 0.000000 0.000000 
-24.007851 166.435608 4.964890 -4.787392 7.211521 1.000000 1.000000 
-25.345829 166.509247 0.411447 -1.817406 7.904369 0.000000 0.000000 
-25.894169 166.496216 -0.032410 0.280388 7.924831 0.000000 0.000000 
-26.902323 166.538055 -0.833449 -5.484512 4.993847 0.000000 0.000000 
-25.420008 167.167969 -10.756433 -8.247337 3.980946 0.000000 0.000000 
-24.625675 167.520172 5.984669 3.245369 15.836216 0.000000 0.000000 
-23.952486 167.753204 5.248531 5.743706 14.470417 0.000000 0.000000 
-23.777998 167.788666 4.221445 2.519821 12.542637 0.000000 0.000000 
-25.358236 167.688293 3.583844 -5.871857 4.152531 0.000000 0.000000 
-23.903448 168.023987 -2.482578 -3.703735 7.597385 0.000000 0.000000 
-28.335920 167.781891 6.531840 -10.962921 4.794102 0.000000 0.000000 
-25.367035 168.359802 -2.677864 0.939903 9.593273 0.000000 0.000000 
-24.818695 168.618103 -3.540299 -0.794830 6.463287 0.000000 0.000000 
-23.938713 168.757446 -3.625875 -5.162170 5.295879 0.000000 0.000000 
-24.188654 168.895355 -2.092581 -0.948044 9.439507 0.000000 0.000000 
-24.939133 168.892853 -2.456979 -4.063736 6.896568 0.000000 0.000000 
-24.753956 169.194885 -3.507946 -4.388847 5.081367 0.000000 0.000000 
-25.391293 169.576324 -1.081176 -9.029877 4.269562 0.000000 0.000000 
-26.149563 169.577728 -2.239066 -8.377312 3.411453 0.000000 0.000000 
-25.976078 169.814636 2.567109 -7.087494 3.673958 0.000000 0.000000 
-25.494196 170.018127 -1.764058 0.153358 9.043678 0.000000 0.000000 
-24.417339 170.241211 -11.007351 -4.128815 6.137646 0.000000 0.000000 
-24.222189 170.474670 3.107648 -3.023277 6.719933 0.000000 0.000000 
-23.272678 170.800415 -13.337944 -1.165321 9.914165 0.000000 0.000000 
-25.183897 170.710815 6.325746 -2.204987 9.243645 0.000000 0.000000 
-23.510681 171.163116 4.331905 -6.649002 6.834110 0.000000 0.000000 
-25.053736 171.058563 -2.709587 -5.530533 4.492176 1.000000 1.000000 
-26.180294 171.214600 -2.811805 -1.641663 7.854649 0.000000 0.000000 
-26.508244 171.268311 0.055423 2.530510 10.603287 0.000000 0.000000 
-25.442667 171.465088 -3.370649 2.678291 10.724758 0.000000 0.000000 
-25.387768 171.751892 -2.540924 -1.905350 9.932735 0.000000 0.000000 
-25.423122 172.107544 5.904222 -2.340981 8.974957 0.000000 0.000000 
-24.293713 172.387482 0.358706 -2.151894 7.762276 0.000000 0.000000 
-25.456251 172.269867 0.792660 -0.911957 7.247665 0.000000 0.000000 
-24.997675 172.783447 4.826340 -5.476547 7.099689 0.000000 0.000000 
-23.402544 173.045044 -5.880849 -5.790512 5.119423 0.000000 0.000000 
-24.473272 172.977295 -2.524952 -3.671776 7.319572 0.000000 0.000000 
-23.362934 173.315765 4.993329 -5.027122 8.751179 0.000000 0.000000 
-23.301670 173.340607 0.487593 2.994514 10.714661 0.000000 0.000000 
-24.232224 173.255829 5.587791 -3.993820 9.207314 0.000000 0.000000 
-25.403975 173.517151 1.900284 -1.072006 8.326817 0.000000 0.000000 
-25.916737 173.654694 2.588324 -7.508698 3.622959 0.000000 0.000000 
-24.955536 173.866058 -3.714867 -9.020073 5.118851 0.000000 0.000000 
-23.693054 174.206940 -2.370146 -4.745842 5.294491 0.000000 0.000000 
-24.830887 174.093140 -0.262075 -11.544632 3.306217 0.000000 0.000000 
-23.872940 174.543396 -3.056298 -6.794380 3.542049 1.000000 1.000000 
-25.695938 174.527313 5.734678 -5.629173 3.666065 0.000000 0.000000 
-25.328245 174.844727 1.279100 -9.312393 4.616352 0.000000 0.000000 
-25.820829 175.151520 -3.422991 -5.778160 4.035931 0.000000 0.000000 
-25.613354 175.264130 -3.952203 -8.077599 3.989063 0.000000 0.000000 
-23.903851 175.634888 -3.655446 -7.786629 3.430496 0.000000 0.000000 
-24.300581 175.783691 -3.665133 -7.865967 2.879730 0.000000 0.000000 
-25.047876 175.767029 -2.741790 -5.883324 6.097347 0.000000 0.000000 
-25.835394 176.064545 -3.245022 -8.234734 2.476440 0.000000 0.000000 
-25.630993 176.118591 -3.138702 -7.862076 3.560612 0.000000 0.000000 
-26.388723 176.088135 -3.742342 -6.193108 3.250263 0.000000 0.000000 
-25.680401 176.483032 -3.391465 -7.627556 3.670429 0.000000 0.000000 
-24.972717 176.802063 -4.156078 -6.989212 3.453568 0.000000 0.000000 
-25.092909 177.168121 -2.533507 -5.500946 5.373981 1.000000 1.000000 
-25.248312 177.719849 -2.867947 -4.326813 6.105755 0.000000 0.000000 
-25.992245 177.632355 -3.187846 4.593193 11.012959 0.000000 0.000000 
-25.093626 177.897156 -2.836802 -0.920319 9.418320 0.000000 0.000000 
-25.528976 177.930420 2.686218 -9.546127 2.368618 0.000000 0.000000 
-26.430384 178.809479 7.203108 -4.416412 3.912533 1.000000 1.000000 
-24.519545 179.868317 -1.549618 1.400841 10.381752 1.000000 1.000000 
-24.777906 180.302399 -1.973541 8.434569 15.312893 0.000000 0.000000 
-25.115385 180.265717 -1.532177 6.893166 13.317039 0.000000 0.000000 
-24.681526 180.575439 -1.472513 7.208626 15.141994 0.000000 0.000000 
-24.152706 181.031433 3.658792 -1.805199 5.384933 0.000000 0.000000 
-22.969858 181.606628 -2.426511 -11.004555 2.785088 1.000000 1.000000 
-24.810513 181.463593 -0.341714 -7.338028 3.992893 0.000000 0.000000 
-24.585245 181.628754 -3.883537 -2.355270 6.910175 0.000000 0.000000 
-25.153236 181.698364 -1.770891 -2.215408 6.462563 0.000000 0.000000 
-25.545761 181.758667 -1.226539 -5.698296 3.901337 0.000000 0.000000 
-24.723955 181.992981 -2.959966 -2.500290 7.019245 0.000000 0.000000 
-24.660360 182.032043 -2.580383 -5.801910 5.049397 0.000000 0.000000 
-24.905703 182.344482 -2.147510 -3.676048 7.222694 0.000000 0.000000 
-24.476215 182.470642 -1.314699 -4.436737 6.414993 0.000000 0.000000 
-24.796219 183.038788 -3.952261 -5.940247 3.398167 1.000000 1.000000 
-26.183195 182.859528 -3.380730 -8.971231 2.607506 1.000000 1.000000 
-24.364714 184.256897 -3.867178 -2.098488 5.122883 1.000000 1.000000 
-24.526262 184.821503 -1.865651 2.719551 9.312485 0.000000 0.000000 
-24.861715 184.885040 -3.130462 -4.400291 5.836151 0.000000 0.000000 
-24.756651 185.036713 -2.603429 -4.672699 5.458126 0.000000 0.000000 
-24.615690 185.423584 -0.374971 -2.142960 6.035114 0.000000 0.000000 
-25.096106 185.437836 -1.443617 0.771210 8.767380 0.000000 0.000000 
-24.487272 185.869995 -4.083462 -9.811615 3.197685 0.000000 0.000000 
-25.186871 186.213837 -4.330326 -4.870934 5.106663 0.000000 0.000000 
-24.339828 186.400269 -2.999340 -5.270592 6.272358 0.000000 0.000000 
-27.389854 186.690186 5.044195 0.453438 8.643291 0.000000 0.000000 
-25.699856 187.005890 -9.022555 0.359116 9.145973 0.000000 0.000000 
-25.485558 187.481842 -5.955712 -2.142632 6.658356 0.000000 0.000000 
-25.363306 187.627716 -5.498700 -0.364944 6.631191 0.000000 0.000000 
-25.467369 188.306854 -10.945740 -5.721100 4.861389 0.000000 0.000000 
-34.876598 190.949097 10.742243 -5.593399 6.152138 0.000000 0.000000 
-25.004072 193.012909 -1.333420 -6.903358 3.167732 0.000000 0.000000 
-25.640461 192.929108 -2.869055 -5.460480 3.117500 0.000000 0.000000 
-26.654602 192.810211 -2.243144 -7.788383 3.325527 0.000000 0.000000 
-33.005920 192.433563 9.994027 -7.775536 4.616764 0.000000 0.000000 
-34.002949 194.884949 7.324984 -4.470322 5.531776 0.000000 0.000000 
-32.856449 195.502899 8.755020 -2.042358 5.924355 0.000000 0.000000 
-2.414029 199.502289 -5.769877 -4.238899 5.402580 0.000000 0.000000 
33.381706 197.902069 3.202595 -5.703110 3.344021 0.000000 0.000000 
-29.460827 198.861938 -0.894036 -4.659294 3.670403 0.000000 0.000000 
-28.785587 198.979614 -1.956602 -4.536034 3.931797 0.000000 0.000000 
-29.585203 198.902466 -2.350225 -0.182404 7.086205 0.000000 0.000000 
-35.909351 198.715088 15.173740 1.522545 7.886440 0.000000 0.000000 
-34.061459 199.250092 14.725435 3.874100 10.438511 0.000000 0.000000 
-37.024025 199.155548 13.632915 -3.241188 5.528252 0.000000 0.000000 
-35.740623 199.427368 11.664538 2.622223 7.898788 0.000000 0.000000 
-34.772263 200.400726 11.918941 0.839783 7.189445 0.000000 0.000000 
-31.619204 205.026154 -3.309196 -5.505615 3.289825 1.000000 1.000000 
-31.597202 205.584686 -3.678524 0.165108 5.888218 0.000000 0.000000 
-34.121002 205.325806 -6.109423 -1.983139 5.329399 0.000000 0.000000 
-27.855722 207.328186 -2.369296 -6.803360 4.493404 0.000000 0.000000 
-28.109716 207.315094 -3.016548 -6.259857 5.087498 0.000000 0.000000 
-27.150797 207.599091 -2.116636 -7.928566 3.361710 0.000000 0.000000 
-27.074913 207.683014 -1.568483 -4.257904 4.896858 0.000000 0.000000 
-27.511877 207.740143 -6.142528 -1.077545 5.735325 0.000000 0.000000 
-33.421440 216.183563 9.263323 -4.944824 3.510864 0.000000 0.000000 
-29.815039 218.672699 -0.452702 -1.629425 3.778023 0.000000 0.000000 
-32.025097 218.436279 5.258935 -2.879364 3.240971 0.000000 0.000000 
4.803151 232.709351 -7.363989 -3.419868 5.132217 0.000000 0.000000 
-34.728783 248.147827 -3.450786 2.820610 5.563419 0.000000 0.000000 
-35.376270 248.074982 -4.567727 -0.002052 4.322220 0.000000 0.000000 
