ply
format ascii 1.0
comment Created by CloudCompare v2.14.beta (Feb  3 2026)
comment Created 2026-05-09T18:21:13
obj_info Generated by CloudCompare!
element vertex 1485
property float x
property float y
property float z
property float rcs
property float snr
property float v
property float label
end_header
-5.767134 -42.845531 -11.881406 4.396049 28.209278 0.000000 1.000000 
12.330707 -31.052490 -12.198714 -1.205040 26.370344 0.000000 1.000000 
32.558529 -7.544858 -10.384378 -2.708595 26.727562 0.000000 1.000000 
40.281235 -0.612638 -13.943571 -6.652512 21.116005 0.000000 1.000000 
29.716154 -30.453461 -11.020166 -2.487190 22.388882 0.000000 1.000000 
-18.986647 -48.299011 -8.234261 1.584991 19.612759 0.000000 1.000000 
57.638824 -31.988430 -13.310762 15.863167 29.131250 0.000000 1.000000 
68.973877 -11.526778 -9.778670 4.167259 21.344467 0.000000 1.000000 
55.390045 -53.418240 -31.723938 13.488518 26.482542 0.000000 1.000000 
91.990974 -12.122658 -14.320192 8.394249 18.814035 0.000000 1.000000 
114.507317 -7.129141 -22.875992 13.493248 17.877087 0.000000 1.000000 
114.579826 -7.417777 -20.367325 12.569199 18.337997 0.000000 1.000000 
202.745438 3.999663 -18.813202 16.933212 12.864471 0.000000 1.000000 
25.778456 18.863462 -12.472624 4.624008 22.547033 0.000000 1.000000 
21.904013 30.619375 -14.461110 -8.216248 19.165863 0.000000 1.000000 
27.873825 26.424828 -14.996666 -0.192825 18.842718 0.000000 1.000000 
5.874179 40.545738 -11.376012 -17.247353 19.806129 0.000000 1.000000 
3.492491 42.113468 -15.636505 -21.071930 15.228024 0.000000 1.000000 
8.020658 44.535740 -17.337412 -14.893401 17.622154 0.000000 1.000000 
14.143702 43.319908 -16.779598 -13.344879 17.527988 0.000000 1.000000 
12.493356 45.672466 -17.454489 -14.633347 17.226608 0.000000 1.000000 
16.981543 47.796883 -18.993614 -16.080040 13.822433 0.000000 1.000000 
7.542373 51.160160 -20.029703 -18.940720 11.385197 0.000000 1.000000 
7.720070 58.197529 -20.457163 -16.388664 14.629301 0.000000 1.000000 
7.850108 58.977249 -21.602549 -18.764236 12.336906 0.000000 1.000000 
8.047986 59.726158 -23.602747 -11.347519 14.260723 0.000000 1.000000 
7.283117 60.416801 -23.845663 -13.841179 11.263756 0.000000 1.000000 
20.214167 61.856247 -24.838987 -15.520096 10.914635 0.000000 1.000000 
-29.207523 67.613495 -28.405174 -1.328995 17.620466 0.000000 1.000000 
-33.749542 74.016632 -23.536190 -2.405296 16.390388 0.000000 1.000000 
-33.382080 74.231590 -19.104126 -9.574257 9.616737 0.000000 1.000000 
-39.581398 78.705666 -26.046621 -8.256371 11.860542 0.000000 1.000000 
27.934317 83.895538 -32.364346 -6.053482 14.468094 0.000000 1.000000 
42.406219 77.512329 -34.144180 1.307022 14.503014 0.000000 1.000000 
41.973701 77.923492 -34.107021 1.575157 16.616806 0.000000 1.000000 
42.840454 77.643852 -34.113453 -4.993401 12.065331 0.000000 1.000000 
-17.080988 89.232269 -36.406651 -5.413620 16.804577 0.000000 1.000000 
-17.044424 89.799080 -36.636101 -12.040428 11.247070 1.000000 1.000000 
-33.089958 85.732132 -29.364202 -11.795593 8.639328 0.000000 1.000000 
-22.313606 96.276100 -13.665703 -8.342360 7.992592 0.000000 1.000000 
-32.502747 96.796249 -15.211192 -6.302505 10.173126 0.000000 1.000000 
-31.508224 97.322945 -13.246612 -7.640724 10.242863 0.000000 1.000000 
38.845642 97.202797 -42.276756 -10.667168 6.843330 0.000000 1.000000 
-31.634846 102.177437 -43.187649 -8.483536 6.980503 0.000000 1.000000 
-32.002777 103.810135 -14.849733 -6.535805 6.524418 0.000000 1.000000 
-31.724880 108.933861 -45.896008 -11.281548 7.097755 0.000000 1.000000 
36.532120 107.912277 -46.113552 -9.654518 6.449272 0.000000 1.000000 
43.521553 110.988464 -27.603996 -8.532944 7.036903 0.000000 1.000000 
39.576847 113.647858 -28.380617 -6.675674 8.125862 0.000000 1.000000 
-23.756615 120.209396 -47.699432 -9.101685 6.913502 0.000000 1.000000 
-21.523314 133.217285 -37.295479 -4.799309 8.044628 0.000000 1.000000 
-22.517385 135.047974 -23.909094 -8.266258 8.570415 0.000000 1.000000 
-23.252056 153.095673 -63.155708 -5.769333 7.729675 0.000000 1.000000 
-115.777534 101.988480 -9.629903 10.224869 5.776829 0.000000 1.000000 
-79.247910 142.362244 -43.143078 -2.400597 6.886398 0.000000 1.000000 
-70.910202 147.548920 -30.139639 -5.525436 5.748047 0.000000 1.000000 
66.015816 150.387573 -48.037926 -7.576790 4.369804 0.000000 1.000000 
-27.394772 188.310547 -51.037312 -3.930626 5.659084 0.000000 1.000000 
-26.332541 188.471130 -55.729252 -3.389778 7.616695 0.000000 1.000000 
-33.547596 197.521942 -73.288109 -0.920769 5.381908 0.000000 1.000000 
24.038561 -79.999184 35.202339 2.408997 19.265053 0.000000 1.000000 
118.367172 9.907310 27.130693 11.228195 18.119038 0.000000 1.000000 
-8.013972 86.861107 23.274874 -9.437134 14.747652 0.000000 1.000000 
-23.245424 86.188560 22.948605 -9.171883 14.078497 0.000000 1.000000 
-32.984333 82.919952 35.171303 -5.332001 13.379990 0.000000 1.000000 
-32.774719 83.007843 35.487518 -6.587082 11.962608 0.000000 1.000000 
-33.051556 83.021896 35.027771 -4.831833 12.980362 0.000000 1.000000 
-37.257751 83.815361 36.066280 -8.482117 9.405659 0.000000 1.000000 
17.573284 90.697655 27.700907 -15.608025 8.460732 0.000000 1.000000 
-35.447647 122.781998 36.853409 -6.136986 6.034203 0.000000 1.000000 
-22.151693 134.341095 21.230679 -5.408318 9.715538 0.000000 1.000000 
-150.995224 45.131760 26.891809 25.504623 8.487354 0.000000 1.000000 
3.439206 186.422363 52.826607 -5.149101 5.764488 0.000000 1.000000 
11.662718 -21.693836 -3.997084 -7.419861 22.316839 0.000000 1.000000 
13.656904 -28.574760 -8.392861 1.122826 27.437857 0.000000 1.000000 
13.354357 -28.990921 -1.205500 -1.276947 25.869215 0.000000 1.000000 
12.377674 -3.039389 -3.158068 -7.710182 34.135406 1.000000 1.000000 
-5.177395 -18.424362 -6.294291 -9.123283 24.858238 0.000000 1.000000 
11.221863 -38.646664 -3.679912 -3.574623 22.775211 0.000000 1.000000 
29.660975 -30.578289 -8.203388 -5.302803 20.888168 0.000000 1.000000 
43.596825 16.546738 -7.094361 1.685593 22.569826 0.000000 1.000000 
42.229630 20.316357 -9.151547 -1.165871 20.257065 0.000000 1.000000 
-1.697880 -55.677509 12.517508 8.268167 32.103329 0.000000 1.000000 
56.048470 8.568785 16.709505 2.861228 21.045280 0.000000 1.000000 
57.021160 5.652930 13.616978 13.080330 29.401199 0.000000 1.000000 
56.634834 16.213139 -6.607383 9.201263 23.049980 0.000000 1.000000 
4.012589 -68.062828 18.850384 -1.943245 16.468798 0.000000 1.000000 
55.596016 -52.988201 20.523417 15.891670 25.705118 0.000000 1.000000 
56.078995 -52.705784 22.006701 19.236237 29.770937 0.000000 1.000000 
102.294640 -11.359422 15.016767 6.397521 13.519894 0.000000 1.000000 
108.448227 -10.455667 8.699289 10.581734 16.869465 0.000000 1.000000 
113.470833 -9.391707 13.743907 12.538925 17.485563 0.000000 1.000000 
113.567513 -8.588404 14.670732 15.794312 20.665146 0.000000 1.000000 
113.643532 -8.093594 15.832183 11.123940 15.932077 0.000000 1.000000 
113.830818 -10.568877 21.130720 10.667480 16.946527 0.000000 1.000000 
113.922752 -10.142934 21.071383 11.742363 17.432722 0.000000 1.000000 
4.526495 -116.108040 22.622112 11.265800 19.660259 0.000000 1.000000 
-8.994793 -116.938568 27.322769 10.309792 16.635349 0.000000 1.000000 
5.560112 -172.218002 -10.288678 15.922440 15.258533 0.000000 1.000000 
-10.323247 26.212776 -8.987005 -13.104607 25.151789 0.000000 1.000000 
-10.459774 26.173923 -8.970355 -12.030670 25.085299 0.000000 1.000000 
-0.142348 29.327282 -7.319911 -13.469872 24.331741 0.000000 1.000000 
-3.862196 29.463732 11.060743 -16.348183 23.782070 0.000000 1.000000 
23.715221 24.050125 -8.212276 4.362419 23.291843 0.000000 1.000000 
23.868750 24.172544 -8.338815 4.894180 24.078047 0.000000 1.000000 
15.871545 45.838612 -3.721812 -7.256256 19.465748 0.000000 1.000000 
15.827743 46.197563 -4.625832 -12.734756 17.504637 0.000000 1.000000 
-13.787613 51.591866 21.221109 -15.549576 16.676382 0.000000 1.000000 
-11.072541 62.159927 -5.346763 -18.838333 11.441895 0.000000 1.000000 
-17.124607 61.880856 9.656322 -17.568886 10.503960 0.000000 1.000000 
26.991159 60.380718 -10.187773 -1.064445 19.233170 0.000000 1.000000 
-30.844448 68.185257 24.423079 -5.839806 16.537073 0.000000 1.000000 
-29.044344 69.368622 21.487846 -7.572594 16.126917 0.000000 1.000000 
-9.820820 75.320015 21.140219 -7.979218 14.788216 0.000000 1.000000 
-10.091777 75.317238 -7.941556 -2.199989 19.465504 0.000000 1.000000 
-10.294580 75.467453 -9.703604 -0.197845 19.085157 0.000000 1.000000 
-31.154697 69.417397 19.716835 -8.719589 16.428198 0.000000 1.000000 
-22.167030 74.368561 18.832376 -13.443260 10.406223 0.000000 1.000000 
-1.078918 79.455315 22.481695 -13.566246 16.527214 0.000000 1.000000 
28.763950 76.607307 22.655300 -8.487061 12.769920 0.000000 1.000000 
42.281929 77.719063 25.846855 0.074875 14.843161 0.000000 1.000000 
30.192993 86.558044 -8.555717 -12.702385 8.730495 0.000000 1.000000 
45.537769 82.321510 26.407198 -10.363495 7.489609 0.000000 1.000000 
-16.790298 100.951973 11.549582 -14.343307 8.050812 0.000000 1.000000 
42.664410 111.981918 17.056847 -7.749893 8.536846 0.000000 1.000000 
-27.940994 187.020599 -17.715319 -4.160141 4.171684 0.000000 1.000000 
-1.031019 191.829742 -6.578214 1.300652 9.940071 0.000000 1.000000 
-1.373810 191.855377 -6.924770 2.790421 10.528545 0.000000 1.000000 
-2.099790 199.705414 -7.100974 -0.728783 7.485600 1.000000 1.000000 
-2.560424 199.868195 -7.130785 -3.580437 4.883564 1.000000 1.000000 
-2.377702 199.918671 -7.724950 -5.277107 4.736320 1.000000 1.000000 
-3.241957 200.894775 -6.618292 -2.821602 5.562263 0.000000 1.000000 
-29.653730 199.097382 20.872299 -3.674355 4.411011 0.000000 1.000000 
2.226142 -8.647208 -0.003509 -21.652863 22.156153 1.000000 1.000000 
-0.415485 -6.057662 -0.235213 -6.290234 45.395691 0.000000 0.000000 
-0.303541 -6.123140 -0.146823 -9.485199 44.733624 0.000000 0.000000 
0.191985 -6.212243 -0.288648 -2.322647 47.197365 0.000000 0.000000 
0.038519 -6.206109 -0.190665 -6.737865 44.968571 0.000000 0.000000 
0.302564 -6.293405 -0.285750 -5.250439 45.612522 0.000000 0.000000 
-0.036308 10.106508 0.108112 -20.457809 32.071278 1.000000 0.000000 
-0.850615 11.143550 -0.026837 -12.724907 32.410320 0.000000 0.000000 
0.052580 12.109403 -0.029377 -12.095154 36.751663 0.000000 0.000000 
-0.509196 12.377357 0.024680 -11.680382 37.225746 1.000000 0.000000 
-3.275774 17.679098 0.564348 -25.999031 13.953587 1.000000 0.000000 
-3.698108 18.521429 0.389457 9.135727 43.942596 0.000000 0.000000 
-3.846861 18.723011 0.315726 8.626039 41.560066 0.000000 0.000000 
0.084871 21.517759 -1.286964 -7.168808 32.082569 0.000000 0.000000 
-4.878066 20.937860 -0.631831 3.611412 39.301094 0.000000 0.000000 
-4.921803 20.932329 -0.750264 2.254822 36.294891 0.000000 0.000000 
0.218583 22.206841 -0.840233 2.376083 33.194736 1.000000 0.000000 
-5.066170 21.623627 -0.714243 0.778030 35.928265 1.000000 0.000000 
0.099893 22.545055 -0.875465 -3.542160 26.428997 0.000000 0.000000 
-0.014921 22.542509 -0.916137 -13.709381 15.639849 1.000000 0.000000 
0.288187 22.864922 -0.828164 19.503258 47.965275 0.000000 0.000000 
0.258440 22.981182 -0.847324 18.027077 47.589523 0.000000 0.000000 
0.039350 23.255894 -0.716015 -6.586685 26.260376 0.000000 0.000000 
0.056160 23.629774 -0.856122 -10.247231 23.572100 1.000000 0.000000 
-12.507511 -59.197975 2.134076 4.523757 20.353125 1.000000 0.000000 
-12.049235 -59.659973 1.755963 4.387283 20.117165 1.000000 0.000000 
-11.584823 -62.495308 2.570961 -0.874008 15.840727 1.000000 0.000000 
-12.167138 -62.606873 1.399993 2.036919 15.801872 1.000000 0.000000 
-11.522244 -63.195179 2.952249 2.358597 17.598127 1.000000 0.000000 
-12.327719 -63.351852 1.256032 2.952187 18.930037 1.000000 0.000000 
-11.647454 -66.508781 3.328830 1.148979 15.263884 1.000000 0.000000 
-12.902113 -68.679115 4.569885 1.132027 15.915892 1.000000 0.000000 
-14.438257 -68.630775 1.966056 11.070763 23.883390 1.000000 0.000000 
-14.622279 -69.041046 2.759176 12.137283 23.545990 1.000000 0.000000 
-42.556648 4.297266 1.877437 2.534676 25.682152 0.000000 0.000000 
-42.624413 3.963449 2.146137 -0.190269 23.037411 0.000000 0.000000 
-45.943619 18.368626 3.406704 2.589493 22.031279 0.000000 0.000000 
-35.132679 0.091400 2.065171 0.161942 27.123955 0.000000 0.000000 
-35.285202 0.213674 1.612224 -3.968063 24.413353 0.000000 0.000000 
-35.401413 -5.578683 3.631829 -3.237541 24.433088 0.000000 0.000000 
-36.884495 -1.787573 -0.095124 -1.021141 25.420090 0.000000 0.000000 
-36.952755 -2.665724 1.703800 1.016441 28.789700 0.000000 0.000000 
-37.216194 0.066299 -0.697274 1.481094 29.364149 0.000000 0.000000 
-38.491730 -6.307893 5.057926 2.635498 25.856873 0.000000 0.000000 
-38.574574 -7.922622 1.342204 1.106941 24.749155 0.000000 0.000000 
-38.708912 -7.253150 1.337939 0.888687 24.799555 0.000000 0.000000 
-38.817657 -7.175495 0.530121 1.734444 24.438507 0.000000 0.000000 
-38.552284 -19.722595 1.808954 4.008827 26.860197 0.000000 0.000000 
-38.582859 -19.917328 1.805032 8.111305 30.138186 0.000000 0.000000 
-45.545692 -3.973698 4.155794 -3.949219 20.078680 0.000000 0.000000 
-45.655708 -3.038430 3.194626 -3.575577 20.744705 0.000000 0.000000 
-45.733433 -4.677928 0.393282 -4.670502 19.448187 0.000000 0.000000 
-49.532509 -4.222180 1.252175 -5.195862 19.392845 0.000000 0.000000 
-19.335819 -11.220169 1.160001 -2.388809 30.993656 0.000000 0.000000 
-19.217211 -11.432816 1.256257 0.476906 32.022247 0.000000 0.000000 
-19.839361 -11.298259 1.419137 -0.518883 33.428139 0.000000 0.000000 
-24.512932 -4.690382 3.455894 -9.433136 24.087288 0.000000 0.000000 
-24.951637 -3.026416 7.256311 -13.144423 21.902086 0.000000 0.000000 
-24.890091 3.440423 0.304019 -8.569374 26.203186 0.000000 0.000000 
-21.870255 -15.212181 2.567636 -11.762802 22.676971 0.000000 0.000000 
-26.525597 -10.035259 -3.547789 -4.177216 25.769394 0.000000 0.000000 
-23.108526 -18.167610 8.996629 -5.187988 25.226767 0.000000 0.000000 
-26.724190 -12.401596 10.494763 -2.558647 27.155811 0.000000 0.000000 
-23.452477 -26.188747 6.665887 -3.317894 22.632637 0.000000 0.000000 
-20.949829 -47.364922 7.255266 7.605064 23.807631 0.000000 0.000000 
-20.774483 -48.035587 3.609513 -0.394531 18.892487 0.000000 0.000000 
-6.245926 -20.469769 1.383669 -6.185265 26.268347 0.000000 0.000000 
-6.433344 -20.453499 -0.176645 -5.995689 28.148735 0.000000 0.000000 
-6.418952 -24.419189 -1.070158 -9.323212 24.640568 0.000000 0.000000 
-6.603595 -19.953972 -0.443129 -4.242897 29.690992 0.000000 0.000000 
-6.880713 -21.714558 -0.500332 0.100037 30.635002 0.000000 0.000000 
-7.506002 -24.508625 0.785594 -0.555099 29.639885 0.000000 0.000000 
8.540811 -18.021374 -0.022307 -13.589462 21.392433 0.000000 0.000000 
8.446139 -26.813126 3.076687 -0.685585 27.207325 0.000000 0.000000 
10.150701 -39.709999 -1.156769 1.616226 23.108568 0.000000 0.000000 
8.169059 -41.377518 -1.455906 3.406647 24.695261 0.000000 0.000000 
9.245892 -41.170940 -0.571323 4.685043 25.410727 0.000000 0.000000 
7.185537 -5.246016 -0.041410 3.499634 46.041252 0.000000 0.000000 
7.287384 -5.355752 -0.103500 5.008507 50.035339 0.000000 0.000000 
8.568082 -3.937199 -1.257030 -5.372795 36.203213 0.000000 0.000000 
8.721242 -3.955098 -0.976058 -0.784081 39.844433 0.000000 0.000000 
7.312846 -8.495583 -1.475614 7.102455 47.992367 0.000000 0.000000 
8.238149 -10.109335 -0.053217 -11.901428 31.642281 0.000000 0.000000 
8.570086 -10.417269 4.109860 -9.120003 29.485205 0.000000 0.000000 
11.014249 -11.108912 -1.446823 -12.623108 27.033077 0.000000 0.000000 
7.773821 -16.148640 5.085933 -2.658340 32.590633 0.000000 0.000000 
7.716050 -21.013531 6.524172 0.406807 33.766014 0.000000 0.000000 
8.605935 -26.893375 2.320176 -2.346336 30.408554 0.000000 0.000000 
7.526661 -34.180058 0.389321 2.963341 28.644751 0.000000 0.000000 
7.088125 -34.985031 0.494348 -2.423729 26.270393 0.000000 0.000000 
6.980908 -35.184799 -0.036927 3.878532 30.474577 0.000000 0.000000 
7.062868 -35.230625 -0.212780 1.616081 30.398346 0.000000 0.000000 
6.959897 -36.436302 0.053798 -1.172348 23.935575 0.000000 0.000000 
7.030651 -36.426304 0.870475 -2.683098 23.181313 0.000000 0.000000 
7.002822 -41.671551 2.460807 -1.375488 23.216372 0.000000 0.000000 
9.300329 -54.337509 -2.525212 -0.116302 18.344486 0.000000 0.000000 
10.953854 -54.845173 4.787967 12.300194 32.597443 0.000000 0.000000 
16.241224 -41.400513 9.604845 -0.442535 20.815926 0.000000 0.000000 
21.060266 -42.111748 -0.218670 0.159050 19.675177 0.000000 0.000000 
11.099247 -21.380524 8.114226 -3.770920 27.079840 0.000000 0.000000 
12.153797 -23.756096 4.914004 -5.409790 27.903650 0.000000 0.000000 
13.907351 -2.775496 0.589328 1.492424 40.835670 0.000000 0.000000 
14.044051 -2.760288 0.723505 -1.952507 36.287785 0.000000 0.000000 
15.851752 -0.927623 -0.576804 1.414154 38.648121 0.000000 0.000000 
15.900652 -0.910799 -0.707377 -0.713493 36.902931 0.000000 0.000000 
20.726295 0.930065 0.041701 -1.299660 33.138634 0.000000 0.000000 
21.264214 -2.029404 1.644244 -4.611748 30.014557 0.000000 0.000000 
21.480431 -3.044219 5.405556 0.596283 33.681427 0.000000 0.000000 
24.914335 -14.692066 2.732197 0.123894 29.955685 0.000000 0.000000 
24.754427 -15.135452 2.574763 -2.676628 25.703180 0.000000 0.000000 
23.224894 -17.704304 8.368052 0.722412 29.067577 0.000000 0.000000 
27.589699 0.092931 0.266071 4.636963 36.210400 0.000000 0.000000 
26.920439 7.863252 -3.988952 4.693123 29.720362 0.000000 0.000000 
28.134995 7.904430 -4.377315 0.932655 28.567656 0.000000 0.000000 
28.614811 8.573260 -0.579718 13.996956 36.993046 0.000000 0.000000 
28.590029 8.691896 -0.711132 16.683472 38.921368 0.000000 0.000000 
30.446760 8.308146 0.804961 9.543159 32.565254 0.000000 0.000000 
30.444908 8.318511 -0.087576 9.487831 33.165108 0.000000 0.000000 
28.228798 15.600106 1.181475 4.835625 33.483105 0.000000 0.000000 
32.363937 9.055833 -0.716964 17.301834 36.794014 0.000000 0.000000 
32.283703 9.314499 -0.599264 17.279266 38.903885 0.000000 0.000000 
32.398026 9.131427 -0.726174 20.345642 42.207432 0.000000 0.000000 
34.484180 8.724971 -1.284993 15.705437 36.850529 0.000000 0.000000 
34.618633 8.639653 -1.247416 15.407860 35.106800 0.000000 0.000000 
34.428497 15.069452 0.926693 -0.121895 22.432327 0.000000 0.000000 
34.471886 15.310058 -0.380857 0.809723 24.468449 0.000000 0.000000 
38.578041 7.906081 -0.821579 5.937805 27.713009 0.000000 0.000000 
38.578014 8.081883 -0.783678 9.870689 29.931879 0.000000 0.000000 
38.837875 7.724947 -0.838318 5.081398 28.634947 0.000000 0.000000 
42.617176 8.811258 -1.093320 17.501701 36.032215 0.000000 0.000000 
42.637405 8.907631 -1.327748 15.534882 34.300316 0.000000 0.000000 
44.374138 9.756260 -0.459025 8.006538 27.468277 0.000000 0.000000 
15.528287 30.820915 0.981610 -3.094543 28.608028 0.000000 0.000000 
2.441248 -6.948553 0.249940 -9.228279 40.061913 0.000000 0.000000 
2.506393 -7.079776 0.171668 -8.920982 40.921803 0.000000 0.000000 
2.596043 -7.635899 -0.227440 -2.456367 42.506836 0.000000 0.000000 
2.681360 -7.625916 -0.216281 -0.618027 43.154457 0.000000 0.000000 
2.391374 -8.082555 0.101695 -3.287300 42.643265 0.000000 0.000000 
2.771736 -8.084657 0.289140 -4.428535 42.244774 0.000000 0.000000 
2.416235 -8.941201 -0.074066 -2.375443 40.432625 0.000000 0.000000 
2.460006 -8.971590 -0.092334 -1.880310 41.524601 0.000000 0.000000 
2.280018 -9.278328 0.125198 -5.364891 36.658161 0.000000 0.000000 
2.422956 -9.475642 0.169810 0.515015 41.697277 0.000000 0.000000 
2.409329 -9.512629 0.155922 3.631752 45.904690 0.000000 0.000000 
2.198328 -10.150454 -0.208544 -7.858612 35.977646 0.000000 0.000000 
2.405801 -10.251003 -0.162997 -4.768356 38.324314 0.000000 0.000000 
2.461687 -10.233061 -0.086733 -4.145309 39.236637 0.000000 0.000000 
2.204201 -10.547823 -0.196709 -5.378601 35.379196 0.000000 0.000000 
2.283449 -10.536246 -0.138557 -1.889130 39.757858 0.000000 0.000000 
2.160670 -10.865345 -0.309494 -3.717705 37.104713 0.000000 0.000000 
2.154099 -10.956807 -0.389113 -7.206772 34.148605 0.000000 0.000000 
2.305304 -11.020526 -0.114969 -5.617706 36.400547 0.000000 0.000000 
2.412737 -11.104144 -0.005986 -6.657387 35.790298 0.000000 0.000000 
2.345882 -0.967098 0.034827 -13.732708 50.736450 0.000000 0.000000 
2.492906 -0.974902 0.034385 -13.590191 55.634888 0.000000 0.000000 
2.414281 -2.020127 0.033353 -24.696487 34.001919 0.000000 0.000000 
2.443000 -2.074901 0.005760 -27.110004 40.837978 0.000000 0.000000 
2.418268 -2.502226 0.135278 -23.663948 41.066242 0.000000 0.000000 
2.462684 -2.597120 0.053413 -22.204880 41.020248 0.000000 0.000000 
2.401773 -2.856007 -0.027232 -19.875633 43.563026 0.000000 0.000000 
2.405548 -3.124502 -0.101127 -28.608746 39.198895 0.000000 0.000000 
2.451501 -3.532929 0.082480 -14.380993 46.188972 0.000000 0.000000 
2.480849 -3.513160 0.107792 -13.379177 46.375183 0.000000 0.000000 
2.515426 -3.613224 0.079178 -9.902351 48.146446 0.000000 0.000000 
2.433792 -3.955691 0.030836 -19.281788 42.387295 0.000000 0.000000 
2.452350 -4.138999 0.031499 -15.031914 42.332687 0.000000 0.000000 
2.472098 -4.187032 0.052641 -15.270541 43.795990 0.000000 0.000000 
2.433757 -4.471447 -0.076212 -17.891132 40.360741 0.000000 0.000000 
2.455812 -4.543962 -0.077316 -21.123268 40.467094 0.000000 0.000000 
2.469029 -4.602047 -0.070103 -20.169910 39.789539 0.000000 0.000000 
2.475024 -4.734012 -0.053009 -19.311516 36.029438 0.000000 0.000000 
2.451118 -5.062424 0.072948 -9.613216 43.374153 0.000000 0.000000 
2.474635 -5.157284 0.065216 -11.486538 42.510529 0.000000 0.000000 
2.404896 -5.339166 -0.156927 -12.183716 40.546185 0.000000 0.000000 
2.448315 -5.499518 0.002468 -1.724564 45.664997 0.000000 0.000000 
2.446050 -5.502165 0.035529 0.749454 54.546700 0.000000 0.000000 
2.431052 -5.509229 0.011567 -1.850525 45.038849 0.000000 0.000000 
2.471729 -6.251446 0.063923 -9.035305 42.560669 0.000000 0.000000 
2.486219 -6.358178 0.035778 -6.037018 44.335308 0.000000 0.000000 
2.481819 -6.470133 -0.127897 -7.568802 45.059769 0.000000 0.000000 
2.473598 -6.746316 0.053748 -6.878273 43.744972 0.000000 0.000000 
2.474914 -6.793719 -0.024176 -6.277473 42.553375 0.000000 0.000000 
2.418273 -7.059135 -0.124276 -8.983498 44.242115 0.000000 0.000000 
2.432435 -7.229930 -0.085449 -2.595726 43.883514 0.000000 0.000000 
2.435986 -7.231938 0.025076 -4.088844 44.095020 0.000000 0.000000 
2.286227 -7.532478 0.153820 -7.633152 38.812836 0.000000 0.000000 
2.357696 -7.516588 0.068146 -9.966881 39.141560 0.000000 0.000000 
2.380578 -7.658502 0.068263 -7.593384 38.895828 0.000000 0.000000 
2.312564 -7.928091 0.110740 -4.116493 41.307087 0.000000 0.000000 
2.277902 -8.232429 -0.194622 -10.309196 41.277969 0.000000 0.000000 
2.420267 -8.423635 0.179696 -8.614342 37.613873 0.000000 0.000000 
2.464967 -8.464725 0.301055 -10.851050 31.504574 0.000000 0.000000 
2.303301 -8.750389 0.050325 -1.935478 43.526726 0.000000 0.000000 
2.254669 -8.955951 0.005927 4.850410 45.789726 0.000000 0.000000 
2.244215 -8.959502 -0.013719 3.265640 46.751938 0.000000 0.000000 
2.163511 -9.425880 -0.125313 -1.938530 42.592094 0.000000 0.000000 
2.182920 -9.481498 -0.003375 -5.123947 39.954433 0.000000 0.000000 
2.182993 -9.686234 -0.229158 -3.537735 38.620728 0.000000 0.000000 
2.174299 -9.797925 -0.353917 -4.121658 37.635185 0.000000 0.000000 
2.158535 -9.959847 -0.261705 -4.243759 40.673401 0.000000 0.000000 
2.333905 -10.121715 -0.216557 -2.413391 38.377575 0.000000 0.000000 
2.246616 -10.217250 0.313232 -2.541328 39.322399 0.000000 0.000000 
2.207525 -10.369507 0.092655 -4.040337 38.534317 0.000000 0.000000 
2.227433 -10.603350 -0.097769 -1.071815 41.649422 0.000000 0.000000 
2.279834 -10.615105 0.040310 -2.545303 39.704819 0.000000 0.000000 
2.191209 -11.050295 -0.313111 1.036949 43.293488 0.000000 0.000000 
2.145063 -11.111295 -0.216249 1.741524 43.385735 0.000000 0.000000 
2.282417 -11.373413 0.135132 -8.157051 39.337910 0.000000 0.000000 
2.124286 -11.599554 0.277359 -4.672523 38.534084 0.000000 0.000000 
2.053507 -11.849257 0.099783 -1.825851 40.672455 0.000000 0.000000 
1.876817 -12.294783 -0.271826 -6.663269 34.419792 0.000000 0.000000 
2.281766 4.785458 -0.010810 -28.429245 23.274290 0.000000 0.000000 
2.415450 4.819410 -0.028353 -27.608227 25.694897 0.000000 0.000000 
2.501713 5.397445 -0.090526 -38.531372 18.861092 0.000000 0.000000 
2.307015 5.973816 -0.082250 -42.172176 16.165657 0.000000 0.000000 
2.365278 5.974021 -0.061403 -39.458328 18.060719 0.000000 0.000000 
2.442898 6.525148 -0.066769 -38.934704 20.338104 0.000000 0.000000 
2.292001 6.959504 0.037479 -10.934769 43.394600 0.000000 0.000000 
2.319287 6.984646 0.041610 -11.258430 44.824986 0.000000 0.000000 
2.386360 7.450124 -0.081418 -26.798431 30.227760 0.000000 0.000000 
2.291193 7.627316 -0.075332 -30.934322 27.092497 0.000000 0.000000 
2.289220 7.908647 -0.037174 -21.350433 32.501740 0.000000 0.000000 
2.372936 7.974713 -0.031366 -21.927322 34.713524 0.000000 0.000000 
2.413042 8.408751 -0.022912 -24.732441 28.257759 0.000000 0.000000 
2.265002 8.594039 -0.146675 -37.596958 22.363989 0.000000 0.000000 
2.269765 8.956589 0.017828 -8.494720 41.022614 0.000000 0.000000 
2.302191 9.001081 0.021726 -6.655666 42.362427 0.000000 0.000000 
2.330077 9.750997 -0.096639 -22.634232 24.454813 0.000000 0.000000 
2.189786 21.001331 -0.481060 5.491058 42.109970 0.000000 0.000000 
2.223814 20.998760 -0.440571 -0.217606 33.541710 0.000000 0.000000 
-6.014359 -1.070085 -0.561067 -0.052711 50.574463 0.000000 0.000000 
-6.017242 -1.025155 -0.599416 4.985298 55.254002 0.000000 0.000000 
-6.069407 -1.031792 -0.611603 7.117104 57.580544 0.000000 0.000000 
-6.826861 0.013122 0.100382 1.111191 49.114056 0.000000 0.000000 
-6.937466 0.025242 0.136312 6.143471 54.905190 0.000000 0.000000 
2.046812 -10.834588 -0.522082 -4.565285 36.881599 0.000000 0.000000 
-6.286221 -10.525101 -3.098784 -11.014084 30.867613 0.000000 0.000000 
-6.210354 -10.746158 -2.756742 -11.949791 31.847198 0.000000 0.000000 
-6.216996 -10.939247 -2.614977 -9.964333 33.406826 0.000000 0.000000 
-6.954337 -10.808439 0.114697 -13.380318 31.218578 0.000000 0.000000 
-6.785847 -11.105541 0.304375 -10.153381 31.537312 0.000000 0.000000 
-6.718382 -11.223692 0.925509 -11.758179 28.347933 0.000000 0.000000 
-6.018558 -11.917255 -0.353631 -14.305336 26.880127 0.000000 0.000000 
-6.529702 -11.729090 2.640512 -10.038681 31.078121 0.000000 0.000000 
-6.674025 -11.675982 0.028731 -11.329674 28.519547 0.000000 0.000000 
-6.516701 -11.928480 0.265480 -12.405693 28.676620 0.000000 0.000000 
-6.778399 -12.016556 0.274822 -11.906784 28.769260 0.000000 0.000000 
-6.195652 -12.554605 -2.568510 -11.327919 32.241653 0.000000 0.000000 
-6.435575 -12.693160 -0.514567 -7.979408 33.797016 0.000000 0.000000 
-6.403414 -12.714143 -0.778191 -6.424522 34.125938 0.000000 0.000000 
-6.619308 -12.871600 0.523643 -7.609375 33.154827 0.000000 0.000000 
-6.518155 -13.031881 0.842721 -9.430359 29.615648 0.000000 0.000000 
-7.225327 -12.775858 0.118684 -12.795387 26.992180 0.000000 0.000000 
-7.091167 -12.873007 1.200981 -11.658768 27.738922 0.000000 0.000000 
-6.118550 -13.593546 -0.192046 -16.203323 27.079992 0.000000 0.000000 
-6.337154 -13.648182 -0.770438 -15.046387 27.511759 0.000000 0.000000 
-6.647078 -13.892303 -0.732897 -14.396729 25.610170 0.000000 0.000000 
-6.747984 -13.898456 -0.752410 -16.323975 26.488956 0.000000 0.000000 
-7.306606 -14.097402 -1.348336 -18.434715 22.121534 0.000000 0.000000 
-11.682632 -10.770385 -3.056544 -20.322472 24.249863 0.000000 1.000000 
-6.262082 -15.037271 -0.252628 -7.916031 27.502298 0.000000 0.000000 
-6.365205 -15.042273 -0.030772 -6.613068 28.476534 0.000000 0.000000 
-6.395406 -15.291847 2.538740 -14.374596 22.632851 0.000000 0.000000 
-6.327187 -15.433467 1.101155 -9.965530 27.785463 0.000000 0.000000 
-6.390279 -15.525564 0.658920 -6.700043 29.688278 0.000000 0.000000 
-6.776976 -15.689183 1.143053 -8.952995 26.706337 0.000000 0.000000 
-6.886747 -15.650166 1.047326 -4.647545 31.553965 0.000000 0.000000 
-7.177642 -15.709799 0.048140 -10.938148 27.255016 0.000000 0.000000 
-6.232244 -16.266104 0.542977 -9.449921 26.742954 0.000000 0.000000 
-6.211279 -16.346651 -4.429270 -7.202148 27.055866 0.000000 0.000000 
-6.191473 -16.355604 5.289628 -8.549263 25.357372 0.000000 0.000000 
-6.091925 -16.887808 -1.077006 -13.221786 22.899141 0.000000 0.000000 
-6.562240 -16.987331 1.606306 -17.217773 20.375700 0.000000 0.000000 
-6.610346 -17.085827 -0.131807 -9.156822 24.910357 0.000000 0.000000 
-6.647176 -17.178608 0.049094 -8.593826 25.951893 0.000000 0.000000 
-18.254255 -2.042616 -0.493113 3.243111 42.610977 0.000000 0.000000 
-18.224533 -2.716871 0.005184 3.233276 41.874546 0.000000 0.000000 
-18.410271 -2.540467 -0.318910 3.104774 38.725510 0.000000 0.000000 
-18.681250 -2.084720 -0.299779 7.202576 43.964546 0.000000 0.000000 
-18.682985 -2.077772 -0.336060 7.584694 45.435135 0.000000 0.000000 
-6.361683 -18.899792 -0.732592 -5.086052 30.576653 0.000000 0.000000 
-6.325634 -19.019981 -0.890128 -4.501335 30.583344 0.000000 0.000000 
-6.139863 -19.327602 -0.907540 -14.148192 25.124802 0.000000 0.000000 
-20.005817 -0.965287 -1.584440 -13.566292 22.196150 1.000000 1.000000 
-20.360500 -0.858973 -1.084889 4.522666 40.532413 0.000000 0.000000 
-20.360626 -0.837981 -1.042037 3.788536 39.812000 0.000000 0.000000 
-18.695074 -11.404607 1.903156 2.323875 34.628109 0.000000 0.000000 
-18.764725 -11.375828 1.506608 0.380997 32.065044 0.000000 0.000000 
-18.351593 -14.249304 -0.731178 16.002350 45.245052 0.000000 0.000000 
-18.406801 -14.337365 -0.829673 13.908813 44.252670 0.000000 0.000000 
-18.639236 -14.435501 -0.911585 1.896233 32.400654 0.000000 0.000000 
-18.659044 -14.409361 -0.974716 -2.022476 31.064787 0.000000 0.000000 
-22.351761 6.520039 8.048100 -2.006630 29.028206 0.000000 0.000000 
-18.325382 -15.582998 0.390408 -0.946342 30.317585 0.000000 0.000000 
-6.321815 -24.853241 -4.365020 -5.138733 24.508717 0.000000 0.000000 
8.451919 -27.022141 -7.145123 -4.632027 22.903275 0.000000 1.000000 
7.792133 -27.883499 -3.088580 -2.950653 24.677284 0.000000 0.000000 
-29.454025 3.809042 -5.124778 -5.585938 25.115864 0.000000 1.000000 
-19.533642 -24.163639 1.667909 0.421928 29.385441 0.000000 0.000000 
-7.307661 -30.324940 -6.635633 -3.240143 24.372604 0.000000 1.000000 
-6.894804 -30.789787 -5.195434 -7.640770 22.586248 0.000000 1.000000 
-19.237806 -25.347603 -5.372159 -4.116753 25.129671 0.000000 0.000000 
-21.334972 -23.649147 2.060266 -4.842049 24.847765 0.000000 0.000000 
-20.708050 -24.240562 0.846288 0.315407 27.874596 0.000000 0.000000 
-20.539801 -24.658848 3.106513 1.031982 26.863329 0.000000 0.000000 
12.249625 -29.258823 -0.632993 3.286964 29.637644 0.000000 0.000000 
-20.194347 -25.314949 1.009463 -2.785988 23.361147 0.000000 0.000000 
-20.689941 -25.411793 -5.638237 -3.584641 23.131966 0.000000 0.000000 
-20.807533 -25.788452 -3.197089 -2.058151 25.510975 0.000000 0.000000 
12.083607 -31.144741 0.024477 -4.146133 23.957321 0.000000 0.000000 
-19.923223 -29.288670 2.476050 -5.341156 21.492954 0.000000 0.000000 
-19.790794 -29.459579 1.328051 -4.975945 21.355797 0.000000 0.000000 
-19.244688 -30.489067 -6.749609 -3.644035 21.340637 0.000000 0.000000 
-34.352421 -10.901685 -6.387258 -2.905937 26.176825 0.000000 1.000000 
-19.844263 -30.718903 1.057599 -1.201653 24.656551 0.000000 0.000000 
-20.411221 -30.548935 0.222276 -5.258591 22.073545 0.000000 0.000000 
-38.775738 -2.204329 2.321534 -1.879768 24.721220 0.000000 0.000000 
9.252958 -38.568924 11.058352 -0.239799 23.901674 0.000000 0.000000 
-39.791218 1.726009 1.085341 -6.907188 19.636248 0.000000 0.000000 
-40.419651 0.566810 1.780428 -2.387398 22.232140 0.000000 0.000000 
-40.444336 1.121453 2.091121 0.046463 24.367729 0.000000 0.000000 
-40.696110 1.263370 2.230309 6.341042 28.836596 0.000000 0.000000 
-40.803837 1.159452 3.173153 5.093529 30.119247 0.000000 0.000000 
11.496226 -39.554333 3.666621 -0.279739 21.976181 0.000000 0.000000 
12.601113 -39.700218 6.145359 1.226761 22.531252 0.000000 0.000000 
-6.433698 -48.358410 3.832185 -0.945518 20.611530 0.000000 0.000000 
-6.242013 -52.353210 -0.491495 -2.116020 17.128201 0.000000 0.000000 
27.081083 -47.087555 0.592665 3.494156 16.921820 0.000000 1.000000 
19.819357 -51.036095 -0.109263 0.872200 17.792648 0.000000 0.000000 
-6.715896 -55.169262 1.611063 2.031387 20.762930 0.000000 0.000000 
21.102795 -57.795616 3.796288 2.383995 17.893061 0.000000 0.000000 
18.666594 -59.147034 4.207849 0.917168 16.768534 0.000000 0.000000 
-106.931770 -3.039997 5.965127 7.129837 15.911047 0.000000 0.000000 
-107.025406 -2.746003 5.030274 10.382156 19.676048 0.000000 0.000000 
-107.277740 -1.447367 5.123529 14.909630 22.964056 0.000000 0.000000 
-107.282562 -1.774351 7.836094 15.049706 22.240236 0.000000 0.000000 
-107.368736 -6.380689 5.539054 10.688759 20.617306 0.000000 0.000000 
-107.465988 -6.133738 4.331018 10.920845 20.095842 0.000000 0.000000 
-107.375443 -9.657035 3.329908 8.166214 16.296793 0.000000 0.000000 
-20.398073 -106.374451 1.790918 6.033890 12.857697 0.000000 0.000000 
-115.455246 -3.320323 7.783046 11.931877 19.416880 0.000000 0.000000 
-115.473869 -2.665214 6.633168 9.621048 16.565990 0.000000 0.000000 
61.636772 -100.087349 3.316776 17.301620 15.733814 0.000000 0.000000 
54.343597 -104.337143 7.894166 12.991806 14.189640 0.000000 0.000000 
56.317894 -103.345543 6.514073 18.243240 19.007044 0.000000 0.000000 
57.276508 -102.949860 5.249888 14.795074 15.003231 0.000000 0.000000 
68.139717 -106.781258 7.770264 22.084290 18.082054 0.000000 0.000000 
60.765079 -147.497375 7.920231 19.632523 18.600956 0.000000 0.000000 
7.258773 -8.406859 -4.066387 0.703545 40.527195 0.000000 0.000000 
11.943629 -3.146050 0.062443 9.078064 47.926331 0.000000 0.000000 
11.940542 -3.168365 0.116304 7.622063 45.161552 0.000000 0.000000 
12.031878 2.681759 2.012117 -6.752663 33.165604 0.000000 1.000000 
-6.539060 -13.581193 -0.424654 -4.260635 30.156948 0.000000 0.000000 
-6.440333 -13.908354 -0.195237 -6.933983 27.250347 0.000000 0.000000 
15.141103 -8.136034 2.547870 -12.943855 27.461851 0.000000 0.000000 
17.048315 0.381256 -0.778890 8.210992 44.045860 0.000000 0.000000 
17.173120 0.376236 -0.815393 5.398376 42.791325 0.000000 0.000000 
-6.685597 -16.882767 -0.555694 -5.048424 29.455698 0.000000 0.000000 
-6.595101 -16.961670 -0.698081 -3.233604 29.922321 0.000000 0.000000 
-6.838171 -17.300858 0.230824 -10.575951 25.025013 0.000000 0.000000 
-5.747437 -18.202976 -0.797195 -9.444588 25.035545 0.000000 0.000000 
-7.585466 -17.744221 5.886593 -11.487778 24.364456 0.000000 0.000000 
16.963991 8.627859 0.458723 9.829063 38.964508 0.000000 0.000000 
17.014660 8.750746 0.480496 9.922104 39.235527 0.000000 0.000000 
-7.543545 -18.256462 1.175368 -4.614265 28.113777 0.000000 0.000000 
17.964586 -9.480386 5.979449 -2.927467 28.885162 0.000000 0.000000 
-8.499327 -17.901905 -0.009113 -6.117073 25.441170 0.000000 0.000000 
18.008051 -9.725906 6.122063 -2.183395 30.531805 0.000000 0.000000 
-8.820385 -18.208038 -4.521238 -8.491089 28.458221 0.000000 0.000000 
18.699799 8.112513 -0.821608 0.611702 35.796124 0.000000 0.000000 
18.330864 9.825108 -0.005861 10.163879 42.756584 0.000000 0.000000 
22.113232 9.141987 0.238985 6.912544 38.447426 0.000000 0.000000 
21.753311 10.107055 0.544130 5.349594 36.336536 0.000000 0.000000 
24.265478 3.450472 -2.045086 -7.948921 23.923952 0.000000 1.000000 
22.644192 -10.897639 -2.028960 -1.634041 28.986170 0.000000 1.000000 
22.611710 -11.084606 -2.034437 -2.156685 28.489838 0.000000 0.000000 
23.056000 10.297889 -4.334173 -4.370407 27.585621 0.000000 0.000000 
26.646713 -3.646088 -1.981986 -10.233124 23.189419 0.000000 0.000000 
26.366947 8.835172 -0.096289 12.808098 37.398380 0.000000 0.000000 
26.377773 9.088373 0.033090 11.293716 36.685329 0.000000 0.000000 
25.585384 -15.151369 1.145653 -0.503914 27.125000 0.000000 0.000000 
26.680496 -15.797135 -0.539081 -1.689079 26.519053 0.000000 1.000000 
23.097403 -20.841042 -0.759169 -5.606422 23.632715 0.000000 0.000000 
12.613250 -28.653427 1.128924 -3.018745 24.212811 0.000000 0.000000 
28.623596 11.841284 1.105029 0.243523 27.366047 0.000000 1.000000 
23.639374 -21.530899 1.137979 4.372879 29.310858 0.000000 0.000000 
23.602728 -21.669140 0.593427 6.191841 32.768242 0.000000 0.000000 
32.580120 1.378962 1.342503 13.627716 39.089813 0.000000 0.000000 
32.694653 1.278827 1.183632 13.746742 41.311607 0.000000 0.000000 
23.466558 -23.930138 -0.163314 -3.385300 23.580124 0.000000 0.000000 
23.440155 -24.515526 5.955523 -2.110657 26.825638 0.000000 0.000000 
34.548748 -5.677009 11.219395 -2.583961 25.002495 0.000000 1.000000 
4.685188 -38.419300 -3.437330 -5.405991 21.970135 0.000000 0.000000 
38.453587 1.326375 4.048846 -9.240196 20.882826 0.000000 0.000000 
38.645187 -0.814601 0.129898 -6.314339 22.938984 0.000000 0.000000 
38.813610 -0.526308 1.021410 9.210815 32.731319 0.000000 0.000000 
38.868824 -0.646377 0.471928 9.283128 33.575611 0.000000 0.000000 
41.677719 -1.046880 1.864629 14.405182 35.613220 0.000000 0.000000 
41.678059 -0.889853 1.509731 14.738091 36.460007 0.000000 0.000000 
4.985015 -42.372402 -3.107795 0.052704 23.652113 0.000000 1.000000 
30.048311 -30.863968 1.336886 -5.068909 20.751078 0.000000 0.000000 
43.114609 -0.552797 1.660699 8.902626 30.789576 0.000000 0.000000 
43.259895 -0.439175 1.296835 8.657716 29.875334 0.000000 0.000000 
43.611855 -9.770093 8.956159 -0.468430 23.835249 0.000000 1.000000 
43.506229 -10.439733 9.330621 -0.045685 24.511734 0.000000 0.000000 
43.349773 14.731566 2.573250 0.399582 20.430071 0.000000 0.000000 
44.071533 14.113956 -1.547368 1.361046 19.225780 0.000000 0.000000 
43.542561 16.790154 11.764091 -1.413925 19.131775 0.000000 0.000000 
46.581219 8.064837 -2.883929 18.252342 33.103416 0.000000 0.000000 
46.655163 8.220971 -4.157779 19.634453 35.232712 0.000000 0.000000 
47.118160 9.319867 -0.426226 5.723412 22.618359 0.000000 0.000000 
47.424343 7.850116 -0.739382 5.563606 25.491062 0.000000 0.000000 
46.611809 16.747425 1.033840 14.385437 31.498730 0.000000 0.000000 
46.633720 16.772030 1.477073 13.541115 30.929480 0.000000 0.000000 
47.137791 16.420799 0.881846 3.574684 21.987698 0.000000 0.000000 
47.331573 15.934787 -1.420380 9.231393 27.038404 0.000000 0.000000 
47.852661 -17.140629 1.295629 0.322227 19.749958 0.000000 0.000000 
50.263046 10.316357 -0.677448 8.905046 28.114384 0.000000 0.000000 
50.305233 10.134970 -0.720467 12.642380 32.492737 0.000000 0.000000 
50.641464 13.695343 11.161063 2.711730 19.548876 0.000000 0.000000 
50.815155 13.180898 -1.056083 2.980865 20.455942 0.000000 0.000000 
50.265209 16.051746 1.589155 5.631210 21.382551 0.000000 0.000000 
52.553493 9.090425 0.070888 16.311661 32.516430 0.000000 0.000000 
52.555508 9.359675 0.202961 18.929001 32.708427 0.000000 0.000000 
52.721603 8.503575 -0.348599 15.940628 33.714272 0.000000 0.000000 
53.462265 10.248497 -0.686399 -0.635864 17.502083 0.000000 0.000000 
54.909714 7.090878 -0.186205 22.333206 37.953621 0.000000 0.000000 
54.974266 7.055480 -0.664728 19.910477 34.164814 0.000000 0.000000 
56.030544 8.605968 -1.210800 4.569077 20.661049 0.000000 0.000000 
55.822495 9.983897 0.815767 5.227913 21.728390 0.000000 0.000000 
56.873775 6.707485 -2.219005 20.205437 35.281235 0.000000 0.000000 
56.844563 7.178650 -1.909833 15.382698 28.971611 0.000000 0.000000 
56.680347 9.711453 1.095284 14.924728 27.655279 0.000000 0.000000 
56.588074 10.378136 3.374914 12.837418 27.320126 0.000000 0.000000 
56.252235 11.936614 3.431285 13.651741 27.508471 0.000000 0.000000 
58.047588 0.843954 1.431313 12.286415 28.992657 0.000000 0.000000 
58.034523 1.287847 1.204766 13.275276 29.092733 0.000000 0.000000 
58.135273 7.767683 -2.411924 6.758179 21.656597 0.000000 0.000000 
58.402618 6.693400 -2.637765 4.547813 20.750990 0.000000 0.000000 
58.541237 8.709684 -0.954637 20.883263 33.397606 0.000000 0.000000 
58.702065 8.598025 -0.809035 21.047127 34.649025 0.000000 0.000000 
60.481205 9.378633 -0.494515 24.114044 36.561104 0.000000 0.000000 
60.343323 10.150412 0.708691 21.037277 33.281601 0.000000 0.000000 
61.970383 -9.201470 1.901715 9.074226 25.376608 0.000000 0.000000 
62.023273 -9.232598 2.519183 9.055711 25.303658 0.000000 0.000000 
62.023907 -10.738971 2.013956 5.745674 22.003490 0.000000 0.000000 
62.087547 -11.041903 2.742193 7.438820 23.613174 0.000000 0.000000 
62.699089 8.490181 -1.839775 11.996262 26.997238 0.000000 0.000000 
62.695118 8.761896 -2.108518 11.202644 28.177155 0.000000 1.000000 
57.758297 -31.330421 2.263644 13.363800 26.787807 0.000000 0.000000 
57.812046 -31.428246 2.689797 15.960625 27.757782 0.000000 0.000000 
66.194542 -11.141483 0.365461 -0.781273 16.829203 0.000000 0.000000 
66.713631 -10.696524 -0.655988 10.125908 27.687826 0.000000 0.000000 
66.711639 -10.938893 0.459386 14.261322 29.512712 0.000000 0.000000 
67.833641 10.546268 -0.034047 6.371529 19.461826 0.000000 0.000000 
67.951485 10.089493 1.222470 2.081917 17.687649 0.000000 0.000000 
67.874634 10.626613 -0.310980 6.575928 19.416431 0.000000 0.000000 
67.794861 13.005735 2.244004 22.427643 31.923571 0.000000 0.000000 
67.940063 12.802329 1.780019 24.322441 34.861023 0.000000 0.000000 
68.158310 11.785566 0.370584 14.062195 26.924957 0.000000 0.000000 
66.060890 -22.457123 -5.944526 7.087814 23.334606 0.000000 1.000000 
70.287491 -9.410496 -4.867668 9.006204 22.639076 0.000000 0.000000 
70.368805 -10.013448 -4.340068 10.074974 25.312744 0.000000 0.000000 
70.520035 8.821245 -0.780489 10.975166 24.678782 0.000000 0.000000 
70.472664 9.682607 0.898675 8.396791 18.573215 0.000000 0.000000 
57.918045 -43.275429 5.573777 13.670547 26.816759 0.000000 0.000000 
72.567345 9.012593 -0.066189 28.878487 38.774853 0.000000 0.000000 
72.649117 8.817111 -0.245571 25.414482 35.145958 0.000000 0.000000 
74.809464 6.813908 -2.461649 12.502823 24.286356 0.000000 0.000000 
74.872406 7.031926 -3.210028 16.391350 27.260950 0.000000 0.000000 
74.746613 8.734595 -1.384816 8.989923 21.351715 0.000000 0.000000 
52.631310 -56.600643 -2.672910 1.550201 16.425043 0.000000 0.000000 
76.744652 8.192184 -1.766711 15.882736 27.617828 0.000000 0.000000 
76.829155 7.864264 -2.165392 14.381828 25.274578 0.000000 0.000000 
8.302098 -77.185997 -2.950732 11.144463 25.256950 0.000000 0.000000 
8.474554 -77.179382 -2.752375 15.224770 27.853586 0.000000 0.000000 
78.658615 8.517082 -1.436162 20.472015 30.683090 0.000000 0.000000 
78.874435 7.969739 -2.258270 18.821060 28.871883 0.000000 0.000000 
80.599983 8.452825 -1.467555 12.391022 22.521946 0.000000 0.000000 
80.648064 9.084727 -1.168116 14.806709 25.928101 0.000000 0.000000 
80.650848 9.270924 -1.034858 10.273178 21.848110 0.000000 0.000000 
82.171082 -10.008648 10.393926 2.716721 18.216660 0.000000 0.000000 
82.328247 10.284577 -2.446837 5.689651 19.464203 0.000000 0.000000 
83.309158 -10.354673 11.720261 4.421669 17.250015 0.000000 0.000000 
55.941559 -63.998707 4.845265 10.082649 17.810509 0.000000 0.000000 
-35.052608 -77.050140 -0.321493 6.506325 15.380856 0.000000 0.000000 
84.263412 11.239416 -0.965571 9.606599 21.809917 0.000000 0.000000 
84.418869 10.900258 -0.910200 11.195297 22.723600 0.000000 0.000000 
86.372276 10.468804 1.565543 13.975105 22.075537 0.000000 0.000000 
86.434822 10.380555 1.955688 13.509949 21.022024 0.000000 0.000000 
57.695808 -67.826561 5.693202 17.844437 25.781769 0.000000 0.000000 
58.164028 -67.685852 5.688088 16.914978 24.428625 0.000000 0.000000 
88.648109 9.227727 2.278774 13.599052 22.885668 0.000000 0.000000 
88.551254 10.067191 2.869017 17.924568 25.138172 0.000000 0.000000 
89.459869 -1.793059 -2.978206 4.559761 16.768059 0.000000 0.000000 
89.175156 -10.548233 9.207773 9.226129 21.506325 0.000000 0.000000 
89.230171 -10.269505 8.606087 7.551025 20.526714 0.000000 0.000000 
90.480186 9.866588 1.246812 22.071495 28.597204 0.000000 0.000000 
90.591568 10.206006 1.485608 24.843369 31.522551 0.000000 0.000000 
91.230339 -11.179862 8.132386 7.332031 21.884369 0.000000 0.000000 
91.225395 -11.290423 9.356028 9.381958 23.627052 0.000000 0.000000 
91.310387 -12.932526 9.956983 12.938728 22.352800 0.000000 0.000000 
91.419342 -12.221476 14.340736 14.431671 24.805870 0.000000 0.000000 
91.468307 -12.526475 11.564881 9.208801 21.089346 0.000000 0.000000 
91.515221 -12.695020 14.930877 11.531929 23.564449 0.000000 0.000000 
91.902618 -12.133797 12.992319 9.392906 19.603481 0.000000 0.000000 
92.804703 7.786620 -1.474522 19.414703 27.912073 0.000000 0.000000 
92.856651 7.811213 -1.480998 17.303902 24.992599 0.000000 0.000000 
92.638542 -12.359000 10.459752 10.563873 19.112467 0.000000 0.000000 
92.741577 -12.249360 13.526442 8.732742 18.146326 0.000000 0.000000 
94.673576 8.221817 0.651434 6.247536 14.410547 0.000000 0.000000 
96.265808 -12.442130 7.808518 8.596954 19.054319 0.000000 0.000000 
96.277557 -12.711733 7.328889 8.536302 19.047979 0.000000 0.000000 
102.649422 8.399441 1.370754 6.275314 16.759470 0.000000 0.000000 
107.705261 16.726322 0.601574 16.340073 21.915691 0.000000 0.000000 
107.764122 16.835674 -0.353218 12.740936 18.611462 0.000000 0.000000 
57.482853 -102.738449 3.180758 13.269882 20.505413 0.000000 0.000000 
118.294304 2.504480 1.491207 14.418747 22.220558 0.000000 0.000000 
118.503258 0.840269 3.075800 9.947311 19.538635 0.000000 0.000000 
118.641533 8.134618 -4.747029 13.783463 17.759361 0.000000 0.000000 
118.848083 8.463644 -3.989803 12.485809 17.747957 0.000000 0.000000 
118.868729 8.503590 -5.496584 12.819038 18.231649 0.000000 0.000000 
119.908379 1.108345 0.385706 7.927452 15.831867 0.000000 0.000000 
127.337273 17.278881 3.758537 20.465851 21.483021 0.000000 0.000000 
9.907918 -129.320816 0.237686 14.283844 17.452845 0.000000 0.000000 
7.568374 -130.684677 -2.238204 10.973770 14.358866 0.000000 0.000000 
7.456280 -134.390488 -1.023807 16.245857 19.298618 0.000000 0.000000 
134.453400 9.420714 -5.777595 13.855415 16.093187 0.000000 0.000000 
6.486639 -135.677216 -0.695738 13.841370 17.669790 0.000000 0.000000 
136.770523 9.495045 -4.468219 15.745407 17.856501 0.000000 0.000000 
7.598500 -138.109283 0.108924 11.510979 14.169920 0.000000 0.000000 
138.173203 12.815429 -0.596847 19.482903 21.028748 0.000000 0.000000 
7.013752 -140.881393 -0.851991 12.757233 14.994404 0.000000 0.000000 
7.732623 -142.170471 -8.530021 13.534737 15.700764 0.000000 0.000000 
8.214847 -142.554123 -3.628958 11.880905 13.790005 0.000000 0.000000 
142.261688 13.106784 1.090893 20.245758 22.099516 0.000000 0.000000 
7.826710 -143.395096 -0.352106 23.248627 25.564342 0.000000 0.000000 
7.832149 -143.848328 -0.077656 10.459557 13.864870 0.000000 0.000000 
7.693820 -144.640991 -2.984055 22.327499 23.792963 0.000000 0.000000 
144.391144 12.388319 3.869728 13.532890 15.429317 0.000000 0.000000 
6.341816 -145.851593 -0.700157 12.537643 14.620625 0.000000 0.000000 
8.044508 -145.853867 -2.471831 19.861748 21.345396 0.000000 0.000000 
7.945633 -147.092209 -0.794515 25.021568 27.102449 0.000000 0.000000 
8.461346 -148.295303 -2.846177 21.499039 22.662842 0.000000 0.000000 
148.407349 13.281332 2.780359 18.642723 18.653168 0.000000 0.000000 
7.027553 -149.595337 -2.456179 18.257973 19.282642 0.000000 0.000000 
6.738111 -150.829773 -8.089925 13.482506 14.891392 0.000000 0.000000 
150.251083 12.038156 -1.786667 17.015106 16.460022 0.000000 0.000000 
150.548279 12.181950 7.350327 17.121140 16.261086 0.000000 0.000000 
164.118515 -14.361717 15.170177 16.600136 18.709681 0.000000 0.000000 
59.060947 -158.532394 8.917911 15.044510 15.250109 0.000000 0.000000 
8.283916 -173.348328 -6.226192 20.318306 19.546822 0.000000 0.000000 
176.108536 64.926422 17.426296 33.395042 26.366289 0.000000 0.000000 
185.002365 65.640091 20.084282 22.152870 16.055763 0.000000 0.000000 
1.774374 8.380516 -0.038550 -51.345715 9.755882 1.000000 1.000000 
-0.325071 8.828234 0.010971 -45.550499 16.171162 1.000000 1.000000 
3.021583 10.579712 0.059936 -31.427795 10.550274 1.000000 1.000000 
2.296509 12.323305 0.400980 -16.047958 32.808693 0.000000 0.000000 
2.025775 12.473946 -0.068369 -35.427368 14.467899 1.000000 1.000000 
2.219223 12.839087 -1.007675 -11.365410 34.977066 0.000000 0.000000 
2.199083 13.102021 0.107529 -10.868179 33.512474 0.000000 0.000000 
2.277995 13.529039 -0.076179 -2.207184 37.785843 0.000000 0.000000 
2.362986 13.953193 -0.107662 -0.077751 41.149696 0.000000 0.000000 
2.130761 14.164662 -0.085105 -28.553497 12.397388 1.000000 1.000000 
2.477618 14.265520 0.128446 -31.794106 9.779190 1.000000 1.000000 
2.324564 14.383203 -0.154496 3.027267 43.057980 0.000000 0.000000 
2.313925 14.394887 -0.160360 0.224617 39.433861 0.000000 0.000000 
2.303092 14.494427 -0.149529 2.094398 40.671955 0.000000 0.000000 
2.352791 14.842976 -0.125429 -3.715515 35.265644 0.000000 0.000000 
2.269248 15.183620 0.134793 -9.627541 35.025639 0.000000 0.000000 
2.271330 15.287574 0.176014 -12.753119 36.025639 0.000000 0.000000 
2.520189 15.585262 -0.086061 -32.094505 12.184544 1.000000 1.000000 
2.321558 15.721916 0.342252 -6.625717 35.586117 0.000000 0.000000 
2.336821 15.826105 0.268820 -7.908249 31.845512 0.000000 0.000000 
2.252466 16.179794 -0.196389 -15.614037 33.060028 0.000000 0.000000 
2.066660 16.321714 -0.321424 -18.371483 25.061991 1.000000 1.000000 
2.343320 16.604813 -0.059500 -7.391518 35.712040 0.000000 0.000000 
2.326137 16.716560 -0.054754 -5.733978 34.546223 0.000000 0.000000 
2.220772 16.736618 0.224697 -18.318100 26.982677 0.000000 0.000000 
2.202618 17.243553 -0.060955 -18.670639 27.505905 0.000000 0.000000 
2.770044 17.190018 0.504886 -40.388138 9.806656 1.000000 1.000000 
2.271998 17.514700 -0.162822 -3.656334 36.436699 0.000000 0.000000 
2.287978 17.535717 -0.091732 -3.225716 36.450668 0.000000 0.000000 
2.197475 17.833239 -0.164978 -34.710640 7.714409 1.000000 1.000000 
2.305728 17.949009 0.307823 -6.619858 31.023930 0.000000 0.000000 
2.405591 18.237926 -0.182226 -11.706261 27.237749 1.000000 1.000000 
2.339999 18.264069 0.330506 -4.205841 30.532490 0.000000 0.000000 
2.339415 18.361345 -1.343116 -5.923088 34.056774 0.000000 0.000000 
2.269077 18.699337 0.075259 -11.569473 26.872780 0.000000 0.000000 
2.254414 19.318222 0.285814 -8.413673 29.494160 0.000000 0.000000 
2.080580 19.474415 0.019919 -21.146042 15.790819 1.000000 1.000000 
2.351687 19.493498 -0.220033 -26.926231 10.625633 1.000000 1.000000 
2.271611 19.575537 -0.326817 -4.024452 34.547779 1.000000 1.000000 
2.184976 19.741989 -0.052484 3.349533 39.867420 0.000000 0.000000 
2.226071 19.872484 0.186968 2.918419 38.603416 0.000000 0.000000 
2.205333 20.427441 0.379980 -4.226227 33.501541 0.000000 0.000000 
2.258298 20.450092 -0.112128 -1.132568 37.299660 1.000000 1.000000 
2.152558 20.576494 -0.548232 8.413078 46.123482 0.000000 0.000000 
-6.612438 22.600950 -2.323416 -11.127937 28.486172 0.000000 0.000000 
-6.563516 22.874350 0.228725 -6.727554 27.818539 0.000000 0.000000 
-6.568142 23.074623 0.252531 -5.770493 30.726089 0.000000 0.000000 
-6.892680 23.932472 0.397854 -26.831139 12.001541 1.000000 1.000000 
-6.949105 24.081511 0.190403 -7.523994 26.627071 1.000000 1.000000 
-7.509245 24.106838 0.539889 -14.583388 25.773649 0.000000 0.000000 
-7.324244 24.185760 0.651709 -14.194298 27.039251 0.000000 0.000000 
8.250387 24.177366 -6.028392 -14.231369 24.180250 0.000000 0.000000 
7.939571 24.421778 0.491977 -13.896568 24.372784 0.000000 0.000000 
3.298149 26.547934 -0.128423 -14.047409 24.411432 0.000000 0.000000 
20.048622 15.496906 6.822370 5.950142 23.264042 0.000000 1.000000 
-6.086128 26.354733 7.357019 -17.286774 24.673700 0.000000 0.000000 
-7.386044 26.907183 1.482994 -14.623970 24.668112 0.000000 0.000000 
-7.454060 27.180992 7.401950 -17.700836 22.340759 0.000000 0.000000 
7.339573 27.711996 2.815029 -11.374962 23.797380 0.000000 0.000000 
5.192991 28.765682 3.461162 -17.070992 22.728523 0.000000 0.000000 
-0.054938 29.352842 -0.351022 -18.260490 23.501795 0.000000 0.000000 
0.011612 29.383419 0.274171 -15.669257 24.175777 0.000000 0.000000 
8.104630 28.910141 -2.171634 -16.700386 21.365156 0.000000 0.000000 
8.967922 29.079370 4.146082 -15.303229 23.737659 0.000000 0.000000 
8.367942 29.315500 3.896386 -4.772873 28.372044 0.000000 0.000000 
8.551489 29.359373 3.100856 -15.842728 22.799267 0.000000 0.000000 
8.565578 29.389660 2.949153 -13.870224 23.480946 0.000000 0.000000 
8.493893 29.457106 3.232551 -9.698898 26.241531 0.000000 0.000000 
6.253537 30.370182 5.329338 -14.898743 23.598877 0.000000 0.000000 
9.348789 30.341354 8.026345 -13.456078 23.558601 0.000000 0.000000 
-11.047465 30.132893 0.953515 -12.241753 24.200535 0.000000 0.000000 
3.705599 32.189713 0.330035 -20.132805 20.709265 0.000000 0.000000 
6.817979 31.738398 2.207791 -14.960686 21.356707 1.000000 1.000000 
6.481188 32.063293 -0.342818 -17.914185 22.087685 0.000000 0.000000 
8.201228 31.628653 11.377307 -16.585579 22.661308 0.000000 0.000000 
6.895058 32.313457 2.201696 -0.452026 32.552452 0.000000 0.000000 
7.018114 32.383507 2.354136 -0.793213 33.233688 0.000000 0.000000 
6.694104 32.711750 -0.697566 -16.658035 16.893013 1.000000 1.000000 
7.407470 32.574947 -3.837789 -16.934082 20.355864 0.000000 0.000000 
6.991961 32.836102 12.732498 -11.892937 26.323795 0.000000 0.000000 
6.723151 33.252750 5.273835 -15.494690 20.465946 0.000000 0.000000 
-23.093283 23.951927 -9.328049 -2.858284 18.194124 0.000000 1.000000 
6.915112 33.747631 -0.842378 -1.099930 32.071083 0.000000 0.000000 
7.005104 33.861767 -0.832343 -1.787689 30.448109 0.000000 0.000000 
6.464122 34.256447 7.826493 -16.381096 20.703447 0.000000 0.000000 
7.316650 34.641998 3.728359 -8.036621 23.967087 0.000000 0.000000 
7.344176 34.644398 3.926368 -12.108620 20.861961 0.000000 0.000000 
7.472990 34.642338 3.742316 -12.084122 21.700684 0.000000 0.000000 
7.106410 35.025299 3.905771 -12.579559 23.100079 0.000000 0.000000 
6.407322 35.199516 4.702608 -8.708931 25.994738 0.000000 0.000000 
6.165681 35.317101 4.527464 -7.626587 24.776646 0.000000 0.000000 
8.557200 35.113403 1.983499 -7.688705 27.375397 0.000000 0.000000 
6.528569 36.062744 3.935225 -9.091148 26.243530 0.000000 0.000000 
6.387928 36.354866 3.485702 -4.179878 28.544416 0.000000 0.000000 
6.609005 36.432110 2.582463 -7.691917 24.987032 0.000000 0.000000 
7.565191 36.255688 -0.876403 -14.901390 23.426846 0.000000 0.000000 
6.743078 36.504684 -0.178578 -11.493179 22.901678 0.000000 0.000000 
6.997642 36.832382 2.964368 -9.612595 23.053452 0.000000 0.000000 
7.001428 36.874622 3.466123 -15.124619 20.712074 0.000000 0.000000 
6.637295 37.133335 -3.515543 -9.999367 21.897213 0.000000 0.000000 
6.822851 37.197166 0.062746 -13.426300 19.569029 1.000000 1.000000 
6.595790 37.335865 -0.052509 -13.569716 20.880035 0.000000 0.000000 
6.242012 37.634556 0.803447 -20.437897 16.931793 0.000000 0.000000 
6.273708 37.627720 0.625170 -20.060974 16.782747 0.000000 0.000000 
22.469446 30.387138 0.931885 0.222672 21.188320 0.000000 0.000000 
23.029896 30.022568 13.820374 -5.294022 17.199450 0.000000 0.000000 
22.727343 30.469856 1.238922 -3.093811 22.206921 0.000000 0.000000 
21.926191 31.152643 -0.050692 -1.423180 21.616405 0.000000 0.000000 
6.079515 38.705364 9.518071 -18.607193 17.948729 0.000000 0.000000 
7.212472 39.042656 -0.258182 -16.385406 18.674488 0.000000 0.000000 
23.121555 31.483856 0.782244 -3.950287 17.421391 1.000000 1.000000 
6.505737 39.567719 0.608464 -17.402672 18.185776 0.000000 0.000000 
-21.414995 33.373310 -1.258773 -13.690909 14.631495 0.000000 0.000000 
5.672045 40.153027 7.140608 -14.600800 21.545374 0.000000 0.000000 
6.937170 40.039803 -0.608157 -16.508591 18.386194 0.000000 0.000000 
21.755280 33.681702 2.258398 -10.620232 17.472223 0.000000 0.000000 
13.559375 38.475647 3.460009 -12.897331 18.913517 0.000000 0.000000 
5.798930 40.808796 8.301545 -16.886192 16.540476 0.000000 0.000000 
6.460127 40.984428 5.276643 -12.168503 21.378222 0.000000 0.000000 
16.295973 38.210854 1.500232 -14.494864 17.837948 0.000000 0.000000 
7.654889 41.582130 4.107143 -9.453819 21.204235 0.000000 0.000000 
7.659331 41.616352 3.819890 -7.480209 23.290071 0.000000 0.000000 
8.239592 41.681095 4.174582 -10.888367 21.264233 0.000000 0.000000 
15.181401 39.638359 0.502796 -11.440598 20.912766 0.000000 0.000000 
9.119143 41.778564 4.086918 -14.035515 19.613094 0.000000 0.000000 
10.254189 41.776482 4.264321 -10.353523 23.228848 0.000000 0.000000 
9.900688 41.896233 4.213504 -13.365753 19.886566 0.000000 0.000000 
5.107186 42.836254 -0.685622 -7.400574 23.319393 0.000000 0.000000 
5.127077 42.846619 -0.523872 -8.956276 20.922735 0.000000 0.000000 
5.326626 43.143265 -0.651236 -15.912299 18.219654 0.000000 0.000000 
10.483596 42.272209 6.384048 -17.748032 15.671766 0.000000 0.000000 
5.173084 43.583893 -0.565797 -8.038185 21.180237 0.000000 0.000000 
5.258438 43.590237 -0.774122 -20.099106 13.928583 0.000000 0.000000 
5.230062 43.621159 -0.596765 -15.624352 16.772810 0.000000 0.000000 
5.236337 43.621696 -0.516142 -6.284027 22.803463 0.000000 0.000000 
5.302011 43.687218 -0.302627 -12.702025 18.689508 0.000000 0.000000 
5.295324 43.715630 -0.519390 -7.948029 22.479614 0.000000 0.000000 
5.305707 44.037956 -0.797525 -20.465363 12.323498 1.000000 1.000000 
5.141663 44.074745 -0.348115 -14.593520 17.521650 0.000000 0.000000 
5.232502 44.132942 -0.766335 -13.466942 18.861633 0.000000 0.000000 
7.890920 43.757637 3.230561 -9.503693 22.915047 0.000000 0.000000 
5.144954 44.299995 -0.570857 -16.734886 16.343578 0.000000 0.000000 
7.852907 43.932884 3.169908 -1.429138 28.057920 0.000000 0.000000 
7.968224 44.074524 3.633055 -9.243927 22.313063 0.000000 0.000000 
39.707912 14.280709 3.080716 15.113304 21.286152 0.000000 1.000000 
7.553421 44.228886 5.561493 -10.496193 20.576427 0.000000 0.000000 
5.448150 44.916599 -0.565778 -14.176399 15.836311 1.000000 1.000000 
8.538182 44.457329 11.719717 -16.738174 17.243717 0.000000 0.000000 
15.424920 42.706009 15.794785 -15.391701 15.477316 0.000000 0.000000 
7.607784 45.067589 5.890121 -14.072403 18.172077 0.000000 0.000000 
37.407429 24.679371 5.085534 0.906181 14.320395 0.000000 0.000000 
24.189981 39.655983 1.878860 -3.723991 18.826431 0.000000 0.000000 
7.884916 46.341446 7.975479 -17.879333 16.454750 0.000000 0.000000 
24.370390 39.620586 2.400878 -6.132919 17.187572 0.000000 0.000000 
6.952824 47.009140 6.093572 -15.226189 15.161139 0.000000 0.000000 
6.936972 47.155689 6.568315 -11.546631 17.676567 0.000000 0.000000 
7.539206 47.142277 5.238527 -8.604950 20.489254 0.000000 0.000000 
36.643639 28.286278 1.462466 9.984390 21.516180 0.000000 0.000000 
7.748068 47.219009 4.738339 -17.224739 16.819613 0.000000 0.000000 
7.660550 47.267029 5.856061 -5.817741 23.766500 0.000000 0.000000 
36.625015 28.482075 1.224068 8.350250 19.395144 0.000000 0.000000 
7.358576 47.738297 2.891733 -10.825447 20.086014 0.000000 0.000000 
7.294451 47.934418 2.183268 -7.447060 21.028662 0.000000 0.000000 
35.045147 31.815420 0.949079 10.136635 20.974476 0.000000 0.000000 
34.601528 32.366711 0.633025 7.776894 19.345394 0.000000 0.000000 
34.858387 32.204956 1.153085 10.473297 20.239050 0.000000 0.000000 
35.175392 31.815842 1.446963 14.434868 25.776205 0.000000 0.000000 
8.069964 48.502903 4.315751 -7.963020 20.969021 0.000000 0.000000 
7.831396 48.686573 14.006934 -9.821213 18.998907 0.000000 0.000000 
7.421777 49.055855 0.377899 -12.110100 18.728619 0.000000 0.000000 
8.163849 48.968403 16.549803 -14.815987 16.623316 0.000000 0.000000 
8.179845 49.235302 15.525451 -13.047699 17.843513 0.000000 0.000000 
8.804399 49.203442 19.314390 -11.801636 16.423180 0.000000 0.000000 
7.879504 49.380699 5.571312 -11.948906 17.879683 0.000000 0.000000 
7.423418 49.493721 5.200086 -14.782944 17.470615 0.000000 0.000000 
10.153299 49.015190 4.247821 -16.334610 15.460533 0.000000 0.000000 
7.420631 49.606678 18.465689 -20.420769 14.194199 0.000000 0.000000 
8.271627 49.761993 4.476414 -15.219635 16.120581 0.000000 0.000000 
8.265298 49.889542 6.584479 -16.182877 14.257011 0.000000 0.000000 
7.575028 50.195133 5.877266 -15.833655 15.750504 0.000000 0.000000 
8.031337 50.167469 6.323665 -11.878227 17.340618 0.000000 0.000000 
8.370789 50.190697 5.836542 -20.040756 14.743210 0.000000 0.000000 
7.895602 51.166035 -6.992917 -12.457237 16.156317 0.000000 0.000000 
7.802033 51.193359 -7.234541 -6.663185 20.902731 0.000000 0.000000 
7.980191 51.219200 -7.261984 -9.804436 16.912182 0.000000 0.000000 
32.086899 40.084412 4.872293 -4.430000 15.227821 0.000000 0.000000 
13.040457 50.609562 3.628275 -13.001053 17.329849 0.000000 0.000000 
7.822892 51.884808 -7.326174 -19.550201 10.795712 1.000000 1.000000 
12.607026 51.029842 3.090796 -8.551865 19.865610 0.000000 0.000000 
12.746833 51.042622 3.902653 -16.960365 14.863125 0.000000 0.000000 
12.954993 51.377594 3.960582 -14.122627 16.053040 0.000000 0.000000 
17.847605 49.826054 0.322869 -8.692261 17.907038 0.000000 1.000000 
13.143097 51.441456 4.075064 -16.908882 12.734261 0.000000 0.000000 
7.654518 53.186115 3.976726 -19.327026 14.621080 0.000000 0.000000 
7.120973 53.469543 5.010988 -10.794327 20.181482 0.000000 0.000000 
7.643813 53.409828 -7.120190 -16.509560 18.171040 0.000000 0.000000 
8.190868 53.415352 3.762085 -9.681114 17.676977 1.000000 1.000000 
13.596818 52.572033 3.549924 -8.117050 21.336555 0.000000 0.000000 
7.090146 54.022339 4.612441 -8.299034 20.035221 0.000000 0.000000 
6.769860 54.064861 -7.014461 -4.820335 21.194324 0.000000 0.000000 
13.520767 52.842686 3.516719 -4.605003 23.591373 0.000000 0.000000 
8.348787 54.132385 3.949744 -2.207520 24.156790 0.000000 0.000000 
8.059348 54.227306 4.501075 -7.037323 22.091370 0.000000 0.000000 
6.625064 54.468334 3.771035 -12.225685 17.176060 1.000000 1.000000 
6.603131 54.587685 -6.903795 -9.953362 16.493437 0.000000 0.000000 
7.954551 54.663651 0.968349 -10.582352 17.017286 0.000000 0.000000 
8.167817 54.818199 3.234382 -12.889557 18.259676 0.000000 0.000000 
6.823519 55.241024 5.528575 -10.947235 17.056845 0.000000 0.000000 
6.454211 55.319992 2.780784 -10.353447 18.756836 0.000000 0.000000 
6.563569 55.367744 4.109941 -5.718758 20.786285 0.000000 0.000000 
7.304124 55.623962 -7.198188 -6.576439 20.380596 0.000000 0.000000 
7.367879 55.628788 -8.134683 -9.607140 19.325703 0.000000 0.000000 
6.852529 55.708588 5.382929 -7.267075 21.058531 0.000000 0.000000 
43.151947 33.570438 1.998404 7.203804 15.827106 1.000000 1.000000 
6.585027 55.937222 5.118802 -8.255989 17.907160 0.000000 0.000000 
6.989318 56.101372 3.125066 -10.158195 17.999018 0.000000 0.000000 
43.934662 33.731148 2.138414 16.922806 22.707493 0.000000 0.000000 
44.562351 32.813293 2.089529 19.970062 24.965538 0.000000 0.000000 
44.312996 33.206833 2.217993 20.423454 24.771172 0.000000 0.000000 
44.951881 32.249519 2.511866 16.922913 23.331289 0.000000 0.000000 
43.419701 34.592190 1.090794 6.475334 16.266518 0.000000 0.000000 
7.035921 56.815037 -5.906330 -14.296120 16.258352 0.000000 0.000000 
45.138218 32.500164 1.999317 5.547737 15.033422 0.000000 0.000000 
7.043897 56.974869 5.892351 -7.304222 21.634371 0.000000 0.000000 
6.967401 57.000725 5.575128 -10.054642 18.575405 0.000000 0.000000 
6.906554 57.162670 4.810610 -9.060333 19.037020 0.000000 0.000000 
6.765434 57.325172 4.658616 -8.640274 18.753191 0.000000 0.000000 
7.692086 57.287567 3.754675 -13.580818 16.889709 0.000000 0.000000 
7.409987 57.337315 3.026352 -15.076752 14.008892 0.000000 0.000000 
48.631268 27.577620 7.520537 6.869812 14.052010 0.000000 0.000000 
7.099677 57.512630 -7.276297 -15.232773 11.719318 0.000000 0.000000 
5.828273 57.668095 9.301074 -11.220390 15.528786 1.000000 1.000000 
7.121518 57.816879 3.822355 -7.480797 19.354269 0.000000 0.000000 
6.972068 57.859409 5.373668 -11.724174 18.469707 0.000000 0.000000 
7.166789 57.849480 2.958716 -11.391205 17.617573 0.000000 0.000000 
7.338512 57.876865 3.063610 -10.264015 16.802271 0.000000 0.000000 
8.089421 57.946953 -6.532733 -14.098442 13.422798 0.000000 0.000000 
6.104732 58.221809 5.146267 -8.740868 19.715574 0.000000 0.000000 
6.156253 58.380283 5.119806 -15.498970 16.869587 0.000000 0.000000 
6.065751 58.764263 10.708975 -12.576941 16.237711 0.000000 0.000000 
6.021594 58.831009 9.655969 -8.339287 20.074865 0.000000 0.000000 
5.924473 58.860207 6.479722 -13.489830 15.449747 0.000000 0.000000 
6.301730 58.901150 9.994530 -5.617020 20.631437 0.000000 0.000000 
6.082488 59.002640 5.508493 -10.791222 15.387888 0.000000 0.000000 
6.187500 59.100140 6.262942 -16.750664 13.342949 0.000000 0.000000 
7.351277 59.134537 4.273621 -17.491478 13.078705 0.000000 0.000000 
7.472489 59.463161 5.870119 -15.440291 12.837849 0.000000 0.000000 
7.433627 59.538544 3.194335 -12.898520 15.238100 0.000000 0.000000 
7.484431 59.568615 -5.288288 -15.513283 13.203110 0.000000 0.000000 
8.107758 59.487720 4.417046 -12.901459 15.739634 0.000000 0.000000 
8.275960 59.686661 -0.058022 -14.461472 13.399868 0.000000 0.000000 
6.505085 60.064880 6.979273 -13.881233 13.961500 0.000000 0.000000 
6.278284 60.122078 7.120399 -13.452728 16.073063 0.000000 0.000000 
6.244057 60.157265 6.503719 -12.988434 14.415627 0.000000 0.000000 
7.876252 60.427097 7.205411 -14.536597 12.033695 0.000000 0.000000 
7.237432 60.543941 -6.801206 -17.142281 9.322289 0.000000 0.000000 
7.484357 60.732571 7.746953 -15.089745 11.680042 0.000000 0.000000 
6.811640 60.988293 8.056023 -13.261017 12.875694 0.000000 0.000000 
-7.624015 61.146130 -1.411945 0.385139 23.222963 0.000000 0.000000 
-7.621169 61.157009 -1.244011 -0.706322 22.769110 0.000000 0.000000 
-7.601640 61.259964 -1.212271 2.177109 26.893890 0.000000 0.000000 
-7.660238 61.255234 -1.091824 -4.869835 20.126747 0.000000 0.000000 
7.300849 61.661079 7.633655 -15.666115 12.693981 0.000000 0.000000 
-7.984264 61.874870 -0.511942 -13.342850 14.330997 0.000000 0.000000 
-8.146270 62.043236 -1.176408 -14.873221 11.626366 0.000000 0.000000 
-7.857667 62.348331 -1.208376 -14.371979 12.350201 1.000000 1.000000 
17.476173 60.424362 0.979033 -16.046387 10.704323 0.000000 0.000000 
14.814825 61.269146 3.628916 -21.765533 7.590416 0.000000 0.000000 
44.884769 42.607243 0.178171 -2.676109 4.574417 1.000000 1.000000 
-53.438465 30.744576 9.479799 5.972122 9.881832 0.000000 1.000000 
46.138561 42.262997 -0.457158 2.553688 6.571663 1.000000 1.000000 
45.637341 42.863594 0.355377 3.500191 9.143658 1.000000 1.000000 
45.858643 42.602100 0.507810 -4.712173 5.334183 1.000000 1.000000 
31.062912 55.252468 2.182240 -8.256432 12.499195 0.000000 0.000000 
31.334988 55.129570 2.440579 -6.835785 14.279045 0.000000 1.000000 
46.336029 42.141251 -0.099493 0.581886 6.580223 1.000000 1.000000 
9.517816 63.243263 7.441283 -16.250832 10.881920 0.000000 0.000000 
15.267734 62.079330 0.481466 -20.210587 6.298214 0.000000 0.000000 
46.697994 42.120911 -0.013143 -3.882721 3.769825 1.000000 1.000000 
7.886573 64.214783 -0.131777 -10.488785 13.600744 0.000000 0.000000 
8.086033 64.247147 -0.685475 -12.972046 12.346184 0.000000 0.000000 
8.634448 64.221100 0.522977 -18.722588 7.920048 0.000000 0.000000 
8.715908 64.234581 -0.326419 -17.086380 9.521877 0.000000 0.000000 
-30.035694 57.362621 8.920759 -9.987907 12.650829 0.000000 0.000000 
21.097034 61.854843 1.171556 -5.336189 18.428411 0.000000 0.000000 
21.158756 61.890450 -4.749308 -10.483849 14.732380 0.000000 0.000000 
26.641680 59.728859 -4.688573 -9.057663 11.915554 1.000000 1.000000 
26.767654 60.248524 -5.063587 1.052422 20.234928 0.000000 0.000000 
8.138459 65.927216 -1.589112 -16.163628 9.813625 1.000000 1.000000 
26.787294 60.447914 -5.864048 -6.942299 13.659361 0.000000 0.000000 
21.518793 63.062843 1.384662 -9.417870 13.770048 1.000000 1.000000 
8.221548 66.875809 -1.369545 -9.943085 14.692978 0.000000 0.000000 
8.259761 67.182587 -1.629076 -12.620415 13.420515 0.000000 0.000000 
29.504730 60.599762 -5.443983 -12.633307 12.009125 0.000000 0.000000 
-30.875132 59.987782 17.595068 -7.839005 14.451372 0.000000 1.000000 
-12.598111 66.665710 0.952299 -17.400833 8.795937 1.000000 1.000000 
8.083095 67.627396 -1.593074 -15.944160 9.177734 1.000000 1.000000 
-13.089796 67.188065 1.274971 -14.389297 10.478146 0.000000 0.000000 
-13.080721 67.229401 -0.427433 -10.944405 15.015158 0.000000 0.000000 
-12.510466 67.360229 2.376123 -9.411118 14.636271 0.000000 0.000000 
-12.791762 67.369766 1.903205 -9.944397 14.018805 0.000000 0.000000 
22.569775 64.960815 1.358549 -14.822113 9.782692 0.000000 0.000000 
8.059965 69.254997 0.943929 -24.189224 3.905937 1.000000 1.000000 
45.276714 52.037922 2.869385 9.412750 17.179424 0.000000 0.000000 
45.329697 52.005138 3.383543 5.093323 13.270565 0.000000 0.000000 
45.279877 52.229748 3.248107 7.544540 15.821867 0.000000 0.000000 
8.383976 69.656456 1.300277 -3.169815 20.033777 0.000000 0.000000 
8.522145 69.841667 1.184875 -11.328300 12.891006 0.000000 0.000000 
8.411892 69.869728 1.307885 -0.811241 22.435186 0.000000 0.000000 
7.498418 70.044449 1.584266 -17.436508 12.802288 0.000000 0.000000 
9.286843 70.173264 6.598744 -12.247833 16.581282 0.000000 0.000000 
8.562713 70.284737 1.036742 -7.686119 15.747932 0.000000 0.000000 
46.947083 52.241737 -4.541598 8.710922 19.561813 0.000000 0.000000 
-62.489792 29.556429 5.558448 7.358353 11.994019 0.000000 1.000000 
8.548034 70.932571 1.514408 -9.329056 14.868387 1.000000 1.000000 
46.969604 52.805840 -5.868669 2.736206 17.258007 0.000000 0.000000 
-35.760212 61.635258 3.637521 -5.617165 12.517925 1.000000 1.000000 
-13.357488 70.531769 1.792262 -12.838921 12.671482 0.000000 0.000000 
47.292011 52.999374 -4.891044 1.441429 11.926411 0.000000 0.000000 
-36.220638 62.084095 3.922952 3.517906 19.543453 0.000000 0.000000 
-35.867538 62.318043 3.555780 -0.045258 16.546724 0.000000 0.000000 
-36.213394 62.217430 4.037662 2.563370 19.094196 0.000000 0.000000 
-36.130962 62.285339 3.479749 -1.063942 16.570885 0.000000 0.000000 
9.377378 71.946114 2.252955 -10.511818 12.815144 0.000000 0.000000 
9.462081 72.016258 3.595559 -12.910599 10.534142 1.000000 1.000000 
8.943708 72.418243 2.233536 -15.799605 11.004025 0.000000 0.000000 
9.386549 72.443657 2.700135 -9.037552 12.140583 0.000000 0.000000 
9.840553 72.504440 3.121052 -7.410477 16.979963 0.000000 0.000000 
9.475811 72.586433 3.584123 -3.401474 18.243822 0.000000 0.000000 
9.766244 72.625832 4.022937 -14.673363 10.190075 0.000000 0.000000 
9.544361 72.664337 2.197357 -17.802673 7.145580 1.000000 1.000000 
9.592510 72.740089 3.134705 -5.524750 16.760393 0.000000 0.000000 
-29.297665 67.009956 2.741411 -4.352348 14.750837 0.000000 0.000000 
-30.520136 66.852951 2.728745 -2.811630 16.726120 0.000000 0.000000 
-29.837355 67.189041 2.081517 -0.004036 18.466122 0.000000 0.000000 
-29.894596 67.251297 2.455131 -1.598938 16.483376 0.000000 0.000000 
-9.403647 73.420418 1.899422 -8.686935 15.236982 0.000000 0.000000 
-28.501152 68.078362 3.303571 -0.439079 20.957014 0.000000 0.000000 
-29.566763 67.781433 2.891761 1.923302 22.225321 0.000000 0.000000 
-30.602783 67.634705 4.216481 -2.222816 18.498756 0.000000 0.000000 
-22.803247 70.949623 3.290037 0.111061 22.527252 0.000000 0.000000 
-29.708839 68.233620 5.272273 4.199783 23.052105 0.000000 0.000000 
-29.675838 68.253372 5.101551 1.243538 20.013897 0.000000 0.000000 
-29.127974 68.805389 -7.101686 -4.798080 16.058144 0.000000 0.000000 
-9.855542 74.551506 4.847856 -6.978271 18.156748 0.000000 0.000000 
-30.826719 68.511086 5.129514 -5.421471 14.791868 1.000000 1.000000 
-10.331325 74.792412 5.079299 -3.509781 20.788216 0.000000 0.000000 
-30.107809 68.965851 -7.443781 -2.051704 18.468891 0.000000 0.000000 
-32.167667 68.028740 -2.159080 -3.833748 16.691761 0.000000 0.000000 
-10.214447 75.347153 8.086453 -6.344505 16.909149 0.000000 0.000000 
-10.030451 75.584885 5.627431 -1.387444 20.340900 0.000000 0.000000 
-10.993116 75.495811 3.857671 -10.392746 16.482944 0.000000 0.000000 
-10.638231 75.677444 5.098466 -5.589470 17.611738 0.000000 0.000000 
9.349737 76.267685 3.104500 -12.169205 14.687405 0.000000 0.000000 
9.179058 76.483711 1.129309 -5.189201 19.510679 0.000000 0.000000 
-21.427225 74.038948 6.795608 -6.894386 15.304840 0.000000 0.000000 
-22.483452 73.717529 10.322243 -5.120361 13.682964 1.000000 1.000000 
-22.226486 73.907036 5.194623 -7.363670 15.539490 0.000000 0.000000 
-30.333076 71.187599 1.849679 -5.842216 16.372734 0.000000 0.000000 
-29.899277 71.474327 0.533655 -2.461266 16.663879 0.000000 0.000000 
-22.898897 74.587204 9.470236 -9.743965 11.107738 0.000000 0.000000 
-22.764702 74.664040 10.615900 2.480721 21.231306 0.000000 0.000000 
-22.866024 74.944695 10.580795 1.343544 19.044634 0.000000 0.000000 
-22.648085 75.040123 11.223823 -4.457542 15.907473 0.000000 0.000000 
10.240425 78.044991 3.319172 -18.072365 7.903557 0.000000 0.000000 
-22.976799 75.339294 10.799153 -2.234177 17.301952 1.000000 1.000000 
55.675606 54.869816 1.851370 13.429581 16.686146 0.000000 0.000000 
56.210800 54.333031 2.494475 5.897385 9.999519 0.000000 0.000000 
55.802383 54.878216 1.915668 10.280510 16.432226 0.000000 0.000000 
58.723194 52.580494 4.107133 14.884041 17.826052 0.000000 0.000000 
58.738041 52.642662 4.246906 8.456337 15.655985 0.000000 0.000000 
59.143028 52.358852 4.002329 15.695023 21.301117 0.000000 0.000000 
-32.278927 73.820938 9.928248 -12.126053 11.060143 0.000000 0.000000 
-32.375401 74.012466 10.675818 -11.294762 8.675579 0.000000 0.000000 
21.861689 78.351921 6.096854 -13.875229 11.204372 1.000000 1.000000 
-37.260845 72.118080 13.512810 -7.549538 10.827702 0.000000 0.000000 
-34.460995 73.600525 8.925525 -2.251984 14.053303 0.000000 0.000000 
-33.698833 73.995468 10.232845 -4.179718 13.976734 0.000000 0.000000 
-35.185162 74.140099 9.692117 -0.979118 17.261898 0.000000 0.000000 
-35.086349 74.239075 10.475835 -3.379463 16.230803 0.000000 0.000000 
-33.826214 74.871338 8.709340 -3.059799 15.757124 0.000000 0.000000 
-28.588476 77.584785 3.323231 -8.049881 14.207598 0.000000 0.000000 
-31.108364 76.615990 13.466371 -5.003494 15.635603 0.000000 0.000000 
-38.963165 73.006294 5.834069 2.323212 20.342180 0.000000 0.000000 
-38.561192 73.357559 6.106076 0.590797 17.825691 0.000000 0.000000 
-29.189548 78.206543 4.064048 -1.032448 16.590441 0.000000 0.000000 
-29.172674 78.276306 4.844923 -2.327644 19.054977 0.000000 0.000000 
-37.287327 74.573555 7.769947 -1.640335 18.003523 0.000000 0.000000 
-27.568434 79.010361 6.453753 -8.889458 13.020279 0.000000 0.000000 
-39.446098 74.168274 7.098484 -1.358810 13.696058 0.000000 0.000000 
-39.950104 74.032715 6.091119 2.691185 17.027897 0.000000 0.000000 
-40.127388 73.991989 6.303199 -0.904640 18.441113 0.000000 0.000000 
-33.845936 77.333939 10.684444 -3.562042 17.796528 0.000000 0.000000 
-30.342482 79.243736 8.566981 -3.416565 16.839483 0.000000 0.000000 
-27.497166 80.695564 8.543595 -2.710464 16.029337 0.000000 0.000000 
-30.763657 79.458038 12.206378 -2.666992 16.357523 0.000000 0.000000 
44.025822 72.699570 2.081869 2.894966 17.211344 0.000000 1.000000 
-31.522947 79.635841 14.291046 -3.215836 17.286676 0.000000 0.000000 
-28.827972 81.056282 9.885039 -3.131233 14.816662 0.000000 0.000000 
-30.156918 80.603233 11.607142 -2.902290 16.193798 0.000000 0.000000 
-26.873512 81.899925 1.935765 -6.746552 15.299828 0.000000 0.000000 
-28.746820 81.382797 13.431493 -10.207375 10.959080 0.000000 0.000000 
-28.821455 81.647888 -10.977789 -7.048477 15.158978 0.000000 0.000000 
-76.950684 35.516235 9.958135 19.813583 18.384180 0.000000 1.000000 
-40.058563 76.838013 6.615691 -5.151474 14.052773 0.000000 0.000000 
53.140427 68.168671 3.301713 8.447372 17.108717 0.000000 0.000000 
52.130592 69.356087 3.629560 6.618125 16.998657 0.000000 0.000000 
52.160072 69.471024 4.331120 7.985146 18.101933 0.000000 0.000000 
-50.131271 71.043129 6.591034 0.808159 14.845730 0.000000 0.000000 
-30.508543 82.402954 8.471364 -8.705772 14.067789 0.000000 0.000000 
26.286726 83.948891 1.026664 -8.729347 12.371555 0.000000 0.000000 
39.157024 79.950356 1.990755 -1.793289 15.625637 0.000000 0.000000 
21.731043 87.369873 -4.187985 -4.517761 15.719265 0.000000 0.000000 
21.502192 87.453598 -4.973353 -9.651596 11.347492 0.000000 0.000000 
21.434929 87.472916 -4.672642 -8.569908 12.988564 0.000000 0.000000 
-32.965557 83.657791 12.162027 -4.566101 13.361198 0.000000 0.000000 
-37.027588 82.997238 4.366440 -9.627892 9.671673 0.000000 0.000000 
54.504429 72.699432 2.742336 -0.434319 10.375916 0.000000 0.000000 
-37.648327 83.232437 8.945873 -5.298828 12.322868 0.000000 0.000000 
-38.032478 83.368881 0.607524 -11.430153 8.889183 0.000000 0.000000 
-36.855213 84.465324 0.907878 -7.996414 9.888470 0.000000 0.000000 
-21.874174 90.107834 6.420990 -12.417130 9.501598 0.000000 0.000000 
-21.383095 90.263428 6.753879 -5.190384 15.057087 0.000000 0.000000 
-21.623720 90.319450 6.402523 -11.180748 11.290951 0.000000 0.000000 
-22.057552 90.333282 6.515549 -11.362389 11.506866 0.000000 0.000000 
-22.220051 90.376198 6.166057 -10.908913 11.676617 0.000000 0.000000 
-23.214764 90.210938 6.793500 -7.107582 12.855537 0.000000 0.000000 
-22.667612 90.389122 7.169261 -7.588974 13.914173 0.000000 0.000000 
-22.506489 90.836006 6.710193 -10.121437 9.465977 0.000000 0.000000 
-22.648256 90.900154 6.673416 -7.386070 11.972736 0.000000 0.000000 
-22.645491 91.125496 6.758129 -5.206337 15.332273 0.000000 0.000000 
-22.165167 91.395264 6.288444 -10.966431 11.155777 0.000000 0.000000 
10.662334 95.710022 11.046324 -16.983551 6.972595 0.000000 0.000000 
12.979863 96.667168 3.446839 -18.187538 4.186794 0.000000 0.000000 
-14.390111 96.766861 4.078722 -7.912079 9.458614 0.000000 0.000000 
-14.167378 96.987167 4.803380 -7.595314 10.912430 0.000000 0.000000 
-14.271507 96.982384 3.596133 -9.602074 10.843548 0.000000 0.000000 
-14.873364 97.264565 3.192505 -7.243294 12.002510 0.000000 0.000000 
-15.692219 97.162216 3.508978 -3.684059 15.138794 0.000000 0.000000 
-15.461854 97.219696 3.704806 1.877052 19.238461 0.000000 0.000000 
-15.473783 97.219528 3.383523 -3.296715 14.789852 0.000000 0.000000 
-15.384344 97.358536 3.646707 3.630043 19.740173 0.000000 0.000000 
-22.451248 96.449173 -2.418508 -11.580490 6.451031 0.000000 0.000000 
-22.102844 96.842636 -2.844192 -8.402130 8.953098 0.000000 0.000000 
-21.568562 97.329346 -3.463675 -9.729149 8.594917 0.000000 0.000000 
35.020767 93.640404 0.755545 -14.133026 5.250530 0.000000 1.000000 
-29.961308 95.936157 8.835293 -15.455894 6.875488 0.000000 0.000000 
-29.492477 96.333633 8.999706 -7.744812 11.080032 0.000000 0.000000 
-29.632322 96.316444 10.709317 -7.989609 8.790749 0.000000 0.000000 
-30.419996 96.632324 8.489130 -12.056427 9.224201 0.000000 0.000000 
-34.581863 95.173729 9.673449 -12.741692 7.202515 0.000000 0.000000 
-32.041065 96.565796 8.502892 -10.477684 8.646286 0.000000 0.000000 
-33.061794 96.655701 9.911035 -11.297836 8.511700 0.000000 0.000000 
-31.750328 97.324646 10.142472 -5.812889 9.898907 0.000000 0.000000 
-31.629177 97.625832 13.411522 -7.930679 9.573120 0.000000 0.000000 
-31.825619 98.008430 11.749955 -7.494118 8.873978 0.000000 0.000000 
-31.771240 98.047318 10.959062 -9.683624 10.394585 0.000000 0.000000 
-30.768847 98.407982 11.714898 -6.619865 9.148525 0.000000 0.000000 
-31.747177 98.304909 13.068141 -4.962723 9.376663 0.000000 0.000000 
-31.587223 98.548485 12.433599 -7.358627 10.446980 0.000000 0.000000 
13.317357 102.855858 1.676920 -12.039536 8.873329 0.000000 0.000000 
-30.712275 99.179138 12.174118 -11.088135 5.429840 1.000000 1.000000 
-32.048592 98.854645 13.770454 -9.749512 6.751396 0.000000 0.000000 
12.882429 103.608292 2.366411 -14.759109 6.177544 1.000000 1.000000 
-33.201698 98.894363 9.216205 -10.798317 9.549995 0.000000 0.000000 
-31.091715 99.630882 11.147779 -6.232704 13.166573 0.000000 0.000000 
-32.039665 99.559570 11.825048 -9.938454 9.400028 0.000000 0.000000 
-31.085758 100.110870 10.568519 -9.312775 8.458256 0.000000 0.000000 
-32.246151 100.027016 11.208085 -5.462814 8.947681 0.000000 0.000000 
-32.097389 100.558258 12.758549 -11.497284 5.934597 0.000000 0.000000 
25.141445 102.720322 -3.755609 -15.623366 6.548458 0.000000 1.000000 
34.112320 100.425613 2.963002 -9.623283 6.297642 0.000000 0.000000 
-19.723152 104.702179 1.261013 -15.360306 4.261078 0.000000 1.000000 
-34.057304 102.962791 13.656369 -5.958443 8.857620 0.000000 0.000000 
-33.538700 103.329330 14.635052 -9.850914 6.147568 0.000000 0.000000 
-33.518646 104.281158 12.309555 -9.534569 6.823524 0.000000 0.000000 
48.712940 98.608994 -0.129209 -13.145836 3.917301 0.000000 0.000000 
52.057076 97.522255 5.004030 -4.790817 9.194717 0.000000 0.000000 
51.102955 98.523308 5.162390 -2.679504 9.392414 0.000000 0.000000 
49.909908 99.357285 5.551235 -3.875595 9.292912 0.000000 0.000000 
49.165180 100.026886 4.400830 -9.103615 6.102089 0.000000 0.000000 
-47.302853 101.928505 17.436762 -6.784721 8.199120 0.000000 0.000000 
55.472969 97.966118 1.730759 -5.547707 8.472385 0.000000 0.000000 
38.151577 108.007111 3.175157 -10.602455 4.236328 0.000000 0.000000 
37.678997 108.212883 1.851623 -14.071526 3.873913 0.000000 0.000000 
37.243092 108.374245 4.012864 -2.217499 10.411057 0.000000 0.000000 
37.423489 108.407982 4.576026 -6.774261 7.966789 0.000000 0.000000 
37.147526 108.541466 2.816875 -12.824402 4.478474 0.000000 0.000000 
34.616337 109.830460 1.002384 -10.034096 4.895580 0.000000 0.000000 
35.376900 109.601112 1.947130 -8.082207 6.537140 0.000000 0.000000 
35.457966 109.790169 2.499451 -5.214439 7.523056 0.000000 0.000000 
33.519363 110.632462 1.534571 -11.962219 4.702900 0.000000 0.000000 
33.451584 111.079521 0.865501 -13.421837 4.420094 0.000000 0.000000 
-6.603198 116.222664 -3.609896 -11.515511 7.431480 0.000000 0.000000 
-7.539480 116.391281 -5.376836 -9.516724 8.274345 0.000000 0.000000 
-6.964234 117.571182 -3.596338 -11.011223 7.588612 0.000000 0.000000 
-6.914016 117.668709 -4.957530 -10.610321 7.375381 0.000000 0.000000 
-22.351542 115.947021 11.110370 -11.163834 5.950184 0.000000 0.000000 
-22.974529 115.964279 4.548162 -11.366371 5.416096 0.000000 0.000000 
-22.418819 116.145981 4.849170 -13.233978 6.162266 0.000000 0.000000 
-23.248976 116.449203 4.385931 -8.859764 7.105984 0.000000 0.000000 
42.750099 111.711815 1.296904 -6.673042 5.908604 0.000000 0.000000 
-22.593685 117.890213 6.473965 -7.560562 9.205002 0.000000 0.000000 
-21.811338 118.044067 7.221847 -7.636543 9.284225 0.000000 0.000000 
-22.905462 118.047714 10.446514 -1.301430 13.540560 0.000000 0.000000 
-23.537071 117.986710 8.445174 -9.671280 5.953255 0.000000 0.000000 
-22.913357 118.254784 9.948981 0.492027 15.266363 0.000000 0.000000 
40.733212 114.106033 1.832643 -6.619415 6.549259 0.000000 0.000000 
-31.658989 117.164284 10.356048 -13.069626 3.865025 0.000000 0.000000 
-23.529652 119.185341 9.619657 -3.916534 10.734173 1.000000 1.000000 
-33.021828 117.049225 10.492819 -8.420555 7.676464 0.000000 0.000000 
-22.442062 120.536407 4.475645 -8.931709 8.253613 0.000000 0.000000 
-21.868095 121.290062 3.690783 -9.848267 6.871014 0.000000 0.000000 
-7.512693 123.300476 -5.889148 -8.195763 8.551395 0.000000 0.000000 
-7.796797 123.312073 -6.338145 -6.567307 10.283539 0.000000 1.000000 
-34.446690 120.307747 12.875916 -8.041367 8.249832 0.000000 0.000000 
-33.473198 120.985710 14.366231 -9.192116 5.607738 0.000000 0.000000 
-29.666325 122.693878 10.812528 -5.299431 10.630100 0.000000 0.000000 
37.974030 120.527962 2.504750 -11.916214 5.337376 0.000000 0.000000 
-32.701069 122.122818 13.555306 -5.822052 5.248264 1.000000 1.000000 
-33.505947 122.456665 11.817976 -0.536026 10.119915 0.000000 0.000000 
-33.502399 122.856125 14.544682 1.784294 11.327877 0.000000 0.000000 
-33.503212 123.605766 14.238229 -5.080055 6.860123 1.000000 1.000000 
-32.827549 124.282089 13.250006 -1.827705 10.772606 0.000000 0.000000 
-33.649044 124.112617 11.613372 -6.226845 7.712017 0.000000 0.000000 
-22.199961 126.890968 4.446866 -8.576752 7.025749 0.000000 0.000000 
-7.727915 128.940033 -5.252506 -6.803711 11.104778 0.000000 1.000000 
-23.274717 127.308777 3.845247 -6.157928 10.073723 0.000000 0.000000 
-22.948500 127.493263 4.573314 -4.240036 10.180157 0.000000 0.000000 
-21.547043 127.940331 -8.881636 -9.643944 6.139114 0.000000 0.000000 
-22.010927 128.098297 4.243692 -5.699837 8.830639 0.000000 0.000000 
-21.286301 128.413635 3.511768 0.501396 11.848263 0.000000 0.000000 
-20.972021 128.501556 5.898622 -4.457680 8.805946 0.000000 0.000000 
-21.337769 128.602051 -3.638779 7.540192 18.629696 1.000000 1.000000 
-21.001827 128.673431 -9.479705 -4.958054 7.065517 0.000000 0.000000 
-21.622805 128.620453 4.713622 -2.698021 10.308556 0.000000 0.000000 
-23.225201 128.799500 2.311471 -10.209312 6.355915 0.000000 0.000000 
-21.520058 129.303680 -7.545568 -6.387466 9.847797 0.000000 0.000000 
-21.900675 129.419022 5.290987 -9.853386 6.126160 0.000000 0.000000 
-21.414278 129.559448 -3.288114 12.186874 23.257113 0.000000 0.000000 
-21.578453 129.849747 -2.842115 12.479713 23.103756 0.000000 0.000000 
-23.923462 129.510635 6.502335 -1.158508 14.221903 0.000000 0.000000 
-21.602840 130.261017 -3.265809 6.805542 17.979990 1.000000 1.000000 
-22.107334 130.180191 0.003447 -7.592064 5.012672 1.000000 1.000000 
-20.108046 130.559311 1.539757 -11.433311 5.364605 1.000000 1.000000 
-22.499229 130.302139 -0.068303 -10.787537 6.955620 0.000000 0.000000 
-22.494125 130.321686 0.554479 -11.689354 5.207554 0.000000 0.000000 
-21.850266 130.870773 -1.487122 12.552025 23.317606 1.000000 1.000000 
-22.045168 130.866943 1.732183 0.954651 12.139572 1.000000 1.000000 
-21.005287 131.536896 1.044633 -13.424850 2.440147 1.000000 1.000000 
-22.081770 131.413788 -1.795224 15.465759 24.962673 0.000000 0.000000 
-22.348753 131.370300 -1.497603 21.715828 29.974140 0.000000 0.000000 
-22.112856 131.558136 -1.504936 18.377205 27.691925 0.000000 0.000000 
-22.087576 131.929352 2.557713 7.424171 17.035374 0.000000 0.000000 
-21.612698 132.030457 4.670197 8.146774 20.682413 0.000000 0.000000 
-19.158161 132.548798 -5.984007 -0.920120 17.908319 0.000000 0.000000 
-21.631533 132.195221 5.628939 7.327049 20.132740 0.000000 0.000000 
-20.092987 132.581818 3.832709 5.623009 20.141668 0.000000 0.000000 
-19.729588 132.862030 -9.368142 3.192795 18.928740 0.000000 0.000000 
-19.773520 133.265839 4.360515 1.944710 14.651461 0.000000 0.000000 
-19.783936 133.343140 5.180949 1.195801 16.406435 0.000000 0.000000 
-22.363380 133.306061 -6.517973 -8.119980 7.604984 0.000000 0.000000 
-20.908504 133.759308 -9.895451 1.323013 15.729738 1.000000 1.000000 
-21.973181 133.732758 -7.655346 -1.551155 12.657604 0.000000 0.000000 
-21.928556 133.796875 -9.473113 -2.082184 11.292233 0.000000 0.000000 
-22.380430 133.723999 -10.572497 -7.031769 8.669292 0.000000 0.000000 
6.940304 135.578766 -5.558434 -1.867592 12.433506 1.000000 1.000000 
7.022692 136.202271 -5.380302 5.216209 19.121075 0.000000 0.000000 
6.778943 136.227539 -5.791512 0.563690 16.992113 0.000000 0.000000 
7.048139 136.300201 -5.288025 4.386963 18.273937 0.000000 0.000000 
39.879070 131.118195 2.758764 -5.339981 6.748428 0.000000 0.000000 
-22.857374 135.855164 1.072547 -0.433815 12.239056 0.000000 0.000000 
40.083973 131.789703 3.882078 0.011345 10.253368 0.000000 0.000000 
40.459213 131.675537 3.264593 -1.222694 11.228455 0.000000 0.000000 
-22.306038 136.075775 -3.842315 -6.772148 6.283424 0.000000 0.000000 
-22.413853 136.417816 -1.049255 -8.528107 5.146622 0.000000 0.000000 
-22.500868 136.811188 -2.276803 -3.823799 8.351795 0.000000 0.000000 
-22.786238 136.765839 -0.333262 -6.337418 7.263687 0.000000 0.000000 
-22.916449 137.158264 -0.949503 -3.562172 8.012409 0.000000 0.000000 
-22.706608 137.340332 -0.907433 -4.951828 7.526279 0.000000 0.000000 
-21.383249 137.707764 -1.222909 -13.237961 2.680492 1.000000 1.000000 
-22.802820 137.508026 -2.723699 -7.516594 7.383087 0.000000 0.000000 
-22.941490 137.587585 -2.394443 -8.989540 4.731701 0.000000 0.000000 
-22.908470 138.494476 -1.981937 -7.551193 4.483822 1.000000 1.000000 
-23.195757 139.346283 -3.086502 -7.165962 6.908207 0.000000 0.000000 
-23.039612 139.626648 -3.164584 -1.238548 9.604431 0.000000 0.000000 
-22.338163 139.769012 -2.974013 -5.217751 8.082088 0.000000 0.000000 
-22.930815 139.824768 -1.400801 0.743637 11.011086 0.000000 0.000000 
-22.091482 140.013489 -3.058548 0.164719 11.647766 0.000000 0.000000 
-23.719206 140.099274 -0.552065 -6.684082 7.184887 0.000000 0.000000 
-23.244755 140.456726 1.455025 -2.148415 8.654335 0.000000 0.000000 
-22.559910 140.616547 -3.349496 -5.699417 6.688980 1.000000 1.000000 
-22.992531 140.651886 1.359220 -2.329849 10.544876 0.000000 0.000000 
-23.360880 140.639618 -10.786931 2.889351 13.678230 0.000000 0.000000 
-23.268913 141.374115 3.798072 -1.703827 9.598328 1.000000 1.000000 
-24.401209 141.268250 -11.748786 -10.289246 5.730453 0.000000 0.000000 
-25.550688 141.504425 2.369631 -11.619987 5.635849 0.000000 0.000000 
-23.740936 143.611176 -3.537293 -7.790558 5.555801 0.000000 0.000000 
-23.600704 145.301208 5.338046 0.728027 11.328072 0.000000 0.000000 
-23.835888 145.290344 4.229479 1.415932 10.485210 0.000000 0.000000 
-23.783360 145.339050 -10.841629 -0.537125 10.272194 0.000000 0.000000 
-24.205721 145.712189 2.665718 -9.611794 5.234283 0.000000 0.000000 
8.268929 147.748871 -4.902504 -6.458557 8.354385 0.000000 1.000000 
7.700748 147.977783 -6.044144 -6.654709 8.154465 0.000000 1.000000 
-23.986340 146.528870 5.726130 -3.678444 7.342979 1.000000 1.000000 
-23.672039 146.581238 5.913157 -4.045448 7.578430 1.000000 1.000000 
-22.844004 146.810089 5.117331 -7.642975 5.906891 0.000000 0.000000 
-24.462341 146.965302 3.741719 -2.257233 7.539280 0.000000 0.000000 
-22.540644 147.499786 6.187532 -4.734230 6.583355 0.000000 0.000000 
-22.594372 147.720856 -2.750770 5.538521 16.043816 0.000000 0.000000 
-23.266764 147.621307 -4.958609 4.059631 17.326063 0.000000 0.000000 
-24.276482 148.043518 2.551072 -7.166260 3.851425 1.000000 1.000000 
-25.194460 148.058777 6.339331 -1.516678 11.214561 1.000000 1.000000 
-33.862316 149.625732 10.829785 -8.454956 5.620483 0.000000 0.000000 
-34.787033 149.602295 11.542617 -2.495140 7.678196 0.000000 0.000000 
-24.386881 152.217407 -1.529364 -2.862694 7.456730 0.000000 0.000000 
-25.000465 152.681854 0.545945 -3.678680 7.692997 0.000000 0.000000 
-25.199333 152.658905 -11.398492 -8.996834 6.075153 0.000000 0.000000 
-23.676874 153.304047 -0.108110 -12.202141 3.182472 0.000000 0.000000 
-24.148508 153.530243 2.691380 -6.910927 4.961838 1.000000 1.000000 
-29.931593 153.471008 6.456429 -7.577766 6.857151 0.000000 0.000000 
-28.583868 153.746796 7.522509 -6.690880 8.415070 0.000000 0.000000 
-26.648701 154.386414 -9.567306 -6.148804 6.144863 0.000000 0.000000 
-22.325964 155.560852 3.669215 -8.715775 4.428123 0.000000 0.000000 
-23.476192 155.455170 4.861127 -7.856651 5.806583 0.000000 0.000000 
-23.333918 155.500854 -2.141057 -6.731071 5.373894 0.000000 0.000000 
-25.093632 155.525574 -0.472178 -10.392929 2.797665 0.000000 0.000000 
-31.982899 154.345490 9.717644 -6.366310 6.563000 0.000000 0.000000 
-33.355717 154.360809 9.859621 -1.713104 8.705875 0.000000 0.000000 
-33.657627 154.343414 11.657172 -7.228729 5.481819 0.000000 0.000000 
-31.487392 154.886292 8.651136 1.962418 11.513229 0.000000 0.000000 
-31.693624 155.271423 9.438230 -4.989815 6.962585 0.000000 0.000000 
-33.165546 155.111511 10.720376 -4.120872 8.948780 0.000000 0.000000 
-32.993187 155.161316 6.593237 -7.234909 6.889370 0.000000 0.000000 
-30.980412 155.798126 9.189758 -3.028015 7.688137 0.000000 0.000000 
-25.992746 157.307068 -3.491978 -3.412979 6.765118 0.000000 0.000000 
-24.419460 157.587128 -1.798877 1.428009 10.549278 0.000000 0.000000 
-25.834789 157.692780 -2.970918 -3.255997 7.209702 0.000000 0.000000 
-26.297421 158.041229 -2.889243 1.738129 12.662380 0.000000 0.000000 
-25.639690 158.153564 -1.517632 0.315262 11.785046 0.000000 0.000000 
-25.874191 158.195435 -2.455189 -6.302299 6.476974 0.000000 0.000000 
-25.093510 158.678375 -1.329163 -6.104797 8.399864 0.000000 0.000000 
-25.031191 158.957062 -0.087889 -2.284126 8.635483 0.000000 0.000000 
-24.694071 159.112152 0.978996 4.349937 12.431011 0.000000 0.000000 
-25.369087 159.057220 0.539291 0.914680 9.993450 0.000000 0.000000 
-24.505178 159.235901 -2.176862 -1.882423 8.606972 0.000000 0.000000 
-25.197603 159.227325 -1.957151 2.049942 12.537292 1.000000 1.000000 
-24.491146 159.667572 0.969897 -8.054710 5.212082 0.000000 0.000000 
-27.090744 159.472992 -2.303593 -2.298279 7.900093 0.000000 0.000000 
-25.994869 159.673401 -1.243133 3.611664 15.821465 0.000000 0.000000 
-25.046215 159.923126 -1.010507 0.677521 9.777493 0.000000 0.000000 
-25.305674 159.911194 -1.486903 5.583176 15.375690 0.000000 0.000000 
-23.833120 160.200348 4.954907 2.252471 9.800320 1.000000 1.000000 
-24.798737 160.450043 0.518441 -3.195648 5.582272 1.000000 1.000000 
-22.075382 160.902588 2.243012 -5.460075 6.867016 0.000000 0.000000 
-24.012533 160.754974 4.985725 4.798316 11.737869 0.000000 0.000000 
-24.355862 161.041077 -1.320941 -1.032852 6.903385 0.000000 0.000000 
-24.268646 161.123322 -2.049737 -7.998322 3.316952 1.000000 1.000000 
-26.000317 160.896667 0.797662 -4.896576 5.315701 1.000000 1.000000 
-24.208551 161.396881 3.181387 6.373856 13.363167 0.000000 0.000000 
-24.441353 161.424164 1.158908 3.083305 10.817574 0.000000 0.000000 
-23.991436 161.530182 0.660179 4.741074 13.584099 0.000000 0.000000 
-23.779726 161.919189 -2.478033 -5.531792 6.151691 0.000000 0.000000 
-24.974579 162.173340 0.409507 -3.638206 6.400059 0.000000 0.000000 
-25.463142 162.125183 -4.302854 -2.054771 8.653328 0.000000 0.000000 
-26.016901 162.971375 -3.325843 -9.350143 2.904881 0.000000 0.000000 
-23.704794 163.616302 -2.403793 -9.110619 3.285526 0.000000 0.000000 
-23.847345 163.620911 -1.919554 -5.066055 4.733814 0.000000 0.000000 
-23.288815 163.753998 -0.657178 -7.632866 4.894657 0.000000 0.000000 
-31.722769 163.339264 8.947377 -6.822090 4.547520 0.000000 0.000000 
-26.833918 164.538971 -3.917932 -7.910400 4.094555 0.000000 0.000000 
-25.918095 164.733734 -3.166105 -8.069122 4.349133 0.000000 0.000000 
-26.636654 164.763641 -2.821285 -7.334496 3.556026 0.000000 0.000000 
-25.311167 165.898010 1.883973 -5.021957 4.122074 0.000000 0.000000 
-25.166763 166.030060 1.041968 3.493561 9.491150 0.000000 0.000000 
-24.482611 166.201569 4.465488 1.626640 8.428291 0.000000 0.000000 
-24.695620 166.174164 2.734161 -5.245621 5.633797 0.000000 0.000000 
-25.052504 166.245422 6.886842 -6.068306 5.700996 0.000000 0.000000 
-24.915829 166.273499 6.140292 -5.211311 4.602642 0.000000 0.000000 
-24.269974 166.437958 5.496051 -3.675751 6.235817 1.000000 1.000000 
-25.391329 166.551331 3.851068 -4.352806 4.650578 0.000000 0.000000 
-25.019186 166.747528 3.484884 -4.022583 5.250957 0.000000 0.000000 
-25.445805 166.780762 5.847344 -1.835991 6.701225 0.000000 0.000000 
-25.665136 166.889374 0.360793 -4.575447 4.717464 0.000000 0.000000 
-23.817652 167.640930 4.907630 6.502426 16.513485 0.000000 0.000000 
-23.798752 167.783478 3.052633 6.519615 13.952559 0.000000 0.000000 
-24.282284 167.713226 6.129527 5.651245 13.523502 0.000000 0.000000 
-24.871374 167.903687 3.439232 -2.898705 6.223557 0.000000 0.000000 
-25.545601 168.224274 -2.954355 -6.535553 4.533512 0.000000 0.000000 
-25.416742 168.468506 -1.379596 -8.119553 3.316914 0.000000 0.000000 
-23.529327 168.755585 -3.165471 -9.613846 3.042175 0.000000 0.000000 
-23.412817 169.224396 -2.669664 -6.127457 4.572277 0.000000 0.000000 
-25.446039 168.980469 -3.014641 -1.491180 6.349113 0.000000 0.000000 
-25.635830 169.081604 -1.622606 -8.554932 2.847839 0.000000 0.000000 
-26.658363 168.920410 -2.903121 -4.461426 4.795094 0.000000 0.000000 
-23.806566 169.556061 -1.962648 -6.700142 3.958855 0.000000 0.000000 
-25.184540 169.407166 -3.742117 -5.340309 4.625946 0.000000 0.000000 
-25.002071 169.611572 -0.129819 -13.159668 2.896351 0.000000 0.000000 
-23.324888 170.051971 -0.736468 -10.474953 2.987537 0.000000 0.000000 
-26.275517 169.773468 -2.286798 -3.325623 5.660641 0.000000 0.000000 
-24.573566 170.113739 -5.196444 -9.551239 2.817852 0.000000 0.000000 
-24.659405 170.119995 1.017164 -2.157135 7.293388 0.000000 0.000000 
-25.368044 170.043640 0.626273 -4.681511 5.644089 0.000000 0.000000 
-24.426296 170.362732 3.727475 -6.972672 4.618752 0.000000 0.000000 
-23.449106 170.773651 3.211065 -6.083679 4.293079 0.000000 0.000000 
-25.251085 170.704590 6.522572 -3.601250 7.122585 0.000000 0.000000 
-24.495218 171.008636 4.189079 -8.876717 3.349850 1.000000 1.000000 
-25.196795 170.945374 4.722368 -3.404167 6.135204 0.000000 0.000000 
-23.504669 171.548431 3.664071 -6.347404 4.806236 1.000000 1.000000 
-25.838131 171.255157 1.855696 -9.397476 3.356289 0.000000 0.000000 
-26.615669 171.217377 0.775891 1.231194 7.938496 0.000000 0.000000 
-25.215149 171.515564 -2.097318 -4.058350 5.720119 0.000000 0.000000 
-24.079529 172.260071 5.053545 -6.420128 6.381081 0.000000 0.000000 
-24.350246 172.257507 4.464646 -5.825043 5.684547 0.000000 0.000000 
-24.252293 172.362305 6.338778 -2.533035 7.195713 0.000000 0.000000 
-24.668524 172.357178 3.472545 -0.859955 8.017975 0.000000 0.000000 
-23.187353 172.592712 -1.996015 -6.421150 9.349220 0.000000 0.000000 
-25.511419 172.604889 2.998566 -2.166321 6.834026 0.000000 0.000000 
-24.398382 172.801025 1.623225 -8.500748 5.922462 0.000000 0.000000 
-26.466728 172.622803 -1.011819 -3.765213 7.205975 0.000000 0.000000 
-23.109541 173.338501 -11.823344 -5.080215 4.935795 0.000000 0.000000 
-26.281847 172.950104 1.834984 -5.994827 4.877155 0.000000 0.000000 
-26.177885 172.975494 4.745520 -3.942314 5.947350 0.000000 0.000000 
-24.160685 173.722656 -2.738419 -2.121338 6.722084 0.000000 0.000000 
-24.488920 173.891296 1.410768 -1.984283 7.136486 0.000000 0.000000 
-24.602350 173.921204 -4.257511 1.597809 8.697071 0.000000 0.000000 
-25.031242 173.914368 -2.618806 -3.279640 7.279175 0.000000 0.000000 
-23.905056 174.181549 -0.605295 -2.786079 6.140507 0.000000 0.000000 
-24.716099 174.332489 -3.277121 -8.819130 2.421238 1.000000 1.000000 
-23.986744 174.629456 -3.342066 -7.858803 4.578201 0.000000 0.000000 
-25.354305 174.510803 -2.508377 -7.745674 3.177258 0.000000 0.000000 
-24.159367 174.695587 -3.015814 -3.864716 5.981544 0.000000 0.000000 
-24.453871 175.521271 -2.191129 -7.520378 1.891102 1.000000 1.000000 
-25.311792 175.451630 -3.045387 -0.259323 7.376411 0.000000 0.000000 
-25.565119 175.634827 -4.615377 -7.256355 3.621281 0.000000 0.000000 
-25.324604 176.171021 -1.882367 -4.843773 4.127796 0.000000 0.000000 
-24.207314 176.336700 -2.182291 -6.106430 3.862881 0.000000 0.000000 
-25.246058 176.749115 -2.356068 -4.307785 4.360622 1.000000 1.000000 
-26.265879 176.993713 -3.253962 -1.683380 7.395294 1.000000 1.000000 
-25.779209 177.650940 -3.450136 8.106544 14.331202 0.000000 0.000000 
-25.920420 177.632660 -2.928325 -3.250038 6.725430 0.000000 0.000000 
-26.039026 177.763092 -2.716774 4.997208 12.519062 0.000000 0.000000 
-26.796843 177.729218 5.937339 -7.541634 3.120983 0.000000 0.000000 
-25.509048 178.907684 -4.128534 -4.591682 4.207493 1.000000 1.000000 
-24.808689 180.111908 2.769284 -2.956726 4.575546 0.000000 0.000000 
-25.032734 180.506378 -2.534310 7.265953 13.566614 0.000000 0.000000 
-25.079815 180.504883 -2.366690 6.967552 13.179779 0.000000 0.000000 
-24.852512 180.575836 -2.809668 6.726631 13.953524 0.000000 0.000000 
-24.885956 180.857544 -2.028955 2.619537 10.875126 0.000000 0.000000 
-24.610901 181.515259 4.787629 -5.678909 3.103527 0.000000 0.000000 
-25.092857 181.535248 -4.106923 -5.843948 4.664864 0.000000 0.000000 
-25.297886 181.534393 -8.558349 -3.962875 4.545254 0.000000 0.000000 
-24.302526 181.680359 -3.412794 -4.095421 5.313297 0.000000 0.000000 
-25.308683 181.794952 -1.849246 -1.203949 6.533756 0.000000 0.000000 
-25.184776 181.813171 -1.198021 1.448761 7.872398 0.000000 0.000000 
-24.737770 181.917664 -1.694734 2.934113 10.372936 0.000000 0.000000 
-24.458048 181.969879 -2.155241 -0.282631 6.372665 0.000000 0.000000 
-24.696291 182.026978 -2.785045 -2.681610 5.881165 0.000000 0.000000 
-26.185427 182.456116 -2.602975 -6.774605 2.893600 0.000000 0.000000 
-25.007318 182.830719 -0.528233 -7.515678 3.722309 0.000000 0.000000 
-24.748480 183.085205 -1.804057 -2.044357 5.169670 0.000000 0.000000 
-26.688894 183.782593 -3.687238 -8.092239 3.590473 0.000000 0.000000 
-25.557140 184.452301 4.242168 -7.463997 3.122314 0.000000 0.000000 
-23.937225 184.971802 -9.126249 -6.318855 5.531967 0.000000 0.000000 
-24.782738 184.972992 3.849771 -4.565620 4.429203 0.000000 0.000000 
-26.849199 186.019684 7.157833 -2.907639 4.687992 0.000000 0.000000 
-25.605976 186.596588 0.612733 -0.353073 6.839176 0.000000 0.000000 
-25.636967 186.916565 -1.606167 -5.510208 2.555603 1.000000 1.000000 
-25.621313 187.003479 2.861439 -0.800362 7.379749 0.000000 0.000000 
-25.257040 187.068359 -0.723857 -6.537148 3.762512 0.000000 0.000000 
-24.358675 187.194550 -8.105232 -4.709633 5.587563 0.000000 0.000000 
-27.375715 187.624603 7.767456 -3.527290 5.350273 0.000000 0.000000 
-27.094677 187.795715 1.373484 -8.769028 1.939640 0.000000 0.000000 
176.785858 63.827488 19.886778 19.316566 6.385429 0.000000 0.000000 
-25.653734 189.240112 -14.775811 0.420151 8.053551 0.000000 0.000000 
-25.596561 189.332794 -13.167104 0.322151 7.568108 0.000000 0.000000 
-25.860229 189.299225 -14.204364 3.814217 8.717850 0.000000 0.000000 
-25.967043 191.525391 -1.717392 -8.579933 2.698429 0.000000 0.000000 
-24.449162 192.453674 0.477743 -12.700294 2.543476 0.000000 0.000000 
-25.871040 192.678375 -3.161147 -7.597450 3.179150 0.000000 0.000000 
-33.027893 193.443787 6.503611 -5.975807 3.004372 0.000000 0.000000 
-33.387192 197.599854 14.160394 -1.174057 6.347862 0.000000 0.000000 
-28.921587 198.395935 -0.239551 -4.110535 4.366146 1.000000 1.000000 
-30.898399 198.455200 7.716545 -7.527008 3.852764 0.000000 0.000000 
-32.131443 198.510590 -3.860397 -2.873177 5.682251 0.000000 0.000000 
-30.936367 199.349121 9.924629 1.445198 6.261967 0.000000 0.000000 
-32.480049 199.192749 13.526727 -0.095772 6.338203 0.000000 0.000000 
-38.059982 198.943787 11.009221 -1.968674 5.548466 0.000000 0.000000 
-36.037582 202.873749 9.174184 -6.537193 2.498482 0.000000 0.000000 
-33.631645 205.324097 -5.238523 -0.590324 4.806232 0.000000 0.000000 
-31.239483 205.760925 -2.796257 -3.062233 2.660843 0.000000 0.000000 
-27.042076 207.387848 -0.661512 -6.839783 3.166840 0.000000 0.000000 
-30.905727 217.696655 7.916741 -4.265366 3.352760 0.000000 0.000000 
-30.086756 218.674561 -8.431692 -0.565712 4.702732 0.000000 0.000000 
-31.198126 218.814545 -5.391713 -0.780296 5.009266 0.000000 0.000000 
-36.124672 247.890381 -4.932333 1.131699 4.550621 0.000000 0.000000 
-35.971210 247.988007 -3.780589 0.516060 3.004826 0.000000 0.000000 
-36.909828 250.001312 -1.461924 1.712570 3.284893 0.000000 0.000000 
