ply
format ascii 1.0
comment Created by CloudCompare v2.14.beta (Feb  3 2026)
comment Created 2026-05-06T16:41:17
obj_info Generated by CloudCompare!
element vertex 1477
property float x
property float y
property float z
property float rcs
property float snr
property float v
property float label
end_header
-18.774029 -48.388840 -13.045677 0.558701 19.655397 0.000000 1.000000 
70.590309 9.275572 -19.430725 5.695389 17.377659 0.000000 1.000000 
55.773170 -64.145775 -17.488400 9.191383 17.453266 0.000000 1.000000 
113.838928 -8.140774 -16.694181 10.942970 18.040487 0.000000 1.000000 
114.508858 -6.975747 -23.020422 13.576897 18.523710 0.000000 1.000000 
114.581306 -7.421008 -19.759132 12.820465 18.645037 0.000000 1.000000 
-35.476086 14.878193 -15.533386 9.180061 19.153160 0.000000 1.000000 
-17.144670 39.740749 -16.198832 -13.587219 15.754809 0.000000 1.000000 
5.422987 45.425018 -17.529072 -15.596725 17.636511 0.000000 1.000000 
8.117151 49.252949 -19.283432 -15.826797 17.594791 0.000000 1.000000 
6.221877 55.099602 -17.826387 -12.883385 19.361198 0.000000 1.000000 
14.526510 53.624969 -19.905609 -9.185852 20.878536 0.000000 1.000000 
8.044971 59.551716 -11.518903 -9.970551 17.501516 0.000000 1.000000 
-22.185671 62.816227 -26.341228 -8.558495 14.162799 1.000000 1.000000 
-30.751112 59.978893 -22.610569 -4.213844 16.517864 0.000000 1.000000 
19.579481 74.656662 -18.226795 -8.764839 15.483558 0.000000 1.000000 
-10.809488 76.922531 -27.077726 -4.607750 17.394215 0.000000 1.000000 
-10.451723 77.060921 -26.173065 -4.407890 18.789776 0.000000 1.000000 
-37.825123 72.677986 -28.616501 -9.396698 10.091460 0.000000 1.000000 
-38.273479 76.005569 -31.614450 -4.018707 15.636426 0.000000 1.000000 
-33.957195 78.739906 -23.996321 -7.918854 11.801948 0.000000 1.000000 
41.633396 77.905716 -35.521431 0.370827 13.732469 0.000000 1.000000 
41.945282 77.821770 -29.930065 0.288879 14.634721 0.000000 1.000000 
41.832767 78.004089 -33.761494 1.367165 15.257075 0.000000 1.000000 
-33.166908 88.315392 -15.747691 -11.706261 7.662845 0.000000 1.000000 
-22.117947 96.594490 -14.165713 -11.158859 7.550388 0.000000 1.000000 
-15.765029 100.226517 -40.831921 -14.949783 7.475608 0.000000 1.000000 
-31.620224 96.706192 -13.991671 -8.548859 6.821453 0.000000 1.000000 
-32.507423 99.404892 -12.407971 -10.583229 8.045882 0.000000 1.000000 
-31.631533 102.177635 -12.823191 -8.874969 7.093589 0.000000 1.000000 
-31.736427 108.961174 -45.908337 -10.479965 6.175579 0.000000 1.000000 
-56.186928 98.639114 -30.275320 -2.751770 8.563209 0.000000 1.000000 
-23.010576 118.107750 -14.114551 -8.560844 6.712932 0.000000 1.000000 
38.794086 114.378456 -28.166660 -4.395081 8.744998 0.000000 1.000000 
-23.862152 129.519501 -49.538094 0.310379 13.660838 0.000000 1.000000 
59.943707 120.164986 -11.206564 7.195572 15.938901 0.000000 1.000000 
-19.903357 133.397156 -40.059746 -8.346092 7.610332 0.000000 1.000000 
-22.540485 135.088531 -25.501671 -3.942146 9.022624 0.000000 1.000000 
-70.172066 143.204224 -41.673927 2.527328 11.395415 0.000000 1.000000 
-25.921047 166.393738 -39.141598 -6.843674 5.716598 0.000000 1.000000 
-35.009830 199.089081 -70.797279 -2.717209 5.095886 0.000000 1.000000 
63.530846 12.161935 25.250305 7.190681 19.538460 0.000000 1.000000 
92.631256 -13.165295 39.597271 7.072838 17.252764 0.000000 1.000000 
113.930145 -10.066201 21.038212 11.428322 17.282068 0.000000 1.000000 
193.209961 61.917122 59.108101 20.856987 14.490844 0.000000 1.000000 
-34.873386 69.984039 21.808016 -10.932182 9.543406 0.000000 1.000000 
0.035270 80.721931 23.554525 -16.123062 13.290456 1.000000 1.000000 
41.911877 77.932915 25.842142 -0.017418 15.003663 0.000000 1.000000 
-33.001720 83.004677 36.624584 -5.593201 11.637801 0.000000 1.000000 
-36.892403 83.924942 33.501575 -9.497932 8.548865 0.000000 1.000000 
13.186657 92.067299 26.531145 -11.669098 9.949439 0.000000 1.000000 
-60.475204 106.237633 47.876930 -7.042480 4.254474 0.000000 1.000000 
42.145348 117.235748 35.439812 -5.746613 9.245322 0.000000 1.000000 
36.546547 120.561272 32.999596 -8.061310 8.958850 0.000000 1.000000 
27.594587 129.155212 54.796642 -3.863144 13.863669 0.000000 1.000000 
42.052696 129.305725 36.982361 -5.224930 8.449756 0.000000 1.000000 
-5.617868 -29.770496 -7.131505 -9.068916 21.944103 0.000000 1.000000 
13.825411 -28.494232 -9.010866 1.453064 28.392197 0.000000 1.000000 
12.391496 -30.727562 -8.609645 -2.853676 24.394089 0.000000 1.000000 
12.419584 -32.248081 -8.846539 -4.336235 20.906458 0.000000 1.000000 
12.504393 -33.723858 -11.392650 -0.571289 22.250727 0.000000 1.000000 
-37.093647 -3.810037 -9.860271 -5.497231 20.542732 0.000000 1.000000 
10.138445 -40.442677 -12.468863 -3.977913 21.229963 0.000000 1.000000 
7.652622 -24.953300 -10.473137 -8.433548 26.751863 0.000000 1.000000 
28.054707 8.139943 -12.061067 2.118111 28.484268 0.000000 1.000000 
7.496488 -34.185707 -11.009981 2.516945 28.237549 0.000000 1.000000 
22.722021 -29.370228 -8.216620 -3.048958 21.533417 0.000000 1.000000 
10.942310 -38.749256 -7.841868 -4.919266 22.405918 0.000000 1.000000 
10.328323 -42.436878 -13.376526 -2.614357 19.960869 0.000000 1.000000 
56.120564 8.081884 13.824179 4.544182 21.431843 0.000000 1.000000 
59.940033 9.703636 14.189062 3.585968 19.392698 0.000000 1.000000 
57.636440 -32.019157 -7.913703 7.895256 21.354355 0.000000 1.000000 
68.935524 -11.755750 -10.039084 3.799942 19.759008 0.000000 1.000000 
71.756470 8.421269 -9.606730 0.424744 16.834190 0.000000 1.000000 
-10.002243 22.026968 -7.834406 -8.721497 28.580448 0.000000 1.000000 
0.166365 28.942604 -3.610516 -21.579903 20.824879 0.000000 1.000000 
-0.004198 29.339157 -3.451996 -13.788048 24.894400 0.000000 1.000000 
-14.173965 31.007689 12.257283 -16.082413 18.514269 0.000000 1.000000 
32.648834 15.253884 -9.346026 5.329552 19.762173 0.000000 1.000000 
-16.312614 37.742668 -6.368331 -16.668777 17.180239 0.000000 1.000000 
-14.888334 55.728535 14.869367 -19.061554 11.472697 0.000000 1.000000 
7.600990 57.392086 18.769915 -9.804924 16.704691 0.000000 1.000000 
29.534546 60.584534 -6.062444 -11.668549 10.813594 0.000000 1.000000 
-31.084314 59.872189 18.204065 -7.427948 14.101697 0.000000 1.000000 
-11.372984 75.383568 -9.946106 -5.194504 20.418840 0.000000 1.000000 
32.608746 69.588539 -8.599738 -7.648018 14.264897 0.000000 1.000000 
-10.787820 76.955841 -8.313877 -7.346893 16.142851 0.000000 1.000000 
-39.114246 76.002678 -9.240126 -3.490654 15.781760 0.000000 1.000000 
-26.320368 186.910217 -16.361713 0.944397 7.611240 0.000000 1.000000 
-1.557442 191.818970 -7.211953 1.247643 9.866775 0.000000 1.000000 
-1.009577 191.854797 -6.737852 2.898117 11.372890 0.000000 1.000000 
-2.818847 199.520477 -6.198992 -2.305473 6.513965 0.000000 1.000000 
-3.188747 199.552307 -7.564810 -3.180099 4.981559 0.000000 1.000000 
-0.419299 -6.057786 -0.230530 -6.438095 44.166759 0.000000 0.000000 
-0.285012 -6.121760 1.398998 -9.544632 42.091949 0.000000 0.000000 
-12.557532 -0.039124 0.806409 -5.063431 30.012634 1.000000 0.000000 
-12.607526 -1.114388 0.619149 11.947548 47.058636 0.000000 0.000000 
-12.599998 -1.770430 -0.288094 2.700317 40.531830 1.000000 0.000000 
-12.629695 -0.479235 -0.193030 0.671303 35.975246 1.000000 0.000000 
-12.625918 -1.451238 -0.022907 7.553246 43.367859 0.000000 0.000000 
-12.624929 -0.172127 -0.347191 -7.414101 29.867075 1.000000 0.000000 
-12.646791 -0.973217 -0.866757 8.081749 42.715462 0.000000 0.000000 
-12.590562 -2.211938 -0.341055 5.153938 39.056038 1.000000 0.000000 
-12.866856 -1.403885 -0.398531 9.570213 48.382954 0.000000 0.000000 
-12.844770 -1.973048 -0.081780 8.331429 41.483746 1.000000 0.000000 
-12.887257 -0.283052 -0.131233 5.464836 41.256672 1.000000 0.000000 
-12.898571 0.418191 1.177293 -6.989342 26.830250 1.000000 0.000000 
-12.793543 1.333857 0.815339 0.559898 31.351200 1.000000 0.000000 
-12.567986 -4.383595 -0.263846 -4.384422 27.285173 1.000000 0.000000 
-12.719452 -3.921349 0.854724 -7.042976 28.719048 1.000000 0.000000 
-12.744755 2.065657 0.863040 -6.303917 26.993637 1.000000 0.000000 
-12.708511 -4.150790 -0.598976 -7.570923 27.235611 1.000000 0.000000 
-12.837241 2.301528 1.069143 -6.991753 25.939281 1.000000 0.000000 
-12.863904 2.505760 1.242115 -0.288589 32.156845 1.000000 0.000000 
-12.671474 -4.917475 -0.333609 -8.572037 24.431707 1.000000 0.000000 
-13.334226 -1.065451 0.441887 5.511139 40.296093 0.000000 0.000000 
-13.344630 -1.049619 0.233390 11.977501 45.651283 0.000000 0.000000 
-13.338401 -1.507734 0.495323 2.397110 37.146957 0.000000 0.000000 
-12.641116 -5.159203 0.852816 -6.703499 23.642397 1.000000 0.000000 
-13.352936 -1.806923 0.615001 3.681198 37.980217 1.000000 0.000000 
-12.752121 3.207056 0.683300 2.983307 32.521221 1.000000 0.000000 
-13.361476 -2.370006 -0.122611 -7.216530 26.379887 1.000000 0.000000 
-13.164236 -3.829683 0.700229 -11.753426 22.098686 1.000000 0.000000 
-13.319768 1.478756 0.172285 -0.641365 29.906395 1.000000 0.000000 
-13.497060 -2.076345 0.126184 -7.854813 26.123463 1.000000 0.000000 
-13.148552 2.348720 0.857677 -3.330498 27.352070 1.000000 0.000000 
-12.785453 3.527616 0.822915 -3.156052 28.169682 1.000000 0.000000 
-12.763895 -5.394532 -0.415872 -1.999924 29.257107 1.000000 0.000000 
-12.783248 3.595815 0.904599 1.188347 31.775467 1.000000 0.000000 
-12.776655 3.906475 -0.241406 -6.298134 25.855274 1.000000 0.000000 
-13.519175 1.813569 0.664456 2.121872 28.052269 1.000000 0.000000 
-12.891669 -5.657312 -0.432975 -4.982758 21.711245 1.000000 0.000000 
-13.444678 2.148175 0.544316 6.014862 35.331406 1.000000 0.000000 
-12.873283 4.028558 0.804406 -5.642372 25.640146 1.000000 0.000000 
-13.379484 2.985847 0.436963 2.058220 27.298733 1.000000 0.000000 
-13.087244 3.998416 -0.735190 -5.126411 25.785339 1.000000 0.000000 
-14.019580 -0.558090 0.741454 -4.978218 29.626322 1.000000 0.000000 
-14.026288 -1.436254 1.245365 -7.717979 29.056902 0.000000 0.000000 
-14.020561 -0.161636 1.229919 -5.967903 26.271908 1.000000 0.000000 
-14.036383 -1.376892 0.634083 -0.999641 33.516258 0.000000 0.000000 
-13.396141 3.254664 0.477865 8.092270 38.237854 1.000000 0.000000 
-14.004817 -2.178222 0.541363 -8.902695 23.739178 1.000000 0.000000 
-14.075224 -1.393906 0.704341 -6.069366 27.388138 0.000000 0.000000 
-14.058369 -1.903003 0.645369 -15.322952 24.210926 1.000000 0.000000 
-14.041967 -2.158449 0.595767 -9.963997 23.504414 1.000000 0.000000 
-12.961899 4.525524 1.281720 1.877304 32.722397 1.000000 0.000000 
-12.946159 4.573319 0.615059 -4.336418 28.361454 1.000000 0.000000 
-13.822788 -4.094283 0.495501 -6.782516 24.169079 1.000000 0.000000 
-13.094631 4.575059 0.136206 -10.814636 20.418789 1.000000 0.000000 
-13.938424 -3.824658 0.573081 -11.506218 22.396278 1.000000 0.000000 
-12.700667 5.577342 1.156147 0.614929 32.252609 1.000000 0.000000 
-14.463238 -0.910115 0.916748 -11.261078 26.656479 0.000000 0.000000 
-14.469046 -0.500757 1.015809 -12.743233 23.334225 1.000000 0.000000 
-14.446693 -2.223940 -0.106667 -13.753052 22.291355 1.000000 0.000000 
-13.485060 4.450963 0.716793 -6.749016 27.812387 1.000000 0.000000 
-12.859262 5.809045 1.198554 2.432739 31.277714 1.000000 0.000000 
-14.478744 -2.725551 0.908797 -9.149246 24.456425 1.000000 0.000000 
-12.798248 6.104895 1.078005 -1.714462 33.597343 1.000000 0.000000 
-14.693282 -1.449584 0.663570 -9.807770 24.369827 0.000000 0.000000 
-14.708807 -1.264560 0.985821 -12.191055 25.839077 0.000000 0.000000 
-14.415323 -3.890743 0.944790 -5.670921 29.630281 1.000000 0.000000 
-14.416640 2.739542 -0.015989 -7.811256 21.869741 1.000000 0.000000 
-14.358016 3.244716 -0.173011 -5.886002 29.466633 1.000000 0.000000 
-14.988469 -1.256494 0.737649 -12.982657 22.043247 0.000000 0.000000 
-14.645825 -4.256131 1.181065 -2.852585 28.129389 1.000000 0.000000 
-14.828685 -3.964406 1.145369 -1.876854 31.907656 1.000000 0.000000 
-13.758155 5.346421 1.159920 -8.466873 23.952660 1.000000 0.000000 
-15.176960 -1.985696 2.587616 9.319725 43.906940 1.000000 0.000000 
-15.129512 2.061910 -0.053060 -10.678108 21.573973 1.000000 0.000000 
-15.020258 2.631361 -0.168540 -3.189308 26.212307 1.000000 0.000000 
-15.189203 2.774816 -0.214183 -9.689941 24.577217 1.000000 0.000000 
-14.346459 5.726479 0.876395 -13.834488 23.423197 1.000000 0.000000 
0.194155 -6.211960 -0.295938 -2.238441 47.913395 0.000000 0.000000 
0.047467 -6.199419 -0.182676 -6.841175 44.673672 0.000000 0.000000 
0.303597 -6.292939 -0.286524 -5.271885 45.437679 0.000000 0.000000 
-0.034835 10.106806 0.111866 -20.276638 31.940426 1.000000 0.000000 
-0.008847 10.776830 0.693915 -4.250687 45.589584 0.000000 0.000000 
-0.851625 11.143928 -0.026692 -12.855484 32.384163 0.000000 0.000000 
0.053847 12.109775 -0.020313 -12.366615 36.306774 0.000000 0.000000 
-0.509289 12.377353 0.032784 -11.724907 36.821144 1.000000 0.000000 
-3.706415 18.519197 0.401600 8.738472 43.780426 0.000000 0.000000 
-3.905820 18.710384 4.961370 7.342690 41.646011 0.000000 0.000000 
-3.685848 18.920685 0.022420 -1.524750 35.143200 0.000000 0.000000 
0.101538 21.519577 -1.351509 -6.689590 32.493408 0.000000 0.000000 
-4.817024 20.918865 -0.595739 1.392914 37.510082 0.000000 0.000000 
-4.869147 20.940939 -0.614913 3.746529 39.467243 0.000000 0.000000 
0.223975 22.207085 -0.828189 2.344681 33.158722 1.000000 0.000000 
-5.057703 21.626043 -0.703084 0.774139 35.788475 1.000000 0.000000 
0.176679 22.513575 -0.887627 -0.950417 30.512827 0.000000 0.000000 
0.088567 22.545076 -0.874367 -3.539261 26.695343 0.000000 0.000000 
-0.049409 22.542450 -0.873827 -14.463304 15.859803 1.000000 0.000000 
0.388861 22.659128 -0.763298 -20.410179 11.010783 1.000000 0.000000 
0.284381 22.865049 -0.828638 19.620209 48.538094 0.000000 0.000000 
0.256704 22.984312 -0.848302 18.214256 47.531170 0.000000 0.000000 
0.060896 23.257128 -0.707956 -6.356026 26.074236 0.000000 0.000000 
0.076562 23.629732 -0.832868 -9.891014 23.730015 1.000000 0.000000 
-23.357632 -2.320650 0.950308 -12.545479 21.652849 0.000000 0.000000 
-20.449585 -17.533680 2.182638 -9.594704 20.141554 0.000000 0.000000 
-20.901133 -24.043568 4.882144 -2.612396 24.769697 0.000000 0.000000 
-20.332241 -24.531769 3.609290 -3.306572 26.971579 0.000000 0.000000 
-20.998938 -24.355240 1.819222 -3.690445 23.768471 0.000000 0.000000 
-31.622301 -12.000232 1.562876 -6.035942 20.555706 0.000000 0.000000 
-19.393763 -30.306194 3.360711 -0.090683 25.301388 0.000000 0.000000 
-19.839937 -30.092369 2.431736 -4.475075 21.698719 0.000000 0.000000 
-20.464249 -32.511135 8.474516 -2.625290 21.594707 0.000000 0.000000 
-20.134216 -33.462059 3.193371 -2.586502 22.477951 0.000000 0.000000 
-26.035461 15.468952 12.175567 6.285072 23.034969 0.000000 0.000000 
-29.635315 11.956562 -4.501724 16.215065 21.914318 0.000000 0.000000 
-34.202370 13.205022 4.429914 9.394875 18.446930 0.000000 0.000000 
-6.346898 -8.664366 -0.037436 -9.082100 35.524853 0.000000 0.000000 
-6.331101 -10.485160 0.467766 -9.387062 31.039181 0.000000 0.000000 
-6.307551 -13.436401 -1.175976 -12.546616 23.669910 0.000000 0.000000 
-6.609612 -13.928905 -0.350895 -11.298141 21.965870 0.000000 0.000000 
-6.469993 -14.995723 0.210663 -8.514519 24.821417 0.000000 0.000000 
-6.346007 -15.423596 0.518203 -9.367966 25.652107 0.000000 0.000000 
-6.403154 -15.507627 0.567691 -10.704201 25.114805 0.000000 0.000000 
-6.589184 -15.748277 -0.544846 -10.670601 22.276592 0.000000 0.000000 
-6.883067 -15.633352 1.712605 -4.461098 28.510351 0.000000 0.000000 
-7.103073 -15.562671 2.663421 -11.994400 22.694408 0.000000 0.000000 
-6.319573 -16.148685 0.214286 -6.016273 25.678989 0.000000 0.000000 
-6.351662 -16.295387 0.286146 -4.010735 28.106411 0.000000 0.000000 
-6.152569 -16.817654 -0.848739 -11.344177 23.546389 0.000000 0.000000 
-6.696056 -17.148369 -0.330533 -8.281029 24.255030 0.000000 0.000000 
-6.452164 -17.547623 -1.030661 -5.774994 26.276560 0.000000 0.000000 
-6.195257 -17.761021 0.101061 -9.388481 25.112627 0.000000 0.000000 
-6.361183 -17.829288 0.323469 -11.126686 23.955965 0.000000 0.000000 
-6.656875 -18.694683 -1.371835 -11.770804 24.248337 0.000000 0.000000 
-6.614798 -18.797234 -1.405329 -8.247169 25.018312 0.000000 0.000000 
-6.291558 -18.922401 -1.095348 -13.197983 24.414761 0.000000 0.000000 
-6.344759 -19.013069 -0.798327 -7.194138 26.094858 0.000000 0.000000 
-5.931023 -19.384567 -0.377921 -12.005089 23.685116 0.000000 0.000000 
-6.345256 -20.212421 -0.392740 -15.383667 19.100573 0.000000 0.000000 
-6.262721 -20.495838 -1.678286 -11.311905 22.553701 0.000000 0.000000 
-6.130273 -20.588730 -0.499268 -10.218376 21.567450 0.000000 0.000000 
-6.532153 -24.386311 -0.627952 -5.972214 22.881353 0.000000 0.000000 
-6.489902 -24.567604 0.294688 -12.808266 19.258009 0.000000 0.000000 
-6.377882 -24.840244 1.469701 -8.151665 26.425892 0.000000 0.000000 
-6.495555 -27.209496 -0.688487 -6.343552 22.551472 0.000000 0.000000 
-5.611342 -28.585697 0.529382 -8.972557 20.881908 0.000000 0.000000 
-7.208992 -30.718231 2.526093 -7.220795 21.460821 0.000000 0.000000 
-5.956937 -36.631088 1.640079 -4.382179 22.468412 0.000000 0.000000 
-6.089643 -36.741581 1.757404 -5.592369 19.352152 0.000000 0.000000 
-6.072557 -42.909523 0.657572 -1.733223 19.610773 0.000000 0.000000 
-5.273803 -55.243950 2.552763 4.496864 22.613132 0.000000 0.000000 
-5.860760 -55.254631 1.577037 4.624603 21.666691 0.000000 0.000000 
-5.790851 -55.474014 1.574241 -0.235741 19.123215 0.000000 0.000000 
-6.132717 -61.255634 3.545238 2.674988 19.103880 0.000000 0.000000 
-6.284107 -61.326019 1.622885 4.215424 20.338499 0.000000 0.000000 
-6.882556 -14.947158 -0.473710 -2.480316 30.788774 0.000000 0.000000 
-6.775017 -15.055701 0.065310 -6.216240 30.522291 0.000000 0.000000 
-6.309483 -15.531963 -1.253659 -7.461823 27.902138 0.000000 0.000000 
-5.867531 -15.964059 -1.062590 -8.895210 26.767155 0.000000 0.000000 
-6.521086 -16.095060 -0.763463 -4.479424 31.180084 0.000000 0.000000 
-6.214800 -16.664238 -2.026317 -6.866188 27.981319 0.000000 0.000000 
-7.165986 -16.648186 -0.806670 -7.834824 28.422415 0.000000 0.000000 
-6.794119 -16.892250 -1.741455 -6.649658 27.467472 0.000000 0.000000 
-6.389712 -17.500301 -1.195368 -7.122574 27.199303 0.000000 0.000000 
-7.051088 -17.469391 3.599724 -5.306725 29.197742 0.000000 0.000000 
-7.118280 -17.604198 1.641400 -4.487633 28.077797 0.000000 0.000000 
-5.701002 -18.206543 -1.493134 -11.357300 22.958221 0.000000 0.000000 
-6.553350 -18.212173 0.322700 -11.434937 23.765497 0.000000 0.000000 
-6.801318 -18.536331 0.230017 -1.366219 29.685440 0.000000 0.000000 
-7.703469 -18.173424 1.519935 -3.367035 30.204048 0.000000 0.000000 
-7.093513 -19.758869 0.164775 -5.664024 27.699947 0.000000 0.000000 
-7.144040 -21.505569 0.050478 -2.160309 30.515501 0.000000 0.000000 
-6.843065 -21.726322 -0.465052 0.583488 31.163860 0.000000 0.000000 
-7.080980 -24.501202 1.047797 1.140457 30.735439 0.000000 0.000000 
-7.317307 -24.567921 0.823238 0.929024 29.297379 0.000000 0.000000 
7.601334 -27.529087 2.679592 -4.921036 24.912903 0.000000 0.000000 
11.772568 -29.470375 -1.683679 3.433861 27.833916 0.000000 0.000000 
11.672290 -33.932316 -2.091788 0.356155 23.720781 0.000000 0.000000 
9.663438 -39.843204 1.641245 -2.140999 21.117908 0.000000 0.000000 
3.334249 -41.470715 5.965379 -2.104881 21.911766 0.000000 0.000000 
10.232575 -40.913902 0.755673 2.944626 23.816263 0.000000 0.000000 
10.930223 -40.223343 1.104416 -2.342491 21.717018 0.000000 0.000000 
3.656518 -41.481518 6.675024 -0.957008 23.231962 0.000000 0.000000 
6.054059 -41.991634 5.902310 -1.180130 21.284664 0.000000 0.000000 
5.746564 -38.259895 0.033225 -4.099922 22.329437 0.000000 0.000000 
16.979557 -5.262238 -0.064773 -8.067932 27.850983 1.000000 1.000000 
17.149799 -5.360478 0.138281 -5.875816 30.912384 1.000000 1.000000 
17.229599 -5.356411 0.393207 -8.634003 25.369587 1.000000 1.000000 
17.355991 -5.061791 0.268273 -8.014099 25.465181 1.000000 1.000000 
17.636465 -5.509054 0.208634 -12.282021 24.326284 1.000000 1.000000 
17.801867 -5.758592 4.654949 -10.856033 27.458775 1.000000 1.000000 
17.926088 -5.389255 0.236212 -6.218948 28.950535 1.000000 1.000000 
18.194992 -5.269582 0.598715 -11.108780 23.990171 1.000000 1.000000 
18.859976 -5.778091 0.449054 -2.689690 30.764254 1.000000 1.000000 
18.951637 -5.862762 0.429333 -3.770699 29.428791 1.000000 1.000000 
13.906929 -2.778025 0.673187 1.637917 41.761765 0.000000 0.000000 
14.049635 -2.796518 0.745904 -1.317383 37.370766 0.000000 0.000000 
15.039106 -3.088432 0.013080 -15.028976 30.006775 0.000000 0.000000 
15.851416 -0.933290 -0.734614 1.068016 39.147076 0.000000 0.000000 
15.902637 -0.900788 -0.566878 -0.711479 37.348541 0.000000 0.000000 
19.879173 -2.398017 0.898220 -5.464722 32.054180 0.000000 0.000000 
18.888052 7.607161 -1.569993 1.029350 34.846146 0.000000 0.000000 
20.727667 0.867885 0.075972 -1.778854 32.657665 0.000000 0.000000 
21.896391 9.594687 0.720329 6.438126 38.935246 0.000000 0.000000 
21.730600 10.150133 0.501505 8.399138 37.032234 0.000000 0.000000 
26.148829 -4.812039 1.343596 -10.692513 26.613308 0.000000 0.000000 
26.722689 -1.342410 -5.996826 -10.433769 21.524021 0.000000 0.000000 
27.139305 -1.825846 -2.315053 -6.302750 27.679756 0.000000 0.000000 
27.455189 0.531475 0.936839 3.013626 32.432636 0.000000 0.000000 
27.583952 0.202627 0.600728 3.531929 35.817646 0.000000 0.000000 
26.491177 8.774983 -0.700101 12.042603 36.808731 0.000000 0.000000 
28.626266 8.534609 -0.567484 14.269394 37.243027 0.000000 0.000000 
28.567650 8.754207 -0.496875 16.802467 39.430889 0.000000 0.000000 
30.475107 8.216011 0.045583 9.731819 32.902172 0.000000 0.000000 
30.480877 8.199986 -0.538233 9.318253 33.303978 0.000000 0.000000 
32.369110 9.038182 -0.719619 17.603157 37.510162 0.000000 0.000000 
32.305241 9.248405 -0.776287 17.191292 39.120079 0.000000 0.000000 
32.371082 9.215914 -0.713763 20.319290 42.050224 0.000000 0.000000 
34.476906 8.750890 -1.344949 15.714508 36.702011 0.000000 0.000000 
34.625160 8.616446 -1.336497 15.579872 35.581043 0.000000 0.000000 
38.811073 -0.419414 0.108588 9.140991 33.728855 0.000000 0.000000 
38.867706 -0.540004 0.358755 7.252617 33.302723 0.000000 0.000000 
39.092529 0.187400 1.820411 -8.517387 19.892992 0.000000 0.000000 
38.938698 6.576155 9.494716 5.869751 28.343393 0.000000 0.000000 
38.897846 7.455828 9.866284 6.892738 29.071934 0.000000 0.000000 
41.652515 0.513086 2.652643 7.711311 34.434093 0.000000 0.000000 
41.939457 18.285789 2.165836 1.107910 21.086454 0.000000 0.000000 
46.619938 16.725174 1.475686 15.248909 31.954878 0.000000 0.000000 
46.644516 16.724525 1.179334 13.917427 31.041798 0.000000 0.000000 
47.138653 16.458103 -0.654038 8.810677 26.696875 0.000000 0.000000 
50.422737 15.173320 -0.751408 4.904633 22.849529 0.000000 0.000000 
15.448306 30.866095 0.975460 -2.129059 28.600523 0.000000 0.000000 
15.630896 30.937035 1.047719 -5.599098 23.788378 0.000000 0.000000 
24.026354 39.838120 1.610006 -7.175888 17.812239 0.000000 0.000000 
2.758627 -6.772639 0.477300 -7.366127 40.920025 0.000000 0.000000 
2.500119 -7.108898 -0.496233 -7.968437 41.968178 0.000000 0.000000 
2.583258 -7.634247 -0.241141 -2.246033 41.426216 0.000000 0.000000 
2.656584 -7.638558 -0.212171 -0.144661 42.449730 0.000000 0.000000 
2.280769 -8.078505 -0.042783 -7.748528 37.309662 0.000000 0.000000 
2.363548 -8.091055 -0.036006 -3.254875 41.277142 0.000000 0.000000 
2.636647 -8.147768 0.055661 -4.609543 41.151588 0.000000 0.000000 
2.345908 -0.966718 0.035800 -13.822460 50.807911 0.000000 0.000000 
2.492773 -0.974704 0.034773 -13.582882 55.338554 0.000000 0.000000 
2.413796 -2.019173 0.039810 -24.507771 33.986000 0.000000 0.000000 
2.442550 -2.075197 0.006274 -27.140297 40.886307 0.000000 0.000000 
2.418837 -2.500585 0.147042 -23.626869 41.339394 0.000000 0.000000 
2.463215 -2.596129 0.055945 -22.232441 41.223038 0.000000 0.000000 
2.402066 -2.855618 -0.026768 -19.904156 43.354767 0.000000 0.000000 
2.405753 -3.124068 -0.100547 -28.529484 38.799244 0.000000 0.000000 
2.452442 -3.532567 0.092962 -14.332993 46.151459 0.000000 0.000000 
2.482255 -3.512516 0.108974 -13.333893 46.304688 0.000000 0.000000 
2.514965 -3.613473 0.073050 -9.717033 48.373924 0.000000 0.000000 
2.439051 -3.952454 0.045627 -18.863079 42.427139 0.000000 0.000000 
2.453283 -4.138373 0.032505 -14.978447 42.411186 0.000000 0.000000 
2.475179 -4.184335 0.059080 -15.111694 43.822063 0.000000 0.000000 
2.432126 -4.471072 -0.083848 -17.673546 40.356400 0.000000 0.000000 
2.455479 -4.543343 -0.080408 -20.946968 40.714474 0.000000 0.000000 
2.468688 -4.602033 -0.069374 -19.990719 40.256668 0.000000 0.000000 
2.473498 -4.734371 -0.052372 -19.269573 36.446465 0.000000 0.000000 
2.453149 -5.061855 0.076193 -9.637180 43.168678 0.000000 0.000000 
2.475547 -5.158141 0.062106 -11.501967 42.489754 0.000000 0.000000 
2.398408 -5.332146 -0.162724 -12.174191 40.562473 0.000000 0.000000 
2.448447 -5.499340 0.002262 -1.812660 45.557442 0.000000 0.000000 
2.445783 -5.502250 0.032440 0.721664 54.279598 0.000000 0.000000 
2.436941 -5.506927 0.012669 -1.695427 45.121632 0.000000 0.000000 
2.471214 -6.251205 0.083369 -9.185558 42.275318 0.000000 0.000000 
2.482737 -6.359293 0.037179 -6.106575 44.411224 0.000000 0.000000 
2.486251 -6.468108 -0.123852 -7.538292 44.277534 0.000000 0.000000 
2.478246 -6.744202 0.076358 -6.821686 44.451580 0.000000 0.000000 
2.472700 -6.794345 -0.019554 -6.203377 42.352669 0.000000 0.000000 
2.417192 -7.056122 -0.122152 -9.061298 44.618221 0.000000 0.000000 
2.433970 -7.229064 -0.086706 -2.527344 44.372993 0.000000 0.000000 
2.438694 -7.231079 0.037869 -4.136074 44.106022 0.000000 0.000000 
2.289462 -7.530067 0.138900 -7.434181 38.788750 0.000000 0.000000 
2.366015 -7.514972 0.090632 -9.991245 38.856617 0.000000 0.000000 
2.379043 -7.659075 0.059589 -7.348946 39.010887 0.000000 0.000000 
2.310064 -7.935354 0.080012 -3.767929 41.092491 0.000000 0.000000 
2.288933 -8.229462 -0.188420 -10.094650 41.175148 0.000000 0.000000 
2.434564 -8.421709 0.192252 -8.839882 37.962208 0.000000 0.000000 
2.273947 4.782896 -0.009783 -28.385597 22.989061 0.000000 0.000000 
2.418869 4.810594 -0.027790 -27.832188 24.958685 0.000000 0.000000 
2.499535 5.395461 -0.090355 -38.763809 17.795185 0.000000 0.000000 
2.306055 5.974861 -0.080608 -42.028866 16.224073 0.000000 0.000000 
2.357574 5.959113 -0.056064 -39.675915 17.673294 0.000000 0.000000 
2.326122 6.480030 -0.059481 -38.689392 18.826279 0.000000 0.000000 
2.291941 6.959423 0.037818 -10.912726 42.891117 0.000000 0.000000 
2.318741 6.985108 0.042216 -11.261021 44.456924 0.000000 0.000000 
2.383915 7.450157 -0.081706 -26.865940 30.239756 0.000000 0.000000 
2.290223 7.627480 -0.077439 -31.120945 27.089605 0.000000 0.000000 
2.288233 7.907808 -0.038912 -21.280823 32.409740 0.000000 0.000000 
2.372650 7.975031 -0.030113 -21.850288 34.604885 0.000000 0.000000 
2.412390 8.408951 -0.018899 -24.804543 27.950321 0.000000 0.000000 
2.266558 8.593782 -0.144065 -37.728020 22.047750 0.000000 0.000000 
2.269660 8.955447 0.018278 -8.412064 40.805798 0.000000 0.000000 
2.302070 9.001008 0.021808 -6.769043 42.042011 0.000000 0.000000 
2.325997 9.747471 -0.095582 -22.637623 24.352287 0.000000 0.000000 
2.208313 -8.684516 -0.000799 -21.907761 21.288721 1.000000 1.000000 
-6.014850 -1.050427 -0.558420 -0.555199 48.612289 0.000000 0.000000 
-6.017471 -1.022970 -0.587463 5.075607 53.579674 0.000000 0.000000 
-6.069403 -1.030179 -0.605684 7.085423 56.601547 0.000000 0.000000 
-6.827839 0.003499 0.124173 1.119904 47.818428 0.000000 0.000000 
-6.939796 0.010044 0.147616 6.085856 54.485023 0.000000 0.000000 
2.430002 -8.935748 0.017401 -2.353607 38.979980 0.000000 0.000000 
2.487691 -8.957405 0.009820 -2.014984 40.236481 0.000000 0.000000 
2.319362 -9.266466 0.040416 -6.058983 35.696079 0.000000 0.000000 
2.419889 -9.474664 0.154279 0.556686 40.405777 0.000000 0.000000 
2.415065 -9.510826 0.137499 3.582718 44.765541 0.000000 0.000000 
2.196642 -10.168063 -0.135443 -7.615768 34.336842 0.000000 0.000000 
2.460375 -10.233440 -0.201641 -4.019302 38.406757 0.000000 0.000000 
2.380137 -10.260235 -0.230241 -4.014435 37.562527 0.000000 0.000000 
2.284026 -10.536260 -0.138407 -2.235329 39.005089 0.000000 0.000000 
2.202570 -10.578138 -0.202717 -5.302376 34.188896 0.000000 0.000000 
1.936090 -10.865641 -0.426402 -4.410110 36.311222 0.000000 0.000000 
2.132351 -10.867939 -0.298417 -3.385887 36.450684 0.000000 0.000000 
2.200665 -10.926579 -0.375540 -7.505753 33.052856 0.000000 0.000000 
2.410156 -10.988640 -0.084256 -5.257141 35.274853 0.000000 0.000000 
-6.062485 -10.857450 -2.487322 -14.527557 28.628828 0.000000 1.000000 
7.749189 -15.426782 0.669030 -5.812012 25.166592 0.000000 0.000000 
8.007321 -15.301565 0.107662 -4.055496 25.760395 0.000000 0.000000 
-18.036011 -1.792203 -0.381963 -10.004906 26.153549 0.000000 0.000000 
-18.682360 -2.975188 -0.355356 -12.559944 21.102428 0.000000 0.000000 
-19.164881 -2.103678 -7.117563 -12.889908 21.424904 0.000000 0.000000 
-20.359251 -0.723165 -0.891466 5.172554 38.685310 0.000000 0.000000 
-20.361187 -0.908690 -0.941363 7.351059 40.078796 0.000000 0.000000 
-18.667618 -11.451983 2.007179 2.120323 33.817631 0.000000 0.000000 
-18.760252 -11.393509 1.413399 -0.596291 30.511160 0.000000 0.000000 
-19.155476 -11.540457 1.425142 -1.845268 29.114452 0.000000 0.000000 
-19.169996 -11.518645 1.792203 1.293892 30.966896 0.000000 0.000000 
-19.079947 -12.071725 -0.793247 -4.978081 30.640575 0.000000 0.000000 
-19.764133 -11.324720 1.635091 0.899246 31.988298 0.000000 0.000000 
-19.793800 -11.382522 1.630199 0.598320 32.167034 0.000000 0.000000 
-18.313780 -14.299038 -0.615627 16.009712 44.381504 0.000000 0.000000 
-18.402945 -14.338215 -0.746497 14.000427 43.182522 0.000000 0.000000 
-18.535971 -14.573309 -0.939302 -1.430443 30.798183 0.000000 0.000000 
-18.603390 -14.503934 -0.963675 2.630623 32.502953 0.000000 0.000000 
-17.954351 -15.888719 -0.646225 -8.385551 25.958157 0.000000 0.000000 
-18.146008 -15.800808 -0.895726 -3.264748 27.051897 0.000000 0.000000 
7.505727 -24.619251 4.742920 -5.196114 22.836153 0.000000 0.000000 
9.616436 -24.599522 -0.883630 -5.472549 23.596943 0.000000 0.000000 
-6.815077 -26.182854 5.149738 -9.359726 24.063641 0.000000 0.000000 
8.638524 -26.716648 5.531662 -2.628479 24.249237 0.000000 0.000000 
14.962470 -26.429379 0.953039 4.844254 27.776052 0.000000 0.000000 
12.976107 -27.583939 0.072164 -0.994148 25.514019 0.000000 0.000000 
13.581984 -27.292694 -0.614219 -2.371849 24.981649 0.000000 0.000000 
-6.364692 -30.613079 4.712418 -3.255081 22.318310 0.000000 0.000000 
13.896323 -27.625546 4.665531 -1.508766 22.971916 0.000000 0.000000 
-19.968853 -24.783566 -7.469988 -3.173950 23.723631 0.000000 0.000000 
-21.517353 -23.745838 -4.559072 -3.756874 25.672171 0.000000 0.000000 
11.911951 -29.394398 5.496295 -1.258614 24.591543 0.000000 0.000000 
13.909878 -28.717251 -0.068109 0.687500 27.356976 0.000000 0.000000 
13.670150 -28.842102 1.888987 2.247467 27.128151 0.000000 0.000000 
12.685396 -30.857536 -0.677233 -4.298698 21.893446 0.000000 0.000000 
-20.287737 -28.049007 -8.822227 -7.433876 19.348206 0.000000 1.000000 
9.873100 -34.914497 -3.409163 -4.389915 21.565731 0.000000 1.000000 
-38.572556 -7.397136 0.645423 -4.851471 18.948410 0.000000 0.000000 
-38.737549 -7.089786 13.250153 -2.119408 22.765678 0.000000 0.000000 
-38.813007 -7.183909 1.662308 -2.120018 21.234219 0.000000 0.000000 
9.513321 -38.928345 4.857778 -1.223068 20.900070 0.000000 0.000000 
9.171015 -39.920574 4.778743 -5.071915 18.449196 0.000000 0.000000 
11.718904 -40.417316 2.178457 4.042572 24.496269 0.000000 0.000000 
-38.324070 -20.163410 3.012177 6.056778 27.202425 0.000000 0.000000 
-38.464085 -20.154263 2.298680 8.740883 29.784832 0.000000 0.000000 
20.579641 -37.865665 0.566932 2.328621 21.032734 0.000000 1.000000 
-6.204641 -49.319366 6.648444 -5.082611 19.319002 0.000000 1.000000 
55.402676 -103.761452 5.924716 15.388657 16.137096 0.000000 0.000000 
57.020664 -102.958794 5.536093 19.998932 20.006363 0.000000 0.000000 
59.175629 -101.830025 9.666637 14.789680 15.004989 0.000000 0.000000 
65.942696 -108.177338 6.746144 19.728394 18.553434 0.000000 0.000000 
60.763737 -147.503372 8.410416 19.674103 17.483675 0.000000 0.000000 
7.186316 -5.244253 -0.041020 3.470695 46.882572 0.000000 0.000000 
7.292049 -5.348838 -0.080101 5.071304 50.084057 0.000000 0.000000 
2.271054 -8.753808 -0.009643 -1.553017 43.687332 0.000000 0.000000 
2.256842 -8.955422 0.002187 4.944740 45.909100 0.000000 0.000000 
2.247215 -8.958837 -0.014116 3.275604 46.883221 0.000000 0.000000 
2.146515 -9.423763 -0.105264 -1.540390 43.093792 0.000000 0.000000 
2.192604 -9.470097 -0.088776 -3.398537 39.133839 0.000000 0.000000 
2.238559 -9.467982 -0.010933 -5.136047 40.136368 0.000000 0.000000 
2.147567 -9.922083 -0.304831 -7.419800 39.161499 0.000000 0.000000 
2.189780 -9.956450 -0.308700 -4.329643 40.508690 0.000000 0.000000 
2.264631 -10.118516 -0.307677 -3.188042 38.441551 0.000000 0.000000 
2.260045 -10.212599 0.358151 -2.263802 39.845425 0.000000 0.000000 
2.235543 -10.360298 0.197679 -4.542999 38.788811 0.000000 0.000000 
2.183692 -10.612912 -0.166751 -1.434669 41.645523 0.000000 0.000000 
2.267799 -10.617258 -0.011973 -2.143661 39.303268 0.000000 0.000000 
7.319496 -8.489637 -1.435210 7.100708 47.435612 0.000000 1.000000 
2.238212 -11.043181 -0.306558 2.137985 43.892708 0.000000 0.000000 
2.163635 -11.108898 -0.190203 1.819916 43.083019 0.000000 0.000000 
2.111958 -11.600308 0.223669 -4.411163 38.602604 0.000000 0.000000 
2.059556 -11.842302 0.161135 -1.764427 40.846962 0.000000 0.000000 
11.941040 -3.159911 -0.009680 9.207649 48.022072 0.000000 0.000000 
11.936826 -3.185702 -0.036271 7.624802 45.353184 0.000000 0.000000 
8.171483 -10.155412 -0.607187 -9.929428 31.855328 0.000000 0.000000 
11.730711 4.117844 -0.040329 -11.504822 29.862623 0.000000 1.000000 
8.621361 -10.475551 4.077993 -9.150497 31.139849 0.000000 0.000000 
13.128004 1.502434 -3.881415 -14.508873 27.831890 0.000000 1.000000 
9.671495 -10.035721 -2.611229 -11.544098 29.239614 0.000000 0.000000 
9.815894 -9.992028 -2.043182 -12.087523 29.480099 0.000000 1.000000 
8.830884 -11.190118 -0.540704 -3.167007 35.374786 0.000000 0.000000 
7.274640 -14.302443 -3.109753 -19.982117 24.731926 0.000000 1.000000 
-7.109577 -14.545774 -1.185926 -4.144249 29.082359 0.000000 0.000000 
17.048828 0.392025 -0.737245 8.796181 44.354359 0.000000 0.000000 
17.176546 0.423801 -0.829553 5.536766 42.310242 0.000000 0.000000 
10.805422 -14.637753 -4.282404 -8.021080 28.038500 0.000000 1.000000 
17.058155 8.466360 0.217915 9.997360 37.941780 0.000000 0.000000 
16.999628 8.775727 0.455495 9.509621 38.326256 0.000000 0.000000 
11.735848 -17.066658 0.026361 -5.105713 30.708296 0.000000 1.000000 
18.385607 9.735085 0.021554 10.201584 42.494843 0.000000 0.000000 
18.458221 9.940265 -0.098358 8.397400 41.006210 0.000000 0.000000 
11.362866 -21.355732 -4.592414 -8.226234 23.932907 0.000000 1.000000 
22.586340 -11.024647 4.384034 -1.523682 28.905851 0.000000 0.000000 
14.650794 -20.629169 2.342638 -3.135811 28.357273 0.000000 1.000000 
22.861332 10.704578 -4.329025 -3.106102 28.618746 0.000000 0.000000 
26.256218 9.123615 -1.591025 13.249550 38.094711 0.000000 0.000000 
26.953054 7.809847 -4.068336 4.356773 29.705013 0.000000 0.000000 
24.840136 -14.930894 2.067922 -0.034782 27.576168 0.000000 0.000000 
9.595478 -27.735317 7.846947 -1.834450 27.994865 0.000000 0.000000 
11.443669 -29.667027 -5.464132 -1.519287 24.637899 0.000000 0.000000 
28.854158 11.412076 -0.208078 2.045280 30.625427 0.000000 1.000000 
23.599600 -21.567287 1.035814 3.599724 29.586178 0.000000 0.000000 
23.638952 -21.628883 0.779731 6.117874 32.283394 0.000000 1.000000 
28.290688 -16.200878 6.792110 -2.788940 25.947422 0.000000 1.000000 
32.582249 1.348737 1.443255 13.415604 39.213959 0.000000 0.000000 
32.701759 1.175158 0.946233 13.674469 41.049911 0.000000 0.000000 
33.188148 0.840418 3.453871 -3.707848 25.309029 0.000000 0.000000 
28.800585 15.778775 1.081726 3.644714 30.063026 1.000000 1.000000 
7.794791 -35.088295 0.703749 2.093903 29.457466 0.000000 0.000000 
7.032636 -36.427826 11.082318 -1.088928 23.499878 0.000000 0.000000 
6.845209 -36.485092 0.931678 2.127646 26.350353 0.000000 0.000000 
6.303661 -36.586849 -0.199588 -2.522438 22.907230 0.000000 0.000000 
33.343723 16.283436 2.087592 2.490868 24.506731 0.000000 0.000000 
33.300102 17.266571 0.035857 2.068031 23.883856 0.000000 0.000000 
34.961906 14.244215 -0.053189 -2.200241 23.840317 0.000000 0.000000 
38.568645 7.975657 -0.963170 6.404640 28.257868 0.000000 0.000000 
38.635502 7.837514 -0.552353 9.251373 29.587772 0.000000 0.000000 
43.120392 -0.419086 1.294934 6.970901 29.744608 0.000000 0.000000 
43.256340 -0.212806 1.073699 6.130211 27.895603 0.000000 0.000000 
42.617931 8.808885 -1.401789 16.864021 34.806099 0.000000 0.000000 
42.662880 8.796803 -1.331935 15.656242 34.374943 0.000000 0.000000 
13.959221 -42.291214 1.623920 -0.331978 22.114561 0.000000 1.000000 
41.255692 15.012576 -0.730151 -1.410683 20.212692 0.000000 0.000000 
7.007173 -44.971123 -4.517839 -1.424294 21.845398 0.000000 0.000000 
6.768694 -45.150425 8.092470 -1.755875 21.211426 0.000000 0.000000 
8.341367 -44.999973 12.627544 -3.350647 19.995058 0.000000 0.000000 
44.378071 9.739741 -0.152980 8.304070 27.122089 0.000000 0.000000 
43.199326 17.046406 -2.380447 1.115410 21.775303 0.000000 0.000000 
46.574593 8.110285 -1.975808 18.175972 33.492626 0.000000 0.000000 
46.642818 8.288234 -3.923187 19.509476 34.958435 0.000000 0.000000 
4.025998 -48.049881 -0.636269 1.323395 20.085190 1.000000 0.000000 
3.736001 -48.253731 -1.157581 -0.074417 20.325115 1.000000 0.000000 
47.704910 6.200058 11.374337 4.738907 25.856461 0.000000 0.000000 
5.022073 -48.349514 -1.639586 5.222878 25.315601 1.000000 0.000000 
4.194259 -48.650421 -0.261414 -0.268829 19.497740 1.000000 0.000000 
4.221410 -48.840981 -0.387301 4.392067 25.114801 1.000000 0.000000 
4.817071 -49.031967 -1.489884 9.424095 30.155125 1.000000 0.000000 
48.466057 5.889162 8.607852 -1.906830 21.293581 0.000000 0.000000 
4.794656 -49.114685 -0.732143 0.378723 19.955217 1.000000 0.000000 
48.372005 -9.610204 -3.079367 -5.824974 18.035488 0.000000 1.000000 
3.746257 -49.588902 -1.201288 0.655830 23.292610 1.000000 0.000000 
8.716510 -49.033722 13.568072 1.034142 20.613464 0.000000 1.000000 
3.980026 -49.775707 -1.248067 -1.421646 19.654024 1.000000 0.000000 
46.460381 18.199451 1.587052 2.187477 22.548904 0.000000 0.000000 
50.339542 9.980841 -0.820264 11.991386 32.245613 0.000000 1.000000 
50.554852 15.181123 -0.308619 4.475906 21.207077 0.000000 0.000000 
-20.670689 -48.846893 6.507941 1.813736 20.852507 0.000000 0.000000 
52.606266 8.854367 0.417668 13.424652 32.573772 0.000000 0.000000 
52.539120 9.207832 0.251962 16.603340 32.630573 0.000000 0.000000 
52.536831 9.453230 0.142495 18.955322 32.818230 0.000000 0.000000 
52.698757 8.626809 -0.033018 15.188690 33.607689 0.000000 0.000000 
54.900024 7.160811 -0.186680 22.482307 37.948769 0.000000 0.000000 
-1.329514 -55.692390 12.979474 7.557701 31.952919 0.000000 1.000000 
54.949905 7.208882 -0.407772 19.687386 34.215538 0.000000 0.000000 
10.618295 -54.909702 4.077498 12.033707 32.986778 0.000000 0.000000 
24.302353 -51.469788 1.732834 2.159477 21.569035 0.000000 1.000000 
6.550699 -56.776649 6.765117 4.438599 24.055622 0.000000 0.000000 
56.114288 8.333958 -2.466867 5.237366 21.756020 0.000000 0.000000 
56.856327 6.802989 -1.457846 14.380623 29.160057 0.000000 0.000000 
56.944344 6.170718 -2.378498 19.412178 35.272366 0.000000 0.000000 
56.632439 9.937354 1.766207 10.361923 24.989235 0.000000 0.000000 
56.669147 9.898552 2.803163 10.888474 25.474718 0.000000 0.000000 
58.045101 0.750707 -1.264280 5.503914 27.268085 0.000000 0.000000 
58.034023 1.132788 0.619109 10.243225 26.635418 0.000000 0.000000 
58.040298 1.025190 -0.202239 11.081276 28.189638 0.000000 1.000000 
55.431824 16.394550 -3.805256 6.154335 19.663954 0.000000 0.000000 
56.340855 15.727223 -0.454305 4.405434 19.050426 0.000000 0.000000 
58.203537 7.314510 -2.713122 6.577965 23.016457 0.000000 0.000000 
58.534107 8.717280 -1.357479 20.908180 33.241802 0.000000 0.000000 
58.716194 8.512486 -1.328104 20.980446 34.635067 0.000000 0.000000 
60.465805 9.468550 -0.461809 23.881134 36.526405 0.000000 0.000000 
60.362217 10.049068 0.074627 20.670868 33.830666 0.000000 0.000000 
62.005501 -8.938225 3.813900 8.984245 26.077776 0.000000 0.000000 
62.119709 -8.486746 4.011495 9.099396 24.751381 0.000000 0.000000 
61.960701 -11.052296 0.894405 2.787018 20.446550 0.000000 0.000000 
62.130859 -10.831460 1.796416 6.037018 22.744043 0.000000 0.000000 
62.709961 8.416088 -2.437986 12.095978 27.759035 0.000000 0.000000 
62.726093 8.570539 -2.509867 12.031883 27.875395 0.000000 1.000000 
63.349651 -9.451763 -5.853077 1.154221 18.580854 0.000000 0.000000 
64.160576 -8.708611 2.162437 4.231956 20.378342 0.000000 0.000000 
64.174713 -8.599619 2.958819 6.555298 21.227102 0.000000 0.000000 
57.521267 -31.778667 2.070504 15.142693 28.449030 0.000000 0.000000 
57.507877 -31.994209 2.734100 19.117729 30.454504 0.000000 0.000000 
57.501114 -32.241550 4.938485 18.019798 30.714218 0.000000 0.000000 
65.912781 11.880347 3.551267 4.907036 18.222609 0.000000 0.000000 
66.021179 11.625373 3.257116 5.399506 19.030350 0.000000 1.000000 
66.762894 -10.353910 -1.385821 10.161232 27.794651 0.000000 0.000000 
66.758423 -10.619113 0.026549 13.826660 29.110851 0.000000 0.000000 
67.620743 -11.131701 7.307832 1.012268 17.155102 0.000000 0.000000 
67.830551 10.532141 -1.623689 5.638802 18.533537 0.000000 0.000000 
67.841972 10.859375 -0.543520 6.588051 19.158703 0.000000 0.000000 
67.731987 13.307842 2.540411 22.843689 32.515594 0.000000 0.000000 
67.891869 13.037240 1.855452 24.914467 35.084152 0.000000 0.000000 
70.350517 -10.142531 -1.582563 9.964119 25.529861 0.000000 0.000000 
70.416931 9.560886 0.199354 10.376556 23.950594 0.000000 0.000000 
57.697124 -43.569874 4.629755 13.148499 26.471771 0.000000 0.000000 
72.563286 9.041207 -0.136278 29.439339 39.158482 0.000000 0.000000 
72.654655 8.777255 -0.261273 25.678459 34.826694 0.000000 0.000000 
74.808929 6.877635 -2.310078 12.768051 23.553602 0.000000 0.000000 
74.911934 6.647714 -3.612185 16.578163 26.840584 0.000000 0.000000 
74.831055 8.097298 -2.640566 8.565239 21.536131 0.000000 0.000000 
55.706978 -52.875305 2.201024 15.809326 25.967548 0.000000 0.000000 
56.181313 -52.594803 1.369896 18.251923 29.522039 0.000000 0.000000 
76.809822 7.628201 -2.531301 15.008072 27.006081 0.000000 0.000000 
76.794952 8.165221 -1.770121 14.431091 24.659470 0.000000 0.000000 
8.622017 -77.150085 -1.438630 11.751579 25.177200 0.000000 0.000000 
8.319501 -77.194511 -1.782214 15.084831 27.478485 0.000000 0.000000 
78.674812 8.358761 -1.895108 20.323135 30.455330 0.000000 0.000000 
78.868591 8.034996 -2.373098 18.735313 28.789745 0.000000 0.000000 
80.551758 8.680839 -2.110559 12.434242 22.497429 0.000000 0.000000 
80.626472 9.253788 -0.777577 14.488922 26.306305 0.000000 0.000000 
80.715164 8.968972 -0.842194 10.642700 22.763483 0.000000 0.000000 
83.210724 -11.161831 9.593359 4.874619 17.575418 0.000000 0.000000 
-35.795170 -76.698608 1.547197 6.457970 15.679029 0.000000 0.000000 
84.288475 11.073088 -1.070731 10.805893 21.156778 0.000000 0.000000 
84.354362 11.365664 -0.100040 11.655342 23.225195 0.000000 0.000000 
86.341179 10.693917 1.745789 13.742249 21.675640 0.000000 0.000000 
86.444992 10.271308 1.275273 13.256088 20.857536 0.000000 0.000000 
57.712795 -67.814018 6.349948 18.025909 25.716116 0.000000 0.000000 
57.866985 -67.931473 4.426591 17.434036 24.450167 0.000000 0.000000 
88.553558 10.017120 3.204070 13.120354 22.425091 0.000000 0.000000 
88.541786 10.146625 2.759990 16.895699 24.518902 0.000000 0.000000 
89.453903 -1.681007 -4.971529 3.580757 15.781894 0.000000 0.000000 
89.308723 -9.551043 9.627193 8.196182 21.261070 0.000000 0.000000 
-27.447851 -85.857742 3.105813 8.459389 15.733638 0.000000 0.000000 
90.487724 9.816758 1.381340 21.780174 28.347071 0.000000 0.000000 
90.583710 10.271250 1.445361 24.720001 31.631229 0.000000 0.000000 
90.966576 -12.573451 6.399047 9.476233 23.585457 0.000000 0.000000 
91.073288 -12.042885 10.048876 6.204926 19.366001 0.000000 0.000000 
91.222160 -11.263294 7.500715 7.026175 21.936029 0.000000 0.000000 
91.195831 -11.555579 8.863069 9.309669 23.733694 0.000000 0.000000 
91.420815 -12.194044 13.881012 14.728149 24.860577 0.000000 0.000000 
91.475494 -12.376826 11.498208 9.042679 20.622425 0.000000 0.000000 
91.569633 -12.281476 14.025205 12.331268 23.346546 0.000000 0.000000 
91.795021 -12.858655 11.276084 9.027580 19.435064 0.000000 0.000000 
91.971992 -12.408503 11.908976 8.697174 18.546062 0.000000 0.000000 
92.791946 7.921807 -1.254518 19.797073 28.119652 0.000000 0.000000 
92.859009 7.808931 -1.275150 17.609322 24.574575 0.000000 0.000000 
96.403954 -11.268000 9.200339 10.657570 20.754562 0.000000 0.000000 
96.377045 -11.921990 7.317869 11.398300 21.158220 0.000000 0.000000 
97.491158 -12.038849 8.727587 9.075394 18.015064 0.000000 0.000000 
98.684387 7.974019 -3.568843 8.703850 15.930541 0.000000 0.000000 
102.647064 8.486866 0.271293 7.630507 16.801189 0.000000 0.000000 
108.470879 -10.184677 8.024929 12.138596 18.413027 0.000000 0.000000 
108.525803 -9.969920 9.116738 12.120941 17.641640 0.000000 0.000000 
107.832077 15.937667 -0.313003 16.826210 21.929684 0.000000 0.000000 
113.557861 -8.385946 13.961441 12.911110 18.313297 0.000000 0.000000 
113.604927 -8.042860 15.485600 16.498917 21.288380 0.000000 0.000000 
113.606430 -8.701021 15.898281 10.009827 15.948857 0.000000 0.000000 
114.044167 -7.946173 -10.479202 10.790848 17.274651 0.000000 0.000000 
7.304670 -115.978401 -0.758128 7.327805 15.804339 0.000000 0.000000 
55.489429 -103.634857 -2.696093 16.805214 21.613619 0.000000 0.000000 
55.425346 -103.672203 -2.946838 16.456871 21.426922 0.000000 0.000000 
118.268150 1.201312 3.442662 9.760025 18.334057 0.000000 0.000000 
118.326874 0.778637 3.751461 10.415436 19.780441 0.000000 0.000000 
118.511856 0.250793 1.232046 11.436386 20.733509 0.000000 0.000000 
118.685509 7.525541 -7.912008 13.287071 18.205942 0.000000 0.000000 
118.795807 8.852574 -3.629385 11.126511 17.444693 0.000000 0.000000 
118.820908 9.051373 -5.252122 13.317352 18.644936 0.000000 0.000000 
119.908218 1.018805 0.117848 8.084000 15.718448 0.000000 0.000000 
120.851105 7.598214 -0.933095 10.441521 14.418492 0.000000 0.000000 
124.641724 7.963533 -4.306586 11.899261 16.225246 0.000000 0.000000 
127.364052 17.210861 3.423822 19.816864 20.677132 0.000000 0.000000 
10.253099 -129.296280 -2.291163 14.103500 17.347359 0.000000 0.000000 
7.100180 -130.702698 -3.351911 10.817108 14.377360 0.000000 0.000000 
132.997360 -12.442305 6.857757 13.361794 18.219921 0.000000 0.000000 
7.549496 -134.385178 0.047217 16.276344 18.714083 0.000000 0.000000 
134.407806 9.810206 -4.963837 14.651695 16.467932 0.000000 0.000000 
6.407657 -135.672195 -0.681348 13.378876 17.254114 0.000000 0.000000 
136.673096 10.797551 -5.040481 16.813820 18.708988 0.000000 0.000000 
7.568968 -138.102402 -3.489980 12.781021 15.627042 0.000000 0.000000 
138.223831 12.296847 0.057600 19.307671 20.914209 0.000000 0.000000 
8.004294 -142.148712 -7.119060 12.987335 14.716607 0.000000 0.000000 
142.232391 13.387102 1.982520 21.496964 22.111109 0.000000 0.000000 
8.044752 -143.383118 -0.229969 23.549789 25.729523 0.000000 0.000000 
61.793243 -129.837585 -0.485961 14.568344 15.913898 0.000000 0.000000 
7.031241 -144.670273 -4.495045 21.956436 23.468294 0.000000 0.000000 
6.534487 -145.865021 -1.986003 12.928123 14.872489 0.000000 0.000000 
6.991949 -145.901169 -4.510905 18.649574 20.471733 0.000000 0.000000 
146.327789 13.425155 7.897901 21.776039 22.081717 0.000000 0.000000 
8.047339 -147.086594 -0.526298 25.450249 27.090368 0.000000 0.000000 
8.380760 -148.298691 -3.584971 22.457947 23.231243 0.000000 0.000000 
148.426498 13.079727 4.444831 18.191460 18.503057 0.000000 0.000000 
6.921045 -149.600311 -3.825328 18.145432 19.223181 0.000000 0.000000 
150.259369 11.726363 1.483752 15.540321 15.179929 0.000000 0.000000 
150.557266 12.108242 6.328896 17.482933 17.146629 0.000000 0.000000 
164.145218 -14.032419 14.304944 20.153099 20.365162 0.000000 0.000000 
59.158352 -158.494934 6.522519 14.540672 16.219917 0.000000 0.000000 
8.596930 -173.333237 -5.932427 20.189087 19.631550 0.000000 0.000000 
176.042389 65.098854 17.675575 31.823250 25.354286 0.000000 0.000000 
185.279678 64.853638 19.570946 23.489372 15.931108 0.000000 0.000000 
1.974158 6.383385 -0.056035 -43.596130 18.288589 1.000000 1.000000 
3.034925 10.616417 0.065349 -31.070488 10.498187 1.000000 1.000000 
1.698223 11.176149 -0.026935 -37.868706 9.116801 1.000000 1.000000 
2.302160 12.331532 0.415082 -16.047737 32.411255 0.000000 0.000000 
2.020864 12.475099 -0.074653 -35.024200 14.800069 1.000000 1.000000 
4.371983 11.718707 0.400821 -32.516449 14.261569 1.000000 1.000000 
2.047657 12.800772 -0.090722 -36.569473 11.958407 1.000000 1.000000 
2.219373 12.840088 -1.005679 -11.377388 34.886547 0.000000 0.000000 
2.238987 12.983585 -0.913062 -22.170197 31.994785 0.000000 0.000000 
2.201668 13.101435 0.107140 -10.915558 33.440643 0.000000 0.000000 
2.278126 13.529018 -0.077399 -2.191582 38.322693 0.000000 0.000000 
2.361314 13.953781 -0.107857 -0.107704 41.107040 0.000000 0.000000 
2.129327 14.160865 -0.043688 -28.736664 12.850513 1.000000 1.000000 
2.476989 14.265689 0.075059 -31.739265 9.896712 1.000000 1.000000 
2.322433 14.383947 -0.156241 3.029076 43.335133 0.000000 0.000000 
2.313184 14.395079 -0.162481 0.214760 39.886597 0.000000 0.000000 
2.303210 14.495203 -0.150112 2.085190 41.120819 0.000000 0.000000 
2.356709 14.842225 -0.122577 -3.749588 34.764732 0.000000 0.000000 
2.381045 14.949160 -0.070719 -32.620667 12.256381 1.000000 1.000000 
2.266854 15.184778 0.140551 -9.718430 35.351997 0.000000 0.000000 
2.273446 15.286764 0.177125 -12.773956 35.910774 0.000000 0.000000 
2.332612 15.681204 0.283902 -7.351250 36.059326 0.000000 0.000000 
2.335584 15.827822 0.265940 -7.956856 31.783012 0.000000 0.000000 
2.251301 16.179749 -0.187873 -15.020271 32.637341 0.000000 0.000000 
2.055146 16.323618 -0.350972 -18.697578 24.384882 1.000000 1.000000 
2.342497 16.605043 -0.051558 -7.848404 35.260242 0.000000 0.000000 
2.330338 16.713583 -0.032285 -6.073723 34.018005 0.000000 0.000000 
2.261040 16.729610 0.294699 -17.662399 26.609749 0.000000 0.000000 
2.207469 17.248264 -0.040157 -18.092522 27.558723 0.000000 0.000000 
2.265329 17.516626 -0.170603 -3.313950 36.172516 0.000000 0.000000 
2.287521 17.536026 -0.095403 -2.679108 36.723598 0.000000 0.000000 
-3.461866 17.480282 0.363371 1.630249 36.773331 1.000000 1.000000 
2.228978 17.828182 -0.151671 -34.547722 7.813331 1.000000 1.000000 
2.303253 17.951702 0.303588 -6.723686 30.677889 0.000000 0.000000 
2.180233 18.054203 0.066241 -12.115204 26.740667 1.000000 1.000000 
2.404291 18.243023 -0.180934 -11.339218 27.290125 1.000000 1.000000 
2.342497 18.266354 0.338153 -4.102615 29.912481 0.000000 0.000000 
2.338295 18.361435 -1.338648 -5.679344 34.193806 0.000000 0.000000 
2.253201 19.313221 0.289068 -7.786446 30.216690 0.000000 0.000000 
2.048294 19.476227 0.013282 -21.393867 16.684874 1.000000 1.000000 
2.364184 19.480591 -0.075889 -28.665298 10.094268 1.000000 1.000000 
2.185374 19.741922 -0.064436 3.155417 40.025177 0.000000 0.000000 
2.230768 19.871149 0.189042 2.821013 38.180210 0.000000 0.000000 
2.006352 19.902981 -0.273148 -30.542244 10.182570 1.000000 1.000000 
-1.899008 20.179546 -1.321650 -28.774071 11.983146 1.000000 1.000000 
2.206784 20.428860 0.375109 -4.149910 33.080822 0.000000 0.000000 
2.258802 20.450018 -0.105945 -1.061188 37.242687 1.000000 1.000000 
2.152184 20.576698 -0.548541 8.309639 45.614643 0.000000 0.000000 
2.223331 20.996918 -0.438691 -0.553329 33.654217 0.000000 0.000000 
2.190942 21.001245 -0.480452 5.489799 41.902126 0.000000 0.000000 
-6.667697 22.581339 0.472879 -9.490883 28.935488 0.000000 0.000000 
-6.572716 22.884188 0.331792 -6.793434 26.789597 0.000000 0.000000 
-6.564865 23.075310 0.347658 -5.940659 30.120750 0.000000 0.000000 
-7.576493 24.084105 0.641623 -12.955504 25.938101 0.000000 0.000000 
-7.433293 24.145481 0.875139 -11.378548 28.130577 0.000000 0.000000 
7.681052 24.523003 0.156202 -16.563469 24.348610 0.000000 0.000000 
3.408422 26.535704 0.195704 -15.148140 24.214666 0.000000 0.000000 
-6.400158 26.262663 6.955088 -15.645096 24.166519 0.000000 0.000000 
19.005260 18.815830 -6.896642 0.235039 22.974743 0.000000 1.000000 
-7.332170 26.925879 1.582107 -13.581726 24.458576 0.000000 0.000000 
-7.857608 27.097906 -2.437335 -13.430000 23.256424 0.000000 0.000000 
-7.097667 27.435396 0.063476 -17.248604 24.968889 0.000000 0.000000 
-7.157018 27.431953 2.584754 -12.816376 26.390097 0.000000 0.000000 
7.466475 27.778423 3.408092 -12.521156 24.709476 0.000000 0.000000 
0.059115 29.351824 -0.320125 -17.343040 24.694231 0.000000 0.000000 
0.034553 29.395674 -0.221378 -15.850922 24.231863 0.000000 0.000000 
8.526523 29.265036 -1.930660 -10.652823 26.363438 0.000000 0.000000 
-0.329857 30.831129 -0.801504 -18.746933 22.320148 0.000000 0.000000 
-13.874785 27.853834 -0.408941 -7.517738 24.780159 0.000000 1.000000 
-14.300723 28.096382 4.384487 -18.176537 17.996519 0.000000 0.000000 
6.949162 31.703554 2.417745 -12.979012 21.654293 1.000000 1.000000 
7.063298 32.272369 2.395075 1.399979 32.872932 0.000000 0.000000 
7.073855 32.369255 2.460086 0.308937 33.168156 0.000000 0.000000 
6.868362 32.433090 4.954529 -14.164574 23.335739 0.000000 0.000000 
6.750850 32.694641 -0.717496 -16.907700 17.292540 1.000000 1.000000 
7.359929 32.555168 -3.880996 -13.854431 20.247967 0.000000 0.000000 
6.803067 32.901955 -8.279641 -16.272224 22.483070 0.000000 0.000000 
6.571103 33.296776 5.056470 -16.938499 20.632278 0.000000 0.000000 
23.372387 23.056524 12.918694 3.178032 23.628866 0.000000 1.000000 
6.961205 33.737015 -0.794629 -0.757065 31.771988 0.000000 0.000000 
7.007897 33.860359 -0.855078 -1.987984 29.848053 0.000000 0.000000 
6.216646 34.316788 -0.854029 -15.039223 21.834099 0.000000 0.000000 
7.374889 34.516113 3.518646 -15.527246 22.582758 0.000000 0.000000 
7.355201 34.534912 3.476351 -14.486282 22.407293 0.000000 0.000000 
7.683350 34.699303 3.789793 -13.988960 19.540361 0.000000 0.000000 
6.897640 35.092899 4.214194 -9.983299 23.670200 0.000000 0.000000 
5.211802 35.578430 -0.065030 -17.314339 18.483160 0.000000 0.000000 
8.608312 35.056065 2.038686 -6.303383 29.337574 0.000000 0.000000 
8.617270 35.097519 2.040521 -5.326050 28.759064 0.000000 0.000000 
6.502558 35.962570 -0.430393 -12.758499 22.511244 0.000000 0.000000 
6.463383 36.080795 4.037329 -5.053108 27.209091 0.000000 0.000000 
5.902081 36.269196 0.106907 -15.274948 17.128769 1.000000 1.000000 
6.487410 36.336880 3.521933 -2.402725 28.528793 0.000000 0.000000 
6.626740 36.430447 2.700496 -9.458847 23.949432 0.000000 0.000000 
7.128860 36.356213 2.806598 -14.511581 23.378452 0.000000 0.000000 
6.106789 36.970650 4.639106 -10.557793 23.078838 0.000000 0.000000 
6.616923 36.910572 2.440707 -11.278961 23.424252 0.000000 0.000000 
6.513311 37.177368 7.377888 -8.267372 22.798998 0.000000 0.000000 
6.707840 37.318909 7.843799 -12.920012 21.650833 0.000000 0.000000 
6.605369 37.352848 7.480875 -13.217484 21.892338 0.000000 0.000000 
29.827745 20.866982 -2.574145 1.307602 17.220425 0.000000 0.000000 
22.498535 30.335545 0.899976 0.581718 21.427462 0.000000 0.000000 
23.076374 29.969080 1.204121 -4.579468 17.800859 0.000000 0.000000 
22.605021 30.574190 1.212812 -2.209396 21.488472 0.000000 0.000000 
22.120838 30.998808 0.229795 0.523544 21.443596 0.000000 0.000000 
7.002611 39.093372 -0.317936 -12.424339 20.198858 0.000000 0.000000 
23.151962 31.458380 0.673030 -4.544006 16.701090 1.000000 1.000000 
7.007730 39.364391 -0.386967 -10.736183 20.376566 0.000000 0.000000 
6.992564 39.807343 -0.316205 -13.918602 16.545408 1.000000 1.000000 
5.967509 40.075893 6.873891 -17.974731 17.855593 0.000000 0.000000 
9.937532 39.466648 4.823458 -14.406059 20.184175 0.000000 0.000000 
13.270679 38.866501 15.270189 -16.787956 16.427662 0.000000 0.000000 
13.160739 39.069000 4.569710 -11.946342 19.408375 0.000000 0.000000 
8.482995 40.589901 3.407665 -20.264465 14.577683 1.000000 1.000000 
5.892521 41.151287 -2.996361 -15.837463 18.705791 0.000000 0.000000 
6.351827 41.300720 -3.248875 -17.980553 17.402468 0.000000 0.000000 
6.430757 41.376362 0.599393 -21.312546 14.906344 0.000000 0.000000 
7.268042 41.289516 -0.953973 -13.604393 18.864180 1.000000 1.000000 
8.808268 41.263245 4.040080 -9.705956 20.717831 0.000000 0.000000 
6.924439 41.769863 -1.212076 -8.681358 23.319065 0.000000 0.000000 
7.000375 41.782944 -0.959141 -16.649719 16.784874 0.000000 0.000000 
7.802442 41.756172 -0.992970 -7.825562 22.317230 0.000000 0.000000 
7.558732 41.969257 -0.968986 -8.291199 23.609169 0.000000 0.000000 
8.619809 41.782299 3.833766 -12.845146 20.516476 0.000000 0.000000 
11.136089 41.554756 4.508655 -14.217148 18.145372 0.000000 0.000000 
5.382802 42.804874 -0.645189 -7.774101 22.880360 0.000000 0.000000 
5.293578 42.823689 -0.512753 -8.922852 21.414944 0.000000 0.000000 
5.589199 43.072113 -0.482748 -14.828026 18.554691 0.000000 0.000000 
5.161737 43.586571 -0.515216 -9.115540 20.353249 0.000000 0.000000 
5.188932 43.599373 -0.564383 -19.920975 13.926259 0.000000 0.000000 
5.260873 43.604652 -0.502817 -5.998932 22.338179 0.000000 0.000000 
5.118737 43.625725 -0.598834 -16.565857 16.164629 0.000000 0.000000 
5.286400 43.688881 -0.284897 -12.691322 19.082363 0.000000 0.000000 
5.303388 43.719650 -0.502978 -7.983162 21.879486 0.000000 0.000000 
5.501099 44.024261 -0.703600 -18.375992 13.211308 1.000000 1.000000 
5.045525 44.101830 -0.385706 -15.430687 16.184259 0.000000 0.000000 
5.241619 44.133217 -0.770099 -12.758202 19.780331 0.000000 0.000000 
7.831686 43.756435 3.151643 -6.224518 24.518833 0.000000 0.000000 
8.014788 43.866013 3.641110 -13.706001 18.525457 0.000000 0.000000 
7.890416 43.924786 3.084484 0.358612 27.920198 0.000000 0.000000 
5.339502 44.452812 -0.429214 -14.156349 15.268374 1.000000 1.000000 
7.607394 44.105244 5.466722 -6.423531 22.238829 0.000000 0.000000 
7.938833 44.093407 3.102435 -5.456169 23.044571 0.000000 0.000000 
7.569408 44.235237 5.456480 -6.546394 22.518118 0.000000 0.000000 
13.406740 43.120518 2.914353 -15.235046 17.643772 0.000000 0.000000 
13.632855 43.129967 3.284079 -10.734398 19.225023 0.000000 0.000000 
8.143849 45.088844 4.314112 -15.826248 15.911813 0.000000 0.000000 
12.146493 44.210197 6.108707 -17.506889 12.996642 0.000000 0.000000 
7.752185 45.328712 5.699665 -9.864357 19.818184 1.000000 1.000000 
8.357735 45.712185 3.922609 -16.833954 14.282187 0.000000 0.000000 
7.171062 46.404274 11.452468 -14.990654 17.437008 0.000000 0.000000 
9.210515 46.016773 6.288305 -19.884491 14.885047 0.000000 0.000000 
24.640614 39.340694 -2.929225 -3.995308 19.987804 0.000000 0.000000 
6.838932 46.520958 5.392575 -16.457367 17.784103 0.000000 0.000000 
6.368106 46.991962 5.910063 -14.107368 19.523205 0.000000 0.000000 
7.834360 47.088665 5.022203 -7.243729 21.080826 0.000000 0.000000 
6.810052 47.388294 9.938032 -14.138718 17.830736 0.000000 0.000000 
7.913258 47.220345 5.243939 -4.214211 24.735844 0.000000 0.000000 
8.038803 47.224342 5.047410 -4.996414 22.909651 0.000000 0.000000 
8.164835 47.603901 3.554302 -9.298264 21.100323 0.000000 0.000000 
8.118612 47.621994 3.537041 -9.687149 22.791912 0.000000 0.000000 
8.151855 47.774651 3.774769 -5.716270 24.089720 0.000000 0.000000 
35.135246 31.494011 1.333876 16.181999 26.066608 0.000000 0.000000 
35.138573 31.861586 1.290168 15.107895 25.118511 0.000000 0.000000 
34.912712 32.206108 0.956416 9.973343 20.524103 0.000000 0.000000 
16.006145 46.146111 1.376114 -13.044478 18.368116 0.000000 0.000000 
35.482277 32.124527 5.828471 2.821280 17.838890 0.000000 0.000000 
8.280466 48.489426 4.136009 -16.808716 17.644871 0.000000 0.000000 
7.589962 49.029312 5.199813 -9.093666 19.957962 0.000000 0.000000 
7.697848 49.067451 5.061175 -13.574272 17.142237 0.000000 0.000000 
7.571225 49.421070 5.239253 -14.006561 16.448130 0.000000 0.000000 
7.685969 49.502514 14.677162 -14.044861 16.936153 0.000000 0.000000 
8.420851 49.432156 5.747801 -14.962625 13.972575 0.000000 0.000000 
8.885906 49.676762 5.860313 -14.715401 15.110669 0.000000 0.000000 
8.919915 50.092731 -4.910550 -14.831238 16.196310 0.000000 0.000000 
9.854926 49.910728 14.022241 -16.935127 14.801534 0.000000 0.000000 
9.552765 49.987225 -4.033691 -17.719498 15.361110 0.000000 0.000000 
10.026572 50.094856 11.393633 -19.256729 11.829024 0.000000 0.000000 
7.365408 50.812115 6.769319 -20.400734 12.874690 0.000000 0.000000 
7.110928 50.863323 6.051338 -13.555679 16.058752 0.000000 0.000000 
6.967115 51.096085 6.282886 -9.749260 16.641926 0.000000 0.000000 
7.583356 51.182507 5.216036 -12.116150 14.860158 0.000000 0.000000 
7.767666 51.200047 -7.392140 -5.027466 21.254765 0.000000 0.000000 
7.776968 51.253628 -7.453784 -9.656845 18.373243 0.000000 0.000000 
12.641486 50.527317 1.786696 -16.904724 12.986169 0.000000 0.000000 
13.280197 50.388931 3.341975 -16.239868 14.287324 0.000000 0.000000 
12.172460 51.253716 3.638093 -17.321129 13.027987 0.000000 0.000000 
18.062948 49.659283 0.330605 -14.812782 14.475078 0.000000 0.000000 
13.008501 51.376022 4.017760 -12.109993 17.183100 0.000000 0.000000 
13.044685 51.372936 3.771460 -11.126572 16.398243 0.000000 0.000000 
12.655445 51.523628 3.715597 -8.085052 19.323975 0.000000 0.000000 
6.711629 52.904961 5.395610 -9.043877 17.273422 0.000000 0.000000 
7.097215 52.847466 1.286093 -7.497246 17.964882 1.000000 1.000000 
6.799121 52.965126 5.837546 -9.830849 18.547218 0.000000 0.000000 
12.193823 52.022888 3.579850 -10.046425 18.311071 0.000000 0.000000 
38.569290 35.234268 7.000926 3.505034 16.751352 0.000000 1.000000 
6.774767 53.423878 5.381874 -9.726135 18.765728 0.000000 0.000000 
7.327311 53.404903 5.238554 -2.175362 22.756540 0.000000 0.000000 
8.041908 53.331532 5.151205 -9.866760 21.286495 0.000000 0.000000 
7.936533 53.368713 6.111621 -12.349098 16.785059 0.000000 0.000000 
8.273734 53.626553 5.513157 -18.583389 10.599589 1.000000 1.000000 
6.925559 53.943874 -6.883094 -0.490318 27.952766 0.000000 0.000000 
7.298444 54.016827 5.416643 -5.781822 20.544289 0.000000 0.000000 
7.361675 54.133205 5.132280 -1.563683 24.935970 0.000000 0.000000 
7.351849 54.181561 4.452708 -2.615707 21.872728 0.000000 0.000000 
8.221623 54.062096 -6.970326 -8.968765 17.966394 0.000000 0.000000 
7.402400 54.305801 4.239686 -9.306885 19.782814 0.000000 0.000000 
7.571845 54.703381 4.380597 -7.473495 19.041216 0.000000 0.000000 
8.920234 54.603271 3.663151 -10.420929 17.151512 0.000000 0.000000 
7.104846 55.027439 4.731558 -4.978935 22.003777 0.000000 0.000000 
6.804173 55.265667 3.653304 -4.687416 23.518408 0.000000 0.000000 
7.438148 55.251801 -7.626964 -9.273491 16.462416 0.000000 0.000000 
7.489596 55.596508 -7.107589 -7.614265 17.898079 0.000000 0.000000 
7.436043 55.618172 -6.781710 -7.026253 18.560867 0.000000 0.000000 
6.923675 55.709396 -7.646703 -6.851616 18.497112 0.000000 0.000000 
6.657209 55.828297 5.349640 -3.890015 20.943638 0.000000 0.000000 
43.789593 32.755718 1.688548 9.177910 13.892642 1.000000 1.000000 
6.316869 56.202927 5.501148 -11.723450 16.837221 0.000000 0.000000 
44.093513 33.507080 2.037086 17.930908 22.000704 0.000000 0.000000 
44.469460 32.956593 1.811640 20.057205 25.209799 0.000000 0.000000 
44.277390 33.269218 2.096689 21.272064 24.466839 0.000000 0.000000 
44.882217 32.368568 2.179340 16.785522 22.715954 0.000000 0.000000 
43.252750 34.834454 1.299361 5.535126 15.972360 0.000000 0.000000 
45.086731 32.612991 1.955982 6.420166 14.467589 0.000000 0.000000 
7.307674 56.960083 5.759412 -12.263556 17.746700 0.000000 0.000000 
44.187199 34.530067 0.864164 9.723427 17.962915 0.000000 0.000000 
6.653023 57.320385 7.900397 -9.135773 17.396416 0.000000 0.000000 
5.925284 57.657219 9.537905 -10.260735 15.906793 1.000000 1.000000 
7.825534 57.632000 5.754355 -16.805534 10.849078 1.000000 1.000000 
6.736429 57.876938 4.230041 -10.971909 19.669804 0.000000 0.000000 
48.823895 27.961563 13.650719 14.366020 21.477028 0.000000 1.000000 
6.692548 58.045334 5.127219 -10.697708 18.825348 0.000000 0.000000 
5.946088 58.144600 10.119400 -18.484642 9.003161 1.000000 1.000000 
6.985962 58.277447 -7.133116 -10.900681 16.359980 0.000000 0.000000 
6.117496 58.791862 10.336537 -13.035210 14.623874 0.000000 0.000000 
5.995883 58.832314 9.790900 -8.882095 18.780966 0.000000 0.000000 
7.461624 58.681877 6.880852 -10.995070 16.891842 0.000000 0.000000 
6.214335 58.873550 9.846794 -5.944183 19.257730 0.000000 0.000000 
7.305701 58.855213 2.702271 -12.797729 15.388494 0.000000 0.000000 
6.261200 59.055801 5.915905 -13.227730 13.586020 0.000000 0.000000 
6.071868 59.083836 5.923331 -14.462677 14.643703 0.000000 0.000000 
6.959810 59.181282 5.070708 -10.213020 14.449967 0.000000 0.000000 
7.382954 59.436176 6.257092 -18.726593 8.933108 0.000000 0.000000 
7.721215 59.501190 5.889679 -12.749245 15.544641 0.000000 0.000000 
7.439908 59.577679 10.770890 -12.426216 13.534423 0.000000 0.000000 
7.498203 59.608681 6.748537 -14.043915 13.144494 0.000000 0.000000 
7.048933 59.896378 6.011207 -18.586418 6.967220 1.000000 1.000000 
7.537906 59.861820 6.942142 -14.168671 14.495568 0.000000 0.000000 
7.438096 59.976028 7.098303 -10.899155 15.934278 0.000000 0.000000 
6.458027 60.504707 6.741167 -8.298790 16.306698 0.000000 0.000000 
7.285713 60.418056 6.021133 -8.998497 14.321448 0.000000 0.000000 
7.139312 60.448879 4.388494 -3.930969 19.357559 0.000000 0.000000 
6.956657 60.489677 -6.895118 -4.911774 17.836903 0.000000 0.000000 
8.244791 60.722820 12.140895 -15.376251 12.897685 0.000000 0.000000 
6.236769 61.017853 7.238243 -15.276558 13.158885 0.000000 0.000000 
7.324997 60.960484 7.582705 -18.313049 9.664954 0.000000 0.000000 
7.219517 61.107201 7.546589 -11.994452 12.424718 0.000000 0.000000 
-7.579057 61.150513 -1.156011 0.091354 23.751335 0.000000 0.000000 
-7.601334 61.160488 -1.217873 -0.325417 23.363974 0.000000 0.000000 
-7.617753 61.257763 -1.262902 1.988571 26.639395 0.000000 0.000000 
-7.650156 61.256165 -1.327911 -5.690170 19.757751 0.000000 0.000000 
6.494225 61.724789 7.271026 -18.509720 7.510307 1.000000 1.000000 
-7.901926 61.780579 -1.505260 -13.514969 13.099414 0.000000 0.000000 
-8.160275 61.848042 -1.088375 -14.394699 13.990426 0.000000 0.000000 
-8.462325 62.001724 -1.602432 -14.982910 12.409139 0.000000 0.000000 
-8.064991 62.068176 -0.949718 -17.203072 12.582910 0.000000 0.000000 
9.415195 61.906670 15.652132 -20.496216 9.079032 0.000000 0.000000 
-7.768252 62.368774 -1.205590 -12.587761 13.060502 1.000000 1.000000 
14.814278 62.500450 3.263571 -16.620117 10.964477 0.000000 0.000000 
15.671978 62.300270 -3.319617 -15.932533 10.175929 0.000000 0.000000 
6.910834 64.331474 -2.172709 -21.490692 8.759273 0.000000 0.000000 
7.628308 64.251961 -0.693821 -11.409096 13.750159 0.000000 0.000000 
7.894839 64.272781 -0.603915 -12.594681 12.458711 0.000000 0.000000 
7.982857 64.287834 -0.121561 -22.106125 8.220428 0.000000 0.000000 
56.418797 28.573397 1.044611 7.871605 13.575942 0.000000 1.000000 
21.234200 61.871552 -4.344565 -10.552773 14.991475 0.000000 0.000000 
26.512650 59.807560 -4.852654 -10.069473 10.999011 1.000000 1.000000 
26.779625 60.241283 -5.208872 1.719566 20.415520 0.000000 0.000000 
8.139738 65.927025 -1.032546 -15.952797 9.700252 1.000000 1.000000 
26.655016 60.510521 -6.527198 -6.742058 13.355910 0.000000 0.000000 
26.855200 60.448330 -5.046714 -1.804161 18.534950 0.000000 0.000000 
-17.773199 63.970882 0.319625 -21.304749 6.625011 0.000000 0.000000 
8.280840 66.856476 -1.222641 -10.632385 14.851008 0.000000 0.000000 
8.304324 67.176941 -1.731781 -12.481316 13.025107 0.000000 0.000000 
61.816216 20.085238 8.827255 10.386421 9.777057 0.000000 1.000000 
-12.845555 66.615448 0.733517 -16.746765 8.573977 1.000000 1.000000 
8.078845 67.624496 -1.693152 -18.842087 7.638908 1.000000 1.000000 
-10.713372 67.346626 2.508670 -20.430077 10.450698 0.000000 0.000000 
-13.097415 67.220078 -0.513304 -14.491188 10.228518 0.000000 0.000000 
-13.267558 67.187828 -0.347163 -10.597046 13.531602 0.000000 0.000000 
-12.683294 67.318436 3.064508 -10.113838 14.138551 0.000000 0.000000 
-12.794362 67.369453 2.107705 -10.838379 14.166657 0.000000 0.000000 
-58.634281 32.243286 -1.275661 5.558867 8.000121 0.000000 1.000000 
44.265717 52.186356 2.631792 0.472595 12.430301 0.000000 0.000000 
43.546318 53.057949 2.669744 -0.428787 13.382159 0.000000 0.000000 
43.514397 53.577843 1.698624 -2.464790 8.238406 0.000000 0.000000 
45.268684 52.044598 2.842171 8.388924 16.570324 0.000000 0.000000 
45.123760 52.200600 3.347796 3.711281 12.678361 0.000000 0.000000 
45.380569 52.139599 3.727034 6.967789 15.312373 0.000000 0.000000 
8.338145 69.669342 1.489333 0.195801 21.244183 0.000000 0.000000 
8.357066 69.863304 1.452273 -13.488403 12.690343 0.000000 0.000000 
8.388916 69.872940 1.637462 2.340553 23.978046 0.000000 0.000000 
8.459962 69.917709 1.979706 -10.295700 13.589396 0.000000 0.000000 
8.274469 70.186012 2.599097 -11.021393 12.726485 0.000000 0.000000 
8.721845 70.249428 5.522925 -8.557838 15.410205 0.000000 0.000000 
8.909094 70.410851 -0.796122 -7.742126 19.052221 0.000000 0.000000 
9.272313 70.614601 -0.283970 -8.154404 18.577988 0.000000 0.000000 
46.998032 52.190323 -4.386066 9.065651 20.340561 0.000000 0.000000 
8.472796 70.942772 1.688921 -4.662369 16.338842 1.000000 1.000000 
47.257481 52.417805 -5.029979 7.109764 18.570562 0.000000 0.000000 
-36.088039 62.173504 3.503607 1.197533 17.957260 0.000000 0.000000 
-36.366413 62.113258 3.878369 2.593857 20.519997 0.000000 0.000000 
9.186241 72.054031 2.812620 -14.897247 9.666652 1.000000 1.000000 
7.815693 72.632401 2.987607 -17.988831 8.765346 0.000000 0.000000 
8.650500 72.662369 2.648730 -9.098541 14.622523 0.000000 0.000000 
9.375266 72.616440 3.601089 -5.550835 17.530363 0.000000 0.000000 
9.417958 72.765984 3.056270 -8.902237 16.213764 0.000000 0.000000 
9.241874 72.813705 4.023111 -6.791908 17.227131 0.000000 0.000000 
-29.317245 67.186844 2.415918 -7.796432 12.968055 0.000000 0.000000 
-29.093275 67.289848 2.308451 -8.434616 12.859359 0.000000 0.000000 
-30.245872 66.999390 3.024656 0.874237 20.255714 0.000000 0.000000 
-23.347242 69.913086 4.769705 -6.672310 15.061782 0.000000 0.000000 
-29.653151 67.354828 2.584822 -5.914520 14.904918 0.000000 0.000000 
-29.404541 67.512146 3.512124 -0.124626 19.322828 0.000000 0.000000 
-30.875765 67.178513 3.861957 0.092018 19.545958 0.000000 0.000000 
-29.820837 67.951996 3.315814 -11.053473 9.643619 1.000000 1.000000 
-29.333424 68.363579 6.175439 1.976448 21.661465 0.000000 0.000000 
-28.630882 68.682449 2.955817 2.439522 22.773006 0.000000 0.000000 
-29.884924 68.146996 6.254700 3.973465 22.604240 0.000000 0.000000 
-29.662621 68.258530 5.690573 -0.375732 19.581135 0.000000 0.000000 
-30.155666 68.347145 5.604640 -10.049370 12.879863 0.000000 0.000000 
-29.901472 68.502068 -7.199747 -7.445480 15.590245 0.000000 0.000000 
-29.160229 68.916039 -8.335331 2.288383 20.370104 0.000000 0.000000 
-30.616817 68.295441 -7.131664 -4.366356 15.814145 0.000000 0.000000 
-28.414181 69.458755 -6.385527 0.068878 19.867632 0.000000 0.000000 
-30.226421 68.793892 5.443639 -5.608742 14.269845 1.000000 1.000000 
-23.242613 71.631950 5.394579 -1.567657 20.674370 0.000000 0.000000 
-32.248409 67.983521 4.021513 -0.389793 18.829887 0.000000 0.000000 
-10.613501 75.379906 5.127964 -3.388802 18.984631 0.000000 0.000000 
-23.427687 72.489861 7.020273 -4.599838 18.219990 0.000000 0.000000 
-23.332516 72.594788 5.868546 -0.415146 19.870106 0.000000 0.000000 
-23.147558 72.687408 7.112574 -1.349846 20.268593 0.000000 0.000000 
-8.945144 76.114929 8.125994 -9.747536 13.893262 0.000000 0.000000 
-9.211104 76.081535 7.982728 -9.797401 13.814536 0.000000 0.000000 
9.686565 76.250015 3.383188 -13.598038 15.056901 0.000000 1.000000 
10.231156 76.255287 2.943065 -10.892380 14.558492 0.000000 0.000000 
-9.089962 76.647346 7.415011 -9.461136 13.308793 1.000000 1.000000 
-22.451511 73.727737 10.097420 -3.898575 13.840791 1.000000 1.000000 
-22.696461 74.645966 10.097004 -7.932991 11.867785 0.000000 0.000000 
-22.692739 74.693214 10.687194 1.446396 20.778889 0.000000 0.000000 
-22.868984 74.940102 10.565523 1.178688 19.234169 0.000000 0.000000 
-22.435440 75.111549 11.387197 -3.787689 15.656165 0.000000 0.000000 
55.584217 54.085476 2.108933 1.780365 6.713985 1.000000 1.000000 
-22.767624 75.406204 10.857622 -2.736679 16.891220 1.000000 1.000000 
55.980522 54.531807 1.742177 12.585854 15.449977 0.000000 0.000000 
56.456306 54.087704 2.657909 6.248711 10.195926 0.000000 0.000000 
56.036964 54.620560 1.807804 10.499931 15.304736 0.000000 0.000000 
40.738880 68.101913 3.405503 -10.310730 9.221038 0.000000 1.000000 
58.752998 52.537052 -5.347791 14.914978 17.595242 0.000000 0.000000 
58.783031 52.624702 3.726895 8.520622 15.127810 0.000000 0.000000 
59.041935 52.481895 3.729672 15.797165 20.650080 0.000000 0.000000 
-35.371349 72.156364 5.969238 -9.448448 11.894313 0.000000 0.000000 
17.547962 78.849411 -1.703263 -14.241997 11.618690 0.000000 1.000000 
-35.821213 72.042709 4.836174 -3.021675 15.353124 0.000000 0.000000 
28.443281 75.796188 0.636764 -11.370186 9.046042 0.000000 0.000000 
59.632500 53.502018 1.251662 3.299675 9.167911 0.000000 0.000000 
59.268101 54.102898 10.094587 5.772995 9.951377 0.000000 0.000000 
-35.319454 73.141907 8.073771 -2.122955 13.616544 0.000000 0.000000 
-33.641670 73.999855 9.508196 -6.461243 15.724311 0.000000 0.000000 
-35.021542 73.352219 8.257668 0.590431 17.455275 0.000000 0.000000 
-32.785664 74.669258 8.277987 -5.219795 11.368293 0.000000 0.000000 
-34.416664 74.082565 9.507966 -4.260925 12.864444 0.000000 0.000000 
-36.779884 73.369881 5.269753 -6.133400 14.406827 0.000000 0.000000 
-35.219028 74.194481 10.019503 -3.356651 14.947776 0.000000 0.000000 
-31.051497 76.135498 8.743727 -3.843834 15.468787 0.000000 0.000000 
-35.474304 74.474892 10.437351 -4.743240 13.246936 0.000000 0.000000 
-34.304451 75.107582 11.127862 -2.652885 15.481372 0.000000 0.000000 
-30.437315 76.889915 10.832624 -3.646416 14.611112 0.000000 0.000000 
-30.508932 77.097618 10.136820 0.400993 18.287590 0.000000 0.000000 
-31.962969 76.511238 7.988770 0.532181 18.283985 0.000000 0.000000 
-31.567659 76.805412 8.417705 0.431602 16.846024 0.000000 0.000000 
-36.975864 74.249313 5.811531 -0.659386 16.425955 0.000000 0.000000 
-38.178478 74.074585 1.239161 -2.484573 17.080032 0.000000 0.000000 
-38.690102 73.819832 5.022332 -2.496010 16.277840 0.000000 0.000000 
-39.177662 73.749123 4.742429 0.907402 18.294540 0.000000 0.000000 
-27.609846 79.286827 7.632947 -5.259560 15.441628 1.000000 1.000000 
-28.432222 79.381775 9.140194 -7.760521 11.333575 0.000000 0.000000 
-39.165703 74.533936 5.470770 -1.989174 18.961266 0.000000 0.000000 
-40.016479 74.077492 4.657056 -2.557877 15.750134 0.000000 0.000000 
-27.338928 80.137329 9.434273 -3.326149 14.380712 0.000000 0.000000 
-26.951908 80.385345 -6.059252 -7.077194 13.954692 0.000000 0.000000 
-27.958603 80.130135 8.772134 -2.824600 17.560844 0.000000 0.000000 
-28.216406 80.073250 7.646026 0.499931 20.101120 0.000000 0.000000 
-28.111752 80.448433 7.222096 -1.824158 19.606674 0.000000 0.000000 
-29.664516 79.867180 9.899529 -7.310936 14.860253 0.000000 0.000000 
43.933140 72.767151 2.133707 1.284462 17.952101 0.000000 0.000000 
-28.570669 80.716858 7.400080 -5.697388 14.618117 1.000000 1.000000 
-30.727968 80.374161 9.060675 -3.034805 15.604800 0.000000 0.000000 
-30.214699 80.632904 9.588525 -3.195847 14.245677 0.000000 0.000000 
-30.134523 80.699303 9.614679 -7.899055 14.472819 0.000000 0.000000 
44.278229 73.795441 3.611724 -4.925392 10.692554 0.000000 0.000000 
-30.362209 80.865997 12.655371 -9.584511 10.539775 0.000000 0.000000 
-30.839457 80.873711 10.041195 -1.408104 16.626419 0.000000 0.000000 
-30.811411 81.229065 9.386084 0.072205 18.525801 0.000000 0.000000 
52.163914 69.257545 3.874342 7.414604 17.498066 0.000000 0.000000 
52.156647 69.403069 4.277419 9.264938 17.847187 0.000000 0.000000 
-50.189121 71.194183 -2.611938 2.029305 15.980536 0.000000 0.000000 
40.004223 79.470398 2.395634 1.674629 17.198208 0.000000 0.000000 
40.264942 79.369843 2.176694 -0.297516 15.257052 0.000000 0.000000 
-47.684750 75.412407 2.990411 -6.655701 10.737109 0.000000 0.000000 
21.457010 87.465363 -5.857063 -10.902054 9.978305 0.000000 0.000000 
-47.545780 75.901123 7.293840 -2.423996 12.399264 0.000000 0.000000 
21.610561 87.451950 -5.374994 -9.502594 11.896708 0.000000 0.000000 
11.953327 89.889832 3.412371 -8.070854 12.099395 0.000000 0.000000 
11.399006 90.004028 2.582525 -6.068504 15.817050 0.000000 0.000000 
11.511262 90.116341 3.052924 -11.567078 12.281213 0.000000 0.000000 
-50.568237 75.010941 8.847286 -3.814369 10.323737 0.000000 0.000000 
11.534620 90.710426 2.721345 -12.845818 11.228072 1.000000 1.000000 
-34.132496 84.743500 12.894287 -6.630608 11.194381 0.000000 1.000000 
32.227932 86.381569 1.440762 -5.536720 12.318263 0.000000 0.000000 
-22.229160 90.014168 5.944950 -15.414925 8.436774 0.000000 0.000000 
-21.202930 90.313515 5.894569 -12.213020 11.159369 0.000000 0.000000 
-22.509855 90.383415 6.930918 -7.741959 11.393367 0.000000 0.000000 
-22.801153 90.334290 5.925809 -13.017731 9.054889 0.000000 0.000000 
-23.717131 90.098289 5.575909 -13.466553 9.314342 0.000000 0.000000 
-22.975452 90.754341 7.193275 -7.606644 12.167817 0.000000 0.000000 
-48.497372 79.781006 13.238397 -2.695549 11.539248 0.000000 1.000000 
-21.214214 91.522148 6.472711 -9.096535 10.680453 0.000000 0.000000 
-46.837097 81.069374 12.781206 -5.221893 10.454883 0.000000 1.000000 
-21.129610 91.670586 5.805994 -11.033058 10.956389 0.000000 0.000000 
-55.985039 76.309143 13.184239 -7.580116 6.674808 0.000000 1.000000 
30.553379 91.129539 2.716612 -12.405846 5.908760 0.000000 1.000000 
-15.163157 96.501442 3.260805 -10.066849 7.864685 1.000000 1.000000 
-14.217954 96.798981 4.197524 -9.293976 9.753711 0.000000 0.000000 
-14.278480 96.969177 4.412920 -7.001663 11.376048 0.000000 0.000000 
-13.868602 97.049881 3.722717 -10.820099 9.290324 0.000000 0.000000 
-14.613760 97.305527 3.395832 -5.810783 12.131427 0.000000 0.000000 
-15.680450 97.164856 3.509679 -2.952133 15.010734 0.000000 0.000000 
-14.981909 97.295219 3.778522 -3.210869 14.425342 0.000000 0.000000 
-15.429906 97.224388 3.518080 2.059340 19.118126 0.000000 0.000000 
-15.396643 97.355019 3.582863 3.579704 19.554857 0.000000 0.000000 
-22.340534 96.272644 10.608188 -9.043968 8.992816 0.000000 0.000000 
-30.333576 94.759254 8.129013 -12.414435 5.524814 0.000000 0.000000 
-21.596788 97.322594 -3.325971 -11.238388 8.574687 0.000000 0.000000 
-29.100147 97.084671 9.728991 -11.488647 8.572223 0.000000 0.000000 
-34.545406 95.467903 11.892720 -6.690117 8.953494 0.000000 0.000000 
-32.398945 96.427650 14.526053 -9.385124 7.384819 0.000000 0.000000 
-30.160479 97.341988 8.818365 -11.727020 6.692539 0.000000 0.000000 
-33.284843 96.587135 12.733564 -8.251488 8.731795 0.000000 0.000000 
-31.887123 97.086266 12.981848 -2.463699 12.093795 0.000000 0.000000 
-31.756636 97.232101 12.217383 -6.118866 11.584872 0.000000 0.000000 
-31.008701 98.288826 10.345633 -7.621201 9.741481 0.000000 0.000000 
-31.328554 98.196053 10.565604 -2.224411 11.939704 0.000000 0.000000 
-31.696939 98.092232 9.815809 -7.812630 9.127624 0.000000 0.000000 
-31.836992 98.216591 11.034117 -5.969849 10.111285 0.000000 0.000000 
-32.006077 98.165001 11.023671 -8.406212 8.525416 0.000000 0.000000 
-31.697222 98.442169 11.010169 -9.362450 7.704319 0.000000 0.000000 
-31.823400 98.466179 12.013497 -5.365295 10.671000 0.000000 0.000000 
-32.145840 99.264877 11.691880 -5.681183 9.577277 0.000000 0.000000 
-31.041597 99.755653 11.388625 -6.731232 9.092174 0.000000 0.000000 
-31.690933 99.673119 10.250113 -10.431824 7.053707 0.000000 0.000000 
-31.186062 100.068062 13.821703 -7.835800 8.385653 0.000000 0.000000 
-32.622509 100.022118 12.448710 -9.282036 8.984244 0.000000 0.000000 
-30.489904 100.776718 11.216269 -7.689766 9.149493 0.000000 0.000000 
33.904636 100.495415 1.254473 -9.256020 6.790191 0.000000 0.000000 
50.756939 98.238052 7.174966 -3.209999 10.106418 0.000000 0.000000 
51.194508 98.065514 4.605294 -7.112625 8.648582 0.000000 0.000000 
51.074791 98.521370 6.464822 -3.320969 8.486350 0.000000 0.000000 
49.358139 99.473640 4.017528 -6.242989 8.229232 0.000000 0.000000 
49.013660 99.989120 4.855194 -5.879005 7.589324 0.000000 0.000000 
47.240356 101.501045 4.328436 -7.658409 8.255343 0.000000 0.000000 
46.106483 102.217987 -3.043843 -5.840927 7.803962 0.000000 0.000000 
45.972157 102.315872 4.567182 -4.773445 8.375930 0.000000 0.000000 
55.730618 97.448616 2.938227 -5.703880 8.878627 0.000000 0.000000 
55.755444 97.529755 1.102138 -1.852417 8.791495 0.000000 0.000000 
55.215153 97.852432 1.998098 -3.594566 8.832782 0.000000 0.000000 
-32.269081 108.748367 -3.693005 -11.698776 7.418628 0.000000 0.000000 
48.846790 102.619011 2.508961 -9.865250 6.014106 0.000000 1.000000 
37.058678 108.459618 2.992425 -2.287560 10.081138 0.000000 0.000000 
37.362553 108.425575 4.565182 -6.317215 8.140178 0.000000 0.000000 
37.335140 108.465744 2.205547 -9.509163 5.244655 0.000000 0.000000 
35.361404 109.607552 0.302384 -8.547081 5.179077 0.000000 0.000000 
35.140427 109.902847 1.989055 -4.170059 7.813247 0.000000 0.000000 
34.146847 110.464714 1.152865 -11.234039 4.917945 0.000000 0.000000 
34.140797 110.490540 1.282836 -11.265091 4.768531 0.000000 1.000000 
42.331741 110.781746 1.205516 -4.424782 6.364196 1.000000 1.000000 
44.259090 110.710587 2.409629 -6.929558 6.816181 0.000000 0.000000 
44.225983 110.895790 -0.169416 -10.547821 5.822464 0.000000 0.000000 
43.218155 111.431458 2.435570 -4.975861 6.813686 0.000000 0.000000 
-22.354147 117.923187 6.006732 -6.549469 10.718917 0.000000 0.000000 
-21.990334 118.118820 8.762814 -1.193962 11.942531 0.000000 0.000000 
-23.031265 117.996399 9.516106 2.237541 14.746875 0.000000 0.000000 
-23.124004 118.212479 9.535098 2.939445 16.114887 0.000000 0.000000 
40.602375 113.603210 2.531065 -9.401566 6.058502 0.000000 0.000000 
40.427452 113.772491 2.795503 -7.728859 6.781055 0.000000 0.000000 
38.132462 114.610367 0.320465 -10.837195 4.439731 0.000000 0.000000 
-23.390863 119.213737 9.733560 -1.771164 10.511016 1.000000 1.000000 
-31.445793 117.433838 8.302418 -8.948189 6.342971 0.000000 0.000000 
-32.121410 117.378273 10.114367 -12.420242 5.597167 0.000000 0.000000 
-31.817871 117.600945 12.398496 -10.254440 5.637500 0.000000 0.000000 
-22.102694 120.160240 2.798391 -10.672133 7.598201 0.000000 0.000000 
-31.423832 118.017036 11.570701 -12.977509 6.667594 0.000000 0.000000 
-22.774590 120.468376 5.279920 -10.452194 8.289134 0.000000 0.000000 
-7.449546 123.351013 -5.510729 -11.201431 7.457363 0.000000 1.000000 
-32.008690 119.633461 12.962825 -7.731178 6.325450 0.000000 0.000000 
-32.850052 119.859550 8.264887 -9.708527 7.040855 0.000000 0.000000 
-30.305777 120.992317 11.860887 -11.577988 6.695835 0.000000 0.000000 
-32.742859 120.806198 11.484243 -11.160316 7.915027 0.000000 0.000000 
-6.082870 125.344131 -2.161073 -12.487778 6.716472 0.000000 0.000000 
-34.103092 120.727493 17.150820 -7.671867 6.174110 0.000000 0.000000 
-34.306179 120.817696 12.769343 -6.654015 8.420302 0.000000 0.000000 
-33.640503 121.807076 14.144904 -7.329262 5.854785 0.000000 0.000000 
38.191246 120.513161 3.331758 -12.367888 5.078475 0.000000 0.000000 
36.671329 121.432480 1.388403 -5.809425 6.813377 0.000000 0.000000 
-33.504364 122.527649 10.944694 -6.563210 8.139636 0.000000 0.000000 
-33.565048 122.911987 12.328124 -9.722404 5.677120 0.000000 0.000000 
-32.103718 123.511833 12.916825 -5.226341 7.844291 0.000000 0.000000 
-33.479805 123.328537 16.027641 -3.234688 7.463005 0.000000 0.000000 
-7.445359 127.879135 -5.421864 -8.341316 8.392314 1.000000 1.000000 
-33.867229 123.891586 12.368536 0.838409 10.756671 0.000000 0.000000 
-34.877708 123.706177 13.867986 -3.863823 7.505260 0.000000 0.000000 
-20.846718 127.096870 3.077914 -10.383919 4.806571 1.000000 1.000000 
-7.251782 128.967102 -4.675980 -5.580399 10.095790 0.000000 1.000000 
-22.040251 127.391571 2.726881 -3.362076 11.387733 0.000000 0.000000 
-22.946680 127.347908 0.915681 -4.900581 9.399661 0.000000 0.000000 
-22.496880 127.548393 4.455557 -6.302628 9.933597 0.000000 0.000000 
-21.868111 128.110657 -10.099261 -5.082397 7.592868 0.000000 0.000000 
-22.087027 128.231644 5.152857 -6.651794 7.876266 0.000000 0.000000 
-21.692688 128.332703 -8.212804 -0.297737 11.788852 0.000000 0.000000 
-21.643629 128.369751 3.178313 -1.089722 10.152255 0.000000 0.000000 
-21.396664 128.591934 -3.196770 8.542252 19.490726 1.000000 1.000000 
-21.640078 128.597992 1.970909 -2.676094 10.009383 0.000000 0.000000 
-22.702324 128.874374 2.142092 -12.412666 3.093654 0.000000 0.000000 
-21.479073 129.554245 -3.529116 11.490944 22.757198 0.000000 0.000000 
-21.799383 129.831024 -2.771965 14.437637 24.081364 0.000000 0.000000 
-22.161470 129.773117 -0.432522 7.237854 17.559610 0.000000 0.000000 
-22.115601 130.710114 4.147892 -5.302620 8.239337 0.000000 0.000000 
-21.874069 130.866730 -1.400724 13.327797 23.598822 1.000000 1.000000 
-21.659899 131.451569 -0.167422 -10.009735 2.601886 1.000000 1.000000 
-21.939810 131.438385 -1.482535 16.648865 25.335405 0.000000 0.000000 
-21.967083 131.434021 -1.276882 20.622063 28.960762 0.000000 0.000000 
-21.917473 131.592896 -1.456754 18.857231 27.899498 0.000000 0.000000 
-20.857574 132.239075 4.711031 6.033478 19.598988 0.000000 0.000000 
-20.892946 132.251373 2.899043 8.199965 20.695608 0.000000 0.000000 
-21.343344 132.310455 3.796678 8.652962 20.705063 0.000000 0.000000 
-19.762146 132.628174 4.307062 7.629669 20.606939 0.000000 0.000000 
-20.141384 132.719574 4.444719 0.513344 16.358896 0.000000 0.000000 
-20.351509 133.202362 -8.768011 3.149550 14.499757 0.000000 0.000000 
-20.116650 133.298340 2.719725 4.704323 14.971807 0.000000 0.000000 
-21.712196 133.560089 4.335574 -5.293365 8.375155 0.000000 0.000000 
-19.637571 133.957245 -9.362221 1.736267 15.736295 1.000000 1.000000 
-22.102209 133.735565 4.624981 -2.493446 11.980876 0.000000 0.000000 
-8.100245 135.387482 -6.095642 -4.364746 10.727050 0.000000 0.000000 
-8.074303 135.405060 -5.858031 -4.736252 11.690124 0.000000 0.000000 
41.879646 129.233856 2.622672 -4.888977 7.498447 0.000000 1.000000 
-22.206827 134.168182 -0.386814 -10.317986 3.776588 1.000000 1.000000 
-22.726437 134.422974 2.380209 3.182724 17.413567 0.000000 0.000000 
6.847331 136.321106 -5.946734 2.342743 17.382238 0.000000 1.000000 
-21.901939 135.037476 4.173579 -3.417152 9.156238 0.000000 0.000000 
-21.897465 135.323303 -0.799611 -10.301521 3.859924 1.000000 1.000000 
-22.551577 135.896606 -1.873677 -0.250084 11.957191 0.000000 0.000000 
40.213078 131.717133 3.159950 -0.953041 10.299323 0.000000 0.000000 
40.442928 131.671310 3.585538 -3.428741 8.310706 0.000000 0.000000 
-22.154505 136.839996 -1.837609 -5.231041 6.711074 0.000000 0.000000 
-22.999104 136.736053 -2.358355 -2.517906 9.207107 0.000000 0.000000 
-22.927372 136.767273 -1.931015 -0.810196 10.004897 0.000000 0.000000 
-22.803953 137.128113 -2.919638 -7.744133 6.964141 0.000000 0.000000 
-22.953907 137.188049 0.732554 -7.931915 5.589797 0.000000 0.000000 
-22.703094 137.384003 -1.149351 -7.589844 5.753589 0.000000 0.000000 
-22.636673 137.558350 -1.646620 -1.717064 9.801448 0.000000 0.000000 
-23.222691 138.854187 -10.054371 -8.481255 4.778354 0.000000 0.000000 
-22.872177 139.386597 -1.451386 -3.517662 10.501613 0.000000 0.000000 
-22.933769 139.408447 -3.249813 -4.858131 7.432647 0.000000 0.000000 
-22.432196 139.500519 -3.260902 -5.424370 7.792686 0.000000 0.000000 
-23.689175 139.655579 4.148974 -0.881912 9.702594 0.000000 0.000000 
-23.265923 139.792053 5.975729 2.287148 11.615848 0.000000 0.000000 
-20.038246 140.377014 0.332938 -8.569572 7.010787 0.000000 0.000000 
-23.545586 139.952423 -3.729892 -4.380096 6.603137 0.000000 0.000000 
-23.311007 140.139923 -0.624748 -2.414116 8.865348 0.000000 0.000000 
-23.263910 140.263947 3.551794 -6.108490 6.669460 0.000000 0.000000 
-23.594217 140.219147 2.954669 -9.285797 5.111721 0.000000 0.000000 
-23.200861 140.625916 3.147606 -3.929291 8.579341 0.000000 0.000000 
-23.169535 140.664062 -9.765266 -2.589737 9.398631 0.000000 0.000000 
-23.252697 140.716400 -9.113929 -4.769417 7.094432 0.000000 0.000000 
-23.037828 141.107513 -1.073527 -9.914886 2.876594 1.000000 1.000000 
-24.266720 141.751251 3.838724 -11.342056 4.309513 0.000000 0.000000 
-23.465719 141.927002 -8.923676 -8.180191 5.170387 1.000000 1.000000 
-23.793055 145.008636 -4.208213 -10.930916 2.598712 0.000000 0.000000 
-24.660667 145.056244 5.114798 -4.384850 7.096267 0.000000 0.000000 
-23.736145 145.343719 -9.534027 -2.416374 10.250819 0.000000 0.000000 
-23.382223 145.451813 7.924040 -7.254021 5.190856 0.000000 0.000000 
-23.649086 145.429626 6.657629 -5.045830 5.976532 0.000000 0.000000 
8.317510 147.755524 -5.041737 -9.964622 7.260234 0.000000 1.000000 
8.373160 147.938019 -6.169552 -8.628853 7.008583 0.000000 1.000000 
-29.571270 145.569275 -3.374771 -6.873215 5.438270 0.000000 0.000000 
-27.117523 146.074615 2.289016 -9.352150 4.036823 0.000000 0.000000 
-28.818754 145.821930 -6.241266 -6.697708 5.839328 0.000000 0.000000 
-24.344576 146.687439 1.825874 -3.016968 7.377780 0.000000 0.000000 
-23.490421 147.081757 2.888175 -5.420120 5.978500 0.000000 0.000000 
-23.867460 147.418762 -1.620786 -0.545891 8.507762 0.000000 0.000000 
-23.258566 147.629791 -2.397173 -0.077339 16.057617 0.000000 0.000000 
-25.159033 147.338806 -0.828188 3.033859 15.345738 0.000000 0.000000 
-25.233759 148.052002 -0.169940 -0.593674 10.858333 1.000000 1.000000 
-26.517616 148.277710 -0.835046 -7.962639 5.530300 1.000000 1.000000 
-35.035126 148.399017 14.568778 -6.717369 5.154685 0.000000 0.000000 
-32.854774 149.736145 13.336381 -7.211502 5.415897 0.000000 0.000000 
-24.647861 151.354858 -2.911117 -10.996613 3.803081 0.000000 0.000000 
-35.423798 149.675232 9.815080 -8.734955 4.039909 0.000000 0.000000 
-25.141493 152.080444 -3.030426 -7.202812 5.798770 0.000000 0.000000 
-24.373857 152.708282 -0.223207 -7.859138 6.685943 0.000000 0.000000 
-25.527555 152.709473 -0.184215 -1.239334 9.376266 0.000000 0.000000 
-23.644609 153.088837 -10.712653 -1.567749 7.787086 0.000000 0.000000 
-25.023745 153.002533 6.383218 2.138451 11.077632 0.000000 0.000000 
-23.830145 153.629303 -3.439432 -7.086334 6.012462 0.000000 0.000000 
-23.099995 153.853821 -10.303582 3.751427 12.055995 0.000000 0.000000 
-27.040709 153.250885 9.849321 -7.121811 5.667957 0.000000 0.000000 
-24.256828 154.018616 4.110669 -7.174370 5.719051 0.000000 0.000000 
-25.011444 154.243805 2.604028 -7.617752 4.755870 0.000000 0.000000 
-29.104807 153.577393 7.928289 -3.517311 9.798041 0.000000 0.000000 
-23.082979 155.028625 -3.261954 -9.499687 5.259700 0.000000 0.000000 
-29.482975 154.037689 8.770267 -3.556458 5.822551 0.000000 0.000000 
-23.962345 155.347809 -2.762831 -2.645653 7.619533 0.000000 0.000000 
-24.774389 155.248047 -2.529253 -0.959084 9.639956 0.000000 0.000000 
-31.521519 154.112305 11.203218 -2.387611 7.383430 1.000000 1.000000 
-30.893335 154.846832 8.827507 -4.759422 8.080131 0.000000 0.000000 
-31.281546 155.132965 9.046893 -5.048096 6.548156 0.000000 0.000000 
-31.763138 155.358215 11.448221 2.005936 11.451819 0.000000 0.000000 
-31.066050 155.584564 7.430737 -5.184692 5.722396 0.000000 0.000000 
-31.374575 155.582123 11.242587 -4.291206 6.435340 0.000000 0.000000 
-31.426775 155.773621 8.637128 -1.980965 8.991981 0.000000 0.000000 
-25.480593 157.340851 -2.585191 1.566750 10.657596 0.000000 0.000000 
-25.713646 157.363983 -2.952202 -1.415855 8.539546 0.000000 0.000000 
-25.632229 157.389862 -1.696790 3.863524 12.444053 0.000000 0.000000 
-25.609241 157.700867 -1.655419 -2.736084 8.215171 0.000000 0.000000 
-26.547972 158.000153 -2.423129 3.246788 12.625749 0.000000 0.000000 
-25.975363 158.172302 -2.375463 -2.949265 7.526222 0.000000 0.000000 
-27.528275 157.941498 -2.612627 -6.109879 6.894088 0.000000 0.000000 
-25.448709 158.539001 -1.169160 -8.344429 3.131778 1.000000 1.000000 
-26.667751 158.435577 -1.339826 -3.890785 8.219436 0.000000 0.000000 
-25.725515 158.818878 -1.459600 -1.036469 8.710418 0.000000 0.000000 
-26.931475 158.736633 -1.411653 -0.752579 11.468902 0.000000 0.000000 
-26.411549 158.826416 -4.163714 -4.889595 7.673572 0.000000 0.000000 
-23.893728 159.283722 -0.928211 -5.539223 6.201450 0.000000 0.000000 
-25.555712 159.064514 -3.124111 -1.008301 10.191966 0.000000 0.000000 
-25.431736 159.189209 -2.198666 2.497940 12.009879 1.000000 1.000000 
-25.328245 159.763153 -0.116455 -4.464378 9.236247 0.000000 0.000000 
-24.144947 159.959412 -3.272474 -3.858559 12.115550 0.000000 0.000000 
-25.652750 159.853424 -0.155599 1.389656 9.830016 0.000000 0.000000 
-24.898018 159.982697 -1.956097 6.335884 15.487958 0.000000 0.000000 
-25.983789 159.882324 -1.390760 0.143616 9.402034 0.000000 0.000000 
-25.050610 160.267181 -2.442825 -11.390968 3.437385 1.000000 1.000000 
-23.839323 160.582703 -4.525334 -4.762917 6.886653 0.000000 0.000000 
-23.902210 160.666199 4.671517 -3.040779 6.099063 0.000000 0.000000 
-24.496105 160.686554 1.748150 -1.868904 8.103065 0.000000 0.000000 
-23.360264 160.908234 -0.209899 -1.389565 6.418209 0.000000 0.000000 
-23.695768 161.107910 -8.163199 -5.909523 4.576889 0.000000 0.000000 
-27.872904 160.766083 4.459261 -3.316643 5.721042 0.000000 0.000000 
-24.212658 161.467926 -11.043541 2.238014 12.085380 0.000000 0.000000 
-24.739729 161.424286 -11.868689 4.508888 13.064231 0.000000 0.000000 
-24.278912 161.553864 -2.775254 -4.317223 7.402187 0.000000 0.000000 
-23.644924 162.409973 7.193158 -8.198212 5.848384 0.000000 0.000000 
-25.602848 162.562805 -5.310543 -10.921898 5.453208 0.000000 0.000000 
-24.364946 162.857361 -4.616773 -10.039749 3.898681 1.000000 1.000000 
-25.036207 163.041138 -0.326236 -9.861908 4.217403 0.000000 0.000000 
-25.749556 162.951416 -3.058846 -10.804947 3.850036 0.000000 0.000000 
-26.889950 164.947388 -1.678614 -9.377693 2.934814 0.000000 0.000000 
-25.229666 165.742523 -2.990752 -10.560225 3.772186 0.000000 0.000000 
-27.181259 165.676788 -4.729824 -4.726936 5.722496 0.000000 0.000000 
-25.345123 166.066833 -2.141818 -0.571297 8.099330 0.000000 0.000000 
-24.962372 166.230927 -3.183123 -1.429207 7.011211 0.000000 0.000000 
-25.323679 166.529572 -4.934731 -5.843491 5.521839 0.000000 0.000000 
-24.282639 166.859894 -1.654186 -8.196472 4.164012 0.000000 0.000000 
-24.550783 166.832458 -2.397652 -8.933441 4.108955 0.000000 0.000000 
-25.520853 166.748352 0.958826 -2.336525 6.513072 0.000000 0.000000 
-25.416588 166.854065 -7.743852 -0.124901 6.884777 0.000000 0.000000 
-23.611507 167.666382 4.642713 -1.562302 9.564975 0.000000 0.000000 
-27.706541 167.155029 3.676556 -4.498192 8.070842 0.000000 0.000000 
-22.478752 168.241730 -2.694914 -10.120262 5.219013 0.000000 0.000000 
-25.201862 168.392670 -2.483476 -2.657234 6.605953 0.000000 0.000000 
-24.825857 168.472900 -3.271538 -4.329056 5.103439 0.000000 0.000000 
-23.550465 169.324707 -2.631872 -4.419930 4.985549 0.000000 0.000000 
-24.738422 169.210236 -1.938694 -3.269264 4.840183 0.000000 0.000000 
-23.382118 169.440430 -2.132148 -5.914352 4.567955 0.000000 0.000000 
-24.579716 169.824982 -3.527062 -8.451271 3.084281 0.000000 0.000000 
-25.231449 169.745972 -2.157811 -3.995033 5.942745 0.000000 0.000000 
-24.610249 169.870972 -2.707635 -3.174530 6.457729 0.000000 0.000000 
-26.084143 169.781036 -2.003172 1.547874 8.216311 0.000000 0.000000 
-26.244751 169.773285 -3.329251 -5.896416 4.743644 0.000000 0.000000 
-24.960907 170.113342 -1.290735 -2.968597 7.091064 0.000000 0.000000 
-24.683672 170.554657 -13.394182 -5.425171 6.401439 0.000000 0.000000 
-25.404934 170.579987 3.220688 -7.230209 4.199115 0.000000 0.000000 
-22.725456 171.088196 5.713504 -5.548820 4.326641 0.000000 0.000000 
-25.142046 170.877350 11.189130 -7.067924 4.807067 0.000000 0.000000 
-25.146360 170.891968 6.200504 -3.270874 6.276718 0.000000 0.000000 
-25.625431 170.844238 0.648651 -7.523705 3.372982 0.000000 0.000000 
-24.954468 171.075287 1.966536 -2.786713 6.597080 0.000000 0.000000 
-24.647270 171.140900 6.276898 -1.949654 7.574604 0.000000 0.000000 
-24.108093 171.418762 6.517007 -4.736504 5.138919 0.000000 0.000000 
-25.157642 171.305267 7.150331 -4.298210 4.499782 0.000000 0.000000 
-22.257099 171.815918 0.680220 -7.836578 4.946464 0.000000 0.000000 
-24.782259 171.570770 -3.004847 6.202980 12.899962 0.000000 0.000000 
-25.733915 171.605865 -13.700698 -1.067291 6.050601 0.000000 0.000000 
-26.361162 171.523254 3.247645 0.686386 7.401554 0.000000 0.000000 
-25.458408 171.661133 -11.635633 -4.837227 3.554580 1.000000 1.000000 
-25.291475 171.770386 -0.804561 -0.242859 8.733325 0.000000 0.000000 
-25.015018 171.961151 3.581010 -1.854416 6.102809 0.000000 0.000000 
-24.044842 172.137878 2.534729 -1.500725 6.492496 0.000000 0.000000 
-24.224075 172.424896 2.263971 0.932098 8.862613 0.000000 0.000000 
-22.682983 172.962341 -2.709779 -6.981895 6.080013 0.000000 0.000000 
-25.684401 172.802277 6.737114 -7.875465 4.364273 0.000000 0.000000 
-23.875975 173.164124 -0.239339 -7.872734 3.495456 0.000000 0.000000 
-24.447693 173.136566 2.180139 0.793335 9.760558 0.000000 0.000000 
-25.615938 173.061188 -0.144387 -4.997253 5.800495 0.000000 0.000000 
-24.948809 173.181366 -1.383347 -8.505913 3.137886 0.000000 0.000000 
-26.676323 173.539001 2.924658 -0.445030 8.063041 0.000000 0.000000 
-25.188982 173.880951 -1.953434 -5.151741 4.898796 0.000000 0.000000 
-24.105232 174.204163 -0.437788 -7.058395 3.549385 1.000000 1.000000 
-25.405304 174.104767 1.089464 -1.412720 5.826694 0.000000 0.000000 
-24.305418 174.279205 -2.332295 0.224174 8.638301 0.000000 0.000000 
-25.014925 174.187469 0.496217 -1.131592 6.476192 0.000000 0.000000 
-25.483595 174.123657 -7.001894 1.208374 8.579398 0.000000 0.000000 
-24.415865 174.533478 -2.297843 -6.420181 4.485797 0.000000 0.000000 
-24.492397 174.707184 -1.955959 -0.193619 7.297115 0.000000 0.000000 
-24.527466 174.941589 -1.851934 -7.560722 4.208602 0.000000 0.000000 
-25.593493 175.372772 -2.730079 -8.018799 2.939559 1.000000 1.000000 
-25.999161 175.361542 -4.835490 -2.997787 4.912494 0.000000 0.000000 
-25.638691 175.693848 -2.825173 -7.305153 3.869583 0.000000 0.000000 
-25.743099 176.675842 -5.016673 -8.469864 2.729896 1.000000 1.000000 
-25.100346 177.166595 -1.784705 -4.648895 4.863311 1.000000 1.000000 
-25.157284 177.693542 -2.572911 -5.872086 3.375385 0.000000 0.000000 
-25.831884 177.647461 -3.611136 1.248337 9.140491 0.000000 0.000000 
-25.143719 177.896210 -1.978739 1.234100 9.460315 0.000000 0.000000 
-24.494310 179.941467 -4.173096 -2.487076 6.183311 1.000000 1.000000 
-25.384602 180.504089 -4.228251 9.068619 16.043768 0.000000 0.000000 
-25.035954 180.650787 -3.708389 8.668671 14.462640 0.000000 0.000000 
-25.167807 180.648956 -4.235836 7.358093 13.027818 0.000000 0.000000 
-24.450409 180.799072 -0.796525 -0.898575 7.190803 0.000000 0.000000 
-25.796255 180.911011 -5.732517 -5.628578 3.658767 0.000000 0.000000 
-24.271399 181.603424 -0.415599 -10.257652 2.998439 0.000000 0.000000 
-24.805046 181.710693 -2.223299 -1.330597 5.976070 0.000000 0.000000 
-25.002033 181.848694 -2.677297 -4.765556 5.690353 0.000000 0.000000 
-24.280163 182.049927 -0.679991 -7.707054 3.536308 0.000000 0.000000 
-26.545931 182.094635 -4.089374 -8.754669 3.273166 0.000000 0.000000 
-24.472839 182.549835 -5.643319 -4.481834 3.603675 0.000000 0.000000 
-23.900229 182.792297 -0.810687 -9.680069 2.275321 1.000000 1.000000 
-25.505552 182.653748 -2.869033 -7.934021 3.303207 0.000000 0.000000 
-25.308756 184.688171 -10.740555 0.994934 7.402175 0.000000 0.000000 
-25.522249 185.291412 -1.084675 -1.135193 6.852497 0.000000 0.000000 
-24.541391 185.711853 3.966431 -6.410591 2.157039 0.000000 0.000000 
-27.336386 185.388306 2.507107 -0.155357 6.160850 1.000000 1.000000 
-26.119083 185.647095 7.881532 -6.721596 3.619560 0.000000 0.000000 
-26.568956 186.013397 0.593926 -0.921524 6.885192 0.000000 0.000000 
-24.689142 186.386383 -1.590462 -6.003883 3.663341 0.000000 0.000000 
-26.333271 186.487549 6.241155 -0.464775 6.283828 0.000000 0.000000 
-26.757523 186.750610 3.963475 3.973885 8.958400 0.000000 0.000000 
-25.946291 186.982666 -8.105121 -5.328758 4.648017 0.000000 0.000000 
-28.373093 186.624542 5.089614 -3.905380 4.624820 0.000000 0.000000 
-27.156784 187.565063 1.807530 -6.154968 4.968174 0.000000 0.000000 
-26.644493 187.740326 -11.227417 -4.803314 4.789318 0.000000 0.000000 
-24.710390 188.890533 -7.238791 -6.306183 6.158317 0.000000 0.000000 
-25.210876 189.277740 2.561109 -3.942856 8.021808 0.000000 0.000000 
-24.558516 189.472351 4.613975 -3.799530 8.317080 0.000000 0.000000 
-25.420151 189.941467 3.118525 -10.711989 2.576686 1.000000 1.000000 
-25.318514 193.198456 0.200789 -7.090515 2.509056 0.000000 0.000000 
-28.003654 198.939392 -0.417757 -8.810135 3.793083 0.000000 0.000000 
-33.398594 198.169983 10.131426 0.242470 6.338436 0.000000 0.000000 
-29.519156 199.017883 2.079670 -3.172195 4.352718 0.000000 0.000000 
-29.681656 199.553131 9.921753 -4.273949 4.964538 0.000000 0.000000 
-35.959015 199.351593 14.589127 1.904373 6.820858 0.000000 0.000000 
-32.124378 205.514618 -5.518875 -0.073105 5.493152 0.000000 0.000000 
-31.094492 205.812012 -3.015465 -3.952309 4.192882 0.000000 0.000000 
-28.515953 207.603424 4.690163 -3.429962 5.486270 0.000000 0.000000 
-29.201614 218.354340 6.033927 -0.997612 4.826129 0.000000 0.000000 
-29.909058 218.790375 -3.558530 -2.918785 2.110767 0.000000 0.000000 
-34.918213 248.025604 -4.146294 -0.318542 4.788948 0.000000 0.000000 
-36.037552 249.151459 -3.540274 -1.660088 2.981697 1.000000 1.000000 
