ply
format ascii 1.0
comment Created by CloudCompare v2.14.beta (Feb  3 2026)
comment Created 2026-05-08T11:44:04
obj_info Generated by CloudCompare!
element vertex 1478
property float x
property float y
property float z
property float rcs
property float snr
property float v
property float label
end_header
-5.029685 -30.106846 -6.287909 1.456421 28.228941 0.000000 1.000000 
-38.592564 -20.935696 -9.878262 -2.519691 22.328625 0.000000 1.000000 
-6.223300 -48.966095 -5.675905 6.935104 26.490005 0.000000 1.000000 
-5.805281 -49.123558 -6.721675 3.886276 23.420437 0.000000 1.000000 
21.803347 -52.824158 -11.425286 -0.588074 17.594374 0.000000 1.000000 
21.658251 -0.131888 -6.157640 -4.715820 28.588547 0.000000 1.000000 
26.928724 7.092774 -11.479427 -8.682030 23.526419 0.000000 1.000000 
8.300378 -33.305801 -9.580309 -2.373665 23.934246 0.000000 1.000000 
35.987259 -7.425935 -11.543314 -4.983963 21.930601 0.000000 1.000000 
-5.468729 -36.898441 -10.983418 -5.288300 20.236233 0.000000 1.000000 
59.703487 -40.355556 -15.369241 3.190208 20.487394 0.000000 1.000000 
114.590408 -7.210361 -19.119543 11.807472 17.711046 0.000000 1.000000 
-7.273597 24.456852 -7.599978 -17.974426 20.811131 0.000000 1.000000 
16.718700 20.964443 -5.908118 -6.249634 20.000648 0.000000 1.000000 
7.270149 32.648895 -7.426912 -15.622429 20.220211 0.000000 1.000000 
7.116968 33.252914 -9.326717 -14.112953 20.918436 0.000000 1.000000 
21.848803 31.749529 -14.815583 -4.759895 18.644880 0.000000 1.000000 
6.876163 39.829655 -9.826682 -18.820183 15.879862 1.000000 1.000000 
9.319678 39.391281 -14.828172 -15.692398 18.448627 0.000000 1.000000 
28.650890 27.555176 -6.691167 0.485031 17.877254 0.000000 1.000000 
7.774162 47.096573 -15.356614 -14.780502 20.058413 0.000000 1.000000 
17.049942 45.896687 -18.969641 -10.788231 18.451048 0.000000 1.000000 
8.881544 49.677547 -13.753663 -12.574533 16.676411 0.000000 1.000000 
8.150992 49.918343 -14.278194 -21.920898 10.678944 0.000000 1.000000 
2.594811 62.129593 -24.390728 -17.073631 13.407764 0.000000 1.000000 
-22.461969 62.711555 -26.341242 -8.734169 13.905184 1.000000 1.000000 
-9.626288 73.921730 -10.214035 -7.612747 17.282476 0.000000 1.000000 
-10.847631 75.304817 -25.861385 -7.532814 16.424408 0.000000 1.000000 
-10.521357 75.359138 -25.451368 -12.695084 14.644268 0.000000 1.000000 
32.694603 69.552834 -15.886027 -5.831161 14.056698 0.000000 1.000000 
32.129616 69.912338 -14.346058 -2.183464 17.100885 0.000000 1.000000 
-22.879967 74.161507 -17.455185 -11.450729 10.108269 0.000000 1.000000 
23.456598 74.333588 -31.058832 -14.725694 8.200844 0.000000 1.000000 
-22.631830 75.031837 -21.421024 -13.268373 9.945827 0.000000 1.000000 
-13.015119 78.950546 -31.868149 -14.518456 11.604160 0.000000 1.000000 
-34.987930 74.313934 -24.745476 -6.947830 13.226330 0.000000 1.000000 
-29.255701 77.281258 -31.560963 -8.910645 11.637379 0.000000 1.000000 
-38.469021 73.442024 -28.946341 0.909462 18.534904 0.000000 1.000000 
-38.003078 75.343323 -12.414864 -1.074852 16.098976 0.000000 1.000000 
-37.856541 75.506821 -26.170980 -4.061317 13.411114 0.000000 1.000000 
-30.749290 80.384720 -10.723085 -5.597130 14.955235 0.000000 1.000000 
-30.278307 80.608459 -31.054245 -5.349747 13.332500 0.000000 1.000000 
-31.189924 80.276848 -10.987144 -6.801964 15.254343 0.000000 1.000000 
-31.523367 81.702171 -15.013281 -5.863312 15.337872 0.000000 1.000000 
-31.050295 81.939781 -26.584234 -1.482285 15.744450 0.000000 1.000000 
42.494709 77.430908 -34.067551 -0.173973 15.115196 0.000000 1.000000 
3.442261 90.213844 -15.686326 -12.846115 12.141895 0.000000 1.000000 
-36.591141 84.565575 -15.250440 -11.621719 7.299198 0.000000 1.000000 
-36.032738 84.898132 -37.085411 -7.359032 10.751534 0.000000 1.000000 
-37.690018 85.458450 -37.584877 -7.597000 10.853809 0.000000 1.000000 
-32.739491 91.759956 -27.390509 -14.108200 6.010387 0.000000 1.000000 
-32.992374 91.783485 -12.464777 -8.771706 8.054218 0.000000 1.000000 
-14.636257 96.921700 -9.527428 -8.742920 10.155918 0.000000 1.000000 
-31.029493 98.324852 -32.841072 -11.698563 7.643909 0.000000 1.000000 
-19.471750 104.796074 -5.674331 -14.971504 5.790672 0.000000 1.000000 
-51.225822 101.914085 -32.191330 -7.908524 5.577331 0.000000 1.000000 
47.591030 108.049080 -46.626060 -7.876175 7.527370 0.000000 1.000000 
40.713512 113.649895 -26.285082 -8.554619 8.250366 0.000000 1.000000 
35.695953 116.889206 -11.912732 -8.827156 7.159641 0.000000 1.000000 
-32.781834 121.010094 -14.748591 -7.359528 6.542068 0.000000 1.000000 
41.161709 128.728439 -50.719967 -7.039368 6.647468 0.000000 1.000000 
11.201430 65.953682 -6.668265 -20.527832 7.388145 0.000000 1.000000 
-31.083235 68.210571 -8.410430 -6.526062 15.168734 0.000000 1.000000 
-35.905323 69.433113 -10.336730 -10.709137 9.502213 0.000000 1.000000 
21.351738 87.460587 -5.454247 -10.522766 12.258255 0.000000 1.000000 
-22.309975 97.151443 -3.647961 -11.853561 8.656300 0.000000 1.000000 
-22.799637 97.358521 -3.111219 -12.742401 7.439807 0.000000 1.000000 
-25.080523 148.069397 -17.736927 -4.200005 7.916862 0.000000 1.000000 
-24.228310 160.580170 -13.013393 -4.360825 7.622077 0.000000 1.000000 
-26.745848 160.270538 -15.849980 -8.125946 6.831569 0.000000 1.000000 
-22.768578 161.571899 -12.184441 -8.817406 3.886772 1.000000 1.000000 
-25.149183 172.039825 -12.138411 -7.052048 5.866989 0.000000 1.000000 
-22.763346 172.692566 -15.954865 -3.110916 6.722480 0.000000 1.000000 
-24.520529 181.517639 -9.868649 -4.175056 4.392162 0.000000 1.000000 
-25.811745 189.284576 -15.020631 -7.651985 6.034881 0.000000 1.000000 
-24.964956 189.418976 -12.909070 -9.028984 5.292552 0.000000 1.000000 
-29.727571 199.509491 -14.474716 -1.832733 5.050815 0.000000 1.000000 
-31.394844 218.129700 -16.503109 -0.355476 4.664615 0.000000 1.000000 
-30.795113 218.595367 -10.257859 -4.028542 4.050281 0.000000 1.000000 
55.629391 -52.956509 21.409061 16.452957 26.123035 0.000000 1.000000 
55.986191 -52.800598 21.222748 18.640717 29.819174 0.000000 1.000000 
5.296740 -116.080025 23.921400 9.373528 17.403168 0.000000 1.000000 
44.306175 -108.898323 27.006998 12.147362 20.579679 0.000000 1.000000 
134.485016 9.336609 36.717754 12.928734 14.944633 0.000000 1.000000 
6.297885 47.225796 18.717327 -15.525879 16.813187 0.000000 1.000000 
-27.590132 50.789772 23.252083 -8.603119 15.507055 0.000000 1.000000 
-22.322132 62.290916 25.565542 -14.598770 11.259445 1.000000 1.000000 
-31.592194 68.321999 30.661379 -6.602013 13.482346 0.000000 1.000000 
30.183378 77.887581 31.792440 -2.307953 17.517979 0.000000 1.000000 
26.088282 82.608841 21.955526 -9.646622 13.730785 0.000000 1.000000 
33.423115 81.235458 26.100769 -7.753143 12.658825 0.000000 1.000000 
30.564991 86.215828 25.194166 -5.021942 12.790920 0.000000 1.000000 
-36.606853 84.059227 37.653515 -12.664818 9.076160 0.000000 1.000000 
43.085445 111.162712 49.386089 -6.495537 6.944915 0.000000 1.000000 
-22.570215 137.481049 57.878506 -9.530838 5.014591 0.000000 1.000000 
-24.851048 138.000916 56.375271 -10.236282 4.448539 0.000000 1.000000 
-6.247568 -16.769854 -6.793736 -10.024857 24.104412 0.000000 1.000000 
-30.155983 -9.453021 -5.080153 -6.493607 23.535477 0.000000 1.000000 
11.502792 -33.999718 -2.483423 -2.866409 23.409775 0.000000 1.000000 
11.947542 -3.133722 -3.302029 7.233650 38.430840 0.000000 1.000000 
34.451923 15.758845 -4.301654 -2.583084 21.643147 0.000000 1.000000 
34.992462 14.639702 -3.916936 -0.101509 24.051033 0.000000 1.000000 
-12.430634 -36.216091 -2.359523 -0.798477 21.845627 1.000000 1.000000 
46.470402 -11.928664 20.103548 0.967613 21.587921 0.000000 1.000000 
68.968010 -9.855887 -7.373230 1.744347 17.023003 0.000000 1.000000 
68.904099 -10.459242 -7.531043 3.392220 17.445370 0.000000 1.000000 
70.357567 -10.093993 -5.269800 9.730125 24.505512 0.000000 1.000000 
70.295273 -10.996027 -7.201698 6.811279 21.087511 0.000000 1.000000 
70.390259 -10.857222 -7.439327 5.186623 20.999641 0.000000 1.000000 
70.458351 -11.010681 -8.163184 4.525979 21.310612 0.000000 1.000000 
113.833160 -10.556414 21.457664 11.762138 17.097710 0.000000 1.000000 
113.952072 -9.715400 21.638582 13.245605 18.581005 0.000000 1.000000 
1.018557 -159.188065 -4.326432 10.639282 16.473795 0.000000 1.000000 
27.396421 14.604209 -3.853190 -3.931313 10.036991 1.000000 1.000000 
-13.470370 35.703373 14.768561 -14.804025 18.858753 0.000000 1.000000 
11.906113 44.511715 -6.558131 -16.519844 14.839684 0.000000 1.000000 
12.254726 52.002552 17.432217 -18.866463 12.642754 0.000000 1.000000 
7.179439 55.220932 17.063732 -6.733879 21.034861 0.000000 1.000000 
8.343801 58.827114 17.507320 -13.210815 13.199932 0.000000 1.000000 
31.064426 53.805305 -5.804795 -11.278938 8.979019 0.000000 1.000000 
17.378061 62.201130 18.021603 -19.009819 9.569393 0.000000 1.000000 
21.164803 61.891735 -4.814499 -10.382759 14.773777 0.000000 1.000000 
26.698080 59.701981 -6.265599 -10.813370 10.482883 1.000000 1.000000 
26.373323 59.873611 -5.058674 -9.842857 11.061974 1.000000 1.000000 
26.717644 60.272114 -5.023021 0.857994 20.135269 0.000000 1.000000 
26.758558 60.454254 -6.166542 -5.888969 14.322720 0.000000 1.000000 
26.905870 60.425697 -4.578615 -1.376923 19.168385 0.000000 1.000000 
-30.753588 60.054493 18.460604 -5.702744 15.080048 0.000000 1.000000 
-30.865446 59.998596 18.487396 -5.110870 16.632240 0.000000 1.000000 
-13.077923 67.342148 11.579114 -18.609993 7.778087 0.000000 1.000000 
47.644989 52.702595 -4.580807 2.422890 12.157982 0.000000 1.000000 
58.669308 52.640480 -5.482835 14.740349 17.757109 0.000000 1.000000 
95.358780 62.099766 17.633312 8.618155 5.386264 0.000000 1.000000 
-19.885067 132.340088 -7.242791 2.854279 20.185570 0.000000 1.000000 
-19.228832 132.938324 -10.801962 5.019592 18.339579 0.000000 1.000000 
-19.507456 133.976929 -10.333352 2.415359 14.926678 1.000000 1.000000 
-1.517996 191.825378 -6.736558 1.749321 10.398579 0.000000 1.000000 
-1.751904 191.856262 -7.553399 3.856483 11.040726 0.000000 1.000000 
-3.346357 199.557770 -6.145439 -6.550842 5.007381 0.000000 1.000000 
-31.931879 204.976379 -2.259907 -5.519836 1.657047 1.000000 1.000000 
-32.868000 205.567230 -3.438972 -2.221489 4.410858 0.000000 1.000000 
-35.504059 247.978241 -2.417064 1.005127 5.002498 0.000000 1.000000 
-34.743301 249.338104 -2.604224 -0.937294 2.881614 1.000000 1.000000 
-0.416875 -6.057863 -0.228925 -6.409599 45.760017 0.000000 0.000000 
-0.294409 -6.122469 -0.126848 -9.468018 44.675087 0.000000 0.000000 
-12.350736 -26.705418 1.236648 4.166451 30.056244 1.000000 0.000000 
-12.551415 -26.860680 1.328944 -3.277405 24.412807 1.000000 0.000000 
-12.387533 -27.062790 0.954712 5.987687 33.004070 1.000000 0.000000 
-13.278648 -26.764481 0.778590 -8.385162 19.450418 1.000000 0.000000 
-12.179194 -27.563934 1.189554 0.954063 28.621258 1.000000 0.000000 
-13.368215 -27.407345 1.011167 -0.912521 25.731260 1.000000 0.000000 
-12.391997 -27.950794 1.277780 -1.869446 24.402735 1.000000 0.000000 
-12.008168 -29.396938 1.289544 1.014488 27.221233 1.000000 0.000000 
-12.082380 -29.714993 1.602887 5.004272 31.262814 1.000000 0.000000 
-12.122619 -29.825489 1.064070 9.071320 32.590397 1.000000 0.000000 
-12.328158 -30.200516 0.968473 14.768379 38.906971 1.000000 0.000000 
-12.269251 -30.320423 0.872335 15.936722 39.891396 1.000000 0.000000 
-12.299375 -30.659191 1.212722 15.271919 38.572903 1.000000 0.000000 
-12.392135 -30.838261 1.081473 14.406227 37.717243 1.000000 0.000000 
-12.198579 -31.175674 1.125138 16.059509 39.786655 1.000000 0.000000 
-12.229183 -31.577343 1.232061 22.712624 43.770100 1.000000 0.000000 
-12.278109 -31.958702 1.161090 24.009880 45.364388 1.000000 0.000000 
-12.158394 -32.106651 1.270859 11.681900 35.411835 1.000000 0.000000 
-12.281061 -32.419247 1.210268 9.108940 31.992777 1.000000 0.000000 
-12.217551 -32.593491 1.292075 15.140526 37.710434 1.000000 0.000000 
-12.144172 -32.921127 1.066119 20.473236 43.140312 1.000000 0.000000 
-12.164270 -33.326721 1.283974 12.617584 34.905621 1.000000 0.000000 
-12.209052 -33.671055 1.126216 3.968048 26.852139 1.000000 0.000000 
-12.510832 -34.126095 1.352595 -0.085930 23.978998 1.000000 0.000000 
-12.292755 -34.299629 1.552440 -4.369949 21.399189 1.000000 0.000000 
-12.654948 -34.421314 3.227391 -1.236717 22.981228 1.000000 0.000000 
-12.854864 -34.383602 0.342531 -0.459747 23.324842 1.000000 0.000000 
-11.736471 -34.824871 1.678165 -4.058899 20.706478 1.000000 0.000000 
-12.188216 -34.892345 1.217475 -4.313217 20.388832 1.000000 0.000000 
-12.113857 -35.580799 1.166084 10.190025 33.089832 1.000000 0.000000 
-12.104941 -35.951382 1.104025 18.208359 39.916538 1.000000 0.000000 
0.188056 -6.211678 -0.305780 -1.872520 38.980824 0.000000 0.000000 
0.033384 -6.207628 -0.182760 -6.494743 38.233368 0.000000 0.000000 
0.296809 -6.293535 -0.289471 -5.355137 38.770172 0.000000 0.000000 
-12.748878 -26.657608 0.660339 6.069443 28.417618 1.000000 0.000000 
-12.841528 -26.755989 0.212964 -2.110878 19.954508 1.000000 0.000000 
-13.748816 -26.396027 0.982405 4.508148 26.067564 1.000000 0.000000 
-12.880808 -27.356510 0.553781 10.325180 34.606941 1.000000 0.000000 
-12.985214 -27.482178 0.554483 6.392204 30.018303 1.000000 0.000000 
-13.017598 -27.810844 1.375802 13.757576 37.341339 1.000000 0.000000 
-12.470067 -28.245850 0.944788 18.427643 39.223656 1.000000 0.000000 
-12.752572 -28.476521 1.068422 12.731934 35.352234 1.000000 0.000000 
-12.743842 -28.853577 1.428781 3.705467 26.572115 1.000000 0.000000 
-12.481283 -29.127724 0.583956 16.877312 39.100285 1.000000 0.000000 
-12.882051 -29.367451 0.611581 17.326019 38.051983 1.000000 0.000000 
-12.926665 -29.443321 0.816703 13.922379 36.329536 1.000000 0.000000 
-12.690574 -29.913815 1.321386 14.652657 35.520176 1.000000 0.000000 
-12.917347 -30.074875 1.131100 13.370590 35.118931 1.000000 0.000000 
-12.430405 -30.297997 0.817310 13.026352 35.462936 1.000000 0.000000 
-12.363575 -30.569843 0.866564 19.292015 39.938335 1.000000 0.000000 
-13.006156 -30.683594 0.906389 12.964233 34.720963 1.000000 0.000000 
-13.456883 -30.993858 -0.162065 -2.599945 20.643480 1.000000 0.000000 
-12.381219 -31.841961 0.528184 12.695732 33.817616 1.000000 0.000000 
-12.716681 -32.035870 0.879235 -3.269165 19.076302 1.000000 0.000000 
-11.933706 -32.531086 0.623154 -1.550156 20.947044 1.000000 0.000000 
-12.387746 -32.510765 0.694230 15.632042 36.647717 1.000000 0.000000 
-13.277931 -32.295345 1.094954 15.117844 35.693550 1.000000 0.000000 
-12.204308 -32.855751 0.610968 17.772110 36.958920 1.000000 0.000000 
-13.298420 -32.640167 1.144171 17.614044 36.788406 1.000000 0.000000 
-12.827082 -33.059048 1.050118 16.126663 37.488182 1.000000 0.000000 
-12.744005 -33.456066 1.094609 17.935997 38.849030 1.000000 0.000000 
-12.527851 -33.699211 0.670045 17.660065 38.907619 1.000000 0.000000 
-13.275731 -33.696678 0.465850 10.924423 31.725557 1.000000 0.000000 
-12.276782 -34.305569 0.661262 21.231560 40.560497 1.000000 0.000000 
-12.329500 -34.549732 0.689295 23.034393 41.256470 1.000000 0.000000 
-12.622255 -34.761650 0.976551 12.546272 34.247791 1.000000 0.000000 
-12.423704 -35.330666 1.058663 8.041945 29.138796 1.000000 0.000000 
-12.727479 -35.378555 0.352623 4.378571 25.880415 1.000000 0.000000 
-14.876798 -36.124557 1.263072 3.017807 22.803715 1.000000 0.000000 
-12.677785 -40.116711 1.125774 6.494087 25.961681 1.000000 0.000000 
-12.888545 -40.415947 0.961389 6.125610 25.057716 1.000000 0.000000 
-13.862343 -40.454967 0.741222 8.234076 27.596966 1.000000 0.000000 
-13.930537 -40.914192 1.176082 2.378044 22.698830 1.000000 0.000000 
-0.034637 10.106280 0.107886 -20.477318 32.230045 1.000000 0.000000 
-0.853240 11.143696 -0.017761 -12.858490 32.406227 0.000000 0.000000 
0.047955 12.109282 -0.033854 -11.860428 36.538822 0.000000 0.000000 
0.094091 12.321885 -0.031564 -11.453125 38.184196 0.000000 0.000000 
-0.508948 12.377380 0.024794 -11.722694 36.965431 1.000000 0.000000 
-3.702981 18.520103 0.398289 8.917717 43.926434 0.000000 0.000000 
-3.837073 18.728100 0.275952 9.039435 40.622730 0.000000 0.000000 
-3.698019 18.923979 -0.174082 2.843727 37.289955 0.000000 0.000000 
-4.879143 20.937710 -0.628795 3.918472 38.373974 0.000000 0.000000 
-4.918275 20.931561 -0.762810 2.072243 35.732285 0.000000 0.000000 
0.220751 22.206865 -0.831248 2.303406 33.222824 1.000000 0.000000 
-5.067712 21.623192 -0.704795 1.080948 34.874893 1.000000 0.000000 
0.091813 22.545097 -0.859704 -3.685913 26.305340 0.000000 0.000000 
-0.001874 22.541473 -0.828761 -13.408279 15.603462 1.000000 0.000000 
0.289311 22.864912 -0.826775 19.474251 47.880997 0.000000 0.000000 
0.260246 22.982910 -0.845851 18.014450 46.208076 0.000000 0.000000 
0.041477 23.248116 -0.682865 -6.887085 25.486553 0.000000 0.000000 
0.080248 23.629713 -0.860655 -9.447319 23.558771 1.000000 0.000000 
2.630705 23.557915 0.547503 -13.004097 27.254677 0.000000 0.000000 
4.750145 0.372567 0.278581 -18.066368 27.585690 1.000000 0.000000 
5.127789 -0.848056 0.200362 -10.929123 36.869965 1.000000 0.000000 
5.105674 -0.363055 0.047585 -7.419983 39.248436 1.000000 0.000000 
5.074812 -0.127952 0.206957 -9.106167 37.299812 1.000000 0.000000 
5.171118 -0.513200 0.183869 -9.353706 37.731758 1.000000 0.000000 
5.031212 0.500197 0.113961 -5.132034 37.492088 1.000000 0.000000 
5.129233 0.171052 -0.000283 -7.261658 34.803371 1.000000 0.000000 
5.318689 0.513271 -0.018678 -9.742237 30.244293 1.000000 0.000000 
5.286671 0.809425 -0.438341 -14.795320 26.967850 1.000000 0.000000 
5.147877 1.195280 -0.119013 -16.340057 27.047340 1.000000 0.000000 
-19.345869 -5.700086 -3.730913 -13.824097 25.541689 0.000000 0.000000 
-20.360514 -0.847849 -1.111956 4.794465 40.812588 0.000000 0.000000 
-20.360664 -0.831239 -1.030919 3.720512 39.393677 0.000000 0.000000 
-20.916651 3.166954 2.358614 -6.258423 25.978596 0.000000 0.000000 
-18.758928 -11.295217 1.365693 1.050545 34.298119 0.000000 0.000000 
-18.805504 -11.320988 1.476102 -1.366615 31.709215 0.000000 0.000000 
-19.734814 -11.376761 1.913983 1.066025 34.323784 0.000000 0.000000 
-19.847456 -11.285058 1.591788 -1.677750 33.468555 0.000000 0.000000 
-18.328480 -14.279752 -0.613351 16.151062 45.548534 0.000000 0.000000 
-18.394638 -14.348269 -0.697075 13.752991 43.875957 0.000000 0.000000 
-18.696115 -14.398102 -0.811855 0.776306 33.014755 0.000000 0.000000 
-19.731428 -15.345843 3.671207 -4.580849 26.773283 0.000000 0.000000 
-21.374577 -15.909144 1.340171 -6.442314 24.767553 0.000000 0.000000 
-26.513290 -1.385674 2.894439 -14.655731 23.440376 0.000000 0.000000 
-20.644028 -17.597927 1.113515 -5.800194 24.219013 0.000000 0.000000 
-20.643311 -17.786869 2.494751 -5.073288 24.241013 0.000000 0.000000 
-23.800636 -14.281088 1.955131 -7.693649 22.573101 0.000000 0.000000 
-24.939356 -13.661312 1.315932 -4.907829 27.231125 0.000000 0.000000 
-20.411470 -24.492371 3.711928 5.088669 30.425804 0.000000 0.000000 
-20.586740 -24.609352 2.576467 5.362442 30.258352 0.000000 0.000000 
-35.089420 0.522847 1.748854 0.638664 26.645588 0.000000 0.000000 
-35.152874 0.414049 1.580586 -4.894348 22.601345 0.000000 0.000000 
-35.502552 -5.483511 3.269850 -2.097946 25.884535 0.000000 0.000000 
-38.605099 -2.474247 3.601193 -1.592712 26.027639 0.000000 0.000000 
-38.777447 -2.020763 2.648390 1.939789 26.284481 0.000000 0.000000 
-38.579636 -5.620324 3.161597 -1.664650 23.231087 0.000000 0.000000 
-38.759727 -6.932069 0.292059 0.628662 25.626808 0.000000 0.000000 
-38.834541 -7.079894 1.393846 2.320992 25.409374 0.000000 0.000000 
-40.430977 0.285298 3.810899 -1.632622 22.970192 0.000000 0.000000 
-40.464504 0.720104 2.792366 -0.659706 24.420691 0.000000 0.000000 
-40.700684 1.231936 2.832943 4.806183 28.362925 0.000000 0.000000 
-42.543690 4.281311 1.928637 3.840446 26.301746 0.000000 0.000000 
-42.624195 3.988773 2.225629 2.457321 24.207481 0.000000 0.000000 
-38.488796 -19.808590 1.743994 4.776970 27.451517 0.000000 0.000000 
-38.528072 -20.028355 2.299885 8.295670 30.030973 0.000000 0.000000 
-45.677601 -3.724301 4.442502 -2.886299 19.872938 0.000000 0.000000 
-47.646473 -4.314789 2.319346 -4.470940 20.454197 0.000000 0.000000 
-47.771801 -3.189158 1.631170 0.126846 22.875948 0.000000 0.000000 
-49.641590 19.880795 2.564219 -2.747475 17.069012 0.000000 0.000000 
-50.451023 18.132900 3.180097 -0.841179 19.949205 0.000000 0.000000 
-21.211212 -52.694042 6.936361 1.086403 17.809526 0.000000 0.000000 
-20.875132 33.209221 -0.248071 -17.117439 10.410686 1.000000 0.000000 
-32.794949 26.204086 1.165119 0.661430 13.764446 0.000000 0.000000 
-6.821817 -6.572752 0.244471 -11.426521 35.818195 0.000000 0.000000 
-6.265022 -8.722254 0.022753 -11.380280 35.594032 0.000000 0.000000 
-6.368093 -10.602391 0.057913 -11.352777 30.608967 0.000000 0.000000 
-6.546891 -10.776054 0.036169 -12.690063 29.601061 0.000000 0.000000 
-7.140470 -10.684821 -0.321083 -10.960472 34.068073 0.000000 0.000000 
-6.762908 -11.199940 0.995170 -11.652161 27.988920 0.000000 0.000000 
-6.593869 -11.693047 0.262576 -10.523247 30.264635 0.000000 0.000000 
-6.611185 -11.762737 -0.000488 -10.737869 29.283119 0.000000 0.000000 
-6.571560 -11.902702 0.232063 -12.589081 28.088135 0.000000 0.000000 
-6.720903 -12.004773 0.072613 -13.555565 28.204384 0.000000 0.000000 
-6.437480 -12.246466 -0.799028 -10.937317 29.261520 0.000000 0.000000 
-6.546635 -12.270137 -0.990039 -15.169502 26.466398 0.000000 0.000000 
-6.151005 -12.829150 -0.207568 -7.301437 32.405857 0.000000 0.000000 
-5.991170 -12.906137 0.425705 -12.142204 28.826658 0.000000 0.000000 
-6.466500 -12.945757 0.485766 -4.902855 34.935596 0.000000 0.000000 
-6.591061 -13.003270 0.875157 -6.680634 33.088024 0.000000 0.000000 
-7.248044 -12.794576 0.317701 -17.528297 26.547863 0.000000 0.000000 
-6.222793 -13.320101 -0.635454 -13.994835 26.564224 0.000000 0.000000 
-6.188107 -13.571801 -0.916316 -14.057663 27.307222 0.000000 0.000000 
-5.958534 -13.730247 -0.584109 -14.634674 25.670746 0.000000 0.000000 
-6.592761 -13.919764 -0.724142 -11.048088 26.463949 0.000000 0.000000 
-6.703874 -14.341864 -0.534375 -15.918564 22.906879 0.000000 0.000000 
-6.206508 -14.777453 0.116502 -18.698845 22.374825 0.000000 0.000000 
-6.427042 -14.971482 -0.060333 -9.199654 27.207855 0.000000 0.000000 
-6.446705 -15.005797 -0.044742 -7.007004 29.577461 0.000000 0.000000 
-6.302722 -15.443408 0.364107 -10.950310 28.777229 0.000000 0.000000 
-6.414094 -15.515662 0.263910 -8.424301 29.094427 0.000000 0.000000 
-6.902740 -15.572012 1.027176 -13.624733 22.220417 0.000000 0.000000 
-6.515774 -15.788007 1.180296 -17.041580 23.068527 0.000000 0.000000 
-7.047070 -15.767746 1.293774 -11.149681 26.798504 0.000000 0.000000 
-6.194297 -16.200863 0.465996 -11.607635 25.527092 0.000000 0.000000 
-6.411868 -16.273811 0.409806 -5.010864 29.045475 0.000000 0.000000 
-6.551975 -16.614002 -1.277670 -7.997658 27.592451 0.000000 0.000000 
-5.754714 -16.998867 -0.347295 -15.941841 21.639412 0.000000 0.000000 
-6.685910 -17.157860 -0.318457 -10.864586 23.107197 0.000000 0.000000 
-6.434712 -17.517979 -0.731960 -6.580055 28.859261 0.000000 0.000000 
-6.443090 -17.532387 0.188824 -11.623590 22.404318 0.000000 0.000000 
-6.634172 -18.694332 -1.217139 -8.025330 27.512356 0.000000 0.000000 
-6.292577 -18.923325 -1.008469 -4.516083 30.662811 0.000000 0.000000 
-6.300901 -19.028633 -0.554710 -4.669144 30.184805 0.000000 0.000000 
-6.171128 -19.317646 -0.671732 -11.139580 26.586630 0.000000 0.000000 
-6.279738 -20.178204 0.189849 -10.913872 23.400171 0.000000 0.000000 
-6.718935 -20.083397 -0.581052 -14.011169 21.336966 0.000000 0.000000 
-6.188870 -20.604942 -1.152423 -9.478302 24.048079 0.000000 0.000000 
-6.557277 -24.373245 -0.943233 -10.592628 22.006069 0.000000 0.000000 
-6.425884 -24.408211 -1.035865 -6.220993 25.157366 0.000000 0.000000 
-6.302003 -24.850990 1.730405 -3.326508 28.758152 0.000000 0.000000 
-6.700331 -24.758743 1.357698 -2.253296 28.385651 0.000000 0.000000 
-6.329000 -26.772060 -0.381825 -9.641342 20.124420 0.000000 0.000000 
-6.099668 -37.300995 -0.983655 -0.588982 22.600163 0.000000 0.000000 
-6.305079 -52.258877 0.760537 1.568954 21.042101 0.000000 0.000000 
-6.452790 -55.132092 0.310702 4.138955 23.453056 0.000000 0.000000 
-6.534820 -55.186340 2.092274 2.900146 21.204769 0.000000 0.000000 
-5.333207 -56.471848 0.208066 -2.983116 17.031767 0.000000 0.000000 
-6.462215 -61.168255 1.381175 -1.198555 15.030548 0.000000 0.000000 
-6.326505 -61.196125 1.938301 1.802193 18.536533 0.000000 0.000000 
-4.855237 -14.081486 1.185127 -8.984116 26.489071 0.000000 0.000000 
-6.801513 -13.409000 -0.814598 -4.007561 26.489183 0.000000 0.000000 
-7.010383 -14.610547 -0.497154 -1.501480 30.102453 0.000000 0.000000 
-5.185831 -15.772435 -1.316626 -8.370972 26.063345 0.000000 0.000000 
-6.869099 -14.994310 1.385863 -9.260651 22.026836 0.000000 0.000000 
-6.366248 -17.035255 -0.107338 -4.821205 27.790970 0.000000 0.000000 
-6.202950 -17.147087 -1.111872 -6.358200 25.073513 0.000000 0.000000 
-6.697093 -17.368008 -0.155246 -5.029053 27.625742 0.000000 0.000000 
-5.952776 -18.143894 -1.253997 -8.310051 24.553576 0.000000 0.000000 
-6.825006 -18.572269 0.530373 -3.612022 26.406017 0.000000 0.000000 
-7.180086 -18.499741 3.028245 -3.669952 26.224367 0.000000 0.000000 
-6.002022 -19.416386 1.454332 -10.069695 23.989021 0.000000 0.000000 
-6.694221 -19.918159 -0.604310 -3.382202 28.347628 0.000000 0.000000 
-7.274705 -21.452442 -0.331922 -3.709427 28.936701 0.000000 0.000000 
-7.385712 -21.488998 0.571428 -3.309593 27.830908 0.000000 0.000000 
-7.022308 -21.658916 -0.950058 -5.802643 28.553267 0.000000 0.000000 
-6.063592 -22.607220 -0.638205 -8.353767 26.012842 0.000000 0.000000 
-7.372562 -24.405083 0.500242 -0.957413 28.541777 0.000000 0.000000 
-6.977873 -30.416847 1.680423 -2.422432 23.616659 0.000000 0.000000 
8.796397 -22.603947 -0.063080 -7.479843 24.432816 0.000000 0.000000 
9.122645 -26.531330 3.217728 -1.948883 26.688938 0.000000 0.000000 
9.236796 -40.204689 1.520828 1.217926 25.045982 0.000000 0.000000 
3.258344 -41.482250 5.560880 -1.096146 23.553806 0.000000 0.000000 
9.969292 -40.923481 1.684349 0.327324 23.479927 0.000000 0.000000 
9.968147 -40.986217 0.889125 2.007896 23.818897 0.000000 0.000000 
7.187251 -5.243872 -0.052783 3.463997 36.379185 0.000000 0.000000 
7.288835 -5.353228 -0.092365 5.023797 41.772881 0.000000 0.000000 
8.706783 -3.997625 -0.948980 0.012207 30.912926 0.000000 0.000000 
8.736130 -3.952802 -0.489445 -3.876724 29.680668 0.000000 0.000000 
7.346331 -8.466208 -1.323220 6.964425 41.099411 0.000000 0.000000 
7.441115 -22.845711 6.886818 -4.983116 26.777704 0.000000 0.000000 
8.782763 -28.798122 0.330438 -6.168137 23.231995 0.000000 0.000000 
7.373827 -33.512218 -0.518782 -1.948120 23.481380 0.000000 0.000000 
7.884547 -33.641541 1.304168 -2.619164 23.421303 0.000000 0.000000 
7.337908 -34.007565 0.055719 -3.771820 22.393391 0.000000 0.000000 
7.317441 -34.081337 0.020616 3.182098 28.022490 0.000000 0.000000 
7.710179 -34.194054 0.997784 2.293358 26.694185 0.000000 0.000000 
7.695429 -35.163612 0.772830 3.015259 28.501671 0.000000 0.000000 
6.707955 -35.350533 0.283446 -1.598953 24.273546 0.000000 0.000000 
6.875585 -38.103184 3.303919 0.170799 22.865101 0.000000 0.000000 
9.278630 -40.119045 -2.615840 3.771454 24.113781 0.000000 0.000000 
9.311154 -40.149174 -1.180814 8.447708 27.431236 0.000000 0.000000 
3.406741 -41.407139 4.924439 0.787025 24.231121 0.000000 0.000000 
16.213043 -40.797741 2.073620 -1.661682 18.640505 0.000000 0.000000 
23.098482 -3.414889 9.628355 -8.120857 24.927996 0.000000 0.000000 
19.831274 -13.708732 4.013721 -9.208534 22.766066 0.000000 0.000000 
24.529079 -2.860764 2.245433 -9.428032 25.537037 0.000000 0.000000 
24.795156 -2.603551 0.420678 -7.148224 24.876362 0.000000 0.000000 
26.546906 -3.601467 0.284603 -8.404182 26.066601 0.000000 0.000000 
23.719213 -21.604713 0.928303 5.451684 31.128294 0.000000 0.000000 
23.621164 -21.744041 0.499591 1.090828 27.035486 0.000000 0.000000 
23.786961 -21.900280 0.030877 -6.687256 18.933357 0.000000 0.000000 
22.745277 -23.574783 3.977033 -3.633133 21.621326 0.000000 0.000000 
24.101303 -23.876198 4.427659 -4.341011 21.286640 0.000000 0.000000 
24.628807 -23.354351 -1.412271 -5.142258 22.413109 0.000000 0.000000 
24.782084 -51.267822 2.537122 -1.393745 21.322300 0.000000 0.000000 
25.089788 -51.290653 2.655189 0.459618 22.493225 0.000000 0.000000 
17.015951 8.544043 0.474261 10.332664 37.603165 0.000000 0.000000 
17.088245 8.625175 0.310288 10.113350 37.953747 0.000000 0.000000 
18.518805 8.463392 -0.672152 1.739014 34.674686 0.000000 0.000000 
18.864664 8.553885 0.233354 -5.388603 24.770451 0.000000 0.000000 
18.331242 9.826039 0.005141 10.320358 42.064003 0.000000 0.000000 
18.636848 9.630894 -0.236004 8.976996 39.403275 0.000000 0.000000 
34.336811 15.244744 1.121197 -1.813431 20.513945 0.000000 0.000000 
21.252018 17.135771 5.990918 2.739120 23.414640 0.000000 0.000000 
20.491398 19.822269 7.780532 0.255409 21.159840 0.000000 0.000000 
22.502619 30.359926 0.832056 0.433533 20.839222 0.000000 0.000000 
22.908978 30.110863 0.790811 -5.591095 16.726349 0.000000 0.000000 
22.669792 30.519308 1.167838 -1.855843 21.831738 0.000000 0.000000 
22.204931 30.931356 0.502578 0.109047 21.053421 0.000000 0.000000 
33.635235 20.193718 -1.144275 3.756020 16.360764 0.000000 0.000000 
36.226383 20.180737 5.020479 5.676811 16.475142 0.000000 0.000000 
44.463127 19.130190 0.310536 5.700478 15.535250 0.000000 0.000000 
2.342549 -7.239061 -0.223231 -11.319374 39.806805 0.000000 0.000000 
2.590728 -7.626715 -0.253907 -2.588615 42.736240 0.000000 0.000000 
2.655053 -7.637339 -0.207690 -0.543427 43.899666 0.000000 0.000000 
2.252691 -8.097752 -0.093148 -7.635658 38.559822 0.000000 0.000000 
2.362427 -8.095304 0.014041 -3.270180 42.199024 0.000000 0.000000 
2.732220 -8.103653 0.158640 -4.640717 42.141148 0.000000 0.000000 
2.346075 -0.967005 0.034997 -13.763992 49.549675 0.000000 0.000000 
2.492922 -0.974760 0.035217 -13.586693 55.088696 0.000000 0.000000 
2.414012 -2.020877 0.031808 -24.732220 32.046772 0.000000 0.000000 
2.443080 -2.074536 0.005185 -27.040150 40.641937 0.000000 0.000000 
2.418053 -2.502769 0.136073 -23.619057 41.155430 0.000000 0.000000 
2.462746 -2.596675 0.055737 -22.192619 39.975704 0.000000 0.000000 
2.402456 -2.855743 -0.024153 -19.824783 43.374729 0.000000 0.000000 
2.405052 -3.125005 -0.102382 -28.442432 38.303886 0.000000 0.000000 
2.454958 -3.536390 0.090925 -14.255409 45.423428 0.000000 0.000000 
2.484905 -3.516917 0.109002 -13.368076 45.954876 0.000000 0.000000 
2.512597 -3.615179 0.072506 -9.812889 47.604050 0.000000 0.000000 
2.436703 -3.953939 0.038756 -18.955837 41.866600 0.000000 0.000000 
2.454300 -4.138270 0.032927 -14.894235 41.545525 0.000000 0.000000 
2.474817 -4.185156 0.061651 -15.064762 43.831924 0.000000 0.000000 
2.430680 -4.472394 -0.088903 -17.919559 39.311443 0.000000 0.000000 
2.414373 -4.559782 -0.029396 -22.765640 31.183853 0.000000 0.000000 
2.455296 -4.546170 -0.089953 -21.019203 36.903866 0.000000 0.000000 
2.462644 -4.607620 -0.098357 -20.211887 36.175945 0.000000 0.000000 
2.443604 -5.071705 0.058954 -12.486317 34.939888 0.000000 0.000000 
2.465827 -5.161012 0.095917 -11.479786 34.721542 0.000000 0.000000 
2.447069 -5.498982 0.002702 -1.782730 38.755806 0.000000 0.000000 
2.448783 -5.500130 0.036645 0.693043 41.744465 0.000000 0.000000 
2.470872 -6.254308 0.079474 -9.003300 34.966919 0.000000 0.000000 
2.480977 -6.360991 0.009423 -5.738876 34.479233 0.000000 0.000000 
2.477445 -6.472973 -0.138063 -7.693672 32.815357 0.000000 0.000000 
2.425137 -6.742048 0.070508 -8.555550 28.964834 0.000000 0.000000 
2.478668 -6.742558 0.124259 -7.036194 28.628357 0.000000 0.000000 
2.464917 -6.796763 -0.084590 -5.877068 26.999550 0.000000 0.000000 
2.409904 -7.057536 -0.144786 -7.839317 28.465954 0.000000 0.000000 
2.446111 -7.225361 -0.068176 -2.636703 30.156475 0.000000 0.000000 
2.428205 -7.233364 0.020262 -3.985641 29.893131 0.000000 0.000000 
2.336749 -7.517945 0.037982 -9.851974 28.919125 0.000000 0.000000 
2.280776 -7.532954 0.109938 -7.535172 28.247459 0.000000 0.000000 
2.386959 -7.658174 0.096672 -7.691986 28.047825 0.000000 0.000000 
2.321286 -7.941042 0.118769 -3.693535 30.204107 0.000000 0.000000 
2.291525 -8.228343 -0.174540 -9.614319 28.611452 0.000000 0.000000 
2.284919 4.774998 -0.010323 -28.681805 22.713778 0.000000 0.000000 
2.413339 4.824546 -0.028215 -27.885773 25.420021 0.000000 0.000000 
2.661218 5.026361 0.125338 -28.297977 23.069494 0.000000 0.000000 
2.476038 5.387558 -0.079903 -37.530231 18.208347 0.000000 0.000000 
2.336649 6.006574 -0.076043 -41.640957 16.456577 0.000000 0.000000 
2.331857 6.483176 -0.052759 -38.653027 18.866646 0.000000 0.000000 
2.292322 6.959373 0.037453 -10.903999 42.785057 0.000000 0.000000 
2.319358 6.984703 0.041101 -11.257866 44.454735 0.000000 0.000000 
2.385370 7.449979 -0.080700 -26.755512 29.965647 0.000000 0.000000 
2.290852 7.628466 -0.074239 -30.841103 26.881952 0.000000 0.000000 
2.287938 7.908090 -0.037706 -21.374771 32.012749 0.000000 0.000000 
2.373484 7.974472 -0.031299 -21.945992 34.643848 0.000000 0.000000 
2.411698 8.407301 -0.019917 -24.869339 28.346102 0.000000 0.000000 
2.264158 8.591366 -0.147166 -37.665771 22.594995 0.000000 0.000000 
2.268267 8.953043 0.017915 -8.485962 40.425644 0.000000 0.000000 
2.302104 9.001040 0.021726 -6.639362 42.111397 0.000000 0.000000 
2.330612 9.754593 -0.096534 -22.588402 24.632137 0.000000 0.000000 
2.295515 -8.607502 0.043789 -21.589256 23.113152 1.000000 1.000000 
5.514177 22.896078 0.164025 -23.167061 8.896954 1.000000 1.000000 
5.444839 22.981373 0.218451 -27.132133 10.482944 1.000000 1.000000 
5.562353 22.961205 0.115998 -24.771523 12.492912 1.000000 1.000000 
5.315884 23.120632 -0.076422 -18.036980 14.194689 1.000000 1.000000 
5.518354 23.345491 0.058230 -29.032806 8.799007 1.000000 1.000000 
5.476281 23.422852 0.188822 -19.751106 14.806952 1.000000 1.000000 
5.100733 23.554794 -0.366939 -26.452003 10.846569 1.000000 1.000000 
5.529957 23.755335 0.080783 -23.536812 12.113235 1.000000 1.000000 
5.738775 23.732548 0.178298 -29.549919 6.298511 1.000000 1.000000 
5.513494 23.793695 0.100009 -25.592995 11.295525 1.000000 1.000000 
5.612430 24.336998 0.020267 -22.834145 12.954960 1.000000 1.000000 
5.180534 24.550146 0.122171 -25.682686 10.398365 1.000000 1.000000 
5.773449 24.539139 0.235088 -22.528519 13.790216 1.000000 1.000000 
5.352636 25.223421 0.291251 -25.722565 12.054951 1.000000 1.000000 
5.286426 25.298878 0.153838 -22.713478 14.097305 1.000000 1.000000 
5.376223 25.339691 0.079245 -25.127762 12.713589 1.000000 1.000000 
5.284787 25.573498 -2.482699 -26.805733 11.044304 1.000000 1.000000 
5.488008 25.650419 0.003235 -22.090332 13.936340 1.000000 1.000000 
5.180336 25.765152 0.069577 -24.826080 10.503445 1.000000 1.000000 
5.167843 25.904955 0.122449 -26.345612 10.172359 1.000000 1.000000 
5.359480 26.164165 0.457578 -21.003395 15.600677 1.000000 1.000000 
5.257310 26.219744 0.242021 -26.633965 10.791515 1.000000 1.000000 
5.242205 26.312300 0.368072 -23.281342 11.877213 1.000000 1.000000 
5.391274 26.418751 0.248997 -25.964714 10.350159 1.000000 1.000000 
5.265963 26.479971 0.042724 -22.897087 11.700092 1.000000 1.000000 
5.336238 26.664995 0.340874 -25.243896 12.109829 1.000000 1.000000 
5.411657 26.992479 0.375001 -18.724762 15.642778 1.000000 1.000000 
5.191987 27.174490 0.412265 -24.447235 12.206841 1.000000 1.000000 
5.236027 27.184151 0.352486 -24.794983 11.521996 1.000000 1.000000 
5.248663 27.362473 0.312003 -24.360306 11.160358 1.000000 1.000000 
5.423779 27.519884 0.233205 -21.465408 14.692375 1.000000 1.000000 
5.327759 27.559589 0.172980 -16.728745 18.734549 1.000000 1.000000 
5.268908 27.967848 0.258230 -17.039268 16.729788 1.000000 1.000000 
5.175187 28.077019 -0.147146 -19.342567 15.332354 1.000000 1.000000 
5.494724 28.254450 0.191734 -22.408646 14.827137 1.000000 1.000000 
5.609495 28.669872 -1.814955 -24.487823 13.200687 1.000000 1.000000 
5.152721 29.364622 0.361037 -24.069984 12.968925 1.000000 1.000000 
5.149374 29.396378 0.697011 -24.813400 10.661816 1.000000 1.000000 
5.458240 29.380499 -0.200560 -26.101395 8.550774 1.000000 1.000000 
5.249331 29.684500 0.394389 -26.828583 10.566540 1.000000 1.000000 
5.272751 29.737890 0.434848 -17.444626 16.934891 1.000000 1.000000 
5.261546 29.847509 -0.470143 -26.161606 10.703655 1.000000 1.000000 
5.285728 30.066185 0.487437 -27.807755 9.081131 1.000000 1.000000 
5.346290 30.146368 0.617377 -27.134880 11.392727 1.000000 1.000000 
5.175019 30.256922 -0.225957 -29.290718 8.060474 1.000000 1.000000 
5.256787 30.407106 -0.059272 -19.336327 13.897924 1.000000 1.000000 
5.313663 30.499743 -0.218336 -25.234726 9.448139 1.000000 1.000000 
5.247163 30.531193 -0.201746 -22.814072 12.034260 1.000000 1.000000 
4.968224 30.616962 -0.216991 -28.669464 8.556107 1.000000 1.000000 
4.888085 30.745943 0.263699 -26.121712 8.011780 1.000000 1.000000 
5.279353 30.841433 -0.079677 -28.273857 7.980403 1.000000 1.000000 
5.267924 30.844809 -0.018090 -29.616920 8.178829 1.000000 1.000000 
5.182880 31.068556 0.112673 -26.796379 10.840134 1.000000 1.000000 
4.939279 31.131653 -0.017391 -24.076591 11.209011 1.000000 1.000000 
5.121951 31.214909 0.131265 -23.144119 11.116848 1.000000 1.000000 
5.163089 31.463068 0.056529 -22.193954 12.205559 1.000000 1.000000 
5.099654 31.508572 -0.009055 -23.218376 12.657867 1.000000 1.000000 
5.206487 31.558825 -0.211934 -27.198380 10.282978 1.000000 1.000000 
5.171263 31.902189 0.426183 -23.964569 11.384361 1.000000 1.000000 
5.086636 31.973457 0.127332 -23.460648 12.085403 1.000000 1.000000 
5.119253 31.973833 0.370047 -13.818718 16.661331 1.000000 1.000000 
5.055916 32.791412 -0.232783 -21.677605 11.634369 1.000000 1.000000 
4.979903 33.739868 -0.055585 -24.350647 11.443020 1.000000 1.000000 
5.001899 34.454578 0.090568 -24.684959 9.251011 1.000000 1.000000 
5.052434 34.490868 0.011408 -25.115692 8.763725 1.000000 1.000000 
5.033496 34.624718 -0.388654 -28.223183 7.486007 1.000000 1.000000 
4.944642 35.463753 -0.086368 -28.497093 6.533042 1.000000 1.000000 
5.018497 35.466766 -0.594140 -28.822609 7.251911 1.000000 1.000000 
5.177667 35.913342 0.239523 -28.811272 7.300731 1.000000 1.000000 
-6.014510 -1.065208 -0.558407 -0.262970 50.505066 0.000000 0.000000 
-6.017255 -1.024763 -0.591321 4.993713 55.294109 0.000000 0.000000 
-6.069450 -1.029637 -0.609439 7.103977 57.851582 0.000000 0.000000 
-6.825838 0.012552 0.105666 1.269859 49.642685 0.000000 0.000000 
-6.939310 0.013640 0.155349 6.150105 55.740318 0.000000 0.000000 
2.403799 -8.946340 -0.060026 -2.086525 40.514927 0.000000 0.000000 
2.485662 -8.959644 -0.039793 -1.867012 41.543861 0.000000 0.000000 
2.437549 -9.466914 0.178019 0.624413 41.603642 0.000000 0.000000 
2.414469 -9.510742 0.133038 3.563622 45.870647 0.000000 0.000000 
2.268236 -10.121974 -0.215426 -8.771729 35.259277 0.000000 0.000000 
2.415981 -10.248188 -0.132361 -4.909378 38.625027 0.000000 0.000000 
2.488703 -10.223915 -0.064659 -4.162552 39.655052 0.000000 0.000000 
2.227642 -10.551926 -0.182402 -5.334457 35.785416 0.000000 0.000000 
2.300295 -10.531233 -0.210364 -2.232979 39.815212 0.000000 0.000000 
1.961655 -10.838837 -0.470978 -3.884514 37.317348 0.000000 0.000000 
2.126324 -10.863095 -0.320672 -3.670647 37.390575 0.000000 0.000000 
2.171834 -10.954728 -0.352367 -7.545662 34.175560 0.000000 0.000000 
2.230809 -11.041807 -0.270529 -7.562157 35.357235 0.000000 0.000000 
2.306782 -11.135647 -0.143693 -9.152359 34.089203 0.000000 0.000000 
-6.288019 -10.496576 -2.893399 -9.343636 31.981224 0.000000 0.000000 
-6.241846 -10.936941 -3.160250 -10.856354 32.904682 0.000000 0.000000 
-6.965827 -15.027046 4.363986 -16.817772 22.740269 0.000000 0.000000 
-7.130224 -15.550060 -4.688317 -9.949684 27.618347 0.000000 0.000000 
-6.491361 -16.243645 -2.993361 -8.893013 26.409578 0.000000 0.000000 
-6.487604 -17.138252 -2.197240 -9.364738 23.906311 0.000000 0.000000 
-18.255804 -2.047819 -0.508414 3.194923 42.434380 0.000000 0.000000 
-18.225929 -2.695387 -0.067991 3.298828 41.678715 0.000000 0.000000 
-18.409119 -2.554427 -0.287575 3.106102 39.431389 0.000000 0.000000 
-18.682014 -2.071788 -0.273879 6.902245 44.108334 0.000000 0.000000 
-18.681274 -2.103627 -0.283168 7.270294 44.957241 0.000000 0.000000 
-20.005907 -0.825480 4.453970 -14.023811 22.087412 1.000000 1.000000 
-23.277510 5.198591 -3.521243 -5.778664 25.828068 0.000000 1.000000 
-10.627156 -28.362888 9.821769 -4.613663 25.427441 0.000000 1.000000 
14.417540 -27.247604 -0.104229 -1.223160 23.681980 0.000000 0.000000 
13.301277 -28.790588 1.470072 -0.497917 26.716146 0.000000 0.000000 
13.922887 -36.926945 0.586510 -1.225754 20.639820 1.000000 0.000000 
10.001390 -39.964771 2.656147 3.146683 23.590359 0.000000 0.000000 
-6.220221 -44.127911 -3.065733 -2.278961 19.822916 0.000000 1.000000 
-106.931992 -3.439476 6.119858 9.016623 17.379173 0.000000 0.000000 
-107.001656 -3.811757 7.473572 11.396164 19.660423 0.000000 0.000000 
-107.279404 -0.774440 4.141880 15.032814 22.778042 0.000000 0.000000 
-107.287025 -0.996609 5.707242 14.090530 21.311018 0.000000 0.000000 
-107.405060 -5.584712 5.210178 9.168120 20.234194 0.000000 0.000000 
-107.501831 -5.961743 5.060016 10.893784 19.771685 0.000000 0.000000 
-107.469315 -8.495603 1.543466 8.302513 16.114283 0.000000 0.000000 
-115.468201 -2.469097 7.301076 12.380699 19.866394 0.000000 0.000000 
-115.474220 -2.487286 6.136602 10.440598 16.842922 0.000000 0.000000 
56.183640 -103.328629 5.602455 17.539009 17.546932 0.000000 0.000000 
55.989326 -103.544250 5.257829 21.116081 21.616962 0.000000 0.000000 
56.233917 -103.529907 6.943188 15.767876 15.870605 0.000000 0.000000 
64.466393 -109.078903 6.569963 22.671974 21.241810 0.000000 0.000000 
60.095325 -147.730713 7.066329 19.169243 17.513233 0.000000 0.000000 
4.349855 -4.812042 0.167435 -17.760559 24.731157 1.000000 1.000000 
2.402061 -8.426452 0.143000 -8.969933 27.559284 0.000000 0.000000 
2.462416 -8.459253 -1.672653 -10.573555 22.077705 0.000000 0.000000 
2.274405 -8.754799 -0.012181 -1.621597 35.413395 0.000000 0.000000 
2.255050 -8.955761 -0.005192 4.846184 38.334671 0.000000 0.000000 
2.244946 -8.959192 -0.018969 3.198349 39.388542 0.000000 0.000000 
2.165090 -9.420622 -0.074736 -1.348198 33.377422 0.000000 0.000000 
2.146245 -9.488798 -0.050290 -4.772957 30.168873 0.000000 0.000000 
2.192251 -9.684506 -0.292059 -3.364288 29.479445 0.000000 0.000000 
2.210912 -9.792259 -0.334840 -4.422562 28.422001 0.000000 0.000000 
2.187937 -9.954220 -0.244756 -3.718689 31.356171 0.000000 0.000000 
2.318133 -10.127675 -0.212676 -2.554909 30.351677 0.000000 0.000000 
2.244528 -10.216188 0.296399 -2.943146 31.322573 0.000000 0.000000 
2.222651 -10.363663 0.108377 -4.397339 30.234602 0.000000 0.000000 
2.253641 -10.600158 -0.000254 -1.246216 33.577324 0.000000 0.000000 
2.285362 -10.614202 0.034680 -2.518517 32.430096 0.000000 0.000000 
2.198515 -11.049586 -0.401914 1.277473 36.942722 0.000000 0.000000 
2.155305 -11.110509 -0.220793 1.729851 36.669197 0.000000 0.000000 
2.133178 -11.601295 0.296028 -5.739677 30.925613 0.000000 0.000000 
11.572743 -3.710420 2.983164 -3.596443 31.711666 0.000000 0.000000 
11.938897 -3.169989 -0.069413 8.902321 40.494503 0.000000 0.000000 
4.146157 -12.296251 3.171324 -7.733871 24.777258 0.000000 1.000000 
4.084094 -12.368400 3.229608 -8.802238 26.354151 0.000000 1.000000 
-5.880275 -11.795097 -4.434514 -7.125397 24.000462 0.000000 0.000000 
13.908364 -2.769191 0.674307 1.565598 34.535168 0.000000 0.000000 
14.044984 -2.807703 0.685885 -1.467049 29.318527 0.000000 0.000000 
-7.238139 -13.346714 -0.376513 -0.887848 25.102016 0.000000 0.000000 
15.851452 -0.909556 -0.522878 1.088852 35.001545 0.000000 0.000000 
15.901772 -1.016430 -0.904253 -1.688858 33.642738 0.000000 0.000000 
-6.324460 -15.567401 -2.403992 -6.392792 25.245764 0.000000 0.000000 
-6.202600 -15.739882 -2.312362 -2.650757 27.653826 0.000000 0.000000 
17.048588 0.405985 -0.705280 7.780610 40.748619 0.000000 0.000000 
-6.381459 -17.764740 -1.732143 -8.384079 24.467604 0.000000 0.000000 
-6.852037 -19.510529 -2.411783 -12.093994 24.014702 0.000000 0.000000 
21.563698 -0.505865 0.364409 -4.695969 31.601707 0.000000 0.000000 
22.896303 -2.511055 -0.752047 -13.818321 25.322670 0.000000 0.000000 
21.898460 9.588541 0.782793 5.004089 37.426609 0.000000 0.000000 
21.718046 10.174403 0.859825 4.682023 32.187248 0.000000 0.000000 
13.321175 -21.507378 -0.319778 -10.523521 22.136362 0.000000 1.000000 
6.620535 -26.064083 -0.636056 -9.678391 21.907671 0.000000 0.000000 
27.451670 0.491597 0.608238 2.538559 31.515488 0.000000 0.000000 
24.542479 -15.332197 2.991882 -0.897812 27.224730 0.000000 0.000000 
25.383032 -14.821363 0.896528 -0.660805 29.910757 0.000000 0.000000 
29.432817 0.691486 1.935924 -6.151543 23.203096 0.000000 0.000000 
25.799059 -15.016328 0.804067 -3.946060 25.289289 0.000000 0.000000 
27.762281 9.013771 -1.067452 -3.758942 23.054451 0.000000 0.000000 
32.579464 1.390434 1.265010 12.604813 36.952560 0.000000 0.000000 
28.403601 15.320710 0.984688 7.307098 31.633615 0.000000 0.000000 
38.816387 -0.863001 0.198757 12.325806 34.068050 0.000000 0.000000 
41.669483 -0.111873 1.963931 6.070312 28.444136 0.000000 0.000000 
41.665371 0.102990 2.017492 6.092865 30.142368 0.000000 0.000000 
5.563840 -42.388599 -2.867162 -4.267586 19.466549 0.000000 1.000000 
43.234108 -0.637940 -0.998202 -3.189140 22.220158 0.000000 0.000000 
43.264900 -0.498625 1.411723 6.614288 27.761135 0.000000 0.000000 
42.545631 9.166010 -0.881206 -2.980095 18.121414 0.000000 1.000000 
43.777412 -1.504421 3.337498 -3.648415 19.735882 0.000000 0.000000 
32.594429 -30.252251 2.334479 -7.420677 17.214981 0.000000 1.000000 
43.651031 -9.549200 -2.867871 -1.323044 22.586327 0.000000 1.000000 
43.633934 -9.849184 9.644270 -1.109917 21.211964 0.000000 0.000000 
42.120892 21.937378 1.244587 0.758797 19.090775 0.000000 1.000000 
8.659310 -56.097260 0.882834 2.850861 18.755610 0.000000 0.000000 
6.573743 -57.311829 3.620151 -2.773323 17.480118 0.000000 0.000000 
58.055618 -0.338941 -1.576916 3.536781 22.785774 0.000000 1.000000 
58.041462 1.050613 0.472442 13.853226 29.750807 0.000000 0.000000 
8.736428 -58.917656 2.951771 -1.648979 15.643410 0.000000 0.000000 
61.974194 -9.174645 3.270229 8.880379 25.481911 0.000000 0.000000 
62.010109 -9.320607 2.713551 10.294830 25.581064 0.000000 0.000000 
62.042202 -10.342428 2.906579 -0.390938 19.930910 0.000000 0.000000 
62.065601 -10.401635 3.141836 4.540680 19.570614 0.000000 0.000000 
62.123718 -10.565546 3.906729 2.821594 18.990189 0.000000 0.000000 
63.984779 -10.033452 3.552596 2.033058 18.531193 0.000000 0.000000 
64.085312 -9.310613 3.854458 2.667403 19.772779 0.000000 0.000000 
57.721527 -31.401234 3.102836 14.619019 28.317196 0.000000 0.000000 
57.817436 -31.422283 3.998379 17.585556 29.292849 0.000000 0.000000 
57.567238 -32.114262 6.358864 16.429367 28.909325 0.000000 0.000000 
66.145401 -11.438524 -0.451088 -3.691879 16.609304 0.000000 0.000000 
66.307243 -11.132555 1.625116 2.306198 18.990152 0.000000 0.000000 
66.694359 -10.817662 -0.556535 9.586188 27.375397 0.000000 0.000000 
66.705414 -10.926200 0.211842 13.652519 28.624676 0.000000 0.000000 
5.449244 -67.976143 1.552892 2.038567 17.445066 0.000000 0.000000 
4.975096 -68.010239 -1.717903 3.791191 18.602190 0.000000 0.000000 
67.602768 -11.233457 7.653631 1.737862 17.497730 0.000000 0.000000 
69.696892 -10.624733 5.685760 5.573647 18.932791 0.000000 0.000000 
58.506924 -42.189758 4.286312 7.558311 22.427637 0.000000 0.000000 
58.159843 -42.945572 5.859076 13.442612 26.890228 0.000000 0.000000 
32.143417 -66.307343 2.492559 5.031907 18.473820 0.000000 0.000000 
8.168458 -77.180710 -1.216584 13.088959 26.077656 0.000000 0.000000 
8.006994 -77.224823 -1.306593 16.277916 28.943703 0.000000 0.000000 
57.306667 -56.613251 6.198611 4.697548 18.082584 0.000000 0.000000 
81.858688 -12.462866 7.521971 4.584251 18.073050 0.000000 0.000000 
56.119686 -63.843117 4.891515 10.164917 18.453619 0.000000 0.000000 
86.973251 -9.110051 9.160723 6.833313 18.280106 0.000000 0.000000 
57.604481 -67.896790 5.384931 18.113464 25.574150 0.000000 0.000000 
58.059002 -67.770332 5.208021 16.317825 23.866585 0.000000 0.000000 
88.658257 9.174321 0.304128 13.568825 22.805519 0.000000 0.000000 
89.195679 -10.573061 8.806364 8.808411 22.001682 0.000000 0.000000 
90.373650 11.812561 2.968899 13.526268 21.649303 0.000000 0.000000 
90.739616 8.913886 0.174571 15.772461 25.118959 0.000000 0.000000 
91.101219 -10.169513 5.575254 2.515640 15.857933 0.000000 0.000000 
91.307541 -10.501332 9.631270 6.855736 22.078161 0.000000 0.000000 
91.247276 -11.086003 9.909019 8.403656 24.139942 0.000000 0.000000 
91.354652 -12.730222 13.551913 13.585083 23.923037 0.000000 0.000000 
91.479324 -12.267966 11.628266 8.069556 19.483227 0.000000 0.000000 
91.532425 -11.911941 12.283937 8.486023 19.407547 0.000000 0.000000 
91.516602 -12.679146 15.079622 11.661880 22.288435 0.000000 0.000000 
91.689713 -12.233919 14.034498 -0.690788 17.678793 0.000000 0.000000 
91.815643 -12.774169 10.712090 9.281334 19.329550 0.000000 0.000000 
91.971176 -12.278678 11.550844 8.658707 18.375246 0.000000 0.000000 
92.589279 -11.838214 10.131344 5.602654 17.778147 0.000000 0.000000 
92.671257 -12.891294 13.513909 8.261612 17.492319 0.000000 0.000000 
95.188026 -11.564059 4.965858 4.909752 14.459148 0.000000 0.000000 
95.224365 -11.292140 8.264792 9.248627 16.716711 0.000000 0.000000 
96.256493 -12.493951 8.563442 8.055511 17.856146 0.000000 0.000000 
96.237946 -12.995687 7.549413 9.874435 18.814804 0.000000 0.000000 
97.521767 -11.744134 7.453279 7.301987 17.071402 0.000000 0.000000 
108.469208 -10.232002 8.353599 11.626587 18.041714 0.000000 0.000000 
113.506897 -9.034624 13.517079 12.113693 17.487131 0.000000 0.000000 
113.572739 -8.496194 14.342612 15.464996 20.521236 0.000000 0.000000 
113.627495 -8.394656 16.053865 10.525154 16.203405 0.000000 0.000000 
114.451248 -8.033785 10.313013 13.408409 17.737442 0.000000 0.000000 
55.459259 -103.652321 -1.499778 16.738670 20.930956 0.000000 0.000000 
55.491974 -103.636200 -1.386831 16.783943 21.200436 0.000000 0.000000 
118.337936 0.127439 1.791900 9.925247 20.910093 0.000000 0.000000 
118.516487 -0.883404 0.225506 4.873330 15.156376 0.000000 0.000000 
119.918236 -0.920791 0.527370 4.733841 11.127037 0.000000 0.000000 
119.980659 -0.816383 -1.989909 11.663330 16.504803 0.000000 0.000000 
124.673355 8.121406 -3.706420 10.892288 15.195135 0.000000 0.000000 
10.645688 -129.267227 -0.217928 13.431046 16.377712 0.000000 0.000000 
7.355888 -130.694443 -2.211449 10.370667 14.202230 0.000000 0.000000 
132.999054 -12.450828 7.015951 11.806862 16.676716 0.000000 0.000000 
8.354913 -134.342010 2.248652 16.130211 18.837322 0.000000 0.000000 
6.535423 -135.667175 -1.292852 12.945007 17.855360 0.000000 0.000000 
136.676910 10.584189 -3.682179 16.363312 17.384722 0.000000 0.000000 
8.107089 -138.098114 2.199052 11.693161 14.238174 0.000000 0.000000 
138.249191 12.033464 -0.723505 18.872597 20.547188 0.000000 0.000000 
7.933091 -140.806198 -1.077874 12.003189 14.416447 0.000000 0.000000 
8.083838 -142.149841 -8.202246 13.746506 15.366354 0.000000 0.000000 
142.296875 12.731083 0.788237 19.824066 21.272657 0.000000 0.000000 
7.871828 -143.393585 0.005635 23.253532 25.903082 0.000000 0.000000 
7.332411 -144.658295 -3.285660 21.933777 23.093048 0.000000 0.000000 
144.407104 12.146756 4.302803 14.747795 16.522598 0.000000 0.000000 
6.532608 -145.921402 -4.256224 18.635963 20.188976 0.000000 0.000000 
7.634657 -147.106506 -2.208309 25.373390 27.233562 0.000000 0.000000 
8.657403 -148.285217 -3.857192 21.517822 22.591364 0.000000 0.000000 
148.515030 12.058960 -0.052645 17.278030 18.101501 0.000000 0.000000 
7.005153 -149.595551 -3.647568 17.789604 19.473904 0.000000 0.000000 
150.330017 11.794641 -2.715533 15.696190 14.970682 0.000000 0.000000 
9.002661 -151.138260 -2.429363 13.435036 15.236126 0.000000 0.000000 
152.739532 10.383444 -4.310768 14.185318 13.559917 0.000000 0.000000 
166.394547 -11.337662 16.227573 14.810852 15.861330 0.000000 0.000000 
58.381680 -158.785370 7.139421 13.190315 14.499960 0.000000 0.000000 
7.984713 -173.357010 -6.472105 20.211731 19.434835 0.000000 0.000000 
175.849304 65.624237 20.652058 33.622200 27.389448 0.000000 0.000000 
185.907043 63.084137 21.756350 27.680992 20.235136 0.000000 0.000000 
1.771548 4.560679 -0.028429 -45.733013 13.995533 1.000000 1.000000 
-0.329015 8.827713 0.008007 -44.861557 15.647005 1.000000 1.000000 
3.003823 10.516216 0.069866 -31.738129 9.903053 1.000000 1.000000 
2.288508 12.324290 0.384188 -16.183578 32.787849 0.000000 0.000000 
2.032745 12.472360 -0.067171 -35.721001 13.925426 1.000000 1.000000 
2.221024 12.839046 -0.998260 -11.531570 34.386032 0.000000 0.000000 
2.197227 13.102537 -1.164641 -10.950722 33.132298 0.000000 0.000000 
2.279353 13.528719 -0.072355 -2.136147 37.733452 0.000000 0.000000 
2.363941 13.952953 -0.105568 -0.033508 41.021095 0.000000 0.000000 
2.170835 14.166332 -0.068074 -28.759315 11.689346 1.000000 1.000000 
2.324372 14.383012 -0.150095 3.043571 42.821178 0.000000 0.000000 
2.312316 14.395163 -0.159532 0.190834 39.375648 0.000000 0.000000 
2.303861 14.495108 -0.148948 2.089012 40.643391 0.000000 0.000000 
2.351025 14.843478 -0.128564 -3.486252 35.476036 0.000000 0.000000 
2.276624 15.183067 0.144184 -9.488564 35.128502 0.000000 0.000000 
2.286679 15.284736 0.185662 -12.752670 36.333839 0.000000 0.000000 
2.525965 15.584000 -0.042152 -32.150047 11.938560 1.000000 1.000000 
2.317101 15.723117 0.317373 -6.469604 35.606258 0.000000 0.000000 
2.329578 15.846187 0.250797 -7.797523 31.683929 0.000000 0.000000 
2.261367 16.178230 -0.179365 -14.752914 33.056648 0.000000 0.000000 
2.057566 16.323219 -0.241846 -17.386024 24.942940 1.000000 1.000000 
2.336137 16.605873 -0.050024 -7.709305 35.164753 0.000000 0.000000 
2.327554 16.714123 -0.014442 -5.839989 33.704418 0.000000 0.000000 
2.190265 16.742897 0.235641 -16.945328 26.561127 0.000000 0.000000 
2.189173 17.230740 -0.036884 -18.654922 27.449181 0.000000 0.000000 
2.281832 17.513220 -0.158791 -3.625275 36.308968 0.000000 0.000000 
2.293065 17.535240 -0.093231 -3.246178 35.151791 0.000000 0.000000 
2.300979 17.950626 0.315884 -6.771011 30.251022 0.000000 0.000000 
2.407954 18.238621 -0.179199 -11.782150 26.533613 1.000000 1.000000 
2.341712 18.262321 0.351502 -3.935562 29.811945 0.000000 0.000000 
2.334511 18.361927 -1.338793 -6.007774 34.111374 0.000000 0.000000 
2.251936 18.701946 0.026967 -11.593277 26.773138 0.000000 0.000000 
2.125763 19.038557 -0.108238 -18.757683 19.367876 1.000000 1.000000 
2.049634 19.478043 0.012951 -21.207947 15.665651 1.000000 1.000000 
2.336306 19.493057 -0.360254 -27.931282 9.959724 1.000000 1.000000 
2.181022 19.742119 -0.063679 3.119072 39.461342 0.000000 0.000000 
2.202084 19.873802 0.172681 2.498459 37.725319 0.000000 0.000000 
-1.893085 20.191456 -1.322100 -28.417671 10.840820 1.000000 1.000000 
2.184046 20.434166 0.350084 -4.188080 32.341782 0.000000 0.000000 
2.250794 20.451107 -0.115154 -1.251053 36.428379 1.000000 1.000000 
2.152313 20.576702 -0.548437 8.313507 44.879944 0.000000 0.000000 
2.215308 20.944832 -0.424750 -0.536118 32.603840 0.000000 0.000000 
2.193891 21.000765 -0.474840 5.510666 40.907593 0.000000 0.000000 
-6.544333 22.896177 0.217557 -7.060226 25.843140 0.000000 0.000000 
-6.545700 23.082666 0.308322 -5.757797 29.579889 0.000000 0.000000 
-7.028053 23.437883 0.152484 -9.117851 28.301128 0.000000 0.000000 
10.632435 22.139172 2.914969 -5.859871 29.166687 0.000000 0.000000 
18.449879 15.060915 3.951478 6.765488 27.928314 0.000000 1.000000 
-7.362932 24.160151 0.820580 -14.109077 24.667356 0.000000 0.000000 
-7.393100 24.161207 0.903202 -13.024483 26.523682 0.000000 0.000000 
3.363509 26.539209 -0.195800 -12.538536 24.542072 0.000000 0.000000 
7.203866 25.818338 9.522120 -11.498108 24.360731 0.000000 0.000000 
-6.144026 26.330788 7.436399 -16.482590 23.929722 0.000000 0.000000 
-3.272601 27.382851 0.284054 -18.403419 22.784807 0.000000 1.000000 
-7.766169 26.760563 4.189104 -14.259148 22.136011 0.000000 0.000000 
-7.396724 26.902922 1.358980 -14.091043 22.377052 0.000000 0.000000 
-7.283442 27.272356 4.631313 -18.858841 19.556616 0.000000 0.000000 
7.777463 27.221682 3.438497 -15.831749 24.820221 0.000000 0.000000 
7.777669 27.272345 3.300148 -11.882294 24.586941 0.000000 0.000000 
7.664896 27.276331 3.560421 -11.052963 24.547783 0.000000 0.000000 
-6.379367 28.127335 0.830809 -19.045639 21.914017 0.000000 0.000000 
24.768742 11.687860 -0.737054 1.341103 13.137463 1.000000 1.000000 
-0.204608 29.783501 1.119539 -18.877251 24.549482 0.000000 0.000000 
8.462071 29.438429 -1.994051 -11.789787 23.929775 0.000000 0.000000 
5.883693 30.454714 3.410774 -15.921304 21.573750 0.000000 0.000000 
25.971437 15.820413 -2.879747 1.600182 18.208485 0.000000 1.000000 
6.766784 31.748795 2.152109 -13.912811 20.699957 1.000000 1.000000 
6.357112 32.093998 -0.070012 -17.603256 20.466980 0.000000 0.000000 
6.743606 32.017555 -0.140710 -16.168724 22.200129 0.000000 0.000000 
6.870985 32.319248 2.138536 -1.902718 31.395300 0.000000 0.000000 
6.949379 32.399925 2.243381 -1.513237 32.544331 0.000000 0.000000 
7.943913 32.152409 12.552567 -14.821899 23.017159 0.000000 0.000000 
6.750444 32.703636 -0.932176 -15.880745 16.279125 1.000000 1.000000 
6.364617 32.978802 -3.393539 -9.916031 24.364449 0.000000 0.000000 
6.809437 33.080513 -3.380890 -11.621078 21.758774 0.000000 0.000000 
6.927049 33.227127 4.974830 -14.124298 20.481365 0.000000 0.000000 
6.939784 33.742088 -0.884870 -0.483551 32.218529 0.000000 0.000000 
6.991684 33.866226 -0.931937 -0.990471 30.215979 0.000000 0.000000 
6.091993 34.334045 -0.659177 -14.118608 19.748531 0.000000 0.000000 
15.424574 30.878960 1.226077 -2.555817 28.829004 0.000000 1.000000 
6.071146 34.793488 -0.326346 -17.700661 20.087646 0.000000 0.000000 
7.674771 34.672527 0.541077 -15.771347 17.498898 0.000000 0.000000 
7.494981 34.715816 3.647832 -15.250665 17.647106 0.000000 0.000000 
7.666902 34.724403 -3.953045 -11.300980 20.929033 0.000000 0.000000 
5.812222 35.534340 3.061841 -17.706131 17.863708 0.000000 0.000000 
8.119097 35.187256 1.651322 -7.259933 27.398100 0.000000 0.000000 
6.550178 35.971729 -0.503579 -9.744843 23.401890 0.000000 0.000000 
6.816331 36.000198 -1.686998 -8.264038 24.829588 0.000000 0.000000 
6.568751 36.318783 4.123907 -2.837639 27.373373 0.000000 0.000000 
25.281368 25.487221 0.569215 2.112358 22.123505 0.000000 1.000000 
6.059107 36.710152 -5.572432 -15.800653 19.649252 0.000000 0.000000 
6.613213 36.911613 2.352300 -7.662323 23.585386 0.000000 0.000000 
6.591232 36.953873 2.253544 -15.300714 20.181404 0.000000 0.000000 
6.709522 37.073727 2.441530 -7.763405 23.757710 0.000000 0.000000 
6.478945 37.380219 6.844834 -14.422409 20.566532 0.000000 0.000000 
4.960167 38.561810 0.044372 -28.468765 5.172924 1.000000 1.000000 
6.002282 38.713947 0.063489 -17.601349 18.591408 0.000000 0.000000 
7.129344 39.345146 0.120458 -12.196640 20.411169 0.000000 0.000000 
7.485910 39.352085 0.217489 -17.416382 16.522100 0.000000 0.000000 
4.735006 39.891972 -0.508353 -25.300087 7.096538 1.000000 1.000000 
6.212498 39.623306 -0.329656 -14.920143 19.532492 0.000000 0.000000 
4.885998 39.889282 0.181828 -27.730156 4.135921 1.000000 1.000000 
21.373888 33.936134 2.263674 -11.064560 16.682936 0.000000 0.000000 
21.441658 33.902313 2.211786 -10.918083 16.980095 0.000000 0.000000 
6.017352 40.342674 12.324631 -15.303575 19.962173 0.000000 0.000000 
5.594826 40.588406 0.702888 -16.369019 19.036682 0.000000 0.000000 
29.523335 27.822842 5.712896 0.392670 17.465691 0.000000 0.000000 
7.381647 41.267509 -1.001218 -13.831429 18.343014 1.000000 1.000000 
6.367188 41.749287 -0.378005 -19.359764 15.946943 0.000000 0.000000 
8.380714 41.393318 2.114369 -15.479927 19.282158 0.000000 0.000000 
7.772142 41.558754 -0.292304 -14.461891 17.526640 0.000000 0.000000 
7.157295 41.712917 -0.729846 -13.375954 19.862700 0.000000 0.000000 
6.911522 41.771519 -1.310729 -8.492485 23.182661 0.000000 0.000000 
7.504349 41.775372 -1.105886 -9.329529 22.384359 0.000000 0.000000 
7.474140 41.991550 -0.998143 -7.212524 24.608900 0.000000 0.000000 
8.898392 41.718666 3.880274 -11.935989 21.340094 0.000000 0.000000 
9.974404 41.557777 4.183096 -12.620850 19.278753 0.000000 0.000000 
9.946950 41.584564 4.189386 -12.971069 20.686165 0.000000 0.000000 
10.332762 41.743679 4.299006 -9.298920 22.417580 0.000000 0.000000 
5.353308 42.801197 -0.633769 -9.119728 21.365023 0.000000 0.000000 
5.174397 42.839565 -0.582415 -9.285660 21.399937 0.000000 0.000000 
5.324875 43.105576 -0.668369 -15.332306 16.629839 0.000000 0.000000 
5.202721 43.580864 -0.506627 -8.806511 20.752428 0.000000 0.000000 
5.188252 43.622501 -0.675707 -14.985435 16.984690 0.000000 0.000000 
5.139366 43.630756 -0.522089 -7.217339 21.035980 0.000000 0.000000 
5.286663 43.687851 -0.436892 -13.879097 17.666277 0.000000 0.000000 
5.228831 43.727448 -0.539801 -7.891541 21.319712 0.000000 0.000000 
5.073812 44.058529 -0.427478 -17.646980 15.818092 0.000000 0.000000 
5.342786 44.034328 -0.734055 -21.351830 10.764080 1.000000 1.000000 
5.199756 44.137215 -0.567388 -11.894554 19.324871 0.000000 0.000000 
7.843053 43.761768 2.892377 -9.450813 22.763672 0.000000 0.000000 
7.965308 43.910610 3.120841 -1.057182 27.496483 0.000000 0.000000 
5.263270 44.462765 -0.532781 -15.104408 14.683134 1.000000 1.000000 
7.229057 44.220581 5.779833 -10.223808 18.968325 0.000000 0.000000 
8.088045 44.058517 3.130524 -7.069221 23.357208 0.000000 0.000000 
7.437955 44.263275 5.753728 -8.080833 20.681295 0.000000 0.000000 
6.681509 44.779076 0.538394 -15.755928 18.276756 0.000000 0.000000 
6.735955 44.875973 5.891644 -14.536407 16.158844 0.000000 0.000000 
7.428856 44.807266 6.409826 -11.254700 18.901102 0.000000 0.000000 
-16.812401 42.150787 1.496050 -13.847084 14.357986 0.000000 1.000000 
14.589013 43.428802 10.755747 -19.285202 11.897388 0.000000 0.000000 
8.361718 45.439274 4.824453 -14.333305 17.750711 0.000000 0.000000 
8.100372 45.784821 4.796437 -16.113678 15.704603 0.000000 0.000000 
11.398691 45.085583 4.911227 -14.129585 17.519922 0.000000 0.000000 
6.235991 46.204880 0.168791 -18.538857 14.996487 0.000000 0.000000 
6.925536 46.510368 -6.574151 -16.320152 16.454660 0.000000 0.000000 
7.086763 46.560001 6.434528 -12.310699 18.949318 0.000000 0.000000 
7.486785 46.815819 1.029610 -11.531456 18.877241 0.000000 0.000000 
6.687780 46.985874 -5.407508 -18.580200 15.837603 0.000000 0.000000 
7.938652 47.172619 4.423199 -9.532364 21.208412 0.000000 0.000000 
7.792511 47.244873 4.706039 -8.750031 21.869154 0.000000 0.000000 
7.261184 47.375736 6.066356 -13.983353 19.420292 0.000000 0.000000 
33.289440 33.386383 0.762271 4.034737 18.477465 0.000000 0.000000 
8.498424 47.549637 -5.944374 -10.210968 20.668896 0.000000 0.000000 
15.134017 45.889805 0.602128 -10.779526 19.849045 0.000000 0.000000 
35.122845 31.502678 1.265662 16.658043 27.458813 0.000000 0.000000 
34.726490 32.214378 0.734203 4.929970 19.561663 0.000000 0.000000 
35.089123 31.790821 1.003232 7.737251 21.446087 0.000000 0.000000 
35.234253 31.742153 1.317331 15.844040 25.651752 0.000000 0.000000 
15.847525 45.933964 1.884505 -9.512352 19.052765 0.000000 0.000000 
15.922516 46.034641 0.963069 -6.415749 19.894123 0.000000 0.000000 
15.739825 46.242348 0.715776 -10.910210 17.045816 0.000000 0.000000 
8.255435 48.548363 4.818869 -7.918526 21.618504 0.000000 0.000000 
8.188259 48.597115 4.319143 -11.844322 18.744381 0.000000 0.000000 
8.025639 48.896442 -5.109464 -14.803505 16.037926 0.000000 0.000000 
7.664684 49.013008 3.952729 -9.625450 18.953182 0.000000 0.000000 
8.909989 48.821007 3.465386 -13.577637 19.561554 0.000000 0.000000 
7.494432 49.264290 5.503784 -6.987549 19.603167 0.000000 0.000000 
7.298856 49.477741 -7.541872 -13.331207 19.203695 0.000000 0.000000 
7.376878 49.476521 4.703003 -8.617531 19.184319 0.000000 0.000000 
7.600422 49.454597 5.266108 -15.536134 16.881819 0.000000 0.000000 
8.843763 49.319954 5.339148 -17.575981 13.859621 0.000000 0.000000 
8.482684 49.417988 4.963985 -18.933640 11.311512 0.000000 0.000000 
6.807502 50.560757 5.913552 -17.753273 14.166582 0.000000 0.000000 
7.702201 51.026676 5.681598 -6.845039 21.325724 0.000000 0.000000 
7.678214 51.202591 -6.171602 -13.012352 16.494967 0.000000 0.000000 
11.951177 50.305748 3.487189 -18.306587 12.283451 1.000000 1.000000 
7.831237 51.178223 5.644158 -4.406296 23.449360 0.000000 0.000000 
7.945018 51.170593 -7.081895 -5.267509 21.139339 0.000000 0.000000 
7.851979 51.222385 -7.067270 -8.881493 17.422602 0.000000 0.000000 
13.029421 50.439915 3.444562 -14.857956 15.868294 0.000000 0.000000 
6.800114 52.111866 5.366136 -11.310585 15.558304 1.000000 1.000000 
12.212446 51.225891 2.974027 -11.236313 17.756306 0.000000 0.000000 
12.544371 51.457684 3.673529 -12.433388 17.532093 0.000000 0.000000 
12.259303 51.541561 3.223274 -12.101151 16.814125 0.000000 0.000000 
12.976989 51.382332 5.483819 -11.793251 16.283480 0.000000 0.000000 
17.812508 49.842651 0.679511 -8.846214 18.290344 0.000000 1.000000 
7.144010 52.821556 5.516695 -14.542542 15.941193 0.000000 0.000000 
6.995409 53.078960 -6.327759 -10.566650 18.231205 0.000000 0.000000 
6.986926 53.135426 -6.659177 -8.652428 17.531342 0.000000 0.000000 
6.973642 53.168110 -6.531909 -11.101372 14.560465 0.000000 0.000000 
7.227592 53.370350 5.744014 -2.614418 21.860695 0.000000 0.000000 
7.419695 53.392326 -7.614952 -4.431908 22.592712 0.000000 0.000000 
7.282405 53.484169 3.700544 -12.665306 16.907187 0.000000 0.000000 
7.468032 53.611374 4.897866 -7.887390 20.987019 0.000000 0.000000 
8.307185 53.600044 5.394128 -10.811119 17.501148 0.000000 0.000000 
6.567811 53.986805 0.830721 -9.385756 21.778793 0.000000 0.000000 
7.905428 54.067589 7.857708 -2.153282 25.530010 0.000000 0.000000 
7.186048 54.219715 -6.651272 0.022240 23.561230 0.000000 0.000000 
8.259029 54.155701 3.422911 -2.243813 24.867470 0.000000 0.000000 
7.317569 54.349937 3.326356 -3.583603 22.186321 0.000000 0.000000 
6.694053 54.820515 -7.241412 -10.958176 18.234772 0.000000 0.000000 
6.425483 54.876858 4.847643 -9.480904 19.445316 0.000000 0.000000 
7.056190 54.803143 -6.267031 -11.500145 15.771238 0.000000 0.000000 
8.440736 54.646759 2.755402 -12.591660 18.211159 0.000000 0.000000 
7.444620 54.814758 5.796163 -7.237007 20.440615 0.000000 0.000000 
6.412120 55.135677 4.368839 -6.288773 21.828482 0.000000 0.000000 
7.418196 55.071171 3.348737 -9.967506 16.653112 1.000000 1.000000 
6.705869 55.267578 4.561482 -8.436073 21.283676 0.000000 0.000000 
6.786467 55.332500 4.105908 -7.490623 20.237946 0.000000 0.000000 
6.874604 55.563099 4.430357 -6.017830 19.342911 0.000000 0.000000 
43.168743 33.546715 1.961422 6.864174 15.047588 1.000000 1.000000 
6.450799 55.933449 4.532119 -9.933838 17.381199 0.000000 0.000000 
7.062558 55.993706 4.322300 -10.514343 17.266319 1.000000 1.000000 
6.823185 56.130375 2.833361 -12.049004 18.169477 0.000000 0.000000 
44.048885 33.564510 2.193598 17.682060 22.181871 0.000000 0.000000 
44.511032 32.894638 0.958641 20.123428 24.887552 0.000000 0.000000 
44.385792 33.108437 2.038715 20.094299 24.100056 0.000000 0.000000 
44.991238 32.195900 1.233923 18.408722 22.444363 0.000000 0.000000 
43.347553 34.712822 1.058712 5.305817 15.591351 0.000000 0.000000 
6.842168 56.883537 4.669084 -14.289299 16.065176 0.000000 0.000000 
7.075850 56.969307 5.316329 -6.619492 21.187675 0.000000 0.000000 
7.027402 56.995941 5.966080 -13.866127 17.904819 0.000000 0.000000 
6.917420 57.144070 4.814690 -6.327217 19.565027 0.000000 0.000000 
7.075979 57.299866 5.083679 -5.023788 21.024418 0.000000 0.000000 
-20.046349 53.977238 0.627579 -14.262009 15.642302 0.000000 1.000000 
6.832961 57.407818 4.288603 -13.053886 17.310806 0.000000 0.000000 
6.808321 57.567173 0.294888 -14.921394 14.738791 0.000000 0.000000 
6.356392 57.914555 3.908190 -14.144783 17.072895 0.000000 0.000000 
7.363184 57.809357 4.817876 -4.392143 22.183392 0.000000 0.000000 
7.703415 57.826313 -5.170615 -13.755989 15.013363 0.000000 0.000000 
7.825585 57.844269 -7.530733 -5.831329 19.530293 0.000000 0.000000 
7.939542 57.830864 -7.971798 -7.033928 17.252785 0.000000 0.000000 
7.522568 58.038990 5.209978 -4.263344 20.816944 0.000000 0.000000 
6.786613 58.198811 6.891715 -10.419655 16.023434 0.000000 0.000000 
7.842046 58.157169 8.555773 -11.935478 15.191469 0.000000 0.000000 
6.236254 58.709648 10.392373 -8.966530 17.193455 0.000000 0.000000 
6.158508 58.816273 9.704799 -5.383072 21.017286 0.000000 0.000000 
6.891222 58.749619 -7.262398 -16.688385 14.408205 0.000000 0.000000 
6.326272 58.903526 10.103469 -9.206337 18.715075 0.000000 0.000000 
8.736205 58.639435 7.753269 -12.374077 15.401188 0.000000 0.000000 
7.909981 59.059990 4.747654 -15.924843 12.666004 0.000000 0.000000 
7.606131 59.514858 2.940278 -12.436264 15.391539 0.000000 0.000000 
7.549644 59.555023 6.851232 -13.014153 14.787096 0.000000 0.000000 
7.706064 59.542976 8.418245 -10.577202 15.112324 0.000000 0.000000 
7.499136 59.921722 3.530722 -18.423721 12.259087 0.000000 0.000000 
7.219348 60.002308 6.915838 -8.547844 16.145771 0.000000 0.000000 
7.025080 60.030209 6.998939 -8.760292 16.071510 0.000000 0.000000 
8.206711 59.914078 5.542053 -16.970314 13.486813 0.000000 0.000000 
7.361021 60.313347 8.489443 -14.972374 10.624378 1.000000 1.000000 
7.413640 60.405544 6.656855 -6.732864 17.590712 0.000000 0.000000 
6.276960 60.552769 2.199380 -11.718765 15.653639 0.000000 0.000000 
6.286529 60.657253 7.702815 -14.408073 11.160751 0.000000 0.000000 
6.217164 60.685925 7.797514 -14.807832 12.240574 0.000000 0.000000 
6.786920 60.905533 8.307902 -12.490906 13.795158 0.000000 0.000000 
-7.590247 61.150005 -1.291161 -0.369675 23.179817 0.000000 0.000000 
6.191777 61.320526 7.330796 -18.671410 9.114204 0.000000 0.000000 
-7.663023 61.152733 -1.309856 -0.359589 22.704014 0.000000 0.000000 
-7.633507 61.255684 -1.235347 2.202042 26.620893 0.000000 0.000000 
-7.659657 61.254612 -1.355652 -5.385490 19.511587 0.000000 0.000000 
-8.229831 61.843033 -1.018835 -14.400902 12.175983 0.000000 0.000000 
-8.202817 62.037399 -1.050232 -15.756561 11.455368 0.000000 0.000000 
-8.526805 61.996323 -1.415168 -16.831177 12.522350 0.000000 0.000000 
-7.862574 62.357407 -1.347377 -12.903557 12.476410 1.000000 1.000000 
-14.356521 61.272461 6.475353 -20.069725 10.366455 0.000000 1.000000 
-8.026357 62.935730 1.653892 -21.100998 10.951778 0.000000 0.000000 
30.913713 54.860950 0.306925 -10.720146 11.645363 0.000000 0.000000 
-7.862768 63.247345 0.547385 -20.316544 9.092052 0.000000 0.000000 
27.446499 57.271732 5.856082 -3.294037 15.711792 0.000000 0.000000 
15.470840 62.111355 0.249208 -18.891342 7.436664 0.000000 0.000000 
51.064667 36.297497 0.898037 0.726875 9.659569 0.000000 0.000000 
7.961349 64.212051 -0.334763 -11.315331 13.051800 0.000000 0.000000 
7.997664 64.260468 -0.905732 -13.079063 12.588390 0.000000 0.000000 
-11.475828 64.440338 0.072882 -9.596756 17.384598 0.000000 0.000000 
21.040739 61.878685 1.187163 -5.313377 18.283875 0.000000 0.000000 
21.139275 62.643234 1.142035 -16.408195 8.720539 1.000000 1.000000 
8.080154 65.934860 -1.338954 -14.654808 10.152168 1.000000 1.000000 
8.184723 66.874802 -1.479406 -12.365776 13.868731 0.000000 0.000000 
8.342095 67.158234 -1.632400 -12.085052 13.678368 0.000000 0.000000 
-12.797554 66.625381 -0.034619 -17.879105 7.582435 1.000000 1.000000 
8.050101 67.631485 -1.736664 -18.821022 7.750518 1.000000 1.000000 
-13.280137 67.176041 -0.320856 -10.151321 13.735836 0.000000 0.000000 
-13.188933 67.209877 -0.320607 -12.639694 10.507954 0.000000 0.000000 
-12.628221 67.335800 2.352658 -9.617516 13.842964 0.000000 0.000000 
-12.826650 67.368431 0.562594 -10.476181 13.812063 0.000000 0.000000 
49.033382 46.939861 -0.554189 1.047020 9.894119 0.000000 0.000000 
49.859257 46.289536 0.700284 2.257133 10.513363 0.000000 0.000000 
43.498112 53.092060 2.843746 -1.082672 13.794950 0.000000 0.000000 
7.906940 69.275536 1.551669 -21.656982 4.545635 1.000000 1.000000 
9.404688 69.242050 -0.300726 -19.966270 6.485187 0.000000 0.000000 
45.202755 52.107555 2.908421 8.160277 16.568354 0.000000 0.000000 
45.081284 52.237499 3.160834 2.324226 12.694111 0.000000 0.000000 
8.389919 69.543823 3.559979 -13.599594 9.826653 1.000000 1.000000 
45.268452 52.227928 3.497118 6.976074 15.309319 0.000000 0.000000 
8.432299 69.647804 1.430112 2.517075 23.455563 0.000000 0.000000 
8.443825 69.852783 1.377507 -12.527000 13.378700 0.000000 0.000000 
8.374944 69.874832 1.455881 5.330086 26.928802 0.000000 0.000000 
8.398804 70.170494 1.231778 -12.053436 12.629601 0.000000 0.000000 
8.446634 70.256104 4.432801 -8.845366 14.304214 0.000000 0.000000 
8.536199 70.345070 5.514871 -9.632545 16.242596 0.000000 0.000000 
8.467210 70.943588 1.392831 -2.707596 17.662941 1.000000 1.000000 
-13.188472 70.631920 2.191764 -10.877007 14.055468 0.000000 0.000000 
-36.285976 62.042282 3.662474 3.742722 20.724192 0.000000 0.000000 
-35.941418 62.267902 3.530601 0.810379 16.301600 0.000000 0.000000 
-36.319920 62.146912 3.839621 2.736946 18.974396 0.000000 0.000000 
-36.080544 62.319618 3.536172 -0.668823 16.410202 0.000000 0.000000 
9.142049 72.059967 2.534733 -19.025284 8.751434 1.000000 1.000000 
9.485313 72.314331 2.833043 -14.382812 9.719223 0.000000 0.000000 
8.929970 72.419838 2.911847 -13.614281 11.414421 0.000000 0.000000 
8.857318 72.545662 3.376940 -12.738548 9.590420 0.000000 0.000000 
10.750051 72.367500 1.514536 -13.728348 13.576820 0.000000 0.000000 
9.451859 72.631317 3.539387 -7.479393 17.442244 0.000000 0.000000 
9.465048 72.747421 2.737868 -12.099922 13.678967 0.000000 0.000000 
-29.229290 67.060524 3.030339 -3.237198 15.546118 0.000000 0.000000 
-29.059357 67.523010 2.937494 -5.639168 14.937120 0.000000 0.000000 
-29.273077 67.434540 3.797561 -6.263290 14.089918 0.000000 0.000000 
-28.516848 67.937256 3.216114 -4.641731 17.069931 0.000000 0.000000 
-29.919622 67.370186 2.875417 -0.121986 21.535032 0.000000 0.000000 
-9.450220 73.467674 2.743542 -9.016731 15.911623 0.000000 0.000000 
-30.117731 67.521057 2.784461 -0.282097 22.096369 0.000000 0.000000 
-28.341578 68.802132 11.298810 -0.499313 20.920750 0.000000 0.000000 
-29.328333 68.401978 5.298270 5.128387 22.578104 0.000000 0.000000 
-29.702982 68.251404 4.954883 1.473152 20.306921 0.000000 0.000000 
-29.332336 68.669624 5.622981 -5.591995 14.548439 0.000000 0.000000 
-30.109804 68.484932 6.007577 0.945618 21.148853 0.000000 0.000000 
-29.796270 68.660866 10.676381 1.428566 19.600222 0.000000 0.000000 
-29.762085 69.008324 5.629887 -3.338524 16.033323 1.000000 1.000000 
-30.157290 68.831345 4.345381 0.284904 19.649584 0.000000 0.000000 
-21.955145 72.088707 6.080861 -6.348648 17.813099 0.000000 0.000000 
-22.981699 71.812546 5.234973 -8.632515 17.861631 0.000000 0.000000 
-9.734078 75.351013 4.269730 -5.464645 18.064642 0.000000 0.000000 
-10.579357 75.240814 -0.696271 -6.008789 17.784639 0.000000 0.000000 
-23.090900 72.501129 5.284650 -1.796303 20.509163 0.000000 0.000000 
-9.209651 75.783768 8.134937 -5.362045 16.951031 0.000000 0.000000 
-10.005633 75.880753 6.596082 -10.731148 14.799891 0.000000 0.000000 
9.427560 76.284897 2.720163 -8.188591 15.828115 0.000000 0.000000 
-22.370937 73.754013 10.150107 -5.518677 13.267307 1.000000 1.000000 
-10.967937 76.924370 5.066118 -8.472908 16.556496 0.000000 0.000000 
-10.909504 77.002190 4.911735 -2.376083 18.761841 0.000000 0.000000 
-23.483244 74.376579 -0.783701 -10.780746 11.789371 0.000000 0.000000 
-22.660851 74.701027 10.513807 1.474945 20.668575 0.000000 0.000000 
-22.746275 74.986107 10.569480 1.365211 18.958815 0.000000 0.000000 
-22.509716 75.089317 11.389515 -4.050301 16.346243 0.000000 0.000000 
55.434166 54.274021 2.191326 2.018790 6.785686 1.000000 1.000000 
-22.814003 75.391411 10.614898 -2.298447 17.080830 1.000000 1.000000 
54.901585 55.421360 2.303513 1.620064 7.838905 0.000000 0.000000 
55.746380 54.790848 1.918671 13.172348 16.787666 0.000000 0.000000 
56.383713 54.181404 2.666427 7.178452 10.523968 0.000000 0.000000 
55.811756 54.871803 1.851052 11.197502 16.972858 0.000000 0.000000 
56.937996 54.156208 3.057820 0.884148 17.324221 0.000000 0.000000 
58.790939 52.596313 3.240995 9.681709 14.234840 0.000000 0.000000 
58.960899 52.578911 3.660172 15.498985 21.002617 0.000000 0.000000 
59.261345 52.809860 4.462339 2.461975 12.033154 1.000000 1.000000 
43.113197 67.540894 2.763645 -2.482285 13.578377 0.000000 0.000000 
-33.219883 73.635139 7.194131 -12.070900 9.632549 0.000000 0.000000 
-34.917244 73.373444 4.246010 -7.679626 13.189743 0.000000 0.000000 
-35.299503 73.212311 9.957206 -5.740906 12.653637 0.000000 0.000000 
-21.400427 79.454872 6.465103 -11.346292 13.028835 0.000000 0.000000 
-22.251806 79.237083 6.760442 -4.162926 17.127720 0.000000 0.000000 
-28.154043 77.755745 3.556640 -10.093613 13.570591 0.000000 0.000000 
-37.945148 73.575951 13.875745 0.980278 16.701502 0.000000 0.000000 
-30.336454 77.801460 9.208647 -2.318909 16.371220 0.000000 0.000000 
-39.555237 73.451889 4.937108 -4.295479 12.816944 0.000000 0.000000 
-28.864094 79.140984 3.549962 -7.309006 11.809872 0.000000 0.000000 
-28.532700 79.280441 3.232279 -8.306641 11.426373 0.000000 0.000000 
-39.884388 74.082436 7.477930 0.213440 15.936687 0.000000 0.000000 
-28.629391 79.417961 7.663401 -3.854065 18.065121 0.000000 0.000000 
-28.257353 79.580208 5.620623 -1.189163 19.186510 0.000000 0.000000 
-28.250349 79.670219 5.936972 1.669441 21.268232 0.000000 0.000000 
13.351939 83.988213 11.541504 -10.744644 15.658772 0.000000 0.000000 
-30.396326 79.658958 8.419326 -4.861305 16.019159 0.000000 0.000000 
-32.526096 79.345482 9.632162 -6.584045 11.834160 0.000000 0.000000 
65.433586 53.938850 6.090312 11.305252 13.929585 0.000000 0.000000 
-30.242378 80.820099 11.005205 -11.500702 11.793785 0.000000 0.000000 
-29.563831 81.390480 9.689063 -3.481369 16.462826 0.000000 0.000000 
52.860325 68.401283 3.026560 7.856820 17.267841 0.000000 0.000000 
52.850128 68.777763 4.980901 5.486832 17.812939 0.000000 0.000000 
41.858654 77.987404 3.100854 2.064873 16.456570 0.000000 0.000000 
39.914085 79.516907 2.457044 0.985558 17.515656 0.000000 0.000000 
40.147232 79.435562 2.965186 -0.449417 15.453800 0.000000 0.000000 
40.831985 79.899414 3.074241 -7.621422 8.205601 1.000000 1.000000 
-50.399147 75.131973 9.479435 -2.684616 10.411015 0.000000 0.000000 
-32.034920 85.192001 12.174587 -11.049034 8.826725 0.000000 0.000000 
54.541832 72.534264 1.400640 -3.749504 8.936218 0.000000 1.000000 
-32.355965 85.435638 12.164581 -6.228745 11.253376 0.000000 0.000000 
-21.593233 89.238579 6.243507 -14.339645 8.207348 1.000000 1.000000 
-38.194122 83.290428 12.304838 -9.270630 9.275448 0.000000 0.000000 
-32.987404 85.954201 14.272812 -13.016724 8.487072 0.000000 0.000000 
-33.322678 85.926140 12.337639 -4.797829 12.200256 0.000000 0.000000 
-22.911757 89.878403 6.589267 -12.574913 11.504436 0.000000 0.000000 
-22.416828 90.052696 6.307180 -7.130646 11.912632 0.000000 0.000000 
-21.903265 90.486862 6.375761 -4.092079 15.883142 0.000000 0.000000 
-21.359587 90.648987 6.952569 -12.859749 8.017509 0.000000 0.000000 
11.007104 92.626358 2.602822 -14.187164 9.749996 0.000000 1.000000 
-21.640070 91.040413 5.322407 -12.414688 7.692810 0.000000 0.000000 
-20.562548 91.429214 6.704491 -13.864876 9.109188 0.000000 0.000000 
-22.620573 91.131844 7.120208 -5.718155 13.737602 0.000000 0.000000 
-21.556437 91.435959 6.442158 -1.289658 16.084143 0.000000 0.000000 
-22.342823 91.359566 7.051930 -6.203056 14.491331 0.000000 0.000000 
-24.152800 91.412804 6.082994 -9.652756 9.845661 0.000000 0.000000 
12.025428 96.828224 2.290824 -19.397499 5.148242 0.000000 0.000000 
12.374499 96.811752 2.285505 -11.578279 8.480343 0.000000 0.000000 
-14.401537 96.774948 4.731269 -8.048355 8.869041 0.000000 0.000000 
-13.990849 97.033539 3.324460 -10.954887 9.616322 0.000000 0.000000 
-14.417532 97.335854 3.563370 -6.867027 11.617504 0.000000 0.000000 
-15.256183 97.234886 3.919673 -3.378563 15.148178 0.000000 0.000000 
-15.540824 97.206856 3.568820 1.597313 19.140064 0.000000 0.000000 
-14.844810 97.325012 3.647540 -3.900429 14.326113 0.000000 0.000000 
-15.456949 97.341049 3.564686 3.171654 19.379398 0.000000 0.000000 
-22.357061 96.258018 9.767481 -10.301605 8.612949 0.000000 0.000000 
-30.300488 96.491570 11.221903 -9.845366 6.616462 0.000000 0.000000 
-31.831331 96.141434 10.826551 -8.123451 8.730133 0.000000 0.000000 
-29.327160 97.012238 10.052802 -8.286324 9.615990 0.000000 0.000000 
-30.443081 97.112839 10.659129 -12.531830 6.320182 0.000000 0.000000 
-28.443048 98.192047 0.217577 -12.778992 9.256771 0.000000 0.000000 
-33.079430 96.835503 13.736881 -7.751350 9.023746 0.000000 0.000000 
-32.970226 97.151031 12.111667 -7.723244 9.541222 0.000000 0.000000 
-30.113749 98.149429 11.456226 -10.103699 7.005752 0.000000 0.000000 
-31.866230 97.926506 12.307440 -11.411743 6.259243 0.000000 0.000000 
-31.202387 98.605820 14.165729 -4.343056 9.269638 0.000000 0.000000 
-31.741625 98.428864 14.274229 -4.439156 9.439785 0.000000 0.000000 
-30.553505 98.873817 12.647720 -9.589638 8.366070 0.000000 0.000000 
-31.553005 98.561234 14.040501 -2.002579 12.272602 0.000000 0.000000 
-30.995012 98.801491 11.662524 -7.519897 10.113705 0.000000 0.000000 
-30.844057 99.111923 10.631517 -3.053352 12.947144 0.000000 0.000000 
-30.772591 99.276291 12.047309 -10.500931 7.077896 0.000000 0.000000 
12.897487 103.606323 1.130010 -11.143463 6.695476 1.000000 1.000000 
-33.524971 98.782799 10.134567 -8.387390 10.619617 0.000000 0.000000 
-89.889931 49.575882 -4.095565 8.449425 7.276905 0.000000 0.000000 
-32.559887 99.448402 11.638874 -3.952156 11.136414 0.000000 0.000000 
-32.369247 99.640190 11.473850 -10.777306 8.596924 0.000000 0.000000 
-32.548328 99.609840 11.863914 -5.389946 9.588848 0.000000 0.000000 
-32.400551 100.093147 12.530643 -3.498802 10.822548 0.000000 0.000000 
-31.838974 100.447929 12.508392 -6.643524 8.790936 0.000000 0.000000 
-76.383652 73.056953 1.141911 0.129471 3.707504 0.000000 0.000000 
-31.465574 102.224304 11.521006 -12.772591 5.723281 0.000000 0.000000 
-32.619717 102.290535 14.657782 -10.353813 7.233917 0.000000 0.000000 
52.026161 97.547852 5.289909 -4.656799 8.608273 0.000000 0.000000 
51.569427 97.853714 5.012180 -2.996468 10.079842 0.000000 0.000000 
51.646000 97.812447 5.715094 -4.426353 9.874748 0.000000 0.000000 
50.933121 98.606491 5.572525 -3.146042 9.600685 0.000000 0.000000 
49.183502 99.877121 4.250692 -4.178833 7.623310 0.000000 0.000000 
-20.278063 109.968544 5.770768 -10.689964 9.472668 0.000000 0.000000 
45.891899 102.491531 3.461667 -9.519760 3.827766 0.000000 0.000000 
-32.109585 108.821297 5.023959 -12.061661 7.434104 0.000000 0.000000 
36.999249 108.470665 3.455622 -2.995407 9.706146 0.000000 0.000000 
37.031719 108.550728 4.436560 -7.378395 7.509899 0.000000 0.000000 
36.659737 108.680939 2.709902 -12.469582 4.118019 0.000000 0.000000 
35.171429 109.653847 2.282476 -8.991188 6.134326 0.000000 0.000000 
35.311176 109.611221 1.211395 -8.259659 6.886062 0.000000 0.000000 
35.170311 109.883896 1.551587 -6.140823 6.874679 0.000000 0.000000 
33.621849 110.640495 2.625679 -11.667427 4.695709 0.000000 0.000000 
34.190140 110.766319 1.642554 -11.584030 4.350891 0.000000 0.000000 
34.562199 110.714340 0.939203 -11.668648 3.960388 0.000000 0.000000 
44.642845 110.709702 0.703294 -7.101898 6.621215 0.000000 0.000000 
43.365364 111.405495 3.656427 -6.515221 6.010009 0.000000 0.000000 
-22.705912 117.853447 5.390389 -7.624725 9.027153 0.000000 0.000000 
-22.896357 117.832291 7.674820 -10.078148 8.312290 0.000000 0.000000 
-21.805794 118.070663 7.329093 -7.112625 9.036396 0.000000 0.000000 
-22.211117 118.066170 11.632813 -3.516678 10.627926 0.000000 0.000000 
-23.253004 117.944725 9.017449 2.372246 14.478559 0.000000 0.000000 
-23.744978 117.990433 9.291579 -8.029434 6.622585 0.000000 0.000000 
-23.113813 118.214516 9.663269 2.617363 16.328943 0.000000 0.000000 
40.811661 113.469238 3.453898 -10.042671 5.412776 0.000000 0.000000 
-33.443211 116.128365 11.330792 -9.030951 8.257927 0.000000 0.000000 
-23.484190 119.194748 10.590235 -2.018280 10.268002 1.000000 1.000000 
-21.684311 121.305557 2.244354 -8.739937 6.994628 0.000000 0.000000 
-7.327101 123.359619 -5.448657 -6.255310 10.621643 0.000000 1.000000 
-6.375687 123.465172 -4.217431 -10.049263 9.100243 0.000000 0.000000 
-6.936059 123.439011 -4.601095 -7.629913 9.339714 0.000000 0.000000 
-32.112740 120.063553 11.583141 -6.636932 8.790997 0.000000 0.000000 
-33.418182 120.113724 10.314014 -8.634209 8.241253 0.000000 0.000000 
-32.544415 120.365387 12.641627 -5.388298 8.142555 0.000000 0.000000 
-33.630795 120.544556 13.755700 -8.584930 7.431556 0.000000 0.000000 
-33.830837 120.588173 12.014467 -9.734261 6.930168 0.000000 0.000000 
-34.499928 120.665810 10.850153 -7.031853 9.004250 0.000000 0.000000 
38.429550 120.407059 2.723488 -7.871689 6.317142 0.000000 1.000000 
-35.175705 121.878395 13.143808 -4.250885 9.759102 0.000000 0.000000 
36.837894 121.469681 2.845239 -5.048050 7.795162 0.000000 1.000000 
-37.839855 121.979828 12.883972 -11.249887 6.049072 0.000000 0.000000 
-34.087017 123.721634 13.553381 -7.094231 5.059684 0.000000 0.000000 
-33.843655 124.110756 12.493951 -6.795837 6.702850 0.000000 0.000000 
-7.385706 129.045410 -4.337926 -9.764320 5.759075 0.000000 0.000000 
-22.131521 127.495682 3.598916 -1.265190 12.477406 0.000000 0.000000 
-23.383408 127.419304 -10.685391 -8.058632 9.140472 0.000000 0.000000 
-22.871502 127.617950 4.894843 -12.359947 4.645153 0.000000 0.000000 
-21.890526 128.125946 4.734550 -4.543716 11.486084 0.000000 0.000000 
-22.570240 128.153870 -10.557022 -1.267082 11.806400 0.000000 0.000000 
-21.389694 128.452347 4.699903 -0.898827 10.901428 0.000000 0.000000 
-21.611956 128.522827 4.431470 -4.780113 8.663822 0.000000 0.000000 
-21.283344 128.611328 -3.745265 9.319031 19.035391 1.000000 1.000000 
-21.276192 128.678879 4.396723 -2.521606 10.600452 0.000000 0.000000 
-22.697243 128.790833 0.337287 -8.777893 5.352966 0.000000 0.000000 
-21.804737 129.024246 3.632828 -8.422394 5.425895 0.000000 0.000000 
-23.070717 128.867722 5.731237 -4.646423 7.927661 0.000000 0.000000 
-21.399218 129.567902 -3.561032 11.591957 23.163216 0.000000 0.000000 
-22.078991 129.527191 -2.985605 -5.419792 7.703228 0.000000 0.000000 
-21.535830 129.867004 -3.128735 14.431587 23.898561 0.000000 0.000000 
-21.403782 130.041382 2.645316 2.588608 15.173456 0.000000 0.000000 
-21.597755 130.261688 -3.455239 7.268937 18.077499 1.000000 1.000000 
7.184046 131.966187 -8.065373 -4.245689 14.398354 0.000000 1.000000 
-21.618174 130.745209 4.567623 -6.929039 7.692344 0.000000 0.000000 
-22.126501 130.714569 -6.408229 -7.980423 7.153934 0.000000 0.000000 
-22.187796 130.812286 -1.936347 11.047142 22.592438 1.000000 1.000000 
-21.599087 131.302216 -2.878639 -4.804077 10.731728 1.000000 1.000000 
-21.928747 131.441483 -1.536436 14.534630 24.329958 0.000000 0.000000 
-22.279434 131.380402 -2.058366 17.584618 27.457123 0.000000 0.000000 
-22.231245 131.536255 -2.144239 16.195671 27.599430 0.000000 0.000000 
-20.398247 132.268829 1.296494 6.666878 20.120113 0.000000 0.000000 
-19.841101 132.613281 4.965342 6.471024 20.279339 0.000000 0.000000 
-19.917534 133.250519 3.514896 2.390907 14.369064 0.000000 0.000000 
-20.762106 133.185944 2.778730 5.882660 16.976616 0.000000 0.000000 
-19.745924 133.405151 1.729661 -5.400879 7.344841 0.000000 0.000000 
-22.410910 133.674622 2.680823 1.179909 12.409428 0.000000 0.000000 
-8.233387 135.362946 -5.727300 -1.280434 12.740265 0.000000 0.000000 
-8.137066 135.398102 -5.498503 -2.268082 13.794394 0.000000 0.000000 
-22.667366 133.799377 -10.108142 -2.680702 12.143093 1.000000 1.000000 
6.835154 136.208252 -5.516292 3.315826 16.917053 0.000000 1.000000 
-22.046312 134.560333 1.874225 3.137192 17.699392 0.000000 0.000000 
7.046496 136.309875 -5.409224 4.302856 18.950054 0.000000 1.000000 
-21.977510 135.298401 -12.505563 -9.143005 5.223121 0.000000 0.000000 
-22.310900 135.514008 1.163368 -6.331848 8.155914 0.000000 0.000000 
-22.497488 135.502563 -1.899787 -8.455841 4.734737 1.000000 1.000000 
-22.367506 135.752411 3.055860 -6.162682 8.127380 1.000000 1.000000 
40.660118 131.497375 3.371850 -0.274117 10.585228 0.000000 0.000000 
40.662727 131.604980 3.877915 -3.025604 9.498795 0.000000 0.000000 
-21.937166 136.362640 -2.085471 -8.999825 5.101348 0.000000 0.000000 
-22.837288 136.722076 -2.317903 1.621307 11.443470 0.000000 0.000000 
-23.014326 136.695984 -4.293153 -4.058441 9.524895 0.000000 0.000000 
-22.860983 137.138092 -2.091545 -6.839493 5.734539 0.000000 0.000000 
-22.594545 137.183105 0.021070 -6.386887 5.890563 0.000000 0.000000 
-22.805771 137.195435 -0.938988 -6.602982 6.456642 0.000000 0.000000 
-22.484367 138.393250 1.617126 -11.173721 4.037078 0.000000 0.000000 
-23.142769 138.884979 4.822301 -8.989021 6.344421 0.000000 0.000000 
-23.226007 139.001831 2.721769 -7.847816 5.878379 0.000000 0.000000 
-8.561225 140.750183 -6.598716 -9.996834 6.757030 0.000000 1.000000 
-22.914881 139.389648 -3.536340 -2.468163 8.812168 0.000000 0.000000 
-22.771540 139.576202 -1.835268 -1.741951 8.959675 0.000000 0.000000 
-23.009211 139.566376 -2.791858 -3.384277 8.508286 0.000000 0.000000 
-23.126770 139.590576 -3.501522 -5.262306 7.257652 0.000000 0.000000 
-22.855881 139.837982 -2.102436 2.066269 11.783455 0.000000 0.000000 
-23.417997 139.866943 -8.971893 -6.466576 6.534465 0.000000 0.000000 
-23.550001 140.091980 2.592495 -4.732300 6.150184 0.000000 0.000000 
-23.093348 140.234406 3.141041 -3.100868 8.645138 0.000000 0.000000 
-21.917833 140.616821 4.624039 -9.969933 5.131565 0.000000 0.000000 
-22.942652 140.689850 4.637611 7.514915 17.113392 0.000000 0.000000 
-23.026226 140.778839 3.781344 2.917229 13.888338 0.000000 0.000000 
-23.071676 140.803772 4.376995 3.320580 14.511608 0.000000 0.000000 
-23.189587 141.140320 -8.592725 -7.251228 4.950336 0.000000 0.000000 
-23.658314 141.112610 1.947934 -8.584679 3.698444 1.000000 1.000000 
-24.436031 141.316864 -4.080887 -12.973320 4.142223 0.000000 0.000000 
-24.454014 141.718536 2.889864 -6.811432 6.748065 0.000000 0.000000 
-23.305355 141.955017 4.809437 0.206085 10.925926 1.000000 1.000000 
43.836308 139.085449 2.674039 -6.568214 3.997264 0.000000 1.000000 
-21.246071 145.633331 2.567694 -14.635406 3.902462 0.000000 0.000000 
-22.714500 145.573944 5.349535 -5.977142 8.066040 0.000000 0.000000 
-23.722748 145.569733 7.763659 -6.804459 7.692657 0.000000 0.000000 
-24.664284 145.856110 4.708023 -5.968063 7.416538 0.000000 0.000000 
-22.857199 146.843048 -9.515620 -4.124619 8.155243 0.000000 0.000000 
-24.274549 146.847168 -11.966682 -5.223793 5.628700 0.000000 0.000000 
-22.829943 147.256836 -10.580589 0.216469 11.282238 0.000000 0.000000 
-24.398239 147.236755 -8.344748 -7.042831 5.342441 0.000000 0.000000 
-23.069136 147.509277 -3.653084 -3.651733 7.260982 0.000000 0.000000 
-22.673973 147.601715 7.843985 -7.258408 4.362579 1.000000 1.000000 
-22.695013 147.708344 -3.083476 4.768707 15.638485 0.000000 0.000000 
-22.290499 147.775726 -3.841000 4.154068 15.739176 0.000000 0.000000 
-24.852461 148.118134 9.071695 -6.406769 8.835125 1.000000 1.000000 
-26.776453 147.802979 -2.898858 -6.520714 5.676128 0.000000 0.000000 
-26.445040 147.917511 -2.831998 -5.772491 6.770092 0.000000 0.000000 
-23.359552 151.508606 -1.585013 -11.532455 4.683521 0.000000 0.000000 
-33.235786 150.045471 12.918204 -6.183655 5.868831 0.000000 0.000000 
-23.917883 152.783905 2.274404 -7.509903 3.392734 0.000000 0.000000 
-23.923460 152.797974 3.637688 -1.624687 8.899136 0.000000 0.000000 
-24.778610 152.843201 2.200884 0.925728 10.077972 0.000000 0.000000 
-23.692863 153.125885 -6.220711 -9.327217 7.129352 0.000000 0.000000 
-26.504080 152.769257 -4.799489 -5.736526 7.093734 0.000000 0.000000 
-23.144272 153.749786 -0.250385 -4.905464 6.489212 0.000000 0.000000 
-22.958118 153.870026 5.823737 -2.599533 6.785724 0.000000 0.000000 
-26.852476 153.582245 1.498344 -6.589905 6.959083 0.000000 0.000000 
-27.726786 153.785278 8.541322 -9.001053 5.658870 0.000000 0.000000 
-23.230419 154.634674 4.541996 -3.484337 8.487000 0.000000 0.000000 
-23.211067 154.659424 4.949709 -3.962624 7.657665 0.000000 0.000000 
-23.842838 154.815277 5.881826 -3.076576 7.539386 0.000000 0.000000 
-25.108788 155.197296 -2.656718 -5.717796 6.516101 0.000000 0.000000 
-24.634510 155.346924 -2.019849 -10.292824 4.581562 0.000000 0.000000 
-31.658821 154.762115 9.411392 -0.682793 11.121387 0.000000 0.000000 
-32.176155 154.724213 10.751508 0.019287 11.833378 0.000000 0.000000 
-31.451265 155.243683 9.690907 -1.771210 9.807468 0.000000 0.000000 
-31.864988 155.254974 10.043731 -2.808067 8.199078 0.000000 0.000000 
-32.293434 155.284698 11.112549 -5.936638 6.229415 0.000000 0.000000 
-30.968378 155.628571 11.681110 -1.227448 6.146846 0.000000 0.000000 
-30.724724 155.874451 9.603012 -4.564415 5.613288 0.000000 0.000000 
-31.550093 156.083008 10.238192 -6.886620 7.369663 1.000000 1.000000 
-24.682817 157.493561 -4.672986 -4.405197 9.159668 0.000000 0.000000 
-25.436441 157.424500 -1.258749 -4.834839 5.673584 0.000000 0.000000 
-24.524761 157.581482 -1.714763 3.316856 12.761032 0.000000 0.000000 
-24.614552 157.872711 -2.448895 -1.326714 9.926052 0.000000 0.000000 
-25.971600 158.081329 -1.718990 2.033829 11.119274 0.000000 0.000000 
-26.104889 158.069641 -2.140671 1.267899 11.297215 0.000000 0.000000 
-26.283583 158.149384 -1.760069 -4.802063 6.198745 0.000000 0.000000 
-24.541689 158.535675 -0.337982 -6.550690 5.340683 0.000000 0.000000 
-25.084982 158.594299 -0.742755 -10.699371 3.147602 1.000000 1.000000 
-28.560951 158.085999 -2.649812 -2.362244 8.042480 0.000000 0.000000 
-25.703653 158.644043 -2.588770 -7.745117 4.499858 1.000000 1.000000 
-24.836945 159.019226 -0.325941 -3.139076 7.915847 0.000000 0.000000 
-25.722523 158.946564 -0.243337 1.278061 10.087322 0.000000 0.000000 
-25.339445 159.036163 -1.844684 -2.078964 9.052738 0.000000 0.000000 
-25.113668 159.137634 -1.187930 2.010612 11.386177 0.000000 0.000000 
-26.720789 159.142883 1.801786 -9.258629 4.797458 0.000000 0.000000 
-25.838144 159.663086 -1.450544 1.597923 9.955891 0.000000 0.000000 
-24.238262 159.948578 -3.178345 -0.420929 12.127625 0.000000 0.000000 
-25.745403 159.797516 -2.445093 -0.313652 11.198330 0.000000 0.000000 
-26.598509 159.701508 -2.343922 -1.888931 8.553474 0.000000 0.000000 
-25.373270 159.960846 -5.082569 -8.070633 6.907794 0.000000 0.000000 
-24.095762 160.160126 -6.867081 -2.572113 6.397068 1.000000 1.000000 
-25.136602 160.008514 0.837031 1.658875 13.099365 0.000000 0.000000 
-26.051579 160.246216 -1.779652 -9.353209 3.553356 1.000000 1.000000 
-24.390064 161.044617 3.727359 -9.355225 3.487899 0.000000 0.000000 
-24.408730 161.362854 -6.429095 0.091743 8.819679 0.000000 0.000000 
-24.522921 161.388550 -3.315683 -5.865273 7.916374 0.000000 0.000000 
-24.344574 161.479034 0.333944 2.832329 11.868160 0.000000 0.000000 
-24.422598 161.509888 -2.123741 -1.316460 8.144604 0.000000 0.000000 
-24.107103 161.588226 4.247493 -5.166908 5.512599 0.000000 0.000000 
-23.988102 161.634552 5.993464 -2.853584 6.036640 0.000000 0.000000 
-25.217218 162.072235 8.405109 -3.929756 5.926246 0.000000 0.000000 
-26.491415 161.882996 -4.316131 -4.811996 6.609043 0.000000 0.000000 
-25.171173 162.103119 -2.484145 -2.288551 7.640049 0.000000 0.000000 
-25.679710 162.059296 0.136825 3.415222 10.658951 0.000000 0.000000 
-23.601398 162.560211 4.287382 -6.079323 5.491905 0.000000 0.000000 
-24.532915 162.434998 -0.161049 -6.422157 4.313690 0.000000 0.000000 
-24.328436 162.631775 -1.500176 -8.324173 4.916057 0.000000 0.000000 
-25.186928 163.889221 -2.370057 -6.336182 4.352336 1.000000 1.000000 
-30.853397 162.964691 7.982654 -5.372803 4.995636 0.000000 0.000000 
-25.379423 164.798859 -2.552393 -4.896645 6.350746 0.000000 0.000000 
-25.442581 164.892792 -1.140389 -6.197571 3.831501 0.000000 0.000000 
-25.473646 165.127289 -2.392531 -2.290192 6.811183 0.000000 0.000000 
-26.730467 164.972839 -4.227439 -6.993484 4.568355 0.000000 0.000000 
-25.207260 165.866455 -2.220965 -8.088882 3.832344 0.000000 0.000000 
-25.594814 165.958954 -1.479478 -0.503586 8.665260 0.000000 0.000000 
-25.377354 166.052490 -1.772438 -3.517990 7.907329 0.000000 0.000000 
-23.892366 166.422943 7.387280 -2.035027 7.145088 0.000000 0.000000 
-25.632553 166.491638 3.934835 -5.286545 6.024246 0.000000 0.000000 
-24.750381 166.821136 0.257081 -8.828682 2.704986 1.000000 1.000000 
-25.746992 166.714691 -2.959625 -4.454689 6.731185 0.000000 0.000000 
-26.311787 166.650208 -4.725485 -2.726112 6.867538 0.000000 0.000000 
-26.013638 166.737823 0.665828 -7.525024 4.199058 0.000000 0.000000 
-24.146475 167.586334 6.585776 1.887009 11.851532 0.000000 0.000000 
-23.377493 167.820465 -4.802834 0.645126 10.207527 0.000000 0.000000 
-24.618073 167.892273 -1.066704 -4.114616 6.639579 0.000000 0.000000 
-25.519255 167.927063 -3.396340 -12.408928 2.834728 1.000000 1.000000 
-26.311045 168.148346 -2.186874 -8.523743 4.693973 0.000000 0.000000 
-25.365299 168.345490 -1.196236 -6.297775 4.344039 0.000000 0.000000 
-25.805429 168.650848 -3.682542 0.261597 8.669937 0.000000 0.000000 
-25.323122 169.113342 -2.200377 -0.078163 7.385974 0.000000 0.000000 
-23.468847 169.475250 -3.057166 -2.496117 6.374645 0.000000 0.000000 
-26.315966 169.098450 -1.584714 -6.910553 3.110420 0.000000 0.000000 
-24.752996 169.411743 6.905861 -3.432655 4.414112 1.000000 1.000000 
-23.896395 169.863434 -2.594209 -2.995766 6.865486 0.000000 0.000000 
-23.550467 170.073395 -4.606713 -4.637688 4.532337 0.000000 0.000000 
-24.667542 169.921143 -2.148538 -5.319023 4.356044 0.000000 0.000000 
-25.373301 170.062500 -2.859201 -5.859154 5.591835 0.000000 0.000000 
-24.563105 170.358704 -1.642176 -3.835884 4.400058 1.000000 1.000000 
-23.665384 170.714600 6.568695 0.823402 9.852810 0.000000 0.000000 
-25.050636 170.646393 6.109081 0.914917 8.061256 0.000000 0.000000 
-25.113789 170.715912 4.310080 0.321854 8.227013 0.000000 0.000000 
-24.846249 170.930450 6.662277 -3.897224 6.733520 0.000000 0.000000 
-27.390526 170.563599 -2.496842 -5.286263 4.118843 0.000000 0.000000 
-26.330835 170.801208 1.252005 -6.674660 4.667770 0.000000 0.000000 
-26.758179 171.126526 -3.254097 -3.431709 7.393348 0.000000 0.000000 
-25.569347 171.424316 -2.584834 6.755875 13.516109 0.000000 0.000000 
-23.935911 171.695831 -2.004486 -3.827316 5.282382 0.000000 0.000000 
-25.932877 171.665955 2.677397 -2.130333 6.778568 0.000000 0.000000 
-25.257044 172.117554 2.266841 -6.430977 6.069324 0.000000 0.000000 
-23.427423 172.515137 3.467331 -2.736580 6.314655 0.000000 0.000000 
-23.817549 172.663513 6.131716 -5.041565 5.120071 1.000000 1.000000 
-22.384264 172.997955 -2.101658 -7.583458 3.229023 0.000000 0.000000 
-26.216862 172.519867 -2.151028 6.325142 13.162285 0.000000 0.000000 
-25.174030 173.121857 8.891872 -7.959908 5.181316 0.000000 0.000000 
-23.677563 173.765381 0.269407 -0.505722 9.415825 0.000000 0.000000 
-24.916227 173.778107 3.688008 -0.335846 8.253979 0.000000 0.000000 
-23.458477 174.085205 -4.729156 -1.540878 7.737052 0.000000 0.000000 
-22.863268 174.322784 -1.623619 -8.414589 4.728015 0.000000 0.000000 
-23.857109 174.623810 -0.005887 -7.068283 2.973564 0.000000 0.000000 
-25.196318 174.642029 -2.481926 -6.478645 4.964096 0.000000 0.000000 
-23.949028 174.835602 -1.619704 -10.025459 3.698257 0.000000 0.000000 
-25.489191 175.212860 9.453144 -8.222816 3.402961 0.000000 0.000000 
-25.701897 175.415100 -3.786993 -4.666344 3.833969 0.000000 0.000000 
-25.439081 175.700012 -2.044287 -3.706642 5.377079 0.000000 0.000000 
-25.509811 176.091492 -3.410081 -5.827812 3.863266 0.000000 0.000000 
-25.327394 176.134674 -2.501419 -5.653648 4.504459 0.000000 0.000000 
-24.430002 177.286743 -1.552747 -4.190086 4.423683 1.000000 1.000000 
-25.287870 177.719238 -2.197676 -6.296318 5.142017 0.000000 0.000000 
-25.975277 177.626801 -2.892632 8.453148 14.032948 0.000000 0.000000 
-24.743242 177.964630 -2.554492 1.969398 10.498985 0.000000 0.000000 
-26.175194 178.835114 1.080192 -2.865463 4.805461 1.000000 1.000000 
-25.276096 180.439178 -2.640310 3.483855 10.756260 0.000000 0.000000 
-24.892691 180.493622 -2.419872 3.571304 10.617027 0.000000 0.000000 
-24.951759 180.569427 -2.831141 7.540527 14.404074 0.000000 0.000000 
-24.926716 181.029572 -0.008366 -3.490906 5.695636 0.000000 0.000000 
-24.616558 181.481659 -3.174439 -2.464333 5.258319 0.000000 0.000000 
-25.276865 181.616547 -3.973477 1.839523 7.689582 0.000000 0.000000 
-24.077332 181.793060 -4.228766 -7.542656 3.565208 0.000000 0.000000 
-26.449596 181.629120 -0.239138 -7.682693 1.976795 0.000000 0.000000 
-24.487690 185.473938 -1.675178 -5.138489 4.692420 0.000000 0.000000 
-26.210424 185.418671 1.570063 -5.608284 3.489654 0.000000 0.000000 
-25.453045 185.740448 5.329238 -7.251747 3.522998 0.000000 0.000000 
-26.872841 185.958710 -4.023627 -4.208206 3.432540 0.000000 0.000000 
-25.369263 186.632294 1.248295 -8.173561 3.433021 0.000000 0.000000 
-24.842838 186.804779 -7.346690 -5.940895 4.198173 0.000000 0.000000 
-27.350874 186.650238 6.391819 -1.093399 5.437534 0.000000 0.000000 
-27.883829 186.702698 3.157679 -6.775642 3.903400 0.000000 0.000000 
-24.564259 187.242706 -4.676363 -4.616638 5.231586 0.000000 0.000000 
-25.130804 187.336884 1.600211 -5.455666 2.501762 0.000000 0.000000 
177.008698 63.148060 19.908243 19.906563 6.823711 0.000000 0.000000 
-25.555895 191.627777 -4.057416 -6.137901 2.786689 0.000000 0.000000 
-32.956421 195.253143 6.080519 -6.086708 3.764289 0.000000 0.000000 
-32.515347 197.739014 4.851804 -5.668549 2.629241 0.000000 0.000000 
-27.451138 199.152100 -1.957840 -4.074524 5.594257 0.000000 0.000000 
-29.155661 199.666931 9.758586 -0.406731 6.162971 0.000000 0.000000 
-37.472229 198.647186 11.593502 -0.097443 7.305427 0.000000 0.000000 
-36.206543 199.441132 13.884897 -0.096588 5.950981 0.000000 0.000000 
-34.823589 202.667267 9.725860 -0.966980 5.260295 0.000000 0.000000 
-30.777763 205.692230 -0.925735 -0.824928 4.142520 0.000000 0.000000 
-33.512058 250.470551 -1.386899 -0.409241 3.042583 0.000000 0.000000 
