ply
format ascii 1.0
comment Created by CloudCompare v2.14.beta (Feb  3 2026)
comment Created 2026-04-22T17:17:31
obj_info Generated by CloudCompare!
element vertex 1663
property float x
property float y
property float z
property float rcs
property float snr
property float v
property float label
end_header
13.671873 -33.750389 -11.139839 -4.244621 24.093185 0.000000 1.000000 
-38.763096 -2.610548 -13.338358 -2.805695 24.223688 0.000000 1.000000 
25.035194 -48.724430 -9.740933 2.523743 18.084351 0.000000 1.000000 
28.134924 7.941080 -12.067147 1.741333 27.203793 0.000000 1.000000 
44.293041 10.245666 -12.161631 4.792030 22.489162 0.000000 1.000000 
48.089806 16.830109 -16.598589 -2.176773 18.371758 0.000000 1.000000 
49.764469 17.086479 -14.920131 3.565529 21.144733 0.000000 1.000000 
57.461277 -32.315296 -13.846865 18.399193 30.519493 0.000000 1.000000 
41.117569 -56.400051 -9.886567 13.634018 27.193836 0.000000 1.000000 
68.868607 -12.171461 -11.499724 4.651283 21.623413 0.000000 1.000000 
64.395905 35.102909 -30.618341 11.187584 20.594803 1.000000 1.000000 
92.002220 -12.119442 -15.165333 9.156166 19.335098 0.000000 1.000000 
113.478783 -6.131405 -16.155375 8.955704 19.504326 0.000000 1.000000 
114.588486 -7.309238 -20.365061 13.663612 19.066807 0.000000 1.000000 
192.162506 65.093513 -26.349483 22.374969 17.365120 0.000000 1.000000 
7.551433 46.803886 -16.966860 -12.130257 20.665302 0.000000 1.000000 
7.929346 51.554600 -16.142492 -18.954323 13.330059 0.000000 1.000000 
8.491824 62.057743 -22.699467 -21.743195 9.681499 0.000000 1.000000 
30.103798 54.808292 -20.624340 -14.798874 9.732464 0.000000 1.000000 
-12.160567 63.985847 -16.044247 -19.415237 11.710842 0.000000 1.000000 
8.931363 72.854462 -26.210686 -9.991646 14.982742 0.000000 1.000000 
-30.831469 69.074547 -26.441765 -4.259804 12.246197 1.000000 1.000000 
-23.540829 72.502846 -25.782860 -6.527588 15.966305 0.000000 1.000000 
-11.078608 76.509903 -30.730667 -15.414047 14.176693 0.000000 1.000000 
-17.219385 97.756844 -26.298075 -19.757072 6.227963 0.000000 1.000000 
-29.782146 96.901321 -40.850307 -9.048012 9.427864 0.000000 1.000000 
-31.460398 96.423546 -37.428867 -14.877205 6.372361 0.000000 1.000000 
-19.842394 101.244003 -41.558376 -14.463028 9.295361 0.000000 1.000000 
-31.472849 98.590622 -28.695278 -7.949844 10.793999 0.000000 1.000000 
-43.192329 104.015678 -34.674160 -9.480949 9.251171 0.000000 1.000000 
-31.409515 109.072128 -45.913467 -10.228058 7.764008 0.000000 1.000000 
44.029736 110.828896 -29.004513 -6.925056 7.006649 0.000000 1.000000 
-31.923088 118.133842 -41.921165 -8.271202 8.387836 0.000000 1.000000 
-28.250069 158.926727 -65.908203 -6.194580 6.563054 0.000000 1.000000 
50.199528 16.507256 17.064268 -0.559860 17.930157 0.000000 1.000000 
60.401108 6.681199 25.697195 2.404297 19.156670 0.000000 1.000000 
24.627298 -79.822853 35.202305 5.464264 19.641113 0.000000 1.000000 
92.756828 -12.134292 39.594742 7.225548 17.811028 0.000000 1.000000 
48.613457 -128.297974 43.660332 13.672264 16.751709 0.000000 1.000000 
193.667892 60.511417 56.702187 18.983376 14.389786 0.000000 1.000000 
31.184336 55.221451 22.850674 -4.326813 14.746887 0.000000 1.000000 
-22.686159 61.360760 26.402048 -7.248993 18.069172 0.000000 1.000000 
-30.444496 68.113136 30.368223 -2.899773 17.532722 0.000000 1.000000 
2.034947 81.320541 20.427429 -14.172089 11.488297 0.000000 1.000000 
-34.037857 88.424767 28.623842 -12.107086 7.870556 0.000000 1.000000 
-30.776680 96.539291 37.625683 -9.725754 10.525814 0.000000 1.000000 
-32.103497 98.913391 35.456039 -13.692963 7.282868 0.000000 1.000000 
-33.541996 100.636078 31.483377 -11.032495 7.511498 0.000000 1.000000 
35.668098 108.170296 29.207600 -13.600227 6.366543 0.000000 1.000000 
42.755852 110.613083 16.489412 -4.732141 7.593953 1.000000 1.000000 
38.620968 114.403786 25.363319 -10.271538 7.417027 0.000000 1.000000 
-5.938464 129.318741 31.362968 -9.996681 8.381203 0.000000 1.000000 
42.340523 129.241577 34.407764 -6.292122 8.015198 0.000000 1.000000 
7.358522 136.474731 55.330387 -8.236427 8.758766 0.000000 1.000000 
-24.659914 194.141205 48.108150 -7.016800 4.710522 0.000000 1.000000 
-19.877926 131.194885 -10.101610 3.152397 17.119251 1.000000 1.000000 
-20.103851 133.885590 -11.166178 4.719742 17.100723 1.000000 1.000000 
-22.164009 135.424835 -10.579140 -9.546059 8.485149 1.000000 1.000000 
-23.310982 141.340485 -10.419165 -9.491997 5.381371 1.000000 1.000000 
-23.077477 149.017822 -14.673583 -6.446663 4.836232 1.000000 1.000000 
-24.007374 166.420868 -13.250731 -6.291344 7.009598 1.000000 1.000000 
-23.840229 171.500977 -9.191151 -9.172401 4.282349 1.000000 1.000000 
6.900056 57.735523 -7.003891 -17.917152 11.701473 1.000000 1.000000 
26.808249 59.649822 -5.662271 -9.918472 11.033642 1.000000 1.000000 
26.541845 59.808029 -5.261451 -9.922737 11.165329 1.000000 1.000000 
-29.502880 77.358284 -9.025153 -8.495445 9.986248 1.000000 1.000000 
53.468018 69.239784 -6.694060 1.717018 12.177879 1.000000 1.000000 
-19.076571 -25.031830 -6.644238 0.319260 26.498692 0.000000 1.000000 
-16.929865 38.906487 -2.762387 -18.565308 9.805794 1.000000 1.000000 
-15.390591 44.868053 -7.340805 -14.277176 17.520004 0.000000 1.000000 
-10.063268 75.756462 -8.398849 -3.938019 19.715305 0.000000 1.000000 
-13.395325 80.602814 -5.225758 3.929985 23.068596 1.000000 1.000000 
-13.952939 90.264214 -4.486244 -15.425102 5.670762 1.000000 1.000000 
51.767204 104.010696 -15.209049 -5.863153 7.266148 0.000000 1.000000 
44.174343 139.475555 -12.170113 -7.794609 3.801732 0.000000 1.000000 
-36.182095 199.191467 -23.354036 0.356789 6.789532 0.000000 1.000000 
-0.264580 -6.641612 0.163886 0.637222 48.083321 1.000000 0.000000 
-0.167430 -6.758145 -0.568178 -5.728733 46.003845 1.000000 0.000000 
-0.611073 -6.997372 0.768002 -9.945381 43.076023 1.000000 0.000000 
-0.844146 -7.177989 -0.274724 -9.822060 40.073315 1.000000 0.000000 
-0.320977 -8.115376 -0.393508 -20.195389 28.620514 1.000000 0.000000 
-0.657692 -8.665992 -0.924432 -13.126854 34.682121 1.000000 0.000000 
-0.824202 -9.526860 -0.761670 -13.930756 31.187130 1.000000 0.000000 
-0.828911 -9.581368 -0.790390 -13.281151 33.964710 1.000000 0.000000 
-0.892175 -9.915513 -0.961829 -17.843193 25.621269 1.000000 0.000000 
0.901575 -9.909259 -0.421725 -22.445007 23.121986 1.000000 0.000000 
-0.755473 -10.522129 -0.836306 -19.854256 27.943989 1.000000 0.000000 
0.212489 -12.329919 -0.817198 -16.743843 26.320478 1.000000 0.000000 
0.222894 -12.359232 -1.025171 -19.223450 24.438011 1.000000 0.000000 
0.163350 -12.571936 -0.694516 -18.764633 23.529182 1.000000 0.000000 
-13.864893 -12.127004 -0.225325 -12.395218 24.170986 1.000000 0.000000 
-14.545531 -12.831372 -0.513310 -15.111961 19.609253 1.000000 0.000000 
-9.310145 -17.792900 1.813987 -0.397102 34.335728 1.000000 0.000000 
-9.214945 -18.157642 2.791106 -2.361794 30.355452 1.000000 0.000000 
-9.262481 -18.174904 1.065609 -12.007210 22.828781 1.000000 0.000000 
-10.361532 -17.588985 -0.083048 -2.339676 29.626959 1.000000 0.000000 
-10.585701 -17.602024 0.986444 -10.503357 24.162140 1.000000 0.000000 
-10.546942 -17.965706 1.161002 4.880264 36.879810 1.000000 0.000000 
-11.340966 -17.739716 1.668131 -1.917236 32.711220 1.000000 0.000000 
-10.930594 -18.179546 2.260374 5.847946 38.380878 1.000000 0.000000 
-11.249558 -18.246593 1.689781 -4.793762 29.541000 1.000000 0.000000 
-11.584783 -18.591366 1.740325 0.051094 32.408550 1.000000 0.000000 
-18.586666 -11.540045 1.608354 -0.412712 31.553749 0.000000 0.000000 
-18.609272 -11.551617 2.174597 2.319832 35.857216 0.000000 0.000000 
-18.788692 -11.434524 2.337517 -5.657211 27.444321 0.000000 0.000000 
-9.473290 -20.315872 0.407707 -8.894035 22.841642 1.000000 0.000000 
-19.203644 -11.467670 1.855526 -2.169807 29.013222 0.000000 0.000000 
-19.016880 -11.880712 4.984532 -5.385674 29.648479 0.000000 0.000000 
-19.065992 -12.071842 -0.546586 -3.523643 31.271994 0.000000 0.000000 
-18.323820 -14.285864 -0.644795 16.208755 44.630013 0.000000 0.000000 
-18.392271 -14.338238 -0.636330 12.074121 42.817467 0.000000 0.000000 
-18.632698 -14.458503 -0.713193 2.193596 32.039951 0.000000 0.000000 
-9.582619 -24.053772 0.171095 -10.689133 19.616741 1.000000 0.000000 
-9.626176 -24.208862 -0.423182 -6.517982 21.158787 1.000000 0.000000 
-0.030448 -6.613885 -0.263007 -6.023407 43.965454 1.000000 0.000000 
0.172233 -6.714053 -0.450956 -4.266838 43.880142 1.000000 0.000000 
0.039603 -6.775419 -0.104010 -5.627851 40.975204 1.000000 0.000000 
0.377124 -6.995294 -0.203686 -4.339489 44.125095 1.000000 0.000000 
0.281586 -7.044336 -0.341248 -0.442619 45.279121 1.000000 0.000000 
0.631195 -7.114410 -0.176419 -7.689117 39.353531 1.000000 0.000000 
0.563315 -7.244564 -0.748382 -6.779331 41.076576 1.000000 0.000000 
-0.228762 -7.861663 -1.053002 -16.307663 29.884388 1.000000 0.000000 
0.695896 -8.429775 0.341619 -19.505821 29.869394 1.000000 0.000000 
0.380797 -9.105762 -0.792446 -19.953743 25.796940 1.000000 0.000000 
-0.878039 -9.663169 -1.160312 -11.335716 30.296461 1.000000 0.000000 
-0.744045 -12.315168 -0.645361 -15.820305 24.415321 1.000000 0.000000 
-0.810674 -12.529058 -0.603218 -17.571671 22.103722 1.000000 0.000000 
-8.737708 -17.757973 1.428602 -7.997269 26.190680 0.000000 0.000000 
-8.458623 -17.946846 1.124016 -1.305710 28.207752 1.000000 0.000000 
-8.771746 -18.366970 2.209884 -4.862717 23.009548 1.000000 0.000000 
-10.033548 -19.652714 0.301863 -3.774101 22.696827 1.000000 0.000000 
-9.384545 -20.142162 0.031038 -8.757576 19.362942 1.000000 0.000000 
-9.778850 -20.264709 0.735649 -3.041855 22.801426 1.000000 0.000000 
-9.237782 -20.821178 -0.554920 -7.451921 20.802887 1.000000 0.000000 
-9.104698 -21.186615 0.315997 -5.534889 22.315948 1.000000 0.000000 
-8.623943 -22.389137 2.812444 -7.194267 20.391747 1.000000 0.000000 
-9.410063 -23.837975 0.411788 -1.220772 26.066692 1.000000 0.000000 
-9.685784 -23.964027 0.075453 -0.288078 26.155367 1.000000 0.000000 
-9.741160 -24.057796 0.580642 4.245415 29.662998 1.000000 0.000000 
-9.872431 -24.076721 0.980985 -5.476753 20.856960 1.000000 0.000000 
-9.403154 -24.383995 1.415272 -6.689255 19.826710 1.000000 0.000000 
-9.285395 -24.686596 0.846768 -0.131676 25.289097 1.000000 0.000000 
-0.033550 10.107235 0.111615 -20.370422 32.312283 1.000000 0.000000 
-0.007125 10.776575 0.695577 -4.244949 45.813046 0.000000 0.000000 
-0.848917 11.144622 -0.006109 -12.974098 32.781853 0.000000 0.000000 
0.055429 12.108878 -0.013348 -12.576660 36.356270 0.000000 0.000000 
-0.505172 12.377175 0.044749 -11.630882 37.028549 1.000000 0.000000 
-3.710623 18.518211 0.393927 9.226471 44.617775 0.000000 0.000000 
-3.776551 18.747482 0.270228 9.677475 43.037804 0.000000 0.000000 
-4.863275 20.945898 -0.658441 3.072853 37.957767 0.000000 0.000000 
-4.890484 20.939060 -0.685606 2.960739 39.279522 0.000000 0.000000 
0.226731 22.207222 -0.832612 2.467995 35.386032 1.000000 0.000000 
-5.074811 21.620710 -0.719389 1.171661 36.890842 1.000000 0.000000 
0.111132 22.544889 -0.834296 -3.538391 29.171665 0.000000 0.000000 
-0.034231 22.542927 -0.900907 -13.465225 18.777405 1.000000 0.000000 
0.285924 22.660999 -0.761471 -20.153191 13.405117 1.000000 0.000000 
0.286453 22.864925 -0.830336 19.667381 51.029549 0.000000 0.000000 
0.255068 22.980078 -0.849842 18.040169 50.337788 0.000000 0.000000 
0.042248 23.249947 -0.741338 -6.748924 27.661381 0.000000 0.000000 
0.086280 23.618643 -0.817905 -10.281265 25.004137 1.000000 0.000000 
-0.184645 27.682890 -9.963449 -15.419334 24.533548 0.000000 0.000000 
-0.246537 27.853851 0.018930 -26.773232 10.118965 1.000000 0.000000 
-0.057599 28.079456 0.228010 -26.025475 12.656937 1.000000 0.000000 
-0.025029 29.328224 -3.430184 -12.086937 25.551231 0.000000 0.000000 
0.069325 29.388582 0.397824 -14.460136 24.814758 0.000000 0.000000 
0.025520 29.785662 1.551343 -15.199486 24.834511 0.000000 0.000000 
0.394649 30.485802 -1.177608 -19.230545 20.461250 0.000000 0.000000 
0.142107 30.489777 -0.803443 -27.388016 9.645931 1.000000 0.000000 
0.133637 30.502445 -0.670335 -28.425415 9.153316 1.000000 0.000000 
0.078949 30.605249 -0.714995 -30.024849 7.489182 1.000000 0.000000 
0.132117 30.638706 -1.072352 -26.202347 11.889126 1.000000 0.000000 
0.003654 30.775778 -0.686278 -18.561981 23.100492 0.000000 0.000000 
-0.397418 30.827984 -1.184373 -14.160110 26.102325 0.000000 0.000000 
-16.544655 38.249340 0.140184 -17.465736 9.202469 1.000000 0.000000 
-17.056774 38.698128 0.334683 -21.449730 5.890198 1.000000 0.000000 
-16.947794 38.856239 -0.163098 -11.725784 13.182308 1.000000 0.000000 
-17.227917 39.359417 0.097382 -7.560654 18.071487 1.000000 0.000000 
-17.461575 39.771542 0.361816 0.238655 23.382711 1.000000 0.000000 
-17.509510 39.833511 0.310395 -10.562073 15.025764 1.000000 0.000000 
-17.540094 39.955933 0.368982 0.882957 23.812468 1.000000 0.000000 
-17.591415 39.953720 -0.259477 -5.271721 21.148941 1.000000 0.000000 
-17.765221 39.887180 0.762260 -16.388412 8.103874 1.000000 0.000000 
-17.909620 39.863235 1.576709 -14.066833 13.336658 1.000000 0.000000 
-17.529083 40.072021 1.118178 -16.732513 10.037479 1.000000 0.000000 
-19.244341 39.362518 1.673003 -13.292290 9.591148 1.000000 0.000000 
-17.755199 40.488369 0.384830 2.122246 24.795082 1.000000 0.000000 
-19.471977 39.862724 1.619233 -16.621788 8.591824 1.000000 0.000000 
-19.619173 39.803280 1.499116 -17.663971 7.894944 1.000000 0.000000 
-19.442617 40.016209 1.716399 -14.481094 11.016918 1.000000 0.000000 
-13.441601 77.880928 -1.324718 -17.426125 5.181019 1.000000 0.000000 
-12.607018 78.593285 -1.514139 -18.429176 4.339097 1.000000 0.000000 
-12.714240 78.588188 -1.320585 -10.698624 12.034546 1.000000 0.000000 
-12.832429 78.725815 -0.611015 -21.733665 2.560570 1.000000 0.000000 
-12.729146 78.964478 -1.215819 -14.197586 9.863338 1.000000 0.000000 
-12.951325 78.925026 -1.309094 -16.271866 6.292267 1.000000 0.000000 
-13.048618 78.932114 -3.017259 -11.436020 10.943836 1.000000 0.000000 
-12.528816 79.531845 -2.033694 -20.740540 3.848992 1.000000 0.000000 
-13.038947 79.841225 -1.422072 -2.936157 16.193317 1.000000 0.000000 
-13.385036 79.963058 2.817332 5.454552 23.502245 1.000000 0.000000 
-13.512763 80.035416 -2.206712 -10.241058 12.761074 1.000000 0.000000 
-13.124653 80.125229 -1.565005 -3.799538 16.659683 1.000000 0.000000 
-13.619600 80.513786 -2.658281 -1.806458 20.680378 1.000000 0.000000 
-13.603960 80.566124 2.901896 2.544640 21.684799 1.000000 0.000000 
-13.605210 80.777740 -2.747068 -5.869591 17.197186 1.000000 0.000000 
-13.671737 80.776253 -2.441468 -9.019197 16.676861 1.000000 0.000000 
-13.346232 81.033363 0.935697 -4.620712 13.855579 1.000000 0.000000 
-13.139140 81.085075 -1.145459 -9.612274 11.342022 1.000000 0.000000 
-13.614986 81.255157 2.718064 13.282829 30.917011 1.000000 0.000000 
-13.685302 81.261391 3.089257 6.928978 26.690533 1.000000 0.000000 
-13.469815 81.317932 -1.181343 -0.406181 20.127792 1.000000 0.000000 
-13.692301 81.294724 2.738088 9.705750 28.301365 1.000000 0.000000 
-12.705244 81.527832 -1.387727 -11.952728 16.495441 1.000000 0.000000 
-13.288089 81.511230 -0.219537 -10.033821 12.290775 1.000000 0.000000 
-13.633298 81.634140 2.667500 -11.498039 8.777782 1.000000 0.000000 
-13.238510 81.962708 -1.340367 -4.419891 19.946915 1.000000 0.000000 
-13.338534 82.316483 -1.801436 -3.701027 16.340916 1.000000 0.000000 
-13.484895 82.333954 -1.501037 1.940414 23.719501 1.000000 0.000000 
-13.590106 82.323402 -0.949980 -5.936569 15.119728 1.000000 0.000000 
-13.213068 82.702148 -1.340474 4.887299 27.805443 1.000000 0.000000 
-13.359818 82.711815 -1.285244 -2.169228 20.258213 1.000000 0.000000 
-13.303098 82.810097 -0.815912 -9.482735 12.351551 1.000000 0.000000 
-13.429764 82.891533 -1.092500 10.551819 28.885614 1.000000 0.000000 
-13.955648 82.802902 0.600862 -17.632965 4.513974 1.000000 0.000000 
-13.460719 82.893860 -1.294866 10.708389 29.249043 1.000000 0.000000 
-13.465428 83.076637 -1.470690 -5.491096 13.316113 1.000000 0.000000 
-13.608132 83.085182 -1.039322 5.296265 26.444469 1.000000 0.000000 
-13.502576 83.108521 -1.130847 11.312614 31.808872 1.000000 0.000000 
-13.645626 83.144814 -1.054685 3.201851 20.722317 1.000000 0.000000 
-13.594934 83.204399 -0.325632 -18.723961 3.996407 1.000000 0.000000 
-13.043172 83.393547 -1.157232 -15.315453 5.902382 1.000000 0.000000 
-13.622253 83.328629 -3.203508 -20.824303 4.767552 1.000000 0.000000 
-13.114952 83.498505 -0.775484 -16.488167 4.233174 1.000000 0.000000 
-13.567846 83.459419 -1.976660 -8.310555 13.272671 1.000000 0.000000 
-13.398224 83.589417 -1.837979 3.021492 24.015232 1.000000 0.000000 
-13.209552 83.638626 -2.492715 0.560379 23.299246 1.000000 0.000000 
-13.822124 83.564583 -2.508476 3.148094 22.624302 1.000000 0.000000 
-13.584297 83.637711 -0.102120 -21.601181 3.603951 1.000000 0.000000 
-13.898001 83.709793 -0.786345 -17.025284 4.207539 1.000000 0.000000 
-13.689704 83.752876 -1.325172 9.851799 26.569744 1.000000 0.000000 
-13.643827 83.971359 -1.684455 -2.256371 18.505398 1.000000 0.000000 
-13.629705 83.976677 -2.063082 5.222977 24.909742 1.000000 0.000000 
-13.879669 83.934303 -2.235387 -16.050911 4.499413 1.000000 0.000000 
-13.417144 84.084709 -0.689803 -16.270988 6.406613 1.000000 0.000000 
-13.707385 84.242050 -1.587478 1.922005 21.089531 1.000000 0.000000 
-13.472629 84.320465 -1.809245 -4.977112 17.636963 1.000000 0.000000 
-13.757769 84.383629 -1.829878 5.703835 24.146070 1.000000 0.000000 
-14.017096 84.341415 -1.145707 0.775345 22.103176 1.000000 0.000000 
-13.693335 84.414177 -1.230212 5.630959 24.382093 1.000000 0.000000 
-13.310680 84.547035 -2.074595 8.402451 27.039654 1.000000 0.000000 
-13.888417 84.464836 -0.943403 -3.861505 16.444008 1.000000 0.000000 
-13.738962 84.761192 -1.935982 -9.863319 8.246754 1.000000 0.000000 
-13.135630 84.902046 -1.664328 -8.862831 16.235100 1.000000 0.000000 
-13.513414 84.859596 -1.828585 13.687798 32.978790 1.000000 0.000000 
-13.574671 84.927849 -2.106760 -4.681969 18.348892 1.000000 0.000000 
-13.889252 84.965973 -1.641959 7.629745 23.198589 1.000000 0.000000 
-13.679536 85.193672 -0.863282 9.484749 27.359276 1.000000 0.000000 
-13.848116 85.174400 -0.629633 11.516664 27.785719 1.000000 0.000000 
-13.583592 85.219917 -0.368265 -2.514702 18.158916 1.000000 0.000000 
-13.604717 85.291985 -0.610796 11.774994 29.035404 1.000000 0.000000 
-13.458719 85.327599 -0.345491 6.298836 25.361603 1.000000 0.000000 
-13.348501 85.430809 -2.050700 -9.535400 12.357334 1.000000 0.000000 
-13.478543 85.408096 -0.249906 -14.696838 4.477345 1.000000 0.000000 
-13.827512 85.569901 -0.041711 -17.225723 4.259785 1.000000 0.000000 
-12.131397 85.945862 -1.037052 -5.584435 19.509544 1.000000 0.000000 
-13.216039 85.865608 -1.297288 -2.741112 17.189186 1.000000 0.000000 
-13.594324 85.921837 -2.068962 -4.887314 17.961510 1.000000 0.000000 
-13.909379 85.912354 -2.021512 -8.722359 8.461277 1.000000 0.000000 
-13.753723 85.958481 -0.028238 -18.264259 3.888459 1.000000 0.000000 
-13.903065 85.940300 -0.578547 2.653900 19.594189 1.000000 0.000000 
-13.794002 85.966537 -1.785884 4.972771 21.981514 1.000000 0.000000 
-13.778219 85.980408 -2.402886 -3.831558 19.676586 1.000000 0.000000 
-13.739945 86.137848 -1.556862 -9.586983 9.153728 1.000000 0.000000 
-13.516297 86.204880 -1.311773 4.345009 23.419117 1.000000 0.000000 
-14.061639 86.188828 -1.683294 0.388054 17.438412 1.000000 0.000000 
-12.943009 86.371460 -1.219336 -12.615311 11.339622 1.000000 0.000000 
-14.217428 86.322403 -0.040242 -0.815285 14.761127 1.000000 0.000000 
-13.887449 86.524750 -1.155462 4.698898 22.835732 1.000000 0.000000 
-13.518806 86.614632 0.432424 -1.816284 17.616035 1.000000 0.000000 
-13.930443 86.643776 -0.802661 -3.399216 15.774513 1.000000 0.000000 
-13.842894 86.793251 -1.961972 -19.332352 2.748127 1.000000 0.000000 
-14.274354 86.823235 -1.271524 -1.750130 19.445499 1.000000 0.000000 
-13.908284 86.909851 -0.813191 1.668465 18.667751 1.000000 0.000000 
-14.255005 86.924568 -1.345133 3.184975 22.419582 1.000000 0.000000 
-14.254700 86.969727 -1.513286 -9.319160 17.504055 1.000000 0.000000 
-12.964136 87.242767 -0.694328 -8.256592 13.057610 1.000000 0.000000 
-13.068842 87.278168 -1.142656 -14.467155 6.659440 1.000000 0.000000 
-15.258240 87.075844 -0.490515 -13.913383 12.316208 1.000000 0.000000 
-13.807705 87.453133 -0.694437 -0.479645 20.295803 1.000000 0.000000 
-13.662021 87.539772 -1.195711 -2.575974 21.854973 1.000000 0.000000 
-12.934166 87.661461 -1.833219 2.465996 21.425583 1.000000 0.000000 
-13.395166 87.614693 -0.973543 -4.475822 18.877396 1.000000 0.000000 
-14.034374 87.507851 -0.866912 4.079094 22.591244 1.000000 0.000000 
-13.203587 88.009598 -1.007395 -5.948822 16.569889 1.000000 0.000000 
-14.293804 87.902405 -0.124121 -13.971603 7.461991 1.000000 0.000000 
-13.983503 88.143707 -0.852395 -17.221558 5.461323 1.000000 0.000000 
-14.450610 88.098007 -1.068704 -2.325035 16.201435 1.000000 0.000000 
-14.237265 88.138176 -1.259469 7.754646 23.874771 1.000000 0.000000 
-14.089793 88.194298 -0.384578 9.049423 24.157667 1.000000 0.000000 
-14.016366 88.253937 -1.052598 10.830299 29.152834 1.000000 0.000000 
-13.456425 88.414177 0.389188 -2.357117 16.225124 1.000000 0.000000 
-14.299292 88.339867 -2.510965 -8.911194 13.139912 1.000000 0.000000 
-13.101820 88.602600 -1.187854 -0.567436 17.157177 1.000000 0.000000 
-13.204770 88.599442 -0.538804 -0.238571 17.896240 1.000000 0.000000 
-13.375770 88.792068 -0.475215 -10.983047 6.473458 1.000000 0.000000 
-14.151836 88.695229 -0.905987 -10.205299 18.020588 1.000000 0.000000 
-13.519316 88.806320 -0.911385 1.246109 24.086454 1.000000 0.000000 
-14.287497 89.025902 -0.208668 9.616356 26.363384 1.000000 0.000000 
-14.071760 89.111008 -1.719882 -1.847832 18.055862 1.000000 0.000000 
-14.636661 89.019081 -2.204942 -7.415277 19.743736 1.000000 0.000000 
-14.175061 89.235825 -2.448447 -14.877747 5.574109 1.000000 0.000000 
-14.247967 89.446465 -0.846568 7.591850 26.729813 1.000000 0.000000 
-14.011971 89.484489 -0.577170 -6.420540 15.365910 1.000000 0.000000 
-14.271009 89.455322 -0.935026 10.440445 28.315065 1.000000 0.000000 
-13.491048 89.716843 -0.483042 -10.296310 15.118011 1.000000 0.000000 
-13.477650 89.728966 -1.801938 5.781647 25.647013 1.000000 0.000000 
-13.667423 89.800743 0.144024 -7.293907 13.646481 1.000000 0.000000 
-13.476532 89.832611 -1.945961 -1.116219 19.604992 1.000000 0.000000 
-13.549079 89.869102 -2.033269 6.740105 25.963421 1.000000 0.000000 
-13.320966 90.142715 -2.026150 -1.140030 24.309790 1.000000 0.000000 
-14.638648 90.151772 -0.203143 -18.653282 3.571908 1.000000 0.000000 
-13.668197 90.418091 -1.832909 1.476784 21.421543 1.000000 0.000000 
-13.583021 90.474968 -0.487934 1.176338 17.911453 1.000000 0.000000 
-13.499101 90.492233 0.257699 -2.142059 15.947094 1.000000 0.000000 
-13.706023 90.505913 0.071169 4.641861 23.101347 1.000000 0.000000 
-13.784556 90.503105 -0.679647 -5.311775 14.529610 1.000000 0.000000 
-13.765584 90.545876 -1.290048 -0.299469 16.476376 1.000000 0.000000 
-14.117928 90.560539 -2.209908 -11.421272 10.266273 1.000000 0.000000 
-13.326169 90.722054 -0.670009 -6.049812 12.993443 1.000000 0.000000 
-13.643884 91.173935 -1.844742 -5.063362 13.466595 1.000000 0.000000 
-13.951069 91.285873 -1.555828 -7.924576 13.317142 1.000000 0.000000 
-13.590812 91.378380 -1.682425 -8.766510 11.797424 1.000000 0.000000 
-13.985601 91.407425 -1.102967 -6.862961 11.093369 1.000000 0.000000 
-13.727042 91.498238 -1.445951 -10.446548 9.005249 1.000000 0.000000 
-14.025171 91.672119 -0.573506 -6.248711 11.796177 1.000000 0.000000 
-14.061029 91.694061 -0.914387 -4.372589 14.311619 1.000000 0.000000 
-13.587193 91.914032 -2.126908 -11.017502 9.382915 1.000000 0.000000 
-13.687434 92.600777 -1.281943 -14.450081 6.927037 1.000000 0.000000 
2.253246 -8.627451 -0.004913 -22.139786 22.924765 1.000000 1.000000 
3.584655 -10.560519 -0.743320 -18.621063 23.558168 1.000000 1.000000 
3.452734 -6.912781 0.782581 -13.109467 35.811325 1.000000 1.000000 
4.689454 -6.644314 -0.151617 -8.919525 34.266209 1.000000 1.000000 
4.537605 -6.788713 -0.217784 -10.389702 34.449997 1.000000 1.000000 
20.304623 -12.360394 0.800252 -12.302315 19.332981 1.000000 1.000000 
-6.708425 -18.665504 -0.014532 -4.185577 30.488251 0.000000 0.000000 
-6.669780 -18.788406 0.321167 -2.532494 30.624325 0.000000 0.000000 
-6.315264 -19.020489 1.845847 -6.721437 27.810514 0.000000 0.000000 
-6.077419 -19.322792 -1.055197 -11.862473 22.628609 0.000000 0.000000 
-6.755992 -23.298107 -1.739418 -5.000969 27.429209 0.000000 0.000000 
-6.687231 -24.346302 -1.413322 -5.042450 27.599623 0.000000 0.000000 
-5.820145 -24.725021 1.029157 -11.452408 22.176777 0.000000 0.000000 
-6.852738 -24.677086 2.182978 -7.532478 22.605812 0.000000 0.000000 
-6.555214 -24.794456 4.237319 -10.463295 24.361511 0.000000 0.000000 
-6.464142 -28.232086 0.441000 -5.507446 22.676388 0.000000 0.000000 
-6.561594 -28.251778 0.208058 -6.640671 22.210022 0.000000 0.000000 
-7.234834 -42.634586 9.465555 5.337334 28.422001 0.000000 0.000000 
-6.344107 -48.851440 1.207665 1.964798 24.063425 0.000000 0.000000 
-7.143173 -49.206299 9.249998 -3.050331 19.386810 0.000000 0.000000 
-5.615877 -51.917942 -1.084056 -4.168228 18.928413 0.000000 0.000000 
-6.286430 -55.190247 0.278389 -0.134148 18.756603 0.000000 0.000000 
-6.251817 -61.127689 2.054822 3.635178 21.705555 0.000000 0.000000 
-5.860475 -61.312737 3.085985 4.232262 21.439426 0.000000 0.000000 
-5.375926 -64.519386 1.954010 -1.197983 15.768608 0.000000 0.000000 
-5.996336 -67.463112 -0.498203 2.002342 17.808514 0.000000 0.000000 
-6.249547 -67.496704 -0.778281 1.773376 16.910419 0.000000 0.000000 
-6.596411 -18.190620 0.232722 -11.040031 25.607683 0.000000 0.000000 
-6.597324 -18.294407 -0.614747 -10.914856 23.758633 0.000000 0.000000 
-6.652779 -18.602150 0.253785 -3.098152 28.885014 0.000000 0.000000 
-7.722449 -18.172497 -0.298604 -2.778038 29.226021 0.000000 0.000000 
-7.336296 -21.412678 0.120215 -3.013077 29.845730 0.000000 0.000000 
-7.161831 -21.575577 -0.241481 -0.284256 29.282835 0.000000 0.000000 
-7.084168 -21.727219 -1.326613 -10.440346 22.705799 0.000000 0.000000 
-6.955331 -22.084805 -1.914726 -4.771622 27.729027 0.000000 0.000000 
-35.121250 0.231906 2.275005 -1.539444 25.863079 0.000000 0.000000 
-35.174026 0.277718 2.677076 -3.639198 25.209892 0.000000 0.000000 
-38.630692 -1.735718 2.010717 -2.714745 23.415272 0.000000 0.000000 
-38.597843 -7.783076 2.430367 -2.621971 24.915178 0.000000 0.000000 
-42.666420 3.189384 2.007425 4.148254 28.219261 0.000000 0.000000 
-42.602898 4.162326 1.223956 2.431335 25.139305 0.000000 0.000000 
-38.676537 -19.451706 0.062634 3.921730 26.193617 0.000000 0.000000 
-38.753983 -19.573849 0.166539 7.343346 30.466806 0.000000 0.000000 
7.854190 -15.185917 3.258137 -6.675842 28.313589 0.000000 0.000000 
8.219640 -27.079746 1.567454 -5.008842 24.352612 0.000000 0.000000 
8.575607 -27.154087 0.683380 -0.506813 25.286705 0.000000 0.000000 
14.601159 -30.378639 -8.549152 -7.007851 23.230042 0.000000 0.000000 
8.193112 -34.941978 -0.007458 10.279556 36.309391 0.000000 0.000000 
7.840163 -35.119316 -0.258037 8.803711 34.717735 0.000000 0.000000 
10.270858 -39.260361 1.181353 -4.469139 20.435337 0.000000 0.000000 
4.336374 -41.366207 7.000113 -1.141510 24.636230 0.000000 0.000000 
10.401055 -40.806190 1.395396 6.960732 29.723700 0.000000 0.000000 
9.948763 -40.985283 1.208503 5.082008 29.341698 0.000000 0.000000 
9.648687 -41.068493 1.069710 5.843880 28.780743 0.000000 0.000000 
8.974763 -45.316124 4.746356 -3.733765 19.420536 0.000000 0.000000 
8.552328 -3.981124 0.565727 -4.196739 36.539455 0.000000 0.000000 
8.636969 -10.459585 -0.090039 -8.762535 30.318396 0.000000 0.000000 
8.661133 -11.323360 -0.350702 -5.060875 34.381290 0.000000 0.000000 
8.781319 -11.234950 0.400215 -2.898483 32.862522 0.000000 0.000000 
10.770769 -12.927539 0.706283 -10.830742 27.704355 0.000000 0.000000 
8.037004 -17.176220 5.081447 -11.538864 23.944359 0.000000 0.000000 
7.606047 -34.162807 0.445472 0.813614 27.745579 0.000000 0.000000 
7.551850 -34.223015 0.782378 1.138084 26.581602 0.000000 0.000000 
7.428258 -35.102734 -0.287624 1.976822 28.128901 0.000000 0.000000 
7.560789 -35.136257 0.766316 2.870026 28.970013 0.000000 0.000000 
6.219895 -38.934238 0.673286 -4.748634 20.282978 0.000000 0.000000 
6.019633 -39.066872 1.586432 -2.965286 20.314148 0.000000 0.000000 
8.007734 -40.289360 -1.100466 -0.435966 23.530506 0.000000 0.000000 
13.913529 -2.730789 0.696335 1.850197 40.939194 0.000000 0.000000 
14.055775 -2.747605 0.717554 -1.048592 36.999100 0.000000 0.000000 
15.851517 -0.910308 -0.538454 0.769203 38.256050 0.000000 0.000000 
15.902825 -0.892321 -0.666448 -0.836784 37.169746 0.000000 0.000000 
16.731686 -6.856414 2.894938 -8.923149 27.934231 0.000000 0.000000 
20.681730 0.920347 -0.199252 -3.859001 29.810577 0.000000 0.000000 
20.719446 0.997918 0.071976 -1.355446 32.121731 0.000000 0.000000 
21.241671 -2.404984 -6.970180 -5.489738 27.265846 0.000000 0.000000 
23.089905 -40.194038 1.351873 13.904243 29.280546 0.000000 0.000000 
24.280254 -47.082592 1.970078 1.999695 18.105961 0.000000 0.000000 
24.414459 -48.892452 5.811556 4.796272 20.200775 0.000000 0.000000 
23.499809 -21.687908 0.248687 4.581078 30.782066 0.000000 0.000000 
23.265816 -24.132488 0.799647 -1.518242 24.509605 0.000000 0.000000 
23.271395 -24.263050 1.055471 -3.806473 23.645260 0.000000 0.000000 
38.814793 -0.828815 -0.083848 10.091989 33.842854 0.000000 0.000000 
38.868511 -0.625046 0.212546 9.788635 34.070976 0.000000 0.000000 
24.584486 -51.519207 2.023139 0.919197 22.744843 0.000000 0.000000 
2.346159 -0.966515 0.036393 -13.811848 52.262463 0.000000 0.000000 
2.493915 -0.974619 0.035744 -13.562630 56.174984 0.000000 0.000000 
2.413667 -2.019995 0.037242 -24.516220 34.996937 0.000000 0.000000 
2.442721 -2.075449 0.006884 -26.913383 41.217255 0.000000 0.000000 
2.418293 -2.502980 0.129284 -23.682724 41.747746 0.000000 0.000000 
2.463487 -2.596415 0.056132 -22.214302 42.633995 0.000000 0.000000 
2.257141 4.773644 -0.015702 -28.515186 26.624737 0.000000 0.000000 
2.414562 4.818916 -0.031337 -27.621746 28.531645 0.000000 0.000000 
2.483041 5.377028 -0.075217 -38.422688 20.873344 0.000000 0.000000 
2.308808 5.972073 -0.080026 -41.609753 19.301083 0.000000 0.000000 
2.357602 5.956738 -0.054880 -39.007305 21.277664 0.000000 0.000000 
2.320688 6.476879 -0.062371 -38.749901 21.953491 0.000000 0.000000 
2.291840 6.959712 0.037511 -10.917768 45.491966 0.000000 0.000000 
2.318571 6.985188 0.041642 -11.169151 46.338810 0.000000 0.000000 
2.384143 7.449665 -0.079289 -26.945477 31.926182 0.000000 0.000000 
2.290278 7.626352 -0.072507 -30.976368 28.841848 0.000000 0.000000 
2.286957 7.909870 -0.039062 -21.381241 34.610474 0.000000 0.000000 
2.371764 7.975538 -0.031116 -21.977482 36.649357 0.000000 0.000000 
2.415172 8.409630 -0.017601 -24.636333 28.975780 0.000000 0.000000 
2.252411 8.594743 -0.156639 -37.490036 23.016300 0.000000 0.000000 
2.268955 8.953768 0.018838 -8.586296 42.292030 0.000000 0.000000 
2.302058 9.000919 0.023137 -6.829288 42.302723 0.000000 0.000000 
2.031859 12.473960 -0.058429 -36.098679 14.913692 1.000000 1.000000 
2.047833 12.801758 -0.087727 -36.097527 12.698429 1.000000 1.000000 
22.190496 8.978054 0.325852 6.962708 37.949959 0.000000 0.000000 
22.030476 9.560579 0.286245 4.622566 35.829769 0.000000 0.000000 
27.578024 0.269697 0.670510 3.601410 35.991184 0.000000 0.000000 
26.296368 9.022313 -6.742647 13.113524 37.083553 0.000000 0.000000 
26.385603 9.056156 0.031231 11.125191 36.101372 0.000000 0.000000 
28.606199 8.599689 -0.399815 14.350067 37.608444 0.000000 0.000000 
28.595970 8.674211 -0.449791 16.775772 39.147919 0.000000 0.000000 
28.987749 7.618938 2.958368 4.463181 28.809206 0.000000 0.000000 
29.115324 10.721279 -9.364616 0.581879 28.366844 0.000000 0.000000 
30.451904 8.293201 -0.251381 8.698006 32.398170 0.000000 0.000000 
30.524715 8.056611 -0.327902 8.836731 32.917381 0.000000 0.000000 
30.994474 7.728052 11.030584 -1.354149 26.039421 0.000000 0.000000 
32.574921 1.454511 1.457750 13.630913 39.211964 0.000000 0.000000 
32.701057 1.180505 0.936016 13.499519 41.285778 0.000000 0.000000 
28.736103 14.724257 0.561173 6.359383 34.046425 0.000000 0.000000 
33.174671 1.138906 1.666975 -2.440895 25.400200 0.000000 0.000000 
32.361378 9.063927 -0.611816 17.232590 36.770264 0.000000 0.000000 
32.264458 9.376611 -0.688193 17.280113 38.668510 0.000000 0.000000 
32.369564 9.220736 -0.733316 20.148132 42.760586 0.000000 0.000000 
34.479328 8.739199 -1.764930 15.649223 36.878361 0.000000 0.000000 
34.620438 8.633298 -1.452283 14.959099 35.335800 0.000000 0.000000 
34.535576 15.174281 -1.663594 0.756035 24.370823 0.000000 0.000000 
34.806007 15.083929 -4.395330 -0.051285 23.328352 0.000000 0.000000 
22.572535 13.696822 -1.222086 6.116585 25.338648 0.000000 0.000000 
20.051510 19.549160 6.109053 2.454659 23.349834 0.000000 0.000000 
24.360493 14.965392 -11.195350 4.560425 23.219690 0.000000 0.000000 
23.618980 22.752295 -12.647862 5.914757 24.357380 0.000000 0.000000 
15.582908 30.788939 0.500207 -1.235146 29.425108 0.000000 0.000000 
23.708971 24.060951 -9.909446 3.336830 24.367712 0.000000 0.000000 
15.698994 30.841328 1.585857 -6.271828 24.861961 0.000000 0.000000 
29.363689 22.076622 -9.201860 4.606003 20.637455 0.000000 0.000000 
32.464325 15.775863 -9.393978 2.958603 20.199276 0.000000 0.000000 
22.479528 30.387075 0.926687 0.295425 22.117496 0.000000 0.000000 
23.087252 29.991535 1.142133 -5.102074 18.148357 0.000000 0.000000 
22.053596 31.051540 0.082035 1.933540 22.090698 0.000000 0.000000 
21.891148 31.713964 3.729023 -3.804329 21.164150 0.000000 0.000000 
22.032753 31.627516 3.665004 -3.495972 20.295242 0.000000 0.000000 
22.921246 31.649462 0.465927 -2.809998 18.236084 1.000000 0.000000 
33.541977 17.669907 -0.744207 3.540314 17.705791 0.000000 0.000000 
35.919739 20.836536 6.098017 5.167519 17.952991 0.000000 0.000000 
35.162922 31.458031 1.357628 15.491264 27.237534 0.000000 0.000000 
34.728874 32.292450 1.161092 9.744209 21.703392 0.000000 0.000000 
35.196259 31.791948 1.274099 14.361588 26.404495 0.000000 0.000000 
43.300850 32.551743 1.661900 9.628304 14.498787 1.000000 0.000000 
43.278175 33.398212 1.682379 9.630241 16.135555 1.000000 0.000000 
43.247314 34.005020 0.883228 4.139053 17.757271 0.000000 0.000000 
43.993629 33.650555 1.962234 19.053268 23.849459 0.000000 0.000000 
44.585381 32.776894 1.811509 21.026443 25.909891 0.000000 0.000000 
44.234138 33.331276 2.036654 22.243469 26.163326 0.000000 0.000000 
44.851307 32.410950 -1.372771 18.360764 23.651493 0.000000 0.000000 
-6.017415 -0.999256 -0.725081 4.715767 54.817120 0.000000 0.000000 
-6.070008 -0.998896 -0.728070 6.818783 59.954620 0.000000 0.000000 
-6.829648 0.005809 0.104817 0.768906 48.510292 0.000000 0.000000 
-6.939804 0.008850 0.142366 5.476036 54.087494 0.000000 0.000000 
2.658078 -6.556615 0.144386 -7.550449 41.150440 0.000000 0.000000 
2.592321 -7.621615 -0.184153 -2.651878 42.145103 0.000000 0.000000 
2.694710 -7.616411 -0.144870 -0.024391 44.883114 0.000000 0.000000 
2.377136 -8.042492 0.099201 -7.155327 39.102253 0.000000 0.000000 
2.443957 -8.063026 0.108130 -2.186142 42.436592 0.000000 0.000000 
2.542773 -8.188900 -0.136200 -5.261131 42.156185 0.000000 0.000000 
2.501732 -8.907668 0.070042 -3.523178 39.081341 0.000000 0.000000 
2.455703 -8.971897 -0.044528 -2.787682 41.498718 0.000000 0.000000 
2.460761 -9.257810 -0.042578 -5.404709 38.246132 0.000000 0.000000 
2.584620 -9.299160 0.084532 -6.582359 36.222900 0.000000 0.000000 
2.386364 -9.483158 0.083613 0.815010 41.469959 0.000000 0.000000 
2.393930 -9.518036 0.076359 3.371780 47.357147 0.000000 0.000000 
2.279469 -10.292203 -0.195965 -5.498978 39.405849 0.000000 0.000000 
2.333377 -10.275718 -0.227501 -3.748741 40.474083 0.000000 0.000000 
2.359488 -10.514957 -0.167586 -5.435341 37.865139 0.000000 0.000000 
2.120187 -10.897505 -0.447372 -5.133659 38.098595 0.000000 0.000000 
2.348089 -11.010189 -0.284893 -5.767220 37.972931 0.000000 0.000000 
2.232769 -11.392121 0.037205 -10.254227 35.902893 0.000000 0.000000 
2.304704 -11.499713 0.099896 -0.706772 42.177052 0.000000 0.000000 
2.143221 -11.612969 -0.027536 3.775101 43.778572 0.000000 0.000000 
2.115573 -11.717485 0.232457 -1.747894 39.298729 0.000000 0.000000 
-6.403996 -10.732475 0.092435 -16.825508 27.906910 0.000000 0.000000 
-6.566055 -11.311225 -0.147547 -12.739792 29.890001 0.000000 0.000000 
-6.610935 -11.544423 0.101859 -11.425240 30.468790 0.000000 0.000000 
-6.776599 -11.624906 -0.051597 -11.747314 28.860704 0.000000 0.000000 
-6.441578 -11.952071 0.265639 -13.819435 30.051514 0.000000 0.000000 
-6.715494 -12.010184 0.113289 -13.503441 28.591324 0.000000 0.000000 
-6.645835 -12.079284 0.248268 -17.034653 28.443378 0.000000 0.000000 
-6.613068 -12.218251 0.862365 -10.214005 28.407867 0.000000 0.000000 
-6.875538 -12.208314 -0.399880 -12.807602 29.556328 0.000000 0.000000 
-6.314272 -12.757250 -0.561585 -7.316812 34.181408 0.000000 0.000000 
-6.354859 -12.743884 0.280172 -10.734558 30.302696 0.000000 0.000000 
-6.270236 -13.038834 0.465187 -10.277885 32.441757 0.000000 0.000000 
-6.361527 -13.113478 1.298814 -9.623665 29.904026 0.000000 0.000000 
-6.632428 -13.390932 -0.040584 -16.594391 23.937769 0.000000 0.000000 
-6.073180 -13.689199 -0.269256 -18.128990 22.078571 0.000000 0.000000 
-6.666362 -13.885005 -1.029855 -12.961823 26.342829 0.000000 0.000000 
-6.705175 -13.924758 -0.461998 -15.846642 24.868040 0.000000 0.000000 
-6.282512 -14.578371 0.159916 -20.397240 21.463524 0.000000 0.000000 
-6.659293 -14.666286 0.437915 -16.360992 23.897564 0.000000 0.000000 
-6.279237 -15.031676 0.475966 -10.178589 26.057060 0.000000 0.000000 
-6.340061 -15.052283 0.359276 -10.267502 27.187216 0.000000 0.000000 
-6.756724 -15.092288 0.177601 -15.806534 23.442242 0.000000 0.000000 
-6.543640 -15.347070 0.072843 -11.504791 27.629745 0.000000 0.000000 
-6.482676 -15.487774 0.365167 -8.247864 29.481127 0.000000 0.000000 
-7.231606 -15.423495 2.467822 -17.557449 22.033985 0.000000 0.000000 
-7.010135 -15.571745 2.602766 -13.714409 24.115799 0.000000 0.000000 
-6.803703 -15.687721 1.131889 -7.860886 29.971869 0.000000 0.000000 
-6.271955 -16.151649 1.160919 -8.016151 27.627377 0.000000 0.000000 
-6.428029 -16.263432 -0.884988 -5.258537 29.114454 0.000000 0.000000 
-6.393573 -16.281202 0.384460 -7.545830 28.033413 0.000000 0.000000 
-6.315640 -16.746475 -1.293003 -8.180115 26.357248 0.000000 0.000000 
-6.018050 -16.913342 -0.598972 -11.537842 25.284615 0.000000 0.000000 
-6.690106 -17.066677 0.387253 -9.588470 23.844900 0.000000 0.000000 
-6.656172 -17.178368 0.111544 -10.274246 24.169640 0.000000 0.000000 
-1.641211 -18.475349 3.274559 -13.987465 27.230724 0.000000 1.000000 
-18.240124 -2.122163 -0.511423 3.281013 44.304890 0.000000 0.000000 
-18.416126 -2.486217 -0.432692 2.496933 39.335270 0.000000 0.000000 
-18.677595 -2.136448 -0.210548 7.330429 45.158978 0.000000 0.000000 
-18.677397 -2.161124 -0.214664 7.813431 44.907700 0.000000 0.000000 
-20.359188 -0.828749 -0.999325 4.577667 40.559929 0.000000 1.000000 
-20.360548 -0.855989 -1.053286 3.925652 38.795429 0.000000 0.000000 
-21.223957 3.843648 1.782057 0.146568 33.694935 0.000000 0.000000 
-19.470398 -10.976835 0.902777 -1.429527 32.856373 0.000000 0.000000 
-19.781012 -11.300990 1.954767 1.158371 31.785500 0.000000 0.000000 
-2.012215 -22.632469 -4.171582 -6.661240 28.734268 0.000000 1.000000 
-19.860060 -11.259693 1.390524 0.058159 32.459808 0.000000 0.000000 
-22.239185 5.438735 0.584374 -7.056709 26.839233 0.000000 0.000000 
7.239877 -22.449276 -2.713176 -7.815155 24.902885 0.000000 1.000000 
-22.609467 7.344862 2.098491 -7.770500 25.610674 0.000000 1.000000 
-26.473558 -2.236378 -3.178695 -8.131393 23.837423 0.000000 0.000000 
9.620736 -27.065880 -8.416908 -8.533363 22.743927 0.000000 1.000000 
-21.237181 -21.449017 2.266117 -4.976250 25.431692 0.000000 0.000000 
12.560449 -27.823334 -1.529840 -3.989418 26.001253 0.000000 0.000000 
-0.259532 -31.424084 -8.087811 -7.534004 24.828152 0.000000 1.000000 
-26.138174 -18.447525 1.782438 3.899048 29.920473 1.000000 0.000000 
-26.104227 -18.887386 1.883467 -5.848862 20.543346 1.000000 0.000000 
12.471937 -29.156364 -0.351964 -1.054764 27.256277 0.000000 0.000000 
12.810695 -28.997387 -0.590408 1.448570 29.018782 0.000000 0.000000 
-26.652254 -18.559925 1.809489 -2.117996 23.848553 1.000000 0.000000 
-30.125952 12.633084 1.255605 -5.585342 22.781372 0.000000 0.000000 
-30.866531 13.007509 5.268542 -3.616570 24.952888 0.000000 0.000000 
-15.030458 -31.186081 -0.333260 -5.272362 22.851055 0.000000 1.000000 
12.827205 -31.806320 -0.889080 -6.647789 19.832458 0.000000 1.000000 
-21.327599 -28.121178 0.978040 0.055771 24.166964 0.000000 0.000000 
-21.260025 -28.230209 1.409227 6.365967 30.501884 0.000000 0.000000 
-35.147156 -9.813111 2.912876 -8.191917 21.599308 0.000000 1.000000 
-19.728956 -31.050911 2.518595 -1.602272 23.841780 0.000000 0.000000 
-1.886696 -37.353313 0.349921 1.400696 29.224985 0.000000 1.000000 
-2.190272 -37.413960 0.500939 4.875618 31.601915 0.000000 0.000000 
-37.161423 1.295482 -1.645196 4.249908 31.100483 0.000000 1.000000 
-36.841812 -6.999116 -5.729165 -3.740738 22.851542 0.000000 0.000000 
-21.010681 -31.865723 0.878816 -4.378868 20.793766 0.000000 1.000000 
-38.603107 -7.125392 12.427274 -4.927690 22.951855 0.000000 0.000000 
-40.417797 0.739600 1.480293 -0.541023 23.753424 0.000000 0.000000 
-40.448296 1.027375 2.127137 -0.269714 24.583191 0.000000 0.000000 
-40.693169 1.222110 2.207364 5.010193 29.378836 0.000000 0.000000 
-40.796650 1.245252 2.180848 3.701019 28.191654 0.000000 0.000000 
11.060824 -40.117729 4.109529 3.469048 26.280331 0.000000 0.000000 
13.804159 -39.513321 -2.386985 -2.211357 21.326229 0.000000 0.000000 
18.710665 -38.882427 10.191692 -0.297447 24.281120 0.000000 0.000000 
15.558991 -41.592148 0.345538 -4.891769 17.728012 0.000000 0.000000 
-45.775013 -1.916562 4.017245 -3.064240 20.874630 0.000000 0.000000 
-47.276875 -4.471630 3.212269 -5.443863 21.409519 0.000000 0.000000 
-47.734642 -3.885786 2.431108 0.132820 23.588757 0.000000 0.000000 
9.984518 -51.097027 5.960803 -2.548363 18.431492 0.000000 1.000000 
26.598577 -47.203453 0.261211 1.641594 16.812786 0.000000 0.000000 
26.694134 -47.315861 0.987697 3.098656 18.033161 0.000000 0.000000 
27.792288 -46.929451 2.192165 4.826874 18.548454 0.000000 0.000000 
10.029650 -55.387192 6.633062 -0.466087 18.797691 0.000000 1.000000 
25.723562 -53.713871 1.686582 -1.379036 16.964195 0.000000 1.000000 
21.297424 -57.717834 10.212919 1.829636 18.544044 0.000000 1.000000 
-61.963306 -22.953079 2.895382 0.961502 16.329643 0.000000 0.000000 
-106.987335 -4.240777 8.292980 6.613655 16.857292 0.000000 0.000000 
-107.279694 -1.120081 4.413786 15.756042 24.397860 0.000000 0.000000 
-107.278839 -1.559442 4.814020 16.807686 24.490894 0.000000 0.000000 
-107.472511 -3.730439 1.887707 7.446236 19.296944 0.000000 0.000000 
-107.570732 -5.056895 2.109639 5.757202 17.505001 0.000000 0.000000 
-107.464020 -7.767737 4.297937 7.070076 17.469688 0.000000 0.000000 
-107.535370 -7.408190 3.198380 7.491318 17.746502 0.000000 0.000000 
-115.466560 -2.503960 4.838965 12.017372 20.555599 0.000000 0.000000 
-115.472832 -2.594121 3.999083 9.489418 17.439747 0.000000 0.000000 
54.968143 -103.992981 6.862210 17.425926 19.876404 0.000000 0.000000 
55.601814 -103.755653 5.646110 20.329750 22.087578 0.000000 0.000000 
55.892334 -103.714478 6.792658 13.799484 16.502552 0.000000 0.000000 
63.536175 -109.633850 7.433709 21.364769 21.444435 0.000000 0.000000 
58.926262 -148.239456 5.498822 19.540054 18.625603 0.000000 0.000000 
2.402648 -2.856059 -0.025157 -19.965763 43.726990 0.000000 0.000000 
2.406238 -3.123521 -0.098929 -28.479774 39.046787 0.000000 0.000000 
2.457478 -3.542261 0.095756 -14.291283 46.618233 0.000000 0.000000 
2.489887 -3.523440 0.110661 -13.383972 46.374432 0.000000 0.000000 
2.511747 -3.616450 0.075586 -9.674084 49.596943 0.000000 0.000000 
2.442984 -3.950271 0.048913 -18.287731 42.498741 0.000000 0.000000 
2.452225 -4.139445 0.028579 -14.588955 43.393578 0.000000 0.000000 
2.474128 -4.185495 0.059068 -14.732803 44.469452 0.000000 0.000000 
2.432813 -4.470852 -0.078812 -17.357025 40.462688 0.000000 0.000000 
2.465142 -4.550858 -0.117731 -19.693901 41.569782 0.000000 0.000000 
2.477736 -4.732347 -0.052695 -20.271168 36.179691 0.000000 0.000000 
2.456819 -5.061059 0.092333 -9.457905 43.859386 0.000000 0.000000 
2.475659 -5.161734 0.070965 -11.411816 42.830925 0.000000 0.000000 
2.396139 -5.343480 -0.173794 -12.542301 40.490093 0.000000 0.000000 
2.443811 -5.502974 0.032825 0.637745 54.791168 0.000000 0.000000 
2.438247 -5.506283 0.029444 -1.232193 48.684669 0.000000 0.000000 
2.472939 -5.742685 0.029169 -9.231663 45.261887 0.000000 0.000000 
2.444151 -5.938117 0.046902 -6.212677 45.794106 0.000000 0.000000 
2.440321 -6.005382 -0.092748 -8.158081 46.065262 0.000000 0.000000 
2.462196 -6.252987 0.028239 -7.925186 45.690071 0.000000 0.000000 
2.481961 -6.360644 -0.017341 -4.630783 45.202469 0.000000 0.000000 
2.499711 -6.470449 -0.083292 -6.668316 42.085896 0.000000 0.000000 
2.457712 -6.753525 -0.013351 -7.377743 38.776566 0.000000 0.000000 
2.467768 -6.795643 -0.103026 -6.332214 39.297661 0.000000 0.000000 
2.416101 -7.059745 -0.105894 -8.649868 40.470787 0.000000 0.000000 
2.458186 -7.222865 -0.028967 -3.463539 43.371662 0.000000 0.000000 
2.459829 -7.225817 0.084339 -5.042732 42.559982 0.000000 0.000000 
2.321959 -7.515102 0.202930 -7.888947 38.495872 0.000000 0.000000 
2.406827 -7.504722 0.122634 -10.629463 38.821350 0.000000 0.000000 
2.404109 -7.654963 0.121960 -7.209862 38.688267 0.000000 0.000000 
2.317266 -7.935441 0.061558 -3.186195 41.861000 0.000000 0.000000 
2.263857 -8.236006 -0.242505 -9.640488 40.481422 0.000000 0.000000 
2.326697 -8.444378 -0.035008 -8.453430 36.331024 0.000000 0.000000 
2.249617 -8.528786 -0.038971 -10.030136 32.695663 0.000000 0.000000 
7.195590 -5.228172 0.008063 3.413536 46.814140 0.000000 0.000000 
7.297099 -5.341340 -0.051872 5.008392 50.256062 0.000000 0.000000 
2.263164 -8.753372 -0.027813 -1.172920 44.136616 0.000000 0.000000 
2.262656 -8.954391 -0.000040 4.951202 45.979034 0.000000 0.000000 
2.250001 -8.958620 -0.030541 3.418007 47.210915 0.000000 0.000000 
2.168351 -9.418855 -0.103330 -1.085678 43.553436 0.000000 0.000000 
2.225002 -9.474920 0.083147 -3.771751 40.999146 0.000000 0.000000 
2.171902 -9.693129 -0.355378 -4.825256 38.197353 0.000000 0.000000 
2.181413 -9.825941 -0.078179 -7.253601 37.088379 0.000000 0.000000 
2.174258 -9.966327 -0.270372 -3.336159 40.242622 0.000000 0.000000 
2.157588 -10.147778 -0.485864 -5.394836 39.151360 0.000000 0.000000 
2.228754 -10.139848 -0.343258 -2.152061 38.318714 0.000000 0.000000 
2.249928 -10.216713 0.366392 -1.593132 38.975613 0.000000 0.000000 
2.236413 -10.360148 0.227646 -3.458954 38.863861 0.000000 0.000000 
2.098922 -10.627357 -0.235672 -2.701324 41.556110 0.000000 0.000000 
2.277921 -10.608574 -0.112897 -1.596878 41.101845 0.000000 0.000000 
7.316637 -8.492378 -1.465487 7.116570 47.331131 0.000000 1.000000 
2.227354 -11.045350 -0.303973 0.464333 43.756710 0.000000 0.000000 
2.211565 -11.101616 -0.092379 0.743965 42.687904 0.000000 0.000000 
2.278636 -11.369972 0.285016 -9.430748 39.409275 0.000000 0.000000 
1.997609 -11.618737 0.128205 -4.292313 38.729939 0.000000 0.000000 
2.058400 -11.845404 0.193523 -2.389076 39.615623 0.000000 0.000000 
11.944538 -3.147522 0.088227 7.091888 45.492153 0.000000 0.000000 
11.946122 -3.133842 0.048961 8.955986 48.798691 0.000000 0.000000 
2.936064 -12.575809 -0.009074 -11.901642 31.462570 0.000000 0.000000 
11.562327 4.510346 -3.099789 -12.400841 30.725698 0.000000 1.000000 
4.575168 -13.333633 0.251118 -12.690361 30.448206 0.000000 1.000000 
-6.465617 -12.728606 -0.525376 -5.851974 31.499817 0.000000 0.000000 
13.017645 -7.166276 -0.446219 -8.284966 32.852425 0.000000 1.000000 
13.228873 -6.981353 0.413431 -8.558380 32.567600 0.000000 0.000000 
-5.351892 -13.518050 -2.001855 -9.170486 30.246038 0.000000 0.000000 
-5.635425 -13.779387 -4.128744 -8.797951 29.390434 0.000000 0.000000 
-6.539009 -13.577466 -0.086282 -4.423096 29.476295 0.000000 0.000000 
-6.676624 -13.715774 -0.361360 -4.099228 28.937452 0.000000 0.000000 
-6.623842 -13.878975 -0.063052 -9.485756 25.862816 0.000000 0.000000 
-7.086077 -14.884039 4.683326 -7.312309 26.896500 0.000000 0.000000 
-1.311268 -16.949722 3.449088 -14.996666 25.747501 0.000000 1.000000 
-6.424845 -15.476149 -1.220250 -8.851953 27.318920 0.000000 0.000000 
17.047504 0.397170 -0.739548 8.500153 44.200092 0.000000 0.000000 
17.174814 0.371643 -0.798294 5.499222 43.162437 0.000000 0.000000 
-7.892499 -15.312267 -0.733830 1.635345 32.438499 0.000000 1.000000 
-5.866349 -16.465965 0.275628 -9.036682 29.158718 0.000000 0.000000 
8.754362 -16.515545 -2.867996 -11.724945 24.933975 0.000000 0.000000 
-6.359313 -17.034283 0.947158 -5.749664 28.082336 0.000000 0.000000 
-5.985562 -17.225224 -0.354976 -5.232408 28.912718 0.000000 0.000000 
18.879763 0.806875 -6.643287 -7.221558 28.300058 0.000000 1.000000 
8.238853 -17.680626 5.501999 -15.190910 21.529396 0.000000 0.000000 
16.905069 8.731556 0.504165 10.508621 39.738640 0.000000 0.000000 
16.966238 8.831944 0.468972 9.952995 38.911625 0.000000 0.000000 
17.885841 -9.630756 6.097272 -4.724831 29.200964 0.000000 0.000000 
17.960852 -9.833803 5.510373 -3.668221 30.987118 0.000000 0.000000 
18.136076 -9.978872 8.396300 -2.205811 35.437893 0.000000 0.000000 
18.553329 8.414804 -0.546917 1.455070 34.672497 0.000000 0.000000 
18.293459 10.222115 -0.131913 10.208755 40.792957 0.000000 0.000000 
21.433727 -3.608062 -0.029724 -4.707977 31.644934 0.000000 0.000000 
17.355989 -14.836086 1.885485 -2.511345 29.598114 0.000000 1.000000 
11.286409 -21.277641 0.991469 -3.448311 25.520761 0.000000 0.000000 
22.648111 -10.888052 -2.149506 -0.511635 28.932314 0.000000 0.000000 
22.685286 -13.606648 -1.074336 -2.338730 26.809652 0.000000 1.000000 
9.861590 -27.300175 -5.101472 -1.273567 24.262867 0.000000 0.000000 
25.900007 -14.655150 1.146489 -2.960670 24.507435 0.000000 1.000000 
25.775362 -15.051308 9.257470 -1.875404 25.570061 0.000000 1.000000 
8.962463 -28.751286 9.066709 -0.689873 26.726330 0.000000 0.000000 
7.469825 -30.081562 -9.059255 -5.282524 26.306093 0.000000 1.000000 
23.673557 -21.590733 0.532903 6.622597 32.371899 0.000000 0.000000 
24.834299 -23.145081 -0.158237 -3.573425 23.698568 0.000000 0.000000 
6.325541 -36.565228 -0.616275 0.396149 24.935169 0.000000 0.000000 
6.471400 -36.560173 -1.040495 -0.277435 23.592453 0.000000 0.000000 
37.042660 -9.134771 -1.670068 -6.449570 20.222157 0.000000 0.000000 
38.636337 7.642839 -0.485136 7.413162 28.395662 0.000000 0.000000 
38.670483 7.681255 -0.554994 10.812921 30.260551 0.000000 0.000000 
38.895027 7.466678 10.308323 4.978287 28.193974 0.000000 0.000000 
3.084193 -41.430286 4.925637 -1.545929 24.778917 0.000000 1.000000 
41.674103 -1.391580 14.155506 12.158928 33.645554 0.000000 0.000000 
5.913387 -41.991264 -4.951659 0.562218 24.248716 0.000000 1.000000 
43.123474 -0.656819 2.181843 4.983391 27.401697 0.000000 0.000000 
43.269764 -0.729473 2.214184 4.266090 27.038271 0.000000 0.000000 
42.634182 8.739367 -1.400892 17.137383 35.470798 0.000000 0.000000 
42.671059 8.759718 -1.407011 15.643814 34.193130 0.000000 0.000000 
44.466759 9.374558 0.188633 8.386604 26.933788 0.000000 0.000000 
42.807034 18.514278 1.161627 -1.812782 18.581760 0.000000 0.000000 
46.575703 8.094531 -2.553724 18.448830 34.016155 0.000000 0.000000 
46.643929 8.279772 -4.357852 19.602928 35.413704 0.000000 0.000000 
44.510143 16.927021 -0.708245 -3.567551 18.965435 0.000000 0.000000 
47.550495 7.146943 -1.691186 5.479446 25.655890 0.000000 0.000000 
46.470272 17.111034 0.835738 15.435637 32.354153 0.000000 0.000000 
46.626740 16.815952 1.473243 12.767822 30.120581 0.000000 0.000000 
47.287186 16.062973 -1.478209 8.039673 26.083910 0.000000 0.000000 
50.317631 10.077127 -0.739388 10.189240 28.081528 0.000000 0.000000 
50.285961 10.222039 -0.491762 13.176414 32.395927 0.000000 0.000000 
50.478207 14.222525 -3.381758 2.951630 17.900352 0.000000 0.000000 
50.217766 16.265228 -0.203604 6.067062 21.343479 0.000000 1.000000 
52.528057 9.121424 0.107164 16.603333 32.825863 0.000000 0.000000 
52.699585 8.620393 -0.023193 15.676682 33.771557 0.000000 0.000000 
52.568333 9.340214 -0.225434 18.820717 33.122818 0.000000 0.000000 
53.429310 10.356630 -1.318123 2.452454 19.867531 0.000000 0.000000 
53.497242 10.704983 -1.256971 2.782013 20.661758 0.000000 0.000000 
54.890926 7.219471 -0.270850 22.714546 38.742470 0.000000 0.000000 
-1.425372 -55.688217 12.533814 7.818024 32.762863 0.000000 1.000000 
54.968628 7.074340 -0.739180 20.010323 34.461334 0.000000 0.000000 
10.744040 -54.888493 4.167027 12.764214 33.576748 0.000000 0.000000 
56.885342 6.368146 -2.496148 15.731339 29.322071 0.000000 0.000000 
56.923653 6.328454 -2.517408 19.944801 35.339199 0.000000 0.000000 
57.068394 7.305083 2.639649 10.327087 26.745491 0.000000 0.000000 
56.796974 8.991616 6.277026 10.017761 25.899296 0.000000 0.000000 
58.039944 0.925427 -0.092974 8.345604 27.400331 0.000000 0.000000 
58.033348 1.276313 0.246224 14.528305 30.155668 0.000000 0.000000 
56.309475 14.740604 0.958283 6.578682 20.713604 0.000000 0.000000 
58.266975 6.830990 -2.614136 6.695152 22.655960 0.000000 0.000000 
58.522427 5.672543 -4.025023 6.662254 22.786098 0.000000 0.000000 
58.495857 8.933666 -1.096717 20.645950 33.014027 0.000000 0.000000 
58.681026 8.725031 -1.239411 20.874214 34.381241 0.000000 0.000000 
34.727470 -49.093658 4.656111 6.138283 21.529110 0.000000 1.000000 
60.442276 9.601589 -0.348587 23.856705 36.334007 0.000000 0.000000 
60.402428 9.826280 -0.023509 20.390091 33.401253 0.000000 0.000000 
61.551365 -9.672745 -2.757381 1.343086 19.709053 0.000000 0.000000 
61.924595 -9.534108 2.655646 7.979225 24.610384 0.000000 0.000000 
61.999012 -9.399423 2.860728 7.530563 24.434513 0.000000 0.000000 
62.002403 -10.821362 1.558259 5.373825 22.465763 0.000000 0.000000 
62.081249 -11.173628 1.850942 6.215027 23.620285 0.000000 0.000000 
62.655090 8.779477 -1.595699 12.019333 28.171967 0.000000 0.000000 
62.750118 8.401841 -2.413785 11.693779 28.175682 0.000000 1.000000 
60.704910 19.765102 3.778072 2.989319 18.524921 0.000000 1.000000 
63.999786 -9.924985 3.724976 5.866951 22.042187 0.000000 1.000000 
57.568287 -31.681938 2.667234 14.790421 29.093439 0.000000 0.000000 
57.599697 -31.826591 3.302630 17.110260 30.298405 0.000000 0.000000 
57.748672 -32.259789 2.917673 4.363640 18.845387 0.000000 0.000000 
66.725113 -10.606521 -0.568707 8.850052 27.231691 0.000000 0.000000 
66.727859 -10.804215 0.288947 13.535460 29.354095 0.000000 0.000000 
5.779189 -68.124908 -0.441237 0.908257 15.698502 0.000000 0.000000 
5.499490 -68.208847 -0.104625 0.438255 16.005096 0.000000 0.000000 
67.637466 -11.004081 5.310791 3.487587 17.912140 0.000000 0.000000 
6.948191 -68.568665 4.175836 2.670921 17.890881 0.000000 0.000000 
5.727960 -68.778961 4.990475 6.971291 20.180092 0.000000 1.000000 
4.470446 -68.970039 3.809685 2.741486 18.762920 0.000000 0.000000 
5.425848 -69.148827 4.779657 2.173325 17.791485 0.000000 0.000000 
67.729126 13.284260 2.121547 22.328125 32.454517 0.000000 0.000000 
67.886391 13.061874 1.854045 24.224686 35.188305 0.000000 1.000000 
69.665649 -10.855097 4.415947 4.850761 19.720901 0.000000 0.000000 
69.895309 -9.887610 6.738019 3.930367 18.045593 0.000000 0.000000 
70.251572 -9.688191 18.077665 9.138618 23.322077 0.000000 0.000000 
70.337135 -10.239753 -3.785667 8.962471 24.320221 0.000000 0.000000 
70.296165 10.336449 1.335725 8.811462 23.029840 0.000000 0.000000 
70.425827 9.559774 1.746263 9.770271 20.823544 0.000000 0.000000 
59.253887 -41.025337 2.989605 2.969986 19.590157 0.000000 0.000000 
72.551399 9.125032 0.106806 29.335678 39.468678 0.000000 0.000000 
72.634674 8.925658 -0.012681 25.740959 35.630268 0.000000 0.000000 
74.830582 6.583949 -2.667666 13.113029 24.159433 0.000000 0.000000 
74.904770 6.717866 -3.609174 16.054665 27.370794 0.000000 0.000000 
74.713867 8.946152 -1.595572 8.318520 21.230541 0.000000 0.000000 
55.601948 -52.984676 1.637949 14.817322 25.815815 0.000000 0.000000 
7.915727 -76.716316 -1.491546 1.693153 16.631077 0.000000 0.000000 
76.739632 8.227599 -1.862923 15.231247 26.713173 0.000000 0.000000 
76.812157 8.002756 -2.187171 14.472580 25.085421 0.000000 0.000000 
8.298717 -77.186348 -1.481078 11.577553 25.795769 0.000000 0.000000 
8.266082 -77.199303 -1.756286 15.376869 28.395615 0.000000 0.000000 
77.061363 -12.519026 7.947711 1.703590 15.834072 0.000000 0.000000 
78.630615 8.663024 -1.473693 20.700653 30.343561 0.000000 0.000000 
78.867287 8.027058 -2.259973 18.954903 29.071005 0.000000 0.000000 
56.881092 -57.039631 5.653513 4.925575 18.362778 0.000000 0.000000 
80.483505 9.305540 -1.209084 12.555931 22.440006 0.000000 0.000000 
80.668022 8.923429 -1.438918 14.535591 26.492098 0.000000 0.000000 
80.632942 9.627980 -0.338827 10.979614 22.969542 0.000000 0.000000 
55.215778 -61.509090 -0.353349 5.066040 15.880177 0.000000 0.000000 
55.567493 -64.325996 4.311745 10.478523 18.325233 0.000000 0.000000 
84.315674 10.880384 -1.690636 9.278343 20.618893 0.000000 0.000000 
84.433662 10.796525 -0.547239 11.026871 22.589855 0.000000 0.000000 
86.309013 10.925047 1.798988 12.882286 21.186207 0.000000 0.000000 
86.338814 11.040770 2.712359 13.483336 21.331257 0.000000 0.000000 
86.874130 -10.070225 7.303882 5.728493 17.506573 0.000000 0.000000 
57.621014 -67.878670 5.194921 18.055733 26.067266 0.000000 0.000000 
57.743111 -67.915115 5.262122 17.526512 24.461563 0.000000 0.000000 
88.613197 9.542670 2.474822 15.575272 24.359610 0.000000 0.000000 
88.562691 9.973196 2.711307 16.989700 24.846954 0.000000 0.000000 
89.460541 -0.795158 -3.284518 5.433304 16.786411 0.000000 0.000000 
89.174164 -10.431717 8.832565 8.792076 22.720806 0.000000 0.000000 
89.226166 -10.288314 9.382751 7.991302 21.765263 0.000000 0.000000 
90.468803 9.955382 1.232102 21.722183 28.931671 0.000000 0.000000 
90.604424 10.096535 1.176916 25.124817 31.876143 0.000000 0.000000 
91.236694 -11.142513 8.607063 8.758789 22.799488 0.000000 0.000000 
91.141861 -11.996030 8.700888 9.345642 24.179436 0.000000 0.000000 
91.374062 -12.547283 13.244083 14.274826 24.775679 0.000000 0.000000 
91.448265 -12.513396 11.736449 8.717018 20.521542 0.000000 0.000000 
91.499001 -12.808083 14.197104 9.847618 22.124142 0.000000 0.000000 
91.620140 -12.567786 12.874383 0.461792 17.972153 0.000000 0.000000 
92.743973 8.405245 -0.179327 19.784187 27.517508 0.000000 0.000000 
92.850037 7.934263 -1.053652 17.824127 25.660028 0.000000 0.000000 
94.583069 9.058663 3.444735 8.018356 15.461021 0.000000 0.000000 
96.304230 -12.137602 8.140767 8.126167 18.903152 0.000000 0.000000 
96.267105 -12.779162 6.521100 8.288757 19.360992 0.000000 0.000000 
97.466789 -12.241259 8.354035 9.045868 17.956654 0.000000 0.000000 
108.490860 -9.951480 8.843618 9.736252 16.004330 0.000000 0.000000 
108.568832 -9.420527 10.723287 11.462419 16.734585 0.000000 0.000000 
107.744682 16.486610 0.108481 17.290482 22.359779 0.000000 0.000000 
107.892029 16.054058 -1.871200 12.406189 19.041920 0.000000 0.000000 
112.629021 9.698600 0.263716 9.789566 15.307755 0.000000 0.000000 
113.499504 -9.094293 11.239272 12.917290 18.240555 0.000000 0.000000 
113.575836 -8.461782 13.639803 15.830322 21.021481 0.000000 0.000000 
113.626823 -8.163288 15.960567 9.878647 15.632935 0.000000 0.000000 
113.757683 -11.383500 18.465578 12.120378 17.612034 0.000000 0.000000 
113.936218 -9.953163 20.477493 12.422180 18.346889 0.000000 0.000000 
114.493423 -7.427989 11.051620 14.171967 19.104748 0.000000 0.000000 
7.897466 -115.889626 -3.180887 11.036592 17.755360 0.000000 0.000000 
5.317863 -116.077995 -7.825596 11.676338 18.931225 0.000000 0.000000 
55.938847 -103.396591 0.198633 17.314537 22.520523 0.000000 0.000000 
118.289001 -2.198508 -2.348576 7.806877 19.148758 0.000000 0.000000 
118.518089 -0.897002 1.821587 7.584412 18.247204 0.000000 0.000000 
118.805321 -3.399429 19.210207 8.202431 17.113194 0.000000 0.000000 
118.768448 9.207338 -4.278375 11.841049 18.428150 0.000000 0.000000 
118.782280 9.427599 -4.637827 14.946915 19.634583 0.000000 0.000000 
119.895622 1.765460 1.615223 8.081322 14.360958 0.000000 0.000000 
120.396439 -0.688618 -6.455078 9.243103 14.158360 0.000000 0.000000 
127.405632 16.714104 3.258000 20.393768 22.098690 0.000000 0.000000 
10.420908 -129.280609 1.602790 14.188995 17.141151 0.000000 0.000000 
7.903637 -130.667221 0.732010 10.927597 15.138275 0.000000 0.000000 
7.335584 -131.927643 -0.758093 10.256714 15.590134 0.000000 0.000000 
132.813690 -14.415518 3.636355 9.696373 14.710190 0.000000 0.000000 
7.079903 -134.408478 0.847035 17.873604 20.815819 0.000000 0.000000 
6.393891 -135.671692 -0.490174 13.035431 18.215240 0.000000 0.000000 
8.582785 -142.079514 -5.527630 14.061974 15.435596 0.000000 0.000000 
8.299366 -143.370987 0.262545 20.849068 24.956457 0.000000 0.000000 
7.088062 -144.668335 -3.952897 22.415604 24.349789 0.000000 0.000000 
6.258239 -145.866959 -1.720608 12.574173 15.948513 0.000000 0.000000 
8.351263 -145.836731 -4.015494 16.659904 19.603172 0.000000 0.000000 
7.745121 -147.100632 0.561091 24.832253 27.382555 0.000000 0.000000 
8.567670 -148.288879 -4.575361 21.119553 21.959366 0.000000 0.000000 
6.633717 -149.610596 -3.525060 18.988960 20.641880 0.000000 0.000000 
6.371161 -150.850159 -6.484288 16.114365 17.852474 0.000000 0.000000 
150.186554 12.721079 0.839674 15.023735 15.249294 0.000000 0.000000 
9.020754 -151.138000 -1.646627 13.923988 15.431225 0.000000 0.000000 
166.409760 -11.083452 16.440794 14.681320 15.692261 0.000000 0.000000 
59.054264 -158.533859 6.990579 14.566689 15.867706 0.000000 0.000000 
9.614405 -173.280441 -3.946955 19.402580 19.195217 0.000000 0.000000 
175.894699 65.487244 18.874300 32.931465 27.062473 0.000000 0.000000 
185.548615 61.596130 7.574094 20.288620 14.337490 0.000000 0.000000 
185.243286 64.974014 18.530466 21.727470 15.448414 0.000000 0.000000 
1.772133 4.554900 -0.029864 -45.103100 17.781765 1.000000 1.000000 
2.326824 9.748177 -0.091725 -22.547909 24.757273 0.000000 1.000000 
3.058399 10.634590 0.100818 -31.422966 11.340275 1.000000 1.000000 
1.697373 11.148589 -0.025894 -37.883827 9.493225 1.000000 1.000000 
2.303920 12.328817 0.413575 -16.141609 32.381836 0.000000 0.000000 
2.220914 12.838703 -0.980234 -11.189606 35.959625 0.000000 0.000000 
2.204599 13.100275 0.102151 -11.102371 33.666325 0.000000 0.000000 
2.276703 13.529519 -0.077048 -2.153496 38.269447 0.000000 0.000000 
2.362973 13.953281 -0.105603 -0.128723 41.676544 0.000000 0.000000 
2.480371 14.263880 0.072016 -31.577477 10.825581 1.000000 1.000000 
2.324751 14.382257 -0.153564 2.992218 43.394703 0.000000 0.000000 
2.313560 14.395164 -0.161288 0.179749 40.041538 0.000000 0.000000 
2.303391 14.493544 -0.150069 1.989731 41.285126 0.000000 0.000000 
2.177212 14.642791 -0.065146 -34.818581 8.359688 1.000000 1.000000 
2.354540 14.842606 -0.128636 -3.675224 35.766693 0.000000 0.000000 
2.387787 14.947189 -0.095671 -32.900543 12.473270 1.000000 1.000000 
2.271917 15.184492 0.158984 -9.242256 35.507973 0.000000 0.000000 
2.283868 15.284742 0.194483 -12.587463 36.686806 0.000000 0.000000 
2.314543 15.723510 0.333393 -6.772629 35.821640 0.000000 0.000000 
2.334197 15.830800 0.265982 -7.590240 32.430817 0.000000 0.000000 
2.249360 16.179909 -0.212105 -14.889969 33.527454 0.000000 0.000000 
2.487427 16.473026 0.147493 -39.635139 8.509605 1.000000 1.000000 
2.341499 16.605026 -0.054091 -8.154695 35.809624 0.000000 0.000000 
2.331343 16.714615 -0.035618 -5.714645 34.572922 0.000000 0.000000 
2.201949 16.739979 0.159973 -18.188110 27.615290 0.000000 0.000000 
2.201242 17.258266 -0.023951 -18.979813 28.464653 0.000000 0.000000 
2.269684 17.514881 -0.169525 -3.309410 36.661354 0.000000 0.000000 
2.285386 17.536240 -0.078229 -2.962296 36.852757 0.000000 0.000000 
2.195995 17.833967 -0.187051 -34.615471 7.485127 1.000000 1.000000 
7.317531 16.043098 -0.305549 -20.243332 13.897621 1.000000 1.000000 
2.300111 17.952820 0.339164 -7.366501 30.621117 0.000000 0.000000 
2.145225 18.060078 0.030255 -12.261551 27.330490 1.000000 1.000000 
2.393839 18.237640 -0.189479 -11.553055 27.318745 1.000000 1.000000 
2.346631 18.260689 0.329440 -4.031532 30.870867 0.000000 0.000000 
2.342682 18.360619 -1.323231 -5.566948 34.841087 0.000000 0.000000 
2.125215 19.039471 -0.069205 -18.430908 21.082336 1.000000 1.000000 
2.265887 19.328978 0.244448 -7.958817 30.992041 0.000000 0.000000 
2.012375 19.479717 -0.015353 -20.402985 17.177807 1.000000 1.000000 
2.277779 19.574013 -0.391708 -3.665138 34.369522 1.000000 1.000000 
2.180519 19.744392 -0.053264 3.295555 40.432182 0.000000 0.000000 
2.200029 19.873825 0.170995 2.933167 39.723782 0.000000 0.000000 
1.847009 19.926867 -0.537735 -31.182877 10.051937 1.000000 1.000000 
2.167659 20.432800 0.344327 -3.997269 33.625507 0.000000 0.000000 
2.461318 20.423620 -0.075481 -27.734634 12.419521 1.000000 1.000000 
2.259619 20.449495 -0.084801 -0.825043 37.856277 1.000000 1.000000 
2.150718 20.576744 -0.550431 8.461128 46.609840 0.000000 0.000000 
2.140116 20.671291 -0.659092 2.359184 46.367889 0.000000 0.000000 
2.211910 20.944290 -0.432134 -0.644218 34.865128 0.000000 0.000000 
2.194025 21.000868 -0.479878 5.413635 42.543449 0.000000 0.000000 
2.521658 21.288794 -0.053301 -31.342201 11.012444 1.000000 1.000000 
-6.574502 22.882534 0.196630 -8.435715 27.619762 0.000000 0.000000 
-6.557286 23.078358 0.246411 -5.870781 29.966757 0.000000 0.000000 
-7.025172 23.371971 0.285082 -7.894424 29.757425 0.000000 0.000000 
-7.083076 23.420582 0.137273 -6.344368 30.681553 0.000000 0.000000 
-7.415562 24.143087 0.809636 -11.758797 27.244263 0.000000 0.000000 
-7.362778 24.170401 0.996757 -9.684319 28.241776 0.000000 0.000000 
-5.724555 25.481594 8.601657 -20.012299 20.449783 0.000000 0.000000 
7.778730 24.934549 -0.954337 -13.217262 25.934088 0.000000 0.000000 
-20.239513 13.706137 -1.945289 7.545586 26.631390 0.000000 0.000000 
3.371532 26.535845 -0.138604 -14.610405 24.898647 0.000000 0.000000 
7.173831 25.829885 0.144067 -9.963203 26.431202 0.000000 1.000000 
7.159195 26.069120 9.967802 -16.235756 24.536249 0.000000 0.000000 
7.083160 26.141329 -0.697081 -18.801262 23.059296 0.000000 0.000000 
-7.460698 26.880512 1.398287 -15.730278 24.961042 0.000000 0.000000 
7.889399 27.532490 3.179860 -16.314331 22.650970 0.000000 0.000000 
-21.744349 17.904945 0.316724 4.874176 24.198572 0.000000 1.000000 
-20.145386 20.273651 0.747367 1.751549 23.747532 0.000000 1.000000 
6.267158 30.841537 -0.573998 -17.066055 23.209745 0.000000 0.000000 
-14.336376 27.572163 -0.930711 -11.038597 23.144531 0.000000 1.000000 
6.230954 31.244312 -0.266224 -14.422470 24.558403 0.000000 0.000000 
5.869979 31.389290 7.392472 -17.750305 19.994122 0.000000 0.000000 
7.027564 31.499884 -7.263764 -14.068192 23.974407 0.000000 0.000000 
-9.919841 30.622654 12.191813 -15.882881 22.369041 0.000000 1.000000 
7.000402 31.692131 2.508255 -12.860779 22.231617 1.000000 1.000000 
6.944955 32.301441 2.338487 -0.289505 33.041550 0.000000 0.000000 
7.029928 32.380257 2.379568 -0.135628 33.823212 0.000000 0.000000 
6.680554 32.479191 7.318312 -15.844582 23.792080 0.000000 0.000000 
7.325879 32.562195 1.074855 -14.787384 21.531826 0.000000 0.000000 
6.776858 32.699478 -0.751330 -17.865799 15.953064 1.000000 1.000000 
6.234584 33.025345 -0.445976 -15.674446 22.125320 0.000000 0.000000 
6.788846 33.261154 4.843600 -15.151695 21.041359 0.000000 0.000000 
6.901258 33.750862 -0.857250 -1.148598 32.795265 0.000000 0.000000 
6.981492 33.868954 -0.919261 -2.870789 29.950111 0.000000 0.000000 
6.294910 34.296894 -0.700145 -19.682167 20.919254 0.000000 0.000000 
7.348285 34.536026 3.513386 -10.383247 24.354984 0.000000 0.000000 
7.225472 34.609627 3.417060 -7.989197 25.050598 0.000000 0.000000 
7.258289 34.986313 8.042218 -17.445999 21.196693 0.000000 0.000000 
5.924899 35.296989 3.347904 -12.270424 23.134481 0.000000 0.000000 
5.818446 35.588753 -4.541116 -11.938583 21.362881 0.000000 0.000000 
5.752121 35.641880 -4.753026 -13.304893 20.826443 0.000000 0.000000 
8.579695 35.062225 2.127084 -2.872337 29.967306 0.000000 0.000000 
8.533787 35.120708 2.004385 -4.263969 29.522907 0.000000 0.000000 
8.727463 35.077797 2.428422 -10.917778 26.157198 0.000000 0.000000 
6.393743 36.089401 3.810192 -8.144211 27.049011 0.000000 0.000000 
6.496583 36.332108 3.548563 -3.654541 29.005558 0.000000 0.000000 
6.551404 36.446518 2.520540 -9.255692 24.970610 0.000000 0.000000 
6.676771 36.452190 2.597302 -14.258575 24.055870 0.000000 0.000000 
6.904170 36.463791 7.616490 -14.916092 22.019661 0.000000 0.000000 
-18.838024 31.813732 -12.489111 -10.044975 22.179379 0.000000 0.000000 
6.265411 37.222176 0.082315 -12.296516 21.073063 0.000000 0.000000 
6.261508 37.418762 8.620460 -8.723228 23.742550 0.000000 0.000000 
6.678418 37.505966 1.875827 -15.220917 18.450809 0.000000 0.000000 
6.470622 37.558338 5.978377 -15.991570 18.513725 0.000000 0.000000 
6.533307 39.568241 1.288385 -17.533638 17.814213 0.000000 0.000000 
9.566635 39.302135 -12.107445 -14.691292 19.640617 0.000000 0.000000 
7.144606 40.132870 7.053900 -16.248428 20.395485 0.000000 0.000000 
12.854292 39.038631 4.631638 -13.895271 17.560326 0.000000 0.000000 
5.217358 40.978893 -0.391813 -19.546257 16.563553 0.000000 0.000000 
5.980358 40.964634 5.909377 -14.608177 20.853611 0.000000 0.000000 
7.333895 40.741924 7.464247 -13.016624 19.648540 0.000000 0.000000 
6.120490 41.029110 6.192183 -13.878639 19.693542 0.000000 0.000000 
7.392947 41.265682 -0.897738 -13.699852 18.900406 1.000000 1.000000 
8.595603 41.344826 3.215610 -10.271721 23.599327 0.000000 0.000000 
6.879432 41.744652 -1.321162 -15.167145 21.554394 0.000000 0.000000 
7.019499 41.748135 -1.023068 -7.742813 25.167053 0.000000 0.000000 
7.517938 41.748009 -0.684202 -8.842728 21.831173 0.000000 0.000000 
7.561590 41.978001 -0.755133 -7.131966 25.037300 0.000000 0.000000 
10.220212 41.491997 4.263403 -14.935425 18.386024 0.000000 0.000000 
10.394506 41.729950 4.557073 -12.995651 20.066387 0.000000 0.000000 
5.104411 42.841991 -0.722078 -8.715866 21.609489 0.000000 0.000000 
5.125637 42.846756 -0.568280 -10.301208 20.630363 0.000000 0.000000 
5.540196 43.111069 -0.569247 -14.249252 19.310547 0.000000 0.000000 
5.271451 43.574657 -0.382503 -7.701820 20.328346 0.000000 0.000000 
5.233263 43.593403 -0.228997 -18.389069 14.491547 0.000000 0.000000 
5.218667 43.602028 -0.379366 -14.838928 16.430927 0.000000 0.000000 
5.247757 43.612869 -0.434984 -6.354103 21.834457 0.000000 0.000000 
5.273473 43.688835 -0.211744 -12.083786 18.676510 0.000000 0.000000 
5.395647 43.698444 -0.351772 -8.214340 22.496185 0.000000 0.000000 
7.648036 43.636127 2.797575 -5.441925 25.575678 0.000000 0.000000 
5.110646 44.096344 -0.294534 -12.806854 17.942532 0.000000 0.000000 
5.664246 44.024830 -0.264660 -19.291763 12.062115 1.000000 1.000000 
5.170931 44.140892 -0.933092 -15.652275 18.743530 0.000000 0.000000 
7.740221 43.779739 2.925757 -7.057945 24.342178 0.000000 0.000000 
7.967614 43.846424 3.496067 -15.090973 18.208328 0.000000 0.000000 
-23.570559 37.418839 9.816130 -3.858246 21.737942 0.000000 0.000000 
7.505806 44.242500 5.572856 -10.489563 20.468178 0.000000 0.000000 
7.959159 44.461384 3.262269 -10.447029 20.141079 1.000000 1.000000 
5.440273 44.918373 -0.474730 -14.629967 14.665588 1.000000 1.000000 
7.068687 44.789314 6.224604 -16.092514 17.294518 0.000000 0.000000 
7.086637 44.864182 6.065310 -13.692543 18.689075 0.000000 0.000000 
13.769663 43.579967 5.019485 -15.464317 16.321198 0.000000 0.000000 
8.303923 45.716328 5.049987 -18.959068 14.917866 0.000000 0.000000 
8.577259 46.144753 4.136110 -15.135406 18.968540 0.000000 0.000000 
6.809997 47.040474 14.769132 -17.002403 15.062653 0.000000 0.000000 
7.259370 47.187042 7.354804 -7.653435 21.496521 0.000000 0.000000 
7.752083 47.172684 4.957568 -10.983658 20.804253 0.000000 0.000000 
7.664479 47.265347 5.208742 -5.034622 24.591124 0.000000 0.000000 
33.003174 33.694054 1.544334 0.586418 17.911163 0.000000 0.000000 
7.302532 47.769253 3.223535 -7.302278 23.424435 0.000000 0.000000 
7.472979 47.907333 3.427752 -6.891899 23.442600 0.000000 0.000000 
7.972113 47.900349 2.832969 -9.142494 21.760708 0.000000 0.000000 
7.823102 48.120209 4.334128 -8.286873 23.184271 0.000000 0.000000 
12.727589 47.268612 7.456862 -14.649460 18.733120 0.000000 1.000000 
10.122319 48.082134 3.899741 -12.611221 20.857246 0.000000 0.000000 
7.908818 48.558102 -6.452836 -11.038156 18.256001 0.000000 0.000000 
8.004358 48.593822 -8.168523 -10.292770 21.148323 0.000000 0.000000 
7.364834 49.067101 5.812619 -10.430984 18.329456 0.000000 0.000000 
7.505459 49.071182 -7.150272 -10.716621 20.601933 0.000000 0.000000 
7.527836 49.276974 -6.246116 -11.302277 16.920376 0.000000 0.000000 
7.946207 49.205971 -6.619145 -13.480347 19.012428 0.000000 0.000000 
7.570668 49.445835 16.575756 -10.342590 19.712704 0.000000 0.000000 
7.923998 49.410793 5.868894 -15.087952 17.970562 0.000000 0.000000 
8.158370 49.427853 -7.271916 -17.051147 13.419407 0.000000 0.000000 
8.630387 49.725079 3.031031 -18.715584 15.357410 0.000000 0.000000 
8.223501 50.066978 -10.857856 -18.039581 15.532688 0.000000 0.000000 
7.564654 50.249935 -7.916269 -13.148979 16.890099 0.000000 0.000000 
7.540887 50.334900 -6.780003 -16.043472 16.219887 0.000000 0.000000 
-2.461207 50.939053 1.669281 -20.937248 14.518681 0.000000 1.000000 
12.304288 49.515327 -0.257499 -22.336197 11.837143 0.000000 0.000000 
7.742767 50.777584 -8.028746 -17.761986 14.807175 0.000000 0.000000 
44.395042 21.389025 1.093897 5.428864 14.086597 0.000000 1.000000 
7.644676 51.026115 5.462640 -3.489281 23.290501 0.000000 0.000000 
7.146965 51.145027 -7.912058 -18.992294 12.549343 0.000000 0.000000 
7.401089 51.138290 4.976897 -20.445595 11.846336 0.000000 0.000000 
7.772213 51.186737 5.453476 -3.726608 24.124632 0.000000 0.000000 
7.823454 51.178329 -4.764043 -13.891014 17.041309 0.000000 0.000000 
7.671521 51.218594 -7.778451 -9.336617 20.585419 0.000000 0.000000 
7.785222 51.216969 -4.707845 -11.535774 18.180939 0.000000 0.000000 
12.715165 51.003857 4.005770 -12.908600 16.620026 0.000000 0.000000 
12.253770 51.193592 3.459505 -16.950165 12.811699 0.000000 0.000000 
12.693619 51.441948 3.384278 -11.719460 15.933372 0.000000 0.000000 
17.412029 49.945126 0.161482 -13.922417 17.063309 0.000000 0.000000 
17.759117 49.861416 0.489043 -10.956947 17.214340 0.000000 0.000000 
12.382118 51.631363 3.723381 -10.645073 17.809349 0.000000 0.000000 
11.181961 52.269615 2.995941 -12.939865 18.024914 0.000000 0.000000 
6.522579 53.178329 5.425416 -12.256828 18.355896 0.000000 0.000000 
6.587716 53.457787 5.235325 -7.483925 20.368023 0.000000 0.000000 
7.357663 53.420189 5.315430 -4.570129 20.587959 0.000000 0.000000 
7.427510 53.430889 -6.445830 -5.675476 20.085472 0.000000 0.000000 
7.179495 53.478310 -6.360100 -11.775429 17.605198 0.000000 0.000000 
7.612418 53.508919 4.550183 -8.919807 19.540527 1.000000 1.000000 
7.088186 53.755730 4.317049 -4.693718 21.316673 0.000000 0.000000 
6.965944 53.825932 5.490003 -15.326111 12.421638 1.000000 1.000000 
7.201566 53.864563 5.260491 -6.344170 20.144840 0.000000 0.000000 
7.066215 53.916370 3.239273 -11.089073 26.165838 0.000000 0.000000 
7.709720 54.102940 3.448345 -3.528198 24.768732 0.000000 0.000000 
8.045325 54.079517 -6.608939 -2.334976 23.258856 0.000000 0.000000 
8.170449 54.145306 3.920433 -2.218300 24.598461 0.000000 0.000000 
7.954887 54.213120 -6.536054 -8.996956 18.273521 0.000000 0.000000 
6.775405 54.439720 -6.626470 -12.084045 17.156219 0.000000 0.000000 
7.970287 54.624577 3.032557 -9.012878 20.027351 0.000000 0.000000 
8.286392 54.596272 2.909761 -11.440750 16.729660 0.000000 0.000000 
7.949788 54.666737 4.232239 -8.851959 21.841755 0.000000 0.000000 
7.481995 54.777218 3.994261 -9.840706 19.813793 0.000000 0.000000 
6.825867 55.054104 5.468901 0.760887 25.648212 0.000000 0.000000 
6.634073 55.277569 5.677575 -4.891357 22.058620 0.000000 0.000000 
6.771509 55.267483 4.697747 -0.366539 24.877613 0.000000 0.000000 
8.245936 55.120331 5.524089 -17.101677 13.896484 0.000000 0.000000 
8.668368 55.409428 3.545509 -12.613297 18.414730 0.000000 0.000000 
6.768589 55.708267 5.591379 -9.516891 19.684616 0.000000 0.000000 
6.426360 56.194653 -7.574454 -9.925247 16.845585 0.000000 0.000000 
7.036430 56.298683 5.145417 -8.887360 16.671547 1.000000 1.000000 
6.981384 56.984203 5.704565 -9.394897 22.412659 0.000000 0.000000 
6.791271 57.023331 5.380977 -9.435646 19.497997 0.000000 0.000000 
6.776546 57.188812 4.958947 -8.190521 19.753483 0.000000 0.000000 
8.034250 57.210941 3.316758 -8.347542 19.592060 0.000000 0.000000 
8.033895 57.275112 -10.363360 -15.983719 15.563618 0.000000 0.000000 
7.721624 57.379700 3.217871 -9.365517 19.682747 0.000000 0.000000 
7.855340 57.743969 4.828423 -11.809380 18.309654 0.000000 0.000000 
8.253315 57.724430 3.956007 -11.640686 18.331669 0.000000 0.000000 
5.706216 58.174042 9.466295 -19.064194 10.070503 1.000000 1.000000 
6.747206 58.224529 10.417490 -13.229355 16.474155 0.000000 0.000000 
6.199831 58.370655 3.315210 -15.807426 16.605263 0.000000 0.000000 
6.896544 58.305828 -8.883970 -11.878242 16.739803 0.000000 0.000000 
5.700586 58.840645 9.896023 -13.830460 15.858841 0.000000 0.000000 
6.139977 58.817413 9.609672 -9.080772 20.411346 0.000000 0.000000 
6.098060 58.847115 -11.366103 -16.995575 13.970520 0.000000 0.000000 
6.451950 58.967670 6.599317 -11.984955 15.299461 0.000000 0.000000 
6.001666 59.172218 -1.384789 -17.367805 13.780563 0.000000 0.000000 
6.889468 59.112770 6.469589 -15.946320 12.738392 0.000000 0.000000 
28.693275 51.643833 5.314818 -9.324730 15.383579 0.000000 0.000000 
7.794626 59.075699 4.238851 -14.384308 15.865364 0.000000 0.000000 
7.115201 59.610603 4.981627 -14.756279 15.231701 0.000000 0.000000 
6.823018 59.694981 13.952928 -13.231384 16.846954 0.000000 0.000000 
7.080245 60.003590 7.155421 -13.444855 15.720703 0.000000 0.000000 
6.992092 60.032619 7.792866 -7.119690 18.570183 0.000000 0.000000 
6.898542 60.081474 6.912750 -12.541664 14.894047 0.000000 0.000000 
7.413832 60.212757 7.383319 -12.345123 13.609943 0.000000 0.000000 
6.130764 60.554085 7.065061 -14.117531 15.795364 0.000000 0.000000 
9.318101 60.138523 9.185860 -14.609337 16.163609 0.000000 0.000000 
6.845299 60.495609 3.609340 -10.437668 16.163872 0.000000 0.000000 
-7.161316 60.658314 -0.605966 -23.878937 6.659295 1.000000 1.000000 
8.127604 60.744591 9.159624 -9.626884 15.330116 0.000000 0.000000 
6.210897 61.011391 6.444214 -19.677979 11.647820 0.000000 0.000000 
6.095328 61.117695 7.155078 -20.792236 11.458607 0.000000 0.000000 
-7.610181 61.146366 -1.063696 -0.076614 23.523930 0.000000 0.000000 
-7.627366 61.154095 -1.235278 -0.298592 23.781734 0.000000 0.000000 
-7.610648 61.258560 -1.162604 2.238518 27.393394 0.000000 0.000000 
-7.661611 61.254322 -1.411655 -5.457565 20.415234 0.000000 0.000000 
-8.320705 61.338009 -1.400933 -23.789429 4.323460 1.000000 1.000000 
-8.139295 61.612034 -0.516334 -16.608818 12.798252 0.000000 0.000000 
-7.933772 61.768074 -0.644302 -13.972878 13.110767 0.000000 0.000000 
-8.537404 61.782368 -1.126619 -15.401894 12.464745 0.000000 0.000000 
-8.526796 61.989105 -1.511373 -13.670456 13.848518 0.000000 0.000000 
-8.719309 61.965401 -1.872722 -17.779144 12.600956 0.000000 0.000000 
-7.792331 62.346848 -1.421367 -16.566551 12.828491 1.000000 1.000000 
29.908012 55.063011 -7.405256 -10.918190 12.345474 0.000000 0.000000 
29.987436 55.381947 2.514712 -10.403687 11.465187 0.000000 0.000000 
30.047529 55.373417 5.164406 -9.362495 14.337273 0.000000 0.000000 
31.129501 55.331398 5.459933 -5.226555 12.998112 0.000000 0.000000 
31.180058 55.503826 -4.511714 -11.254128 9.645306 0.000000 0.000000 
31.264021 55.647179 3.778540 -10.947815 12.352093 0.000000 0.000000 
8.139882 64.183151 -0.033912 -10.215607 14.438450 0.000000 0.000000 
8.456868 64.144730 -0.430586 -20.002457 9.834423 0.000000 0.000000 
8.155760 64.235977 0.193555 -14.129677 12.482533 0.000000 0.000000 
8.764955 64.174408 0.628073 -19.732155 8.843658 0.000000 0.000000 
21.012932 61.945354 -4.495803 -12.221634 15.987232 0.000000 0.000000 
-11.592614 64.557907 -0.507178 -7.617180 20.998695 0.000000 0.000000 
26.698025 60.280243 -5.055805 0.049461 20.281200 0.000000 0.000000 
27.003574 60.326881 -6.041656 -6.690475 14.140415 0.000000 0.000000 
7.754108 65.977020 -1.634392 -14.323250 11.295567 1.000000 1.000000 
26.952274 60.404392 -10.137621 -2.341660 19.372787 0.000000 0.000000 
8.252657 66.866089 -1.228203 -10.165642 15.284752 0.000000 0.000000 
8.012822 67.198532 -1.709209 -10.583092 14.466278 0.000000 0.000000 
-30.911680 59.941967 18.286327 -5.535820 17.775753 0.000000 0.000000 
-12.573283 66.670883 0.337678 -16.566498 10.175983 1.000000 1.000000 
8.199163 67.612976 -1.360320 -16.433861 8.746159 1.000000 1.000000 
-12.926982 67.252464 -0.184533 -13.988068 10.970459 0.000000 0.000000 
-12.468386 67.347031 -0.460431 -11.751038 14.746090 0.000000 0.000000 
-12.273479 67.402016 3.560026 -9.620790 14.434433 0.000000 0.000000 
-12.634179 67.391556 2.733083 -11.205620 14.946781 0.000000 0.000000 
21.811855 65.328674 0.862004 -16.465363 9.929619 0.000000 1.000000 
44.166744 52.288189 2.680136 -1.856049 12.924156 0.000000 0.000000 
-19.996277 66.294945 9.294137 -20.964088 7.350045 0.000000 1.000000 
44.278294 52.366272 3.314194 -4.004082 10.309383 0.000000 0.000000 
7.840448 69.070702 5.071735 -13.502434 13.168087 1.000000 1.000000 
43.226562 53.333675 2.507759 0.387810 14.284332 0.000000 0.000000 
6.503153 69.428917 -0.588261 -24.905708 5.370286 1.000000 1.000000 
43.878815 53.249935 1.903268 0.894463 11.388111 0.000000 0.000000 
43.355259 53.712498 9.699086 -7.618980 7.392388 0.000000 0.000000 
43.435017 53.647270 1.769054 -0.152077 10.127224 0.000000 0.000000 
45.198597 52.108734 2.801900 8.368713 17.599396 0.000000 0.000000 
44.884361 52.430328 -4.732663 2.568558 13.335350 0.000000 0.000000 
9.432752 69.402603 2.586908 -24.136246 9.787041 1.000000 1.000000 
45.211102 52.297134 3.332216 8.041679 15.693943 0.000000 0.000000 
8.284517 69.664017 1.206973 -0.143127 21.699562 0.000000 0.000000 
43.756794 53.832520 1.189739 -6.872948 7.097607 1.000000 1.000000 
8.252844 69.877243 1.316797 -11.338516 14.565742 0.000000 0.000000 
8.331809 69.879913 1.318087 1.676582 24.685190 0.000000 0.000000 
47.004112 52.184250 -4.822705 9.076454 20.408817 0.000000 0.000000 
8.380302 70.953224 1.286211 -6.011827 16.030384 1.000000 1.000000 
47.579327 52.227234 -5.888054 6.470985 19.047359 0.000000 0.000000 
-35.730392 61.653973 4.031806 -5.370369 14.662525 1.000000 1.000000 
47.097576 53.188488 -4.908642 1.458778 14.130150 0.000000 0.000000 
8.676199 71.608185 2.297717 -12.027496 14.274662 0.000000 0.000000 
-36.379589 61.985176 3.947674 3.707832 20.650455 0.000000 0.000000 
-35.971176 62.255550 3.768744 2.255707 18.523384 0.000000 0.000000 
-36.237244 62.199127 3.978227 2.532112 20.850075 0.000000 0.000000 
-36.133072 62.283981 3.725332 -0.491905 17.668026 0.000000 0.000000 
9.043045 72.019089 3.260077 -14.329224 13.070702 0.000000 0.000000 
9.076650 72.229446 2.791466 -11.280357 12.471664 0.000000 0.000000 
8.867914 72.257263 2.869674 -10.515190 12.190796 0.000000 0.000000 
8.936168 72.317291 3.054438 -15.094574 11.632557 0.000000 0.000000 
8.567329 72.460693 -8.101370 -17.435745 10.541752 0.000000 0.000000 
9.179981 72.491913 3.403948 -15.179024 9.710976 0.000000 0.000000 
9.608748 72.534592 2.767478 -7.865242 14.464169 0.000000 0.000000 
10.091604 72.660103 -4.222933 -13.699272 13.632011 0.000000 0.000000 
-22.761824 70.046524 -8.926218 -15.672012 13.193226 0.000000 0.000000 
-30.785990 66.733604 3.263634 -6.324654 18.443172 0.000000 0.000000 
-23.809912 69.784943 2.405635 -12.877518 12.864437 0.000000 0.000000 
-10.421307 73.198380 3.870242 -4.215988 20.359447 0.000000 0.000000 
-22.731005 70.212311 3.931900 -12.216171 14.462826 0.000000 0.000000 
-30.280989 67.274277 4.184827 2.782852 19.949131 0.000000 0.000000 
-29.520132 67.805389 6.110354 -2.098007 17.677177 0.000000 0.000000 
-30.652248 67.281540 4.406617 1.587837 22.359913 0.000000 0.000000 
-29.693279 68.126984 5.830302 2.035782 21.728333 0.000000 0.000000 
-29.329510 68.363182 5.874067 4.898506 23.441656 0.000000 0.000000 
-29.451151 68.317223 5.636470 7.964119 25.338638 0.000000 0.000000 
-29.777729 68.205582 4.946563 4.425613 22.078209 0.000000 0.000000 
-30.073103 68.354843 -8.233440 5.176208 22.206013 0.000000 0.000000 
-30.257845 68.299835 -8.265542 3.604469 21.013145 0.000000 0.000000 
-32.315514 67.412704 4.225935 -3.795204 19.238625 0.000000 0.000000 
-29.358562 68.883797 5.113934 -2.405548 18.269001 0.000000 0.000000 
-30.136030 68.856819 3.564966 2.815773 22.284618 0.000000 0.000000 
-28.834454 69.539635 5.610165 -1.773064 20.907387 0.000000 0.000000 
-31.932892 68.139122 5.364493 -4.889915 18.784626 0.000000 0.000000 
-10.380681 75.274536 5.149768 -3.223259 21.491928 0.000000 0.000000 
-10.512630 75.458633 4.740035 -3.128334 20.033436 0.000000 0.000000 
-10.672853 75.939072 7.810911 -10.386139 14.091702 0.000000 0.000000 
-10.786429 76.071594 8.182029 -9.634544 16.428707 0.000000 0.000000 
-22.351728 73.395615 4.355685 -8.413345 18.260464 0.000000 0.000000 
-10.360799 76.254562 3.539492 -13.893036 12.881413 1.000000 1.000000 
8.305948 76.735481 1.698084 -13.292587 13.096210 0.000000 0.000000 
-22.284101 73.782242 10.707836 -5.310898 14.240711 1.000000 1.000000 
-10.070758 76.615196 5.973352 -10.583656 15.613350 0.000000 0.000000 
-12.102112 76.439865 -1.360361 -15.955719 7.728028 1.000000 1.000000 
-10.911416 76.905869 5.050668 -3.722206 18.335365 0.000000 0.000000 
-10.661332 76.971954 5.137340 -3.965919 19.488243 0.000000 0.000000 
-30.541811 71.205605 -0.066483 -2.559212 17.259762 0.000000 0.000000 
-22.716238 74.975838 10.781804 0.770775 18.949318 0.000000 0.000000 
-22.692596 75.033943 11.040850 -2.910088 16.869946 0.000000 0.000000 
-30.890671 71.950890 1.929028 -8.884682 10.638901 0.000000 0.000000 
-24.174231 74.712341 0.700345 -15.038361 8.086555 0.000000 0.000000 
-31.192410 72.034027 2.642725 -9.240257 9.705868 0.000000 0.000000 
-22.822124 75.388359 10.868276 -3.527847 17.556286 1.000000 1.000000 
56.534374 53.783947 2.320396 6.437424 11.908031 0.000000 0.000000 
-30.481441 72.850273 3.423852 -8.684845 11.585072 0.000000 0.000000 
55.682819 54.855927 1.828760 10.894089 16.506592 0.000000 0.000000 
55.714127 54.979061 1.494450 11.535812 17.817146 0.000000 0.000000 
57.822460 52.613834 4.023099 8.057007 16.577282 0.000000 0.000000 
58.077168 52.831585 3.599370 2.914764 17.216873 0.000000 0.000000 
57.052746 54.137672 2.296545 -0.027153 11.214127 0.000000 0.000000 
-56.222996 55.087986 -1.223790 0.245819 10.083149 0.000000 1.000000 
58.565697 52.547165 4.493247 3.720444 9.784134 0.000000 0.000000 
58.799835 52.483486 3.641699 16.913109 18.869160 0.000000 0.000000 
58.685177 52.719498 -5.280835 9.935266 15.080112 0.000000 0.000000 
58.878262 52.663094 3.736916 15.797935 22.030861 0.000000 0.000000 
43.102818 67.505829 1.920791 -2.132156 13.845970 0.000000 1.000000 
-33.430691 73.241936 9.739304 -11.540367 12.724724 0.000000 0.000000 
59.314594 53.004375 12.476312 6.788948 13.389111 0.000000 0.000000 
-35.871853 72.311211 5.683995 -11.834824 10.594410 0.000000 0.000000 
-35.882034 72.853035 7.435213 -1.997009 15.543488 0.000000 0.000000 
-34.534546 73.577042 8.216521 -7.285461 13.455124 0.000000 0.000000 
-37.449005 72.334000 4.837302 -6.697899 12.268543 0.000000 0.000000 
-65.508827 46.788315 -0.438003 9.034378 11.838032 0.000000 0.000000 
-28.727552 77.192047 3.371452 -7.714973 14.573269 0.000000 0.000000 
-29.148756 77.309792 5.404286 -7.401207 16.011143 0.000000 0.000000 
-29.562624 77.554024 11.304529 -7.363930 13.348934 1.000000 1.000000 
-37.972309 73.627708 -0.809180 -0.623253 14.611557 0.000000 0.000000 
-30.653519 77.675865 1.225936 1.009338 17.315125 0.000000 0.000000 
-29.672091 78.441353 0.967837 -6.717468 10.097790 1.000000 1.000000 
-27.707642 79.384567 8.893624 -5.670563 13.884529 1.000000 1.000000 
-40.927094 73.790764 5.449548 -4.437004 11.582253 1.000000 1.000000 
-28.627398 80.178268 5.886545 -11.575089 8.920650 1.000000 1.000000 
-30.544046 79.573036 8.327474 -2.127693 18.473080 0.000000 0.000000 
-28.589361 80.710266 8.824043 -7.696167 11.324718 1.000000 1.000000 
-29.481089 81.184486 7.159577 -10.109619 10.038868 1.000000 1.000000 
-29.486721 81.524078 -12.677508 -5.982941 15.032883 0.000000 0.000000 
-29.642254 81.615288 9.020920 -0.666840 20.040794 0.000000 0.000000 
-30.210535 82.211479 8.712173 -1.763542 19.202702 0.000000 0.000000 
53.088955 69.159409 3.257324 4.053856 12.218361 1.000000 1.000000 
52.772293 69.414162 3.743437 8.528419 17.830463 1.000000 1.000000 
39.788467 80.340645 3.641727 -9.828262 7.961091 1.000000 1.000000 
-33.223858 83.526047 13.398188 -7.398758 13.230438 1.000000 1.000000 
21.379366 87.857635 3.612565 -7.415132 12.880669 1.000000 1.000000 
44.601357 79.271378 3.134792 -7.208885 11.279324 1.000000 1.000000 
11.467223 91.461670 4.163232 -14.630806 8.968571 0.000000 0.000000 
-22.502792 90.015755 6.642277 -10.734589 12.733379 0.000000 0.000000 
-22.223696 90.420647 6.562864 -3.467522 16.701019 0.000000 0.000000 
-21.006924 91.312782 7.370502 -11.927650 10.303017 0.000000 0.000000 
-21.812620 91.274040 6.199382 -11.409698 11.308632 0.000000 0.000000 
-21.223511 91.475708 4.733144 -8.680458 11.636963 0.000000 0.000000 
-22.989563 91.172737 -4.261401 -14.066917 10.300735 0.000000 0.000000 
-32.610504 88.533859 11.694455 -10.681686 7.886452 0.000000 0.000000 
-32.080421 88.738861 11.138371 -11.065765 8.991058 0.000000 0.000000 
29.690369 90.902351 -6.130085 -15.105438 5.883393 0.000000 1.000000 
16.093203 94.896484 10.178836 -15.056831 8.681255 0.000000 0.000000 
-31.810427 91.150665 10.860496 -10.180138 8.648617 0.000000 0.000000 
-32.433151 91.827721 11.113009 -8.229149 8.790817 0.000000 0.000000 
-14.173235 96.805641 4.784508 -6.195747 11.110580 0.000000 0.000000 
12.086293 97.236916 2.732230 -19.313286 5.556103 0.000000 1.000000 
-14.320530 96.963669 4.502737 -7.955864 11.347012 0.000000 0.000000 
-14.044693 97.016510 3.543608 -9.816963 10.970455 0.000000 0.000000 
-14.358244 97.345085 3.713302 -6.567802 12.874378 0.000000 0.000000 
-15.093981 97.243164 3.860254 -5.585732 14.933891 0.000000 0.000000 
-15.652649 97.169342 3.715690 -3.973450 15.932716 0.000000 0.000000 
-15.330440 97.241196 3.727417 1.995369 20.264874 0.000000 0.000000 
-15.247156 97.377693 3.653374 2.251816 19.739193 0.000000 0.000000 
-22.078140 96.317970 10.660014 -11.017151 8.664806 0.000000 0.000000 
-22.577692 96.345688 9.893481 -14.470055 6.955204 0.000000 0.000000 
-21.011007 97.447449 -2.606696 -14.565636 8.698093 0.000000 0.000000 
-35.034222 95.219482 13.617916 -10.820168 9.480103 0.000000 0.000000 
-31.165512 96.647163 10.907720 -6.115129 10.438328 0.000000 0.000000 
-32.743221 96.689156 12.629903 -6.809135 8.494671 0.000000 0.000000 
-33.246452 96.521446 11.467051 -5.924980 9.892628 0.000000 0.000000 
-30.870968 97.623047 13.293034 -14.054359 7.135838 0.000000 0.000000 
-31.614527 98.012032 -14.286898 -11.407623 8.274696 0.000000 0.000000 
-31.662493 98.083023 10.792441 -4.774986 11.265892 0.000000 0.000000 
-31.495586 98.558273 12.957415 -6.525459 10.223885 0.000000 0.000000 
-30.772369 98.897842 10.567562 -8.828781 9.885719 0.000000 0.000000 
-31.656479 98.638992 11.551447 -10.331346 7.771637 0.000000 0.000000 
-30.475800 99.801262 12.241778 -9.962358 10.365532 0.000000 0.000000 
-31.046995 99.640999 12.279648 -8.581108 11.316010 0.000000 0.000000 
-32.277523 99.557426 11.175794 -3.408058 12.332218 0.000000 0.000000 
-31.402914 99.966995 14.353569 -1.470490 13.078346 0.000000 0.000000 
-31.895281 99.823219 -14.938892 -1.930847 12.092018 0.000000 0.000000 
-33.511822 99.513855 -17.556248 -9.758667 7.996354 0.000000 0.000000 
-31.110165 100.490715 11.082293 -8.710876 6.505436 0.000000 0.000000 
-32.737705 99.967712 12.921795 -9.702873 10.095684 0.000000 0.000000 
30.197424 101.256111 3.811750 -11.036285 7.732892 0.000000 0.000000 
-31.853098 101.063477 11.961781 -10.537521 6.880414 1.000000 1.000000 
34.189507 100.396973 2.816127 -9.141342 8.112289 0.000000 0.000000 
-31.673264 102.155708 10.664621 -9.582504 9.377575 0.000000 0.000000 
-31.928329 102.515091 -13.351147 -12.900940 6.615716 0.000000 0.000000 
-32.360653 103.521629 11.066069 -7.895355 8.659515 0.000000 0.000000 
-33.735649 103.286995 13.157308 -11.009216 6.890786 0.000000 0.000000 
-32.391655 104.642570 13.609649 -8.537254 7.139527 0.000000 0.000000 
52.067081 97.528008 5.520757 -6.442863 10.028339 0.000000 0.000000 
52.108337 97.555298 6.052862 -3.446495 10.589859 0.000000 0.000000 
51.014862 98.560974 6.189508 -3.438828 10.109554 0.000000 0.000000 
50.305428 98.975601 6.583551 -5.174698 10.544090 0.000000 0.000000 
100.262459 43.055958 -1.037365 9.624290 6.866673 0.000000 0.000000 
50.041660 99.320686 5.900722 -4.159180 9.801952 0.000000 0.000000 
47.397045 101.414391 3.740384 -6.391685 8.102238 0.000000 0.000000 
47.854675 101.365410 5.675246 -5.222031 8.426884 0.000000 0.000000 
55.329029 97.680550 1.920064 -4.434967 9.910316 0.000000 0.000000 
55.218109 98.076164 1.869579 -3.745003 9.668896 0.000000 0.000000 
9.424920 114.095863 2.944681 -16.048683 5.451035 0.000000 0.000000 
37.966961 107.847801 3.325941 -14.439445 3.903328 0.000000 0.000000 
37.059532 108.449730 3.220300 -1.683380 9.851334 0.000000 0.000000 
37.401493 108.412781 4.527573 -6.419312 8.780308 0.000000 0.000000 
37.091251 108.537918 2.366853 -8.970520 6.225373 0.000000 0.000000 
35.075851 109.668945 1.693784 -11.236511 6.455895 0.000000 0.000000 
35.093845 109.678452 1.317595 -9.334953 6.539650 0.000000 0.000000 
35.394417 109.798294 1.491827 -4.307571 7.659729 0.000000 0.000000 
34.881107 110.026474 1.139916 -13.293228 3.993191 0.000000 0.000000 
33.712807 110.414017 -0.891359 -10.815598 6.708840 0.000000 0.000000 
34.154892 110.436562 1.474241 -11.888763 7.068463 0.000000 0.000000 
33.789978 110.580353 2.303678 -9.851686 5.692505 0.000000 0.000000 
33.659439 110.794785 1.007457 -11.686913 4.673234 0.000000 0.000000 
33.357388 110.891228 1.416270 -11.181831 4.855732 0.000000 0.000000 
-7.791566 116.082832 -2.793363 -13.506424 7.337506 0.000000 0.000000 
-7.612970 116.122681 -4.827482 -9.586815 9.737423 0.000000 0.000000 
55.449879 103.034958 9.127584 -8.212669 6.107152 0.000000 0.000000 
-7.605669 117.614975 -6.861949 -12.280914 8.072514 0.000000 0.000000 
-95.572144 66.132751 5.352041 10.215874 7.372544 0.000000 1.000000 
-23.004995 116.342438 2.806677 -8.869026 8.080746 0.000000 0.000000 
42.692497 111.649147 1.325177 -6.567018 7.700406 0.000000 0.000000 
42.700157 111.677887 2.335537 -5.469536 8.432919 0.000000 0.000000 
-22.460579 117.900696 5.934780 -6.669205 11.116741 0.000000 0.000000 
-21.879192 118.020218 6.351987 -6.020775 10.470024 0.000000 0.000000 
-21.885784 118.032036 9.253071 -9.639488 8.864796 0.000000 0.000000 
-22.904665 117.945648 9.180346 -4.002130 11.102867 0.000000 0.000000 
-23.161469 117.950859 8.960159 2.409203 15.118538 0.000000 0.000000 
-22.048063 118.319168 -14.042053 -11.135696 6.887913 0.000000 0.000000 
-23.308950 118.070808 -15.333150 -8.231262 8.705601 0.000000 0.000000 
-22.989691 118.238701 9.464588 2.410866 17.439762 0.000000 0.000000 
40.720974 113.381935 2.733871 -10.736900 6.625809 0.000000 0.000000 
-24.056149 118.210426 9.159081 -12.705414 7.232731 0.000000 0.000000 
38.592258 114.449921 0.829969 -5.993965 9.725113 0.000000 0.000000 
38.617271 114.451767 3.004272 -6.759636 7.847775 0.000000 0.000000 
-33.480949 116.528870 12.218930 -6.601448 8.314484 0.000000 0.000000 
-23.531944 119.184151 9.094841 -3.552612 10.657261 1.000000 1.000000 
-32.800350 117.111519 15.269466 -9.579803 7.173050 0.000000 0.000000 
-31.963404 117.410217 12.922173 -12.163582 7.161023 0.000000 0.000000 
38.908138 115.684814 13.047958 -9.167320 6.757752 0.000000 0.000000 
-22.239565 120.578377 5.698345 -9.173958 9.744770 0.000000 0.000000 
39.966629 116.687439 1.968153 -9.175758 8.434731 0.000000 0.000000 
-32.419170 119.982712 10.654988 -6.493759 10.432072 0.000000 0.000000 
-32.907688 119.968727 10.318418 -5.426102 9.697628 0.000000 0.000000 
-30.753126 120.856850 11.275049 -7.424240 10.128681 0.000000 0.000000 
-31.163670 120.757019 12.617413 -6.826759 7.303978 0.000000 0.000000 
-31.148993 121.231850 -17.779955 -12.313446 6.655480 0.000000 0.000000 
-35.155186 120.435341 -17.940346 -7.463356 6.573800 0.000000 0.000000 
-32.105900 121.339325 9.770473 -3.447937 12.400303 0.000000 0.000000 
-35.084213 120.573563 -19.388754 -9.245094 9.780849 0.000000 0.000000 
-33.157822 121.578888 -15.424435 -11.264824 6.693936 0.000000 0.000000 
35.724754 121.123703 1.417933 -8.587135 7.371239 0.000000 0.000000 
-34.711590 121.993217 14.274621 -1.361961 10.462982 0.000000 0.000000 
-35.225655 121.851433 13.416769 -1.790245 8.528564 0.000000 0.000000 
-35.239082 121.979233 17.531406 -3.674057 10.177059 0.000000 0.000000 
-35.978817 121.831108 15.585201 -4.176628 9.444027 0.000000 0.000000 
-33.358356 122.809364 15.329726 -2.090919 9.184341 0.000000 0.000000 
-32.990246 122.987343 13.061450 -13.455521 6.590024 0.000000 0.000000 
-32.005352 123.559921 15.570340 -8.663467 5.418572 0.000000 0.000000 
-32.621716 123.592178 11.740980 -6.105133 7.526539 0.000000 0.000000 
-21.161396 126.948296 3.806196 -7.160469 10.066242 0.000000 0.000000 
-21.265158 126.942421 4.464818 -8.298981 8.444344 0.000000 0.000000 
-7.773371 129.169861 -4.934499 -2.510574 13.113876 0.000000 0.000000 
-23.140924 127.422791 5.302194 -9.177513 8.375694 0.000000 0.000000 
-22.198565 128.055481 4.891796 -2.979996 11.718330 0.000000 0.000000 
-21.458963 128.270493 4.367774 -2.529884 10.323097 0.000000 0.000000 
-22.219481 128.207794 5.343610 -3.619850 11.118446 0.000000 0.000000 
-21.281199 128.424042 5.132476 3.742432 14.873192 0.000000 0.000000 
-21.395075 128.619965 3.679947 -1.466270 11.024227 0.000000 0.000000 
-22.548460 128.557648 3.185555 -6.723846 8.313335 0.000000 0.000000 
-21.602556 129.136978 4.071431 -7.626640 7.020195 0.000000 0.000000 
-22.984642 129.604126 6.463182 -7.500595 9.253231 0.000000 0.000000 
-23.391493 129.559845 4.539418 -4.418251 10.078278 0.000000 0.000000 
106.578468 74.793541 17.432920 16.302765 12.725960 0.000000 1.000000 
106.616669 75.241554 17.571661 16.587364 14.487976 0.000000 1.000000 
-25.246605 129.793594 1.506592 -7.354135 8.876411 0.000000 0.000000 
-25.267286 129.796814 2.082855 -11.008720 7.219388 0.000000 0.000000 
-24.430164 130.153976 1.909095 -2.595779 11.193054 0.000000 0.000000 
-23.060127 130.585724 4.582035 -10.171814 7.350358 0.000000 0.000000 
-25.644684 130.244476 -13.133736 -12.967041 5.641194 0.000000 0.000000 
-17.787321 132.078735 6.720458 5.931992 18.297905 0.000000 0.000000 
-21.192070 131.581665 3.289606 14.570320 25.893660 0.000000 0.000000 
-20.928003 131.789703 2.281120 6.958916 20.774353 0.000000 0.000000 
-20.752047 132.088196 3.923252 7.134178 21.007305 0.000000 0.000000 
-20.368744 132.171326 3.793924 7.586235 20.810570 0.000000 0.000000 
-20.313765 132.216400 4.578036 5.096870 20.002476 0.000000 0.000000 
-21.060011 132.363037 4.873759 3.524315 21.782867 0.000000 0.000000 
-20.207201 132.545776 3.306900 10.621971 23.593803 0.000000 0.000000 
-20.049219 132.810944 -11.304500 8.121780 21.699917 0.000000 0.000000 
-20.489494 133.179779 -9.044445 2.127853 16.243839 0.000000 0.000000 
-20.425432 133.244171 -9.172771 5.505127 17.640137 0.000000 0.000000 
-21.777599 133.076843 3.160865 -5.000717 8.137844 0.000000 0.000000 
-21.591719 133.221497 1.885035 -4.260880 7.761292 0.000000 0.000000 
-21.937090 133.754974 3.704042 -2.341576 12.310677 0.000000 0.000000 
-8.272058 135.362579 -6.308856 -2.452415 13.407558 0.000000 0.000000 
-8.037249 135.407257 -5.613404 -6.004883 12.485706 0.000000 0.000000 
6.915492 135.580536 -5.964011 -2.692238 13.773014 1.000000 1.000000 
42.905067 128.835876 3.167193 -7.198288 7.168789 0.000000 0.000000 
5.974041 136.250793 -7.029739 3.399857 20.055481 0.000000 0.000000 
6.686976 136.229980 -6.098682 1.526756 18.688065 0.000000 0.000000 
6.885907 136.307526 -5.787199 2.983704 18.847515 0.000000 0.000000 
41.735115 130.533264 5.820992 -7.318192 6.537976 0.000000 0.000000 
56.273540 124.956116 2.969738 -4.374420 8.412403 0.000000 1.000000 
38.643845 132.116486 2.433427 -1.982399 11.564022 0.000000 0.000000 
40.063396 131.785339 3.366649 -4.863220 9.212132 0.000000 0.000000 
39.525219 131.953003 3.112845 -1.190186 10.993134 0.000000 0.000000 
-24.087015 138.733185 1.790922 -11.740639 5.702900 0.000000 0.000000 
-22.893805 139.407379 7.934746 -11.333488 4.143231 0.000000 0.000000 
-22.814850 139.806580 4.924793 -8.723991 6.066571 0.000000 0.000000 
-23.349920 139.775024 5.915265 -7.738350 6.153168 0.000000 0.000000 
-23.183128 140.592163 4.373177 -2.579567 9.760742 0.000000 0.000000 
-23.562353 140.559937 -12.109463 -1.073288 10.395020 0.000000 0.000000 
-23.195642 140.633789 5.478147 -0.593864 12.517597 0.000000 0.000000 
-24.002737 141.138702 5.764005 -5.853203 6.688130 0.000000 0.000000 
43.818493 139.512543 -0.233425 -6.038568 4.606595 0.000000 0.000000 
-23.373240 145.303223 4.870461 2.635910 14.134132 0.000000 0.000000 
-23.313332 145.355072 3.794859 1.712608 12.699306 0.000000 0.000000 
-23.579882 145.375031 -8.724868 3.806297 16.124050 0.000000 0.000000 
-23.458618 146.036713 5.020434 -7.380806 7.753312 0.000000 0.000000 
-24.013910 146.068726 2.621869 -7.849731 7.060677 1.000000 1.000000 
43.049683 141.616608 1.225991 -7.313240 6.104611 0.000000 0.000000 
-23.818403 146.555847 4.229023 -2.991600 8.902782 1.000000 1.000000 
-27.888771 145.888214 1.992992 -11.487129 5.355221 0.000000 0.000000 
-24.307831 146.654022 4.807769 -6.607277 5.566941 0.000000 0.000000 
-24.191462 146.879730 -10.958558 -4.453644 7.349225 0.000000 0.000000 
-23.867739 146.988983 -11.447777 -3.750465 8.277466 0.000000 0.000000 
-22.716898 147.260986 1.015720 -9.361748 7.314728 0.000000 0.000000 
-23.840986 147.484955 -0.831783 -8.931427 6.349122 0.000000 0.000000 
-24.201450 147.479767 2.932333 2.392487 12.365948 0.000000 0.000000 
-24.300537 147.504822 1.606107 -1.695015 10.595314 0.000000 0.000000 
-24.008099 147.558594 4.583995 -2.305145 8.304459 0.000000 0.000000 
-22.038372 148.246765 -3.635486 -8.833595 6.575280 0.000000 0.000000 
-24.328581 148.207031 1.204859 -3.617311 7.610661 1.000000 1.000000 
-34.659042 148.485138 10.110247 -6.250671 5.822514 0.000000 0.000000 
-34.492195 148.565582 11.336124 -2.639214 8.895782 0.000000 0.000000 
-7.316006 153.168488 -3.688418 -10.385048 5.829175 0.000000 1.000000 
-22.800154 152.929596 6.017432 -3.849998 7.992058 0.000000 0.000000 
-21.636551 153.182404 -10.875107 -3.729950 7.299241 0.000000 0.000000 
-23.712168 153.004791 -11.592580 -0.081856 10.340389 0.000000 0.000000 
-23.748293 153.079529 -11.497937 -2.773575 7.747017 0.000000 0.000000 
-23.532236 153.258057 4.617384 -2.253036 8.666962 0.000000 0.000000 
-23.515806 153.371765 6.449358 -4.851517 7.423020 0.000000 0.000000 
-23.443607 153.713470 5.129789 -4.795547 7.902318 0.000000 0.000000 
-30.471970 152.753754 8.945732 -5.671440 6.178582 0.000000 0.000000 
-23.679911 154.384064 2.820824 -7.669647 4.233414 1.000000 1.000000 
-24.521181 154.415771 -6.984345 -7.536560 7.630768 0.000000 0.000000 
-30.426834 154.261536 6.563309 -7.348680 4.970543 0.000000 0.000000 
-31.990072 154.442108 8.769827 -3.576950 8.964146 0.000000 0.000000 
-31.795120 154.527924 9.106256 -5.805443 9.753338 0.000000 0.000000 
-33.791508 154.232483 11.639845 -3.961632 10.043854 0.000000 0.000000 
-31.283194 154.938629 10.866815 -5.512749 8.912613 0.000000 0.000000 
-34.059418 154.735077 11.406677 -5.106857 7.486683 0.000000 0.000000 
-31.866430 155.230316 10.265038 -4.404663 10.310173 0.000000 0.000000 
-31.434320 155.705872 11.203991 -4.318016 9.206669 1.000000 1.000000 
-33.179649 155.355164 11.008539 -2.577126 7.145440 0.000000 0.000000 
-31.269091 155.879059 8.216806 -6.844383 6.291680 0.000000 0.000000 
-33.090279 155.866241 7.403428 -8.925179 7.069375 0.000000 0.000000 
-35.090282 155.512939 13.976459 -6.451790 5.492066 0.000000 0.000000 
-31.716795 156.360199 11.375658 -1.925964 7.989213 0.000000 0.000000 
-32.168129 156.865784 13.001294 2.157082 13.662819 0.000000 0.000000 
-31.893814 157.046814 12.831333 -7.468506 6.365586 0.000000 0.000000 
-24.269995 158.900391 4.201738 -0.975624 9.536732 0.000000 0.000000 
-24.291283 158.936371 4.050183 -4.308876 6.986313 0.000000 0.000000 
-26.541372 158.783234 -9.530355 -0.289177 10.564365 0.000000 0.000000 
-24.905903 159.118317 -9.348431 -2.955353 10.493546 0.000000 0.000000 
-23.324360 159.410065 3.070741 -0.002060 10.705948 0.000000 0.000000 
-24.072796 159.635040 5.282116 -4.733232 6.298951 0.000000 0.000000 
-24.588898 159.652679 3.217639 -1.852875 8.974827 0.000000 0.000000 
-23.712639 159.898376 7.435866 -6.847054 5.309578 1.000000 1.000000 
-28.656025 159.223145 -13.370028 -4.926750 7.755002 0.000000 0.000000 
-31.667734 158.795471 9.196730 -9.588615 5.674614 0.000000 0.000000 
-24.110174 160.608856 3.420008 1.351631 11.666752 0.000000 0.000000 
-23.234596 160.870453 1.658638 -1.795616 8.606010 0.000000 0.000000 
-25.446293 160.885040 3.125024 -5.932770 8.415825 0.000000 0.000000 
-24.261217 161.308167 -0.150147 -6.674973 5.550587 0.000000 0.000000 
-24.231426 161.318207 0.639722 -6.813210 7.150731 0.000000 0.000000 
-24.715097 161.374573 0.648970 -1.858459 9.966881 0.000000 0.000000 
-23.984766 161.568512 0.234750 -1.466629 8.386822 0.000000 0.000000 
-24.195539 161.869995 -0.241314 -7.172104 5.520077 0.000000 0.000000 
-24.506554 162.163757 1.083690 -2.875343 6.884884 0.000000 0.000000 
-24.943233 162.207642 -9.290772 -4.181114 6.681313 0.000000 0.000000 
-23.038029 162.524048 1.754000 -5.859367 6.232113 0.000000 0.000000 
-23.728573 164.944916 3.792490 -8.990784 3.379803 1.000000 1.000000 
-25.034626 165.783966 0.696538 -10.049698 5.127358 0.000000 0.000000 
-23.896772 166.199890 -12.110335 0.275124 9.567734 0.000000 0.000000 
-24.410397 166.138336 5.861973 -3.556572 5.428105 0.000000 0.000000 
-24.840834 166.109955 -1.825406 -3.874313 7.706101 0.000000 0.000000 
42.296741 162.480682 6.150019 -6.551506 6.304234 0.000000 0.000000 
-25.634459 166.216522 3.050508 -8.279182 3.682091 0.000000 0.000000 
-25.225767 166.401703 1.264443 -8.583305 2.482434 0.000000 0.000000 
-25.418926 166.541901 0.573812 -9.170692 4.222168 0.000000 0.000000 
-25.647459 166.597656 -2.509082 -11.611366 2.260472 0.000000 0.000000 
-24.219545 166.913544 -1.555156 -8.952751 4.910450 1.000000 1.000000 
-24.418451 167.004089 -1.772302 -7.620468 4.601349 0.000000 0.000000 
-25.028448 167.401917 1.118016 -8.727638 2.528008 1.000000 1.000000 
-23.823217 167.636627 2.153816 9.188850 18.858185 0.000000 0.000000 
-24.981215 167.597321 5.791847 2.065231 13.937977 0.000000 0.000000 
-25.088869 167.580078 5.787687 -2.954651 10.966286 0.000000 0.000000 
-22.762154 167.974274 4.247139 -6.398033 3.034451 0.000000 0.000000 
-24.846926 168.385468 -2.305889 -5.148232 5.290108 0.000000 0.000000 
-24.499569 168.519653 -2.288152 -4.159378 6.697438 1.000000 1.000000 
-24.853474 168.798584 -1.723237 -4.295578 6.431736 0.000000 0.000000 
-24.455452 169.030670 -3.437428 -6.221817 4.721146 0.000000 0.000000 
-24.121767 169.121918 -2.607141 -7.599092 4.102097 0.000000 0.000000 
-24.412334 169.254181 -2.318649 0.399162 10.681786 0.000000 0.000000 
-23.866264 169.488373 -2.765055 -6.986954 4.093152 0.000000 0.000000 
-24.002201 169.827545 -1.621151 -5.866440 5.432042 0.000000 0.000000 
-24.035297 169.875671 -4.267313 -5.079391 5.146431 0.000000 0.000000 
-24.641806 169.823944 -4.996459 -5.409616 4.285077 0.000000 0.000000 
-23.701460 170.158325 7.126231 -4.907860 7.270672 0.000000 0.000000 
-23.257589 170.246918 -12.665160 -7.403641 5.342713 0.000000 0.000000 
-25.091076 170.049957 1.330966 -2.778290 6.473515 0.000000 0.000000 
-24.551962 170.480621 3.851740 -4.777969 6.462784 0.000000 0.000000 
-23.346003 170.761749 -12.494492 -3.668007 9.149433 0.000000 0.000000 
-25.434431 170.678833 6.276708 -2.019409 7.147267 0.000000 0.000000 
-25.045671 170.841797 -0.986058 -3.044708 4.878499 0.000000 0.000000 
-24.444649 171.049805 0.385095 -6.158752 5.802727 0.000000 0.000000 
-23.557301 171.498413 4.277127 -10.415176 3.075894 1.000000 1.000000 
-25.604607 171.308502 3.288873 -2.511299 8.040833 0.000000 0.000000 
-24.593399 171.497955 0.411779 -7.229500 5.318924 0.000000 0.000000 
-24.834587 171.551971 -4.252509 -4.615021 6.404553 0.000000 0.000000 
-24.378414 171.936493 -0.193389 -7.294060 6.450985 0.000000 0.000000 
-25.107815 172.054718 -13.075854 -1.978310 6.983319 0.000000 0.000000 
-24.085493 172.400757 -1.992613 -0.476181 10.539055 0.000000 0.000000 
-24.691973 172.358795 3.646497 2.953102 10.838753 0.000000 0.000000 
-22.712883 172.925537 -1.624713 -8.219200 4.404385 0.000000 0.000000 
-25.519974 172.628326 0.897297 -2.780464 7.671772 0.000000 0.000000 
-24.703562 172.900391 -2.907984 -9.322639 4.523232 0.000000 0.000000 
-23.917492 173.276794 -3.688826 -5.989365 6.651928 0.000000 0.000000 
-23.383732 173.383698 -3.954019 -2.809166 6.019951 0.000000 0.000000 
-25.091595 173.531250 7.420619 1.051704 10.115932 0.000000 0.000000 
-23.328091 173.927338 -3.063766 -6.496269 5.415696 0.000000 0.000000 
-23.672745 173.905731 -2.493010 -5.305656 6.221489 0.000000 0.000000 
-23.864624 173.982849 -3.446097 4.138885 11.648808 0.000000 0.000000 
-23.975811 174.013672 -3.139499 -0.360054 7.315426 0.000000 0.000000 
-23.730347 174.480713 -2.987286 -9.842087 5.153214 0.000000 0.000000 
-24.356480 174.434937 -2.425792 -5.351318 4.598053 0.000000 0.000000 
-24.005102 174.520569 -0.087038 -6.214790 3.924756 0.000000 0.000000 
-24.242624 174.573669 -1.463390 -3.748871 7.162255 0.000000 0.000000 
-22.088791 175.066010 -2.333472 -9.841911 2.306843 0.000000 0.000000 
-26.138670 175.138397 -4.436300 -8.652908 2.912705 0.000000 0.000000 
-24.452333 175.399231 -2.581740 -7.428421 4.403904 0.000000 0.000000 
-25.742226 175.493835 -1.826700 -7.290726 2.797959 0.000000 0.000000 
-25.091757 175.718170 -2.426206 -7.386909 4.738110 0.000000 0.000000 
-25.463707 177.113983 -2.904163 -6.048889 5.772805 1.000000 1.000000 
-25.428844 177.681793 -3.185570 -2.602104 6.763916 0.000000 0.000000 
-25.850365 177.634918 -2.493773 7.353539 13.677319 0.000000 0.000000 
-24.561760 177.983398 -2.309975 1.587540 11.113136 0.000000 0.000000 
-26.243767 178.760254 -2.040198 -7.970917 2.958325 1.000000 1.000000 
-24.552168 179.863770 -4.780232 -2.717308 7.063752 1.000000 1.000000 
-25.705542 179.942413 10.451635 -5.526398 5.998475 0.000000 0.000000 
-24.525404 180.624451 -2.314767 4.492691 13.823318 0.000000 0.000000 
-24.596605 180.673584 -2.366653 5.303062 12.355568 0.000000 0.000000 
-24.994694 180.673340 -2.796789 4.737793 11.642124 0.000000 0.000000 
-24.907118 180.688843 -1.935839 -4.641449 6.933365 0.000000 0.000000 
-24.522232 180.900360 -0.614168 0.456047 10.584496 0.000000 0.000000 
-24.434174 181.117126 -2.521277 -9.201683 4.068474 0.000000 0.000000 
-26.296535 181.138580 6.159998 -2.197540 6.814118 0.000000 0.000000 
-26.002829 181.218750 5.118574 -2.298347 6.479985 0.000000 0.000000 
-25.692791 181.277283 6.045500 -5.562546 5.382287 0.000000 0.000000 
-25.334612 181.555786 -2.816580 -2.793854 6.906167 0.000000 0.000000 
-25.949871 181.573547 -2.470767 -0.928291 6.876809 0.000000 0.000000 
-24.623034 181.896942 -2.966542 -5.173630 5.500885 0.000000 0.000000 
-25.272459 181.868408 -2.355217 -1.210083 8.560059 0.000000 0.000000 
-24.343996 182.415314 -0.527467 -2.930260 5.866116 0.000000 0.000000 
-25.555956 182.265289 -3.411282 -1.892998 7.996407 0.000000 0.000000 
-24.830044 184.018311 -1.992725 -6.488953 3.913689 0.000000 0.000000 
-25.452610 184.521820 4.587543 -4.585472 5.186978 0.000000 0.000000 
-25.416853 184.685791 8.205334 -5.192238 5.929513 0.000000 0.000000 
-25.350191 184.873566 -0.772280 -7.429962 2.979390 0.000000 0.000000 
-25.019787 185.422760 -0.803099 -5.326996 3.960270 0.000000 0.000000 
-26.992899 185.439575 -10.786256 -1.697258 5.900498 1.000000 1.000000 
-25.276108 186.188995 -12.708012 -5.031137 4.924897 0.000000 0.000000 
-24.747604 186.288940 -9.001637 -5.661156 4.198285 0.000000 0.000000 
-25.786558 186.589264 -1.859639 -9.577484 3.213643 0.000000 0.000000 
-25.633511 186.891876 -7.092765 -1.291153 7.547635 0.000000 0.000000 
-26.492229 186.815674 -12.173799 3.960831 10.566296 0.000000 0.000000 
-27.684687 186.737335 2.123236 -5.839035 4.527974 0.000000 0.000000 
-26.114464 187.000610 -13.298401 -1.711281 6.493069 0.000000 0.000000 
-27.095793 186.952240 -11.494783 -0.369873 6.137631 0.000000 0.000000 
-26.267998 187.368622 6.088386 -3.095276 5.338349 0.000000 0.000000 
-28.154661 187.408905 4.154778 0.254120 6.945961 0.000000 0.000000 
-27.741602 188.062073 5.967259 -3.831009 3.455704 1.000000 1.000000 
-26.228092 188.685608 -5.193461 -5.959114 8.449169 0.000000 0.000000 
-25.462557 189.365601 -2.716095 -6.676407 4.613179 0.000000 0.000000 
-1.454081 191.824066 -7.005245 2.080917 11.666473 0.000000 0.000000 
-1.252402 191.864563 -7.120906 2.731827 11.922062 0.000000 0.000000 
-25.604717 191.474060 -2.133088 -6.309532 4.683072 0.000000 0.000000 
-25.552431 192.162445 -2.306830 -8.214272 3.390194 1.000000 1.000000 
-25.260254 192.302795 -3.847435 -9.909410 4.731099 0.000000 0.000000 
-26.246372 192.219360 -4.412106 -7.069595 6.111889 0.000000 0.000000 
-3.595723 199.454468 -6.656117 -4.733452 5.399003 0.000000 0.000000 
-3.803991 199.467102 -6.808045 -7.767059 4.318532 0.000000 0.000000 
-3.902345 199.510895 -8.023117 -0.827919 6.595887 0.000000 0.000000 
34.675110 197.818207 1.834409 -5.748810 3.582230 0.000000 0.000000 
-32.140903 198.458252 9.859508 0.592674 7.013974 0.000000 0.000000 
-33.522678 198.690826 12.291652 -8.585693 3.264088 0.000000 0.000000 
-26.998522 199.963501 -9.084315 -6.234001 6.322953 0.000000 0.000000 
-34.914028 199.115692 13.448051 -0.875526 7.393765 0.000000 0.000000 
-36.039486 199.277618 11.971190 -1.798996 6.243779 0.000000 0.000000 
-35.110809 201.077606 13.416180 -3.997345 5.245389 0.000000 0.000000 
-36.072796 202.945831 12.852773 -3.094261 4.620026 0.000000 0.000000 
-27.759699 207.560455 -3.663853 -6.807327 2.332314 0.000000 0.000000 
-27.453276 207.681885 -2.660303 -3.253487 3.764843 0.000000 0.000000 
-28.187296 207.623444 -5.124448 -5.055214 4.972687 0.000000 0.000000 
-28.921303 218.629852 6.001554 -4.492851 3.363808 0.000000 0.000000 
-30.397600 218.652435 -3.578871 -6.055954 2.934826 0.000000 0.000000 
4.804950 232.738403 -10.058634 -4.588829 4.468892 0.000000 0.000000 
-36.761936 247.756592 -5.123621 2.180450 5.093029 0.000000 0.000000 
-37.313953 249.628021 -2.686805 -1.231438 2.426651 0.000000 0.000000 
