ply
format ascii 1.0
comment Created by CloudCompare v2.14.beta (Feb  3 2026)
comment Created 2026-04-30T15:09:04
obj_info Generated by CloudCompare!
element vertex 1513
property float x
property float y
property float z
property float rcs
property float snr
property float v
property float label
end_header
-21.627115 -24.610550 -8.832154 -8.803825 22.502211 0.000000 1.000000 
18.285204 -39.619057 -9.442461 -4.963158 19.727242 0.000000 1.000000 
7.625762 -34.159714 -10.618537 3.004486 28.626942 0.000000 1.000000 
7.690821 -34.201004 -10.054708 1.569908 27.276230 0.000000 1.000000 
41.954506 23.195217 -19.995741 2.354019 21.309185 0.000000 1.000000 
15.686580 -49.264278 -12.224075 -3.202240 17.813124 0.000000 1.000000 
10.467996 -54.134136 -16.695257 -2.010139 19.020329 0.000000 1.000000 
56.043144 8.543121 -19.921328 2.636681 21.506504 0.000000 1.000000 
57.628635 -32.030548 -11.491273 9.067056 22.310183 0.000000 1.000000 
58.738987 -30.392361 -13.369916 2.897537 18.813372 0.000000 1.000000 
64.282860 35.305790 -30.619091 12.249969 21.497375 1.000000 1.000000 
113.794937 -8.792369 -17.221714 11.266884 18.495211 0.000000 1.000000 
114.464363 -7.811763 -22.577541 13.386253 18.233597 0.000000 1.000000 
114.613152 -6.821021 -19.233349 12.343651 18.988708 0.000000 1.000000 
5.314845 -116.078178 -9.718937 7.161430 17.434826 0.000000 1.000000 
11.520855 23.651373 -6.262737 -10.166534 24.581930 0.000000 1.000000 
14.830944 23.015900 -6.510076 -7.582588 19.460346 1.000000 1.000000 
16.851862 21.850540 -9.134296 -8.489708 15.017357 1.000000 1.000000 
18.415796 20.733891 -6.703248 0.580750 19.008272 1.000000 1.000000 
5.127669 28.782816 -7.304389 -14.899231 21.383179 0.000000 1.000000 
5.897895 31.317602 -7.592366 -14.575287 21.340675 0.000000 1.000000 
5.944865 31.349270 -7.246821 -15.975220 18.269630 0.000000 1.000000 
23.678982 21.991180 -12.471431 1.783836 20.933529 0.000000 1.000000 
23.714481 22.632505 -6.985241 4.746323 23.578918 0.000000 1.000000 
6.296867 37.211365 -8.090215 -9.641090 21.946917 0.000000 1.000000 
6.340495 37.384640 -8.469176 -11.956253 21.209078 0.000000 1.000000 
6.079781 37.452812 -8.176163 -11.188866 22.503239 0.000000 1.000000 
7.136073 40.783424 -11.153657 -17.457375 18.740646 0.000000 1.000000 
8.354580 41.844536 -13.346721 -14.412796 19.386271 0.000000 1.000000 
-17.156040 39.729603 -7.128608 -13.472008 16.419256 0.000000 1.000000 
14.908559 45.785767 -18.607891 -14.173889 16.887323 0.000000 1.000000 
8.356318 50.118305 -19.657253 -12.772789 15.808678 0.000000 1.000000 
8.654464 50.142124 -19.312744 -17.449081 13.433031 0.000000 1.000000 
-25.466661 48.610931 -18.528566 -14.732162 14.319803 0.000000 1.000000 
-18.227461 54.213749 -21.656950 -10.585960 16.118557 0.000000 1.000000 
6.778500 57.026100 -19.231285 -14.266707 16.427341 0.000000 1.000000 
26.342957 57.325298 -10.086330 -16.330200 9.521893 0.000000 1.000000 
-30.788752 59.951691 -17.406208 -4.083397 16.982843 0.000000 1.000000 
-31.140053 59.839741 -17.124893 -6.936302 16.311743 0.000000 1.000000 
-30.839170 60.007534 -17.699997 -8.604416 14.609276 0.000000 1.000000 
-30.414347 68.342171 -13.931829 -3.898903 18.396109 0.000000 1.000000 
-29.726933 68.786911 -23.159309 -3.123474 16.948198 0.000000 1.000000 
-10.589021 75.228951 -26.748581 -6.707588 17.600922 0.000000 1.000000 
-23.471605 72.377701 -26.678495 -3.018997 19.692564 0.000000 1.000000 
9.157578 77.244179 -16.503056 -5.216217 17.870468 0.000000 1.000000 
-22.157064 78.507149 -29.597725 -7.087936 14.228710 0.000000 1.000000 
-25.571712 78.259094 -31.598358 -13.232422 13.989960 0.000000 1.000000 
-31.532347 81.691872 -34.024559 -6.069313 15.538481 0.000000 1.000000 
-32.570683 81.570152 -25.545700 -5.776970 14.489956 0.000000 1.000000 
42.752655 77.238892 -33.466526 0.172523 14.915215 0.000000 1.000000 
42.840729 77.407005 -32.342346 -0.039581 14.241318 0.000000 1.000000 
-28.550117 84.316444 -23.078865 -10.547211 11.263180 0.000000 1.000000 
13.624591 88.315880 -33.966759 -11.692543 13.052885 0.000000 1.000000 
21.735294 87.365410 -4.981500 -5.134354 14.347061 0.000000 1.000000 
21.538641 87.444191 -5.664553 -10.258789 10.979813 0.000000 1.000000 
5.022806 91.001068 -33.862007 -14.559073 10.687218 0.000000 1.000000 
-7.596423 94.287971 -37.946354 -18.484726 6.119903 0.000000 1.000000 
30.837299 91.045944 -9.071750 -13.098984 6.958782 0.000000 1.000000 
-32.462990 91.809464 -11.419178 -11.165955 7.306919 0.000000 1.000000 
44.215027 92.780045 -15.522169 -8.784027 8.437199 0.000000 1.000000 
-32.452099 100.088280 -41.309937 -9.669289 8.000328 0.000000 1.000000 
-31.513397 100.510765 -14.941650 -7.516975 9.404354 0.000000 1.000000 
-38.833115 106.115257 -14.028940 -9.550644 8.546352 0.000000 1.000000 
-32.264160 108.751282 -44.354256 -12.139542 6.422676 0.000000 1.000000 
-31.857418 109.207779 -46.021679 -9.285156 8.140034 0.000000 1.000000 
36.435711 110.080391 -45.856258 -13.798454 4.544586 0.000000 1.000000 
-22.136751 118.296341 -13.570038 -8.355484 6.295890 0.000000 1.000000 
40.455048 113.771561 -24.259806 -6.486565 9.346985 0.000000 1.000000 
39.846489 116.677383 -45.866768 -5.113190 8.693256 0.000000 1.000000 
-7.609914 123.347649 -5.211469 -9.009201 9.381989 0.000000 1.000000 
-21.751200 129.591049 -10.020317 -7.908607 5.823829 1.000000 1.000000 
-23.857765 129.511017 -49.817951 -4.013153 12.605068 0.000000 1.000000 
-22.083817 130.418732 -28.806620 -9.117821 6.690010 0.000000 1.000000 
-57.987610 128.189117 -57.364697 -8.716118 5.428344 0.000000 1.000000 
44.200970 139.436005 -17.912397 -4.792923 5.201873 0.000000 1.000000 
-24.008152 148.086609 -61.138161 -7.000687 4.223274 1.000000 1.000000 
-23.484823 167.822571 -63.522190 -3.943314 6.045002 0.000000 1.000000 
-28.841219 188.277374 -45.177654 -8.575714 4.858982 0.000000 1.000000 
13.117142 -53.577377 23.100431 0.544205 20.558689 0.000000 1.000000 
56.068291 -52.716221 21.994474 19.823792 29.787334 0.000000 1.000000 
113.956947 -9.663994 21.482738 11.572029 17.221064 0.000000 1.000000 
134.393433 9.738665 36.773399 15.025871 16.656862 0.000000 1.000000 
6.096347 61.898102 22.941034 -19.781387 10.126732 0.000000 1.000000 
-14.182010 77.701935 23.916441 -17.921707 9.126511 0.000000 1.000000 
-29.977112 82.388863 21.999205 -6.326942 15.100864 0.000000 1.000000 
31.155931 82.634514 34.533619 -8.006508 12.861101 0.000000 1.000000 
-52.382263 71.725800 21.308270 -4.698669 10.629578 0.000000 1.000000 
-33.759251 83.433968 25.867403 -9.112663 10.406372 0.000000 1.000000 
-31.995249 85.891769 33.717094 -10.052391 9.671101 0.000000 1.000000 
-39.625263 86.943451 27.119612 -12.316467 6.483058 0.000000 1.000000 
9.980163 105.876282 27.562574 -13.376366 6.806186 0.000000 1.000000 
-47.508755 101.831413 16.738255 -8.087440 7.181049 0.000000 1.000000 
-32.718384 112.240730 12.570251 -13.198813 5.646968 0.000000 1.000000 
-33.315723 113.761795 45.329758 -8.298767 8.315403 0.000000 1.000000 
-40.164917 115.528084 35.405930 -9.003693 8.070477 0.000000 1.000000 
-35.027489 147.449097 13.859756 -9.066750 5.167755 0.000000 1.000000 
-34.942806 147.613525 13.726061 -4.808037 7.356643 0.000000 1.000000 
41.661308 154.396637 31.317862 -3.636505 7.206913 0.000000 1.000000 
40.562508 154.726562 30.895273 -4.718887 5.950630 0.000000 1.000000 
-160.676987 80.521805 21.301704 15.135406 3.866516 0.000000 1.000000 
-6.388046 -49.326969 15.804481 -2.347626 21.281965 0.000000 1.000000 
-7.934820 -18.660606 -3.724209 -13.137733 28.014410 0.000000 1.000000 
21.570122 -12.749342 -9.109960 -8.790543 24.567711 0.000000 1.000000 
23.213278 9.993144 -5.421342 -3.093460 28.284548 0.000000 1.000000 
26.360071 8.856522 -3.424846 13.622993 38.889156 0.000000 1.000000 
25.622776 -14.268100 -5.473840 -3.425629 30.694530 0.000000 1.000000 
28.078529 8.088466 -3.770385 1.220848 27.766363 0.000000 1.000000 
29.240255 -9.918026 -11.891697 -7.553619 24.887310 0.000000 1.000000 
30.926807 -10.163294 -6.962945 -6.026741 24.330503 0.000000 1.000000 
32.525871 -7.698627 -10.134688 -1.843246 26.064701 0.000000 1.000000 
32.631886 -7.693725 -8.678864 -0.507027 25.262154 0.000000 1.000000 
35.421253 13.560205 -4.787656 0.050896 24.289644 0.000000 1.000000 
-13.470242 22.610142 -1.791964 -13.065811 15.722452 1.000000 1.000000 
-14.054123 22.962084 -2.101849 -8.523415 17.683390 1.000000 1.000000 
-13.859636 24.542301 -2.405408 -1.825066 22.181118 1.000000 1.000000 
-13.822658 24.600744 -2.350532 0.519112 23.396158 1.000000 1.000000 
-14.168129 24.436686 -1.482658 -18.877625 10.517551 1.000000 1.000000 
-13.635151 25.035496 -2.196213 -7.616699 19.478184 1.000000 1.000000 
-13.944565 24.845846 -2.419809 -7.897728 18.182432 1.000000 1.000000 
-3.911200 29.450790 11.058419 -18.553307 22.551865 0.000000 1.000000 
-13.622774 28.431732 -2.791096 -14.232010 15.331274 1.000000 1.000000 
-13.962292 28.728127 -2.696270 -16.380943 13.619673 1.000000 1.000000 
-16.337023 28.578560 -4.270458 -11.420502 18.853735 0.000000 1.000000 
6.735199 44.761902 16.066957 -16.429985 16.298477 0.000000 1.000000 
6.990750 55.783836 16.133669 -9.448463 17.881620 0.000000 1.000000 
16.273987 60.748978 16.488390 -20.655327 9.809921 0.000000 1.000000 
-12.224619 63.970352 17.245577 -17.593895 12.261215 0.000000 1.000000 
20.714951 61.931976 -7.414042 -7.153496 18.645481 0.000000 1.000000 
26.492510 59.830765 -4.751529 -9.567535 10.681236 1.000000 1.000000 
26.820606 60.227798 -5.122905 0.309105 19.722532 0.000000 1.000000 
27.014936 60.325699 -6.218396 -6.658272 13.395245 0.000000 1.000000 
26.950344 60.405151 -4.557169 -2.054443 18.828194 0.000000 1.000000 
30.102596 59.321838 -7.883913 -12.027481 9.321609 0.000000 1.000000 
-11.218097 69.867378 -8.213372 -10.197708 17.310341 0.000000 1.000000 
9.989881 70.281822 -8.768302 -9.858963 19.313700 0.000000 1.000000 
33.309849 67.879639 18.328323 -6.027512 16.496977 0.000000 1.000000 
10.677324 77.917717 -11.507248 -16.560402 8.521606 0.000000 1.000000 
-8.087720 128.911591 -4.887805 -7.183472 9.375618 0.000000 1.000000 
-8.155939 129.126953 -5.012092 -8.284378 9.201706 0.000000 1.000000 
-19.845428 133.281311 -8.532946 1.326965 13.905403 0.000000 1.000000 
-19.819416 133.414520 -9.558333 -3.934204 8.295269 0.000000 1.000000 
-1.371135 191.821533 -7.219098 1.221382 10.201096 0.000000 1.000000 
-1.090400 191.856934 -6.983387 4.116776 11.262268 0.000000 1.000000 
-3.172677 199.487152 -7.371248 -5.926125 4.474613 0.000000 1.000000 
-3.198271 199.530579 -7.627904 -2.944366 6.684185 0.000000 1.000000 
-0.423813 -6.058068 -0.231851 -6.850243 44.780891 0.000000 0.000000 
-0.286715 -6.121891 -0.088325 -9.592087 44.631752 0.000000 0.000000 
0.193855 -6.212019 -0.296654 -2.350716 47.633583 0.000000 0.000000 
0.042996 -6.199800 -0.181581 -6.881794 44.131966 0.000000 0.000000 
0.304123 -6.293209 -0.283488 -5.400337 44.875584 0.000000 0.000000 
-0.851136 11.143934 -0.023808 -12.806870 32.550686 0.000000 0.000000 
0.048105 12.109740 -0.026453 -12.052811 36.334328 0.000000 0.000000 
0.097909 12.322148 -0.037304 -11.902008 37.846085 0.000000 0.000000 
-0.506414 12.377527 0.027479 -11.560370 36.888550 1.000000 0.000000 
-3.454822 17.482063 0.373086 1.574814 36.630169 1.000000 0.000000 
-3.703246 18.519999 0.396470 8.688249 43.574020 0.000000 0.000000 
-3.875675 18.718380 5.002526 7.961945 41.429134 0.000000 0.000000 
0.085559 21.513147 -1.334996 -7.134399 31.705170 0.000000 0.000000 
-4.873218 20.938257 -0.626629 3.673538 39.071190 0.000000 0.000000 
-4.914564 20.936693 -0.754228 2.000762 36.465076 0.000000 0.000000 
0.226330 22.206982 -0.830143 2.397163 32.642494 1.000000 0.000000 
-5.062893 21.624565 -0.701952 0.824722 34.989403 1.000000 0.000000 
0.194659 22.528898 -0.889536 -1.049644 29.581665 0.000000 0.000000 
0.119128 22.544933 -0.861106 -3.309586 25.859463 0.000000 0.000000 
-0.030873 22.542490 -0.890946 -13.287186 15.297977 1.000000 0.000000 
0.353729 22.660404 -0.871381 -21.262703 10.494274 1.000000 0.000000 
0.287464 22.864983 -0.826685 19.622581 47.531998 0.000000 0.000000 
0.259742 22.984020 -0.846360 18.185989 47.369072 0.000000 0.000000 
0.020197 23.248428 -0.747207 -7.209213 25.288580 0.000000 0.000000 
0.100097 23.629623 -0.819416 -10.072105 22.823669 1.000000 0.000000 
-13.238436 19.996504 1.483978 -16.095551 11.704311 1.000000 0.000000 
-13.281224 20.382961 1.323933 -3.721336 20.814964 1.000000 0.000000 
-12.967969 20.761856 1.243516 3.697441 28.897579 1.000000 0.000000 
-13.156007 21.024990 1.337979 7.764656 31.974667 1.000000 0.000000 
-13.287399 21.010471 1.237297 -15.291054 11.271709 1.000000 0.000000 
-13.243719 21.099630 1.299363 -18.166245 9.015240 1.000000 0.000000 
-12.747991 21.742643 1.255334 -10.543648 15.131277 1.000000 0.000000 
-13.383727 21.315447 1.317029 -2.522362 24.019123 1.000000 0.000000 
-13.185555 21.473206 1.514453 -2.552872 23.209656 1.000000 0.000000 
-13.296889 21.429756 1.311873 10.430984 34.800915 1.000000 0.000000 
-13.330485 21.802128 1.269130 -0.334427 25.175913 1.000000 0.000000 
-13.340184 21.892492 1.106290 -3.966133 22.247520 1.000000 0.000000 
-13.234730 22.012449 1.142025 -5.617836 20.842892 1.000000 0.000000 
-12.852877 22.450373 1.413315 -10.774231 16.846346 1.000000 0.000000 
-15.172441 20.607958 8.085163 -8.870789 18.048399 1.000000 0.000000 
-13.337465 22.490269 1.023037 -9.684341 19.129307 1.000000 0.000000 
-15.558881 20.697519 2.837896 -4.944229 20.952074 1.000000 0.000000 
-13.193016 22.897600 1.438221 5.428932 28.642506 1.000000 0.000000 
-13.318049 22.869509 1.364631 -13.640121 13.768217 1.000000 0.000000 
-13.313391 23.001421 1.360520 -5.533760 21.350025 1.000000 0.000000 
-13.351393 23.026043 1.259041 3.147186 29.496128 1.000000 0.000000 
-13.126483 23.677042 1.526483 -5.630173 22.872734 1.000000 0.000000 
-13.333241 23.655415 1.219744 -6.198776 20.408085 1.000000 0.000000 
-13.712602 23.432028 8.992851 -12.802254 14.460255 1.000000 0.000000 
-13.393674 23.967247 1.496904 -18.461433 11.870575 1.000000 0.000000 
-13.106430 24.871469 0.943458 -16.733559 12.348232 1.000000 0.000000 
-13.154817 25.155550 0.786354 -13.344513 16.102121 1.000000 0.000000 
-14.017887 24.758938 1.350946 -13.803818 11.704838 1.000000 0.000000 
-14.680372 24.696569 0.306173 3.296700 26.325743 1.000000 0.000000 
-13.487677 25.907562 1.081641 -9.758644 18.555016 1.000000 0.000000 
-14.874748 24.995358 0.196256 -7.161217 17.180801 1.000000 0.000000 
-14.955331 24.948732 0.221513 -4.493248 19.397654 1.000000 0.000000 
-13.202069 26.148315 1.227249 -7.916641 20.080383 1.000000 0.000000 
-13.271768 26.386324 1.310782 -3.328865 23.229406 1.000000 0.000000 
-13.365421 26.520597 1.018852 -13.090201 14.699944 1.000000 0.000000 
-13.145525 26.737581 1.048224 -16.217453 14.821411 1.000000 0.000000 
-12.793803 26.994106 1.224950 -4.770325 21.904621 1.000000 0.000000 
-13.231831 26.765877 1.027431 -0.907097 26.049919 1.000000 0.000000 
-13.441600 27.050428 1.337629 -6.150154 22.366337 1.000000 0.000000 
-13.351099 27.108900 1.195308 -4.026184 22.041729 1.000000 0.000000 
-13.607472 27.347404 0.851173 -3.184067 22.438639 1.000000 0.000000 
-13.237423 27.669991 1.413774 -10.409157 19.865932 1.000000 0.000000 
-13.304335 27.640551 1.399713 -4.098900 25.783825 1.000000 0.000000 
-12.605674 28.083982 1.529817 -13.834282 13.268579 1.000000 0.000000 
-13.682878 27.687790 1.210656 -12.771942 12.966843 1.000000 0.000000 
-13.357046 28.085890 1.148510 -9.170631 17.796625 1.000000 0.000000 
-13.276112 28.152382 1.194779 -10.642868 15.228527 1.000000 0.000000 
-13.357615 28.109980 1.156534 6.479294 32.628990 1.000000 0.000000 
-13.305408 28.145233 1.136217 4.232735 29.719877 1.000000 0.000000 
-13.408569 28.134258 1.214178 2.956306 27.144983 1.000000 0.000000 
-13.403501 28.532639 1.266296 -16.270370 15.584707 1.000000 0.000000 
-13.609762 28.758123 1.185440 -6.438599 19.695190 1.000000 0.000000 
-13.187654 29.168352 1.376404 -2.324921 23.608416 1.000000 0.000000 
-13.309114 29.144592 1.308572 -1.939583 25.920809 1.000000 0.000000 
-13.246572 29.260515 1.361088 -7.720551 20.070431 1.000000 0.000000 
-13.593914 29.822378 1.418540 -8.025391 19.476606 1.000000 0.000000 
-35.116570 0.271236 2.042968 0.018044 26.337627 0.000000 0.000000 
-35.236401 -0.027358 2.398909 -3.668434 22.717457 0.000000 0.000000 
-35.264420 -5.964626 4.704446 -5.778671 23.259972 0.000000 0.000000 
-36.963543 -2.444281 1.286641 -0.395020 27.927490 0.000000 0.000000 
-36.962181 -4.806083 -9.489240 6.427780 34.441154 0.000000 0.000000 
-38.604706 -2.636014 3.815507 -5.954201 22.275084 0.000000 0.000000 
-38.565693 -5.743716 -0.281682 -3.333649 20.812653 0.000000 0.000000 
-38.485123 -7.817203 1.294126 0.187729 25.460711 0.000000 0.000000 
-38.657814 -7.454341 1.129968 3.102554 27.733753 0.000000 0.000000 
-38.832687 -7.050122 0.379049 -2.677269 22.946978 0.000000 0.000000 
-39.881714 2.213048 8.321084 -6.151772 21.520042 0.000000 0.000000 
-40.435329 1.408362 1.014633 -1.124290 23.769279 0.000000 0.000000 
-40.695900 1.202194 2.983944 3.974792 28.646164 0.000000 0.000000 
-40.801998 1.186087 2.478279 2.731171 28.502018 0.000000 0.000000 
-42.515129 4.483798 1.744659 4.100494 25.897100 0.000000 0.000000 
-38.636887 -19.625977 0.697801 -0.170357 23.713821 0.000000 0.000000 
-38.397957 -20.285336 2.211315 5.730988 27.817257 0.000000 0.000000 
-45.325108 -3.999156 4.644346 -1.921265 20.386189 0.000000 0.000000 
-45.422729 -3.591034 3.972477 -2.857368 19.672911 0.000000 0.000000 
-47.739925 17.222565 3.484877 1.819855 20.353092 0.000000 0.000000 
-47.322048 40.851910 0.758601 0.124031 11.423256 0.000000 0.000000 
-21.058222 -21.523586 3.114604 -5.994263 24.470879 0.000000 0.000000 
-21.229790 -23.782997 -0.489990 -4.087502 27.982159 0.000000 0.000000 
-21.817307 -24.350170 1.498175 1.305138 28.221954 0.000000 0.000000 
-21.120144 -28.334290 2.107869 4.870850 27.467319 0.000000 0.000000 
-19.696714 -30.829468 2.435337 -2.320496 23.290386 0.000000 0.000000 
-19.547832 -31.035500 2.572942 -1.098785 24.535091 0.000000 0.000000 
-20.205189 -30.687992 0.940084 -0.371811 23.704777 0.000000 0.000000 
-20.433815 -30.606667 12.370993 -3.557266 22.567181 0.000000 0.000000 
-20.776144 -35.238731 0.842173 -0.217056 24.486807 0.000000 0.000000 
-20.859070 -35.253155 -0.908670 -2.384247 21.712225 0.000000 0.000000 
-21.085075 -42.310009 13.713037 -2.723587 18.325058 0.000000 0.000000 
-20.759336 -47.498669 6.624703 4.910675 20.876514 0.000000 0.000000 
-20.824642 -47.494030 7.817560 4.580971 21.214848 0.000000 0.000000 
-22.452303 -46.943447 2.613346 -1.009056 18.005869 0.000000 0.000000 
-5.929012 -19.387062 -0.412444 -10.364532 27.145670 0.000000 0.000000 
-6.191954 -19.321999 -1.230168 -11.662247 24.368458 0.000000 0.000000 
-6.192202 -19.373306 -0.960902 -11.826836 25.912802 0.000000 0.000000 
-6.392289 -20.143692 -0.210822 -11.132202 23.366169 0.000000 0.000000 
-6.478346 -20.442833 -0.420229 -9.024757 25.757336 0.000000 0.000000 
-6.400487 -23.133583 0.465551 -4.144089 29.666489 0.000000 0.000000 
-6.015089 -24.026241 -0.017262 -6.623489 26.597641 0.000000 0.000000 
-6.626554 -24.360374 -1.532279 -9.664124 26.154673 0.000000 0.000000 
-6.640744 -26.218845 -0.124112 -5.805046 25.289125 0.000000 0.000000 
-6.294115 -26.556705 -1.005578 -5.026154 25.019186 0.000000 0.000000 
-6.640950 -27.646202 0.855330 -4.801582 25.571308 0.000000 0.000000 
-6.480076 -30.577389 2.011790 -0.961349 27.888699 0.000000 0.000000 
-5.079383 -48.739796 -1.472592 -1.269318 18.649467 0.000000 0.000000 
-6.501461 -48.933933 -0.204968 1.623161 24.465406 0.000000 0.000000 
-6.879462 -52.138504 1.095438 -3.610779 17.239302 0.000000 0.000000 
-6.386492 -52.250519 -0.156164 2.498322 22.063793 0.000000 0.000000 
-6.118816 -55.228523 1.140716 3.880997 22.543091 0.000000 0.000000 
-6.272805 -55.259705 1.103889 2.512695 21.717150 0.000000 0.000000 
-5.745586 -55.475220 1.205735 -1.831367 19.114201 0.000000 0.000000 
-6.689979 -19.918732 0.222251 -3.161530 30.058514 0.000000 0.000000 
-6.997852 -21.557247 -0.501971 -3.816277 29.970705 0.000000 0.000000 
-7.448162 -21.469013 0.172226 -3.859711 29.458620 0.000000 0.000000 
-6.273222 -22.450367 -0.302133 -9.858582 23.555735 0.000000 0.000000 
-7.315064 -24.422642 0.904252 -0.345360 31.018902 0.000000 0.000000 
-7.546577 -24.497841 0.947305 -1.895813 28.879356 0.000000 0.000000 
17.997101 -9.406168 5.507423 -3.066833 29.844414 0.000000 0.000000 
17.993656 -9.758764 4.808310 -1.738846 31.813663 0.000000 0.000000 
16.622206 -12.851778 7.742192 -7.260757 28.654516 0.000000 0.000000 
21.154444 -5.394510 3.032386 -0.661377 33.983082 0.000000 0.000000 
21.326099 -5.169791 3.677915 -0.965340 34.447281 0.000000 0.000000 
7.811999 -23.948277 2.313721 -8.171021 24.299694 0.000000 0.000000 
7.751353 -27.728428 -2.489168 -4.943710 23.535652 0.000000 0.000000 
10.282632 -39.927338 -0.989694 4.313408 26.164267 0.000000 0.000000 
9.716496 -40.095497 -4.048283 1.139687 24.230804 0.000000 0.000000 
5.433757 -41.348206 7.594195 -3.072052 22.051336 0.000000 0.000000 
8.153571 -41.390297 -1.864368 0.750656 24.138681 0.000000 0.000000 
8.998405 -41.232899 -0.854579 2.042831 24.636890 0.000000 0.000000 
5.261140 -42.150154 6.126960 -1.318520 24.486589 0.000000 0.000000 
5.589359 -42.176315 6.309332 -0.158920 23.922083 0.000000 0.000000 
6.971032 -35.188103 -0.386839 -2.664032 28.724024 0.000000 0.000000 
6.552145 -36.538353 -0.390725 -0.294205 24.372051 0.000000 0.000000 
6.442526 -36.583717 -1.079430 -2.514641 22.721928 0.000000 0.000000 
6.469690 -37.695179 -0.302070 -3.299713 23.870737 0.000000 0.000000 
6.369868 -38.236118 3.989079 -4.887192 19.284395 0.000000 0.000000 
9.026529 -40.317490 -3.263364 2.688293 25.770786 0.000000 0.000000 
20.687370 0.839583 -0.374394 -4.260651 31.657076 0.000000 0.000000 
20.718328 0.996740 0.041374 -1.506866 32.435020 0.000000 0.000000 
27.590981 -0.024917 0.218097 4.077667 35.495636 0.000000 0.000000 
32.699585 1.585269 13.708605 1.678314 33.656971 0.000000 0.000000 
38.816334 -0.723803 0.400881 12.583374 35.773006 0.000000 0.000000 
38.869080 -0.736157 0.178260 13.147240 37.213711 0.000000 0.000000 
40.239643 -1.411692 -2.477376 -3.516357 20.819948 0.000000 0.000000 
41.675404 -0.782331 0.872118 8.231133 32.378456 0.000000 0.000000 
43.109699 -0.525170 1.562366 7.040810 29.797762 0.000000 0.000000 
43.265285 -0.436349 1.654719 8.609962 29.422789 0.000000 0.000000 
34.491035 8.702104 -1.129616 15.674828 37.144341 0.000000 0.000000 
34.595264 8.722226 -1.358602 15.639839 35.299129 0.000000 0.000000 
34.660332 19.873047 0.574846 -1.452309 21.504328 0.000000 0.000000 
37.988796 16.702324 -0.481949 0.078514 22.937506 0.000000 0.000000 
43.338100 17.945717 1.653310 1.641792 23.656616 0.000000 0.000000 
45.201057 14.464541 0.649742 1.452515 21.737907 0.000000 0.000000 
43.951374 18.249714 1.347878 -0.566673 22.419949 0.000000 0.000000 
46.499622 17.036415 1.381288 15.245499 32.098053 0.000000 0.000000 
46.665344 16.683460 1.384141 13.891396 31.011738 0.000000 0.000000 
47.357491 15.860429 -2.104636 7.500793 25.133770 0.000000 0.000000 
47.486485 15.607972 1.744685 2.673134 22.775629 0.000000 0.000000 
48.431862 15.841834 7.230402 3.308243 20.737131 0.000000 0.000000 
49.873333 16.678791 3.037318 4.633110 20.741217 0.000000 0.000000 
40.695019 19.916855 7.058021 7.510269 16.424461 0.000000 0.000000 
15.758519 30.686516 1.135654 -3.077560 27.998871 0.000000 0.000000 
3.030294 -6.605444 -1.159232 -0.416927 41.772709 0.000000 0.000000 
2.842760 -6.892362 0.965022 -5.949623 41.482170 0.000000 0.000000 
2.632080 -7.613717 -0.226897 -2.332161 42.780834 0.000000 0.000000 
2.704852 -7.612462 -0.195241 -0.396805 43.657616 0.000000 0.000000 
2.280678 -8.083357 0.020629 -7.709145 38.128853 0.000000 0.000000 
2.416536 -8.068705 0.141327 -2.879959 42.510815 0.000000 0.000000 
2.639627 -8.146821 0.039413 -4.851814 41.838516 0.000000 0.000000 
2.345800 -0.966521 0.036256 -13.784161 50.848320 0.000000 0.000000 
2.492717 -0.974275 0.036525 -13.585777 55.586807 0.000000 0.000000 
2.414152 -2.018649 0.039780 -24.516861 33.631943 0.000000 0.000000 
2.443100 -2.074598 0.006601 -27.065903 41.056580 0.000000 0.000000 
2.419123 -2.500382 0.146460 -23.618801 41.461658 0.000000 0.000000 
2.463410 -2.595822 0.056749 -22.208370 40.939934 0.000000 0.000000 
2.401984 -2.855771 -0.025931 -19.871101 43.500465 0.000000 0.000000 
2.405002 -3.124649 -0.103616 -28.420563 38.535900 0.000000 0.000000 
2.452815 -3.534669 0.088481 -14.194340 46.585876 0.000000 0.000000 
2.482836 -3.514678 0.108194 -13.237656 46.840927 0.000000 0.000000 
2.512708 -3.615303 0.066909 -9.572853 48.396152 0.000000 0.000000 
2.438676 -3.952719 0.045381 -18.732895 42.317268 0.000000 0.000000 
2.452741 -4.138858 0.033093 -14.769684 42.268314 0.000000 0.000000 
2.475700 -4.184177 0.063172 -15.029780 43.957157 0.000000 0.000000 
2.431963 -4.471391 -0.087092 -17.698128 39.933144 0.000000 0.000000 
2.453410 -4.542778 -0.087904 -20.931965 40.474884 0.000000 0.000000 
2.469154 -4.601870 -0.072149 -19.785931 40.062145 0.000000 0.000000 
2.475317 -4.733547 -0.052561 -19.536598 36.033878 0.000000 0.000000 
2.450994 -5.062615 0.069835 -9.567158 43.232613 0.000000 0.000000 
2.475755 -5.159073 0.059534 -11.423401 42.369186 0.000000 0.000000 
2.398948 -5.333778 -0.163096 -12.171684 40.357243 0.000000 0.000000 
2.449795 -5.498942 0.007237 -1.705750 45.512535 0.000000 0.000000 
2.446784 -5.501873 0.035590 0.758556 54.708679 0.000000 0.000000 
2.436390 -5.507163 0.011376 -1.743103 44.973061 0.000000 0.000000 
2.473487 -6.250671 0.088571 -9.245399 41.857986 0.000000 0.000000 
2.481891 -6.359581 0.038268 -6.167122 44.133244 0.000000 0.000000 
2.483987 -6.469424 -0.122266 -7.659298 44.838097 0.000000 0.000000 
2.477028 -6.745045 0.062928 -6.993683 44.299728 0.000000 0.000000 
2.474613 -6.793960 -0.018969 -6.304382 41.932594 0.000000 0.000000 
2.418504 -7.058202 -0.122796 -8.912186 44.675827 0.000000 0.000000 
2.433897 -7.229254 -0.085538 -2.545952 44.008118 0.000000 0.000000 
2.438374 -7.231155 0.036387 -4.130486 44.207550 0.000000 0.000000 
2.290924 -7.530943 0.130009 -7.617130 38.506451 0.000000 0.000000 
2.370582 -7.512205 0.081160 -9.614738 38.802227 0.000000 0.000000 
2.387482 -7.656736 0.065076 -7.374466 38.914726 0.000000 0.000000 
2.311826 -7.931163 0.076337 -3.642647 41.757385 0.000000 0.000000 
2.288596 -8.230141 -0.215775 -9.940125 41.341385 0.000000 0.000000 
2.420405 -8.424463 0.142881 -8.809357 38.045593 0.000000 0.000000 
2.459953 -8.466106 0.317146 -11.206253 32.053761 0.000000 0.000000 
2.281346 4.787030 0.008747 -28.529465 23.502804 0.000000 0.000000 
2.413374 4.822278 -0.020275 -27.686485 25.560320 0.000000 0.000000 
2.664672 5.020496 0.126108 -28.998882 23.562757 0.000000 0.000000 
2.371991 6.028579 -0.075793 -41.600281 16.674103 0.000000 0.000000 
2.320085 6.481753 -0.053675 -38.780838 18.998917 0.000000 0.000000 
2.292293 6.959445 0.037805 -10.906155 43.270836 0.000000 0.000000 
2.319364 6.984719 0.041657 -11.251854 44.651608 0.000000 0.000000 
2.386284 7.449503 -0.081592 -26.830574 30.096413 0.000000 0.000000 
2.291461 7.630255 -0.075372 -30.969391 26.954317 0.000000 0.000000 
2.288094 7.907951 -0.037318 -21.373512 32.279419 0.000000 0.000000 
2.373396 7.974454 -0.030015 -21.961212 34.978802 0.000000 0.000000 
2.410925 8.408504 -0.018640 -24.787659 28.035282 0.000000 0.000000 
2.270951 8.599199 -0.145976 -37.655998 22.141474 0.000000 0.000000 
2.269103 8.953966 0.018345 -8.457985 40.942764 0.000000 0.000000 
2.302355 9.001009 0.022492 -6.714626 42.457241 0.000000 0.000000 
2.330510 9.757113 -0.097016 -22.564384 24.633511 0.000000 0.000000 
2.218601 -8.624165 0.062355 -21.217743 23.243820 1.000000 1.000000 
2.037509 -11.851934 0.118825 -1.447121 40.740807 0.000000 0.000000 
-6.014843 -1.054263 -0.555496 -0.384567 50.885410 0.000000 0.000000 
-6.017445 -1.022296 -0.589543 4.983444 55.711906 0.000000 0.000000 
-6.069437 -1.029285 -0.607573 7.032158 57.034264 0.000000 0.000000 
-6.823198 0.017400 0.109741 0.798225 49.257336 0.000000 0.000000 
-6.937843 0.022312 0.143165 5.917046 55.144150 0.000000 0.000000 
2.418397 -8.940578 -0.039690 -2.206245 40.876137 0.000000 0.000000 
2.493856 -8.955646 -0.011128 -1.883232 41.652531 0.000000 0.000000 
2.440868 -9.270433 -0.194180 -7.024582 36.570984 0.000000 0.000000 
2.425929 -9.472925 0.117295 0.567886 41.608589 0.000000 0.000000 
2.413989 -9.511036 0.096693 3.615044 45.854031 0.000000 0.000000 
2.051713 -9.910673 0.146728 -10.747406 34.087173 0.000000 0.000000 
2.189912 -10.154300 -0.185419 -7.867348 34.764282 0.000000 0.000000 
2.401894 -10.252683 -0.191641 -4.842682 38.628727 0.000000 0.000000 
2.444563 -10.238736 -0.118425 -4.118019 40.257324 0.000000 0.000000 
2.241974 -10.535605 -0.215621 -5.308029 35.594879 0.000000 0.000000 
2.299189 -10.531234 -0.193704 -2.323273 39.411324 0.000000 0.000000 
2.074951 -10.809584 -0.391135 -5.027542 36.878307 0.000000 0.000000 
2.103415 -10.870135 -0.353655 -3.489067 37.509876 0.000000 0.000000 
2.132096 -10.984429 -0.391048 -7.499084 34.312363 0.000000 0.000000 
2.254441 -11.034711 -0.198387 -6.733482 35.495003 0.000000 0.000000 
2.321616 -11.132836 -0.067700 -7.582863 33.798439 0.000000 0.000000 
-6.350030 -10.750737 0.133505 -12.371306 30.360498 0.000000 0.000000 
-6.306890 -10.775991 -2.871958 -13.549973 30.611027 0.000000 0.000000 
-6.808802 -10.746543 0.990317 -21.902863 27.052784 0.000000 0.000000 
-6.795506 -10.906690 0.515625 -15.268607 30.799864 0.000000 0.000000 
-6.603472 -11.209125 0.196680 -12.296181 30.558708 0.000000 0.000000 
-6.794825 -11.179763 0.681640 -14.223557 27.689352 0.000000 0.000000 
-6.088059 -11.856955 0.562697 -14.293762 28.042471 0.000000 0.000000 
-6.315731 -11.841565 -0.803576 -7.997795 32.323242 0.000000 0.000000 
-6.514480 -11.925485 0.122910 -14.240692 28.381084 0.000000 0.000000 
-6.706850 -12.062799 0.581258 -13.353836 28.076155 0.000000 0.000000 
-6.266821 -12.361306 0.862601 -10.332191 31.973370 0.000000 0.000000 
-6.502317 -12.261251 0.205469 -13.933380 28.117363 0.000000 0.000000 
-6.084185 -12.601678 0.711130 -7.319122 32.622749 0.000000 0.000000 
-6.792095 -12.393291 -1.188225 -15.593018 26.826599 0.000000 0.000000 
-6.492266 -12.933160 0.569351 -5.478912 34.748695 0.000000 0.000000 
-6.484520 -13.045742 0.720335 -5.766533 33.464096 0.000000 0.000000 
-6.656671 -13.084546 1.469381 -13.119063 26.255821 0.000000 0.000000 
-6.799627 -13.056592 1.021873 -13.158806 25.456970 0.000000 0.000000 
-6.072279 -13.909087 -1.313455 -16.236809 22.570995 0.000000 0.000000 
-6.659325 -13.888253 -0.585442 -12.571564 25.881594 0.000000 0.000000 
-6.743132 -13.899544 4.197974 -13.820877 25.914116 0.000000 0.000000 
-6.296189 -14.302859 -0.441612 -8.977760 28.640728 0.000000 0.000000 
-6.787776 -14.350930 -0.200952 -15.942580 24.960987 0.000000 0.000000 
-6.430184 -14.989096 0.357319 -9.029068 27.507231 0.000000 0.000000 
-6.433840 -15.013857 0.057483 -7.241371 28.741253 0.000000 0.000000 
-6.656947 -15.120606 0.912394 -17.785568 22.525150 0.000000 0.000000 
-6.415863 -15.401898 0.191906 -11.622742 28.441143 0.000000 0.000000 
-6.378904 -15.529582 0.212571 -6.230072 30.584478 0.000000 0.000000 
-6.981650 -15.609836 0.669784 -5.130798 31.410194 0.000000 0.000000 
-6.896662 -15.663224 1.364926 -7.615646 27.601105 0.000000 0.000000 
-6.181682 -16.186941 0.408244 -8.594345 26.309862 0.000000 0.000000 
-6.324627 -16.305737 0.397610 -4.345016 29.590368 0.000000 0.000000 
-6.263920 -16.328674 -2.853027 -9.404015 25.284197 0.000000 0.000000 
-6.713375 -16.539299 -1.423891 -9.899155 25.898586 0.000000 0.000000 
-6.081016 -16.890350 -1.202436 -10.147087 24.892418 0.000000 0.000000 
-6.759377 -17.054714 0.354088 -12.707474 21.986008 0.000000 0.000000 
-6.580082 -17.204735 -0.009261 -10.854172 23.652811 0.000000 0.000000 
-18.256512 -2.000378 -0.496344 3.221985 42.483940 0.000000 0.000000 
-18.223738 -2.717979 0.077706 2.923454 41.197472 0.000000 0.000000 
-18.409964 -2.547273 -0.247415 2.563484 38.403194 0.000000 0.000000 
-18.678907 -2.119115 -0.245516 7.213737 44.250854 0.000000 0.000000 
-18.678301 -2.148810 -0.300536 7.895760 45.758995 0.000000 0.000000 
-6.625331 -18.697899 -0.453076 -6.915268 28.901865 0.000000 0.000000 
-6.893800 -18.710056 -0.273410 -5.377029 30.027067 0.000000 0.000000 
-6.223118 -19.049652 -2.151810 -9.636963 27.303247 0.000000 0.000000 
-20.360800 -0.886583 -1.019087 4.597649 40.481106 0.000000 0.000000 
-20.360857 -0.867342 -0.993607 3.983208 39.791599 0.000000 0.000000 
-17.988064 -11.816731 -2.670239 -10.254051 24.874441 0.000000 0.000000 
-21.254869 -1.678037 -4.668435 -11.376602 25.300777 0.000000 0.000000 
-18.244993 -11.741148 -1.381355 -11.269524 23.382526 0.000000 1.000000 
-18.746988 -11.314312 1.530045 1.434250 34.083572 0.000000 0.000000 
-18.770748 -11.360339 1.195182 -2.613182 30.873907 0.000000 0.000000 
-19.361290 -11.175545 0.804124 -4.047577 29.374477 0.000000 0.000000 
-19.157030 -11.541257 2.168332 1.035400 33.812836 0.000000 0.000000 
-21.779530 2.879582 1.328858 -2.348183 30.022675 0.000000 0.000000 
-19.919146 -11.155716 1.198285 -0.488564 33.479534 0.000000 0.000000 
-18.306759 -14.308312 -0.604323 15.774124 45.351486 0.000000 0.000000 
-18.409046 -14.330475 -0.783962 13.619926 43.675915 0.000000 0.000000 
-18.656868 -14.417366 -0.974590 -0.983147 33.080814 0.000000 0.000000 
-18.599106 -14.520500 -0.971521 2.303977 33.977314 0.000000 0.000000 
-23.338640 -2.568904 1.460560 -8.497818 26.095715 0.000000 0.000000 
-17.933151 -15.926915 0.208313 -5.450325 26.770269 0.000000 0.000000 
-16.140862 -17.873760 8.599311 -7.822144 24.076557 0.000000 0.000000 
-23.092527 5.881170 3.474231 -9.686386 23.746405 0.000000 0.000000 
-19.783186 -14.486238 5.696311 -9.804878 23.234385 0.000000 0.000000 
-7.571232 -24.523926 7.181304 -9.110214 26.473637 0.000000 0.000000 
-28.141386 7.080554 -7.266378 -1.034119 26.304777 0.000000 0.000000 
-25.643301 -15.061385 1.878386 -0.917015 28.014484 0.000000 0.000000 
15.045559 -26.448120 -0.324705 2.354378 27.411484 0.000000 0.000000 
14.186468 -28.020020 0.237420 1.139458 28.241217 0.000000 0.000000 
12.869512 -28.967201 -0.545816 3.183533 29.097324 0.000000 0.000000 
13.372371 -28.719666 0.326288 2.106621 29.053497 0.000000 0.000000 
12.782682 -29.266388 1.839736 0.881508 26.735727 0.000000 0.000000 
13.611444 -28.870388 2.742031 -1.322372 25.089352 0.000000 0.000000 
11.575630 -31.073971 5.112902 -2.829132 23.791044 0.000000 0.000000 
12.026362 -31.161655 -0.913841 -5.616508 23.944881 0.000000 0.000000 
13.656262 -30.860741 1.292377 -4.540833 22.840763 0.000000 0.000000 
-14.326329 -37.366421 0.167632 -2.066734 19.507477 0.000000 1.000000 
-16.160080 -41.870384 -0.353599 -1.972404 17.670494 1.000000 0.000000 
26.234287 -47.586510 0.197454 4.259460 19.390505 0.000000 0.000000 
23.604977 -49.322495 4.251848 2.789490 19.130171 0.000000 0.000000 
24.110504 -49.241772 5.213542 1.414398 17.690413 0.000000 0.000000 
-107.004501 -3.709489 7.928706 9.617477 18.003822 0.000000 0.000000 
-107.274620 -1.607069 4.554972 14.340988 21.262836 0.000000 0.000000 
-107.278938 -1.337707 4.191055 15.550575 22.752487 0.000000 0.000000 
-107.283035 -0.614164 4.552532 13.050842 21.370667 0.000000 0.000000 
-107.382957 -8.981709 -0.833917 9.389168 17.271151 0.000000 0.000000 
-107.477882 -8.397987 -0.021299 7.761749 15.366617 0.000000 0.000000 
-115.469666 -2.418984 4.296826 11.881371 19.821436 0.000000 0.000000 
-115.469467 -3.054218 6.673720 9.499237 15.569969 0.000000 0.000000 
55.488014 -103.717949 5.342552 16.746635 17.584974 0.000000 0.000000 
56.071030 -103.497337 4.959615 20.713326 21.185108 0.000000 0.000000 
55.556667 -103.882698 7.948587 13.036301 13.970022 0.000000 0.000000 
64.121063 -109.286415 7.419322 20.921623 20.764856 0.000000 0.000000 
61.107220 -147.362976 8.786332 19.130104 17.781574 0.000000 0.000000 
7.188826 -5.241905 -0.030368 3.481636 46.722282 0.000000 0.000000 
7.291738 -5.349251 -0.079911 5.083107 50.294731 0.000000 0.000000 
2.273949 -8.753647 -0.002672 -1.611145 43.860207 0.000000 0.000000 
2.257252 -8.955409 0.009697 4.860657 45.870632 0.000000 0.000000 
2.249094 -8.958485 -0.009576 3.222816 46.770882 0.000000 0.000000 
8.660012 -4.108769 0.756950 -1.179390 39.193752 0.000000 0.000000 
2.143679 -9.426529 -0.185820 -1.601006 43.314445 0.000000 0.000000 
2.237724 -9.466801 0.022138 -4.303459 40.730118 0.000000 0.000000 
2.183283 -9.687413 -0.256554 -3.485107 38.969208 0.000000 0.000000 
2.197066 -9.826464 -0.004437 -7.603241 36.924126 0.000000 0.000000 
2.203744 -9.947564 -0.210127 -3.175339 40.533127 0.000000 0.000000 
2.254518 -10.128853 -0.381056 -2.646698 37.919262 0.000000 0.000000 
2.196811 -10.142652 -0.320032 -4.317924 40.279335 0.000000 0.000000 
2.268932 -10.212536 0.357766 -2.050072 39.601357 0.000000 0.000000 
2.265214 -10.361219 0.251420 -4.292892 38.797829 0.000000 0.000000 
2.168836 -10.618349 -0.157154 -2.817764 41.069153 0.000000 0.000000 
2.242646 -10.614582 -0.166795 -1.689529 40.855484 0.000000 0.000000 
2.224704 -10.625192 -0.056463 -3.085701 38.474926 0.000000 0.000000 
7.340390 -8.471387 -1.335069 7.191872 47.572563 0.000000 1.000000 
2.180123 -11.106034 -0.116769 1.539117 42.662567 0.000000 0.000000 
2.197139 -11.388762 0.090854 -8.156227 40.090996 0.000000 0.000000 
2.139628 -11.597288 0.215966 -4.691231 38.807377 0.000000 0.000000 
9.746979 -7.197853 -3.158766 -4.389473 37.204433 0.000000 1.000000 
11.432013 -3.698062 3.109212 -4.401436 36.555370 0.000000 0.000000 
11.936769 -3.181370 -0.011121 9.363083 48.221962 0.000000 0.000000 
11.941577 -3.162930 -3.349023 7.706542 44.976368 0.000000 0.000000 
8.916933 -8.980731 4.304470 -6.664619 33.507229 0.000000 0.000000 
11.524394 4.262674 -1.304874 -12.344490 29.636799 0.000000 1.000000 
11.785133 4.014141 -3.373436 -11.346527 31.947781 0.000000 1.000000 
8.627498 -10.742060 3.565133 -10.054268 30.811216 0.000000 0.000000 
8.907252 -11.129573 -4.014260 -5.807930 34.644173 0.000000 0.000000 
13.909403 -2.759667 0.621497 1.571709 41.345669 0.000000 0.000000 
14.051931 -2.744222 0.788719 -1.529297 36.810272 0.000000 0.000000 
13.428902 -6.221917 1.018282 -10.533661 30.473024 0.000000 0.000000 
12.529818 6.485324 3.231708 -4.963959 30.483973 0.000000 1.000000 
14.167516 -5.752550 4.356841 -15.908568 27.009430 0.000000 0.000000 
8.209720 -13.329290 -4.149179 -9.628815 31.161261 0.000000 0.000000 
15.851551 -0.937920 -0.455544 1.429283 38.861977 0.000000 0.000000 
15.901505 -0.898793 -0.508510 -0.609543 37.370182 0.000000 0.000000 
-5.888567 -15.157965 -0.299113 -5.877808 30.353489 0.000000 0.000000 
-6.595316 -14.852440 -0.578142 -5.301483 29.270966 0.000000 0.000000 
-6.657749 -15.086433 -0.299013 -5.980438 28.350916 0.000000 0.000000 
17.046530 0.409878 -0.679559 8.741563 44.425220 0.000000 0.000000 
17.167547 0.427289 -0.738588 5.650139 42.663429 0.000000 0.000000 
-5.913713 -16.177216 1.618515 -6.898895 30.889835 0.000000 0.000000 
-6.563823 -16.090870 -0.676027 -5.467796 30.849016 0.000000 0.000000 
3.922033 -17.473969 7.204867 -11.702301 29.098854 0.000000 0.000000 
16.902126 -6.656957 -2.056298 -9.238571 29.573959 0.000000 1.000000 
-6.573812 -16.940487 -0.467973 -6.970917 28.161552 0.000000 0.000000 
-6.200986 -17.133602 0.806181 -4.862022 27.723295 0.000000 0.000000 
-6.826664 -17.309925 -1.215662 -7.629143 27.629154 0.000000 0.000000 
-6.206675 -18.020008 -1.752344 -8.993462 25.630234 0.000000 0.000000 
-5.917761 -18.136604 -1.455098 -10.675766 24.808971 0.000000 0.000000 
-7.231404 -17.920673 0.028277 -11.396431 24.870052 0.000000 0.000000 
17.029230 8.516093 0.339876 10.028702 39.532688 0.000000 0.000000 
17.007010 8.763503 0.534366 10.011253 39.215729 0.000000 0.000000 
-6.642787 -18.593182 0.397946 -2.602219 28.583324 0.000000 0.000000 
-7.155585 -18.440784 1.203399 0.132278 31.873110 0.000000 0.000000 
18.876150 7.752859 -1.255968 1.264534 35.757401 0.000000 0.000000 
18.283667 9.907043 0.066867 9.671654 42.555218 0.000000 0.000000 
18.600559 9.685235 -0.306621 8.132423 40.811470 0.000000 0.000000 
9.527438 -20.749935 -3.525681 -5.908783 28.576527 0.000000 0.000000 
22.114214 9.144711 0.045552 8.852417 40.078781 0.000000 0.000000 
21.975454 9.671374 0.141614 7.178993 38.178711 0.000000 0.000000 
22.689911 -10.792551 -1.892184 -1.010155 29.398726 0.000000 1.000000 
14.335675 -20.866554 1.535571 -2.940521 28.819950 0.000000 1.000000 
21.964212 10.945511 -2.429415 0.795959 32.638592 0.000000 0.000000 
25.663536 6.299774 11.098871 -4.443893 28.306009 0.000000 1.000000 
26.462620 8.872454 -0.232436 11.039032 36.234077 0.000000 0.000000 
26.931568 7.843431 4.477270 3.914368 29.526634 0.000000 0.000000 
24.870539 -15.233912 1.302205 -1.040817 29.074451 0.000000 0.000000 
25.733116 -14.186192 1.738079 -1.911362 29.399712 0.000000 0.000000 
25.524296 -15.268270 0.517763 0.140724 27.848246 0.000000 0.000000 
25.869215 -14.882030 1.479063 -0.674240 26.794956 0.000000 0.000000 
28.604418 8.602727 -0.542954 14.341980 37.415455 0.000000 0.000000 
28.559284 8.780288 -0.435329 16.776848 38.838619 0.000000 0.000000 
29.044392 7.442301 2.511811 5.412994 28.854092 0.000000 0.000000 
28.908680 11.285071 0.311149 0.935371 29.480610 0.000000 1.000000 
23.488400 -21.677601 0.111124 4.288460 30.235798 0.000000 0.000000 
23.643000 -21.624184 0.564416 6.898277 33.284622 0.000000 0.000000 
30.574814 7.882703 -0.311365 10.491859 33.859531 0.000000 0.000000 
30.562136 7.928153 -0.517873 9.940720 33.234737 0.000000 0.000000 
30.948101 7.435501 8.526896 0.518044 26.048016 0.000000 0.000000 
32.577980 1.412626 1.588707 13.571373 38.945412 0.000000 0.000000 
32.695412 1.261120 1.016919 13.498299 41.196030 0.000000 0.000000 
21.414322 -26.323139 -0.612403 -2.553413 23.616640 0.000000 1.000000 
32.336624 9.150603 -0.812598 17.568871 38.940453 0.000000 0.000000 
32.385464 9.170594 -0.709208 20.509697 42.633415 0.000000 0.000000 
32.429623 -11.953051 5.457031 -0.836975 24.380787 0.000000 1.000000 
38.680866 7.469177 -1.077160 6.910919 28.076078 0.000000 0.000000 
38.746429 7.340359 -1.230564 10.365303 30.503410 0.000000 0.000000 
38.995705 6.994471 9.537385 3.505630 28.589401 0.000000 0.000000 
39.456711 7.458370 10.301983 0.656250 24.367599 1.000000 1.000000 
42.611385 8.835907 -1.283208 17.044487 35.236370 0.000000 0.000000 
42.661060 8.810774 -1.310360 15.364708 34.011108 0.000000 0.000000 
-15.833650 -41.211105 0.860563 5.455444 24.478012 1.000000 0.000000 
-16.221054 -41.299225 1.658709 8.131050 26.875456 1.000000 0.000000 
-15.911517 -41.480404 0.660572 1.650002 20.516068 1.000000 0.000000 
43.717793 -9.429379 -4.206869 -0.018517 23.564342 0.000000 1.000000 
-16.970242 -41.913731 -0.020293 2.316719 20.888210 1.000000 0.000000 
44.399956 9.660094 0.564066 8.346977 27.443808 0.000000 0.000000 
44.255733 10.375055 1.558866 3.210007 22.219742 0.000000 0.000000 
46.583611 8.062764 -2.305736 18.431160 33.484646 0.000000 0.000000 
46.667686 8.160487 -4.225903 19.715385 35.340012 0.000000 0.000000 
47.358814 8.189204 -0.935822 6.893302 26.054729 0.000000 0.000000 
44.937675 -21.848339 -1.945234 -3.437752 19.165195 0.000000 1.000000 
15.611176 -49.282169 3.353066 -0.037025 19.292978 0.000000 1.000000 
50.248352 10.383442 -0.276151 10.156143 27.683781 0.000000 0.000000 
50.237732 10.434333 -0.192794 12.923630 32.150150 0.000000 0.000000 
52.526718 9.214293 0.239597 16.649590 32.648376 0.000000 0.000000 
52.584808 9.213317 -0.142286 18.446571 32.927528 0.000000 0.000000 
52.707577 8.583639 -0.241079 15.770088 33.818024 0.000000 0.000000 
53.452915 10.247014 -1.884965 1.174553 18.848135 0.000000 0.000000 
54.892559 7.209315 -0.123807 22.386452 37.897705 0.000000 0.000000 
54.971813 7.068766 -0.684399 19.943497 34.150017 0.000000 0.000000 
24.474924 -51.411205 2.209783 2.055344 21.931765 0.000000 1.000000 
24.592934 -51.525749 1.601822 1.780212 22.770193 0.000000 1.000000 
56.247231 7.433679 -3.867472 3.026596 21.018219 0.000000 0.000000 
56.938820 6.215787 -2.728054 19.993744 35.070545 0.000000 0.000000 
56.916550 6.471832 -2.497605 15.199562 29.258167 0.000000 0.000000 
56.752213 9.313733 -0.511940 14.252296 26.120939 0.000000 0.000000 
56.730015 9.688041 2.549601 12.444641 26.954510 0.000000 0.000000 
56.595509 10.378526 0.665126 12.140228 26.832893 0.000000 0.000000 
58.032566 1.278056 1.075219 14.451889 30.392860 0.000000 0.000000 
58.139820 7.737841 -2.454046 6.662842 22.303127 0.000000 0.000000 
58.528393 8.775790 -0.847935 20.787720 33.075211 0.000000 0.000000 
58.713009 8.530274 -1.087392 21.060661 34.250854 0.000000 0.000000 
60.458767 9.500834 -0.552764 21.379257 32.658165 0.000000 0.000000 
60.442154 9.603624 -0.243297 24.053009 36.395271 0.000000 0.000000 
60.347118 10.130885 0.660172 20.914307 33.417789 0.000000 0.000000 
55.576839 26.564114 5.134557 2.183296 19.413054 1.000000 0.000000 
61.953671 -9.330651 3.197715 8.621346 26.044971 0.000000 0.000000 
61.998978 -9.404797 2.583986 9.354401 25.672510 0.000000 0.000000 
62.035252 -10.551412 1.556515 6.377419 22.772627 0.000000 0.000000 
62.170883 -10.633636 1.989698 8.169000 23.881674 0.000000 0.000000 
62.617821 9.014601 -1.356344 12.576828 27.531063 0.000000 1.000000 
62.705040 8.698230 -2.103883 11.794609 27.573803 0.000000 1.000000 
63.983154 -10.047315 3.789405 4.412071 21.325596 0.000000 1.000000 
57.548912 -31.733051 2.025715 14.072235 27.826298 0.000000 0.000000 
57.513931 -31.983967 2.502280 18.085495 29.171101 0.000000 0.000000 
57.473011 -32.287018 6.498832 17.274078 29.972454 0.000000 0.000000 
66.241302 10.416515 0.318803 3.783401 17.867939 0.000000 1.000000 
66.727272 -10.586008 -0.783151 9.642227 28.089863 0.000000 0.000000 
66.753311 -10.669615 0.555770 14.813805 29.931795 0.000000 0.000000 
67.638489 -10.989876 6.522790 1.347984 16.976341 0.000000 0.000000 
67.918091 10.420838 -1.911510 5.673500 20.182163 0.000000 0.000000 
67.720100 13.353478 1.944224 22.418053 32.171986 0.000000 0.000000 
67.871063 13.135327 1.716219 24.587448 35.016167 0.000000 0.000000 
65.870110 -23.051991 -6.113010 6.545471 23.498699 0.000000 1.000000 
5.984190 -69.986015 -2.774090 3.254447 17.844915 0.000000 1.000000 
69.838631 -9.560339 6.234077 6.473122 19.436733 0.000000 0.000000 
70.150757 -10.493028 12.474006 7.543297 21.124460 0.000000 0.000000 
69.185501 14.514566 13.733960 3.705048 16.958860 0.000000 0.000000 
70.257637 -10.824858 -6.947409 10.528770 23.837791 0.000000 0.000000 
70.359573 9.935540 0.015229 9.150909 23.620739 0.000000 0.000000 
70.450027 9.397893 0.509471 9.994301 20.658600 0.000000 0.000000 
58.187290 -42.904308 5.720700 12.011124 26.706522 0.000000 0.000000 
72.556419 9.091337 -0.096458 29.452248 39.004387 0.000000 0.000000 
72.637733 8.903226 -0.158973 25.891319 35.040245 0.000000 0.000000 
74.815903 6.740171 -2.192317 12.901108 24.240528 0.000000 0.000000 
74.873138 7.015224 -3.523812 16.371529 26.915426 0.000000 0.000000 
74.837387 7.998521 -2.931746 9.246651 21.454809 0.000000 0.000000 
55.648502 -52.928883 0.346713 16.993767 27.185669 0.000000 0.000000 
76.744186 8.191632 -1.783508 15.403214 26.650820 0.000000 0.000000 
76.745644 8.577121 -1.006543 15.048080 25.488272 0.000000 0.000000 
8.477691 -77.176811 -0.560976 11.040764 23.712650 0.000000 0.000000 
8.121485 -77.214851 -1.905211 15.394516 28.365593 0.000000 0.000000 
78.656738 8.504246 -1.889682 20.446663 30.249537 0.000000 0.000000 
78.891052 7.852205 -2.688453 18.610764 28.590410 0.000000 0.000000 
57.084732 -56.842541 6.312331 4.840324 18.077414 0.000000 0.000000 
80.583107 8.792450 -1.697150 12.844925 23.256634 0.000000 0.000000 
80.646301 9.095854 -1.435042 15.067856 26.702377 0.000000 0.000000 
80.648521 9.552826 -0.403664 11.631691 22.762348 0.000000 0.000000 
82.182976 11.290820 -1.912030 6.325675 19.868134 0.000000 0.000000 
82.463013 9.716316 -2.376987 4.062019 18.363205 0.000000 0.000000 
83.380043 -9.712118 10.498646 4.715157 17.401312 0.000000 0.000000 
55.595150 -64.303436 3.491357 9.147614 16.938602 0.000000 0.000000 
84.259644 11.266970 -0.634759 9.400002 21.469414 0.000000 0.000000 
84.365021 11.282812 -0.394822 10.614479 22.867529 0.000000 0.000000 
86.324562 10.814609 1.604204 13.469322 21.885567 0.000000 0.000000 
86.342346 11.016228 2.196101 12.284851 20.394157 0.000000 0.000000 
57.501656 -67.995125 5.334539 17.396606 25.890741 0.000000 0.000000 
57.835361 -67.968880 4.594474 16.935555 24.513081 0.000000 0.000000 
88.614342 9.523671 2.625223 13.364700 22.817114 0.000000 0.000000 
88.553497 10.049599 2.111077 16.933632 25.056650 0.000000 0.000000 
89.461136 -1.377442 -2.230875 5.357971 17.154587 0.000000 0.000000 
89.166695 -10.563769 8.952755 10.635223 22.523920 0.000000 0.000000 
89.273170 -9.936196 9.208288 7.625854 21.204494 0.000000 0.000000 
89.916801 -9.876581 10.271685 5.177940 18.428455 1.000000 1.000000 
90.480988 9.868877 1.205124 21.705246 28.504730 0.000000 0.000000 
90.599709 10.137389 1.223500 24.649231 31.516569 0.000000 0.000000 
91.079361 -11.727785 6.958023 6.424201 22.043028 0.000000 0.000000 
91.244492 -11.082411 7.772923 7.014411 21.423058 0.000000 0.000000 
91.439995 -11.294290 9.439253 7.039855 17.944923 0.000000 0.000000 
91.351913 -12.607189 9.975382 12.679680 22.747646 0.000000 0.000000 
91.350983 -12.753774 13.287369 14.920670 24.686581 0.000000 0.000000 
91.416389 -12.965213 10.913042 8.916139 20.754208 0.000000 0.000000 
91.535172 -12.535404 13.948934 11.511322 23.240818 0.000000 0.000000 
91.987297 -12.234387 12.162966 9.227936 19.067787 0.000000 0.000000 
92.785301 7.990517 -1.030369 19.584015 27.624146 0.000000 0.000000 
92.826408 8.235981 -1.181482 18.211830 25.592579 0.000000 0.000000 
92.678192 -12.009063 11.774659 9.651268 18.841181 0.000000 0.000000 
92.819923 -11.649425 12.523643 8.597145 17.885439 0.000000 0.000000 
95.189545 -11.560511 7.501308 8.094026 17.057198 0.000000 0.000000 
96.263786 -12.454255 8.572188 8.747041 19.723076 0.000000 0.000000 
96.301605 -12.574977 7.756227 9.609917 19.427017 0.000000 0.000000 
97.497574 -11.981601 8.019360 8.675644 18.009447 0.000000 0.000000 
98.743431 7.410769 -4.377338 8.807977 16.055485 0.000000 0.000000 
102.663361 8.232957 2.252767 7.774612 17.492592 0.000000 0.000000 
108.503304 -9.797243 9.266931 12.568909 18.635530 0.000000 0.000000 
108.564560 -9.456892 9.350553 12.433464 18.033794 0.000000 0.000000 
107.728340 16.583958 0.234688 15.528709 21.396885 0.000000 0.000000 
113.506706 -8.833033 15.050620 12.252083 17.392157 0.000000 0.000000 
113.563316 -8.648211 14.685986 15.561279 19.934036 0.000000 0.000000 
113.652977 -8.014988 17.314434 10.467316 15.877634 0.000000 0.000000 
113.961723 -9.109962 -11.740518 10.252457 17.244417 0.000000 0.000000 
7.175629 -115.987511 -2.009708 6.675476 13.510040 0.000000 0.000000 
55.271603 -103.752151 -2.685547 16.032021 21.526939 0.000000 0.000000 
98.434135 -64.219254 0.905479 13.342049 20.855558 0.000000 0.000000 
118.161591 4.737302 1.086032 14.588531 23.880938 0.000000 0.000000 
118.235268 4.152700 1.368754 17.461243 25.477413 0.000000 0.000000 
118.517258 -0.555377 3.249368 9.968712 18.371311 0.000000 0.000000 
118.646866 8.033386 -4.714579 13.459549 17.758759 0.000000 0.000000 
118.845741 8.211543 -3.615560 11.612343 17.798477 0.000000 0.000000 
118.775826 9.536400 -3.702765 13.403931 18.568537 0.000000 0.000000 
119.895683 1.638977 1.486813 7.956329 15.113554 0.000000 0.000000 
124.671066 8.112649 -4.377749 11.248116 15.446302 0.000000 0.000000 
127.338989 17.269218 2.946897 19.537964 20.585394 0.000000 0.000000 
128.694260 8.069201 -4.017670 10.685333 13.794695 0.000000 0.000000 
10.653328 -129.266098 2.836865 13.857895 17.324192 0.000000 0.000000 
6.854114 -130.717041 -1.557177 11.862213 14.791937 0.000000 0.000000 
8.116864 -131.877991 2.746447 10.770401 14.983055 0.000000 0.000000 
132.879929 -13.750215 4.681675 13.068855 17.470196 0.000000 0.000000 
7.661289 -134.379395 0.792021 15.884651 18.574633 0.000000 0.000000 
7.046622 -135.640778 -0.001920 13.227020 17.448845 0.000000 0.000000 
136.546677 11.993670 -3.113641 15.624481 17.239765 0.000000 0.000000 
8.009091 -138.104584 1.497301 12.024536 14.214922 0.000000 0.000000 
138.182312 12.713773 0.412422 19.354485 21.398199 0.000000 0.000000 
7.298737 -140.840683 -2.043207 12.216133 14.314976 0.000000 0.000000 
140.647659 8.422335 -6.248521 14.005417 14.440559 0.000000 0.000000 
8.937926 -142.103287 -4.645954 13.176567 15.370422 0.000000 0.000000 
142.286072 12.847319 0.551014 20.844879 22.007351 0.000000 0.000000 
8.013878 -143.384781 0.139686 23.316574 25.885433 0.000000 0.000000 
7.743321 -144.637543 -3.492388 22.195190 23.119190 0.000000 0.000000 
5.962735 -145.868515 -1.288900 13.273834 15.360085 0.000000 0.000000 
7.627457 -145.874084 -3.625591 19.591621 21.358986 0.000000 0.000000 
7.812793 -147.098465 -0.899433 24.789238 27.007780 0.000000 0.000000 
8.428842 -148.296371 -3.634147 21.999313 22.915817 0.000000 0.000000 
148.437317 12.914889 4.115008 17.602829 17.885691 0.000000 0.000000 
6.604520 -149.612198 -4.730201 17.869377 19.062880 0.000000 0.000000 
6.560322 -150.837875 -6.727876 13.103447 14.858622 0.000000 0.000000 
150.150726 13.135001 1.577057 15.798180 15.500450 0.000000 0.000000 
152.685562 10.768838 -1.672801 14.808968 14.253511 0.000000 0.000000 
164.108383 -14.485126 12.507426 19.598824 20.469467 0.000000 0.000000 
166.400009 -11.266370 12.350696 15.206894 14.926521 0.000000 0.000000 
58.070557 -158.897247 7.095521 13.654678 15.508772 0.000000 0.000000 
8.167856 -173.351578 -5.852796 20.916504 20.000456 0.000000 0.000000 
6.943495 -174.124069 -4.304962 14.954735 14.547722 0.000000 0.000000 
176.051697 65.091782 18.074232 32.041191 25.521355 0.000000 0.000000 
185.742020 63.551498 15.123822 24.025528 16.735460 0.000000 0.000000 
193.092575 62.292259 6.689450 20.655685 13.486532 0.000000 0.000000 
1.974646 6.382092 -0.051684 -43.771580 18.606068 1.000000 1.000000 
-0.328310 8.828018 0.011264 -45.240959 16.078598 1.000000 1.000000 
-0.034535 10.106717 0.110811 -20.580818 32.114098 1.000000 1.000000 
3.030410 10.614262 0.059774 -31.641014 10.413803 1.000000 1.000000 
2.295648 12.329447 0.393689 -16.201668 32.506405 0.000000 0.000000 
2.024070 12.474343 -0.071518 -35.318214 15.073603 1.000000 1.000000 
4.382116 11.720768 0.416065 -32.524666 14.211861 1.000000 1.000000 
2.222268 12.838707 -1.004079 -11.435843 35.290104 0.000000 0.000000 
2.200107 13.102105 -1.161736 -11.003058 33.040703 0.000000 0.000000 
2.279466 13.528691 -0.075026 -2.121880 38.100285 0.000000 0.000000 
2.362774 13.953274 -0.106995 -0.050667 41.438416 0.000000 0.000000 
2.128658 14.171955 -0.056111 -28.741997 12.529869 1.000000 1.000000 
2.474782 14.266215 0.078963 -31.505226 10.024403 1.000000 1.000000 
2.324556 14.383120 -0.153503 3.028526 42.890896 0.000000 0.000000 
2.313505 14.394874 -0.161653 0.255043 39.816624 0.000000 0.000000 
2.304636 14.492950 -0.148248 2.065735 41.040211 0.000000 0.000000 
2.181733 14.639613 -0.053183 -35.717720 8.133102 1.000000 1.000000 
2.352473 14.843062 -0.126341 -3.539940 35.537533 0.000000 0.000000 
2.272524 15.183694 0.135119 -9.376045 35.002232 0.000000 0.000000 
2.278720 15.286148 0.181842 -12.445908 36.326492 0.000000 0.000000 
2.322098 15.722177 0.315424 -6.626305 35.622116 0.000000 0.000000 
2.337241 15.830423 0.251816 -7.749168 31.636438 0.000000 0.000000 
2.275899 16.175638 -0.170301 -15.456047 33.281868 0.000000 0.000000 
2.076062 16.320152 -0.433555 -18.467964 24.972130 1.000000 1.000000 
2.497031 16.472052 0.169724 -39.238167 8.406033 1.000000 1.000000 
2.333724 16.606668 -0.067541 -7.769394 35.453808 0.000000 0.000000 
2.329567 16.715261 -0.005751 -5.780830 34.371204 0.000000 0.000000 
2.274496 16.727242 0.318172 -17.329178 26.960203 0.000000 0.000000 
2.206402 17.248388 -0.045043 -17.796570 28.059963 0.000000 0.000000 
2.864444 17.170216 0.545551 -40.084946 10.418995 1.000000 1.000000 
2.271980 17.514938 -0.165143 -3.418365 36.434879 0.000000 0.000000 
2.289614 17.535322 -0.086807 -2.935219 36.621002 0.000000 0.000000 
2.293271 17.952507 0.319477 -7.144218 30.562263 0.000000 0.000000 
2.161377 18.057087 0.048968 -12.137222 26.420719 1.000000 1.000000 
2.398757 18.240986 -0.182631 -11.402252 27.262432 1.000000 1.000000 
2.340622 18.264921 0.345296 -4.172462 29.754311 0.000000 0.000000 
2.335294 18.361994 -1.342602 -5.683571 33.937031 0.000000 0.000000 
2.253761 19.321489 0.250366 -7.682930 30.651108 0.000000 0.000000 
2.056736 19.476641 -0.010293 -21.188026 16.784473 1.000000 1.000000 
2.524035 19.459949 -0.110641 -28.878883 10.501766 1.000000 1.000000 
2.309746 19.570065 -0.262353 -2.994255 35.569908 1.000000 1.000000 
2.184628 19.741341 -0.062886 3.270882 40.521580 0.000000 0.000000 
2.226641 19.871412 0.183585 2.764221 38.402695 0.000000 0.000000 
-1.926906 20.152515 0.444581 -28.327332 12.082245 1.000000 1.000000 
2.194172 20.423534 0.366296 -4.295166 33.665272 0.000000 0.000000 
2.260318 20.449810 -0.105808 -1.011902 36.787373 1.000000 1.000000 
2.153121 20.576469 -0.547914 8.431854 46.376003 0.000000 0.000000 
2.192858 21.000959 -0.478486 5.464928 41.707310 0.000000 0.000000 
2.221827 21.002916 -0.437899 -0.496643 33.690048 0.000000 0.000000 
-6.565246 22.616901 -2.384241 -10.769920 28.720383 0.000000 0.000000 
-6.556128 22.881039 0.319298 -7.630753 25.900038 0.000000 0.000000 
-6.586567 23.067835 0.335818 -5.820351 29.976728 0.000000 0.000000 
-7.014533 23.379278 0.451182 -11.006027 28.036709 0.000000 0.000000 
-7.082864 23.421721 0.126894 -8.453850 28.600607 0.000000 0.000000 
-6.937895 24.085304 0.254350 -8.630150 23.990437 1.000000 1.000000 
-7.372540 24.168795 0.642807 -14.366165 24.408796 0.000000 0.000000 
-7.365070 24.527687 5.529608 -14.896965 21.836353 0.000000 0.000000 
3.333816 26.543352 -0.226739 -13.662720 23.145088 0.000000 0.000000 
7.304114 25.785175 6.392684 -10.324669 23.743113 0.000000 0.000000 
-7.846860 26.500650 4.080889 -16.622818 19.336750 0.000000 0.000000 
7.024886 27.508133 5.435677 -11.285629 24.248983 0.000000 0.000000 
7.130602 27.785072 5.354765 -13.517555 21.937298 0.000000 0.000000 
15.882141 24.167133 0.759178 -12.877791 12.509327 1.000000 0.000000 
-6.222574 29.478521 3.777746 -19.837944 20.552082 0.000000 0.000000 
0.587519 30.474771 -1.033933 -19.769493 18.390511 0.000000 0.000000 
8.531527 29.261021 -2.404548 -8.256248 26.039764 0.000000 0.000000 
8.867387 29.329048 3.506139 -8.130013 24.572380 0.000000 0.000000 
6.961721 31.702625 2.402002 -13.598305 20.531658 1.000000 1.000000 
6.090440 32.146694 -0.203144 -17.240128 20.554045 0.000000 0.000000 
6.971002 31.961599 -0.035458 -13.689926 22.645838 0.000000 0.000000 
6.956528 32.298687 2.348487 0.764053 32.319027 0.000000 0.000000 
7.105854 32.361710 2.504830 0.134224 32.753349 0.000000 0.000000 
6.765347 32.699867 -0.763116 -16.578400 15.882187 1.000000 1.000000 
7.250830 32.582680 -3.628404 -15.581192 19.731354 0.000000 0.000000 
6.983996 33.731724 -0.818346 -0.741966 31.669819 0.000000 0.000000 
7.032194 33.856987 -0.828044 -1.289787 29.989437 0.000000 0.000000 
6.112204 34.334213 -0.490707 -14.058754 20.631893 0.000000 0.000000 
7.235579 34.544945 3.463877 -13.709709 21.107067 0.000000 0.000000 
7.119948 34.588737 3.324859 -9.477242 24.110014 0.000000 0.000000 
7.211194 34.612324 3.378207 -5.860306 25.507708 0.000000 0.000000 
5.669519 35.345848 3.731045 -10.458809 22.325184 0.000000 0.000000 
5.905900 35.525017 3.819596 -13.341362 21.878126 0.000000 0.000000 
5.767693 35.554070 3.840865 -12.404366 21.677490 0.000000 0.000000 
8.567088 35.065674 2.060398 -5.823624 29.324865 0.000000 0.000000 
8.475709 35.136456 1.944626 -5.359756 29.321661 0.000000 0.000000 
6.420510 36.018719 0.053333 -11.423447 23.567430 0.000000 0.000000 
6.449750 36.077019 1.100936 -10.357010 25.364969 0.000000 0.000000 
6.507378 36.330486 2.283784 -7.899139 26.655174 0.000000 0.000000 
-16.508694 32.813538 9.946403 -9.576134 21.685291 0.000000 0.000000 
6.190726 36.969845 1.149501 -8.218079 22.681139 0.000000 0.000000 
6.614780 36.914894 2.599015 -15.230025 21.039927 0.000000 0.000000 
7.019382 37.525776 2.511938 -19.159538 17.695673 0.000000 0.000000 
-12.898086 35.943451 10.721468 -14.097351 19.731882 0.000000 1.000000 
6.994914 37.739941 1.763445 -13.282866 22.426334 0.000000 0.000000 
22.111649 31.008810 0.474687 -0.801476 20.437212 0.000000 0.000000 
9.140719 38.121315 9.395155 -17.015472 17.904898 0.000000 0.000000 
-20.415216 33.300671 3.695382 -8.592300 19.370243 0.000000 0.000000 
23.023441 31.565668 0.614983 -4.389847 17.396830 1.000000 1.000000 
7.618961 39.232609 0.013080 -14.100937 19.468182 0.000000 0.000000 
6.355733 39.599632 -0.056420 -17.524582 18.381811 0.000000 0.000000 
6.465256 39.690144 10.797545 -19.407188 15.189610 0.000000 0.000000 
7.263557 39.846508 -1.004654 -15.581511 19.360918 0.000000 0.000000 
31.895218 23.477007 15.213173 1.500221 17.395674 0.000000 0.000000 
5.846879 40.885117 -2.436324 -17.733879 16.375008 0.000000 0.000000 
6.167591 41.325733 0.837249 -15.845139 18.449205 0.000000 0.000000 
8.578067 41.349953 3.374800 -13.035156 19.839653 0.000000 0.000000 
7.582043 41.631695 3.296958 -9.314056 20.804169 0.000000 0.000000 
7.288391 41.702099 -0.955606 -5.037758 23.578518 0.000000 0.000000 
7.649323 41.762402 -0.624560 -6.733139 22.673216 0.000000 0.000000 
7.526488 41.981922 -0.903525 -5.221848 24.545385 0.000000 0.000000 
9.646749 41.932106 3.811490 -8.562881 21.583942 0.000000 0.000000 
5.213608 42.824902 -0.698106 -7.980392 22.677319 0.000000 0.000000 
5.162823 42.842987 -0.388605 -9.904526 20.323254 0.000000 0.000000 
5.672141 43.105957 -0.533257 -13.770943 19.591064 0.000000 0.000000 
5.158165 43.588272 -0.458663 -8.025360 21.181890 0.000000 0.000000 
5.214143 43.616100 -0.576995 -15.755104 16.114462 0.000000 0.000000 
5.242581 43.613155 -0.527455 -6.193962 22.144337 0.000000 0.000000 
5.252753 43.693737 -0.398575 -12.486740 18.870670 0.000000 0.000000 
5.304051 43.715652 -0.548809 -8.435205 21.342426 0.000000 0.000000 
5.225493 44.070648 -0.371937 -14.321358 16.827940 0.000000 0.000000 
5.703551 44.006077 -0.649954 -20.202080 12.914389 1.000000 1.000000 
7.668997 43.790550 2.800282 -8.604568 23.965406 0.000000 0.000000 
7.758280 43.950031 2.703369 -3.551430 26.505688 0.000000 0.000000 
7.560248 44.125195 5.566929 -7.960411 21.658154 0.000000 0.000000 
7.470022 44.200539 5.528123 -9.328995 19.090958 0.000000 0.000000 
7.564986 44.243214 5.672413 -6.226944 22.798481 0.000000 0.000000 
5.510461 44.909966 -0.482268 -15.833275 14.081068 1.000000 1.000000 
12.973111 43.263313 3.208550 -12.871170 18.484587 0.000000 0.000000 
12.306879 43.553658 4.594442 -14.544250 15.794630 0.000000 0.000000 
12.447841 43.564960 -0.616448 -11.673759 18.850540 0.000000 0.000000 
6.831826 46.088398 6.275849 -15.233397 16.196795 0.000000 0.000000 
6.950356 46.441750 1.509884 -15.403632 18.227154 0.000000 0.000000 
6.958299 46.940430 2.477053 -18.196182 15.866508 0.000000 0.000000 
7.968229 47.062141 5.590951 -6.581688 21.923397 0.000000 0.000000 
7.820410 47.157448 5.523561 -6.252937 22.344580 0.000000 0.000000 
7.686461 47.261189 5.633893 -2.429672 25.899471 0.000000 0.000000 
7.900652 47.665424 3.657667 -9.704399 22.186136 0.000000 0.000000 
7.268515 47.935501 3.132798 -10.206444 21.635427 0.000000 0.000000 
35.083153 31.561352 1.106940 17.386124 26.968987 0.000000 0.000000 
35.021065 31.851681 0.949858 10.248222 21.547297 0.000000 0.000000 
35.253452 31.718529 1.383655 15.330070 26.131868 0.000000 0.000000 
35.079872 32.053329 0.998275 11.029228 20.881260 0.000000 0.000000 
12.756483 47.269802 4.191920 -12.265366 19.359247 0.000000 0.000000 
7.906436 48.555672 4.620187 -12.878731 17.630497 0.000000 0.000000 
8.072912 48.576977 4.981936 -10.800438 20.219528 0.000000 0.000000 
7.837626 48.986561 4.761202 -11.047836 20.290699 0.000000 0.000000 
7.686436 49.032959 5.000819 -10.623665 18.610132 0.000000 0.000000 
7.467466 49.286926 4.511951 -9.912399 18.877972 0.000000 0.000000 
7.576695 49.303703 5.454569 -5.020782 21.402082 0.000000 0.000000 
8.987948 49.272957 4.308173 -10.002754 18.660944 0.000000 0.000000 
8.566209 49.720047 4.249984 -10.594582 18.491110 0.000000 0.000000 
8.401379 49.765530 4.957751 -18.101646 14.808079 0.000000 0.000000 
8.365926 50.221901 0.437185 -17.082558 15.014647 0.000000 0.000000 
34.368378 36.397980 6.781248 -5.890877 11.203358 0.000000 0.000000 
7.184817 50.857357 5.920102 -14.676834 14.989002 0.000000 0.000000 
7.487765 51.012463 6.505952 -6.774704 19.241364 0.000000 0.000000 
7.531008 51.050930 5.212035 -8.078140 21.490507 0.000000 0.000000 
7.622066 51.070915 5.999066 -19.050217 10.929146 0.000000 0.000000 
7.688679 51.200050 5.180067 -9.509338 20.979813 0.000000 0.000000 
7.780877 51.187500 2.246514 -14.962845 15.397469 0.000000 0.000000 
8.008919 51.160103 -6.795163 -10.970253 18.436308 0.000000 0.000000 
7.604021 51.584942 -6.874743 -20.446518 12.833292 0.000000 0.000000 
7.880605 52.005234 5.111556 -19.926109 14.096769 0.000000 0.000000 
12.817920 51.429367 3.937160 -15.013031 14.126274 0.000000 1.000000 
12.413949 51.624092 3.968585 -4.151016 21.481789 0.000000 0.000000 
12.350947 51.656052 3.469641 -10.071655 17.696379 0.000000 0.000000 
12.492661 51.665104 3.757063 -9.737366 18.253424 0.000000 0.000000 
6.417512 53.154491 5.488914 -14.199478 16.286880 0.000000 0.000000 
7.714130 53.351871 -0.182902 -12.407089 17.524073 0.000000 0.000000 
9.933115 53.003407 4.233587 -13.740898 17.477886 0.000000 0.000000 
6.658880 53.908840 5.413036 -13.032784 18.023285 0.000000 0.000000 
6.643691 53.944923 -7.124821 -5.833374 20.175362 0.000000 0.000000 
7.039140 53.904793 -6.929713 -6.215652 20.189507 0.000000 0.000000 
6.952046 53.933514 2.142462 -7.332664 22.403919 0.000000 0.000000 
14.024585 52.449440 4.152289 -6.516220 22.521011 0.000000 0.000000 
6.551852 54.271751 -4.374986 -2.225464 24.962650 0.000000 0.000000 
7.286451 54.215664 -6.234764 -3.439377 20.685860 0.000000 0.000000 
8.239941 54.151314 3.956229 -6.751778 21.111061 0.000000 0.000000 
7.454264 54.333714 3.672610 -7.226212 20.260174 0.000000 0.000000 
7.053216 54.773235 5.788093 -7.601974 20.809633 0.000000 0.000000 
6.775363 54.834480 5.573725 -12.035797 20.510353 0.000000 0.000000 
6.776140 54.862785 5.192218 -7.654045 19.409636 0.000000 0.000000 
6.886609 54.998512 5.506083 -5.638153 21.125511 0.000000 0.000000 
6.956098 55.042526 4.082528 -2.627678 24.887877 0.000000 0.000000 
6.704884 55.271393 4.262436 -4.329575 24.465906 0.000000 0.000000 
6.638709 55.284893 3.805357 -6.508690 21.716217 0.000000 0.000000 
6.850500 55.332001 -1.021492 -13.206696 17.306650 0.000000 0.000000 
6.867776 55.685856 -6.986321 -4.414413 20.086910 0.000000 0.000000 
7.482749 55.602226 5.478346 -2.040085 21.972694 0.000000 0.000000 
7.999016 55.535126 3.262981 -10.808975 17.185375 0.000000 0.000000 
43.640961 32.977768 2.092138 8.098344 13.804428 1.000000 1.000000 
6.572040 55.958321 5.055817 -13.717133 15.881077 0.000000 0.000000 
6.489752 55.970310 4.729178 -13.162323 16.046608 0.000000 0.000000 
6.730501 56.158245 4.946543 -14.208694 15.890280 0.000000 0.000000 
44.088436 33.518738 2.140426 18.201729 22.489185 0.000000 0.000000 
44.592266 32.767910 2.031402 20.444725 24.724987 0.000000 0.000000 
44.306244 33.230072 2.211584 21.126648 24.880505 0.000000 0.000000 
44.956589 32.250374 2.020753 17.673531 23.214794 0.000000 0.000000 
43.473618 34.542431 1.259345 5.413002 15.232725 0.000000 0.000000 
44.930874 32.560150 2.283453 6.807922 14.365772 0.000000 0.000000 
7.451078 56.919849 4.659427 -9.905121 20.448208 0.000000 0.000000 
7.784348 57.188095 5.141506 -10.913696 17.418854 0.000000 0.000000 
46.030987 31.918543 -0.566909 5.737052 12.418583 1.000000 1.000000 
15.373089 55.588604 -0.996605 -9.447754 17.319670 0.000000 1.000000 
7.635980 57.314213 6.912307 -10.101143 15.438225 0.000000 0.000000 
7.553730 57.344807 5.978579 -13.492241 15.863045 0.000000 0.000000 
6.518641 57.535412 1.033757 -12.834381 15.982061 0.000000 0.000000 
6.153889 57.941986 4.488637 -12.576050 17.122490 0.000000 0.000000 
6.853505 57.873184 4.450270 -3.960709 21.637419 0.000000 0.000000 
6.716257 57.943554 5.124442 -7.678780 19.369413 0.000000 0.000000 
6.809516 57.945950 5.098627 -7.842857 17.792780 0.000000 0.000000 
6.640970 58.323910 6.062909 -15.410956 15.255550 0.000000 0.000000 
6.209212 58.764008 10.144776 -13.947365 15.117077 0.000000 0.000000 
6.008553 58.828743 9.647917 -9.207253 18.423225 0.000000 0.000000 
6.992035 58.740215 7.104204 -15.934409 14.578852 0.000000 0.000000 
6.137632 58.932487 9.448106 -6.742989 18.603281 0.000000 0.000000 
6.373075 58.970226 5.765707 -9.322578 17.943504 0.000000 0.000000 
6.312594 59.072571 4.266236 -15.764030 13.557310 0.000000 0.000000 
6.362360 59.191818 4.620561 -15.294768 13.851505 0.000000 0.000000 
6.187476 59.244267 4.808648 -13.184340 15.290594 0.000000 0.000000 
8.237592 59.343563 8.256847 -19.612862 9.673225 0.000000 0.000000 
7.424932 59.551491 6.617835 -4.883804 19.190077 0.000000 0.000000 
7.533547 59.551266 8.756280 -6.936462 17.836063 0.000000 0.000000 
7.366152 59.592701 6.856556 -10.813599 16.896214 0.000000 0.000000 
8.469658 59.470810 6.249086 -9.134331 19.038012 0.000000 0.000000 
6.921627 59.877865 5.897799 -15.340439 13.850857 0.000000 0.000000 
6.762241 60.079613 7.619383 -10.816910 14.960644 0.000000 0.000000 
7.323143 60.418175 5.787851 -5.440338 18.712887 0.000000 0.000000 
8.009624 60.333839 4.660635 -3.620743 21.961061 0.000000 0.000000 
8.077084 60.396301 6.408039 -13.902069 12.045017 0.000000 0.000000 
-7.501651 60.569469 -1.055322 -20.253700 8.003174 1.000000 1.000000 
7.367811 60.838619 8.958852 -11.500504 13.609154 0.000000 0.000000 
7.266788 60.874687 8.688122 -9.941223 15.138283 0.000000 0.000000 
6.090847 61.189034 7.266438 -15.900558 10.323212 0.000000 0.000000 
6.218177 61.180943 7.535467 -16.849930 10.542828 0.000000 0.000000 
8.080802 60.989941 5.992833 -18.692108 7.049396 1.000000 1.000000 
-7.549156 61.155987 -1.376445 -0.361565 23.942148 0.000000 0.000000 
-7.587298 61.162395 -1.248814 -0.632927 23.103697 0.000000 0.000000 
-7.599799 61.259983 -1.165635 2.510811 27.036514 0.000000 0.000000 
-7.597515 61.265175 -1.422186 -6.004532 20.370956 0.000000 0.000000 
-7.865276 61.607235 -1.449036 -19.151680 10.342239 0.000000 0.000000 
14.162722 60.441875 3.836843 -15.004990 13.276882 0.000000 0.000000 
-8.554082 61.987720 -1.790715 -15.591949 12.194435 0.000000 0.000000 
-8.496929 62.004555 -1.612448 -16.117363 12.486164 0.000000 0.000000 
-7.728913 62.368481 -1.373255 -13.741736 12.767063 1.000000 1.000000 
13.551623 61.585896 5.261743 -22.395149 9.209187 0.000000 0.000000 
-14.164618 61.494286 9.815378 -17.032448 11.717461 0.000000 0.000000 
10.653555 63.177025 7.281609 -20.104782 8.261379 0.000000 0.000000 
8.824403 64.034393 -0.321022 -21.726479 7.281444 0.000000 0.000000 
8.462551 64.097778 0.127398 -20.149887 9.098404 0.000000 0.000000 
7.723427 64.237732 0.220039 -10.276154 13.247612 0.000000 0.000000 
7.886043 64.268707 -0.372975 -12.840828 12.354977 0.000000 0.000000 
8.173442 64.260284 0.303213 -22.290016 7.989456 0.000000 0.000000 
-30.245106 57.243073 17.147295 -11.643538 12.458916 0.000000 0.000000 
21.433064 61.797405 -3.972117 -13.288155 15.039011 0.000000 0.000000 
-11.518824 64.573212 -0.346641 -7.359314 20.331442 0.000000 0.000000 
8.062634 66.900009 -1.309852 -11.127899 13.817469 0.000000 0.000000 
8.145722 67.210419 -1.644690 -12.401604 13.463913 0.000000 0.000000 
-23.703604 63.257030 -6.179799 -16.944923 10.625462 0.000000 0.000000 
-12.828187 66.618980 0.884499 -17.141495 8.704536 1.000000 1.000000 
7.913467 67.648582 -1.478557 -17.693718 8.839989 1.000000 1.000000 
-13.169923 67.186279 -0.481479 -14.957480 9.601189 0.000000 0.000000 
-13.265873 67.178665 -0.794901 -11.099472 13.709576 0.000000 0.000000 
-12.567549 67.346489 2.040447 -10.928566 14.063425 0.000000 0.000000 
-12.466319 67.437637 2.019733 -10.773476 14.326832 0.000000 0.000000 
44.354729 52.099518 3.237239 -1.419350 12.947157 0.000000 0.000000 
62.584343 23.809505 -1.773621 7.406296 11.097179 0.000000 0.000000 
43.492527 53.097336 2.709601 -0.857674 13.781563 0.000000 0.000000 
45.334389 51.864178 2.592528 -2.480095 10.187695 0.000000 0.000000 
45.132828 52.170799 2.783581 8.138481 16.861965 0.000000 0.000000 
45.039616 52.282330 -4.317140 2.687286 13.014750 0.000000 0.000000 
45.092064 52.412403 3.120842 6.206352 14.541065 0.000000 0.000000 
8.366466 69.657310 1.309150 -0.964851 21.175896 0.000000 0.000000 
8.310877 69.859291 1.562415 -14.223236 12.894581 0.000000 0.000000 
8.410227 69.870049 1.347658 0.866158 23.738195 0.000000 0.000000 
8.557427 70.345749 4.593215 -8.926216 18.066280 0.000000 0.000000 
8.467266 70.942818 1.377498 -7.040070 15.822947 1.000000 1.000000 
47.333447 52.344864 -5.056166 4.884201 18.336769 0.000000 0.000000 
7.693794 72.040215 2.484748 -14.581253 12.350029 0.000000 0.000000 
9.662348 71.883621 2.477650 -15.382851 12.984591 0.000000 0.000000 
8.877585 72.001045 3.200201 -16.261879 11.150673 0.000000 0.000000 
9.997764 71.940102 3.832690 -18.066055 7.843582 1.000000 1.000000 
9.990113 72.359444 1.646477 -18.952164 8.568890 0.000000 0.000000 
9.518211 72.447754 1.141504 -18.630424 6.649494 0.000000 0.000000 
9.958861 72.496567 2.166129 -12.586075 13.446428 0.000000 0.000000 
9.263016 72.623528 3.154827 -10.223480 14.917583 0.000000 0.000000 
10.065150 72.702042 3.431852 -12.400002 13.353596 0.000000 0.000000 
-23.178856 69.900040 3.042522 -10.173485 15.016222 0.000000 0.000000 
-28.633142 67.869286 3.151174 2.844337 23.488424 0.000000 0.000000 
-10.197589 73.280083 4.145302 -7.832726 16.291529 0.000000 0.000000 
-29.057922 67.776108 2.941408 5.267899 21.455595 0.000000 0.000000 
-28.953316 68.063934 2.855329 5.993721 24.229427 0.000000 0.000000 
-30.605757 67.307755 4.899277 1.646240 19.992153 0.000000 0.000000 
-28.577213 68.618004 4.875955 -3.529945 18.787004 0.000000 0.000000 
-29.337385 68.360596 3.876428 3.732582 21.874832 0.000000 0.000000 
-28.862350 68.614655 -5.954419 1.739059 21.161261 0.000000 0.000000 
-29.797100 68.650887 -9.961483 3.316116 20.645210 0.000000 0.000000 
-27.774235 69.956688 2.633045 -0.396988 20.003290 0.000000 0.000000 
-28.678442 69.652397 2.743078 -2.019760 19.963148 0.000000 0.000000 
-9.655583 75.449471 1.463120 -7.582588 15.242594 0.000000 0.000000 
-23.509529 72.422409 5.034794 -1.516731 18.942064 0.000000 0.000000 
-23.660564 72.468178 6.635110 -8.784431 15.951920 0.000000 0.000000 
10.449635 75.804893 2.798271 -11.334755 13.213753 1.000000 1.000000 
-8.165212 76.248894 9.219069 -11.696098 12.851007 0.000000 0.000000 
-22.332043 73.393707 -10.858831 -7.193207 15.381611 0.000000 0.000000 
-22.288937 73.780075 10.465147 -6.180756 13.758137 1.000000 1.000000 
10.295312 76.524193 3.098774 -7.276306 16.069233 0.000000 0.000000 
-29.399263 71.173721 3.190739 -5.903465 15.803925 0.000000 0.000000 
-23.290886 73.947449 0.203698 -12.734688 11.337574 0.000000 0.000000 
9.152617 77.210365 3.135365 -15.099814 9.847443 0.000000 0.000000 
-22.519995 74.320160 11.169997 -5.300034 13.193857 0.000000 0.000000 
-21.557728 74.953529 7.999844 -15.675209 8.673389 0.000000 0.000000 
-22.719692 74.682999 10.449862 1.259308 20.756014 0.000000 0.000000 
-22.809513 74.957901 10.585835 -0.507965 18.558281 0.000000 0.000000 
-22.880680 74.972862 10.695260 -2.316841 17.747820 0.000000 0.000000 
55.891407 53.753826 2.754015 4.217682 7.569446 1.000000 1.000000 
-22.832443 75.385529 10.685677 -2.992142 17.293108 1.000000 1.000000 
56.109413 54.396107 2.305863 14.903519 17.194698 0.000000 0.000000 
56.280788 54.314411 2.533841 7.239037 10.904160 0.000000 0.000000 
56.007355 54.654518 1.845415 12.170082 16.997253 0.000000 0.000000 
58.471619 52.323490 4.073426 1.464088 13.990080 0.000000 0.000000 
40.825802 68.073898 1.437083 -8.895935 8.585476 0.000000 1.000000 
58.732990 52.572739 -5.554600 15.144867 17.785686 0.000000 0.000000 
58.901314 52.473778 3.481908 9.042976 15.036274 0.000000 0.000000 
59.061375 52.457714 3.904860 15.837730 21.126682 0.000000 0.000000 
-32.021038 73.760620 7.998709 -8.024719 13.351971 0.000000 0.000000 
59.891804 53.395077 4.216620 9.052484 12.023705 0.000000 0.000000 
-22.235733 78.403000 7.224873 -10.122986 13.535797 0.000000 0.000000 
60.097340 53.288441 10.238378 9.640060 12.803020 0.000000 0.000000 
-33.146736 74.729179 -9.525270 -8.084824 12.038948 0.000000 0.000000 
-33.887871 74.700897 11.122692 -9.725204 10.964016 0.000000 0.000000 
-34.178787 74.568581 9.668631 -7.049316 9.607727 0.000000 0.000000 
-33.437847 75.036720 8.627225 -1.974754 15.723703 0.000000 0.000000 
-33.243404 75.608879 9.882960 -2.893227 14.440214 0.000000 0.000000 
-32.783035 75.855988 8.317517 -3.237877 14.076208 0.000000 0.000000 
-32.891293 76.042877 9.125922 -2.100296 14.323530 0.000000 0.000000 
-29.237816 77.772377 3.028646 -5.239388 14.665648 0.000000 0.000000 
-32.161545 76.573975 7.419868 -1.235153 17.738329 0.000000 0.000000 
31.364548 76.976334 -1.871969 -6.922874 13.564318 0.000000 0.000000 
-29.366566 78.193001 7.044226 -1.383377 16.622318 0.000000 0.000000 
-30.732868 77.664337 7.620882 -2.592857 18.392206 0.000000 0.000000 
-31.739944 77.345963 6.695473 -4.077202 14.215090 0.000000 0.000000 
-31.769180 77.381050 7.501741 -2.723366 15.055660 0.000000 0.000000 
-31.347788 77.586296 7.665757 3.593391 20.343876 0.000000 0.000000 
-32.250454 77.486565 -12.511378 -0.215446 15.328638 0.000000 0.000000 
-32.349518 77.595978 9.602187 -4.319580 15.249556 0.000000 0.000000 
-32.279980 77.628502 9.113017 -0.639145 14.760714 0.000000 0.000000 
-38.793926 74.760422 7.228013 -3.263077 15.733387 0.000000 0.000000 
-27.465818 80.079292 7.140457 -0.706337 17.730673 0.000000 0.000000 
-27.648903 80.116005 6.948036 -9.216423 12.548302 0.000000 0.000000 
-27.664385 80.238274 7.449315 0.061127 19.143303 0.000000 0.000000 
-28.595957 79.918304 8.403376 -2.203140 16.172928 0.000000 0.000000 
44.237762 72.526016 2.828101 4.034378 17.495461 0.000000 0.000000 
44.200951 72.594093 2.580633 2.026314 16.984772 0.000000 0.000000 
-29.384661 80.156876 9.227196 -0.708351 18.076641 0.000000 0.000000 
-29.300756 80.516106 10.103440 -4.810089 16.137857 0.000000 0.000000 
-28.982927 80.677460 7.502046 -4.717323 15.173731 0.000000 0.000000 
-28.621078 80.858765 9.476200 -7.362785 12.668682 0.000000 0.000000 
-40.698635 75.529068 9.585416 2.418213 16.932501 0.000000 1.000000 
-40.866516 75.543793 11.246810 -4.482544 13.010494 0.000000 0.000000 
-30.568356 80.979858 -11.670496 -8.310966 14.531937 0.000000 0.000000 
-31.597076 80.583580 9.996116 0.446358 17.919258 0.000000 0.000000 
-32.061146 80.636543 10.739204 2.150291 18.711447 0.000000 0.000000 
-40.273811 76.696518 6.337117 -4.017876 13.370232 0.000000 0.000000 
-30.106400 81.493271 10.574421 -2.690186 18.063789 0.000000 0.000000 
-29.989244 81.670174 10.344844 -3.660851 14.795183 0.000000 0.000000 
52.877308 68.387863 -6.649157 8.760118 17.975243 0.000000 0.000000 
52.367798 69.168640 3.778706 9.068170 19.273403 0.000000 0.000000 
52.354107 69.280571 4.162913 9.755112 18.852375 0.000000 0.000000 
24.046515 84.195358 1.652600 -10.720428 13.759308 0.000000 0.000000 
-33.395077 81.768288 12.214684 -2.760284 16.088924 0.000000 0.000000 
41.815708 78.009430 3.828926 0.696358 16.446278 0.000000 0.000000 
39.457310 79.753059 2.438956 1.389717 17.257385 0.000000 0.000000 
39.344955 79.853729 2.550502 -1.216713 14.989773 0.000000 0.000000 
39.532211 79.874718 2.615330 -5.424095 11.784958 0.000000 0.000000 
-33.132019 83.198555 13.817782 -8.202309 11.318466 0.000000 0.000000 
-32.422188 83.852600 13.065709 -6.611008 11.580242 0.000000 0.000000 
21.439373 87.475571 4.231363 -6.274529 12.913849 0.000000 0.000000 
-31.536579 84.789398 11.844009 -6.151199 12.075321 0.000000 0.000000 
12.401723 89.978386 3.201351 -11.456795 11.184330 0.000000 0.000000 
12.814260 90.642365 -0.941156 -14.197769 9.623665 0.000000 0.000000 
-21.348803 89.265335 6.005646 -13.211525 7.423526 1.000000 1.000000 
12.201518 91.149704 1.638179 -12.907372 9.922920 0.000000 0.000000 
-34.772411 84.878510 11.619895 -8.109032 9.607948 0.000000 0.000000 
-31.095911 86.822578 10.393050 -11.822853 7.055881 0.000000 0.000000 
-22.468344 89.600235 5.534534 -9.351631 11.359509 0.000000 0.000000 
-22.350586 89.992264 6.004786 -10.281212 10.698677 0.000000 0.000000 
-21.272491 90.327507 6.561325 -7.338089 12.311806 0.000000 0.000000 
-20.867517 90.610924 7.731558 -11.652191 8.863579 0.000000 0.000000 
-22.516678 90.331459 6.851231 -5.491180 14.149570 0.000000 0.000000 
-22.502232 90.375633 5.938129 -12.153633 9.273312 0.000000 0.000000 
11.975769 92.504395 2.144326 -9.809853 12.121391 0.000000 1.000000 
-23.329384 90.249550 6.081796 -11.325928 10.764107 0.000000 0.000000 
-22.703869 90.825485 6.998841 -8.639099 12.986694 0.000000 0.000000 
-22.969368 90.811409 6.528151 -13.765480 8.870132 0.000000 0.000000 
-46.937084 80.837379 11.796771 -4.989990 9.994888 0.000000 0.000000 
-21.539429 91.761002 6.999210 -16.612328 5.539943 0.000000 0.000000 
-41.840687 84.368393 4.650464 -10.968903 7.495800 0.000000 0.000000 
67.667122 66.186584 12.828218 -1.137268 6.181625 0.000000 1.000000 
30.504744 91.148323 2.435746 -13.618210 6.129077 0.000000 0.000000 
-15.209676 96.502296 3.238369 -11.082916 7.906833 1.000000 1.000000 
-14.425782 96.753281 4.490701 -8.150459 10.366276 0.000000 0.000000 
-14.417392 96.953255 5.719073 -6.000008 11.892559 0.000000 0.000000 
-14.222840 96.992035 3.600221 -12.110687 9.872559 0.000000 0.000000 
30.925558 92.900993 3.101921 -17.214394 3.758777 1.000000 1.000000 
-14.581110 97.310638 3.704558 -7.150627 12.223587 0.000000 0.000000 
-14.836168 97.299843 3.903611 -3.954163 14.517042 0.000000 0.000000 
-15.589379 97.181259 3.497983 -3.252556 15.160027 0.000000 0.000000 
-15.260959 97.252945 3.694573 1.398430 19.088316 0.000000 0.000000 
-15.405404 97.349907 3.536742 3.516380 19.687075 0.000000 0.000000 
-22.265844 96.287498 9.985414 -9.640747 9.146523 0.000000 0.000000 
-22.442108 96.790085 -3.136268 -8.502556 9.484539 0.000000 0.000000 
-22.425293 97.124687 -3.676864 -9.580948 9.594681 0.000000 0.000000 
-30.349689 96.084335 9.040173 -8.241318 10.055824 0.000000 0.000000 
-29.943373 96.464417 11.160055 -11.055611 6.997257 0.000000 0.000000 
-31.890284 96.147171 10.197989 -10.761543 8.829029 0.000000 0.000000 
-32.828262 95.899483 11.565263 -9.199615 8.528969 0.000000 0.000000 
-30.039310 97.198021 10.598585 -12.453629 7.812507 0.000000 0.000000 
44.863754 91.094734 1.615149 -9.584877 6.931156 0.000000 0.000000 
-31.810690 97.122993 8.760453 -5.230370 11.167534 0.000000 0.000000 
-33.229561 96.683678 11.192488 -9.381668 8.701488 0.000000 0.000000 
-31.784149 97.221001 9.977563 -6.516418 12.098923 0.000000 0.000000 
-31.657957 98.085045 12.019994 -4.865318 10.248974 0.000000 0.000000 
-31.613779 98.599228 9.711544 -8.910759 8.088463 0.000000 0.000000 
-35.391644 97.648712 13.226472 -11.403206 7.439949 0.000000 0.000000 
-31.876741 99.177292 10.095968 -11.198761 7.079242 0.000000 0.000000 
-30.881535 99.699097 11.719577 -2.941162 11.248466 0.000000 0.000000 
39.966362 96.388336 2.137429 -12.411545 5.146873 0.000000 0.000000 
-31.646847 99.743881 10.391257 -8.648788 9.775646 0.000000 0.000000 
-31.590994 99.900726 10.532368 -7.797401 9.541702 0.000000 0.000000 
-31.182880 100.069443 11.053833 -4.357437 11.455956 0.000000 0.000000 
-32.279854 100.056038 11.604474 -7.837517 6.977985 0.000000 0.000000 
13.832613 104.637779 2.193910 -11.568718 9.095833 0.000000 0.000000 
33.783676 100.473068 1.313501 -13.476378 4.995479 0.000000 0.000000 
33.896126 100.488777 2.298682 -7.999092 6.688617 0.000000 0.000000 
33.765392 100.541992 0.898358 -9.333916 7.533809 0.000000 1.000000 
-31.823387 102.727493 10.330032 -11.596313 7.061447 0.000000 1.000000 
-33.648949 103.360611 11.444219 -11.966568 5.308971 0.000000 0.000000 
51.314865 97.937492 4.309523 -6.466461 9.785622 0.000000 0.000000 
51.892548 97.678749 5.210046 -3.693626 9.634026 0.000000 0.000000 
50.955910 98.568764 6.109576 -3.163933 8.833134 0.000000 0.000000 
49.681789 99.474655 5.599188 -3.913902 9.069378 0.000000 0.000000 
49.401199 99.757027 5.421392 -6.325493 7.567211 0.000000 0.000000 
45.274269 102.605301 3.463660 -6.909515 8.680099 0.000000 0.000000 
46.083992 102.282043 3.988788 -5.057266 8.808334 0.000000 0.000000 
38.539383 107.519012 2.858233 -12.390007 5.991683 0.000000 0.000000 
37.279640 108.373085 4.143082 -2.750809 9.836151 0.000000 0.000000 
37.168060 108.493927 2.524592 -10.584045 4.448543 0.000000 0.000000 
37.191757 108.494858 4.428289 -5.811714 7.958995 0.000000 0.000000 
34.889050 109.751457 2.131549 -9.929611 5.419014 0.000000 0.000000 
35.278057 109.630165 1.011254 -10.035248 5.082649 0.000000 0.000000 
35.396969 109.811981 3.209525 -6.648575 7.656646 0.000000 0.000000 
34.445877 110.340767 1.304123 -10.661148 6.011035 0.000000 0.000000 
34.756813 110.287453 2.827462 -9.743805 4.958278 0.000000 0.000000 
34.994137 110.573288 1.447845 -13.039925 4.682739 0.000000 0.000000 
33.443336 111.073830 1.928934 -8.930672 5.679973 0.000000 0.000000 
48.351089 108.044304 2.689270 -8.515396 4.756935 0.000000 0.000000 
42.184280 110.839256 0.286845 -3.811058 7.539405 1.000000 1.000000 
42.830658 111.568794 1.691075 -6.568352 6.320957 0.000000 0.000000 
-22.328949 117.928482 6.153707 -5.959320 10.533901 0.000000 0.000000 
-22.197222 117.968330 5.828015 -5.811340 10.625202 0.000000 0.000000 
-22.638247 118.093170 9.774910 1.926857 14.698177 0.000000 0.000000 
-23.051430 118.223022 9.857129 2.158279 15.579416 0.000000 0.000000 
40.126698 113.431839 3.276160 -7.885818 7.439975 0.000000 0.000000 
-23.288767 119.234360 10.415104 -1.861588 11.216129 1.000000 1.000000 
-33.294231 117.007896 11.658663 -7.988441 8.939159 0.000000 0.000000 
-32.602886 117.227394 12.294267 -9.969124 7.234787 0.000000 0.000000 
-31.125143 117.643494 12.924683 -11.848473 5.672111 0.000000 0.000000 
-22.185511 120.450981 4.729414 -5.885490 8.823227 0.000000 0.000000 
-32.011421 120.188354 10.233729 -7.610870 7.782165 0.000000 0.000000 
-32.086563 120.193840 9.766637 -8.934639 7.195373 0.000000 0.000000 
-33.530350 120.809952 12.090742 -4.905495 9.449917 0.000000 0.000000 
-33.089447 121.118820 10.058496 -8.726364 8.416512 0.000000 0.000000 
-34.911751 120.602402 13.434951 -5.458458 8.155361 0.000000 0.000000 
-35.237511 121.005959 13.224505 -7.725861 6.654392 0.000000 0.000000 
-33.650265 122.337456 12.115787 -5.335884 8.643959 0.000000 0.000000 
37.215591 121.367172 1.501198 -5.207954 10.050060 0.000000 1.000000 
-34.541882 122.257797 10.805024 -6.625023 6.906177 0.000000 0.000000 
-32.113979 123.191772 12.926879 -10.119873 6.421264 0.000000 0.000000 
-21.820707 126.787468 4.613566 -7.986526 6.337604 0.000000 0.000000 
-32.039101 124.542717 12.673908 -8.757675 5.491786 0.000000 0.000000 
-23.115948 127.308228 3.894236 -6.376831 9.528580 0.000000 0.000000 
-21.446892 127.762505 5.861339 -7.427536 7.558818 0.000000 0.000000 
-22.821587 127.706078 3.504087 -12.157761 4.513309 0.000000 0.000000 
-21.225988 128.227661 3.287517 -4.129784 9.152672 0.000000 0.000000 
-21.858078 128.337555 5.638446 3.293067 15.566669 0.000000 0.000000 
-21.188334 128.627502 -3.139187 8.421861 19.269888 1.000000 1.000000 
-21.191488 128.695129 4.516531 -4.106270 9.810249 0.000000 0.000000 
-21.627823 129.034943 4.354344 -9.540009 4.931552 0.000000 0.000000 
-22.263947 129.400055 -1.880164 -5.703323 8.686943 0.000000 0.000000 
-21.397833 129.562302 -3.055854 12.643478 23.833309 0.000000 0.000000 
-21.360243 129.882507 -2.745070 12.532242 23.241581 0.000000 0.000000 
-24.023441 129.536896 2.360654 -4.164383 11.730228 0.000000 0.000000 
-21.640940 130.254456 -3.010069 7.798447 18.055635 1.000000 1.000000 
-23.909513 130.350525 1.129065 -4.478195 9.456810 0.000000 0.000000 
-22.049242 130.836395 -1.486148 13.442436 23.263704 1.000000 1.000000 
-22.301552 131.375168 -1.824633 16.226944 25.022316 0.000000 0.000000 
-21.986458 131.431549 -1.029907 22.157631 30.373495 0.000000 0.000000 
-22.027908 131.577759 -1.507939 19.444931 28.400177 0.000000 0.000000 
-20.772806 132.248993 3.356361 7.459183 20.719549 0.000000 0.000000 
-20.714836 132.356140 4.602473 8.064682 21.071838 0.000000 0.000000 
-20.386282 132.465942 5.312076 5.792381 21.412756 0.000000 0.000000 
-19.881632 132.603638 4.232099 8.944360 21.716938 0.000000 0.000000 
-19.806309 132.849365 3.480867 6.723297 19.162132 0.000000 0.000000 
-19.931126 133.321625 3.386300 4.574371 15.872337 0.000000 0.000000 
-21.595905 133.243835 3.198819 -6.228333 7.021743 0.000000 0.000000 
-19.994694 133.903137 3.653195 4.481339 15.985090 1.000000 1.000000 
-21.785181 133.778809 3.371362 1.326012 12.984831 0.000000 0.000000 
-22.079277 133.751404 3.765497 0.133110 10.872475 0.000000 0.000000 
-22.263823 133.743958 3.868129 -5.616455 8.955933 0.000000 0.000000 
6.892968 135.636475 -5.759220 -4.723808 9.249146 1.000000 1.000000 
-22.404678 134.324921 0.636488 -5.027245 9.266811 0.000000 0.000000 
-22.511003 134.459442 3.622690 4.725769 17.782490 0.000000 0.000000 
6.048021 136.258820 -6.793653 0.203331 17.499641 0.000000 0.000000 
7.154802 136.295502 -5.462755 3.664536 17.627119 0.000000 0.000000 
40.859482 130.515488 2.458603 -8.457115 5.948619 0.000000 0.000000 
-23.186928 134.907532 4.355281 -7.739586 9.273365 0.000000 0.000000 
41.507889 130.597168 4.140663 -8.173401 6.429603 0.000000 0.000000 
-22.381411 135.459534 -2.184334 -7.103691 4.921695 1.000000 1.000000 
-21.546825 135.873474 2.967756 -8.886383 6.068214 0.000000 0.000000 
40.277496 131.621582 3.399062 -0.161049 10.337185 0.000000 0.000000 
39.701698 131.900970 2.717394 -1.002136 9.944298 0.000000 0.000000 
40.135300 131.776764 3.195004 -0.937416 10.039780 0.000000 0.000000 
-22.207315 136.462860 -1.567307 -6.702187 5.778396 0.000000 0.000000 
-22.515223 136.744781 -1.628863 -1.683594 9.211281 0.000000 0.000000 
-23.130440 136.715149 -3.477255 -6.927765 5.999996 0.000000 0.000000 
-23.913157 136.608002 -3.794803 -7.821724 6.173084 0.000000 0.000000 
-22.694454 137.088165 0.641959 -10.230293 3.930812 1.000000 1.000000 
-22.422922 137.243134 -2.128611 -8.069069 5.582588 0.000000 0.000000 
-22.792364 137.353119 -2.076942 -10.462708 3.874938 1.000000 1.000000 
-22.683298 137.545258 -2.354373 -6.819115 7.044979 0.000000 0.000000 
-22.839951 137.558990 -4.031394 -3.911194 6.774902 0.000000 0.000000 
-22.175526 137.705963 -1.962185 -5.494652 7.193019 0.000000 0.000000 
-22.664963 138.574677 -3.540416 -11.312515 4.315589 1.000000 1.000000 
-23.787966 138.922943 -8.580861 -9.908394 4.384494 0.000000 0.000000 
-21.414106 139.812012 -1.756049 -9.169060 5.174888 0.000000 0.000000 
-23.055885 139.763916 -0.416038 -2.036789 10.174812 0.000000 0.000000 
-23.045168 139.810760 -10.540406 -3.233055 10.903725 0.000000 0.000000 
-22.379360 139.984100 -1.931582 -5.943787 7.609878 0.000000 0.000000 
-23.164989 140.005188 -1.162774 -2.043701 7.594051 0.000000 0.000000 
-23.277447 140.158966 -1.063638 -3.232391 7.737617 0.000000 0.000000 
-23.343834 140.569000 4.557582 -2.073601 8.481983 0.000000 0.000000 
-23.069378 140.647614 -8.495822 0.577202 11.398827 0.000000 0.000000 
-23.306246 140.682129 3.030866 -4.650352 7.824565 0.000000 0.000000 
-24.061178 140.923279 4.842673 -9.096756 6.284740 0.000000 0.000000 
-25.123423 140.973480 3.896363 -8.858147 5.354522 0.000000 0.000000 
-23.703350 141.424255 -6.175588 -11.033896 5.174785 0.000000 0.000000 
-23.700096 141.779602 1.030922 -9.877182 3.541603 0.000000 0.000000 
-22.206860 143.139648 5.700289 -7.449631 4.698272 0.000000 0.000000 
44.563576 139.258026 -1.112047 -7.034744 5.014694 0.000000 0.000000 
-24.004135 145.226776 3.309446 -2.189613 8.957504 0.000000 0.000000 
-23.700352 145.346161 4.076954 1.452553 11.217457 0.000000 0.000000 
-23.932211 145.316406 4.248927 1.629356 12.322041 0.000000 0.000000 
-23.873865 145.370087 4.035251 -3.321526 8.845680 0.000000 0.000000 
-24.267057 146.026337 3.601978 -8.060593 5.943305 1.000000 1.000000 
7.627203 147.980499 -6.059917 -9.634369 7.033107 0.000000 1.000000 
-29.264170 145.618408 -0.227760 -8.909950 3.095935 0.000000 0.000000 
-29.421871 145.592285 -2.499997 -4.628090 6.863925 0.000000 0.000000 
-23.689693 146.875885 5.093912 -6.330154 6.571334 0.000000 0.000000 
-22.625538 147.189606 3.317114 -6.401939 6.579227 0.000000 0.000000 
-24.084072 147.035309 4.526552 0.208862 10.261635 0.000000 0.000000 
-24.192539 147.473236 -2.146100 6.119843 17.603477 0.000000 0.000000 
-24.641819 147.411987 -1.527514 5.662155 16.949392 0.000000 0.000000 
-23.001598 147.704590 0.254184 2.831161 12.713055 0.000000 0.000000 
-23.967392 148.266022 -3.544248 -0.136276 8.393864 0.000000 0.000000 
-24.564798 148.167450 -0.227955 -1.570465 10.694416 1.000000 1.000000 
-23.099567 151.600342 -2.785105 -8.727890 5.342689 0.000000 0.000000 
-22.910166 152.402252 5.865886 -5.758003 4.890991 0.000000 0.000000 
-24.007172 152.416199 1.525593 -9.114258 4.393470 1.000000 1.000000 
-28.271976 152.202698 -1.773657 -5.859886 7.949661 0.000000 0.000000 
-25.240923 152.810638 4.760679 0.971214 10.290611 0.000000 0.000000 
-27.923656 152.448700 -2.229452 -6.231590 6.774185 0.000000 0.000000 
-21.169657 154.037933 -11.294687 -11.002625 6.077240 0.000000 0.000000 
-23.152826 153.846771 -2.368501 -0.564430 8.865910 0.000000 0.000000 
-25.875290 153.465210 -5.893323 -8.212372 5.617965 0.000000 0.000000 
-22.693928 154.142914 1.603696 -8.650864 4.002113 0.000000 0.000000 
-29.697418 153.040466 7.243701 -5.339325 7.883907 0.000000 0.000000 
-30.631222 153.346954 9.336243 -3.177681 8.246731 0.000000 0.000000 
-27.440277 154.382111 8.797503 -8.995705 5.927104 0.000000 0.000000 
-22.980549 155.425110 3.695943 -10.585815 5.216186 1.000000 1.000000 
-24.078909 155.294159 -0.882240 -1.471138 9.137939 0.000000 0.000000 
-25.050030 155.159546 -2.541838 -1.216812 9.866299 0.000000 0.000000 
-24.731213 155.257904 -1.932864 -2.346275 9.963718 0.000000 0.000000 
-33.201023 154.158844 10.468766 -7.432167 6.147258 0.000000 0.000000 
-31.916662 154.457397 9.851356 -7.930267 4.742229 0.000000 0.000000 
-30.975418 154.989258 9.492405 5.643547 15.586113 0.000000 0.000000 
-25.189507 156.450714 -2.138240 -7.336990 3.621727 1.000000 1.000000 
-31.073837 155.372711 11.108278 -5.703476 6.272041 0.000000 0.000000 
-30.828661 155.646149 9.580652 -3.849937 8.367348 0.000000 0.000000 
-30.670914 155.728821 9.334691 -7.022911 3.862289 1.000000 1.000000 
-31.161446 155.816132 8.004874 -1.918839 9.378353 0.000000 0.000000 
-24.355558 157.589233 -2.069133 -3.482971 7.420703 0.000000 0.000000 
-24.980320 157.506317 -1.334290 2.171326 10.138397 0.000000 0.000000 
-27.008823 157.493439 -3.434898 -0.771706 9.703270 0.000000 0.000000 
-25.932808 158.085846 -2.505343 -1.983376 10.227623 0.000000 0.000000 
-26.220255 158.057312 -2.035202 1.230644 11.319786 0.000000 0.000000 
-29.378418 157.587585 -3.429402 -3.171738 9.254356 0.000000 0.000000 
-25.511721 158.292999 -2.351916 -7.122009 6.321456 0.000000 0.000000 
-25.297453 158.651459 -0.859585 -4.258080 8.481110 0.000000 0.000000 
-25.647390 158.879883 -2.927561 1.609917 9.978477 0.000000 0.000000 
-25.263880 159.026886 -5.199345 -0.769409 9.271580 0.000000 0.000000 
-24.826616 159.105713 -2.148159 -0.229301 9.527271 0.000000 0.000000 
-24.501017 159.162476 0.971983 3.166733 11.596809 0.000000 0.000000 
-25.415232 159.090088 -2.641546 -0.921585 9.542446 0.000000 0.000000 
-25.847227 159.120605 -2.263932 -1.883621 10.778812 1.000000 1.000000 
-32.097919 158.266785 7.820025 -6.260551 5.722396 0.000000 0.000000 
-25.540947 159.734528 -2.087092 4.438499 14.250763 0.000000 0.000000 
-25.957281 159.675385 -0.733945 0.692909 11.617638 0.000000 0.000000 
-27.125792 159.580414 -1.623281 -5.335861 7.914306 0.000000 0.000000 
-26.157356 159.769287 -2.761909 3.236633 14.117699 0.000000 0.000000 
-25.898745 160.242310 -2.048443 -5.413506 5.886497 0.000000 0.000000 
-25.314301 160.367584 -0.338228 -4.762177 5.725612 1.000000 1.000000 
-25.037327 160.491852 -3.999714 -6.713715 6.117797 0.000000 0.000000 
-24.080891 160.679749 -14.601904 -6.389740 6.476413 0.000000 0.000000 
-24.713583 160.687073 -10.038538 -2.952133 6.473495 0.000000 0.000000 
-24.361298 161.067963 2.835449 -3.489944 7.046615 0.000000 0.000000 
-25.037930 161.190063 -1.966985 -6.850586 5.153236 1.000000 1.000000 
-25.390800 161.265839 -3.064143 0.817551 12.518105 0.000000 0.000000 
-24.112637 161.534760 -0.168259 4.208572 11.706333 0.000000 0.000000 
-23.903639 161.590942 -3.325847 -1.495178 7.816246 0.000000 0.000000 
-26.159456 161.258453 -2.082440 -9.765800 2.629684 1.000000 1.000000 
-24.754465 161.686829 5.407645 -5.564201 5.795551 0.000000 0.000000 
-26.239693 161.934387 -3.902158 -4.330971 6.657661 0.000000 0.000000 
-25.214891 162.112823 -5.383512 -6.579910 7.998191 0.000000 0.000000 
-25.293497 162.148315 -0.871178 -4.502464 7.135829 0.000000 0.000000 
-24.553274 162.323334 1.335659 -10.395439 3.358070 0.000000 0.000000 
-24.443764 163.078552 0.351352 -7.701347 3.569755 0.000000 0.000000 
-26.464453 164.623840 -3.320608 -4.739258 6.402072 0.000000 0.000000 
-26.036095 164.928925 -2.890082 -3.934563 6.674160 0.000000 0.000000 
-25.404131 165.078186 -2.154849 -2.807121 8.417175 0.000000 0.000000 
-25.456509 165.151611 -2.735902 -6.828705 6.150890 0.000000 0.000000 
-24.378300 165.879883 -11.189363 -2.977097 7.203758 0.000000 0.000000 
-24.639040 166.115845 2.905631 -0.028725 8.629192 0.000000 0.000000 
-27.743494 165.643433 0.221482 -6.337158 5.117164 0.000000 0.000000 
-25.690294 166.104065 -10.706481 -4.852814 5.136611 0.000000 0.000000 
-25.741276 166.449738 -1.012665 -5.262497 5.298355 0.000000 0.000000 
-25.449215 166.602448 -2.000052 -4.949501 4.944442 0.000000 0.000000 
-25.980989 166.543976 -0.668375 -8.261909 3.367652 0.000000 0.000000 
-24.766527 166.862396 -1.214126 -0.761673 8.325863 0.000000 0.000000 
-24.988958 166.895325 -3.167515 -5.795578 4.894210 0.000000 0.000000 
-24.286264 167.568390 5.580666 -6.229179 6.530105 0.000000 0.000000 
-24.528664 167.686646 2.869767 -0.430977 7.194976 0.000000 0.000000 
-24.837391 167.879669 -2.133731 -7.991188 4.122894 0.000000 0.000000 
-24.418945 168.470459 -3.430235 -3.127235 6.227176 0.000000 0.000000 
-23.162306 168.736267 -1.643903 -4.444633 5.646305 0.000000 0.000000 
-24.926661 168.606720 -2.213322 -6.392319 2.531478 1.000000 1.000000 
-24.959644 168.749634 -2.340918 0.095184 7.754692 0.000000 0.000000 
-23.713676 169.181946 -1.473548 -2.639099 5.418525 0.000000 0.000000 
-24.393578 169.108490 -2.552437 -1.486794 6.955108 0.000000 0.000000 
-26.223040 168.924774 -0.748713 -1.650482 6.299076 0.000000 0.000000 
-23.885284 169.371643 -2.042998 -8.189453 5.664936 0.000000 0.000000 
-23.888941 169.836578 -2.097652 -2.521851 7.180801 0.000000 0.000000 
-24.753090 169.929474 -2.761213 -2.927689 5.347156 0.000000 0.000000 
-24.535215 170.002167 7.016542 -2.525650 6.998634 0.000000 0.000000 
-23.787840 170.168854 -12.507036 0.254860 8.326363 0.000000 0.000000 
-22.726007 170.421997 0.707836 -3.938980 5.547615 0.000000 0.000000 
-23.992502 170.303680 -12.633373 -8.051529 4.154644 1.000000 1.000000 
-22.764797 170.652557 -3.054812 -7.528320 3.199882 1.000000 1.000000 
-25.193651 170.454315 -15.054848 -4.426613 5.450946 0.000000 0.000000 
-24.427954 170.717194 4.777146 2.806801 9.871567 0.000000 0.000000 
-24.333178 170.846680 4.603995 0.786758 8.359108 0.000000 0.000000 
-25.767767 170.866241 -2.412657 -5.486588 4.010566 0.000000 0.000000 
-24.098211 171.531921 -10.781714 1.973274 10.629982 0.000000 0.000000 
-24.663877 171.524994 2.532729 0.833496 9.243252 0.000000 0.000000 
-24.966818 171.535828 1.775083 1.064186 8.642807 0.000000 0.000000 
-25.481943 171.728210 -3.432818 2.418152 10.231449 0.000000 0.000000 
-25.065292 172.009216 7.338744 -2.442780 7.733230 0.000000 0.000000 
-25.311699 171.977905 6.992883 -2.151024 7.791133 0.000000 0.000000 
-23.687624 172.394104 -9.994100 -1.785225 5.952278 0.000000 0.000000 
-23.045450 172.877014 -4.488789 -7.863678 6.791366 0.000000 0.000000 
-25.903006 172.470825 -5.919947 -5.350655 8.338139 0.000000 0.000000 
-25.568214 172.638245 -10.850574 -8.116997 5.193332 0.000000 0.000000 
-25.364931 172.833221 2.517025 -1.258041 7.124214 0.000000 0.000000 
-25.724825 172.804108 0.608302 2.483170 8.921604 0.000000 0.000000 
-27.208973 172.779846 1.316755 -5.755829 5.450496 0.000000 0.000000 
-25.691160 173.034241 -1.634575 -8.475067 5.093647 0.000000 0.000000 
-24.430254 173.625885 2.286279 -1.212624 7.633323 0.000000 0.000000 
-27.096155 173.344330 0.144369 -5.258621 4.700515 0.000000 0.000000 
-26.092627 173.528870 1.110747 -1.373711 6.212177 0.000000 0.000000 
-22.918751 174.303528 -0.883117 -8.521240 4.764598 0.000000 0.000000 
-23.164274 174.323029 -4.084073 -4.987762 7.396045 0.000000 0.000000 
-23.830883 174.610291 -3.242981 -5.779701 5.822864 0.000000 0.000000 
-25.437353 174.544342 -2.681836 5.113724 11.466850 0.000000 0.000000 
-23.820606 175.369568 -0.930107 -8.555992 2.465557 0.000000 0.000000 
-24.271879 175.328339 -2.686193 -9.158081 1.887584 0.000000 0.000000 
-24.990993 175.322540 -2.125000 -8.798950 3.694797 0.000000 0.000000 
-24.592226 175.481812 -1.282958 -4.258148 4.846767 0.000000 0.000000 
-24.894382 175.628235 -3.533592 -8.104034 2.137771 0.000000 0.000000 
-24.704197 175.770844 -2.169122 -5.523933 4.692523 0.000000 0.000000 
-23.714270 177.151184 -1.302902 -4.990433 3.327255 0.000000 0.000000 
-25.381878 177.125519 -2.638416 -10.329926 2.938655 1.000000 1.000000 
-26.470160 177.554871 6.591875 2.011101 8.904350 0.000000 0.000000 
-24.840017 177.930847 -2.844982 -3.883919 5.684970 0.000000 0.000000 
-25.478685 179.598633 0.931408 -6.633972 3.380081 0.000000 0.000000 
-24.683971 179.844849 -0.970457 -3.108009 5.779583 1.000000 1.000000 
-24.948341 179.955933 -1.412630 -9.767494 2.172912 0.000000 0.000000 
-23.832071 180.398193 -3.315076 -9.364220 2.748668 1.000000 1.000000 
-25.465416 180.310059 -3.466079 5.219833 11.149803 0.000000 0.000000 
-24.933891 180.413025 -1.910275 6.490242 11.700321 0.000000 0.000000 
-25.747925 180.450043 -3.222694 5.795502 12.416485 0.000000 0.000000 
-24.482079 180.983765 -3.215281 -4.675926 4.691707 0.000000 0.000000 
-24.177895 181.075317 -1.665720 -4.812294 5.507720 0.000000 0.000000 
-24.529272 181.105560 -3.627462 -6.150391 2.965724 0.000000 0.000000 
-24.898170 181.640472 -0.860863 -2.989059 5.438434 0.000000 0.000000 
-24.804983 181.740356 -3.997718 -3.260475 3.777565 0.000000 0.000000 
-25.240257 182.292542 -1.040634 -7.002518 3.972446 0.000000 0.000000 
-25.223005 182.300629 -1.996049 -3.973534 6.889556 0.000000 0.000000 
-24.346510 184.848328 -12.255072 -7.429985 4.598258 0.000000 0.000000 
-26.549891 184.665009 3.078195 -3.051521 4.079257 0.000000 0.000000 
-23.475138 185.183716 0.354492 -8.031898 3.748172 0.000000 0.000000 
-25.834467 186.005341 3.580476 -6.723114 2.780094 1.000000 1.000000 
-24.701859 186.324707 -4.797558 -0.623032 6.547199 0.000000 0.000000 
-25.563179 186.246277 -1.081919 1.029083 7.766010 0.000000 0.000000 
-25.526396 186.278259 -2.584769 -6.174316 3.862651 0.000000 0.000000 
-26.287176 186.777222 -11.203142 -3.015083 6.620235 0.000000 0.000000 
-25.589718 186.920990 4.719254 -2.212067 6.878646 0.000000 0.000000 
-26.924803 186.796722 5.477766 2.411972 9.825905 0.000000 0.000000 
-26.418715 186.874969 -12.550479 1.092659 9.592499 0.000000 0.000000 
-27.443209 186.935852 7.943317 -3.823563 3.381355 0.000000 0.000000 
-26.685053 187.100647 -10.240572 -0.767776 7.628143 0.000000 0.000000 
-25.487188 187.272064 -11.248984 -0.210220 7.321762 0.000000 0.000000 
-27.696079 187.475189 -13.655979 -3.019791 6.816337 0.000000 0.000000 
-27.489309 187.592865 7.083968 -1.555092 5.801368 0.000000 0.000000 
-27.297470 188.097351 8.221692 -4.941826 5.564735 0.000000 0.000000 
-25.307478 189.378967 -0.094000 -8.744171 6.926086 0.000000 0.000000 
-27.362011 189.100891 -17.254240 -5.312965 6.141857 0.000000 0.000000 
-35.459736 191.975800 7.170224 -4.809555 3.072166 0.000000 0.000000 
-29.196714 198.805542 -1.695853 -3.837639 5.016796 0.000000 0.000000 
-26.971436 199.260803 0.240466 -1.351738 6.542942 0.000000 0.000000 
-31.070143 198.723511 7.732468 -1.843513 5.205596 0.000000 0.000000 
-29.528088 199.450470 -1.866001 -4.125755 3.627353 1.000000 1.000000 
-35.691074 198.952484 14.233268 1.232353 7.301174 0.000000 0.000000 
-34.029114 199.718872 14.228012 -5.412285 4.066608 0.000000 0.000000 
-33.435875 200.652435 2.425295 -3.426895 3.599018 0.000000 0.000000 
-32.384953 205.453552 -4.107821 -2.197998 5.670650 0.000000 0.000000 
-31.821865 205.738892 -3.683502 -4.104362 4.073333 0.000000 0.000000 
-29.383211 207.367340 -4.731005 -2.843002 3.952724 0.000000 0.000000 
-25.114956 208.066742 -3.022842 -5.513878 3.619018 0.000000 0.000000 
-29.280565 217.936462 -14.321293 -2.735153 4.425060 0.000000 0.000000 
-35.586456 248.002655 -4.645263 -0.000862 4.787578 0.000000 0.000000 
-34.159477 248.248199 -2.581675 0.302727 3.842430 0.000000 0.000000 
