ply
format ascii 1.0
comment Created by CloudCompare v2.14.beta (Feb  3 2026)
comment Created 2026-05-08T11:30:06
obj_info Generated by CloudCompare!
element vertex 1508
property float x
property float y
property float z
property float rcs
property float snr
property float v
property float label
end_header
-24.538134 -13.979965 -8.988434 -6.474556 22.163448 0.000000 1.000000 
-29.501690 -7.303673 -6.145286 -6.345810 24.029514 0.000000 1.000000 
-36.842640 -6.478235 -6.794207 -6.038254 22.792744 0.000000 1.000000 
-6.374168 -48.851013 -4.686260 0.924950 20.574457 0.000000 1.000000 
-6.043211 -48.987713 -5.514550 4.517433 25.132271 0.000000 1.000000 
-5.804189 -49.119732 -5.817405 2.769806 21.753996 0.000000 1.000000 
20.177649 -8.694972 -7.296052 -3.433769 27.361530 0.000000 1.000000 
-2.803836 -23.599777 -9.073439 -5.026581 27.273232 0.000000 1.000000 
8.781765 -26.826443 -4.834469 -4.309280 24.528616 0.000000 1.000000 
-11.476926 -32.639160 -6.680716 4.224456 25.687248 1.000000 1.000000 
42.477840 19.904602 -11.222450 -4.106888 19.446156 0.000000 1.000000 
44.508839 18.690323 -12.408392 0.421165 21.083141 0.000000 1.000000 
55.902252 7.162007 -15.891006 0.931564 21.582603 0.000000 1.000000 
57.525513 -32.217705 -10.519353 9.103767 22.232544 0.000000 1.000000 
2.791285 25.710533 -8.917812 -18.621689 22.650513 0.000000 1.000000 
7.466055 24.951687 -8.874266 -11.926025 25.973782 0.000000 1.000000 
-0.113846 29.337170 -7.068234 -13.807693 23.316748 0.000000 1.000000 
-6.525892 29.010712 -6.999748 -17.921219 22.370884 0.000000 1.000000 
-5.040992 30.623556 -11.389492 -18.185303 22.997250 0.000000 1.000000 
8.525662 30.097708 -6.664192 -16.432167 21.805130 0.000000 1.000000 
-19.459082 23.498741 -11.561429 -3.506950 22.611713 0.000000 1.000000 
5.926278 31.254725 -7.784749 -15.535164 22.623520 0.000000 1.000000 
9.302989 30.358000 -7.200694 -14.171562 22.818268 0.000000 1.000000 
-10.433908 30.383291 -11.246280 -13.351219 21.367914 0.000000 1.000000 
-10.459701 30.394062 -11.000128 -14.960274 22.521574 0.000000 1.000000 
26.337105 17.517197 -11.944293 3.070686 20.599052 0.000000 1.000000 
23.599033 22.778078 -12.648092 3.961105 23.310156 0.000000 1.000000 
7.385908 34.961769 -10.133773 -13.994972 21.868887 0.000000 1.000000 
5.761124 40.139507 -10.404504 -19.752419 18.396450 0.000000 1.000000 
7.553796 48.611324 -12.016389 -15.296753 16.219389 0.000000 1.000000 
7.790956 49.403721 -17.485729 -14.302673 18.524668 0.000000 1.000000 
8.142095 49.421410 -15.623119 -13.945801 17.301640 0.000000 1.000000 
-18.183426 54.494984 -21.234264 -9.383636 18.658653 0.000000 1.000000 
27.319464 57.154556 -21.788282 -13.601875 8.750126 0.000000 1.000000 
-22.262220 62.787369 -26.341230 -8.666847 13.088806 1.000000 1.000000 
30.363258 59.176079 -22.484695 -11.112083 10.692604 0.000000 1.000000 
-30.669981 60.026310 -22.918571 -4.604912 16.249722 0.000000 1.000000 
22.564358 64.963966 -11.778923 -14.489464 9.765999 0.000000 1.000000 
-2.060092 71.222916 -18.770084 -11.570648 18.466490 0.000000 1.000000 
-29.354221 67.418968 -17.629103 -3.728561 15.733358 0.000000 1.000000 
-30.768749 68.171463 -14.733538 -3.265945 18.328835 0.000000 1.000000 
-28.028324 69.886269 -23.510777 -6.307587 18.090450 0.000000 1.000000 
-10.870558 76.943031 -8.622338 -6.656105 17.101646 0.000000 1.000000 
-34.646770 73.975136 -32.703465 -2.905228 14.990107 0.000000 1.000000 
-28.659782 79.643173 -10.653140 -4.679733 14.090837 0.000000 1.000000 
-39.515003 75.234955 -29.797276 -2.884689 15.289860 0.000000 1.000000 
-29.079475 81.072350 -12.626766 -8.731903 12.385010 0.000000 1.000000 
12.972257 86.714439 -31.500614 -12.367821 13.253586 0.000000 1.000000 
-32.231186 84.665970 -5.646010 -11.319122 11.040134 0.000000 1.000000 
-17.493254 89.708839 -36.636097 -12.720955 10.920349 1.000000 1.000000 
-33.276131 86.917717 -30.422838 -12.260719 7.934037 0.000000 1.000000 
-32.057213 88.750122 -5.259997 -14.071625 6.923623 0.000000 1.000000 
-14.356135 96.768417 -9.620085 -10.067963 8.758202 0.000000 1.000000 
-14.372601 96.955727 -36.101742 -7.369392 11.170055 0.000000 1.000000 
-21.785135 97.262749 -2.982018 -11.482124 8.544296 0.000000 1.000000 
-32.166008 97.910454 -11.679596 -8.206116 9.168816 0.000000 1.000000 
-31.392406 98.615273 -28.160128 -7.554176 10.906048 0.000000 1.000000 
-31.259361 100.024727 -13.752992 -9.951263 8.840260 0.000000 1.000000 
-32.190605 99.718452 -12.547714 -6.263756 8.326580 0.000000 1.000000 
-32.182858 100.172112 -12.353217 -8.869034 8.600693 0.000000 1.000000 
-31.505434 102.210434 -30.449423 -12.410400 4.563706 0.000000 1.000000 
35.344471 107.339981 -45.724922 -11.806648 6.643567 0.000000 1.000000 
-29.939037 109.812668 -46.039284 -9.265610 7.796418 0.000000 1.000000 
-54.510822 99.596413 -32.439865 -5.536148 8.158962 0.000000 1.000000 
38.442493 114.053055 -26.008232 -11.487801 6.632542 0.000000 1.000000 
39.248390 114.198151 -29.157597 -7.283470 6.566163 0.000000 1.000000 
-43.183689 113.176437 -13.914603 -9.022882 7.213307 0.000000 1.000000 
25.778120 118.864639 -44.971252 -9.697061 7.407448 0.000000 1.000000 
-23.705961 153.617859 -9.392363 -4.349403 8.744946 0.000000 1.000000 
-25.485054 166.532318 -12.235060 -1.925125 7.871457 0.000000 1.000000 
-25.906063 172.675262 -10.713413 -8.560562 4.814991 0.000000 1.000000 
-23.832970 173.318878 -13.710849 -5.675285 6.124558 0.000000 1.000000 
-25.252493 185.354553 -13.881983 -4.242287 4.282189 0.000000 1.000000 
-25.943266 186.506042 -12.085632 -6.311127 3.841507 0.000000 1.000000 
-25.303728 187.509155 -12.581131 -3.386726 5.786080 0.000000 1.000000 
-26.493010 189.094330 -15.738494 -7.678802 7.338868 0.000000 1.000000 
-27.782923 189.029266 -15.878807 -5.991768 7.068020 0.000000 1.000000 
-29.011267 217.951263 -13.620844 -1.409561 5.691922 0.000000 1.000000 
-29.137360 218.085083 -13.242826 -4.249077 3.329674 0.000000 1.000000 
50.389648 15.530030 17.253105 4.320816 18.646023 0.000000 1.000000 
55.624535 -52.965359 21.697407 16.267769 25.950422 0.000000 1.000000 
56.013443 -52.774551 21.531788 19.019150 29.497028 0.000000 1.000000 
113.903023 -10.351176 18.596304 9.374702 15.843271 0.000000 1.000000 
5.706380 -116.068199 24.771017 8.875175 16.366764 0.000000 1.000000 
54.577427 -104.116859 30.148134 15.521538 19.586988 0.000000 1.000000 
34.121906 18.842730 15.916913 2.962029 14.441545 1.000000 1.000000 
-22.231802 62.325203 25.584452 -15.066086 10.451702 1.000000 1.000000 
22.454502 65.008118 23.910267 -16.514297 8.237278 0.000000 1.000000 
-35.273285 69.781372 22.668633 -11.038460 9.465267 0.000000 1.000000 
-1.056558 80.714622 22.403021 -17.571548 13.329781 1.000000 1.000000 
-32.243465 73.805794 20.727417 -11.947884 11.768593 0.000000 1.000000 
-32.241978 76.064476 31.996250 -3.537750 14.667450 0.000000 1.000000 
-33.186913 76.170807 24.759172 -5.127083 14.057922 0.000000 1.000000 
34.148727 77.593803 22.731544 -4.943008 16.089607 0.000000 1.000000 
30.070353 81.461327 23.437674 -6.661484 13.181786 0.000000 1.000000 
-32.368332 83.992096 23.284393 -6.941742 12.795486 0.000000 1.000000 
-17.484673 88.983490 37.116299 -8.554794 15.131683 0.000000 1.000000 
59.633022 120.247375 44.443790 6.581184 14.939590 0.000000 1.000000 
42.446716 129.151672 34.190052 -5.996910 8.642834 0.000000 1.000000 
-24.315567 148.185730 46.098690 -4.372414 7.614285 0.000000 1.000000 
42.251133 154.371796 31.513975 -3.505898 8.711521 0.000000 1.000000 
-22.785124 166.583679 17.656126 -8.818582 5.230187 1.000000 1.000000 
-1.780373 -37.421150 10.205822 2.929474 28.247334 0.000000 1.000000 
14.466027 -20.795525 -3.267402 -2.994751 26.784252 0.000000 1.000000 
23.579992 9.718910 -7.335462 -6.234734 23.083591 0.000000 1.000000 
22.640028 -13.689112 -3.055487 -3.128746 26.391190 0.000000 1.000000 
28.024782 8.236342 -2.771025 0.374649 25.794865 0.000000 1.000000 
-23.299768 -72.866013 14.555372 9.460106 22.124464 0.000000 1.000000 
-6.279310 -82.608101 15.625827 3.055595 17.014462 0.000000 1.000000 
91.446136 -12.048478 14.473252 12.200493 21.262768 0.000000 1.000000 
91.569695 -12.232749 13.131161 10.453278 22.728008 0.000000 1.000000 
91.901382 -10.670529 13.493179 6.117401 18.928452 0.000000 1.000000 
92.641869 -13.051943 15.290539 6.907424 16.202187 0.000000 1.000000 
113.811546 -8.532373 15.068793 13.341805 20.245188 0.000000 1.000000 
-10.197392 25.307463 -3.465291 -12.639389 23.890898 0.000000 1.000000 
-10.210847 25.404074 -3.494982 -10.212616 24.419403 0.000000 1.000000 
-3.821609 29.463345 11.058007 -18.556389 22.894348 0.000000 1.000000 
-14.196832 30.986950 12.196581 -14.520209 18.603607 0.000000 1.000000 
30.171165 23.349939 15.341610 5.377052 19.142708 0.000000 1.000000 
30.420940 23.468748 15.458755 6.790329 19.836832 0.000000 1.000000 
16.029444 38.336594 -3.784483 -13.507339 18.386734 0.000000 1.000000 
13.090547 43.363613 -5.511406 -9.871223 18.792376 0.000000 1.000000 
26.823107 57.580688 -6.260284 -7.929642 13.886883 0.000000 1.000000 
27.013041 57.529797 -6.357582 -4.720070 15.958969 0.000000 1.000000 
26.514349 59.802002 -4.958898 -8.668472 11.549107 1.000000 1.000000 
26.643898 60.308815 -5.055034 1.300087 20.273697 0.000000 1.000000 
26.760296 60.460686 -6.116764 -6.367561 13.880615 0.000000 1.000000 
26.932291 60.411732 -4.625681 -1.257912 19.414307 0.000000 1.000000 
16.427578 64.769989 16.541445 -18.550629 8.973732 0.000000 1.000000 
30.895575 59.314445 17.790676 -11.475311 9.301147 0.000000 1.000000 
-31.278109 59.750462 18.242105 -4.213417 16.764870 0.000000 1.000000 
-30.955500 59.943493 17.983704 -7.234238 14.466705 0.000000 1.000000 
-29.684551 68.587357 -6.361141 -5.258263 16.312769 0.000000 1.000000 
-30.473783 68.289192 -8.439658 -5.554764 14.564672 0.000000 1.000000 
-31.402727 68.962875 -7.689442 -8.632797 15.340656 0.000000 1.000000 
28.945467 71.371513 -7.695406 -6.873886 16.630844 0.000000 1.000000 
65.590530 53.756939 17.448265 12.224487 15.736036 0.000000 1.000000 
-1.739663 191.821259 -7.850966 1.208862 10.336243 0.000000 1.000000 
-1.671637 191.850403 -7.718660 2.728180 10.566166 0.000000 1.000000 
-2.619065 199.486633 -6.092653 -5.087402 4.012135 0.000000 1.000000 
-2.973239 199.490448 -8.099847 -4.079216 5.322258 0.000000 1.000000 
-2.629676 199.537537 -6.266562 -1.955109 6.970101 0.000000 1.000000 
2.263119 232.737976 -11.019227 -1.299294 6.247326 0.000000 1.000000 
5.352704 -10.381250 0.003515 -14.687926 20.958527 1.000000 1.000000 
5.426309 -10.878775 -0.152547 -10.204788 24.892746 1.000000 1.000000 
5.510822 -11.010913 -0.000723 -13.478043 22.344337 1.000000 1.000000 
5.334092 -11.505647 -0.132179 -10.622437 25.784788 1.000000 1.000000 
5.608105 -11.426670 -0.008955 -12.892914 23.431189 1.000000 1.000000 
5.096877 -11.869053 0.331909 -14.993155 22.758368 1.000000 1.000000 
5.070555 -12.101423 0.376334 -18.230011 20.579086 1.000000 1.000000 
5.157768 -12.127700 -0.321506 -16.009476 21.830860 1.000000 1.000000 
5.855015 -11.755985 0.142604 -13.157074 22.310516 1.000000 1.000000 
5.054837 -12.640195 0.221630 -16.915581 20.491100 1.000000 1.000000 
5.288173 -12.846093 0.195275 -15.894217 21.925137 1.000000 1.000000 
5.743159 -12.795442 0.035473 -11.138374 24.165718 1.000000 1.000000 
5.313548 -13.072419 -0.254422 -13.923195 23.463736 1.000000 1.000000 
5.407854 -13.393294 -0.123288 -11.248787 25.215540 1.000000 1.000000 
3.671144 -16.747288 -0.327354 -12.914299 22.868362 1.000000 1.000000 
3.689175 -17.022388 -0.139270 -14.074669 20.619928 1.000000 1.000000 
3.737682 -17.221626 -0.120070 -11.721512 21.962080 1.000000 1.000000 
3.528539 -17.758892 -0.284059 -14.716637 20.441496 1.000000 1.000000 
3.753858 -17.800537 0.327939 -13.489113 21.498777 1.000000 1.000000 
3.780075 -18.216541 0.117090 -11.799469 20.684519 1.000000 1.000000 
3.656666 -18.652412 -0.540273 -9.561630 23.190147 1.000000 1.000000 
3.570755 -18.920727 0.210680 -15.582213 20.116064 1.000000 1.000000 
3.681310 -19.069141 -0.499545 -11.487625 22.777632 1.000000 1.000000 
3.552140 -19.159248 -0.483561 -9.619980 22.902773 1.000000 1.000000 
3.500373 -19.409706 -0.065352 -10.939079 22.394737 1.000000 1.000000 
3.348833 -20.148106 -0.346518 -13.736664 20.102146 1.000000 1.000000 
5.750058 23.932093 0.083639 -25.825256 9.126991 1.000000 1.000000 
5.777380 23.943935 -0.050482 -29.784103 6.968426 1.000000 1.000000 
5.516822 24.059555 0.080991 -28.857956 7.001915 1.000000 1.000000 
5.917202 24.247532 0.297870 -23.352341 11.194130 1.000000 1.000000 
5.764516 24.719364 0.051302 -18.459282 15.534655 1.000000 1.000000 
5.802451 24.743702 0.158858 -17.895790 16.075523 1.000000 1.000000 
5.628452 24.825193 0.014722 -30.052628 9.580963 1.000000 1.000000 
5.855566 25.140697 0.428508 -20.452560 13.897701 1.000000 1.000000 
6.068414 25.437181 0.157295 -27.502350 9.701382 1.000000 1.000000 
5.839585 25.497429 0.056249 -19.179550 14.261684 1.000000 1.000000 
5.856218 25.511885 0.144568 -17.272552 16.750427 1.000000 1.000000 
5.884413 25.586372 0.125178 -18.609825 14.577255 1.000000 1.000000 
5.580361 25.785561 -0.177023 -27.312271 9.980530 1.000000 1.000000 
5.753923 26.071726 -0.042639 -22.493141 12.740234 1.000000 1.000000 
5.928813 26.408096 -0.121691 -22.249603 13.330074 1.000000 1.000000 
5.776513 26.829519 0.101817 -24.754799 13.145206 1.000000 1.000000 
5.619060 26.893326 0.124281 -24.950119 11.973022 1.000000 1.000000 
5.856017 26.960503 0.132254 -21.374496 14.172333 1.000000 1.000000 
5.983288 27.293173 0.481820 -21.944214 13.986149 1.000000 1.000000 
5.728323 27.494177 0.066056 -22.096466 13.443306 1.000000 1.000000 
5.690142 27.541687 0.079171 -25.372650 10.582851 1.000000 1.000000 
5.752367 27.805048 0.072029 -25.270195 10.097431 1.000000 1.000000 
5.168705 28.160700 0.418831 -29.587288 9.230003 1.000000 1.000000 
5.586935 28.262234 -0.574094 -27.070442 9.214973 1.000000 1.000000 
5.480729 28.368492 0.118136 -19.011589 14.810070 1.000000 1.000000 
7.324414 27.849371 -3.709670 -15.746460 22.849123 0.000000 1.000000 
5.525474 28.529194 0.251158 -20.984261 13.022839 1.000000 1.000000 
5.597514 28.770561 -0.011456 -17.282700 15.656532 1.000000 1.000000 
5.732505 28.768250 0.166684 -18.846863 15.158566 1.000000 1.000000 
5.684499 29.037802 -0.205923 -25.621414 10.113918 1.000000 1.000000 
5.532294 29.267294 0.136794 -22.904785 11.798916 1.000000 1.000000 
5.552480 29.515221 0.071312 -30.040657 7.914525 1.000000 1.000000 
5.665790 29.529819 -0.013320 -27.642548 7.518795 1.000000 1.000000 
5.755972 29.632984 0.018318 -21.318489 13.097221 1.000000 1.000000 
5.644147 29.992767 0.005317 -28.875626 6.390301 1.000000 1.000000 
5.681173 30.094213 -0.228174 -25.191116 9.140255 1.000000 1.000000 
5.698145 30.540953 0.357705 -28.153923 8.225765 1.000000 1.000000 
5.638547 30.890923 -0.127697 -29.706787 7.959935 1.000000 1.000000 
2.207909 -8.637327 0.011881 -21.557823 22.632896 1.000000 1.000000 
2.315094 -5.112197 -0.309598 -12.316605 30.817156 1.000000 1.000000 
2.049018 12.800408 -0.090927 -36.601433 12.171570 1.000000 1.000000 
-0.416834 -6.057835 -0.234233 -6.389004 46.066666 0.000000 0.000000 
-0.293226 -6.122382 -0.126152 -9.464096 44.460587 0.000000 0.000000 
-12.105099 -25.525723 0.947985 -0.790535 27.511179 1.000000 0.000000 
-12.188662 -25.786224 1.285292 2.598618 31.762609 1.000000 0.000000 
-13.077301 -25.439045 1.153841 -8.588669 19.367100 1.000000 0.000000 
-12.349556 -26.209904 0.938280 6.167060 33.370842 1.000000 0.000000 
-12.271530 -26.664204 0.951149 10.351768 37.995979 1.000000 0.000000 
-12.258939 -26.759796 1.155347 8.776054 36.164326 1.000000 0.000000 
-12.279648 -27.113659 1.455854 10.158485 36.234554 1.000000 0.000000 
-12.143679 -27.341618 1.168169 10.574287 36.471939 1.000000 0.000000 
-12.234861 -27.598682 1.224585 13.260338 39.416016 1.000000 0.000000 
-12.317879 -27.867378 1.172955 13.482880 38.311554 1.000000 0.000000 
-12.221255 -28.318180 1.316235 1.084541 26.125620 1.000000 0.000000 
-12.179761 -29.387482 0.890867 3.150307 29.618610 1.000000 0.000000 
-12.145068 -29.605713 1.228039 8.899940 34.294380 1.000000 0.000000 
-12.263514 -29.882622 1.072710 13.198868 36.950706 1.000000 0.000000 
-12.385371 -30.048622 0.998963 18.885597 41.133026 1.000000 0.000000 
-12.155573 -30.304070 1.342494 18.775551 40.192238 1.000000 0.000000 
-12.345095 -30.589535 0.885705 19.512245 42.169510 1.000000 0.000000 
-12.248608 -30.809738 1.442060 11.767525 35.302658 1.000000 0.000000 
-12.469772 -30.798702 1.242201 -8.562439 17.552010 1.000000 0.000000 
-12.267323 -31.110916 1.311010 13.432358 37.325813 1.000000 0.000000 
-12.231711 -31.329964 0.915692 14.022766 37.968056 1.000000 0.000000 
-12.228080 -31.574436 1.043684 15.560326 37.836575 1.000000 0.000000 
-12.246522 -31.843430 1.125863 12.726730 34.780773 1.000000 0.000000 
-12.324841 -32.131504 1.029590 10.744614 34.155933 1.000000 0.000000 
-12.465696 -32.178738 1.814273 -3.508125 22.644966 1.000000 0.000000 
-12.312414 -32.480690 1.493917 0.064224 26.955168 1.000000 0.000000 
-12.171634 -32.542023 1.260384 0.371811 23.802219 1.000000 0.000000 
-12.271140 -32.861752 1.078397 -1.683121 28.803051 1.000000 0.000000 
-12.096931 -33.120224 1.253743 19.381737 41.746593 1.000000 0.000000 
-12.204486 -33.322468 1.535296 15.727448 37.347832 1.000000 0.000000 
0.052081 -6.193147 -0.181412 -6.986401 35.986603 0.000000 0.000000 
0.186027 -6.211133 -0.299603 -2.023468 35.611805 0.000000 0.000000 
0.299886 -6.292491 -0.289104 -5.083729 37.047077 0.000000 0.000000 
-12.720145 -25.067692 0.757494 13.583710 35.328720 1.000000 0.000000 
-12.490532 -25.784340 1.034262 10.154381 31.380295 1.000000 0.000000 
-13.843740 -25.169838 1.204458 7.248360 28.604128 1.000000 0.000000 
-13.014464 -25.954956 0.871956 -0.623444 21.946056 1.000000 0.000000 
-14.132694 -25.415924 0.418576 6.278542 26.326981 1.000000 0.000000 
-12.596315 -26.719124 -1.976282 -0.936852 23.498632 1.000000 0.000000 
-12.080550 -27.210442 -0.445729 3.342110 26.206436 1.000000 0.000000 
-12.928878 -26.792957 -0.933911 5.681702 24.030140 1.000000 0.000000 
-12.962276 -27.053429 0.816331 10.907181 31.957848 1.000000 0.000000 
-12.962672 -27.420101 0.843526 14.418419 35.038040 1.000000 0.000000 
-12.498369 -27.817554 0.703518 19.006607 40.607357 1.000000 0.000000 
-12.828380 -28.028294 0.838861 23.161499 43.881332 1.000000 0.000000 
-12.921906 -28.135571 1.298965 17.999191 40.083702 1.000000 0.000000 
-12.608309 -28.597733 0.484177 21.079826 41.419136 1.000000 0.000000 
-12.575547 -28.851425 0.598245 18.219536 40.679661 1.000000 0.000000 
-12.941752 -29.027702 0.950331 17.464226 36.844784 1.000000 0.000000 
-12.485658 -29.444695 0.863105 13.195381 34.723457 1.000000 0.000000 
-13.095169 -29.335873 0.814868 14.251526 35.596039 1.000000 0.000000 
-12.743152 -29.850834 0.768185 17.281670 37.185814 1.000000 0.000000 
-12.796532 -30.008022 0.966473 22.534637 42.380863 1.000000 0.000000 
-12.788089 -30.318348 0.901364 23.847496 42.436375 1.000000 0.000000 
-12.712174 -30.520542 0.839424 7.923843 29.778507 1.000000 0.000000 
-12.248539 -31.277905 0.499752 -4.455261 18.215960 1.000000 0.000000 
-14.000387 -31.510975 1.055141 -2.313499 22.634453 1.000000 0.000000 
-12.338490 -32.502174 0.431976 9.382150 30.958561 1.000000 0.000000 
-12.610430 -32.635426 0.438999 15.047203 35.558067 1.000000 0.000000 
-12.507693 -32.946297 0.599341 22.066811 41.842533 1.000000 0.000000 
-12.646042 -33.094128 0.992110 19.914986 40.158394 1.000000 0.000000 
-12.736976 -33.353836 0.738156 12.386192 32.363441 1.000000 0.000000 
-12.811860 -33.835571 0.997535 16.018303 34.955524 1.000000 0.000000 
-12.603338 -33.994972 0.708927 18.336166 39.264263 1.000000 0.000000 
-12.372868 -34.495430 1.013906 17.676453 36.341217 1.000000 0.000000 
-14.874559 -33.657631 0.688688 -2.980576 18.649479 1.000000 0.000000 
-14.870540 -34.691875 0.480093 -2.388519 19.155266 1.000000 0.000000 
-15.143932 -34.676807 2.505830 9.899895 29.990473 1.000000 0.000000 
-12.747640 -38.632618 0.997328 7.857925 28.034515 1.000000 0.000000 
-12.759361 -39.181061 1.030308 6.846062 25.440758 1.000000 0.000000 
-0.035136 10.106663 0.110379 -20.519981 31.912575 1.000000 0.000000 
-0.846411 11.144403 -0.035263 -12.245422 32.842037 0.000000 0.000000 
0.051841 12.109771 -0.031105 -12.049606 36.660797 0.000000 0.000000 
-0.505989 12.377551 0.016518 -11.497108 37.183800 1.000000 0.000000 
-3.706961 18.519089 0.400326 8.357704 43.803596 0.000000 0.000000 
-3.869533 18.720285 5.025878 8.049562 40.803284 0.000000 0.000000 
-3.646870 19.650970 0.075329 -30.356354 11.147202 1.000000 0.000000 
-4.870335 20.940472 -0.619804 3.557045 38.558823 0.000000 0.000000 
-4.917151 20.934265 -0.750931 1.920364 35.657970 0.000000 0.000000 
0.221094 22.206909 -0.832940 2.352676 33.086281 1.000000 0.000000 
-5.063270 21.624454 -0.713616 0.870834 35.177940 1.000000 0.000000 
0.166377 22.514353 -0.894961 -1.166458 30.343357 0.000000 0.000000 
0.103340 22.545013 -0.874537 -3.863251 26.611698 0.000000 0.000000 
-0.026427 22.542496 -0.880010 -14.203659 16.098143 1.000000 0.000000 
0.313877 22.661909 -0.842938 -19.729744 11.578941 1.000000 0.000000 
0.288220 22.864943 -0.829197 19.518356 48.435093 0.000000 0.000000 
0.257983 22.982050 -0.848587 18.085823 47.436165 0.000000 0.000000 
0.037933 23.258083 -0.717253 -6.428505 26.246826 0.000000 0.000000 
0.079600 23.629704 -0.816741 -10.334023 23.391760 1.000000 0.000000 
-18.254211 -2.027612 -0.599100 2.964828 41.912823 0.000000 0.000000 
-18.227890 -2.678854 -0.096925 3.121742 41.229179 0.000000 0.000000 
-18.414522 -2.497184 -0.279511 2.928764 38.546604 0.000000 0.000000 
-18.680849 -2.088553 -0.258135 6.857437 43.688053 0.000000 0.000000 
-18.682379 -2.087425 -0.289064 7.314109 44.570610 0.000000 0.000000 
-20.360664 -0.883491 -1.027436 4.698143 40.761078 0.000000 0.000000 
-20.360874 -0.902896 -0.934051 3.872879 39.684532 0.000000 0.000000 
-21.193348 -0.828118 -0.640441 -10.064621 28.225042 0.000000 0.000000 
-18.679440 -11.434577 2.162800 2.295441 34.920521 0.000000 0.000000 
-18.738241 -11.412914 1.513553 1.240326 32.657501 0.000000 0.000000 
-18.959135 -11.124148 0.704710 -8.656792 25.389193 0.000000 0.000000 
-19.306095 -11.253818 0.776710 -3.199097 29.251015 0.000000 0.000000 
-19.102432 -11.628928 2.397053 -0.274307 31.659893 0.000000 0.000000 
-19.132879 -12.002151 -1.177216 -6.141006 31.248610 0.000000 0.000000 
-19.923239 -11.153450 1.013331 0.090164 32.506439 0.000000 0.000000 
-18.383995 -14.206054 -0.787711 16.230324 45.286888 0.000000 0.000000 
-18.390886 -14.353121 -0.691117 13.890663 43.910728 0.000000 0.000000 
-17.544914 -16.264174 0.644653 -5.750763 27.056934 0.000000 0.000000 
-17.990110 -15.951544 -0.888267 -6.677696 26.097355 0.000000 0.000000 
-22.514681 6.224016 1.230333 -5.828880 27.736914 0.000000 0.000000 
-22.494438 6.881374 1.323956 -7.124413 24.858999 0.000000 0.000000 
-23.999660 0.594106 2.726533 -6.050743 27.400942 0.000000 0.000000 
-20.160839 -13.934674 -0.091825 -8.547462 26.981363 0.000000 0.000000 
-23.728428 4.535852 3.484627 -8.910606 22.609129 0.000000 0.000000 
-24.164677 9.872058 -6.547565 -9.383957 24.103611 0.000000 0.000000 
-22.068741 -19.172058 1.233868 -2.878647 25.848442 0.000000 0.000000 
-26.238544 -13.188716 1.777733 -0.329254 26.570026 0.000000 0.000000 
-20.960264 -21.300003 3.467540 -7.440254 25.634706 0.000000 0.000000 
-19.179100 -24.221088 0.874796 -4.094048 22.081797 0.000000 0.000000 
-19.671679 -24.049545 2.352393 -3.498642 26.634361 0.000000 0.000000 
-20.733994 -24.740242 2.593603 2.304306 26.404053 0.000000 0.000000 
-20.067030 -25.983646 2.995262 -1.898582 22.811993 0.000000 0.000000 
-35.212090 0.178193 2.494015 -4.657112 21.861946 0.000000 0.000000 
-19.948891 -30.808994 0.992135 -1.111496 22.226336 0.000000 0.000000 
-20.067091 -30.798569 1.260636 -4.508926 21.216225 0.000000 0.000000 
-36.942093 -2.916137 1.871695 -1.192497 27.559906 0.000000 0.000000 
-38.220943 -4.544574 2.830224 -6.452843 21.464211 0.000000 0.000000 
-38.765110 -2.282481 2.918628 1.160934 25.474150 0.000000 0.000000 
-38.554989 -7.275621 1.062932 0.547554 24.686729 0.000000 0.000000 
-38.723705 -7.066166 3.049713 -3.097496 24.017292 0.000000 0.000000 
-38.809063 -6.625896 1.182935 -2.824562 23.825560 0.000000 0.000000 
-38.919144 -6.494009 0.672486 -2.392944 23.112003 0.000000 0.000000 
-40.422657 1.552009 -0.472229 -1.485184 22.421265 0.000000 0.000000 
-42.627346 3.593345 2.801468 2.618469 25.536125 0.000000 0.000000 
-38.473473 -19.852547 1.363401 4.697563 26.062286 0.000000 0.000000 
-38.585556 -19.914768 1.977621 8.684898 29.198896 0.000000 0.000000 
-21.566286 -43.177780 -4.554627 -0.822670 21.119719 0.000000 0.000000 
-50.224220 18.430389 4.813318 -0.935555 18.141338 0.000000 0.000000 
-49.837963 19.664753 3.054469 1.937263 20.362877 0.000000 0.000000 
-19.530991 14.810203 -2.854020 2.305984 20.184290 0.000000 0.000000 
-29.507248 12.429143 -4.088548 16.397240 21.821259 0.000000 0.000000 
-31.881788 13.382564 -5.076452 11.210381 21.836660 0.000000 0.000000 
-6.829605 -6.444923 -0.217463 -11.139122 36.271053 0.000000 0.000000 
-6.226117 -10.765143 -2.803851 -13.283112 29.505211 0.000000 0.000000 
-7.110381 -10.705721 -0.280142 -10.996223 32.427925 0.000000 0.000000 
-7.008554 -10.966885 -0.054254 -13.025597 32.431705 0.000000 0.000000 
-6.825577 -11.160340 0.669777 -12.712524 27.218998 0.000000 0.000000 
-6.404722 -11.795267 -0.919302 -10.920349 29.721165 0.000000 0.000000 
-6.635129 -11.713213 0.046153 -10.831955 27.862045 0.000000 0.000000 
-6.760895 -11.699286 0.783679 -12.117607 26.969587 0.000000 0.000000 
-6.650057 -11.853909 0.286474 -14.578400 26.169548 0.000000 0.000000 
-6.402817 -12.248333 0.153398 -13.966644 26.316341 0.000000 0.000000 
-6.240211 -12.341378 -0.481376 -12.058159 30.672235 0.000000 0.000000 
-6.048711 -12.520345 -0.952102 -17.010590 27.948572 0.000000 0.000000 
-6.801749 -12.316650 2.079834 -14.150444 26.070860 0.000000 0.000000 
-6.172946 -12.811253 -0.020312 -8.596985 31.737997 0.000000 0.000000 
-6.344573 -12.743099 -0.996677 -13.396782 26.858028 0.000000 0.000000 
-6.484432 -12.936785 0.607974 -3.419724 34.738060 0.000000 0.000000 
-6.491231 -13.042285 0.579341 -6.323631 30.355160 0.000000 0.000000 
-7.398043 -12.701168 0.337895 -12.370102 26.708069 0.000000 0.000000 
-7.182193 -12.849022 1.763451 -16.876686 26.939236 0.000000 0.000000 
-6.633744 -13.900026 -0.422600 -11.359146 25.172863 0.000000 0.000000 
-6.546318 -14.195302 -1.293865 -17.095917 22.245398 0.000000 0.000000 
-6.099171 -14.652436 0.141064 -17.922874 24.512737 0.000000 0.000000 
-6.428720 -14.969452 -0.032172 -8.147133 27.660732 0.000000 0.000000 
-6.486160 -14.989973 -0.147153 -7.370529 28.535490 0.000000 0.000000 
-6.835260 -15.075782 -0.361424 -13.838936 23.037500 0.000000 0.000000 
-6.314903 -15.437096 0.379323 -9.722939 29.270037 0.000000 0.000000 
-6.535475 -15.468958 0.175187 -9.197639 28.365238 0.000000 0.000000 
-6.731057 -15.694055 -1.526254 -10.767860 25.107769 0.000000 0.000000 
-6.169785 -16.227734 0.863402 -8.625984 26.008286 0.000000 0.000000 
-6.409327 -16.269392 0.061171 -5.197929 28.837967 0.000000 0.000000 
-6.401906 -16.278339 -3.764656 -6.426491 27.493620 0.000000 0.000000 
-6.551283 -16.621231 -1.263985 -7.901024 27.674698 0.000000 0.000000 
-5.710057 -17.014507 -0.184322 -17.860550 22.011627 0.000000 0.000000 
-6.653761 -17.077965 -0.141211 -8.946198 24.790895 0.000000 0.000000 
-6.630346 -17.183540 -0.093779 -8.500854 25.458557 0.000000 0.000000 
-6.285858 -17.598068 0.170761 -13.016823 21.698364 0.000000 0.000000 
-6.815169 -18.633389 3.229066 -9.419090 27.241463 0.000000 0.000000 
-6.378858 -18.895447 -0.808297 -4.596031 30.612791 0.000000 0.000000 
-6.404138 -18.996639 -0.391097 -5.000069 30.272430 0.000000 0.000000 
-6.218133 -19.303219 -0.310684 -11.822113 27.109613 0.000000 0.000000 
-6.391819 -20.142750 0.083089 -11.522919 23.674221 0.000000 0.000000 
-6.282594 -20.494919 -1.388718 -8.292221 25.430841 0.000000 0.000000 
-6.239081 -20.584263 -1.139301 -7.100838 25.617235 0.000000 0.000000 
-6.459487 -24.817871 1.644052 -0.247002 29.698889 0.000000 0.000000 
-6.518959 -24.803997 1.629004 1.886551 30.994234 0.000000 0.000000 
-6.696734 -26.691624 -0.251518 -9.735161 22.105240 0.000000 0.000000 
-6.664137 -27.655384 1.108187 -1.311562 27.455156 0.000000 0.000000 
-6.739521 -30.534458 1.434281 -5.651825 22.839081 0.000000 0.000000 
-6.381114 -32.520897 -0.446697 -3.345322 20.834908 0.000000 0.000000 
-6.068809 -33.137665 -0.425681 -7.084412 18.838736 0.000000 0.000000 
-4.675583 -42.424877 0.371616 -3.398315 22.156115 0.000000 0.000000 
-4.288726 -44.223316 0.572451 -5.622673 21.444515 0.000000 0.000000 
-6.170903 -48.548687 4.784679 -1.541420 19.225504 0.000000 0.000000 
-6.173490 -55.164326 0.572731 1.426826 21.113735 0.000000 0.000000 
-6.282453 -55.209766 2.675603 2.303535 20.484468 0.000000 0.000000 
-6.204332 -13.176222 -2.294907 -4.431313 29.343601 0.000000 0.000000 
-6.257770 -13.493927 -0.797890 -11.008949 23.123592 0.000000 0.000000 
-6.727942 -13.441722 0.022116 -2.861618 27.422890 0.000000 0.000000 
-5.714764 -15.538517 -3.684302 -10.210266 24.821178 0.000000 0.000000 
-6.659123 -15.364827 -2.437269 -5.701653 27.355167 0.000000 0.000000 
-6.177621 -15.718217 -1.096946 -3.908844 27.258844 0.000000 0.000000 
-6.616427 -15.608024 0.323684 -2.667061 29.589451 0.000000 0.000000 
-6.085133 -17.151604 -0.357684 -5.125732 27.345617 0.000000 0.000000 
-6.699604 -16.930855 -0.123253 -4.036552 26.797672 0.000000 0.000000 
-7.090196 -16.971111 3.016694 -7.771881 24.910162 0.000000 0.000000 
-6.738383 -17.350262 0.340883 -2.225609 27.916599 0.000000 0.000000 
-6.359727 -17.516468 -1.168498 -5.802589 27.639473 0.000000 0.000000 
-7.072858 -17.460415 2.184893 -6.092987 26.734221 0.000000 0.000000 
-6.674578 -17.802082 -2.583133 -5.798790 24.576063 0.000000 0.000000 
-7.101300 -18.464634 0.396649 -0.178955 30.458700 0.000000 0.000000 
-7.050329 -19.775665 -0.076312 -3.275635 28.096254 0.000000 0.000000 
-8.002196 -19.464924 0.102359 -3.769081 25.347366 0.000000 0.000000 
-7.406647 -21.399338 -0.802747 -4.358772 29.121292 0.000000 0.000000 
-7.051069 -24.512875 0.837369 2.398712 29.968407 0.000000 0.000000 
-7.583360 -24.481060 0.357983 0.328758 28.351824 0.000000 0.000000 
6.843037 -19.605534 0.086022 -14.577415 22.356693 0.000000 0.000000 
7.724194 -38.936779 7.899426 -1.168861 23.725368 0.000000 0.000000 
10.298527 -39.918118 -2.972394 2.473541 24.679873 0.000000 0.000000 
9.583879 -41.039146 1.882617 2.553566 25.091431 0.000000 0.000000 
10.322007 -40.889786 2.374755 6.181374 26.450722 0.000000 0.000000 
21.543722 -37.290138 2.753122 4.252457 23.201527 0.000000 0.000000 
17.331865 -40.317245 4.318675 -0.407463 19.617889 0.000000 0.000000 
15.149954 -43.271187 1.291278 0.618652 20.215889 0.000000 0.000000 
23.434620 -39.983635 1.512154 13.812065 29.392042 0.000000 0.000000 
24.134880 -43.190914 1.609820 0.920494 17.297895 0.000000 0.000000 
7.188640 -5.240232 -0.026375 3.469048 38.089695 0.000000 0.000000 
7.295283 -5.343719 -0.086741 5.028481 44.250793 0.000000 0.000000 
8.701408 -4.006409 1.466250 0.091240 30.665243 0.000000 0.000000 
7.346755 -8.466131 -1.327882 6.859055 42.684166 0.000000 0.000000 
11.565790 -3.725650 2.996505 -3.285027 33.510277 0.000000 0.000000 
9.532510 -8.867725 -1.388517 -6.953888 25.869694 0.000000 0.000000 
8.894679 -11.137488 -3.864771 -4.583023 29.507370 0.000000 0.000000 
8.859640 -11.394189 0.396227 -7.494545 27.231590 0.000000 0.000000 
13.064717 -7.066786 4.044992 -10.194214 26.886444 0.000000 0.000000 
13.088064 -7.163045 1.998615 -9.251245 24.416073 0.000000 0.000000 
15.784932 -2.764318 -0.998431 -8.751587 29.853270 0.000000 0.000000 
15.094361 -8.224676 2.314272 -9.882721 27.086966 0.000000 0.000000 
15.898711 -7.983662 0.119180 -1.130966 29.823187 0.000000 0.000000 
16.523214 -7.927542 1.304179 -7.769577 27.240847 0.000000 0.000000 
9.763967 -20.633949 7.334030 -12.098312 24.662006 0.000000 0.000000 
11.292460 -21.277359 8.409360 -3.556175 26.697264 0.000000 0.000000 
8.582931 -26.779179 7.456807 -4.715569 27.009083 0.000000 0.000000 
23.588800 -21.540859 0.528682 2.838150 27.431015 0.000000 0.000000 
23.573446 -21.705143 0.326147 4.023888 29.918907 0.000000 0.000000 
7.337509 -34.995686 -0.167731 1.013107 25.869005 0.000000 0.000000 
6.681644 -36.968613 2.753605 -5.811699 21.164188 0.000000 0.000000 
6.632518 -38.110641 3.316325 -2.712303 21.981159 0.000000 0.000000 
6.358206 -38.202805 2.799500 -0.304329 24.981388 0.000000 0.000000 
7.492827 -38.493839 5.618751 -1.651711 22.278290 0.000000 0.000000 
9.302047 -40.152630 4.332560 9.727570 28.853821 0.000000 0.000000 
10.555377 -40.217026 -4.866995 -3.674156 20.426580 0.000000 0.000000 
10.822027 -42.323101 -2.498936 -1.813431 20.729492 0.000000 0.000000 
25.180393 -51.243713 2.372642 -0.244278 22.273176 0.000000 0.000000 
17.936010 -9.552112 5.475714 -3.725433 27.627810 0.000000 0.000000 
18.000658 -9.741006 7.329123 -2.435219 29.168331 0.000000 0.000000 
20.739923 0.726836 -0.558978 -2.306458 31.884439 0.000000 0.000000 
22.579573 -11.038895 4.435919 -1.715179 28.204784 0.000000 0.000000 
28.641916 8.508508 -0.114255 14.664040 36.230045 0.000000 0.000000 
28.605335 8.758170 -0.365226 16.873894 36.756916 0.000000 0.000000 
30.608879 7.980575 -0.368948 9.922386 31.594704 0.000000 0.000000 
32.373924 9.032302 -0.822933 17.386940 37.569969 0.000000 0.000000 
32.405415 9.108550 -0.865655 20.182693 41.328712 0.000000 0.000000 
30.045868 16.026718 1.126989 -0.287285 21.287291 0.000000 0.000000 
34.439045 8.881455 -0.995826 16.415520 35.788548 0.000000 0.000000 
34.538429 8.882835 -1.438411 16.401352 34.752735 0.000000 0.000000 
34.035435 13.918899 2.520589 -2.424797 20.964172 0.000000 0.000000 
34.740227 14.434319 -0.961015 -3.607506 21.106510 0.000000 0.000000 
38.645947 7.669037 -0.818172 7.174407 27.380926 0.000000 0.000000 
38.685825 7.615930 -1.300593 8.860603 28.237068 0.000000 0.000000 
39.048832 6.723900 9.393459 3.524574 27.083710 0.000000 0.000000 
38.557896 9.067426 0.559477 -6.349075 20.781076 0.000000 0.000000 
42.485497 9.362458 -1.326910 16.323677 33.688427 0.000000 0.000000 
42.656586 8.823379 -1.397809 14.791512 33.039700 0.000000 0.000000 
43.066715 13.461104 -3.679994 -1.919754 18.946337 0.000000 0.000000 
44.202911 10.436459 0.663567 8.123634 27.443373 0.000000 0.000000 
44.573784 9.311820 -0.385703 3.894821 23.801926 0.000000 0.000000 
46.596741 7.992486 -1.450396 18.910080 33.253235 0.000000 0.000000 
46.629395 8.338459 -3.875574 19.985527 34.929588 0.000000 0.000000 
46.625298 8.872113 -1.984529 14.679527 30.154240 0.000000 0.000000 
47.315647 8.365193 -1.346305 6.541969 23.263268 0.000000 0.000000 
47.483913 7.527250 -1.919341 5.637886 24.713932 0.000000 0.000000 
50.251995 10.371081 -0.528890 12.305313 31.579468 0.000000 0.000000 
50.352337 9.923911 -0.849780 9.851295 27.395561 0.000000 0.000000 
26.339773 14.734874 11.676656 2.734268 19.714745 0.000000 0.000000 
7.950932 -54.539284 1.322096 0.728729 18.584564 0.000000 0.000000 
15.558984 30.801781 1.033074 -1.933044 28.437376 0.000000 0.000000 
15.640426 30.886003 1.381888 -5.619492 23.862591 0.000000 0.000000 
11.473767 36.215519 13.770262 -20.388527 16.255493 0.000000 0.000000 
-33.280457 83.140411 13.281606 -6.935883 11.601765 0.000000 0.000000 
-33.007427 83.614975 12.668344 -3.565109 13.788452 0.000000 0.000000 
-33.932812 83.360062 13.018381 -8.879295 11.363621 0.000000 0.000000 
-31.249001 85.363815 10.516396 -9.158920 11.665981 0.000000 0.000000 
-31.495483 85.378723 10.941116 -9.856674 9.803932 0.000000 0.000000 
-33.750095 84.796364 12.053205 -8.243416 10.048714 0.000000 0.000000 
-32.784935 86.135513 12.719094 -7.104233 11.335960 0.000000 0.000000 
-34.044563 85.625694 12.880187 -9.134262 9.887402 0.000000 0.000000 
-31.244987 87.215759 10.484249 -12.880936 8.909279 0.000000 0.000000 
-31.669281 96.237869 10.053625 -9.773079 9.512836 0.000000 0.000000 
-31.846098 97.105972 9.478756 -7.366539 11.436096 0.000000 0.000000 
-31.253244 97.359291 10.522568 -10.778152 7.971074 0.000000 0.000000 
-31.148756 97.436569 10.542332 -4.946320 12.086082 0.000000 0.000000 
-31.839422 97.546661 11.689362 -10.041679 9.206455 0.000000 0.000000 
-31.672348 97.643188 10.508972 -7.487434 8.938305 0.000000 0.000000 
-34.408066 98.457573 14.255658 -8.427589 8.842228 0.000000 0.000000 
-33.071960 99.747864 10.878377 -11.731987 6.938546 0.000000 0.000000 
-31.563631 102.974068 10.852038 -10.518761 7.127060 0.000000 0.000000 
-32.231503 103.335068 11.971400 -11.614304 5.178570 0.000000 0.000000 
2.282768 -7.274402 1.730151 -10.943787 39.740433 0.000000 0.000000 
2.601214 -7.639037 -0.199995 -2.383873 42.753044 0.000000 0.000000 
2.689812 -7.620121 -0.235989 -0.371132 43.537086 0.000000 0.000000 
2.404149 -8.078253 0.031732 -3.673927 41.666523 0.000000 0.000000 
2.758358 -8.091680 0.216981 -4.338318 42.057831 0.000000 0.000000 
2.405615 -8.945516 -0.018178 -2.061340 40.310577 0.000000 0.000000 
2.469556 -8.966902 -0.004440 -1.799667 41.477516 0.000000 0.000000 
2.421075 -9.472943 0.151021 0.583961 41.721931 0.000000 0.000000 
2.417581 -9.509773 0.135465 3.664062 45.496021 0.000000 0.000000 
2.224618 -10.149093 -0.224462 -8.848503 34.855812 0.000000 0.000000 
2.414373 -10.248223 -0.120792 -4.697136 37.635571 0.000000 0.000000 
2.456984 -10.234572 -0.087695 -4.409164 38.282944 0.000000 0.000000 
2.189947 -10.560949 -0.201803 -5.110283 34.604801 0.000000 0.000000 
2.277223 -10.538209 -0.145334 -2.634323 39.181004 0.000000 0.000000 
2.079387 -10.811179 -0.441707 -4.254913 36.087326 0.000000 0.000000 
2.148890 -10.857070 -0.234814 -3.741760 36.845146 0.000000 0.000000 
2.188639 -10.964788 -0.318995 -6.881020 33.911568 0.000000 0.000000 
2.368043 -11.002078 -0.092064 -6.698181 35.118877 0.000000 0.000000 
2.345850 -0.967496 0.034467 -13.692520 49.908966 0.000000 0.000000 
2.492888 -0.974675 0.035511 -13.591324 55.346107 0.000000 0.000000 
2.414719 -2.019690 0.039578 -24.685822 32.363564 0.000000 0.000000 
2.443217 -2.074888 0.006784 -27.103394 40.543922 0.000000 0.000000 
2.417752 -2.502165 0.140606 -23.584000 41.135273 0.000000 0.000000 
2.463322 -2.596970 0.055977 -22.072277 40.283184 0.000000 0.000000 
2.404451 -2.857800 -0.025882 -19.994213 42.597450 0.000000 0.000000 
2.407994 -3.121931 -0.090337 -28.271957 38.346474 0.000000 0.000000 
2.455396 -3.537500 0.084015 -14.282127 46.080795 0.000000 0.000000 
2.484134 -3.519154 0.107487 -13.328415 45.830227 0.000000 0.000000 
2.505525 -3.620724 0.056476 -9.817661 47.510868 0.000000 0.000000 
2.433303 -3.956786 0.034833 -19.419216 42.007126 0.000000 0.000000 
2.484104 -4.138441 0.067703 -15.379027 40.995415 0.000000 0.000000 
2.472950 -4.187366 0.041042 -15.269989 43.640675 0.000000 0.000000 
2.436889 -4.475259 -0.084360 -18.967831 39.478153 0.000000 0.000000 
2.445565 -5.486798 -0.004934 -1.899811 29.234924 0.000000 0.000000 
2.423262 -5.502326 0.006503 -1.868790 28.796337 0.000000 0.000000 
2.441779 -5.498344 0.045128 0.398319 36.795761 0.000000 0.000000 
2.464611 -6.256325 0.054217 -9.294285 36.093918 0.000000 0.000000 
2.481838 -6.360434 0.034349 -5.982346 33.819557 0.000000 0.000000 
2.472816 -6.472614 -0.125381 -7.925457 33.545563 0.000000 0.000000 
2.491045 -6.740837 0.117438 -6.682602 32.859772 0.000000 0.000000 
2.439213 -6.792655 0.064834 -7.562897 28.711899 0.000000 0.000000 
2.480012 -6.790507 -0.015001 -6.267159 28.519669 0.000000 0.000000 
2.424064 -7.060383 -0.133124 -8.695717 32.852501 0.000000 0.000000 
2.436777 -7.230488 -0.072026 -2.521492 32.528217 0.000000 0.000000 
2.439445 -7.229904 0.025859 -4.212734 33.807262 0.000000 0.000000 
2.374179 -7.509513 0.100157 -10.357609 32.733177 0.000000 0.000000 
2.283323 -7.539298 0.101520 -7.585968 32.181774 0.000000 0.000000 
2.319168 -7.926272 0.088264 -3.880943 35.145466 0.000000 0.000000 
2.277467 -8.232227 -0.201486 -10.477219 33.189659 0.000000 0.000000 
2.405606 -8.430250 0.165967 -8.293358 31.669369 0.000000 0.000000 
2.264915 -8.752249 -0.034930 -1.614700 37.736950 0.000000 0.000000 
2.256640 -8.955256 0.004274 4.749252 38.416447 0.000000 0.000000 
2.243327 -8.959831 -0.051272 3.189163 41.476311 0.000000 0.000000 
2.179277 -9.416142 -0.055273 -1.561928 33.006115 0.000000 0.000000 
2.156382 -9.488397 -0.039199 -4.872307 34.277306 0.000000 0.000000 
2.163390 -9.689497 -0.248980 -2.801689 33.445702 0.000000 0.000000 
2.156724 -9.802261 -0.449299 -3.769386 29.450300 0.000000 0.000000 
2.201842 -9.956792 -0.152427 -3.889038 34.487656 0.000000 0.000000 
2.310478 -10.130777 -0.195083 -2.177986 30.982115 0.000000 0.000000 
2.187726 -10.228434 0.092235 -2.947647 31.237038 0.000000 0.000000 
2.170599 -10.380891 -0.019953 -4.568466 33.633923 0.000000 0.000000 
2.236501 -10.605132 -0.139369 -1.607658 36.470932 0.000000 0.000000 
2.272263 -10.617364 -0.030550 -3.062782 32.793228 0.000000 0.000000 
2.230494 -11.044843 -0.307268 0.752731 36.549244 0.000000 0.000000 
2.145918 -11.111336 -0.236264 1.465843 37.415413 0.000000 0.000000 
2.190104 -11.380197 -0.106206 -7.763214 35.078720 0.000000 0.000000 
2.098027 -11.604847 0.313296 -4.558533 32.930363 0.000000 0.000000 
2.284752 4.791150 0.002752 -28.570316 23.263872 0.000000 0.000000 
2.414153 4.822301 -0.023630 -27.956478 25.371410 0.000000 0.000000 
2.307438 5.989219 -0.079522 -41.675133 16.472242 0.000000 0.000000 
2.326875 6.480032 -0.052465 -38.648987 18.909519 0.000000 0.000000 
2.291960 6.959623 0.037127 -10.921341 43.580070 0.000000 0.000000 
2.319327 6.984686 0.041317 -11.257454 44.739731 0.000000 0.000000 
2.385162 7.449548 -0.080929 -26.869236 30.004887 0.000000 0.000000 
2.290269 7.629294 -0.077524 -30.911007 26.944105 0.000000 0.000000 
2.287787 7.909005 -0.037198 -21.308044 32.712757 0.000000 0.000000 
2.371945 7.975410 -0.032211 -21.987438 34.862572 0.000000 0.000000 
2.413610 8.407686 -0.023171 -24.809769 28.176935 0.000000 0.000000 
2.258663 8.597654 -0.151482 -37.731590 22.418451 0.000000 0.000000 
2.268971 8.954947 0.017764 -8.441696 40.888062 0.000000 0.000000 
2.302338 9.001158 0.021753 -6.679527 42.001869 0.000000 0.000000 
2.328502 9.752712 -0.098928 -22.615227 24.342491 0.000000 0.000000 
-6.014571 -1.063309 -0.562655 -0.155388 50.195141 0.000000 0.000000 
-6.017303 -1.024439 -0.591386 4.949059 54.888000 0.000000 0.000000 
-6.069430 -1.029952 -0.610158 7.106105 57.464977 0.000000 0.000000 
-6.826155 0.009090 0.112365 1.173134 48.876385 0.000000 0.000000 
-6.940020 0.008638 0.163005 6.151168 55.326935 0.000000 0.000000 
-6.636671 -13.953884 3.640017 -12.450874 24.469347 0.000000 0.000000 
-7.006736 -14.504998 3.625610 -14.316719 23.009014 0.000000 0.000000 
-7.519084 -15.293006 -5.226743 -15.683478 21.796585 0.000000 0.000000 
-7.089041 -15.562304 5.497914 -11.094879 25.730326 0.000000 0.000000 
-6.336863 -16.788754 -5.805902 -12.239616 22.173531 0.000000 0.000000 
-21.868059 -3.743832 -3.655755 -6.920662 31.284138 0.000000 1.000000 
-6.798991 -24.315285 5.753405 -4.339561 27.316151 0.000000 0.000000 
-7.206469 -26.850761 4.581534 -9.532234 24.731297 1.000000 1.000000 
-26.164755 -13.476665 -4.361876 -0.921555 27.117943 0.000000 0.000000 
13.055122 -31.632954 -0.012088 -3.316025 22.349407 1.000000 1.000000 
-35.515476 -5.392526 3.508556 -0.538788 26.072262 0.000000 0.000000 
-1.556206 -37.372280 -0.532988 -0.667061 28.330126 0.000000 0.000000 
-38.641926 -1.281661 12.997815 -2.342056 23.948082 0.000000 0.000000 
2.947977 -41.746605 5.164206 -2.865974 22.384869 0.000000 0.000000 
-7.227266 -61.062496 4.541000 -1.323509 17.434919 0.000000 0.000000 
-6.210289 -61.334496 2.616923 6.142807 21.822216 0.000000 0.000000 
-6.331880 -61.326180 5.765782 4.390350 20.661543 0.000000 0.000000 
-106.900055 -3.117988 6.275940 8.346397 16.919741 0.000000 0.000000 
-107.005936 -3.648951 6.944878 11.231216 19.853508 0.000000 0.000000 
-107.280952 -0.694405 3.748935 15.220764 22.754009 0.000000 0.000000 
-107.285126 -1.141352 6.539823 16.114449 23.506844 0.000000 0.000000 
-107.391594 -5.906490 4.845398 10.040352 20.086119 0.000000 0.000000 
-107.462097 -6.763346 4.747788 10.362480 20.252523 0.000000 0.000000 
-107.440048 -8.835114 1.710575 7.900627 15.174191 0.000000 0.000000 
-115.469330 -2.551367 5.988951 11.469749 19.338921 0.000000 0.000000 
-115.475441 -2.410082 6.027635 9.505562 15.922447 0.000000 0.000000 
62.291058 -99.672638 4.456371 16.422653 16.147058 0.000000 0.000000 
56.269375 -103.280518 6.009062 17.182129 17.383184 0.000000 0.000000 
56.936726 -103.004890 5.846838 18.767258 19.321102 0.000000 0.000000 
57.751472 -102.679466 4.520459 12.971741 13.275169 0.000000 0.000000 
62.661629 -110.147469 7.316856 21.386856 21.488464 0.000000 0.000000 
59.686966 -147.933807 6.031527 19.528053 17.781485 0.000000 0.000000 
5.134503 -0.908562 0.360181 -5.456562 40.409008 1.000000 0.000000 
5.076341 -1.872952 -0.237860 -16.273472 30.754278 1.000000 0.000000 
5.183521 -1.185365 -0.062107 3.845627 42.211830 1.000000 0.000000 
5.177250 -1.268957 -0.124762 3.584152 43.935524 0.000000 0.000000 
5.185318 -0.510521 -0.028905 -3.929264 34.307686 1.000000 0.000000 
5.230147 -0.696328 -0.410215 -16.402485 29.018917 1.000000 0.000000 
5.245116 -0.727997 -0.183108 -12.116013 33.131607 1.000000 0.000000 
5.212437 -1.814468 0.006360 -19.993614 23.743221 1.000000 0.000000 
5.284052 -1.607814 -0.456384 -13.934704 28.162952 1.000000 0.000000 
17.176451 0.439305 -0.566962 4.806945 40.168552 0.000000 0.000000 
17.149307 3.536084 -1.502158 -10.756096 26.093136 0.000000 1.000000 
17.033678 8.508921 0.212365 10.011650 37.306030 0.000000 0.000000 
17.064789 8.664949 0.433607 9.728836 38.563171 0.000000 0.000000 
-7.236079 -18.475296 4.651053 -3.120346 26.642694 0.000000 0.000000 
18.352747 8.662707 -0.356625 -0.509819 31.820213 0.000000 0.000000 
18.512972 8.476493 -0.626260 0.927658 34.102135 0.000000 0.000000 
18.436325 9.661386 -0.089185 10.094894 41.550312 0.000000 0.000000 
18.615168 9.667345 -0.236912 8.133492 40.120853 0.000000 0.000000 
22.049236 9.280772 0.363153 6.617813 38.052883 0.000000 0.000000 
21.659567 10.285208 0.687642 6.999184 35.402866 0.000000 0.000000 
23.947771 8.341210 2.224863 -5.940681 26.740007 0.000000 0.000000 
27.544315 0.931572 1.092720 3.659424 32.664909 0.000000 0.000000 
26.419916 8.790478 -0.928580 13.835045 36.712421 0.000000 0.000000 
26.444824 8.895723 0.136274 11.247124 35.700882 0.000000 0.000000 
24.766657 -14.978739 1.874138 -1.648041 25.990049 0.000000 0.000000 
25.279539 -14.886821 0.557088 -4.043266 26.420935 0.000000 0.000000 
25.329102 -14.919197 0.082910 -3.277214 26.950190 0.000000 0.000000 
25.793089 -15.017677 2.087732 -2.979958 23.784550 0.000000 0.000000 
32.699650 1.119365 0.658743 3.208984 27.375507 0.000000 0.000000 
37.982533 16.478981 0.268216 1.657463 23.654472 0.000000 0.000000 
37.648056 17.359756 11.320118 1.287857 23.947561 0.000000 0.000000 
45.383938 16.487492 -2.040550 -0.518707 19.761814 0.000000 0.000000 
46.406857 17.271835 1.245466 15.280975 31.352472 0.000000 0.000000 
46.655209 16.697170 1.235512 13.643616 30.693214 0.000000 0.000000 
50.088226 16.067913 1.922228 2.826736 21.178534 0.000000 0.000000 
50.076366 16.813385 1.930572 1.510353 19.911549 0.000000 0.000000 
52.458107 9.393063 0.021745 16.526169 32.283703 0.000000 0.000000 
52.602123 9.123355 -0.086788 18.796982 31.949154 0.000000 0.000000 
53.457329 10.373903 -0.193264 0.102493 18.348040 0.000000 0.000000 
54.864918 7.388223 -0.129194 22.830078 37.819736 0.000000 0.000000 
54.930065 7.343777 -0.762594 21.558060 34.960327 0.000000 0.000000 
56.237896 7.338778 -3.164527 2.749725 19.878307 0.000000 0.000000 
56.271248 7.383260 -2.569378 2.742805 20.408533 0.000000 0.000000 
56.752831 7.194329 -1.947854 15.381195 29.067123 0.000000 0.000000 
56.871574 6.688265 -2.239264 19.485374 34.807293 0.000000 0.000000 
56.708092 9.537920 1.835264 14.295563 26.637680 0.000000 0.000000 
56.871346 8.819914 -0.276698 10.694672 24.896536 0.000000 0.000000 
56.879726 9.530459 -2.624261 10.914764 24.703323 0.000000 0.000000 
58.193962 7.382490 -2.906335 6.095299 21.572914 0.000000 0.000000 
58.277401 7.619292 -2.549253 4.950820 21.064297 0.000000 0.000000 
55.843655 18.147865 -0.769174 1.057594 17.158482 0.000000 0.000000 
58.516411 8.846596 -0.306866 18.209122 30.614094 0.000000 0.000000 
58.628361 9.033663 -0.348023 20.920403 33.201130 0.000000 0.000000 
60.569603 8.847756 -1.540935 21.821854 33.747437 0.000000 0.000000 
60.472202 9.431499 -0.460366 23.634186 36.446861 0.000000 0.000000 
62.566772 9.323484 -1.981354 13.324356 27.278288 0.000000 0.000000 
62.706779 8.702983 -2.906062 12.636276 27.523052 0.000000 1.000000 
57.595505 -31.634804 2.938851 15.739105 28.601225 0.000000 0.000000 
57.727840 -31.590157 3.667088 18.153336 30.058365 0.000000 0.000000 
57.519474 -32.206135 5.851016 16.128204 28.929575 0.000000 0.000000 
-16.758123 -63.651985 2.461685 2.641991 17.037460 0.000000 1.000000 
65.762833 12.904547 3.952549 6.402283 18.034941 0.000000 1.000000 
5.497140 -67.980209 0.077925 3.558884 16.820652 0.000000 0.000000 
5.531963 -67.999870 -0.565991 2.819656 16.673611 0.000000 0.000000 
67.874733 10.651608 0.444602 8.830597 20.588198 0.000000 0.000000 
67.903198 12.519918 0.947612 20.969398 30.078022 0.000000 0.000000 
68.076492 12.115936 1.642529 25.125893 35.163139 0.000000 0.000000 
70.536400 8.734629 -0.679184 12.497787 24.466352 0.000000 0.000000 
57.563961 -43.455940 3.298669 7.701515 23.059309 0.000000 0.000000 
58.072132 -43.064598 5.276997 12.770081 26.563818 0.000000 0.000000 
72.452530 9.809190 -0.742918 18.421501 27.674467 0.000000 0.000000 
72.676384 8.619231 -0.415946 25.941460 34.589115 0.000000 0.000000 
74.787048 6.984684 -2.628015 13.422050 24.204826 0.000000 0.000000 
74.888298 7.659589 -2.475253 8.858101 21.346504 0.000000 0.000000 
76.832474 7.422276 -2.373967 16.608566 27.619696 0.000000 0.000000 
7.868443 -77.222954 -2.707394 13.341850 25.682850 0.000000 0.000000 
8.049985 -77.220856 -1.534334 16.350182 28.103245 0.000000 0.000000 
78.653633 8.531636 -1.346077 20.309074 29.925953 0.000000 0.000000 
57.361740 -56.560795 6.115989 4.840637 18.636393 0.000000 0.000000 
80.758949 8.147740 -2.490679 13.605316 25.982212 0.000000 0.000000 
55.798241 -64.125931 6.079134 10.488914 18.020710 0.000000 0.000000 
84.229309 12.178979 1.447270 10.064888 22.423603 0.000000 0.000000 
86.329025 10.793159 2.230519 13.818390 22.011011 0.000000 0.000000 
57.493187 -67.987839 5.528871 17.551636 25.453007 0.000000 0.000000 
57.646854 -67.996887 5.857933 16.854881 23.728397 0.000000 0.000000 
88.731079 8.492326 1.276787 13.948784 22.538975 0.000000 0.000000 
90.473534 9.929955 1.366299 22.171860 28.421108 0.000000 0.000000 
91.217049 -11.334092 8.128951 14.645554 27.151054 0.000000 0.000000 
91.287231 -12.667723 10.064375 7.639778 20.705564 0.000000 0.000000 
92.816689 7.652503 -1.052425 18.397926 26.798698 0.000000 0.000000 
96.363510 -11.536424 7.906642 6.843544 17.318907 0.000000 0.000000 
107.741852 16.498150 0.598035 15.601494 20.698797 0.000000 0.000000 
107.681488 16.927616 2.393411 12.344727 16.385126 0.000000 0.000000 
7.142599 -110.114059 -2.405631 6.253952 14.816402 0.000000 0.000000 
54.863667 -103.968613 -4.118904 16.973038 20.686062 0.000000 0.000000 
57.258125 -102.881371 0.487285 12.172180 20.565264 0.000000 0.000000 
118.565765 9.163504 -1.352081 7.614685 13.889282 0.000000 0.000000 
118.847649 8.852122 -4.199610 6.318420 11.843525 0.000000 0.000000 
10.131791 -129.306549 -0.968688 14.648254 17.099678 0.000000 0.000000 
7.667861 -134.379990 0.919197 16.459785 18.607847 0.000000 0.000000 
6.669502 -135.662201 -0.709154 14.357208 17.395443 0.000000 0.000000 
6.749989 -138.148132 0.726976 12.314507 14.585455 0.000000 0.000000 
8.075735 -140.811890 -2.021334 11.666641 14.327436 0.000000 0.000000 
7.866554 -143.392334 -0.516859 23.023605 25.576469 0.000000 0.000000 
7.538870 -144.647324 -3.088506 21.870483 23.004627 0.000000 0.000000 
6.854091 -145.821854 0.115015 12.650993 14.283590 0.000000 0.000000 
7.270866 -145.890915 -3.931330 19.715919 20.873917 0.000000 0.000000 
7.838522 -147.096649 0.125811 25.191338 26.679247 0.000000 0.000000 
8.505364 -148.292114 -3.885376 21.510208 22.445471 0.000000 0.000000 
6.486263 -149.617294 -5.794473 18.272652 19.262405 0.000000 0.000000 
8.300788 -151.177307 -5.045641 13.029228 14.882114 0.000000 0.000000 
57.957867 -158.931641 4.632581 13.603386 14.397114 0.000000 0.000000 
7.967075 -173.361664 -7.036038 19.912666 19.352009 0.000000 0.000000 
176.153946 64.822861 19.250881 34.334267 26.751320 0.000000 0.000000 
185.656799 63.796646 19.569277 21.945518 14.964987 0.000000 0.000000 
1.772307 8.375908 -0.051287 -51.280685 9.909473 1.000000 1.000000 
-0.327940 8.828217 0.004914 -44.854729 16.103718 1.000000 1.000000 
-0.035182 9.610619 0.056169 -23.733505 28.106445 1.000000 1.000000 
2.981565 10.480701 0.079519 -31.615677 10.057869 1.000000 1.000000 
2.298117 12.327909 0.391540 -15.932915 32.481377 0.000000 0.000000 
2.019141 12.477313 -0.079305 -35.521072 14.534363 1.000000 1.000000 
2.223121 12.839024 -1.012643 -11.405701 34.762581 0.000000 0.000000 
2.197317 13.102611 -1.162046 -10.936432 33.266769 0.000000 0.000000 
2.277089 13.529254 -0.086886 -2.312637 38.125229 0.000000 0.000000 
2.361815 13.953405 -0.112068 -0.190941 41.287041 0.000000 0.000000 
2.117821 14.166788 -0.093386 -28.191833 12.663372 1.000000 1.000000 
2.472412 14.266747 0.111145 -31.243202 10.528820 1.000000 1.000000 
2.324980 14.383295 -0.157574 3.077805 43.172523 0.000000 0.000000 
2.316550 14.393988 -0.158661 0.340752 39.819794 0.000000 0.000000 
2.302838 14.494234 -0.151177 2.103958 40.961929 0.000000 0.000000 
2.346784 14.844101 -0.125495 -3.670258 35.224915 0.000000 0.000000 
2.270703 15.182490 0.141888 -10.083626 34.982925 0.000000 0.000000 
2.266694 15.288994 0.181753 -12.894897 35.731739 0.000000 0.000000 
2.527034 15.583817 -0.062658 -31.747215 12.518570 1.000000 1.000000 
2.332073 15.679852 0.284932 -6.800293 36.442848 0.000000 0.000000 
2.335070 15.817219 0.278691 -7.948936 31.513145 0.000000 0.000000 
2.262219 16.177788 -0.170338 -15.005516 33.090042 0.000000 0.000000 
2.340652 16.604820 -0.074597 -7.877052 35.452484 0.000000 0.000000 
2.329799 16.714418 -0.029689 -5.933556 34.163223 0.000000 0.000000 
2.259602 16.730921 0.264055 -19.328018 26.858465 0.000000 0.000000 
2.117548 17.186588 -0.169795 -35.925613 7.335259 1.000000 1.000000 
2.195215 17.233650 -0.071815 -18.238800 28.202677 0.000000 0.000000 
2.659205 17.212555 0.523414 -39.810753 9.875637 1.000000 1.000000 
2.260870 17.516220 -0.178909 -3.255638 36.623108 0.000000 0.000000 
2.283124 17.536556 -0.079270 -2.755592 36.716057 0.000000 0.000000 
2.327930 17.947540 0.295577 -7.185188 30.601234 0.000000 0.000000 
2.407090 18.235371 -0.180088 -11.463760 27.416435 1.000000 1.000000 
2.342572 18.261530 0.320391 -4.374489 29.427662 0.000000 0.000000 
2.336092 18.361967 -1.344600 -5.462914 34.290680 0.000000 0.000000 
2.280341 18.697613 0.075919 -11.275314 26.932356 0.000000 0.000000 
2.261425 19.319443 0.240935 -7.604248 30.574730 0.000000 0.000000 
2.043059 19.478226 -0.003131 -20.489006 16.201529 1.000000 1.000000 
2.431330 19.473866 -0.148538 -28.406517 10.815121 1.000000 1.000000 
2.312943 19.569592 -0.218077 -2.677391 35.742447 1.000000 1.000000 
2.177365 19.742863 -0.064001 3.309807 40.085888 0.000000 0.000000 
2.216545 19.873257 0.173838 2.789177 38.066463 0.000000 0.000000 
2.187910 20.431654 0.368340 -4.120445 33.119015 0.000000 0.000000 
2.269395 20.448576 -0.098027 -1.028137 37.247524 1.000000 1.000000 
2.153106 20.576519 -0.549288 8.446716 45.794533 0.000000 0.000000 
2.217586 20.963839 -0.436785 -0.471031 32.776283 0.000000 0.000000 
2.194736 21.000631 -0.478271 5.531295 41.416443 0.000000 0.000000 
2.659270 23.553223 0.574483 -12.835579 27.656845 0.000000 0.000000 
-6.534979 22.898079 0.265003 -6.203308 27.104376 0.000000 0.000000 
-6.536015 23.085835 0.342864 -5.821159 29.374353 0.000000 0.000000 
-6.920619 24.091557 0.327254 -6.837944 25.748255 1.000000 1.000000 
-7.413511 24.143148 0.675977 -14.120956 25.158319 0.000000 0.000000 
-7.384502 24.163609 0.737336 -12.605377 26.772476 0.000000 0.000000 
7.757034 24.942886 -0.614166 -12.077232 25.179375 0.000000 0.000000 
3.386146 26.539480 -0.007130 -12.696693 24.527704 0.000000 0.000000 
-11.618836 24.054558 7.132654 -13.609940 23.866440 0.000000 0.000000 
-7.732744 26.774107 7.544211 -14.278061 22.885742 0.000000 0.000000 
-7.380786 26.907160 1.702202 -15.324776 23.624893 0.000000 0.000000 
-7.614236 27.198271 4.405529 -10.743607 25.792139 0.000000 0.000000 
-7.125920 27.428165 3.083135 -14.906700 25.209560 0.000000 0.000000 
7.660322 27.279257 3.482663 -10.777161 24.845280 0.000000 0.000000 
7.702338 27.292620 3.378515 -8.319809 25.428177 0.000000 0.000000 
7.568459 27.647474 2.520606 -17.960457 21.787374 0.000000 0.000000 
8.523801 27.838049 3.937926 -13.383362 23.010918 0.000000 0.000000 
0.018022 29.387379 0.163768 -17.047600 23.542007 0.000000 0.000000 
8.349365 29.321758 -1.562466 -10.537865 26.150249 0.000000 0.000000 
-0.391495 30.787285 -0.982435 -20.124390 21.294151 0.000000 0.000000 
8.415689 29.448786 -1.920077 -10.746208 24.725986 0.000000 0.000000 
8.790582 29.616867 3.526644 -13.752007 22.941599 0.000000 0.000000 
9.490171 29.867762 -1.355010 -13.235275 22.283199 0.000000 0.000000 
-13.892581 27.834766 0.784845 -8.550797 23.062195 0.000000 0.000000 
5.676458 31.422773 12.020758 -19.246101 18.594305 0.000000 0.000000 
6.945689 31.704773 2.332253 -14.086967 20.692833 1.000000 1.000000 
6.097719 32.149872 -0.262068 -17.551788 20.325165 0.000000 0.000000 
7.369272 31.859999 -0.092198 -16.656929 22.376345 0.000000 0.000000 
6.932980 32.304672 2.216502 -0.583435 31.605183 0.000000 0.000000 
7.623041 32.131386 2.742992 -19.889725 19.248203 0.000000 0.000000 
7.006064 32.386063 2.313037 -0.999489 32.409649 0.000000 0.000000 
7.793576 32.196304 -0.237947 -11.798378 23.549664 0.000000 0.000000 
6.755193 32.703400 -0.735004 -16.695274 16.576252 1.000000 1.000000 
6.442564 32.983944 4.173654 -15.575737 21.138870 0.000000 0.000000 
6.842667 33.238865 5.272643 -16.637825 19.762676 0.000000 0.000000 
5.172598 34.124268 0.459189 -29.509583 7.084755 1.000000 1.000000 
6.980099 33.732773 -0.799972 -0.597000 31.690128 0.000000 0.000000 
7.008636 33.862778 -0.928254 -1.725708 30.681028 0.000000 0.000000 
6.446683 34.270935 4.243607 -10.080582 22.664391 0.000000 0.000000 
5.524979 34.567318 -0.358103 -30.573967 6.376565 1.000000 1.000000 
7.277925 34.534836 2.977785 -13.914711 22.508427 0.000000 0.000000 
6.725081 34.683353 2.737699 -16.981186 21.213348 0.000000 0.000000 
7.195436 34.617744 3.152916 -11.132637 23.151953 0.000000 0.000000 
7.332559 34.745983 3.229081 -19.144981 18.645679 0.000000 0.000000 
6.475184 35.181969 4.564522 -6.763573 26.165417 0.000000 0.000000 
6.220466 35.598557 3.337358 -14.234123 19.169277 0.000000 0.000000 
6.330067 35.639828 3.372948 -4.466133 29.204758 0.000000 0.000000 
6.373275 36.070995 4.079153 -7.877647 24.595215 0.000000 0.000000 
6.413026 36.087685 3.445314 -5.924057 26.724567 0.000000 0.000000 
6.399199 36.344303 3.660878 -3.149147 28.119576 0.000000 0.000000 
6.535865 36.427891 2.649407 -9.468887 23.856314 0.000000 0.000000 
6.800932 36.489193 -0.262303 -13.594246 21.770569 0.000000 0.000000 
6.960458 36.840382 3.312032 -7.830177 24.059475 0.000000 0.000000 
6.797066 36.909340 2.736836 -15.852019 20.243814 0.000000 0.000000 
7.103690 36.995590 4.094666 -4.367348 26.190454 0.000000 0.000000 
7.044096 37.511356 3.057257 -21.258446 12.061604 1.000000 1.000000 
22.534550 30.329504 0.901576 0.406364 21.142366 0.000000 0.000000 
22.843323 30.169006 0.815519 -6.507881 17.619246 0.000000 0.000000 
22.795000 30.410650 1.495534 -1.881973 21.901033 0.000000 0.000000 
22.094421 31.017691 0.347501 -1.063286 20.912512 0.000000 0.000000 
23.297012 31.336067 1.019580 -3.748749 17.046886 1.000000 1.000000 
6.107392 39.642765 6.051006 -17.263344 18.084009 0.000000 0.000000 
6.276424 39.715160 6.331962 -13.316719 17.607882 1.000000 1.000000 
6.034351 40.225006 -5.903966 -17.739914 16.475840 0.000000 0.000000 
5.915336 40.253040 7.417593 -13.138191 18.516130 0.000000 0.000000 
-15.521982 37.613609 6.454104 -13.729805 18.962013 0.000000 0.000000 
5.911286 40.559464 5.739648 -16.898834 20.176851 0.000000 0.000000 
33.942268 19.728863 -0.303199 4.778625 18.113140 0.000000 0.000000 
13.150015 39.068954 4.658118 -11.118454 20.465689 0.000000 0.000000 
6.347244 40.970985 5.722766 -11.444771 21.058887 0.000000 0.000000 
7.240622 41.295059 -1.197117 -14.526404 18.322498 1.000000 1.000000 
9.397643 41.117794 3.295353 -15.930954 17.628483 0.000000 0.000000 
8.399189 41.435383 2.937547 -11.750214 20.235405 0.000000 0.000000 
8.864839 41.358799 3.970589 -5.879128 23.562912 0.000000 0.000000 
7.548637 41.780689 -0.943750 -10.402626 21.188999 0.000000 0.000000 
7.483155 41.988262 -1.092150 -8.272354 23.906803 0.000000 0.000000 
8.490815 41.810905 3.953076 -13.342163 20.655834 0.000000 0.000000 
10.196192 41.498302 4.107792 -15.821654 18.021482 0.000000 0.000000 
5.622046 42.756416 0.077877 -16.740120 17.726316 0.000000 0.000000 
5.244572 42.821548 -0.679279 -7.346863 22.536636 0.000000 0.000000 
5.173469 42.841328 -0.470291 -9.252907 19.903122 0.000000 0.000000 
-10.217608 42.075653 -0.173369 -17.648308 15.561512 0.000000 1.000000 
5.264130 43.125660 -0.791772 -16.343796 18.770266 0.000000 0.000000 
11.001763 42.075615 -0.438480 -17.550079 15.732439 0.000000 0.000000 
5.225183 43.577610 -0.427701 -8.303421 20.652794 0.000000 0.000000 
5.125064 43.607658 -0.810794 -18.264664 14.187752 0.000000 0.000000 
5.106318 43.622337 -0.532283 -15.559845 16.365583 0.000000 0.000000 
5.329356 43.613605 -0.434628 -6.848434 22.297754 0.000000 0.000000 
5.327014 43.682121 -0.150606 -12.190636 18.447882 0.000000 0.000000 
5.365796 43.704147 -0.476661 -8.282318 22.190454 0.000000 0.000000 
5.184967 44.078491 -0.394588 -14.741890 17.754766 0.000000 0.000000 
5.223747 44.074017 -0.852019 -19.121811 13.204121 1.000000 1.000000 
5.144883 44.142448 -1.097654 -14.893425 18.621275 0.000000 0.000000 
7.805404 43.761013 3.003611 -10.471710 23.167858 0.000000 0.000000 
7.765294 43.949184 2.851381 -4.460732 26.373215 0.000000 0.000000 
7.280317 44.189907 5.790377 -10.435066 18.884512 0.000000 0.000000 
7.308661 44.231495 5.642463 -11.802338 16.614223 0.000000 0.000000 
7.518531 44.246624 5.752844 -10.094444 19.645546 0.000000 0.000000 
5.429100 44.918999 -0.592939 -13.441048 15.662224 1.000000 1.000000 
37.398170 21.993322 -0.770481 9.059036 19.494284 0.000000 1.000000 
37.890491 22.740898 5.160547 4.353271 15.985933 0.000000 0.000000 
7.036129 46.080124 6.250028 -12.266785 16.715832 0.000000 0.000000 
7.102396 46.221294 6.205980 -15.311203 15.696640 0.000000 0.000000 
7.524399 46.397652 2.483754 -10.605736 19.400898 0.000000 0.000000 
7.046437 46.929607 10.601762 -17.372620 16.614056 0.000000 0.000000 
6.994548 47.023277 7.746092 -19.340553 13.902840 0.000000 0.000000 
7.167413 47.136414 6.289602 -10.001030 18.941509 0.000000 0.000000 
7.819832 47.089859 5.347744 -7.967621 21.895927 0.000000 0.000000 
7.958624 47.194141 5.468576 -11.227959 21.813810 0.000000 0.000000 
7.842063 47.218647 5.347040 -13.835220 17.636513 0.000000 0.000000 
7.905327 47.224327 5.613788 -6.117142 22.471317 0.000000 0.000000 
7.720562 47.860405 -5.847038 -11.683723 20.190636 0.000000 0.000000 
35.110878 31.521128 1.252746 16.052177 27.857269 0.000000 0.000000 
35.018509 31.794357 1.029204 8.157280 21.025484 0.000000 0.000000 
7.321655 48.134754 5.064517 -11.294632 16.729504 1.000000 1.000000 
35.201679 31.782934 1.440847 14.889908 25.382710 0.000000 0.000000 
8.293356 48.039822 4.519576 -10.443497 21.115597 0.000000 0.000000 
35.122196 32.076988 1.384693 10.630302 19.914669 0.000000 0.000000 
15.802752 46.243710 1.155960 -11.950760 16.941418 0.000000 0.000000 
7.352049 49.068329 4.917843 -12.621056 18.941395 0.000000 0.000000 
7.750735 49.032894 4.111924 -13.149117 18.981731 0.000000 0.000000 
7.727087 49.329823 4.979784 -7.328629 20.234894 0.000000 0.000000 
7.851487 49.356865 4.487914 -8.056931 20.413496 0.000000 0.000000 
8.161334 49.448475 5.480178 -13.558067 15.689178 0.000000 0.000000 
-15.819386 48.121529 6.570343 -16.380730 15.102692 0.000000 1.000000 
9.165348 50.042511 3.353455 -16.728989 15.185154 0.000000 0.000000 
8.270085 50.237976 1.083382 -17.636505 15.269108 0.000000 0.000000 
7.888108 50.495022 5.919439 -21.824562 6.982922 1.000000 1.000000 
7.118734 50.851372 5.983117 -16.802521 14.926666 0.000000 0.000000 
7.635604 50.783424 6.056031 -14.548820 15.652126 0.000000 0.000000 
7.818450 51.006893 5.940949 -7.455154 21.223276 0.000000 0.000000 
7.844379 51.125618 4.528855 -15.746535 11.861725 0.000000 0.000000 
7.753293 51.189175 5.773913 -11.449425 20.380444 0.000000 0.000000 
7.853302 51.184807 -7.035567 -4.745483 21.335381 0.000000 0.000000 
7.757951 51.276592 5.600798 -9.960869 17.093632 0.000000 0.000000 
7.834098 51.295074 -7.086108 -7.579796 17.221516 0.000000 0.000000 
12.394830 50.607632 1.917628 -15.912041 13.805038 0.000000 0.000000 
13.126756 50.435040 3.726669 -13.128059 17.310991 0.000000 0.000000 
10.216930 51.356274 5.880706 -13.114456 16.653696 0.000000 0.000000 
12.843935 50.932384 4.000939 -13.616524 16.136715 0.000000 0.000000 
12.337082 51.327713 3.398494 -19.273239 11.568146 0.000000 0.000000 
12.585666 51.542686 4.002311 -9.140755 19.930775 0.000000 0.000000 
12.277379 51.648792 3.454918 -12.789062 14.208609 0.000000 0.000000 
12.256690 51.660271 3.444524 -7.516899 19.404682 0.000000 0.000000 
6.370443 53.157818 5.447855 -15.195374 15.197210 0.000000 0.000000 
6.604442 53.218830 -6.285439 -17.977715 12.885769 0.000000 0.000000 
7.781092 53.066624 10.990248 -16.678108 14.151525 0.000000 0.000000 
6.969416 53.432785 5.767024 -4.651649 20.671238 0.000000 0.000000 
7.471880 53.422329 5.969985 -4.409134 21.124165 0.000000 0.000000 
7.903059 53.365765 6.410161 -9.871384 19.739538 0.000000 0.000000 
6.686101 53.891010 2.331463 -5.687561 21.815578 0.000000 0.000000 
7.136930 53.830307 3.837007 -2.455566 22.084122 0.000000 0.000000 
7.443341 53.862553 1.978656 -12.204872 23.745623 0.000000 0.000000 
6.858514 53.967537 4.630976 -5.756416 23.002186 0.000000 0.000000 
8.338266 54.014378 4.095212 -3.123970 22.991737 0.000000 0.000000 
7.259108 54.206158 -6.826331 -0.232605 23.479820 0.000000 0.000000 
8.205877 54.164951 3.803794 -3.228043 23.380854 0.000000 0.000000 
7.512652 54.280804 3.598915 -7.556252 19.087723 0.000000 0.000000 
8.232673 54.221794 3.667858 -11.017502 17.789536 0.000000 0.000000 
7.941407 54.642803 3.570100 -2.395760 22.874556 0.000000 0.000000 
8.391564 54.590328 3.499138 -9.865700 19.517469 0.000000 0.000000 
8.383336 54.670197 3.649916 -16.792946 14.244822 0.000000 0.000000 
8.370285 54.781029 3.299639 -10.301521 20.091595 0.000000 0.000000 
6.530547 55.285645 4.400270 -4.129448 22.011078 0.000000 0.000000 
6.754560 55.414898 4.092635 -17.402878 14.455738 0.000000 0.000000 
7.254813 55.634510 4.913326 -4.965744 22.114336 0.000000 0.000000 
7.531271 55.599365 -7.610827 -9.114099 18.861868 0.000000 0.000000 
6.766504 55.726570 -7.859465 -6.487549 19.342373 0.000000 0.000000 
7.141025 55.819702 5.306096 -8.469696 18.214508 0.000000 0.000000 
6.860752 55.887520 4.972966 -15.171494 15.056677 0.000000 0.000000 
6.642189 56.152760 5.517429 -5.857582 19.638683 0.000000 0.000000 
6.444016 56.188774 5.428035 -7.357948 18.856066 0.000000 0.000000 
44.105492 33.491974 2.256447 18.039696 22.786053 0.000000 0.000000 
44.633732 32.705467 1.759070 20.326561 25.409124 0.000000 0.000000 
44.325096 33.202553 2.013685 20.983566 24.343931 0.000000 0.000000 
44.879265 32.366081 -2.100663 16.646950 23.055027 0.000000 0.000000 
44.835472 33.003170 0.205017 5.947814 14.404497 0.000000 0.000000 
6.750627 57.029774 5.121519 -9.338440 18.922653 0.000000 0.000000 
6.709002 57.330879 3.301401 -7.820023 18.373201 0.000000 0.000000 
7.556135 57.345070 4.797700 -12.567787 18.315243 0.000000 0.000000 
6.095129 57.638046 10.020164 -8.227379 17.001278 1.000000 1.000000 
7.054913 57.530323 1.870964 -18.354782 14.014526 0.000000 0.000000 
7.980573 57.696201 -0.643912 -14.653542 14.829813 0.000000 0.000000 
7.067839 57.851463 5.250389 -7.362419 20.503904 0.000000 0.000000 
7.316932 57.879639 4.988567 -9.569595 18.745205 0.000000 0.000000 
6.475284 58.338226 6.181698 -10.970100 16.642263 0.000000 0.000000 
29.342400 50.247902 2.090975 -8.671837 14.412928 0.000000 1.000000 
6.936583 58.665806 10.848555 -10.504395 15.639082 0.000000 0.000000 
6.418243 58.789452 3.772223 -5.877831 22.131008 0.000000 0.000000 
6.307196 58.899212 9.832269 -2.215485 21.305061 0.000000 0.000000 
6.222406 58.984364 4.286468 -11.969582 15.990753 0.000000 0.000000 
6.629819 59.110107 4.361809 -17.370155 11.271122 0.000000 0.000000 
6.216321 59.180435 6.262055 -14.716278 13.067604 0.000000 0.000000 
8.332776 58.968296 8.086418 -16.787178 13.878483 0.000000 0.000000 
7.875303 59.060631 4.525132 -13.646263 14.572550 0.000000 0.000000 
8.185652 59.434753 4.748366 -14.021904 17.947664 0.000000 0.000000 
7.171535 59.601524 7.758877 -12.980484 16.401714 0.000000 0.000000 
7.303567 59.611786 6.563837 -11.359352 16.349476 0.000000 0.000000 
7.936474 59.864071 7.524844 -12.146942 14.830765 0.000000 0.000000 
8.169147 59.850372 8.989383 -12.673187 15.024023 0.000000 0.000000 
7.452140 59.972702 7.618214 -6.690865 18.794289 0.000000 0.000000 
6.766779 60.103695 6.914779 -13.771568 13.652206 0.000000 0.000000 
8.204526 60.292507 5.015308 -15.690033 13.792233 0.000000 0.000000 
7.790427 60.366302 4.951408 -9.673012 17.346094 0.000000 0.000000 
8.264973 60.300514 14.082554 -14.437607 14.853241 0.000000 0.000000 
7.709320 60.798695 7.813289 -12.362030 14.631943 0.000000 0.000000 
6.227315 61.047390 7.241603 -17.033974 9.499878 0.000000 0.000000 
-7.607707 61.146553 -1.345185 0.168358 24.046162 0.000000 0.000000 
-7.640977 61.154140 -1.267262 -0.570801 22.999687 0.000000 0.000000 
-7.596685 61.260372 -1.237569 2.158760 26.972454 0.000000 0.000000 
-7.648195 61.257336 -1.384552 -5.527496 19.942835 0.000000 0.000000 
-8.099442 61.394775 -1.372485 -24.235184 3.752312 1.000000 1.000000 
-8.013812 61.558357 -1.354117 -15.606575 11.930965 0.000000 0.000000 
-8.532922 61.576748 -1.491420 -22.020081 10.504768 0.000000 0.000000 
8.480935 61.798126 8.552999 -16.538078 13.324734 0.000000 0.000000 
-8.285101 62.021458 -1.194330 -17.345345 12.014133 0.000000 0.000000 
7.450995 62.144718 7.183520 -14.262848 13.396130 0.000000 0.000000 
7.478342 62.187153 0.063296 -19.492874 9.829845 0.000000 0.000000 
-7.845416 62.348682 -1.294191 -14.304756 12.405323 1.000000 1.000000 
1.387265 63.122318 -0.600839 -18.222069 10.522224 0.000000 1.000000 
29.899307 55.773254 4.095103 -10.812271 10.135387 0.000000 0.000000 
7.991364 64.204185 -0.200926 -11.046555 13.044250 0.000000 0.000000 
8.080884 64.206482 -0.620010 -21.025558 8.445621 0.000000 0.000000 
8.045670 64.249092 -1.112705 -12.242378 12.527939 0.000000 0.000000 
-12.395759 64.177032 5.737553 -17.578194 12.938217 0.000000 0.000000 
-11.433549 64.443314 0.090442 -9.632538 18.146826 0.000000 0.000000 
8.050036 66.893356 -1.596977 -12.489700 13.886570 0.000000 0.000000 
8.057051 67.108070 -1.407662 -15.520096 11.227936 0.000000 0.000000 
-12.923367 66.599449 0.401976 -15.219971 9.116959 1.000000 1.000000 
8.106191 67.624382 -1.905064 -19.760384 7.790989 1.000000 1.000000 
-13.247923 67.179733 -0.336068 -12.284676 12.663609 0.000000 0.000000 
-12.964819 67.248016 -0.052933 -14.323257 10.832439 0.000000 1.000000 
-12.478854 67.366348 2.582181 -9.681778 13.660255 0.000000 0.000000 
-12.679388 67.388054 0.891227 -10.215614 14.403271 0.000000 0.000000 
22.462488 64.762604 1.408112 -14.666786 8.583988 0.000000 1.000000 
50.231148 45.847576 1.213601 3.045837 10.634274 0.000000 0.000000 
43.251637 53.308521 2.762977 -1.703003 13.431080 0.000000 0.000000 
8.169392 69.243385 1.336501 -21.473389 4.894482 1.000000 1.000000 
43.771324 53.351814 2.221210 -3.094734 8.528728 0.000000 0.000000 
45.200130 52.109207 2.836620 8.578499 16.859966 0.000000 0.000000 
44.954975 52.358116 3.231779 3.606628 13.208675 0.000000 0.000000 
45.322651 52.186192 3.310585 7.958892 15.171535 0.000000 0.000000 
8.388642 69.653587 1.536987 3.006973 23.904114 0.000000 0.000000 
8.420476 69.858444 1.452276 -13.163422 13.318760 0.000000 0.000000 
8.379035 69.874420 1.589182 5.702178 27.343979 0.000000 0.000000 
8.269032 69.968407 -5.265848 -15.819510 11.507282 0.000000 0.000000 
8.404553 70.169777 1.210408 -12.309662 12.909710 0.000000 0.000000 
8.427567 70.272949 3.255294 -7.206070 15.217384 0.000000 0.000000 
8.456799 70.352074 8.305961 -8.622360 16.412436 0.000000 0.000000 
47.166988 52.025021 -4.353991 8.539192 19.919504 0.000000 0.000000 
8.498135 70.939667 1.592934 -2.570801 18.617670 1.000000 1.000000 
46.999298 52.675598 -5.220834 6.498909 18.471258 0.000000 0.000000 
-35.948402 61.518456 3.746998 -6.244072 11.696880 1.000000 1.000000 
-13.579185 70.637505 1.318591 -12.728111 13.306473 0.000000 0.000000 
47.656689 52.778854 -5.875356 1.128220 12.379192 0.000000 1.000000 
8.898041 71.656830 9.379851 -15.747292 7.154889 1.000000 1.000000 
-36.333576 62.012962 3.899162 3.796753 20.045481 0.000000 0.000000 
-36.056030 62.199543 3.730093 1.356476 16.447487 0.000000 0.000000 
-36.274998 62.181870 4.026937 2.505661 18.724426 0.000000 0.000000 
-36.213631 62.230389 3.276965 -0.558006 15.907469 0.000000 0.000000 
8.810845 72.031090 -7.659534 -19.098877 8.791126 0.000000 0.000000 
9.756502 71.993477 3.802130 -18.565735 7.986947 1.000000 1.000000 
9.006808 72.340004 1.951261 -14.649147 10.263771 0.000000 0.000000 
8.930683 72.428726 1.664986 -10.451469 10.839630 0.000000 0.000000 
10.136986 72.457405 3.507028 -10.959152 14.099123 0.000000 0.000000 
9.755290 72.723976 3.655032 -9.650497 15.070587 0.000000 0.000000 
-29.380964 66.998901 2.956671 -3.218536 15.317265 0.000000 0.000000 
-29.390747 67.384598 2.581350 -5.773613 14.460148 0.000000 0.000000 
-31.092728 66.584152 2.734174 -1.089417 20.225229 0.000000 0.000000 
-10.714919 73.228714 4.381324 -15.155640 14.272932 0.000000 0.000000 
-30.554428 67.083511 2.597575 -1.840134 19.911751 0.000000 0.000000 
-23.973343 70.084564 2.734336 -5.032471 17.041233 0.000000 0.000000 
-31.431568 66.908676 3.016954 -2.883736 19.194479 0.000000 0.000000 
-28.369366 68.667633 3.588375 -5.652939 18.694447 0.000000 0.000000 
-23.981380 70.540436 -5.830272 -1.749100 21.647560 0.000000 0.000000 
-28.356121 68.808586 4.561546 0.328796 21.912411 0.000000 0.000000 
-29.649471 68.254875 5.011416 7.827393 25.316916 0.000000 0.000000 
-29.736681 68.222694 4.708183 3.156326 21.601028 0.000000 0.000000 
-29.648272 68.731216 3.016109 -2.371330 17.438080 0.000000 0.000000 
-30.130394 68.838684 5.152396 -3.574089 16.280436 1.000000 1.000000 
-29.807108 69.012390 4.707242 -0.494659 20.452108 0.000000 0.000000 
-10.815320 74.719345 4.293909 -5.107872 20.733601 0.000000 0.000000 
-23.145996 72.213135 6.113534 -5.114891 17.272978 0.000000 0.000000 
-24.051950 72.244247 -7.939285 -3.751686 17.833263 0.000000 0.000000 
-10.613194 75.659401 5.434236 -8.895616 17.208969 0.000000 0.000000 
-10.405377 75.710747 5.546730 -7.837257 17.015461 0.000000 0.000000 
-8.111264 76.106087 8.922241 -13.564499 11.779102 0.000000 0.000000 
-23.843325 72.874420 3.036903 -8.146095 16.165693 0.000000 0.000000 
-38.157898 66.136581 -0.052067 -7.946495 13.591335 0.000000 0.000000 
-10.660439 76.210289 5.441139 -5.095016 16.350737 1.000000 1.000000 
-10.197713 76.292114 3.965282 -4.842438 18.313484 0.000000 0.000000 
10.786212 76.448769 2.177714 -11.093285 14.660484 0.000000 0.000000 
-22.339573 73.763573 10.166238 -3.525177 15.206219 1.000000 1.000000 
-10.825850 76.927277 5.263578 2.450562 22.892344 0.000000 0.000000 
-22.723080 74.190285 6.942329 -12.845192 10.366184 0.000000 0.000000 
-10.942616 76.985916 4.950717 -1.081100 19.474218 0.000000 0.000000 
-22.786705 74.615257 9.299525 -9.350433 13.227463 0.000000 0.000000 
-22.707527 74.684990 10.542177 3.003670 21.660572 0.000000 0.000000 
-22.718662 74.978561 10.548002 2.130699 19.695681 0.000000 0.000000 
-22.572435 75.045998 7.960275 -14.377258 9.843094 0.000000 0.000000 
-22.573448 75.077187 11.123173 -1.683784 17.189278 0.000000 0.000000 
55.661121 53.989380 2.431008 3.681480 7.875008 1.000000 1.000000 
-22.884523 75.368889 10.736366 -1.170319 17.514391 1.000000 1.000000 
55.931465 54.101974 2.483967 0.738869 8.982876 0.000000 0.000000 
55.716320 54.824188 1.768078 13.008896 17.353424 0.000000 0.000000 
56.304585 54.265465 2.156922 6.668961 10.554325 0.000000 0.000000 
55.714828 54.971397 1.602399 10.595253 16.721291 0.000000 0.000000 
58.210361 52.680531 3.707104 2.702576 17.037146 0.000000 0.000000 
58.727737 52.577438 3.428284 14.961731 17.193459 0.000000 0.000000 
58.652878 52.742229 -5.014685 8.415474 14.433319 0.000000 0.000000 
59.108719 52.399517 3.907818 15.081841 21.006975 0.000000 0.000000 
43.072823 67.557709 2.544288 -1.918106 13.320469 0.000000 0.000000 
-32.608746 73.639847 10.477726 -13.926476 10.265617 0.000000 0.000000 
59.706352 53.576050 2.313828 6.818787 11.200611 0.000000 0.000000 
59.965179 53.391365 1.982966 5.162193 10.603218 0.000000 1.000000 
70.897842 35.931610 -0.584805 11.707497 14.023926 0.000000 1.000000 
-22.152292 78.506310 5.387164 -4.221497 17.584028 0.000000 0.000000 
-22.064213 78.720131 5.423376 -10.000252 13.162163 0.000000 0.000000 
-22.473154 78.626068 5.187463 -9.198196 12.764427 0.000000 0.000000 
-21.540842 79.059288 5.894554 -8.339020 14.446814 0.000000 0.000000 
-22.184340 79.199371 5.963031 -4.492516 16.890921 0.000000 0.000000 
-21.537273 79.443314 6.485006 -3.724548 17.999323 0.000000 0.000000 
-22.307047 79.229530 6.211495 -7.604866 13.789948 0.000000 0.000000 
-21.796413 79.417404 5.950164 -5.927269 16.240719 0.000000 0.000000 
-32.571686 75.965630 7.975762 -2.755341 16.573547 0.000000 0.000000 
-32.005627 76.452957 7.186816 -2.700928 17.006180 0.000000 0.000000 
-38.184841 73.452026 6.380804 2.035515 19.127651 0.000000 0.000000 
-38.192413 73.570770 7.129376 -1.315842 17.370613 0.000000 0.000000 
-28.126877 78.271362 1.134346 -6.963051 12.282738 1.000000 1.000000 
-29.449713 77.837364 3.273947 -3.290802 15.107244 0.000000 0.000000 
-30.974459 77.534271 8.889860 1.541496 17.893866 0.000000 0.000000 
-37.203617 74.619179 7.291376 -0.460991 19.105919 0.000000 0.000000 
-30.357464 77.952835 6.570388 -8.282326 13.510960 0.000000 0.000000 
-37.290489 74.764648 7.809957 2.195801 20.316381 0.000000 0.000000 
-28.195021 79.136101 8.090155 -6.097458 16.288925 0.000000 0.000000 
-28.483372 79.286667 3.096018 -5.457329 14.448593 0.000000 0.000000 
-28.635141 79.413071 6.812346 -1.751991 18.701263 0.000000 0.000000 
-28.276447 79.571243 5.189730 -3.453270 17.903746 0.000000 0.000000 
-28.242840 79.666451 6.055686 2.541153 20.707027 0.000000 0.000000 
-37.737839 75.486115 8.343207 0.391876 16.989719 0.000000 0.000000 
-28.427591 79.729469 6.188121 -4.661331 14.102482 0.000000 0.000000 
-29.253393 79.643509 6.996830 -4.232651 16.934849 0.000000 0.000000 
-39.284760 75.371613 1.195392 -6.757324 11.250160 0.000000 0.000000 
-30.336294 79.689110 8.111185 -5.876778 15.243254 0.000000 0.000000 
44.824959 72.146873 3.261902 5.173653 18.161085 0.000000 0.000000 
44.349735 72.487717 2.889039 2.014290 17.351589 0.000000 0.000000 
-33.210110 78.915466 12.046831 -3.098679 16.189978 0.000000 0.000000 
-33.393574 78.861687 11.634852 -5.895203 14.031765 0.000000 0.000000 
-29.685200 80.521507 9.459318 -8.018265 11.127270 0.000000 0.000000 
-29.472485 80.630104 9.685771 -7.448669 12.231087 0.000000 0.000000 
-30.024414 81.192444 9.184501 -4.985039 15.123123 0.000000 0.000000 
-29.488543 81.413651 9.640808 -0.808617 17.241276 0.000000 0.000000 
-29.536520 81.410179 10.327676 -4.628868 13.908249 0.000000 0.000000 
-29.576181 81.688347 0.841373 -4.674896 18.302616 0.000000 0.000000 
52.750805 68.490654 2.521205 7.619286 17.407080 0.000000 0.000000 
52.107517 69.341980 3.574352 5.662788 17.174362 0.000000 0.000000 
52.089764 69.405457 3.157779 5.499039 16.298111 0.000000 0.000000 
51.990582 69.565002 4.401417 5.138481 17.455875 0.000000 0.000000 
5.348176 87.668922 0.081045 -10.397964 14.884319 0.000000 0.000000 
68.232521 53.307800 7.088346 9.009941 14.089399 0.000000 1.000000 
-52.699829 70.114685 8.803948 -2.006470 11.630318 0.000000 0.000000 
-39.504166 78.777412 12.921003 -4.603523 13.234310 0.000000 0.000000 
-33.760063 81.608208 13.634561 -1.625847 18.308903 0.000000 0.000000 
42.709095 77.328491 3.108422 0.709534 15.436670 0.000000 0.000000 
41.760773 78.041039 4.378073 0.406624 16.649992 0.000000 0.000000 
43.885582 77.405533 1.550442 -4.329643 12.363567 0.000000 0.000000 
21.609138 87.378250 4.521811 -8.720596 12.423805 0.000000 0.000000 
-49.558941 75.159569 3.167532 -4.234596 8.174992 0.000000 0.000000 
-50.189201 75.112579 9.985765 -0.200264 11.029377 0.000000 0.000000 
11.491043 90.824631 0.213205 -12.573143 10.781513 0.000000 0.000000 
11.076144 91.002045 2.821114 -8.129997 13.210655 0.000000 0.000000 
-37.647038 83.452454 8.582314 -8.132378 10.248772 0.000000 0.000000 
-22.689939 89.709450 5.552120 -11.081245 9.778748 1.000000 1.000000 
-22.777893 89.735474 6.116698 -10.999329 9.985977 0.000000 0.000000 
-21.877964 90.072578 6.722408 -17.007805 8.639294 0.000000 0.000000 
-21.222260 90.332573 6.648170 -4.927216 13.988750 0.000000 0.000000 
-21.289539 91.072662 6.743345 -12.182747 7.824090 1.000000 1.000000 
-23.144091 90.709435 7.045505 -7.897156 12.413284 0.000000 0.000000 
-23.262369 90.706993 6.868443 -13.707451 9.625175 0.000000 0.000000 
-23.428347 90.831970 5.753387 -5.580635 13.998833 0.000000 0.000000 
-21.985462 91.289650 6.829675 -5.180374 13.451817 0.000000 0.000000 
-23.842299 90.959839 7.103794 -12.827843 10.365967 0.000000 0.000000 
-19.723267 91.992119 8.016995 -11.900833 11.288876 0.000000 0.000000 
42.439445 85.995995 3.529700 -12.269798 5.960843 0.000000 1.000000 
-14.138596 97.001984 3.602820 -11.088730 9.044056 0.000000 0.000000 
-14.631622 97.302696 3.916170 -6.851814 11.551033 0.000000 0.000000 
-15.442284 97.202080 3.864374 -3.473274 14.750917 0.000000 0.000000 
-15.403286 97.229713 3.755270 1.715401 19.001776 0.000000 0.000000 
-14.887073 97.315948 3.857801 -3.352905 14.412773 0.000000 0.000000 
-15.592683 97.323029 3.700035 3.395332 19.379772 0.000000 0.000000 
-22.300032 96.280510 10.113955 -10.094583 8.790909 0.000000 0.000000 
-30.193506 94.586166 10.444566 -9.436104 9.108906 0.000000 0.000000 
-29.078470 95.170685 10.225869 -13.246040 6.221295 0.000000 0.000000 
-29.755032 95.955017 8.820853 -11.424385 7.494252 0.000000 0.000000 
-31.165848 95.610260 12.486632 -11.234352 6.188691 1.000000 1.000000 
-29.986961 96.459541 12.456940 -11.586082 4.947560 0.000000 0.000000 
-31.657667 96.213158 12.595933 -8.100578 10.789177 0.000000 0.000000 
-31.764116 97.299019 13.047557 -4.554031 10.205318 0.000000 0.000000 
-31.615997 98.033058 12.087625 -3.620689 9.669617 0.000000 0.000000 
-31.461750 98.128716 12.587317 -7.680641 8.666752 0.000000 0.000000 
-30.871210 98.848633 11.466211 -5.018585 10.546158 0.000000 0.000000 
-30.653894 99.167229 11.246449 -2.380440 12.350708 0.000000 0.000000 
-31.952360 98.883812 10.987595 -7.768600 8.608265 0.000000 0.000000 
-31.224138 99.467613 11.169497 -9.304840 7.434128 1.000000 1.000000 
-30.649639 99.786682 11.561102 -5.378136 10.152493 0.000000 0.000000 
-30.601826 99.966980 9.185892 -11.738670 6.796498 0.000000 0.000000 
-32.333759 100.203522 12.747908 -3.922569 9.140766 0.000000 0.000000 
34.216633 100.394028 2.810205 -8.489906 7.459954 0.000000 1.000000 
34.054501 100.514687 2.139615 -10.128189 6.224885 0.000000 1.000000 
-29.644571 102.707634 13.169943 -13.408516 4.655762 0.000000 0.000000 
-83.398628 65.505783 0.798684 6.197678 6.951806 0.000000 1.000000 
52.030746 97.544312 5.214992 -4.579285 9.291454 0.000000 0.000000 
51.831261 97.663795 5.761177 -2.034752 10.168152 0.000000 0.000000 
51.961285 97.641136 6.442482 -5.150032 9.021744 0.000000 0.000000 
51.245865 98.418228 6.148183 -0.990891 9.775646 0.000000 0.000000 
49.305107 99.494957 5.892905 -6.983589 8.611641 0.000000 0.000000 
49.887608 99.348503 5.594268 -4.282745 9.628139 0.000000 0.000000 
-38.253864 104.889816 2.986704 -8.604469 9.883572 0.000000 0.000000 
46.809963 101.713318 2.999173 -5.873260 7.512257 0.000000 0.000000 
46.089203 102.207458 4.351577 -6.478729 7.684460 0.000000 0.000000 
55.236507 98.110992 0.352678 -6.048660 8.545879 0.000000 0.000000 
-31.136679 109.112579 4.760219 -10.070396 8.158611 0.000000 0.000000 
37.392403 108.327667 3.643966 -2.346741 10.177200 0.000000 0.000000 
37.277756 108.423378 2.568267 -10.898895 4.398983 0.000000 0.000000 
37.203297 108.482857 4.406968 -6.703918 7.408627 0.000000 0.000000 
33.681747 110.134392 -0.207573 -10.338692 5.592328 0.000000 0.000000 
35.364899 109.610443 1.453410 -9.364616 6.184884 0.000000 0.000000 
35.336315 109.787910 0.663833 -6.962456 6.652825 0.000000 0.000000 
34.830418 110.260551 2.544795 -10.752396 5.240437 0.000000 1.000000 
33.648918 110.977982 1.797716 -12.728981 5.076149 0.000000 0.000000 
-7.605479 116.386703 -6.188593 -14.387833 7.006180 0.000000 0.000000 
-7.252155 117.632820 -4.997919 -9.820694 7.557019 0.000000 1.000000 
-7.226156 117.665367 -3.917121 -9.235512 6.641522 0.000000 0.000000 
-101.357155 59.373085 -5.159318 11.628578 7.719761 0.000000 1.000000 
43.248714 111.250099 1.907439 -8.881523 4.887085 0.000000 0.000000 
44.301373 110.870674 0.654465 -9.131416 6.162362 0.000000 0.000000 
42.413322 111.758842 1.257139 -5.495514 6.433999 0.000000 0.000000 
-22.128506 117.967651 6.026086 -6.685822 9.293720 0.000000 0.000000 
-22.726215 117.961189 10.042364 -4.946533 11.367973 0.000000 0.000000 
-23.373447 117.902229 9.080176 2.152321 14.929302 0.000000 0.000000 
-23.638340 117.865768 9.040222 -10.871536 5.839669 0.000000 0.000000 
-23.112125 117.974403 8.882139 -11.287216 5.910832 0.000000 0.000000 
-23.128941 118.210587 9.386511 1.695107 15.850330 0.000000 0.000000 
-23.543449 119.182594 9.665577 -3.621841 9.769817 1.000000 1.000000 
-29.928421 117.948380 11.871729 -12.344498 5.866326 0.000000 0.000000 
-32.131649 117.698830 12.475807 -7.281204 6.611619 0.000000 0.000000 
-34.043270 117.145187 9.720028 -8.268417 6.660996 0.000000 0.000000 
-32.747368 117.624451 10.343441 -10.102753 7.454808 0.000000 0.000000 
-21.961155 121.080032 3.784937 -13.004829 4.793229 0.000000 1.000000 
-7.120494 123.270370 -4.497281 -9.844429 7.173726 0.000000 0.000000 
-7.383503 123.283676 -4.745841 -8.856935 8.346756 0.000000 0.000000 
-7.508715 123.338806 -5.458034 -7.710106 9.854366 0.000000 1.000000 
-32.816643 119.746010 10.319699 -8.816606 7.384736 0.000000 0.000000 
-32.360229 120.372200 9.525523 -7.953224 7.105156 0.000000 0.000000 
-30.571207 121.828285 9.114558 -7.061928 7.029545 0.000000 0.000000 
36.765690 120.491638 2.506844 -8.513153 7.922719 0.000000 0.000000 
-33.919903 121.775703 12.715645 -8.003075 6.731789 0.000000 0.000000 
-34.931580 121.843285 12.612711 -9.316345 5.388264 0.000000 0.000000 
-36.064316 121.621452 15.623938 -3.729256 8.599804 0.000000 0.000000 
36.330627 121.612274 2.016840 -3.647781 8.672066 0.000000 0.000000 
-31.593111 123.111862 12.996778 -7.465591 7.072804 0.000000 0.000000 
-33.691795 123.184288 12.827037 -8.334915 4.826512 0.000000 0.000000 
-34.435722 123.455658 11.682903 -7.262840 6.292073 0.000000 0.000000 
-34.764774 123.617973 15.994762 -7.687141 6.385525 0.000000 0.000000 
-7.950250 128.924591 -4.620654 -6.145691 9.868908 0.000000 1.000000 
-7.143391 129.059448 -5.481113 -9.882332 7.670689 0.000000 1.000000 
-22.043900 127.502396 3.705750 -8.557755 8.668037 0.000000 0.000000 
-21.702682 127.690987 5.301385 -4.154678 8.817009 0.000000 0.000000 
-22.758795 127.516281 4.971577 -3.744957 11.488205 0.000000 0.000000 
-23.713140 127.792709 3.747552 -7.610275 8.950180 0.000000 0.000000 
-21.367399 128.382523 -7.667878 -2.039673 13.162998 0.000000 0.000000 
-22.040312 128.322540 -8.612993 -6.720001 9.635235 0.000000 0.000000 
-22.113394 128.445435 3.823351 -4.626236 7.514569 0.000000 0.000000 
-22.912882 128.325958 2.637131 -8.837509 5.817627 0.000000 0.000000 
-21.332130 128.602997 -3.412532 9.224945 19.494917 1.000000 1.000000 
-21.122730 128.693832 3.476281 2.075676 14.275711 0.000000 0.000000 
-21.482384 129.560532 -3.530631 11.717445 22.983034 0.000000 0.000000 
-22.141350 129.625641 -2.970629 -7.275726 6.637372 0.000000 0.000000 
-21.754402 129.837463 -3.099303 15.035461 24.616386 0.000000 0.000000 
-23.256523 129.623962 5.180383 4.961243 15.577011 0.000000 0.000000 
-21.687561 130.246368 -3.252375 7.829147 18.778990 1.000000 1.000000 
-23.235123 130.397644 -11.686909 -4.344353 11.061153 0.000000 0.000000 
55.021339 120.273590 3.505364 -4.999489 6.496087 0.000000 1.000000 
-22.163652 130.816498 -2.120214 10.640877 22.392498 1.000000 1.000000 
-22.188166 130.809616 -2.544860 -12.177574 2.846375 1.000000 1.000000 
-23.977995 130.709961 2.980630 -12.051704 5.018910 0.000000 0.000000 
-21.963894 131.434296 -1.749481 14.312897 24.286058 0.000000 0.000000 
-22.123337 131.406403 -2.093850 20.158546 28.583145 0.000000 0.000000 
-22.278193 131.532135 -2.167540 16.569267 27.496967 0.000000 0.000000 
-20.808752 132.201355 -7.348833 3.235748 21.386410 0.000000 0.000000 
-20.778282 132.301514 -7.307201 3.977867 20.061325 0.000000 0.000000 
-19.392248 132.680298 4.314391 7.991257 20.552296 0.000000 0.000000 
-22.523491 132.185791 -1.628083 -11.223091 2.412049 1.000000 1.000000 
-22.154419 132.384979 4.199198 -7.909958 5.518132 1.000000 1.000000 
-19.868160 132.841705 -11.085014 7.699829 19.340631 0.000000 0.000000 
-19.468273 133.319550 5.165333 1.093330 14.740934 0.000000 0.000000 
-19.639654 133.363586 -8.348344 3.964890 16.359562 0.000000 0.000000 
-20.446178 133.364838 -11.848509 -6.024902 6.531071 0.000000 0.000000 
-19.798000 133.932953 -10.585186 2.357071 14.867659 1.000000 1.000000 
-22.317442 133.598877 4.541606 -5.184952 7.784234 0.000000 0.000000 
-22.217190 133.662811 4.749323 -7.448219 6.723954 1.000000 1.000000 
-21.886469 133.754395 4.687416 -0.202286 12.426731 0.000000 0.000000 
-8.251972 135.364380 -5.811617 -2.859077 11.753605 0.000000 0.000000 
-8.012411 135.405640 -5.740114 -3.295929 12.953426 0.000000 1.000000 
7.129553 135.568634 -5.930375 -5.085518 12.092842 1.000000 1.000000 
41.092861 129.536774 4.026017 -4.836166 9.325428 0.000000 0.000000 
42.156414 129.303513 4.551535 -6.473030 7.919858 0.000000 0.000000 
6.079648 136.245392 -6.844003 3.099930 18.095898 0.000000 0.000000 
6.010286 136.259216 -6.772699 1.005913 17.063410 0.000000 0.000000 
6.886559 136.318695 -5.862137 4.196793 18.695232 0.000000 0.000000 
39.758457 130.717255 1.300393 -6.426422 8.211952 0.000000 0.000000 
-22.005804 135.060181 3.520090 -4.419479 9.328079 0.000000 0.000000 
42.383411 130.320969 4.475563 -6.587112 6.617791 0.000000 0.000000 
40.307991 131.609985 2.218848 -0.248299 11.777397 0.000000 0.000000 
-22.618967 135.994171 3.599523 0.573303 13.037868 0.000000 0.000000 
-22.452923 136.020905 -0.079654 -3.317413 10.389763 0.000000 0.000000 
-22.728743 136.343292 -2.427203 -6.619469 6.905804 0.000000 0.000000 
-22.441425 136.798645 -1.183587 -4.496010 8.278397 0.000000 0.000000 
-21.358896 136.999420 -1.662127 -10.958839 6.519158 0.000000 0.000000 
-23.256958 137.095337 -1.205672 -5.746239 7.047768 0.000000 0.000000 
-22.305820 137.288177 0.676054 -10.888344 5.207181 0.000000 0.000000 
-22.551889 137.573334 -3.682075 -2.848824 9.599422 0.000000 0.000000 
-22.883617 137.578369 -3.485048 -5.988327 7.357014 0.000000 0.000000 
-23.030556 138.333496 -3.833841 -8.994400 4.878563 0.000000 0.000000 
-8.704354 140.755585 -6.163279 -7.892525 7.051751 0.000000 1.000000 
-23.632097 139.192505 1.111318 -7.145378 6.175690 0.000000 0.000000 
-23.019274 139.424927 -1.548146 -7.323990 5.871468 0.000000 0.000000 
-22.758871 139.818298 3.926604 1.142387 11.747017 0.000000 0.000000 
-23.147734 139.805542 0.329652 0.875389 10.419746 0.000000 0.000000 
-23.324646 140.139191 -4.041724 -2.392776 7.899029 0.000000 0.000000 
-22.211187 140.421600 4.775033 -8.422951 6.866116 0.000000 0.000000 
-23.749046 140.243805 -9.064112 -4.780067 7.570992 0.000000 0.000000 
-23.384911 140.374329 -8.689562 -4.228645 6.549252 0.000000 0.000000 
-23.471968 140.587799 -12.519335 0.236473 10.969139 0.000000 0.000000 
-23.551647 140.663208 4.650790 -1.537590 10.712605 0.000000 0.000000 
-23.347015 140.700195 4.471962 -1.771263 9.357822 0.000000 0.000000 
-23.670935 140.982605 2.900757 -2.549141 9.642334 0.000000 0.000000 
-23.564377 141.205505 3.657188 0.141960 10.045139 0.000000 0.000000 
-23.315506 141.425507 3.767992 -8.462837 5.053383 0.000000 0.000000 
-23.310875 141.469482 -3.262487 -9.247063 3.950581 0.000000 0.000000 
-23.770794 141.669495 3.283911 -8.286140 3.046112 1.000000 1.000000 
-22.845308 145.356537 -9.024486 -8.951904 5.608544 0.000000 0.000000 
-24.316986 145.117828 -11.020300 -6.519745 7.723145 0.000000 0.000000 
-23.657198 145.370728 -9.304091 -2.816559 9.236423 0.000000 0.000000 
-21.972839 145.677307 7.686388 -7.281685 7.066311 0.000000 0.000000 
-22.743559 145.620178 6.017060 -5.866013 8.001850 0.000000 0.000000 
-23.850544 145.850769 2.495928 -9.429970 3.648419 0.000000 0.000000 
-23.772436 145.991150 3.607059 -4.519760 8.671478 0.000000 0.000000 
43.047039 141.642609 0.578223 -8.211311 5.132767 0.000000 1.000000 
-23.486536 146.716461 4.942455 -8.100342 5.293793 0.000000 0.000000 
-23.463524 146.821228 6.299474 -3.010757 9.815319 0.000000 0.000000 
-24.232407 146.871979 -9.749253 -4.425201 6.174809 0.000000 0.000000 
-23.676870 147.067688 5.276493 -4.167442 7.407475 0.000000 0.000000 
-24.450823 146.975403 3.734141 -1.596283 8.438049 0.000000 0.000000 
-22.624771 147.586975 -2.415484 -11.412956 3.627461 0.000000 0.000000 
-22.742695 147.698486 -3.164559 3.624809 16.231873 0.000000 0.000000 
-22.598093 147.729309 -4.510331 2.573975 15.440008 0.000000 0.000000 
-21.860519 148.218689 -4.127905 -1.726105 9.832951 0.000000 0.000000 
-24.633003 148.163300 -5.338263 -3.822609 6.644482 0.000000 0.000000 
-35.023769 149.151031 12.621116 -1.827034 9.171673 0.000000 0.000000 
-24.040674 152.306427 4.976490 -11.259132 4.616715 0.000000 0.000000 
-23.748972 152.934387 5.580645 -7.051292 5.870057 0.000000 0.000000 
-24.812246 152.828125 1.062812 4.758446 13.213039 0.000000 0.000000 
-24.503426 152.922577 3.313622 3.856277 12.263680 0.000000 0.000000 
-24.631451 153.068848 3.958903 -0.149872 10.246876 0.000000 0.000000 
-29.531153 153.097168 7.269742 -7.880623 5.875195 0.000000 0.000000 
-30.289412 153.178253 8.528860 -6.451729 5.958004 0.000000 0.000000 
-24.455004 154.260742 1.890438 -4.087814 5.986744 1.000000 1.000000 
-30.025686 153.377106 7.077039 -6.038063 6.815728 0.000000 0.000000 
-23.195873 154.799316 0.878698 -10.357796 4.153801 0.000000 0.000000 
-23.556843 154.976654 4.115201 -8.945946 3.631829 0.000000 0.000000 
-26.805136 154.889954 9.136369 -5.494621 7.003983 0.000000 0.000000 
-24.254576 155.329193 0.170322 -5.586639 5.917622 0.000000 0.000000 
-24.370659 155.423218 -1.817637 -10.800682 3.117684 0.000000 0.000000 
-31.330759 154.580566 8.533973 -6.886124 5.150223 0.000000 0.000000 
-31.005249 154.649323 9.324183 -3.733574 6.348259 0.000000 0.000000 
-30.452557 154.932831 7.735448 -4.893051 7.968010 0.000000 0.000000 
-31.797909 154.818665 12.612123 -5.400520 5.957650 0.000000 0.000000 
-31.593748 155.291626 9.284405 -1.368942 9.795898 0.000000 0.000000 
-31.546488 155.464264 8.291942 -1.760994 10.232136 0.000000 0.000000 
-30.425629 155.734528 11.138459 -2.386497 7.575139 0.000000 0.000000 
-33.679459 155.705505 13.184046 -4.132652 5.420479 0.000000 0.000000 
-26.228428 157.289673 0.746942 -2.419708 7.221837 0.000000 0.000000 
-23.794504 157.701965 -2.762472 -6.544205 5.202462 0.000000 0.000000 
-26.967798 157.474060 -1.464142 -2.332603 8.998714 0.000000 0.000000 
-25.278494 158.210175 -1.512964 -0.731224 10.885315 0.000000 0.000000 
-25.849823 158.120758 -2.724704 1.296989 12.437569 0.000000 0.000000 
-26.025021 158.343384 -1.575235 -7.672028 5.524758 0.000000 0.000000 
-25.901085 158.555054 -0.803807 -4.283844 7.857998 0.000000 0.000000 
-25.480171 158.996429 0.501998 -2.042786 9.380138 0.000000 0.000000 
-23.783112 159.269775 2.543980 -2.625664 8.096874 0.000000 0.000000 
-24.540937 159.230835 0.525656 0.147552 10.205029 0.000000 0.000000 
-26.544497 159.567444 -0.272023 -3.184601 6.626664 0.000000 0.000000 
-25.887575 159.685760 -2.003245 -1.221581 12.611252 0.000000 0.000000 
-24.722858 159.962952 -1.974861 0.505150 10.287670 0.000000 0.000000 
-26.125046 159.827179 -1.919161 -0.565445 8.920712 0.000000 0.000000 
-26.117392 159.844818 -0.299497 -0.460854 12.435329 0.000000 0.000000 
-24.313555 160.491791 0.485145 -7.794487 2.992241 1.000000 1.000000 
-25.728403 160.295898 -1.317984 -3.628632 6.850884 0.000000 0.000000 
-23.750860 160.791382 4.976367 -0.718445 8.925053 0.000000 0.000000 
-25.441969 160.562042 8.111253 -3.726654 7.906094 0.000000 0.000000 
-25.847164 160.762390 8.348844 -7.049103 5.513527 0.000000 0.000000 
-23.315468 161.228668 7.249595 -6.048058 7.355458 0.000000 0.000000 
-24.138119 161.467651 -4.000311 -6.157578 9.109833 0.000000 0.000000 
-23.267063 161.657196 9.811180 -3.948250 9.041264 0.000000 0.000000 
-24.835960 161.453033 -5.466888 -2.110481 8.990459 0.000000 0.000000 
-24.688158 161.616882 -3.302936 -0.675415 8.327652 0.000000 0.000000 
-24.702515 161.615784 -0.098924 -0.965462 8.195660 0.000000 0.000000 
-26.633535 161.839508 -2.668796 -5.943298 5.655842 0.000000 0.000000 
-27.538761 161.744904 -4.062349 -3.973343 7.130688 0.000000 0.000000 
-24.675581 162.255554 -1.166123 1.191109 10.093472 0.000000 0.000000 
-22.759266 162.576752 -0.736959 -7.481491 5.725976 0.000000 0.000000 
-24.739120 163.221375 -2.584505 -9.712213 3.197361 0.000000 0.000000 
-25.095509 163.184448 -0.272118 -11.237434 2.517773 0.000000 0.000000 
-30.531065 162.875031 10.115791 -4.408081 4.852238 0.000000 0.000000 
-26.838326 164.563385 -3.271334 -3.819710 6.162411 0.000000 0.000000 
-27.281002 164.723053 -4.576475 -6.269264 4.907063 0.000000 0.000000 
-25.057034 165.869019 -2.416417 -8.912514 2.353485 1.000000 1.000000 
-25.181940 165.991791 -5.195075 -1.865959 8.280750 0.000000 0.000000 
-25.269918 166.047516 -1.981377 -0.032639 9.522835 0.000000 0.000000 
-24.751431 166.166412 -4.170489 -5.263046 8.129807 0.000000 0.000000 
-24.304852 166.327118 4.623089 1.232872 8.333973 0.000000 0.000000 
-22.255617 166.666290 4.061631 -10.703186 3.610775 1.000000 1.000000 
-24.858307 166.719574 1.516270 -6.002983 5.266613 0.000000 0.000000 
-25.201120 166.770203 0.222820 1.541077 8.723186 0.000000 0.000000 
-25.156744 166.915924 -2.234518 -4.158112 4.934865 0.000000 0.000000 
-24.130861 167.594055 5.497182 -0.778923 11.118336 0.000000 0.000000 
-24.657190 167.621857 4.834986 -0.734413 10.233398 0.000000 0.000000 
-24.574760 167.656708 2.646763 -0.764496 9.216152 0.000000 0.000000 
-26.101419 168.223724 -0.549257 -6.717255 3.295948 0.000000 0.000000 
-25.839552 168.682648 -2.013215 -7.447739 3.876171 0.000000 0.000000 
-24.306322 169.269897 -1.471227 -8.828209 3.828221 0.000000 0.000000 
-25.512426 169.121490 -1.986657 -7.559509 2.972771 0.000000 0.000000 
-24.150732 169.447174 -2.583683 -2.880135 6.595669 0.000000 0.000000 
-23.236887 169.636810 -1.731181 -5.462608 4.872990 0.000000 0.000000 
-23.750061 169.871002 -1.943628 -0.894043 8.416965 0.000000 0.000000 
-24.938488 169.970490 1.635932 1.205406 7.584198 0.000000 0.000000 
-25.259102 170.003662 -0.876581 -1.602821 6.059689 0.000000 0.000000 
-23.470615 170.324768 0.206205 -2.730141 7.346722 0.000000 0.000000 
-24.687332 170.463165 -2.442508 -7.571426 4.229397 1.000000 1.000000 
-24.619314 170.575500 5.434980 0.737694 9.918385 0.000000 0.000000 
-24.369368 170.753632 5.678467 2.287491 9.249298 0.000000 0.000000 
-23.836159 170.919006 6.783577 0.065819 8.701397 0.000000 0.000000 
-25.726221 170.890106 2.486856 -5.108215 4.854096 0.000000 0.000000 
-24.992540 171.405487 1.523870 -6.108040 5.273358 0.000000 0.000000 
-25.814894 171.349884 0.185816 -0.624748 7.137784 0.000000 0.000000 
-25.639828 171.410370 -2.450498 -3.602356 7.048222 0.000000 0.000000 
-25.689939 171.425812 -8.041176 0.045174 7.421574 0.000000 0.000000 
-23.386431 172.067017 3.793255 0.023018 8.385212 0.000000 0.000000 
-25.416319 171.857452 7.208828 -3.056129 5.345700 0.000000 0.000000 
-25.816483 171.794800 5.566225 -4.037086 5.307732 0.000000 0.000000 
-24.019201 172.378937 -3.784738 -0.256950 8.586880 0.000000 0.000000 
-24.490097 172.356628 4.631959 -2.481812 7.006203 0.000000 0.000000 
-25.558989 172.615295 -1.760859 -2.817017 9.081612 0.000000 0.000000 
-25.971972 172.740997 -1.587083 -4.249512 4.317959 0.000000 0.000000 
-23.886652 173.305115 -7.252684 -2.319359 6.648488 0.000000 0.000000 
-24.736012 173.630249 -4.976851 0.849205 9.682201 0.000000 0.000000 
-23.311998 174.093536 0.807400 -5.451912 5.380597 0.000000 0.000000 
-22.904854 174.165649 -0.719806 -4.341003 4.367115 0.000000 0.000000 
-24.881468 175.499176 -1.447536 -2.374634 5.443272 0.000000 0.000000 
-24.312412 175.760345 -1.757296 -7.105698 2.856426 0.000000 0.000000 
-25.839981 175.628052 -2.544908 -3.487190 5.292466 0.000000 0.000000 
-24.972248 176.165009 -2.812383 -6.089890 3.422203 0.000000 0.000000 
-23.637106 176.394867 -1.526064 -7.694977 3.585789 0.000000 0.000000 
-24.246521 176.361694 -2.873008 -6.047569 3.289376 0.000000 0.000000 
-25.735958 177.073273 -3.010887 -6.992645 4.445103 1.000000 1.000000 
-26.130606 177.590637 -3.319666 -5.582733 4.152558 0.000000 0.000000 
-25.893744 177.638885 -2.422586 7.520760 12.842064 0.000000 0.000000 
-26.456266 177.725494 -0.925547 3.817322 10.055145 0.000000 0.000000 
-26.380215 178.791382 -2.935488 -2.897301 4.266984 1.000000 1.000000 
-24.907192 179.813416 -2.030367 1.607506 8.636974 1.000000 1.000000 
-26.077284 179.912933 7.560674 -1.808510 5.770138 0.000000 0.000000 
-23.251320 180.335602 3.205302 -8.004089 3.893681 0.000000 0.000000 
-24.803457 180.541107 -2.238270 6.941986 12.831295 0.000000 0.000000 
-24.852518 180.539520 -2.254961 6.238518 12.488255 0.000000 0.000000 
-25.282217 180.485626 -2.884425 6.149200 13.167465 0.000000 0.000000 
-24.403711 180.754211 -5.120046 -6.927353 3.346081 0.000000 0.000000 
-24.146706 180.794128 -1.228826 -5.163132 5.007523 0.000000 0.000000 
-25.874279 180.752533 3.695425 -0.762802 6.335499 0.000000 0.000000 
-24.611542 181.669891 -3.045145 -1.125191 7.237072 0.000000 0.000000 
-24.638298 181.926941 -1.023628 -3.251442 5.607758 0.000000 0.000000 
-26.331533 182.023590 -3.582678 -4.541626 4.772793 0.000000 0.000000 
-25.139776 182.292175 -1.077191 -2.480614 5.730305 0.000000 0.000000 
-24.936512 184.003265 -2.086683 -7.549789 2.524418 0.000000 0.000000 
-25.283367 185.218506 2.888244 -5.212418 2.653866 0.000000 0.000000 
-24.813757 185.310516 0.665854 -3.655975 3.989887 0.000000 0.000000 
-25.918188 186.190643 -4.990546 -3.577873 5.189591 0.000000 0.000000 
-27.661377 186.676758 7.261782 0.809692 6.615223 0.000000 0.000000 
-26.550812 186.881195 6.837823 -3.966209 4.512818 0.000000 0.000000 
-26.712866 186.891663 7.009815 -1.171356 5.199639 0.000000 0.000000 
-25.758471 187.445282 -7.574369 -4.495705 3.919495 0.000000 0.000000 
-27.268614 187.236908 0.511700 -3.569420 3.729656 0.000000 0.000000 
-25.074554 188.400818 -1.957126 -6.541061 3.670635 0.000000 0.000000 
-27.043919 188.303864 12.567996 -1.658676 5.064061 0.000000 0.000000 
176.192551 65.514572 19.367548 20.064850 6.470147 0.000000 0.000000 
-33.336330 197.487854 15.617697 -1.319321 5.369317 0.000000 0.000000 
-32.390270 198.445251 7.697590 -0.580978 6.331810 0.000000 0.000000 
-31.559731 198.811157 -2.638636 -4.402840 3.209629 0.000000 0.000000 
-36.834412 198.577637 13.129753 3.045586 7.891102 0.000000 0.000000 
-36.773705 198.637848 14.684116 -0.931755 5.898179 0.000000 0.000000 
-33.950516 199.295197 12.076909 -2.798889 4.936337 0.000000 0.000000 
-35.023293 202.729950 12.456398 0.985100 6.167836 0.000000 0.000000 
-34.359722 203.380402 13.218917 -2.127640 3.940079 0.000000 0.000000 
-32.833054 205.368835 -3.959255 -0.590187 4.830369 0.000000 0.000000 
-32.077629 205.689606 -3.563633 -5.772583 3.633858 0.000000 0.000000 
-30.906408 218.650238 2.513313 -3.483307 2.291912 0.000000 0.000000 
-35.774513 247.931000 -3.542036 1.959244 4.732369 0.000000 0.000000 
-35.305408 249.640747 -2.601187 -2.102142 2.068978 0.000000 0.000000 
