ply
format ascii 1.0
comment Created by CloudCompare v2.14.beta (Feb  3 2026)
comment Created 2026-04-22T17:31:12
obj_info Generated by CloudCompare!
element vertex 1659
property float x
property float y
property float z
property float rcs
property float snr
property float v
property float label
end_header
-20.844406 2.852503 -7.043659 -6.841751 26.567078 0.000000 1.000000 
-22.310934 -11.680452 -9.765990 -10.778122 25.293253 0.000000 1.000000 
16.470341 -29.145733 -9.769263 -5.695564 20.466705 0.000000 1.000000 
-34.039864 -12.567965 -10.599265 -0.764030 26.057337 0.000000 1.000000 
25.288832 -48.613152 -9.012312 2.272133 17.959404 0.000000 1.000000 
21.345915 -5.048841 -8.816556 1.924873 37.837929 0.000000 1.000000 
7.002779 -30.437885 -12.255413 -3.948921 23.736801 0.000000 1.000000 
28.885216 11.262557 -8.951226 -0.238342 27.799675 0.000000 1.000000 
28.980293 11.120876 -9.324447 2.573761 29.589460 0.000000 1.000000 
12.659154 -29.934738 -13.136167 -0.555237 26.850349 0.000000 1.000000 
32.730679 -6.989832 -13.646897 -1.554596 26.081188 0.000000 1.000000 
34.115307 -5.485537 -9.982514 -2.389023 26.782454 0.000000 1.000000 
7.751279 -34.133549 -10.625081 3.512688 29.403658 0.000000 1.000000 
7.489187 -34.240856 -11.165298 2.203873 27.014690 0.000000 1.000000 
27.426882 -27.840672 -11.619509 -1.812111 22.563984 0.000000 1.000000 
9.493756 -42.625587 -8.400496 -3.065643 20.486015 0.000000 1.000000 
12.194701 -54.732204 -14.020733 0.433487 22.402504 0.000000 1.000000 
56.140030 15.358430 -11.531718 5.993858 20.589931 0.000000 1.000000 
62.305992 6.627442 -22.041462 2.596428 22.109287 0.000000 1.000000 
41.211407 -56.545101 -11.133163 7.603714 23.091145 0.000000 1.000000 
58.968403 -41.840908 -8.709433 6.495392 20.813274 0.000000 1.000000 
64.312561 35.250023 -30.618353 10.609993 20.656898 1.000000 1.000000 
92.091896 -11.487399 -13.722800 8.109009 18.174377 0.000000 1.000000 
91.938232 -13.108974 -15.978642 7.733932 18.710182 0.000000 1.000000 
102.449562 11.254190 -24.858335 7.652321 17.926598 0.000000 1.000000 
113.850433 -7.952647 -17.883810 12.113716 19.628624 0.000000 1.000000 
114.499596 -7.237703 -21.971243 13.601707 18.720089 0.000000 1.000000 
114.603676 -7.012396 -19.667608 12.421097 18.405254 0.000000 1.000000 
8.206997 24.212404 -8.526814 -14.586502 24.246014 0.000000 1.000000 
6.556015 26.217171 -9.743848 -15.855568 25.254440 0.000000 1.000000 
7.050205 31.494078 -7.240066 -14.782143 23.872807 0.000000 1.000000 
23.682102 24.100313 -10.092283 1.951897 23.324425 0.000000 1.000000 
28.518398 22.593092 -9.686149 2.802101 20.448208 0.000000 1.000000 
6.951312 39.092178 -9.660780 -18.517464 20.045776 0.000000 1.000000 
28.065922 28.240677 -15.546252 1.029984 19.403912 0.000000 1.000000 
6.707414 41.284809 -14.772956 -15.870926 18.579350 0.000000 1.000000 
-18.806002 43.697681 -16.789221 -13.000290 17.680695 0.000000 1.000000 
4.432578 50.597202 -15.458029 -16.560371 16.551163 0.000000 1.000000 
8.138727 51.518925 -15.798527 -21.312973 13.262844 0.000000 1.000000 
9.934131 52.311283 -18.912907 -13.650864 17.031433 0.000000 1.000000 
-26.362432 50.328773 -13.588465 -11.903778 16.704124 0.000000 1.000000 
7.046400 57.715591 -20.238817 -19.057350 11.295502 1.000000 1.000000 
6.447303 59.223213 -14.737262 -17.333099 14.577888 0.000000 1.000000 
7.414589 59.444641 -16.259394 -17.074455 11.945007 0.000000 1.000000 
-8.738997 61.528053 -17.072800 -16.645370 13.593533 0.000000 1.000000 
-7.906989 61.801445 -16.482933 -14.078232 13.812023 0.000000 1.000000 
27.260445 57.148647 -20.910784 -9.452255 13.083584 0.000000 1.000000 
31.194851 55.206585 -24.564995 -10.013841 12.218468 0.000000 1.000000 
-12.144526 63.986660 -16.410820 -19.444168 11.286018 0.000000 1.000000 
-22.832186 62.093113 -22.649012 -13.964157 11.436214 1.000000 1.000000 
-30.618160 60.046906 -22.569706 -4.169776 17.247276 0.000000 1.000000 
-30.861158 59.995544 -17.516336 -6.801178 15.630585 0.000000 1.000000 
-30.860609 60.304207 -13.883349 -11.876869 13.526314 0.000000 1.000000 
-30.838846 68.568924 -17.076975 -3.510315 18.324303 0.000000 1.000000 
-29.215048 78.270821 -33.427864 -3.299416 14.400749 0.000000 1.000000 
-30.814314 81.333328 -26.981792 -5.108184 16.000408 0.000000 1.000000 
7.831556 86.926849 -12.937743 -3.959633 20.022877 0.000000 1.000000 
-32.442326 81.500450 -26.788483 -4.319564 15.909157 0.000000 1.000000 
22.678646 87.337944 -13.496933 -6.713364 12.364117 0.000000 1.000000 
-32.037426 88.763893 -13.381317 -8.369896 9.696110 0.000000 1.000000 
-33.837112 88.524452 -38.125721 -13.211334 7.638145 0.000000 1.000000 
-40.265373 86.212234 -35.115559 -11.404900 8.135769 0.000000 1.000000 
-32.689117 91.731110 -13.140700 -8.642235 8.716328 0.000000 1.000000 
-14.364351 96.767479 -18.923416 -7.864243 9.990662 0.000000 1.000000 
-14.102277 96.998436 -9.042666 -7.911537 12.254269 0.000000 1.000000 
-31.762205 98.021919 -34.919464 -13.767326 7.718742 0.000000 1.000000 
40.277561 95.891350 -40.841686 -11.011865 6.698391 0.000000 1.000000 
-32.387524 99.203148 -25.258488 -8.320213 10.494633 0.000000 1.000000 
-27.247763 109.284416 -43.177547 -11.338394 9.113121 0.000000 1.000000 
-38.348351 106.237785 -13.440081 -12.051079 7.218830 0.000000 1.000000 
-31.493509 109.032188 -45.907528 -11.610664 7.839832 0.000000 1.000000 
-31.583416 109.345764 -46.043919 -7.731110 9.240192 0.000000 1.000000 
35.724384 116.721519 -14.907444 -11.263397 6.066242 0.000000 1.000000 
-31.554398 122.274132 -19.341326 -8.729889 7.925491 0.000000 1.000000 
72.706291 145.278473 -42.224541 -2.397552 8.396404 0.000000 1.000000 
41.676659 -1.112332 16.541552 14.231209 35.351116 0.000000 1.000000 
6.564907 -64.121529 16.819567 0.586372 18.940628 0.000000 1.000000 
66.306023 10.032400 20.498278 3.523438 19.526188 0.000000 1.000000 
-22.584806 -73.098976 18.119593 9.574249 22.661415 0.000000 1.000000 
75.684296 -20.609322 25.046692 4.716606 17.151230 0.000000 1.000000 
113.941574 -9.924922 21.729010 10.593239 16.782455 0.000000 1.000000 
5.031567 -116.042534 25.126862 11.487503 18.871708 0.000000 1.000000 
38.839642 -138.390564 26.364792 14.478943 16.159306 0.000000 1.000000 
-22.661467 61.372208 26.402731 -7.385162 18.076057 0.000000 1.000000 
15.062954 87.752174 23.081432 -14.935684 11.115166 0.000000 1.000000 
27.882063 88.006844 27.416946 -10.884880 9.926785 0.000000 1.000000 
31.774792 91.144760 25.685547 -13.509254 6.656017 0.000000 1.000000 
16.823816 100.943459 39.038139 -14.213173 9.965649 0.000000 1.000000 
-30.400974 98.499344 33.109329 -6.952758 10.776180 0.000000 1.000000 
-30.699635 99.278557 33.556774 -11.484222 8.334583 0.000000 1.000000 
25.867990 102.551140 40.847656 -16.281502 6.623447 0.000000 1.000000 
51.393822 97.797073 32.109356 -8.177078 6.884247 0.000000 1.000000 
40.296429 118.443405 51.877285 -10.071968 5.933117 0.000000 1.000000 
-20.473318 133.307007 32.825382 -4.570061 8.132721 0.000000 1.000000 
-49.623665 127.400635 33.422016 -6.055892 8.148571 0.000000 1.000000 
44.152103 131.915192 57.852497 -6.075752 5.119846 0.000000 1.000000 
-29.187727 155.339203 50.714249 -7.981995 5.490559 0.000000 1.000000 
43.032875 154.184479 31.047356 -1.658966 9.887032 0.000000 1.000000 
42.040127 154.871277 29.821390 -3.944389 7.499798 1.000000 1.000000 
149.264496 130.479950 30.541697 12.671562 6.052849 0.000000 1.000000 
-30.189617 69.411385 -8.724493 -2.012009 13.925716 1.000000 1.000000 
-13.537354 80.649132 -6.435564 4.542900 24.355133 1.000000 1.000000 
-13.563051 80.653725 -6.061906 5.385124 24.736433 1.000000 1.000000 
-28.564144 79.334778 -7.963802 -10.877708 12.008633 1.000000 1.000000 
-40.448792 74.189255 -11.723652 -2.845665 13.054790 1.000000 1.000000 
53.189762 68.993629 -6.943357 2.095840 12.237537 1.000000 1.000000 
-0.145851 -7.944147 -1.275929 -22.782593 28.556795 1.000000 1.000000 
-8.416976 -5.329090 -1.279491 -20.137154 24.742823 1.000000 1.000000 
-8.522840 -5.309201 -1.744012 -16.339317 25.040419 1.000000 1.000000 
12.372055 -3.082427 -3.373168 -6.283988 34.921871 1.000000 1.000000 
54.643379 3.186632 -1.185690 1.731651 19.192497 1.000000 1.000000 
54.766415 3.140105 -1.799967 2.191154 19.949184 1.000000 1.000000 
7.365091 47.744251 6.487920 -13.490242 16.084106 1.000000 1.000000 
7.539382 48.098804 5.462084 -12.869354 17.797512 1.000000 1.000000 
7.017178 56.306267 4.911759 -8.553459 18.213409 1.000000 1.000000 
7.246104 59.892227 6.454649 -16.695992 9.842701 1.000000 1.000000 
26.691765 59.728405 9.687944 -10.445786 10.753365 1.000000 1.000000 
-22.778114 75.402397 10.856400 -3.979843 17.568668 1.000000 1.000000 
-31.680910 76.172638 8.452404 -7.525780 10.633331 1.000000 1.000000 
-23.084873 79.780167 5.205267 -15.937393 7.880547 1.000000 1.000000 
-30.588120 77.295998 14.304614 1.054512 19.209122 1.000000 1.000000 
-36.147842 75.042770 6.172287 -8.124413 11.332409 1.000000 1.000000 
-27.217976 79.428749 7.287857 -4.484840 15.243111 1.000000 1.000000 
-27.497622 81.045639 7.936315 -9.697328 13.166584 1.000000 1.000000 
53.480206 71.658218 13.906047 10.680466 21.708241 1.000000 1.000000 
-20.349003 -24.949646 -3.645240 2.418846 29.032583 0.000000 1.000000 
5.038548 -116.089005 -8.442748 13.046515 20.121025 0.000000 1.000000 
-15.315545 44.862156 -7.106474 -15.273949 16.596619 0.000000 1.000000 
6.639311 54.752747 -9.294798 -11.332932 17.569939 0.000000 1.000000 
7.745495 57.317505 -9.955024 -11.320007 17.016300 0.000000 1.000000 
20.467096 62.015587 -7.491362 -6.083496 18.840057 0.000000 1.000000 
26.950134 60.404404 -9.854477 -2.817917 19.044621 0.000000 1.000000 
-10.023282 75.632576 -13.271967 -12.024643 15.738583 0.000000 1.000000 
-10.458951 77.088058 -10.614388 -7.199890 15.615864 0.000000 1.000000 
-36.643372 83.725784 -8.823472 -4.681671 14.541389 0.000000 1.000000 
-27.879854 187.563873 -18.251827 -0.960205 7.202503 0.000000 1.000000 
-29.661875 218.352325 -14.686083 3.873413 8.443474 0.000000 1.000000 
-30.105597 218.617554 -12.853020 -4.995277 4.176201 0.000000 1.000000 
2.126038 232.730255 -9.485701 -1.314362 6.233131 0.000000 1.000000 
-0.133796 -6.567039 -0.458796 -4.464962 45.930080 1.000000 0.000000 
-0.266398 -6.578823 -0.648606 -2.199333 47.103508 1.000000 0.000000 
-0.220044 -6.596928 -0.557863 -0.588120 47.625469 1.000000 0.000000 
-0.451263 -6.641538 0.401017 -0.326447 49.468781 1.000000 0.000000 
-0.574764 -6.775882 -0.678634 -6.839172 43.079529 1.000000 0.000000 
0.467374 -6.850485 -0.202563 -11.495296 40.058552 1.000000 0.000000 
-0.139327 -7.447325 -0.842441 -26.014969 24.327366 1.000000 0.000000 
-0.874655 -7.468132 -0.476088 -26.176334 25.449909 1.000000 0.000000 
-0.111463 -7.678454 -0.785898 -21.042160 29.869537 1.000000 0.000000 
-0.392104 -7.931173 0.296727 -16.124542 32.730000 1.000000 0.000000 
-0.829924 -9.366308 -0.815462 -13.763985 32.701118 1.000000 0.000000 
-0.787260 -9.485053 -0.773925 -12.997055 31.269590 1.000000 0.000000 
-0.650056 -10.515408 -0.812529 -20.070328 26.457794 1.000000 0.000000 
-0.700737 -10.517483 -1.186058 -19.813309 25.263588 1.000000 0.000000 
0.365992 -11.881584 -0.355777 -18.765938 23.025311 1.000000 0.000000 
0.398896 -11.904198 -0.011830 -18.434517 22.327724 1.000000 0.000000 
0.229202 -12.123307 -0.952564 -19.593628 22.702145 1.000000 0.000000 
-18.241377 -2.126077 -0.538103 3.237236 44.514206 0.000000 0.000000 
-18.417820 -2.468844 -0.487778 2.299271 39.759941 0.000000 0.000000 
-18.680479 -2.094597 -0.226264 7.103630 45.035118 0.000000 0.000000 
-18.682043 -2.090968 -0.198735 7.276588 45.115509 0.000000 0.000000 
-8.843828 -18.884880 -0.309618 -11.796417 20.470547 1.000000 0.000000 
-9.025987 -18.972809 0.897498 -1.979477 32.266426 1.000000 0.000000 
-9.176875 -19.092796 0.957602 -11.277841 23.681423 1.000000 0.000000 
-9.103559 -19.192497 1.655124 -2.185394 33.554352 1.000000 0.000000 
-18.746510 -10.317248 0.292971 -11.177780 24.502810 0.000000 0.000000 
-18.699282 -11.380233 1.607949 1.267860 33.851837 0.000000 0.000000 
-18.685734 -11.507336 1.779220 0.977989 32.538475 0.000000 0.000000 
-19.314951 -11.257824 0.841805 0.167007 31.125166 0.000000 0.000000 
-11.170550 -19.430344 1.397863 5.730545 35.324997 1.000000 0.000000 
-19.511398 -11.120574 2.047289 0.909492 32.107674 1.000000 0.000000 
-19.843294 -11.294451 1.561147 0.345238 33.190311 0.000000 0.000000 
-18.341724 -14.262151 -0.658833 16.267754 44.211945 0.000000 0.000000 
-18.411709 -14.325954 -0.687735 13.771996 44.350334 0.000000 0.000000 
-18.615664 -14.476858 -0.998664 0.937798 31.390099 0.000000 0.000000 
-18.585281 -14.532335 -0.899430 -0.597672 31.209753 0.000000 0.000000 
-8.952992 -22.065193 0.551634 -11.287369 19.626961 1.000000 0.000000 
-9.541285 -25.321579 0.640690 -8.676422 20.662132 1.000000 0.000000 
-9.702996 -25.510132 0.573499 -8.623131 21.395580 1.000000 0.000000 
-8.676827 -26.858013 0.597077 -8.036163 22.578968 1.000000 0.000000 
-0.111880 -6.486095 -0.230452 -1.618629 47.589321 1.000000 0.000000 
0.002757 -6.609214 -0.197734 0.391586 47.846008 1.000000 0.000000 
-0.125658 -6.627784 -0.243772 -0.702274 45.754547 1.000000 0.000000 
0.600682 -6.955714 -0.404322 -16.051079 37.350468 1.000000 0.000000 
0.480627 -7.053679 0.215499 -15.429890 33.649025 1.000000 0.000000 
0.587584 -7.061547 -0.497813 -3.380005 43.794003 1.000000 0.000000 
0.582244 -7.393944 -0.762273 -12.202435 37.494606 1.000000 0.000000 
-1.258210 -8.258451 -0.030965 -21.457581 22.016747 1.000000 0.000000 
0.511033 -8.841339 -0.768972 -21.101097 24.678049 1.000000 0.000000 
0.434266 -9.104573 -0.863237 -15.217392 30.929012 1.000000 0.000000 
-0.878560 -9.437772 -1.087265 -11.776588 28.262674 1.000000 0.000000 
-9.631892 -19.071217 0.832706 7.140656 32.675610 1.000000 0.000000 
-9.694771 -19.062382 1.145302 7.157051 32.657990 1.000000 0.000000 
-10.034880 -21.637043 0.481467 -2.301529 22.650455 1.000000 0.000000 
-9.423720 -24.602482 0.638580 -6.728111 20.113392 1.000000 0.000000 
-9.141757 -24.964405 -0.245630 -2.623894 24.051662 1.000000 0.000000 
-9.421658 -25.356510 0.940903 -1.417641 24.622286 1.000000 0.000000 
-0.031792 10.107756 0.117553 -20.752518 32.195862 1.000000 0.000000 
-0.845828 11.145056 -0.004931 -12.874969 32.963375 0.000000 0.000000 
0.054423 12.109575 -0.012780 -12.686386 36.464867 0.000000 0.000000 
-0.499083 12.377545 0.043548 -11.423775 37.396610 1.000000 0.000000 
-3.449258 17.484272 0.364027 1.951492 37.982197 1.000000 0.000000 
-3.697101 18.521648 0.399877 9.338341 43.992538 0.000000 0.000000 
-3.821062 18.732201 0.337340 8.509621 42.715370 0.000000 0.000000 
-4.754316 20.934212 -0.499056 2.041588 39.514252 0.000000 0.000000 
-4.848966 20.943031 -0.573567 3.913300 40.261398 0.000000 0.000000 
0.235710 22.207874 -0.833502 2.272339 35.220188 1.000000 0.000000 
-5.051274 21.627369 -0.664488 0.169312 36.376827 1.000000 0.000000 
0.199773 22.524805 -0.876098 -0.396538 32.577114 0.000000 0.000000 
0.125113 22.544872 -0.857417 -2.971680 29.613068 0.000000 0.000000 
-0.059871 22.542862 -0.915548 -13.495743 18.921783 1.000000 0.000000 
0.285906 22.865101 -0.825959 19.825134 51.240685 0.000000 0.000000 
0.261606 22.978937 -0.843036 18.142326 50.925522 0.000000 0.000000 
0.027985 23.255138 -0.738953 -6.607566 28.194988 0.000000 0.000000 
0.117533 23.628733 -0.789832 -10.485588 24.959610 1.000000 0.000000 
-0.195535 27.871944 -0.017710 -30.524612 8.304504 1.000000 0.000000 
-0.108380 28.021072 0.324745 -31.154869 9.416161 1.000000 0.000000 
-0.018385 29.390303 -0.046440 -16.978165 24.196278 0.000000 0.000000 
0.006761 29.784796 1.329049 -15.771332 24.598347 0.000000 0.000000 
0.137846 30.113853 -0.752934 -25.417465 11.279945 1.000000 0.000000 
0.251520 30.239967 -0.885084 -30.978470 9.670238 1.000000 0.000000 
0.109813 30.247452 -0.866356 -27.419907 10.727688 1.000000 0.000000 
-17.279226 38.416759 -0.116581 -3.797752 20.882504 1.000000 0.000000 
-17.304905 38.453976 0.257777 -5.175217 20.142490 1.000000 0.000000 
-16.821135 38.847137 0.901264 -12.933739 11.255707 1.000000 0.000000 
-17.301018 38.734356 0.162689 -6.501060 18.032986 1.000000 0.000000 
-17.310125 38.768967 0.165155 2.065254 26.292587 1.000000 0.000000 
-17.515669 38.891365 -0.293752 -10.060013 15.245972 1.000000 0.000000 
-17.261114 39.201199 0.797572 -14.794708 11.584454 1.000000 0.000000 
-17.667786 39.088978 -0.150063 -11.459007 15.451366 1.000000 0.000000 
-17.685640 39.380478 -0.012332 -2.415283 21.442535 1.000000 0.000000 
-19.390661 38.534252 1.618442 -14.811119 9.865807 1.000000 0.000000 
-19.425741 38.527023 1.352684 -15.435692 10.289265 1.000000 0.000000 
-18.635017 38.986729 1.501584 -21.930054 7.051323 1.000000 0.000000 
-19.264128 38.672440 1.267633 -16.211586 9.675243 1.000000 0.000000 
-19.255878 38.687275 0.832067 -21.733109 6.573654 1.000000 0.000000 
-17.589014 39.645813 1.662547 -20.409386 7.743610 1.000000 0.000000 
-14.654797 75.526794 -2.816535 -6.466873 16.081726 1.000000 0.000000 
-15.002900 75.804504 -2.639549 -5.614578 16.530197 1.000000 0.000000 
-14.771170 76.241585 -2.862522 -0.797050 21.207561 1.000000 0.000000 
-14.995052 76.918884 -2.551920 -3.647224 15.885296 1.000000 0.000000 
-13.161233 78.084938 -1.194823 -19.136887 4.176460 1.000000 0.000000 
-12.796929 78.281357 -1.286884 -7.131568 13.414051 1.000000 0.000000 
-12.643962 78.875267 -0.715721 -8.519708 13.494186 1.000000 0.000000 
-13.227277 78.963203 -1.874641 -19.498451 4.181957 1.000000 0.000000 
-13.165124 79.835648 1.924258 -17.292549 6.463188 1.000000 0.000000 
-13.243042 79.945419 -2.661721 -1.062981 19.946995 1.000000 0.000000 
-13.319569 79.980255 -3.401861 -10.568474 11.060230 1.000000 0.000000 
-13.362550 79.971550 -2.271116 -1.149940 16.574085 1.000000 0.000000 
-13.180896 80.142723 -2.219846 -3.018234 20.957172 1.000000 0.000000 
-13.020241 80.450668 -2.347346 -14.254822 11.526962 1.000000 0.000000 
-13.478666 80.536453 2.518719 9.705734 26.453175 1.000000 0.000000 
-13.438818 80.544914 2.837507 9.279045 26.672556 1.000000 0.000000 
-13.495100 80.594879 3.045121 5.530334 25.139647 1.000000 0.000000 
-12.912610 80.863167 -1.485355 -7.135414 17.594990 1.000000 0.000000 
-13.442093 80.818985 -2.621894 -6.925812 16.137402 1.000000 0.000000 
-13.544906 81.228973 -4.268167 -13.045418 8.464626 1.000000 0.000000 
-13.196944 81.513588 -1.475342 -9.129350 13.144753 1.000000 0.000000 
-13.533167 81.560562 -1.818793 -21.713333 2.857838 1.000000 0.000000 
-13.399628 81.701202 -0.844984 -14.674355 12.595665 1.000000 0.000000 
-13.388775 81.919983 -1.320518 -3.108116 18.994968 1.000000 0.000000 
-13.177793 82.123894 -1.398965 3.004288 25.709002 1.000000 0.000000 
-13.381100 82.143196 -1.623995 -0.934547 24.205059 1.000000 0.000000 
-13.233293 82.170715 -1.554207 1.424530 25.306208 1.000000 0.000000 
-13.475316 82.203392 -0.859665 8.546593 28.120167 1.000000 0.000000 
-13.569455 82.326897 -2.084650 -11.947128 11.397278 1.000000 0.000000 
-13.111078 82.437210 -0.919267 -12.962051 9.565243 1.000000 0.000000 
-13.642234 82.370361 -0.323568 -19.920105 1.195503 1.000000 0.000000 
-13.327125 82.520813 -1.171994 -18.148598 3.792149 1.000000 0.000000 
-13.488473 82.649963 -1.004132 3.993591 26.068048 1.000000 0.000000 
-13.489127 82.665527 -1.183296 8.584976 29.158260 1.000000 0.000000 
-13.646805 82.672119 -3.327974 -0.855026 17.859982 1.000000 0.000000 
-13.357411 82.786568 -1.093616 -18.833046 4.837914 1.000000 0.000000 
-13.291830 82.813423 -1.838276 -3.356987 16.363350 1.000000 0.000000 
-13.305264 82.913101 -1.884818 4.348083 25.058376 1.000000 0.000000 
-13.121110 83.028564 -2.234639 -16.868828 8.167191 1.000000 0.000000 
-12.997913 83.156296 -1.394076 0.814095 21.885380 1.000000 0.000000 
-13.491800 83.110985 -1.981553 6.925301 27.853033 1.000000 0.000000 
-13.706133 83.435028 -1.017190 4.761421 24.170248 1.000000 0.000000 
-13.434377 83.522224 -1.684790 0.571404 21.859123 1.000000 0.000000 
-13.739595 83.508522 -1.866328 7.061806 26.621105 1.000000 0.000000 
-13.664122 83.551544 -1.981850 3.388008 23.012085 1.000000 0.000000 
-13.656176 83.569313 -1.321311 7.174210 24.571819 1.000000 0.000000 
-13.731115 83.610489 -1.985763 7.634743 26.036108 1.000000 0.000000 
-13.225407 83.739395 -1.596280 -0.311325 20.564747 1.000000 0.000000 
-13.386634 83.763153 -1.893994 -17.400719 5.771809 1.000000 0.000000 
-13.289936 83.807976 -2.121280 -15.170860 7.821030 1.000000 0.000000 
-13.721564 83.958618 -1.707229 0.093277 22.518047 1.000000 0.000000 
-13.297072 84.232712 -0.622488 -16.387779 6.457867 1.000000 0.000000 
-13.736547 84.276703 -1.661940 -3.521820 17.446198 1.000000 0.000000 
-13.572282 84.344589 -1.204025 0.142517 21.153851 1.000000 0.000000 
-13.370550 84.416771 -1.681574 9.361481 28.473671 1.000000 0.000000 
-13.324410 84.439026 -1.789970 9.168335 30.040611 1.000000 0.000000 
-13.614646 84.478096 -0.567628 10.045166 28.109203 1.000000 0.000000 
-13.928617 84.680336 -0.549795 -6.863800 16.353256 1.000000 0.000000 
-13.783885 84.724152 -1.132427 -12.554596 5.454773 1.000000 0.000000 
-13.668367 84.780403 -1.466349 -16.216789 5.128784 1.000000 0.000000 
-13.530524 84.857025 -0.658310 11.305305 29.689476 1.000000 0.000000 
-13.682193 84.834351 -0.453888 7.530106 24.505159 1.000000 0.000000 
-13.561779 84.958328 -4.006305 -7.879852 11.535397 1.000000 0.000000 
-14.085714 84.946609 -1.324203 -15.132675 5.843853 1.000000 0.000000 
-13.867922 85.137466 -0.473869 -4.463387 16.021652 1.000000 0.000000 
-13.616979 85.192490 -0.775463 -14.122185 5.183311 1.000000 0.000000 
-13.965037 85.144745 -2.278969 4.525688 23.329250 1.000000 0.000000 
-14.168342 85.161957 -0.908113 -17.567711 3.514561 1.000000 0.000000 
-14.025492 85.185738 1.986952 0.590660 18.185471 1.000000 0.000000 
-13.972119 85.229019 -1.391278 -7.562866 8.934128 1.000000 0.000000 
-13.736456 85.276421 -1.923126 6.409431 25.473597 1.000000 0.000000 
-13.770556 85.379738 -1.090022 -13.784935 8.515530 1.000000 0.000000 
-13.514343 85.431793 -2.416057 -5.098473 14.999466 1.000000 0.000000 
-13.912063 85.435028 -1.266250 -12.992210 7.275494 1.000000 0.000000 
-13.780690 85.477058 -1.050905 -11.116815 8.207809 1.000000 0.000000 
-14.251523 85.495514 -1.529172 -18.582108 2.936966 1.000000 0.000000 
-13.688064 85.594109 -0.992909 -16.032402 3.838951 1.000000 0.000000 
-13.984064 85.568054 -0.217260 -11.056190 6.385159 1.000000 0.000000 
-13.802159 85.616821 -1.540118 -16.260208 4.349087 1.000000 0.000000 
-13.709880 85.704918 -2.158240 -2.141586 19.581085 1.000000 0.000000 
-13.948185 85.739021 -0.503579 5.459229 21.562748 1.000000 0.000000 
-13.281648 85.923027 -2.293386 -14.561378 7.880238 1.000000 0.000000 
-12.674347 86.053993 -1.082531 -0.827019 18.175900 1.000000 0.000000 
-13.548624 86.009598 -1.561983 -0.211975 20.169960 1.000000 0.000000 
-13.841014 85.988243 -1.464217 -3.211487 17.420036 1.000000 0.000000 
-13.895041 86.116585 -1.683928 0.742279 22.753624 1.000000 0.000000 
-12.568491 86.346542 -2.063403 -1.171638 19.134167 1.000000 0.000000 
-13.675425 86.339073 0.323181 -11.064569 7.661720 1.000000 0.000000 
-13.853135 86.355247 -1.208696 -15.042511 4.642178 1.000000 0.000000 
-12.471810 86.783188 -1.988555 -3.401398 21.006458 1.000000 0.000000 
-13.040976 86.907814 -0.977784 4.019569 23.155827 1.000000 0.000000 
-14.367856 86.903305 -1.272871 -6.005119 19.665966 1.000000 0.000000 
-13.121982 87.119881 -0.688047 5.266724 24.677799 1.000000 0.000000 
-12.985165 87.456139 -1.726478 -5.571198 16.740887 1.000000 0.000000 
-13.107841 87.544823 -1.445346 -1.805298 20.918568 1.000000 0.000000 
-13.828073 87.434052 -1.313802 0.993767 22.282528 1.000000 0.000000 
-14.533480 87.360435 -1.759035 1.084343 21.023766 1.000000 0.000000 
-14.839684 87.338814 0.474405 5.937431 23.907894 1.000000 0.000000 
-13.300589 87.706894 -1.038024 -14.096619 9.820114 1.000000 0.000000 
-14.474766 87.577263 0.335489 1.282631 20.840282 1.000000 0.000000 
-14.599353 87.565186 -0.063583 2.449608 20.538258 1.000000 0.000000 
-13.818052 87.875481 -1.337905 -0.411461 20.214638 1.000000 0.000000 
-13.303188 88.350571 -1.113777 5.880920 24.993916 1.000000 0.000000 
-13.284792 88.391609 -0.815341 -3.216095 21.543968 1.000000 0.000000 
-13.282947 88.399162 -1.287515 2.733406 23.350346 1.000000 0.000000 
-13.810392 88.484596 -1.146253 -0.032059 19.993023 1.000000 0.000000 
-13.031260 88.704781 -0.106752 -10.832788 8.752388 1.000000 0.000000 
-14.152516 88.662849 -1.924037 1.797630 20.610252 1.000000 0.000000 
-14.257154 88.687729 -2.108023 5.860687 24.736015 1.000000 0.000000 
-14.421456 88.678078 -3.997837 7.339561 25.861166 1.000000 0.000000 
-14.271447 88.801971 -2.753386 9.158646 26.028709 1.000000 0.000000 
-14.275630 88.810181 -0.698912 -12.616585 10.980679 1.000000 0.000000 
-14.234189 88.813660 -2.508904 7.094795 24.461260 1.000000 0.000000 
-13.194261 89.290878 -2.093154 0.722313 23.435196 1.000000 0.000000 
-13.897779 89.323357 -1.621827 -14.275444 5.917271 1.000000 0.000000 
-14.538255 89.400009 -3.880096 0.383186 19.633209 1.000000 0.000000 
-14.400637 89.523735 -1.598566 0.752480 19.083710 1.000000 0.000000 
-13.677120 89.860916 0.959301 0.050713 17.733471 1.000000 0.000000 
-13.213092 89.960030 -1.250034 -13.093185 9.760559 1.000000 0.000000 
-13.560732 89.996132 0.085704 -1.441460 18.365131 1.000000 0.000000 
-13.472320 90.027428 0.017309 1.662155 20.345287 1.000000 0.000000 
-14.249100 90.030533 -1.120274 -6.324615 13.307468 1.000000 0.000000 
-13.608895 90.204025 -2.532074 -11.304811 9.477695 1.000000 0.000000 
-14.360179 90.278412 -2.097887 -5.913872 12.262093 1.000000 0.000000 
-13.925855 90.535233 -1.167002 -3.084084 15.026009 1.000000 0.000000 
-14.066601 90.529640 -1.504729 -4.383118 16.024307 1.000000 0.000000 
-13.851899 90.602989 -1.898452 -16.844261 4.783958 1.000000 0.000000 
-13.748244 90.631538 -1.272246 -3.218582 15.127296 1.000000 0.000000 
-13.860009 90.974403 -1.108583 -6.797646 12.891964 1.000000 0.000000 
-14.018189 91.231499 -0.107554 -6.775672 12.287891 1.000000 0.000000 
-14.017531 91.237885 -1.400722 -7.756073 12.653675 1.000000 0.000000 
-13.863069 91.471550 -1.360917 -11.673676 9.315701 1.000000 0.000000 
-14.505122 91.885262 -2.378235 -9.751709 7.315556 1.000000 0.000000 
-6.576414 -6.615257 -0.366843 -9.447679 37.372593 0.000000 0.000000 
-6.859066 -6.571410 0.280507 -10.584503 36.404709 0.000000 0.000000 
-6.417202 -10.852939 -0.081394 -13.054169 30.063066 0.000000 0.000000 
-6.591156 -11.217632 -0.026947 -9.240692 32.244713 0.000000 0.000000 
-6.535407 -11.568235 -3.463722 -16.180275 26.877945 0.000000 0.000000 
-6.558560 -11.639724 -0.038397 -15.706444 27.999187 0.000000 0.000000 
-6.670021 -11.709769 0.102456 -10.557892 29.034172 0.000000 0.000000 
-6.509060 -11.932357 0.285277 -12.088646 30.202721 0.000000 0.000000 
-6.716051 -12.023799 0.008242 -11.143158 29.894764 0.000000 0.000000 
-6.468701 -12.216992 -0.309943 -13.716156 27.342155 0.000000 0.000000 
-6.666590 -12.144850 0.020164 -8.874702 29.893362 0.000000 0.000000 
-6.428239 -12.441216 0.254178 -8.884422 33.056892 0.000000 0.000000 
-6.231634 -12.794155 0.078056 -6.062691 33.835876 0.000000 0.000000 
-6.204080 -12.807072 -0.126495 -5.379180 34.757168 0.000000 0.000000 
-6.423572 -12.966015 0.600437 -6.665169 35.817848 0.000000 0.000000 
-6.290490 -13.142024 -2.258332 -11.941925 29.930862 0.000000 0.000000 
-6.024415 -13.354739 0.336443 -11.326698 29.121675 0.000000 0.000000 
-6.164809 -13.344395 0.060266 -12.748405 30.595818 0.000000 0.000000 
-6.226544 -13.523799 0.151480 -15.645714 27.540512 0.000000 0.000000 
-6.260158 -13.686340 3.157902 -19.048073 23.022919 0.000000 0.000000 
-6.502011 -13.687941 -0.763098 -16.642120 24.781281 0.000000 0.000000 
-6.696507 -13.871527 -1.048407 -17.409103 24.713839 0.000000 0.000000 
-6.600514 -13.964866 -0.384178 -17.926498 23.541191 0.000000 0.000000 
-6.326752 -15.014911 0.484674 -9.818878 27.305164 0.000000 0.000000 
-6.295873 -15.069561 0.523173 -9.247009 28.367804 0.000000 0.000000 
-6.643083 -15.161713 -0.008250 -13.950005 25.786324 0.000000 0.000000 
-6.616702 -15.317168 -0.213420 -15.041321 26.647852 0.000000 0.000000 
-6.453069 -15.499877 0.846591 -9.679588 28.730549 0.000000 0.000000 
-7.074601 -15.754448 0.157106 -8.339943 30.525928 0.000000 0.000000 
-6.463190 -16.249874 0.432619 -3.585999 30.576429 0.000000 0.000000 
-6.399828 -16.277956 0.382828 -7.563468 27.774593 0.000000 0.000000 
-6.034586 -16.906498 -1.262447 -11.554314 24.484613 0.000000 0.000000 
-6.360945 -17.050419 -3.179961 -14.636047 22.088013 0.000000 0.000000 
-6.717251 -17.057156 0.060128 -8.124344 25.462471 0.000000 0.000000 
-6.629665 -17.187622 -0.198196 -9.251617 25.753502 0.000000 0.000000 
-5.773434 -18.643738 -0.337021 -11.797821 27.092709 0.000000 0.000000 
-6.832647 -18.622746 0.053981 -2.947075 31.472425 0.000000 0.000000 
-6.811160 -18.740345 -0.003518 -2.809723 31.432383 0.000000 0.000000 
-6.068261 -19.095448 2.262389 -8.724617 28.085632 0.000000 0.000000 
-5.870473 -19.402393 -0.686770 -10.782823 26.543894 0.000000 0.000000 
-6.025986 -19.363361 -0.843795 -9.293678 24.833359 0.000000 0.000000 
-5.995523 -20.287827 -5.122543 -12.473221 25.607903 0.000000 0.000000 
-6.568622 -20.387501 0.815526 -11.663574 23.966806 0.000000 0.000000 
-6.425654 -21.893127 3.149600 -11.639282 24.411364 0.000000 0.000000 
-6.593339 -24.368542 -1.196771 -5.614037 26.696232 0.000000 0.000000 
-6.789663 -24.738434 2.735586 -3.827705 26.858065 0.000000 0.000000 
-6.384398 -32.236038 -0.654946 -3.004608 24.909863 0.000000 0.000000 
-5.973366 -33.275776 -1.749522 -5.320671 22.713406 0.000000 0.000000 
-6.586703 -12.640692 -1.012676 -2.198845 30.301563 0.000000 0.000000 
-5.722620 -13.426071 -1.078001 -7.473114 31.065924 0.000000 0.000000 
-6.670897 -13.721019 -0.351654 -2.481163 30.591316 0.000000 0.000000 
-6.976629 -13.612302 0.216422 -5.697914 27.373064 0.000000 0.000000 
-6.852089 -14.527310 -0.309029 -1.312325 31.132015 0.000000 0.000000 
-5.922539 -15.122282 -4.609428 -6.523186 29.482861 0.000000 0.000000 
-6.090127 -15.062746 -1.237597 -6.752090 30.192327 0.000000 0.000000 
-7.041264 -14.893180 -0.670254 -7.933891 27.504789 0.000000 0.000000 
-6.252459 -15.577579 -0.816732 -9.906242 26.576702 0.000000 0.000000 
-6.059638 -16.307568 -0.214198 -4.112885 31.848438 0.000000 0.000000 
-6.713500 -17.245831 -1.060900 -8.520645 25.761574 0.000000 0.000000 
-5.704674 -18.224346 -0.207423 -11.305467 24.165710 0.000000 0.000000 
-6.698311 -18.573231 0.978637 -1.801636 29.328789 0.000000 0.000000 
-7.056771 -21.531467 -0.522507 -2.860107 28.574203 0.000000 0.000000 
-6.233124 -23.035454 -4.840487 -1.374382 28.189056 0.000000 0.000000 
-6.745073 -24.789509 1.169597 4.352180 32.911137 0.000000 0.000000 
-5.438093 -18.347740 -0.275153 -9.472435 24.786823 0.000000 0.000000 
8.979511 -23.977863 0.361463 -8.053383 25.301777 0.000000 0.000000 
8.886738 -26.677811 4.189857 -4.758286 24.843225 0.000000 0.000000 
8.280149 -27.093796 -0.539189 -3.147621 24.597673 0.000000 0.000000 
8.467926 -34.864582 0.069334 3.843773 30.424421 0.000000 0.000000 
8.726209 -34.881168 0.000791 3.863144 29.095114 0.000000 0.000000 
7.185222 -5.245897 -0.037484 3.309151 46.932568 0.000000 0.000000 
7.292856 -5.347612 -0.079358 5.149086 49.983429 0.000000 0.000000 
7.290387 -8.515354 -1.673458 7.156715 47.561325 0.000000 0.000000 
8.305315 -10.016693 0.055918 -10.599968 31.596815 0.000000 0.000000 
8.321156 -10.360394 2.170424 -11.693550 28.727827 0.000000 0.000000 
8.704989 -11.290907 0.241423 -4.783981 34.638649 0.000000 0.000000 
8.246282 -17.694389 -0.308615 -6.549850 27.591230 0.000000 0.000000 
7.171768 -23.646912 10.093508 -7.920609 24.948681 0.000000 0.000000 
9.112435 -28.697849 8.512774 -2.585403 26.882618 0.000000 0.000000 
7.559140 -33.025272 -0.221552 -7.484024 22.541985 0.000000 0.000000 
7.407323 -35.104115 0.435658 1.621361 28.432028 0.000000 0.000000 
20.689964 0.813174 -0.294392 -4.345512 31.286865 0.000000 0.000000 
20.725573 0.941815 0.101594 -1.172798 32.402378 0.000000 0.000000 
27.419189 0.047055 0.205055 5.304688 34.120213 0.000000 0.000000 
27.577892 0.233753 0.590751 4.367332 36.175915 0.000000 0.000000 
23.545341 -21.597900 0.624856 4.506989 30.771793 0.000000 0.000000 
23.641016 -21.625999 0.508352 6.802216 32.707314 0.000000 0.000000 
24.942652 -23.189194 -0.590521 -5.489669 21.727654 0.000000 0.000000 
22.452032 -26.351845 6.079243 3.026619 30.576097 0.000000 0.000000 
38.869141 -0.880035 0.029112 10.908340 35.154892 0.000000 0.000000 
41.676468 -1.186233 5.551089 11.849297 33.767517 0.000000 0.000000 
43.125435 -0.626196 2.821141 1.396935 25.163343 0.000000 0.000000 
43.253872 -0.089461 1.781000 0.537621 23.986774 0.000000 0.000000 
-38.732460 -3.157958 12.727802 -3.050087 24.573595 0.000000 0.000000 
-42.623825 3.592431 1.420856 4.400131 27.812214 0.000000 0.000000 
-42.621399 3.990985 1.524212 2.508820 23.524960 0.000000 0.000000 
-47.349987 -3.611223 3.797717 -2.419838 20.460545 0.000000 0.000000 
-47.472641 -3.272224 2.164055 -2.832634 20.776196 0.000000 0.000000 
-47.678761 -3.795166 2.037260 -0.707138 23.147835 0.000000 0.000000 
2.268339 4.777550 -0.015806 -28.478104 26.867046 0.000000 0.000000 
2.411670 4.826128 -0.028995 -27.699337 28.749840 0.000000 0.000000 
2.458838 5.367421 -0.077383 -38.011089 20.911030 0.000000 0.000000 
2.310613 5.970101 -0.085321 -41.165165 19.484020 0.000000 0.000000 
2.349752 5.969056 -0.063696 -39.363964 21.213699 0.000000 0.000000 
2.321104 6.473414 -0.055265 -38.593163 22.431641 0.000000 0.000000 
2.291901 6.959539 0.038191 -10.843781 45.758011 0.000000 0.000000 
2.318579 6.985026 0.041781 -11.081098 46.665710 0.000000 0.000000 
2.385697 7.449906 -0.080829 -26.953098 31.890392 0.000000 0.000000 
2.292448 7.625980 -0.073169 -31.137470 28.682775 0.000000 0.000000 
2.287398 7.910011 -0.038920 -21.380585 34.934784 0.000000 0.000000 
2.371980 7.975360 -0.031986 -22.002079 36.681095 0.000000 0.000000 
2.413907 8.408075 -0.019381 -24.629879 29.057837 0.000000 0.000000 
2.260478 8.598417 -0.150467 -37.204121 23.155045 0.000000 0.000000 
2.269734 8.953344 0.019718 -8.610573 42.424511 0.000000 0.000000 
2.302444 9.000752 0.024193 -7.049171 42.190659 0.000000 0.000000 
2.327994 9.752689 -0.095975 -22.419571 24.864979 0.000000 0.000000 
15.469521 30.853796 0.814290 -2.532433 29.027376 0.000000 0.000000 
15.786430 30.821243 1.192713 -7.450874 24.487320 0.000000 0.000000 
22.504698 30.371489 0.930231 -0.898270 21.873760 0.000000 0.000000 
23.153997 29.953600 -2.810241 -6.103340 18.241238 0.000000 0.000000 
22.103220 31.013479 0.154494 0.461143 22.063305 0.000000 0.000000 
21.945818 31.670937 3.961521 -4.128983 20.798206 0.000000 0.000000 
35.196522 31.414152 1.382645 15.940094 27.013895 0.000000 0.000000 
34.780788 32.196777 1.093921 10.965431 21.755428 0.000000 0.000000 
35.153316 31.846029 1.279822 14.537292 26.505604 0.000000 0.000000 
36.059505 32.887535 11.816862 -1.270241 12.285156 0.000000 0.000000 
43.637703 32.964672 2.134871 9.430237 15.474682 1.000000 0.000000 
44.093803 33.508400 2.002425 19.269707 24.010735 0.000000 0.000000 
44.572083 32.795105 1.879110 20.742371 25.822865 0.000000 0.000000 
44.280693 33.261948 1.938858 22.540314 25.783138 0.000000 0.000000 
44.822384 32.459698 -1.397148 18.048546 22.855415 0.000000 0.000000 
44.901134 32.897385 -1.347578 6.397987 15.365646 0.000000 0.000000 
-6.016833 -1.000829 -0.728079 4.647362 55.567192 0.000000 0.000000 
-6.069978 -0.998960 -0.727480 6.779488 59.789948 0.000000 0.000000 
-6.831019 -0.004584 0.148314 0.188744 48.614712 0.000000 0.000000 
-6.938187 0.020011 0.147707 5.389534 55.559685 0.000000 0.000000 
2.541893 -7.698180 -0.140580 -3.223053 41.322247 0.000000 0.000000 
2.649975 -7.646619 -0.145633 -0.973877 44.085011 0.000000 0.000000 
2.306096 -8.087229 0.000639 -8.129883 38.970028 0.000000 0.000000 
2.332844 -8.105951 0.026329 -2.510689 42.520897 0.000000 0.000000 
2.619527 -8.155420 0.042864 -4.549339 42.200706 0.000000 0.000000 
2.712498 -8.243893 0.176985 -11.489410 35.605019 0.000000 0.000000 
2.279229 -8.612110 0.041795 -21.665375 23.356133 1.000000 0.000000 
2.491290 -8.911067 -0.014469 -2.899254 39.249146 0.000000 0.000000 
2.468804 -8.967980 -0.014499 -2.385666 42.084633 0.000000 0.000000 
2.448764 -9.268205 -0.074979 -6.534988 37.746410 0.000000 0.000000 
2.381341 -9.479124 0.082504 1.023598 41.621902 0.000000 0.000000 
2.379512 -9.524304 0.095366 3.951904 46.858940 0.000000 0.000000 
2.184236 -10.321491 -0.254905 -5.475410 40.106499 0.000000 0.000000 
2.382948 -10.259624 -0.130328 -4.918212 39.825794 0.000000 0.000000 
2.158487 -10.854441 -0.367969 -5.446503 38.334595 0.000000 0.000000 
2.207492 -10.886673 -0.287438 -5.213326 37.748894 0.000000 0.000000 
2.275969 -10.965496 -0.371899 -3.167358 39.589081 0.000000 0.000000 
3.321899 -10.704173 -0.647999 -21.165520 23.268700 1.000000 1.000000 
4.097119 -10.433451 -0.310595 -20.112556 21.974606 1.000000 1.000000 
2.372463 -11.484172 0.082681 0.819511 42.493687 0.000000 0.000000 
2.224335 -11.590325 0.027430 1.660072 41.301880 0.000000 0.000000 
-1.684003 -18.469887 3.233089 -13.799713 27.301723 0.000000 1.000000 
-20.360651 -0.853441 -1.126965 4.721710 41.152149 0.000000 1.000000 
-20.360844 -0.853098 -1.018798 3.988914 39.374310 0.000000 0.000000 
-22.300646 6.095599 1.762142 -2.169945 29.888821 0.000000 0.000000 
-22.263859 6.390197 8.607409 -5.265457 26.078941 0.000000 0.000000 
-23.741203 1.135934 5.916847 -11.422600 22.445705 0.000000 1.000000 
-23.739372 -3.462870 -1.680227 -8.285362 24.596338 0.000000 1.000000 
-20.450102 -13.925939 2.874877 -7.322364 23.564827 0.000000 0.000000 
-20.211077 -15.384395 1.300188 -11.395721 18.699482 1.000000 0.000000 
-20.571106 -15.784543 10.949750 -5.568398 25.856228 0.000000 0.000000 
-23.751492 8.859383 -2.768068 -8.121980 24.253016 0.000000 1.000000 
-20.564159 -16.715763 7.015583 -4.518211 24.013813 0.000000 0.000000 
-26.472006 -1.611426 4.585854 -12.835960 21.993469 0.000000 0.000000 
-1.289458 -26.896652 -5.670941 -15.161140 24.131002 0.000000 1.000000 
-27.665823 -2.790486 -1.327527 -7.044418 25.096329 0.000000 0.000000 
14.222034 -26.875801 0.509758 0.908348 26.066578 0.000000 0.000000 
12.141140 -27.990993 6.993934 -2.088005 26.007618 0.000000 0.000000 
-24.906212 -19.579735 1.509373 -6.735535 18.648933 1.000000 0.000000 
-20.729557 -24.147747 1.598991 -1.807938 27.097013 0.000000 0.000000 
12.145050 -29.309742 0.176502 0.270233 28.343115 0.000000 0.000000 
-21.334625 -24.513962 2.490077 -0.891151 27.754534 0.000000 0.000000 
-25.958601 -20.007374 1.716183 -2.310211 22.755253 1.000000 0.000000 
-26.037487 -20.105721 1.640736 -2.411644 22.507412 1.000000 0.000000 
-26.660965 -19.735195 1.431756 -4.210701 21.059185 1.000000 0.000000 
14.340545 -29.294407 9.416164 -8.161285 22.768360 0.000000 0.000000 
-26.796715 -19.980087 1.348595 -7.637435 18.136353 1.000000 0.000000 
10.007559 -33.146263 -0.459387 -0.498772 24.950830 0.000000 0.000000 
-21.018383 -28.410263 1.831382 -2.030922 24.187460 0.000000 0.000000 
-35.130959 -0.064024 2.065515 -1.469833 26.023712 0.000000 0.000000 
-35.216881 0.035295 2.104042 -3.414856 24.505312 0.000000 0.000000 
-35.207836 0.344981 1.857750 -3.227295 24.474184 0.000000 0.000000 
12.059360 -33.303322 14.172861 -4.256790 23.563347 0.000000 0.000000 
-19.561058 -30.298630 2.264681 -4.895409 22.869682 0.000000 0.000000 
-35.429256 -5.815652 -5.900695 0.253098 27.592325 0.000000 0.000000 
-36.935684 -3.016982 1.607073 0.287666 29.330154 0.000000 0.000000 
-1.675239 -37.368546 0.289266 0.483566 29.493761 0.000000 0.000000 
-38.425705 -6.370479 4.353885 -5.481194 23.672503 0.000000 0.000000 
-38.663998 -6.779860 12.491846 -5.302689 23.325600 0.000000 0.000000 
-38.689487 -7.251326 2.080265 -1.266678 25.243044 0.000000 0.000000 
-38.809696 -7.182786 1.224717 -1.282455 24.538595 0.000000 0.000000 
-40.449036 1.017926 1.352396 -1.146584 24.069225 0.000000 0.000000 
-40.688946 1.337051 2.813896 5.530983 30.188587 0.000000 0.000000 
4.797362 -41.305347 -4.357655 -1.265892 23.204235 0.000000 1.000000 
11.225303 -40.036896 5.020154 1.366249 23.687088 0.000000 0.000000 
11.441327 -40.241474 1.990814 -2.125587 19.846542 0.000000 0.000000 
11.733118 -40.408806 3.618424 1.447334 21.971127 0.000000 0.000000 
9.038613 -41.180874 -0.391417 2.299110 24.866089 0.000000 0.000000 
9.125058 -41.199905 -0.250205 3.016960 26.477787 0.000000 0.000000 
-38.525715 -19.744465 0.562877 3.605309 25.220749 0.000000 1.000000 
-38.687687 -19.709473 0.632215 7.882141 30.630915 0.000000 1.000000 
24.638712 -39.213696 2.136014 17.646507 29.806252 0.000000 0.000000 
23.969925 -39.647633 1.662799 14.096725 29.032043 0.000000 0.000000 
18.461561 -43.993423 3.783475 4.755402 26.170073 0.000000 1.000000 
23.924667 -47.277119 1.747540 3.525589 18.930656 0.000000 0.000000 
27.366442 -46.914787 0.891164 3.412994 17.298676 0.000000 0.000000 
24.734552 -48.741783 2.747593 3.528603 18.868397 0.000000 0.000000 
-5.798924 -55.258667 -0.338514 2.068428 22.037289 0.000000 0.000000 
-5.801592 -55.266586 0.756556 0.086952 18.348145 0.000000 0.000000 
22.595421 -50.812042 -1.723561 -0.059990 17.451378 0.000000 0.000000 
23.230841 -51.801899 0.010937 -0.106781 17.776852 0.000000 0.000000 
-5.873843 -61.179253 1.379542 6.272697 23.215736 0.000000 0.000000 
-6.421806 -61.274647 -0.286323 4.439117 20.986294 0.000000 0.000000 
21.319353 -57.710155 -2.268090 2.832779 18.770519 0.000000 1.000000 
-59.468071 -18.518181 4.092799 -1.247032 17.923550 0.000000 1.000000 
-5.390723 -64.496407 2.045000 -1.086884 16.140106 0.000000 0.000000 
-5.744771 -64.662872 -4.171988 0.130676 18.522892 0.000000 0.000000 
-6.208232 -67.446571 -0.524801 3.169395 18.326427 0.000000 0.000000 
-107.001251 -3.811111 8.147056 7.567886 17.294575 0.000000 0.000000 
-107.278061 -1.315122 4.754544 17.039650 24.914618 0.000000 0.000000 
-107.279747 -1.105569 4.095612 15.679619 24.282558 0.000000 0.000000 
-107.467583 -3.851891 1.220568 7.425117 19.286823 0.000000 0.000000 
-107.604271 -4.299943 0.568983 6.714973 18.064075 0.000000 0.000000 
-107.439537 -8.184872 5.428150 7.748123 17.791718 0.000000 0.000000 
-107.449234 -8.669585 4.612453 6.113274 16.056114 0.000000 0.000000 
-115.466927 -2.596347 5.099395 12.220848 20.334431 0.000000 0.000000 
-115.476257 -2.113344 4.383730 9.358482 17.462257 0.000000 0.000000 
56.556038 -103.116974 6.855280 18.607468 19.753349 0.000000 0.000000 
55.657887 -103.727806 4.980175 20.327660 22.240040 0.000000 0.000000 
56.014442 -103.660591 10.687866 15.520926 17.866924 0.000000 0.000000 
63.956364 -109.383484 6.847684 20.692940 21.590424 0.000000 0.000000 
59.034859 -148.211823 6.853518 19.304382 18.363499 0.000000 0.000000 
2.345584 -0.965848 0.038457 -13.767841 51.936527 0.000000 0.000000 
2.493270 -0.972902 0.037517 -13.581646 55.628326 0.000000 0.000000 
2.415405 -2.010558 0.061747 -24.094570 35.236176 0.000000 0.000000 
2.444428 -2.072774 0.012560 -26.753937 40.894428 0.000000 0.000000 
2.421041 -2.498143 0.156488 -23.658974 41.294727 0.000000 0.000000 
2.465312 -2.594183 0.062073 -22.314770 42.128113 0.000000 0.000000 
2.402246 -2.856231 -0.022766 -19.792553 43.668678 0.000000 0.000000 
2.404692 -3.123659 -0.106280 -28.713413 38.293495 0.000000 0.000000 
2.451496 -3.534981 0.070540 -13.756516 46.506065 0.000000 0.000000 
2.480856 -3.515319 0.102534 -12.986523 47.127441 0.000000 0.000000 
2.515386 -3.613035 0.070326 -9.167034 49.837322 0.000000 0.000000 
2.433938 -3.684230 -0.304123 -18.417889 43.975197 0.000000 0.000000 
2.431580 -3.957210 0.027005 -18.886215 42.217514 0.000000 0.000000 
2.448673 -4.141788 0.030340 -14.748367 43.968697 0.000000 0.000000 
2.477267 -4.182462 0.064717 -15.274273 44.156754 0.000000 0.000000 
2.431409 -4.472374 -0.084457 -17.871849 39.834057 0.000000 0.000000 
2.464924 -4.547848 -0.069821 -20.184525 41.119308 0.000000 0.000000 
2.468213 -4.601338 -0.055450 -19.609917 40.702724 0.000000 0.000000 
2.465595 -4.740790 -0.046078 -21.119469 34.937920 0.000000 0.000000 
2.450301 -5.062919 0.096521 -9.550527 44.217564 0.000000 0.000000 
2.475163 -5.154439 0.054167 -11.328153 42.766537 0.000000 0.000000 
2.400862 -5.326533 -0.156668 -12.043472 40.859726 0.000000 0.000000 
2.447272 -5.501611 0.033573 0.956215 54.593452 0.000000 0.000000 
2.438344 -5.506338 0.031118 -0.933876 49.113686 0.000000 0.000000 
2.462356 -5.746562 0.025014 -8.787515 46.118301 0.000000 0.000000 
2.441330 -5.938651 0.047377 -6.228858 43.962917 0.000000 0.000000 
2.446139 -6.003459 -0.097874 -8.352028 45.403461 0.000000 0.000000 
2.463528 -6.253530 0.043212 -8.217941 41.995338 0.000000 0.000000 
2.481771 -6.360750 -0.012193 -4.905448 42.699223 0.000000 0.000000 
2.497274 -6.470363 -0.082029 -6.869026 40.621773 0.000000 0.000000 
2.404209 -6.749394 0.065695 -9.491291 39.014095 0.000000 0.000000 
2.458569 -6.753756 -0.038909 -7.957119 39.207703 0.000000 0.000000 
2.461008 -6.798043 -0.121702 -6.826408 39.532326 0.000000 0.000000 
6.858069 -1.522828 1.768005 -18.008896 32.273540 1.000000 0.000000 
2.437510 -7.052258 -0.084244 -8.283031 42.993248 0.000000 0.000000 
2.454243 -7.224051 -0.042450 -2.237236 44.396931 0.000000 0.000000 
2.450797 -7.227845 0.072748 -3.878101 43.668823 0.000000 0.000000 
7.335505 -1.597054 -0.102656 -22.155357 27.585459 1.000000 1.000000 
2.328569 -7.515588 0.205444 -7.140244 39.003567 0.000000 0.000000 
2.414949 -7.499758 0.107722 -9.864395 39.003716 0.000000 0.000000 
2.421600 -7.649896 0.141468 -6.171677 39.594452 0.000000 0.000000 
4.647316 -6.717443 -0.333713 -14.461868 31.147272 1.000000 0.000000 
2.289567 -7.926591 0.083391 -4.779076 40.621361 0.000000 0.000000 
2.252521 -8.238182 -0.186281 -9.933702 40.309265 0.000000 0.000000 
2.336533 -8.442602 -0.039702 -8.097984 36.860462 0.000000 0.000000 
2.303071 -8.505619 0.089682 -9.859489 32.601170 0.000000 0.000000 
2.330135 -8.742720 0.106865 -1.546242 43.373680 0.000000 0.000000 
2.267193 -8.953536 -0.008491 5.152969 46.648880 0.000000 0.000000 
2.253826 -8.957550 -0.034214 3.427704 46.585407 0.000000 0.000000 
2.186905 -9.417484 -0.068283 -1.568787 44.209854 0.000000 0.000000 
2.242887 -9.463396 0.087275 -3.881866 40.692780 0.000000 0.000000 
2.233128 -9.481151 0.043695 -3.343231 39.446232 0.000000 0.000000 
2.193146 -9.796973 -0.059064 -5.132484 39.219948 0.000000 0.000000 
2.141935 -9.963500 -0.283287 -3.565002 40.480362 0.000000 0.000000 
2.230348 -10.121946 -0.385016 -2.738152 38.924732 0.000000 0.000000 
2.191886 -10.141131 -0.459326 -5.669228 39.932331 0.000000 0.000000 
2.267381 -10.213945 0.359120 -2.056503 40.434814 0.000000 0.000000 
2.218948 -10.362079 0.126501 -3.162140 39.217945 0.000000 0.000000 
2.169267 -10.616368 -0.128942 -2.563850 41.895603 0.000000 0.000000 
2.251434 -10.621086 0.085374 -3.564590 39.985840 0.000000 0.000000 
2.257149 -11.039952 -0.270047 1.049248 44.377342 0.000000 0.000000 
2.211798 -11.101794 -0.142574 1.866936 43.907768 0.000000 0.000000 
2.289290 -11.360027 0.199713 -9.349098 39.314037 0.000000 0.000000 
2.116620 -11.599765 0.350054 -4.729988 38.892181 0.000000 0.000000 
2.026486 -11.833750 -0.198504 -1.038780 42.072433 0.000000 1.000000 
2.000230 -11.856995 0.063909 -0.715973 40.590576 0.000000 0.000000 
11.946388 -3.130923 -0.055933 9.217995 48.704914 0.000000 0.000000 
11.943389 -3.152969 -0.002124 7.520256 45.725113 0.000000 0.000000 
11.468735 4.128982 0.075947 -8.552261 33.115875 0.000000 0.000000 
11.011311 5.110069 -2.786091 -6.907722 34.185833 0.000000 0.000000 
2.414233 -13.786314 4.561676 -12.075974 28.772114 0.000000 1.000000 
0.462004 -14.036974 -0.330909 -9.232895 31.452507 0.000000 0.000000 
13.909438 -2.759608 0.684196 2.718948 41.305676 0.000000 0.000000 
14.054709 -2.730401 0.720051 -0.612244 37.262215 0.000000 0.000000 
14.723468 -3.886434 -1.875759 -10.452141 30.063240 0.000000 1.000000 
15.851557 -0.912043 -0.494999 0.902290 38.492313 0.000000 0.000000 
15.901989 -0.878742 -0.606348 -0.373329 37.367477 0.000000 0.000000 
17.050537 0.387850 -0.854789 8.592255 44.423138 0.000000 0.000000 
17.173616 0.391009 -0.835746 5.743805 42.918056 0.000000 0.000000 
-7.332161 -16.030010 -1.340716 -7.889534 28.813017 0.000000 1.000000 
-7.701841 -17.683125 -0.584345 -11.146507 25.011745 0.000000 0.000000 
17.036963 8.499485 0.188165 9.948303 39.497540 0.000000 0.000000 
17.054749 8.682629 0.366412 9.784569 39.002583 0.000000 0.000000 
-7.557050 -18.236111 0.510136 -4.262519 27.050816 0.000000 0.000000 
17.929482 -9.573669 5.878252 -4.421471 29.554401 0.000000 1.000000 
17.938204 -9.864446 6.440283 -4.039307 30.172531 0.000000 1.000000 
-7.910182 -18.639004 -3.512678 -12.239799 28.070198 0.000000 0.000000 
18.726820 8.059666 -0.957182 0.797951 36.373314 0.000000 0.000000 
18.267958 9.942619 0.103002 9.911697 42.666412 0.000000 1.000000 
-7.376730 -21.394463 -2.235764 -2.335564 29.253143 0.000000 0.000000 
-7.614673 -21.381477 -3.658671 -2.541618 28.071278 0.000000 1.000000 
22.121319 9.127129 0.252011 7.623619 38.156685 0.000000 0.000000 
21.730719 10.150913 0.407969 8.358528 35.358700 0.000000 0.000000 
22.724358 -10.715020 -1.198439 -1.065712 30.113298 0.000000 1.000000 
25.191591 -3.123570 -1.302636 -6.000114 26.797684 0.000000 1.000000 
22.531200 -13.695482 8.061611 -5.362411 27.676544 0.000000 1.000000 
26.347078 8.889736 -0.876069 12.634514 37.269085 0.000000 0.000000 
26.385975 9.067808 0.461260 11.256653 36.091846 0.000000 0.000000 
26.972219 7.773895 -3.403298 3.143288 29.015848 0.000000 0.000000 
27.102024 7.853885 -3.681429 2.148735 29.240648 0.000000 0.000000 
28.629869 8.518601 -0.431098 14.312126 37.244858 0.000000 0.000000 
28.569778 8.748158 -0.433836 17.023895 39.176659 0.000000 0.000000 
26.909571 -15.383112 0.862333 -4.187721 25.654919 0.000000 1.000000 
30.443979 8.319790 0.538997 9.643036 33.181847 0.000000 0.000000 
30.502321 8.129773 1.058768 9.043495 32.571255 0.000000 0.000000 
32.573914 1.464433 1.576089 13.651793 39.328350 0.000000 0.000000 
32.693489 1.299256 1.024715 13.418785 41.170521 0.000000 0.000000 
6.709911 -33.145885 8.469684 -4.627396 24.627884 0.000000 0.000000 
32.360386 9.064141 -0.702963 17.599709 37.200359 0.000000 0.000000 
32.276814 9.337249 -0.735658 17.450081 38.772690 0.000000 0.000000 
32.355019 9.265963 -0.761593 20.270103 42.861794 0.000000 0.000000 
34.135883 -8.846416 1.741849 -5.180084 21.071789 0.000000 1.000000 
34.236568 -8.623316 0.940924 -3.510139 23.456551 0.000000 1.000000 
7.245757 -35.195435 -0.175009 1.852898 28.978062 0.000000 0.000000 
34.509075 8.635545 -1.318047 15.960892 37.359207 0.000000 0.000000 
34.620750 8.628828 -1.153880 15.522049 35.796158 0.000000 0.000000 
35.109322 8.294047 4.538054 -7.073822 21.968925 0.000000 0.000000 
7.165478 -36.403645 1.015386 0.525932 24.081900 0.000000 0.000000 
6.698247 -36.505264 0.809260 2.139648 25.687588 0.000000 0.000000 
35.243484 11.008590 6.470335 -0.184135 24.596519 0.000000 0.000000 
5.968885 -37.188194 -1.988397 -7.269042 20.629864 0.000000 0.000000 
33.596565 16.519802 -4.512364 0.653603 24.506128 0.000000 0.000000 
6.203111 -37.766861 10.608573 -4.934647 21.568584 0.000000 0.000000 
35.412914 12.830418 9.471188 -1.232498 22.238117 0.000000 1.000000 
35.137974 13.844280 -1.443617 -0.080360 26.086752 0.000000 0.000000 
34.068798 16.524055 -4.435907 -4.152671 21.002480 0.000000 0.000000 
38.814178 -0.764862 0.215183 10.352112 33.844891 0.000000 0.000000 
38.846035 -0.870222 2.688170 -6.516777 21.529480 0.000000 0.000000 
38.610359 7.762058 -0.528705 6.707985 27.401077 0.000000 0.000000 
38.641117 7.812040 -0.710724 10.077095 29.793261 0.000000 0.000000 
38.864407 7.607494 10.721205 4.159340 27.635023 0.000000 0.000000 
11.760683 -38.514462 -3.464911 -7.481438 22.240643 0.000000 1.000000 
37.792133 -13.961790 3.077573 1.085289 25.158785 0.000000 1.000000 
38.384926 -12.196796 16.799843 -3.730896 22.905445 0.000000 1.000000 
3.431240 -42.529736 7.625641 -3.364075 20.337479 0.000000 0.000000 
42.644722 8.691716 -1.319730 17.095055 34.885132 0.000000 0.000000 
42.680244 8.724995 -1.318182 15.646773 34.040340 0.000000 0.000000 
10.451611 -43.355148 3.058577 -4.164787 18.690582 0.000000 0.000000 
43.318085 -11.945473 -1.222145 -5.367935 20.402805 0.000000 0.000000 
44.384399 9.715762 0.538819 8.489174 27.054089 0.000000 0.000000 
44.721886 8.710547 13.674614 6.214180 27.165831 0.000000 0.000000 
46.643364 7.744634 -2.832726 18.187866 33.765377 0.000000 0.000000 
46.620579 8.391924 -4.094532 19.787445 35.445572 0.000000 0.000000 
47.336750 8.240441 -1.013706 4.616386 22.723373 0.000000 0.000000 
47.336617 8.301067 -0.696735 5.424866 24.915928 0.000000 0.000000 
46.738731 16.410267 -0.264788 16.111000 32.286522 0.000000 0.000000 
46.665287 16.711048 0.803981 13.365158 30.699718 0.000000 0.000000 
47.044758 16.623535 1.978812 0.157127 22.628590 0.000000 0.000000 
47.155285 16.414558 -0.638483 6.835396 25.532629 0.000000 0.000000 
49.042816 13.985937 -1.165288 2.276581 19.912151 0.000000 0.000000 
50.063629 11.160642 0.240475 9.357109 28.322935 0.000000 0.000000 
50.283352 10.233621 -0.510226 12.618706 32.744606 0.000000 1.000000 
50.235462 15.781028 -1.448107 6.409050 22.903999 0.000000 0.000000 
50.215378 16.213661 -0.552153 6.435860 22.323593 0.000000 0.000000 
52.531296 9.147445 0.078462 16.322708 32.548576 0.000000 0.000000 
52.545685 9.410218 -0.010611 18.484375 33.078266 0.000000 0.000000 
52.694305 8.650830 -0.089837 15.103438 33.885170 0.000000 0.000000 
53.386585 10.663143 -0.445402 0.878853 18.764881 0.000000 0.000000 
55.009781 4.202765 -0.446176 3.062080 20.663013 1.000000 0.000000 
54.911709 7.079785 -0.283375 22.710854 38.343769 0.000000 0.000000 
54.971382 7.066705 -0.638687 19.895142 34.165424 0.000000 0.000000 
10.726725 -54.889824 4.138788 12.533661 33.323578 0.000000 0.000000 
55.985683 8.861931 -0.895454 0.940521 20.109589 0.000000 0.000000 
56.085987 8.369879 -2.702865 1.760742 20.551956 0.000000 0.000000 
56.124584 8.299582 -2.578129 2.329170 19.499416 0.000000 0.000000 
56.852936 6.583314 -2.331318 15.085785 29.311989 0.000000 0.000000 
56.912380 6.415850 -2.437068 19.724281 35.315708 0.000000 0.000000 
56.466122 10.430675 3.595566 14.540161 30.224487 0.000000 0.000000 
56.676544 10.578517 1.332155 9.607407 24.436234 0.000000 0.000000 
58.042919 0.956770 0.629259 14.040901 29.585447 0.000000 0.000000 
58.045883 0.900338 1.874993 12.565849 29.886129 0.000000 0.000000 
56.113422 16.544281 -0.248754 5.067001 18.306473 0.000000 0.000000 
58.498859 8.921681 -0.781022 20.770882 33.580303 0.000000 0.000000 
58.696049 8.638098 -1.355718 20.854103 34.246002 0.000000 0.000000 
34.814617 -48.977337 5.233528 5.492210 20.870632 0.000000 1.000000 
34.842545 -49.016457 4.998093 7.113281 21.165092 0.000000 1.000000 
60.432198 9.658542 -0.098333 24.506577 37.075203 0.000000 0.000000 
60.408131 9.794673 -0.061023 21.019974 34.025002 0.000000 0.000000 
61.414562 -10.573543 17.044504 2.557121 20.401428 0.000000 0.000000 
61.952583 -9.334320 2.731294 7.000084 23.448681 0.000000 0.000000 
62.014099 -9.304022 3.315618 8.256241 25.043438 0.000000 0.000000 
62.044991 -10.592005 3.143541 4.885216 21.963577 0.000000 0.000000 
62.081608 -11.170468 2.282638 5.633057 23.256924 0.000000 0.000000 
62.692993 8.532093 -2.010344 12.536942 28.309793 0.000000 1.000000 
62.724407 8.575489 -2.186776 11.957893 27.739014 0.000000 0.000000 
63.476967 -8.460805 -3.223461 1.021774 17.572540 0.000000 0.000000 
64.000633 -9.925522 0.435858 5.726433 21.149303 0.000000 1.000000 
57.635670 -31.572403 3.013108 14.288817 27.641022 0.000000 0.000000 
57.589912 -31.843239 3.434373 17.023048 29.396421 0.000000 0.000000 
57.530685 -32.188519 7.060670 18.199181 30.446644 0.000000 0.000000 
66.083992 10.902035 2.423044 5.620995 19.121693 0.000000 0.000000 
66.712723 -10.714232 -1.187206 9.581863 27.953041 0.000000 0.000000 
66.722084 -10.841693 0.346705 14.125075 29.410971 0.000000 0.000000 
5.191037 -68.000946 -0.101926 4.446503 19.558666 0.000000 0.000000 
5.780801 -68.015030 -0.681290 3.999176 18.954964 0.000000 0.000000 
5.779531 -68.132614 -1.503986 3.400589 18.413269 0.000000 0.000000 
67.668343 -10.775650 5.815816 2.682770 17.737862 0.000000 0.000000 
4.639888 -68.736000 1.255184 0.104553 17.318913 0.000000 0.000000 
67.757179 13.119309 2.473865 22.268814 32.304436 0.000000 0.000000 
67.889221 13.048030 2.030164 24.569031 35.545906 0.000000 0.000000 
68.226433 14.809920 -3.605014 6.857025 17.595432 0.000000 0.000000 
70.261604 -9.630993 -3.623824 10.012802 24.025635 0.000000 0.000000 
70.349144 -10.163494 -4.431521 10.387810 25.395451 0.000000 0.000000 
70.479950 -10.299186 -6.120304 4.120163 20.567032 0.000000 0.000000 
70.388039 9.744320 0.516506 10.750076 24.615793 0.000000 0.000000 
57.792458 -43.442696 5.515191 12.889464 26.287329 0.000000 0.000000 
72.561943 9.049267 -0.067382 29.283386 39.862606 0.000000 0.000000 
72.635757 8.917759 -0.030516 25.770454 35.833168 0.000000 0.000000 
74.855659 6.353160 -3.896366 12.348145 24.363955 0.000000 0.000000 
74.912323 6.638098 -3.109890 16.260048 27.377207 0.000000 0.000000 
55.769165 -52.805573 2.263667 15.234703 25.831078 0.000000 0.000000 
56.189957 -52.583233 0.986768 17.151924 29.169256 0.000000 0.000000 
7.380028 -76.864975 -1.708431 3.975685 19.441685 0.000000 0.000000 
76.690727 8.625993 -1.567603 14.091063 26.115713 0.000000 0.000000 
76.718071 8.758235 -1.573556 13.451950 24.878128 0.000000 0.000000 
8.336250 -77.176353 -1.340998 11.985283 25.398026 0.000000 0.000000 
8.687933 -77.156921 -0.758903 16.226067 28.553921 0.000000 0.000000 
78.644302 8.569227 -1.791282 20.650940 30.540106 0.000000 0.000000 
78.890350 7.837155 -2.621921 18.793045 28.870728 0.000000 0.000000 
57.249126 -56.673748 7.141906 4.914207 18.289547 0.000000 0.000000 
80.540703 8.926447 -1.110105 13.075165 22.609203 0.000000 0.000000 
80.641182 9.141376 -1.338635 14.134727 25.894871 0.000000 0.000000 
80.492416 10.443411 0.792435 11.669685 22.826675 0.000000 0.000000 
8.356481 -81.848274 -2.176093 3.530083 16.555092 0.000000 0.000000 
55.882866 -64.050591 3.976667 11.402359 18.719482 0.000000 0.000000 
84.277237 11.147040 -0.654661 9.182518 21.126354 0.000000 0.000000 
84.474770 10.503657 -0.378094 10.119957 22.351006 0.000000 0.000000 
86.388466 10.332482 0.990469 12.863173 21.829414 0.000000 0.000000 
86.368340 10.817719 1.621271 11.455360 20.223263 0.000000 0.000000 
86.957550 -9.262943 8.114587 6.617104 18.815487 0.000000 0.000000 
57.491436 -67.991158 5.068437 17.305145 25.658390 0.000000 0.000000 
57.835342 -67.964676 4.060874 16.929733 24.965544 0.000000 0.000000 
88.578987 9.824409 2.954935 14.796555 23.689211 0.000000 0.000000 
88.425331 11.034526 2.969180 15.962990 23.830059 0.000000 0.000000 
89.460625 -1.145061 -1.315440 7.041481 17.944565 0.000000 0.000000 
89.234917 -9.875751 9.570509 9.475357 22.204128 0.000000 0.000000 
90.460846 10.019004 1.150584 21.974319 29.141449 0.000000 0.000000 
90.585510 10.239360 1.467213 24.482834 31.978943 0.000000 0.000000 
91.151932 -11.006122 8.248214 9.710846 23.416470 0.000000 0.000000 
91.149239 -11.937761 8.782204 9.515854 23.901325 0.000000 0.000000 
91.197433 -13.282506 10.846323 7.951157 18.217083 0.000000 0.000000 
91.369911 -12.478021 10.791372 14.328734 24.414156 0.000000 0.000000 
91.373238 -12.542362 13.116044 14.352379 25.581200 0.000000 0.000000 
91.426285 -12.582693 11.100739 10.353523 21.396648 0.000000 0.000000 
91.436386 -12.517023 11.023756 11.483406 21.337833 0.000000 0.000000 
91.524513 -12.619484 14.731276 10.509033 22.566227 0.000000 0.000000 
92.795753 7.892120 -1.087628 19.583267 27.791616 0.000000 0.000000 
92.867065 7.842923 -1.104008 18.169418 25.675034 0.000000 0.000000 
92.592323 -12.681919 11.791914 9.401543 19.602749 0.000000 0.000000 
94.667046 8.251878 1.703627 7.876472 15.765766 0.000000 0.000000 
96.295074 -12.209550 7.940352 8.285759 19.728024 0.000000 0.000000 
96.355263 -12.092031 8.132013 8.618591 19.213650 0.000000 0.000000 
98.696274 7.779274 -3.277349 8.954002 17.038338 0.000000 0.000000 
98.736786 7.774466 -4.102172 6.338707 14.042065 0.000000 0.000000 
108.528160 -9.475909 8.985629 11.079155 17.145893 0.000000 0.000000 
108.531593 -9.906631 8.884868 11.284225 17.100525 0.000000 0.000000 
107.738060 16.526512 0.089506 17.181534 22.420517 0.000000 0.000000 
107.868904 16.101154 -1.400064 12.824417 19.216774 0.000000 0.000000 
107.934525 15.763738 -0.866890 13.450873 17.955875 0.000000 0.000000 
113.534264 -8.656722 14.356076 12.881705 17.879555 0.000000 0.000000 
113.551186 -8.842836 14.613827 15.757996 20.905521 0.000000 0.000000 
113.656479 -7.979811 16.756306 9.010742 14.451958 0.000000 0.000000 
114.518852 9.590511 -3.315211 8.084877 14.531521 0.000000 0.000000 
7.392263 -115.919479 -3.265553 10.711792 17.632080 0.000000 0.000000 
118.271164 -3.361103 -3.090051 7.830536 19.593361 0.000000 0.000000 
118.329964 0.841637 0.665161 12.338730 22.655434 0.000000 0.000000 
118.498215 1.178608 4.096708 9.486870 18.704556 0.000000 0.000000 
118.835960 8.340133 -5.391271 11.638680 18.235577 0.000000 0.000000 
118.777138 9.524911 -4.736084 13.529816 19.063507 0.000000 0.000000 
119.893822 1.818341 1.882630 7.680977 14.046272 0.000000 0.000000 
127.382576 16.965691 3.162161 19.118805 21.496429 0.000000 0.000000 
10.283033 -129.291962 -1.775125 14.905716 17.523518 0.000000 0.000000 
7.593411 -130.677643 -3.122968 10.327347 15.364799 0.000000 0.000000 
8.694555 -131.850113 2.917365 10.651779 14.638527 0.000000 0.000000 
132.951172 -13.051993 5.173527 11.197197 15.215088 0.000000 0.000000 
7.450156 -134.389282 0.651178 18.411995 21.062454 0.000000 0.000000 
7.268109 -135.633026 0.405596 13.021439 17.989761 0.000000 0.000000 
6.826883 -138.136688 -2.869730 11.467255 15.742119 0.000000 0.000000 
7.122449 -140.875137 -1.740534 11.658424 14.637943 0.000000 0.000000 
7.539188 -142.177048 -7.435973 13.716660 15.655262 0.000000 0.000000 
8.174820 -143.378403 -0.444069 21.943321 25.369110 0.000000 0.000000 
6.999507 -144.671768 -3.149506 23.115524 24.976313 0.000000 0.000000 
7.392951 -145.811996 0.340440 12.323662 15.286674 0.000000 0.000000 
7.310100 -145.888412 -4.368014 18.004936 20.519505 0.000000 0.000000 
7.787890 -147.098618 0.474034 24.946922 26.956234 0.000000 0.000000 
8.535748 -148.290939 -6.181902 21.323273 22.431622 0.000000 0.000000 
6.595593 -149.611832 -3.484792 18.584358 20.505409 0.000000 0.000000 
7.117834 -150.817276 -6.239360 14.950150 16.611324 0.000000 0.000000 
158.816574 -13.816994 15.675381 15.906281 16.037537 0.000000 0.000000 
160.465836 11.979319 5.382069 14.191536 15.521473 0.000000 0.000000 
164.056580 -15.096107 12.797635 16.676201 19.061058 0.000000 0.000000 
166.338150 -12.206094 18.267210 15.065186 15.603767 0.000000 0.000000 
59.372143 -158.416321 6.211603 15.404137 16.337196 0.000000 0.000000 
8.518433 -173.336395 -6.702248 18.365051 19.203377 0.000000 0.000000 
8.425709 -174.073425 -1.194009 12.683693 14.021351 0.000000 0.000000 
175.873383 65.537735 19.919312 33.067436 27.155649 0.000000 0.000000 
177.860855 61.218613 -8.899909 24.292969 17.223736 0.000000 0.000000 
185.327225 62.245094 8.125849 18.766289 13.651096 0.000000 0.000000 
184.958542 65.763229 19.176722 23.431061 16.842354 0.000000 0.000000 
193.033157 62.463348 7.507457 19.494034 13.814663 0.000000 0.000000 
1.770360 4.556511 -0.030006 -45.274685 18.236832 1.000000 1.000000 
3.037905 10.565048 0.053119 -30.651825 11.039314 1.000000 1.000000 
1.695920 11.126966 -0.023210 -38.026299 9.544891 1.000000 1.000000 
2.305352 12.333258 0.409600 -16.510796 32.670933 0.000000 0.000000 
2.032385 12.473869 -0.050127 -35.778931 14.706448 1.000000 1.000000 
2.277838 12.631371 0.452047 -15.042900 36.293873 0.000000 0.000000 
2.222208 12.837112 -0.979262 -11.235420 36.134018 0.000000 0.000000 
2.203849 13.147184 0.026754 -14.022018 32.492748 0.000000 0.000000 
2.277614 13.529193 -0.074066 -2.262619 38.477684 0.000000 0.000000 
2.362205 13.953782 -0.108173 -0.100121 41.955513 0.000000 0.000000 
2.117278 14.173878 0.012878 -28.501801 12.661701 1.000000 1.000000 
2.475079 14.265152 0.095593 -31.935326 10.551373 1.000000 1.000000 
2.324446 14.383262 -0.153455 3.144852 44.092960 0.000000 0.000000 
2.314701 14.394797 -0.162751 0.138359 39.896492 0.000000 0.000000 
2.303249 14.492384 -0.152982 2.034439 41.182861 0.000000 0.000000 
2.357720 14.842203 -0.132180 -3.866989 35.226700 0.000000 0.000000 
2.392148 14.946262 -0.098812 -32.686951 12.797066 1.000000 1.000000 
2.275399 15.182361 0.169261 -8.588150 35.998463 0.000000 0.000000 
2.284477 15.284987 0.198898 -11.991264 36.672195 0.000000 0.000000 
2.330647 15.682542 0.279406 -7.573860 36.523560 0.000000 0.000000 
2.335923 15.831043 0.265767 -7.558502 32.715874 0.000000 0.000000 
2.254841 16.179825 -0.203554 -14.916191 33.500679 0.000000 0.000000 
2.075582 16.320814 -0.296777 -18.202217 25.667097 1.000000 1.000000 
2.338190 16.605835 -0.072391 -8.161728 35.838120 0.000000 0.000000 
2.329238 16.714962 -0.040684 -6.137794 34.748684 0.000000 0.000000 
2.212380 16.738194 0.201784 -17.237518 28.149982 0.000000 0.000000 
2.217685 17.291882 -0.006555 -18.859322 28.376543 0.000000 0.000000 
2.275573 17.513977 -0.164232 -3.351311 36.723438 0.000000 0.000000 
2.286499 17.535503 -0.073886 -2.939613 36.403885 0.000000 0.000000 
2.260352 17.705994 0.125824 -32.992760 9.777725 1.000000 1.000000 
2.230410 17.828392 -0.135154 -34.876091 7.644096 1.000000 1.000000 
2.305515 17.952393 0.337744 -7.018791 30.964472 0.000000 0.000000 
2.394877 18.237991 -0.192230 -11.396568 27.506659 1.000000 1.000000 
2.348103 18.261925 0.359658 -4.128754 30.818913 0.000000 0.000000 
2.334409 18.362858 -1.328476 -5.730782 34.027775 0.000000 0.000000 
2.442005 18.570002 -0.193496 -30.561279 12.464012 1.000000 1.000000 
1.962238 18.650227 0.132801 -26.442123 14.098293 1.000000 1.000000 
2.224391 18.706144 0.011749 -11.470688 26.670820 0.000000 0.000000 
2.242894 19.316109 0.305405 -8.255447 29.673008 0.000000 0.000000 
2.052533 19.477440 0.073172 -20.412163 16.970737 1.000000 1.000000 
2.262499 19.576393 -0.276259 -3.988777 34.222252 1.000000 1.000000 
2.196211 19.737967 -0.074690 2.943672 40.361374 0.000000 0.000000 
2.631052 19.744610 0.599569 -34.184349 12.010212 1.000000 0.000000 
2.226529 19.872875 0.164693 1.974777 39.695644 0.000000 0.000000 
2.175379 20.424055 0.366450 -4.089455 33.483921 0.000000 0.000000 
2.233549 20.453022 -0.131363 -1.174011 37.337059 1.000000 1.000000 
2.153364 20.576340 -0.546186 8.487335 46.344635 0.000000 0.000000 
2.196516 21.000427 -0.475142 5.602676 42.443104 0.000000 0.000000 
2.210423 21.034115 -0.457447 -0.420418 35.432098 0.000000 0.000000 
2.470809 21.296057 -0.194012 -32.315590 10.961937 1.000000 1.000000 
-10.560831 19.411320 0.652171 -17.061241 11.627750 1.000000 1.000000 
14.031293 16.775970 2.800542 11.526970 27.943447 1.000000 1.000000 
2.644962 23.555040 0.512263 -14.325783 28.844158 0.000000 0.000000 
-6.554457 22.871231 0.231125 -8.952638 27.631598 0.000000 0.000000 
-6.559517 23.077328 0.320971 -7.947563 29.574776 0.000000 0.000000 
10.661976 22.128151 2.016824 -6.202370 30.278387 0.000000 1.000000 
-7.444447 24.132139 0.703639 -14.245895 25.993076 0.000000 0.000000 
-7.388453 24.161619 1.120928 -11.027359 27.444931 0.000000 0.000000 
7.732736 24.503769 0.353929 -16.831490 23.618414 0.000000 0.000000 
7.837737 24.823328 -1.149975 -7.046875 28.904230 0.000000 0.000000 
8.133722 24.848507 -1.048424 -11.800674 26.457872 0.000000 0.000000 
3.304578 26.543608 0.106714 -15.773026 24.855576 0.000000 0.000000 
-6.213484 26.185678 7.271664 -14.666687 24.347269 0.000000 0.000000 
-7.785428 26.750725 3.930849 -11.919899 23.959076 0.000000 0.000000 
1.028924 28.038509 2.417225 -18.791489 24.203627 0.000000 0.000000 
-7.907573 27.074467 -2.476928 -15.756012 22.412407 0.000000 0.000000 
-7.923230 27.188217 4.330735 -7.551308 26.936769 0.000000 0.000000 
7.378806 27.369328 5.925471 -14.631226 25.758484 0.000000 0.000000 
-20.653223 17.935726 0.891708 2.054054 22.619148 0.000000 0.000000 
7.493020 27.770428 3.130058 -12.350060 25.544519 0.000000 0.000000 
7.361490 27.839821 -3.784734 -18.021324 22.134468 0.000000 0.000000 
8.878115 27.709087 4.133441 -14.835716 23.362225 0.000000 0.000000 
5.431735 28.767490 10.889669 -13.465164 25.499842 0.000000 0.000000 
11.049709 27.387342 3.672475 -11.843880 23.532410 0.000000 0.000000 
7.998806 28.951618 10.960133 -18.030067 22.828709 0.000000 0.000000 
23.270351 16.249359 -4.678529 4.831604 23.656837 0.000000 0.000000 
6.193445 30.853128 -0.423297 -16.251495 23.738785 0.000000 0.000000 
6.360324 31.206362 -0.491627 -14.421585 21.476486 0.000000 0.000000 
6.366603 31.211218 -0.250333 -13.882195 21.409363 0.000000 0.000000 
6.284344 31.231798 -0.146407 -13.451614 24.549543 0.000000 0.000000 
6.094431 31.326530 7.307515 -19.366714 20.047482 0.000000 0.000000 
10.385680 30.383398 8.046089 -16.085030 20.523624 0.000000 0.000000 
6.967368 31.701208 2.383448 -13.983826 21.951336 1.000000 1.000000 
6.237042 32.113647 -0.243893 -17.787628 21.287682 0.000000 0.000000 
6.935079 32.303665 2.307630 -0.633118 33.108147 0.000000 0.000000 
7.037925 32.378441 2.388266 -0.868660 33.547920 0.000000 0.000000 
6.791318 32.688660 -0.698999 -16.722397 16.697205 1.000000 1.000000 
7.329402 32.572186 -3.754968 -14.359917 20.832512 0.000000 0.000000 
6.328442 33.004982 -0.237668 -15.793854 21.725826 0.000000 0.000000 
28.520672 13.124581 -0.791424 11.666122 22.532993 0.000000 1.000000 
6.696114 33.277718 8.345786 -16.195381 20.599716 0.000000 0.000000 
23.589874 22.789999 9.008699 5.817268 25.108900 0.000000 0.000000 
6.947235 33.740257 -0.867687 -1.625397 32.400486 0.000000 0.000000 
7.003744 33.862259 -0.907834 -2.874268 29.733999 0.000000 0.000000 
6.691391 34.213898 8.570363 -16.827675 21.706944 0.000000 0.000000 
7.017145 34.597595 3.199274 -14.640968 22.716606 0.000000 0.000000 
7.401318 34.522842 3.571751 -10.221214 24.479506 0.000000 0.000000 
-30.614946 12.593905 13.235257 8.731003 18.336628 0.000000 0.000000 
6.323460 35.217850 3.606741 -11.661263 22.411098 0.000000 0.000000 
5.572546 35.518257 -4.546729 -14.604378 20.601830 0.000000 0.000000 
8.592796 35.058617 2.172274 -3.451286 29.771082 0.000000 0.000000 
8.548832 35.117172 2.025878 -4.182357 29.829454 0.000000 0.000000 
8.855226 35.041237 2.621892 -10.019608 25.795965 0.000000 0.000000 
31.698038 12.177718 -5.193103 11.713570 22.373264 0.000000 0.000000 
12.219612 34.337524 -4.208047 -9.896057 24.395065 0.000000 1.000000 
6.390213 36.090187 3.767641 -8.547006 26.663549 0.000000 0.000000 
6.437503 36.342136 3.390302 -4.190704 28.582321 0.000000 0.000000 
6.487824 36.458874 2.438926 -7.629753 25.461910 0.000000 0.000000 
6.077055 36.904922 0.336058 -12.136269 21.377682 0.000000 0.000000 
6.842167 36.908707 4.111367 -16.049324 20.146648 0.000000 0.000000 
6.217266 37.233463 8.342424 -13.547874 21.394958 0.000000 0.000000 
6.130753 37.330959 0.277396 -16.041718 18.843746 1.000000 1.000000 
6.313692 37.409405 8.542556 -8.444612 23.912794 0.000000 0.000000 
6.318562 37.614746 5.947587 -16.913933 18.456738 0.000000 0.000000 
6.605642 37.734348 7.680083 -10.368828 21.786442 0.000000 0.000000 
29.207418 22.325079 14.005267 6.115402 21.329403 0.000000 0.000000 
-20.306770 33.374115 3.855021 -8.717979 19.449997 0.000000 0.000000 
33.309834 18.018963 -0.319720 8.696144 21.146606 0.000000 0.000000 
33.273426 18.307819 -0.442990 4.577995 18.998177 0.000000 1.000000 
6.129985 40.078449 7.000388 -16.046295 20.137291 0.000000 0.000000 
34.002079 18.539022 -6.071734 7.882378 20.090317 0.000000 0.000000 
34.411999 19.924040 16.220356 4.652977 17.683052 0.000000 0.000000 
8.566254 41.351639 3.324529 -9.434074 24.229815 0.000000 0.000000 
8.683623 41.368954 3.486526 -13.731644 21.911388 0.000000 0.000000 
6.988302 41.751369 -1.058102 -9.168823 24.358860 0.000000 0.000000 
7.502806 41.750721 -0.797854 -9.300485 21.490345 0.000000 0.000000 
7.536004 41.987232 -0.815685 -6.879372 24.668253 0.000000 0.000000 
10.201703 41.497025 4.230470 -15.644363 18.246807 0.000000 0.000000 
5.136536 42.835262 -0.758774 -8.850914 21.695301 0.000000 0.000000 
5.165435 42.841251 -0.448860 -10.145271 20.614239 0.000000 0.000000 
5.420936 43.130444 -0.505158 -15.592552 19.089207 0.000000 0.000000 
10.585327 42.175976 -0.852612 -17.497337 17.443279 0.000000 0.000000 
5.195075 43.431858 -0.732751 -18.287498 14.827942 0.000000 0.000000 
5.607290 43.461834 -0.078852 -28.418884 6.113724 1.000000 1.000000 
5.230020 43.515171 -0.408338 -7.438538 21.042400 0.000000 0.000000 
5.208936 43.611050 -0.459427 -14.943626 16.918674 0.000000 0.000000 
5.242453 43.606991 -0.498348 -5.763474 22.865166 0.000000 0.000000 
5.269082 43.690525 -0.153700 -11.115991 19.511806 0.000000 0.000000 
5.351852 43.706234 -0.459598 -8.033830 22.766006 0.000000 0.000000 
5.091380 44.095367 -0.299339 -12.812111 18.077538 0.000000 0.000000 
5.325688 44.078224 -0.549046 -19.905724 13.081989 1.000000 1.000000 
5.350509 44.117634 -0.746895 -15.675682 18.925060 0.000000 0.000000 
7.772345 43.774319 2.903959 -7.159378 24.607407 0.000000 0.000000 
7.861091 43.874722 3.223260 -14.054489 18.453495 0.000000 0.000000 
7.777485 43.945667 2.792712 -5.356925 25.598858 0.000000 0.000000 
-23.521540 37.449459 10.066131 -4.575607 21.078438 0.000000 1.000000 
7.807123 44.490891 3.061050 -11.080345 20.201576 1.000000 1.000000 
5.422540 44.920719 -0.524515 -13.815804 15.267654 1.000000 1.000000 
6.650576 44.782528 0.735026 -14.479782 18.153351 0.000000 0.000000 
36.172283 24.310772 8.063084 5.608200 18.336807 0.000000 1.000000 
6.989020 44.877670 6.031613 -16.814308 18.676060 0.000000 0.000000 
13.646965 43.367500 4.513259 -17.283714 15.033802 0.000000 0.000000 
12.116536 44.424534 4.707138 -18.553719 16.397045 0.000000 0.000000 
8.205198 45.454239 4.908511 -12.554832 19.033802 0.000000 0.000000 
8.212876 45.742996 5.030277 -18.022545 14.457695 0.000000 0.000000 
11.250898 45.314732 9.648068 -19.260536 15.165085 0.000000 0.000000 
8.318832 46.195415 4.261065 -12.305855 19.709335 0.000000 0.000000 
7.171999 46.468346 6.748943 -10.332405 22.062923 0.000000 0.000000 
8.452589 46.233219 4.032650 -15.870338 18.614529 0.000000 0.000000 
7.402901 46.824604 11.415050 -13.241180 20.764992 0.000000 0.000000 
6.858096 47.036652 -6.077976 -17.931465 15.321808 0.000000 0.000000 
7.547018 47.142361 4.836746 -11.765053 20.759132 0.000000 0.000000 
7.608383 47.183327 4.915256 -8.758636 21.601196 0.000000 0.000000 
7.803231 47.241371 5.393817 -6.033775 24.070240 0.000000 0.000000 
7.290214 47.771679 3.371037 -7.191505 23.789385 0.000000 0.000000 
7.480515 47.908142 3.560328 -6.237862 23.585127 0.000000 0.000000 
7.981122 47.897350 2.773361 -8.784706 21.974178 0.000000 0.000000 
8.002871 48.532757 -6.756688 -10.462982 18.979919 0.000000 0.000000 
8.318856 48.535019 -8.069051 -11.717758 21.516850 0.000000 0.000000 
7.442682 49.053478 6.542426 -14.320747 17.356632 0.000000 0.000000 
7.978971 48.997578 4.662620 -8.093315 21.964237 0.000000 0.000000 
7.917130 49.305847 4.747469 -7.025466 21.776802 0.000000 0.000000 
7.575829 49.437321 5.658221 -9.931427 20.203831 0.000000 0.000000 
8.321225 49.756702 4.870467 -19.785927 15.009491 0.000000 0.000000 
7.540345 50.333565 -7.741178 -17.834534 16.050819 0.000000 0.000000 
7.489331 50.963921 5.309951 -15.991577 13.670200 0.000000 0.000000 
7.662076 51.022228 5.395705 -3.780861 23.364841 0.000000 0.000000 
7.772143 51.187336 5.314637 -4.838547 23.623808 0.000000 0.000000 
7.654293 51.218239 -7.578979 -10.315468 20.412762 0.000000 0.000000 
7.698874 51.235870 6.154796 -12.778259 17.648010 0.000000 0.000000 
-23.983603 45.933887 -6.322562 -14.739594 12.913517 0.000000 0.000000 
12.782362 50.715916 3.910375 -11.701729 18.345818 0.000000 0.000000 
12.861396 50.964733 4.333309 -12.980698 16.076199 0.000000 0.000000 
12.240930 51.176643 3.418862 -15.337250 14.638840 0.000000 0.000000 
12.721607 51.442661 3.321051 -9.239105 17.449738 0.000000 0.000000 
12.379699 51.621269 3.780402 -11.480873 16.656601 0.000000 0.000000 
11.204944 52.266682 3.081974 -11.687218 19.162754 0.000000 0.000000 
6.550754 53.136742 5.302549 -11.198578 19.420589 0.000000 0.000000 
6.597196 53.194717 5.537337 -12.733139 17.687363 0.000000 0.000000 
6.505082 53.458572 5.472475 -7.479462 20.045769 0.000000 0.000000 
7.489369 53.403866 5.365042 -6.813797 20.010864 0.000000 0.000000 
7.763571 53.377991 2.650897 -11.394684 17.778534 0.000000 0.000000 
7.235559 53.469906 5.077638 -11.260971 17.959068 0.000000 0.000000 
7.027106 53.759575 4.549292 -3.984505 21.343002 0.000000 0.000000 
7.199041 53.854816 5.293789 -6.893531 19.602028 0.000000 0.000000 
6.675786 53.970829 2.985313 -7.055358 26.453968 0.000000 0.000000 
7.445956 54.139572 3.005548 -2.932060 24.853456 0.000000 0.000000 
8.049856 54.079067 -6.336322 -2.362495 23.256168 0.000000 0.000000 
8.156291 54.154594 3.867469 -2.366722 24.905613 0.000000 0.000000 
7.697190 54.257099 -6.317509 -8.882942 19.351624 0.000000 0.000000 
6.628287 54.470966 -6.120720 -13.093887 16.868607 0.000000 0.000000 
6.878919 54.787918 2.820583 -7.200202 21.032784 0.000000 0.000000 
6.311712 55.087204 5.367116 -8.849174 21.450882 0.000000 0.000000 
6.757655 55.063858 4.933874 1.112549 26.853954 0.000000 0.000000 
6.630785 55.277981 5.244593 -3.718262 23.450985 0.000000 0.000000 
6.774981 55.267826 4.547912 -0.975258 25.689611 0.000000 0.000000 
8.210469 55.164864 5.700125 -15.644623 13.987598 0.000000 0.000000 
6.577229 55.713783 5.623303 -13.574478 18.165321 0.000000 0.000000 
6.817148 55.806442 5.432689 -9.681976 21.241302 0.000000 0.000000 
6.754709 55.851788 -7.072280 -17.163376 14.406490 0.000000 0.000000 
6.439127 55.961784 5.983411 -11.405815 17.779102 0.000000 0.000000 
6.135940 56.216599 5.741284 -11.698212 19.380825 0.000000 0.000000 
6.177792 56.224789 5.531291 -11.842201 16.797688 0.000000 0.000000 
6.911285 57.008324 5.395571 -10.000755 19.734097 0.000000 0.000000 
7.537466 57.034054 5.295864 -11.080925 18.985977 0.000000 0.000000 
7.905820 57.232124 3.324069 -7.903389 19.514671 0.000000 0.000000 
7.575550 57.395710 3.284903 -8.186577 19.683720 0.000000 0.000000 
8.637741 57.705753 3.989171 -11.826416 18.375134 0.000000 0.000000 
37.722351 43.691044 7.956372 -2.187912 15.848957 0.000000 1.000000 
5.503213 58.844036 9.720036 -15.360275 16.482677 0.000000 0.000000 
7.034339 58.707401 10.070287 -8.367805 20.720333 0.000000 0.000000 
6.867475 58.751373 6.244054 -16.640282 14.016663 0.000000 0.000000 
7.569090 58.815498 6.720798 -11.511444 15.349895 0.000000 0.000000 
6.850648 59.063717 7.409391 -11.167068 15.112640 0.000000 0.000000 
7.120065 59.069321 0.004491 -11.841156 12.602104 0.000000 0.000000 
7.173186 59.070072 5.318398 -15.535004 12.807373 0.000000 0.000000 
7.377680 59.134666 -7.507898 -10.744751 16.472305 0.000000 0.000000 
7.505465 59.533245 4.022000 -12.222290 15.838902 0.000000 0.000000 
7.423053 59.582157 0.459059 -18.055138 14.296417 0.000000 0.000000 
7.390250 59.626038 0.253033 -11.782318 15.843735 0.000000 0.000000 
7.897716 59.840069 7.461685 -14.293861 11.912903 0.000000 0.000000 
7.587115 59.909702 8.028560 -15.727272 11.848137 0.000000 0.000000 
7.455145 59.973976 8.375014 -11.080772 15.289299 0.000000 0.000000 
30.232798 52.211357 -7.891170 -10.686310 13.298904 0.000000 0.000000 
9.320984 60.132271 8.836559 -13.838142 16.309620 0.000000 0.000000 
9.381399 60.124207 9.175143 -15.645927 14.604321 0.000000 0.000000 
7.521709 60.507275 7.411804 -19.053352 12.171379 0.000000 0.000000 
7.558930 60.512699 7.318341 -17.209877 13.754379 0.000000 0.000000 
5.948015 61.010857 17.569942 -21.130287 11.787022 0.000000 0.000000 
6.378080 60.991879 7.466325 -11.190225 15.452953 0.000000 0.000000 
6.153404 61.090389 7.176562 -14.096153 13.444344 0.000000 0.000000 
6.338589 61.232864 7.528489 -11.590378 14.857742 0.000000 0.000000 
-7.528680 61.155285 -1.192688 -0.223015 25.733049 0.000000 0.000000 
-7.629440 61.154564 -1.124668 -0.073959 23.399700 0.000000 0.000000 
-7.643372 61.254410 -1.169521 2.444916 28.062901 0.000000 0.000000 
-7.661442 61.255402 -1.179588 -5.490074 20.204342 0.000000 0.000000 
6.707452 61.757401 7.613480 -12.689774 15.217476 0.000000 0.000000 
-8.519943 61.789242 -1.058557 -15.565483 14.149460 0.000000 0.000000 
-8.451815 62.000454 -1.499027 -14.739029 13.325546 0.000000 0.000000 
9.229992 61.942657 1.249461 -18.604614 9.818249 0.000000 0.000000 
-7.831463 62.343723 -1.230716 -12.746155 12.650040 1.000000 1.000000 
26.728056 57.507771 4.917928 -14.697861 10.678284 0.000000 0.000000 
31.056929 55.381016 5.121932 -7.368354 12.806465 0.000000 0.000000 
31.105101 55.559532 2.232410 -10.465645 8.990868 0.000000 0.000000 
30.314240 56.207199 2.957880 -11.839012 11.615005 0.000000 0.000000 
7.837358 64.229126 -0.577719 -10.703584 14.292309 0.000000 0.000000 
7.799637 64.285187 -0.448899 -14.660324 12.567196 0.000000 0.000000 
17.053520 62.885159 1.282763 -17.878952 11.089546 0.000000 0.000000 
-11.669205 64.544128 -0.563317 -8.120735 21.546638 0.000000 0.000000 
26.763313 60.251045 -5.070534 0.412849 19.994164 0.000000 0.000000 
8.304475 65.905991 -1.216640 -15.238396 10.455345 1.000000 1.000000 
26.890493 60.393703 -6.248254 -6.038406 14.501514 0.000000 0.000000 
30.246557 59.658367 -6.572059 -12.912102 8.738258 0.000000 0.000000 
9.064649 66.729912 -0.576256 -18.178741 10.147228 0.000000 0.000000 
8.507679 66.830811 -1.082661 -11.395782 15.174644 0.000000 0.000000 
8.357664 67.185951 -1.477082 -10.796791 14.923672 0.000000 0.000000 
-30.773769 60.041542 18.154184 -5.541779 17.360374 0.000000 0.000000 
8.523775 67.570389 -1.625612 -17.930748 8.464706 1.000000 1.000000 
-13.016756 67.208961 0.177863 -14.271217 11.486130 0.000000 0.000000 
-13.086683 67.228806 -0.379646 -9.723770 15.549072 0.000000 0.000000 
-13.017072 67.244736 -0.627095 -15.231522 10.646919 0.000000 0.000000 
-12.563476 67.349777 3.338418 -9.435867 15.251625 0.000000 0.000000 
-12.600693 67.405327 2.613840 -10.805116 15.018585 0.000000 0.000000 
43.557510 52.835300 3.042278 -2.684074 13.138027 0.000000 0.000000 
43.227077 53.308025 2.980587 -7.296295 10.254204 0.000000 0.000000 
7.686671 69.089027 1.511006 -13.528603 12.958729 1.000000 1.000000 
43.301109 53.267738 2.554627 1.162354 14.728542 0.000000 0.000000 
7.663304 69.304237 0.414428 -24.164009 4.742905 1.000000 1.000000 
43.672962 53.438694 2.218182 -2.227516 9.313049 0.000000 0.000000 
45.343513 51.941998 2.488780 1.688065 10.948280 0.000000 0.000000 
45.194939 52.112743 2.691333 8.670494 17.691441 0.000000 0.000000 
45.138863 52.192612 3.658572 3.251556 13.365704 0.000000 0.000000 
45.322739 52.190876 3.412682 8.601868 16.173836 0.000000 0.000000 
8.266455 69.654655 1.116902 0.070824 21.743950 0.000000 0.000000 
8.288975 69.873070 1.356975 -12.732773 14.410313 0.000000 0.000000 
8.308694 69.883095 1.303467 1.988228 24.862345 0.000000 0.000000 
8.465803 70.053421 -3.289689 -17.286125 11.107548 0.000000 0.000000 
7.691915 70.349762 5.199448 -12.248772 16.924702 0.000000 0.000000 
46.275673 52.281822 2.625691 1.409531 13.996841 0.000000 0.000000 
-33.229424 62.086525 -0.121182 -3.853806 16.432381 0.000000 0.000000 
46.945786 52.242687 -4.838296 6.954063 20.038445 0.000000 0.000000 
8.324611 70.960022 1.246525 -6.125305 15.738964 1.000000 1.000000 
9.848617 70.975281 3.449432 -11.613441 18.109718 0.000000 0.000000 
9.166333 71.498985 3.634509 -12.794479 13.886600 0.000000 0.000000 
9.657843 71.440292 3.373709 -11.254846 17.401379 0.000000 0.000000 
8.807630 71.583595 2.648075 -13.095276 14.848961 0.000000 0.000000 
-36.790039 61.722206 3.472208 4.267532 20.740799 0.000000 0.000000 
-35.888084 62.307159 3.775795 1.683182 18.014648 0.000000 0.000000 
-36.288948 62.171509 3.746343 3.186142 20.471523 0.000000 0.000000 
-36.080933 62.317909 3.623611 -1.314857 17.725868 0.000000 0.000000 
8.571525 72.055107 2.648043 -18.260437 11.469646 0.000000 0.000000 
9.331985 72.034950 1.781841 -19.284195 8.578709 1.000000 1.000000 
9.177642 72.346291 2.988216 -12.332886 11.914341 0.000000 0.000000 
8.681710 72.442795 1.801523 -17.627388 10.407021 0.000000 0.000000 
9.836874 72.302589 3.542655 -16.679726 9.895508 0.000000 0.000000 
9.220577 72.454773 3.309473 -17.089188 10.573509 0.000000 0.000000 
9.317674 72.571945 2.618687 -8.638420 15.041676 0.000000 0.000000 
9.629769 72.558304 3.153961 -7.554459 15.709919 0.000000 0.000000 
9.976563 72.685600 2.612031 -10.451219 15.081280 0.000000 0.000000 
-23.257847 69.528450 2.473858 -11.343719 11.914360 0.000000 0.000000 
-21.645794 70.424065 -7.676201 -15.550446 12.266323 0.000000 0.000000 
-30.248795 66.994400 3.555304 -8.878282 16.380589 0.000000 0.000000 
-22.674109 70.180725 -8.459388 -9.189079 13.476845 0.000000 0.000000 
-29.227385 67.584854 4.120327 -0.775536 19.717220 1.000000 1.000000 
-10.295977 73.216438 3.717783 -8.202310 17.246021 0.000000 0.000000 
-30.406717 67.321526 4.785685 1.447655 18.292206 0.000000 1.000000 
-29.618717 67.759445 4.172918 -1.879799 19.325172 0.000000 0.000000 
-30.648853 67.282745 4.235377 2.388069 20.460068 0.000000 0.000000 
-29.570951 68.184128 5.108410 3.686913 22.495369 0.000000 0.000000 
-29.390650 68.332161 6.879918 4.822922 23.314514 0.000000 0.000000 
-29.376974 68.359421 2.711627 8.508972 25.710430 0.000000 0.000000 
-29.435930 68.366783 4.185294 5.660927 22.831512 0.000000 0.000000 
-29.144497 68.612808 -7.519336 2.742348 19.564194 0.000000 0.000000 
-30.123041 68.362961 -8.147307 2.213799 19.668083 0.000000 0.000000 
-29.773008 68.533493 -7.774155 4.315300 22.293407 0.000000 0.000000 
-28.555763 69.188591 -5.142966 -0.138687 21.858414 0.000000 0.000000 
-29.842730 68.652565 4.578501 0.990715 20.730846 0.000000 0.000000 
-30.792843 68.534813 -8.999584 1.821281 20.185410 0.000000 0.000000 
-31.293768 68.364464 5.998490 0.661514 19.594376 0.000000 0.000000 
-28.758820 69.572044 5.514644 -2.492386 20.843498 0.000000 0.000000 
-9.941326 75.319450 5.784287 -6.310249 18.129314 0.000000 0.000000 
-30.109430 69.442039 5.802942 -3.593697 18.200890 0.000000 0.000000 
-9.833954 75.445847 5.772990 -11.317459 15.628876 0.000000 0.000000 
-9.859516 75.459442 5.398857 -3.026878 20.175457 0.000000 0.000000 
-28.575588 70.410858 7.697423 -2.313622 18.520939 0.000000 0.000000 
-30.955654 69.507042 6.787578 -7.922775 14.711811 0.000000 0.000000 
-10.030547 75.760368 -8.870644 -7.237281 16.757942 0.000000 0.000000 
-31.787998 69.297119 12.303679 -11.880531 12.124641 0.000000 0.000000 
-22.983452 73.183846 5.300961 -4.567406 20.536610 0.000000 0.000000 
9.210197 76.685593 2.820763 -12.127213 14.261757 0.000000 0.000000 
-11.089441 76.878006 6.169066 -9.581468 16.063118 0.000000 0.000000 
-10.906260 77.003479 -8.940680 -4.188072 17.668190 0.000000 0.000000 
-22.664801 74.701950 10.725328 0.345047 21.689716 0.000000 0.000000 
-22.902308 74.934479 10.678995 0.786514 18.812569 0.000000 0.000000 
-22.693247 75.034737 11.217818 -3.826736 16.334991 0.000000 0.000000 
55.642086 54.031513 2.524470 0.746956 7.011787 1.000000 1.000000 
55.618645 54.931751 1.611511 12.696425 16.739311 0.000000 0.000000 
55.787201 54.834160 1.863447 5.025490 10.558929 0.000000 0.000000 
55.686317 55.005672 1.739550 10.181946 16.515533 0.000000 0.000000 
58.243477 52.089325 4.260692 7.103828 16.335693 0.000000 0.000000 
58.632153 52.687576 3.430706 16.344498 18.567318 0.000000 0.000000 
58.431519 53.154469 4.453609 4.014305 9.546925 0.000000 0.000000 
59.128986 52.375011 4.064955 15.320975 22.539513 0.000000 0.000000 
43.179352 67.476791 1.767287 -0.805870 14.866447 0.000000 0.000000 
-36.543533 71.635803 1.466448 -6.735992 14.936764 0.000000 0.000000 
-36.543095 71.662727 1.707631 -9.298820 12.252178 0.000000 0.000000 
-68.565475 40.107780 2.790606 12.996811 13.456577 1.000000 1.000000 
-34.783665 73.439888 8.485372 -3.990059 15.978245 0.000000 0.000000 
-21.359676 79.108833 6.780384 -7.359055 16.350636 0.000000 0.000000 
-34.056824 74.736885 10.143545 -1.274925 16.793087 0.000000 0.000000 
-32.084267 76.171967 9.638697 -2.419968 17.471172 0.000000 0.000000 
-30.977942 77.968193 6.753093 -3.886902 15.514885 0.000000 0.000000 
-28.681831 79.505875 6.112016 2.173767 20.982384 0.000000 0.000000 
-28.020285 80.511215 8.128445 0.581940 20.410118 0.000000 0.000000 
-31.829802 79.432106 14.587854 -5.729888 16.257378 0.000000 0.000000 
52.065575 68.027565 3.868495 7.679840 16.303932 1.000000 1.000000 
-31.266317 80.824013 10.463762 -6.896926 15.365257 0.000000 0.000000 
52.661053 68.916100 3.648292 8.058212 18.633533 0.000000 0.000000 
52.762501 68.863876 3.657141 7.411682 17.483749 0.000000 0.000000 
-30.824947 81.802834 9.114681 -4.169563 16.385071 0.000000 0.000000 
23.675489 84.996078 2.066558 -12.747276 10.058170 1.000000 1.000000 
68.009224 54.758247 2.165403 9.030922 12.661537 1.000000 1.000000 
-49.041851 73.613022 8.914083 -5.222457 11.723595 0.000000 0.000000 
45.029202 78.384621 3.819503 2.108383 17.660027 0.000000 1.000000 
45.314404 78.845131 4.045237 -5.705329 11.074863 1.000000 1.000000 
-37.957485 83.345024 8.477653 -6.405891 12.147686 0.000000 0.000000 
-54.110802 74.524277 11.121276 -4.730072 8.080818 0.000000 0.000000 
-21.032585 90.382874 7.083393 -7.987473 14.242245 0.000000 0.000000 
-22.240160 90.411484 6.492650 -3.278915 15.050728 0.000000 0.000000 
-22.685801 90.367317 6.956539 -9.198311 11.862469 0.000000 0.000000 
-22.414915 90.482323 7.213025 -13.168427 10.300613 0.000000 0.000000 
-48.515659 79.495041 2.623037 -8.176811 8.216785 0.000000 0.000000 
-21.390692 91.163376 6.224994 -11.315033 12.424911 0.000000 0.000000 
-22.665552 90.870682 8.196260 -14.868248 8.321869 0.000000 0.000000 
-67.397453 64.115891 3.728877 -2.121933 6.534271 0.000000 0.000000 
-32.570393 88.546181 10.238477 -12.997864 7.687180 0.000000 0.000000 
56.819702 75.711807 8.257191 -5.417976 6.756363 0.000000 1.000000 
30.517490 90.651428 -4.776988 -15.576233 6.276806 0.000000 0.000000 
10.813533 95.696442 11.526515 -18.111557 8.084972 0.000000 0.000000 
-31.783604 91.163544 11.755248 -14.334267 7.063305 0.000000 0.000000 
-14.983338 96.148628 3.710325 -7.579772 11.117981 1.000000 1.000000 
-13.473125 97.110107 3.742926 -12.259789 11.547573 0.000000 0.000000 
-14.326132 97.349808 3.659735 -7.392632 12.423790 0.000000 0.000000 
-15.515817 97.193657 3.620996 -3.906853 15.722042 0.000000 0.000000 
-15.477231 97.216904 3.456070 1.386421 19.777386 0.000000 0.000000 
-15.343705 97.248787 3.408417 -3.770256 15.145309 0.000000 0.000000 
-15.340564 97.359398 3.495343 3.257416 20.091881 0.000000 0.000000 
-22.004995 96.349663 10.214901 -13.562729 8.849670 0.000000 0.000000 
-29.820601 94.722336 8.762010 -15.008308 6.752205 0.000000 0.000000 
-22.387970 97.156319 -2.364304 -17.956047 5.372890 0.000000 0.000000 
-30.749634 95.657852 8.053430 -14.101364 7.246197 0.000000 0.000000 
-31.307312 95.984711 10.202166 -8.994484 9.095577 0.000000 0.000000 
-32.122799 96.072517 9.808679 -11.133531 10.407246 0.000000 0.000000 
-31.988092 96.127426 10.770483 -8.727745 10.655109 0.000000 0.000000 
-31.344147 96.522491 10.846483 -9.386086 9.146404 0.000000 0.000000 
-31.980742 96.603767 13.976183 -11.671021 7.856167 0.000000 0.000000 
-32.404789 96.666824 10.559535 -12.927124 7.454174 0.000000 0.000000 
-30.542366 97.473030 0.715638 -11.206017 8.322777 0.000000 0.000000 
-32.017250 97.136612 13.229275 -6.610497 11.646870 0.000000 0.000000 
-32.030033 97.355019 10.484869 -14.713432 7.133339 0.000000 0.000000 
-31.305651 97.754585 9.445352 -8.443176 10.739990 0.000000 0.000000 
-31.879084 97.931870 12.181029 -10.501144 7.656296 0.000000 0.000000 
-31.689150 98.024040 12.082123 -5.172119 9.122177 0.000000 0.000000 
92.622467 40.972233 17.391705 8.051483 8.095547 0.000000 1.000000 
-31.480793 99.049393 11.216683 -8.454109 9.861095 0.000000 0.000000 
-32.272739 98.993622 9.992428 -14.200066 7.071678 0.000000 0.000000 
-32.104481 99.285477 11.355309 -2.450111 12.811707 0.000000 0.000000 
-32.120659 99.551735 12.322989 -2.415680 11.778614 0.000000 0.000000 
37.765503 97.645515 -1.896240 -12.763969 7.194214 0.000000 0.000000 
-31.007801 100.499062 12.058109 -5.294052 10.527340 0.000000 0.000000 
-31.077593 100.524155 11.817767 -4.496131 11.694851 0.000000 0.000000 
89.402611 52.084698 -1.188927 6.732231 6.911545 0.000000 1.000000 
-31.353024 101.227478 10.680427 -9.824768 6.552486 1.000000 1.000000 
34.017414 100.456161 2.837969 -9.297195 8.664478 0.000000 0.000000 
33.841171 100.580650 0.863882 -10.073990 6.675072 0.000000 1.000000 
11.983621 106.160110 1.994609 -17.797394 5.508652 0.000000 1.000000 
-31.694645 102.143845 12.082064 -9.047241 8.334225 0.000000 1.000000 
-32.843666 104.481003 14.337870 -4.733398 8.784252 0.000000 0.000000 
51.270473 97.957817 4.304605 -3.218964 11.261173 0.000000 0.000000 
52.357971 97.360298 5.553148 -3.938713 10.461262 0.000000 0.000000 
50.851303 98.232986 5.165449 -6.297974 9.610516 0.000000 0.000000 
51.161369 98.471916 5.520492 -3.174316 10.084541 0.000000 0.000000 
50.036709 99.336464 6.024735 -3.999733 10.173687 0.000000 0.000000 
-83.553329 72.338051 0.640238 7.477913 9.738174 0.000000 0.000000 
-21.067986 110.246422 4.206571 -14.084747 7.916798 0.000000 0.000000 
46.414967 102.089249 3.820473 -5.017487 8.677593 0.000000 0.000000 
55.308304 97.688843 2.514604 -7.772232 8.504200 0.000000 0.000000 
55.116802 98.171326 0.980223 -6.767211 8.850216 0.000000 0.000000 
38.563084 107.650627 9.264712 -13.067047 4.784912 0.000000 0.000000 
36.873329 108.508606 2.927860 -3.143227 9.967896 0.000000 0.000000 
36.929047 108.587456 4.005236 -5.908531 8.783531 0.000000 0.000000 
36.851074 108.640121 2.577965 -10.412148 5.763435 0.000000 0.000000 
34.810226 109.769203 2.064830 -11.426781 4.832050 0.000000 0.000000 
35.303635 109.621910 2.121102 -9.293611 6.225063 0.000000 0.000000 
35.105270 109.898743 1.939998 -5.390579 7.338383 0.000000 0.000000 
34.884430 110.131889 1.519982 -13.468727 4.674587 0.000000 0.000000 
34.232113 110.412697 2.056964 -12.442078 4.960308 0.000000 0.000000 
33.702751 110.591736 1.081649 -11.124199 7.443600 0.000000 0.000000 
34.554878 110.319946 2.580499 -10.999397 6.807739 0.000000 0.000000 
-7.911647 116.738777 -4.406475 -12.419601 6.074173 0.000000 1.000000 
-31.672089 113.435623 11.452526 -12.770805 7.423553 0.000000 0.000000 
-21.448961 116.220024 7.872943 -13.943871 6.081825 0.000000 0.000000 
48.228752 108.019211 2.512050 -5.069770 8.543785 0.000000 0.000000 
-23.080450 116.359833 13.037896 -13.131996 7.968140 0.000000 0.000000 
-24.198084 116.233109 2.633705 -12.204216 8.297878 0.000000 0.000000 
41.853073 110.970673 0.745736 -6.237740 6.391457 1.000000 1.000000 
7.159130 118.977951 -5.198472 -15.985214 6.667961 0.000000 1.000000 
-33.073967 114.551590 10.642147 -13.336418 5.099285 0.000000 0.000000 
43.945435 110.884789 3.904504 -7.225585 7.123302 0.000000 0.000000 
44.570686 110.752975 0.305793 -10.141830 7.795326 0.000000 0.000000 
42.711948 111.661148 1.930533 -7.726540 6.850204 0.000000 0.000000 
42.473186 111.779037 1.782488 -7.192665 7.271942 0.000000 0.000000 
-22.481245 117.897774 6.196170 -6.951187 11.291634 0.000000 0.000000 
-22.023720 118.003593 7.645673 -8.099420 10.137646 0.000000 0.000000 
-22.669989 117.980446 8.161083 -3.528725 11.909607 0.000000 0.000000 
-23.139360 117.949860 9.103482 1.030098 15.053947 0.000000 0.000000 
-23.515802 118.002808 8.955371 -9.664299 7.378948 0.000000 0.000000 
-23.115713 118.214783 9.397389 2.422447 16.978867 0.000000 0.000000 
40.651760 113.558769 2.149071 -11.219841 6.987621 0.000000 0.000000 
-33.821362 116.016266 10.362067 -7.873466 8.098244 0.000000 0.000000 
-33.100323 116.636360 8.544035 -11.525177 8.246872 0.000000 0.000000 
-32.661438 116.879662 9.063252 -7.191505 7.778393 0.000000 0.000000 
-23.116247 119.268143 9.551779 -4.383087 9.910786 1.000000 1.000000 
-31.970881 117.309822 10.916812 -6.223389 9.766533 0.000000 0.000000 
-33.251156 117.106674 11.075410 -6.666458 8.373711 0.000000 0.000000 
-33.422569 117.784470 10.051164 -10.044075 5.198875 1.000000 1.000000 
-8.024988 123.253372 -7.746961 -11.633354 7.143742 0.000000 0.000000 
-7.359141 123.364006 -5.228345 -10.491348 7.454258 0.000000 0.000000 
-31.819944 119.634216 10.477848 -9.988670 6.432667 0.000000 0.000000 
-32.258045 119.850960 11.837913 -5.748230 8.552933 0.000000 0.000000 
-32.883610 119.749680 11.470486 -5.094849 9.524910 0.000000 0.000000 
-33.184063 119.749313 10.510813 -6.246597 10.528286 0.000000 0.000000 
-100.983879 71.685402 1.663146 8.946129 7.681995 0.000000 1.000000 
43.719589 117.554947 3.967595 -4.096038 10.189545 0.000000 0.000000 
-33.437500 121.049362 13.755391 -9.559929 8.193867 0.000000 0.000000 
-34.346710 121.063705 12.842379 -8.019547 7.860577 0.000000 0.000000 
-34.635277 121.594849 15.996637 -8.897018 8.195374 0.000000 0.000000 
-35.166229 121.486687 15.265494 -5.711990 7.201752 0.000000 0.000000 
36.402657 121.516075 2.225054 -6.522682 8.601116 0.000000 0.000000 
37.543400 121.253014 1.831348 -4.937096 8.668526 0.000000 0.000000 
-32.774448 122.782478 13.056842 -2.657394 9.307735 0.000000 0.000000 
-33.776016 123.062721 11.481356 -3.506592 8.185589 0.000000 0.000000 
38.962982 121.607422 1.653667 -10.372574 5.793541 0.000000 0.000000 
-32.616890 123.862526 13.496291 -9.535339 5.890247 0.000000 0.000000 
-32.383492 124.545769 12.316973 -6.248802 8.753635 0.000000 0.000000 
-7.639218 128.940506 -5.474713 -8.045654 11.797478 0.000000 1.000000 
-21.058323 127.498680 3.659865 -10.706841 5.135216 1.000000 1.000000 
-7.833624 129.167419 -4.648265 -4.868713 11.759819 0.000000 0.000000 
-21.333443 127.642044 4.463892 -3.655365 11.208149 0.000000 0.000000 
-22.013079 127.649651 4.786748 -6.377243 9.922543 0.000000 0.000000 
-23.200661 127.447311 3.765059 -8.348129 9.859943 0.000000 0.000000 
-21.423433 128.183105 5.521981 -4.923096 10.816849 0.000000 0.000000 
-21.425909 128.412231 -10.478774 -0.969109 10.782974 0.000000 0.000000 
-21.401768 128.650513 4.400118 0.829834 13.414459 0.000000 0.000000 
-21.542509 128.813873 4.246282 -6.111755 8.236588 0.000000 0.000000 
-22.166315 128.953491 3.966199 -3.228310 12.762325 0.000000 0.000000 
-22.874077 128.905334 3.652191 -7.233582 9.409374 0.000000 0.000000 
-22.839132 129.280853 4.072962 -6.432357 8.663647 0.000000 0.000000 
105.669327 76.133560 16.987738 15.308144 12.329659 0.000000 1.000000 
-21.305239 130.363632 -9.055346 -10.812813 3.528828 1.000000 1.000000 
6.929742 131.980988 -7.892166 -4.354668 14.846199 0.000000 1.000000 
-24.723377 129.865265 2.643997 -4.736930 10.096916 0.000000 0.000000 
-25.100159 130.030472 1.367526 -6.749839 10.187077 0.000000 0.000000 
-20.638718 131.073792 -9.517751 3.216988 17.516544 1.000000 1.000000 
-24.689703 130.574371 2.606648 -8.052072 7.485889 1.000000 1.000000 
-20.593596 131.658539 -8.875672 6.258545 18.930538 0.000000 0.000000 
-21.453365 131.546661 -8.654507 13.734726 24.898361 0.000000 0.000000 
-20.787701 131.837753 -9.095467 10.100143 24.511557 0.000000 0.000000 
-20.202314 132.066437 3.331285 9.279922 21.329865 0.000000 0.000000 
-19.964197 132.109955 3.445541 9.119057 21.383148 0.000000 0.000000 
-19.952271 132.316284 4.053732 5.229774 19.428448 0.000000 0.000000 
-20.119068 132.559845 3.686000 11.075829 22.715912 0.000000 0.000000 
-20.244814 132.780945 -11.149004 7.946716 20.888649 0.000000 0.000000 
-19.966223 133.247711 4.574563 3.008324 16.088284 0.000000 0.000000 
-20.239882 133.272949 -9.544298 5.182556 17.502892 0.000000 0.000000 
-22.195364 133.270905 0.478389 -8.629608 8.447277 0.000000 0.000000 
-21.966057 133.526855 3.498807 -7.159225 7.903828 0.000000 0.000000 
-20.193283 133.871552 -10.869879 3.898300 16.434883 1.000000 1.000000 
-21.599688 133.804230 4.563251 -2.850571 12.162262 0.000000 0.000000 
-8.169981 135.376556 -5.401345 -3.071365 12.727638 0.000000 0.000000 
-8.125723 135.400330 -5.785280 -6.190734 11.819893 0.000000 0.000000 
6.479352 135.602722 -6.555043 -4.144416 14.546421 1.000000 1.000000 
41.855709 129.205231 2.438758 -6.382690 7.634872 0.000000 0.000000 
6.011439 136.015411 -6.645875 -8.364250 9.756023 0.000000 0.000000 
6.630990 136.216492 -6.364119 3.255554 19.038860 0.000000 0.000000 
6.845098 136.222534 -6.148663 1.673073 18.281612 0.000000 1.000000 
7.031458 136.296478 -5.589793 3.380508 19.289547 0.000000 0.000000 
40.125782 130.753479 -0.017561 -7.345665 8.034966 0.000000 0.000000 
-22.545828 135.138092 4.367788 -11.142769 4.786018 0.000000 0.000000 
-21.504124 135.396881 3.865298 -6.318855 8.742111 0.000000 0.000000 
41.067905 130.722931 3.497253 -8.592781 5.993881 0.000000 0.000000 
41.916222 130.614716 3.371716 -8.356529 7.390091 0.000000 0.000000 
39.822453 131.755890 3.232615 -0.994453 11.587482 0.000000 0.000000 
39.713242 131.890350 3.055729 -0.579086 11.514217 0.000000 0.000000 
41.771172 131.250443 3.571430 -3.179665 10.237743 0.000000 0.000000 
-22.949255 139.384644 1.657446 -11.540779 5.100418 0.000000 0.000000 
-22.881306 139.686371 5.666408 -11.741661 5.102444 0.000000 0.000000 
-22.810884 139.875977 4.961512 -2.963280 8.681171 0.000000 0.000000 
-23.294827 139.810791 -10.333513 -2.791878 8.523979 0.000000 0.000000 
-23.484056 140.580261 -10.387600 -4.002754 10.364563 0.000000 0.000000 
-23.105190 140.656647 -10.328906 3.679855 16.177193 0.000000 0.000000 
-23.429440 141.012115 2.324182 -6.646369 7.443722 0.000000 0.000000 
-23.376951 141.306091 -11.354490 -6.688323 7.073212 0.000000 0.000000 
-24.058895 141.207733 4.657632 -5.754951 8.211567 0.000000 0.000000 
-24.021555 145.192749 -9.892571 -0.131973 11.336723 0.000000 0.000000 
-23.751888 145.348877 -9.243317 3.898849 16.305069 0.000000 0.000000 
-23.723471 145.395447 5.213969 -3.926170 8.452034 0.000000 0.000000 
-23.152462 145.504486 6.179839 -3.763763 10.034454 0.000000 0.000000 
-22.913076 146.250183 5.210720 -5.602081 7.973965 1.000000 1.000000 
42.820053 141.711304 1.511657 -8.916656 5.044449 0.000000 1.000000 
-21.576210 146.672699 4.928171 -12.621635 4.129364 1.000000 1.000000 
-29.625990 145.541473 0.666060 -11.268219 6.089565 0.000000 0.000000 
-24.267704 146.662231 -11.310960 -4.674552 7.609016 0.000000 0.000000 
-23.287218 147.016907 -6.440079 -2.613373 10.127811 0.000000 0.000000 
-23.406572 147.009705 -6.966705 -3.974106 8.629852 0.000000 0.000000 
-23.621403 146.995941 -9.049091 -1.100304 10.324390 0.000000 0.000000 
-23.771971 147.090546 -10.755203 4.430809 16.266743 0.000000 0.000000 
-23.619335 147.498779 1.619115 -5.000061 7.615681 0.000000 0.000000 
-23.201799 147.645630 2.069824 -0.062195 11.154240 0.000000 0.000000 
-23.865494 147.541260 1.939916 -3.761719 8.381271 0.000000 0.000000 
-24.136337 147.513733 3.737191 -0.259087 9.191669 0.000000 0.000000 
-23.254980 148.044189 5.115305 -4.919968 7.711517 0.000000 0.000000 
-23.876141 148.889282 3.884433 -7.061836 4.378033 1.000000 1.000000 
8.305544 152.452087 -0.782086 -11.521263 4.844318 0.000000 1.000000 
-33.807671 149.048615 11.471189 -10.480699 5.658619 0.000000 0.000000 
-9.017101 153.091339 -4.514524 -10.032928 6.292881 0.000000 1.000000 
-33.768616 149.505371 11.527729 -6.603485 6.458984 0.000000 0.000000 
-23.353344 152.520386 -10.262345 -7.649353 5.154053 1.000000 1.000000 
-24.839491 152.623108 -1.448705 -6.040657 5.803658 0.000000 0.000000 
-23.597078 153.043427 -10.004613 -3.584999 8.863949 0.000000 0.000000 
-25.123287 152.796722 4.748708 -4.151908 8.085716 0.000000 0.000000 
-23.911573 153.178131 4.466069 0.012474 11.203426 0.000000 0.000000 
-25.475519 153.385803 6.845520 -7.853942 6.105556 0.000000 0.000000 
-23.437149 153.820892 3.385226 -5.641799 5.814838 0.000000 0.000000 
-31.440258 152.683167 11.341734 -8.149315 5.896069 0.000000 0.000000 
-23.840090 154.567078 5.948867 -4.652580 9.348091 0.000000 0.000000 
-29.213373 154.422089 6.954427 -6.941101 6.747322 0.000000 0.000000 
-29.663157 154.477356 7.937411 -9.588983 5.043633 0.000000 0.000000 
-31.452366 154.140411 7.694370 -7.599297 6.040058 0.000000 0.000000 
-30.993547 155.009949 11.073015 -4.870796 6.311085 1.000000 1.000000 
-30.170071 155.201141 7.763788 -3.936859 9.263000 0.000000 0.000000 
-31.091862 155.400574 11.374063 -5.014191 5.594868 0.000000 0.000000 
-31.930618 155.335266 9.334968 1.077736 11.655350 0.000000 0.000000 
-32.872482 155.402832 10.508087 -5.701195 7.553555 0.000000 0.000000 
-31.278856 156.263885 11.179837 -3.829803 10.021729 0.000000 0.000000 
-32.707920 155.994324 8.789055 0.125801 12.412228 0.000000 0.000000 
-27.935848 157.015320 13.307849 -3.795876 8.176968 0.000000 0.000000 
-24.460045 157.925385 3.991796 -7.704285 3.809162 1.000000 1.000000 
-31.631025 157.033905 10.866090 -3.767036 8.733353 0.000000 0.000000 
-31.738932 157.110840 11.302861 -6.219779 5.866631 0.000000 0.000000 
-24.245043 158.881104 4.017295 -4.648026 7.741566 0.000000 0.000000 
-23.610634 159.233673 4.549509 -4.796096 5.991398 0.000000 0.000000 
-24.683649 159.089142 3.681031 5.826332 14.411964 0.000000 0.000000 
-24.242617 159.189941 3.706645 4.904259 13.903996 0.000000 0.000000 
-24.438780 159.247803 -0.156329 -0.283203 10.527225 0.000000 0.000000 
-21.562433 159.752563 0.128665 -6.424728 5.531837 1.000000 1.000000 
-24.184025 159.563995 3.207075 -3.359100 7.733936 0.000000 0.000000 
-32.197746 158.466003 9.361160 -5.178162 9.806755 0.000000 0.000000 
-24.922609 159.854248 5.702453 -3.399994 9.620285 0.000000 0.000000 
-23.194618 160.741089 -1.405889 0.485657 11.794861 0.000000 0.000000 
-23.222048 160.756927 -0.683728 0.345085 9.683556 0.000000 0.000000 
-22.944670 160.886169 0.050761 0.869041 11.837345 0.000000 0.000000 
-23.496698 160.831512 6.476274 -4.744499 6.957706 0.000000 0.000000 
-23.378853 161.476410 2.690763 -4.499877 7.645958 0.000000 0.000000 
-23.974535 161.479797 1.853355 1.307053 11.544819 0.000000 0.000000 
44.143097 157.171326 5.972736 -4.900833 6.367504 0.000000 0.000000 
-24.000309 161.925476 -2.290829 -2.547119 9.272675 0.000000 0.000000 
-25.792805 161.795898 -13.402183 -5.729668 6.377258 0.000000 0.000000 
-24.147026 162.315369 4.343912 -2.250618 7.303963 0.000000 0.000000 
-24.410885 162.312439 4.037814 -3.580063 7.260288 0.000000 0.000000 
-25.324879 162.552887 -4.499177 -10.925691 4.462749 0.000000 0.000000 
-24.626797 163.056763 1.837398 -6.868408 4.811840 0.000000 0.000000 
-25.742735 165.471039 1.400016 -11.134065 1.917648 1.000000 1.000000 
-24.376129 165.823120 1.195583 -10.454979 4.494286 0.000000 0.000000 
-22.992260 166.346069 7.062641 -5.686141 8.307590 0.000000 0.000000 
-24.751520 166.123779 -2.298122 -3.305893 8.134712 0.000000 0.000000 
-25.048649 166.246704 2.414072 -2.162041 6.913620 0.000000 0.000000 
-25.208651 166.228485 -13.312534 -5.301506 5.437958 0.000000 0.000000 
-23.869608 166.467804 7.138927 -7.064262 4.840088 1.000000 1.000000 
-25.124556 166.578735 0.757914 -5.439545 6.913445 0.000000 0.000000 
-25.889809 166.696838 -0.102856 -1.704636 8.180332 0.000000 0.000000 
-27.145441 166.729187 3.180577 -9.417175 4.878490 0.000000 0.000000 
-23.889673 167.627899 4.238593 5.542671 15.721489 0.000000 0.000000 
-24.327187 167.699158 4.331184 3.012505 11.657841 0.000000 0.000000 
-22.586220 168.173248 5.839682 -6.997948 4.291309 0.000000 0.000000 
-23.131443 168.610809 -2.134314 -8.567268 5.036739 0.000000 0.000000 
-26.315956 168.230743 -2.916003 -4.878662 5.578804 0.000000 0.000000 
-24.753311 168.664825 -1.869689 -2.816795 7.224091 0.000000 0.000000 
-24.698503 168.711609 -2.061303 -3.407181 6.447189 0.000000 0.000000 
-25.259703 168.741272 -2.265034 4.200211 13.226410 0.000000 0.000000 
-25.355276 168.936859 -1.782243 -2.347107 7.088879 0.000000 0.000000 
-25.477859 168.923248 -2.207793 -0.075058 8.393105 0.000000 0.000000 
-24.896973 169.175568 -2.477646 7.369843 14.417927 0.000000 0.000000 
-23.988184 169.397125 -4.263994 -6.355644 4.843773 0.000000 0.000000 
-23.852318 169.626099 -1.499851 -10.950974 2.658607 0.000000 0.000000 
-25.135069 169.521393 -2.320730 -9.475754 4.203976 1.000000 1.000000 
-23.145561 170.029510 -2.738669 -9.477066 3.436672 0.000000 0.000000 
-24.913891 169.966309 -2.887930 2.361351 9.999882 0.000000 0.000000 
-23.669649 170.190857 -1.612505 -3.729568 7.333183 0.000000 0.000000 
-24.189554 170.201935 0.250455 0.385796 9.568626 0.000000 0.000000 
-24.536587 170.592102 5.369850 -1.187630 9.137741 0.000000 0.000000 
-23.239826 170.904755 -13.426754 -4.638084 7.687031 0.000000 0.000000 
-25.434994 170.714294 4.690189 -1.481430 6.982235 0.000000 0.000000 
-24.656591 170.873322 2.699959 -4.163040 4.595417 0.000000 0.000000 
-25.206846 170.932068 7.026260 -6.293952 5.198330 0.000000 0.000000 
-25.139051 171.035461 5.661328 -10.546968 3.851810 0.000000 0.000000 
-24.702772 171.533997 2.989249 -1.891617 6.731686 0.000000 0.000000 
-25.272486 171.470490 0.272114 1.637230 9.867264 0.000000 0.000000 
-23.223705 171.788544 -11.020648 -3.232773 8.687569 0.000000 0.000000 
-25.126062 171.794678 2.776488 2.501328 10.385036 0.000000 0.000000 
-23.411932 172.129181 1.789436 -1.284996 7.291340 0.000000 0.000000 
-23.582378 172.434662 1.717363 -2.362862 6.502792 0.000000 0.000000 
-25.336821 172.239807 7.142018 -3.278313 8.742538 0.000000 0.000000 
-25.817062 172.182892 -13.578568 -1.065475 7.207691 0.000000 0.000000 
-24.700539 172.360291 -11.663125 3.140976 12.624390 0.000000 0.000000 
-24.363914 172.585205 0.834899 -6.402657 5.822418 0.000000 0.000000 
-25.698975 172.848755 5.112319 -8.944511 2.783005 0.000000 0.000000 
-23.742031 173.219238 3.612216 -4.890839 6.356659 0.000000 0.000000 
-22.640953 173.534607 3.289485 -5.448685 5.611126 0.000000 0.000000 
-22.605318 173.611511 0.031421 -6.864044 4.244335 0.000000 0.000000 
-23.545757 173.491394 2.959991 -6.894889 5.143127 0.000000 0.000000 
-24.382471 173.645508 -1.790574 -2.593231 7.890526 0.000000 0.000000 
-23.985836 173.829926 -1.935160 -3.111824 6.004524 0.000000 0.000000 
-23.844500 173.855865 -3.308547 -4.631538 4.820442 0.000000 0.000000 
-23.873373 173.850067 1.164847 -7.386604 2.732792 1.000000 1.000000 
-23.414675 174.253693 -2.232383 -6.119895 5.952606 0.000000 0.000000 
-25.875671 173.923859 4.859812 -7.428337 3.664837 0.000000 0.000000 
-24.664482 174.197357 -1.861582 -8.870155 2.771339 1.000000 1.000000 
-25.686184 174.301239 0.910381 -5.586189 4.921982 0.000000 0.000000 
-24.212423 174.558075 0.058086 -6.340462 4.738941 0.000000 0.000000 
-25.224905 174.425049 1.953555 -3.465050 5.784527 0.000000 0.000000 
-25.053373 174.629761 -2.554273 -4.179206 4.912483 0.000000 0.000000 
-25.371634 174.813782 -1.863011 -5.708565 4.086540 0.000000 0.000000 
-25.181414 175.042847 -2.790281 -10.295753 3.184021 0.000000 0.000000 
-23.857023 175.499115 -1.590636 -9.211426 3.291508 0.000000 0.000000 
-24.943344 175.404541 -2.452373 -1.008179 8.528160 0.000000 0.000000 
-24.800592 175.557190 -2.772744 -3.445084 4.190723 0.000000 0.000000 
-26.312260 175.455627 -1.586213 -6.408417 2.861126 0.000000 0.000000 
-24.687859 175.809998 -2.624198 -4.733802 6.067532 0.000000 0.000000 
-24.325367 177.277496 -1.109274 -6.371445 5.739677 1.000000 1.000000 
-25.158842 177.726837 -3.813741 -5.058914 4.772648 0.000000 0.000000 
-26.322416 177.561035 -2.377823 1.768150 10.353680 0.000000 0.000000 
-25.687683 177.808167 -2.108491 0.045021 9.773952 0.000000 0.000000 
-24.530481 180.209747 -3.309870 -4.882431 6.063847 0.000000 0.000000 
-25.380026 180.227844 -3.512679 4.915703 12.158062 0.000000 0.000000 
-25.814610 180.246979 -3.829785 6.007278 13.103168 0.000000 0.000000 
-25.747446 180.447266 -3.162948 5.085808 14.112148 0.000000 0.000000 
-25.214127 180.876007 0.951878 -6.191085 4.501846 0.000000 0.000000 
-25.186550 181.063690 -1.920225 -3.837181 6.007298 0.000000 0.000000 
-25.438732 181.049530 0.040310 -5.516197 4.341488 0.000000 0.000000 
-24.580090 181.545105 -1.169168 -0.207016 8.822475 0.000000 0.000000 
-24.926641 181.850006 -4.041066 -5.670609 4.148949 0.000000 0.000000 
-25.181583 181.839996 -5.820477 -3.663048 4.930676 0.000000 0.000000 
-24.809561 181.902679 -3.128925 -1.597954 7.643417 0.000000 0.000000 
-24.354338 182.074158 -2.713439 -5.978668 3.984493 0.000000 0.000000 
-25.175573 182.116150 -2.230394 -3.450500 6.262318 0.000000 0.000000 
-24.780006 182.236176 -2.502064 -4.881935 5.373962 1.000000 1.000000 
-25.243294 182.173279 -2.503771 -4.200195 5.699974 0.000000 0.000000 
-24.989830 182.454071 -5.223772 -5.122650 4.837620 0.000000 0.000000 
-25.463436 183.763031 -0.973276 -7.801857 2.633102 0.000000 0.000000 
-24.945110 184.115570 -1.723861 -7.627800 3.250542 0.000000 0.000000 
-24.148071 184.716675 -3.264653 -7.669144 3.915501 1.000000 1.000000 
-24.472466 185.371033 -3.262806 -6.195938 5.659843 0.000000 0.000000 
-25.421457 185.443726 -11.516617 -3.680519 5.954399 0.000000 0.000000 
-26.925545 185.343384 5.512676 -1.633881 5.646206 0.000000 0.000000 
-26.042685 185.663910 2.817414 -10.561638 1.881931 1.000000 1.000000 
-25.841694 186.123688 4.228351 -3.429199 5.976124 0.000000 0.000000 
-25.843889 186.530121 2.090664 -3.496056 5.297703 0.000000 0.000000 
-25.664087 186.620117 5.441018 -1.867905 7.232666 0.000000 0.000000 
-25.597866 186.677948 6.737242 -8.648622 3.511982 0.000000 0.000000 
-26.588192 186.675018 2.652168 -6.230614 3.341370 1.000000 1.000000 
-26.742659 186.803284 3.860354 -6.261672 5.207542 0.000000 0.000000 
-26.068716 187.392761 4.701232 -2.693047 6.132710 0.000000 0.000000 
-25.708033 187.575928 3.377537 -1.892967 5.276386 0.000000 0.000000 
-26.307531 187.560242 4.608843 0.403244 7.232361 0.000000 0.000000 
-26.760504 187.733643 -11.405855 -7.856651 4.216145 0.000000 0.000000 
-25.561176 188.296844 1.334939 -6.548759 3.275509 0.000000 0.000000 
176.600555 63.756248 18.600498 19.711609 7.739235 0.000000 0.000000 
-25.696869 189.207886 -1.311269 -6.929466 7.020306 0.000000 0.000000 
4.736871 191.009155 0.668479 -9.552110 5.014706 0.000000 0.000000 
-1.281967 191.827545 -7.072413 1.459496 11.810574 0.000000 0.000000 
-0.925957 191.858948 -6.846026 3.285446 11.755356 0.000000 0.000000 
-25.431484 191.693298 -2.908908 -2.889755 6.403873 0.000000 0.000000 
-26.933554 191.521606 -3.844761 -6.975449 3.123672 0.000000 0.000000 
-3.234983 199.542542 -7.076182 -1.162674 8.408203 0.000000 0.000000 
-30.269585 198.031982 -1.340695 -6.990379 4.186996 0.000000 0.000000 
-31.191067 198.573669 2.732846 -6.753868 5.623333 0.000000 0.000000 
34.788425 198.032654 1.433814 -3.040276 6.239635 0.000000 0.000000 
-30.412781 199.314636 -1.950652 -7.078376 2.476673 1.000000 1.000000 
-33.969852 199.017975 13.474182 2.820366 8.200989 0.000000 0.000000 
-32.943310 200.701569 9.323736 4.239326 10.122437 0.000000 0.000000 
-32.884167 200.856842 10.602767 -3.480637 4.039806 0.000000 0.000000 
-36.189289 200.886932 14.211352 -0.238136 6.459373 0.000000 0.000000 
-34.186203 205.198090 -4.932580 -5.769035 4.909393 0.000000 0.000000 
-31.016378 205.823334 -3.056815 -4.233177 3.765980 0.000000 0.000000 
-33.008415 206.766479 -4.516695 -6.241142 3.410400 0.000000 0.000000 
-28.180855 207.560699 -5.394418 -5.165039 3.021858 0.000000 0.000000 
-27.983351 207.666504 1.717349 -0.473328 6.466187 0.000000 0.000000 
-30.012674 220.597931 8.156925 1.399437 5.624237 0.000000 0.000000 
-35.475067 248.040558 -4.068417 1.240974 4.899933 0.000000 0.000000 
-35.904778 247.997894 -2.714599 -2.505348 3.834312 0.000000 0.000000 
-34.346386 250.263916 -0.583207 -2.746590 2.671032 0.000000 0.000000 
