ply
format ascii 1.0
comment Created by CloudCompare v2.14.beta (Feb  3 2026)
comment Created 2026-04-27T16:05:45
obj_info Generated by CloudCompare!
element vertex 1625
property float x
property float y
property float z
property float rcs
property float snr
property float v
property float label
end_header
12.393797 -33.768707 -13.538888 -3.192474 24.223881 0.000000 1.000000 
26.254089 -45.939720 -8.784776 1.073135 17.745417 0.000000 1.000000 
21.321539 -4.071834 -8.735377 -8.010941 30.870687 0.000000 1.000000 
7.897132 -34.101440 -9.939093 2.827339 27.857407 0.000000 1.000000 
7.580412 -34.222687 -10.831176 2.058128 27.927401 0.000000 1.000000 
46.642193 8.278383 -18.204657 19.876717 35.991489 0.000000 1.000000 
-23.646969 -42.047287 -7.968678 2.540710 18.182905 0.000000 1.000000 
55.428940 11.664796 -13.228471 5.212349 21.936768 0.000000 1.000000 
60.044655 26.007076 -27.268471 4.108635 20.105696 0.000000 1.000000 
68.910774 -11.912397 -10.116333 3.215569 20.889271 0.000000 1.000000 
113.756264 -9.314441 -18.651102 10.323952 18.755611 0.000000 1.000000 
114.600891 -7.096253 -18.796976 12.046295 17.598072 0.000000 1.000000 
4.658842 -116.104935 -10.532892 11.544624 19.905794 0.000000 1.000000 
118.451523 3.057870 -30.006264 12.928185 19.608263 0.000000 1.000000 
27.080132 28.980484 -15.446206 -3.378799 17.400034 0.000000 1.000000 
5.151854 43.604038 -13.433199 -19.170944 15.226411 0.000000 1.000000 
7.510691 45.545418 -12.060843 -15.875726 17.133308 0.000000 1.000000 
7.737267 50.330479 -19.700407 -16.844002 16.223499 0.000000 1.000000 
14.561582 56.303749 -22.015310 -13.338867 17.854326 0.000000 1.000000 
24.717552 60.924187 -23.217468 -16.070457 9.316909 0.000000 1.000000 
-30.550570 60.087421 -22.999460 -5.037018 17.505733 0.000000 1.000000 
-30.810984 60.023083 -17.556303 -6.812164 15.225129 0.000000 1.000000 
22.470560 65.097534 -14.196731 -13.601875 10.645675 0.000000 1.000000 
-32.535286 62.694733 -21.731852 -9.997108 15.070094 0.000000 1.000000 
-35.677898 72.121223 -28.070311 -5.657555 13.589267 0.000000 1.000000 
-32.144825 76.648293 -28.540339 -5.518135 17.007830 0.000000 1.000000 
-37.672337 74.369690 -26.979828 0.441582 19.487074 0.000000 1.000000 
-40.641243 72.909981 -33.503803 -5.856552 14.058265 0.000000 1.000000 
-27.455379 80.192589 -30.899906 -7.728790 14.130485 0.000000 1.000000 
-33.531914 80.908142 -15.417026 -2.800606 15.824059 0.000000 1.000000 
27.138304 84.135574 -32.519730 -7.588737 15.409007 0.000000 1.000000 
42.758839 77.324554 -32.899288 1.531326 15.687749 0.000000 1.000000 
42.116966 77.824036 -34.304539 -0.265686 15.900714 0.000000 1.000000 
-17.837257 87.774750 -22.090097 -14.167984 11.714984 0.000000 1.000000 
-23.122114 87.033211 -34.556534 -9.152718 12.557845 0.000000 1.000000 
-33.016045 88.371132 -14.276353 -12.574098 8.825355 0.000000 1.000000 
30.260153 89.541664 -18.752371 -14.794212 5.697330 0.000000 1.000000 
32.142651 89.638649 -38.304428 -13.471092 8.289538 0.000000 1.000000 
-32.108097 91.263397 -11.872768 -10.209923 7.077850 0.000000 1.000000 
-22.923777 96.553497 -13.710887 -14.698936 6.896499 0.000000 1.000000 
-31.034300 94.616806 -11.627369 -13.519760 6.278697 0.000000 1.000000 
-32.983456 96.045906 -28.284679 -9.864410 9.637816 0.000000 1.000000 
-23.448288 99.420822 -36.991882 -11.421631 7.880420 0.000000 1.000000 
-31.427238 98.215492 -13.900640 -10.943298 8.010947 0.000000 1.000000 
-32.130241 99.296448 -31.817480 -5.762085 11.769588 0.000000 1.000000 
-47.816418 93.630669 -12.549339 -5.433510 9.262996 0.000000 1.000000 
9.031904 105.464401 -42.653976 -16.348633 7.929470 0.000000 1.000000 
-32.389641 103.736740 -15.913191 -10.953560 7.052829 0.000000 1.000000 
-31.223356 106.339951 -14.125734 -7.372650 9.533710 0.000000 1.000000 
48.301777 100.979500 -44.192123 -7.816277 7.526668 0.000000 1.000000 
-27.103977 109.310112 -43.394463 -12.248979 7.438880 0.000000 1.000000 
-27.599943 109.247757 -40.345894 -8.550034 9.170623 0.000000 1.000000 
34.346169 109.905251 -46.610962 -11.427551 5.146354 0.000000 1.000000 
-21.173809 116.421181 -18.911680 -13.130417 6.544658 0.000000 1.000000 
42.399029 110.755310 -48.086220 -5.838188 6.713020 1.000000 1.000000 
-32.135937 116.469124 -16.878386 -8.888908 8.787929 0.000000 1.000000 
-34.601959 122.971901 -17.481491 -6.170372 7.760128 0.000000 1.000000 
56.592751 118.648682 -53.515362 0.419762 12.872722 0.000000 1.000000 
-23.309753 130.010666 -51.064106 -7.604820 5.536533 1.000000 1.000000 
7.792181 136.469604 -40.623264 -8.438065 8.039138 0.000000 1.000000 
-59.911636 128.995514 -53.426666 -7.109215 7.867172 0.000000 1.000000 
79.662384 172.470306 -20.944086 -0.496925 7.389667 0.000000 1.000000 
-25.619938 185.425812 -14.490689 -4.467567 7.140209 0.000000 1.000000 
-25.874165 186.251160 -16.343634 -5.788017 4.062789 0.000000 1.000000 
-27.561954 186.726654 -17.734568 -2.333595 7.541397 0.000000 1.000000 
-28.944836 200.573029 -15.392621 -4.564507 5.874176 0.000000 1.000000 
55.533581 -53.058186 20.894810 13.207306 24.437017 0.000000 1.000000 
113.848526 -10.328823 21.766666 11.161697 17.250439 0.000000 1.000000 
113.987770 -9.262385 22.395370 10.882553 17.473240 0.000000 1.000000 
118.252609 2.665544 31.310640 15.131744 20.281460 0.000000 1.000000 
118.410393 10.367606 28.607269 12.377907 17.234018 0.000000 1.000000 
50.071938 -127.740875 48.526535 15.418816 17.630316 0.000000 1.000000 
-34.521053 70.171814 31.930689 -10.951050 11.439685 0.000000 1.000000 
-26.497641 81.030807 27.763437 -2.529388 20.111271 0.000000 1.000000 
-28.770739 80.869583 30.857037 -9.391731 13.047870 0.000000 1.000000 
46.874168 82.594383 39.136478 -11.554771 6.047698 0.000000 1.000000 
44.840759 89.643051 39.542290 -12.015373 8.126285 0.000000 1.000000 
-32.318092 97.029884 20.227852 -8.624771 10.668738 0.000000 1.000000 
-39.781109 98.267059 30.155058 -11.189674 8.502372 0.000000 1.000000 
-25.894819 109.975410 19.486191 -12.452492 7.535720 0.000000 1.000000 
-47.954102 102.595497 33.017406 -12.541153 7.110992 0.000000 1.000000 
-47.667675 103.203079 45.009411 -10.116220 6.542350 0.000000 1.000000 
-34.606926 115.762314 38.030727 -6.589836 9.835578 0.000000 1.000000 
-33.303417 116.452774 36.789162 -12.695869 6.537735 0.000000 1.000000 
-39.656590 114.388741 38.716450 -13.268387 5.651527 0.000000 1.000000 
-22.430298 166.612823 62.286579 -4.124405 7.222415 0.000000 1.000000 
-27.938541 189.024200 79.978813 -7.217781 5.416767 0.000000 1.000000 
131.310135 162.160370 35.421135 5.142937 5.053287 0.000000 1.000000 
-21.615139 -42.820194 14.667827 -3.794098 17.598019 0.000000 1.000000 
44.793411 8.346875 13.662210 6.671600 26.211336 0.000000 1.000000 
-1.525916 -55.684486 12.673590 8.028914 32.305595 0.000000 1.000000 
8.633775 -56.096230 18.235233 -1.363365 18.396812 0.000000 1.000000 
-0.351896 29.746334 11.058774 -17.627876 23.813169 0.000000 1.000000 
-13.239138 38.825108 9.645754 -18.375725 17.396379 0.000000 1.000000 
7.331132 44.649315 17.701773 -17.163002 17.251722 0.000000 1.000000 
6.936445 59.691990 23.341339 -9.862343 17.243210 0.000000 1.000000 
-7.120658 63.069550 21.017609 -19.210693 11.013831 0.000000 1.000000 
6.606223 63.416630 16.471598 -17.927780 11.719527 0.000000 1.000000 
-12.456985 64.166748 9.188571 -17.126862 12.771411 0.000000 1.000000 
10.044407 71.380211 18.469860 -13.078897 16.007914 0.000000 1.000000 
-28.730957 68.643021 23.557364 3.387589 22.404530 0.000000 1.000000 
-22.410767 74.296394 20.722357 -12.503937 11.269107 0.000000 1.000000 
34.782898 76.812576 21.190952 -2.719795 18.713394 0.000000 1.000000 
-18.344490 -4.138827 -3.600664 -6.712158 25.127966 1.000000 1.000000 
-47.632946 16.771656 -11.177084 0.623543 19.533802 0.000000 1.000000 
37.324268 18.434589 -5.071695 -0.638313 24.539875 0.000000 1.000000 
41.053978 19.429035 -9.363680 0.318802 20.625841 0.000000 1.000000 
45.572701 19.307034 -10.946621 2.741920 23.173344 0.000000 1.000000 
-10.194319 25.308014 -9.152464 -13.786667 25.167133 0.000000 1.000000 
-14.113949 29.637419 -11.644106 -8.080551 24.853996 0.000000 1.000000 
23.580221 22.800930 -12.647938 5.955429 24.607086 0.000000 1.000000 
-13.200965 35.820179 -8.380471 -16.122154 19.986885 0.000000 1.000000 
30.469223 54.614292 -9.891060 -10.209991 10.703593 0.000000 1.000000 
30.854864 54.507072 -11.347682 -9.360481 12.336875 0.000000 1.000000 
26.967119 60.396141 -9.940480 -1.787231 19.934156 0.000000 1.000000 
-9.952325 75.876602 -10.679189 -9.109200 15.351306 0.000000 1.000000 
32.495529 69.569481 -6.371811 -0.826599 16.386553 0.000000 1.000000 
-15.046904 77.531219 -4.770648 -18.868500 8.793700 0.000000 1.000000 
34.602978 77.354256 -12.685511 -3.131279 17.773182 0.000000 1.000000 
-39.331089 75.890938 -9.413014 -1.942848 18.231770 0.000000 1.000000 
-31.943106 75.743462 -11.632463 -4.251976 15.417214 0.000000 1.000000 
-32.043808 76.618881 -14.056568 -1.894104 17.294437 0.000000 1.000000 
-13.028106 -3.769606 -0.288665 -9.303041 29.340317 1.000000 0.000000 
-13.017808 -4.334249 -0.380988 -18.210915 21.011618 1.000000 0.000000 
-13.287065 -3.538147 -0.300890 -8.155769 30.849537 1.000000 0.000000 
-13.238408 -4.522600 -0.390129 -21.526581 23.864990 1.000000 0.000000 
-13.474012 -3.723544 -0.404355 -6.165283 32.688320 1.000000 0.000000 
-13.891085 -3.753569 -0.421381 -11.711426 27.138748 1.000000 0.000000 
-14.459663 -3.666399 -0.575621 -7.610306 31.626795 1.000000 0.000000 
-15.223925 1.687452 0.721121 -10.805519 26.800289 1.000000 0.000000 
-15.564835 2.082184 -0.312122 -9.662239 24.304850 1.000000 0.000000 
-15.434974 2.694207 -0.081277 2.113205 35.155560 1.000000 0.000000 
-15.489709 2.783762 -0.194801 -4.912804 30.861242 1.000000 0.000000 
-15.661547 2.351253 -1.838769 -5.786789 29.762285 1.000000 0.000000 
-15.870516 2.641543 0.617374 9.481964 42.952351 1.000000 0.000000 
-15.928647 2.822408 0.039267 0.920906 35.457535 1.000000 0.000000 
-16.070889 2.688979 0.988420 -8.446312 26.414566 1.000000 0.000000 
-16.129089 3.073835 0.138583 2.750519 35.849010 1.000000 0.000000 
-16.264328 2.534531 -0.028477 -1.426933 35.682159 1.000000 0.000000 
-16.310585 2.348412 -0.541002 1.770599 34.775196 1.000000 0.000000 
-15.601733 5.008456 -0.043137 -7.934669 27.980997 1.000000 0.000000 
-15.984596 4.279727 -0.302726 -6.130188 30.050905 1.000000 0.000000 
-16.383047 2.927106 0.076324 1.830872 37.890583 1.000000 0.000000 
-15.650756 5.385940 -0.471444 -11.540544 27.913811 1.000000 0.000000 
-15.794072 5.413109 -0.237798 -12.071785 25.822483 1.000000 0.000000 
-16.614941 2.975368 -0.378088 -5.513092 28.335464 1.000000 0.000000 
-16.184824 4.477654 -0.296319 -9.813072 25.646709 1.000000 0.000000 
-16.246117 4.900136 0.086072 -3.812347 30.459137 1.000000 0.000000 
-16.817627 3.126332 -0.501612 -10.587196 25.321899 1.000000 0.000000 
-16.321604 5.110206 -0.120642 -12.022888 23.644505 1.000000 0.000000 
-16.429964 5.767805 -0.203852 -14.174057 24.152168 1.000000 0.000000 
-17.480495 2.338286 1.215984 -5.601242 30.415686 1.000000 0.000000 
-17.522608 2.466938 1.265424 -2.205650 31.049221 1.000000 0.000000 
-17.680353 2.546487 1.821669 -5.685318 29.418606 1.000000 0.000000 
-17.679691 3.327602 0.219205 -12.236015 20.656540 1.000000 0.000000 
-0.031860 10.107233 0.114631 -20.499138 32.298996 1.000000 0.000000 
-0.850064 11.144356 -0.019131 -12.988632 32.387943 0.000000 0.000000 
0.050291 12.109660 -0.020987 -12.283592 36.494225 0.000000 0.000000 
-0.505874 12.377137 0.034345 -11.640450 37.091782 1.000000 0.000000 
-3.706944 18.519058 0.393510 9.005928 44.670479 0.000000 0.000000 
-3.786776 18.745296 0.263444 9.992012 43.296135 0.000000 0.000000 
0.097579 21.516966 -1.280378 -7.133331 32.750465 0.000000 0.000000 
-4.870191 20.939638 -0.619444 3.928749 39.946045 0.000000 0.000000 
-4.914719 20.929806 -0.755026 2.452934 38.211376 0.000000 0.000000 
0.226176 22.207354 -0.832506 2.414734 35.633133 1.000000 0.000000 
-5.058267 21.625410 -0.698790 0.881592 37.062843 1.000000 0.000000 
0.100978 22.544950 -0.842300 -3.461075 29.334280 0.000000 0.000000 
-0.039419 22.542915 -0.865002 -12.961656 18.950003 1.000000 0.000000 
0.291346 22.864878 -0.824912 19.763664 51.124058 0.000000 0.000000 
0.260963 22.977554 -0.843961 17.989914 50.423489 0.000000 0.000000 
0.034931 23.243757 -0.691973 -6.800301 28.356390 0.000000 0.000000 
0.285555 23.518867 -0.753916 -12.673378 24.705545 1.000000 0.000000 
-13.013103 58.651886 -1.793875 -10.380539 13.119105 1.000000 0.000000 
-12.944859 58.928215 -1.921779 -24.416641 4.747196 1.000000 0.000000 
-13.092816 58.959621 -1.903925 -10.385101 14.710612 1.000000 0.000000 
-12.814365 59.026817 -1.321329 -14.423668 11.171958 1.000000 0.000000 
-12.555560 59.856644 -1.705520 -13.456619 12.014197 1.000000 0.000000 
-12.327138 59.919277 -1.410020 -14.714874 12.728759 1.000000 0.000000 
-12.931806 60.194683 -2.080336 -12.637062 11.747214 1.000000 0.000000 
-13.158487 60.242722 -1.851126 -22.181709 6.768974 1.000000 0.000000 
-12.917107 66.601173 -0.102231 -15.392365 10.572318 1.000000 0.000000 
-13.075651 67.192993 -0.191531 -13.755836 11.669440 0.000000 0.000000 
-13.187021 67.191132 -0.144241 -12.506599 14.046870 0.000000 0.000000 
-12.526948 67.355873 2.281478 -9.558403 15.636621 0.000000 0.000000 
-12.899373 67.335922 0.628811 -10.488632 15.365123 0.000000 0.000000 
-0.423219 -6.057869 -0.226184 -7.026218 47.178596 0.000000 0.000000 
-0.297129 -6.122617 -0.109455 -9.751282 44.673477 0.000000 0.000000 
0.192625 -6.212016 -0.293646 -2.524887 48.521381 0.000000 0.000000 
0.036502 -6.202450 -0.169029 -6.983784 44.222389 0.000000 0.000000 
0.301857 -6.293084 -0.287786 -5.483692 45.016056 0.000000 0.000000 
-29.278301 -1.367257 -3.462127 -9.890114 25.389078 0.000000 0.000000 
-37.021740 -4.200106 0.657445 8.380272 36.246990 0.000000 0.000000 
-37.122971 -3.623756 0.408266 6.148666 34.543022 0.000000 0.000000 
-37.235382 -4.686297 0.920975 -4.242073 24.474762 0.000000 0.000000 
-38.484566 -7.833504 2.397299 0.573807 26.789608 0.000000 0.000000 
-38.612522 -7.705659 2.133928 1.388626 27.215715 0.000000 0.000000 
-38.910069 -6.527303 -1.923061 -2.894020 23.738260 0.000000 0.000000 
-40.395016 1.130501 0.373446 -1.787178 22.686295 0.000000 0.000000 
-40.699200 1.242898 2.510222 3.938606 29.179314 0.000000 0.000000 
-38.670055 -19.455093 0.742164 2.211555 26.778557 0.000000 0.000000 
-38.687393 -19.708534 0.915694 7.056030 31.744789 0.000000 0.000000 
-45.530323 -4.038613 4.628717 -7.570755 18.014963 0.000000 0.000000 
-47.680874 -3.777817 2.631290 -4.550606 20.543016 0.000000 0.000000 
-23.909489 1.617130 2.495714 -7.164558 25.330297 0.000000 0.000000 
-21.401653 10.358202 0.419192 3.735664 21.023586 0.000000 0.000000 
-29.743814 16.749020 9.076532 13.459335 26.718353 0.000000 0.000000 
-6.014510 -1.071204 -0.563728 -0.190941 50.551525 0.000000 0.000000 
-6.017414 -1.023243 -0.601735 5.007935 55.426476 0.000000 0.000000 
-6.069534 -1.025520 -0.617560 7.116997 59.353733 0.000000 0.000000 
-6.832619 0.005539 0.099396 1.041428 49.853310 0.000000 0.000000 
-6.940637 0.004623 0.162810 6.025181 56.955421 0.000000 0.000000 
-6.844805 -6.413413 -0.423304 -9.415512 37.828766 0.000000 0.000000 
-6.481120 -7.685601 -0.413003 -3.000381 39.855045 0.000000 0.000000 
-6.361477 -10.857059 -3.018382 -10.634308 34.021618 0.000000 0.000000 
-6.410185 -10.859456 0.105936 -16.460289 28.315470 0.000000 0.000000 
-6.836243 -10.881518 0.662657 -12.616051 31.272840 0.000000 0.000000 
-6.929385 -11.019074 0.024799 -11.983994 32.219849 0.000000 0.000000 
-6.870766 -11.132657 0.502356 -10.581558 30.433720 0.000000 0.000000 
-6.452051 -11.652312 -0.190505 -10.529884 31.372843 0.000000 0.000000 
-6.609506 -11.685934 0.502915 -10.110664 31.216343 0.000000 0.000000 
-6.679478 -11.678931 -0.109811 -9.415169 31.026812 0.000000 0.000000 
-6.560351 -11.895795 0.276452 -11.827972 31.008188 0.000000 0.000000 
-6.828593 -11.948026 -0.363354 -13.825912 26.773453 0.000000 0.000000 
-6.715736 -12.062074 -0.125992 -10.592812 28.385466 0.000000 0.000000 
-6.211014 -12.466413 0.740686 -12.463326 25.409840 0.000000 0.000000 
-6.349171 -12.480195 0.800370 -13.791345 30.453033 0.000000 0.000000 
-6.436719 -12.962058 0.850325 -7.047447 32.084724 0.000000 0.000000 
-6.472898 -13.014372 0.607629 -12.051811 25.881794 0.000000 0.000000 
-6.450428 -13.222334 -0.357605 -14.746964 26.420692 0.000000 0.000000 
-6.267277 -13.539979 -0.634833 -12.750694 24.209118 0.000000 0.000000 
-6.238123 -13.690352 -0.467912 -13.744507 25.086233 0.000000 0.000000 
-6.652671 -13.891168 -0.384160 -13.461868 23.752865 0.000000 0.000000 
-6.699013 -13.925394 -0.756246 -14.942268 23.080872 0.000000 0.000000 
-6.501313 -14.205686 -3.050724 -16.393242 22.158949 0.000000 0.000000 
-6.498307 -14.237679 -0.550959 -17.806328 22.129934 0.000000 0.000000 
-6.695009 -14.393760 -0.267093 -14.949928 24.447826 0.000000 0.000000 
-6.534814 -14.494660 -0.138209 -15.806633 23.712555 0.000000 0.000000 
-6.453041 -14.749923 -1.662655 -14.517296 24.034864 0.000000 0.000000 
-6.478599 -14.952810 0.036650 -7.977844 26.022747 0.000000 0.000000 
-6.371640 -15.037681 0.139526 -7.516083 27.269714 0.000000 0.000000 
-6.296364 -15.445053 0.915921 -8.924072 26.955126 0.000000 0.000000 
-6.316401 -15.555177 0.676226 -9.589554 26.160603 0.000000 0.000000 
-6.907122 -15.640937 1.635111 -7.919495 27.980719 0.000000 0.000000 
-6.971288 -15.617801 1.041631 -6.132683 28.920818 0.000000 0.000000 
-6.989362 -15.787794 0.378736 -10.470613 26.423607 0.000000 0.000000 
-6.356159 -16.294113 0.906845 -5.534142 27.547415 0.000000 0.000000 
-6.446743 -16.699146 -2.515783 -8.856888 24.358536 0.000000 0.000000 
-6.739465 -17.144257 -0.383646 -9.057335 24.396240 0.000000 0.000000 
-6.758816 -18.644684 -0.331214 -6.046486 28.343269 0.000000 0.000000 
-6.695966 -18.778809 -0.410734 -4.078728 29.326277 0.000000 0.000000 
-6.238523 -19.048248 1.096027 -7.629211 25.874138 0.000000 0.000000 
-6.341974 -20.158108 0.010354 -12.147934 22.355083 0.000000 0.000000 
-6.460138 -20.446388 -0.448615 -7.385094 26.027277 0.000000 0.000000 
-6.550085 -20.515766 -1.064260 -7.494736 25.388241 0.000000 0.000000 
-6.751616 -24.333519 -1.220201 -6.719391 27.108299 0.000000 0.000000 
-7.112473 -24.666039 0.624164 -5.923134 26.426306 0.000000 0.000000 
-6.965748 -24.769543 -0.763591 -9.245996 22.312506 0.000000 0.000000 
-7.022410 -26.053230 4.834417 -9.836876 22.499016 0.000000 0.000000 
-6.105173 -26.585487 -0.838168 -9.450966 23.425407 0.000000 0.000000 
-6.419207 -30.596642 1.760724 -4.593262 25.581186 0.000000 0.000000 
-4.916936 -55.271320 -0.680450 -0.470734 20.640440 0.000000 0.000000 
-5.158264 -55.296051 -1.415746 -1.482719 19.146496 0.000000 0.000000 
-6.093890 -61.142483 3.566233 -0.305939 19.596588 0.000000 0.000000 
-5.373402 -11.494156 -4.963735 -8.267059 30.383011 0.000000 0.000000 
-6.567688 -14.780032 -0.743373 -2.800705 31.507120 0.000000 0.000000 
-7.317937 -14.437110 -0.935977 -1.544891 32.945881 0.000000 0.000000 
-6.649949 -15.126838 2.907710 -11.416382 25.308174 0.000000 0.000000 
-6.760036 -16.574387 -1.516004 -9.576553 27.510015 0.000000 0.000000 
-6.554072 -16.947571 -0.413478 -5.089455 28.282701 0.000000 0.000000 
-6.182637 -17.147366 -0.365804 -5.769432 27.000971 0.000000 0.000000 
-6.039863 -17.647564 -1.090346 -9.146988 25.529959 0.000000 0.000000 
-6.239578 -17.567062 0.446739 -8.064644 26.795443 0.000000 0.000000 
-4.938980 -18.501698 0.049981 -10.487679 23.671129 0.000000 0.000000 
-8.036949 -17.531250 5.946052 -10.034721 23.860153 0.000000 0.000000 
-6.818254 -18.517807 0.525130 -1.944237 29.464598 0.000000 0.000000 
-7.499049 -18.278896 1.189583 -3.174194 28.753855 0.000000 0.000000 
-7.292459 -21.442295 -0.037328 -0.354088 31.770473 0.000000 0.000000 
-6.700899 -25.998268 -0.387174 -3.689384 26.375208 0.000000 0.000000 
-6.558445 23.078165 0.357900 -8.871506 29.005053 0.000000 0.000000 
-7.056681 23.361015 0.339438 -8.997017 29.802809 0.000000 0.000000 
-7.088079 23.418171 0.263383 -7.395287 30.823444 0.000000 0.000000 
-7.382616 24.155575 0.764582 -14.135742 26.229725 0.000000 0.000000 
-7.369771 24.169811 0.658852 -10.949722 27.674969 0.000000 0.000000 
-7.737058 26.462084 0.967105 -17.000076 20.832109 0.000000 0.000000 
-7.382751 26.909142 1.694138 -11.797975 25.589134 0.000000 0.000000 
7.471035 -18.302246 -0.454864 -16.662933 23.086664 0.000000 0.000000 
9.051603 -26.488499 4.117488 -1.504440 27.130672 0.000000 0.000000 
8.935485 -26.588490 2.818056 -3.179451 26.377718 0.000000 0.000000 
7.954847 -27.663181 0.042577 -4.261421 25.791866 0.000000 0.000000 
12.896850 -27.586998 -0.612555 1.359665 28.098051 0.000000 0.000000 
12.950962 -27.572617 -0.367792 -4.356407 24.454811 0.000000 0.000000 
12.508766 -27.846714 1.037273 -2.640778 26.095299 0.000000 0.000000 
13.166273 -28.551304 0.072488 1.102524 29.566742 0.000000 0.000000 
12.677669 -29.058598 -0.044082 3.151367 29.759354 0.000000 0.000000 
12.307045 -29.233883 3.188637 3.348755 29.692127 0.000000 0.000000 
14.283841 -29.715622 13.638464 -6.117393 22.097664 0.000000 0.000000 
12.594268 -30.895710 -0.242642 -5.607811 22.019440 0.000000 0.000000 
13.469529 -30.948994 0.500732 -5.492676 21.826717 0.000000 0.000000 
9.821393 -37.140518 -2.821525 -2.907921 23.857691 0.000000 0.000000 
10.955120 -39.894562 3.764645 -2.056892 21.143978 0.000000 0.000000 
11.681918 -40.002323 2.312034 0.285599 22.144470 0.000000 0.000000 
10.357392 -40.636162 0.984949 -2.993843 22.838690 0.000000 0.000000 
10.072032 -40.917900 2.234119 3.011627 25.019625 0.000000 0.000000 
10.629358 -40.804256 2.207953 4.933945 26.614700 0.000000 0.000000 
15.193649 -41.220970 12.913198 -3.008392 19.623283 0.000000 0.000000 
23.354576 -43.602348 0.925351 1.240784 18.840836 0.000000 0.000000 
23.757292 -43.573803 0.345607 2.754295 19.900873 0.000000 0.000000 
22.782660 -49.708134 4.642853 3.164215 19.739132 0.000000 0.000000 
22.897043 -49.838734 4.229303 0.703232 18.270412 0.000000 0.000000 
22.846006 -57.091904 -1.940031 3.153046 20.155342 0.000000 0.000000 
7.183660 -5.248735 -0.046181 3.447205 47.486755 0.000000 0.000000 
7.288336 -5.354325 -0.100681 5.006500 50.648376 0.000000 0.000000 
7.339072 -8.472853 -1.313418 6.877670 48.074638 0.000000 0.000000 
9.258628 -8.889544 0.325914 -12.182625 30.749495 0.000000 0.000000 
9.421166 -8.954944 -2.473670 -11.562776 32.491592 0.000000 0.000000 
8.583105 -10.504138 0.090016 -7.952667 31.284489 0.000000 0.000000 
9.643323 -10.165944 4.940495 -11.771440 30.124414 0.000000 0.000000 
8.774416 -11.243979 -0.694572 -5.769325 31.661549 0.000000 0.000000 
8.571397 -15.083165 -0.340878 -11.742105 25.045013 0.000000 0.000000 
7.418384 -35.102310 -0.244707 -0.276337 28.699074 0.000000 0.000000 
7.354475 -35.178230 0.121325 2.587936 28.987892 0.000000 0.000000 
6.745208 -36.472813 -0.385424 -0.114891 24.474028 0.000000 0.000000 
6.213200 -36.586884 -1.242721 0.730423 24.868187 0.000000 0.000000 
6.526413 -36.599480 -0.172611 -0.406288 23.330267 0.000000 0.000000 
1.936845 -40.154716 3.988166 -6.519180 22.925331 0.000000 0.000000 
14.633410 -38.746315 3.311811 -2.839676 21.022718 0.000000 0.000000 
10.274624 -40.322144 3.477945 0.706741 24.967596 0.000000 0.000000 
17.043907 -47.051804 1.463384 -1.267570 20.162867 0.000000 0.000000 
10.660938 -54.902878 4.060232 12.168884 33.622623 0.000000 0.000000 
24.835320 -51.407230 2.182056 0.310081 22.595512 0.000000 0.000000 
26.328157 8.937181 -0.497193 13.225410 37.928242 0.000000 0.000000 
26.423609 8.935189 0.017806 11.375984 36.984028 0.000000 0.000000 
27.000013 8.134386 3.496036 4.357193 29.863178 0.000000 0.000000 
28.584160 8.655847 -0.633281 14.260231 37.754906 0.000000 0.000000 
28.559822 8.777737 -0.459554 17.127411 39.711624 0.000000 0.000000 
30.454821 8.280581 0.353266 9.590309 33.287624 0.000000 0.000000 
30.447929 8.307755 -0.275291 9.553566 33.426445 0.000000 0.000000 
32.334183 9.149392 -0.571415 17.384232 37.712166 0.000000 0.000000 
32.321991 9.198140 -0.836709 17.410851 39.516541 0.000000 0.000000 
32.383446 9.177181 -0.774553 20.482605 42.579723 0.000000 0.000000 
34.473427 8.761513 -1.267377 15.717972 37.296177 0.000000 0.000000 
34.640125 8.565075 -1.399460 15.546875 36.251949 0.000000 0.000000 
38.816292 -0.661927 0.058278 12.019356 35.562710 0.000000 0.000000 
38.867958 -0.590634 0.164201 12.471199 36.706036 0.000000 0.000000 
38.944340 7.240581 9.586262 5.063805 28.527250 0.000000 0.000000 
41.675606 -0.458661 1.699272 10.600143 33.866749 0.000000 0.000000 
41.677719 -0.690329 0.717074 10.283508 33.795071 0.000000 0.000000 
43.113331 -0.512000 1.536175 8.318954 31.373175 0.000000 0.000000 
43.264164 -0.473873 1.563231 8.255936 30.433254 0.000000 0.000000 
42.597496 8.896547 -1.341237 16.709724 35.348846 0.000000 0.000000 
42.650688 8.854836 -1.220321 15.284386 34.326424 0.000000 0.000000 
44.641602 8.599034 -0.563484 7.204567 26.811356 0.000000 0.000000 
13.909547 -2.760131 0.633594 1.848228 41.681549 0.000000 0.000000 
14.053017 -2.771895 0.667143 -1.429520 37.588673 0.000000 0.000000 
15.851500 -0.885236 -0.393897 2.024330 39.591541 0.000000 0.000000 
15.901813 -0.902976 -0.808664 -0.471626 37.365498 0.000000 0.000000 
17.048782 0.391951 -0.742677 8.100800 44.675591 0.000000 0.000000 
17.181992 0.349328 -0.780165 5.519493 42.836224 0.000000 0.000000 
17.883097 -9.649412 5.649102 -3.822968 29.268621 0.000000 0.000000 
17.940948 -9.857953 6.688134 -3.957199 30.913910 0.000000 0.000000 
20.687407 0.815337 -0.318157 -3.983261 30.898880 0.000000 0.000000 
20.724897 0.915691 -0.082281 -1.226196 32.169567 0.000000 0.000000 
21.283869 -1.589644 -0.792927 -4.693047 28.304150 0.000000 0.000000 
21.577839 -0.192620 -6.188365 -2.389626 32.495724 0.000000 0.000000 
21.258139 -5.504998 -3.393028 -1.816711 34.515682 0.000000 0.000000 
19.237768 -12.233868 7.963243 -8.271057 27.315601 0.000000 0.000000 
27.587116 0.156950 0.231543 4.944603 36.329475 0.000000 0.000000 
23.864351 -20.473877 -4.321126 -1.181076 26.665688 0.000000 0.000000 
32.575947 1.441074 1.596253 13.374077 39.340641 0.000000 0.000000 
32.695648 1.263781 1.076683 13.725105 41.198505 0.000000 0.000000 
33.187538 0.964100 -1.453317 -3.446953 26.353769 0.000000 0.000000 
15.489776 30.841774 0.890203 -1.680870 29.327057 0.000000 0.000000 
15.534476 30.998816 1.214381 -7.320450 25.082827 0.000000 0.000000 
28.684517 -57.991867 4.115603 3.248466 17.703300 0.000000 0.000000 
23.493557 -6.324306 7.726777 -7.659515 27.859278 0.000000 0.000000 
24.546078 -2.731681 5.218278 -3.809433 29.872913 0.000000 0.000000 
22.747536 -10.660241 -1.969110 -0.777794 29.740238 0.000000 0.000000 
2.653871 -7.002213 -0.001942 -6.566246 42.826050 0.000000 0.000000 
2.695350 -7.586739 -0.162866 -2.871857 42.796684 0.000000 0.000000 
2.758941 -7.582982 -0.104163 -0.734924 44.930058 0.000000 0.000000 
2.418962 -8.069081 0.192877 -3.497627 42.332668 0.000000 0.000000 
2.733188 -8.103594 0.199848 -4.840813 42.959366 0.000000 0.000000 
2.718120 -8.518101 0.475139 -14.124794 36.343224 0.000000 0.000000 
2.346112 -0.966487 0.036337 -13.783207 52.202190 0.000000 0.000000 
2.493210 -0.974146 0.036704 -13.594948 55.684334 0.000000 0.000000 
2.414111 -2.018114 0.041292 -24.472649 34.878716 0.000000 0.000000 
2.443454 -2.074610 0.008280 -27.055531 40.940636 0.000000 0.000000 
2.420399 -2.500732 0.147899 -23.677769 41.415894 0.000000 0.000000 
2.464231 -2.595644 0.058569 -22.282394 42.157917 0.000000 0.000000 
2.401975 -2.856237 -0.024552 -19.845020 43.564816 0.000000 0.000000 
2.405024 -3.124943 -0.102608 -28.433353 38.691772 0.000000 0.000000 
2.453999 -3.538762 0.078116 -13.991417 46.337170 0.000000 0.000000 
2.514856 -3.613869 0.069742 -9.589294 49.544712 0.000000 0.000000 
2.434703 -3.955360 0.032423 -19.004143 42.318108 0.000000 0.000000 
2.451787 -4.140392 0.033128 -14.901928 43.112450 0.000000 0.000000 
2.474592 -4.185734 0.059944 -15.141937 43.807892 0.000000 0.000000 
2.432405 -4.472325 -0.080721 -17.883015 40.334282 0.000000 0.000000 
2.455171 -4.548759 -0.083416 -21.035488 41.166405 0.000000 0.000000 
2.467538 -4.602615 -0.068916 -19.960720 40.597004 0.000000 0.000000 
2.476013 -4.733791 -0.052172 -19.745171 35.625114 0.000000 0.000000 
2.453842 -5.060971 0.082319 -9.525635 43.932156 0.000000 0.000000 
2.475160 -5.157545 0.064174 -11.367378 43.106342 0.000000 0.000000 
2.403132 -5.339319 -0.162393 -12.117208 41.039574 0.000000 0.000000 
2.450238 -5.498808 0.009292 -1.645485 46.163696 0.000000 0.000000 
2.447627 -5.501573 0.036143 0.873009 54.689011 0.000000 0.000000 
2.440060 -5.505707 0.012848 -1.696892 45.614933 0.000000 0.000000 
2.471196 -6.251487 0.097408 -9.308498 42.352356 0.000000 0.000000 
2.481834 -6.359693 0.039219 -6.267281 45.231087 0.000000 0.000000 
2.483228 -6.470491 -0.129481 -7.685356 44.397312 0.000000 0.000000 
2.477731 -6.745196 0.060666 -7.120270 44.002800 0.000000 0.000000 
2.467638 -6.795990 -0.033336 -6.421700 42.958393 0.000000 0.000000 
2.416180 -7.061278 -0.122696 -8.899769 44.179020 0.000000 0.000000 
2.435294 -7.229112 -0.084784 -2.532326 45.056149 0.000000 0.000000 
2.437574 -7.231477 0.024791 -4.192097 43.844864 0.000000 0.000000 
2.290123 -7.532565 0.133426 -7.576199 39.017990 0.000000 0.000000 
2.363434 -7.514630 0.073616 -9.402706 39.405407 0.000000 0.000000 
2.386906 -7.657044 0.058530 -7.008911 39.384430 0.000000 0.000000 
2.303335 -7.933691 0.096810 -4.043121 41.154346 0.000000 0.000000 
2.253293 -8.128613 -0.125197 -10.559212 40.141506 0.000000 0.000000 
2.274617 -8.233436 -0.193578 -9.927811 41.310978 0.000000 0.000000 
2.470553 -8.459913 0.306088 -11.116577 32.800026 0.000000 0.000000 
2.265420 4.767575 -0.003823 -28.487453 25.835918 0.000000 0.000000 
2.412503 4.823688 -0.022260 -27.767078 28.622711 0.000000 0.000000 
2.308412 5.972504 -0.079810 -41.867863 18.871004 0.000000 0.000000 
2.363790 5.968695 -0.055419 -39.273460 21.034210 0.000000 0.000000 
2.324662 6.479353 -0.058362 -38.514282 21.650152 0.000000 0.000000 
2.291837 6.959554 0.038085 -10.974724 45.524582 0.000000 0.000000 
2.319102 6.984933 0.041937 -11.258480 46.628090 0.000000 0.000000 
2.385147 7.449447 -0.080190 -26.989929 32.091991 0.000000 0.000000 
2.290857 7.627034 -0.074522 -31.099796 28.964136 0.000000 0.000000 
2.287733 7.908994 -0.037809 -21.324875 34.747601 0.000000 0.000000 
2.372406 7.975188 -0.030651 -21.853218 36.924015 0.000000 0.000000 
2.414288 8.409452 -0.018837 -24.725647 29.089600 0.000000 0.000000 
2.258081 8.600107 -0.153614 -37.687157 23.159386 0.000000 0.000000 
2.269429 8.955410 0.018614 -8.600990 42.619553 0.000000 0.000000 
2.302448 9.001057 0.023022 -6.851616 42.574883 0.000000 0.000000 
2.328488 9.748835 -0.095295 -22.545357 24.803438 0.000000 0.000000 
2.035007 12.473125 -0.057969 -35.545006 15.166671 1.000000 1.000000 
2.047168 12.801908 -0.087648 -36.161697 12.332992 1.000000 1.000000 
2.276784 -8.605769 0.040875 -21.418884 23.785183 1.000000 1.000000 
2.160416 -11.299109 -4.206755 -11.217270 34.403816 0.000000 0.000000 
2.442910 -8.930684 -0.086213 -2.141434 40.757748 0.000000 0.000000 
2.464595 -8.968013 -0.072285 -1.880875 42.964062 0.000000 0.000000 
2.311363 -9.259400 0.039466 -6.261620 36.693390 0.000000 0.000000 
2.443639 -9.462865 0.187121 0.583626 41.757011 0.000000 0.000000 
2.439741 -9.501544 0.160599 3.102661 46.895126 0.000000 0.000000 
2.059906 -9.943919 -0.206667 -9.247078 36.017551 0.000000 0.000000 
2.144234 -10.164301 -0.257415 -8.928856 36.283043 0.000000 0.000000 
2.408480 -10.250605 -0.155905 -4.322952 40.281582 0.000000 0.000000 
2.480669 -10.226639 -0.109057 -4.524673 40.194801 0.000000 0.000000 
2.189196 -10.547842 -0.213205 -6.189735 35.374691 0.000000 0.000000 
2.250176 -10.546495 -0.134676 -2.770004 40.435921 0.000000 0.000000 
2.023891 -10.837130 -0.439640 -5.512466 36.729347 0.000000 0.000000 
2.178439 -10.853714 -0.386830 -4.711784 38.506428 0.000000 0.000000 
2.187664 -10.902594 -0.356487 -8.158417 35.501389 0.000000 0.000000 
2.276529 -11.028607 -0.165460 -5.111504 37.750069 0.000000 0.000000 
2.360416 -11.121873 -0.045769 -7.370575 35.572666 0.000000 0.000000 
-6.538717 -16.227116 -4.010320 -11.555771 23.471294 0.000000 0.000000 
-6.524582 -17.121120 -4.799254 -9.860466 22.665701 0.000000 0.000000 
-18.243507 -2.145251 -0.447694 2.718468 41.715427 0.000000 0.000000 
-18.129339 -4.367418 -0.327398 -10.979622 22.510483 1.000000 0.000000 
-18.405714 -2.584499 -0.106208 3.256981 37.807499 0.000000 0.000000 
-18.287014 -3.525229 -0.315652 0.182938 33.312466 1.000000 0.000000 
-18.251080 -3.766551 -0.289451 0.253448 33.028191 1.000000 0.000000 
-18.298321 -3.464897 -0.175446 -2.633179 30.863333 1.000000 0.000000 
-18.684464 -2.031490 -0.495168 7.342941 43.963943 0.000000 0.000000 
-18.683144 -2.076938 -0.456704 7.844040 42.519798 0.000000 0.000000 
-19.209480 -1.913403 0.790337 -12.107185 23.730204 0.000000 0.000000 
-20.360767 -0.906860 -0.948705 4.790085 41.439720 0.000000 0.000000 
-20.360981 -0.912798 -0.853480 3.735153 39.387447 0.000000 0.000000 
-21.180882 -0.710946 -0.279175 -9.830025 27.004557 0.000000 0.000000 
-21.198849 -1.071558 0.759901 -8.052597 26.980310 0.000000 0.000000 
-21.270405 -1.163090 0.639881 -9.496521 26.470749 0.000000 0.000000 
-18.702271 -11.395320 1.899248 2.732491 35.646778 0.000000 0.000000 
-21.557301 -0.113075 2.275090 -14.423470 24.325500 0.000000 0.000000 
-18.738720 -11.415988 1.928987 -0.063248 30.347118 0.000000 0.000000 
-19.095612 -11.179663 0.516421 -7.097214 27.550125 0.000000 0.000000 
-19.393867 -11.119308 0.345212 -4.050072 29.320332 0.000000 0.000000 
-21.722841 -4.315783 -0.441201 -9.023041 22.857389 1.000000 0.000000 
-18.978937 -12.211531 -0.602323 -6.196815 31.000521 0.000000 0.000000 
-22.360765 -2.321720 8.841208 -9.372406 27.699829 0.000000 0.000000 
-19.769930 -11.319427 1.744243 2.590614 33.296356 0.000000 0.000000 
-19.863737 -11.257899 1.395969 0.820030 33.882278 0.000000 0.000000 
-18.309877 -14.304293 -0.600698 15.942070 44.510948 0.000000 0.000000 
-18.416367 -14.316670 -0.765944 13.419624 44.715248 0.000000 0.000000 
-18.512182 -14.597018 -0.922475 -0.616539 33.204353 0.000000 0.000000 
-18.535357 -14.577492 -0.914060 2.860840 33.411793 0.000000 0.000000 
-23.213408 -3.801757 -3.883198 -7.808281 27.300585 0.000000 0.000000 
-19.894962 -14.325292 0.305760 -8.038246 24.963839 0.000000 0.000000 
-24.226784 -4.748385 2.575149 -12.723274 24.410326 0.000000 0.000000 
-24.563828 7.763248 0.810209 -3.622162 27.342960 0.000000 1.000000 
-26.503624 -2.527956 2.780148 -9.510933 27.004257 0.000000 1.000000 
-20.130402 -18.602818 -1.261399 -11.606491 21.537268 0.000000 0.000000 
-6.794785 -27.242619 5.922234 -6.799980 24.904171 0.000000 0.000000 
-25.427389 12.977365 0.529721 -4.971581 24.970587 0.000000 1.000000 
-21.288464 -20.811604 1.399250 -5.320007 26.757156 0.000000 0.000000 
14.403776 -26.474571 -0.521960 -2.348038 26.065161 0.000000 0.000000 
-20.856489 -24.965862 4.252517 0.444176 26.557228 0.000000 0.000000 
-21.420242 -24.724388 2.646201 -0.036560 26.982389 0.000000 0.000000 
-22.112434 -24.164143 1.830777 -0.006805 28.358614 0.000000 0.000000 
-20.487642 -26.014874 0.513360 -0.104179 28.000633 0.000000 0.000000 
-20.340242 -26.272491 1.579793 0.218292 27.283916 0.000000 0.000000 
-23.188175 -24.509548 1.476748 -8.332726 20.929167 0.000000 0.000000 
-26.469170 -21.901218 3.170693 -2.841248 21.909864 0.000000 1.000000 
-26.788086 -21.864429 2.759952 -4.622704 23.688719 0.000000 1.000000 
-10.997867 -32.792435 0.208566 -5.273201 22.623999 0.000000 1.000000 
-32.671776 -12.272702 0.650382 -6.733505 20.379160 0.000000 0.000000 
-21.251204 -28.236511 2.599615 2.342278 27.536987 0.000000 0.000000 
-35.129395 0.250084 1.768757 -1.898109 25.800922 0.000000 0.000000 
-33.658993 13.733957 5.388878 -3.290741 24.968836 0.000000 1.000000 
-32.143578 -20.828686 3.266939 -1.238472 27.167694 0.000000 0.000000 
-20.493624 -32.459713 -0.959730 0.373985 25.272881 0.000000 0.000000 
-40.792149 1.402780 2.699020 4.824257 31.514566 0.000000 0.000000 
-17.212473 -38.424538 -1.070317 -0.287598 23.760994 0.000000 1.000000 
-42.690556 3.029271 4.105672 5.044815 28.606775 0.000000 1.000000 
18.153374 -40.200279 9.288330 -2.622147 20.146397 0.000000 0.000000 
23.938921 -39.667259 1.582712 13.774628 29.139299 0.000000 0.000000 
23.176197 -40.141468 2.076674 12.604012 29.322453 0.000000 0.000000 
21.782984 -41.731388 -2.934010 -0.008873 19.219046 0.000000 0.000000 
-21.735426 -42.626881 9.031884 -0.768623 21.412163 0.000000 1.000000 
-46.666924 17.274559 4.967642 -1.578262 17.771017 0.000000 0.000000 
-47.324245 19.304615 3.271811 -2.521942 18.288805 0.000000 0.000000 
-48.443661 17.478706 -0.287464 -2.016136 16.859951 0.000000 0.000000 
-48.887726 17.283875 3.573024 -3.177223 17.609184 0.000000 0.000000 
-49.251553 17.834026 3.780568 -1.036125 18.734470 0.000000 0.000000 
-5.861228 -61.363869 2.762562 0.277710 19.431211 0.000000 0.000000 
-10.692219 -65.247192 0.750572 4.830803 19.623594 1.000000 0.000000 
-10.018391 -65.555183 0.943776 5.245026 19.009895 1.000000 0.000000 
-10.663569 -65.687263 1.270503 11.568871 26.528616 1.000000 0.000000 
-106.949203 -5.278436 11.052203 4.890465 15.970592 0.000000 0.000000 
-107.277267 -1.409878 5.412576 14.959648 22.728308 0.000000 0.000000 
-107.278038 -1.237099 4.349165 15.823479 24.496483 0.000000 0.000000 
-107.469627 -3.804951 2.817436 7.073555 20.896492 0.000000 0.000000 
-107.590492 -4.259895 1.905669 6.670319 18.461811 0.000000 0.000000 
-107.427345 -8.323004 2.021433 8.338553 17.732077 0.000000 0.000000 
-107.547760 -7.296136 2.732315 7.225731 17.055843 0.000000 0.000000 
-104.280609 40.987686 5.303300 11.069130 16.804018 0.000000 0.000000 
-115.464607 -2.769254 5.760653 11.897758 20.238602 0.000000 0.000000 
-115.455673 -3.483006 7.372988 9.293091 17.423140 0.000000 0.000000 
55.531349 -103.683159 6.606833 16.767883 19.169161 0.000000 0.000000 
55.426086 -103.851906 5.024468 19.511269 21.442757 0.000000 0.000000 
55.924484 -103.699425 7.784541 13.947075 16.573339 0.000000 0.000000 
64.835579 -108.855804 7.203038 20.044533 19.567526 0.000000 0.000000 
60.214466 -147.710617 6.364196 19.111984 17.640175 0.000000 0.000000 
2.406794 -8.427580 0.143064 -8.680588 37.646667 0.000000 0.000000 
2.299277 -8.752018 0.046255 -1.929939 44.064026 0.000000 0.000000 
2.258810 -8.955134 0.007746 4.829002 46.890282 0.000000 0.000000 
2.250864 -8.958153 -0.013283 3.250870 47.174370 0.000000 0.000000 
8.701845 -4.009129 1.376517 1.050461 41.706657 0.000000 0.000000 
2.114707 -9.431558 -0.250818 -1.893661 43.477325 0.000000 0.000000 
2.177835 -9.477913 -0.094867 -4.033119 39.137779 0.000000 0.000000 
2.195893 -9.478522 -0.015929 -5.364906 40.282143 0.000000 0.000000 
2.211431 -9.791953 -0.160271 -4.694443 39.271248 0.000000 0.000000 
2.160773 -9.959386 -0.298404 -4.194550 40.647903 0.000000 0.000000 
2.245852 -10.118244 -0.435763 -2.600868 38.429600 0.000000 0.000000 
2.248486 -10.216281 0.329144 -2.245964 39.745525 0.000000 0.000000 
2.230457 -10.363859 0.178150 -3.453369 39.235840 0.000000 0.000000 
2.155251 -10.618527 -0.180476 -2.498558 41.809990 0.000000 0.000000 
2.254135 -10.620215 -0.001074 -2.357224 40.034676 0.000000 0.000000 
2.230789 -11.044395 -0.248802 0.976967 44.146599 0.000000 0.000000 
2.156559 -11.109809 -0.190279 1.936188 43.010521 0.000000 0.000000 
2.266543 -11.375476 0.152586 -8.833260 40.231201 0.000000 0.000000 
2.123286 -11.600243 0.203123 -5.853828 37.909157 0.000000 0.000000 
11.592063 -3.632324 3.217586 -3.921249 37.639816 0.000000 0.000000 
1.881241 -12.299634 -3.955374 -5.716003 35.975590 0.000000 0.000000 
11.940075 -3.165080 -0.015924 9.346649 49.091969 0.000000 0.000000 
11.938275 -3.179188 0.037509 7.596931 45.691704 0.000000 0.000000 
12.383216 -3.021538 -3.170872 -7.108910 34.685242 1.000000 1.000000 
13.122094 -9.301363 -4.722290 -15.322174 27.144001 0.000000 1.000000 
15.401252 -9.027278 -4.857164 -7.803734 30.787552 0.000000 1.000000 
17.656523 -5.447305 -1.275170 -16.021278 24.751080 1.000000 0.000000 
17.709177 -5.421605 -0.783123 -12.196794 24.429489 1.000000 0.000000 
17.865831 -5.169805 -0.642966 -15.483566 20.174679 1.000000 0.000000 
17.076717 8.433167 0.099491 10.761787 38.809525 0.000000 0.000000 
17.015652 8.749231 0.489438 10.210297 39.291164 0.000000 0.000000 
-9.289189 -17.426151 -0.834019 -4.809090 26.375355 0.000000 0.000000 
-7.398070 -18.899296 -3.066339 -9.755180 28.952482 0.000000 0.000000 
18.865917 7.653646 -1.439768 2.317726 34.982094 0.000000 1.000000 
18.637558 8.236641 -0.682779 1.983284 36.075302 0.000000 0.000000 
18.435123 9.657760 -0.049630 9.633369 42.667767 0.000000 1.000000 
-7.588086 -21.403103 7.045926 -0.528366 29.724443 0.000000 0.000000 
-6.655479 -21.792480 -6.038604 -1.449463 30.474297 0.000000 0.000000 
22.097118 9.181279 0.035910 9.797539 41.384998 0.000000 0.000000 
21.929548 9.764668 0.213784 7.968292 38.605675 0.000000 0.000000 
21.956470 10.959295 -2.340530 0.216606 32.860424 0.000000 0.000000 
18.912022 -17.918365 0.521204 -5.121201 23.311300 1.000000 0.000000 
19.107811 -17.815937 0.040946 -10.782219 19.045483 1.000000 0.000000 
18.886192 -18.063515 0.269968 -1.833511 26.497597 1.000000 0.000000 
20.329529 -17.228981 0.858033 -2.817932 26.806587 0.000000 1.000000 
25.649303 -15.052560 1.234493 0.289192 29.013155 0.000000 1.000000 
25.676790 -15.218451 8.750020 -3.301979 26.275692 0.000000 1.000000 
-13.814448 -27.118629 3.979775 -3.736549 25.592953 0.000000 1.000000 
28.858360 11.403559 -1.088141 2.392075 30.583271 0.000000 0.000000 
24.610077 -23.413200 -1.079036 -5.011620 21.030416 0.000000 1.000000 
34.535454 -5.759413 11.637223 -6.775078 22.592146 0.000000 0.000000 
34.036865 -9.347719 1.308925 -2.801476 23.489378 0.000000 1.000000 
20.802147 -31.138165 15.500607 -6.964195 22.987335 0.000000 0.000000 
33.797729 16.320415 2.018588 -1.855698 21.741909 0.000000 0.000000 
38.567322 7.931689 -0.692050 7.134544 27.227278 0.000000 0.000000 
38.632198 7.846506 -1.087435 10.585083 29.831161 0.000000 0.000000 
43.631718 -9.670044 9.778584 -1.813675 22.784275 0.000000 0.000000 
24.568235 -38.194256 12.814187 -3.197624 19.408417 0.000000 0.000000 
43.473076 15.072420 -3.653707 3.382935 21.915844 0.000000 0.000000 
43.147198 18.423080 4.732614 -2.304802 19.424057 0.000000 0.000000 
46.594959 7.991340 -2.591373 18.386742 33.826462 0.000000 0.000000 
47.492908 7.479061 -1.806698 7.492844 26.880438 0.000000 0.000000 
45.412384 16.489758 -0.296737 -1.286758 19.829737 0.000000 0.000000 
48.928402 -0.815005 9.069136 -4.669067 17.827679 0.000000 1.000000 
46.525162 16.971180 1.080155 14.652237 32.315220 0.000000 0.000000 
46.656841 16.709919 1.332167 13.415581 30.912361 0.000000 0.000000 
47.232975 16.208420 -0.569222 7.862640 26.261299 0.000000 0.000000 
47.347477 15.952685 1.583828 4.284462 22.885778 0.000000 0.000000 
50.268818 10.294033 -0.405426 9.659882 27.652565 0.000000 0.000000 
50.181091 10.678302 -0.096613 13.407578 32.585152 0.000000 0.000000 
-21.402624 -47.491077 4.324336 -0.099182 18.419817 0.000000 1.000000 
50.590199 13.897171 -0.590999 2.731880 18.891890 0.000000 0.000000 
52.518063 9.196393 0.161081 16.446022 32.739979 0.000000 0.000000 
52.546494 9.406151 0.232182 18.684677 32.886414 0.000000 0.000000 
52.664738 8.813493 -0.011381 16.104401 34.099380 0.000000 0.000000 
53.625179 10.115172 -1.737677 0.831657 20.149431 0.000000 0.000000 
53.995430 8.367932 -1.997139 -1.214912 19.179287 0.000000 0.000000 
54.905296 7.121945 -0.289133 22.673241 38.552917 0.000000 0.000000 
54.953182 7.148510 -0.499815 19.969566 34.767208 0.000000 0.000000 
56.046665 8.774879 -1.362742 3.879852 21.390324 0.000000 0.000000 
56.782326 7.085946 -2.325878 15.673828 29.794323 0.000000 0.000000 
56.932049 6.251123 -2.890621 19.707283 35.451771 0.000000 0.000000 
57.204933 6.318114 1.387304 10.514366 26.135918 0.000000 0.000000 
56.513008 10.621335 -2.003994 10.742661 26.061794 0.000000 0.000000 
58.033260 1.188472 0.357196 8.621361 27.559841 0.000000 0.000000 
58.034859 1.241726 0.595952 13.727234 29.722021 0.000000 0.000000 
55.111298 18.065216 4.445603 3.753998 19.664289 0.000000 0.000000 
58.167393 7.558741 -1.659307 6.759247 22.659405 0.000000 0.000000 
58.513531 5.791518 -3.799741 5.542122 23.128736 0.000000 0.000000 
59.172398 2.295608 10.324452 10.187355 26.891422 0.000000 0.000000 
58.538372 8.703843 -1.121930 20.837830 33.995495 0.000000 0.000000 
58.733643 8.404692 -1.339528 20.903801 34.780365 0.000000 0.000000 
34.608150 -49.190403 4.269570 5.802338 20.920101 0.000000 1.000000 
60.439350 9.617864 -0.241954 24.035721 36.748680 0.000000 0.000000 
60.374596 9.980512 0.245799 21.050995 33.849403 0.000000 0.000000 
61.594059 -10.130955 -1.331423 0.209946 20.207060 0.000000 0.000000 
61.948830 -9.355110 2.309969 7.909035 24.432846 0.000000 0.000000 
62.025749 -9.195566 2.844378 7.047241 24.289459 0.000000 0.000000 
62.218067 7.310315 -4.140801 4.559700 21.561829 0.000000 0.000000 
62.084805 -10.364684 3.009894 5.351372 21.368601 0.000000 0.000000 
62.103493 -11.007472 3.740191 5.896042 22.360727 0.000000 0.000000 
62.679573 8.617409 -1.947086 11.337250 27.603592 0.000000 0.000000 
62.717987 8.621336 -2.228780 11.055000 27.560837 0.000000 1.000000 
5.631494 -63.959797 4.390952 2.257957 19.865644 0.000000 0.000000 
64.112350 -9.093156 3.549829 6.235313 22.637569 0.000000 1.000000 
57.655987 -31.522923 2.932235 15.702148 29.293604 0.000000 0.000000 
57.720684 -31.604424 4.693985 18.446808 30.931328 0.000000 0.000000 
57.496532 -32.242260 5.345026 17.226456 29.354303 0.000000 0.000000 
65.898430 11.978696 2.950881 6.872520 19.091846 0.000000 0.000000 
66.188698 10.704494 1.092296 6.549339 18.553488 0.000000 0.000000 
66.739883 -10.503508 -0.059718 10.362183 28.396624 0.000000 1.000000 
66.743561 -10.717684 1.185314 14.795868 30.439430 0.000000 0.000000 
6.220982 -67.922600 1.475602 6.770401 21.839922 0.000000 0.000000 
5.673127 -68.013046 -0.651729 3.017479 18.731312 0.000000 0.000000 
67.742630 13.190200 1.686747 22.095047 32.268524 0.000000 0.000000 
67.906868 12.962390 1.937070 23.943573 35.229889 0.000000 0.000000 
70.356178 -10.090447 -2.093991 9.609100 25.062229 0.000000 0.000000 
70.432533 -10.504255 -6.186145 5.319199 20.363182 0.000000 0.000000 
70.299301 10.313623 1.527349 10.617706 24.556208 0.000000 0.000000 
58.094513 -43.032166 5.191294 11.821411 26.683521 0.000000 0.000000 
72.557907 9.078723 -0.074533 29.660019 39.999001 0.000000 0.000000 
72.645325 8.847645 -0.220183 25.962379 35.810822 0.000000 0.000000 
74.781372 7.076169 -3.033209 12.929153 24.427917 0.000000 0.000000 
74.859344 7.132648 -2.497333 15.889801 27.084330 0.000000 0.000000 
74.747932 8.674901 -1.911449 7.360909 20.352962 0.000000 0.000000 
76.748611 8.158610 -1.877432 15.148941 26.539085 0.000000 0.000000 
8.266282 -77.186348 -1.600767 12.143242 25.698463 0.000000 0.000000 
76.794724 8.186451 -2.180519 14.105843 24.923609 0.000000 0.000000 
8.187839 -77.206757 -1.696245 15.642380 28.242115 0.000000 0.000000 
78.637695 8.599848 -1.844668 20.495605 30.424526 0.000000 0.000000 
78.869377 8.031413 -2.200581 18.839760 28.944679 0.000000 0.000000 
80.545547 8.787494 -1.182369 13.510124 23.350594 0.000000 0.000000 
80.592896 9.517344 -0.912045 14.751930 26.696981 0.000000 0.000000 
80.549858 10.143096 0.145777 11.428246 23.191015 0.000000 0.000000 
81.970337 12.635789 -0.095635 5.452721 20.481749 0.000000 0.000000 
83.284683 -10.566535 9.519578 3.969368 17.205877 0.000000 0.000000 
56.189999 -63.782848 4.687451 7.438035 16.088888 0.000000 0.000000 
-36.152275 -76.523148 1.603292 7.846092 16.447428 0.000000 0.000000 
84.506767 10.276093 -0.693363 11.564659 23.808880 0.000000 0.000000 
86.328156 10.787799 2.112218 13.430916 21.644489 0.000000 0.000000 
86.464973 10.114738 1.231294 13.078690 20.821608 0.000000 0.000000 
86.874519 -10.086102 8.342061 5.628418 19.329979 0.000000 0.000000 
57.614845 -67.884613 5.450685 17.402725 25.749943 0.000000 0.000000 
58.234619 -67.622070 4.913668 16.121460 24.065758 0.000000 0.000000 
88.491837 10.517435 4.185772 13.390823 22.283316 0.000000 0.000000 
88.568764 9.930974 2.133490 16.605568 24.538584 0.000000 0.000000 
89.460602 -0.777558 -1.227357 6.367218 17.767265 0.000000 0.000000 
89.367683 -8.869698 11.321506 7.499856 21.579891 0.000000 0.000000 
89.550064 6.624564 0.379703 5.847450 14.304858 1.000000 0.000000 
89.761337 5.617365 -2.368076 10.226143 19.032721 1.000000 1.000000 
89.691521 6.580677 -0.029478 10.123787 18.365974 1.000000 0.000000 
89.693657 6.835537 0.745743 11.408615 19.629536 1.000000 0.000000 
90.046173 6.826240 -1.218747 7.678825 16.428701 1.000000 0.000000 
90.104019 6.774221 -0.282268 12.274864 20.007183 1.000000 0.000000 
90.336563 6.008319 -3.300110 3.814781 13.349216 1.000000 0.000000 
90.482803 9.832437 1.071004 22.103065 29.103928 0.000000 0.000000 
90.593414 10.188300 1.229115 24.704788 31.872938 0.000000 0.000000 
91.167198 -10.910422 8.576353 7.660057 22.558010 0.000000 0.000000 
91.131683 -11.617018 10.687304 4.498169 20.289547 0.000000 0.000000 
91.300240 -10.562063 9.322877 5.506073 21.322144 0.000000 0.000000 
91.167625 -11.786208 9.267834 9.369247 23.847914 0.000000 0.000000 
91.374397 -11.901786 11.262951 6.659164 18.702440 0.000000 0.000000 
91.390747 -12.306606 10.758511 12.987038 23.454952 0.000000 0.000000 
91.393700 -12.393842 13.180501 15.222870 25.690306 0.000000 0.000000 
91.472420 -12.349686 11.294551 9.617958 20.838718 0.000000 0.000000 
91.511200 -12.131361 11.948410 9.878670 20.288696 0.000000 0.000000 
91.532959 -12.561431 14.074924 11.735146 23.903980 0.000000 0.000000 
91.831001 -12.642014 10.410234 8.891006 19.144093 0.000000 0.000000 
91.898666 -13.395389 12.478703 5.903870 18.274879 0.000000 0.000000 
92.779213 8.058793 -1.023737 19.639633 27.868122 0.000000 0.000000 
92.838219 8.054136 -1.146725 17.672592 25.229061 0.000000 0.000000 
92.671707 -12.052964 10.920118 10.559097 19.938408 0.000000 0.000000 
92.725334 -12.376670 11.364927 9.059975 18.555906 0.000000 0.000000 
94.578415 9.108386 1.121455 7.728897 15.164550 0.000000 0.000000 
95.343674 -10.126263 8.313772 5.895821 17.374367 0.000000 0.000000 
96.345467 -11.785103 8.306699 8.172980 19.383236 0.000000 0.000000 
96.419228 -11.558383 8.573020 9.387291 20.029011 0.000000 0.000000 
97.464630 -12.255672 7.822284 8.426117 17.195528 0.000000 0.000000 
98.782509 6.852992 -4.106152 8.693442 16.138578 0.000000 0.000000 
102.551186 9.424316 3.346608 7.857437 16.173622 0.000000 0.000000 
108.466080 -10.297703 9.028866 10.238228 17.009241 0.000000 0.000000 
107.740448 16.509697 0.410016 16.039970 21.599161 0.000000 0.000000 
113.484642 -9.278052 12.729864 12.569397 17.674620 0.000000 0.000000 
113.527374 -9.146283 15.767869 15.822205 20.680220 0.000000 0.000000 
113.591743 -8.883778 15.556913 10.186546 16.385324 0.000000 0.000000 
114.460999 -7.809462 9.259819 13.500710 18.131979 0.000000 0.000000 
6.579714 -115.962402 -5.415628 9.606766 16.638443 0.000000 0.000000 
6.778605 -116.005516 -3.286083 7.536446 14.624724 0.000000 0.000000 
57.890308 -102.540131 1.795323 15.025864 21.628464 0.000000 0.000000 
118.659027 7.876695 -7.948091 14.451271 19.153921 0.000000 0.000000 
118.826332 8.619505 -5.141049 11.298401 18.155773 0.000000 0.000000 
118.749832 9.871772 -3.319366 13.692978 18.847919 0.000000 0.000000 
119.912865 0.732644 -0.189907 7.709671 15.220853 0.000000 0.000000 
119.975578 -0.014683 -1.261996 9.816025 16.585953 0.000000 0.000000 
124.648727 7.843149 -4.922639 12.704224 16.990396 0.000000 0.000000 
127.352310 17.141384 3.987103 20.525070 21.714771 0.000000 0.000000 
9.781273 -129.330521 2.439455 15.086502 18.577969 0.000000 0.000000 
7.033279 -130.714951 -2.734810 10.999084 14.850394 0.000000 0.000000 
8.409009 -131.869385 1.787904 9.582626 14.117911 0.000000 0.000000 
132.892471 -13.629164 2.109857 9.806175 15.821031 0.000000 0.000000 
7.382388 -134.393051 -0.969204 16.794182 19.414509 0.000000 0.000000 
134.414093 9.782456 -6.349776 14.301735 16.155670 0.000000 0.000000 
7.302278 -135.631836 0.043791 13.814529 18.425455 0.000000 0.000000 
136.648651 11.015847 -4.561818 14.683617 17.328209 0.000000 0.000000 
7.564699 -138.109451 -0.610290 11.701653 14.316215 0.000000 0.000000 
138.271210 11.770334 -1.825815 19.102150 20.698521 0.000000 0.000000 
6.205482 -140.854630 -2.342084 12.294395 14.488608 0.000000 0.000000 
8.276288 -142.141037 -6.305883 13.466362 15.894382 0.000000 0.000000 
142.252777 13.161922 0.590290 23.189339 24.293514 0.000000 0.000000 
7.980295 -143.388733 0.099704 23.313118 26.232407 0.000000 0.000000 
7.532357 -144.647598 -3.731753 22.943497 24.623487 0.000000 0.000000 
6.869189 -145.828506 0.114930 12.145584 14.773826 0.000000 0.000000 
7.427507 -145.882034 -4.569113 18.369102 20.889645 0.000000 0.000000 
7.756214 -147.100281 -0.552830 25.401588 27.538359 0.000000 0.000000 
8.605683 -148.286758 -3.776521 21.920792 23.041019 0.000000 0.000000 
6.719893 -149.606888 -3.880400 18.585838 20.193493 0.000000 0.000000 
7.249171 -150.808960 -6.717343 14.825569 16.066269 0.000000 0.000000 
9.371521 -151.119904 -1.030084 11.670189 14.198596 0.000000 0.000000 
7.458697 -156.965103 -3.085064 13.532272 14.758887 0.000000 0.000000 
6.162676 -159.103577 -5.270090 14.867439 16.471479 0.000000 0.000000 
164.064835 -15.000596 13.117686 18.096779 19.513210 0.000000 0.000000 
57.824986 -158.986618 4.725772 15.578987 15.879272 0.000000 0.000000 
8.718088 -173.325241 -4.647480 21.738853 21.667946 0.000000 0.000000 
10.353554 -173.995743 2.470757 12.129646 13.333194 0.000000 0.000000 
176.064728 65.037979 19.563810 34.288567 27.544910 0.000000 0.000000 
185.413269 64.490410 14.872877 22.816124 15.846995 0.000000 0.000000 
192.737045 63.367699 6.929976 21.215942 14.513133 0.000000 0.000000 
1.975178 6.381451 -0.056359 -43.574997 21.135576 1.000000 1.000000 
3.030354 10.594321 0.059095 -30.769661 10.883567 1.000000 1.000000 
1.687783 11.109620 -0.023721 -38.590805 9.253375 1.000000 1.000000 
2.300963 12.336017 0.407322 -16.172363 32.945751 0.000000 0.000000 
4.374450 11.724256 0.443677 -33.016930 14.652755 1.000000 1.000000 
2.225121 12.837533 -0.984161 -11.189812 36.012463 0.000000 0.000000 
2.237773 12.983904 -0.912107 -22.166641 33.012905 0.000000 0.000000 
2.206563 13.150195 0.028917 -13.965652 32.107456 0.000000 0.000000 
2.278762 13.529040 -0.072029 -2.131355 38.633369 0.000000 0.000000 
2.362792 13.953446 -0.106508 -0.123390 41.670227 0.000000 0.000000 
2.159813 14.160313 -0.102808 -28.543076 12.887958 1.000000 1.000000 
2.483867 14.263106 0.067379 -31.751625 10.387248 1.000000 1.000000 
2.325876 14.381744 -0.155490 2.920822 43.732086 0.000000 0.000000 
2.315044 14.394738 -0.159091 0.175583 40.045467 0.000000 0.000000 
2.305107 14.492493 -0.147967 2.062485 41.314392 0.000000 0.000000 
2.177777 14.641132 -0.097320 -35.572182 7.834075 1.000000 1.000000 
2.354848 14.842635 -0.125644 -3.573387 35.370956 0.000000 0.000000 
2.267426 15.185330 0.136264 -9.457893 35.646957 0.000000 0.000000 
2.277147 15.286164 0.182521 -12.628479 36.432701 0.000000 0.000000 
2.316190 15.723501 0.337249 -6.823341 35.751213 0.000000 0.000000 
2.331482 15.826167 0.258667 -7.835571 32.093758 0.000000 0.000000 
2.338146 16.605577 -0.053936 -8.089272 35.931355 0.000000 0.000000 
2.335949 16.712444 -0.029139 -5.780197 35.064083 0.000000 0.000000 
2.236738 16.734867 0.202258 -17.516541 27.361797 0.000000 0.000000 
2.192043 17.298607 -0.035731 -18.768829 28.299580 0.000000 0.000000 
2.267377 17.515585 -0.170209 -3.261360 36.754513 0.000000 0.000000 
2.288572 17.535574 -0.069336 -3.131882 36.649887 0.000000 0.000000 
2.251688 17.825089 -0.124897 -33.541130 7.956260 1.000000 1.000000 
2.304853 17.950882 0.332782 -7.158516 30.652191 0.000000 0.000000 
2.397971 18.239466 -0.190618 -11.608467 27.387960 1.000000 1.000000 
2.346007 18.261932 0.334499 -4.159470 30.754742 0.000000 0.000000 
2.341264 18.361286 -1.324904 -5.734795 34.473984 0.000000 0.000000 
2.257888 18.701088 0.065747 -11.511169 27.118996 0.000000 0.000000 
2.264776 19.315376 0.336792 -7.734215 30.838474 0.000000 0.000000 
2.024059 19.480118 0.025515 -21.207634 16.625551 1.000000 1.000000 
2.355459 19.481709 -0.177570 -29.132553 11.088470 1.000000 1.000000 
2.295013 19.571514 -0.253470 -3.457283 34.082596 1.000000 1.000000 
2.178303 19.742413 -0.067314 3.207649 40.507629 0.000000 0.000000 
2.231567 19.870413 0.201446 3.191017 39.600834 0.000000 0.000000 
2.172460 20.444849 0.348838 -3.837837 33.480007 0.000000 0.000000 
2.256475 20.449921 -0.101404 -0.986603 37.957348 1.000000 1.000000 
2.152476 20.576618 -0.548095 8.250153 46.428192 0.000000 0.000000 
2.208041 20.928059 -0.447766 -0.638725 35.055893 0.000000 0.000000 
2.190660 21.001284 -0.484709 5.502609 42.438522 0.000000 0.000000 
2.491225 21.293150 -0.113607 -31.325661 11.026496 1.000000 1.000000 
7.942047 24.425655 -2.304027 -15.930856 23.903248 0.000000 0.000000 
7.725894 24.853880 -1.065136 -9.795883 27.181797 0.000000 0.000000 
11.620630 23.535299 9.761017 -9.587662 25.623642 0.000000 0.000000 
3.354234 26.540991 -0.179749 -14.622795 24.501556 0.000000 0.000000 
7.303602 25.785662 0.285870 -10.063026 27.363785 0.000000 0.000000 
-7.855282 27.065662 4.502890 -18.808037 23.014202 0.000000 0.000000 
7.819169 27.208450 6.473742 -14.612190 25.799467 0.000000 0.000000 
7.301001 27.750803 5.587000 -16.751396 23.697071 0.000000 0.000000 
7.390329 27.803246 3.669673 -9.317055 26.316574 0.000000 0.000000 
7.687197 28.897161 4.699699 -11.718063 25.296669 0.000000 0.000000 
7.734309 29.034498 4.001934 -19.448273 21.169279 0.000000 0.000000 
-21.443081 19.195217 -7.472263 2.217560 23.754847 0.000000 1.000000 
0.462218 30.484726 -1.218447 -18.976532 21.039440 0.000000 0.000000 
19.406567 22.555288 11.510064 -2.131844 23.451572 0.000000 1.000000 
6.283945 30.835991 -0.608113 -16.162155 22.446644 0.000000 0.000000 
7.829381 30.436966 -7.594076 -13.441162 24.664766 0.000000 0.000000 
21.960527 21.369108 -5.829597 1.099770 23.430443 0.000000 0.000000 
6.397245 31.605782 -1.570764 -18.115166 21.150291 0.000000 0.000000 
6.349496 31.644419 10.848750 -14.000595 24.392622 0.000000 0.000000 
7.082349 31.485357 -7.099658 -15.425279 23.836458 0.000000 0.000000 
3.770535 32.185001 -3.918198 -20.055962 21.132175 0.000000 0.000000 
6.908233 31.715635 2.307374 -13.138756 21.969749 1.000000 1.000000 
6.977561 31.961037 -7.690546 -13.268707 23.202192 0.000000 0.000000 
6.915565 32.308830 2.254315 0.062866 33.037128 0.000000 0.000000 
6.998164 32.388123 2.328444 -0.897957 33.845058 0.000000 0.000000 
6.803487 32.686974 -0.706371 -16.351959 17.337763 1.000000 1.000000 
7.414589 32.579178 -3.544740 -16.807953 21.301611 0.000000 0.000000 
6.281953 33.018730 4.391414 -15.118379 22.060139 0.000000 0.000000 
6.397442 33.356239 -8.612147 -17.622314 20.877649 0.000000 0.000000 
26.687641 18.147194 12.929520 3.071121 21.467779 0.000000 0.000000 
6.953395 33.738663 -0.865869 -1.378845 32.478584 0.000000 0.000000 
7.012628 33.860065 -0.878749 -1.737366 30.850670 0.000000 0.000000 
5.950990 34.289040 4.148511 -13.873817 19.185894 1.000000 1.000000 
6.333955 34.282913 -0.948770 -15.364914 21.869141 0.000000 0.000000 
6.213654 34.391483 4.964497 -14.358429 24.067261 0.000000 0.000000 
6.144400 34.505684 4.928096 -11.805328 25.125017 0.000000 0.000000 
7.000291 35.050301 3.969379 -11.702385 23.589218 0.000000 0.000000 
6.073212 35.482777 4.019354 -7.480156 24.288467 0.000000 0.000000 
5.943560 35.507889 4.191844 -7.342758 24.928539 0.000000 0.000000 
5.944592 35.632397 4.201358 -4.447701 26.532228 0.000000 0.000000 
8.549867 35.116192 1.965583 -4.759125 29.949083 0.000000 0.000000 
15.911469 32.581932 8.984012 -7.786217 23.884428 0.000000 0.000000 
6.502501 36.332996 3.046855 -8.540337 27.746372 0.000000 0.000000 
6.534584 36.441547 2.605044 -12.207008 24.607693 0.000000 0.000000 
6.459446 36.496571 2.555681 -11.154709 24.399872 0.000000 0.000000 
6.563386 36.532265 -9.160098 -11.495071 22.940531 0.000000 0.000000 
6.257346 36.864716 1.327631 -11.042381 22.478092 0.000000 0.000000 
6.122954 36.965179 -0.693726 -13.789392 22.690517 0.000000 0.000000 
6.686656 36.897991 2.289249 -14.070825 22.944643 0.000000 0.000000 
6.030730 37.463409 5.003648 -10.081589 23.389305 0.000000 0.000000 
6.194354 37.563488 6.091347 -18.788513 18.683151 0.000000 0.000000 
22.435207 30.405600 0.790988 0.650734 22.552216 0.000000 0.000000 
23.051920 30.021994 1.242828 -5.006882 17.699444 0.000000 0.000000 
22.596739 30.580458 1.155442 -2.001381 22.749891 0.000000 0.000000 
22.064451 31.039074 0.392184 1.097794 22.970781 0.000000 0.000000 
6.263414 38.552105 -0.048371 -15.447662 16.070135 1.000000 1.000000 
21.828215 31.718769 3.417997 -6.760994 18.629829 0.000000 0.000000 
13.420312 36.684200 15.147158 -15.849426 19.047562 0.000000 1.000000 
22.978268 31.602337 0.666480 -2.744095 18.056417 1.000000 1.000000 
26.984886 27.977673 10.262659 2.119629 19.623981 0.000000 1.000000 
33.750156 17.146500 14.438371 4.285072 17.159039 0.000000 0.000000 
6.481818 39.574535 1.357166 -18.645912 17.810492 0.000000 0.000000 
5.932600 39.776154 -0.278585 -24.561256 13.376967 0.000000 0.000000 
6.408869 39.709965 -5.625786 -22.062172 14.706065 0.000000 0.000000 
6.040160 40.539146 6.152633 -12.938339 20.648172 0.000000 0.000000 
5.768698 40.799850 -0.079813 -18.747795 17.023802 0.000000 0.000000 
6.172667 40.935123 6.033568 -13.935875 21.493769 0.000000 0.000000 
7.306923 41.282578 -0.941623 -14.493585 18.898569 1.000000 1.000000 
8.689421 41.325768 3.278229 -11.663475 22.743883 0.000000 0.000000 
8.456361 41.442928 3.072023 -15.227548 20.244867 0.000000 0.000000 
6.921170 41.766933 -1.393890 -8.788628 24.378231 0.000000 0.000000 
7.438983 41.759113 -0.784013 -9.632355 22.350845 0.000000 0.000000 
7.431914 42.005531 -0.777683 -6.713181 25.591757 0.000000 0.000000 
10.096631 41.512428 4.396545 -15.041650 20.032597 0.000000 0.000000 
10.447841 41.715889 4.676087 -10.404358 21.318605 0.000000 0.000000 
5.288778 42.819366 -0.581465 -7.988350 23.156183 0.000000 0.000000 
5.164898 42.842461 -0.382572 -9.865402 20.592520 0.000000 0.000000 
11.777725 41.621994 4.411467 -15.177133 16.919056 0.000000 0.000000 
5.548986 43.135632 -0.578381 -13.891739 20.543211 0.000000 0.000000 
5.246544 43.496387 -0.494236 -28.622368 5.504432 1.000000 1.000000 
5.195719 43.586399 -0.416600 -8.663002 20.522747 0.000000 0.000000 
5.174102 43.611340 -0.611442 -14.841133 17.130123 0.000000 0.000000 
5.235731 43.619263 -0.392146 -5.960548 22.770866 0.000000 0.000000 
5.223451 43.696621 -0.341492 -12.954941 18.855194 0.000000 0.000000 
5.292879 43.712349 -0.455197 -8.149956 22.696861 0.000000 0.000000 
5.199623 44.090485 -0.259716 -12.883385 18.542574 0.000000 0.000000 
5.576193 44.046448 -0.488655 -18.788208 14.112063 1.000000 1.000000 
5.269369 44.125980 -0.732854 -16.521622 19.184553 0.000000 0.000000 
7.848734 43.758583 2.992642 -5.512337 25.374319 0.000000 0.000000 
7.825592 43.882702 3.093841 -12.148430 18.744743 0.000000 0.000000 
7.791822 43.943954 2.830413 -3.254601 26.423609 0.000000 0.000000 
-23.577114 37.401829 5.195053 -4.476128 21.660397 0.000000 1.000000 
7.525330 44.256088 5.687587 -12.479156 19.142477 0.000000 0.000000 
7.977510 44.457783 3.309747 -9.759361 20.544050 1.000000 1.000000 
5.444483 44.917816 -0.465844 -14.256477 15.033515 1.000000 1.000000 
7.306815 44.748734 5.993262 -15.992134 17.341732 0.000000 0.000000 
7.264359 44.833492 6.075800 -14.174362 20.215736 0.000000 0.000000 
13.658536 43.492336 5.699897 -13.036003 19.046818 0.000000 1.000000 
24.288254 39.655418 1.567890 -5.574638 19.548525 0.000000 1.000000 
7.128979 46.889145 10.372968 -13.421196 20.541893 0.000000 0.000000 
7.146464 46.908714 11.548472 -16.538170 18.199768 0.000000 0.000000 
7.020787 47.013573 6.346196 -14.168054 16.092777 0.000000 0.000000 
40.986328 19.378101 0.307774 6.898071 17.855337 0.000000 0.000000 
7.048941 47.220421 5.583451 -9.759109 20.874081 0.000000 0.000000 
7.508100 47.227943 5.634559 -9.721245 21.441280 0.000000 0.000000 
6.328405 47.456139 7.152335 -17.457718 16.902750 0.000000 0.000000 
7.545811 47.286045 5.487715 -6.650932 24.056103 0.000000 0.000000 
7.342258 47.368000 5.772225 -13.741960 19.457113 0.000000 0.000000 
32.759850 33.967209 1.375968 2.286194 18.824463 0.000000 0.000000 
7.410985 47.750927 3.674302 -8.437996 22.655201 0.000000 0.000000 
7.603132 47.886620 3.568573 -7.163437 22.803595 0.000000 0.000000 
35.011379 31.651108 1.223610 15.776176 26.756227 0.000000 0.000000 
35.033607 31.778315 1.055312 9.171196 22.250820 0.000000 0.000000 
8.071198 47.957584 2.925654 -10.492775 21.471306 0.000000 0.000000 
34.819752 32.162266 1.186413 10.748116 21.522629 0.000000 0.000000 
35.180416 31.811581 1.430689 14.910599 26.511366 0.000000 0.000000 
12.838799 47.265018 5.211440 -14.251274 19.870293 0.000000 0.000000 
9.848637 48.142521 3.513747 -12.805023 21.067219 0.000000 0.000000 
8.078672 48.516594 -6.906844 -8.871735 19.827877 0.000000 0.000000 
8.357974 48.529610 -7.833758 -9.637909 22.023565 0.000000 0.000000 
8.148168 48.869194 5.254304 -15.484184 15.657477 0.000000 0.000000 
7.482233 49.046284 4.641251 -8.281616 21.203876 0.000000 0.000000 
7.743850 49.030266 4.796204 -8.463737 21.687872 0.000000 0.000000 
7.555273 49.272285 5.186685 -10.177383 19.172047 0.000000 0.000000 
7.636133 49.316078 5.110243 -5.741173 22.170841 0.000000 0.000000 
9.831230 48.990273 4.109015 -15.991684 17.423561 0.000000 0.000000 
9.736616 49.037258 4.142446 -13.548645 18.447004 0.000000 0.000000 
7.603458 49.519569 -7.422961 -20.745636 13.375358 0.000000 0.000000 
8.533445 49.880867 5.655393 -17.510162 13.422027 0.000000 0.000000 
8.476260 49.917614 6.621301 -21.383675 14.151610 0.000000 0.000000 
8.194988 50.100147 5.193186 -12.242798 17.853100 0.000000 0.000000 
8.105680 50.155647 5.588345 -11.955269 18.813799 0.000000 0.000000 
8.008963 50.257454 5.486627 -13.404817 18.290722 0.000000 0.000000 
7.842607 50.307770 2.544421 -17.895744 16.077530 0.000000 0.000000 
7.609934 50.769890 5.846816 -18.697182 15.656226 0.000000 0.000000 
7.582056 51.046593 4.954993 -7.017509 20.654598 0.000000 0.000000 
7.982274 51.059132 5.674715 -21.296158 12.122764 0.000000 0.000000 
7.708068 51.197521 5.219644 -6.856163 22.021519 0.000000 0.000000 
7.665837 51.204712 -6.563170 -11.836983 16.662548 0.000000 0.000000 
7.692426 51.209824 -6.974441 -5.866615 21.357252 0.000000 0.000000 
7.692358 51.225025 -7.173329 -9.058266 17.857883 0.000000 0.000000 
7.144804 51.681099 -0.503210 -20.556862 13.182235 0.000000 0.000000 
7.621886 51.648087 -5.731979 -13.396652 16.415352 0.000000 0.000000 
7.766287 51.884056 0.578212 -19.852783 10.839950 1.000000 1.000000 
12.550743 51.026672 3.751090 -14.256393 17.443193 0.000000 0.000000 
12.805787 51.406017 4.228571 -12.959396 16.884754 0.000000 0.000000 
12.679645 51.510296 3.920887 -6.344513 20.331161 0.000000 0.000000 
12.708362 51.545052 3.754977 -12.250664 17.700380 0.000000 0.000000 
11.830618 52.108589 3.648333 -15.279724 17.015549 0.000000 0.000000 
7.542017 52.982281 5.412138 -12.193254 17.727112 0.000000 0.000000 
7.215864 53.411652 5.703762 -12.141159 16.304478 0.000000 0.000000 
6.755326 53.489594 -6.690219 -7.913521 20.947807 0.000000 0.000000 
7.243002 53.445889 -8.983923 -9.509605 20.317036 0.000000 0.000000 
6.839713 53.540230 -6.580786 -13.860840 17.131853 0.000000 0.000000 
8.629425 53.449169 5.229008 -13.481514 16.515572 0.000000 0.000000 
6.446179 54.001907 -5.164107 -5.924866 26.046354 0.000000 0.000000 
7.121338 53.923283 -5.169071 -3.997505 25.116371 0.000000 0.000000 
6.454899 54.073441 2.646984 -10.875038 20.177757 0.000000 0.000000 
7.522795 54.133663 -5.209404 0.188148 25.899471 0.000000 0.000000 
8.152432 54.057640 4.709248 -4.571892 21.569937 0.000000 0.000000 
8.125388 54.153652 4.284201 -2.678467 23.976513 0.000000 0.000000 
8.289799 54.161285 6.385125 -13.080368 17.847088 0.000000 0.000000 
6.448318 54.492702 -5.855196 -12.371704 17.248209 0.000000 0.000000 
7.707334 54.670094 2.236708 -9.605721 19.848131 0.000000 0.000000 
7.337012 54.753483 3.701071 -9.247437 18.800768 0.000000 0.000000 
8.837726 54.585400 3.251428 -10.260986 18.562801 0.000000 0.000000 
7.436138 54.842663 1.413715 -7.963051 19.004780 0.000000 0.000000 
6.540410 55.049625 5.378980 -8.319565 20.601847 0.000000 0.000000 
7.420087 54.974003 3.314020 -3.503723 23.662512 0.000000 0.000000 
7.684941 55.131371 2.562257 -9.049858 21.023237 0.000000 0.000000 
6.895560 55.252094 3.752333 -2.233299 24.273186 0.000000 0.000000 
6.868772 55.686951 -7.199558 -6.812447 22.728655 0.000000 0.000000 
7.040406 55.671909 -7.265990 -7.971664 19.817211 0.000000 0.000000 
7.395080 55.668751 -6.393630 -9.017128 20.706024 0.000000 0.000000 
14.179160 54.296528 1.978606 -15.173790 14.839416 0.000000 0.000000 
6.660789 56.164631 2.131122 -9.161339 17.032906 0.000000 0.000000 
44.105034 33.487526 1.935857 19.304924 23.693249 0.000000 0.000000 
44.592945 32.767040 1.520179 20.511948 25.748581 0.000000 0.000000 
44.309875 33.220932 1.745209 21.769753 25.140182 0.000000 0.000000 
44.885761 32.354614 0.179585 17.865135 23.360006 0.000000 0.000000 
-18.187878 53.859962 9.047428 -12.245636 17.380022 0.000000 0.000000 
44.721157 32.830326 1.841117 7.809830 15.943591 0.000000 0.000000 
6.676100 57.022545 5.590582 -5.779037 23.278341 0.000000 0.000000 
6.442587 57.064476 5.055657 -9.528008 18.285564 0.000000 0.000000 
6.641537 57.206276 5.161289 -10.596939 18.650581 0.000000 0.000000 
45.387272 32.947403 -1.376309 5.204278 13.796535 1.000000 0.000000 
7.139476 57.344658 2.972606 -6.206841 18.897207 0.000000 0.000000 
6.806297 57.408298 5.872473 -18.112946 14.398063 0.000000 0.000000 
6.011232 57.648273 2.988817 -14.895927 15.138339 1.000000 1.000000 
6.817530 57.564377 1.545452 -16.987022 13.812888 0.000000 0.000000 
6.941192 57.585140 1.509540 -15.534355 14.490600 0.000000 0.000000 
7.233439 57.824974 4.964164 -6.174629 21.218765 0.000000 0.000000 
7.628363 57.835148 5.665536 -10.625549 19.135839 0.000000 0.000000 
7.210056 57.969433 4.919330 -10.630295 19.104891 0.000000 0.000000 
7.721002 58.009373 5.252982 -5.675583 20.275497 0.000000 0.000000 
15.645091 56.478630 0.514041 -17.762123 7.704772 1.000000 1.000000 
6.491471 58.358742 6.665617 -16.281425 13.936732 0.000000 0.000000 
14.561423 56.831448 0.307108 -21.374062 7.888740 1.000000 1.000000 
16.358179 56.380066 1.667939 -23.486877 5.270198 1.000000 1.000000 
15.645013 56.791664 0.302918 -23.872101 4.910297 1.000000 1.000000 
8.140911 58.458748 5.672093 -12.782997 16.233561 1.000000 1.000000 
5.960707 58.838875 9.609393 -12.429947 19.502333 0.000000 0.000000 
8.175241 58.578476 7.715630 -15.136003 14.406745 0.000000 0.000000 
6.298165 58.890377 2.848261 -8.620583 19.553055 0.000000 0.000000 
16.414549 56.849979 1.435752 -13.534897 10.129638 1.000000 0.000000 
16.148611 56.986416 1.188941 -14.193245 10.618186 1.000000 0.000000 
16.003550 57.240967 1.097538 -15.803246 9.233478 1.000000 1.000000 
15.743961 57.362415 0.662758 -22.332619 3.392021 1.000000 1.000000 
8.062128 59.034576 4.902545 -10.712418 16.063995 0.000000 0.000000 
8.127426 59.375286 5.853323 -17.989014 13.068377 0.000000 0.000000 
7.961455 59.487511 -6.984447 -11.099977 15.181533 0.000000 0.000000 
7.172580 59.618446 3.809067 -13.640671 14.064273 0.000000 0.000000 
7.415938 59.729275 6.856163 -9.824745 16.074209 0.000000 0.000000 
7.581200 59.932632 -9.073045 -11.732384 16.994484 0.000000 0.000000 
7.242260 60.001987 0.902638 -10.387894 15.987121 0.000000 0.000000 
17.818001 57.997116 0.322026 -22.041397 6.478443 1.000000 1.000000 
16.412222 58.481697 -0.538857 -14.366075 9.736857 1.000000 1.000000 
8.665212 60.237751 -5.682605 -14.907228 16.318680 0.000000 0.000000 
8.859302 60.228321 -6.116703 -15.741035 14.069411 0.000000 0.000000 
6.062654 60.681973 6.920312 -14.230110 13.679427 0.000000 0.000000 
8.290868 60.703037 2.419187 -13.383224 12.923545 0.000000 0.000000 
17.868761 58.486145 -1.344376 -16.704659 9.640094 1.000000 1.000000 
15.793837 59.169125 0.211833 -15.283569 11.708663 1.000000 0.000000 
7.097288 61.077965 7.906245 -13.118730 12.905791 0.000000 0.000000 
-7.557950 61.152851 -1.235649 -0.589218 23.344875 0.000000 0.000000 
-7.626410 61.155956 -1.213024 -0.183571 23.283730 0.000000 0.000000 
-7.632747 61.255581 -1.190018 2.423332 27.284096 0.000000 0.000000 
-7.642063 61.255852 -1.281740 -5.609535 20.050568 0.000000 0.000000 
6.330195 61.802498 7.641778 -10.082039 16.040571 0.000000 0.000000 
6.183752 61.855042 7.243578 -10.470840 16.520227 0.000000 0.000000 
16.711456 59.777180 1.313805 -13.671181 12.860351 1.000000 0.000000 
14.379192 60.417316 2.415293 -15.695854 12.036540 0.000000 0.000000 
-8.122828 61.851204 -0.856170 -15.383453 12.669574 0.000000 0.000000 
30.642216 53.887794 1.808874 -9.721077 11.116542 0.000000 0.000000 
-8.267351 62.015442 -1.207016 -15.209558 12.659595 0.000000 0.000000 
-7.779249 62.358448 -1.348922 -13.466432 12.537227 1.000000 1.000000 
18.399303 60.110031 0.374137 -15.378999 7.535919 1.000000 1.000000 
18.350178 60.160686 -0.084657 -13.290306 9.740417 1.000000 1.000000 
18.482922 60.127972 -0.105856 -12.623413 12.448672 1.000000 1.000000 
17.635939 60.410572 -0.564487 -24.657295 4.437435 1.000000 1.000000 
17.953466 60.312218 0.029177 -11.204553 12.628436 1.000000 0.000000 
17.975634 60.328148 0.523422 -12.394821 8.727248 1.000000 1.000000 
-40.461033 47.640594 -1.514822 -6.265938 10.401870 0.000000 1.000000 
30.138384 55.526241 4.961357 -10.641457 10.373439 0.000000 0.000000 
18.038801 61.016258 -0.035698 -20.608826 4.512378 1.000000 1.000000 
27.371090 57.311710 -4.868621 -10.367371 13.126651 0.000000 0.000000 
18.222546 61.165318 -0.480480 -15.792274 8.446612 1.000000 1.000000 
18.010426 61.428883 -0.655690 -18.879387 6.016101 1.000000 1.000000 
18.646868 61.228302 0.214890 -18.573616 5.904609 1.000000 1.000000 
16.508644 61.904648 0.796459 -19.983032 8.421237 0.000000 0.000000 
8.161035 64.179222 -0.229143 -10.210588 13.691211 0.000000 0.000000 
8.460506 64.149887 -0.451733 -19.238594 8.576945 0.000000 0.000000 
7.842100 64.279205 -0.662145 -11.729424 13.545508 0.000000 0.000000 
8.236900 64.259773 0.573541 -22.202690 8.380546 0.000000 0.000000 
8.885499 64.222107 1.386492 -16.794945 10.841758 0.000000 0.000000 
21.069786 61.860104 1.093676 -6.553223 19.049725 0.000000 0.000000 
-11.446946 64.559601 -0.273261 -15.177606 16.369232 0.000000 0.000000 
-11.619085 64.551727 -0.564564 -6.973175 21.713697 0.000000 0.000000 
26.529131 59.807373 -5.072719 -9.797943 11.521754 1.000000 1.000000 
26.770054 60.250462 -4.952744 0.440224 20.033852 0.000000 0.000000 
26.886509 60.380550 -5.995486 -5.589577 14.733928 0.000000 0.000000 
8.195089 65.920395 -1.472570 -16.410362 10.778960 1.000000 1.000000 
8.964773 66.322891 9.327542 -22.184998 8.146045 0.000000 0.000000 
8.250008 66.511429 -0.803061 -22.112534 6.156509 1.000000 1.000000 
8.199072 66.877258 -1.361004 -9.819679 15.115382 0.000000 0.000000 
8.633511 67.100952 -1.352816 -13.526497 13.716304 0.000000 0.000000 
8.242972 67.606552 -1.447910 -16.398598 9.322043 1.000000 1.000000 
22.322624 65.052094 2.300619 -14.669456 11.077197 0.000000 0.000000 
22.214066 65.095520 3.539504 -16.618469 9.735950 0.000000 0.000000 
22.315870 65.629791 0.590257 -17.010246 10.038470 0.000000 0.000000 
8.060317 69.043900 1.123930 -9.181129 14.710589 1.000000 1.000000 
43.315502 53.253120 2.605620 -0.180336 14.269702 0.000000 0.000000 
45.090843 52.210335 2.812839 7.936935 17.632658 0.000000 0.000000 
44.915943 52.392620 -4.566063 2.575310 14.033587 0.000000 0.000000 
45.257668 52.244926 3.711127 6.665848 15.151671 0.000000 0.000000 
8.321468 69.651810 1.339030 1.795303 23.459904 0.000000 0.000000 
8.087366 69.887375 1.237458 -12.615959 14.287925 0.000000 0.000000 
8.358685 69.876869 1.394369 4.231102 26.901634 0.000000 0.000000 
8.943848 69.909431 -2.911574 -18.538383 11.921569 0.000000 0.000000 
8.146946 70.299339 5.709764 -8.010170 18.527267 0.000000 0.000000 
-2.180654 71.218887 -5.021721 -10.700615 19.992630 0.000000 1.000000 
47.026993 52.161633 -4.479914 9.039658 20.300627 0.000000 0.000000 
47.309929 52.147335 -5.736562 -0.441628 13.515643 0.000000 0.000000 
8.432220 70.946579 1.330196 -3.865540 17.363016 1.000000 1.000000 
47.224449 52.464985 -5.315993 9.230988 20.154118 0.000000 0.000000 
47.078678 52.695999 -5.721164 4.916466 17.412308 0.000000 0.000000 
47.565189 52.243412 -5.762224 7.240921 18.862507 0.000000 0.000000 
47.279762 52.969418 -4.643594 2.517181 12.912597 0.000000 0.000000 
9.671615 71.455872 4.079896 -12.753532 16.169790 0.000000 0.000000 
-35.978767 62.244350 3.757011 2.775635 18.116301 0.000000 0.000000 
-36.310932 62.161129 3.941451 2.835335 19.817493 0.000000 0.000000 
-36.111378 62.293011 3.550382 -0.630569 17.228291 0.000000 0.000000 
-28.835852 66.284515 2.926663 -8.365143 10.576552 1.000000 1.000000 
1.680430 72.881508 -1.238320 -22.922379 2.660659 1.000000 1.000000 
10.031121 72.346695 2.324728 -13.699409 13.225749 0.000000 0.000000 
10.039926 72.472374 2.879208 -6.764313 16.760963 0.000000 0.000000 
9.756430 72.709976 3.344819 -9.191216 16.298748 0.000000 0.000000 
-29.262897 67.049454 3.575353 -3.035233 16.824425 0.000000 0.000000 
-30.155556 67.027039 3.677237 -1.602280 19.069832 0.000000 0.000000 
-29.917042 67.148590 2.459084 0.039139 20.255556 0.000000 0.000000 
-30.061003 67.166603 3.050087 -1.931656 17.635050 0.000000 0.000000 
-29.206158 67.607101 2.055569 0.248665 21.374172 0.000000 0.000000 
-10.340626 73.397102 3.862248 -5.696884 18.888456 0.000000 0.000000 
-10.315402 73.424477 4.418468 -6.455070 17.627407 0.000000 0.000000 
-29.515179 67.801620 0.304025 -1.002556 21.483431 0.000000 0.000000 
-30.703171 67.254898 5.316318 -1.613609 20.050039 0.000000 0.000000 
-29.023041 68.392265 3.228348 -1.931534 18.217758 0.000000 0.000000 
-28.799366 68.507118 4.083148 -0.112801 20.150959 0.000000 0.000000 
-28.860537 68.579773 4.997270 0.271454 21.774652 0.000000 0.000000 
-31.663860 67.290466 0.747539 -3.061134 17.625017 0.000000 0.000000 
-30.955198 67.670090 5.994555 -0.711784 19.098392 0.000000 0.000000 
-29.622618 68.594521 5.328210 -3.499626 17.691196 0.000000 0.000000 
-29.987301 68.457611 -9.532342 1.012421 20.338577 0.000000 0.000000 
-28.960991 69.007835 -6.965053 1.255791 20.384697 0.000000 0.000000 
-29.318348 68.872231 5.147242 0.688332 19.983238 0.000000 0.000000 
-28.652119 69.228310 3.039676 -2.968536 18.318214 0.000000 0.000000 
-28.663887 69.568115 5.186921 6.362099 22.911251 0.000000 0.000000 
-28.382381 69.714027 11.440680 -2.325027 19.448267 0.000000 0.000000 
-28.535017 69.671646 -3.305746 -0.656425 19.605776 0.000000 0.000000 
-29.064392 69.516762 7.425946 0.645569 20.761372 0.000000 0.000000 
-28.995903 69.585716 7.223460 -1.267708 17.761343 0.000000 0.000000 
-23.161659 72.203972 5.619731 -3.201241 20.167049 0.000000 0.000000 
-10.131671 75.401337 6.023385 -6.289284 17.886793 0.000000 0.000000 
-10.278868 75.394402 10.053103 -8.749557 16.114670 0.000000 0.000000 
-23.510241 72.474213 5.242145 -4.899727 17.749195 0.000000 0.000000 
-23.344269 72.591751 5.390198 -5.953041 16.182394 0.000000 0.000000 
-23.052618 72.701874 5.561728 -3.988091 20.516380 0.000000 0.000000 
-9.677031 75.953468 6.537555 -7.812294 16.359873 0.000000 0.000000 
-10.093080 76.171478 6.435345 -11.013710 16.010029 0.000000 0.000000 
-23.157251 73.220245 4.954554 -6.466293 16.501957 0.000000 0.000000 
-22.328390 73.767906 10.306240 -5.390747 14.956927 1.000000 1.000000 
9.412396 76.657333 1.643767 -11.196404 16.806549 0.000000 0.000000 
7.651764 76.948608 -10.958192 -12.627954 13.654826 0.000000 0.000000 
-29.756945 71.431610 3.763395 -11.089973 14.220641 0.000000 0.000000 
-11.238189 76.883324 5.427832 -9.432793 15.108775 0.000000 0.000000 
9.700633 77.173759 2.679572 -8.944969 15.043983 0.000000 0.000000 
-22.720325 74.677071 10.604742 1.795357 21.874046 0.000000 0.000000 
-22.709419 74.982002 10.639078 0.520302 19.381145 0.000000 0.000000 
-22.585732 75.058968 10.944631 -2.517120 16.777664 0.000000 0.000000 
55.600868 54.083488 2.665079 0.530624 7.118999 1.000000 1.000000 
-22.847610 75.380219 10.724372 -2.885071 17.813465 1.000000 1.000000 
57.828949 52.078529 4.077929 0.221130 14.933974 1.000000 1.000000 
55.896755 54.630066 2.446211 12.247765 16.826990 0.000000 0.000000 
56.252853 54.312992 2.656906 3.931496 10.056663 0.000000 0.000000 
55.864254 54.812954 2.144254 9.467361 16.724497 0.000000 0.000000 
57.863033 52.534145 4.329249 7.365517 17.077248 0.000000 0.000000 
58.038898 52.906353 3.622468 3.663376 18.299677 0.000000 0.000000 
58.776264 52.509251 -5.383220 15.429413 18.193352 0.000000 0.000000 
59.096775 52.221104 3.180809 9.092033 14.858840 0.000000 0.000000 
58.615803 52.938587 4.944110 2.638153 9.282554 0.000000 0.000000 
59.012726 52.516014 -5.191973 16.081505 22.188732 0.000000 0.000000 
59.149879 52.943497 4.637724 3.856445 13.104972 1.000000 1.000000 
17.950039 78.753319 -1.135026 -18.215897 12.818210 0.000000 0.000000 
60.155190 52.030674 -5.068399 1.913040 14.297175 0.000000 0.000000 
-33.878319 73.323006 9.928219 -11.448425 9.985980 0.000000 0.000000 
-33.312904 74.125946 8.596592 -6.150841 14.245330 0.000000 0.000000 
-35.004829 73.327644 8.749009 -8.067612 12.616366 0.000000 0.000000 
-35.069855 73.321587 8.636556 2.270119 18.048494 0.000000 0.000000 
-33.397644 74.921387 7.399914 -0.498489 16.426315 0.000000 0.000000 
-34.180916 74.565353 10.149749 -6.337250 12.894145 0.000000 0.000000 
-32.817699 75.272667 9.359210 0.382912 18.929804 0.000000 0.000000 
-32.485458 75.477600 9.538523 -0.655457 17.607052 0.000000 0.000000 
-36.069187 73.835999 5.154629 -4.008728 14.174209 0.000000 0.000000 
-32.364586 76.054077 8.949834 -6.133804 15.773768 0.000000 0.000000 
-36.966019 74.053047 7.045537 -0.753426 16.009468 0.000000 0.000000 
-31.784485 76.696457 8.658831 -4.548248 16.043972 0.000000 0.000000 
-29.340719 77.759346 2.390489 -1.723579 19.463463 0.000000 0.000000 
-36.973412 74.722015 -0.026017 -3.637924 15.778951 0.000000 0.000000 
-39.145630 73.756439 3.121033 -6.563118 13.926856 0.000000 0.000000 
-38.184906 74.593292 7.329051 -2.365051 14.051887 0.000000 0.000000 
-38.618046 74.706001 7.333389 -2.969398 13.435725 0.000000 0.000000 
-40.171406 73.964996 4.046914 -0.294991 17.655884 0.000000 0.000000 
-37.783070 75.281738 8.886513 0.140274 16.296118 0.000000 0.000000 
-37.805191 75.384766 7.525249 1.295959 19.488554 0.000000 0.000000 
-38.649395 75.010010 6.294258 -3.896515 16.816563 0.000000 0.000000 
-29.301758 79.655434 7.554381 -3.817162 18.813047 0.000000 0.000000 
-38.599922 76.320488 2.232828 -4.474716 14.299026 0.000000 0.000000 
-31.044674 80.250175 10.655411 -4.387421 16.369345 0.000000 0.000000 
-38.402870 76.917183 -0.860271 -4.807961 16.604063 0.000000 0.000000 
43.940895 73.889633 -3.776325 -6.725983 12.639979 0.000000 0.000000 
-41.003895 75.973389 9.417487 -3.210831 16.583225 0.000000 0.000000 
-29.840410 81.550789 10.099977 -7.354744 14.057097 0.000000 0.000000 
-29.657003 81.641113 10.278794 -7.294762 13.678863 0.000000 0.000000 
-30.074316 81.490112 10.188539 -0.571617 18.873667 0.000000 0.000000 
-30.723063 81.384369 9.764418 -4.254562 16.605236 0.000000 0.000000 
52.438461 68.742867 2.449000 5.449593 18.687756 0.000000 0.000000 
52.490673 69.052444 4.278006 7.390893 19.052158 0.000000 0.000000 
52.597027 69.056740 4.566169 8.694861 18.957764 0.000000 0.000000 
-32.845139 81.404816 12.164343 -3.513306 15.723023 0.000000 0.000000 
42.176540 77.808548 4.610608 -0.520424 17.883759 0.000000 0.000000 
39.376759 79.839455 2.204709 -0.159386 16.608545 0.000000 0.000000 
-34.200191 82.771660 13.474977 -9.415436 12.242965 0.000000 0.000000 
21.417269 87.503899 4.621772 -8.196159 13.271304 0.000000 0.000000 
-33.254353 83.646690 14.030108 -9.775032 11.016078 0.000000 0.000000 
-31.917625 84.583488 12.831713 -10.050713 10.076865 0.000000 0.000000 
-32.246555 84.508965 11.994720 -11.150604 12.389640 0.000000 0.000000 
-32.281483 84.527954 11.513614 -4.406410 17.039450 0.000000 0.000000 
-32.760338 84.486572 10.784254 -9.765602 11.712184 0.000000 0.000000 
-32.316128 84.949883 13.435485 -10.862152 12.302775 0.000000 0.000000 
54.284904 72.729042 2.510264 -3.277039 10.430362 0.000000 0.000000 
-20.904846 89.368721 6.744436 -13.970505 7.856445 1.000000 1.000000 
-33.043507 85.890938 13.020905 -12.357736 8.610969 0.000000 0.000000 
-21.107624 89.964622 6.836861 -11.599548 11.900352 0.000000 0.000000 
-35.860477 85.251091 10.034382 -11.717987 9.469268 0.000000 0.000000 
-21.531197 90.280312 6.279434 -12.844101 10.501708 0.000000 0.000000 
-21.422533 90.598053 6.812618 -7.405815 13.911902 0.000000 0.000000 
-20.991941 90.732819 6.415173 -12.573036 10.644423 0.000000 0.000000 
-22.852821 90.296440 6.457286 -10.609772 11.077365 0.000000 0.000000 
-22.326519 91.004959 6.697269 -16.457298 7.752418 0.000000 0.000000 
-47.557362 80.389732 13.657480 -5.218170 10.940253 0.000000 0.000000 
-47.082321 80.728508 13.959983 -3.322388 11.581794 0.000000 0.000000 
-21.704414 91.443497 6.467741 -7.364304 11.818019 0.000000 0.000000 
-22.893091 91.212624 6.508721 -13.259088 10.742145 0.000000 0.000000 
-31.743519 88.890976 0.521859 -12.237869 8.173701 0.000000 0.000000 
30.313833 91.228928 2.272152 -12.744629 7.557529 0.000000 0.000000 
-32.192978 91.934204 10.776104 -12.601646 8.035869 0.000000 0.000000 
11.642296 96.914162 2.096181 -15.442375 7.483242 0.000000 1.000000 
-14.415292 96.789040 3.652575 -7.688492 10.193847 0.000000 0.000000 
-14.055699 97.002258 5.027855 -8.455917 11.673820 0.000000 0.000000 
-14.118508 97.007423 3.778700 -11.530144 11.007525 0.000000 0.000000 
-14.727349 97.287552 3.520493 -8.637062 12.927012 0.000000 0.000000 
-15.303750 97.197960 3.586839 -4.955444 14.513797 0.000000 0.000000 
-15.445663 97.207298 3.654706 -3.642342 16.124002 0.000000 0.000000 
-15.396699 97.231041 3.672806 1.619057 19.904627 0.000000 0.000000 
-15.261936 97.375908 3.575593 3.512695 20.013084 0.000000 0.000000 
-22.053612 96.330338 9.529292 -9.852470 10.276866 0.000000 0.000000 
-29.301849 96.038956 7.205050 -16.365562 6.210334 0.000000 0.000000 
-30.521215 96.139503 7.738004 -14.625137 6.812114 0.000000 0.000000 
-31.497541 95.888298 13.083258 -12.507141 7.758911 0.000000 0.000000 
-31.982191 96.098793 12.139606 -7.617188 10.629977 0.000000 0.000000 
-32.564663 95.927979 14.498997 -8.765495 9.732116 0.000000 0.000000 
-31.901287 96.359055 10.564657 -2.216164 13.294028 0.000000 0.000000 
-33.393074 96.065414 13.082512 -8.790833 9.294940 0.000000 0.000000 
-31.586262 96.727966 11.083743 -10.776405 9.616771 0.000000 0.000000 
-31.622997 97.644257 10.758060 -7.665276 9.599380 0.000000 0.000000 
-31.832088 97.919128 10.709929 -11.471237 7.664386 0.000000 0.000000 
-31.608561 98.058342 11.384143 -3.060638 12.960597 0.000000 0.000000 
-31.564093 98.112030 11.538399 -3.186729 13.017837 0.000000 0.000000 
-31.781363 98.482216 10.764021 -3.386101 13.267772 0.000000 0.000000 
-30.944704 99.103531 12.026527 -10.481796 5.552455 1.000000 1.000000 
12.610655 103.292908 1.599427 -11.049286 9.159553 0.000000 0.000000 
-30.827986 99.248848 13.708811 -12.977531 7.299137 0.000000 0.000000 
-32.481819 98.950058 15.491302 -13.361526 6.645896 0.000000 0.000000 
-30.907314 99.656120 12.428704 -7.786667 10.566615 0.000000 0.000000 
-32.206993 99.326683 10.997666 -9.231384 9.034091 0.000000 0.000000 
-31.878925 99.531319 11.148502 -3.720413 11.719676 0.000000 0.000000 
-31.970100 99.591721 12.004392 3.376221 15.691724 0.000000 0.000000 
-31.520781 99.848328 9.915206 -4.946266 11.613982 0.000000 0.000000 
-31.929478 99.777191 12.812473 -5.992607 9.118167 0.000000 0.000000 
-32.598740 99.596054 11.711815 -4.791512 9.908214 0.000000 0.000000 
-31.958065 100.232697 12.013091 -6.519356 11.337161 0.000000 0.000000 
34.016632 100.460754 2.411596 -6.459137 9.439487 0.000000 0.000000 
13.135666 106.028114 3.151597 -16.855453 4.690448 0.000000 0.000000 
13.077474 106.050262 1.784746 -15.807228 4.942367 0.000000 0.000000 
-31.652540 102.171562 12.205267 -6.441940 9.013629 0.000000 0.000000 
-31.491304 102.233994 11.590115 -9.296211 6.663269 0.000000 0.000000 
-32.318077 103.523750 10.495033 -10.065620 9.439086 0.000000 0.000000 
-33.788902 103.253181 13.648445 -9.034653 6.959274 0.000000 0.000000 
-32.254566 104.278389 12.790762 -9.668716 6.838794 0.000000 0.000000 
-2.059033 111.000412 -2.623304 -15.391258 8.030105 0.000000 0.000000 
52.093769 97.592178 6.618775 -6.456917 7.275901 0.000000 0.000000 
50.742485 98.745430 6.480415 -6.515587 6.703281 0.000000 0.000000 
49.414803 99.609192 5.514285 -6.051620 8.421679 0.000000 0.000000 
48.928169 100.019356 3.658952 -7.468307 7.426864 0.000000 0.000000 
-21.704611 110.111610 4.453520 -10.968971 8.394633 0.000000 0.000000 
45.756489 102.415794 1.798618 -7.625084 9.303481 0.000000 0.000000 
-20.683104 110.570023 4.013139 -13.294090 5.780162 0.000000 0.000000 
-106.118980 35.978313 -0.510991 15.859360 7.604694 0.000000 1.000000 
37.504353 108.290192 3.797158 -2.657021 10.315417 0.000000 0.000000 
37.542034 108.362663 4.558927 -7.534470 8.185409 0.000000 0.000000 
37.165668 108.532051 2.903459 -9.652054 5.546066 0.000000 0.000000 
35.125923 109.671181 2.015926 -9.762970 6.842205 0.000000 0.000000 
35.639153 109.748619 2.394978 -5.670486 8.052943 0.000000 0.000000 
34.037674 110.291611 -0.016173 -11.677177 6.076408 0.000000 0.000000 
35.064972 110.014252 2.535572 -10.802811 5.373924 0.000000 0.000000 
34.205864 110.414459 0.289330 -10.891281 5.468025 0.000000 0.000000 
33.843071 110.541245 2.138818 -10.655373 4.715229 0.000000 0.000000 
33.613419 110.658607 2.140711 -9.002121 6.506206 0.000000 0.000000 
33.421703 110.768028 1.182804 -10.723068 5.008747 0.000000 0.000000 
33.682701 111.384079 0.685730 -14.574600 3.249713 1.000000 1.000000 
-7.089804 116.422333 -3.165026 -12.625992 7.324646 0.000000 1.000000 
-52.275227 104.282547 1.115083 -9.208076 7.241638 0.000000 1.000000 
-22.019558 116.237785 4.966024 -11.396255 7.856067 0.000000 0.000000 
-21.902832 117.146828 4.766321 -12.302391 7.312477 0.000000 0.000000 
44.063076 110.962723 1.271523 -9.076233 7.369365 0.000000 0.000000 
43.259987 111.474319 3.507437 -6.317993 7.027282 0.000000 0.000000 
-22.809980 117.832657 5.683632 -5.073196 12.344855 0.000000 0.000000 
-21.591646 118.086243 8.369625 -7.371208 10.264506 0.000000 0.000000 
-22.299528 117.982841 6.149467 -5.759262 11.326320 0.000000 0.000000 
-23.113451 117.887474 7.051645 -4.665695 11.886939 0.000000 0.000000 
-23.231705 117.943985 9.024710 0.518776 14.220511 0.000000 0.000000 
-24.543791 117.799591 7.626962 -10.391563 7.585109 0.000000 0.000000 
-23.238102 118.190094 9.688684 1.668297 16.487490 0.000000 0.000000 
-31.975708 116.527336 13.338408 -9.989578 7.992576 0.000000 0.000000 
-34.052349 116.329514 10.197985 -8.710472 7.000667 0.000000 0.000000 
-23.429266 119.205132 9.513062 -5.495316 9.842975 1.000000 1.000000 
36.506409 116.456284 3.346773 -11.488960 5.526882 0.000000 0.000000 
35.729427 116.761742 1.892477 -12.368027 6.792297 0.000000 0.000000 
-22.481459 120.507317 4.705863 -10.888390 7.468891 0.000000 0.000000 
-6.931934 123.355240 -4.261124 -11.737473 7.404441 0.000000 0.000000 
-7.106587 123.372757 -5.800784 -9.461639 9.132052 0.000000 0.000000 
-32.355240 120.008003 10.818527 -7.190826 7.743125 0.000000 0.000000 
-31.505768 120.639038 11.730900 -8.494431 7.954231 0.000000 0.000000 
-32.240589 120.476830 7.142074 -11.292030 6.862354 0.000000 0.000000 
-34.166130 120.488991 11.794276 -10.406738 5.766990 1.000000 1.000000 
-35.766617 120.095985 15.076320 -12.087433 6.006820 0.000000 0.000000 
-34.672707 121.061859 12.443835 -5.359589 8.499785 0.000000 0.000000 
-34.211548 122.278381 13.919786 -5.620377 7.408100 0.000000 0.000000 
-32.176334 123.208748 15.762446 -8.538719 6.185318 0.000000 0.000000 
-37.282177 122.237701 14.249129 -6.289803 7.728462 0.000000 0.000000 
-34.901073 123.313354 15.269241 -8.816559 6.983345 0.000000 0.000000 
-34.868275 123.647293 13.399735 -6.307823 7.888114 0.000000 0.000000 
-21.367481 126.928139 -8.275798 -4.099579 11.323844 0.000000 0.000000 
-21.551846 126.942329 -9.806400 -8.475403 8.323085 0.000000 0.000000 
-21.627106 127.292221 3.187078 -3.408249 13.556697 0.000000 0.000000 
-21.425579 127.613976 3.911720 -1.894073 11.300761 0.000000 0.000000 
-22.325867 127.601852 4.282813 -5.179245 10.641917 0.000000 0.000000 
-21.989351 127.709381 4.473814 -5.613457 8.444957 0.000000 0.000000 
-21.336893 127.971024 1.847777 -4.922928 7.800441 0.000000 0.000000 
-20.498316 128.329956 -8.543738 -9.313332 7.893142 0.000000 0.000000 
-23.384743 128.011230 4.472606 -4.685104 11.042365 0.000000 0.000000 
-23.271057 128.107269 4.711822 -3.067818 10.947387 0.000000 0.000000 
-21.733698 128.436203 4.977412 -8.000557 7.531154 0.000000 0.000000 
-21.238253 128.619781 -3.120628 7.601730 19.485601 1.000000 1.000000 
-19.895788 128.878876 -7.352625 -3.977203 12.117518 0.000000 0.000000 
-22.012495 128.757935 4.470254 -4.828941 8.736335 0.000000 0.000000 
-22.131874 128.971283 5.546053 -6.123871 9.739753 0.000000 0.000000 
-21.471394 129.544312 -3.306231 11.658051 24.478611 0.000000 0.000000 
-22.060423 129.658386 4.238665 -12.297668 6.303005 1.000000 1.000000 
-21.590950 129.867966 -2.461176 13.322266 24.471300 0.000000 0.000000 
-23.431644 129.596588 -0.984701 -2.091591 15.653663 0.000000 0.000000 
-21.916674 129.904480 2.983619 -3.913414 13.739684 0.000000 0.000000 
-21.715038 130.241241 -2.881689 6.084915 18.367279 1.000000 1.000000 
-24.638144 129.884155 3.350678 -7.395119 8.513934 0.000000 0.000000 
-22.054951 130.835876 -1.694295 12.907982 24.417688 1.000000 1.000000 
-22.308022 131.372528 -2.192263 15.189453 25.638500 0.000000 0.000000 
-22.175049 131.397995 -1.772559 19.339638 29.650133 0.000000 0.000000 
-22.032368 131.572754 -1.679661 18.473152 29.572910 0.000000 0.000000 
-19.898085 132.380493 -0.434832 4.925453 20.064358 0.000000 0.000000 
-20.945923 132.225616 4.343682 6.797333 22.547264 0.000000 0.000000 
-20.225124 132.487213 4.744247 6.828712 21.601927 0.000000 0.000000 
-19.589027 132.652435 3.744372 10.343216 21.844257 0.000000 0.000000 
-21.508591 132.481781 -10.081530 -7.241722 7.394546 1.000000 1.000000 
-19.549591 132.888824 4.012303 7.017288 19.086197 0.000000 0.000000 
-18.886061 133.404999 -8.193048 0.706032 15.204577 0.000000 0.000000 
-20.058430 133.303802 -7.740282 4.773102 16.295273 0.000000 0.000000 
-21.900406 133.389313 2.148431 -7.125366 9.843825 0.000000 0.000000 
-19.931118 133.912048 4.060265 4.887955 16.300175 1.000000 1.000000 
-21.914574 133.748810 3.831532 2.007675 14.431827 0.000000 0.000000 
-22.167913 133.749847 -10.726960 -1.027298 14.450244 0.000000 0.000000 
-7.905731 135.413269 -6.046203 -6.433441 12.902843 0.000000 0.000000 
7.148192 135.568176 -6.078613 -4.306084 13.221972 1.000000 1.000000 
7.356740 136.181091 -5.313513 2.807861 17.871342 0.000000 0.000000 
7.169272 136.288361 -5.509513 1.913635 17.926683 0.000000 0.000000 
-22.208166 135.087463 4.028434 -9.350578 8.274528 0.000000 0.000000 
-22.612661 135.192657 3.212025 -11.300836 4.147251 1.000000 1.000000 
41.018433 130.770386 2.512766 -6.445084 6.252376 0.000000 0.000000 
-22.913145 135.408783 5.242463 -6.902191 9.493804 0.000000 0.000000 
40.493294 131.553040 3.014614 -0.717690 11.561549 0.000000 0.000000 
39.721527 131.880676 3.209210 -0.741302 10.940711 0.000000 0.000000 
40.613796 131.637177 3.697581 -3.289207 10.115279 0.000000 0.000000 
-22.299936 136.459045 -2.387794 -6.587646 6.508083 0.000000 0.000000 
-22.164883 136.664642 -1.724411 -10.992844 4.046329 0.000000 0.000000 
-22.598316 136.720398 -3.640620 -10.247902 6.440700 0.000000 0.000000 
-22.596119 136.795715 -1.835679 0.623489 12.670096 0.000000 0.000000 
-22.134899 136.877350 -1.582374 1.069519 11.639636 0.000000 0.000000 
-22.743988 137.394196 -2.168184 -6.289299 6.735630 0.000000 0.000000 
-22.607372 137.601044 -1.377171 -11.108276 4.388187 0.000000 0.000000 
-23.311724 138.390015 -2.129145 -12.113922 3.629322 0.000000 0.000000 
-23.214672 138.443024 -0.075993 -7.361786 4.756053 1.000000 1.000000 
-23.405546 138.833710 2.773814 -5.299713 7.516944 0.000000 0.000000 
-22.882830 139.074615 -7.552740 -6.980507 5.977237 0.000000 0.000000 
-22.546017 139.658020 -0.363492 -4.233093 7.944259 0.000000 0.000000 
-22.641514 139.718781 0.094567 -5.142540 7.177227 0.000000 0.000000 
-24.004705 139.605682 8.807394 -7.187332 8.521060 0.000000 0.000000 
-22.724276 139.877350 -2.181535 0.784554 12.022376 0.000000 0.000000 
-23.087267 139.840637 -2.417518 6.184289 15.253871 0.000000 0.000000 
-23.196743 140.232330 5.087457 -6.188103 8.415339 0.000000 0.000000 
-23.413261 140.472473 -1.864037 -2.380905 8.491698 1.000000 1.000000 
-23.467794 140.546448 3.267032 -8.008476 7.232116 0.000000 0.000000 
-23.077696 140.718475 4.028847 0.154205 13.230079 0.000000 0.000000 
-23.203163 140.724915 3.326658 -1.559700 11.098540 0.000000 0.000000 
-23.003748 141.158844 -11.541490 -8.847580 6.233844 0.000000 0.000000 
-23.381102 141.117493 4.319304 -3.611794 7.889152 0.000000 0.000000 
-22.834654 141.248810 5.334969 -5.685539 6.877117 0.000000 0.000000 
-20.744722 141.894684 -1.365652 -11.570740 6.268611 0.000000 0.000000 
-24.021795 141.713043 2.319688 -11.834221 4.217121 0.000000 0.000000 
-23.894726 143.572723 -1.518134 -12.553398 4.462242 0.000000 0.000000 
44.041592 139.449310 2.439479 -5.134964 5.698486 0.000000 0.000000 
-23.972282 145.227722 3.331425 0.892769 11.794738 0.000000 0.000000 
-23.161036 145.413788 6.179268 -1.323959 10.775905 0.000000 0.000000 
-23.369547 145.408234 -8.242578 0.854904 13.816627 0.000000 0.000000 
43.290363 141.325653 4.655986 -6.047447 8.181251 0.000000 0.000000 
-23.373295 146.175385 6.449358 -10.754349 6.286056 1.000000 1.000000 
-29.363226 145.235443 -0.762394 -10.978569 3.860744 0.000000 0.000000 
-24.215052 146.489227 5.662110 -4.812508 7.694156 1.000000 1.000000 
-22.812180 146.896240 6.806551 -5.768463 8.267722 0.000000 0.000000 
-23.236050 146.986145 -11.295610 3.628242 14.527209 0.000000 0.000000 
-24.001955 146.911591 5.341458 1.675659 11.922751 0.000000 0.000000 
-23.775661 147.091064 4.679470 4.553169 15.229377 0.000000 0.000000 
-24.169477 147.475006 -2.157113 10.937088 21.007978 0.000000 0.000000 
-24.292377 147.468567 -1.655356 8.352730 19.719992 0.000000 0.000000 
-23.376669 147.640411 -0.518372 4.506264 15.470115 0.000000 0.000000 
-24.580212 148.164368 -0.074791 2.111023 13.134078 1.000000 1.000000 
-23.221434 148.995514 0.596317 -4.383934 8.737647 1.000000 1.000000 
-34.768978 148.440704 10.647947 -9.301155 6.051216 0.000000 0.000000 
-34.963699 148.404022 10.952279 -9.578148 6.405071 0.000000 0.000000 
-33.208271 149.534515 11.978395 -9.046524 5.466865 0.000000 0.000000 
-35.108334 149.121552 11.195560 -4.706184 5.797008 0.000000 0.000000 
-23.292498 151.555969 -1.770570 -11.876076 5.745681 0.000000 0.000000 
-35.081196 149.659973 12.499219 -5.189636 7.494361 0.000000 0.000000 
-24.941830 152.062317 -0.195354 -1.827705 7.712860 0.000000 0.000000 
-24.084740 152.288696 -3.500732 -7.870804 6.247570 0.000000 0.000000 
-24.071629 152.770355 -0.367944 -0.038643 12.106174 0.000000 0.000000 
-25.661430 152.567810 -2.720803 -5.161064 7.422260 0.000000 0.000000 
-24.027824 152.989716 6.058997 3.048950 12.509295 0.000000 0.000000 
-25.079237 153.005859 -6.426745 -2.085579 8.885394 0.000000 0.000000 
-23.240210 153.743073 -6.380773 1.174553 10.741771 0.000000 0.000000 
-23.335646 153.818207 -3.542344 -1.894226 9.088325 0.000000 0.000000 
-23.521240 153.845856 0.393734 -2.051025 9.545115 0.000000 0.000000 
-33.868946 152.136688 10.279922 -7.018723 6.214244 0.000000 0.000000 
-27.806087 153.667053 6.831602 -9.866707 5.031761 0.000000 0.000000 
-30.513487 153.286072 6.680440 -7.040352 6.157489 0.000000 0.000000 
-23.108265 155.249756 3.811994 -3.161247 7.723415 0.000000 0.000000 
-31.351858 153.794647 9.570940 -2.102715 9.814097 0.000000 0.000000 
-23.210880 155.410187 1.879498 1.490219 11.018264 0.000000 0.000000 
-23.718145 155.359009 0.347580 -5.295494 6.580085 0.000000 0.000000 
-25.000849 155.212036 -2.743366 -0.583084 12.378150 0.000000 0.000000 
-33.255707 153.723328 9.350499 -9.973351 6.661083 1.000000 1.000000 
-32.071270 154.206604 10.655383 -6.389328 5.294254 1.000000 1.000000 
-31.256168 154.681824 9.932775 -5.069237 7.233173 0.000000 0.000000 
-31.151930 154.785645 9.535176 5.503151 16.011084 0.000000 0.000000 
-30.719490 154.992126 10.319484 -3.463181 10.305602 0.000000 0.000000 
-31.304174 154.943146 9.292830 0.028801 11.310225 0.000000 0.000000 
-34.789291 154.455688 8.773320 -7.851082 6.893795 0.000000 0.000000 
-31.357941 155.681152 10.742145 -7.097961 5.862880 1.000000 1.000000 
-35.777649 154.818420 12.933943 -1.947372 9.866050 0.000000 0.000000 
-29.574928 156.540833 9.540219 -4.693047 5.792724 0.000000 0.000000 
-23.393955 157.679077 -0.702898 -7.668716 7.881961 0.000000 0.000000 
-26.577332 157.234070 -2.984470 -4.874306 8.493693 0.000000 0.000000 
-24.836864 157.535797 -2.910187 1.688416 11.882899 0.000000 0.000000 
-25.369104 157.616943 -0.213519 -1.951302 7.477726 1.000000 1.000000 
-25.367683 157.783936 -2.443264 -2.512375 10.243567 0.000000 0.000000 
-31.160000 157.060883 14.816688 -2.687996 11.719840 0.000000 0.000000 
-26.024656 158.082581 -0.933491 3.140778 12.532100 0.000000 0.000000 
-25.837484 158.125000 -1.950206 0.313972 12.546523 0.000000 0.000000 
-27.847094 157.845490 -3.130671 -3.874390 8.055171 0.000000 0.000000 
-24.425535 158.726746 -1.403569 -9.523117 3.900035 1.000000 1.000000 
-32.684330 157.243378 11.651311 1.620377 14.628200 0.000000 0.000000 
-24.852163 159.023224 1.635297 5.213089 13.477393 0.000000 0.000000 
-24.854496 159.065582 2.191329 2.104614 12.783767 0.000000 0.000000 
-24.557581 159.122864 -0.478856 -1.194008 10.360873 0.000000 0.000000 
-24.678648 159.206146 -3.946049 2.667480 13.197600 0.000000 0.000000 
-23.637722 159.398285 -12.666968 -8.037079 7.066478 0.000000 0.000000 
-24.098553 159.379242 3.874119 -2.127258 6.173992 1.000000 1.000000 
-25.365162 159.200531 -2.533466 1.838074 13.676673 1.000000 1.000000 
-26.926847 159.315369 -1.013375 -8.391769 4.672065 1.000000 1.000000 
-27.428074 159.411926 -3.217514 -3.890594 12.293387 0.000000 0.000000 
-25.710234 159.716461 -2.476466 8.994499 18.356684 0.000000 0.000000 
-25.586910 159.882874 -2.449540 7.522079 17.727886 0.000000 0.000000 
-25.919004 159.861603 -1.482345 -3.381332 9.421409 0.000000 0.000000 
-24.408970 160.556458 6.837653 -1.171021 10.160728 0.000000 0.000000 
-25.025040 160.509613 5.337334 -1.834732 8.856448 0.000000 0.000000 
-23.263906 160.889008 0.361539 0.216957 9.184360 0.000000 0.000000 
-23.921436 161.047760 -0.034652 -0.445595 8.488162 0.000000 0.000000 
-22.624630 161.310944 4.122609 -4.479057 6.507946 0.000000 0.000000 
-25.792389 160.913116 -1.682281 -7.176399 5.767227 1.000000 1.000000 
-21.225178 161.906219 4.199640 -8.232727 6.259197 0.000000 0.000000 
-23.624619 161.591858 3.684654 -0.681915 12.017581 0.000000 0.000000 
42.916416 157.517609 3.453735 -4.315590 8.472396 0.000000 0.000000 
-24.021244 162.230316 1.111723 -7.886406 5.274292 0.000000 0.000000 
-25.322758 162.055328 3.248593 -3.756172 6.584239 0.000000 0.000000 
-24.294970 162.320770 5.901962 0.494400 10.992644 0.000000 0.000000 
-23.788641 162.846130 -3.070038 -8.033730 5.427890 0.000000 0.000000 
-24.874426 162.885071 -3.150723 -5.585434 7.078075 0.000000 0.000000 
-25.154232 162.940704 -1.965059 -6.877846 5.167648 0.000000 0.000000 
-25.857859 162.829254 -2.852843 -11.772865 3.901680 0.000000 0.000000 
-23.811110 163.673859 -0.633697 -11.200264 2.824333 0.000000 0.000000 
-26.376406 164.661530 -0.376580 -8.151939 4.608478 0.000000 0.000000 
-26.919512 164.892456 -2.069277 -6.419342 6.118587 0.000000 0.000000 
-24.223097 166.207855 8.105944 -5.606964 6.881137 0.000000 0.000000 
-25.739830 166.037170 0.056439 -4.385063 6.598236 0.000000 0.000000 
-24.454287 166.346527 -9.002010 -3.900047 5.548198 0.000000 0.000000 
-24.939428 166.282715 -11.694544 -5.054085 5.945350 0.000000 0.000000 
-26.764425 166.299957 -0.658606 -8.651939 4.675830 0.000000 0.000000 
-25.263844 166.657074 0.069649 -8.258430 4.081081 0.000000 0.000000 
-25.409277 166.755157 0.578915 -2.815041 7.996986 0.000000 0.000000 
-25.807999 166.904938 -2.869800 -3.456749 6.709415 0.000000 0.000000 
-22.716795 167.793060 2.328367 -0.245605 10.798190 0.000000 0.000000 
-24.200439 167.687286 6.878980 -1.945755 9.501548 0.000000 0.000000 
-22.920872 167.922241 -1.440697 -0.774246 11.109893 0.000000 0.000000 
-22.800695 167.963715 1.309406 -3.757675 5.919376 0.000000 0.000000 
-22.034513 168.283539 -2.217094 -11.449417 5.844112 0.000000 0.000000 
-24.259129 168.535522 -2.374558 -6.278557 4.392051 0.000000 0.000000 
-24.492830 168.660278 -0.903174 -6.205116 4.570037 0.000000 0.000000 
-25.480330 168.693451 -0.874454 -2.720383 7.136474 0.000000 0.000000 
-24.532310 169.256378 -1.460223 -2.519745 7.142902 0.000000 0.000000 
-24.921598 169.204224 -0.886172 2.076904 9.239921 0.000000 0.000000 
-25.839691 169.084259 -4.091432 -3.523285 6.895042 0.000000 0.000000 
-25.242290 169.178497 -1.291478 -9.279510 3.939823 0.000000 0.000000 
-23.989424 169.851990 -1.653063 -6.630974 4.539035 0.000000 0.000000 
-25.052542 169.749359 1.737969 -2.975266 6.585262 0.000000 0.000000 
-24.537462 169.871429 -1.625130 -1.979172 7.152122 0.000000 0.000000 
-25.742279 169.838440 -2.623040 -5.210564 7.512969 0.000000 0.000000 
-24.942862 170.110443 5.942748 -1.731995 7.766239 0.000000 0.000000 
-23.212488 170.507874 1.143076 -11.470947 4.280357 0.000000 0.000000 
-22.867233 170.807739 -11.935412 -4.343552 6.819969 0.000000 0.000000 
-23.518116 170.952820 -0.895916 -5.569267 6.254024 0.000000 0.000000 
-27.560286 170.492859 -2.894363 -10.352692 5.360534 0.000000 0.000000 
-22.752506 171.716095 -10.399176 -5.291443 9.102736 0.000000 0.000000 
-28.132044 170.967651 -5.794838 -5.052139 5.920600 0.000000 0.000000 
-25.677755 171.727020 6.510234 -3.994308 8.364577 0.000000 0.000000 
-25.809681 171.817749 2.017218 -7.943962 3.432140 1.000000 1.000000 
-23.509455 172.323395 6.514733 -1.275406 8.126369 0.000000 0.000000 
-25.254162 172.111633 4.820755 -1.796631 8.001582 0.000000 0.000000 
-25.168720 172.136627 4.080952 -2.902603 6.977287 0.000000 0.000000 
-23.929285 172.321472 6.008064 2.387360 10.439033 0.000000 0.000000 
-23.967587 172.451965 2.840203 -11.043571 5.416736 0.000000 0.000000 
-26.488153 172.108734 -3.508852 2.041519 10.047900 0.000000 0.000000 
-26.280041 172.480682 -3.348004 -2.795982 7.410049 0.000000 0.000000 
-25.396959 172.998871 6.959465 -4.432861 5.405853 0.000000 0.000000 
-25.969202 172.917480 6.777853 -5.067459 7.428253 0.000000 0.000000 
-25.686731 173.013275 -1.953229 -3.284729 6.387455 0.000000 0.000000 
-23.883642 173.309723 -2.700179 -4.302605 6.867568 0.000000 0.000000 
-23.228704 173.782745 5.692573 -4.676743 7.008487 0.000000 0.000000 
-22.886448 173.944458 -3.419043 -7.998535 5.831237 0.000000 0.000000 
-26.713610 173.407379 -3.048882 -3.839096 4.656494 1.000000 1.000000 
-24.117121 173.958496 -1.977636 1.155411 10.489310 0.000000 0.000000 
-25.514940 173.753052 -1.333441 0.651794 8.637561 0.000000 0.000000 
-23.349092 174.239380 -1.294250 -5.322891 7.095359 0.000000 0.000000 
-23.447357 174.241699 -4.748387 -6.156677 6.042720 0.000000 0.000000 
-23.610868 174.349915 -2.617623 -5.177498 5.945674 0.000000 0.000000 
-24.674467 174.523834 -1.089224 -5.328499 6.562358 0.000000 0.000000 
-24.219355 174.735718 0.440477 0.928452 9.395125 0.000000 0.000000 
-23.687860 174.821594 -2.326986 -5.233047 5.692356 0.000000 0.000000 
-25.330540 174.828979 -3.804867 -6.731804 4.703697 0.000000 0.000000 
-23.878376 175.380859 -2.814442 -10.206619 2.170093 1.000000 1.000000 
-23.892046 175.467682 -0.790077 -7.013657 4.894855 0.000000 0.000000 
-23.462162 175.590088 0.171235 -7.813026 3.162639 0.000000 0.000000 
-25.845369 175.325806 -2.755102 -2.819664 5.731773 0.000000 0.000000 
-25.184908 175.711487 -2.757060 -6.953102 5.232059 0.000000 0.000000 
-24.316696 177.017365 -1.339644 -7.669411 2.950244 0.000000 0.000000 
-24.716928 177.222107 -2.668705 -5.940659 5.662223 1.000000 1.000000 
-25.505793 177.666748 -1.949930 -2.199593 5.948936 0.000000 0.000000 
-25.931437 177.632629 -2.923779 5.338348 12.557868 0.000000 0.000000 
-25.643246 177.739868 4.287853 -4.499855 4.566932 0.000000 0.000000 
-25.289400 177.875366 -2.113127 -0.177841 10.596210 0.000000 0.000000 
-26.469170 178.777618 4.442539 -3.273491 4.253082 1.000000 1.000000 
-27.047186 179.125854 2.121217 -7.351051 2.664005 0.000000 0.000000 
-25.639635 179.752289 -3.157926 -7.975449 4.391021 1.000000 1.000000 
-24.036596 180.331940 -1.748812 -6.042450 6.751396 0.000000 0.000000 
-25.961426 180.415039 -2.606918 3.348015 12.066920 0.000000 0.000000 
-24.752579 180.625549 -2.571424 3.312920 11.060710 0.000000 0.000000 
-24.916101 180.682404 -2.755483 2.860107 10.600413 0.000000 0.000000 
-25.167334 180.811310 0.137258 -4.089325 5.552154 0.000000 0.000000 
-25.962660 180.802094 2.139088 -3.441582 5.283058 0.000000 0.000000 
-26.085960 180.839203 -2.234485 -5.123337 6.009498 0.000000 0.000000 
-25.870441 180.914948 4.334221 -4.549393 4.693122 0.000000 0.000000 
-26.029478 181.291534 -2.285890 -3.665436 6.443435 0.000000 0.000000 
-25.915745 181.417053 -3.130020 -9.636719 4.465011 0.000000 0.000000 
-24.626705 181.710236 -4.183808 -0.138557 8.016414 0.000000 0.000000 
-23.624105 181.866302 -1.063332 -6.599701 4.762916 0.000000 0.000000 
-25.269146 181.850677 -1.649479 -5.337753 4.519966 0.000000 0.000000 
-8.206304 183.869049 1.290302 -13.634178 2.942035 0.000000 0.000000 
-25.082232 182.385803 -3.288100 -2.400139 7.121173 0.000000 0.000000 
-25.276482 182.375336 -1.046893 -4.240623 4.245292 0.000000 0.000000 
-25.172712 184.398926 -2.543493 -9.427353 2.432434 0.000000 0.000000 
-25.673000 184.417267 -2.188985 -8.973572 1.971141 0.000000 0.000000 
-25.550379 184.521057 -7.914917 -6.309166 3.830085 0.000000 0.000000 
-25.035954 185.315826 -3.472538 -4.504303 5.752483 0.000000 0.000000 
-27.651005 185.432770 6.961298 -4.113243 5.594291 0.000000 0.000000 
-24.658997 186.403229 -5.079493 -2.836487 5.997123 0.000000 0.000000 
-25.932432 186.542603 -5.989626 -3.232681 6.695297 0.000000 0.000000 
-25.568146 186.990570 0.514033 1.217606 9.886268 0.000000 0.000000 
-26.249546 186.978271 -0.406284 -1.992073 5.819725 0.000000 0.000000 
-26.409945 187.021881 6.838181 -0.732704 6.949035 0.000000 0.000000 
-26.411335 187.036896 6.587501 -0.127449 8.168578 0.000000 0.000000 
-25.628706 187.782745 5.912231 0.958733 8.706161 0.000000 0.000000 
-25.970829 187.834686 0.168094 -3.091545 6.278938 0.000000 0.000000 
-25.744858 188.311371 8.667050 1.775795 9.918052 0.000000 0.000000 
176.855942 63.109791 18.150295 17.575829 4.338668 0.000000 0.000000 
-26.539167 189.119232 -11.023996 -7.015450 4.378715 0.000000 0.000000 
-1.321568 191.827667 -6.745560 2.790886 11.839076 0.000000 0.000000 
-0.859824 191.866211 -7.000675 3.779083 12.180984 0.000000 0.000000 
-25.579111 191.704803 -2.982972 -7.413521 4.009765 0.000000 0.000000 
-32.382458 192.993866 11.847085 -5.984711 4.301357 0.000000 0.000000 
-33.585896 195.866486 3.625597 -4.982399 3.982051 0.000000 0.000000 
-2.685808 199.465118 -6.427700 -5.266975 6.302841 0.000000 0.000000 
-2.663167 199.485992 -6.208416 -3.316193 5.214408 0.000000 0.000000 
-2.525092 199.533447 -6.340986 0.027672 9.127906 0.000000 0.000000 
-31.759726 198.583862 -1.347722 -3.459846 5.915439 0.000000 0.000000 
-30.005163 198.866364 -1.848976 -2.531227 5.640796 0.000000 0.000000 
-30.813862 199.370880 13.465344 -3.814667 4.841072 0.000000 0.000000 
-33.337051 199.037506 1.195154 -0.765839 5.525295 0.000000 0.000000 
-36.173046 199.101685 13.138300 1.266235 6.646083 0.000000 0.000000 
-35.886616 199.196899 12.314583 -3.234215 5.947589 0.000000 0.000000 
-33.564663 199.685974 9.996933 -1.699699 5.709358 0.000000 0.000000 
-36.574596 199.411896 9.229589 0.105865 6.197414 0.000000 0.000000 
-33.398041 200.608215 12.927749 -0.509453 5.174114 0.000000 0.000000 
-32.201500 205.529083 -3.702279 -1.771126 5.382495 0.000000 0.000000 
-32.863117 205.554840 -3.879417 -5.101868 4.530654 0.000000 0.000000 
-26.920162 207.836517 -3.744618 -6.847404 5.953578 0.000000 0.000000 
-30.195944 218.212250 7.833347 -1.664284 4.635173 0.000000 0.000000 
-29.794228 218.576721 2.357991 -1.188957 3.588024 0.000000 0.000000 
-29.805059 218.604401 -7.348620 -1.247810 3.719757 0.000000 0.000000 
5.464056 232.646484 -8.282330 -1.542107 5.034385 0.000000 0.000000 
-36.441853 247.815613 -3.708835 3.000885 5.906429 0.000000 0.000000 
-34.802227 249.329010 -3.086976 -0.245872 3.196510 1.000000 1.000000 
-34.946960 250.295563 -1.853829 -2.696198 2.501041 0.000000 0.000000 
