ply
format ascii 1.0
comment Created by CloudCompare v2.14.beta (Feb  3 2026)
comment Created 2026-04-21T11:44:02
obj_info Generated by CloudCompare!
element vertex 1971
property float x
property float y
property float z
property float rcs
property float snr
property float v
property float label
end_header
24.159491 8.767782 -10.394340 -7.457214 22.908215 1.000000 1.000000 
58.378067 -48.263142 -17.233192 8.499512 19.070057 1.000000 1.000000 
0.082339 23.556145 -6.881221 -19.334740 12.878094 1.000000 1.000000 
-7.346276 26.926588 -8.559501 -9.125198 22.995575 0.000000 1.000000 
-16.318872 32.264793 -13.699313 -8.167770 19.217678 1.000000 1.000000 
3.200964 37.301769 -8.750922 -18.185593 19.008774 0.000000 1.000000 
10.033664 36.028015 -14.091596 -9.062837 22.970387 0.000000 1.000000 
16.332264 34.475994 -11.678122 -16.271233 12.319344 0.000000 1.000000 
10.045946 38.282864 -14.576220 -14.485832 19.524685 0.000000 1.000000 
7.295318 39.400536 -10.594844 -13.991547 19.186272 0.000000 1.000000 
8.277921 48.469742 -12.847412 -17.626747 12.860065 0.000000 1.000000 
8.632295 52.395752 -18.934792 -13.150734 12.929752 0.000000 1.000000 
7.967310 54.219097 -19.448492 -15.264816 12.096764 0.000000 1.000000 
7.629289 54.661877 -14.577185 -20.845863 9.879303 0.000000 1.000000 
7.623378 56.487404 -21.254742 -10.341072 17.898418 0.000000 1.000000 
7.079457 59.099686 -18.494310 -14.453766 13.359493 0.000000 1.000000 
6.571965 59.584244 -20.695272 -14.312790 11.409786 0.000000 1.000000 
6.596337 59.644390 -21.940449 -13.957947 12.451710 0.000000 1.000000 
7.409376 60.369572 -18.897692 -6.709534 19.231617 0.000000 1.000000 
7.004816 60.476269 -19.679649 -4.742813 19.595684 0.000000 1.000000 
6.920074 60.592075 -21.534662 -5.967194 17.338654 0.000000 1.000000 
6.817747 67.453857 -15.741386 -13.306198 13.296486 0.000000 1.000000 
-13.114065 69.431099 -16.925325 -6.822052 17.782791 0.000000 1.000000 
-3.448729 82.582489 -22.691061 -24.554451 5.865547 1.000000 1.000000 
-8.095677 84.057976 -32.567478 -10.213928 12.465405 0.000000 1.000000 
-29.717527 79.385468 -28.990887 -2.188354 15.462250 0.000000 1.000000 
-33.756783 78.235069 -30.450642 -5.450401 14.715057 0.000000 1.000000 
-29.993355 83.118217 -26.914276 -6.028023 12.213108 0.000000 1.000000 
-29.783195 83.220612 -31.082212 -6.488510 11.883362 0.000000 1.000000 
-31.045475 84.052032 -35.958111 -10.862930 10.328106 0.000000 1.000000 
3.271841 92.477783 -22.902725 -14.543404 8.702812 0.000000 1.000000 
28.186378 120.191711 -25.164589 -10.299667 7.833012 0.000000 1.000000 
53.661411 118.572517 -51.712154 -7.159569 6.213768 0.000000 1.000000 
-52.086727 135.292938 -50.181591 -6.210793 6.588642 0.000000 1.000000 
-23.657507 200.620819 -82.867393 -5.116737 6.575665 0.000000 1.000000 
-34.094578 199.906342 -78.455818 -1.034721 7.163506 0.000000 1.000000 
31.771729 0.959904 9.470900 -6.578781 21.937550 1.000000 1.000000 
158.721451 -8.995931 15.910291 17.604744 19.973518 0.000000 1.000000 
177.869385 63.005447 40.407051 24.145882 16.207027 0.000000 1.000000 
185.118057 67.724510 19.859022 27.547318 22.565386 0.000000 1.000000 
23.136232 18.190630 11.030909 7.434914 23.612051 1.000000 1.000000 
8.933475 56.267811 20.952930 -10.629579 23.277399 0.000000 1.000000 
6.434980 61.850033 19.349588 -15.653969 14.156860 0.000000 1.000000 
6.273857 64.912712 25.721737 -11.974594 12.345772 0.000000 1.000000 
-11.583854 66.536530 16.548170 -16.243484 11.422382 0.000000 1.000000 
31.000875 59.910591 22.471561 -6.774277 13.279552 0.000000 1.000000 
7.829878 70.394318 19.543339 -13.323128 12.374561 0.000000 1.000000 
-35.831020 63.903519 20.554771 -6.947608 10.599552 0.000000 1.000000 
-29.574320 70.617523 23.268009 0.847145 20.656910 0.000000 1.000000 
-29.766285 71.509117 31.567266 -3.729324 17.385963 0.000000 1.000000 
-30.545895 79.661690 27.133627 -5.703934 19.054558 0.000000 1.000000 
36.282990 80.277863 25.285072 -3.326683 14.046577 0.000000 1.000000 
-31.252430 83.549118 29.685659 -5.112411 12.401688 0.000000 1.000000 
-39.876736 82.993721 22.395685 -6.154984 11.779819 1.000000 1.000000 
-37.010109 88.471764 33.661594 -6.403236 10.716034 0.000000 1.000000 
-29.673525 96.498940 41.547169 -8.410797 12.945919 1.000000 1.000000 
-13.122734 103.721947 43.018635 -11.084596 10.866383 1.000000 1.000000 
26.224813 15.164214 4.268897 9.400084 22.445885 1.000000 1.000000 
5.512873 32.087563 7.283053 -25.750687 7.570076 1.000000 1.000000 
3.396968 33.093300 12.571207 -22.990181 10.976639 1.000000 1.000000 
6.823244 38.906082 4.371968 -15.123680 14.901485 1.000000 1.000000 
27.148262 28.946827 15.006673 2.798882 17.112919 1.000000 1.000000 
46.107773 31.267672 12.223437 3.516640 14.731716 1.000000 1.000000 
-66.445938 26.674028 11.219095 7.863129 10.931816 1.000000 1.000000 
-3.230750 213.057343 -5.087050 -2.967377 4.429638 1.000000 1.000000 
-5.024601 213.023346 -7.161831 -3.636032 4.005058 1.000000 1.000000 
-0.334316 -18.495071 5.758276 -3.282700 33.140873 1.000000 1.000000 
0.433239 -18.662418 5.233881 -12.149582 23.538712 1.000000 1.000000 
6.077894 -10.038759 0.878532 -12.288484 28.988626 1.000000 1.000000 
0.352497 -15.878571 3.302065 -0.378426 36.109806 1.000000 1.000000 
-31.212143 95.481537 25.447210 -4.234116 13.286388 0.000000 1.000000 
53.432659 121.712120 19.359962 -7.679314 6.492104 0.000000 1.000000 
21.649799 51.276474 -8.295816 -15.601135 10.526596 0.000000 1.000000 
-31.439140 102.678261 -15.443521 -10.006378 5.676468 0.000000 1.000000 
28.945379 115.426483 -7.272850 -1.320641 12.708790 0.000000 1.000000 
28.911518 115.443451 -7.433824 -1.118011 12.633190 0.000000 1.000000 
29.306009 115.469986 -6.153932 2.595062 16.201000 0.000000 1.000000 
-33.771973 119.162544 -13.198195 -6.652489 7.263378 0.000000 1.000000 
13.754869 133.727112 -3.604854 -8.856088 9.116684 0.000000 1.000000 
60.346226 122.191139 -11.062025 7.282349 14.036957 0.000000 1.000000 
-33.094795 259.137848 -19.482185 2.378922 5.078583 0.000000 1.000000 
-9.100927 -0.346271 0.125915 1.898308 43.030548 1.000000 0.000000 
-9.141186 -0.205761 1.459730 -10.077713 31.277828 0.000000 0.000000 
-8.998124 0.924214 -0.532840 -11.692674 26.677174 1.000000 0.000000 
-9.183785 -0.032888 0.294425 -3.374001 35.113811 1.000000 0.000000 
-9.235534 -0.614687 0.033852 2.868561 40.527489 0.000000 0.000000 
-9.279435 -0.483335 -0.018680 2.126953 40.684544 0.000000 0.000000 
-9.271853 -0.232937 -0.068766 -5.768394 31.265509 0.000000 0.000000 
-9.110854 1.002342 0.084942 -4.220688 32.330177 1.000000 0.000000 
-9.191245 0.647704 -0.514688 -5.860512 29.591717 1.000000 0.000000 
-9.275502 0.146641 -0.008314 -0.247009 37.896332 1.000000 0.000000 
-8.905156 1.836230 -0.001312 -8.595955 28.090117 1.000000 0.000000 
-9.090378 1.223468 -0.031852 -10.581285 26.501219 1.000000 0.000000 
-9.238971 0.540283 -0.508137 -4.552841 30.441444 1.000000 0.000000 
-9.358644 -0.624521 0.318407 -7.397079 35.115742 0.000000 0.000000 
-9.350519 -0.435045 0.339335 -4.382996 35.123093 0.000000 0.000000 
-9.373424 -0.464048 0.080448 -16.817863 24.387138 0.000000 0.000000 
-9.153632 2.200946 -0.039899 -6.862731 27.584499 1.000000 0.000000 
-9.677914 -0.367006 -0.276258 -5.179031 30.690548 0.000000 0.000000 
-8.919043 2.827976 0.308347 -8.074295 26.753891 1.000000 0.000000 
-8.996834 2.656396 0.189177 -9.574646 26.621490 1.000000 0.000000 
-9.550362 1.128020 0.999197 -7.032288 26.860029 1.000000 0.000000 
-9.630629 0.829451 0.646194 -5.379730 28.654339 1.000000 0.000000 
-9.802847 -0.455588 0.461592 -7.477997 31.154287 0.000000 0.000000 
-9.495674 1.570909 1.268590 -1.856964 33.450733 1.000000 0.000000 
-9.575809 1.390908 1.220493 -3.422127 31.851828 1.000000 0.000000 
-8.870663 3.568668 -0.001413 -11.881218 22.859190 1.000000 0.000000 
-9.703811 1.554279 0.948377 0.152451 35.629761 1.000000 0.000000 
-9.803354 1.307710 0.771148 -2.100243 31.494984 1.000000 0.000000 
-9.715799 1.863257 0.564925 0.522476 33.745773 1.000000 0.000000 
-9.683346 2.467810 0.301182 -0.258118 36.519844 1.000000 0.000000 
-9.987883 1.532366 0.949792 -5.998795 29.547832 1.000000 0.000000 
-9.107179 3.908248 0.796038 -9.454216 28.049625 1.000000 0.000000 
-9.798555 2.692702 0.307864 0.888580 36.441971 1.000000 0.000000 
-9.704436 3.047486 0.528830 -2.715691 36.697777 1.000000 0.000000 
-10.141523 2.101096 0.510229 -14.368156 23.212440 1.000000 0.000000 
-10.332655 1.991392 0.650172 -9.150360 28.057884 1.000000 0.000000 
-9.785816 3.531753 0.574929 -8.329506 26.732386 1.000000 0.000000 
-9.882686 3.368623 0.545798 -7.629677 27.895315 1.000000 0.000000 
-9.832354 3.757985 0.554775 -5.823341 27.159351 1.000000 0.000000 
-10.389039 2.434942 0.342954 -0.886864 30.459211 1.000000 0.000000 
-10.306578 2.680033 0.421274 -11.733766 24.121029 1.000000 0.000000 
-9.753732 3.978899 0.594664 -2.510147 32.320362 1.000000 0.000000 
-10.890619 0.518967 -0.283382 -11.627487 25.226107 1.000000 0.000000 
-11.203751 -0.267550 -0.967154 -11.291191 25.271084 0.000000 0.000000 
-10.485091 3.003249 0.366764 2.512650 37.988190 1.000000 0.000000 
-10.700375 2.455047 1.019960 -5.615150 27.880831 0.000000 0.000000 
-10.514996 3.522744 0.465779 -13.331367 22.332794 1.000000 0.000000 
-11.382056 3.281764 0.507855 -15.776962 21.082851 1.000000 0.000000 
-14.501920 -0.464455 -0.271280 -9.474786 29.545500 1.000000 0.000000 
-14.599372 -0.046638 -0.678494 -13.771866 23.367319 1.000000 0.000000 
-14.938917 -0.421524 -0.462739 -10.867929 26.464758 1.000000 0.000000 
-0.070485 13.048859 -0.165309 -21.702576 17.092297 1.000000 0.000000 
0.042718 13.181991 -0.744116 7.509804 47.027168 0.000000 0.000000 
-0.113004 13.264490 -0.036506 -28.057709 16.107826 1.000000 0.000000 
-0.009660 13.481028 0.412358 -26.373322 12.743233 1.000000 0.000000 
-0.182479 14.337798 -0.312618 4.402092 46.134224 0.000000 0.000000 
-0.163993 14.360136 -0.321223 3.843330 42.855091 0.000000 0.000000 
-1.151400 14.401049 -0.156967 -26.264633 14.577202 1.000000 0.000000 
0.051251 14.483225 -0.817788 2.547638 39.930988 0.000000 0.000000 
-0.331225 14.807957 0.017563 -7.580681 34.104244 0.000000 0.000000 
-0.107030 14.838754 0.356106 -6.975510 27.636425 0.000000 0.000000 
-6.545277 16.367245 0.404762 -6.871094 25.834826 0.000000 0.000000 
-3.270671 19.653435 0.165946 -22.492439 9.687557 1.000000 0.000000 
-3.591289 19.650425 0.001401 9.722687 40.650581 1.000000 0.000000 
-3.576670 19.718010 0.291282 4.504616 37.458912 1.000000 0.000000 
-3.286567 19.920372 0.468647 -17.956902 12.153656 1.000000 0.000000 
-3.691157 19.863491 -0.194293 5.995125 37.350403 1.000000 0.000000 
-3.324350 20.425774 -0.387725 -2.515793 28.533127 1.000000 0.000000 
-3.724702 20.370176 -0.248505 -11.400932 21.272324 1.000000 0.000000 
-3.355951 20.456989 -0.409394 -13.523277 18.948406 0.000000 0.000000 
-3.401043 20.537426 0.201900 -11.297905 18.824715 1.000000 0.000000 
-3.678401 20.588465 0.270028 -6.375870 24.217951 1.000000 0.000000 
-3.269133 20.838428 -0.351128 -3.334885 31.507063 1.000000 0.000000 
-3.446183 21.055807 0.119310 -16.527809 15.911716 1.000000 0.000000 
-3.504508 21.239676 0.691697 -1.925713 30.649920 1.000000 0.000000 
-3.607588 21.219719 0.647839 -3.484695 29.605133 1.000000 0.000000 
-4.796846 21.369883 -0.298849 -11.104875 20.615223 1.000000 0.000000 
-4.674748 21.559210 -0.448380 -7.576996 23.628729 1.000000 0.000000 
-3.507326 22.004971 0.325496 -12.618805 20.231529 1.000000 0.000000 
-4.917269 22.018431 -0.493617 -2.411964 26.760387 1.000000 0.000000 
-4.928204 22.216139 -0.527626 3.161789 31.950859 1.000000 0.000000 
-4.496636 22.449785 -0.576537 -12.780084 19.259552 1.000000 0.000000 
-4.699821 22.396664 -0.464436 -21.452614 14.264305 1.000000 0.000000 
-4.355788 22.868225 -0.619554 -14.638428 16.094448 1.000000 0.000000 
-0.031873 23.787870 -0.355633 -15.161186 19.399158 1.000000 0.000000 
-4.842588 23.178272 -0.494260 -6.646629 24.525211 1.000000 0.000000 
0.104570 24.134424 -0.806198 -5.286582 29.625357 0.000000 0.000000 
-0.008700 24.136763 -0.558499 -8.103227 17.403851 1.000000 0.000000 
-4.903266 23.563936 -0.512514 -4.174339 22.460852 1.000000 0.000000 
0.042551 24.300447 -0.147321 -20.217819 13.000011 1.000000 0.000000 
-0.179135 24.374289 -0.415707 -13.460548 17.034016 1.000000 0.000000 
-0.182780 24.523632 -0.283317 -16.450508 15.859138 1.000000 0.000000 
-5.138330 23.851395 -0.597783 -11.914468 18.717331 1.000000 0.000000 
-0.258703 24.707735 -0.667289 -15.927681 17.977165 1.000000 0.000000 
0.413142 24.822725 -0.536596 -2.895020 23.798599 0.000000 0.000000 
0.145811 25.069382 -0.672478 -10.335754 18.177143 1.000000 0.000000 
0.380433 25.453373 -0.562404 24.246872 46.772812 0.000000 0.000000 
0.421089 25.471069 -0.549832 7.684814 31.747482 0.000000 0.000000 
0.391767 25.475077 -0.574787 25.771530 49.574856 0.000000 0.000000 
0.435508 25.476717 -0.635455 13.905190 37.996910 0.000000 0.000000 
0.452172 25.688736 -0.642410 -5.036736 18.789429 0.000000 0.000000 
0.444253 26.126427 -0.632990 1.447487 26.877960 0.000000 0.000000 
0.423563 34.266411 -1.185460 -24.671684 10.756138 1.000000 0.000000 
0.329318 34.672272 -0.056314 -23.041176 9.987614 1.000000 0.000000 
0.172616 34.990875 -1.277655 -13.525970 18.747448 1.000000 0.000000 
0.213043 35.001503 -0.929023 -10.196176 22.590397 1.000000 0.000000 
0.339244 35.388466 0.280005 -19.565544 13.176788 1.000000 0.000000 
0.041505 35.497517 -0.410455 -19.509033 11.157623 1.000000 0.000000 
-0.139064 35.539497 -0.485076 -19.080284 14.524910 1.000000 0.000000 
0.231612 35.875935 -1.020468 -17.751137 15.336250 1.000000 0.000000 
0.178943 35.883358 -0.833198 -20.831726 11.471386 1.000000 0.000000 
-0.289372 36.082153 -0.841237 -12.588876 16.260101 1.000000 0.000000 
-0.105856 36.145664 -0.850852 -11.579553 18.995789 1.000000 0.000000 
-0.008906 36.257118 -1.030518 -14.979637 16.410820 1.000000 0.000000 
-0.310228 36.259541 -0.838016 -11.986038 19.581654 1.000000 0.000000 
0.403676 36.562649 -0.909598 -24.692993 9.237988 1.000000 0.000000 
-13.534911 87.973549 -0.974617 -7.606232 9.961563 1.000000 0.000000 
-13.058609 88.634102 -1.585382 -12.065269 6.420341 1.000000 0.000000 
-14.757480 88.716042 0.561253 -4.570358 15.425068 1.000000 0.000000 
-13.477306 88.923988 1.001424 -18.237518 1.925259 1.000000 0.000000 
-13.255801 89.056557 -0.796505 -2.069458 15.092037 1.000000 0.000000 
-13.545246 89.167076 -0.972567 9.079262 23.444221 1.000000 0.000000 
-13.712476 89.180969 -0.959489 23.490540 36.153595 1.000000 0.000000 
-13.706435 89.259377 -0.935303 6.943779 20.898170 1.000000 0.000000 
-13.025778 89.537346 -0.005304 -13.015106 4.624168 1.000000 0.000000 
-13.149056 89.686432 -1.788734 -6.819756 11.859814 1.000000 0.000000 
-14.635757 89.484016 6.070822 2.688103 19.612156 1.000000 0.000000 
-13.416162 89.705681 -1.894330 11.492981 28.091715 1.000000 0.000000 
-13.423429 89.715385 -0.515975 13.536742 28.979839 1.000000 0.000000 
-13.383889 89.817894 0.352439 -4.890335 11.302650 1.000000 0.000000 
-13.713254 89.855690 -0.341454 3.652451 18.902641 1.000000 0.000000 
-13.343482 89.972992 -0.698607 6.983429 21.627888 1.000000 0.000000 
-13.274718 90.194603 -0.265618 2.333412 21.298027 1.000000 0.000000 
-13.118578 90.324356 -1.065752 -4.299202 11.373680 1.000000 0.000000 
-13.437754 90.415886 0.567879 4.821312 20.581402 1.000000 0.000000 
-13.979608 90.449959 -0.903637 18.092697 30.985821 1.000000 0.000000 
-14.258523 90.462143 1.661159 6.464027 22.030430 1.000000 0.000000 
-13.610911 90.569229 0.677067 6.983635 22.620197 1.000000 0.000000 
-13.389828 90.601479 -0.919845 -9.013046 7.101948 1.000000 0.000000 
-14.038627 90.549774 3.860314 2.519447 19.392643 1.000000 0.000000 
-12.872868 90.770203 -1.207538 -15.959358 6.118000 1.000000 0.000000 
-13.504754 90.687363 -3.336183 1.761925 16.806042 1.000000 0.000000 
-13.224133 90.761101 -0.626847 -11.501648 5.606369 1.000000 0.000000 
-13.430837 90.735863 -0.837812 -3.658592 12.437271 1.000000 0.000000 
-13.253630 90.778351 -0.607767 -3.580910 12.658474 1.000000 0.000000 
-14.200150 90.704720 2.786163 -3.280106 12.862232 1.000000 0.000000 
-13.039836 90.969208 -0.394648 -5.979118 15.267490 1.000000 0.000000 
-13.709990 90.898994 0.060326 -7.134125 11.800472 1.000000 0.000000 
-14.204984 90.898331 -5.493117 -0.512642 17.334454 1.000000 0.000000 
-13.492425 91.034546 -0.991979 -13.615669 3.765114 1.000000 0.000000 
-13.314418 91.134750 -0.627207 -16.227997 2.022755 1.000000 0.000000 
-13.258931 91.273415 0.319682 -15.018829 2.820778 1.000000 0.000000 
-13.774563 91.217377 0.450357 -18.284225 2.058377 1.000000 0.000000 
-13.211864 91.317024 -0.587549 -8.853127 6.561172 1.000000 0.000000 
-13.450942 91.484795 -0.850833 3.787567 20.681782 1.000000 0.000000 
-13.320044 91.523262 -0.858485 0.014397 16.553581 1.000000 0.000000 
-13.456580 91.516624 -0.702983 8.941460 23.367956 1.000000 0.000000 
-13.297511 91.574509 -1.077461 5.709953 22.095509 1.000000 0.000000 
-13.181626 91.634865 -0.559597 -14.348289 5.287746 1.000000 0.000000 
-13.097642 91.887589 -1.077587 -5.126160 13.358379 1.000000 0.000000 
-13.340332 91.876038 -1.306746 -3.422997 13.163185 1.000000 0.000000 
-13.570585 91.916641 -1.285477 -4.704498 13.299992 1.000000 0.000000 
-13.432961 92.220825 -0.911371 3.922035 19.973125 1.000000 0.000000 
-13.729693 92.276871 -1.047961 -11.231683 11.204536 1.000000 0.000000 
-13.017145 92.399445 -0.166930 -5.123375 12.580101 1.000000 0.000000 
-13.167067 92.556419 -1.139894 -2.166412 13.270206 1.000000 0.000000 
-13.166181 92.561424 -1.282946 -20.060585 2.321339 1.000000 0.000000 
-13.176027 92.630447 -1.395502 -2.000679 14.361588 1.000000 0.000000 
-13.053000 92.655586 -0.877158 1.734344 16.382607 1.000000 0.000000 
-13.104715 92.839905 -1.209749 -1.225510 16.239670 1.000000 0.000000 
-12.905992 92.896431 -1.454501 -6.794762 12.128830 1.000000 0.000000 
-13.868494 93.346352 -2.853477 -7.878517 8.953556 1.000000 0.000000 
-13.516251 93.629890 -5.081081 4.559433 21.944660 1.000000 0.000000 
-13.704672 93.608406 5.598843 4.739815 19.308479 1.000000 0.000000 
-14.171865 93.536583 5.062304 1.464172 18.442760 1.000000 0.000000 
-12.316543 93.813660 -2.838887 -3.404770 16.669876 1.000000 0.000000 
-13.664796 93.679077 -1.240923 -15.823036 2.954781 1.000000 0.000000 
-13.965083 93.663147 3.322595 2.142960 15.966957 1.000000 0.000000 
-12.650695 93.899773 -0.692791 1.550179 21.327740 1.000000 0.000000 
-14.044183 93.737984 -3.703525 12.204947 26.672836 1.000000 0.000000 
-13.967209 93.780998 2.968874 21.140862 34.223335 1.000000 0.000000 
-14.707853 93.702896 3.712693 5.632942 21.876190 1.000000 0.000000 
-13.875707 93.967560 5.279427 1.193268 14.316509 1.000000 0.000000 
-13.644423 94.047821 -7.809486 7.145218 23.024197 1.000000 0.000000 
-13.935233 94.029213 -3.754438 12.163132 26.678265 1.000000 0.000000 
-13.966044 94.090706 3.409363 18.328094 31.421993 1.000000 0.000000 
-14.097815 94.082886 3.646439 16.031540 30.241880 1.000000 0.000000 
-14.166812 94.339058 3.464764 0.321968 20.335846 1.000000 0.000000 
-12.502930 94.668556 0.397321 -6.236351 13.517422 1.000000 0.000000 
-13.333795 94.733292 -0.719257 -5.077042 13.024010 1.000000 0.000000 
-13.845924 94.911530 -1.615103 -11.495605 5.361309 1.000000 0.000000 
-14.471015 94.942848 3.745518 10.664856 24.365086 1.000000 0.000000 
-14.048568 95.251495 5.651894 5.996544 20.364487 1.000000 0.000000 
-13.935013 95.312538 5.387570 7.482246 24.045809 1.000000 0.000000 
-13.823169 95.355980 5.710306 -5.474686 11.460457 1.000000 0.000000 
-13.787425 95.363976 5.998846 -1.139214 15.938808 1.000000 0.000000 
-13.559871 95.547722 -1.331549 2.759804 18.088173 1.000000 0.000000 
-13.929489 95.758156 -6.360110 -1.462547 16.296223 1.000000 0.000000 
-13.800609 95.855064 0.139417 7.736824 23.265232 1.000000 0.000000 
-13.721655 95.888763 -0.638724 5.400017 20.950382 1.000000 0.000000 
-13.901147 95.859863 0.000370 6.502739 22.014160 1.000000 0.000000 
-13.282931 96.009209 1.056135 4.366333 20.198608 1.000000 0.000000 
-13.714644 95.981773 -0.299697 8.265556 21.891384 1.000000 0.000000 
-13.528286 96.139038 8.143310 -8.076683 10.095409 1.000000 0.000000 
-13.882893 96.123871 -0.556875 17.238808 29.522823 1.000000 0.000000 
-13.746462 96.202507 -1.156797 2.272842 20.732697 1.000000 0.000000 
-13.792947 96.232986 -1.256443 -15.237015 3.467797 1.000000 0.000000 
-14.124787 96.261803 4.976358 -0.808250 14.083855 1.000000 0.000000 
-13.419326 96.373222 0.267882 4.802811 21.102562 1.000000 0.000000 
-13.652794 96.340729 -1.094560 -8.943130 9.595413 1.000000 0.000000 
-14.071044 96.399467 -0.675846 0.608498 17.078423 1.000000 0.000000 
-13.882664 96.567924 -0.239292 9.625519 24.711485 1.000000 0.000000 
-13.849813 96.615631 -0.949510 12.922501 27.202358 1.000000 0.000000 
-13.841569 96.642815 0.033102 6.589638 20.619965 1.000000 0.000000 
-14.276250 96.629730 -0.474252 -17.737129 2.356545 1.000000 0.000000 
-14.187418 96.778580 5.420196 1.252159 18.265747 1.000000 0.000000 
-14.014446 96.847710 -1.608659 8.132469 21.985340 1.000000 0.000000 
-14.351333 96.891411 5.294382 -14.715218 2.949021 1.000000 0.000000 
-14.259448 96.946831 -0.763378 1.246864 17.963303 1.000000 0.000000 
-13.508939 97.144066 -0.981732 -0.910149 18.907700 1.000000 0.000000 
-13.650592 97.240379 -0.614074 2.078522 17.125412 1.000000 0.000000 
-14.069369 97.303185 -0.850545 4.358459 16.981045 1.000000 0.000000 
-13.053874 97.482834 -2.313196 -1.684280 14.765461 1.000000 0.000000 
-13.782798 97.531921 0.187045 0.120308 17.539948 1.000000 0.000000 
-13.743964 97.546997 0.012387 12.268517 28.605337 1.000000 0.000000 
-13.802251 97.583549 0.248052 9.571312 25.383417 1.000000 0.000000 
-13.342570 97.796295 -0.769588 -16.400795 2.925522 1.000000 0.000000 
-13.863425 97.798912 4.820251 3.168922 17.782394 1.000000 0.000000 
-12.676767 98.131294 -0.087569 -3.850891 13.658092 1.000000 0.000000 
-13.953275 97.976860 1.216932 0.207146 16.456684 1.000000 0.000000 
-13.833337 98.030853 -0.247068 -7.001427 11.923767 1.000000 0.000000 
-14.054081 98.086311 -1.412758 -17.451279 3.053570 1.000000 0.000000 
-14.011249 98.252075 -0.124858 4.765411 21.109947 1.000000 0.000000 
-14.026355 98.270737 -1.247044 -16.955879 2.841908 1.000000 0.000000 
-13.314990 98.409477 -1.975821 3.412079 19.368927 1.000000 0.000000 
-13.335366 98.479523 -0.861686 5.087204 19.315105 1.000000 0.000000 
-13.647604 98.471504 -0.714834 13.931000 27.555733 1.000000 0.000000 
-13.326699 98.532249 -2.775662 5.033585 20.268940 1.000000 0.000000 
-13.418481 98.525604 -0.670106 13.841370 29.064442 1.000000 0.000000 
-13.371229 98.559868 -0.783840 11.541054 26.637562 1.000000 0.000000 
-13.740449 98.796371 -8.564136 0.500870 17.746235 1.000000 0.000000 
-13.245271 98.913269 -0.842571 -0.080017 14.452038 1.000000 0.000000 
-13.509421 98.889153 -1.500277 0.115395 13.833988 1.000000 0.000000 
-13.080274 99.058937 0.132864 -5.423264 10.919495 1.000000 0.000000 
-14.366976 99.075142 -1.672443 -13.144708 6.404270 1.000000 0.000000 
-13.313403 99.294662 -0.207713 8.991585 24.183023 1.000000 0.000000 
-13.746246 99.269737 -1.219970 -8.150331 10.290146 1.000000 0.000000 
-13.401629 99.331757 -0.141551 9.512718 25.344147 1.000000 0.000000 
-13.310194 99.354828 0.222820 -3.397232 13.657837 1.000000 0.000000 
-13.128720 99.492683 0.468298 -4.207031 13.943848 1.000000 0.000000 
-13.605026 99.719803 0.116132 -3.864761 14.057590 1.000000 0.000000 
-13.353015 99.772957 -1.099567 -0.290627 14.478455 1.000000 0.000000 
-13.725692 99.740326 -0.948638 -1.501297 13.922066 1.000000 0.000000 
-13.389729 99.853394 -0.053690 -1.758827 13.480392 1.000000 0.000000 
-13.359040 99.869774 -6.289889 -7.142708 11.383099 1.000000 0.000000 
-13.990914 99.789291 -0.545413 -3.450462 14.505821 1.000000 0.000000 
-13.324655 100.016335 -0.046335 0.161598 15.888668 1.000000 0.000000 
-15.020906 99.865715 -2.327002 -2.861092 18.578865 1.000000 0.000000 
-14.274931 100.137749 -2.704678 -6.691254 11.324139 1.000000 0.000000 
-14.841698 100.292427 2.849124 -16.106941 7.094139 0.000000 0.000000 
-14.440137 100.462440 -1.320473 5.034401 22.505682 1.000000 0.000000 
-13.248630 100.651909 -1.267122 2.504112 20.563339 1.000000 0.000000 
-14.774449 100.440277 0.401900 -2.524910 15.033070 1.000000 0.000000 
-14.479424 100.630264 0.376337 -0.043884 13.546513 1.000000 0.000000 
-14.261013 100.740524 -0.601369 5.640541 20.205608 1.000000 0.000000 
-14.333039 100.747208 -0.381975 -0.166725 15.147884 1.000000 0.000000 
-13.738141 101.007294 -0.625951 -7.521385 11.605274 1.000000 0.000000 
-14.251641 100.950371 -0.663568 5.822266 21.396236 1.000000 0.000000 
-13.849660 101.078178 0.001329 1.405975 17.179409 1.000000 0.000000 
-13.759109 101.123634 -0.035556 -2.059868 14.818798 1.000000 0.000000 
-14.671745 101.106651 0.593052 -12.261848 6.531403 1.000000 0.000000 
-14.337659 101.386993 0.346798 -7.211273 13.567379 1.000000 0.000000 
-14.485294 101.454857 1.513919 0.912704 17.299942 1.000000 0.000000 
-14.801921 101.412773 2.013350 4.817253 20.108562 1.000000 0.000000 
-14.374665 101.484215 1.795209 1.960579 18.861359 1.000000 0.000000 
-13.821641 101.603134 -0.596670 6.768211 21.083965 1.000000 0.000000 
-13.084126 101.793335 -2.309796 1.769905 18.638397 1.000000 0.000000 
-13.375921 101.990974 -0.927497 3.131218 18.973682 1.000000 0.000000 
-13.456420 102.035385 -1.231269 -5.043655 10.910984 1.000000 0.000000 
-13.639332 102.025856 0.080254 -7.676528 7.652107 1.000000 0.000000 
-13.648886 102.049919 -0.865917 -1.676292 14.008972 1.000000 0.000000 
-13.434855 102.128311 0.259539 -16.087570 2.224606 1.000000 0.000000 
-13.144695 102.419601 -1.787079 -1.174217 15.435658 1.000000 0.000000 
-13.403617 102.404312 -2.005332 2.636932 19.234932 1.000000 0.000000 
-13.679540 102.561432 0.253266 3.629837 17.200394 1.000000 0.000000 
-13.515243 102.588272 -0.871895 8.582085 21.792034 1.000000 0.000000 
-13.570181 102.592232 -0.771180 10.588196 23.069988 1.000000 0.000000 
-13.573127 102.679901 -0.380800 0.021904 14.693787 1.000000 0.000000 
-13.446391 102.811462 -1.725524 1.625275 17.233322 1.000000 0.000000 
-13.570171 102.830360 -0.239941 11.875731 26.269672 1.000000 0.000000 
-13.744174 102.903450 -0.739178 -0.597618 12.334076 1.000000 0.000000 
-13.506168 103.161980 -1.075495 6.380928 19.305103 1.000000 0.000000 
-13.756926 103.169113 -0.114110 -12.093324 2.600807 1.000000 0.000000 
-13.383893 103.252525 -1.111324 2.604706 19.444153 1.000000 0.000000 
-13.635450 103.218079 -1.309521 -2.015381 14.061497 1.000000 0.000000 
-12.053674 103.460709 0.565565 -11.981895 8.202114 1.000000 0.000000 
-12.230474 103.620697 -2.502771 -13.565964 6.704163 1.000000 0.000000 
-11.442396 103.742989 -2.916268 -14.776161 6.995865 1.000000 0.000000 
-13.730359 103.530586 -0.559683 7.152237 21.787457 1.000000 0.000000 
-13.348340 103.779572 0.889545 -8.431587 6.721359 1.000000 0.000000 
-13.781322 103.798454 0.033597 -14.282684 4.657784 1.000000 0.000000 
-13.195878 103.922386 0.997126 -7.782585 8.841583 1.000000 0.000000 
-13.830171 103.855820 -1.954714 -9.601251 7.653347 1.000000 0.000000 
-13.564995 104.047165 0.756255 -5.645217 9.558880 1.000000 0.000000 
-13.659851 104.096039 -0.153543 -5.415161 10.966518 1.000000 0.000000 
-13.826678 104.073639 -0.157865 -10.741754 7.593319 1.000000 0.000000 
-13.798862 104.112411 -0.037040 -10.394341 8.356255 1.000000 0.000000 
-14.321882 104.673103 -0.495623 -12.767990 5.584171 1.000000 0.000000 
-13.917635 105.026840 -0.674841 -16.031837 5.463177 1.000000 0.000000 
-14.014720 105.218468 -1.191748 -14.777138 3.731945 1.000000 0.000000 
-6.016882 -0.962331 -0.802082 2.832497 54.349457 0.000000 0.000000 
-6.010410 -0.182088 -0.847127 -23.099533 27.073118 0.000000 0.000000 
-6.070594 -0.956969 -0.782039 -2.717323 51.520153 0.000000 0.000000 
-6.487268 -1.131175 0.026231 -19.116882 30.105988 0.000000 0.000000 
-6.320033 0.704205 -0.370661 -16.681290 31.156143 0.000000 0.000000 
-6.536454 -0.543146 0.061906 -14.714878 35.741543 0.000000 0.000000 
-6.553275 -0.959510 -0.157322 -13.972504 38.788651 0.000000 0.000000 
-6.051865 1.553792 -0.495990 -20.750999 26.800694 0.000000 0.000000 
-6.187232 1.260779 -0.659299 -20.972153 24.973911 0.000000 0.000000 
-6.307003 1.014989 -0.452652 -19.523460 25.534519 0.000000 0.000000 
-6.633504 0.370048 -0.068332 -9.104961 38.312946 0.000000 0.000000 
-6.859212 -1.188909 -0.551317 -17.686668 35.566654 0.000000 0.000000 
-6.466796 1.373092 -0.351790 -16.792328 31.889353 0.000000 0.000000 
-6.463745 1.489589 0.114303 -24.690472 25.186689 0.000000 0.000000 
-6.902091 -1.731996 -0.170978 -19.237572 34.654335 0.000000 0.000000 
-6.978072 -0.411705 -0.045311 -15.847378 33.731998 0.000000 0.000000 
-7.001503 -0.892214 0.212947 -11.529949 37.880302 0.000000 0.000000 
-6.999203 -1.397206 0.348633 -19.544807 29.717407 0.000000 0.000000 
-7.030455 -0.032892 0.102495 -13.058824 32.892654 0.000000 0.000000 
-6.942057 0.588876 0.115365 -17.782806 29.690104 0.000000 0.000000 
-6.637111 1.816290 0.080233 -18.045715 28.756208 0.000000 0.000000 
-6.374755 2.331122 -0.217377 -25.210735 22.697508 0.000000 0.000000 
-6.561848 2.054507 -0.122466 -16.609890 30.621647 0.000000 0.000000 
-7.029422 0.857569 0.023195 -13.746403 31.516476 0.000000 0.000000 
-7.406102 -1.554808 0.007077 -22.659615 24.876598 0.000000 0.000000 
-7.393685 -0.080961 0.012616 -18.354271 27.357170 0.000000 0.000000 
-7.318575 -2.312387 -0.158014 -13.716366 32.713734 0.000000 0.000000 
-7.291209 -2.710032 0.055208 -25.549828 23.974085 0.000000 0.000000 
-6.819963 -3.947404 0.317700 -17.617363 32.550888 0.000000 0.000000 
-7.059133 1.740719 -0.028884 -17.598289 28.117649 0.000000 0.000000 
-6.920137 -3.980394 -0.221808 -10.727165 35.035622 0.000000 0.000000 
-6.682615 2.643539 0.925862 -17.195450 28.471794 0.000000 0.000000 
-7.046643 2.530533 -0.601832 -17.538811 30.110596 0.000000 0.000000 
-7.322382 1.975055 0.158327 -19.350647 28.686945 0.000000 0.000000 
-6.895899 -4.629902 -0.482953 -20.503845 26.434381 0.000000 0.000000 
-6.509086 -5.258513 0.060030 -16.838974 30.534170 0.000000 0.000000 
-7.952947 -0.561718 -1.840241 -22.050385 26.252701 0.000000 0.000000 
-7.380489 2.153152 -0.153873 -18.915665 31.445837 0.000000 0.000000 
-6.587725 -5.425145 -0.000806 -22.742584 30.619658 0.000000 0.000000 
-7.118315 -4.716118 -0.047636 -19.071236 28.923712 0.000000 0.000000 
-7.468018 2.267998 -0.123419 -15.038963 33.339359 0.000000 0.000000 
-7.450583 2.740564 -0.228947 -20.726326 24.715349 0.000000 0.000000 
-7.066638 -5.272692 -0.195153 -12.691101 34.815601 0.000000 0.000000 
-7.158747 -5.335157 -0.112720 -17.860603 30.068707 0.000000 0.000000 
-6.775364 -5.931289 0.152275 -21.315826 25.237524 0.000000 0.000000 
-6.360698 -6.585128 -2.009536 -19.537865 28.496511 0.000000 0.000000 
-7.055907 -6.053065 0.215786 -17.276421 28.621511 0.000000 0.000000 
-6.659920 -6.547142 -1.559008 -14.626015 25.372219 0.000000 0.000000 
-6.816077 -6.687810 0.200517 -14.990143 28.399885 0.000000 0.000000 
-6.595596 -7.054997 -0.249186 -15.658073 25.745993 0.000000 0.000000 
-6.844173 -6.870031 0.287619 -14.085724 23.651550 0.000000 0.000000 
-6.958902 -7.231473 -0.382559 -14.602463 26.550177 0.000000 0.000000 
-6.659486 -7.550784 -1.525074 -12.438600 21.498241 0.000000 0.000000 
-6.501250 -8.401834 -0.360831 -9.533134 23.444300 0.000000 0.000000 
-6.840742 -8.244983 0.112814 -11.212029 24.805878 0.000000 0.000000 
-6.617817 -8.526148 -0.092940 -8.487817 27.192490 0.000000 0.000000 
-6.813613 -8.894007 -0.392135 -11.752824 26.773689 0.000000 0.000000 
-6.650935 -9.309436 -0.251360 -15.611076 22.460062 0.000000 0.000000 
-6.620944 -9.612522 0.230373 -5.859703 31.490864 0.000000 0.000000 
-6.642851 -10.169737 -0.245845 -4.248894 28.498085 0.000000 0.000000 
-6.649657 -10.258737 -0.089965 -6.524353 25.727098 0.000000 0.000000 
-6.735103 -10.382687 -1.012717 -9.035645 24.699898 0.000000 0.000000 
-6.530489 -10.768643 -0.063238 -12.339325 20.501095 0.000000 0.000000 
-6.217031 -10.948611 -0.008743 -15.731796 21.563801 0.000000 0.000000 
-6.477743 -10.816287 -0.354087 -9.720161 25.530111 0.000000 0.000000 
-6.822243 -10.874450 0.445865 -13.898643 21.097286 0.000000 0.000000 
-6.730539 -11.067595 -0.220202 -12.499931 19.736713 0.000000 0.000000 
-6.640394 -11.267369 -0.059713 -11.991226 21.264591 0.000000 0.000000 
-6.510107 -11.630253 -0.756962 -12.884697 23.607086 0.000000 0.000000 
-6.631169 -11.936057 -0.564754 -12.228471 24.455769 0.000000 0.000000 
-6.416349 -12.232029 -0.614825 -14.287750 23.362808 0.000000 0.000000 
-6.475667 -12.465983 -1.276412 -12.562057 24.742014 0.000000 0.000000 
-6.463606 -12.672919 0.467765 -11.715187 26.345081 0.000000 0.000000 
-6.323711 -12.746013 -0.549003 -14.065887 24.925484 0.000000 0.000000 
-6.700460 -12.859116 1.545871 -14.556282 24.329449 0.000000 0.000000 
-6.673910 -12.998129 -0.890271 -7.663940 29.357500 0.000000 0.000000 
-6.817151 -13.033958 0.923430 -15.432220 25.671328 0.000000 0.000000 
-6.443922 -13.463532 0.023785 -5.018288 30.903215 0.000000 0.000000 
-6.601356 -14.173586 -0.114209 -13.007225 20.728798 0.000000 0.000000 
-6.372460 -14.774400 -0.315155 -9.745033 23.787384 0.000000 0.000000 
-6.297791 -15.321552 -1.581943 -8.612451 24.175226 0.000000 0.000000 
-6.481626 -15.939487 -0.932525 -9.994699 22.361403 0.000000 0.000000 
-6.753250 -16.122061 0.441522 -7.516090 25.692549 0.000000 0.000000 
-6.250097 -16.508038 0.095011 -11.881294 21.607475 0.000000 0.000000 
-6.368346 -16.539946 -2.482457 -12.963417 25.755465 0.000000 0.000000 
-6.361010 -16.715364 0.746219 -13.634407 24.370560 0.000000 0.000000 
-6.444287 -17.083668 -0.273788 -14.616882 19.529530 0.000000 0.000000 
-6.293753 -17.188908 0.206975 -10.288452 21.464157 0.000000 0.000000 
-18.250219 -1.253971 0.050767 7.497940 41.681900 0.000000 0.000000 
-18.277140 -1.978928 -0.225911 4.984756 39.058315 0.000000 0.000000 
-6.755427 -17.646263 -0.739488 -9.830978 22.922150 0.000000 0.000000 
-18.653973 -1.468859 3.590768 -8.019569 28.061008 0.000000 0.000000 
-18.588661 -3.009833 -0.669928 -2.496590 30.963335 0.000000 0.000000 
-6.467391 -17.975601 0.045276 -10.224931 24.014301 0.000000 0.000000 
-18.644184 -2.517412 -0.429012 -10.729669 25.278282 0.000000 0.000000 
-6.558152 -18.696930 -1.390742 -7.783234 26.214329 0.000000 0.000000 
-6.411542 -18.867157 -0.555218 -10.511064 23.211197 0.000000 0.000000 
-6.396882 -19.213634 -0.586959 -13.825714 23.897839 0.000000 0.000000 
-18.275763 -8.777927 1.172088 -9.398660 22.223518 0.000000 0.000000 
-18.589758 -8.487000 -0.013774 -9.741554 20.942417 0.000000 0.000000 
-18.895445 -8.347860 1.021841 -7.135712 25.150223 0.000000 0.000000 
-20.318413 -2.191360 -0.618355 -12.323892 21.919689 0.000000 0.000000 
-20.342737 -1.748580 -0.001749 -14.173042 24.353563 0.000000 0.000000 
-6.622662 -19.700562 -0.545569 -12.000572 21.150948 0.000000 0.000000 
-18.780191 -8.741786 -0.166105 -3.830009 25.984861 0.000000 0.000000 
-19.019258 -8.656179 -0.654536 -4.704460 25.486925 0.000000 0.000000 
-6.559386 -19.951904 -0.711330 -12.916078 19.677147 0.000000 0.000000 
-19.337898 -8.526264 0.450484 -7.890244 23.344673 0.000000 0.000000 
-18.025839 -11.665737 -0.645498 -0.877182 30.074055 0.000000 0.000000 
-19.706608 -8.372853 1.023464 -4.206505 26.258457 0.000000 0.000000 
-18.602381 -10.950686 -0.862711 -6.364913 25.387592 0.000000 0.000000 
-18.349815 -11.394510 -0.760202 -4.004669 26.925413 0.000000 0.000000 
-18.453394 -11.360597 -0.921214 2.328819 34.632023 0.000000 0.000000 
-19.984196 -8.531155 1.461568 -3.972923 26.801338 0.000000 0.000000 
-18.439695 -11.822521 -0.637681 -5.448097 25.382978 0.000000 0.000000 
-20.113049 -8.519793 1.128284 2.175156 31.135075 0.000000 0.000000 
-18.518312 -11.779080 -0.785499 1.248032 31.557653 0.000000 0.000000 
-17.940638 -13.385167 -0.472396 -8.765640 22.116093 0.000000 0.000000 
-6.355511 -22.177933 -0.081172 -1.449944 27.663774 0.000000 0.000000 
-22.646971 -7.573815 -0.861826 -6.503571 22.638121 0.000000 0.000000 
-20.070152 -13.221889 2.635676 -7.011543 22.165886 0.000000 0.000000 
-6.125391 -24.068039 -0.614764 -8.407640 20.145741 0.000000 0.000000 
-6.433770 -24.086914 -0.915087 -10.965692 19.011086 0.000000 0.000000 
-21.758141 -12.638582 1.623039 -10.001823 18.992722 0.000000 0.000000 
-23.732334 -8.125395 1.437829 -8.510582 22.490833 0.000000 0.000000 
-23.656120 -8.524033 1.411703 -4.166214 24.962242 0.000000 0.000000 
-20.925243 -14.826739 1.960191 -11.491998 21.177589 0.000000 0.000000 
-7.174760 -24.854771 -2.300634 -7.097724 21.919025 0.000000 0.000000 
-6.781914 -27.381695 -1.601284 -11.210481 18.816895 0.000000 0.000000 
-6.490146 -27.473083 -1.763200 -9.577072 18.881725 0.000000 0.000000 
-6.461504 -27.700912 0.599718 -9.169075 18.406384 0.000000 0.000000 
-6.141419 -27.845592 0.653692 -7.910561 20.217506 0.000000 0.000000 
-27.287086 -8.370796 2.728125 -9.743652 21.638500 0.000000 0.000000 
-6.638566 -27.892490 0.126427 -12.046243 18.367867 0.000000 0.000000 
-6.290369 -28.689255 -1.980889 -5.960617 19.721245 0.000000 0.000000 
-5.999269 -28.785576 -0.268077 -9.988739 20.491901 0.000000 0.000000 
-19.665386 -22.308098 1.313836 -9.001634 18.964825 0.000000 0.000000 
-19.551760 -22.486732 1.516064 -4.660591 20.799068 0.000000 0.000000 
-23.117403 -18.754654 3.204487 -3.890999 22.971933 0.000000 0.000000 
-20.813324 -21.839226 2.115833 1.928368 29.528362 0.000000 0.000000 
-29.549250 -4.848566 2.183595 -2.373482 26.152863 0.000000 0.000000 
-29.781542 -5.715147 2.521380 -4.750580 24.222929 0.000000 0.000000 
-6.336524 -29.877743 -1.469836 -5.765205 22.539391 0.000000 0.000000 
-20.323624 -22.946156 2.537328 -2.530449 23.578703 0.000000 0.000000 
-6.214086 -29.936012 -0.588981 -8.006767 22.559155 0.000000 0.000000 
-20.538824 -23.042080 2.277236 0.122765 25.842459 0.000000 0.000000 
-19.793251 -24.300041 0.546259 -7.897758 19.980476 0.000000 0.000000 
-21.062340 -25.361450 2.206959 -7.134445 20.828949 0.000000 0.000000 
-20.987652 -25.581867 2.152100 -4.358452 22.200417 0.000000 0.000000 
-20.909586 -25.816124 1.706220 -3.209610 20.517902 0.000000 0.000000 
-20.285542 -26.608086 2.827352 -3.355431 21.278164 0.000000 0.000000 
-20.606274 -26.439278 3.274121 -2.499512 20.407360 0.000000 0.000000 
-21.097921 -26.864330 2.401727 4.995338 27.687126 0.000000 0.000000 
-21.348204 -26.819393 2.862131 0.281273 23.848364 0.000000 0.000000 
-21.038260 -47.219460 3.727696 -1.052582 19.539265 0.000000 0.000000 
-22.132353 -51.563961 4.807982 0.071556 18.456676 0.000000 0.000000 
-6.546345 -12.118561 -1.635429 -3.770264 26.756084 0.000000 0.000000 
-5.771461 -12.602984 -0.605065 -7.672401 25.732365 0.000000 0.000000 
-5.761165 -13.123856 -0.688331 -9.722955 25.238752 0.000000 0.000000 
-6.229729 -12.886370 -0.004202 -8.245369 24.492546 0.000000 0.000000 
-6.501323 -13.004682 -0.120013 -4.660217 26.346405 0.000000 0.000000 
-7.068883 -13.019544 1.287944 -1.112038 22.997400 0.000000 0.000000 
-6.637494 -14.521719 -1.088338 -3.348160 27.461088 0.000000 0.000000 
-7.087849 -14.587002 -0.017017 -4.483421 23.919127 0.000000 0.000000 
-6.988400 -14.916446 -1.307200 -3.810959 25.506783 0.000000 0.000000 
-6.310226 -15.796468 -0.272459 -11.922853 22.216957 0.000000 0.000000 
-6.653818 -16.165188 -0.670487 -6.292465 25.061909 0.000000 0.000000 
-7.324291 -16.130650 -0.139602 -5.283432 23.710682 0.000000 0.000000 
-6.952558 -16.436926 -1.563806 -3.999252 27.088526 0.000000 0.000000 
-6.247337 -17.058266 0.941829 -7.303902 24.732933 0.000000 0.000000 
-6.630443 -17.131069 -1.242187 -9.263818 22.610023 0.000000 0.000000 
-7.560428 -16.960827 -0.498902 -6.845230 23.275671 0.000000 0.000000 
-6.226521 -17.811913 -0.668694 -2.682503 27.084732 0.000000 0.000000 
-6.499029 -17.854256 -0.024440 -5.126915 25.143887 0.000000 0.000000 
-7.103217 -17.692013 -1.665385 -10.408401 20.810795 0.000000 0.000000 
-6.465133 -18.732502 -0.244779 0.091927 30.447865 0.000000 0.000000 
-6.554246 -18.762749 -0.011886 -4.534515 24.632826 0.000000 0.000000 
-6.657885 -19.147823 -1.004245 -6.046173 24.408554 0.000000 0.000000 
-7.042242 -18.994900 -0.304933 2.286331 32.745506 0.000000 0.000000 
-7.466567 -19.247993 -0.845204 -5.931571 23.213337 0.000000 0.000000 
-6.715268 -20.006435 -0.666475 -3.876358 25.284422 0.000000 0.000000 
-6.479006 -20.193592 0.178365 -4.387833 24.117561 0.000000 0.000000 
-6.793221 -20.152271 -2.016913 -8.290321 21.172691 0.000000 0.000000 
-6.737774 -20.369404 -0.148112 -5.878593 24.311436 0.000000 0.000000 
-6.416410 -21.003204 1.007534 -6.280228 22.676279 0.000000 0.000000 
-7.140457 -20.772770 0.459538 -5.151695 23.610239 0.000000 0.000000 
-6.715939 -21.649086 0.653913 -5.317101 23.405048 0.000000 0.000000 
-6.465077 -22.002693 -0.214641 -8.047874 21.903839 0.000000 0.000000 
-6.560465 -22.183128 1.567811 1.630058 28.894222 0.000000 0.000000 
-6.904871 -22.147758 1.824923 -2.525040 26.376295 0.000000 0.000000 
-6.898466 -22.737415 1.275965 -3.173615 23.003550 0.000000 0.000000 
-6.699385 -22.808075 1.870481 -5.360558 22.311836 0.000000 0.000000 
-5.798321 -23.906750 -1.398053 -2.685699 24.044960 0.000000 0.000000 
-6.907044 -23.695469 -1.075132 -9.664436 20.213337 0.000000 0.000000 
-6.359130 -24.035412 -1.505226 -5.734879 23.600084 0.000000 0.000000 
-6.237684 -28.648109 -0.451752 -3.840118 22.784309 0.000000 0.000000 
-6.157028 -28.785320 0.684753 0.034660 25.556211 0.000000 0.000000 
-6.890222 -40.003925 -0.406415 6.076164 24.070286 0.000000 0.000000 
-6.893993 -40.105431 -0.203433 2.321426 20.485626 0.000000 0.000000 
-7.497663 -40.072296 0.924540 1.845688 22.389233 0.000000 0.000000 
-6.944480 -40.329502 0.554404 5.964920 25.630701 0.000000 0.000000 
-19.529150 -45.302891 1.007697 0.319260 18.568909 0.000000 0.000000 
-19.520441 -45.583878 2.851460 5.645721 21.672173 0.000000 0.000000 
-20.220905 -45.284931 3.452995 1.515999 17.046486 0.000000 0.000000 
-20.880564 -45.870972 4.496117 -0.018250 17.224037 0.000000 0.000000 
-23.844158 -45.160069 3.367030 4.456680 16.949421 0.000000 0.000000 
-5.948720 6.617616 -0.244416 -20.662498 10.677410 0.000000 0.000000 
-6.143220 8.218835 -0.354258 -20.957352 13.347950 0.000000 0.000000 
-6.626294 8.198944 0.092191 -12.151521 17.666866 0.000000 0.000000 
-6.783980 8.730801 0.178581 -17.022736 13.581318 0.000000 0.000000 
8.564009 -16.863314 0.135876 -7.987633 21.291454 0.000000 0.000000 
7.286794 -5.868913 -0.039630 -7.460541 36.109741 0.000000 0.000000 
7.325862 -5.849059 0.178377 3.209740 42.686405 0.000000 0.000000 
7.966991 -7.428503 -0.241631 -15.683563 25.018961 0.000000 0.000000 
8.493660 -6.926152 -0.278393 -13.874329 28.605364 0.000000 0.000000 
8.635119 -7.448580 -0.398696 -11.947511 28.098068 0.000000 0.000000 
8.416514 -8.247591 -0.660107 -16.138947 26.879482 0.000000 0.000000 
8.747005 -8.628179 -0.691283 -10.604126 30.520947 0.000000 0.000000 
8.626835 -8.771567 -0.011775 -5.048241 32.520351 0.000000 0.000000 
8.129608 -10.776854 -0.038068 -18.673790 21.179337 0.000000 0.000000 
8.384629 -11.242622 0.668519 -16.425476 21.972141 0.000000 0.000000 
8.141091 -11.679800 -0.332386 -4.987816 30.671919 0.000000 0.000000 
9.429401 -24.046703 -1.212006 -7.875549 19.854031 0.000000 0.000000 
7.802378 -24.853012 -0.977258 -2.293922 26.774218 0.000000 0.000000 
7.856548 -32.352589 -0.197093 11.806679 36.198116 0.000000 0.000000 
7.960639 -32.532459 0.155040 10.342690 35.411694 0.000000 0.000000 
8.941223 -32.500854 0.563306 -2.912086 21.095676 0.000000 0.000000 
9.818246 -36.166542 -1.633769 -4.872398 17.964317 0.000000 0.000000 
10.152852 -36.296726 2.593140 -3.506180 18.171093 0.000000 0.000000 
8.825459 -37.168514 -1.786409 -1.720512 21.475471 0.000000 0.000000 
2.093239 -38.999699 7.100940 -1.948151 23.942251 0.000000 0.000000 
11.270113 -37.406067 -2.068828 -0.631378 21.082806 0.000000 0.000000 
10.726918 -37.810207 3.421174 -0.246559 20.042686 0.000000 0.000000 
8.613541 -38.656986 0.178635 18.517899 40.670174 0.000000 0.000000 
8.504394 -38.743225 0.208184 15.286827 38.330734 0.000000 0.000000 
9.034495 -42.417179 -0.507793 -4.689552 18.997326 0.000000 0.000000 
8.203164 -42.917358 -0.416579 -4.990814 18.457630 0.000000 0.000000 
8.811692 -42.800392 -0.129825 -3.075172 19.358826 0.000000 0.000000 
8.648739 -42.921749 1.824984 -1.791809 22.833204 0.000000 0.000000 
10.910707 -45.833889 1.818073 -2.158089 17.106976 0.000000 0.000000 
7.616557 -46.786915 2.761276 -2.031662 18.440414 0.000000 0.000000 
7.715952 -46.918434 -0.660903 -3.554237 17.909023 0.000000 0.000000 
9.551147 -46.610291 0.518953 -4.799194 18.063751 0.000000 0.000000 
9.948785 -48.219303 2.845356 0.601715 19.076233 0.000000 0.000000 
9.215824 -49.345638 0.691801 -4.686867 16.994232 0.000000 0.000000 
12.263951 -26.550571 -0.283862 5.995209 33.566345 0.000000 0.000000 
12.080516 -26.786537 -0.241272 9.318108 34.559452 0.000000 0.000000 
8.143229 -30.201744 2.829886 -5.955544 21.272133 0.000000 0.000000 
9.889644 -30.908947 0.278004 -4.374130 24.403496 0.000000 0.000000 
8.304059 -33.225975 -0.970308 0.166039 23.163435 0.000000 0.000000 
8.104448 -33.314335 -0.679076 -1.764992 22.413048 0.000000 0.000000 
7.786792 -34.163643 -1.273857 -5.439292 18.743130 0.000000 0.000000 
7.635612 -34.299019 -0.961808 -1.855637 20.831852 0.000000 0.000000 
7.367621 -34.922195 -0.446218 0.739136 23.750778 0.000000 0.000000 
7.525804 -35.057751 -0.522226 0.498047 22.359037 0.000000 0.000000 
6.829438 -35.502831 -0.162042 -2.686333 23.236687 0.000000 0.000000 
7.197268 -35.661160 1.460880 -1.621025 22.102730 0.000000 0.000000 
7.781920 -35.808178 0.064840 -4.175224 21.761806 0.000000 0.000000 
7.170117 -36.015545 0.458417 -2.931282 20.109764 0.000000 0.000000 
10.043361 -37.754467 3.317446 -2.610176 19.416229 0.000000 0.000000 
9.891916 -37.893288 2.461033 0.442177 20.994339 0.000000 0.000000 
3.958861 -38.970486 5.341330 -2.592537 21.118126 0.000000 0.000000 
9.052298 -38.545128 0.610539 3.395180 23.548763 0.000000 0.000000 
6.362119 -39.351524 3.437031 -1.552124 20.971210 0.000000 0.000000 
7.109712 -49.196346 -0.340207 3.530106 22.343170 0.000000 0.000000 
8.125566 -49.533516 -0.369033 -1.678101 19.341114 0.000000 0.000000 
7.709016 -49.625809 -1.247461 0.483658 19.300426 0.000000 0.000000 
7.645800 -62.626190 -0.008985 0.668739 18.166332 0.000000 0.000000 
7.420677 -66.967690 -1.086571 3.087463 18.593418 0.000000 0.000000 
-0.057080 -15.256412 0.408878 11.871727 45.348400 1.000000 0.000000 
-0.116461 -15.431717 -0.071014 9.466377 44.083286 1.000000 0.000000 
-0.049961 -15.647337 -0.304682 6.203918 40.408684 1.000000 0.000000 
-0.153634 -15.669462 -0.321255 5.831215 40.785126 1.000000 0.000000 
-0.640709 -15.903105 0.250728 3.736977 39.750462 1.000000 0.000000 
-0.225042 -16.514484 -1.093377 -15.356804 21.702229 1.000000 0.000000 
0.965128 -17.653172 -0.538196 -13.462662 21.595314 1.000000 0.000000 
0.794602 -17.774143 -0.991575 -15.652054 20.768707 1.000000 0.000000 
0.040891 -14.631722 -1.372881 -6.851906 29.106720 1.000000 0.000000 
0.069038 -15.257979 -2.333801 -3.872643 27.218948 1.000000 0.000000 
-0.229639 -15.413202 -0.900017 8.088257 41.691986 1.000000 0.000000 
0.808908 -15.680197 -0.727796 0.812897 36.651646 1.000000 0.000000 
-0.596641 -16.028168 -0.387401 -13.241295 21.527237 1.000000 0.000000 
0.590591 -16.084476 -0.534915 -13.136833 23.631315 1.000000 0.000000 
-0.786773 -16.845146 -0.531737 -11.605447 23.964310 1.000000 0.000000 
0.057754 -17.062275 -0.456665 -11.170114 24.224234 1.000000 0.000000 
0.437850 -17.777599 -1.222471 -11.137376 23.826462 1.000000 0.000000 
2.505233 -5.807473 0.009862 -5.031181 36.437691 0.000000 0.000000 
2.407567 -5.879487 0.031083 -8.508653 36.388916 0.000000 0.000000 
2.378887 -6.166003 0.030696 -9.919641 34.908363 0.000000 0.000000 
2.417287 -6.207968 -0.056961 -9.207855 35.149380 0.000000 0.000000 
2.317639 -6.465764 -0.034208 -12.308975 33.050976 0.000000 0.000000 
2.547068 -6.599848 0.009060 -9.629173 32.908169 0.000000 0.000000 
2.355828 -6.717117 0.167304 -11.692081 33.877125 0.000000 0.000000 
2.384460 -6.734097 -0.125068 -11.060646 33.121868 0.000000 0.000000 
2.378757 -6.955868 0.094408 -1.965061 42.269562 0.000000 0.000000 
2.353183 -7.147356 -0.177599 -5.016373 40.453659 0.000000 0.000000 
2.349698 -7.226457 -0.149946 -12.097080 34.037086 0.000000 0.000000 
2.277452 -7.528886 -0.186607 -14.215591 31.511570 0.000000 0.000000 
2.253412 -7.671394 -0.028670 -11.375801 33.862049 0.000000 0.000000 
2.363870 -7.764755 -0.120776 -9.904556 36.094925 0.000000 0.000000 
2.334882 -8.017733 -0.238047 -10.090173 34.996521 0.000000 0.000000 
2.217361 -8.126801 -0.031500 -6.242729 37.236931 0.000000 0.000000 
2.130130 -8.266823 -0.241931 -18.747284 22.015728 0.000000 0.000000 
2.238216 -8.309177 -0.135125 -10.328888 34.295616 0.000000 0.000000 
2.225841 -8.566544 0.055399 -10.959587 32.348923 0.000000 0.000000 
2.147519 -8.846165 -0.137421 -1.818573 36.446251 0.000000 0.000000 
2.197770 -9.014804 -0.020516 -5.616928 28.435934 0.000000 0.000000 
2.356484 -0.840542 0.048372 -11.800190 48.186260 0.000000 0.000000 
2.463717 -1.224770 -0.000922 -29.353947 30.849121 0.000000 0.000000 
2.515232 -0.714042 0.056357 -6.688133 52.469460 0.000000 0.000000 
2.545702 -0.973636 0.005351 -12.274433 48.733383 0.000000 0.000000 
2.538285 -1.104510 0.033398 -25.218201 35.407051 0.000000 0.000000 
2.521698 -1.251438 -0.030478 -27.856846 34.752941 0.000000 0.000000 
2.493212 -1.383907 -0.024656 -30.804646 29.457165 0.000000 0.000000 
2.423819 -0.157808 0.027735 -24.724377 33.473297 0.000000 0.000000 
2.544238 -0.420796 0.041876 -27.624928 26.249332 0.000000 0.000000 
2.581748 -1.380591 0.034957 -25.910740 30.155293 0.000000 0.000000 
2.602372 -1.528319 -0.001222 -27.893826 25.637180 0.000000 0.000000 
2.543839 -0.078034 0.006294 -25.014198 31.369122 0.000000 0.000000 
2.520934 -1.780639 0.035777 -30.969894 24.252300 0.000000 0.000000 
2.468329 -1.901655 0.014120 -27.386623 28.614716 0.000000 0.000000 
2.420960 -1.986412 0.048746 -28.259102 25.699451 0.000000 0.000000 
2.528396 -1.804645 -0.053942 -33.469791 29.864498 0.000000 0.000000 
2.508167 -1.945695 -0.046871 -30.533794 32.389000 0.000000 0.000000 
2.483356 0.210132 0.103773 -31.924229 28.970451 0.000000 0.000000 
2.441175 -2.131770 0.002444 -32.207809 30.682905 0.000000 0.000000 
2.453684 -2.435838 -0.028144 -24.138664 39.204350 0.000000 0.000000 
2.542033 -2.489081 -0.034418 -25.257431 34.250072 0.000000 0.000000 
2.407566 -2.674285 0.022320 -26.633656 31.936409 0.000000 0.000000 
2.438768 -2.790706 0.030993 -10.799183 51.012959 0.000000 0.000000 
2.507416 -3.032264 0.072965 -16.894329 43.192287 0.000000 0.000000 
2.538952 -3.025699 0.099292 -9.194467 47.314434 0.000000 0.000000 
2.417706 -3.221484 0.019559 -19.557392 34.675049 0.000000 0.000000 
2.462950 -3.371813 -0.073442 -21.204723 36.554901 0.000000 0.000000 
2.511730 -3.551761 -0.057738 -24.139141 30.481966 0.000000 0.000000 
2.503233 -3.611721 0.021748 -26.829220 31.946487 0.000000 0.000000 
2.441604 -3.669086 0.010054 -19.634037 34.662060 0.000000 0.000000 
2.496019 -3.907503 -0.026046 -21.659046 33.818138 0.000000 0.000000 
2.476569 -4.114903 0.097821 -16.445301 36.860619 0.000000 0.000000 
2.420627 -4.217428 -0.165805 -25.296368 34.279427 0.000000 0.000000 
2.430984 -4.482531 -0.122926 -19.291470 37.357594 0.000000 0.000000 
2.467080 -4.583883 -0.041337 -19.022221 34.535110 0.000000 0.000000 
2.435607 -4.712830 -0.031092 -19.297474 37.459362 0.000000 0.000000 
2.579709 -4.911423 -0.555889 -32.002735 32.334427 0.000000 0.000000 
2.366180 -5.026742 -0.338124 -20.569454 32.395561 0.000000 0.000000 
2.493488 -5.008383 -0.471851 -15.415478 35.682083 0.000000 0.000000 
2.423047 -5.226488 0.046094 -12.748924 35.269886 0.000000 0.000000 
2.462985 -5.227238 -0.062718 -15.556599 35.432373 0.000000 0.000000 
2.414465 -5.410950 -0.054631 -15.302135 30.347614 0.000000 0.000000 
2.390663 -5.505807 -0.025769 -10.184364 39.043240 0.000000 0.000000 
2.335108 -5.546368 -0.099028 -17.756275 33.500496 0.000000 0.000000 
2.341924 -5.777206 -0.114987 -11.593254 37.518230 0.000000 0.000000 
2.403374 -5.924814 -0.106535 -11.454300 37.036514 0.000000 0.000000 
2.338717 -6.027727 -0.103196 -12.791679 38.115532 0.000000 0.000000 
2.322884 -6.092957 -0.138198 -14.469009 36.118446 0.000000 0.000000 
2.307796 -6.278984 -0.137579 -7.184853 42.027225 0.000000 0.000000 
2.300247 -6.406890 -0.045629 -7.851692 39.324257 0.000000 0.000000 
2.278652 -6.552088 0.003665 -6.419464 42.165661 0.000000 0.000000 
2.187387 -6.833613 -0.123582 -6.562290 40.718246 0.000000 0.000000 
2.159726 -7.050865 -0.392849 -2.659801 42.274086 0.000000 0.000000 
2.188876 -7.068881 -0.275146 -3.103745 41.393562 0.000000 0.000000 
2.158364 -7.090054 -0.220729 -7.875999 34.841476 0.000000 0.000000 
2.195752 -7.269043 -0.216894 -4.014046 38.123146 0.000000 0.000000 
2.216170 -7.518636 -0.189226 -7.196552 35.824627 0.000000 0.000000 
2.206541 -7.628002 -0.230208 -10.302559 30.996477 0.000000 0.000000 
2.131348 -7.720315 -0.281768 -3.832138 37.382351 0.000000 0.000000 
2.162089 -7.773543 -0.066200 -3.867580 38.434776 0.000000 0.000000 
2.083386 -8.027699 -0.153975 -3.279221 41.552521 0.000000 0.000000 
2.131810 -8.130122 -0.111237 -2.987381 39.866776 0.000000 0.000000 
2.087629 -8.171602 -0.115708 -1.788910 40.270607 0.000000 0.000000 
2.115084 -8.259841 -0.108644 -6.559113 39.127575 0.000000 0.000000 
2.127891 -8.510281 -0.144542 -4.892998 40.278378 0.000000 0.000000 
2.054938 -8.568083 -0.224790 -10.290199 35.367943 0.000000 0.000000 
1.984594 -8.610521 -0.301205 -7.721176 35.263817 0.000000 0.000000 
2.089538 -8.768577 -0.001577 -6.330245 39.507572 0.000000 0.000000 
2.213258 -8.944984 0.357800 -8.730499 34.782398 0.000000 0.000000 
2.097206 -8.972751 -0.124118 -0.727272 41.183212 0.000000 0.000000 
2.218160 -9.309293 -0.081621 -21.506004 24.310535 0.000000 0.000000 
2.069871 -9.358971 -0.416446 -11.985559 30.150467 0.000000 0.000000 
3.925873 -0.405696 -0.102850 -15.003178 38.175438 0.000000 0.000000 
3.929951 -0.428537 -0.093464 -17.043606 38.535076 0.000000 0.000000 
3.966680 -0.761577 -0.018347 -26.979668 31.218246 0.000000 0.000000 
3.954902 -0.503397 -0.105942 -16.074364 37.809299 0.000000 0.000000 
3.802019 0.168794 0.044846 -29.479351 26.461220 0.000000 0.000000 
3.947896 -0.415918 0.084052 -24.319202 30.073259 0.000000 0.000000 
4.011265 -0.652871 -0.110145 -18.026756 36.895206 0.000000 0.000000 
2.466686 5.636495 0.063067 -23.401363 31.396654 0.000000 0.000000 
2.562339 5.565776 0.090297 -24.602135 27.913153 0.000000 0.000000 
16.049322 0.163402 -0.790538 -6.519203 27.469061 0.000000 0.000000 
15.902060 1.821357 -0.549394 -1.024963 32.164330 0.000000 0.000000 
15.981833 1.864545 -0.662882 -4.287727 29.110970 0.000000 0.000000 
15.952669 2.040345 -0.539830 -2.494339 27.567848 0.000000 0.000000 
16.317560 -2.336927 1.597158 -11.757707 25.202311 0.000000 0.000000 
16.221132 -4.712215 0.388808 -10.935951 21.920425 0.000000 0.000000 
16.423937 -4.517703 0.973265 -8.742363 24.302847 0.000000 0.000000 
17.047602 3.041128 -0.517563 -2.786987 27.136248 0.000000 0.000000 
17.074444 3.425086 -0.497097 -9.865479 22.705843 0.000000 0.000000 
18.989735 3.103814 -0.481429 -2.873466 27.200237 0.000000 0.000000 
19.032913 3.192008 -0.454600 -5.122475 23.633318 0.000000 0.000000 
21.975870 12.191509 0.574921 0.375664 27.530537 0.000000 0.000000 
19.458328 11.510641 -0.113396 1.370705 11.022778 0.000000 0.000000 
21.084059 11.837683 -0.218073 0.206413 7.537922 0.000000 0.000000 
22.166227 12.322887 -0.291781 1.348740 11.009193 0.000000 0.000000 
22.373079 11.805363 -0.251375 -3.184433 7.977303 0.000000 0.000000 
28.043665 17.589539 0.221000 6.627495 14.124100 0.000000 0.000000 
28.405184 17.803545 -0.269874 6.791885 14.897427 0.000000 0.000000 
28.131630 18.382507 0.088288 1.687492 11.928825 0.000000 0.000000 
29.049162 17.085857 0.299792 -0.619736 7.963318 0.000000 0.000000 
28.667068 17.931782 0.263925 10.453247 17.210552 0.000000 0.000000 
35.973816 7.576846 -0.023260 -2.964027 17.669117 1.000000 1.000000 
36.303314 7.181739 -0.584304 -0.506165 19.224094 1.000000 1.000000 
-6.987594 -12.865953 2.032617 -5.294631 30.768955 0.000000 0.000000 
5.736770 -13.408210 -0.619493 -12.595918 24.202156 0.000000 0.000000 
5.948604 -13.642272 -0.486715 -9.184747 23.144543 0.000000 0.000000 
-6.852768 -15.343849 2.471345 -14.265854 22.334885 0.000000 0.000000 
6.148804 -15.171800 -0.159185 -13.679779 22.315701 0.000000 0.000000 
5.829646 -15.432863 -0.491333 -15.144432 21.209454 0.000000 0.000000 
-17.314354 2.020030 2.021464 -10.934236 22.388182 0.000000 0.000000 
-17.886335 1.337402 2.100049 -6.298615 27.667963 0.000000 0.000000 
6.178515 -17.321495 -1.206263 -15.407066 23.610668 0.000000 0.000000 
6.686350 -18.892178 -1.719221 -14.470589 19.998131 0.000000 1.000000 
-6.679617 -22.205509 3.438441 -3.401711 28.100481 0.000000 0.000000 
8.090182 -21.363445 0.705511 -7.294899 21.671494 0.000000 0.000000 
-15.412644 -18.232769 -4.972981 -10.667741 22.312088 1.000000 1.000000 
-6.273601 -23.187569 4.970210 -10.896324 18.976738 0.000000 0.000000 
9.260478 -21.861080 0.185155 -6.474731 23.346796 0.000000 0.000000 
-24.021631 -1.985449 2.350832 -9.631584 22.533630 0.000000 0.000000 
-24.085423 -1.980149 2.158595 -5.994422 26.780603 0.000000 0.000000 
8.117761 -22.698696 -1.680898 -7.658264 20.954639 0.000000 0.000000 
8.212262 -22.799854 1.245899 -7.414749 22.138779 0.000000 0.000000 
-22.106321 -16.060810 0.897084 -11.363914 17.730980 0.000000 0.000000 
-22.180021 -16.739479 0.588923 -5.707572 21.588306 0.000000 0.000000 
-6.778841 -28.115284 4.464560 -2.335793 24.062614 0.000000 0.000000 
-29.166683 -4.502198 2.369727 -3.900139 24.557856 0.000000 0.000000 
14.019810 -26.074348 0.953632 -2.408081 20.820023 0.000000 0.000000 
-29.649723 -4.607841 1.849178 -6.137908 20.638184 0.000000 0.000000 
-20.519423 -22.415569 0.869903 -6.152435 20.526718 0.000000 0.000000 
-29.734684 -4.565960 1.696961 -4.267258 25.313177 0.000000 0.000000 
-22.957047 -20.203201 1.875006 -5.435738 21.661076 0.000000 0.000000 
-23.087975 -20.595486 2.113636 -5.945557 21.892006 0.000000 0.000000 
-23.911001 -19.734917 1.428662 -11.142677 18.127663 0.000000 0.000000 
-23.100010 -21.151234 1.670510 -10.604753 17.569317 0.000000 0.000000 
12.843321 -28.193455 -0.151811 -5.609169 18.795307 0.000000 0.000000 
-30.138750 -11.016200 2.152166 -5.177139 19.561726 0.000000 0.000000 
-30.029167 -12.076744 2.209573 0.328842 24.160866 0.000000 0.000000 
-28.868561 -16.752102 1.734772 -6.780891 18.166435 0.000000 0.000000 
-28.570095 -17.296299 2.806413 -7.054337 18.273579 0.000000 0.000000 
-29.465225 -17.551003 2.668085 -5.817261 19.140472 0.000000 0.000000 
-35.473289 -2.861820 2.196589 -3.564407 22.732922 0.000000 0.000000 
-35.543877 -2.565961 1.601366 -5.283058 19.833611 0.000000 0.000000 
12.161774 -34.114826 15.166521 -4.558044 20.641506 0.000000 0.000000 
-38.545460 -3.348721 3.130796 -2.421005 22.389944 0.000000 0.000000 
-38.416641 -5.000126 3.325509 -2.221832 21.178703 0.000000 0.000000 
-38.582901 -5.003783 4.090586 -3.473106 19.616787 0.000000 0.000000 
-38.662987 -4.852065 2.843522 -0.174545 23.107460 0.000000 0.000000 
10.314668 -37.790661 5.898878 -5.757446 20.576389 0.000000 0.000000 
-38.567085 -11.562727 2.987226 0.761627 23.007296 0.000000 0.000000 
-38.603165 -11.437181 2.669186 1.222694 22.285580 0.000000 0.000000 
-38.590443 -14.576595 2.017493 1.316017 22.379343 0.000000 0.000000 
-6.549449 -45.722858 -0.771681 -1.092834 19.766056 0.000000 0.000000 
-6.108885 -46.111504 -1.830646 -0.584068 21.831783 0.000000 0.000000 
-6.430619 -46.226345 0.765833 8.301147 27.790689 0.000000 0.000000 
-5.320458 -46.379593 4.687974 -4.911766 19.181515 0.000000 0.000000 
-6.917402 -46.383121 0.119526 4.878593 24.456251 0.000000 0.000000 
6.602612 -54.768234 -5.564348 0.003181 17.707455 0.000000 1.000000 
7.334895 -54.832272 -3.689243 0.670578 19.643124 0.000000 0.000000 
-5.911823 -58.534790 2.914599 5.617760 21.801025 0.000000 0.000000 
-5.972862 -58.750500 2.133904 2.094002 17.642246 0.000000 0.000000 
-5.423160 -58.808918 6.671654 4.881165 21.019241 0.000000 0.000000 
8.432072 -61.302391 5.421468 1.326851 19.035831 0.000000 0.000000 
8.240787 -62.569672 0.541813 3.255966 22.149731 0.000000 0.000000 
-63.041771 -11.456069 3.630075 -1.173431 15.651829 0.000000 1.000000 
7.023637 -74.762344 -5.786574 5.218727 17.980492 0.000000 0.000000 
8.607761 -74.815666 -2.359273 4.736008 17.591576 0.000000 0.000000 
9.150071 -74.861153 -1.926559 4.857254 17.903736 0.000000 0.000000 
8.495398 -79.099594 -0.182331 1.570198 16.088909 0.000000 0.000000 
9.059868 -79.366165 0.509866 4.189217 17.013161 0.000000 0.000000 
24.128284 -84.931831 0.385376 7.077606 17.906113 0.000000 0.000000 
24.200542 -85.157463 0.574626 5.778214 15.648197 0.000000 0.000000 
24.785383 -85.263428 1.639674 10.844063 20.530983 0.000000 0.000000 
-5.840713 -89.804932 6.418200 5.092941 15.374081 0.000000 0.000000 
25.546556 -102.743759 2.479698 26.115326 31.779367 0.000000 0.000000 
25.261875 -102.990501 2.140550 27.269867 32.381702 0.000000 0.000000 
58.301865 -99.642075 4.444894 16.090134 17.382198 0.000000 0.000000 
60.159691 -98.599556 4.865563 24.143570 23.247347 0.000000 0.000000 
62.279560 -97.247681 5.365644 29.117508 24.716507 0.000000 0.000000 
59.629391 -109.442871 6.407057 24.249069 23.481182 0.000000 0.000000 
5.620151 -0.595097 -0.875823 -25.855316 24.289522 0.000000 0.000000 
6.769427 -0.717527 -0.859402 -28.142834 27.455988 0.000000 0.000000 
7.000714 -1.349169 -0.088300 -10.091522 39.669525 0.000000 0.000000 
7.125383 -1.572822 0.102135 -8.893655 32.225582 0.000000 0.000000 
6.705536 1.683030 -2.060960 -17.561310 28.688972 1.000000 1.000000 
7.280510 -2.219647 1.126513 -17.047604 25.968143 0.000000 0.000000 
7.315566 -2.447554 0.073426 1.521263 45.988842 0.000000 0.000000 
7.415708 -2.666861 0.006130 1.982582 42.992817 0.000000 0.000000 
7.448860 -2.553370 -0.067524 -0.252075 42.843288 0.000000 0.000000 
8.031956 -1.351284 -0.282557 -22.846741 24.410517 0.000000 0.000000 
8.828373 -0.823128 0.042935 -12.780786 31.558102 0.000000 0.000000 
8.852438 -1.246241 -0.186302 -10.206239 33.309120 0.000000 0.000000 
8.846593 -1.764066 0.174278 -7.685349 32.776493 0.000000 0.000000 
8.825191 -1.996783 0.557728 -11.524498 32.652134 0.000000 0.000000 
8.959478 -2.625461 -0.332477 -16.146904 31.334364 0.000000 0.000000 
9.187959 -1.653872 -0.382857 -17.420799 29.262712 0.000000 0.000000 
9.185601 -2.175127 -0.677081 -9.286888 31.015228 0.000000 0.000000 
9.005423 -3.205181 -0.079255 -12.880380 31.297445 0.000000 0.000000 
8.386606 3.461950 2.948882 -8.556900 31.512321 1.000000 1.000000 
8.571119 -5.020635 0.062980 -6.445000 35.090225 0.000000 0.000000 
8.753218 -4.762579 0.092983 -8.379318 34.363907 0.000000 0.000000 
9.151666 -3.909205 0.088173 -10.449471 30.876438 0.000000 0.000000 
9.420604 -3.504091 -0.648307 -17.987335 30.195236 0.000000 0.000000 
9.709381 0.416400 -0.811077 -15.362030 25.569130 0.000000 0.000000 
8.769240 -6.051150 -0.230192 -14.779945 29.067352 0.000000 0.000000 
9.669237 -4.276746 -0.334209 -9.126068 31.158476 0.000000 0.000000 
10.211543 -2.988882 -0.873447 -16.735229 25.900700 0.000000 0.000000 
9.952982 -4.200556 -0.307646 -13.286751 31.127165 0.000000 0.000000 
9.759813 -5.132465 4.069981 -15.289146 25.094805 0.000000 0.000000 
10.175051 -4.480900 -0.999278 -11.470741 26.751406 0.000000 1.000000 
10.901039 -1.555167 0.543259 -15.243980 31.331999 1.000000 1.000000 
10.098680 -4.949003 -2.442219 -14.259277 25.670124 0.000000 0.000000 
6.651961 -9.597968 -0.447612 -13.341667 28.220922 1.000000 1.000000 
4.344764 -10.856489 -2.816660 -21.394722 22.733068 1.000000 1.000000 
11.931496 -0.372433 -0.026617 -9.538261 31.048290 0.000000 0.000000 
7.645829 -9.772080 0.059432 -14.279060 26.372509 0.000000 0.000000 
7.344991 -10.322792 -0.358763 -16.337219 22.792973 0.000000 0.000000 
9.698630 -8.370207 -4.174977 -9.809494 28.252869 0.000000 0.000000 
11.187257 -12.564808 -0.735290 -12.735864 24.352348 1.000000 1.000000 
15.243567 -7.325738 2.046768 -8.025253 22.984522 0.000000 1.000000 
-6.808829 -16.283466 3.365341 -10.173744 22.698200 0.000000 0.000000 
16.390978 -11.306826 -1.623027 -7.599884 23.659046 0.000000 0.000000 
20.593798 3.607259 -0.724376 2.556526 31.456015 0.000000 0.000000 
20.686125 3.575588 -0.446407 1.823860 31.160942 0.000000 0.000000 
21.411985 0.978322 -0.160365 -9.454720 23.926897 0.000000 0.000000 
21.512691 0.864852 -0.196493 -8.424629 22.811869 0.000000 0.000000 
21.498783 1.356362 -0.031662 -9.602386 23.186455 0.000000 0.000000 
21.866898 0.940817 -0.153376 -9.063484 23.250341 0.000000 0.000000 
21.903704 0.901309 -0.629311 -7.029785 24.860283 0.000000 0.000000 
21.667467 -7.584246 1.964601 -0.729340 27.346523 0.000000 0.000000 
10.492161 -21.662529 -4.362766 -7.433472 23.227947 1.000000 1.000000 
23.880480 7.988060 0.243138 -8.391861 24.257263 1.000000 1.000000 
24.168144 -13.062057 1.042908 -4.393677 25.433380 0.000000 0.000000 
24.394526 -13.061399 1.400392 4.222290 32.882683 0.000000 1.000000 
24.356722 -13.252694 0.915873 9.588272 37.037663 0.000000 0.000000 
27.393896 3.436692 -0.035722 4.439148 29.904293 0.000000 0.000000 
27.544895 3.164797 0.897373 -0.544762 25.658522 0.000000 0.000000 
24.754759 -13.671675 0.957264 -7.043404 20.376869 0.000000 0.000000 
26.688158 -10.377039 1.053715 -1.922981 22.251781 0.000000 0.000000 
26.693794 -10.465992 1.563080 -2.479683 23.977030 0.000000 0.000000 
26.711615 -10.713706 -0.306366 -2.413139 22.596285 0.000000 0.000000 
23.936913 -16.185465 0.858979 -2.896057 24.840200 0.000000 0.000000 
23.809578 -16.458866 0.953337 10.340393 34.670506 0.000000 0.000000 
26.715816 10.658687 -0.860649 5.261093 29.631884 0.000000 0.000000 
26.820913 10.653754 -1.080862 9.450562 34.722076 0.000000 0.000000 
23.696314 -18.972256 0.555728 -8.028337 18.972412 0.000000 0.000000 
14.006433 -26.968502 2.292970 -6.491364 20.219688 0.000000 0.000000 
23.489830 -19.258938 0.005175 -5.481880 18.660885 0.000000 0.000000 
28.534260 11.133015 -1.032084 9.258240 32.483604 0.000000 0.000000 
28.555395 11.330315 -0.826318 8.362785 33.090557 0.000000 0.000000 
30.971844 -6.149836 1.876239 -6.208626 21.555115 0.000000 0.000000 
30.862019 -6.860991 1.552135 -4.466591 24.013498 0.000000 0.000000 
31.179377 -6.039390 1.947335 -2.547928 22.942007 0.000000 0.000000 
31.374008 -5.848342 1.559875 -3.813606 21.352055 0.000000 0.000000 
31.605114 -5.056773 2.330174 -2.309631 23.974943 0.000000 0.000000 
31.860571 -5.272679 2.046295 -0.973938 24.456175 0.000000 0.000000 
31.933746 -5.451274 0.958685 -0.272682 23.834829 0.000000 0.000000 
32.254425 -5.184244 1.403080 -0.332565 25.417503 0.000000 0.000000 
30.465212 10.751783 -0.569030 11.564377 33.854362 0.000000 0.000000 
30.539417 10.871991 -0.487552 10.245651 33.890656 0.000000 0.000000 
32.801292 -4.223224 1.575966 1.336006 27.442713 0.000000 0.000000 
32.657990 3.676837 1.103281 0.196129 22.180019 0.000000 0.000000 
32.826141 2.573183 1.478380 7.006706 30.068838 0.000000 0.000000 
32.809864 -4.870870 1.067631 3.956573 28.927488 0.000000 0.000000 
30.553383 -16.350086 1.548571 2.713120 25.847406 1.000000 0.000000 
30.641272 -16.305828 1.612788 3.375580 26.156866 1.000000 0.000000 
32.389179 11.482440 -0.589421 -2.513313 19.229225 0.000000 0.000000 
30.752569 16.794964 -0.503479 -3.829941 17.918159 0.000000 0.000000 
34.202908 11.796575 -0.222047 10.587326 31.728735 0.000000 0.000000 
34.441223 11.786772 -0.916722 15.006148 34.564568 0.000000 0.000000 
34.360405 12.007586 -0.202992 14.502411 34.751064 0.000000 0.000000 
35.649612 12.115655 -1.427744 1.264992 20.958084 0.000000 0.000000 
35.736618 11.998759 -1.237615 -1.103004 19.438095 0.000000 0.000000 
7.901616 -38.768406 10.246900 1.972458 24.482819 0.000000 0.000000 
21.455843 -34.331047 -0.579514 1.818451 21.574173 0.000000 0.000000 
38.385555 11.193866 -0.878757 6.787193 24.642803 0.000000 0.000000 
38.480125 11.404663 -0.394805 5.200195 22.928658 0.000000 0.000000 
40.105419 -6.164699 2.515860 -0.622932 20.988815 0.000000 0.000000 
40.306099 -4.636788 2.431477 -0.530281 20.279572 0.000000 0.000000 
40.131516 -6.373555 1.643166 -0.242416 22.066284 0.000000 0.000000 
38.194969 18.354744 0.906539 -2.015404 17.054237 0.000000 0.000000 
38.491894 18.279305 -0.188327 -1.794220 17.305862 0.000000 0.000000 
24.747131 -36.356697 2.150465 0.542168 18.679920 0.000000 0.000000 
42.414429 11.393064 -0.294789 1.526192 18.980236 0.000000 0.000000 
42.356327 11.676597 -1.029833 12.299805 28.338631 0.000000 0.000000 
42.401253 11.718651 -1.098939 12.061600 28.695541 0.000000 0.000000 
-6.252537 -46.294312 -0.593276 5.320213 24.289190 0.000000 0.000000 
-7.195528 -46.243599 -1.011248 3.662521 22.030979 0.000000 0.000000 
46.621479 11.252318 -1.357176 11.200301 26.027670 0.000000 1.000000 
46.870247 10.398923 -1.241551 19.860916 34.521019 0.000000 0.000000 
46.533848 19.311546 0.812112 9.620193 25.962107 0.000000 0.000000 
46.738895 19.281616 0.767359 11.338799 28.790485 0.000000 0.000000 
46.739735 19.342239 0.625673 12.317496 28.782740 0.000000 0.000000 
50.715176 10.216838 -1.009033 7.888680 21.798603 0.000000 0.000000 
50.464550 12.232439 0.528903 2.864395 17.311554 0.000000 0.000000 
-6.496873 -52.420670 1.091858 2.010361 19.686760 0.000000 0.000000 
-7.427675 -52.526272 -0.734321 1.974670 18.730667 0.000000 0.000000 
50.092419 18.745190 2.132524 1.437469 16.535892 0.000000 0.000000 
52.589104 11.682730 -0.881483 6.626465 19.433918 0.000000 0.000000 
54.635475 11.175467 -1.084451 24.466087 36.189152 0.000000 0.000000 
54.515549 11.948583 -0.908760 12.753577 25.797033 0.000000 0.000000 
56.607769 12.023782 2.039557 17.676102 29.269468 0.000000 0.000000 
56.798527 11.192858 1.187116 13.062050 24.071419 0.000000 0.000000 
-5.690464 -58.755978 2.780462 4.611008 18.424500 0.000000 0.000000 
55.090118 19.802498 6.296681 7.316742 20.099232 0.000000 0.000000 
54.950745 21.274277 -1.221491 5.315742 18.224552 0.000000 0.000000 
7.099228 -61.466511 -0.173246 1.253540 15.424656 0.000000 0.000000 
62.056103 -8.935020 3.747850 11.708336 24.725140 0.000000 0.000000 
62.458431 11.558640 -0.222116 5.191841 18.290943 0.000000 1.000000 
62.553898 11.511209 -0.006614 7.636436 18.657143 0.000000 0.000000 
57.051811 -30.112682 3.579295 21.652069 34.447796 0.000000 0.000000 
56.649590 -31.018623 11.286972 8.534187 20.497959 0.000000 0.000000 
64.167274 -8.466548 8.086828 3.530212 18.545582 0.000000 0.000000 
64.105186 -9.107958 8.215325 3.543091 19.536499 0.000000 0.000000 
61.828484 17.842438 -0.418440 4.969254 14.855507 0.000000 0.000000 
65.381973 -8.234999 7.409515 4.022034 18.910900 0.000000 0.000000 
65.350624 -8.957993 9.518445 7.358017 20.483521 0.000000 0.000000 
7.520741 -66.844139 -3.447097 2.469551 18.715549 0.000000 1.000000 
66.734200 -6.663496 5.858981 12.441138 27.090590 0.000000 0.000000 
68.755623 -8.498360 8.808155 4.417747 20.277447 0.000000 0.000000 
68.858078 -8.825933 6.724025 5.485016 21.379276 0.000000 0.000000 
68.707382 11.150791 -0.047663 9.673369 19.340767 0.000000 0.000000 
68.854149 10.431954 -0.395210 12.998932 23.371937 0.000000 0.000000 
67.039764 19.019344 1.739113 11.604683 19.886093 0.000000 0.000000 
58.952175 -38.879173 4.632401 13.492020 23.558016 0.000000 0.000000 
58.348515 -40.023468 3.679366 19.192734 28.898144 0.000000 0.000000 
70.717186 10.298819 0.226706 13.558028 23.429987 0.000000 0.000000 
71.224625 -8.319704 8.075151 15.662201 29.570499 0.000000 0.000000 
71.113609 -9.744850 6.594732 9.756241 22.287712 0.000000 0.000000 
70.540970 11.731535 -0.395765 8.876251 18.053425 0.000000 0.000000 
72.432320 -8.553939 7.476837 8.152184 22.810678 0.000000 0.000000 
72.373474 -9.088659 8.427545 12.700066 23.186008 0.000000 0.000000 
72.824821 10.096513 -0.906114 24.798904 33.567165 0.000000 0.000000 
72.716988 11.109100 -0.792948 20.696251 29.628181 0.000000 0.000000 
73.545868 -9.135723 7.616513 12.959090 24.437370 0.000000 0.000000 
73.721397 -7.987822 8.981338 7.576157 21.581779 0.000000 0.000000 
57.677227 -48.142895 3.342432 25.036224 35.574448 0.000000 0.000000 
58.181076 -47.778851 3.164550 26.348251 37.888893 0.000000 0.000000 
74.770653 -8.723533 8.174758 10.239433 20.500191 0.000000 0.000000 
74.589088 10.397582 -0.316926 10.551720 19.681221 0.000000 0.000000 
76.126984 -7.124287 8.881664 8.551735 18.478466 0.000000 0.000000 
75.986244 -8.765232 7.533544 8.823372 18.879711 0.000000 0.000000 
77.214287 -8.200047 8.812275 12.631668 22.713644 0.000000 0.000000 
76.787582 10.826738 -0.736543 10.623627 20.059181 0.000000 0.000000 
-6.751049 -77.607132 1.957465 4.787270 15.353016 0.000000 0.000000 
-8.369681 -77.916908 2.238826 5.913704 15.861126 0.000000 0.000000 
78.428833 -7.913411 8.498916 11.801230 22.302959 0.000000 0.000000 
6.740766 -79.150581 -1.593164 8.100838 18.405201 0.000000 0.000000 
7.412041 -79.297531 -0.826520 8.901039 20.357613 0.000000 0.000000 
7.691516 -79.287811 -1.997742 6.017807 18.077282 0.000000 0.000000 
79.676056 -7.247826 9.252250 5.882317 15.702297 0.000000 0.000000 
80.525352 11.423699 -0.741518 11.075188 19.275196 0.000000 0.000000 
83.324982 -7.787344 8.751057 5.976738 18.456860 0.000000 0.000000 
84.458672 12.382706 -1.463956 20.179443 26.994747 0.000000 0.000000 
84.598557 11.753592 -1.326374 10.723419 18.332958 0.000000 0.000000 
88.499908 12.211236 -2.862982 12.421616 18.421413 0.000000 0.000000 
88.530022 12.927838 -0.551601 19.882286 26.073580 0.000000 0.000000 
90.476784 12.777148 -0.176518 23.085815 29.110243 0.000000 0.000000 
90.528687 12.779974 -2.175391 12.805367 21.562538 0.000000 0.000000 
92.382042 12.776361 -1.062487 19.873024 25.428089 0.000000 0.000000 
92.269379 13.921706 -1.559508 18.164452 23.584965 0.000000 0.000000 
58.391560 -75.029732 5.999334 13.893990 20.337994 0.000000 0.000000 
56.668472 -76.396729 5.434031 19.839874 24.724188 0.000000 0.000000 
-37.995331 -88.048210 2.963650 8.769485 13.942490 0.000000 0.000000 
96.453674 -6.598252 8.112341 10.752983 19.345673 0.000000 0.000000 
98.467949 13.259237 0.847139 11.714722 17.534874 0.000000 0.000000 
57.510086 -82.778702 5.613338 16.743385 25.819832 0.000000 0.000000 
88.196220 50.858444 10.238503 13.443100 18.251648 0.000000 0.000000 
55.548462 -87.044884 3.729340 7.815666 14.976055 0.000000 0.000000 
103.673012 -8.017552 5.460346 10.187340 15.978386 0.000000 0.000000 
106.006447 -7.991587 7.184820 12.326598 17.600437 0.000000 0.000000 
106.014374 -7.876956 7.995008 12.266266 17.981750 0.000000 0.000000 
7.665861 -107.284218 -1.858349 9.830589 16.871407 0.000000 0.000000 
107.074829 -8.417586 6.725704 15.729828 21.390251 0.000000 0.000000 
6.983957 -107.534149 2.040174 4.802330 13.153797 0.000000 0.000000 
107.911240 18.289864 2.072476 13.325812 16.824593 0.000000 0.000000 
109.528107 -7.694345 8.856518 13.680907 19.410084 0.000000 0.000000 
7.480157 -113.383598 2.972634 15.883377 20.204227 0.000000 0.000000 
6.891644 -113.472244 2.051949 13.457999 18.135368 0.000000 0.000000 
8.472404 -113.536659 -2.742079 12.311684 16.540997 0.000000 0.000000 
114.388329 -8.577789 8.018606 14.949318 20.565228 0.000000 0.000000 
58.319950 -99.593079 4.790115 16.871513 22.938231 0.000000 0.000000 
59.528736 -98.971901 -4.458234 25.076431 26.587894 0.000000 0.000000 
115.621521 -8.585932 8.379785 13.807242 18.665302 0.000000 0.000000 
59.470806 -109.390472 6.397184 25.938301 25.491787 0.000000 0.000000 
7.949090 -126.138336 -0.689570 19.238449 24.738791 0.000000 0.000000 
8.564439 -128.148621 -1.934459 11.412154 16.387772 0.000000 0.000000 
8.208499 -129.405167 2.907398 10.161591 15.408939 0.000000 0.000000 
7.642259 -130.673767 -4.497055 12.034514 15.790272 0.000000 0.000000 
7.360795 -131.915359 -5.627439 12.997528 19.819775 0.000000 0.000000 
7.579329 -131.904572 -4.653275 14.739670 19.466839 0.000000 0.000000 
8.992861 -133.056412 -3.065334 22.180389 25.337532 0.000000 0.000000 
7.823257 -135.588348 -2.702322 13.994339 17.982159 0.000000 0.000000 
7.203030 -136.898453 -5.011888 17.850914 21.568840 0.000000 0.000000 
7.245888 -139.362656 -4.108654 12.314873 15.900230 0.000000 0.000000 
8.308298 -144.592422 -1.536876 17.241653 18.004345 0.000000 0.000000 
8.873210 -144.561508 2.658583 17.700974 18.420586 0.000000 0.000000 
6.289039 -145.906204 -3.835722 14.201552 16.936184 0.000000 0.000000 
7.838184 -153.235580 -1.841946 23.481659 25.053709 0.000000 0.000000 
158.495300 -12.618202 10.483361 17.730507 17.893955 0.000000 0.000000 
7.867226 -170.869186 -7.011991 22.563507 20.461113 0.000000 0.000000 
8.636304 -177.452087 -3.453249 18.472801 16.733383 0.000000 0.000000 
166.104431 64.617455 11.137336 19.700989 15.298046 0.000000 0.000000 
171.124084 66.423782 -0.353779 23.204498 16.880630 0.000000 0.000000 
196.051987 -9.553189 10.463450 19.045341 15.617847 0.000000 0.000000 
2.018467 6.934042 -0.136421 -43.899651 18.369480 0.000000 0.000000 
2.463410 6.966847 -0.035457 -31.056763 27.738110 0.000000 0.000000 
2.382757 7.592555 0.058576 -15.312820 37.559662 0.000000 0.000000 
2.529026 7.716891 0.098926 -7.637741 39.326164 0.000000 1.000000 
2.398181 8.456743 -0.062769 -33.950981 26.564608 0.000000 0.000000 
2.358729 8.996353 -0.045261 -20.549103 37.034981 0.000000 0.000000 
1.963266 9.244023 -0.022289 -50.803425 10.570538 1.000000 1.000000 
2.329969 9.564578 0.036980 -9.105724 42.589310 0.000000 0.000000 
2.337109 9.588264 0.044373 -5.527901 42.725101 0.000000 0.000000 
2.399996 10.279635 -0.003562 -17.307472 31.035975 0.000000 0.000000 
2.363554 10.365273 -0.032398 -16.408043 33.706596 0.000000 0.000000 
2.321075 10.512566 -0.000224 -11.723404 36.226578 0.000000 0.000000 
2.382520 10.822660 0.054711 -10.577293 40.742210 0.000000 0.000000 
2.413528 11.276180 -0.048534 -16.815308 29.537064 0.000000 0.000000 
2.085884 11.674768 0.010065 -18.473824 28.000687 0.000000 0.000000 
2.613819 11.543507 -0.011069 -22.832199 23.243286 0.000000 0.000000 
2.314507 11.754114 0.125525 -2.401810 39.938450 0.000000 0.000000 
2.388396 11.903309 0.085959 -3.190430 39.595592 0.000000 0.000000 
2.161191 12.349711 -0.044007 -15.928001 28.652161 0.000000 0.000000 
2.409487 12.325063 -0.003422 -37.448761 11.534718 1.000000 1.000000 
2.369339 12.603240 -0.111838 -19.018669 24.470263 0.000000 0.000000 
1.674778 13.104958 -0.133348 -34.191315 9.759953 1.000000 1.000000 
2.745184 12.920831 0.147362 -26.456917 10.572853 0.000000 0.000000 
2.294707 15.180410 -1.100446 -4.079109 35.289387 0.000000 0.000000 
2.317121 15.211948 0.471266 -5.421303 35.064865 0.000000 0.000000 
2.064062 15.456619 -0.051742 -33.283989 9.185669 1.000000 1.000000 
2.266679 16.108318 -0.011113 4.380180 38.282646 0.000000 0.000000 
2.281478 16.290058 -0.061939 2.921127 41.501450 0.000000 0.000000 
2.269492 16.299801 -0.141364 -26.359215 17.000309 1.000000 0.000000 
2.323347 16.586823 -0.151017 2.461922 40.603825 0.000000 0.000000 
2.341284 16.768688 -0.039973 2.445587 35.055641 0.000000 0.000000 
2.423345 16.833689 -0.126215 -29.197990 12.762432 1.000000 1.000000 
2.307071 16.981171 -0.162805 -4.238342 28.888165 0.000000 0.000000 
2.369028 17.043251 -0.068576 2.642212 39.704899 0.000000 0.000000 
2.356961 17.320053 -0.146763 2.546928 41.901974 0.000000 0.000000 
2.365618 17.335590 -0.136786 1.871140 40.363049 0.000000 0.000000 
2.491045 17.369139 -0.056636 -32.301041 10.681797 1.000000 1.000000 
2.406018 17.483805 -0.142430 1.873238 34.381050 0.000000 0.000000 
2.238563 17.513954 -0.142723 -7.101730 32.658764 0.000000 0.000000 
2.299919 17.581757 -0.898632 -1.402588 30.919962 0.000000 0.000000 
2.278932 17.617508 0.140875 -20.668983 20.692726 0.000000 0.000000 
2.329809 17.939022 -1.123836 2.107780 38.393154 0.000000 0.000000 
2.511216 18.243528 0.041887 -26.452850 11.532265 1.000000 1.000000 
2.340539 18.320692 -0.035698 -5.285805 29.844206 0.000000 0.000000 
2.376939 18.350994 -0.092733 -9.442262 29.014940 0.000000 0.000000 
2.429872 18.586386 -1.116338 -20.461632 17.659161 0.000000 0.000000 
2.400839 18.724072 0.140437 -10.163095 26.967051 0.000000 0.000000 
2.391067 18.824047 0.174298 -9.018991 30.675699 0.000000 0.000000 
2.313159 19.088917 0.403423 0.054634 34.235157 0.000000 0.000000 
2.296199 19.229794 0.507105 -4.489243 32.534554 0.000000 0.000000 
2.256225 19.372242 -0.170070 -13.115846 22.458679 0.000000 0.000000 
2.290030 19.894966 0.314799 -1.879997 28.945971 0.000000 0.000000 
2.295555 20.126587 0.200168 -1.587891 27.879181 0.000000 0.000000 
2.343180 20.441437 0.088271 -7.670334 23.532158 0.000000 0.000000 
2.441210 20.549501 0.380607 -9.351089 29.292496 0.000000 0.000000 
2.213221 20.794277 0.255913 -4.604950 26.424425 0.000000 0.000000 
2.313182 20.962164 0.247801 -4.294312 29.252775 0.000000 0.000000 
2.215182 21.032862 0.424574 -1.390511 29.756279 0.000000 0.000000 
2.244394 21.476719 -0.355848 0.789154 33.120266 0.000000 0.000000 
2.173156 21.513798 -0.380063 -2.543655 30.833349 0.000000 0.000000 
11.809934 17.356400 -0.309349 -6.231995 18.903999 0.000000 0.000000 
2.370257 21.759340 -1.486044 -9.732759 22.008480 0.000000 0.000000 
2.307603 21.873409 -0.312115 -1.306473 30.573179 0.000000 0.000000 
2.442432 22.084875 0.266113 -27.617867 6.663189 1.000000 1.000000 
2.212509 22.214893 -0.441101 -7.775314 28.338661 0.000000 0.000000 
2.236864 22.244818 -0.000808 11.496596 41.218685 0.000000 0.000000 
2.167539 22.334391 0.000217 7.278473 39.433968 0.000000 0.000000 
2.218323 22.426771 -0.223521 -0.308777 30.350365 0.000000 0.000000 
2.261031 22.670170 -0.028327 5.367432 33.924034 0.000000 0.000000 
2.093628 22.890076 0.238397 -0.909500 29.132893 0.000000 0.000000 
13.826506 17.203701 0.429906 0.486671 16.365932 0.000000 0.000000 
2.372884 22.986250 -0.267845 3.887505 33.349663 0.000000 0.000000 
2.294918 23.111151 -0.182107 3.309319 34.679562 0.000000 0.000000 
14.351742 17.472843 0.730749 -2.440544 17.292828 0.000000 0.000000 
2.172169 23.631083 0.339412 8.793709 37.313560 0.000000 0.000000 
2.196687 23.689894 0.420147 9.189949 34.694309 0.000000 0.000000 
2.432606 23.829128 -0.116511 -23.814941 7.322433 1.000000 1.000000 
18.757952 11.478848 -0.199858 11.922011 14.735600 0.000000 0.000000 
18.788961 11.644758 -0.297081 9.820419 16.544643 0.000000 0.000000 
-9.950428 21.710272 5.716709 -2.151131 28.304245 0.000000 1.000000 
2.259001 24.281076 0.155378 -13.983063 16.927143 1.000000 1.000000 
4.149534 24.157579 -0.098405 -5.436981 29.681036 0.000000 0.000000 
2.100035 24.740986 0.058444 -4.233994 22.133522 0.000000 0.000000 
2.116046 24.951721 0.165042 0.816154 26.430172 0.000000 0.000000 
2.260142 25.785480 -0.299408 -0.313522 26.031357 0.000000 0.000000 
2.070667 25.812256 -0.373350 -11.985672 15.586605 0.000000 0.000000 
2.069381 26.080166 0.053521 -9.122940 22.227802 0.000000 0.000000 
2.116579 26.191406 -0.273558 1.750572 27.164181 0.000000 0.000000 
2.151743 26.233591 -0.373924 -3.098083 28.863598 0.000000 0.000000 
2.120833 26.377308 -0.146122 -1.739281 29.214794 0.000000 0.000000 
2.191125 26.648540 -0.265529 2.957008 33.555786 0.000000 0.000000 
2.169192 26.777626 -0.331409 -16.046295 19.182941 0.000000 0.000000 
2.170550 26.891916 -0.144991 7.610245 35.012825 0.000000 0.000000 
2.189160 26.925024 0.075326 -0.282036 29.147736 0.000000 0.000000 
2.161720 26.940548 0.130479 -1.084282 29.400347 0.000000 0.000000 
2.186253 27.096949 -0.198030 6.185974 36.083973 0.000000 0.000000 
2.216806 27.100111 0.067388 0.183334 30.085649 0.000000 0.000000 
2.280345 27.317173 0.244472 -23.466675 7.476414 1.000000 1.000000 
2.165838 27.379141 -0.340558 -12.747070 20.593166 0.000000 0.000000 
2.249485 27.476078 -0.208260 -1.598038 25.436825 0.000000 0.000000 
2.222831 27.513800 -0.338952 -6.221352 26.288239 0.000000 0.000000 
2.730525 27.516270 -0.206939 -9.389764 23.641438 0.000000 0.000000 
2.297344 27.612112 -0.136862 -8.506104 23.647655 0.000000 0.000000 
2.180867 27.646492 -0.251796 -11.425926 21.247570 0.000000 0.000000 
2.269691 27.653200 -0.377992 -11.015907 21.751995 0.000000 0.000000 
2.275347 28.060106 0.069919 -12.308183 15.738918 0.000000 0.000000 
2.752419 28.022629 0.149520 -20.007431 18.183578 0.000000 0.000000 
2.856602 28.639238 0.044526 -17.328011 19.509869 0.000000 0.000000 
6.221905 28.133827 -0.355626 -9.900392 23.492796 0.000000 0.000000 
-5.966415 28.441671 2.574361 -15.234344 19.479530 0.000000 0.000000 
-5.941450 28.447950 4.687522 -13.554054 19.696186 0.000000 0.000000 
8.229448 28.023750 -3.298239 -14.195808 20.389694 0.000000 0.000000 
3.208669 29.532715 0.470512 -11.454254 21.772060 0.000000 0.000000 
7.438489 29.152416 -0.210392 -9.833467 22.248772 0.000000 0.000000 
-11.480851 28.292063 0.277462 -4.877411 26.044865 0.000000 0.000000 
-12.842099 28.303249 3.156377 -13.162477 20.385845 0.000000 0.000000 
0.221767 31.623396 -0.795158 -6.821938 26.862829 0.000000 0.000000 
0.185799 31.932390 -0.878379 -7.018501 25.687799 0.000000 0.000000 
6.195576 31.406773 0.187497 -16.250595 19.013145 0.000000 0.000000 
5.415849 32.106823 0.036867 -26.091972 7.210648 1.000000 1.000000 
-26.769257 14.880009 0.641782 8.847374 20.614716 1.000000 0.000000 
0.116750 32.830910 -0.951993 -15.168396 13.985729 0.000000 0.000000 
0.228332 32.931526 -0.715477 -15.744858 17.645500 0.000000 0.000000 
21.169077 24.114210 1.389847 -3.269356 13.917454 1.000000 1.000000 
3.239257 33.115959 0.739417 -13.463364 22.668783 0.000000 0.000000 
2.866024 33.991486 7.816339 -12.697876 23.520777 0.000000 0.000000 
12.650963 31.826506 5.452402 -10.833084 20.552135 0.000000 1.000000 
7.181872 34.293358 2.882736 -12.549356 20.310593 0.000000 0.000000 
3.724517 35.191368 1.886978 -16.128693 20.166237 0.000000 0.000000 
6.849244 34.770454 2.603375 -5.698250 23.747372 0.000000 0.000000 
7.041648 35.050499 2.742981 -1.674644 29.106110 0.000000 0.000000 
-9.281460 34.474167 9.966663 -10.413826 23.234797 0.000000 0.000000 
2.952871 36.135986 -0.153764 -11.812715 22.054935 0.000000 0.000000 
18.974199 30.336266 13.913282 -7.863304 16.289974 0.000000 0.000000 
13.833535 33.774101 0.466207 -14.605148 15.925011 0.000000 0.000000 
6.560918 36.352142 -0.693640 -3.678841 24.727566 0.000000 0.000000 
6.689687 36.463207 -0.478071 -6.595603 24.706831 0.000000 0.000000 
6.135276 36.592777 0.813977 -12.881326 21.590183 0.000000 0.000000 
30.251034 17.913696 -1.281150 -0.712845 7.101913 0.000000 0.000000 
5.771487 37.478035 0.330592 -13.276657 20.021133 0.000000 0.000000 
21.511391 30.333786 -0.205466 -9.973763 9.266560 0.000000 0.000000 
-21.790895 30.321070 9.257627 -8.621072 11.526516 0.000000 0.000000 
7.223677 37.652451 4.334499 -12.713966 18.811409 0.000000 0.000000 
5.856887 37.950542 4.050813 -7.681564 23.590155 0.000000 0.000000 
5.518364 38.226810 -0.439639 -16.484077 17.825066 0.000000 0.000000 
5.744542 38.384445 -0.253391 -11.321968 21.455521 0.000000 0.000000 
21.786814 31.262663 1.101877 -8.276222 11.455780 0.000000 0.000000 
6.671771 38.239178 4.359633 -7.211296 25.773502 0.000000 0.000000 
21.286753 31.804884 1.454534 -7.380035 14.782146 0.000000 1.000000 
6.856707 38.526611 0.301951 -13.560036 17.763271 0.000000 0.000000 
6.785204 38.641571 3.430529 -5.406578 23.821314 0.000000 0.000000 
5.642304 38.875332 0.903020 -15.719406 19.875320 0.000000 0.000000 
22.167944 31.856102 4.626761 -7.142829 11.506268 0.000000 0.000000 
7.366611 38.874329 3.963406 -16.164703 18.078136 0.000000 0.000000 
5.733415 39.619232 0.325420 -7.866783 21.873367 0.000000 0.000000 
5.495199 39.841293 -0.091463 -14.142151 18.233250 0.000000 0.000000 
5.333539 39.885105 -0.479378 -15.355202 16.400913 0.000000 0.000000 
-24.352140 31.306879 0.300040 -4.337402 17.144287 1.000000 1.000000 
5.285038 40.212692 0.763495 -15.895958 19.523602 0.000000 0.000000 
6.649041 40.052998 -4.128854 -19.525749 15.278709 0.000000 0.000000 
5.668767 40.992203 -0.439352 -19.824745 14.738010 0.000000 0.000000 
7.930199 40.600010 10.822991 -20.290207 14.928783 0.000000 0.000000 
6.299142 40.990494 -0.266169 -14.329201 14.919231 0.000000 0.000000 
5.513175 41.374218 0.050764 -19.968201 12.472237 0.000000 0.000000 
8.938140 41.711998 4.666737 -16.648209 14.713837 0.000000 0.000000 
29.651194 29.100109 4.193763 -6.207291 9.815407 0.000000 1.000000 
6.386816 42.287807 7.219015 -16.705902 14.197456 0.000000 0.000000 
9.298786 41.867432 5.165786 -15.368584 12.438358 0.000000 0.000000 
9.217744 42.060032 5.012172 -17.117645 15.367203 0.000000 0.000000 
7.091533 42.572083 16.810591 -21.161224 14.112457 0.000000 0.000000 
5.854477 42.937325 0.860774 -17.613365 13.225098 0.000000 0.000000 
6.417313 43.075947 6.427964 -15.553627 15.129032 0.000000 0.000000 
12.202981 41.729549 3.953076 -16.512039 15.313305 0.000000 0.000000 
-0.525831 44.063377 -1.176536 -24.109459 8.486183 1.000000 1.000000 
9.305562 43.440685 -4.643528 -16.105644 13.226318 0.000000 0.000000 
6.136465 44.126774 0.814979 -21.498405 10.923557 0.000000 0.000000 
8.590289 43.796486 5.840120 -9.205429 18.307774 0.000000 0.000000 
7.381447 44.244404 -0.245792 -13.867508 16.299358 0.000000 0.000000 
8.676304 43.993984 4.936486 -9.766258 18.391449 0.000000 0.000000 
7.309474 44.284794 -0.651584 -12.518753 17.103886 0.000000 0.000000 
7.378731 44.595345 -1.375266 -17.230049 15.097881 0.000000 0.000000 
9.721176 44.253883 4.396139 -12.987617 16.761002 0.000000 0.000000 
10.022451 44.500282 4.814912 -15.154678 14.677181 0.000000 0.000000 
4.702053 45.516071 0.028556 -19.105118 13.831020 0.000000 0.000000 
5.126377 45.582649 -0.671706 -22.205376 9.147034 0.000000 0.000000 
4.942965 45.764885 -0.442333 -16.878685 13.708225 0.000000 0.000000 
5.233191 46.134068 -0.422641 -20.254150 9.742859 0.000000 0.000000 
4.710364 46.280167 -0.043550 -16.668999 12.573345 0.000000 0.000000 
5.148551 46.373047 -0.174149 -15.289932 14.295086 0.000000 0.000000 
27.373396 36.794720 1.454473 -2.214645 14.831120 0.000000 0.000000 
8.250167 45.957413 -4.514224 -14.866570 16.187202 0.000000 0.000000 
-13.981088 44.492489 5.984989 -20.527321 11.299469 0.000000 1.000000 
8.332930 46.165398 3.005201 -12.675949 15.380493 0.000000 0.000000 
7.596010 46.372925 1.093970 -10.697511 18.740269 0.000000 0.000000 
7.910725 46.351967 3.121508 -9.959123 17.480225 0.000000 0.000000 
0.433437 47.104393 -1.377927 -21.238091 9.647881 1.000000 1.000000 
0.646023 47.171680 -1.332218 -24.275589 9.060486 1.000000 1.000000 
7.808323 46.516521 4.917505 -7.921860 19.720142 0.000000 0.000000 
8.023943 46.504837 4.297717 -7.842232 21.222454 0.000000 0.000000 
4.906281 47.133991 -0.464657 -20.605911 9.282433 0.000000 0.000000 
8.169765 46.700077 3.005028 -9.476547 20.628819 0.000000 0.000000 
7.958893 46.780701 5.096113 -7.962807 21.527710 0.000000 0.000000 
7.301434 46.932739 5.229021 -11.198335 21.471001 0.000000 0.000000 
7.187541 47.148182 5.432045 -10.662286 20.338799 0.000000 0.000000 
7.378872 47.146759 6.074825 -16.047127 16.223965 0.000000 0.000000 
7.305340 47.396824 5.896679 -17.823021 14.884949 0.000000 0.000000 
5.571010 47.924904 -0.022291 -17.336296 15.919399 0.000000 0.000000 
7.279082 47.730007 12.086369 -16.461128 12.256626 0.000000 0.000000 
-21.607861 42.882210 -6.380444 -15.832802 12.579700 0.000000 1.000000 
5.039930 48.202648 0.057945 -20.646179 10.543209 0.000000 0.000000 
6.176551 48.117599 0.075676 -12.356674 15.880116 0.000000 0.000000 
5.656523 48.439980 -0.220794 -16.886589 12.864189 0.000000 0.000000 
8.158322 48.208282 4.866902 -16.275108 11.328266 0.000000 0.000000 
8.147685 48.342567 4.863748 -16.312080 11.895340 0.000000 0.000000 
6.869958 48.729919 1.986318 -19.064034 11.996506 0.000000 0.000000 
36.090839 31.638964 -2.846429 11.954247 18.143223 0.000000 0.000000 
7.445870 48.813503 -5.742910 -9.944679 14.748402 0.000000 0.000000 
36.024258 31.802019 -2.857221 10.290146 17.087273 0.000000 0.000000 
7.431693 49.057358 5.980392 -14.325623 13.189167 0.000000 0.000000 
36.179031 31.965845 2.793383 8.909065 17.796127 0.000000 0.000000 
36.247833 31.893528 -2.822252 6.045494 15.530315 0.000000 0.000000 
24.427094 42.912952 -0.351464 -8.364288 12.906277 0.000000 0.000000 
6.705588 49.453957 6.900102 -14.937981 13.248112 0.000000 0.000000 
6.996517 49.472980 7.018563 -15.968155 13.592937 0.000000 0.000000 
13.189984 48.221085 5.051733 -14.297607 11.982731 0.000000 0.000000 
35.144596 34.057602 1.074168 3.766304 13.309734 0.000000 0.000000 
35.429276 34.037128 1.173760 3.303864 13.115192 0.000000 0.000000 
35.350010 34.178173 1.357498 2.197189 12.422920 0.000000 0.000000 
7.700691 49.900429 6.721703 -12.169876 14.234871 0.000000 0.000000 
7.718659 49.897747 -7.191216 -17.028053 10.722054 0.000000 0.000000 
7.608078 50.075790 -5.516768 -15.876648 11.233074 0.000000 0.000000 
37.019386 32.542076 1.930429 5.142090 14.262173 0.000000 0.000000 
7.363644 50.283653 -1.022223 -12.506166 14.592171 0.000000 0.000000 
32.457920 37.860229 0.728682 -1.074402 10.656075 0.000000 0.000000 
5.246037 50.574409 -0.128889 -20.752945 7.475307 0.000000 0.000000 
5.303214 50.631836 0.257434 -17.565262 12.494022 0.000000 0.000000 
8.403523 50.218414 3.060232 -9.375671 18.318314 0.000000 0.000000 
31.078773 39.406273 0.528701 -9.572212 6.317783 0.000000 0.000000 
7.452426 50.633286 -6.218442 -13.855873 13.359539 0.000000 0.000000 
7.697571 50.782982 3.828532 -9.443109 18.000317 0.000000 0.000000 
31.244957 39.836704 -3.202472 -5.294289 9.681641 0.000000 0.000000 
8.279655 50.922012 4.718489 -7.316444 18.525242 0.000000 0.000000 
8.848896 50.825851 5.417739 -16.988792 12.865356 0.000000 0.000000 
8.366659 51.091660 5.133976 -13.188629 15.747231 0.000000 0.000000 
8.202994 51.135292 4.090692 -15.700325 16.532021 0.000000 0.000000 
-8.282095 51.165718 -7.333818 -23.256203 12.534542 0.000000 0.000000 
8.040771 51.596977 5.597399 -8.929382 18.907089 0.000000 0.000000 
7.859740 51.650177 5.508700 -4.230484 23.168127 0.000000 0.000000 
7.859218 51.726501 5.711221 -4.922852 21.294102 0.000000 0.000000 
7.739728 51.800152 5.815415 -3.894135 21.679649 0.000000 0.000000 
8.066319 51.906837 -6.263925 -8.604370 16.209324 0.000000 0.000000 
8.283349 51.910698 -5.840361 -10.666557 13.908947 0.000000 0.000000 
8.122027 51.983711 5.364888 -7.581818 17.964920 0.000000 0.000000 
7.650341 52.119038 5.675707 -12.911653 14.281769 0.000000 0.000000 
32.115963 40.746151 -3.338803 -4.879898 8.838230 0.000000 0.000000 
31.852045 41.312214 -4.276611 -6.460311 8.981636 0.000000 0.000000 
8.099751 52.392590 -5.970716 -13.958824 14.181885 0.000000 0.000000 
8.084242 52.439747 -5.760283 -10.210266 15.117794 0.000000 0.000000 
8.076039 52.452999 5.805731 -14.587173 13.182278 0.000000 0.000000 
32.000576 41.392647 0.058752 -8.209641 7.722599 0.000000 0.000000 
34.702705 39.293541 -0.224795 -1.294342 9.664196 0.000000 0.000000 
30.859844 42.958870 0.432469 -12.106895 5.621235 0.000000 0.000000 
8.318830 53.068382 2.647432 -18.308815 10.370148 0.000000 0.000000 
32.020947 42.155064 -1.868668 -6.368637 10.179398 0.000000 0.000000 
32.125771 42.117695 -2.172143 -6.200356 9.724197 0.000000 0.000000 
7.166492 53.499447 5.767018 -12.648811 13.680950 0.000000 0.000000 
7.401948 53.587467 5.384136 -9.936517 15.488636 0.000000 0.000000 
31.607639 43.037792 -4.153074 -4.615723 9.679592 0.000000 0.000000 
8.217016 53.665497 5.766675 -3.349106 19.697617 0.000000 0.000000 
8.177011 53.672611 5.697340 -3.544067 20.153584 0.000000 0.000000 
7.960713 53.798336 5.667617 -2.686729 21.455624 0.000000 0.000000 
8.183928 53.764683 5.473856 -3.043152 23.001459 0.000000 0.000000 
32.083160 43.028019 4.117733 -5.906914 7.704075 0.000000 0.000000 
31.920961 43.174797 -1.100240 -4.450584 7.562325 0.000000 0.000000 
7.251533 54.197765 -8.554965 -14.199593 13.356606 0.000000 0.000000 
7.472674 54.206398 5.911270 -17.962547 7.387943 0.000000 0.000000 
8.167221 54.095390 -6.598681 -19.545052 10.084743 0.000000 0.000000 
31.557032 43.941196 -2.890277 -0.830711 13.780380 0.000000 0.000000 
-20.836662 50.529236 1.319559 -16.958687 10.200912 0.000000 1.000000 
32.248672 43.509033 -3.178252 -7.389411 6.895889 0.000000 0.000000 
31.230791 44.366283 -3.012306 -4.934120 10.651546 0.000000 0.000000 
7.922114 54.484306 6.050598 -18.371758 8.441071 0.000000 0.000000 
8.305369 55.490089 5.807891 -11.556465 13.992855 0.000000 0.000000 
8.435192 55.469234 -6.539627 -13.262001 12.934196 0.000000 0.000000 
7.389567 55.923531 5.893175 -9.649429 15.098980 0.000000 0.000000 
7.839924 55.897141 -5.875713 -11.188371 14.253136 0.000000 0.000000 
6.853871 56.135406 5.340178 -11.896661 16.100590 0.000000 0.000000 
10.184714 55.594734 3.585295 -10.988899 17.625599 0.000000 0.000000 
7.057295 56.420525 -7.619699 -11.447136 13.427998 0.000000 0.000000 
6.855622 56.517990 5.593608 -5.376991 18.235195 0.000000 0.000000 
6.548499 56.636517 1.896359 -11.561943 20.246025 0.000000 0.000000 
10.400469 56.036728 8.432961 -11.442474 16.496845 0.000000 0.000000 
6.782436 57.024639 1.225088 -15.774849 15.673939 0.000000 0.000000 
7.890468 57.241566 5.298882 -5.582511 20.714314 0.000000 0.000000 
8.707726 57.165680 4.622104 -13.041252 17.556290 0.000000 0.000000 
7.289510 57.398819 5.059917 -8.567719 18.805885 0.000000 0.000000 
7.554655 57.425644 7.658918 -8.528419 17.666019 0.000000 0.000000 
6.191040 57.659977 4.137509 -6.828514 17.850365 0.000000 0.000000 
6.001567 57.729145 4.367823 -6.793098 19.123283 0.000000 0.000000 
5.857234 57.998192 4.929259 -8.059715 18.863483 0.000000 0.000000 
6.697473 57.914364 -6.462579 -1.644096 22.202740 0.000000 0.000000 
7.069214 57.994221 -7.680888 -11.583688 16.547470 0.000000 0.000000 
6.730491 58.130878 4.535536 -4.177277 22.570522 0.000000 0.000000 
7.587676 58.231979 4.831451 -9.935890 15.984684 0.000000 0.000000 
6.948996 58.742413 -5.765110 -13.356812 16.588562 0.000000 0.000000 
8.825629 58.486416 4.269258 -13.237144 15.439117 0.000000 0.000000 
7.132044 58.829540 -5.994555 -20.093460 8.721260 0.000000 0.000000 
6.838006 58.945877 -0.257265 -16.660217 11.331215 0.000000 0.000000 
7.038441 59.101078 4.422717 -18.715515 11.627541 0.000000 0.000000 
7.078422 59.461308 4.547413 -12.308876 13.017254 0.000000 0.000000 
6.865923 59.500198 5.817646 -18.822670 8.498993 0.000000 0.000000 
6.935527 59.511517 5.281319 -14.997200 11.582214 0.000000 0.000000 
8.293004 59.452835 -5.480153 -13.186844 12.567059 0.000000 0.000000 
8.042383 59.516983 -5.884422 -13.869827 12.563358 0.000000 0.000000 
8.628338 59.571312 10.504690 -14.665001 12.870026 0.000000 0.000000 
8.091042 59.858223 -5.597381 -16.584457 11.891880 0.000000 0.000000 
7.179024 60.463776 -6.384268 -5.902648 20.137650 0.000000 0.000000 
7.268716 60.556309 -7.102809 -5.653145 16.791523 0.000000 0.000000 
5.897956 60.713234 10.537991 -16.519463 13.782196 0.000000 0.000000 
7.318201 60.551460 -7.093916 -4.813194 18.175346 0.000000 0.000000 
7.091247 60.888935 -7.038442 -8.207481 16.251331 0.000000 0.000000 
6.727973 60.969795 -6.026726 -7.959999 17.749687 0.000000 0.000000 
7.079056 61.239086 -9.585372 -4.943916 21.014629 0.000000 0.000000 
5.622968 61.451130 10.660793 -10.503404 18.670345 0.000000 0.000000 
5.723822 61.468510 10.479697 -11.364410 20.328213 0.000000 0.000000 
6.649762 61.453556 -5.227094 -11.250679 15.530807 0.000000 0.000000 
7.291512 61.527336 10.138203 -11.618890 13.490711 0.000000 0.000000 
5.765431 62.005234 5.482440 -6.198402 17.308868 0.000000 0.000000 
5.710736 62.054745 6.638754 -6.826324 18.396946 0.000000 0.000000 
5.453841 62.163670 4.448770 -5.581551 17.733540 0.000000 0.000000 
7.304491 62.079521 10.534346 -13.485931 12.430725 0.000000 0.000000 
5.436068 62.315823 6.337106 -5.865264 17.368713 0.000000 0.000000 
6.552203 62.324104 5.437856 -10.316255 16.014015 0.000000 0.000000 
8.681685 62.401234 5.572415 -9.257913 15.052608 0.000000 0.000000 
8.079345 62.522175 2.463914 -7.757668 17.584900 0.000000 0.000000 
7.527883 62.689590 6.567109 -11.559464 13.853672 0.000000 0.000000 
7.183815 62.735130 6.885435 -4.170586 19.350739 0.000000 0.000000 
5.189701 62.994255 4.472226 -6.545670 19.484158 0.000000 0.000000 
5.195026 63.133518 5.052099 -4.551048 18.930042 0.000000 0.000000 
5.455993 63.156944 6.373660 -5.963584 15.264587 0.000000 0.000000 
5.467740 63.249691 5.214146 -2.462532 23.844036 0.000000 0.000000 
-6.974008 63.310570 -0.639874 -18.043465 7.854061 0.000000 0.000000 
5.533721 63.574909 5.747366 -7.101051 16.576427 0.000000 0.000000 
5.554538 63.593063 5.841542 -3.436134 18.845211 0.000000 0.000000 
5.638112 63.602413 6.104049 -5.735755 15.580654 0.000000 0.000000 
5.400585 63.689846 5.104810 -11.842294 16.312531 0.000000 0.000000 
-7.151135 63.635159 -0.665702 6.711517 26.891335 0.000000 0.000000 
-7.122530 63.668777 -0.626787 10.645485 29.945023 0.000000 0.000000 
-7.090776 63.933434 -0.631137 -8.232002 16.178974 0.000000 0.000000 
-7.083889 63.954826 -0.671264 14.744614 36.011116 0.000000 0.000000 
-7.118810 63.957397 -0.656941 3.088326 24.837978 0.000000 0.000000 
5.328266 64.561462 2.529318 -12.545166 14.223400 0.000000 0.000000 
-7.135442 64.606377 -0.711019 -6.224197 15.289310 0.000000 0.000000 
16.490936 62.809811 -1.826680 -19.738091 5.955669 1.000000 1.000000 
5.676978 64.923012 7.733812 -11.879692 11.453545 0.000000 0.000000 
-8.122683 64.664261 -0.227570 -15.809334 9.360775 0.000000 0.000000 
6.450530 64.868919 7.417254 -12.167030 12.621830 0.000000 0.000000 
5.874975 64.973129 6.875401 -10.411073 13.205368 0.000000 0.000000 
-7.258641 64.909233 -0.630055 7.231300 26.302727 0.000000 0.000000 
11.268761 64.465744 0.282334 -22.269562 3.785744 1.000000 1.000000 
5.908160 65.396645 4.950797 -11.184587 13.675419 0.000000 0.000000 
-7.405555 65.276077 1.634923 -7.126122 14.119678 0.000000 0.000000 
-7.181930 65.356567 1.634300 -17.359604 8.177414 0.000000 0.000000 
-7.147619 65.357239 1.659393 -18.424911 6.038658 0.000000 0.000000 
-7.324153 65.349701 1.093839 -7.805550 15.307728 0.000000 0.000000 
6.060340 65.496582 3.959028 -16.392647 9.789848 0.000000 0.000000 
6.033528 65.699371 7.194938 -16.253342 7.595993 0.000000 0.000000 
-7.373805 65.660553 2.041940 1.380234 22.912277 0.000000 0.000000 
-7.395801 65.658051 1.641617 1.059097 22.673302 0.000000 0.000000 
-7.909134 65.606964 0.331272 -21.018082 5.943607 0.000000 0.000000 
-7.523602 65.649651 1.875154 -3.617676 17.516880 0.000000 0.000000 
-7.363824 65.716034 1.938471 -0.303177 19.751236 0.000000 0.000000 
-7.255214 65.866867 1.736152 -3.720695 18.480160 0.000000 0.000000 
-7.272945 66.010529 2.162077 -4.415878 17.987328 0.000000 0.000000 
-7.114327 66.073837 1.683025 -12.712341 11.393250 0.000000 0.000000 
-6.814980 66.150665 1.008912 -14.246910 12.213299 0.000000 0.000000 
7.190918 66.223007 -0.767305 -19.004921 9.302383 0.000000 0.000000 
-7.262202 66.335709 2.028269 -17.400398 6.003780 0.000000 0.000000 
-7.212731 66.530685 2.650929 -14.810318 10.778736 0.000000 0.000000 
-6.926864 66.672119 1.833830 -16.556801 12.750244 0.000000 0.000000 
6.987896 66.985107 -1.709026 -12.400253 15.918930 0.000000 0.000000 
6.855108 67.010826 0.838334 -19.156708 10.268421 0.000000 0.000000 
-7.337173 67.068352 1.369825 -19.811424 7.660778 0.000000 0.000000 
21.310354 64.605736 1.861087 -10.113548 14.826725 0.000000 0.000000 
21.331860 64.623520 1.503912 -8.162086 14.010303 0.000000 0.000000 
31.228123 60.288494 3.524878 -12.982849 8.157764 0.000000 0.000000 
28.193348 62.309582 8.624747 -15.171021 7.460358 0.000000 0.000000 
6.837702 68.587685 -0.159714 -12.143661 10.979343 0.000000 0.000000 
-5.604033 69.209503 0.787581 -18.095810 9.564953 0.000000 0.000000 
6.984681 69.673225 -1.298157 -13.061563 12.583019 0.000000 0.000000 
6.872355 69.688667 -0.140571 3.765625 24.529686 0.000000 0.000000 
6.831783 69.787979 -0.183168 3.148026 22.996071 0.000000 0.000000 
21.491447 66.966217 -1.866224 -17.840904 8.222816 0.000000 0.000000 
6.560664 70.294365 -2.288262 -5.568665 18.938610 0.000000 0.000000 
6.969370 70.254875 -1.583804 -4.036163 18.760582 0.000000 0.000000 
6.938749 70.385933 -0.174801 0.255684 20.644337 0.000000 0.000000 
-12.652064 69.623764 -10.135907 -7.220772 18.881878 0.000000 0.000000 
6.240426 70.570305 -0.019715 -8.835960 14.668526 0.000000 0.000000 
-6.390962 70.652641 -1.003341 -16.923912 8.663956 0.000000 0.000000 
22.941162 67.091110 -2.352751 -12.046533 10.317860 0.000000 0.000000 
44.342686 54.728683 1.610910 -6.293961 5.605297 0.000000 0.000000 
42.849915 56.072449 2.230411 -6.560883 7.159344 0.000000 0.000000 
-7.072184 71.049965 -0.940462 -10.163896 11.979855 0.000000 0.000000 
-6.956648 71.305244 -1.183894 -11.759758 11.906780 0.000000 0.000000 
-6.800781 71.347870 -0.653397 -12.060318 11.200378 0.000000 0.000000 
-6.857398 71.368774 -0.753384 -3.303505 16.636929 0.000000 0.000000 
44.584061 55.056564 2.404436 10.641106 18.287758 0.000000 0.000000 
-7.271548 71.394875 -0.859106 0.117973 19.947029 0.000000 0.000000 
-6.921306 71.471512 -0.651004 -15.086586 7.802078 0.000000 0.000000 
7.821298 71.429443 1.965875 0.248772 22.449961 0.000000 0.000000 
-7.180110 71.754784 -0.839061 -0.693604 20.280281 0.000000 0.000000 
-7.462177 71.735474 -0.824176 -3.891548 17.761520 0.000000 0.000000 
-7.821423 71.753639 -0.550366 -5.086136 17.218800 0.000000 0.000000 
45.044743 55.323864 1.954722 4.978905 16.040215 0.000000 0.000000 
7.563468 71.993057 0.076293 -4.916275 15.710510 0.000000 0.000000 
44.508106 56.064384 1.733189 0.093773 11.358505 0.000000 0.000000 
46.408344 54.445953 2.780900 3.737778 11.877174 0.000000 0.000000 
45.655155 55.156239 3.159076 4.310539 12.698536 0.000000 0.000000 
-6.930262 72.202026 -0.647994 -7.132477 16.431690 0.000000 0.000000 
44.892101 55.911167 1.715263 3.840523 13.144798 0.000000 0.000000 
44.284531 56.647949 -5.674778 -5.128448 7.721405 0.000000 0.000000 
7.941386 72.548904 2.421661 -7.381348 16.410587 0.000000 0.000000 
7.976813 72.553192 2.145487 7.471901 30.666397 0.000000 0.000000 
46.496403 55.091682 1.686923 4.550117 12.269012 0.000000 0.000000 
-7.648530 72.620399 -0.971261 -3.997475 15.863850 0.000000 0.000000 
7.916824 72.651756 1.911968 3.674271 25.180801 0.000000 0.000000 
7.830205 72.771881 3.249369 6.609261 28.563673 0.000000 0.000000 
60.027660 38.641533 0.169018 18.988129 21.496807 1.000000 1.000000 
47.075253 54.882248 -4.902238 10.509604 17.579025 0.000000 0.000000 
7.733375 72.915367 2.263406 5.692719 25.932362 0.000000 0.000000 
7.415375 73.022728 6.508062 1.623238 25.082016 0.000000 0.000000 
46.816456 55.386665 -4.137143 6.823906 15.017372 0.000000 0.000000 
45.259815 56.788612 2.805653 1.206383 14.438557 0.000000 0.000000 
-6.877270 73.321907 -0.404421 -5.101204 19.354137 0.000000 0.000000 
8.183587 73.273438 11.521249 -6.734512 19.526413 0.000000 0.000000 
-7.215336 73.488052 -0.662711 -3.749298 21.506027 0.000000 0.000000 
43.463661 58.757259 -5.633337 6.748589 17.209587 0.000000 0.000000 
47.630623 55.229515 3.216059 5.142784 13.600861 0.000000 0.000000 
-7.077492 73.623566 -0.512049 -8.397972 17.239491 0.000000 0.000000 
-7.343474 73.598755 -0.625673 -15.898766 11.524868 0.000000 0.000000 
43.102661 59.254662 -5.176175 1.457031 14.875118 0.000000 0.000000 
43.016026 59.655449 2.092648 -0.346901 14.266525 0.000000 0.000000 
44.207382 58.846745 -4.693962 -0.345398 11.192165 0.000000 0.000000 
44.028873 59.066448 -4.775511 -0.143547 11.329575 0.000000 0.000000 
-45.922779 57.785450 10.440453 -3.168785 11.170673 0.000000 1.000000 
-7.089499 74.358109 -1.055174 -12.426826 13.015289 0.000000 0.000000 
-36.198055 64.797272 4.360863 8.457024 25.403318 0.000000 0.000000 
-36.110889 64.862015 4.319467 2.249191 18.940262 0.000000 0.000000 
-35.971447 64.966965 4.653119 5.937820 21.995804 0.000000 0.000000 
47.192970 56.784695 1.413979 -5.121300 5.410000 0.000000 0.000000 
44.880493 58.794991 -4.476965 -0.940254 11.870853 0.000000 0.000000 
7.755488 74.422791 -4.721063 -13.061166 12.586151 0.000000 0.000000 
-29.287144 68.648674 3.637521 -4.852760 13.780838 0.000000 0.000000 
44.895607 58.991894 2.870380 1.453911 11.846523 0.000000 0.000000 
8.584037 74.584007 3.051980 -12.806808 12.279102 0.000000 0.000000 
47.949139 56.662052 -4.482415 4.034615 11.905033 0.000000 0.000000 
-7.188169 75.056305 6.830359 -13.163086 13.593399 0.000000 0.000000 
-7.673938 75.165649 7.707133 -11.909477 15.398060 0.000000 0.000000 
45.275135 59.590332 -4.293585 6.836739 15.165421 0.000000 0.000000 
-28.870651 69.716621 -5.439594 0.364220 15.813847 0.000000 0.000000 
10.173772 75.292923 4.262153 -12.470596 12.098331 0.000000 0.000000 
6.426831 75.754097 7.597764 -14.751656 13.337757 0.000000 0.000000 
-30.179966 69.540794 4.619346 -0.167130 16.662571 0.000000 0.000000 
49.886173 56.173706 6.592880 0.965683 6.943737 0.000000 0.000000 
-29.293093 70.007980 3.288810 -2.710632 16.701065 0.000000 0.000000 
-30.230959 69.666344 3.510304 2.863953 19.442753 0.000000 0.000000 
-7.032945 75.948601 8.395451 -8.911859 13.128860 0.000000 0.000000 
-30.329224 69.776810 4.369126 -1.569481 17.317123 0.000000 0.000000 
50.162552 56.499920 2.606191 -1.040306 8.021488 0.000000 0.000000 
-30.630421 69.841919 5.439435 -4.867310 13.877090 0.000000 0.000000 
-9.784654 76.079308 6.569126 -7.508965 17.120998 0.000000 0.000000 
-8.027020 76.388084 4.208987 -4.743317 18.060154 0.000000 0.000000 
-31.512135 69.745239 3.581534 -4.804871 17.641350 0.000000 0.000000 
-30.804127 70.110947 5.012983 4.176521 22.913895 0.000000 0.000000 
-7.403002 76.560852 4.166637 -2.276993 19.833462 0.000000 0.000000 
44.047710 62.256393 3.338067 1.465759 10.904427 0.000000 0.000000 
-29.119019 71.026245 -7.126846 6.385025 23.672516 0.000000 0.000000 
-6.602032 77.021729 6.293750 -5.090752 22.769682 0.000000 0.000000 
-8.682183 76.816673 5.440062 -0.553436 21.661175 0.000000 0.000000 
-8.471716 77.038338 6.611111 -4.047882 15.622395 0.000000 0.000000 
-7.052198 77.275459 6.216203 -8.069833 15.857292 0.000000 0.000000 
-7.354553 77.413918 6.745861 -4.580139 20.660259 0.000000 0.000000 
52.265648 56.143562 -4.774295 2.360580 9.183937 0.000000 0.000000 
-9.829556 77.202156 10.213093 -5.528557 18.726906 0.000000 0.000000 
-30.881680 71.115486 -8.264935 -3.528770 15.182152 0.000000 0.000000 
-32.258106 70.662788 -7.588222 -5.916496 11.428177 0.000000 0.000000 
-21.447491 75.016174 4.379319 -5.323547 18.687454 0.000000 0.000000 
43.167934 64.508575 3.307890 -0.738365 11.591095 0.000000 0.000000 
-7.754379 78.133858 3.069992 5.081795 23.703154 0.000000 0.000000 
-7.538030 78.225586 6.678904 0.039246 22.341183 0.000000 0.000000 
-7.694990 78.232582 2.794559 4.512009 24.190563 0.000000 0.000000 
-30.346146 72.210403 -9.629805 -5.008514 15.899540 0.000000 0.000000 
54.124462 55.467873 -5.283099 5.646530 10.292023 0.000000 0.000000 
-8.155396 78.496056 -5.769419 -9.188165 17.260860 0.000000 0.000000 
-7.375052 78.675766 7.951491 -0.647072 20.120934 0.000000 0.000000 
-31.044447 72.343399 13.547090 -4.600342 15.585899 0.000000 0.000000 
-7.197235 78.720596 8.066730 -2.757256 18.547939 0.000000 0.000000 
-8.909846 78.835548 9.030967 -1.684586 18.370808 0.000000 0.000000 
-22.205296 76.606003 6.135664 -9.169136 15.286945 0.000000 0.000000 
43.983730 65.938889 2.868032 8.752182 21.630573 0.000000 0.000000 
-19.630520 77.410637 11.574466 -6.264847 19.452457 0.000000 0.000000 
39.665344 68.924057 2.866364 -3.222389 12.126183 0.000000 0.000000 
-10.752964 79.331467 5.780643 -5.373482 17.118153 0.000000 0.000000 
8.374451 80.300781 3.316123 -8.947235 12.912010 0.000000 0.000000 
7.822102 80.392021 -5.584448 -5.045105 15.900093 0.000000 0.000000 
-22.511105 77.480385 10.978742 -3.378716 15.090687 0.000000 0.000000 
-22.332806 77.573776 10.732425 -13.613136 10.426487 0.000000 0.000000 
57.698769 55.086128 3.296324 11.414864 13.021488 0.000000 0.000000 
57.601089 55.325214 1.953308 7.799652 9.069839 0.000000 0.000000 
-7.427174 80.849472 5.304763 -17.220200 9.969727 0.000000 0.000000 
56.902145 56.264282 -5.035422 10.112404 15.741138 0.000000 0.000000 
56.909916 56.263844 -4.538843 13.602524 18.343700 0.000000 0.000000 
8.287131 81.106506 -4.401882 -11.186357 11.000660 0.000000 0.000000 
57.280758 56.416618 -5.666109 1.249763 8.303898 0.000000 0.000000 
6.737322 81.345337 7.593997 -13.550446 11.089996 0.000000 0.000000 
-8.727447 81.162476 4.477226 -9.377243 12.482464 0.000000 0.000000 
57.375732 56.499622 0.019717 -1.589951 5.139996 0.000000 0.000000 
58.435780 55.382137 2.768948 8.692543 13.520603 0.000000 0.000000 
58.789383 55.156460 -6.259821 11.190018 14.605999 0.000000 0.000000 
59.077709 54.840111 -6.023087 10.267258 12.395195 0.000000 0.000000 
59.178215 55.016171 2.826110 11.578406 19.546383 0.000000 0.000000 
-7.421589 81.756348 -0.772479 -8.428262 11.990421 0.000000 0.000000 
-7.433474 81.764069 -1.192723 -10.842340 9.035656 0.000000 0.000000 
-7.393308 81.775871 -0.760886 -10.205940 9.276684 0.000000 0.000000 
57.835487 56.826248 2.958481 5.386620 9.137123 0.000000 0.000000 
8.385651 81.978966 3.690594 -11.477592 9.910496 0.000000 0.000000 
8.459081 82.016663 3.669750 -15.528191 8.809452 0.000000 0.000000 
8.747951 82.017593 -5.129298 -11.912918 11.887974 0.000000 0.000000 
59.196774 55.668724 -5.100139 10.076164 11.590557 0.000000 0.000000 
8.367942 82.085213 -2.790844 -17.722649 8.064823 0.000000 0.000000 
-7.563726 82.483269 -1.016793 -15.383690 7.256577 0.000000 0.000000 
59.885643 55.778294 3.300972 0.042992 7.645130 0.000000 0.000000 
-33.500675 75.746704 8.792654 -14.985405 5.309124 0.000000 0.000000 
59.266232 56.603516 2.207266 9.136238 9.478958 0.000000 0.000000 
59.970940 55.832832 2.954337 3.526169 7.156841 0.000000 0.000000 
7.977909 82.889793 2.647751 -11.025758 10.516903 0.000000 0.000000 
59.682198 56.293545 2.750071 6.723549 8.586910 0.000000 0.000000 
7.842435 82.955070 2.054166 -13.041023 8.657845 0.000000 0.000000 
-8.526522 82.905281 2.862460 -17.940338 10.178127 0.000000 0.000000 
60.272289 55.768993 -5.340626 -1.501984 5.830894 0.000000 0.000000 
60.275810 55.806328 3.844443 6.401581 8.429485 0.000000 0.000000 
7.286388 83.157089 1.301973 -12.326553 8.238922 0.000000 0.000000 
-34.386311 75.681427 11.282187 -7.413315 9.547890 0.000000 0.000000 
7.663886 83.157646 1.956296 -13.863243 9.090641 0.000000 0.000000 
7.294118 83.428902 13.930807 -16.032227 9.017834 0.000000 0.000000 
-33.813633 76.321030 -9.944261 -10.920753 9.666111 0.000000 0.000000 
61.180515 55.347267 3.674407 7.919243 9.642132 0.000000 0.000000 
60.805737 55.853546 -4.902264 3.855553 7.870491 0.000000 0.000000 
-8.762463 83.521835 2.926459 -10.244447 12.387787 0.000000 0.000000 
-8.084194 83.804222 -6.323768 -9.157936 10.511032 0.000000 0.000000 
-8.153617 83.821693 2.947896 -4.815384 16.181782 0.000000 0.000000 
-33.356354 77.051491 7.403809 -4.747856 13.398357 0.000000 0.000000 
-7.817812 84.279945 2.319548 -11.305406 13.930244 0.000000 0.000000 
-9.421843 84.144974 3.514157 -9.216270 15.071465 0.000000 0.000000 
8.255488 84.371239 2.704667 -8.005113 12.550667 0.000000 0.000000 
-32.587299 77.993835 9.797859 -6.238007 13.055061 0.000000 0.000000 
-34.281498 77.407890 8.555545 -7.188759 10.958176 0.000000 0.000000 
-29.598362 79.971397 7.336506 2.861771 19.222618 0.000000 0.000000 
63.659378 55.209263 6.100892 -0.710091 5.274796 0.000000 0.000000 
-30.755917 79.843910 5.273723 1.570412 18.037834 0.000000 0.000000 
-30.288792 80.037071 -9.707777 -4.928879 17.261120 0.000000 0.000000 
-29.789373 80.372040 -8.219939 -1.383835 18.016449 0.000000 0.000000 
-30.731556 80.059044 -10.329800 0.322586 18.410656 0.000000 0.000000 
8.144955 85.740524 1.909085 -13.958038 7.872570 0.000000 0.000000 
-30.705294 80.360725 7.559893 3.579948 19.520168 0.000000 0.000000 
-33.010693 79.432045 -9.402796 -1.121353 16.520840 0.000000 0.000000 
-28.073824 81.422112 7.482817 -0.216087 18.869545 0.000000 0.000000 
-28.708492 81.248047 8.431729 -2.316933 18.056149 0.000000 0.000000 
-41.241062 75.382217 7.272751 -1.303703 17.259186 0.000000 0.000000 
63.728764 56.490940 -6.476621 2.938110 9.361168 0.000000 0.000000 
-29.555994 81.308617 6.522765 -5.273125 14.134651 0.000000 0.000000 
-29.209967 81.524277 7.100899 -0.828407 16.402222 0.000000 0.000000 
-29.532553 81.826248 7.946053 -5.295639 14.270256 0.000000 0.000000 
43.690842 75.037285 3.369097 -5.920700 9.672314 0.000000 0.000000 
-28.125366 82.667847 8.184180 -3.736206 17.022839 0.000000 0.000000 
-27.067266 83.148109 8.174828 -5.028694 14.686710 0.000000 0.000000 
65.302292 56.453209 -5.878506 2.244331 12.356533 0.000000 0.000000 
-28.848579 82.604431 -9.142530 -2.419701 17.009399 0.000000 0.000000 
64.369591 57.635944 -6.746971 4.965324 7.373325 0.000000 0.000000 
62.874153 59.412220 2.546629 3.534103 9.062229 0.000000 0.000000 
64.719078 57.330914 -6.282714 7.609230 12.445499 0.000000 0.000000 
-28.173355 82.943382 7.844326 -7.343978 14.332600 0.000000 0.000000 
-27.839851 83.076935 9.202736 -3.821587 15.818657 0.000000 0.000000 
-27.285648 83.579605 9.208085 -5.169334 13.560333 0.000000 0.000000 
-27.228619 83.710426 8.850718 -5.374550 13.551659 0.000000 0.000000 
44.488155 75.545929 3.132302 1.388618 13.516335 0.000000 0.000000 
-30.446129 82.756912 9.043315 -7.046607 13.097775 0.000000 0.000000 
-29.659000 83.125938 9.263523 -6.732224 9.065262 0.000000 0.000000 
-30.176603 83.262100 8.828733 -9.924577 11.298908 0.000000 0.000000 
-40.898994 78.314949 9.583447 -4.322968 11.376213 0.000000 0.000000 
43.193535 77.244080 4.183409 -3.849426 11.685619 0.000000 0.000000 
-28.955479 84.780228 10.560502 -2.295792 13.039612 0.000000 0.000000 
-40.485874 80.299515 12.752865 -6.480614 9.656994 0.000000 0.000000 
9.581843 90.344337 -5.106673 -11.306848 8.929279 0.000000 0.000000 
-30.695919 85.309921 -10.083616 -3.662216 12.900551 0.000000 0.000000 
8.243157 90.879959 10.251782 -11.800476 8.469238 0.000000 0.000000 
44.387119 79.157600 4.045389 -0.199356 14.136662 0.000000 0.000000 
-46.427162 78.686539 8.885482 -2.597084 10.134850 0.000000 0.000000 
44.354301 79.938881 3.726480 2.635445 16.163658 0.000000 0.000000 
28.676493 87.400871 2.174660 -6.681313 12.704842 0.000000 1.000000 
-31.581303 86.920746 13.330216 -8.197694 9.157394 0.000000 0.000000 
42.046623 82.457024 3.733977 4.289375 19.439705 0.000000 0.000000 
43.882500 81.718307 3.678959 4.973671 19.669949 0.000000 0.000000 
42.987007 82.285385 3.598366 3.490021 17.839249 0.000000 0.000000 
44.897812 81.615044 5.203783 -6.456490 9.689117 0.000000 0.000000 
41.794270 83.481133 3.875872 -0.796692 14.929203 0.000000 0.000000 
-21.559774 92.576012 7.790238 -11.691864 7.491150 0.000000 0.000000 
-22.198364 93.333473 7.135706 -7.959190 9.904091 0.000000 0.000000 
-22.580383 93.328209 7.070632 -10.667183 9.200123 0.000000 0.000000 
-22.120932 93.589828 7.868131 -14.408340 9.152042 0.000000 0.000000 
-22.687298 93.858841 7.676277 -13.181976 5.972416 0.000000 0.000000 
-22.216869 94.210159 9.569354 -8.749284 9.955662 0.000000 0.000000 
-48.369995 83.372429 14.702601 -2.974213 10.652451 0.000000 1.000000 
-32.271606 94.560608 13.100215 -7.903572 6.258049 0.000000 0.000000 
53.135620 84.137619 5.578055 2.267448 12.660980 0.000000 1.000000 
-16.472095 98.976952 -8.339597 -3.157196 13.273701 0.000000 0.000000 
-16.355970 99.670380 4.138564 -14.009666 7.545734 0.000000 0.000000 
-16.457523 99.989143 4.756882 -13.525726 5.679867 0.000000 0.000000 
-16.369347 100.044006 4.098764 -5.143852 12.843960 0.000000 0.000000 
-31.845020 96.460953 12.189476 -7.139366 9.182732 0.000000 0.000000 
-31.559181 96.863884 12.078880 -10.356071 5.460773 0.000000 0.000000 
-32.908188 98.422760 11.600286 -6.030327 7.905476 0.000000 0.000000 
-32.370514 99.052109 12.709310 -6.493057 7.054901 0.000000 0.000000 
-32.647427 98.965492 13.821040 -5.430573 8.959621 0.000000 0.000000 
-33.175011 98.861038 14.624372 -5.448112 7.664871 0.000000 0.000000 
-32.122574 99.411034 12.291733 -11.531494 5.653877 0.000000 0.000000 
-32.374611 99.323364 10.477579 -8.258545 6.510189 0.000000 0.000000 
-32.731232 99.511009 10.954330 -6.479729 9.334393 0.000000 0.000000 
-30.990053 100.386604 -10.563638 -6.309525 6.581387 0.000000 0.000000 
-31.241356 100.931503 13.099842 -5.681145 8.183956 0.000000 0.000000 
-31.213215 101.393204 10.967961 -8.313020 8.117592 0.000000 0.000000 
-32.965866 101.669693 9.998692 -13.819313 4.905750 0.000000 0.000000 
-18.450153 112.725922 -1.246433 -14.263802 2.862992 1.000000 1.000000 
-18.240763 113.959854 -1.372620 -12.046318 4.032780 1.000000 1.000000 
28.818708 115.259178 4.674580 -10.670486 3.964463 0.000000 0.000000 
29.008448 115.547371 1.829492 -4.294174 10.248531 0.000000 0.000000 
28.852455 116.270493 2.333210 -13.742363 3.915570 0.000000 0.000000 
-21.566322 120.297882 -3.180797 -14.769958 5.190830 0.000000 0.000000 
-22.435772 120.410522 7.440445 -8.056953 9.392033 0.000000 0.000000 
-22.005644 120.632553 6.320395 -9.318765 7.862274 0.000000 0.000000 
-22.631815 120.960312 10.276339 -5.972824 12.209656 0.000000 0.000000 
-24.381838 120.760117 10.806194 -7.116928 9.224602 0.000000 0.000000 
-23.926033 120.855148 10.276238 -8.006927 8.547211 0.000000 0.000000 
-24.907946 120.675476 8.047771 -9.087082 7.327522 0.000000 0.000000 
-20.567329 123.979446 4.214828 -13.172050 5.020218 0.000000 1.000000 
-31.224564 122.126541 12.723719 -11.017952 4.849804 0.000000 0.000000 
-31.655132 122.881195 11.916545 -9.549263 7.087475 0.000000 0.000000 
-30.239010 123.403786 9.482478 -6.694237 8.457676 0.000000 0.000000 
-31.962818 123.279701 13.095419 -7.402290 5.750298 0.000000 0.000000 
-33.859718 123.195999 15.362593 -8.749710 5.772629 0.000000 0.000000 
-33.108543 124.082191 14.578118 -7.821716 6.002869 0.000000 0.000000 
-34.012299 123.973145 15.529779 0.804344 10.028286 0.000000 0.000000 
-33.572998 124.160416 13.758220 -5.831161 6.364361 0.000000 0.000000 
-33.295322 125.105927 15.224398 -5.314743 6.410881 0.000000 0.000000 
-31.311346 126.111359 11.571643 -9.944641 7.597569 0.000000 0.000000 
52.489548 118.874687 4.135464 -4.615402 5.724445 0.000000 0.000000 
-34.563828 126.127983 12.487000 -7.476425 7.291416 0.000000 0.000000 
49.140884 121.586006 8.256258 -4.779846 8.991360 0.000000 0.000000 
-21.777376 129.585663 10.113055 -10.570863 6.788204 0.000000 0.000000 
-30.544731 127.879021 14.748264 -3.513306 9.916744 0.000000 0.000000 
50.171570 121.337303 -5.075665 -3.226410 8.731773 0.000000 0.000000 
-32.102795 127.672783 14.095584 -2.858994 9.406021 0.000000 0.000000 
53.039062 120.448524 4.854566 -5.324287 7.523647 0.000000 0.000000 
-21.852512 130.286743 6.040956 -6.307662 8.411533 0.000000 0.000000 
-20.978741 130.716522 8.033578 -6.888114 8.354824 0.000000 0.000000 
-21.961983 130.708237 4.720725 -4.584129 9.419205 0.000000 0.000000 
-21.512411 130.848877 7.443948 -7.073303 8.553379 0.000000 0.000000 
50.090397 122.534737 4.327744 -2.228050 8.479710 0.000000 0.000000 
-21.818130 131.471024 5.489256 -8.459068 6.005840 0.000000 0.000000 
-21.868305 132.079926 6.091179 -9.221634 6.599030 0.000000 0.000000 
-21.344658 132.190796 6.536028 -7.049744 7.511433 0.000000 0.000000 
-21.356180 132.489716 -8.962856 -9.553369 5.406654 0.000000 0.000000 
-57.976681 121.099701 0.858699 -3.939476 8.358929 0.000000 1.000000 
-22.499691 132.868591 4.986993 -6.868912 8.502632 0.000000 0.000000 
-17.976631 134.579346 5.808309 9.901825 20.846786 0.000000 0.000000 
-17.537876 134.934814 5.090434 9.625275 21.742657 0.000000 0.000000 
-19.386255 134.910431 6.046731 11.131522 21.968060 0.000000 0.000000 
-19.186668 135.016144 4.500466 5.502182 18.836891 0.000000 0.000000 
-19.885473 135.040283 5.946441 5.940536 20.240059 0.000000 0.000000 
-17.153511 135.448608 5.239851 -3.320518 13.081005 0.000000 0.000000 
-17.626692 135.434265 5.731240 -5.840286 11.293777 0.000000 0.000000 
-17.860823 135.767059 5.237392 -0.344398 15.350319 0.000000 0.000000 
-19.478804 135.801270 5.779552 -1.866707 12.405056 0.000000 0.000000 
-19.776766 135.932251 -9.029493 -0.832031 12.375553 0.000000 0.000000 
-20.973225 136.004578 6.055084 -2.259598 10.308369 0.000000 0.000000 
-19.453037 136.306244 5.804226 -4.552803 12.340427 0.000000 0.000000 
-20.408234 136.443573 5.785733 -2.477272 9.638931 0.000000 0.000000 
-20.560377 136.490997 6.286169 -5.883209 6.591457 0.000000 0.000000 
-20.012112 137.045837 5.923797 -2.507881 9.351116 0.000000 0.000000 
-20.445633 137.292206 6.909613 -4.862709 10.621349 0.000000 0.000000 
5.531634 138.989197 -5.310060 -6.680962 9.593891 0.000000 0.000000 
-21.009117 137.650024 3.027020 -9.445213 6.429642 0.000000 0.000000 
-20.460361 137.757874 5.173818 -8.637863 4.959770 0.000000 0.000000 
-20.955053 137.875458 -5.851287 -6.977989 7.454330 0.000000 0.000000 
-20.781214 138.487793 5.974654 -6.813538 7.806431 0.000000 0.000000 
-22.987129 138.268494 6.750727 -7.752251 5.609867 0.000000 0.000000 
-23.057209 138.258392 6.542532 -9.001367 5.723217 0.000000 0.000000 
-22.676579 143.639069 -4.392736 -10.671539 5.917126 0.000000 0.000000 
-22.413725 143.687469 -3.512772 -9.887773 4.837193 0.000000 0.000000 
34.245335 144.088074 3.478867 -10.758186 3.987839 0.000000 0.000000 
-23.789513 146.971466 6.344075 -5.161865 6.655716 0.000000 0.000000 
-22.800917 148.250977 7.760431 -10.052353 5.756084 0.000000 0.000000 
-23.029732 148.230682 7.922584 -7.971672 6.813892 0.000000 0.000000 
-23.888105 148.200348 6.236597 -2.256424 9.112438 0.000000 0.000000 
-23.765272 148.938782 4.035111 -6.104340 6.144802 0.000000 0.000000 
-22.692045 149.337921 6.880886 -6.571068 5.000137 0.000000 0.000000 
-22.345991 149.550781 5.415871 -7.071228 6.157600 0.000000 0.000000 
-33.636463 151.943451 14.773252 -3.859604 6.434174 0.000000 0.000000 
-32.029518 153.078094 17.348188 -9.562538 4.558357 0.000000 0.000000 
-22.589979 156.186005 -10.477841 -8.025842 5.425179 0.000000 0.000000 
-32.758614 155.057220 13.883286 -7.460060 5.869595 0.000000 0.000000 
-33.596416 155.066589 12.171802 -7.267227 7.499340 0.000000 0.000000 
-33.894600 155.059540 12.452553 1.419518 13.235344 0.000000 0.000000 
-32.608780 155.560730 11.761779 -3.500160 9.733086 0.000000 0.000000 
-23.743097 157.713135 8.596836 -4.827179 6.017586 0.000000 0.000000 
-34.037464 156.364929 13.039830 -5.096786 7.549290 0.000000 0.000000 
36.768181 155.911957 3.632452 -7.819740 4.569714 0.000000 0.000000 
-30.098560 157.429871 12.727022 -7.327248 6.898975 0.000000 0.000000 
-31.969725 157.447723 12.027205 -5.670624 7.485661 0.000000 0.000000 
35.777302 156.887970 3.171108 0.438515 9.848900 0.000000 0.000000 
-29.780260 158.325470 13.958727 -4.287369 6.336082 0.000000 0.000000 
-32.165367 158.474457 12.554086 -8.011224 6.765953 0.000000 0.000000 
-29.998684 159.097260 10.667955 -7.002823 4.893158 0.000000 0.000000 
-32.441307 158.674194 18.037365 -5.654144 6.990345 0.000000 0.000000 
-29.898201 159.495117 11.068158 -5.044731 5.069981 0.000000 0.000000 
-7.395482 162.391144 -3.419816 -1.847580 9.565441 0.000000 0.000000 
-7.887667 162.375793 -3.806364 -6.309853 6.100063 0.000000 0.000000 
-7.219992 162.430481 -4.205125 -3.862389 6.990158 0.000000 0.000000 
-32.770935 159.260590 12.230178 -5.869385 6.916042 0.000000 0.000000 
-24.773371 161.420135 6.104353 -5.727127 5.807934 0.000000 0.000000 
-31.474272 160.357239 15.957644 -4.844337 6.472961 0.000000 0.000000 
-24.761391 161.613495 8.752239 -5.285820 6.388382 0.000000 0.000000 
-25.309225 161.560242 6.125598 -6.590668 5.117519 0.000000 0.000000 
-23.473598 162.012756 5.959278 1.292976 9.625099 0.000000 0.000000 
-35.371956 160.175079 19.252283 -3.986511 4.962063 0.000000 0.000000 
-7.836275 163.949860 -3.604833 -4.439323 6.744404 0.000000 0.000000 
-26.375526 163.277252 6.644113 -5.815102 4.902653 0.000000 0.000000 
-24.517487 163.836426 6.896816 -6.281624 5.848866 0.000000 0.000000 
-24.805470 163.882568 8.190374 -1.980270 7.510765 0.000000 0.000000 
-29.666180 163.206512 9.680743 -8.144836 5.463348 0.000000 0.000000 
-24.290693 164.657227 2.738201 -6.888680 4.726402 0.000000 0.000000 
-25.053949 165.117035 -13.706906 -4.725243 5.187038 0.000000 0.000000 
-24.164297 170.114075 6.171291 -4.940277 9.121471 0.000000 0.000000 
-22.895767 170.299896 8.884453 -6.288467 7.295620 0.000000 0.000000 
-25.984766 169.953979 4.883499 -3.428421 10.303741 0.000000 0.000000 
42.330570 167.109650 -8.806495 -3.944145 5.632057 0.000000 0.000000 
43.372974 166.851471 2.773281 -7.636162 4.615158 0.000000 0.000000 
43.838684 167.360901 -9.970770 4.686920 10.630600 0.000000 0.000000 
43.613735 167.500153 -10.680955 4.291206 10.048237 0.000000 0.000000 
44.080956 167.394714 -8.559192 1.661026 9.608418 0.000000 0.000000 
42.305199 168.126129 9.846176 1.013702 7.307106 0.000000 0.000000 
44.560715 167.575836 -9.668068 -2.365570 7.270443 0.000000 0.000000 
42.687878 168.289307 -8.495885 1.071083 7.853462 0.000000 0.000000 
44.093590 168.472473 -6.993188 10.508621 19.044407 0.000000 0.000000 
44.578239 168.642731 -5.636741 8.019112 16.044746 0.000000 0.000000 
44.014740 168.795410 -7.332457 10.917633 21.110794 0.000000 0.000000 
43.244141 169.195709 -9.303770 -2.708588 4.998627 0.000000 0.000000 
-23.950272 173.285980 7.546254 3.340340 10.345638 0.000000 0.000000 
-23.023058 173.423401 -7.705100 -5.308853 7.459438 0.000000 0.000000 
43.168343 169.570892 -8.376643 -2.739998 6.430054 0.000000 0.000000 
-23.353901 173.784058 7.030935 -3.561584 7.314800 0.000000 0.000000 
43.639435 169.974792 6.724487 -2.368217 6.084507 0.000000 0.000000 
44.166576 169.954590 -7.336140 12.762711 19.218143 0.000000 0.000000 
43.170685 170.336365 -8.023293 7.999451 15.035080 0.000000 0.000000 
44.195572 170.134338 -7.188966 3.195030 11.843555 0.000000 0.000000 
44.364899 170.277710 -7.137055 8.771324 15.439911 0.000000 0.000000 
44.487114 170.350372 -6.217972 7.466042 14.171505 0.000000 0.000000 
-23.266209 174.838348 -9.974839 -3.322037 6.829193 0.000000 0.000000 
-23.016991 174.923431 -11.274253 0.655266 9.158386 0.000000 0.000000 
42.801376 171.128143 -8.092521 2.862267 9.051090 0.000000 0.000000 
43.689625 171.116150 -6.259017 1.699005 8.808144 0.000000 0.000000 
42.439083 171.506653 5.244413 -6.488693 3.698071 0.000000 0.000000 
42.627716 171.611603 -8.966137 -2.165710 7.265881 0.000000 0.000000 
43.216785 171.492859 -7.879179 -0.116463 6.668610 0.000000 0.000000 
43.265110 171.641693 -8.792686 2.074303 9.584599 0.000000 0.000000 
42.069485 172.117645 5.922295 -0.227165 7.099087 0.000000 0.000000 
43.351246 172.093109 4.085107 3.771187 9.546368 0.000000 0.000000 
43.420799 172.515198 -7.527249 4.760452 11.314953 0.000000 0.000000 
43.170132 172.620483 -7.652967 0.782669 7.917259 0.000000 0.000000 
45.386505 172.056091 5.371378 -3.812820 5.695541 0.000000 0.000000 
41.289310 176.250580 3.025413 -0.649086 6.808239 0.000000 0.000000 
40.715672 176.532074 2.847664 -4.248032 3.980324 0.000000 0.000000 
38.746662 177.222961 4.219951 -3.846992 5.035812 0.000000 0.000000 
-28.035078 180.406799 7.036057 -4.608772 5.762722 0.000000 0.000000 
-25.293659 183.955658 4.289457 -4.331512 3.896984 0.000000 0.000000 
-24.379883 184.150391 0.257231 -5.102394 4.001572 0.000000 0.000000 
-21.890493 185.147217 3.974894 -9.927232 2.904763 0.000000 0.000000 
-23.239037 185.607758 1.316564 -7.012787 1.866249 0.000000 0.000000 
-24.810333 187.204254 -1.205743 -5.470291 4.434303 0.000000 0.000000 
-24.675552 187.939850 -4.702927 -3.642525 4.970238 0.000000 0.000000 
-25.660172 187.807129 7.140474 -0.416641 7.567768 0.000000 0.000000 
-24.879568 188.061981 -12.534081 -1.742256 6.990078 0.000000 0.000000 
-25.248972 188.354218 -2.462801 -4.272919 4.923553 0.000000 0.000000 
-24.619799 188.708557 3.457748 -8.326912 2.913792 0.000000 0.000000 
-26.748465 189.156403 4.040163 -5.120018 5.048950 0.000000 0.000000 
-25.468332 189.353088 4.197324 -4.770210 3.946072 0.000000 0.000000 
-27.476868 189.084808 -13.012922 -2.454445 6.648209 0.000000 0.000000 
-25.614006 189.660156 2.077788 -5.556992 4.037865 0.000000 0.000000 
-25.133661 190.310303 3.991950 0.118958 6.716190 0.000000 0.000000 
-27.912704 190.193207 5.543997 -4.517143 4.309425 0.000000 0.000000 
-24.300848 190.995514 4.488404 -2.148819 6.170506 0.000000 0.000000 
-25.029612 191.121429 5.658597 -3.546883 4.429054 0.000000 0.000000 
-25.133991 191.142456 6.306865 -6.539879 3.502239 0.000000 0.000000 
-25.030460 191.504547 3.602710 -4.745972 4.117859 0.000000 0.000000 
-27.689066 191.135681 0.619361 -6.361434 3.771385 0.000000 0.000000 
-25.057501 191.582153 3.781170 -7.486649 3.158638 0.000000 0.000000 
-25.028896 191.782471 8.664764 -0.728401 6.662178 0.000000 0.000000 
-25.330336 191.760651 7.771305 -0.999634 10.782814 0.000000 0.000000 
-25.389137 191.900116 8.802052 2.609680 11.614346 0.000000 0.000000 
-0.511223 194.232086 -4.859462 14.467865 21.169720 0.000000 0.000000 
-1.069957 194.282562 -4.145351 0.967018 9.524754 0.000000 0.000000 
-24.350054 192.774506 9.396246 -4.365761 6.177769 0.000000 0.000000 
-0.247732 194.446136 -4.933368 14.281403 21.309917 0.000000 0.000000 
-0.052931 195.110535 -4.308310 0.022415 7.992348 0.000000 0.000000 
-0.587463 195.484406 -4.927273 4.882736 11.978210 0.000000 0.000000 
-25.722637 194.018036 -1.222283 -1.231247 6.168514 0.000000 0.000000 
-23.812508 194.411194 -1.400466 0.319572 7.259792 0.000000 0.000000 
-24.838491 194.297211 -1.342865 0.157135 7.806511 0.000000 0.000000 
-24.821478 194.907257 -3.296685 -3.146179 4.553665 0.000000 0.000000 
-25.752357 194.905914 1.803383 -3.121223 4.525627 0.000000 0.000000 
-26.151402 195.265656 -3.524620 -5.676086 3.409222 0.000000 0.000000 
-25.421137 195.563782 -0.208187 -1.125885 5.520710 0.000000 0.000000 
-25.300900 195.635620 -0.565064 2.331085 7.427776 0.000000 0.000000 
-24.009809 195.996307 -0.686530 -1.216568 6.377113 0.000000 0.000000 
-24.438068 195.948029 2.263056 -6.318115 2.759724 0.000000 0.000000 
-26.423838 196.731720 0.839852 -6.260689 1.734825 0.000000 0.000000 
-32.298603 198.236206 10.321142 -7.972847 3.852646 0.000000 0.000000 
-2.951409 201.451569 -4.190742 -4.372200 5.060467 0.000000 0.000000 
-2.427711 201.910950 -5.142054 5.770065 12.483967 0.000000 0.000000 
-1.901389 202.195160 -4.121507 5.428551 11.535797 0.000000 0.000000 
-23.416252 201.700409 -2.618143 -0.375801 7.897766 0.000000 0.000000 
-23.553421 202.008209 -4.009404 0.045448 8.796249 0.000000 0.000000 
-30.053368 201.196320 7.383477 0.486534 8.169334 0.000000 0.000000 
-23.896790 202.050720 -2.807317 -4.367798 5.265926 0.000000 0.000000 
-26.836567 202.424713 11.176829 -0.629265 7.983009 0.000000 0.000000 
-23.268091 205.497314 -1.786114 -8.712799 3.384781 0.000000 0.000000 
-23.646391 206.430481 5.714640 -5.029823 4.964863 0.000000 0.000000 
-24.357290 206.661896 1.166796 -3.583832 3.849365 0.000000 0.000000 
-27.930340 206.222290 4.563792 -4.887909 3.668495 0.000000 0.000000 
-27.387924 206.433380 -2.469275 -3.253334 3.805229 0.000000 0.000000 
-24.426987 209.229584 1.659180 -4.927147 4.573471 0.000000 0.000000 
-24.463713 210.471008 0.675201 7.609444 12.369133 0.000000 0.000000 
-25.187830 210.411469 -9.551007 1.341660 18.883316 0.000000 0.000000 
-24.192848 210.586731 0.581979 8.243149 12.657139 0.000000 0.000000 
-25.390997 210.453857 2.803338 -0.294243 5.040207 0.000000 0.000000 
-24.155561 210.622498 0.934197 7.465034 12.367207 0.000000 0.000000 
-24.444794 211.707947 -9.792329 -1.688332 7.310009 0.000000 0.000000 
-25.164049 219.731873 -1.302022 1.965919 6.828587 0.000000 0.000000 
-24.995447 220.238159 -0.546822 1.013245 5.872658 0.000000 0.000000 
-23.776150 220.814880 1.602886 -3.892242 2.903870 0.000000 0.000000 
-26.993368 220.855560 0.345707 -6.369202 3.094868 0.000000 0.000000 
-26.733162 221.080994 -13.923217 2.054512 5.936054 0.000000 0.000000 
-24.811878 222.080719 9.137580 2.379692 6.331909 0.000000 0.000000 
-25.239616 222.267731 4.762122 -6.082657 3.180523 0.000000 0.000000 
-22.985937 229.257751 4.997672 -3.152596 3.139847 0.000000 0.000000 
-25.479511 230.658173 9.558282 0.831772 4.697689 0.000000 0.000000 
5.325449 234.405396 -6.253347 -1.552467 5.039478 0.000000 0.000000 
-22.851664 234.672791 2.543633 4.832649 9.990051 0.000000 0.000000 
-25.830864 242.143158 0.812531 13.588211 16.734844 0.000000 0.000000 
-27.197319 243.215637 1.585656 3.653336 6.805138 0.000000 0.000000 
-29.237566 252.576843 12.208360 2.179466 6.006100 0.000000 0.000000 
-26.913361 261.579498 -13.649872 2.658302 5.032261 0.000000 0.000000 
-27.357399 261.537048 12.591859 2.997192 6.651955 0.000000 0.000000 
-31.182041 261.847137 11.190883 0.648613 3.434437 0.000000 0.000000 
-35.390938 263.445862 10.770687 5.886436 7.285080 0.000000 0.000000 
4.963488 275.829224 -2.647451 0.665642 4.046471 0.000000 0.000000 
-26.539307 277.714691 -2.825772 6.356636 7.840286 1.000000 1.000000 
-26.642385 279.001251 0.195157 3.195503 5.022987 1.000000 1.000000 
