ply
format ascii 1.0
comment Created by CloudCompare v2.14.beta (Feb  3 2026)
comment Created 2026-04-10T10:34:33
obj_info Generated by CloudCompare!
element vertex 2920
property float x
property float y
property float z
property float rcs
property float snr
property float v
property float label
end_header
-6.466453 41.871544 -16.124266 -16.857269 17.247597 1.000000 1.000000 
-5.765673 51.975460 -20.264681 -6.495865 17.211168 1.000000 1.000000 
-18.098486 76.770653 -27.443201 -10.434937 13.507534 1.000000 1.000000 
-19.785778 76.676193 -28.573076 -14.898972 10.466465 1.000000 1.000000 
-9.072321 81.915558 -18.866417 -8.975014 15.329600 1.000000 1.000000 
-18.337807 86.575516 -34.199394 -12.884192 11.884140 1.000000 1.000000 
-21.752516 100.328262 -41.351559 -7.848746 11.260323 1.000000 1.000000 
-26.367002 159.625244 -58.269241 -0.035057 11.097450 1.000000 1.000000 
-1.839097 186.328369 -76.302528 -10.529099 3.208763 1.000000 1.000000 
7.279272 360.486694 -96.607773 3.469315 2.571720 0.000000 1.000000 
18.378262 126.982613 -48.187054 -12.740448 4.650444 0.000000 1.000000 
9.407202 163.424500 -58.995300 0.152039 12.016937 0.000000 1.000000 
3.889632 -47.855392 -19.044783 -6.198883 18.778503 0.000000 1.000000 
4.459389 -58.626240 -19.626244 0.341622 17.230812 0.000000 1.000000 
-14.088368 38.802814 -10.819393 -15.163994 19.261597 0.000000 1.000000 
-19.692110 36.431389 -12.187651 -15.874031 11.517719 0.000000 1.000000 
6.628158 43.643978 -16.250254 -28.163849 11.063972 0.000000 1.000000 
-6.159791 45.076180 -16.311371 -14.560043 13.624030 0.000000 1.000000 
-7.381877 51.764156 -17.066538 -13.293036 13.214077 0.000000 1.000000 
-21.081087 50.687462 -15.579645 -12.789392 8.275204 0.000000 1.000000 
6.404716 60.533817 -20.986345 -11.049698 15.562630 0.000000 1.000000 
-22.788031 81.099899 -22.812996 -10.111992 10.729912 0.000000 1.000000 
-12.669634 83.706795 -19.251329 -12.254677 16.862516 0.000000 1.000000 
8.930799 106.007782 -20.794493 -11.550363 12.185593 0.000000 1.000000 
9.419089 108.980202 -20.229431 -14.505196 7.695385 0.000000 1.000000 
-16.119465 208.232269 -23.577391 8.053238 14.468970 0.000000 1.000000 
-20.765114 47.678875 20.711370 -0.244003 22.833290 1.000000 1.000000 
14.328750 67.922112 27.049438 -5.272942 19.744118 1.000000 1.000000 
12.142199 71.914223 27.460045 -6.869171 18.450092 1.000000 1.000000 
-9.875599 81.493576 33.425644 -13.196259 10.366089 1.000000 1.000000 
-38.263367 75.039024 24.070435 -11.249663 11.437655 1.000000 1.000000 
-4.453588 87.327431 35.700756 -13.522072 11.378056 1.000000 1.000000 
9.748972 91.824005 37.800507 -9.496263 12.536255 1.000000 1.000000 
-14.512836 139.742249 58.365936 2.560471 17.184866 1.000000 1.000000 
-14.210657 139.784149 58.370163 4.230743 17.848707 1.000000 1.000000 
-14.681698 140.110199 58.529873 5.264946 20.231340 1.000000 1.000000 
-6.465171 141.142273 40.986832 -7.244957 8.300064 1.000000 1.000000 
-14.348571 140.862183 58.834209 -2.155380 12.614975 1.000000 1.000000 
-6.582695 142.038544 31.158272 -11.920403 5.543571 1.000000 1.000000 
-14.573050 143.147919 59.815109 -4.590179 10.497654 1.000000 1.000000 
2.667900 147.677368 61.435467 -7.882791 6.560833 1.000000 1.000000 
19.170229 153.495789 58.678295 -10.908470 6.866138 1.000000 1.000000 
0.606461 157.283691 62.633217 -4.302788 10.765984 1.000000 1.000000 
8.574063 207.939819 51.624851 17.619278 25.501583 0.000000 1.000000 
-8.507995 209.422668 87.870850 6.079117 14.232430 1.000000 1.000000 
-11.339674 -69.912376 13.749383 0.147850 15.715786 0.000000 1.000000 
-20.679985 49.564579 20.323538 -10.793921 11.781517 0.000000 1.000000 
-5.583836 77.239716 23.402943 -10.416725 15.061684 0.000000 1.000000 
-21.625988 100.363113 24.916847 -8.002632 13.082260 0.000000 1.000000 
23.835791 117.231300 28.564600 -13.599861 6.647708 0.000000 1.000000 
3.680447 69.269737 -1.205937 -17.363724 5.162601 1.000000 1.000000 
3.530114 69.385750 -0.909183 -16.908264 6.716300 1.000000 1.000000 
3.852013 69.246666 -0.102599 -22.011894 5.299762 1.000000 1.000000 
3.800274 69.767052 -0.838642 -13.085565 8.431595 1.000000 1.000000 
3.653561 69.142815 -1.137503 23.392723 36.480625 0.000000 0.000000 
3.760683 69.127563 0.388729 -5.773705 10.738823 0.000000 0.000000 
4.429317 50.302937 -0.603764 4.188759 27.561224 1.000000 0.000000 
4.346841 50.321991 -0.739703 16.406921 39.597305 1.000000 0.000000 
4.227633 50.343918 -0.719720 13.345039 36.656105 1.000000 0.000000 
4.285586 50.377457 -0.696765 1.527436 22.293190 1.000000 0.000000 
4.318981 50.468025 -0.737855 14.651398 36.524078 1.000000 0.000000 
4.285826 50.488358 -0.748093 16.810974 36.540123 1.000000 0.000000 
4.573850 50.550819 -0.606535 -20.273720 6.552124 1.000000 0.000000 
4.430870 50.633736 -0.562674 10.295540 31.549427 1.000000 0.000000 
5.157189 50.623234 0.218213 0.742081 24.190002 1.000000 0.000000 
3.929311 50.784809 -0.710661 -3.513862 21.306229 1.000000 0.000000 
4.479904 50.747974 -0.884383 -21.438850 3.244323 1.000000 0.000000 
4.477028 50.755802 -0.847304 -21.121361 3.981521 1.000000 0.000000 
4.302262 50.773308 -2.618237 -3.030334 18.121387 1.000000 0.000000 
4.136394 50.805496 -0.593756 -21.668243 3.731475 1.000000 0.000000 
4.844140 50.928776 -0.503856 -18.037582 9.203735 1.000000 0.000000 
4.110939 51.042633 -0.450896 1.174889 25.357267 1.000000 0.000000 
3.663939 51.193634 -2.049972 -10.413132 18.821726 1.000000 0.000000 
3.703837 52.395138 -1.038479 -16.041534 9.263325 1.000000 0.000000 
3.984062 52.813869 -4.257828 -16.187294 12.445086 1.000000 0.000000 
4.283753 49.301353 -1.250634 -18.465317 8.419296 1.000000 0.000000 
4.276282 49.669781 -0.549288 -1.794441 24.541147 1.000000 0.000000 
5.160961 53.488594 -0.963492 -22.480453 3.459377 1.000000 0.000000 
2.795147 64.438721 -0.749988 -22.130966 5.499824 1.000000 1.000000 
2.678263 64.874352 -1.191624 -16.010445 8.652912 1.000000 1.000000 
3.154737 66.670715 -1.082729 -8.280440 11.993382 1.000000 1.000000 
3.211594 66.725388 -1.520004 -15.302696 6.529506 1.000000 1.000000 
2.599952 67.159714 -1.323745 -19.130043 5.626468 1.000000 1.000000 
3.417289 67.347244 0.138514 -21.360649 2.110553 1.000000 1.000000 
3.313326 67.572479 -0.080232 -17.381187 5.139575 1.000000 1.000000 
3.465999 67.995224 -0.876683 -10.660338 5.199459 1.000000 1.000000 
3.489358 68.079735 -1.131417 -1.096870 17.914646 1.000000 1.000000 
3.478933 68.420937 -1.010975 -8.001678 6.954887 1.000000 1.000000 
3.283095 68.528694 -1.304975 -10.043120 5.842102 1.000000 1.000000 
3.172047 65.641510 -0.111087 -23.584854 2.736312 1.000000 1.000000 
2.886781 66.011353 -0.362866 -20.077553 5.063793 1.000000 1.000000 
3.208719 65.651436 -0.645039 -17.583054 5.208221 1.000000 1.000000 
3.082651 63.918373 -0.902620 1.258438 22.662203 0.000000 0.000000 
2.990163 63.968887 -0.914831 11.434509 32.260040 0.000000 0.000000 
3.060387 64.297882 -0.934040 -2.006340 20.071257 0.000000 0.000000 
3.093637 64.320839 -0.901124 10.233978 32.069302 0.000000 0.000000 
3.024710 64.329422 -1.002650 7.347183 29.277746 0.000000 0.000000 
2.988341 64.348312 -0.920916 -8.216301 14.748768 0.000000 0.000000 
2.936435 64.486603 -1.144464 -4.323586 17.772940 0.000000 0.000000 
3.292399 64.719681 -0.633261 -5.063873 18.034281 0.000000 0.000000 
3.181526 64.742294 -0.769673 -1.847564 21.359713 0.000000 0.000000 
3.003472 64.817848 -0.766131 7.612167 28.589136 0.000000 0.000000 
2.961101 65.004509 -0.825321 -6.211746 17.262457 0.000000 0.000000 
3.373982 65.089447 0.674499 -7.727005 15.851441 0.000000 0.000000 
2.540636 65.198120 -1.543598 -2.641403 20.021780 0.000000 0.000000 
3.083662 65.226654 -0.594588 2.913971 25.440399 0.000000 0.000000 
3.269696 65.241669 -0.676038 9.603348 31.475565 0.000000 0.000000 
3.330338 65.451134 -0.860888 11.568977 30.686653 0.000000 0.000000 
3.185224 65.461754 -0.664828 -13.978142 9.571678 0.000000 0.000000 
3.246253 65.493050 -0.959728 12.655457 32.166710 0.000000 0.000000 
3.069320 65.615585 -0.988400 9.549049 30.863678 0.000000 0.000000 
3.187808 65.622437 -0.645747 6.918449 28.085522 0.000000 0.000000 
3.200446 65.689590 -1.178698 11.715187 32.095264 0.000000 0.000000 
3.512217 65.711678 -1.030754 3.212799 23.382177 0.000000 0.000000 
3.196934 65.758751 -1.368881 12.443390 32.276043 0.000000 0.000000 
3.283977 65.941101 -0.901803 8.154419 28.428467 0.000000 0.000000 
3.044598 66.042099 -0.401236 4.093262 26.015488 0.000000 0.000000 
3.327811 66.048798 -1.378534 10.581276 32.061275 0.000000 0.000000 
3.425786 66.063080 -0.137219 4.726624 24.058254 0.000000 0.000000 
3.113371 66.266586 -1.018036 9.939774 30.485456 0.000000 0.000000 
3.138682 66.264267 -0.810122 10.206467 30.791548 0.000000 0.000000 
2.942829 66.485695 -0.939432 11.945259 32.767357 0.000000 0.000000 
3.482414 66.463936 -1.192077 1.752251 24.557735 0.000000 0.000000 
2.712378 66.508347 -1.480942 -4.187096 19.596115 0.000000 0.000000 
3.682283 66.828171 0.236144 -2.851112 19.598841 0.000000 0.000000 
3.363377 66.976883 -0.964490 6.694313 28.815918 0.000000 0.000000 
3.510529 66.994270 -1.137246 12.056099 31.396198 0.000000 0.000000 
3.404197 67.008240 -1.109175 4.308777 24.144876 0.000000 0.000000 
3.268632 67.138870 -1.424281 -1.768074 23.003408 0.000000 0.000000 
3.379967 67.276154 -1.592677 11.107224 32.752388 0.000000 0.000000 
3.479089 67.346962 -0.908295 6.492706 26.826487 0.000000 0.000000 
3.802356 67.650757 -0.725205 -1.636612 21.257927 0.000000 0.000000 
3.563284 67.755341 -0.860433 11.923950 32.333378 0.000000 0.000000 
3.571693 67.813446 -1.091081 16.348434 30.115414 0.000000 0.000000 
3.659473 67.890030 -1.136857 1.493500 17.648287 0.000000 0.000000 
3.599203 67.902397 -1.011722 26.576042 40.075432 0.000000 0.000000 
3.624411 67.940292 -1.186263 20.062973 33.443398 0.000000 0.000000 
3.695517 68.159660 -0.848742 4.424042 20.456406 0.000000 0.000000 
3.627275 68.237411 -1.052324 20.678207 34.543198 0.000000 0.000000 
3.387657 68.507362 -0.942907 5.047966 19.993240 0.000000 0.000000 
3.623870 68.511772 -0.991717 23.944885 37.440437 0.000000 0.000000 
3.518189 68.515663 -1.156875 4.483444 18.770107 0.000000 0.000000 
3.598820 68.524422 -1.069036 25.957878 39.410870 0.000000 0.000000 
3.451763 68.596207 -1.092265 19.279091 33.328331 0.000000 0.000000 
3.475670 68.621544 -1.588362 -0.407356 16.201551 0.000000 0.000000 
-2.651675 47.882721 -8.891511 -16.979523 14.952576 1.000000 1.000000 
-4.097773 48.805676 -11.198003 -19.132675 12.499493 1.000000 1.000000 
-17.866377 19.744825 9.253965 -11.076118 9.827557 1.000000 1.000000 
-4.917605 41.606621 15.162854 -15.581444 20.830956 1.000000 1.000000 
22.187109 39.120777 17.794407 0.042351 22.502129 1.000000 1.000000 
-20.728699 49.890537 16.084980 -10.229996 12.640202 1.000000 1.000000 
39.547657 67.356361 21.241449 -2.120422 17.327742 1.000000 1.000000 
-53.297573 59.340065 8.828107 8.918213 21.248848 1.000000 1.000000 
-9.667385 81.913033 17.135227 -13.478409 11.434235 1.000000 1.000000 
-135.500595 162.086823 18.787046 12.649330 11.691883 1.000000 1.000000 
11.256136 -22.548737 -0.205596 -2.760246 27.257006 1.000000 1.000000 
11.695498 -22.851028 0.011195 -7.059485 20.109186 1.000000 1.000000 
-3.380029 45.194538 -0.828190 -4.553650 24.356184 1.000000 0.000000 
-3.422518 45.193527 -0.763180 14.943314 41.059845 1.000000 0.000000 
-3.403290 45.252342 -0.821985 13.569618 37.175682 1.000000 0.000000 
-3.384534 45.294746 -1.076816 -8.990265 18.527927 1.000000 0.000000 
-3.413056 45.571873 -0.577620 -3.117340 23.225927 1.000000 0.000000 
-2.928510 45.564571 -0.620835 -15.635077 11.051834 1.000000 0.000000 
-2.895758 45.717979 -0.585674 -7.630661 21.403915 1.000000 0.000000 
-4.222299 45.992416 -0.749766 -0.818954 24.083349 1.000000 0.000000 
-4.265234 46.000664 -0.777655 -1.353729 23.689329 1.000000 0.000000 
-4.072231 46.037281 -1.014230 1.436173 24.403933 1.000000 0.000000 
-4.165630 46.038448 -1.016400 4.202423 26.367390 1.000000 0.000000 
-2.717630 46.237488 -0.902966 -14.446411 11.318783 1.000000 0.000000 
-2.924573 46.217140 -0.501711 -17.785912 11.609820 1.000000 0.000000 
-3.307080 46.422131 -0.942879 -10.175735 16.386816 1.000000 0.000000 
-3.741058 46.407066 3.942396 -13.820915 14.077633 1.000000 0.000000 
-4.221986 46.445251 -1.262329 -17.881836 12.185520 1.000000 0.000000 
-2.808554 46.791000 -0.638209 -10.027678 15.989010 1.000000 0.000000 
-4.440436 46.754894 -0.004433 -11.076500 13.850459 1.000000 0.000000 
-3.110050 46.901585 -0.697627 -11.957292 16.814215 1.000000 0.000000 
-4.369605 46.817421 -0.843941 -14.838074 16.305328 1.000000 0.000000 
-4.290347 46.959213 0.627893 -17.086037 10.834339 1.000000 0.000000 
-4.120990 46.987747 0.505982 -19.194756 9.350845 1.000000 0.000000 
-4.313504 46.973690 0.087129 -20.671181 7.992977 1.000000 0.000000 
-4.267426 47.298183 -0.504303 -21.207993 7.010280 1.000000 0.000000 
-4.137065 47.421234 -0.949915 -10.484688 17.579361 1.000000 0.000000 
-4.414629 47.505936 -0.881636 -24.319603 5.648899 1.000000 0.000000 
-4.323190 47.584152 -0.704454 -10.131906 14.939053 1.000000 0.000000 
-4.007592 47.628376 -1.176985 -18.255165 10.535877 1.000000 0.000000 
-4.380187 47.598392 -0.734798 -0.551674 23.050064 1.000000 0.000000 
-4.282615 47.731983 -0.795408 -8.314766 19.834009 1.000000 0.000000 
-4.397922 47.720654 -0.535798 -1.034851 24.520628 1.000000 0.000000 
-4.266067 48.087315 -0.561852 -4.419708 19.141745 1.000000 0.000000 
-4.483906 48.099884 -1.176478 -12.194739 15.199046 1.000000 0.000000 
-4.367930 48.110428 -0.204040 -18.788116 6.742076 1.000000 0.000000 
-4.189203 48.155926 -0.907429 -1.120033 23.541956 1.000000 0.000000 
-4.119791 48.190559 -0.702062 -18.730186 13.591553 1.000000 0.000000 
-3.655937 48.408924 -1.222187 -15.349678 13.966853 1.000000 0.000000 
-4.587118 48.410149 -0.456493 -16.203384 7.780208 1.000000 0.000000 
-3.690329 48.605137 -1.012402 -15.392601 14.157345 1.000000 0.000000 
-4.384902 48.573551 -1.135625 -11.464149 15.587868 1.000000 0.000000 
-4.293178 48.606297 -0.787806 -19.098625 8.595432 1.000000 0.000000 
-4.408166 48.881863 -1.261424 -19.453918 7.128318 1.000000 0.000000 
-4.497385 48.943699 -0.959237 -21.498688 7.088665 1.000000 0.000000 
-4.632042 48.971287 -1.052917 -23.285919 5.332931 1.000000 0.000000 
0.513491 57.047375 -1.201753 -0.622825 24.762411 1.000000 0.000000 
0.582596 57.079388 -1.197433 -15.533028 9.058220 1.000000 0.000000 
0.416344 57.088600 -1.356335 8.264648 31.145735 1.000000 0.000000 
0.821635 57.148090 -1.086466 -4.164551 23.528671 1.000000 0.000000 
0.846993 57.335194 -1.028826 1.904236 28.037151 1.000000 0.000000 
0.519520 57.368511 -1.410158 4.386139 27.919182 1.000000 0.000000 
0.451936 57.444820 -1.414080 7.263397 28.730091 1.000000 0.000000 
0.497380 57.472404 -0.614941 0.315537 21.115446 1.000000 0.000000 
1.077042 57.578217 -0.936822 21.938942 36.982983 1.000000 0.000000 
0.743273 57.848141 -1.045925 -15.344009 6.116550 1.000000 0.000000 
1.027609 57.850277 -1.224989 16.861000 31.382788 1.000000 0.000000 
1.073369 57.852833 -1.109778 5.014839 19.939362 1.000000 0.000000 
1.103040 57.876076 -1.342051 5.151352 20.918552 1.000000 0.000000 
1.019471 57.883621 -1.080431 6.013931 19.305126 1.000000 0.000000 
1.101801 57.932846 -0.999167 29.988258 43.747791 1.000000 0.000000 
0.499294 57.819649 -0.915498 -13.728333 4.150283 1.000000 0.000000 
1.075017 57.992714 -1.067486 27.212288 41.365906 1.000000 0.000000 
1.080465 58.234970 -1.069788 6.578186 22.073021 1.000000 0.000000 
1.077536 58.288971 -0.984343 31.367737 44.582306 1.000000 0.000000 
0.971014 58.299541 -1.070199 16.374268 31.138296 1.000000 0.000000 
0.978723 58.301174 -0.944876 3.849976 18.218092 1.000000 0.000000 
0.341806 58.392677 -1.536958 2.863320 18.409697 1.000000 0.000000 
0.912939 58.412540 -1.048311 -10.986389 7.360431 1.000000 0.000000 
1.214664 58.569374 -1.040416 8.462265 23.039225 1.000000 0.000000 
1.194157 58.651493 -0.823214 -5.138405 10.262348 1.000000 0.000000 
1.150999 58.725918 -0.822414 10.032463 28.826019 1.000000 0.000000 
1.574988 58.796131 -0.979473 -15.100533 10.367928 1.000000 0.000000 
1.229723 58.760017 -0.817110 -7.406700 14.784865 1.000000 0.000000 
1.260009 58.838673 -0.612652 -12.963669 13.294735 1.000000 0.000000 
0.938903 58.958824 -1.088721 -8.073387 13.391735 1.000000 0.000000 
1.250958 59.047909 -0.868037 -8.285378 8.883751 1.000000 0.000000 
1.614061 59.105537 -0.769183 -12.579994 13.693278 1.000000 0.000000 
0.863549 59.600311 -1.002951 -19.404663 10.298405 1.000000 0.000000 
1.245104 59.730251 -1.506444 -8.808661 12.665497 1.000000 0.000000 
1.127561 59.782223 -0.812533 -19.134148 4.965377 1.000000 0.000000 
0.326591 59.786613 -1.088452 -15.910980 8.825245 1.000000 0.000000 
0.557485 59.874310 -1.438277 -14.468307 8.503422 1.000000 0.000000 
0.802893 60.011181 -1.249463 -20.492409 5.983795 1.000000 0.000000 
0.451506 60.131500 -0.121122 -22.574730 7.279571 1.000000 0.000000 
1.669443 60.424477 -1.842859 -19.623650 7.533096 1.000000 0.000000 
0.626014 60.447498 -0.146941 -15.553131 8.321232 1.000000 0.000000 
2.232379 60.413509 0.189751 -21.844513 3.937545 1.000000 0.000000 
0.395844 60.503120 -1.209547 -20.820175 5.976242 1.000000 0.000000 
1.040645 60.935795 -0.869571 -14.525520 8.819569 1.000000 0.000000 
1.066034 61.325691 -0.902952 -13.978073 9.748615 1.000000 0.000000 
0.962465 78.811127 -1.683455 -13.323524 9.332497 1.000000 0.000000 
1.682212 79.945732 -1.385803 -9.785356 13.081852 1.000000 0.000000 
1.537373 79.982506 -1.446528 -3.773735 20.053822 1.000000 0.000000 
0.483312 80.134155 -1.367850 -7.876175 14.877476 1.000000 0.000000 
2.343648 80.584068 -1.552259 -16.936569 10.871300 1.000000 0.000000 
1.653325 81.064919 -1.041645 -15.751373 8.901112 1.000000 0.000000 
1.017366 81.126343 -1.574095 5.527412 25.818344 1.000000 0.000000 
1.064712 81.156731 -1.494894 6.519165 26.836620 1.000000 0.000000 
1.640297 81.206276 -1.476492 -8.605713 13.296009 1.000000 0.000000 
1.512054 81.246490 -1.381673 4.200729 25.340694 1.000000 0.000000 
0.711895 81.328346 -1.711544 4.339394 25.338791 1.000000 0.000000 
1.029468 81.368843 -1.410138 4.961792 25.673941 1.000000 0.000000 
0.457646 81.516785 -1.472700 -8.488008 11.693562 1.000000 0.000000 
1.765100 81.695290 -1.332867 -9.886537 13.360432 1.000000 0.000000 
-6.016850 136.703430 -2.186461 -6.343796 7.148674 1.000000 0.000000 
-6.335541 137.487885 -0.984880 -9.547821 4.433666 1.000000 0.000000 
-5.842197 137.813110 -1.664710 4.183136 16.530308 1.000000 0.000000 
-6.064168 137.902985 -1.897846 6.220062 18.086050 1.000000 0.000000 
-6.100045 138.117096 -1.656159 -6.345428 7.972229 1.000000 0.000000 
-5.757961 138.200226 -1.784402 2.900452 15.840371 1.000000 0.000000 
-6.418650 138.268433 2.178475 -8.029320 6.170742 1.000000 0.000000 
-5.803382 138.299591 0.097893 -6.937575 6.507560 1.000000 0.000000 
-5.974985 138.496521 -1.534477 -10.033180 5.287185 1.000000 0.000000 
-5.458873 138.610321 -0.461852 -6.793381 7.430255 1.000000 0.000000 
-6.229027 138.931183 -2.026892 -4.715965 8.345570 1.000000 0.000000 
-5.730808 139.334351 0.351643 7.489204 17.536890 1.000000 0.000000 
-5.749240 139.501892 0.177846 19.563965 29.107632 1.000000 0.000000 
-6.004054 139.574280 0.239487 15.386253 25.126560 1.000000 0.000000 
-5.747117 139.596191 0.602753 13.730263 23.584141 1.000000 0.000000 
-5.918991 140.320343 0.358956 19.975876 28.618898 1.000000 0.000000 
-5.881800 140.797668 0.109139 11.637291 20.211300 1.000000 0.000000 
-6.244033 140.802826 -1.359465 12.044212 21.051762 1.000000 0.000000 
-6.235960 141.094482 3.160513 -4.807350 7.963478 1.000000 0.000000 
5.166441 139.139130 -2.197857 3.513954 15.136784 1.000000 0.000000 
5.010894 139.421448 -2.104100 3.378845 13.606223 1.000000 0.000000 
5.034708 139.463013 -2.316864 6.879501 17.452303 1.000000 0.000000 
5.863454 139.567017 -3.255252 -7.599631 4.423618 1.000000 0.000000 
5.320833 139.865814 -2.311377 7.766716 17.704685 1.000000 0.000000 
5.297456 140.000641 -1.665793 -3.221718 6.839122 1.000000 0.000000 
5.859415 140.053864 -1.537590 -1.625099 9.172951 1.000000 0.000000 
4.890069 140.137543 -2.498666 4.891747 15.081177 1.000000 0.000000 
5.290639 140.326385 -2.512498 -2.464782 8.414253 1.000000 0.000000 
5.439941 140.355286 -1.855053 -1.871155 9.503510 1.000000 0.000000 
5.322410 140.350037 -1.966340 -10.643083 1.327865 1.000000 0.000000 
5.363936 140.344147 -2.367610 -2.283386 9.075142 1.000000 0.000000 
5.263328 140.365723 -2.478540 -4.541641 5.777484 1.000000 0.000000 
5.146127 140.391693 -2.079595 -0.588104 9.216751 1.000000 0.000000 
5.282687 140.584076 -1.956075 -10.404579 4.194042 1.000000 0.000000 
5.172408 140.763947 -1.820193 3.702973 14.875075 1.000000 0.000000 
5.425797 140.710236 -2.075841 -4.634819 6.902400 1.000000 0.000000 
5.050416 140.868805 -3.432700 -2.770386 9.034126 1.000000 0.000000 
5.636840 140.849121 -2.027713 -5.086067 8.148211 1.000000 0.000000 
5.457235 141.017822 -2.199810 2.353066 12.759209 1.000000 0.000000 
5.476152 141.224823 -2.779065 -7.704010 6.131488 1.000000 0.000000 
5.498904 141.281952 -2.221476 -15.357262 3.108356 1.000000 0.000000 
5.622670 141.589233 -2.498883 2.522591 14.646927 1.000000 0.000000 
5.413806 141.633209 -2.070803 3.217209 15.150776 1.000000 0.000000 
-8.084805 -5.382372 -1.415303 -17.433701 21.817503 0.000000 0.000000 
-7.938100 -6.281265 -0.832400 -11.842444 25.704845 0.000000 0.000000 
-8.205070 -7.201804 -1.335277 -15.851768 27.000200 0.000000 0.000000 
-7.982387 -7.495064 -0.444290 -10.678749 31.791298 0.000000 0.000000 
-8.025685 -7.462224 -1.689579 -10.040413 30.545929 0.000000 0.000000 
-7.905621 -7.837190 -2.728223 -20.544647 24.234432 0.000000 0.000000 
-8.072015 -7.970241 -0.653550 -10.062097 30.737513 0.000000 0.000000 
-7.908988 -8.250751 -0.332186 -13.204666 29.382849 0.000000 0.000000 
-8.211366 -7.993783 -0.016054 -14.659874 27.815464 0.000000 0.000000 
-8.873019 -7.501220 -0.397278 -22.501831 22.046545 0.000000 0.000000 
-7.996869 -8.498171 -0.289621 -17.971992 25.346165 0.000000 0.000000 
-8.297771 -8.499737 -0.506622 -12.608209 30.433596 0.000000 0.000000 
-7.944954 -8.849737 -0.107892 -9.968675 32.564198 0.000000 0.000000 
-8.129732 -8.679291 0.118340 -20.239006 24.476461 0.000000 0.000000 
5.053854 -10.027433 -0.465835 -17.530098 20.867939 0.000000 0.000000 
-7.954505 -9.183622 -0.009162 -16.759270 25.009720 0.000000 0.000000 
-7.902744 -9.267310 -0.785084 -7.970717 31.189346 0.000000 0.000000 
5.113863 -10.316188 -0.463987 -15.539421 22.110966 0.000000 0.000000 
-8.470587 -8.988456 -1.663075 -18.217361 24.420462 0.000000 0.000000 
-8.096236 -9.436164 -0.595661 -8.392662 31.990192 0.000000 0.000000 
-8.218771 -9.545256 0.068592 -8.194406 31.619659 0.000000 0.000000 
-8.066184 -9.746211 0.033762 -7.663719 31.409603 0.000000 0.000000 
-8.472226 -9.566245 -0.335586 -9.061516 31.685961 0.000000 0.000000 
-7.818719 -10.176376 -0.788722 -17.493690 24.315525 0.000000 0.000000 
4.671538 -11.308262 -0.417603 -18.816765 22.042908 0.000000 0.000000 
5.066193 -11.406860 -0.333869 -19.037109 20.001682 0.000000 0.000000 
-8.071468 -10.653662 0.040716 -15.571358 23.427460 0.000000 0.000000 
-8.232828 -10.747288 0.063245 -11.164636 27.770489 0.000000 0.000000 
-8.186819 -11.035466 -0.603726 -8.033058 29.632446 0.000000 0.000000 
5.394324 -11.982025 -0.417920 -14.230667 23.612320 0.000000 0.000000 
5.092156 -12.405771 -0.572431 -16.507950 21.197529 0.000000 0.000000 
-8.022887 -11.578594 -0.589053 -17.452736 22.049633 0.000000 0.000000 
-8.695437 -11.213686 -0.118831 -15.720528 22.252247 0.000000 0.000000 
-8.049458 -11.733007 -0.170732 -12.980606 24.041231 0.000000 0.000000 
-8.165429 -11.660130 0.376094 -9.176880 29.576719 0.000000 0.000000 
-8.022129 -12.115352 -0.254862 -14.959526 23.132421 0.000000 0.000000 
-8.421929 -11.909277 -0.872667 -8.203589 27.733635 0.000000 0.000000 
-8.376576 -12.095341 -0.610220 -12.335701 25.694736 0.000000 0.000000 
-9.002903 -11.835622 0.277916 -15.855492 20.706671 0.000000 0.000000 
-8.453992 -12.320908 -0.249210 -13.282219 24.234259 0.000000 0.000000 
-8.264527 -12.547635 -0.276803 -10.995131 26.638510 0.000000 0.000000 
-8.314837 -12.717859 -0.690188 -9.598297 27.449066 0.000000 0.000000 
-8.324611 -12.938307 -0.061787 -5.560295 30.937033 0.000000 0.000000 
-8.349092 -13.161481 -0.818772 -6.995978 30.151436 0.000000 0.000000 
-8.310498 -13.492186 0.531471 -7.311896 31.763704 0.000000 0.000000 
-8.259591 -13.544692 -0.621080 -5.651360 32.352959 0.000000 0.000000 
-8.367458 -13.755075 -0.127505 -10.856645 27.622316 0.000000 0.000000 
-8.400657 -13.754260 1.256853 -6.450714 28.603882 0.000000 0.000000 
7.032786 -13.836923 -0.180131 -13.457817 23.002502 0.000000 0.000000 
-8.260351 -14.010050 -0.363467 -8.227852 27.256172 0.000000 0.000000 
-8.107931 -14.182684 0.099609 -12.383644 25.181915 0.000000 0.000000 
6.884453 -14.125012 -0.094500 -14.497519 23.986633 0.000000 0.000000 
-8.419779 -14.250165 -0.856741 -10.557205 26.850529 0.000000 0.000000 
-8.347434 -14.385325 -2.062536 -7.545090 28.171417 0.000000 0.000000 
-8.252294 -14.496764 -0.168421 -8.501555 29.982206 0.000000 0.000000 
-8.250126 -14.636317 -0.462353 -8.089195 27.540287 0.000000 0.000000 
-8.267796 -14.891115 0.010664 -9.172676 28.940561 0.000000 0.000000 
-8.249709 -15.192693 -0.782365 -11.583092 25.951460 0.000000 0.000000 
-8.224161 -15.386382 -2.150566 -10.178430 24.588238 0.000000 0.000000 
7.384429 -15.144602 0.069445 -11.825363 22.093422 0.000000 0.000000 
-8.175408 -15.456753 -0.402462 -11.864052 26.863869 0.000000 0.000000 
-8.229598 -15.709623 -0.387638 -5.959259 29.863615 0.000000 0.000000 
-8.196925 -15.869341 -0.034403 -6.774156 28.710192 0.000000 0.000000 
-8.583332 -15.746398 0.592025 -15.964432 22.692369 0.000000 0.000000 
-8.064170 -16.059088 -0.360815 -9.289047 28.004921 0.000000 0.000000 
-8.234104 -16.331713 0.772816 -8.246300 26.974649 0.000000 0.000000 
-8.457861 -16.258236 -1.087767 -13.353508 29.166553 0.000000 0.000000 
-8.343173 -16.317013 0.113954 -11.177284 29.207106 0.000000 0.000000 
-8.132618 -16.813339 -0.193223 -17.499062 22.329258 0.000000 0.000000 
-8.736813 -16.528828 0.461025 -6.480980 30.192699 0.000000 0.000000 
-7.925465 -17.102982 -0.254819 -13.638824 21.912516 0.000000 0.000000 
-8.092130 -17.071926 -0.539530 -14.216934 20.800875 0.000000 0.000000 
-8.183458 -17.259495 -1.032396 -5.501541 28.247587 0.000000 0.000000 
-8.075129 -17.339008 -0.735350 -11.295006 24.861813 0.000000 0.000000 
-8.195347 -17.686710 -0.724008 -10.771791 23.695364 0.000000 0.000000 
-8.284138 -17.936104 0.958922 -13.399323 21.647470 0.000000 0.000000 
-8.081410 -18.124958 -2.693771 -11.741829 22.347496 0.000000 0.000000 
-8.317838 -18.105656 -0.580482 -13.880577 22.568829 0.000000 0.000000 
-8.129244 -18.315105 -0.389608 -12.528604 21.335903 0.000000 0.000000 
-8.221458 -18.555527 -0.129252 -15.552864 21.469143 0.000000 0.000000 
-7.935300 -18.684387 -0.842676 -13.337607 21.015997 0.000000 0.000000 
-7.975546 -18.898632 -0.363344 -10.375258 25.815559 0.000000 0.000000 
-8.233813 -19.032135 -0.380405 -5.941940 26.960775 0.000000 0.000000 
-8.136429 -19.363441 0.354608 -13.974716 22.388304 0.000000 0.000000 
-8.866795 -19.303326 0.686703 -16.088379 20.641396 0.000000 0.000000 
-9.057479 -19.444611 0.021966 -11.313745 22.093752 0.000000 0.000000 
-8.713561 -19.683067 -1.180088 -3.186912 28.964642 0.000000 0.000000 
-8.673311 -19.890541 -2.677416 -10.464035 22.712513 0.000000 0.000000 
-8.269416 -20.445763 -0.737274 -9.411537 20.919764 0.000000 0.000000 
-8.432509 -20.724087 -0.569111 -11.138597 20.110800 0.000000 0.000000 
-8.413520 -21.197975 -0.535938 -11.007126 21.013220 0.000000 0.000000 
-8.445297 -21.494484 -0.536067 -9.465164 23.106441 0.000000 0.000000 
-8.084499 -22.162430 -0.848920 -9.566864 23.006840 0.000000 0.000000 
-8.139624 -22.597157 -0.949494 -13.680467 21.128557 0.000000 0.000000 
-9.106974 -22.430691 -0.046699 -9.265396 21.861238 0.000000 0.000000 
-8.884594 -22.575665 3.724434 -3.997070 24.416916 0.000000 0.000000 
-8.974870 -22.722855 0.977008 -4.892502 24.583921 0.000000 0.000000 
-8.363647 -23.012623 0.118712 -9.990570 19.937683 0.000000 0.000000 
11.311606 -21.303711 0.477654 3.701691 31.485788 0.000000 0.000000 
12.395118 -20.937580 0.542876 21.913834 42.160271 0.000000 0.000000 
11.619344 -21.646114 1.516334 7.094688 32.587479 0.000000 0.000000 
12.445648 -21.192593 0.550964 23.953827 43.205456 0.000000 0.000000 
12.466005 -21.248753 0.646599 -1.113937 21.017313 0.000000 0.000000 
12.154647 -21.660469 0.495194 2.286461 27.126282 0.000000 0.000000 
12.044193 -21.959068 0.648922 4.642708 25.648540 0.000000 0.000000 
11.802485 -22.364201 0.652241 -1.021477 23.112001 0.000000 0.000000 
11.575541 -22.669567 0.814408 6.163101 29.563816 0.000000 0.000000 
-8.383529 -25.468113 -0.500973 -7.561440 20.863380 0.000000 0.000000 
-8.164394 -25.590084 0.462624 -10.077652 19.656620 0.000000 0.000000 
-1.487983 -27.556671 0.091363 7.028656 34.967632 1.000000 0.000000 
-1.681453 -27.603127 -0.400270 10.922928 40.707458 1.000000 0.000000 
-1.955992 -27.821068 -0.409483 11.583344 40.212231 1.000000 0.000000 
-2.005396 -27.908718 0.104990 11.059357 39.638439 1.000000 0.000000 
-1.529742 -28.076042 0.010736 7.859245 38.446480 1.000000 0.000000 
-8.434688 -27.644150 -1.121068 -8.981772 19.533916 0.000000 0.000000 
-9.239915 -28.628132 -0.422440 -8.402931 18.769756 0.000000 0.000000 
-8.420804 -29.131115 0.576470 -11.794960 18.653795 0.000000 0.000000 
-8.913149 -29.243168 0.061621 -10.046248 17.227900 0.000000 0.000000 
7.572769 -29.722305 -0.572944 -8.225366 18.869749 0.000000 0.000000 
10.882243 -30.102882 -1.229182 5.862854 31.101007 0.000000 0.000000 
-8.635324 -31.491405 -0.640252 -7.735765 19.085409 0.000000 0.000000 
10.926161 -30.588585 -1.099741 2.220490 24.358452 0.000000 0.000000 
11.868616 -30.225609 -1.181569 1.548859 24.763367 0.000000 0.000000 
13.060750 -29.907623 1.995942 -4.106461 19.739233 0.000000 0.000000 
-8.448788 -32.508881 -0.846199 -7.404953 19.542822 0.000000 0.000000 
-8.514927 -32.700695 -0.951833 -8.129753 17.753016 0.000000 0.000000 
13.255437 -30.564297 1.448493 -5.137054 17.546366 0.000000 0.000000 
-8.567808 -32.866684 -0.702353 -5.496391 19.397566 0.000000 0.000000 
-8.607196 -32.868618 -0.916535 -5.934593 19.329321 0.000000 0.000000 
13.846238 -30.545277 4.045184 -2.465072 20.235275 0.000000 0.000000 
5.167380 -33.977406 -0.829486 -6.514174 19.890059 0.000000 0.000000 
15.687745 -30.383038 1.185561 7.260605 27.889244 0.000000 0.000000 
5.368944 -34.174599 -0.148343 6.400566 31.643877 0.000000 0.000000 
15.749761 -30.665745 1.217047 12.099312 29.816284 0.000000 0.000000 
6.139703 -34.207386 0.288603 1.971321 23.922085 0.000000 0.000000 
5.441943 -34.411068 -0.366396 6.106819 28.946669 0.000000 0.000000 
5.440758 -34.549110 -3.151991 1.121575 25.504684 0.000000 0.000000 
6.561469 -35.022339 -0.762166 -4.570023 19.447845 0.000000 0.000000 
-9.592782 -35.147549 4.747324 -5.671104 20.574770 0.000000 0.000000 
7.056833 -36.374599 1.560920 -1.672180 22.895206 0.000000 0.000000 
6.169690 -36.812840 1.676140 -0.787308 22.659576 0.000000 0.000000 
6.208223 -37.022045 0.407688 -2.726516 21.600143 0.000000 0.000000 
8.141487 -36.689781 1.396930 -0.532471 22.080055 0.000000 0.000000 
4.729541 -37.509190 -0.389036 -3.951614 19.438725 0.000000 0.000000 
19.408888 -32.109177 1.192533 6.096718 22.010363 0.000000 0.000000 
13.828811 -35.186123 4.483654 -0.105591 20.706440 0.000000 0.000000 
5.378047 -37.778023 2.648564 -0.236580 19.092581 0.000000 0.000000 
13.527158 -35.821598 0.764282 5.852859 25.852243 0.000000 0.000000 
13.275087 -35.987492 0.606550 -3.056747 17.341602 0.000000 0.000000 
14.769990 -35.706989 1.147807 5.553421 23.649252 0.000000 0.000000 
5.207743 -40.246933 -2.227516 4.652328 27.638248 0.000000 0.000000 
5.428154 -40.573494 -0.355497 5.837585 26.340748 0.000000 0.000000 
14.660068 -38.040909 0.323152 4.147987 23.958788 0.000000 0.000000 
20.445673 -35.467636 2.030384 1.963761 18.190514 0.000000 0.000000 
12.477772 -40.213116 -5.642651 -1.321388 17.130926 0.000000 0.000000 
5.879698 -43.037476 -0.707377 2.049217 23.075876 0.000000 0.000000 
5.860761 -43.221458 -0.203656 -0.038986 19.950909 0.000000 0.000000 
5.278045 -43.507412 8.905950 -0.179802 20.941139 0.000000 0.000000 
14.691792 -41.899891 1.320139 -0.027084 19.389601 0.000000 0.000000 
18.707396 -40.430164 0.956635 -2.408020 17.074539 0.000000 0.000000 
20.935957 -39.262138 1.492922 0.144539 17.019859 0.000000 0.000000 
17.605534 -41.747864 -1.487805 -2.426407 16.642836 0.000000 0.000000 
12.313354 -44.444469 8.392362 -4.317627 17.550890 0.000000 0.000000 
13.260798 -44.197174 4.360522 1.256760 19.244879 0.000000 0.000000 
10.944522 -45.003326 6.175794 -3.656929 21.361601 0.000000 0.000000 
12.273526 -44.670532 -8.013611 -4.757118 20.096832 0.000000 0.000000 
12.265857 -44.877522 4.582656 4.468750 23.217476 0.000000 0.000000 
11.279239 -45.224277 -0.295029 2.919235 23.250906 0.000000 0.000000 
11.741608 -45.421719 -3.564218 -0.429230 19.186769 0.000000 0.000000 
12.605788 -45.249180 -5.485426 -0.870987 19.554157 0.000000 0.000000 
18.882967 -42.937542 0.007657 -2.012298 17.223957 0.000000 0.000000 
5.631325 -47.074791 0.747283 -1.172905 21.278816 0.000000 0.000000 
5.095511 -47.381233 0.001632 -0.295471 19.601181 0.000000 0.000000 
5.785715 -47.300400 0.666773 -0.307045 21.121143 0.000000 0.000000 
21.027319 -42.450092 3.363652 0.952377 19.708593 0.000000 0.000000 
20.809464 -42.838375 2.079496 4.658287 22.479437 0.000000 0.000000 
6.152443 -47.581150 1.075736 0.976052 23.218761 0.000000 0.000000 
3.925317 -48.224415 -5.723357 -0.764206 21.524170 0.000000 0.000000 
19.342705 -44.054520 -0.092894 -1.737671 17.928379 0.000000 0.000000 
18.821194 -44.350853 -0.469983 0.083756 18.678801 0.000000 0.000000 
5.223540 -48.171509 1.065334 -1.655876 20.704178 0.000000 0.000000 
4.328753 -48.407593 1.964750 -0.694389 19.505350 0.000000 0.000000 
3.920212 -48.616470 -2.361359 2.872574 22.152300 0.000000 0.000000 
13.591516 -47.147114 0.456630 -2.701843 16.229263 0.000000 0.000000 
19.983322 -44.785690 2.976224 2.663498 22.106840 0.000000 0.000000 
19.951551 -45.084045 1.087033 6.283363 23.783173 0.000000 0.000000 
8.692845 -48.939529 5.193051 -1.346321 19.323809 0.000000 0.000000 
19.176296 -45.870560 3.851780 2.041168 18.779886 0.000000 0.000000 
4.762738 -50.185902 -0.076226 1.873825 21.749134 0.000000 0.000000 
5.830766 -50.082016 4.381001 2.115196 21.393032 0.000000 0.000000 
20.136309 -46.339458 0.374691 0.891403 18.804394 0.000000 0.000000 
4.841635 -50.573933 3.953224 0.582329 19.052908 0.000000 0.000000 
10.552011 -50.223881 8.569209 -0.366463 18.148514 0.000000 0.000000 
8.378477 -50.935410 2.128432 -0.689331 18.181826 0.000000 0.000000 
5.467093 -52.988564 7.999889 -2.921470 17.871038 0.000000 0.000000 
13.888777 -51.567478 -11.045204 -2.356231 17.100426 0.000000 0.000000 
12.648292 -52.146511 1.084409 0.288292 20.156307 0.000000 0.000000 
12.758909 -52.581482 -1.381367 -0.858307 18.122114 0.000000 0.000000 
5.443401 -54.181145 1.279498 1.414147 20.503759 0.000000 0.000000 
12.737034 -52.858932 2.170785 4.914795 21.614965 0.000000 0.000000 
5.855715 -54.566319 -0.273098 5.652359 23.103302 0.000000 0.000000 
5.243552 -54.679497 1.159514 9.593727 27.960321 0.000000 0.000000 
5.771595 -55.009850 1.703118 12.371475 29.576012 0.000000 0.000000 
5.743115 -55.277550 -0.787889 5.680267 23.639479 0.000000 0.000000 
19.369364 -51.907707 0.189299 -0.320793 16.580292 0.000000 0.000000 
5.639616 -55.475250 1.221536 8.594238 25.641821 0.000000 0.000000 
20.666298 -51.611366 1.605881 3.446717 20.534037 0.000000 0.000000 
19.972334 -52.143940 3.557444 -0.076111 17.464191 0.000000 0.000000 
5.366525 -55.834301 1.264612 -0.373794 18.020325 0.000000 0.000000 
19.914003 -52.244732 1.831303 3.104332 19.318928 0.000000 0.000000 
5.274218 -56.092693 0.403978 4.173058 22.851112 0.000000 0.000000 
5.143561 -56.330864 1.911081 6.580795 24.416435 0.000000 0.000000 
5.376803 -56.715469 1.094442 3.484612 22.018948 0.000000 0.000000 
5.670970 -56.688133 0.837030 -4.057228 16.348614 0.000000 0.000000 
19.976879 -53.510418 1.243978 5.673744 21.520636 0.000000 0.000000 
4.593087 -57.340519 0.009254 0.043068 18.452742 0.000000 0.000000 
21.411909 -53.366348 1.139444 2.578484 18.725893 0.000000 0.000000 
-8.774470 -57.927097 6.397157 -1.371864 17.752293 0.000000 0.000000 
20.446835 -54.493095 1.312673 2.232422 18.088636 0.000000 0.000000 
4.699069 -58.269672 1.183587 -1.975967 17.812630 0.000000 0.000000 
19.961189 -54.862480 1.350601 4.254852 19.711607 0.000000 0.000000 
5.487841 -58.634998 -1.015244 3.477196 21.637075 0.000000 0.000000 
21.317120 -54.761520 -4.160393 2.954529 18.536461 0.000000 0.000000 
5.497544 -58.775127 2.112765 -0.089592 18.879803 0.000000 0.000000 
4.656728 -59.466446 1.256205 2.568863 19.930199 0.000000 0.000000 
4.324675 -59.763496 -1.518587 1.771446 19.867889 0.000000 0.000000 
5.626009 -59.818275 1.823132 12.308739 29.358379 0.000000 0.000000 
5.311003 -60.069069 4.620537 8.795586 25.165173 0.000000 0.000000 
4.967839 -61.091618 1.066922 12.760963 29.199612 0.000000 0.000000 
20.241198 -57.815296 4.815746 3.262215 18.327633 0.000000 0.000000 
5.178131 -61.273346 0.573520 15.802460 32.552483 0.000000 0.000000 
4.938378 -61.337872 1.484777 11.346581 28.149540 0.000000 0.000000 
20.086372 -58.150696 1.489977 9.464828 23.953192 0.000000 0.000000 
5.016876 -61.676666 1.312454 15.658936 31.746656 0.000000 0.000000 
5.331715 -62.074802 1.839030 1.553009 17.583092 0.000000 0.000000 
4.970900 -62.247288 0.592640 12.316063 28.930763 0.000000 0.000000 
5.125712 -62.437901 0.268400 14.245438 30.912390 0.000000 0.000000 
4.990477 -62.533325 0.630024 14.983238 30.522997 0.000000 0.000000 
5.737361 -62.619530 0.636692 11.095871 27.162579 0.000000 0.000000 
4.622261 -62.846371 0.871307 9.792933 26.034334 0.000000 0.000000 
5.311355 -62.900833 0.387553 8.661316 26.171846 0.000000 0.000000 
4.219120 -63.021660 0.464394 7.352104 24.674595 0.000000 0.000000 
5.107319 -63.157879 0.328558 14.350815 30.601923 0.000000 0.000000 
4.550426 -63.396255 0.030624 14.017197 30.487514 0.000000 0.000000 
4.419773 -63.464237 3.658101 6.673691 22.765648 0.000000 0.000000 
4.583510 -63.779789 1.823127 11.602440 25.362537 0.000000 0.000000 
4.768459 -63.882660 -0.307089 17.552467 33.862366 0.000000 0.000000 
5.075145 -64.104012 0.577414 14.130943 30.562874 0.000000 0.000000 
4.818231 -64.174294 0.081497 19.983147 35.535656 0.000000 0.000000 
5.088784 -64.327347 -0.303205 10.463913 27.411385 0.000000 0.000000 
5.492271 -64.521851 0.006965 11.413879 26.166267 0.000000 0.000000 
5.478739 -65.017220 -1.211148 14.369965 29.366329 0.000000 0.000000 
5.418855 -65.250862 0.302461 14.395767 28.968098 0.000000 0.000000 
4.984934 -65.394073 -1.838513 15.100220 29.052799 0.000000 0.000000 
5.212008 -65.470810 0.720824 9.768562 23.842325 0.000000 0.000000 
3.898614 -65.630280 -0.218426 4.097679 21.260307 0.000000 0.000000 
4.945604 -65.807846 -0.030792 7.930031 23.656130 0.000000 0.000000 
7.115204 -66.245369 0.691611 1.086533 17.086708 0.000000 0.000000 
4.884677 -66.634293 0.582231 9.143272 23.299370 0.000000 0.000000 
3.767546 -67.481194 -0.641401 6.248184 23.226208 0.000000 0.000000 
5.552952 -68.463913 0.813875 1.227677 17.544430 0.000000 0.000000 
5.379987 -68.578674 0.382035 1.944832 17.130976 0.000000 0.000000 
5.282304 -68.805367 0.195130 8.832932 22.997837 0.000000 0.000000 
4.094785 -69.064476 0.253392 2.163025 17.992939 0.000000 0.000000 
5.148355 -69.083778 -0.065824 14.029022 27.762764 0.000000 0.000000 
3.403118 -69.580887 0.719297 1.078766 17.552746 0.000000 0.000000 
19.959209 -66.629036 3.362213 6.849693 19.648573 0.000000 0.000000 
4.892015 -69.698540 0.379713 2.346779 18.305361 0.000000 0.000000 
20.753464 -66.550880 2.312574 8.652596 20.924145 0.000000 0.000000 
20.475985 -66.823997 3.830580 9.552498 22.471092 0.000000 0.000000 
5.328232 -69.927055 0.882549 10.237053 23.882906 0.000000 0.000000 
4.991076 -70.699409 0.121325 2.064629 16.574839 0.000000 0.000000 
4.925475 -71.345139 -0.025733 11.280212 25.692028 0.000000 0.000000 
4.806225 -71.554718 5.584093 12.239456 25.011156 0.000000 0.000000 
4.687668 -71.671555 3.188933 3.798561 17.605337 0.000000 0.000000 
5.136282 -72.184517 0.726494 1.945465 17.676527 0.000000 0.000000 
4.965587 -72.198486 2.979953 0.463562 18.261602 0.000000 0.000000 
4.365579 -74.742058 4.131120 0.931534 15.622134 0.000000 0.000000 
20.825802 -77.268997 1.536184 7.884216 18.825426 0.000000 0.000000 
5.689575 -8.805775 -0.497823 -17.622498 22.297974 0.000000 0.000000 
6.701766 -8.399256 -0.133260 -21.846512 19.370728 0.000000 0.000000 
6.452608 -8.802668 -0.299189 -20.545509 20.611555 0.000000 0.000000 
6.639746 -8.852530 -0.257438 -19.876884 20.034882 0.000000 0.000000 
6.492987 -8.975214 0.267697 -19.117775 19.723597 0.000000 0.000000 
4.898891 -10.289954 -0.843702 -22.948158 22.824978 0.000000 0.000000 
6.717262 -9.614375 -0.359450 -18.075050 20.948050 0.000000 0.000000 
6.392927 -9.995221 -0.325217 -17.487007 23.815327 0.000000 0.000000 
6.799822 -9.742629 -0.173758 -19.245682 21.298199 0.000000 0.000000 
6.562821 -9.904795 0.064651 -17.158615 22.858208 0.000000 0.000000 
6.873982 -10.518757 -0.169395 -19.994072 21.207808 0.000000 0.000000 
5.245578 -11.520531 -0.530769 -15.118736 23.920227 0.000000 0.000000 
6.495579 -11.274966 -0.237485 -12.046303 25.828190 0.000000 0.000000 
4.807576 -12.101668 -0.784111 -17.163612 23.529335 0.000000 0.000000 
4.767336 -12.469316 -0.770894 -16.331398 21.556248 0.000000 0.000000 
5.025928 -12.824031 -0.589272 -15.820831 20.537453 0.000000 0.000000 
6.725789 -13.844531 -0.322119 -17.301216 21.119955 0.000000 0.000000 
-8.133147 -16.092789 0.059602 -3.147545 27.215027 0.000000 0.000000 
-8.718182 -16.060867 0.981808 -3.169342 24.709547 0.000000 0.000000 
-8.707941 -16.272057 -0.013466 1.760201 26.861938 0.000000 0.000000 
-8.804080 -16.645224 1.806318 -2.307899 24.999571 0.000000 0.000000 
-8.217948 -17.027874 0.150151 -5.860237 22.883709 0.000000 0.000000 
-8.301910 -17.072830 -0.695542 -3.536690 24.402418 0.000000 0.000000 
-8.568252 -17.183891 0.155480 -9.740341 20.481184 0.000000 0.000000 
-8.234366 -17.489464 0.236235 -8.066658 20.711668 0.000000 0.000000 
-8.371324 -17.583969 -0.251393 -9.084404 20.541454 0.000000 0.000000 
-8.112329 -18.009285 -1.163152 -7.117354 23.867037 0.000000 0.000000 
-8.697753 -17.697006 -0.019171 -7.847687 21.097481 0.000000 0.000000 
-8.709162 -18.157211 -0.328360 -3.723045 23.618542 0.000000 0.000000 
-8.381854 -18.607655 -0.816679 -2.745476 27.546913 0.000000 0.000000 
-8.851110 -18.629124 -0.709008 -6.586679 23.088070 0.000000 0.000000 
12.594323 -17.712891 0.068290 12.559189 42.185841 0.000000 0.000000 
-9.237554 -18.974033 -0.320947 -5.754211 21.355438 0.000000 0.000000 
-8.272861 -19.700146 -1.176323 -8.824782 22.318048 0.000000 0.000000 
-8.415472 -19.655502 -0.737930 -7.909004 22.166613 0.000000 0.000000 
12.589849 -18.053539 0.070010 12.687469 41.672714 0.000000 0.000000 
-8.763658 -19.935535 -0.673277 -1.130264 25.280943 0.000000 0.000000 
-8.152951 -21.584133 -0.911894 -4.797905 23.684578 0.000000 0.000000 
-8.613392 -21.605511 0.525688 -8.280266 19.338898 0.000000 0.000000 
-8.468392 -22.179134 -1.336920 -5.641045 20.212914 0.000000 0.000000 
11.884003 -21.225502 0.123519 12.987450 41.477093 0.000000 0.000000 
-7.986130 -22.578255 -0.695750 -5.844749 20.605293 0.000000 0.000000 
11.370178 -21.664089 0.580250 1.076256 29.021444 0.000000 0.000000 
11.140299 -21.853848 0.036097 6.287727 35.116104 0.000000 0.000000 
-9.045691 -22.212452 -0.316275 -3.650955 22.155495 0.000000 0.000000 
-9.049993 -22.437668 -0.867130 0.269386 27.917662 0.000000 0.000000 
11.497985 -21.971111 0.051054 -4.507042 26.110418 0.000000 0.000000 
11.215624 -22.188507 0.131999 10.838715 37.780872 0.000000 0.000000 
-9.377735 -22.457638 0.638481 1.238007 26.880472 0.000000 0.000000 
11.708666 -22.077034 -0.881665 1.021515 28.825762 0.000000 0.000000 
12.156457 -22.303062 0.771874 -9.849687 19.212708 0.000000 0.000000 
-8.443064 -23.728722 -1.518672 -3.310005 24.040611 0.000000 0.000000 
-8.732937 -24.006279 -0.386170 -6.230469 20.911182 0.000000 0.000000 
-8.573143 -24.535606 0.029230 -6.270561 20.662119 0.000000 0.000000 
-8.505086 -24.693207 -0.667395 -9.055359 19.056570 0.000000 0.000000 
-8.641086 -24.909599 -0.897341 -2.900345 25.085373 0.000000 0.000000 
-8.677838 -25.337147 -0.977456 -1.379577 25.405003 0.000000 0.000000 
-8.760192 -25.363880 -0.664575 -4.153679 23.925232 0.000000 0.000000 
-2.158247 -27.435520 -1.035764 15.508980 42.675842 1.000000 0.000000 
-2.164949 -27.540867 -0.937957 13.229858 42.226334 1.000000 0.000000 
-2.206218 -27.818882 -0.820270 12.584450 40.245457 1.000000 0.000000 
-2.279578 -27.917278 -0.783633 6.977226 36.900208 1.000000 0.000000 
-2.097603 -27.944321 -0.807326 8.381470 35.900387 1.000000 0.000000 
-1.821199 -28.201092 -0.793622 3.092705 32.212757 1.000000 0.000000 
-9.155970 -28.467281 0.290796 -0.280731 24.474415 0.000000 0.000000 
-9.097245 -28.734310 -1.458375 -4.623489 20.910164 0.000000 0.000000 
-9.177339 -28.707573 -0.922796 2.697769 27.437429 0.000000 0.000000 
8.051421 -29.513580 -0.684434 -4.457542 23.434669 0.000000 0.000000 
-9.265030 -28.884842 2.632353 -4.285080 21.153078 0.000000 0.000000 
7.822524 -29.767036 -1.791664 -7.844626 21.102135 0.000000 0.000000 
-8.839066 -29.230450 -0.761271 -2.809387 21.838043 0.000000 0.000000 
-8.925864 -29.280994 -0.298826 -4.860046 20.907907 0.000000 0.000000 
13.596243 -28.230930 3.193331 -7.584503 18.764221 0.000000 0.000000 
14.015215 -28.270645 3.185266 -2.936325 23.676149 0.000000 0.000000 
14.675077 -28.180485 3.210785 -5.380157 21.905998 0.000000 0.000000 
-8.879616 -30.199474 -0.266917 -6.914557 19.233849 0.000000 0.000000 
10.265912 -30.311836 -0.587489 15.696999 43.334064 0.000000 0.000000 
10.154119 -30.716869 -0.833885 10.004951 36.232437 0.000000 0.000000 
14.249384 -29.427784 1.329085 -8.224814 19.928921 0.000000 0.000000 
14.085166 -29.799984 2.898192 -9.084976 20.524940 0.000000 0.000000 
14.567733 -29.811226 2.569349 -7.597220 20.714865 0.000000 0.000000 
14.100286 -30.261852 -0.336249 -4.534706 19.846563 0.000000 0.000000 
-8.879396 -32.256870 -0.237479 -2.413376 22.171373 0.000000 0.000000 
4.159106 -33.751781 -0.814017 -9.387733 18.122990 0.000000 0.000000 
5.447350 -33.908199 -1.668284 -4.844353 21.716034 0.000000 0.000000 
-8.674379 -33.163082 -0.461844 -4.454002 23.088169 0.000000 0.000000 
5.554675 -34.137920 -0.735566 -2.790481 22.672684 0.000000 0.000000 
4.828582 -34.324501 -0.444090 8.363861 34.943413 0.000000 0.000000 
21.436563 -27.777523 0.291746 -0.431907 23.909914 0.000000 0.000000 
4.890888 -34.632523 -0.349928 14.158134 37.539993 0.000000 0.000000 
21.439066 -27.871563 0.309735 -3.906669 19.307512 0.000000 0.000000 
4.737009 -34.830070 4.549796 0.267388 25.412384 0.000000 0.000000 
21.735598 -27.839119 0.784193 -3.061195 20.474236 0.000000 0.000000 
21.505728 -28.025261 0.854710 -4.754143 19.923906 0.000000 0.000000 
5.300301 -34.984730 3.914992 0.526505 25.194532 0.000000 0.000000 
21.585886 -28.243244 0.642705 1.153221 24.773672 0.000000 0.000000 
21.430014 -28.464336 0.547752 2.317734 24.991892 0.000000 0.000000 
21.573519 -28.552376 0.656965 4.019753 27.544434 0.000000 0.000000 
6.312931 -35.159470 -0.467559 -10.518570 18.493839 0.000000 0.000000 
21.590523 -28.746876 0.945570 4.840469 27.234909 0.000000 0.000000 
21.720621 -28.737415 0.790035 6.969551 29.704586 0.000000 0.000000 
21.614367 -29.107750 0.843054 0.764946 24.049501 0.000000 0.000000 
21.422001 -29.331646 0.585766 -2.946625 18.570820 0.000000 0.000000 
21.397884 -29.516354 0.998995 5.469238 27.148354 0.000000 0.000000 
21.485256 -29.475365 0.684558 0.892174 23.181116 0.000000 0.000000 
21.628384 -29.683445 0.452212 0.914231 23.410482 0.000000 0.000000 
-9.863053 -34.971054 -0.679716 1.861862 23.305265 0.000000 0.000000 
21.455357 -30.087650 0.882635 -2.947128 20.082706 0.000000 0.000000 
-9.434219 -35.303326 -5.292331 2.593537 24.951633 0.000000 0.000000 
6.434978 -36.302917 -1.949005 -3.230880 20.323612 0.000000 0.000000 
21.448591 -30.382656 0.013453 4.550774 26.192266 0.000000 0.000000 
21.468187 -30.654118 0.624521 24.204224 43.383602 0.000000 0.000000 
21.308374 -30.977142 0.612557 20.324242 41.145111 0.000000 0.000000 
21.086397 -31.161049 0.235847 8.502060 30.413523 0.000000 0.000000 
5.365849 -37.134022 1.157926 4.093712 26.425243 0.000000 0.000000 
7.044304 -37.026150 -0.737001 -0.708404 20.430582 0.000000 0.000000 
5.582623 -37.268284 2.002395 2.521477 25.221739 0.000000 0.000000 
21.821108 -30.993729 0.584387 5.737007 27.365101 0.000000 0.000000 
21.379105 -31.404800 0.951324 15.189552 35.059284 0.000000 0.000000 
5.531083 -37.461304 -1.459722 7.252655 27.649805 0.000000 0.000000 
21.690796 -31.323372 1.614619 2.828087 26.701620 0.000000 0.000000 
13.040037 -35.779663 4.260108 -4.156227 20.480844 0.000000 0.000000 
14.035189 -35.649334 3.386789 0.513199 22.949451 0.000000 0.000000 
21.220436 -32.008644 -0.952443 1.716316 25.997000 0.000000 0.000000 
14.168919 -35.834717 -1.509503 1.325547 21.750225 0.000000 0.000000 
21.548281 -31.994511 0.945296 8.911720 31.270405 0.000000 0.000000 
21.523256 -32.222813 1.016335 2.915146 25.578270 0.000000 0.000000 
21.582685 -32.265594 -0.442219 0.610192 23.737898 0.000000 0.000000 
22.186510 -31.934319 1.865953 -1.257759 25.717161 0.000000 0.000000 
21.384115 -32.704372 0.998198 7.416588 31.207355 0.000000 0.000000 
21.745955 -32.623993 1.270116 -0.737015 24.129999 0.000000 0.000000 
21.746077 -32.713196 1.421539 7.149910 29.373447 0.000000 0.000000 
21.361088 -33.203419 1.104809 6.759659 29.244833 0.000000 0.000000 
21.342127 -33.408485 1.679891 9.807396 32.605537 0.000000 0.000000 
21.408587 -33.497253 1.313646 10.121231 32.867691 0.000000 0.000000 
-9.063120 -38.292633 -1.049577 -1.009315 20.819799 0.000000 0.000000 
21.324057 -33.814835 0.603569 2.833657 24.779686 0.000000 0.000000 
20.968203 -34.165611 1.187387 6.113228 27.001869 0.000000 0.000000 
21.154980 -34.229439 0.317777 -0.351585 21.731550 0.000000 0.000000 
21.339142 -34.364155 1.354733 7.449989 29.432533 0.000000 0.000000 
4.881353 -40.252270 0.169026 10.147423 35.419170 0.000000 0.000000 
21.412109 -34.632038 0.554015 -1.071731 21.386673 0.000000 0.000000 
21.513502 -34.728413 1.845613 -2.971763 18.512394 0.000000 0.000000 
4.779920 -40.455788 -0.032646 12.623085 35.729862 0.000000 0.000000 
21.641161 -34.956383 1.578466 -5.679840 17.633011 0.000000 0.000000 
21.712032 -34.976700 1.988102 4.819611 26.584223 0.000000 0.000000 
21.273586 -35.436653 0.947060 -0.785667 20.128328 0.000000 0.000000 
21.299646 -35.448616 1.983621 -3.874473 19.408260 0.000000 0.000000 
13.283749 -39.472679 -8.332756 -4.837631 18.400288 0.000000 0.000000 
11.820913 -40.105129 2.421400 -8.366118 18.897242 0.000000 0.000000 
12.364093 -39.998562 -7.060143 -9.077188 20.221575 0.000000 0.000000 
3.983647 -41.623940 7.274156 -3.458519 20.706274 0.000000 0.000000 
12.983447 -40.487934 6.419734 -0.957550 20.629480 0.000000 0.000000 
13.872296 -40.530239 -4.601140 -0.711723 23.209593 0.000000 0.000000 
19.179768 -39.294533 1.871096 0.213013 21.113768 0.000000 0.000000 
13.507689 -41.947166 -0.116959 -3.979141 17.777464 0.000000 0.000000 
14.859352 -42.078476 2.748173 0.035057 20.927799 0.000000 0.000000 
13.956781 -42.446659 1.656383 -2.497123 18.571444 0.000000 0.000000 
3.892376 -44.637295 6.058734 -4.627182 17.675642 0.000000 0.000000 
12.519566 -44.037193 -1.321034 -4.325096 17.927517 0.000000 0.000000 
11.933677 -44.535770 4.396978 4.197487 24.699314 0.000000 0.000000 
11.493244 -45.033718 2.466679 3.126061 22.109901 0.000000 0.000000 
4.668935 -47.103088 -0.035518 2.155358 24.096710 0.000000 0.000000 
4.126581 -47.469006 -0.651939 -3.965523 19.097359 0.000000 0.000000 
4.032776 -47.520596 0.206320 -1.374588 20.029778 0.000000 0.000000 
4.862320 -47.728443 -0.105488 -7.483705 16.092339 0.000000 0.000000 
18.633715 -44.389961 -0.166841 -1.931335 17.971684 0.000000 0.000000 
19.118971 -44.204842 0.105177 -1.500091 18.148905 0.000000 0.000000 
4.353758 -47.883034 -0.268379 -3.022247 19.498461 0.000000 0.000000 
3.893238 -47.992527 2.088353 -1.845817 19.566423 0.000000 0.000000 
3.635504 -48.117786 -0.502645 -0.850044 21.798315 0.000000 0.000000 
19.377300 -44.408695 -0.203613 -2.581619 17.433880 0.000000 0.000000 
3.568052 -48.211117 0.897473 0.514969 21.389965 0.000000 0.000000 
3.763329 -48.334671 0.681296 7.014847 27.389700 0.000000 0.000000 
-9.869115 -47.720112 3.570579 -0.719276 18.828081 0.000000 0.000000 
18.641928 -45.615372 0.180235 -5.168159 16.953609 0.000000 0.000000 
18.879839 -45.661221 -0.560768 6.353943 24.148191 0.000000 0.000000 
20.540789 -45.645573 0.917870 -5.715561 15.299216 0.000000 0.000000 
13.994338 -48.226940 -1.458145 0.619919 20.755093 0.000000 0.000000 
5.944262 -49.801182 4.121508 -3.473900 19.970016 0.000000 0.000000 
2.715776 -50.044033 4.808814 -0.703171 22.743933 0.000000 0.000000 
20.322104 -46.008949 0.224937 0.228844 18.723616 0.000000 0.000000 
3.754779 -50.208927 3.539124 4.172119 24.107552 0.000000 0.000000 
4.686192 -50.325798 3.108525 5.428200 23.258526 0.000000 0.000000 
19.479214 -46.850506 0.035237 1.876930 20.215965 0.000000 0.000000 
13.121932 -48.975868 -1.462087 4.102707 21.736032 0.000000 0.000000 
18.902433 -47.114830 -0.655519 3.048386 20.208851 0.000000 0.000000 
-9.756590 -53.018074 2.960497 2.532112 19.576429 0.000000 0.000000 
21.463356 -49.832932 3.431653 -0.482086 15.949821 0.000000 0.000000 
5.042792 -53.981506 -1.648339 8.272606 25.553486 0.000000 0.000000 
4.290731 -54.188248 -1.703545 0.941506 19.546621 0.000000 0.000000 
5.353278 -54.963455 2.690618 3.020531 20.488373 0.000000 0.000000 
20.257765 -51.855564 1.744849 -0.986023 16.138596 0.000000 0.000000 
5.344746 -55.295998 -4.009303 10.722824 25.505810 0.000000 0.000000 
4.798557 -56.439186 1.627786 18.488983 30.364981 0.000000 0.000000 
4.085436 -56.768921 -1.335956 3.432778 18.892176 0.000000 0.000000 
5.049573 -57.411957 -4.146207 6.569351 21.818672 0.000000 0.000000 
4.780180 -57.709637 -1.387154 9.492294 22.724281 0.000000 0.000000 
4.431062 -58.636703 3.106080 5.363716 22.233648 0.000000 0.000000 
4.062457 -58.991943 3.024160 7.996147 23.433998 0.000000 0.000000 
3.934584 -59.581596 -0.554893 7.887985 24.488705 0.000000 0.000000 
3.932188 -59.836567 -0.930645 9.320457 24.352737 0.000000 0.000000 
4.737174 -59.830807 2.546485 6.961609 23.739092 0.000000 0.000000 
4.582872 -60.016811 3.464760 3.479653 21.492779 0.000000 0.000000 
4.149519 -60.225124 3.970279 12.079597 27.011805 0.000000 0.000000 
18.438288 -58.417950 1.822212 2.700455 17.534245 0.000000 0.000000 
18.441574 -58.530678 1.288029 -0.638969 16.244009 0.000000 0.000000 
4.053211 -61.281975 2.440534 6.280945 22.587944 0.000000 0.000000 
4.163717 -61.470032 1.168371 11.041252 25.595711 0.000000 0.000000 
4.044322 -61.789272 -0.981885 3.895272 20.728741 0.000000 0.000000 
3.896809 -62.392738 0.539207 7.554718 23.634628 0.000000 0.000000 
3.525537 -62.651691 6.854615 6.201218 23.527683 0.000000 0.000000 
4.237759 -62.675781 -0.851531 6.603386 22.739883 0.000000 0.000000 
3.055756 -62.921555 -1.072255 1.795738 21.341581 0.000000 0.000000 
5.281433 -63.018227 1.655795 10.275864 24.925995 0.000000 0.000000 
12.857011 -61.989765 4.332946 1.788895 16.966879 0.000000 0.000000 
13.186460 -62.313946 -3.272504 6.905998 18.604792 0.000000 0.000000 
4.673175 -63.609756 -3.218776 3.463089 18.345707 0.000000 0.000000 
3.989943 -63.818264 1.268603 11.410263 26.291065 0.000000 0.000000 
4.465543 -63.940147 -0.459371 7.936905 22.838280 0.000000 0.000000 
3.760283 -64.061127 -0.530336 18.807762 34.265827 0.000000 0.000000 
4.163951 -64.181030 -0.894587 3.211685 18.306858 0.000000 0.000000 
3.439090 -64.356232 -0.640098 16.434547 31.525345 0.000000 0.000000 
3.807862 -64.494186 -0.947601 2.123764 18.720585 0.000000 0.000000 
4.050044 -64.745361 2.095008 3.272827 17.785194 0.000000 0.000000 
4.476675 -64.839172 -0.729257 -0.514961 15.785172 0.000000 0.000000 
4.946531 -64.932777 -2.360506 10.466728 25.185041 0.000000 0.000000 
4.311621 -65.182686 -0.572469 7.038048 20.695524 0.000000 0.000000 
3.560199 -65.278870 -1.328810 7.819626 24.556477 0.000000 0.000000 
4.273540 -65.561172 0.160798 8.238121 24.499084 0.000000 0.000000 
4.437037 -65.856995 0.292993 2.328285 17.024488 0.000000 0.000000 
4.420388 -66.141762 0.671387 10.999298 25.521763 0.000000 0.000000 
4.743726 -66.375519 0.152734 9.530151 23.922138 0.000000 0.000000 
18.097284 -65.095451 6.234123 6.874435 19.616552 0.000000 0.000000 
4.277763 -67.552254 1.823375 15.949951 29.585306 0.000000 0.000000 
18.235352 -65.363037 6.104348 11.249977 21.427500 0.000000 0.000000 
4.016953 -67.955360 2.189269 12.515755 25.784668 0.000000 0.000000 
3.988185 -68.287071 0.365230 3.594254 18.328823 0.000000 0.000000 
3.328202 -68.496628 -0.057817 3.090531 16.558086 0.000000 0.000000 
4.213219 -68.496277 -1.001369 14.711273 29.841921 0.000000 0.000000 
4.976879 -69.861061 1.365690 5.907112 20.075800 0.000000 0.000000 
2.566328 -70.200859 4.354943 -0.741356 23.138386 0.000000 0.000000 
4.496347 -70.202362 -0.566533 4.947723 18.199263 0.000000 0.000000 
3.900863 -70.951797 0.605133 -0.297249 14.644577 0.000000 0.000000 
3.797083 -71.357155 2.728469 16.349487 29.393806 0.000000 0.000000 
4.076692 -71.708923 0.586039 18.153503 30.692284 0.000000 0.000000 
4.058682 -72.182297 3.325046 3.665451 17.581871 0.000000 0.000000 
3.417046 -73.384720 1.695511 3.703423 17.647480 0.000000 0.000000 
4.734900 -75.037788 2.004907 4.348259 19.674885 0.000000 0.000000 
18.795292 -78.930641 -0.431134 3.072098 17.968298 0.000000 0.000000 
19.038052 -79.101334 2.426000 6.863876 18.897755 0.000000 0.000000 
18.658081 -79.692673 1.291613 6.078278 16.870012 0.000000 0.000000 
17.119852 -85.035210 5.768857 2.403221 13.258816 0.000000 0.000000 
18.066498 -85.060410 2.448563 1.121712 14.445704 0.000000 0.000000 
16.876173 -85.433823 6.344308 7.789200 17.013786 0.000000 0.000000 
-8.547474 -5.070606 -1.071778 -12.683502 21.685987 0.000000 0.000000 
16.154200 28.413519 2.657708 -8.556610 17.294380 0.000000 0.000000 
15.631612 28.926296 2.361037 -17.422958 12.273880 0.000000 0.000000 
16.168888 28.718418 2.825285 -20.170021 11.918880 0.000000 0.000000 
13.857714 33.392387 -4.447997 -15.305626 13.777237 0.000000 0.000000 
15.680138 34.207039 -4.146535 -5.496529 18.610048 0.000000 0.000000 
21.386526 32.287136 2.930363 -10.217978 12.916161 0.000000 0.000000 
21.969852 32.388817 3.688323 -8.359221 15.116215 0.000000 0.000000 
23.706022 37.251423 4.087008 -2.697151 13.511780 0.000000 0.000000 
23.728964 37.421421 4.261700 -4.922661 16.693331 0.000000 0.000000 
8.624716 59.712017 0.663676 -11.308517 16.121666 0.000000 0.000000 
8.548436 62.611301 -0.347117 -0.691406 20.458567 0.000000 0.000000 
9.021305 62.848286 -0.902116 -1.711014 23.064432 0.000000 0.000000 
8.797137 62.894287 -0.878849 -6.162987 18.748943 0.000000 0.000000 
9.519644 68.126091 -5.430789 -6.368834 19.438358 0.000000 0.000000 
-6.338590 44.465256 -0.322282 -9.328650 17.683800 0.000000 0.000000 
-6.273955 45.180733 -0.581684 -20.445076 8.080565 0.000000 0.000000 
-6.385050 60.386684 -4.002579 -11.664229 15.903120 0.000000 0.000000 
10.220395 19.544708 2.359007 -23.531952 11.994370 0.000000 0.000000 
-9.412334 80.274841 -0.971407 -7.598480 16.492002 1.000000 1.000000 
-9.222786 81.509590 -0.589489 -16.239525 12.669024 1.000000 1.000000 
-7.242351 -0.661856 -0.713192 1.674217 47.769321 0.000000 0.000000 
-7.201029 -0.076443 -0.819523 -16.838135 29.101545 0.000000 0.000000 
-7.254197 -0.733104 -0.770641 -3.456741 46.249802 0.000000 0.000000 
-7.218788 -0.074405 -0.704828 -22.697609 25.358662 0.000000 0.000000 
-7.276037 -1.014370 -0.778639 -17.820950 31.326988 0.000000 0.000000 
-7.287062 -1.332326 -0.780296 -18.213783 27.893019 0.000000 0.000000 
-7.337479 -1.005812 -0.683881 -21.281075 24.514336 0.000000 0.000000 
-7.343314 -1.297177 -0.456538 -24.513508 23.658844 0.000000 0.000000 
-7.489936 -1.209014 0.410810 -23.326763 24.509399 0.000000 0.000000 
-7.393193 -2.177129 -0.601147 -21.502148 23.725824 0.000000 0.000000 
-7.489289 0.167657 0.300006 -18.515800 23.464634 0.000000 0.000000 
-7.676567 -1.558865 -0.140928 -15.402710 33.292915 0.000000 0.000000 
-7.250224 1.614592 -0.736815 -24.422821 21.629236 0.000000 0.000000 
-7.489707 0.871052 -0.130932 -17.966400 26.723440 0.000000 0.000000 
-7.706118 -0.409297 0.227184 -18.655685 30.559784 0.000000 0.000000 
-7.565576 0.603578 -0.192686 -16.869675 27.614754 0.000000 0.000000 
-7.193674 1.822633 -0.535921 -23.747864 23.188669 0.000000 0.000000 
-7.545012 -2.878167 -0.738511 -22.610298 22.725328 0.000000 0.000000 
-7.721145 0.499242 0.381849 -13.530205 26.722023 0.000000 0.000000 
-7.722698 0.726900 -0.381629 -17.517250 23.075451 0.000000 0.000000 
-7.863001 -1.819396 0.021438 -15.510756 27.803423 0.000000 0.000000 
-7.936711 -0.740062 0.024168 -16.157150 28.306562 0.000000 0.000000 
-7.878631 -1.823193 -0.321649 -16.009575 28.068584 0.000000 0.000000 
-7.852599 0.247246 -0.093305 -11.793097 29.928474 0.000000 0.000000 
-7.792524 -2.535398 0.328037 -19.113113 24.350979 0.000000 0.000000 
-7.987641 -0.826131 -0.175240 -18.302399 26.477737 0.000000 0.000000 
-7.642814 1.554682 -0.193999 -10.480910 23.547258 0.000000 0.000000 
-8.037743 -1.444183 0.031795 -13.172462 23.538542 0.000000 0.000000 
-8.067991 -0.763780 0.062428 -8.518173 29.270863 0.000000 0.000000 
-8.086617 -0.827601 -0.173339 -18.326866 24.861156 0.000000 0.000000 
-7.849048 -3.108669 0.006674 -17.430710 21.403095 0.000000 0.000000 
-8.249453 0.482186 -0.048281 -11.493217 21.509575 0.000000 0.000000 
-8.019701 -3.303146 -0.257197 -11.307487 23.392414 0.000000 0.000000 
-7.881400 -3.712623 -0.156341 -12.185449 20.418938 0.000000 0.000000 
-7.821476 -3.879673 -0.024411 -13.868683 19.350710 0.000000 0.000000 
-7.901593 -4.854627 -0.395585 -11.052505 20.216257 0.000000 0.000000 
-7.956950 3.010986 -0.225107 -9.821770 21.452425 0.000000 0.000000 
-7.948158 -5.171973 -0.318644 -12.853477 23.638021 0.000000 0.000000 
-8.405487 -4.415762 -0.083878 -14.891899 22.542099 0.000000 0.000000 
-7.770646 -5.725653 0.010484 -10.064934 24.476421 0.000000 0.000000 
-7.980192 -5.455533 -0.018806 -11.719499 25.080690 0.000000 0.000000 
-7.761321 -5.957380 0.283712 -16.224350 23.247021 0.000000 0.000000 
-7.790626 -5.979026 -0.430363 -19.354652 20.906712 0.000000 0.000000 
-8.158432 -5.655672 0.042304 -18.043533 24.382799 0.000000 0.000000 
-8.046882 -5.863022 -0.476112 -14.652016 25.002323 0.000000 0.000000 
-8.181853 -5.920309 -0.344702 -9.491638 28.511522 0.000000 0.000000 
-8.356534 -5.714058 -0.378146 -18.617859 22.810951 0.000000 0.000000 
-8.178322 -6.074147 -0.492793 -9.467720 30.034351 0.000000 0.000000 
-8.015112 -6.625444 -0.541892 -20.168373 20.422459 0.000000 0.000000 
-7.981271 -6.673615 -0.476548 -15.020912 23.208849 0.000000 0.000000 
-8.103031 -6.579873 0.415622 -16.936447 25.140898 0.000000 0.000000 
-7.831389 -6.932046 0.742421 -16.920151 25.099430 0.000000 0.000000 
-8.255400 -6.459286 -0.134631 -16.258957 26.619186 0.000000 0.000000 
-8.493541 -6.327497 -0.134126 -13.833694 27.590012 0.000000 0.000000 
-8.774294 -6.013103 -0.204425 -19.571472 25.637434 0.000000 0.000000 
-8.243308 -6.774645 0.386847 -21.571899 22.239006 0.000000 0.000000 
-8.059566 -7.035750 -0.174118 -11.724327 30.019209 0.000000 0.000000 
-8.101581 -7.277794 -0.067047 -15.947220 29.350740 0.000000 0.000000 
-8.767123 -6.423209 -0.162161 -18.214127 23.732403 0.000000 0.000000 
-7.985127 -7.827937 0.000772 -9.334770 33.267010 0.000000 0.000000 
-8.290810 -7.676426 -0.062530 -15.064957 27.234098 0.000000 0.000000 
-7.885773 -8.173786 0.132138 -8.659781 33.315208 0.000000 0.000000 
-8.840228 -7.159029 -0.041953 -14.896515 26.424597 0.000000 0.000000 
-8.031690 -8.427357 0.216704 -15.748978 29.436436 0.000000 0.000000 
-8.023829 -8.630640 0.376475 -15.279732 26.541992 0.000000 0.000000 
-9.099125 -7.899710 0.100037 -18.910439 21.423189 0.000000 0.000000 
-8.495205 -9.830431 1.731670 -9.263008 29.789440 0.000000 0.000000 
-8.744493 -10.608584 3.131558 -18.952431 21.777611 0.000000 0.000000 
-13.296498 1.344075 0.203959 -15.905647 23.699781 1.000000 0.000000 
-13.449767 0.354962 -0.880508 -15.913574 22.797689 0.000000 0.000000 
-13.499264 0.456200 -1.069664 -14.442001 26.803604 0.000000 0.000000 
-13.543345 0.250719 -1.184471 -19.149406 22.176746 0.000000 0.000000 
-13.766948 0.019283 -0.937311 -18.738785 23.926336 0.000000 0.000000 
-14.025672 -0.263615 -1.456235 -14.797058 26.450254 0.000000 0.000000 
7.700796 -14.628180 6.562182 -14.013649 22.999901 1.000000 0.000000 
-19.667597 -0.116983 -1.374837 -14.817482 22.708176 0.000000 0.000000 
-25.305145 -1.427914 1.935698 -6.903221 23.125265 0.000000 0.000000 
-25.536806 -6.766702 1.230978 -12.186751 17.580517 0.000000 0.000000 
-29.180906 -3.280617 4.538423 -8.232750 19.861048 0.000000 0.000000 
-29.249901 -9.210060 3.155172 -8.625328 18.137566 0.000000 0.000000 
-29.171255 -9.684493 3.350337 -3.517921 22.005447 0.000000 0.000000 
-29.241068 -9.889946 3.833844 -1.213112 23.135841 0.000000 0.000000 
-29.291418 -9.879196 3.985918 -7.502130 21.688965 0.000000 0.000000 
-29.570488 -9.615449 3.784618 -4.399628 20.587635 0.000000 0.000000 
-29.341499 -10.836031 3.197321 -1.181274 22.120293 0.000000 0.000000 
-29.765606 -10.653725 2.660744 -4.374588 21.619820 0.000000 0.000000 
-29.782415 -10.795872 2.280702 -0.741173 22.996883 0.000000 0.000000 
-31.326679 3.084958 2.905678 -5.828667 19.362843 0.000000 0.000000 
-28.771626 -15.358516 2.941673 -1.695366 21.190548 0.000000 0.000000 
-28.941139 -15.129256 2.828050 -4.432701 20.372866 0.000000 0.000000 
-29.731531 -13.913527 3.113307 -5.461449 18.691099 0.000000 0.000000 
-29.431911 -15.043023 2.541451 -4.780136 20.547665 0.000000 0.000000 
-29.703203 -14.490100 2.194896 -5.702072 20.551804 0.000000 0.000000 
-29.978424 -14.851113 2.102845 -1.904419 20.410225 0.000000 0.000000 
-30.306747 -14.396691 3.518418 -3.331756 20.029911 0.000000 0.000000 
-30.149553 -14.886171 1.832029 -3.301506 19.055418 0.000000 0.000000 
-24.052027 -23.847340 1.905324 -6.368361 16.704113 0.000000 0.000000 
-30.963490 -13.913076 2.609813 -6.764084 17.817638 0.000000 0.000000 
-24.813152 -23.740784 2.241957 -6.302887 18.772346 0.000000 0.000000 
-25.240561 -23.775574 2.716821 -2.770233 21.245966 0.000000 0.000000 
-24.304405 -24.964249 1.524078 -6.588347 17.582352 0.000000 0.000000 
-24.251612 -25.343967 2.634834 -0.049515 24.201195 0.000000 0.000000 
-24.089209 -25.578815 2.783709 -1.088310 21.049362 0.000000 0.000000 
-30.904306 -16.882719 2.667149 -5.603218 18.392128 0.000000 0.000000 
-23.521492 -29.419323 2.274830 -3.604141 17.427294 0.000000 0.000000 
-25.522858 -27.701664 2.008617 -5.407127 16.276163 0.000000 0.000000 
-24.016022 -29.101025 0.976511 -9.204338 17.448862 0.000000 0.000000 
-23.557665 -29.686150 1.838935 7.846985 28.668243 0.000000 0.000000 
-29.709349 -23.474586 2.243196 -3.930702 18.996323 0.000000 0.000000 
-23.719242 -29.689117 2.558647 2.528725 22.974585 0.000000 0.000000 
-25.349974 -28.307751 1.732762 -1.698379 18.938263 0.000000 0.000000 
-38.255657 2.259609 -0.004558 -2.921386 19.541586 0.000000 0.000000 
-38.364262 0.671344 0.958825 3.857651 26.318687 0.000000 0.000000 
-22.649279 -31.541706 1.914061 0.061821 19.812489 0.000000 0.000000 
-38.396091 -1.188360 -0.558739 -3.721519 19.996742 0.000000 0.000000 
-29.908426 -24.723675 2.397198 -2.767433 18.055141 0.000000 0.000000 
-22.697851 -32.371181 1.656150 6.996132 27.357086 0.000000 0.000000 
-22.874939 -32.587372 0.450165 -5.466888 16.147263 0.000000 0.000000 
-39.549892 -0.928955 1.659954 -6.007767 19.004293 0.000000 0.000000 
-39.480034 -5.853552 2.438618 -4.225380 19.482803 0.000000 0.000000 
-23.450809 -34.985382 2.312787 -2.619598 17.780703 0.000000 0.000000 
-41.629337 1.354827 3.571221 -0.341957 20.797188 0.000000 0.000000 
-40.175915 -13.309984 1.983860 6.227303 25.741817 0.000000 0.000000 
-43.654648 -3.737379 2.914319 1.361046 22.429840 0.000000 0.000000 
-32.774380 -29.638618 2.193762 1.111183 21.604071 0.000000 0.000000 
-43.711018 -3.464857 3.263942 0.171272 22.856834 0.000000 0.000000 
-24.506962 -37.932877 4.582554 -1.506775 18.281200 0.000000 0.000000 
-45.924679 -1.238761 4.876860 3.181572 25.358471 0.000000 0.000000 
-23.586756 -41.614182 2.336662 -0.437286 17.745865 0.000000 0.000000 
-23.880413 -43.437519 3.667043 -3.191170 17.155512 0.000000 0.000000 
-41.264397 -39.122440 2.627101 2.708992 19.908424 0.000000 0.000000 
-28.200726 -54.481339 2.209295 10.008392 26.740963 0.000000 0.000000 
-27.948940 -54.773075 1.584107 11.032303 27.571705 0.000000 0.000000 
-27.750086 -55.159241 1.870619 9.492363 25.286949 0.000000 0.000000 
-28.039701 -55.954536 1.756417 13.285011 28.629757 0.000000 0.000000 
-27.952473 -56.432465 1.973084 13.565575 29.303307 0.000000 0.000000 
-27.969765 -58.467751 1.746306 3.573410 19.001389 0.000000 0.000000 
-27.952951 -58.729198 2.069935 10.222733 24.334593 0.000000 0.000000 
-28.099344 -59.717621 1.937150 4.832481 20.278904 0.000000 0.000000 
-28.185617 -59.971199 1.500062 9.189095 22.732058 0.000000 0.000000 
-62.353287 20.756836 3.832557 4.484772 17.993870 0.000000 0.000000 
-62.460926 21.160683 3.968517 3.851906 17.073524 0.000000 0.000000 
-63.693050 17.346878 4.119047 5.593887 18.532631 0.000000 0.000000 
3.911488 -66.320580 -2.921135 4.383591 21.837963 0.000000 0.000000 
-62.395184 22.689846 4.397858 2.278404 17.129978 0.000000 0.000000 
-62.363205 23.628731 4.149166 0.752617 16.442505 0.000000 0.000000 
-62.426807 23.555031 4.154566 16.644066 30.728210 0.000000 0.000000 
4.962977 -67.857452 -2.389571 8.986565 25.333359 0.000000 0.000000 
4.779335 -68.138992 -6.117830 -0.069618 15.884325 0.000000 0.000000 
5.520225 -70.104706 -2.532026 0.885033 15.894352 0.000000 0.000000 
5.747349 -70.270294 -2.691965 13.146797 26.458202 0.000000 0.000000 
4.413525 -70.985199 -2.966995 3.491356 17.463089 0.000000 0.000000 
4.097903 -71.179192 -0.653718 -1.212898 15.301178 0.000000 0.000000 
3.834998 -71.241516 -1.425594 2.597832 18.920296 0.000000 0.000000 
-71.396446 -6.811873 5.055718 3.070168 18.132246 0.000000 0.000000 
5.004434 -71.879601 -0.169252 2.859741 18.534218 0.000000 0.000000 
4.152459 -72.620453 -1.507434 12.470566 27.228830 0.000000 0.000000 
4.354824 -72.846779 -1.407793 21.231888 34.842171 0.000000 0.000000 
4.685946 -73.096893 -3.042011 2.532089 16.990032 0.000000 0.000000 
3.738005 -73.594772 -2.165149 4.613800 18.531502 0.000000 0.000000 
4.437764 -73.796593 -4.502367 15.289154 28.715944 0.000000 0.000000 
4.464996 -74.072716 -9.539200 8.429337 27.048416 0.000000 0.000000 
3.864822 -74.127922 -10.542997 6.809753 22.029243 0.000000 0.000000 
5.482410 -74.414940 -0.743572 4.685677 19.462259 0.000000 0.000000 
4.389699 -74.894730 0.321379 3.873711 17.144501 0.000000 0.000000 
3.520634 -75.039932 1.175250 -2.213012 16.426447 0.000000 0.000000 
5.833721 -75.072487 -1.066739 1.800278 16.360588 0.000000 0.000000 
4.608337 -75.354591 -4.235388 6.496910 20.340229 0.000000 0.000000 
5.604119 -75.555855 -1.878676 -2.431007 15.351771 0.000000 0.000000 
-74.201714 -19.511562 3.928094 6.904419 19.075167 0.000000 0.000000 
-74.054955 -20.228390 2.132293 1.263603 14.285843 0.000000 0.000000 
4.417335 -77.790413 1.048178 4.861649 19.082523 0.000000 0.000000 
-10.292648 -78.177139 5.437407 6.061615 17.641460 0.000000 0.000000 
-28.027487 -73.937469 2.438620 6.656311 16.919502 0.000000 0.000000 
-29.138241 -73.796219 0.837969 4.547890 16.357206 0.000000 0.000000 
5.190882 -79.890663 3.573380 2.719162 16.804831 0.000000 0.000000 
3.188278 -80.360382 2.520667 5.424660 19.715462 0.000000 0.000000 
-24.573872 -78.831856 2.687303 9.809608 21.697538 0.000000 0.000000 
-25.396006 -79.024635 0.191971 7.928177 18.880550 0.000000 0.000000 
3.518250 -83.293106 0.816321 12.429703 25.128704 0.000000 0.000000 
3.649153 -83.581306 1.007192 15.757889 27.998220 0.000000 0.000000 
-72.085648 -57.887405 3.936579 14.235901 22.595234 0.000000 0.000000 
-9.735628 -93.674164 -2.367157 3.198128 13.813872 0.000000 0.000000 
2.759772 -96.401642 6.459371 2.223412 16.136791 0.000000 0.000000 
-72.965767 -64.123489 3.617144 7.282059 15.026759 0.000000 0.000000 
-72.757355 -64.778091 3.618309 8.713722 15.633044 0.000000 0.000000 
3.883149 -97.527267 6.297676 12.154358 22.311029 0.000000 0.000000 
3.575917 -97.936638 4.534991 13.046692 22.492779 0.000000 0.000000 
4.607694 -98.189919 0.558801 11.568207 21.383770 0.000000 0.000000 
3.701171 -98.419159 1.244947 10.346642 20.083963 0.000000 0.000000 
-10.100823 -99.032646 -1.048505 11.598221 21.083931 0.000000 0.000000 
-76.209373 -64.326683 3.336384 5.840691 13.222130 0.000000 0.000000 
-10.255448 -99.215790 0.212046 15.773102 24.782373 0.000000 0.000000 
21.574829 -97.444016 3.175709 7.592384 16.560080 0.000000 0.000000 
-72.771057 -69.552612 2.582544 5.141945 12.897755 0.000000 0.000000 
53.530479 -84.962944 7.690870 17.976364 18.713511 0.000000 0.000000 
4.361625 -104.303040 1.375754 20.360863 30.192451 0.000000 0.000000 
3.769566 -104.523125 0.977138 21.919212 30.257763 0.000000 0.000000 
5.668523 -104.431664 2.108026 3.903672 12.960158 0.000000 0.000000 
55.249393 -89.126770 8.597846 16.252449 17.134197 0.000000 0.000000 
14.243114 -105.963448 3.857966 12.599831 19.115705 0.000000 0.000000 
13.146889 -106.551430 4.316753 12.680824 19.989601 0.000000 0.000000 
52.677231 -96.661911 11.360079 13.331299 15.968148 0.000000 0.000000 
54.135475 -96.090576 7.539961 22.228607 24.202690 0.000000 0.000000 
51.816387 -98.745308 9.058739 12.413170 15.978144 0.000000 0.000000 
53.541092 -98.291351 10.132363 20.368690 21.898605 0.000000 0.000000 
53.217266 -109.501266 6.010786 13.791855 16.580715 0.000000 0.000000 
1.664355 -169.399475 1.674984 18.142715 18.891842 0.000000 0.000000 
59.542141 -175.273682 10.446404 20.144684 15.938258 0.000000 0.000000 
48.230850 -192.348175 4.799246 18.184959 14.111423 0.000000 0.000000 
0.433790 -199.705170 3.163258 25.455063 23.291578 0.000000 0.000000 
-6.917643 -205.510117 7.395453 18.438240 15.197436 0.000000 0.000000 
-4.096177 -205.806412 3.847718 17.435333 14.884833 0.000000 0.000000 
5.311783 -0.134100 -0.591470 -26.449745 22.487383 0.000000 0.000000 
5.417265 0.472275 -0.483245 -24.337696 22.016745 0.000000 0.000000 
6.499944 -1.746500 0.046686 -17.616058 25.223804 0.000000 0.000000 
6.505095 -1.928067 0.287491 -17.513790 24.923460 0.000000 0.000000 
6.687654 -1.689176 0.228939 -14.814930 24.812490 0.000000 0.000000 
6.714200 -1.515610 0.260797 -11.968102 27.400179 0.000000 0.000000 
6.681929 -2.120180 0.072941 -12.454277 22.977463 0.000000 0.000000 
6.706118 -2.010888 -0.045815 -18.684929 24.738853 0.000000 0.000000 
6.822923 -2.381923 0.107141 -14.578613 23.782957 0.000000 0.000000 
7.126719 -1.553120 0.034945 -15.133327 23.233974 0.000000 0.000000 
7.417700 0.014553 0.073716 -8.940763 27.363472 0.000000 0.000000 
7.657845 -1.070003 0.164426 -10.364441 24.655916 0.000000 0.000000 
7.701561 -1.144659 0.024907 -13.607923 25.652342 0.000000 0.000000 
7.744830 -0.834185 0.320582 -12.069739 25.330574 0.000000 0.000000 
6.044997 -5.831662 0.321543 -8.806685 26.839134 0.000000 0.000000 
6.214449 -5.840231 0.025309 -8.211098 30.173393 0.000000 0.000000 
8.130090 0.036025 0.049996 -16.376945 19.408421 0.000000 0.000000 
5.892001 -6.517684 0.245882 -15.687706 20.119099 0.000000 0.000000 
6.350033 -6.149784 0.713584 -7.792708 23.956339 0.000000 0.000000 
6.280573 -6.290643 0.114194 -7.574370 23.930271 0.000000 0.000000 
8.445148 -0.318737 0.299021 -14.767227 22.862223 0.000000 0.000000 
8.565350 -0.805577 0.110905 -10.538301 22.554188 0.000000 0.000000 
7.682217 2.778749 -0.001810 -11.264183 24.969387 0.000000 0.000000 
8.639998 -1.373010 -0.143491 -16.474945 22.274612 0.000000 0.000000 
7.098607 -5.619833 -0.412079 -12.832971 22.502434 0.000000 0.000000 
8.647845 -0.448627 0.206347 -11.305847 24.797697 0.000000 0.000000 
6.915094 -5.965009 0.375787 -10.384622 24.603401 0.000000 0.000000 
7.347508 -5.654910 -0.236264 -10.777841 24.090271 0.000000 0.000000 
7.355127 -5.870047 0.449105 -9.927254 24.547626 0.000000 0.000000 
7.215206 -6.227692 -0.186279 -18.422363 19.895889 0.000000 0.000000 
7.865560 -5.335475 -0.002146 -9.049788 25.888197 0.000000 0.000000 
8.761076 -3.370382 0.146490 -10.829643 23.849314 0.000000 0.000000 
8.375853 -4.750628 0.087544 -10.161278 20.867939 0.000000 0.000000 
6.556980 -7.565763 0.533036 -7.687448 29.022644 0.000000 0.000000 
8.649590 -4.929981 -0.201417 -12.663582 21.727667 0.000000 0.000000 
8.960868 -4.313397 0.116068 -17.317863 19.118969 0.000000 0.000000 
6.658263 -7.788334 0.701427 -13.575424 23.202686 0.000000 0.000000 
8.611122 -5.874880 -0.043325 -16.396324 22.394819 0.000000 0.000000 
6.699198 -8.075027 0.410073 -11.207353 27.292530 0.000000 0.000000 
8.046336 -7.118773 0.660985 -19.504974 19.806442 0.000000 0.000000 
12.515898 4.214711 -0.724090 -16.937401 25.232605 1.000000 1.000000 
15.236760 -3.364239 1.730521 -14.896729 22.815472 0.000000 0.000000 
15.112486 2.434566 1.647707 -10.520616 23.407341 0.000000 0.000000 
14.762878 -9.745545 1.452899 -6.923981 30.111355 0.000000 0.000000 
14.718929 -10.120698 1.558175 -9.452339 23.997011 0.000000 0.000000 
15.416877 -10.451572 3.344022 -7.708771 25.529022 0.000000 0.000000 
20.494658 -2.902755 2.732374 -6.310158 27.731422 0.000000 0.000000 
20.613222 -3.316091 2.387525 -6.793190 26.898348 0.000000 0.000000 
19.816996 -7.903903 0.212809 -9.519783 22.724880 0.000000 0.000000 
20.061527 -7.849484 0.301873 -12.783568 17.988871 0.000000 0.000000 
20.244862 -8.723509 0.857691 -5.973244 26.455513 0.000000 0.000000 
20.256557 -8.702578 0.543860 -4.646721 25.253393 0.000000 0.000000 
22.098160 -1.517332 1.727886 -2.398399 27.438965 0.000000 0.000000 
22.124704 -1.860038 2.023732 -1.119301 29.673862 0.000000 0.000000 
22.203930 -1.909402 2.279210 -1.514671 29.258171 0.000000 0.000000 
22.166185 -2.566894 1.838673 -1.917495 29.765184 0.000000 0.000000 
22.225636 -0.106820 2.231548 -6.268997 24.957771 0.000000 0.000000 
22.216360 0.711565 1.980292 -3.065506 27.445700 0.000000 0.000000 
22.339771 -0.410791 2.472691 -6.506653 23.613855 0.000000 0.000000 
22.249077 1.794230 1.889337 -3.358520 23.063847 0.000000 0.000000 
21.835379 -7.023613 1.580268 -2.203972 28.122335 0.000000 0.000000 
21.952105 -7.424007 1.035063 -11.577606 19.908335 0.000000 0.000000 
21.864344 -8.438978 1.194719 -7.551941 22.970171 0.000000 0.000000 
22.415873 5.134738 1.912725 -4.175873 22.254370 0.000000 0.000000 
21.816648 -8.882662 1.272343 -8.909532 21.355995 0.000000 0.000000 
21.814543 -8.892049 0.926580 -6.964377 21.617338 0.000000 0.000000 
22.494963 5.472921 1.930212 -7.561440 21.067770 0.000000 0.000000 
20.143267 -12.624461 1.484754 -10.824547 19.251869 0.000000 0.000000 
21.777889 -9.948765 1.784710 3.175179 32.420345 0.000000 0.000000 
21.684860 -10.217617 0.908630 3.022934 30.320675 0.000000 0.000000 
21.765081 -10.557508 0.931730 -3.837288 22.904903 0.000000 0.000000 
22.365719 8.571153 1.877863 -6.510367 23.336273 0.000000 0.000000 
21.797964 -12.560613 1.259370 5.243439 33.767990 0.000000 0.000000 
10.600494 -22.927498 6.759046 -8.225883 25.964117 0.000000 0.000000 
21.728689 -12.828538 1.261677 11.257301 37.672638 0.000000 0.000000 
21.909019 -12.809631 1.137853 10.686501 39.067467 0.000000 0.000000 
21.884546 -13.245385 1.914300 2.812210 29.578754 0.000000 0.000000 
22.585014 11.266310 2.098755 -3.096824 24.958351 0.000000 0.000000 
21.536177 -16.276285 1.876327 -6.339561 21.155106 0.000000 0.000000 
21.755415 -16.497007 0.612939 -7.236290 19.250908 0.000000 0.000000 
25.340652 -14.705681 2.293513 -5.647148 20.919827 0.000000 0.000000 
51.876923 -3.134280 7.167979 7.584801 26.399544 0.000000 0.000000 
51.948391 -2.901037 7.630028 2.077851 23.056562 0.000000 0.000000 
34.921707 -41.272690 -1.665126 -0.981949 20.140865 1.000000 1.000000 
53.866592 -1.706579 7.760452 2.698471 20.589565 0.000000 0.000000 
55.189404 -2.698493 6.664257 20.594650 36.138130 0.000000 0.000000 
55.250828 -6.112065 4.693479 4.634750 23.557775 0.000000 0.000000 
55.436821 -3.553351 6.131426 15.983330 33.470261 0.000000 0.000000 
55.569115 -4.922408 4.781310 12.737381 23.429691 0.000000 0.000000 
55.949940 -3.907597 5.844988 16.645515 29.561544 0.000000 0.000000 
56.002460 -2.742259 5.982239 31.346596 43.483738 0.000000 0.000000 
56.081680 -2.817003 6.490694 27.180199 40.315380 0.000000 0.000000 
56.098827 -2.772203 6.183340 27.568604 39.937099 0.000000 0.000000 
55.989292 -5.657936 4.409124 6.749855 20.522242 0.000000 0.000000 
56.335300 2.226859 5.949667 11.958817 27.491758 0.000000 0.000000 
56.346207 2.056039 6.554546 12.763168 26.669041 0.000000 1.000000 
54.786774 -15.328162 5.441147 3.402062 18.335892 0.000000 0.000000 
55.948036 12.757643 6.299842 4.078918 16.559834 0.000000 0.000000 
56.420448 12.898141 6.185293 19.882263 29.765699 0.000000 0.000000 
54.611797 -20.997135 4.471875 2.478501 17.597334 0.000000 0.000000 
54.476017 -21.397907 3.995219 3.616081 17.016325 0.000000 0.000000 
56.584835 13.080954 6.393493 19.417488 32.350739 0.000000 0.000000 
58.696323 -4.151772 6.984617 2.614189 19.484472 0.000000 0.000000 
-28.164619 -52.121853 0.806889 12.709671 23.146288 0.000000 0.000000 
56.064022 19.418221 6.279520 12.080772 23.771217 0.000000 0.000000 
-27.461355 -52.762650 1.447196 10.835861 19.518713 0.000000 0.000000 
56.004234 19.725647 6.369061 12.817390 25.337725 0.000000 0.000000 
-28.174049 -52.655994 0.928707 26.726311 36.106113 0.000000 0.000000 
-28.153980 -52.874535 1.057079 26.481026 35.386353 0.000000 0.000000 
-28.365812 -53.085323 0.927531 20.950508 31.179375 0.000000 0.000000 
-27.857664 -53.600498 1.200567 21.559387 30.467749 0.000000 0.000000 
-27.883553 -53.887859 1.253324 4.881454 15.393353 0.000000 0.000000 
-29.310251 -53.911438 0.490151 12.293434 21.884903 0.000000 0.000000 
55.118549 -28.413502 4.289705 1.485329 16.339054 0.000000 0.000000 
55.148022 -28.673298 5.919297 24.927284 36.255795 0.000000 0.000000 
55.209793 -28.555695 6.386423 25.100746 36.453636 0.000000 0.000000 
-29.596020 -54.140362 1.207744 13.143265 20.871902 0.000000 0.000000 
55.219261 -29.141315 5.830382 25.548042 38.089249 0.000000 0.000000 
55.261635 -29.150120 5.795121 8.591202 22.523899 0.000000 0.000000 
55.674435 -28.434330 7.907533 9.912392 24.057636 0.000000 0.000000 
57.018646 26.695065 4.360059 17.448029 31.437405 0.000000 0.000000 
57.101974 26.662777 5.665182 16.180138 31.025267 0.000000 0.000000 
4.752179 -63.564262 -11.044194 3.293274 18.026339 0.000000 0.000000 
-28.222960 -59.758724 1.027250 1.966538 14.932345 0.000000 0.000000 
4.505111 -66.368439 -5.164483 7.797852 22.332270 0.000000 0.000000 
4.282284 -66.778900 -2.616021 4.028702 20.300711 0.000000 0.000000 
3.964056 -66.868683 -2.592232 4.391212 18.350121 0.000000 0.000000 
54.985806 -38.512569 3.965627 19.080315 31.450441 0.000000 0.000000 
54.848549 -39.280926 4.987300 26.130829 38.226597 0.000000 0.000000 
35.313427 -58.029167 2.881716 6.197151 20.643950 1.000000 1.000000 
3.599075 -67.730766 -2.496528 10.116814 24.126446 0.000000 0.000000 
4.888628 -68.678261 -9.329388 3.278099 19.416029 0.000000 0.000000 
59.178677 33.916668 5.864742 10.441368 21.379391 0.000000 0.000000 
3.958811 -68.843521 -1.092661 17.170006 30.628565 0.000000 0.000000 
3.725789 -69.216545 -0.816569 10.278687 25.002699 0.000000 0.000000 
4.581411 -69.408646 -3.458822 3.154572 18.798048 0.000000 0.000000 
4.618710 -69.640221 -3.237657 3.360497 17.976408 0.000000 0.000000 
-28.575605 -63.271828 0.739810 18.890305 29.759666 0.000000 0.000000 
4.117157 -69.784332 -2.120096 2.542053 16.042294 0.000000 0.000000 
-28.635288 -63.640106 1.143427 17.785614 28.231945 0.000000 0.000000 
4.467660 -70.441521 -9.806305 11.653809 25.336971 0.000000 0.000000 
-10.963874 -70.000481 2.072571 6.426933 20.377645 0.000000 0.000000 
3.761362 -71.801682 0.142214 5.878326 19.403091 0.000000 0.000000 
4.673129 -72.467072 -1.403477 18.091179 33.996834 0.000000 0.000000 
4.008686 -72.942810 -0.565729 18.322433 34.422409 0.000000 0.000000 
-28.300903 -67.462654 1.398843 21.214752 31.066896 0.000000 0.000000 
-29.896582 -66.752884 1.273867 21.277000 30.750120 0.000000 0.000000 
-27.941090 -67.978653 1.772211 7.997887 18.377579 0.000000 0.000000 
3.189501 -73.937340 -0.323138 8.865601 23.141777 0.000000 0.000000 
4.777533 -74.298492 -3.436344 9.640953 23.811102 0.000000 0.000000 
-29.424940 -68.255417 1.357748 27.468552 36.686195 0.000000 0.000000 
-28.898376 -68.878922 1.569983 22.747604 31.203470 0.000000 0.000000 
-30.890263 -68.111313 4.373239 8.029900 18.269436 0.000000 0.000000 
3.326992 -75.452194 -3.245609 6.495361 21.481747 0.000000 0.000000 
-28.782700 -69.794006 1.259590 16.588264 26.589989 0.000000 0.000000 
-28.986534 -69.884132 1.154007 18.750732 27.995647 0.000000 0.000000 
3.282492 -76.047234 -7.140446 2.517357 16.046694 0.000000 0.000000 
4.528977 -76.217499 -0.689685 3.142174 17.012602 0.000000 0.000000 
-29.937765 -70.578362 2.874984 16.712776 25.837107 0.000000 0.000000 
-29.223526 -71.023010 0.726728 19.508972 28.681963 0.000000 0.000000 
-26.166336 -72.374077 3.276736 5.131264 14.536826 0.000000 0.000000 
-27.900171 -71.956886 0.969582 4.168564 14.397614 0.000000 0.000000 
-9.899248 -77.925339 -0.701111 4.679840 17.115267 0.000000 0.000000 
-28.642653 -73.684792 1.011248 19.127670 28.757288 0.000000 0.000000 
-30.116568 -73.091026 1.021248 18.932610 27.947910 0.000000 0.000000 
-29.652128 -73.575134 1.245080 21.467278 29.608601 0.000000 0.000000 
3.080855 -80.032822 -2.700949 11.282692 24.601654 0.000000 0.000000 
3.672859 -80.070015 -7.062957 4.520828 17.808058 0.000000 0.000000 
3.038222 -80.105225 -5.819741 5.795830 18.909250 0.000000 0.000000 
5.805618 -80.235489 3.119158 5.889091 18.388298 0.000000 0.000000 
3.551914 -81.204002 -1.060012 6.373764 20.109184 0.000000 0.000000 
2.971697 -81.620010 -2.710139 8.027611 19.969376 0.000000 0.000000 
50.862236 -64.246529 1.524812 3.658882 13.251366 0.000000 0.000000 
2.653828 -83.330322 0.147311 14.408798 25.817060 0.000000 0.000000 
3.063951 -83.648758 0.031496 18.025719 28.941269 0.000000 0.000000 
52.623650 -67.924500 3.523494 10.152657 18.212183 0.000000 0.000000 
51.785030 -70.878700 3.124102 11.040558 17.539480 0.000000 0.000000 
52.085247 -70.949142 2.000864 15.208282 22.170090 0.000000 0.000000 
53.677841 -70.666733 3.054929 5.449280 12.990729 0.000000 0.000000 
53.490196 -71.069000 2.295022 8.931679 16.080687 0.000000 0.000000 
53.814285 -71.133492 1.124575 9.384270 16.827278 0.000000 0.000000 
54.439629 -71.032959 2.990741 4.383263 13.452709 0.000000 0.000000 
53.397400 -72.594398 5.236483 7.416801 14.051060 0.000000 0.000000 
53.625038 -73.062119 2.880147 9.378372 16.454700 0.000000 0.000000 
53.468262 -73.436615 3.572942 8.826714 16.413391 0.000000 0.000000 
53.384060 -73.594688 4.465372 10.999336 17.981623 0.000000 0.000000 
53.154182 -74.218910 5.663774 7.453392 15.469105 0.000000 0.000000 
54.314396 -73.781517 1.144122 10.560272 17.790154 0.000000 0.000000 
55.148293 -73.463509 4.045903 11.304451 23.675430 0.000000 0.000000 
53.298145 -75.003960 4.175458 22.432976 29.723082 0.000000 0.000000 
53.652672 -74.881821 3.699544 27.732063 34.694824 0.000000 0.000000 
54.368862 -74.542328 3.529367 13.412865 21.447960 0.000000 0.000000 
52.940838 -75.825645 3.457031 14.567947 21.907913 0.000000 0.000000 
8.663450 -91.906830 0.894675 6.510101 15.393542 0.000000 0.000000 
52.596481 -76.094322 -0.984660 11.424072 18.195475 0.000000 0.000000 
52.686333 -76.518860 5.041456 10.043251 17.158047 0.000000 0.000000 
53.659588 -75.902649 4.353793 8.514961 14.396862 0.000000 0.000000 
53.135990 -76.735077 6.244056 5.533363 17.135994 0.000000 0.000000 
53.136791 -77.686035 7.677785 6.782784 13.802254 0.000000 0.000000 
53.401794 -77.790955 3.966317 5.966331 14.548233 0.000000 0.000000 
51.877487 -79.103020 3.312368 6.397385 15.269852 0.000000 0.000000 
53.411095 -78.347389 3.050131 5.180641 13.783507 0.000000 0.000000 
3.532371 -94.559517 -0.385361 2.604119 13.811507 0.000000 0.000000 
3.055382 -94.731552 -2.592196 7.636993 15.780335 0.000000 0.000000 
2.733070 -95.506943 1.169009 4.335129 15.086411 0.000000 0.000000 
1.737462 -95.757607 -1.324052 3.251198 14.532673 0.000000 0.000000 
2.916335 -95.943253 -0.309629 8.507095 15.952214 0.000000 0.000000 
2.543764 -96.447304 5.721848 6.294365 14.814303 0.000000 0.000000 
1.952864 -96.791748 0.512197 8.649162 16.799881 0.000000 0.000000 
52.224670 -82.198593 5.849333 17.610580 25.183126 0.000000 0.000000 
52.133827 -82.378670 5.955564 8.922081 16.706039 0.000000 0.000000 
2.586184 -97.626389 5.624802 9.527084 19.466522 0.000000 0.000000 
2.605019 -98.009109 3.574474 18.156776 25.845684 0.000000 0.000000 
52.394707 -83.214951 6.033048 10.601768 18.417934 0.000000 0.000000 
53.339890 -84.837143 4.715804 29.851906 34.984329 0.000000 0.000000 
52.589012 -85.738815 4.680198 29.119377 35.878769 0.000000 0.000000 
3.329616 -104.209579 -0.374030 14.386841 23.373487 0.000000 0.000000 
2.869639 -104.380646 0.820076 18.396301 25.279711 0.000000 0.000000 
3.085911 -104.566368 -0.201494 21.627518 29.245626 0.000000 0.000000 
51.499775 -91.358154 5.063610 6.126335 12.692066 0.000000 0.000000 
54.905281 -95.361145 5.948008 20.470558 25.362064 0.000000 0.000000 
50.782867 -97.840149 4.590290 20.795311 25.829721 0.000000 0.000000 
51.913605 -98.662155 5.910336 5.540359 12.262455 0.000000 0.000000 
51.373989 -99.275978 5.781037 16.822037 21.568357 0.000000 0.000000 
0.971912 -148.458511 0.075998 15.574532 17.655941 0.000000 0.000000 
-1.967815 -169.508087 -0.777887 15.539024 14.088734 0.000000 0.000000 
-0.490392 -170.079071 15.818018 16.605408 16.372169 0.000000 0.000000 
64.978104 -173.353302 8.978076 12.346245 13.417641 0.000000 0.000000 
-1.625527 -199.692902 -0.975895 26.222748 23.398075 0.000000 0.000000 
-7.061845 -205.280884 -2.420915 27.623741 24.659248 0.000000 0.000000 
5.352094 6.752323 -0.115886 -26.028221 17.924999 0.000000 0.000000 
5.729847 5.937432 -0.046157 -31.837414 13.086964 0.000000 0.000000 
5.602225 6.414163 -0.191768 -31.436390 12.952393 0.000000 0.000000 
5.682469 6.806421 -0.678223 -27.285110 14.063605 0.000000 0.000000 
5.650000 6.915447 -0.486264 -25.727425 17.922390 0.000000 0.000000 
6.165494 5.835550 0.033348 -31.693810 10.769917 0.000000 0.000000 
5.951464 6.600163 0.068096 -31.060745 10.284954 0.000000 0.000000 
5.611547 7.550762 -0.317040 -26.707947 19.912476 0.000000 0.000000 
6.374415 6.297385 0.000962 -27.163795 13.749393 0.000000 0.000000 
6.385102 6.403481 -0.080980 -27.225967 12.135052 0.000000 0.000000 
6.356704 6.604806 0.050201 -28.747856 10.247650 0.000000 0.000000 
6.027098 7.489617 0.049347 -31.321999 11.938053 0.000000 0.000000 
6.425064 6.843022 0.032984 -25.243095 11.012634 0.000000 0.000000 
-6.187695 7.467730 -0.208846 -21.054420 12.778614 0.000000 0.000000 
5.705943 8.287233 -0.276847 -29.758499 16.211149 0.000000 0.000000 
6.207184 7.850223 -0.011650 -28.870064 8.788448 0.000000 0.000000 
6.366960 8.135384 -0.008356 -31.741104 8.357899 0.000000 0.000000 
6.013470 8.665445 -0.071422 -23.741730 16.490719 0.000000 0.000000 
6.408890 8.116283 -0.008473 -36.146278 8.971321 0.000000 0.000000 
6.147162 8.626756 -0.098929 -28.058594 12.946152 0.000000 0.000000 
5.686460 9.212973 -0.296994 -23.857780 18.725069 0.000000 0.000000 
-7.105699 7.346529 -0.228946 -22.917725 13.092682 0.000000 0.000000 
6.041159 9.302877 -0.215397 -26.394775 16.778524 0.000000 0.000000 
-7.374641 7.592776 0.493426 -16.011253 14.949215 0.000000 0.000000 
5.797771 9.815197 -0.271721 -26.303131 15.899178 0.000000 0.000000 
5.616148 10.208586 -0.420357 -27.758385 13.125710 0.000000 0.000000 
-7.515122 8.010291 0.227465 -16.518959 12.823189 0.000000 0.000000 
-7.718819 7.614537 0.088089 -15.357117 13.060740 0.000000 0.000000 
-7.716466 7.778516 0.101638 -13.741318 11.526016 0.000000 0.000000 
-6.852921 9.185033 -0.306900 -17.857117 16.429998 0.000000 0.000000 
8.321414 7.461610 0.140995 -18.620483 10.097046 0.000000 0.000000 
6.239746 10.501560 -0.274962 -22.384575 13.271210 0.000000 0.000000 
5.676538 11.047071 -0.185291 -23.105484 15.503258 0.000000 0.000000 
-7.467418 9.158088 0.487401 -17.028893 13.452133 0.000000 0.000000 
8.144453 8.036365 0.288863 -18.411972 10.196087 0.000000 0.000000 
-7.758515 8.813063 0.299981 -12.461975 13.153198 0.000000 0.000000 
-7.791945 8.821633 0.281863 -11.870720 15.315558 0.000000 0.000000 
6.516438 10.441106 0.009418 -5.831718 28.803223 0.000000 0.000000 
6.695148 10.275746 0.001010 -0.527542 30.396852 0.000000 0.000000 
5.564372 11.332880 -0.366785 -19.846405 19.037516 0.000000 0.000000 
6.612809 10.613650 -0.011547 -4.276253 29.335173 0.000000 0.000000 
8.683514 7.659382 -0.705170 -15.250656 12.652855 0.000000 0.000000 
8.428142 8.327599 0.158064 -12.053824 12.614815 0.000000 0.000000 
-7.429013 9.940280 -0.956902 -14.255936 14.806923 0.000000 0.000000 
-7.600449 9.875408 0.185197 -18.014412 15.750697 0.000000 0.000000 
8.883317 8.139723 0.224058 -17.250847 10.200329 0.000000 0.000000 
-7.476105 10.312732 0.225914 -16.406815 11.569201 0.000000 0.000000 
-7.319875 10.551149 0.174420 -18.483742 16.167696 0.000000 0.000000 
5.724574 11.976128 -0.097006 -28.877884 12.831051 0.000000 0.000000 
5.753633 11.990200 -0.289842 -25.041397 19.690779 0.000000 0.000000 
-6.907932 11.106923 -0.198011 -22.426476 15.332030 0.000000 0.000000 
8.287151 9.507942 0.516542 -11.440071 18.243734 0.000000 0.000000 
-7.519255 10.649635 0.345335 -12.065758 21.772957 0.000000 0.000000 
8.263958 9.745831 0.114355 -11.788475 19.279406 0.000000 0.000000 
-7.350218 11.247997 0.449516 -12.826715 24.693087 0.000000 0.000000 
7.852493 10.988268 -0.037953 -18.832336 18.171684 0.000000 0.000000 
8.876537 9.730348 0.181775 -21.195290 14.516335 0.000000 0.000000 
8.154093 10.717171 -1.802457 -13.136971 21.235506 0.000000 0.000000 
7.924198 11.008390 -1.079090 -16.983330 21.429840 0.000000 0.000000 
-7.410999 11.642769 0.053346 -12.313736 24.828350 0.000000 0.000000 
8.291708 10.817190 -0.689580 -9.942679 22.074791 0.000000 0.000000 
5.937079 12.918578 -0.292013 -24.960159 21.030178 0.000000 0.000000 
6.309329 12.673796 -0.198082 -24.963585 19.312653 0.000000 0.000000 
-6.743440 12.413232 -0.190133 -25.391830 17.729826 0.000000 0.000000 
-7.151013 12.150261 0.462705 -22.794273 21.038992 0.000000 0.000000 
-7.429255 11.925342 0.534922 -15.182800 24.984989 0.000000 0.000000 
-7.214621 12.211831 0.100623 -10.687881 27.293217 0.000000 0.000000 
-6.721870 12.892715 -0.310515 -16.669647 25.763870 0.000000 0.000000 
9.355923 10.113321 0.175640 -19.734436 11.985457 0.000000 0.000000 
8.440356 11.403410 0.054767 -10.305879 23.756603 0.000000 0.000000 
-6.920122 12.954319 -0.348798 -19.897919 22.633919 0.000000 0.000000 
9.179877 10.644243 0.178783 -18.090622 17.561523 0.000000 0.000000 
5.992272 13.751214 -0.339681 -20.147591 24.520967 0.000000 0.000000 
5.943758 13.816304 -0.346476 -30.206291 15.515793 0.000000 0.000000 
-6.849805 13.284892 -0.367890 -15.410576 25.372629 0.000000 0.000000 
5.736758 14.038196 -0.287636 -25.141693 20.447613 0.000000 0.000000 
8.043928 12.342422 0.058656 -6.175981 30.405504 0.000000 0.000000 
-8.035064 12.504933 0.142454 -24.162880 18.457249 0.000000 0.000000 
9.021277 11.586119 0.395508 -23.420914 14.462672 0.000000 0.000000 
-6.858461 13.738316 -0.384854 -16.077614 26.548992 0.000000 0.000000 
-8.173165 12.910341 0.267857 -11.409210 24.313726 0.000000 0.000000 
5.856480 14.589750 -0.342612 -20.971001 26.273876 0.000000 0.000000 
5.979573 14.655627 -0.255860 -18.999184 25.241699 0.000000 0.000000 
-7.532540 13.650613 0.178614 -8.278108 30.767120 0.000000 0.000000 
6.189456 14.676126 -0.385805 -34.961166 12.769310 0.000000 0.000000 
-6.707968 14.462965 -0.406833 -21.520264 23.731285 0.000000 0.000000 
8.589156 13.040997 0.146652 -25.219017 9.674805 0.000000 0.000000 
8.351301 13.291225 0.272056 -10.511598 24.083784 0.000000 0.000000 
-7.396418 14.068072 2.217365 -13.972374 28.084541 0.000000 0.000000 
8.279850 13.524811 0.045382 -27.159866 13.745789 0.000000 0.000000 
7.473053 14.457214 0.421017 -9.351645 32.451328 0.000000 0.000000 
-6.967514 14.801989 -0.565915 -17.341705 24.159882 0.000000 0.000000 
9.900390 12.295669 0.074390 -24.452522 10.126629 0.000000 0.000000 
6.074203 15.413166 -0.227428 -23.843292 22.767229 0.000000 0.000000 
-6.525140 15.226292 -0.448279 -16.642380 28.038748 0.000000 0.000000 
-7.150114 15.032457 0.071647 -15.321342 27.385845 0.000000 0.000000 
6.128359 15.693851 -0.353492 -25.962914 20.002613 0.000000 0.000000 
-6.953203 15.322909 0.110208 -12.721892 30.250648 0.000000 0.000000 
-6.997133 15.449369 -0.132550 -13.071182 28.602753 0.000000 0.000000 
7.465016 15.151309 0.288390 -16.497208 24.675941 0.000000 0.000000 
-7.682005 15.383488 0.395680 -11.100708 30.020906 0.000000 0.000000 
8.597943 14.867454 -1.501797 -23.562721 14.686465 0.000000 0.000000 
9.388399 14.202377 0.224040 -21.422661 13.621212 0.000000 0.000000 
5.740280 16.772299 -0.503045 -24.674744 19.832203 0.000000 0.000000 
5.992171 16.662643 -0.377034 -32.301422 16.032038 0.000000 0.000000 
7.825028 15.829702 0.370817 -9.150598 30.511909 0.000000 0.000000 
8.079509 15.850670 0.009213 -20.992882 18.840355 0.000000 0.000000 
6.638025 16.772541 -0.311802 -23.186012 22.914114 0.000000 0.000000 
-7.601509 16.332355 0.192924 -19.301994 23.394949 0.000000 0.000000 
-7.084202 16.786442 0.311455 -9.671776 30.414450 0.000000 0.000000 
8.154484 16.539278 0.245604 -29.826675 10.939892 0.000000 0.000000 
-7.159867 17.170940 -1.237132 -10.615845 30.380070 0.000000 0.000000 
7.527509 17.150112 -0.802097 -13.339447 28.593899 0.000000 0.000000 
-7.058922 17.530830 -1.235497 -13.381125 30.558430 0.000000 0.000000 
-10.127846 15.581770 -1.313130 -26.747948 11.993511 1.000000 1.000000 
-7.261579 17.647678 0.171116 -14.005066 28.920481 0.000000 0.000000 
-6.780595 18.373947 0.132807 -19.550987 26.579973 0.000000 0.000000 
14.468659 10.723358 -3.028629 -14.880774 13.019980 1.000000 1.000000 
-7.280684 18.296608 -1.564023 -7.624428 28.966175 0.000000 0.000000 
-7.400142 18.439386 0.321723 -18.220467 22.934839 0.000000 0.000000 
-7.108543 18.707895 0.421311 -14.275580 27.544729 0.000000 0.000000 
8.195704 18.516983 0.720286 -1.525726 32.585777 0.000000 0.000000 
-7.025783 19.226124 -0.016742 -12.783142 27.439732 0.000000 0.000000 
8.117075 18.693310 1.124693 -7.368370 28.303780 0.000000 0.000000 
-7.008057 19.344322 0.503738 -19.705681 21.134445 0.000000 0.000000 
-6.903767 19.628605 -0.278271 -17.547852 25.011463 0.000000 0.000000 
8.718526 18.694427 -1.490950 -22.574280 16.131437 0.000000 0.000000 
9.247643 18.551374 0.391505 -17.758316 18.056652 0.000000 0.000000 
-7.362679 19.899399 0.232994 -15.149132 23.936699 0.000000 0.000000 
-6.591731 20.293522 -0.532623 -15.995331 25.838947 0.000000 0.000000 
-9.795192 18.620518 1.413212 -25.733688 12.108711 1.000000 1.000000 
9.317706 19.118061 0.186696 -25.253593 16.012199 0.000000 0.000000 
6.156783 21.074234 -0.427520 -13.319449 26.359459 0.000000 0.000000 
9.327765 19.614376 0.331054 -18.174484 21.211565 0.000000 0.000000 
-7.128313 20.943804 0.457039 -14.487030 23.825464 0.000000 0.000000 
9.372267 19.821266 0.223750 -15.944412 19.075447 0.000000 0.000000 
-7.145347 21.014584 0.644147 -9.755385 27.508364 0.000000 0.000000 
-6.909105 21.154085 0.260316 -13.553093 25.464619 0.000000 0.000000 
8.426900 20.579315 0.429354 -17.706482 23.050344 0.000000 0.000000 
9.902804 19.794422 -5.615510 -22.865051 15.279559 0.000000 0.000000 
-7.308050 21.430622 0.414822 -12.168283 24.960802 0.000000 0.000000 
7.924586 21.388054 0.001255 -17.603752 23.125854 0.000000 0.000000 
6.913077 21.852409 0.203117 -7.033043 31.176445 0.000000 0.000000 
6.312415 22.182188 -0.449069 -21.321297 20.411522 0.000000 0.000000 
-7.461965 21.753057 -1.723390 -10.607306 27.006363 0.000000 0.000000 
-6.765832 22.478874 -0.088449 -16.473228 24.047218 0.000000 0.000000 
6.924474 22.525957 -1.747530 -0.651207 34.138168 0.000000 0.000000 
7.841385 22.271881 -0.073886 -4.912094 30.630978 0.000000 0.000000 
8.104557 22.168106 -1.836763 -5.531090 30.664957 0.000000 0.000000 
-7.024082 22.638645 0.279118 -5.276230 32.028584 0.000000 0.000000 
6.722737 22.986376 -0.346428 -7.452133 29.233986 0.000000 0.000000 
8.287782 22.384817 -0.266685 -9.891907 27.021446 0.000000 0.000000 
6.552896 23.523178 -1.707291 -3.780571 35.071098 0.000000 0.000000 
-6.445996 23.722803 0.035735 -35.998154 8.474281 1.000000 1.000000 
8.334874 23.034407 0.148052 -13.859497 22.286642 0.000000 0.000000 
7.648087 23.379013 0.432063 -6.545868 28.656876 0.000000 0.000000 
6.783072 23.748583 8.523929 -25.639359 13.990993 1.000000 1.000000 
-6.312617 24.093498 5.504989 -11.718759 31.564638 0.000000 0.000000 
-7.207928 24.156898 0.226616 -5.387772 31.407574 0.000000 0.000000 
-7.027213 24.304935 0.848343 -5.911964 32.485931 0.000000 0.000000 
-7.317652 24.214428 1.133837 -6.991318 31.037569 0.000000 0.000000 
-6.880456 24.442154 -0.557514 -14.839569 26.232487 0.000000 0.000000 
-7.021647 24.753078 0.636543 -10.146347 28.705969 0.000000 0.000000 
-6.991039 24.828800 0.305551 -10.963243 28.053028 0.000000 0.000000 
-6.829063 25.134819 -0.968737 -13.718965 24.460756 0.000000 0.000000 
-6.871890 25.220749 -0.156536 -11.295944 26.513002 0.000000 0.000000 
8.325185 24.723360 3.112667 -7.131598 28.771664 0.000000 0.000000 
8.113858 24.875422 -2.037299 -9.485153 29.060232 0.000000 0.000000 
8.206226 24.854000 2.534995 -6.710504 29.833353 0.000000 0.000000 
-6.910660 25.348892 0.418564 -11.290535 26.449575 0.000000 0.000000 
-7.230629 25.463964 -0.030749 -16.379951 24.302111 0.000000 0.000000 
-6.935616 25.876253 0.464370 -14.282494 22.459328 0.000000 0.000000 
6.656468 26.033724 1.761382 -17.695251 23.769783 0.000000 0.000000 
6.778059 26.110241 1.819386 5.248711 38.594200 0.000000 0.000000 
-7.023227 26.043344 0.302738 -15.070961 23.563049 0.000000 0.000000 
8.421029 25.549768 8.500985 -15.796988 24.493275 1.000000 1.000000 
-6.333077 26.330458 -0.217322 -18.016991 20.384575 0.000000 0.000000 
-7.002619 26.242575 -1.633534 -18.423492 20.908670 0.000000 0.000000 
6.723249 26.683420 1.731912 -9.290550 27.872240 0.000000 0.000000 
6.751853 26.687708 1.742358 4.655746 40.585548 0.000000 0.000000 
6.777086 26.681606 1.836092 3.634949 39.065697 0.000000 0.000000 
6.769412 26.687519 1.832537 -9.481071 26.584013 0.000000 0.000000 
13.459228 23.538082 3.582211 -15.792847 11.843430 0.000000 0.000000 
12.474485 24.690628 3.817603 -16.888512 14.243248 0.000000 0.000000 
-7.378718 27.181513 0.445536 -28.007973 9.866951 1.000000 1.000000 
6.876382 27.334911 1.978048 -16.229927 22.008842 0.000000 0.000000 
-6.326695 27.507050 -0.839089 -19.745514 19.530796 0.000000 0.000000 
8.530235 26.830057 -5.816652 -15.478584 22.456181 0.000000 0.000000 
-7.330414 27.264383 -0.469047 -11.715508 27.972223 0.000000 0.000000 
7.067390 27.362093 1.935564 1.966690 34.235569 0.000000 0.000000 
-7.519219 27.217648 -0.737196 -11.411896 23.388159 0.000000 0.000000 
17.231426 21.349855 -0.145237 -11.957794 15.522574 1.000000 0.000000 
-7.205034 27.450277 -0.272579 -9.953795 31.150890 0.000000 0.000000 
-7.408398 27.400061 1.605039 -9.748610 29.229813 0.000000 0.000000 
-7.408718 27.424736 -6.670293 -26.248924 15.397597 0.000000 0.000000 
16.001705 22.678823 -3.612775 -10.678818 12.361403 0.000000 1.000000 
10.303995 26.546146 2.352873 -16.594826 19.201515 0.000000 0.000000 
-7.146082 27.744766 6.503044 -10.313788 26.391727 0.000000 0.000000 
7.108839 28.047840 0.276573 -15.851570 21.192625 0.000000 0.000000 
-6.830670 28.275423 -0.697183 -28.409302 11.198353 1.000000 1.000000 
7.388870 28.187691 0.187225 -15.228065 26.194004 0.000000 0.000000 
9.402171 27.484747 6.804090 -13.869278 23.916073 0.000000 0.000000 
-6.873776 28.389235 0.439218 -4.965630 29.477905 0.000000 0.000000 
7.604821 28.237431 -0.704403 -2.720802 32.647003 0.000000 0.000000 
7.541238 28.346910 -0.037077 -6.984802 28.054525 0.000000 0.000000 
7.636012 28.338902 0.110061 -11.526237 25.086292 0.000000 0.000000 
7.934172 28.292521 -0.036891 -9.709938 24.269470 0.000000 0.000000 
10.997035 27.326778 3.190503 -6.477402 23.716547 0.000000 0.000000 
-6.506591 28.965343 0.357839 -16.760635 22.781048 0.000000 0.000000 
-6.962499 28.987774 -0.761566 -16.345833 20.411533 0.000000 0.000000 
11.193832 27.562006 2.739778 -12.958694 19.736452 0.000000 0.000000 
-6.746747 29.214064 -0.512798 -4.651863 30.902843 0.000000 0.000000 
11.275151 27.711775 -2.107429 -14.417000 19.961782 0.000000 0.000000 
7.437938 29.189474 0.827271 -7.865930 27.664797 0.000000 0.000000 
7.504501 29.207954 -2.016489 -13.536574 26.664297 0.000000 0.000000 
13.632837 26.514715 3.427461 -7.202271 21.739368 0.000000 0.000000 
13.598515 26.540150 3.423945 -12.035385 17.061548 0.000000 0.000000 
13.610135 26.576624 3.359833 -9.678749 19.929340 0.000000 0.000000 
13.953074 26.390480 3.858956 -21.470444 12.232838 0.000000 0.000000 
7.555369 29.445391 0.091658 -25.004868 12.559855 1.000000 1.000000 
11.108081 28.163925 0.902440 -19.970383 18.559656 0.000000 0.000000 
-6.953102 29.738947 0.427782 -13.140114 25.926821 0.000000 0.000000 
7.832604 29.507666 0.985503 -11.937401 23.755852 0.000000 0.000000 
7.935471 29.485090 -0.710554 -7.259767 28.923271 0.000000 0.000000 
11.788327 28.078709 3.529672 -18.450623 17.204687 0.000000 0.000000 
7.502088 29.835497 -2.088921 -5.937279 30.477596 0.000000 0.000000 
8.496659 29.728954 3.468949 -9.436714 21.201038 0.000000 0.000000 
12.375561 28.110579 4.252542 -15.983330 11.699509 0.000000 0.000000 
7.516000 30.048601 -1.416386 -9.658568 28.785696 0.000000 0.000000 
7.478336 30.082306 -1.825135 -7.141388 30.010340 0.000000 0.000000 
7.731749 30.086575 -0.209000 -14.498077 26.717073 0.000000 0.000000 
-6.926156 30.465422 0.551549 -18.660294 16.695583 0.000000 0.000000 
-7.357058 30.550617 0.874785 -6.240373 28.733421 0.000000 0.000000 
-7.351805 30.573088 0.775728 -6.814445 27.961693 0.000000 0.000000 
12.615658 28.631042 4.281549 -17.493874 14.338562 0.000000 0.000000 
8.411867 30.396652 1.376854 -5.156013 27.641333 0.000000 0.000000 
8.700571 30.354641 2.739532 -19.944359 16.376020 0.000000 0.000000 
-6.750973 31.114424 -0.657124 -15.476067 24.500984 0.000000 0.000000 
-6.504012 31.253855 0.322267 -12.155646 23.899822 0.000000 0.000000 
8.417496 30.752125 1.611554 -8.725165 25.895500 0.000000 0.000000 
13.032151 29.001764 4.046628 -20.239105 11.584517 0.000000 0.000000 
8.937555 30.986006 2.812699 -5.316475 29.037228 0.000000 0.000000 
-6.588706 31.656185 0.626568 -10.497893 24.733849 0.000000 0.000000 
6.167456 32.173714 7.320219 -15.075974 23.159410 0.000000 0.000000 
-6.648322 32.415577 -0.748143 -17.198685 17.242834 0.000000 0.000000 
-6.540215 32.443874 -2.254453 -15.396263 21.324097 0.000000 0.000000 
-6.434311 32.480392 0.377499 -5.088760 26.380714 0.000000 0.000000 
-6.738920 32.455917 -0.966650 -14.455246 21.325813 0.000000 0.000000 
-6.572973 32.553986 -0.140539 -11.978232 22.438042 0.000000 0.000000 
-6.183242 32.753918 -0.567795 -16.239250 21.726555 0.000000 0.000000 
7.475660 32.644081 -0.769475 -26.094467 10.964527 1.000000 1.000000 
-6.740853 32.876945 -0.093692 -16.268143 21.071455 0.000000 0.000000 
-5.906888 33.129341 4.642621 -14.042520 23.504658 0.000000 0.000000 
-6.007538 33.216614 -0.814901 -18.065460 18.981226 0.000000 0.000000 
15.660699 29.405878 3.445891 -15.359070 12.510395 0.000000 0.000000 
-7.053916 33.162254 0.127321 1.016922 31.767021 0.000000 0.000000 
-6.039703 33.534012 -0.675865 -6.717795 26.251839 0.000000 0.000000 
-7.320423 33.545364 0.478687 -14.358482 24.881042 0.000000 0.000000 
-7.058240 33.648804 0.887865 -12.570503 23.921932 0.000000 0.000000 
14.007651 31.077421 -8.543886 -22.253944 13.756747 0.000000 0.000000 
-6.726788 33.810493 2.846256 -14.035942 27.359447 0.000000 0.000000 
8.048794 33.509544 -0.427652 -6.389145 27.878149 0.000000 0.000000 
8.115133 33.514938 1.623070 -9.262076 26.408825 0.000000 0.000000 
7.759328 33.693470 -0.293668 8.893578 35.608707 0.000000 0.000000 
7.903246 33.783249 -0.323271 17.011353 42.940750 0.000000 0.000000 
8.717995 33.652954 0.319664 -13.868683 14.450932 0.000000 0.000000 
8.021284 34.348690 -0.351477 -1.340538 25.027729 0.000000 0.000000 
8.055569 34.353676 -0.338236 12.020828 38.140293 0.000000 0.000000 
7.903767 34.419857 -0.294719 17.263695 42.581715 0.000000 0.000000 
7.863151 34.434704 -0.236132 -1.836357 25.473326 0.000000 0.000000 
4.868693 35.296860 5.591239 -7.218637 30.018536 0.000000 0.000000 
14.713859 32.107948 3.667632 -10.445877 15.419028 0.000000 0.000000 
4.889571 35.470276 6.268179 0.284706 32.346310 0.000000 0.000000 
-6.496207 35.243595 -0.465868 -9.493402 22.896942 0.000000 0.000000 
-6.559316 35.308346 0.256527 -16.791008 18.807222 0.000000 0.000000 
8.296596 35.011715 -0.228081 -18.697121 13.014317 1.000000 1.000000 
8.227654 35.041210 -0.362797 10.871986 36.260983 0.000000 0.000000 
-21.050196 28.352789 3.530533 -7.013069 13.047543 0.000000 0.000000 
-6.510645 35.624287 -0.500007 -15.148972 20.904999 0.000000 0.000000 
14.951104 32.709190 3.470337 -13.040764 16.229237 0.000000 0.000000 
14.845359 32.878735 3.802815 -11.023643 16.405182 0.000000 0.000000 
-6.453495 35.844593 -0.758483 -13.755638 21.076071 0.000000 0.000000 
8.447901 35.372292 5.197200 -8.392404 23.164684 0.000000 0.000000 
-6.459521 36.067921 -1.096604 -11.690323 22.692352 0.000000 0.000000 
-20.211655 29.772337 4.058070 -5.837303 16.138638 0.000000 0.000000 
-6.232962 36.141422 -0.749630 -13.732849 23.075256 0.000000 0.000000 
-20.525272 29.610682 3.876184 -12.459137 13.003464 0.000000 0.000000 
-6.576686 36.318512 -0.895335 -16.533134 21.358566 0.000000 0.000000 
7.569976 36.189293 4.167880 -9.902458 22.585117 0.000000 0.000000 
-6.499794 36.521217 -0.611315 -11.090384 24.667744 0.000000 0.000000 
-21.202030 29.561159 5.635367 -8.595070 13.836338 0.000000 0.000000 
8.245259 36.245987 4.210371 -13.627014 20.209698 0.000000 0.000000 
7.128849 36.586258 3.874467 -16.874573 18.356167 0.000000 0.000000 
-6.346805 36.757011 0.631771 -16.907410 17.333134 0.000000 0.000000 
-5.821843 37.000572 -1.427609 -18.450012 18.451174 0.000000 0.000000 
6.484309 36.974625 4.885192 -10.292740 21.915527 0.000000 0.000000 
-20.736752 30.732777 3.567278 -12.831017 10.720768 0.000000 0.000000 
8.913411 36.645638 1.404658 -3.539634 31.060223 0.000000 0.000000 
-21.680119 30.083971 2.470648 -10.033401 10.635246 0.000000 0.000000 
-23.126629 29.024134 2.690670 -5.288734 12.721104 0.000000 0.000000 
8.741575 36.908302 2.028147 -0.025406 31.739063 0.000000 0.000000 
-18.425280 32.670700 -0.662252 -3.121887 25.567160 0.000000 0.000000 
-18.361080 32.738930 -0.658333 -2.043854 26.011051 0.000000 0.000000 
8.565665 37.004166 1.410131 -5.485970 25.097858 0.000000 0.000000 
6.608138 37.501438 3.682104 -15.549835 22.302517 0.000000 0.000000 
17.618448 33.264454 3.393365 -14.243927 12.912773 0.000000 0.000000 
-23.093401 29.375309 2.716392 -11.549217 9.110840 0.000000 0.000000 
-6.284207 37.944256 -0.481689 -9.144797 24.412367 0.000000 0.000000 
-21.093575 31.397022 3.084276 -13.229416 11.316250 0.000000 0.000000 
-6.432260 38.133629 -0.658546 -10.236856 22.059704 0.000000 0.000000 
8.790686 37.672333 0.840152 -13.343117 22.421289 0.000000 0.000000 
-21.273767 31.560623 3.787721 -13.419060 11.841965 0.000000 0.000000 
-6.585786 38.251865 -0.579081 -6.644568 26.065256 0.000000 0.000000 
-21.228508 31.745440 3.654493 -4.759537 17.167944 0.000000 0.000000 
6.597422 38.364586 4.817902 -12.689728 23.573536 0.000000 0.000000 
6.765960 38.350445 7.104330 -18.959663 16.467665 0.000000 0.000000 
18.017895 34.106590 3.762564 -8.073120 19.421537 0.000000 0.000000 
18.025726 34.181374 3.380044 -16.658577 11.807167 0.000000 0.000000 
16.177832 35.282143 3.027930 -6.207619 21.405115 0.000000 0.000000 
16.023642 35.419598 3.299537 -15.521179 16.810736 0.000000 0.000000 
6.853900 38.598755 -0.322460 -12.684387 22.771189 0.000000 0.000000 
16.245653 35.332268 -4.247057 -0.625770 22.100647 0.000000 0.000000 
7.467758 38.536339 4.669946 -6.347632 25.200569 0.000000 0.000000 
-6.472724 38.765606 4.772074 -5.981270 23.147640 0.000000 0.000000 
-6.103887 38.911987 -0.661746 -11.835443 20.346996 0.000000 0.000000 
21.741272 32.015686 4.842343 -13.424109 8.950745 0.000000 0.000000 
-20.539019 33.005997 3.525272 -13.966789 10.502518 0.000000 0.000000 
16.148361 35.867073 -4.953645 -20.136559 12.986771 0.000000 0.000000 
7.179256 38.998657 -3.989938 -10.915245 21.585609 0.000000 0.000000 
-18.894794 34.472099 4.121254 -12.043045 14.980824 0.000000 0.000000 
-6.383977 39.434734 4.141958 -21.149490 11.935337 0.000000 0.000000 
-6.404634 39.529751 -0.371074 -9.802299 22.637447 0.000000 0.000000 
-19.225470 34.674965 4.102724 -10.222801 14.980353 0.000000 0.000000 
-6.749972 39.550701 -0.233040 -4.715828 28.832491 0.000000 0.000000 
-21.014370 33.625252 4.577700 -7.934944 14.745697 0.000000 0.000000 
-21.021933 33.624496 4.819834 -9.965271 13.588688 0.000000 0.000000 
-19.487106 34.652832 -4.859688 -13.341025 12.243622 0.000000 0.000000 
18.066223 35.831551 4.130621 -18.400345 12.423992 0.000000 0.000000 
-6.968623 39.945984 2.662914 -6.177887 25.032604 0.000000 0.000000 
-6.716620 40.077038 -0.947905 -6.948318 24.062979 0.000000 0.000000 
-19.938221 35.056530 -0.887826 -5.026939 17.226858 0.000000 0.000000 
7.581959 40.137722 -0.232199 4.498650 31.919498 0.000000 0.000000 
-19.630646 35.298973 -5.653993 -17.928795 11.854477 0.000000 0.000000 
-19.646622 35.319756 -4.797820 -15.867142 11.377480 0.000000 0.000000 
-19.610525 35.458702 4.931394 -13.210649 14.120247 0.000000 0.000000 
7.511892 40.323395 -0.314629 -9.762520 23.182247 0.000000 0.000000 
-6.845622 40.680756 -1.687905 -12.398926 20.635029 0.000000 0.000000 
-6.776916 40.773571 -1.083651 -9.541495 20.395964 0.000000 0.000000 
7.469385 40.637100 -0.343434 -1.713356 28.168650 0.000000 0.000000 
7.479425 40.655659 -0.222195 1.195076 31.383602 0.000000 0.000000 
7.486516 40.721630 -0.546611 -2.676727 27.396650 0.000000 0.000000 
-19.825495 35.826900 3.628907 -11.853583 12.164097 0.000000 0.000000 
-19.842588 35.818039 3.272792 -12.568933 12.233917 0.000000 0.000000 
-7.139919 40.819977 -0.516210 -14.898163 21.083204 0.000000 0.000000 
-6.380440 41.123669 -1.141391 -12.704590 20.956738 0.000000 0.000000 
8.562971 40.788212 -0.634714 -22.397957 11.355019 1.000000 1.000000 
-19.366362 36.452282 -5.752382 -11.995584 12.750412 0.000000 0.000000 
13.313268 39.469154 4.431431 -14.846512 12.676449 0.000000 0.000000 
-6.333953 41.780388 -0.978151 -12.183684 20.903223 0.000000 0.000000 
-6.388398 41.809452 4.163052 -13.247757 20.536335 0.000000 0.000000 
-20.049240 36.756577 3.850381 -14.871208 12.111435 0.000000 0.000000 
13.597991 39.989071 4.995078 -19.060013 11.227717 0.000000 0.000000 
13.520862 40.214615 4.484503 -17.132706 11.202450 0.000000 0.000000 
-6.477608 42.116989 -0.538021 -13.796042 17.877337 0.000000 0.000000 
-19.759830 37.275799 3.746880 -14.381096 10.404839 0.000000 0.000000 
-6.693950 42.121708 0.230864 -16.288940 17.732571 0.000000 0.000000 
-6.684942 42.219139 -0.612773 -8.100595 23.010275 0.000000 0.000000 
-6.517245 42.309460 -0.459415 -13.903937 19.871662 0.000000 0.000000 
-6.600616 42.484409 -1.211285 -17.128304 13.883614 0.000000 0.000000 
-6.351472 42.658092 -0.514512 -10.127295 21.155684 0.000000 0.000000 
-6.190272 42.696640 -0.851647 -14.196289 19.768009 0.000000 0.000000 
-6.174843 42.726730 -0.681456 -15.368675 19.578979 0.000000 0.000000 
6.942274 42.608051 -0.475329 -14.482407 18.194826 0.000000 0.000000 
-23.465481 35.537945 7.057426 -11.967636 10.176720 0.000000 0.000000 
13.664021 40.965710 4.910267 -15.914833 14.961555 0.000000 0.000000 
12.984985 41.227070 -5.087844 -15.045662 11.801764 0.000000 0.000000 
12.967505 41.231174 3.690098 -12.501335 13.807303 0.000000 0.000000 
-6.024591 43.164314 -0.604410 -13.953232 17.273638 0.000000 0.000000 
8.512024 42.723175 -0.738868 -16.123917 17.069756 0.000000 0.000000 
-23.741234 35.788063 2.866582 -7.103836 13.753605 0.000000 0.000000 
7.195982 43.108974 -1.029509 -18.829575 14.945286 0.000000 0.000000 
8.653825 42.829418 -0.534467 -9.714920 20.963638 0.000000 0.000000 
8.609013 42.870998 -0.098564 -12.578316 20.801350 0.000000 0.000000 
8.639321 43.004543 -0.373471 -8.013144 21.047705 0.000000 0.000000 
8.474459 43.182209 -0.392140 -6.832770 23.391687 0.000000 0.000000 
8.424750 43.193634 -0.721244 -15.953468 15.803902 0.000000 0.000000 
13.233597 41.958611 3.565889 -8.290474 15.376099 0.000000 0.000000 
12.871443 42.080437 3.044382 -9.234366 15.942580 0.000000 0.000000 
12.784929 42.108978 -5.820313 -8.980124 14.921268 0.000000 0.000000 
-3.301918 43.990459 -0.709593 9.477821 35.603355 1.000000 1.000000 
-20.833574 38.475582 5.680889 -16.799042 8.349277 0.000000 0.000000 
6.790297 43.689896 -0.779777 -10.958954 16.761700 0.000000 0.000000 
12.834320 42.178272 -3.924473 -23.292473 9.830502 0.000000 0.000000 
7.179231 43.657948 -0.761451 -10.659607 19.895393 0.000000 0.000000 
8.723585 43.551716 -0.249434 -11.183388 19.256826 0.000000 0.000000 
6.608243 44.045113 -0.473877 -12.673553 20.453852 0.000000 0.000000 
-3.349566 44.493610 -0.613145 5.554161 32.643486 1.000000 1.000000 
-20.468563 39.180729 5.324768 -17.230644 9.207802 0.000000 0.000000 
22.294609 38.147789 3.342001 -9.855896 12.284199 0.000000 0.000000 
8.872149 43.804882 -0.511860 -19.682213 13.430931 0.000000 0.000000 
6.567022 44.340942 -0.910000 -17.598045 15.759692 0.000000 0.000000 
-20.693384 39.348328 1.983768 -12.070291 10.785553 0.000000 0.000000 
-6.755136 44.478390 1.379080 -4.240005 19.676418 0.000000 0.000000 
-6.146430 44.586018 -1.362113 -14.011658 10.448441 0.000000 0.000000 
13.095715 43.019825 -4.463865 -7.334970 16.963350 0.000000 0.000000 
-5.785513 44.960068 3.612274 -10.685431 19.372309 0.000000 0.000000 
-5.626601 45.092648 5.395212 -4.441002 17.036198 0.000000 0.000000 
-6.174716 45.065750 -0.857519 -14.437973 12.126999 0.000000 0.000000 
-6.006936 45.281635 5.350092 -12.772629 14.392207 0.000000 0.000000 
-5.531739 45.349182 -5.982176 -6.708589 18.442711 0.000000 0.000000 
-7.021874 45.144688 1.420619 -6.859978 16.949423 0.000000 0.000000 
-7.247269 45.100468 5.635458 -12.692543 14.637446 0.000000 0.000000 
-5.404140 45.464180 5.040987 -10.385980 15.618149 0.000000 0.000000 
-5.104012 45.598171 5.033924 -11.812622 14.420765 0.000000 0.000000 
-6.253728 45.755608 -8.180575 -13.781349 15.373919 0.000000 0.000000 
-6.706847 45.753700 1.933951 5.528069 28.081821 0.000000 0.000000 
-6.043435 45.886719 2.216812 -9.669211 22.607716 0.000000 0.000000 
-6.690336 45.826637 1.576574 -8.444374 20.607368 0.000000 0.000000 
-20.342352 41.367813 4.449395 -5.898857 11.110245 0.000000 0.000000 
-6.195003 46.093102 2.375712 -6.598228 22.108805 0.000000 0.000000 
-6.784232 46.129570 3.431580 -6.053955 20.543339 0.000000 0.000000 
6.933545 46.396824 -0.047115 -8.766464 18.279261 0.000000 0.000000 
6.291080 46.518600 5.274363 -5.812378 20.466749 0.000000 0.000000 
-5.337929 46.700596 5.147683 -10.043480 18.769756 0.000000 0.000000 
-6.508117 46.583279 13.826618 -16.325661 15.371651 0.000000 0.000000 
-20.658731 41.836979 4.472398 -11.459419 12.807406 0.000000 0.000000 
-7.451553 46.454876 5.472959 -9.657990 20.158012 0.000000 0.000000 
-20.634365 41.868660 4.962536 -4.669487 16.522591 0.000000 0.000000 
6.247936 46.723022 5.848251 -9.106453 15.054358 0.000000 0.000000 
-20.346998 42.140640 15.201766 -13.573494 11.834305 0.000000 0.000000 
-20.370031 42.226143 5.403139 -10.051605 11.604735 0.000000 0.000000 
-7.336749 46.683895 5.179776 -10.260910 18.314053 0.000000 0.000000 
-21.155399 42.071514 4.656263 -6.090790 15.897942 0.000000 0.000000 
7.706713 46.857845 4.679617 -10.114586 18.255409 0.000000 0.000000 
-21.099472 42.125393 5.648473 -7.153435 15.409019 0.000000 0.000000 
-6.867309 47.024426 -0.999919 -16.011520 14.801762 0.000000 0.000000 
7.983737 46.939690 -0.046187 -10.689232 16.077162 0.000000 0.000000 
8.081118 47.160801 -0.078775 -0.446518 23.920824 0.000000 0.000000 
6.656121 47.423927 5.256563 -12.511444 16.701653 0.000000 0.000000 
-21.619656 42.324654 4.839192 -9.802574 13.893879 0.000000 0.000000 
-21.139999 42.611771 3.292737 -8.749565 11.130188 0.000000 0.000000 
-21.762844 42.289108 3.857051 -9.814224 12.246479 0.000000 0.000000 
7.278731 47.702400 6.317052 -8.909050 18.388870 0.000000 0.000000 
8.037071 47.574783 -0.836920 -7.729201 18.470114 0.000000 0.000000 
7.687495 47.717155 -2.376020 -6.144905 17.137421 0.000000 0.000000 
8.631001 47.544701 1.052891 -3.168503 21.623480 0.000000 0.000000 
7.530081 47.792110 0.278231 -8.631325 18.639736 0.000000 0.000000 
7.738308 47.841244 0.821339 -9.237885 18.170441 0.000000 0.000000 
7.915383 47.819069 0.458846 -7.425751 18.196703 0.000000 0.000000 
-20.663712 43.538391 -6.055401 -19.480911 8.594723 0.000000 0.000000 
-6.540783 48.340408 1.857107 -4.995270 23.994514 0.000000 0.000000 
5.724286 48.532387 5.110120 -4.421211 23.363018 0.000000 0.000000 
-20.781544 43.922993 -7.082642 -10.251587 13.192265 0.000000 0.000000 
-20.366314 44.141380 2.169243 -4.981392 18.114307 0.000000 0.000000 
8.139515 48.472443 0.099082 -6.265161 17.105228 0.000000 0.000000 
5.629845 48.885628 5.611348 -8.610634 20.257736 0.000000 0.000000 
-6.836164 48.757824 -3.317761 1.860962 30.363392 0.000000 0.000000 
-19.751726 44.764336 2.898859 -10.946855 16.698248 0.000000 0.000000 
-21.189468 44.064674 4.077298 -9.808296 13.894259 0.000000 0.000000 
-6.840467 48.796513 -4.109353 -7.425720 21.391962 0.000000 0.000000 
6.574974 48.905815 1.651025 -6.485092 22.144894 0.000000 0.000000 
8.137543 48.664028 -5.861722 -0.142441 24.931244 0.000000 0.000000 
-20.481619 44.617447 -5.409137 -12.751724 12.911465 0.000000 0.000000 
6.411719 49.137280 -5.246184 -5.213013 20.354338 0.000000 0.000000 
7.740717 48.975803 2.542521 -6.022171 23.050653 0.000000 0.000000 
-20.543447 44.848396 2.212776 -7.582695 18.747095 0.000000 0.000000 
6.900071 49.194931 1.221402 -5.898720 25.031118 0.000000 0.000000 
6.425099 49.287472 -6.401861 -12.474869 21.690046 0.000000 0.000000 
-20.611502 45.031174 2.531918 -9.267877 15.863783 0.000000 0.000000 
-20.578333 45.068443 2.545999 -15.218956 15.020592 0.000000 0.000000 
-6.930779 49.416283 1.862088 -11.204956 16.317322 0.000000 0.000000 
5.988211 49.744816 5.986072 -11.603560 19.439955 0.000000 0.000000 
8.262378 49.435169 3.884806 -1.957145 22.110096 0.000000 0.000000 
-20.745676 45.343376 2.458047 -10.984590 8.329720 0.000000 0.000000 
-20.969423 45.293945 3.387406 -15.502647 8.889973 0.000000 0.000000 
-20.258072 45.721088 4.015867 -16.223412 9.378708 0.000000 0.000000 
7.494463 50.068577 1.612751 -13.466339 11.196503 1.000000 1.000000 
-20.263121 46.466362 4.442496 -12.358008 8.387257 0.000000 0.000000 
-23.558943 44.825047 4.354433 -9.198845 10.044201 0.000000 0.000000 
-22.581055 45.432743 4.317473 -12.183525 10.751503 0.000000 0.000000 
-20.638466 46.436913 1.687442 -10.312744 9.997784 0.000000 0.000000 
-20.508680 47.105118 -8.064487 -8.968102 14.792572 0.000000 0.000000 
-20.499872 47.223587 2.767824 2.200676 20.820160 0.000000 0.000000 
-5.723280 51.488102 -0.689195 -6.885956 19.430395 0.000000 0.000000 
-20.347481 47.333813 4.266160 -4.094437 19.095884 0.000000 0.000000 
-20.297058 47.362854 3.005554 0.698708 22.543941 0.000000 0.000000 
-20.889257 47.190273 3.344011 -4.006981 17.370497 0.000000 0.000000 
-5.614655 51.785957 -0.238720 -8.317000 17.710041 0.000000 0.000000 
-5.965141 51.749535 1.313624 -18.227356 15.805016 0.000000 0.000000 
-4.160231 51.951138 5.146621 -14.151230 11.081642 0.000000 0.000000 
-4.049201 52.024399 5.614997 -9.906853 16.459639 1.000000 1.000000 
-6.478055 51.852753 0.490988 -15.069473 17.859016 0.000000 0.000000 
-20.332552 47.825462 4.328200 -3.797058 20.082493 0.000000 0.000000 
-6.193645 51.964153 7.830735 -14.416496 15.715294 0.000000 0.000000 
-20.365906 48.034790 3.912082 3.148522 19.737839 0.000000 0.000000 
-20.281187 48.128262 3.927488 -0.357109 17.079985 0.000000 0.000000 
-20.995522 47.917007 5.024156 -13.964531 10.108570 0.000000 0.000000 
-5.593971 52.370380 6.117172 -8.416939 18.059748 0.000000 0.000000 
-20.177910 48.326073 -5.348314 -3.654335 19.055353 0.000000 0.000000 
-4.899036 52.477169 7.237111 -11.343019 19.062702 0.000000 0.000000 
-20.616062 48.187218 14.249400 -13.823021 10.162384 0.000000 0.000000 
-21.207060 48.132633 1.161905 -14.394119 9.179127 0.000000 0.000000 
-7.750104 52.404034 5.056385 -18.664413 13.906161 0.000000 0.000000 
-20.637522 48.516312 -5.416214 -3.228988 19.230810 0.000000 0.000000 
-20.526224 48.569481 2.914083 0.400055 18.166069 0.000000 0.000000 
-21.209360 48.285294 5.274083 -13.181458 13.646510 0.000000 0.000000 
-6.641746 52.718109 3.400069 -11.361801 13.610222 0.000000 0.000000 
-20.423050 48.821224 3.228294 -12.787514 13.293190 0.000000 0.000000 
-29.598358 43.490925 2.527751 -11.959929 7.233573 0.000000 1.000000 
-4.873300 53.181583 -1.379375 -16.197205 10.833328 0.000000 0.000000 
13.510638 51.561417 4.429469 -8.913414 13.680739 0.000000 0.000000 
-20.313980 49.135139 3.023850 -7.086052 12.753838 0.000000 0.000000 
5.715322 53.233383 6.912425 -19.864105 10.880432 0.000000 0.000000 
4.814605 53.382565 5.581518 -8.939467 14.892437 0.000000 0.000000 
6.203425 53.263115 6.204556 -9.496858 15.267811 0.000000 0.000000 
5.466156 53.399464 6.380635 -14.879021 13.455666 0.000000 0.000000 
-5.851007 53.593098 -0.386852 -9.769507 16.169233 0.000000 0.000000 
5.023950 53.728191 5.372036 -13.708229 15.373160 0.000000 0.000000 
4.367108 53.834103 4.083836 -16.391159 14.859131 0.000000 0.000000 
5.272161 53.789608 7.559080 -13.222786 13.552142 0.000000 0.000000 
-23.608995 48.268459 7.172439 -11.137444 10.911278 0.000000 0.000000 
5.091328 53.955830 5.048453 -5.199341 19.531754 0.000000 0.000000 
-19.691803 50.193295 5.656123 -9.704956 11.475510 0.000000 0.000000 
5.437806 54.134651 6.004650 -9.546753 19.688477 0.000000 0.000000 
5.475263 54.130512 7.708535 -15.464310 16.894821 0.000000 0.000000 
5.483452 54.142502 7.122138 -9.554489 20.058773 0.000000 0.000000 
3.808954 54.603786 4.011768 -5.729271 18.693521 0.000000 0.000000 
4.903234 54.530674 6.245483 -2.474258 24.110157 0.000000 0.000000 
-20.453917 50.492680 6.544695 -15.028297 10.079945 0.000000 0.000000 
5.877245 54.451752 5.511180 -15.714470 15.004481 0.000000 0.000000 
-5.975251 54.557392 -0.755404 -9.651718 18.834314 0.000000 0.000000 
21.938686 50.025280 2.008901 -8.377069 15.557899 0.000000 0.000000 
-19.356108 51.308632 0.853188 -14.619904 8.752254 0.000000 0.000000 
-21.487249 50.390812 4.970884 -14.854858 8.834934 0.000000 0.000000 
3.313545 55.075096 -6.419097 -13.723610 17.439804 0.000000 0.000000 
4.161914 55.150127 4.993770 -6.997597 18.414005 0.000000 0.000000 
-21.293734 50.814156 1.213295 -13.896454 9.537132 0.000000 0.000000 
5.191578 55.293327 -6.207095 -2.714546 22.110746 0.000000 0.000000 
4.648419 55.353390 5.066633 -9.320886 16.137066 0.000000 0.000000 
9.114749 54.763889 2.423255 2.853806 25.713072 0.000000 0.000000 
4.687823 55.365345 4.704714 -11.081810 15.872824 0.000000 0.000000 
-20.313848 51.427956 1.976184 -2.065971 20.209496 0.000000 0.000000 
9.288203 54.857037 -5.579929 -6.383063 17.700157 0.000000 0.000000 
-20.887819 51.316219 1.301803 -3.490638 17.333233 0.000000 0.000000 
7.181701 55.248604 3.002919 -8.731674 17.934206 0.000000 0.000000 
8.195920 55.114140 4.481440 -4.748474 20.946350 0.000000 0.000000 
-20.520891 51.577015 7.148754 -8.221826 12.995117 0.000000 0.000000 
21.913710 51.015427 -0.820803 -11.577971 9.955128 0.000000 0.000000 
-20.955791 51.462219 2.179518 -7.848596 14.446167 0.000000 0.000000 
0.524022 55.873634 -1.273491 -16.814125 9.926108 1.000000 1.000000 
23.634462 50.255360 4.529304 -12.015671 9.352646 0.000000 0.000000 
8.480312 55.374828 1.505745 -11.024124 16.930590 0.000000 0.000000 
8.283140 55.418930 1.481157 -10.559845 15.482108 0.000000 0.000000 
4.453168 55.962086 -6.107368 -13.974687 15.812357 0.000000 0.000000 
11.279018 54.956959 4.153624 -11.276901 15.086020 0.000000 0.000000 
8.337770 55.654568 -0.219366 -8.191733 18.551577 0.000000 0.000000 
22.097387 51.456024 2.074711 0.049401 20.932495 0.000000 0.000000 
22.539257 51.263981 2.013278 -9.150931 13.490993 0.000000 0.000000 
23.523294 50.945171 3.993177 3.995392 21.734219 0.000000 0.000000 
23.568579 50.948185 3.884956 0.767182 16.741653 0.000000 0.000000 
-6.600451 56.186768 8.828404 -13.814775 16.166985 0.000000 0.000000 
22.678518 51.504742 2.329509 -6.269073 15.733742 0.000000 0.000000 
6.701076 56.220009 4.238902 -13.161551 13.518664 0.000000 0.000000 
21.904409 51.955074 -1.028576 -7.136429 13.132797 0.000000 0.000000 
9.394755 55.943855 0.476807 -9.741487 14.748772 0.000000 0.000000 
23.714909 51.475468 4.223406 3.416214 20.143444 0.000000 0.000000 
23.611607 51.557186 -5.091207 -4.806702 12.773144 0.000000 0.000000 
17.340948 54.255562 3.749440 -12.456491 9.593910 0.000000 0.000000 
23.400061 52.321758 4.696571 -6.931816 9.156387 0.000000 0.000000 
23.287548 52.410305 4.048686 -11.803772 6.052864 0.000000 0.000000 
-6.299232 57.489594 -2.878472 1.359513 16.283115 0.000000 0.000000 
17.568501 54.990086 2.781653 -5.400536 8.133919 0.000000 0.000000 
-6.393834 57.572304 1.659739 -0.715523 13.165423 0.000000 0.000000 
17.726040 55.043552 2.846366 -5.126930 9.912127 0.000000 0.000000 
-5.376877 57.797348 2.542095 -8.383536 9.369801 0.000000 0.000000 
-6.246946 57.706463 -6.414111 -7.806145 8.588249 0.000000 0.000000 
8.140353 57.844097 -0.661827 -13.457910 8.589911 0.000000 0.000000 
23.534100 53.211304 1.911893 -8.962883 6.973400 0.000000 0.000000 
-6.579057 58.226288 9.810211 -9.346007 10.903563 0.000000 0.000000 
-6.527393 58.285835 1.826990 -7.239984 7.009326 0.000000 0.000000 
-6.097028 58.335934 10.258575 -11.151245 11.487030 0.000000 0.000000 
-19.313395 55.220703 1.899521 -12.706291 8.127213 0.000000 0.000000 
-21.373732 54.501961 4.382716 -9.421823 9.340267 0.000000 0.000000 
-4.709202 58.880672 6.052879 -13.863312 12.600493 0.000000 0.000000 
-4.611495 58.917233 -10.604711 -13.302902 12.853989 0.000000 0.000000 
-5.020473 58.951431 4.377136 -14.050363 14.006663 0.000000 0.000000 
-20.639402 55.332726 4.231250 -14.500458 7.674911 0.000000 0.000000 
-20.497534 55.625084 2.083794 -9.808061 12.165909 0.000000 0.000000 
-21.510635 55.283768 4.241704 -9.052109 12.604973 0.000000 0.000000 
7.398301 59.122150 -7.386529 -7.940689 14.957844 0.000000 0.000000 
7.842523 59.080929 4.837044 -4.632820 18.825834 0.000000 0.000000 
-4.563899 59.634830 -1.084579 -13.705855 11.881268 0.000000 0.000000 
-5.051399 59.674580 4.630949 -15.129234 13.209866 0.000000 0.000000 
8.091901 59.410896 3.828124 -12.805594 9.699448 0.000000 0.000000 
6.408882 59.633362 -10.632184 -15.968163 13.734398 0.000000 0.000000 
6.285226 59.780724 3.962322 -13.723892 13.924515 0.000000 0.000000 
-20.853897 56.269089 2.258513 -12.723311 9.034870 0.000000 0.000000 
-6.016678 60.002361 2.517145 -16.670647 10.640864 0.000000 0.000000 
-21.159235 56.256241 4.366402 -13.904686 9.976452 0.000000 0.000000 
6.255694 60.056721 3.190998 -14.021126 11.664074 0.000000 0.000000 
-21.163332 56.290245 3.399458 -13.838799 8.381882 0.000000 0.000000 
-21.192703 56.278114 3.214935 -13.344031 7.567604 0.000000 0.000000 
6.067474 60.185337 4.079838 -11.857544 14.939368 0.000000 0.000000 
-5.344482 60.585144 -1.274162 -21.001717 8.532969 0.000000 0.000000 
-6.323331 60.583752 1.250891 -8.715462 15.944476 0.000000 0.000000 
-6.628810 60.594887 1.146816 -8.607018 15.688560 0.000000 0.000000 
13.244241 59.436268 4.019890 -12.873436 12.305508 0.000000 0.000000 
7.440886 60.560997 4.118377 -6.029869 18.651026 0.000000 0.000000 
-6.755623 60.967674 -6.166679 -11.507339 13.719601 0.000000 0.000000 
7.187892 61.043762 3.918686 -9.061699 16.557589 0.000000 0.000000 
9.173894 60.933628 1.155686 -1.211387 21.069849 0.000000 0.000000 
9.357325 60.930271 1.693357 0.708069 21.087418 0.000000 0.000000 
-6.662273 61.315907 1.029765 -13.016258 12.131351 0.000000 0.000000 
7.759200 61.219292 4.399699 -1.879860 21.305500 0.000000 0.000000 
8.677855 61.153698 0.941305 -1.123901 21.793110 0.000000 0.000000 
9.395925 61.069836 -4.700760 -2.891983 19.333469 0.000000 0.000000 
22.114931 57.533562 -5.862894 -5.823990 12.521996 0.000000 0.000000 
9.035554 61.418602 -4.521115 -10.926332 15.359183 0.000000 0.000000 
9.183324 61.514210 0.161473 -13.951982 14.917744 0.000000 0.000000 
8.554530 61.682304 -5.815082 -20.335487 8.900116 0.000000 0.000000 
7.467390 61.867573 -4.442296 -21.241829 7.514755 0.000000 0.000000 
7.479479 61.963993 -0.911230 -6.883240 14.376307 0.000000 0.000000 
7.479533 62.172668 -1.718124 -8.128784 15.305344 0.000000 0.000000 
10.495162 61.708836 2.103147 -18.291985 9.310707 0.000000 0.000000 
-19.614416 59.314137 2.106717 -14.428528 8.442486 0.000000 0.000000 
8.550785 62.091560 4.407878 -13.803467 10.104445 0.000000 0.000000 
28.937412 55.349945 -5.595647 -10.089218 6.954937 0.000000 0.000000 
26.230536 56.865410 4.733899 -15.186005 7.119491 0.000000 0.000000 
6.443750 62.789284 -6.233037 -12.605292 12.719069 0.000000 0.000000 
12.755523 61.783340 -5.563633 -10.288330 16.555416 0.000000 0.000000 
9.560012 62.525318 -0.733199 -6.174377 17.165297 0.000000 0.000000 
26.163931 57.331287 4.411786 -8.011719 10.192248 0.000000 0.000000 
26.273424 57.554771 -0.835043 -10.136436 10.011494 0.000000 0.000000 
26.380688 57.525639 -7.033980 -9.213043 8.811554 0.000000 0.000000 
26.302992 57.782413 -7.467171 -10.257820 8.468105 0.000000 0.000000 
8.028968 63.367767 0.288190 -9.406302 13.809875 0.000000 0.000000 
8.585616 63.358826 -4.803161 -9.131859 15.916069 0.000000 0.000000 
-19.366034 60.923038 -5.126368 -13.169724 12.441092 0.000000 0.000000 
-18.633768 61.471218 1.144199 -14.232971 8.231495 0.000000 0.000000 
26.597317 58.383705 -6.560721 -8.069839 9.496468 0.000000 0.000000 
-18.700224 62.084480 -3.153755 -14.619263 10.816345 0.000000 0.000000 
-21.160007 62.195488 7.681902 -11.945877 7.910652 0.000000 0.000000 
-17.591925 63.409363 5.077617 -5.487251 14.155692 0.000000 0.000000 
0.597803 67.094452 4.506597 4.426193 26.996597 0.000000 0.000000 
0.409955 67.833893 4.488564 11.731163 32.894722 0.000000 0.000000 
3.586571 67.766800 18.347960 -2.178573 24.914392 0.000000 0.000000 
15.602827 66.905174 2.747682 -3.887512 13.834019 0.000000 0.000000 
13.402459 67.427429 11.852246 -11.897185 15.943743 0.000000 0.000000 
14.892684 67.340958 3.355115 -5.315125 17.170195 0.000000 0.000000 
-5.025986 69.174141 -6.248733 0.505715 23.185968 0.000000 0.000000 
13.665463 68.165253 2.460809 -7.536110 19.874706 0.000000 0.000000 
-5.303677 69.697487 4.423628 -11.882857 13.685841 0.000000 0.000000 
-6.405208 69.613991 0.680784 -2.226898 19.680647 0.000000 0.000000 
3.622397 69.869240 0.024303 -1.814262 19.949181 0.000000 0.000000 
3.663647 69.912872 -0.719417 -9.238121 14.617003 0.000000 0.000000 
4.335883 70.292221 -0.741840 0.094719 22.869684 0.000000 0.000000 
3.876983 70.358391 -0.503295 -4.639526 17.015951 0.000000 0.000000 
-20.274815 67.318710 7.915800 -6.963571 13.200603 0.000000 0.000000 
3.733126 70.419838 -0.818633 0.371422 21.391058 0.000000 0.000000 
3.771502 70.450127 -0.818311 -1.081642 19.398697 0.000000 0.000000 
12.665897 69.641953 1.575475 -5.487938 19.050951 0.000000 0.000000 
8.385064 70.360016 2.459247 2.078972 23.521477 0.000000 0.000000 
8.687929 70.351952 -0.363403 -2.618843 19.862843 0.000000 0.000000 
9.066719 70.340569 3.612376 2.641823 23.879614 0.000000 0.000000 
15.455165 69.379700 2.676653 -7.842331 13.443623 0.000000 0.000000 
17.792570 68.812767 -5.202108 -4.012291 20.359285 0.000000 0.000000 
8.066040 70.812828 -5.215440 -1.633514 22.692530 0.000000 0.000000 
8.472582 70.783714 -2.491735 -4.631317 18.759352 0.000000 0.000000 
8.060075 71.073311 -2.132421 -10.139351 15.285347 0.000000 0.000000 
15.154640 70.051476 0.703065 -6.542343 19.807106 0.000000 0.000000 
8.274276 71.318390 2.107577 6.896294 26.113277 0.000000 0.000000 
19.599295 68.965340 6.051465 -2.687759 18.128040 0.000000 0.000000 
8.214438 71.403023 2.215032 0.234009 21.925623 0.000000 0.000000 
16.456692 69.910797 2.269141 -7.401039 13.307831 0.000000 0.000000 
8.412822 71.688896 2.223183 -2.036545 21.837162 0.000000 0.000000 
8.437813 71.868164 2.189066 3.658921 24.293449 0.000000 0.000000 
8.339184 71.880219 1.970805 3.966980 24.385433 0.000000 0.000000 
15.780274 70.598358 1.157993 -0.028198 19.194136 0.000000 0.000000 
15.625272 70.728783 2.340752 1.714699 20.616814 0.000000 0.000000 
4.274302 72.462822 -1.408129 -10.068878 17.010193 0.000000 0.000000 
16.026541 70.756439 -4.428740 -9.833365 14.269028 0.000000 0.000000 
15.806304 71.201874 -5.632238 -1.614784 21.237549 0.000000 0.000000 
15.559169 71.262611 2.902217 0.194153 21.216829 0.000000 0.000000 
8.425245 72.582611 2.122298 2.714501 21.249102 0.000000 0.000000 
9.189614 72.599815 3.580700 -7.441040 19.032129 0.000000 0.000000 
15.848672 71.483589 1.295198 -8.733452 13.653828 0.000000 0.000000 
4.878499 73.161140 -1.129513 -15.422325 8.909122 0.000000 0.000000 
15.938971 71.523079 0.949747 -4.993805 18.285976 0.000000 0.000000 
16.298391 71.549698 1.339798 -8.553467 17.418259 0.000000 0.000000 
16.836720 71.702911 2.035861 -9.726027 15.133133 0.000000 0.000000 
16.021276 72.009567 2.728010 -4.879272 15.866328 1.000000 1.000000 
-5.260487 73.692383 4.370614 -11.398973 16.240803 0.000000 0.000000 
-5.812327 73.723206 4.072231 -13.208191 15.984835 0.000000 0.000000 
3.431672 73.952515 -1.983782 -10.495590 14.425415 0.000000 0.000000 
3.372157 74.016724 -1.293018 -12.368210 15.456454 0.000000 0.000000 
3.312754 74.112846 -1.447454 3.027794 25.349049 0.000000 0.000000 
3.246186 74.173370 -1.522954 0.179505 23.073605 0.000000 0.000000 
-6.652616 74.011765 4.906348 -7.325868 17.703459 0.000000 0.000000 
-5.350808 74.162827 3.608571 -7.369409 18.515465 0.000000 0.000000 
3.230754 74.544197 -1.082580 -3.426101 21.659563 0.000000 0.000000 
3.630946 74.646469 -1.345626 -1.506531 22.226858 0.000000 0.000000 
3.371422 74.685097 -1.344090 5.394264 28.245020 0.000000 0.000000 
-5.799634 74.547523 -7.891459 -4.035431 19.940842 0.000000 0.000000 
3.533170 74.703873 -1.109126 -3.875259 21.646442 0.000000 0.000000 
-19.463282 72.152069 3.626130 -8.670372 15.654755 0.000000 0.000000 
-5.659403 74.789406 2.856371 -4.132576 16.820143 0.000000 0.000000 
20.410139 72.166275 7.928226 -5.059189 19.161339 0.000000 0.000000 
-6.741998 74.844933 6.274119 -6.373451 17.710260 0.000000 0.000000 
21.621357 72.129745 8.236467 -6.470038 16.166073 0.000000 0.000000 
21.085026 72.331512 8.577339 1.651161 19.965046 0.000000 0.000000 
-5.782258 75.325722 6.195482 -11.754692 15.874400 0.000000 0.000000 
-19.205770 73.165115 3.837668 -5.343048 15.892731 0.000000 0.000000 
-27.845348 70.172432 9.833653 -7.942459 10.344944 0.000000 0.000000 
-27.668324 70.245720 9.426411 -8.567459 8.816116 0.000000 0.000000 
-18.351532 73.416435 4.970138 -8.582924 16.729652 0.000000 0.000000 
28.454855 69.929169 -7.166561 -15.469337 7.674339 0.000000 1.000000 
21.065443 72.742409 7.840763 -14.839760 8.541916 1.000000 1.000000 
20.775648 72.932617 8.967762 -0.830330 18.647171 0.000000 0.000000 
-5.819378 75.801834 2.507644 -1.427833 17.753252 0.000000 0.000000 
-5.901742 75.847069 17.825033 -8.695374 17.169683 0.000000 0.000000 
-19.634754 73.371353 2.441209 -6.407501 16.811460 0.000000 0.000000 
-5.948399 76.063148 2.385924 1.436295 22.631552 0.000000 0.000000 
3.580043 76.224518 -0.155684 -9.211432 15.131138 0.000000 0.000000 
-4.798980 76.241028 6.963075 -12.788872 15.858208 0.000000 0.000000 
-5.904968 76.250214 2.846784 2.990921 24.008894 0.000000 0.000000 
-6.152331 76.241692 3.474383 -3.972580 21.450504 0.000000 0.000000 
-18.438419 74.176506 -9.578906 -5.232735 14.868248 0.000000 0.000000 
3.853851 76.523674 -1.363835 -5.084686 18.711021 0.000000 0.000000 
3.908192 76.551620 -1.413049 -5.490913 19.493172 0.000000 0.000000 
3.857149 76.692238 -0.992392 -7.994226 16.925877 0.000000 0.000000 
-19.443779 74.312012 3.019082 -4.469772 15.727562 0.000000 0.000000 
-18.439520 74.584084 4.414498 -0.597069 21.327080 0.000000 0.000000 
-5.134629 76.811646 2.592902 -8.988472 18.571882 0.000000 0.000000 
-5.220359 76.925011 2.493173 0.076531 20.973902 0.000000 0.000000 
-4.579614 77.090988 6.333531 -11.892426 16.267202 0.000000 0.000000 
-43.898670 62.724968 -2.122968 -0.915413 18.109627 1.000000 1.000000 
-5.047545 77.288689 4.444412 -7.769774 14.668446 0.000000 0.000000 
-5.830303 77.239212 6.722505 -6.331389 18.624247 0.000000 0.000000 
-25.651510 72.852859 10.035943 -7.885544 11.543255 0.000000 0.000000 
-5.878963 77.270180 6.614434 -6.895500 19.574404 0.000000 0.000000 
-18.415121 75.213600 4.353277 -8.735977 14.799113 0.000000 0.000000 
-18.044022 75.614830 -8.479507 -0.552376 20.064228 0.000000 0.000000 
-19.635302 75.200958 -9.441360 -4.922821 16.172588 0.000000 0.000000 
-18.764679 75.435074 -7.935968 -4.940445 16.318939 0.000000 0.000000 
-17.624109 76.091614 -7.748693 -4.450058 18.723013 0.000000 0.000000 
-5.191055 78.219231 9.665110 -9.274521 15.383423 0.000000 0.000000 
-18.328613 76.267815 5.967850 -9.299217 14.088202 0.000000 0.000000 
6.330576 78.310379 -0.103853 -10.675200 16.629938 0.000000 0.000000 
-17.835985 76.496895 5.051879 -3.743431 16.388229 0.000000 0.000000 
-18.944130 76.245216 5.276198 -0.377655 19.227160 0.000000 0.000000 
-17.181440 77.011696 2.784237 -11.227118 15.911837 0.000000 0.000000 
57.499538 52.774498 6.758293 3.444832 9.259499 0.000000 1.000000 
57.101856 53.463333 6.575708 1.431504 9.011150 0.000000 1.000000 
-18.932325 77.113480 -8.824374 -15.849289 11.891590 0.000000 0.000000 
-18.292124 77.281349 6.242804 -5.047050 17.410133 0.000000 0.000000 
-28.245880 74.214340 11.543632 -14.823288 7.025344 0.000000 0.000000 
-17.191795 77.984947 8.597916 -13.544365 12.564411 0.000000 0.000000 
-23.212526 76.437775 9.652234 -14.275940 8.362312 0.000000 0.000000 
5.699176 79.987663 -1.465947 -5.968666 16.535231 0.000000 0.000000 
-18.487673 77.981529 4.430058 -1.105179 20.397591 0.000000 0.000000 
-5.090822 80.052780 -0.482580 -5.146553 17.124498 1.000000 1.000000 
-5.097199 80.194077 -1.032397 -4.598495 19.634249 1.000000 1.000000 
-19.393642 77.998627 -8.030670 -11.967299 10.719391 0.000000 0.000000 
-18.790474 78.379402 5.698441 -6.497313 15.012974 0.000000 0.000000 
5.706414 80.517120 -1.232185 -3.815979 17.615526 0.000000 0.000000 
5.864657 80.590050 -1.052709 -9.200128 16.197269 0.000000 0.000000 
12.034846 80.056450 -1.845521 0.144600 20.024887 0.000000 0.000000 
11.801882 80.559387 -1.656095 -8.222702 13.705173 0.000000 0.000000 
11.998507 80.528847 -1.719122 -8.006660 14.148762 0.000000 0.000000 
11.303351 80.663826 -3.240582 -12.736487 10.926105 0.000000 0.000000 
5.857858 81.353378 -1.379024 -11.653229 9.562641 0.000000 0.000000 
-27.664877 76.474319 10.855042 -8.041260 9.541126 0.000000 0.000000 
-5.351182 81.525139 3.186527 -8.580321 14.631419 0.000000 0.000000 
-4.988071 81.865211 3.165097 -16.433128 8.332541 0.000000 0.000000 
-20.257299 79.373230 -2.732352 -13.916733 9.852684 0.000000 0.000000 
-21.129473 79.158096 2.211219 -12.646057 8.747341 0.000000 0.000000 
12.447283 81.254379 -1.442302 -9.209807 10.696350 0.000000 0.000000 
3.702808 82.229828 -0.594846 -7.678018 15.802126 0.000000 0.000000 
-5.029561 82.244781 1.918818 -13.260422 11.957531 0.000000 0.000000 
-67.830879 43.538242 2.756323 6.413086 11.314400 1.000000 1.000000 
-5.404127 82.288750 1.870505 -4.941925 16.574572 0.000000 0.000000 
-10.715558 81.782982 -1.083484 -9.377655 12.347183 1.000000 1.000000 
3.320175 82.453934 -1.029295 4.136353 25.656273 0.000000 0.000000 
-5.741438 82.445091 2.868637 -8.658095 14.703049 0.000000 0.000000 
-8.046310 82.545097 -6.378047 -11.681252 14.102393 0.000000 0.000000 
-5.358633 82.787720 2.475255 -3.729309 17.984648 0.000000 0.000000 
12.895793 81.983192 1.170896 -8.893608 16.330818 0.000000 0.000000 
-6.018139 83.028305 2.342463 -6.226295 15.684962 0.000000 0.000000 
-6.438777 83.080635 2.777009 -3.702492 18.088312 0.000000 0.000000 
-4.932001 83.277367 3.389920 -12.506766 14.426388 0.000000 0.000000 
-5.195055 83.543846 3.378272 -10.340285 12.586937 0.000000 0.000000 
-7.771771 83.342216 -5.260952 -5.844368 17.901222 0.000000 0.000000 
-21.813282 80.696678 2.697894 -3.492431 17.706600 0.000000 0.000000 
12.737419 82.869537 -0.630110 -10.907065 12.539268 0.000000 0.000000 
-8.086700 83.566010 -6.747387 -10.936996 14.298087 0.000000 0.000000 
-3.589477 84.181320 -0.572386 -12.357657 12.792488 0.000000 0.000000 
-7.911906 83.879311 2.647550 -3.863235 19.782688 0.000000 0.000000 
-7.486338 83.922180 2.988942 -7.608658 16.807749 0.000000 0.000000 
-7.718244 83.909821 1.805254 -16.068230 10.861904 0.000000 0.000000 
-18.838129 82.180885 2.810515 -11.124185 11.640194 0.000000 0.000000 
-19.627151 82.737244 3.387011 -9.047050 13.485062 0.000000 0.000000 
-19.287472 82.878975 -5.362956 -7.355873 13.306254 0.000000 0.000000 
-18.185175 83.276726 -6.175926 -12.725006 11.015469 0.000000 0.000000 
4.239461 85.424507 -1.542651 -5.581459 16.768013 0.000000 0.000000 
-4.792651 85.437332 -2.659289 -7.716507 15.243033 0.000000 0.000000 
-4.773337 85.515503 4.845808 0.936676 24.129208 0.000000 0.000000 
-18.046688 83.789955 3.300798 -4.310974 15.001076 0.000000 0.000000 
-4.166802 85.748383 -6.704978 -7.704347 16.417046 0.000000 0.000000 
4.504313 85.741074 -2.183319 -12.897011 13.713351 0.000000 0.000000 
3.745986 85.811859 -1.785641 -11.071228 12.989357 0.000000 0.000000 
3.729077 85.920349 -1.127325 1.067322 23.719765 0.000000 0.000000 
-18.245935 84.007706 3.170561 -2.449989 19.777611 0.000000 0.000000 
3.303091 86.266052 -1.428064 -10.642035 11.849182 0.000000 0.000000 
-18.867201 84.459129 3.328735 -5.838242 16.731749 0.000000 0.000000 
4.179455 86.633827 -2.140977 -10.085518 13.546204 0.000000 0.000000 
4.350432 86.724243 -1.900082 -11.032828 14.897385 0.000000 0.000000 
4.231694 86.757027 -0.907934 -12.338120 13.754387 0.000000 0.000000 
-4.566114 86.841850 -9.561545 -4.188080 18.358177 0.000000 0.000000 
-18.325867 84.995674 3.272629 -4.911423 17.861914 0.000000 0.000000 
-18.519678 85.077675 2.190203 -4.918198 15.904843 0.000000 0.000000 
-17.648384 85.304123 3.438390 -10.959496 11.348988 0.000000 0.000000 
-17.700005 85.396942 2.481460 -10.572655 16.321274 0.000000 0.000000 
-4.974615 87.261963 -0.638505 -12.640610 10.729408 0.000000 0.000000 
-4.115018 87.306282 3.826750 -12.269501 13.902209 0.000000 0.000000 
4.133202 87.485725 -0.785048 -18.804497 5.879226 0.000000 0.000000 
-3.475151 87.638664 -7.129270 -12.189728 14.913077 0.000000 0.000000 
-5.515688 87.690361 1.230016 1.552315 21.558611 0.000000 0.000000 
-5.633974 87.725128 0.750117 -3.551628 19.481861 0.000000 0.000000 
-17.509506 86.201729 3.429452 -1.755256 19.321520 0.000000 0.000000 
-4.139898 87.997849 -5.224102 -7.046280 16.807198 0.000000 0.000000 
-19.107626 85.960686 2.787063 -10.976433 8.759045 0.000000 0.000000 
-5.763582 87.991806 1.244490 0.171387 21.718033 0.000000 0.000000 
-18.152786 86.271545 2.934373 -4.701088 17.416533 0.000000 0.000000 
-17.212532 86.780807 -6.086745 -4.414673 17.382227 0.000000 0.000000 
-4.239001 88.573936 3.330322 -6.883592 15.404494 0.000000 0.000000 
-4.014673 88.791969 3.939558 -14.420456 10.740814 0.000000 0.000000 
-5.430001 88.751686 1.622529 -8.403755 14.939213 0.000000 0.000000 
-20.027727 86.531166 6.668783 -15.711784 9.812243 0.000000 0.000000 
-3.975796 88.916908 1.729725 -7.234894 16.330484 0.000000 0.000000 
-3.857729 88.953773 2.059200 -11.241104 13.253590 0.000000 0.000000 
-5.399887 88.926743 1.345516 -18.270164 4.438556 1.000000 1.000000 
-26.634363 84.869576 1.935504 -14.141953 8.421288 0.000000 0.000000 
25.428848 85.255676 10.524302 -10.968689 9.340851 0.000000 0.000000 
-3.344359 89.147285 2.542351 -13.814743 12.656944 0.000000 0.000000 
-17.931986 87.373405 3.675331 -6.343910 16.388622 0.000000 0.000000 
-18.403593 87.298004 2.798489 -11.277077 13.609454 0.000000 0.000000 
-18.584692 87.298927 3.090843 -7.433914 12.938972 0.000000 0.000000 
-4.051207 89.347664 2.989764 -5.202965 16.725405 0.000000 0.000000 
-18.953730 87.328300 1.726794 -12.423752 14.414950 0.000000 0.000000 
-19.027439 87.383820 4.575137 -9.394235 17.165089 0.000000 0.000000 
-4.095905 89.574867 -7.039572 -14.120819 11.030056 0.000000 0.000000 
-3.893644 89.584785 3.774713 -10.692032 10.950336 0.000000 0.000000 
-19.719666 87.505928 3.773890 -10.570015 11.918892 0.000000 0.000000 
-4.484627 89.704742 1.758720 -15.075714 10.978470 0.000000 0.000000 
-5.316517 89.739136 -6.842450 -10.051567 16.341322 0.000000 0.000000 
25.659494 86.197090 9.432364 -8.673172 11.950634 0.000000 0.000000 
-4.385558 90.121094 -0.812918 -8.328316 15.120894 0.000000 0.000000 
-6.460042 90.036812 -0.198844 -10.158011 13.179356 0.000000 0.000000 
-4.330530 90.235428 -0.566467 -7.140167 14.371230 0.000000 0.000000 
-4.724568 90.525085 -5.992582 -14.961098 10.639080 0.000000 0.000000 
-4.338321 90.560982 0.855814 -11.549698 13.245028 0.000000 0.000000 
-5.216517 90.596970 -3.016372 -8.584273 14.307011 0.000000 0.000000 
-5.510901 90.644623 -6.782416 -14.105910 11.834202 0.000000 0.000000 
-19.427887 88.650429 5.521727 -7.369414 14.888930 0.000000 0.000000 
-4.540833 90.844955 0.096900 -6.177979 15.705321 0.000000 0.000000 
11.244594 90.278015 -1.469904 -5.790131 14.571734 0.000000 0.000000 
11.445230 90.327156 -1.592417 -9.239105 13.215698 0.000000 0.000000 
-4.413066 91.063202 -0.782141 -9.527719 15.587067 0.000000 0.000000 
-24.114782 87.835861 -3.929812 -13.635262 10.677719 0.000000 0.000000 
-5.716180 91.059265 -0.713337 -8.957596 13.057343 0.000000 0.000000 
12.805347 90.666557 -2.360826 -11.403557 9.344395 0.000000 0.000000 
12.120485 90.787132 1.333965 -14.650650 8.186378 0.000000 0.000000 
-4.325514 91.644478 -1.352069 -8.352487 13.085613 0.000000 0.000000 
-5.778874 91.760513 0.118726 -10.508063 9.641543 0.000000 0.000000 
10.614928 91.378288 -1.748402 -14.861916 8.402023 0.000000 0.000000 
-24.493649 88.606499 3.764438 -14.786797 7.722724 0.000000 0.000000 
-4.792680 91.948326 -1.277853 -14.889984 8.007385 0.000000 0.000000 
9.811411 91.811378 -1.179402 -14.444771 10.308517 0.000000 0.000000 
-24.162672 89.003372 16.319651 -16.447365 6.234340 0.000000 0.000000 
11.137646 91.797318 -0.490647 -11.900786 12.190037 0.000000 0.000000 
-3.917332 92.420158 -1.679236 -12.545609 11.800514 0.000000 0.000000 
-21.360065 89.983376 1.041071 -15.995506 7.977809 0.000000 0.000000 
-4.539231 92.479019 -2.128733 -11.545259 9.801632 0.000000 0.000000 
-4.405061 92.508865 -1.317519 -12.422606 10.560780 0.000000 0.000000 
-4.418675 92.704811 -1.347516 -18.465294 3.735679 0.000000 0.000000 
-19.207449 90.931442 6.159822 -12.875969 7.747318 0.000000 0.000000 
10.445969 92.705986 -1.322971 -13.288864 11.306582 0.000000 0.000000 
-4.792233 93.212303 1.624769 -6.935173 14.177639 0.000000 0.000000 
-4.494529 93.399406 -0.780661 -6.775032 13.419323 0.000000 0.000000 
-5.401065 93.548302 3.030728 -12.573997 9.060772 0.000000 0.000000 
-4.961066 93.604866 -2.120098 -11.742288 11.639361 0.000000 0.000000 
-4.100705 93.914719 -1.180403 -10.905136 8.940113 0.000000 0.000000 
-4.894810 93.951401 2.418269 1.703362 20.531658 0.000000 0.000000 
-4.311784 93.997177 2.589072 -0.120849 18.649660 0.000000 0.000000 
-4.365081 94.132797 -0.950288 -9.329277 12.161198 0.000000 0.000000 
10.888758 93.619072 2.558009 -8.176605 13.130137 0.000000 0.000000 
-4.668500 94.337524 3.255430 -3.587982 15.936886 0.000000 0.000000 
-4.648771 94.344536 3.236565 -3.890960 15.593040 0.000000 0.000000 
-4.437867 94.523346 -6.913261 -5.526733 15.028187 0.000000 0.000000 
-4.784871 94.614204 3.969703 -12.245238 9.993996 0.000000 0.000000 
-4.882009 94.719070 -7.793835 -7.079422 14.243454 0.000000 0.000000 
-4.545446 94.798401 2.846225 -15.449432 6.014572 0.000000 0.000000 
-4.442937 94.834351 2.914111 -2.990173 16.904312 0.000000 0.000000 
-4.220568 95.022659 -7.252251 -9.338553 11.604416 0.000000 0.000000 
-18.791286 93.231247 2.831459 -9.462845 11.539295 0.000000 0.000000 
-4.182217 95.208008 -6.004274 -15.151215 7.361255 0.000000 0.000000 
-5.002588 95.298607 -5.178530 -9.721588 11.870617 0.000000 0.000000 
-4.310400 95.412811 -7.490744 -4.634628 14.938712 0.000000 0.000000 
-3.854820 95.442970 2.269652 -12.075493 10.526306 0.000000 0.000000 
-19.467379 93.550041 -7.804649 -2.139961 18.809511 0.000000 0.000000 
10.304283 95.221062 3.442063 -11.455261 9.310097 0.000000 0.000000 
-18.727261 93.991318 2.132995 -3.835243 17.279057 0.000000 0.000000 
-18.729734 94.019958 -7.017131 1.396225 20.737398 0.000000 0.000000 
-19.107887 93.980301 4.419490 -3.256263 17.054821 0.000000 0.000000 
-4.137814 96.085098 -0.326602 -19.070297 2.961681 0.000000 0.000000 
-4.255023 96.115555 3.633146 -7.731729 12.736526 0.000000 0.000000 
-17.876566 94.519157 -5.714834 -4.487473 16.181629 0.000000 0.000000 
-18.692118 94.449295 3.660168 -7.529510 12.374954 0.000000 0.000000 
12.909043 95.485275 -1.028788 -0.848877 18.968575 0.000000 0.000000 
-18.578033 94.518600 2.664563 -5.213638 15.710030 0.000000 0.000000 
-18.638695 94.553940 2.704179 -4.503357 14.801833 0.000000 0.000000 
11.894539 95.846519 -2.326709 -3.191467 18.817341 0.000000 0.000000 
-19.412411 94.821304 1.367671 -8.417787 16.685638 0.000000 0.000000 
12.230869 96.301743 -1.587880 2.067597 21.765480 0.000000 0.000000 
-18.325922 95.339668 2.925749 -1.340599 18.393875 0.000000 0.000000 
12.011207 96.398117 -2.094739 -6.164978 16.269205 0.000000 0.000000 
-18.629648 95.350937 3.235247 -1.372535 19.315676 0.000000 0.000000 
10.827309 96.702370 -1.662017 -9.689445 14.792725 0.000000 0.000000 
-25.430296 93.902199 1.742202 -11.662332 8.123549 0.000000 0.000000 
4.631708 97.480797 -1.516935 -10.068748 13.278084 0.000000 0.000000 
-4.502836 97.538841 -0.180394 -6.883409 14.781390 0.000000 0.000000 
-17.573383 96.256149 3.599843 -0.938423 18.112873 0.000000 0.000000 
-16.006681 96.696770 -5.737459 -8.065431 14.268973 0.000000 0.000000 
-18.804562 96.207092 2.758528 -1.157715 19.148754 0.000000 0.000000 
-18.997747 96.202515 3.711931 -1.802101 16.151535 0.000000 0.000000 
16.491539 96.835052 2.213134 -12.592949 9.934128 0.000000 0.000000 
3.896468 98.225571 -1.571769 -3.287262 18.366432 0.000000 0.000000 
16.646746 96.828423 3.481539 -4.407661 18.491371 0.000000 0.000000 
16.824482 97.000336 -6.227488 -7.173134 15.259003 0.000000 0.000000 
16.341625 97.128433 -5.010909 -2.313804 18.344398 0.000000 0.000000 
17.755854 96.994453 0.032582 -10.406204 10.470963 0.000000 0.000000 
16.539291 97.283104 3.269530 2.721993 21.322994 0.000000 0.000000 
4.425848 98.799835 -2.190113 -12.589990 11.869354 0.000000 0.000000 
15.609911 97.673912 2.277727 2.946663 21.229601 0.000000 0.000000 
17.903669 97.336334 2.820209 -2.974891 17.563839 0.000000 0.000000 
3.693027 98.968636 -1.031799 -4.803825 16.103977 0.000000 0.000000 
18.250336 97.281479 3.297106 -3.223961 18.147781 0.000000 0.000000 
15.343509 97.886627 3.257017 -10.680243 13.986706 0.000000 0.000000 
4.040543 99.166626 -1.589891 -12.110031 9.430260 0.000000 0.000000 
17.272825 97.813431 2.153498 -1.768211 18.956156 0.000000 0.000000 
17.092180 97.891556 -4.950381 -2.186271 18.341324 0.000000 0.000000 
-17.190336 97.917084 2.874792 -2.532646 19.019373 0.000000 0.000000 
-17.696039 97.958176 2.331247 -2.768318 17.790588 0.000000 0.000000 
-18.869423 97.950325 2.019611 -8.075943 15.508961 0.000000 0.000000 
15.658682 98.650879 -7.217096 -4.630203 15.157519 0.000000 0.000000 
16.943335 98.433640 3.242508 -8.028625 14.578274 0.000000 0.000000 
17.690697 98.521454 1.896822 -9.148767 12.795856 0.000000 0.000000 
-5.034297 100.052094 -1.422386 -5.661064 17.062281 0.000000 0.000000 
3.928295 100.152687 -1.337045 -4.400162 17.500147 0.000000 0.000000 
15.419709 99.028671 2.102894 -5.140907 16.069906 0.000000 0.000000 
31.593630 95.125740 4.001258 -10.456726 7.240497 0.000000 0.000000 
15.995658 99.282204 2.153883 -5.272041 18.378170 0.000000 0.000000 
4.103711 100.581497 -1.640386 -4.852295 20.445299 0.000000 0.000000 
13.537143 100.053650 3.486272 -0.746597 19.726650 0.000000 0.000000 
15.211172 99.879990 -7.115494 -3.882820 15.878363 0.000000 0.000000 
12.619841 100.303337 -5.522850 -2.888458 17.973509 0.000000 0.000000 
13.844304 100.156685 -6.317415 -6.291139 14.558758 0.000000 0.000000 
-21.332010 99.017517 1.948608 -8.746277 8.981358 0.000000 0.000000 
13.388117 100.581566 -0.148521 -10.728316 12.231388 0.000000 0.000000 
-3.048354 101.510841 4.321088 -7.617433 13.462818 0.000000 0.000000 
14.203094 100.554283 3.354216 -8.207086 13.185738 0.000000 0.000000 
-3.755261 101.566833 4.091348 -3.478081 16.536442 0.000000 0.000000 
31.947248 96.381615 3.905657 -12.059152 6.334224 0.000000 1.000000 
10.742615 101.207344 2.799765 -2.870765 17.159534 0.000000 0.000000 
11.251699 101.176628 2.466456 0.247071 20.287796 0.000000 0.000000 
11.650113 101.268623 1.681595 -9.020844 13.719986 0.000000 0.000000 
17.411180 100.487953 -4.816379 -5.782120 13.575274 0.000000 0.000000 
11.461440 101.737778 -8.989683 -5.762573 14.078753 0.000000 0.000000 
-20.819262 100.196884 2.610092 -8.740027 13.501732 0.000000 0.000000 
-21.339561 100.094498 12.403322 -4.212540 17.306328 0.000000 0.000000 
-21.782555 100.040337 2.067008 -3.442680 15.967755 0.000000 0.000000 
13.101058 101.691483 2.707510 5.094704 23.274536 0.000000 0.000000 
12.325030 101.875412 3.373229 -0.124809 20.410397 0.000000 0.000000 
14.246809 101.830498 0.380493 -5.798233 15.304076 0.000000 0.000000 
16.382484 101.547081 4.096052 1.513954 18.763268 0.000000 0.000000 
11.078190 102.527641 2.298315 -7.290291 12.867489 0.000000 0.000000 
14.094068 102.278694 -6.379335 0.488480 20.321095 0.000000 0.000000 
9.179934 102.898079 -8.257412 3.609223 22.117901 0.000000 0.000000 
9.589329 102.877586 0.897864 4.280159 21.925655 0.000000 0.000000 
11.143536 103.016418 2.165181 -5.732330 13.475704 0.000000 0.000000 
12.058294 102.924988 2.501403 -8.149384 13.922310 0.000000 0.000000 
9.479271 103.229919 4.599878 0.714684 19.742186 0.000000 0.000000 
9.421964 103.272049 -7.561524 1.718003 20.949333 0.000000 0.000000 
12.200164 103.003830 2.719750 -5.357193 17.564161 0.000000 0.000000 
17.806755 102.252899 -4.516421 -9.971962 12.768799 0.000000 0.000000 
-20.093922 102.062325 1.651558 -2.790268 18.302837 0.000000 0.000000 
13.579068 103.226952 -4.010117 -8.700928 14.557921 0.000000 0.000000 
-20.277222 102.225662 5.493024 -3.352600 17.004396 0.000000 0.000000 
-20.646172 102.175934 3.252448 -1.522529 17.709692 0.000000 0.000000 
44.338112 94.053070 4.368812 -8.274095 6.295238 0.000000 0.000000 
9.002856 104.078407 0.464273 -7.772049 11.924465 0.000000 0.000000 
-20.547676 102.522545 1.901300 -6.837976 15.322810 0.000000 0.000000 
11.401952 104.052422 3.326381 -9.603189 14.871615 0.000000 0.000000 
10.925211 104.271301 -6.453695 -3.562172 19.759392 0.000000 0.000000 
9.208172 104.563034 5.764068 -6.553627 13.386780 0.000000 0.000000 
-14.545759 104.015717 4.190855 -6.163704 16.740419 0.000000 0.000000 
-14.764259 104.339417 3.961786 -3.686401 18.144304 0.000000 0.000000 
-16.490910 104.103867 3.681332 -0.766876 18.040644 0.000000 0.000000 
-18.302336 103.868568 -7.718522 -5.642555 14.679947 0.000000 0.000000 
-17.927528 103.962135 2.681593 -2.296280 18.263590 0.000000 0.000000 
-20.254900 103.685562 3.568013 -2.212967 17.757355 0.000000 0.000000 
9.077064 105.430885 2.831774 -9.472870 10.544253 0.000000 0.000000 
23.627831 103.059517 -7.172706 -8.616838 9.520676 0.000000 0.000000 
9.371919 105.454613 -7.078201 -6.058456 15.637156 0.000000 0.000000 
-20.716669 104.095985 0.478533 0.123650 17.662287 0.000000 0.000000 
-21.021257 104.045204 0.585096 -0.963425 15.934779 0.000000 0.000000 
-19.622789 104.395607 1.275252 0.053192 17.064392 0.000000 0.000000 
-19.040356 104.530266 12.385057 -0.983833 18.514656 0.000000 0.000000 
-19.950478 104.761421 0.774469 -7.184012 12.028713 0.000000 0.000000 
7.931042 106.478645 3.637161 -10.235863 11.056488 0.000000 0.000000 
45.833614 96.022331 3.448034 -10.099692 5.867317 0.000000 0.000000 
9.291986 106.655716 2.681599 -3.513939 13.655468 0.000000 0.000000 
-19.749010 105.183395 1.590119 -14.635239 6.918220 0.000000 0.000000 
23.756468 104.370575 -10.857119 -2.742744 14.697948 0.000000 0.000000 
8.217107 106.852730 1.985201 -7.269423 13.084469 0.000000 0.000000 
23.688375 104.433739 6.314504 -4.194138 14.819622 0.000000 0.000000 
45.823906 96.509689 4.013282 -7.632248 6.671936 0.000000 0.000000 
24.393373 104.330750 -5.773773 -5.166252 12.999045 0.000000 0.000000 
9.524394 106.847717 3.442880 -10.170447 10.446322 0.000000 0.000000 
43.782913 97.558846 4.809943 -12.915016 5.014648 0.000000 0.000000 
10.426929 107.052292 3.239400 -14.055084 7.852417 0.000000 0.000000 
9.138525 107.222900 1.326761 -17.893791 5.141426 0.000000 0.000000 
8.436438 107.409645 1.127759 -16.398270 7.808643 0.000000 0.000000 
8.606380 107.461716 1.069877 -14.973433 7.386238 0.000000 0.000000 
7.858650 107.550766 1.643528 -21.816940 3.075386 1.000000 1.000000 
9.356624 107.551628 2.140927 1.646332 21.562744 0.000000 0.000000 
9.196275 107.616379 -6.051807 -6.110260 12.491549 0.000000 0.000000 
44.884609 97.910416 6.145767 -7.347098 5.024826 0.000000 0.000000 
9.646788 108.016014 2.194196 -8.574983 15.384026 0.000000 0.000000 
9.309033 108.058472 2.779289 3.597817 21.087940 0.000000 0.000000 
9.775208 108.033951 2.385109 -9.742111 7.723053 0.000000 0.000000 
9.145116 108.161568 -7.151567 -13.867523 7.268024 0.000000 0.000000 
9.004941 108.305603 1.913753 -14.245728 6.117313 0.000000 0.000000 
8.027441 108.465919 -7.999784 -14.513268 7.473094 0.000000 0.000000 
8.544625 108.453125 1.770785 -15.402153 6.549476 0.000000 0.000000 
9.413674 108.766045 -6.705653 -7.442024 10.571219 0.000000 0.000000 
11.881273 108.639740 3.511474 -16.674004 4.891277 0.000000 0.000000 
9.945398 108.997360 2.194870 -10.609596 9.634640 0.000000 0.000000 
9.153607 109.111961 -8.225074 -13.209976 9.682701 0.000000 0.000000 
9.615231 109.260254 2.946826 -13.504654 7.945568 0.000000 0.000000 
9.689954 109.327515 2.090268 -8.043756 9.674885 0.000000 0.000000 
-4.425359 109.748734 -1.708103 -12.097374 7.786434 0.000000 0.000000 
11.148909 109.275085 1.641085 -13.717087 4.869270 0.000000 0.000000 
9.414755 109.720146 3.413161 -17.532448 5.594619 0.000000 0.000000 
15.518638 109.108551 3.431194 -15.875862 4.667545 0.000000 0.000000 
9.898559 109.814209 2.988299 -6.515428 11.400864 0.000000 0.000000 
15.969963 109.105675 0.506169 -15.384918 5.198032 0.000000 0.000000 
8.826785 110.277336 2.478466 -12.528595 9.885422 0.000000 0.000000 
9.896286 110.184914 3.536622 -12.840874 8.275242 0.000000 0.000000 
-4.479245 110.651611 -1.793586 -7.815323 9.988342 0.000000 0.000000 
-4.147252 110.697266 -1.777207 1.049851 19.250700 0.000000 0.000000 
15.672836 109.849693 2.509839 -12.290565 7.285060 0.000000 0.000000 
-4.444082 110.950157 -1.845160 10.183968 26.613483 0.000000 0.000000 
-5.301861 110.912918 -2.521478 1.882233 19.659990 0.000000 0.000000 
15.588216 109.912491 -0.098268 -7.803369 10.870182 0.000000 0.000000 
-4.377936 111.029007 1.081416 -0.546928 17.980227 0.000000 0.000000 
-4.633903 111.304962 -1.639534 0.344597 16.644878 0.000000 0.000000 
-4.579549 111.390160 -1.759143 11.260452 28.004692 0.000000 0.000000 
-4.564138 111.428955 -1.620780 0.305527 17.791252 0.000000 0.000000 
9.375144 111.390289 -1.960578 2.940933 19.705965 0.000000 0.000000 
9.661042 111.391731 -2.930930 0.716202 17.027571 0.000000 0.000000 
-3.585959 112.082535 -1.263927 -11.459114 7.224796 0.000000 0.000000 
8.762496 111.862709 -2.010545 -0.719734 16.358467 0.000000 0.000000 
8.991604 111.885010 -2.270024 -3.264251 15.455054 0.000000 0.000000 
9.206444 111.924103 -1.033185 0.065544 15.695744 0.000000 0.000000 
-4.608619 112.469482 -0.966940 0.640862 18.286423 0.000000 0.000000 
-4.174546 112.490997 -1.372522 7.993515 24.398802 0.000000 0.000000 
10.212261 112.154541 -10.349395 -11.107483 9.604477 0.000000 0.000000 
-3.995353 112.701721 -1.547107 -3.391495 14.585567 0.000000 0.000000 
-4.201713 112.715889 -1.548836 8.155571 24.978405 0.000000 0.000000 
-4.455992 112.711662 -1.318714 -2.777221 14.958298 0.000000 0.000000 
-3.997647 113.052612 -1.240543 -19.112617 4.844898 1.000000 1.000000 
13.821671 112.254227 1.166326 -10.005713 8.892395 0.000000 0.000000 
73.271385 85.013603 0.142332 -0.331993 5.974723 1.000000 1.000000 
18.085539 111.891518 -6.008311 -10.129373 10.934978 0.000000 0.000000 
12.801612 112.689903 0.497368 -8.452606 8.622982 0.000000 0.000000 
16.599319 112.390549 4.284352 -4.537148 12.819721 0.000000 0.000000 
17.190950 112.323730 -6.429123 -7.544319 10.764591 0.000000 0.000000 
13.344650 112.943504 0.736435 8.311325 22.863174 0.000000 0.000000 
13.212700 112.961014 0.618336 7.780098 23.004234 0.000000 0.000000 
12.781491 113.170067 -0.209789 6.025734 21.034054 0.000000 0.000000 
13.506990 113.228226 0.489854 -7.130226 9.818306 0.000000 0.000000 
12.984599 113.319305 0.659111 1.610550 17.512917 0.000000 0.000000 
12.826052 113.345016 -0.155839 13.619270 28.517651 0.000000 0.000000 
12.681242 113.364220 -0.528805 1.551544 18.389343 0.000000 0.000000 
31.263388 111.356308 15.691092 -8.792366 5.527210 0.000000 0.000000 
19.373367 114.132195 -0.378764 -14.741043 5.678791 0.000000 0.000000 
32.755188 111.714111 2.828144 -16.461700 2.470302 0.000000 0.000000 
31.398550 112.118149 2.146802 -14.523483 3.365200 0.000000 0.000000 
27.569643 113.200150 1.007523 -2.267219 13.749091 0.000000 0.000000 
12.586879 116.090546 2.994711 -15.314529 2.811981 0.000000 0.000000 
33.203037 111.826233 1.661408 -15.132607 3.090248 0.000000 0.000000 
30.852749 112.832352 2.965713 -11.320503 6.470436 0.000000 0.000000 
10.547325 116.732918 -3.577047 -13.004846 6.196247 0.000000 0.000000 
10.678569 117.058670 -1.725122 -10.014832 8.952194 0.000000 0.000000 
27.591873 114.498619 0.684431 2.590134 17.013184 0.000000 0.000000 
10.743564 117.416283 -2.272418 -9.316115 8.848862 0.000000 0.000000 
27.961248 114.510506 1.779382 -6.548271 10.489819 0.000000 0.000000 
27.786989 114.562187 1.398834 0.827683 14.995811 0.000000 0.000000 
27.123325 114.738708 0.506505 -12.864784 5.832477 0.000000 0.000000 
27.335466 114.703369 0.706799 3.147431 16.534121 0.000000 0.000000 
28.192358 114.531395 1.740329 -3.197067 11.984577 0.000000 0.000000 
26.792149 115.126289 0.630987 -11.670236 5.502948 0.000000 0.000000 
-70.157082 94.329735 1.239939 -1.769554 7.591369 1.000000 1.000000 
26.840992 115.562103 0.175428 -3.197128 11.874531 0.000000 0.000000 
31.473516 114.349289 4.171686 -11.555945 5.650306 0.000000 0.000000 
31.563669 114.409943 2.515126 -9.587440 5.539733 0.000000 0.000000 
30.251827 114.847305 4.165305 -9.808388 5.815673 0.000000 0.000000 
31.362913 114.985016 4.278446 -4.859337 10.041851 0.000000 0.000000 
10.630673 118.882294 1.461925 -4.233803 11.965243 0.000000 0.000000 
-69.042725 96.581886 1.271042 -3.860992 3.236820 0.000000 1.000000 
10.831631 119.011894 4.749414 6.027351 21.218372 0.000000 0.000000 
24.535936 116.939247 -1.202124 -3.227867 11.721232 0.000000 0.000000 
30.823807 115.425858 3.883264 -13.187387 4.039562 0.000000 0.000000 
24.107723 117.155029 -1.239280 -8.198976 7.839393 0.000000 0.000000 
11.291250 119.169174 2.330215 -9.166542 7.772247 0.000000 0.000000 
10.317205 119.271706 1.354627 -4.397881 14.767918 0.000000 0.000000 
10.946303 119.302032 5.093751 1.340584 17.578499 0.000000 0.000000 
10.666057 119.363167 5.360965 1.429024 18.523640 0.000000 0.000000 
24.420809 117.521904 -8.747142 -4.883530 11.204146 0.000000 0.000000 
23.978563 117.656509 1.635217 -6.741768 9.310085 0.000000 0.000000 
11.324965 120.137672 4.270591 -14.579445 4.784168 0.000000 0.000000 
16.963778 119.737862 -3.060412 -15.267204 5.295677 0.000000 0.000000 
16.799053 120.079308 -2.665738 -11.563972 4.717563 0.000000 0.000000 
16.558407 120.160294 6.670189 -13.946794 4.239769 0.000000 0.000000 
16.880238 120.247971 0.345063 -15.170349 2.567554 0.000000 0.000000 
11.153782 122.108665 -0.424221 -9.021628 8.013962 0.000000 0.000000 
19.563377 121.126770 2.099750 -10.802835 5.474784 0.000000 0.000000 
11.360812 122.637642 3.083912 -12.660872 6.736240 0.000000 0.000000 
10.705877 122.789940 2.575610 -14.494774 3.926696 0.000000 0.000000 
12.020545 122.796783 2.984871 -11.859207 5.723724 0.000000 0.000000 
24.549250 123.188110 4.112779 -8.012549 7.116607 0.000000 0.000000 
24.285175 123.730057 3.793928 -8.872299 5.770805 0.000000 0.000000 
32.703503 123.642807 2.211729 -8.484712 7.238830 0.000000 0.000000 
32.781582 123.699890 1.679003 -8.907036 5.879211 0.000000 0.000000 
14.375915 127.913811 4.924256 -9.731050 6.863235 0.000000 0.000000 
15.271123 127.904869 -7.726568 -10.841125 5.747825 0.000000 0.000000 
9.517694 128.590973 2.637075 -12.084929 4.263595 0.000000 0.000000 
15.669322 128.242889 2.673118 -12.176422 5.285129 0.000000 0.000000 
16.204470 128.570801 -1.375144 -16.058830 3.309337 0.000000 0.000000 
10.329350 129.822586 3.273572 -5.249825 8.542294 0.000000 0.000000 
9.626171 130.034134 2.823570 -9.417459 7.894176 0.000000 0.000000 
9.862679 130.123047 2.883819 -4.693398 9.503094 0.000000 0.000000 
9.623709 130.511017 4.276272 -11.482306 5.373577 0.000000 0.000000 
16.952682 129.918716 0.175211 -10.762076 5.202232 0.000000 0.000000 
9.574458 130.694260 2.283530 -2.494667 12.641850 0.000000 0.000000 
10.320917 130.853668 -7.705084 -9.169312 7.289299 0.000000 0.000000 
10.036551 130.893890 -7.357889 -6.276956 9.149033 0.000000 0.000000 
10.458145 131.110718 4.131565 -5.060883 10.583309 0.000000 0.000000 
10.050523 131.178925 1.637615 -5.598267 10.217583 0.000000 0.000000 
10.168207 131.422272 -5.458832 -4.161507 9.534882 0.000000 0.000000 
11.823709 131.338104 0.707951 -11.917418 5.952358 0.000000 0.000000 
9.623249 131.527466 4.318623 -4.305946 10.231312 0.000000 0.000000 
9.811631 131.543304 3.481947 -7.690392 7.845275 0.000000 0.000000 
12.870204 131.442596 -2.175401 -13.364120 5.326034 0.000000 0.000000 
11.204554 131.832504 3.073716 -12.220511 4.594276 0.000000 0.000000 
31.603205 128.411652 0.629992 -12.285216 3.433784 0.000000 1.000000 
9.697020 132.210632 5.857445 -8.457573 6.685897 0.000000 0.000000 
14.619520 131.808533 -1.889892 -11.713600 6.718593 0.000000 0.000000 
12.432106 132.152344 0.511619 -9.871666 6.995315 0.000000 0.000000 
11.146256 132.301025 -7.342350 -12.411629 4.725437 0.000000 0.000000 
9.246427 132.472626 4.384651 -6.023308 7.203491 0.000000 0.000000 
13.774360 132.371307 0.395479 -6.753592 8.867195 0.000000 0.000000 
10.338235 132.745361 3.984447 -5.361183 8.698586 0.000000 0.000000 
32.044590 129.164169 0.900981 -6.558763 7.730918 0.000000 1.000000 
9.945291 133.006287 3.528101 5.944138 18.360960 0.000000 0.000000 
9.986154 133.210449 3.649197 3.130997 16.108631 0.000000 0.000000 
9.181302 133.410889 -13.161990 -2.806221 10.004807 0.000000 0.000000 
9.657475 133.381744 -8.552820 -3.832680 10.232796 0.000000 0.000000 
9.468902 133.622467 5.368405 1.504074 14.824276 0.000000 0.000000 
9.421235 133.768585 3.932889 -0.640289 12.435047 0.000000 0.000000 
9.816734 133.929688 3.455248 -0.337936 12.051716 0.000000 0.000000 
9.661092 133.992554 5.223095 -3.652611 11.049992 0.000000 0.000000 
9.736297 134.015137 -7.754453 -2.030517 12.043087 0.000000 0.000000 
9.492064 134.054321 -7.809924 -1.572189 12.158031 0.000000 0.000000 
9.793265 134.445923 -6.431551 -3.403267 12.044132 0.000000 0.000000 
9.215491 134.675415 0.679773 -14.779694 3.483383 0.000000 0.000000 
8.199826 134.792175 4.111484 -3.125564 11.708735 0.000000 0.000000 
9.218892 135.248352 2.333845 -7.866638 7.604736 0.000000 0.000000 
5.659773 135.530914 3.691741 -12.733818 5.971714 0.000000 0.000000 
9.170116 135.392548 4.192959 -5.923126 9.762755 0.000000 0.000000 
9.179079 135.472351 -10.517759 -5.752007 10.197056 0.000000 0.000000 
10.320020 135.620209 3.909192 -11.100020 5.534889 0.000000 0.000000 
9.000953 135.976257 -8.629594 -5.619362 8.687302 0.000000 0.000000 
9.247636 136.112518 -8.424979 -0.625961 13.157004 0.000000 0.000000 
9.048493 136.170502 -9.322760 0.399117 13.685802 0.000000 0.000000 
8.224573 136.330872 -9.033152 -2.325378 12.233170 0.000000 0.000000 
-2.992663 136.626495 -1.231806 -2.872268 13.530753 0.000000 0.000000 
8.612957 136.667816 3.954124 -2.514419 11.717978 0.000000 0.000000 
10.541041 136.732544 5.844781 -11.758409 4.473346 0.000000 0.000000 
-3.347292 137.292450 -3.141350 -9.293405 7.651863 0.000000 0.000000 
9.239517 137.112579 4.120718 -5.950684 10.141762 0.000000 0.000000 
8.194703 137.284088 4.987397 -11.729317 5.170887 0.000000 0.000000 
8.240891 137.297607 4.820827 -9.563521 6.886177 0.000000 0.000000 
9.569394 137.350311 -9.205953 -12.454103 4.473011 0.000000 0.000000 
8.304317 137.746796 -10.548580 -1.288887 11.175968 0.000000 0.000000 
8.269250 138.033875 4.586737 0.884346 14.268799 0.000000 0.000000 
-4.749228 138.307343 -3.173447 -11.561751 4.920192 0.000000 0.000000 
31.226692 134.921509 0.229189 -6.108620 8.620628 0.000000 0.000000 
-3.332597 138.604767 -2.435256 -2.310676 10.451159 0.000000 0.000000 
-3.534641 138.753479 -2.305737 11.628250 23.211229 0.000000 0.000000 
-3.550647 139.198486 -1.588830 8.210442 19.876102 0.000000 0.000000 
-3.516015 139.220490 -1.786272 5.470116 17.170185 0.000000 0.000000 
-3.970718 139.302307 -1.720472 5.313232 16.594198 0.000000 0.000000 
-3.940297 139.543976 -2.448397 -2.912697 11.031418 0.000000 0.000000 
-3.808922 139.965759 -2.018599 0.028687 11.250702 1.000000 1.000000 
-4.195840 140.025635 -1.345083 -13.085364 3.233448 1.000000 1.000000 
10.106345 139.755646 -3.206787 2.581848 15.475224 0.000000 0.000000 
9.895872 139.808594 -2.722229 6.649406 17.038492 0.000000 0.000000 
10.081354 139.855927 -2.993253 0.325142 11.590755 0.000000 0.000000 
-14.644863 139.675446 -0.167577 -1.062317 13.284119 0.000000 0.000000 
-15.478284 140.116089 -3.283898 -6.280571 8.697857 0.000000 0.000000 
-15.504074 140.249207 -2.864249 6.220055 16.590012 0.000000 0.000000 
19.055984 139.958527 -10.666391 -3.792137 8.923481 0.000000 0.000000 
-15.681247 140.808502 -3.097364 0.142952 12.680491 0.000000 0.000000 
17.890123 141.267090 0.185111 -8.060921 5.003063 0.000000 0.000000 
-15.469937 141.580719 -3.023056 -1.225334 10.787964 0.000000 0.000000 
6.332318 142.489075 -1.776868 -12.074478 4.549682 1.000000 1.000000 
12.672968 142.138153 -1.967923 -11.100441 5.642421 0.000000 0.000000 
17.479124 141.622162 0.754085 -8.643416 4.014438 0.000000 0.000000 
1.059933 142.810822 1.645940 -9.060707 5.902793 1.000000 1.000000 
5.893607 142.918854 -1.163052 -12.201210 2.620407 1.000000 1.000000 
11.075665 142.630524 -2.134263 -6.647079 7.161418 0.000000 0.000000 
6.067884 143.773224 -2.042915 -6.050774 6.366664 1.000000 1.000000 
-16.126604 143.406708 -2.101175 -4.054443 9.141060 0.000000 0.000000 
56.437943 132.559418 11.998981 3.549713 12.211071 0.000000 0.000000 
4.043819 144.497009 5.113385 -8.585266 6.603561 0.000000 0.000000 
-3.035557 144.896851 -1.774679 -3.638801 9.807827 0.000000 0.000000 
-2.551152 145.012817 -1.316942 1.265183 13.130238 0.000000 0.000000 
-2.305382 145.102020 -2.857003 -0.464798 12.612747 0.000000 0.000000 
-3.630117 145.440094 -1.944576 -2.176025 9.640087 0.000000 0.000000 
69.987076 127.181480 7.116625 4.595802 11.843493 0.000000 0.000000 
2.445749 145.724670 4.470455 19.663414 29.056604 0.000000 0.000000 
1.586316 145.762146 3.771017 5.308006 15.175387 0.000000 0.000000 
2.271533 145.783051 4.083920 22.634392 30.875528 0.000000 0.000000 
1.931457 145.896118 3.407764 18.502022 28.324501 0.000000 0.000000 
1.698653 145.980621 3.278042 20.090942 28.801069 0.000000 0.000000 
2.702520 146.361206 5.417680 7.624184 20.091322 0.000000 0.000000 
2.134927 146.438843 4.124979 24.558121 32.251755 0.000000 0.000000 
2.057663 147.055206 4.333703 18.803581 26.777487 0.000000 0.000000 
2.579572 147.134064 3.730402 -3.066276 8.680115 1.000000 1.000000 
-24.751318 145.060333 4.439057 3.983803 14.657372 0.000000 0.000000 
73.799744 126.788559 8.596591 3.648766 9.466930 0.000000 1.000000 
-24.887051 145.086456 5.740768 9.858551 20.242025 0.000000 0.000000 
-26.206564 144.963379 5.021936 7.404976 16.501997 0.000000 0.000000 
72.551865 127.687065 8.705677 -1.856888 5.633335 0.000000 0.000000 
2.496602 147.631348 5.093913 -6.946237 7.429454 1.000000 1.000000 
-24.043951 145.788086 0.899332 -0.779709 13.727486 0.000000 0.000000 
-4.839563 147.815155 -1.771421 7.717392 18.730328 1.000000 0.000000 
8.305977 147.683014 -16.499056 -5.694527 12.775742 0.000000 0.000000 
-4.864775 147.848511 -1.800190 4.688728 16.148031 1.000000 1.000000 
-20.946398 146.494110 10.083890 -3.128868 12.110020 0.000000 0.000000 
-27.036226 145.515564 4.383276 -6.182266 7.231616 1.000000 1.000000 
-24.366299 146.160645 1.217791 -2.839180 11.991940 0.000000 0.000000 
-4.815883 148.476807 -1.823876 -0.571129 11.365729 1.000000 0.000000 
-24.209019 146.662933 3.363499 0.569588 12.560299 0.000000 0.000000 
-3.867415 149.032166 8.007877 -1.241218 11.888008 0.000000 0.000000 
-2.057887 149.224487 2.232236 -3.551140 9.252773 0.000000 0.000000 
-6.459953 149.391205 2.342510 -2.892608 11.072151 0.000000 0.000000 
-4.720189 149.486877 -6.441257 3.611428 16.183489 0.000000 0.000000 
-4.172685 149.564026 -9.055344 5.627068 17.673820 0.000000 0.000000 
-3.859430 149.915283 -6.113506 5.434830 17.745361 0.000000 0.000000 
-3.635347 150.085938 4.978978 5.038422 16.962214 0.000000 0.000000 
-1.965184 150.139465 4.321962 -3.759445 8.243282 0.000000 0.000000 
-2.067665 150.142303 6.145935 0.935295 13.255768 0.000000 0.000000 
-3.108606 150.304291 -3.092467 0.788605 13.657683 0.000000 0.000000 
-3.404311 150.466644 -9.675780 11.252991 22.038500 0.000000 0.000000 
-2.746224 150.506989 -8.079885 9.201828 19.929039 0.000000 0.000000 
-2.423004 150.819031 -9.889690 10.405792 21.093109 0.000000 0.000000 
-2.141005 150.906769 -9.198725 1.289269 12.374542 0.000000 0.000000 
-3.173693 151.086395 -9.193837 -2.275360 16.825556 0.000000 0.000000 
-3.662928 151.215942 7.197848 -4.411148 10.584376 0.000000 0.000000 
-4.448495 151.277832 -6.447290 -0.929741 14.644871 0.000000 0.000000 
-2.252130 151.525574 -10.276628 0.101158 11.930575 0.000000 0.000000 
-2.057342 151.638672 -6.969944 -0.608673 15.676127 0.000000 0.000000 
-17.695164 150.648956 5.565228 0.855316 14.419951 0.000000 0.000000 
-2.217478 151.846100 5.447039 3.233551 16.091074 0.000000 0.000000 
-19.058687 150.662476 9.962434 8.518845 20.678814 0.000000 0.000000 
-1.936122 152.060669 5.662557 0.834465 13.066109 0.000000 0.000000 
-3.934527 152.063019 4.269083 4.370323 16.882214 0.000000 0.000000 
-2.035850 152.359528 5.017725 -5.177078 11.929966 0.000000 0.000000 
-3.776522 152.620850 -10.250056 -3.233185 9.770905 0.000000 0.000000 
-2.300533 152.979004 -7.922612 -5.699677 8.284042 0.000000 0.000000 
-3.211559 153.154022 -11.803000 -11.682907 4.333637 0.000000 0.000000 
-33.409733 149.445282 2.960028 -9.357268 6.112289 0.000000 0.000000 
-2.441204 153.268860 6.335358 -6.182930 8.406780 0.000000 0.000000 
-3.558240 153.393463 -14.725060 -3.703468 10.017380 0.000000 0.000000 
-2.457739 153.416412 5.220089 -11.709564 4.141284 0.000000 0.000000 
-2.033089 154.222260 -6.492637 -9.539636 7.088535 0.000000 0.000000 
-2.172192 154.223541 -2.687476 -1.308113 11.213558 0.000000 0.000000 
-31.301352 151.008392 -13.178034 -5.484848 6.337261 0.000000 0.000000 
-2.972641 154.592468 -2.649301 -3.848251 7.760067 0.000000 0.000000 
-2.796867 154.750610 5.226655 -9.441574 4.002223 0.000000 0.000000 
-2.205876 154.949127 -1.918541 0.272949 13.150416 0.000000 0.000000 
-30.735830 151.853851 10.794456 -2.310058 9.786396 0.000000 0.000000 
-25.412903 153.001831 4.892133 -3.621185 9.090240 0.000000 0.000000 
30.343943 152.088379 6.272518 -2.507889 10.044739 0.000000 0.000000 
-25.660006 153.135498 6.511933 -5.144806 8.244904 0.000000 0.000000 
-30.619797 152.199768 12.300782 -2.794060 8.378735 0.000000 0.000000 
-2.102588 155.483643 -3.282441 -4.561844 7.749713 0.000000 0.000000 
-2.306363 155.529388 -2.390349 -7.457115 6.758609 0.000000 0.000000 
-25.667410 153.560150 5.371368 7.237083 16.664465 0.000000 0.000000 
-17.317678 155.255585 4.760316 -2.626297 10.535332 0.000000 0.000000 
-1.780228 156.238495 -2.321509 -6.310266 5.603641 0.000000 0.000000 
-25.170582 154.243622 5.286935 -1.913170 9.410301 0.000000 0.000000 
-26.085833 154.204803 5.868928 4.782524 14.953719 0.000000 0.000000 
-26.424091 154.208221 6.135856 4.378738 15.228004 0.000000 0.000000 
-25.825472 154.650970 -9.750105 5.097435 15.557194 0.000000 0.000000 
-29.712498 154.175262 13.504864 -4.917824 9.629860 0.000000 0.000000 
-3.869999 157.038818 0.209481 -5.763840 11.213524 0.000000 0.000000 
-3.958117 157.271576 -1.097349 3.819924 14.334662 0.000000 0.000000 
-3.079616 157.358429 -1.150285 3.278725 14.800518 0.000000 0.000000 
-4.066855 157.616455 -1.119789 -6.188568 9.244343 0.000000 0.000000 
-3.916589 157.749908 -2.254846 2.206970 13.292328 0.000000 0.000000 
-26.274961 155.692169 5.601161 4.281204 15.046654 0.000000 0.000000 
-25.344805 155.934113 5.538414 5.723640 16.339939 0.000000 0.000000 
-31.587620 154.843689 13.773912 1.206429 12.306568 0.000000 0.000000 
-28.384325 155.527252 -14.953561 2.679352 12.430893 0.000000 0.000000 
-31.520058 155.102234 13.456909 -1.324425 9.435863 0.000000 0.000000 
-2.620345 158.476501 -0.869455 -0.443085 9.743031 0.000000 0.000000 
-25.923965 156.367065 6.229103 -0.459930 10.740433 0.000000 0.000000 
-22.546398 157.178894 -8.710589 1.657303 14.713814 0.000000 0.000000 
-25.599598 156.903137 6.725133 -6.101967 10.709656 0.000000 0.000000 
-26.096230 157.132782 6.425461 -7.821312 8.137070 0.000000 0.000000 
-27.904419 157.101349 7.868234 -3.784233 9.495789 0.000000 0.000000 
-32.764290 156.424896 4.891990 -8.505905 6.702861 0.000000 0.000000 
-28.684082 157.318298 8.935302 -6.303596 7.537593 0.000000 0.000000 
-28.256468 157.397705 7.825561 -6.952629 7.527748 0.000000 0.000000 
-26.273748 158.110748 20.628199 -5.972282 10.029480 0.000000 0.000000 
-30.295593 157.399811 -17.295225 -1.112556 9.431751 0.000000 0.000000 
-28.360975 157.797424 10.430842 3.035172 14.249695 0.000000 0.000000 
-28.101816 158.190674 12.653203 -2.918121 7.404567 0.000000 0.000000 
-28.278486 158.187317 7.428343 2.174942 13.027878 0.000000 0.000000 
-28.645550 158.485321 11.117383 -1.220245 11.282433 0.000000 0.000000 
-28.921335 158.560150 10.628868 -1.586441 9.801890 0.000000 0.000000 
-31.426926 158.146851 13.335211 -1.334213 9.059986 0.000000 0.000000 
-26.301197 159.150421 10.921062 -4.282799 7.803005 0.000000 0.000000 
-25.133816 159.396881 12.775146 -6.932709 8.568951 0.000000 0.000000 
-29.424837 158.876099 11.269526 -6.240875 6.340332 0.000000 0.000000 
-28.155363 159.150879 9.576450 -5.048012 7.227905 0.000000 0.000000 
-29.532526 159.126129 12.003319 0.759850 12.487934 0.000000 0.000000 
-29.002068 159.272766 11.253562 -5.547447 6.091293 0.000000 0.000000 
-15.342308 161.286102 3.150468 -12.571364 5.552425 0.000000 0.000000 
-31.622889 158.899902 19.166647 -9.551047 4.466465 0.000000 0.000000 
31.154659 159.020660 0.169784 -9.134315 8.789948 0.000000 0.000000 
-29.997425 159.661530 14.315368 1.531441 10.658802 0.000000 0.000000 
-30.847353 159.559540 13.645798 2.786835 13.207897 0.000000 0.000000 
-29.299892 159.943878 13.185569 0.195679 10.934691 0.000000 0.000000 
-3.727912 162.865723 -3.223282 -6.907228 7.972026 0.000000 0.000000 
-29.348150 160.380280 13.393153 -3.470207 6.578987 0.000000 0.000000 
-33.466560 159.759003 13.171262 -3.848449 8.735985 0.000000 0.000000 
11.712670 162.985443 1.439404 3.905007 13.972632 0.000000 0.000000 
11.815569 163.007782 0.998797 2.654801 15.799887 0.000000 0.000000 
11.819555 163.346771 1.353122 4.551247 14.925850 0.000000 0.000000 
8.871922 163.968079 9.993036 1.258988 13.291931 0.000000 0.000000 
-13.568430 163.727051 -2.916813 -3.203056 8.667019 0.000000 0.000000 
-116.598610 114.337616 -9.135650 7.661644 5.719451 1.000000 1.000000 
-1.305429 164.594055 -10.678805 -8.279869 5.567039 0.000000 0.000000 
10.461544 164.624756 7.446271 -7.606087 6.707328 0.000000 0.000000 
-32.084755 161.812775 3.773557 -5.983139 7.115875 0.000000 0.000000 
-13.715440 164.980499 -1.887980 -6.994081 5.550361 0.000000 0.000000 
8.704198 165.393799 6.009427 -10.420648 2.513835 0.000000 0.000000 
9.084105 165.548340 -0.332794 -9.753029 5.648429 0.000000 0.000000 
8.564291 165.817780 2.103498 -6.891191 6.303016 0.000000 0.000000 
9.285930 166.111023 3.845510 -4.037811 7.387378 0.000000 0.000000 
-18.623011 165.532867 3.770460 -4.751671 6.150947 0.000000 0.000000 
8.938215 166.506104 3.195816 -9.205002 2.915824 0.000000 0.000000 
-16.968340 166.365967 4.753077 -6.078621 6.363658 0.000000 0.000000 
-17.765890 166.318665 -10.867087 -1.139305 12.215126 0.000000 0.000000 
-17.014235 166.439331 -13.715075 3.276779 13.467503 0.000000 0.000000 
-16.470383 166.543823 4.892231 -6.896477 4.696178 0.000000 0.000000 
-16.667273 166.825592 5.882975 5.450546 14.380679 0.000000 0.000000 
-17.975914 166.766235 4.795352 -8.503699 5.757926 0.000000 0.000000 
-17.182920 167.244537 5.252289 0.529236 11.566363 0.000000 0.000000 
10.929503 167.976013 6.266830 -4.864777 7.485435 0.000000 0.000000 
-18.487297 167.298309 6.107685 -4.306137 7.549839 0.000000 0.000000 
-16.165373 167.850647 -14.395198 -5.987518 6.902187 0.000000 0.000000 
-16.734650 167.939423 3.857851 -5.530212 7.920944 0.000000 0.000000 
-16.610216 167.999207 5.733080 -0.260353 11.750931 0.000000 0.000000 
-16.180368 168.096191 5.620270 -0.260803 10.016232 0.000000 0.000000 
-16.873987 168.112030 4.633286 -6.286026 6.593719 0.000000 0.000000 
-4.109574 168.974121 -0.877229 -7.100862 7.068088 0.000000 0.000000 
-4.254395 168.998474 -0.835666 -6.389548 7.957191 0.000000 0.000000 
-16.864595 168.554108 4.973610 -4.308113 7.660846 0.000000 0.000000 
-3.730902 169.385101 0.703637 -2.973655 9.515101 0.000000 0.000000 
9.587715 169.579041 0.734666 -11.325089 3.850479 0.000000 0.000000 
-4.184053 170.104706 -0.958249 -8.275720 3.828140 0.000000 0.000000 
-17.084915 169.418335 2.642162 -8.857596 3.999195 0.000000 0.000000 
-17.445019 169.463501 2.505850 -5.861366 5.971275 0.000000 0.000000 
-1.906808 170.523926 -3.639210 -4.995682 7.280551 0.000000 0.000000 
-1.804314 170.557434 -2.926922 -6.890915 5.497596 0.000000 0.000000 
-16.798393 169.813782 3.189857 -9.380136 4.717468 0.000000 0.000000 
-0.817309 170.764252 -0.974526 -13.724335 3.161022 0.000000 0.000000 
-2.108065 171.119354 -2.959365 -5.650108 5.686176 0.000000 0.000000 
47.410866 165.064270 23.323544 4.048737 10.930607 0.000000 0.000000 
11.791883 171.492828 2.876370 -9.680107 4.370758 0.000000 0.000000 
-0.673704 171.950012 4.521463 -5.295433 5.962799 0.000000 0.000000 
47.638874 165.123566 24.708342 0.566170 7.180259 0.000000 0.000000 
46.869049 165.356781 22.579136 3.356323 9.794056 0.000000 0.000000 
11.721119 171.628143 -1.636793 -9.080742 5.243415 0.000000 0.000000 
-1.403926 172.267975 4.127280 -6.282951 5.437587 0.000000 0.000000 
10.580773 172.160553 0.211398 -7.648543 5.034946 0.000000 0.000000 
10.169869 172.419525 5.945653 -9.422592 3.412693 0.000000 0.000000 
-2.454646 172.855621 -0.625897 -7.159401 2.599174 0.000000 0.000000 
-16.839727 172.426086 4.865442 -3.994774 6.330284 0.000000 0.000000 
-16.617861 172.496979 6.409164 -2.224838 8.189438 0.000000 0.000000 
-1.802295 173.304413 4.175002 -9.466620 4.744232 0.000000 0.000000 
-8.533695 173.253662 -2.239446 -5.490051 9.147736 0.000000 0.000000 
0.641716 173.643646 -1.852321 -5.402679 7.560878 0.000000 0.000000 
-9.126121 173.499908 -0.808393 -8.999710 6.275386 0.000000 0.000000 
0.580613 174.110474 4.328802 -4.824371 6.023250 0.000000 0.000000 
-1.004423 174.139557 5.945817 -5.234856 5.016159 0.000000 0.000000 
-1.309840 174.177490 -2.064820 -5.166260 6.189796 0.000000 0.000000 
-1.208672 174.255920 -5.354039 0.055702 9.010258 0.000000 0.000000 
-1.966337 174.908905 -0.969532 -8.692575 3.286777 0.000000 0.000000 
-24.269972 173.259491 6.225376 -9.008690 6.214672 0.000000 0.000000 
-1.683222 175.023834 -9.855765 -1.601539 12.560997 0.000000 0.000000 
-0.138420 175.718506 -3.049455 -7.487679 6.671016 0.000000 0.000000 
-4.221667 175.719208 6.229796 -3.852981 8.281601 0.000000 0.000000 
-3.391559 175.812012 -4.571686 -1.783417 8.073582 0.000000 0.000000 
-2.021782 175.889526 -4.554514 -4.291473 7.418434 0.000000 0.000000 
-1.698127 176.259460 -1.796678 -8.201454 4.170692 0.000000 0.000000 
9.377562 176.259094 5.872381 -3.476799 9.651604 0.000000 0.000000 
-26.650291 174.509888 12.512160 -2.399261 7.207176 0.000000 0.000000 
9.617003 176.534271 5.608196 -5.545631 6.346229 0.000000 0.000000 
-26.458609 175.290405 6.105933 -1.824081 10.815948 0.000000 0.000000 
10.200032 177.117401 9.228792 -7.534677 5.483573 0.000000 0.000000 
9.708176 177.241486 3.008147 -7.766716 3.829227 0.000000 0.000000 
9.882446 177.765320 5.835500 -7.400505 4.809474 0.000000 0.000000 
-26.483526 176.048981 11.375896 -6.192964 5.620922 0.000000 0.000000 
-27.131880 176.341370 9.726680 -7.773683 5.541728 0.000000 0.000000 
-27.841816 176.323761 8.475726 -8.596115 6.073287 0.000000 0.000000 
-26.857708 176.843384 7.129992 -8.925017 5.226696 0.000000 0.000000 
-1.187578 179.236969 5.342213 -9.241403 4.205673 0.000000 0.000000 
-2.395471 180.954559 -2.463557 -1.115791 8.539093 0.000000 0.000000 
-2.509886 181.007538 -2.194439 2.118378 10.784336 0.000000 0.000000 
-2.209941 181.088745 -2.190227 -0.005981 10.686873 0.000000 0.000000 
-1.228087 182.711670 -4.375009 -9.116730 4.108173 0.000000 0.000000 
-1.174597 184.049469 -1.948164 -11.879486 2.858200 0.000000 0.000000 
-1.903026 184.118042 -2.068689 -7.136186 4.036216 0.000000 0.000000 
-1.937404 185.847809 -3.205807 -6.749597 4.976257 0.000000 0.000000 
0.809861 186.240326 -1.593491 -8.262329 3.602947 0.000000 0.000000 
-2.212477 186.420502 -1.564607 -5.000145 3.504749 0.000000 0.000000 
-1.793297 186.566589 -3.011867 -7.475960 5.013904 0.000000 0.000000 
-2.119045 186.569763 -3.164697 7.506050 14.654568 0.000000 0.000000 
-2.125147 186.632019 -1.477592 -8.873642 1.647174 0.000000 0.000000 
-2.195671 187.103912 -2.601533 4.004074 11.211800 0.000000 0.000000 
-1.389667 187.337921 -16.089174 -8.338661 4.517181 0.000000 0.000000 
-1.379725 187.510742 -4.546036 -6.351830 4.144062 0.000000 0.000000 
-2.048752 187.837616 -3.671997 -1.836639 6.668304 0.000000 0.000000 
-1.509232 188.743164 -4.016972 -3.210510 6.270786 0.000000 0.000000 
-1.265290 188.872711 -2.535135 -2.201408 6.202816 0.000000 0.000000 
-1.474501 188.917419 -4.012615 -7.524895 3.917945 0.000000 0.000000 
52.847092 182.156189 24.425900 -2.932297 3.466320 0.000000 0.000000 
-0.922536 190.282166 -2.779051 -7.754837 5.179393 0.000000 0.000000 
-1.775431 191.008331 -3.664040 -7.489868 3.630771 0.000000 0.000000 
-1.492379 191.884094 -11.388433 -5.085732 4.132484 0.000000 0.000000 
-0.328672 192.138641 -2.701996 -2.706527 6.674888 0.000000 0.000000 
-1.408231 192.287262 4.822509 -5.187538 3.851436 0.000000 0.000000 
-2.074496 192.623779 -2.739895 -7.455742 2.752731 0.000000 0.000000 
-1.999361 192.629059 -2.504746 -5.545319 3.442279 0.000000 0.000000 
-0.548453 193.030579 -1.870461 -5.625534 5.731887 0.000000 0.000000 
-0.507097 193.052002 -1.552331 -6.156075 5.938526 0.000000 0.000000 
-0.647813 193.431335 -2.581511 1.783165 11.569237 0.000000 0.000000 
-1.728733 193.483490 -2.768777 -2.564918 9.915665 0.000000 0.000000 
-2.280677 193.486053 -3.251304 -7.103929 3.530521 0.000000 0.000000 
-1.439862 193.588623 -4.444101 -7.187683 3.750385 0.000000 0.000000 
-1.621394 193.623413 -1.030500 -5.602013 8.923557 0.000000 0.000000 
-16.156576 193.132568 5.520197 -4.181999 4.501262 0.000000 0.000000 
-15.783975 193.974701 3.846960 -5.828156 3.573745 0.000000 0.000000 
-16.747686 194.283264 4.980357 8.177269 14.286902 0.000000 0.000000 
-16.405016 194.327698 8.297199 7.907074 14.162384 0.000000 0.000000 
47.244827 189.113342 1.078588 -6.766815 4.034023 0.000000 0.000000 
-16.161268 194.637512 4.746074 2.163185 9.690350 0.000000 0.000000 
47.083328 190.180603 1.291326 -7.003258 3.096538 0.000000 0.000000 
-0.874639 196.542084 -3.106143 -5.899292 4.379238 0.000000 0.000000 
-6.045791 197.806061 -1.401370 -9.638298 2.351844 1.000000 1.000000 
26.345554 196.846680 -1.376057 -0.783462 7.809715 0.000000 0.000000 
27.710089 196.712585 -0.696203 -1.515083 7.240222 0.000000 0.000000 
26.335491 197.054382 -1.853618 2.025109 9.927483 0.000000 0.000000 
26.896494 196.992523 -2.560998 3.662552 11.443188 0.000000 0.000000 
-1.521638 198.961914 3.440949 -0.010162 8.642426 0.000000 0.000000 
26.556610 197.374481 -2.140232 3.796402 11.324280 0.000000 0.000000 
-1.862200 199.638367 -6.041531 -4.086845 8.049717 0.000000 0.000000 
-0.712882 200.236847 -5.789046 -3.825447 5.278957 0.000000 0.000000 
-0.821977 201.209229 -2.650638 -2.015777 7.196712 0.000000 0.000000 
-1.067605 201.343567 -0.432236 -8.528885 4.000419 0.000000 0.000000 
-1.900482 201.778778 -1.795319 -4.803825 4.025733 0.000000 0.000000 
3.823113 201.886536 0.592258 -7.261894 2.687095 0.000000 0.000000 
-0.609235 201.984375 -3.453457 -8.114984 3.838256 0.000000 0.000000 
-0.270776 202.025421 -4.146636 -3.284454 6.053623 0.000000 0.000000 
2.947240 202.203033 -0.549214 -6.799933 5.325645 0.000000 0.000000 
1.442400 202.624359 -1.612997 -3.272400 4.734924 0.000000 0.000000 
-30.608723 200.302887 9.292111 -5.695030 4.253158 0.000000 0.000000 
-29.497414 200.562256 5.341535 -0.108490 8.243258 0.000000 0.000000 
-25.392740 201.840546 8.686030 -5.447693 3.985160 0.000000 0.000000 
50.612766 197.178772 0.414662 0.026619 6.219516 0.000000 0.000000 
-26.706654 202.484253 9.664283 -3.380401 5.974594 0.000000 0.000000 
-1.914236 204.920715 -0.079351 -8.910652 2.683040 0.000000 0.000000 
51.139137 198.401947 0.205434 4.884171 11.308048 0.000000 0.000000 
-6.765432 204.946960 -3.401330 7.994652 14.049788 0.000000 0.000000 
-2.164907 205.233765 -2.790093 -5.931831 4.552429 0.000000 0.000000 
-6.557881 205.275818 -2.825943 3.866493 9.615082 0.000000 0.000000 
13.307278 204.940063 -2.952237 1.614388 9.879112 0.000000 0.000000 
-6.840921 205.272156 -2.194379 5.030327 11.321083 0.000000 0.000000 
14.061570 205.264374 -3.198584 7.174362 14.645878 0.000000 0.000000 
12.956432 205.384491 -3.841765 5.944229 13.797408 0.000000 0.000000 
13.680275 205.622375 -2.405458 6.542709 13.626212 0.000000 0.000000 
14.981216 205.628021 -2.609746 7.447342 12.797901 0.000000 0.000000 
-6.790815 206.118164 -4.694872 -6.234810 3.846469 0.000000 0.000000 
14.071298 205.762024 -4.174448 -7.055565 3.982654 0.000000 0.000000 
12.152670 206.122803 -4.691923 -4.586807 4.473632 0.000000 0.000000 
14.519312 206.262207 -2.022006 -6.200624 1.995063 1.000000 1.000000 
-14.212274 206.529663 3.679876 -3.485954 5.035999 0.000000 0.000000 
13.338327 206.641113 -3.157256 -4.640137 4.831428 0.000000 0.000000 
13.771585 206.895782 -2.105974 23.083961 26.211271 0.000000 0.000000 
9.197825 207.180542 -13.065281 25.298134 27.816189 0.000000 0.000000 
16.556429 206.735809 -2.611951 -0.335831 6.025241 0.000000 0.000000 
3.399161 207.512451 2.486913 13.559296 19.490892 0.000000 0.000000 
14.481796 207.244995 -1.822011 16.406494 20.751722 0.000000 0.000000 
8.497796 207.686768 -14.531074 23.085777 26.027382 0.000000 0.000000 
4.387474 208.037354 1.630556 21.996750 28.616344 0.000000 0.000000 
3.165804 208.255310 4.605810 20.895020 26.951012 0.000000 0.000000 
-15.649773 208.089294 1.684257 12.954391 19.314053 0.000000 0.000000 
-14.701724 208.294098 2.378716 8.096069 13.300373 0.000000 0.000000 
-53.793945 202.642151 3.228301 -4.213593 5.989372 0.000000 0.000000 
-14.553441 209.370392 -15.491410 -2.576133 4.912040 0.000000 0.000000 
11.974504 209.645966 -6.151778 -3.164367 8.441036 0.000000 0.000000 
12.632564 210.375275 -3.311695 3.630432 10.557327 0.000000 0.000000 
0.385060 210.900909 -13.556293 -1.927284 6.493911 0.000000 0.000000 
-14.042707 210.710022 8.788744 -5.998154 3.197010 0.000000 0.000000 
-1.302414 211.250824 -0.798559 -5.020386 2.771327 0.000000 0.000000 
-0.644726 211.263489 2.208348 -3.125099 5.357601 0.000000 0.000000 
-1.320700 211.607544 0.433062 -2.687004 5.171363 0.000000 0.000000 
-2.943108 211.628448 1.094898 -6.040306 4.385536 0.000000 0.000000 
14.310728 211.478790 -1.664264 14.785851 21.672018 0.000000 0.000000 
14.658957 211.464874 -10.853892 14.486267 19.627264 0.000000 0.000000 
13.947539 211.731995 0.503310 13.949417 20.915384 0.000000 0.000000 
12.985472 211.830414 4.152709 4.616257 12.302277 0.000000 0.000000 
14.269531 212.404724 1.032523 4.439941 11.278885 0.000000 0.000000 
9.745193 214.031860 -5.900529 -3.340133 4.722354 0.000000 0.000000 
12.023971 213.958801 -8.172569 -4.287102 3.126056 0.000000 0.000000 
9.723094 214.407257 4.412685 -5.810715 3.559066 0.000000 0.000000 
15.527062 214.466492 -0.482920 -6.355783 2.936580 0.000000 0.000000 
14.593799 215.116913 1.276973 -7.434967 2.859867 0.000000 0.000000 
-1.009994 216.601135 -3.771357 2.174332 9.411083 0.000000 0.000000 
-0.296824 216.937378 -1.921801 1.849747 8.154324 0.000000 0.000000 
13.678662 216.931183 -4.253062 -6.112495 3.107620 0.000000 0.000000 
27.136906 215.723297 -3.030405 -4.805367 3.195144 0.000000 0.000000 
15.664518 217.227570 -2.170008 -5.053886 3.781314 0.000000 0.000000 
14.838999 223.096161 -3.278651 -4.926491 4.283271 0.000000 0.000000 
15.810399 223.585327 -2.493117 -5.881477 2.630199 0.000000 0.000000 
13.166408 223.857483 -3.274981 -5.940056 2.519226 0.000000 0.000000 
11.947691 227.926483 -3.409844 -3.234001 4.688255 0.000000 0.000000 
13.440210 229.118591 -3.984725 -7.650107 2.621337 0.000000 0.000000 
-25.737398 230.645660 8.054164 5.717117 10.855330 0.000000 0.000000 
-24.513556 231.523712 10.111078 -1.227379 6.143753 0.000000 0.000000 
-26.871849 231.531464 5.554414 -2.291252 5.233833 0.000000 0.000000 
-26.660782 231.817871 8.458031 1.166191 7.041412 0.000000 0.000000 
-27.502901 231.910339 8.424430 3.173630 9.972836 0.000000 0.000000 
4.988875 242.022522 8.016860 5.435822 9.016998 0.000000 0.000000 
5.312396 243.330505 11.241506 -1.789543 4.119270 0.000000 0.000000 
1.892464 246.843811 4.766599 -4.091133 3.301845 0.000000 0.000000 
5.690940 248.018585 0.197147 -3.145797 2.487754 0.000000 0.000000 
28.578934 246.574829 -0.481198 -1.979309 4.800090 0.000000 0.000000 
-14.303834 248.494507 6.332979 -2.830749 4.104106 0.000000 0.000000 
162.910416 188.058929 16.799868 12.435265 4.962505 0.000000 0.000000 
5.717352 251.196136 1.486891 3.729080 6.661426 0.000000 0.000000 
164.121017 196.135162 18.585352 14.382339 6.911041 0.000000 0.000000 
29.825651 261.820221 -6.612771 -0.356354 4.110378 0.000000 0.000000 
163.791260 205.489319 17.467905 28.949318 18.762556 0.000000 0.000000 
164.506882 206.601624 18.183447 20.695602 11.881653 0.000000 0.000000 
12.030420 268.771149 2.904731 14.278648 18.774969 0.000000 0.000000 
11.502462 270.110168 1.801898 6.792503 12.126639 0.000000 0.000000 
20.003193 270.312866 -1.150863 -0.491585 3.232543 0.000000 0.000000 
17.438341 270.555664 -3.504963 -1.611381 2.790931 0.000000 0.000000 
-2.110087 275.193512 -3.775411 7.346275 10.966269 0.000000 0.000000 
10.314921 279.649780 11.158000 15.382820 14.858829 0.000000 0.000000 
13.238685 279.961731 -0.487454 10.546387 10.767540 0.000000 0.000000 
17.763626 282.852264 2.350905 3.393257 7.815135 0.000000 0.000000 
16.378336 282.973511 -1.225052 4.104492 7.023658 0.000000 0.000000 
18.444265 291.673706 -4.957212 14.771896 15.905030 0.000000 0.000000 
18.527891 291.718567 -4.759376 11.534935 13.369698 0.000000 0.000000 
36.675571 301.802368 -4.634859 2.255692 5.433197 1.000000 1.000000 
36.993454 302.354553 -3.900317 22.780167 22.346640 0.000000 0.000000 
36.869724 303.608459 -4.196152 25.586586 25.198978 0.000000 0.000000 
-4.016542 307.494232 -2.572199 4.539680 4.491165 0.000000 0.000000 
17.436371 307.888855 -4.482975 15.270340 13.122177 0.000000 0.000000 
17.238205 309.170715 -5.757620 9.708748 9.314209 0.000000 0.000000 
-14.717869 312.541321 18.284868 2.937912 6.159381 0.000000 0.000000 
12.951149 312.767670 6.020349 2.073967 3.174827 0.000000 0.000000 
-15.227857 314.090179 6.172518 7.054878 10.816279 0.000000 0.000000 
14.658822 314.935455 9.918627 2.249176 3.091976 0.000000 0.000000 
-14.965563 326.548065 -5.036166 2.807274 3.459671 0.000000 0.000000 
10.862230 347.618317 2.692766 4.216835 6.596752 0.000000 0.000000 
12.676034 348.785736 4.038346 9.175812 8.983463 0.000000 0.000000 
-9.662625 355.889832 -3.922893 9.063263 6.252971 0.000000 0.000000 
-10.883223 355.998444 -4.997526 4.760643 4.498291 0.000000 0.000000 
-11.792942 356.068146 -1.843731 13.022865 9.488922 0.000000 0.000000 
166.394592 315.350952 13.508785 12.915176 4.185215 0.000000 0.000000 
-11.467507 357.393494 -3.065434 20.083038 16.088446 0.000000 0.000000 
21.917940 362.685486 -6.988710 14.876869 10.953609 0.000000 0.000000 
21.223993 363.926666 -5.701991 28.916237 23.597019 0.000000 0.000000 
21.106102 365.123718 -6.545606 13.183495 9.746155 0.000000 0.000000 
-11.895879 373.025940 -6.088742 13.125992 8.727985 0.000000 0.000000 
-12.444738 374.307861 -5.064883 18.904861 13.844784 0.000000 0.000000 
-12.042986 380.598969 -4.024520 9.916435 6.506500 0.000000 0.000000 
-11.726943 380.744843 -6.940857 5.480415 4.186977 0.000000 0.000000 
27.503021 394.384338 -0.516246 4.602615 2.810966 0.000000 0.000000 
