ply
format ascii 1.0
comment Created by CloudCompare v2.14.beta (Feb  3 2026)
comment Created 2026-04-20T10:21:06
obj_info Generated by CloudCompare!
element vertex 2555
property float x
property float y
property float z
property float rcs
property float snr
property float v
property float label
end_header
-6.935006 -69.026894 -17.582813 2.607292 16.768936 0.000000 1.000000 
-3.474629 26.539881 -6.112698 -9.943971 14.119762 1.000000 1.000000 
-6.010525 26.144852 -9.652946 -15.323219 17.092682 1.000000 1.000000 
15.920972 33.220787 -12.179809 -14.124176 11.698616 0.000000 1.000000 
11.460837 39.238682 -14.448556 -7.477699 19.324589 0.000000 1.000000 
6.436271 47.297340 -16.525301 -9.370866 17.895466 0.000000 1.000000 
7.098838 59.569698 -20.469248 -15.318558 13.166748 0.000000 1.000000 
7.072942 67.007538 -23.893915 -9.070648 16.178371 0.000000 1.000000 
6.280278 72.188606 -14.186724 -12.777298 13.625084 0.000000 1.000000 
6.706023 73.868706 -23.666925 -15.546036 10.608685 0.000000 1.000000 
16.627037 73.730988 -29.250593 -18.753204 9.181057 0.000000 1.000000 
15.059407 74.483330 -21.619118 -17.975647 10.173470 0.000000 1.000000 
6.590473 83.968300 -27.390854 -5.949837 14.573353 0.000000 1.000000 
-22.380648 82.416748 -28.558525 -6.347679 18.140141 0.000000 1.000000 
-6.490761 86.608948 -29.110651 1.325325 21.056793 0.000000 1.000000 
39.269302 77.057701 -31.645638 -4.792206 10.212482 0.000000 1.000000 
-6.837468 88.145058 -28.971331 -13.935440 11.536613 0.000000 1.000000 
-5.963537 91.193199 -36.604179 -14.474197 5.448734 1.000000 1.000000 
7.874689 95.067734 -23.725336 -14.732201 8.818642 0.000000 1.000000 
43.768913 90.306816 -20.859047 -4.009979 12.424747 0.000000 1.000000 
-5.910844 100.606415 -23.733315 -10.658653 10.172199 0.000000 1.000000 
11.904832 111.057480 -20.341629 -15.545418 5.742481 0.000000 1.000000 
-14.697167 116.170647 -47.363510 -11.564812 11.299549 1.000000 1.000000 
-31.876926 134.624298 -48.105259 -2.871735 8.217720 0.000000 1.000000 
-65.331871 127.279938 -25.568157 -3.753777 6.161239 1.000000 1.000000 
-18.573904 143.526367 -26.581821 6.852570 19.815174 0.000000 1.000000 
-18.318130 147.072205 -59.214302 -11.886787 4.244552 0.000000 1.000000 
-80.949066 142.345184 -67.074356 -1.834404 5.001808 1.000000 1.000000 
41.617672 177.902344 -51.263683 -3.047859 10.354198 0.000000 1.000000 
8.533722 -105.076309 30.956329 5.647987 15.680954 0.000000 1.000000 
180.022705 66.116158 20.793858 19.270744 14.294388 0.000000 1.000000 
177.865921 71.651604 22.271490 23.541763 18.966667 0.000000 1.000000 
178.485291 70.122162 22.416632 17.368706 16.094936 0.000000 1.000000 
186.601883 71.927780 23.230656 26.534538 21.278008 0.000000 1.000000 
21.438726 40.641144 14.106939 -4.295090 14.029179 0.000000 1.000000 
-48.352722 17.073193 12.431476 13.426749 15.287373 1.000000 1.000000 
8.229684 61.189320 20.954134 -19.666336 9.517727 0.000000 1.000000 
8.252755 62.082966 17.799973 -18.343811 10.854130 0.000000 1.000000 
8.297918 64.150948 20.544527 -14.211990 13.710152 0.000000 1.000000 
5.251477 83.292152 25.545944 -13.324341 15.038208 0.000000 1.000000 
42.035065 75.503067 24.032732 -2.169189 12.262985 0.000000 1.000000 
-21.799475 85.046928 24.051605 -1.689072 15.985069 0.000000 1.000000 
-23.308081 87.982407 27.804092 -11.778328 10.258011 0.000000 1.000000 
-21.623487 89.454239 27.573322 -6.715332 14.263805 0.000000 1.000000 
-43.910576 80.445580 25.040155 -12.081543 5.798366 0.000000 1.000000 
-71.545624 67.318726 16.297312 5.397865 9.625278 1.000000 1.000000 
7.865344 101.264145 30.331036 -14.125397 8.058159 0.000000 1.000000 
-31.933426 132.241302 35.643333 -6.257385 7.614406 0.000000 1.000000 
-32.137394 133.360382 49.463760 -8.932626 6.173950 0.000000 1.000000 
-116.335968 80.868340 21.931068 22.116669 14.994682 1.000000 1.000000 
-22.270916 146.196075 18.968554 -7.985847 6.462791 0.000000 1.000000 
9.843202 154.799408 20.877628 -9.981477 3.059474 0.000000 1.000000 
-20.432384 172.136383 45.527802 -6.812881 5.150394 0.000000 1.000000 
44.348423 186.608673 45.074978 4.349609 13.332699 0.000000 1.000000 
45.575554 186.585693 46.605694 4.007561 10.432972 0.000000 1.000000 
45.012314 186.735504 46.468735 6.117584 12.180733 0.000000 1.000000 
43.602421 187.588531 42.248093 -4.560104 3.480430 0.000000 1.000000 
44.630474 187.810181 44.358681 -2.555794 4.329444 0.000000 1.000000 
176.602249 74.868561 18.866257 20.666916 7.509769 0.000000 1.000000 
43.955868 190.661255 41.561756 -1.035912 6.129299 0.000000 1.000000 
185.197433 76.110565 19.155270 22.478714 7.907176 0.000000 1.000000 
-277.154510 150.318878 46.047661 25.617783 4.199642 1.000000 1.000000 
30.474829 57.835052 14.996526 -14.403816 7.513961 0.000000 1.000000 
8.279728 142.331207 -15.554345 -5.924385 7.152225 0.000000 1.000000 
8.109109 142.453339 -16.255024 12.604271 26.611519 0.000000 1.000000 
8.575905 150.494568 -13.736460 -10.493431 4.125209 0.000000 1.000000 
8.202191 150.606506 -15.784923 -7.999870 5.370384 0.000000 1.000000 
41.962334 169.307404 -12.501003 -0.642265 8.236591 0.000000 1.000000 
41.890739 169.559662 -11.709271 -3.730743 7.761657 0.000000 1.000000 
44.834808 168.874115 -12.957994 0.133263 7.825080 0.000000 1.000000 
42.856865 170.446991 -13.507221 -3.582787 4.051181 0.000000 1.000000 
22.754955 181.225250 -18.181093 -4.534424 7.370418 0.000000 1.000000 
-2.748253 -18.365486 7.025560 -5.756119 27.562706 1.000000 1.000000 
-13.142394 14.781736 7.090070 -10.865472 11.706421 1.000000 1.000000 
16.248383 19.398432 9.603318 8.017532 23.533859 1.000000 1.000000 
-13.192814 118.444252 10.356881 -3.092934 13.970707 1.000000 1.000000 
0.049733 21.635336 -1.487714 9.752151 41.751564 0.000000 0.000000 
0.103750 21.924459 -0.155789 3.212845 35.617260 0.000000 0.000000 
0.071104 22.023317 0.276197 9.831038 43.512554 0.000000 0.000000 
0.751175 22.123884 3.754434 -2.232437 30.149563 0.000000 0.000000 
0.431493 22.199444 -0.644994 -6.710983 26.539667 0.000000 0.000000 
0.033395 22.494856 -0.496407 21.650406 47.686844 0.000000 0.000000 
0.058161 22.683929 -0.670545 -15.372169 17.153625 0.000000 0.000000 
0.075742 22.848133 -0.981901 -17.323647 11.549866 1.000000 0.000000 
0.030367 22.896578 -0.499919 23.319412 49.641842 0.000000 0.000000 
0.243798 23.224775 -0.411423 -17.830650 11.974243 1.000000 0.000000 
-0.215426 23.326731 -0.308243 6.422310 36.449326 0.000000 0.000000 
-3.376926 23.199245 -1.262280 -3.330956 29.567791 1.000000 0.000000 
-0.000272 23.553213 -0.525702 -3.651367 26.801596 0.000000 0.000000 
0.016505 23.661247 -0.627147 -18.258522 12.039665 1.000000 0.000000 
0.128919 23.658655 -0.881960 -18.861977 12.987343 1.000000 0.000000 
-3.617090 23.585905 -1.456884 12.818329 40.841248 1.000000 0.000000 
-3.698530 23.830151 -1.571694 11.034286 39.559292 1.000000 0.000000 
-3.469770 24.167269 -0.159552 -0.250992 26.570683 1.000000 0.000000 
-3.814587 24.332323 -0.273206 0.527107 24.822506 1.000000 0.000000 
-9.304074 22.585524 1.010499 -4.443680 13.726883 1.000000 0.000000 
-4.527958 24.590887 -0.332790 -4.378593 24.952103 1.000000 0.000000 
-3.342620 24.883099 0.574612 -12.761208 13.460697 1.000000 0.000000 
-4.453846 24.870628 -0.358893 -3.854263 20.049919 1.000000 0.000000 
-4.564766 24.987152 -0.478535 -7.415611 17.601345 1.000000 0.000000 
-9.512926 23.577599 0.905251 -11.038124 9.287273 1.000000 0.000000 
-9.597432 23.551359 1.092627 -13.735336 7.875083 1.000000 0.000000 
-9.741492 23.497086 1.569129 -9.590652 13.276707 1.000000 0.000000 
-3.450530 25.501797 0.685808 -11.476007 16.079777 1.000000 0.000000 
-3.326502 25.546906 -0.440560 -8.675117 20.277843 1.000000 0.000000 
-3.771496 25.551805 0.426877 -9.883316 19.873913 1.000000 0.000000 
-9.587864 23.858025 0.923978 -5.352173 13.173592 1.000000 0.000000 
-9.014818 24.155706 0.731094 -10.441606 10.866920 1.000000 0.000000 
-3.280885 25.977459 -0.740862 -10.106950 16.909760 1.000000 0.000000 
-9.432198 24.197874 2.056755 -12.429413 11.345711 1.000000 0.000000 
-3.402997 26.182297 -0.540845 -13.956680 14.978477 1.000000 0.000000 
-8.859989 24.755091 1.731782 -12.757317 11.604687 1.000000 0.000000 
-9.101982 24.761768 2.431845 -6.303780 13.868099 1.000000 0.000000 
-3.353075 26.414141 -0.278778 -14.788002 11.809055 1.000000 0.000000 
-4.768953 26.272295 -0.699042 0.323586 27.976780 1.000000 0.000000 
-4.726836 26.307875 -0.579592 -5.886581 22.030163 1.000000 0.000000 
-9.109628 24.944078 2.412920 -7.230628 14.515965 1.000000 0.000000 
-10.996091 24.120148 1.730922 -5.005005 15.062675 1.000000 0.000000 
-4.864382 26.431103 -0.708421 0.570129 24.099329 1.000000 0.000000 
-9.096894 25.288162 3.008300 -8.984169 12.131340 1.000000 0.000000 
-9.048855 25.311481 1.028218 -9.958810 14.309338 1.000000 0.000000 
-4.373610 26.789991 -0.648574 -13.262253 10.299614 1.000000 0.000000 
-4.279981 26.913870 -0.629377 -17.970016 8.120071 1.000000 0.000000 
-4.938951 26.914671 -0.862600 -15.882957 11.554249 1.000000 0.000000 
-9.366993 25.646538 2.833615 -6.622253 13.990829 1.000000 0.000000 
-10.693666 25.113922 2.107550 -10.793167 10.911552 1.000000 0.000000 
-4.661353 27.179207 -0.637430 -13.976402 13.041187 1.000000 0.000000 
-4.581148 27.300623 -0.605738 -12.196060 12.126678 1.000000 0.000000 
-8.800572 26.203299 -2.020034 -3.199867 15.773872 1.000000 0.000000 
-9.006638 26.830135 -1.618146 -9.983009 13.211681 1.000000 0.000000 
0.158745 39.758427 0.329143 -25.470749 5.697055 1.000000 0.000000 
0.025252 39.815578 1.004983 -24.507454 7.546390 1.000000 0.000000 
-0.209182 40.202732 -2.358520 -17.363739 12.919174 1.000000 0.000000 
-0.043976 40.245407 -0.306532 -17.692268 12.759663 1.000000 0.000000 
0.103083 40.661785 -0.688948 -26.840508 8.441010 1.000000 0.000000 
0.101384 40.680313 -0.659128 -19.734741 11.134079 1.000000 0.000000 
-0.214708 40.828545 -0.995690 -15.445320 12.619839 1.000000 0.000000 
-0.060468 41.045830 0.115361 -20.634735 10.917873 1.000000 0.000000 
0.123815 41.078827 -1.220816 -22.847862 12.074478 1.000000 0.000000 
0.092327 41.505997 0.154204 -27.591553 7.176597 1.000000 0.000000 
-0.327077 41.706005 -0.887636 -4.960907 20.770088 1.000000 0.000000 
-0.421432 41.898457 -1.117078 -22.328094 7.162902 1.000000 0.000000 
-0.247274 41.933716 -0.927485 -13.946793 15.469128 1.000000 0.000000 
-0.362455 41.947914 -0.968481 -4.121773 24.472103 1.000000 0.000000 
-0.408491 41.960701 -0.956472 -16.220505 12.871113 1.000000 0.000000 
-0.212412 42.359097 -1.095790 -17.741539 11.947292 1.000000 0.000000 
0.070393 42.386284 -1.089717 -12.805130 15.795612 1.000000 0.000000 
-0.274419 42.650833 -0.987420 -14.742882 15.112854 1.000000 0.000000 
0.184734 43.114899 -0.560805 -22.632317 8.437866 1.000000 0.000000 
-12.290493 104.916092 -2.016226 -15.295029 3.612022 1.000000 0.000000 
-12.629207 104.884621 -1.547897 10.254990 25.290993 1.000000 0.000000 
-13.532166 104.789032 0.123598 -0.996178 14.125568 1.000000 0.000000 
-12.591887 105.057709 -1.208394 -7.698242 10.818943 1.000000 0.000000 
-13.253950 105.064079 -1.310982 1.449547 17.861725 1.000000 0.000000 
-13.203233 105.086563 -1.459120 7.832977 23.530657 1.000000 0.000000 
-12.155235 105.599113 -1.833594 4.282066 20.848953 1.000000 0.000000 
-13.451844 105.477440 -1.268961 8.469528 22.811584 1.000000 0.000000 
-12.998371 105.590317 -1.492569 8.024651 23.025166 1.000000 0.000000 
-13.445953 105.595810 -2.037558 -14.694557 3.174526 1.000000 0.000000 
-12.284969 105.773323 -1.161746 -17.932381 2.422008 1.000000 0.000000 
-13.075061 105.808357 0.214867 4.320503 19.848289 1.000000 0.000000 
-13.317434 105.788902 -0.179894 -0.108856 16.287548 1.000000 0.000000 
-12.855853 105.917404 -1.299934 -2.814903 12.534180 1.000000 0.000000 
-13.270652 105.887177 -1.696501 1.983124 18.493008 1.000000 0.000000 
-12.613525 105.981262 -1.303322 1.679268 17.746109 1.000000 0.000000 
-13.059723 106.249443 -0.487595 -15.394981 2.904666 1.000000 0.000000 
-13.162566 106.333725 -1.239633 -7.772598 7.012191 1.000000 0.000000 
-12.934306 106.373878 -1.261521 -6.848076 9.223179 1.000000 0.000000 
-13.120293 106.354996 -1.598112 -2.444679 14.822308 1.000000 0.000000 
-12.894123 106.384949 -1.313778 -2.956924 12.939377 1.000000 0.000000 
-12.406846 106.451195 -1.011611 -7.206573 13.501698 1.000000 0.000000 
-13.439955 106.326736 -1.707692 -5.281509 9.673943 1.000000 0.000000 
-13.066194 106.415627 -1.916738 -13.744675 4.332420 1.000000 0.000000 
-12.641206 106.516396 -0.469143 -12.551735 5.579635 1.000000 0.000000 
-13.429424 106.434052 -2.965474 -8.216217 8.981697 1.000000 0.000000 
-13.280466 106.537399 -0.627116 -15.995705 3.062206 1.000000 0.000000 
-12.432806 106.663803 -0.920853 -10.893762 6.848136 1.000000 0.000000 
-13.062708 106.684692 -1.185760 -12.975716 4.780506 1.000000 0.000000 
-12.943896 106.820717 -1.076429 -8.714584 8.418118 1.000000 0.000000 
-12.981193 107.050117 -0.807278 -15.656532 2.725509 1.000000 0.000000 
-12.732613 107.165169 -1.484826 8.043144 23.581495 1.000000 0.000000 
-12.225700 107.317329 -0.966284 -10.101883 7.814342 1.000000 0.000000 
-12.996515 107.244064 -1.103026 7.507607 22.256767 1.000000 0.000000 
-12.990483 107.248825 -0.914517 1.858002 17.683933 1.000000 0.000000 
-13.177000 107.242218 -1.765840 2.219940 18.204376 1.000000 0.000000 
-12.806553 107.304276 -1.283400 -0.688225 14.591667 1.000000 0.000000 
-12.719763 107.343513 -0.440977 -14.244301 6.345325 1.000000 0.000000 
-11.878917 107.470070 0.005550 -16.466827 3.251049 1.000000 0.000000 
-12.228435 107.464180 -1.119552 -10.040292 5.941047 1.000000 0.000000 
-13.356956 107.633034 -1.524707 4.402092 19.995251 1.000000 0.000000 
-13.303663 107.665367 -1.505069 -0.099525 15.829117 1.000000 0.000000 
-12.946524 107.781578 -1.210992 -5.167816 12.523228 1.000000 0.000000 
-13.281427 107.912521 -0.238339 -1.849449 13.151665 1.000000 0.000000 
-13.497742 108.063965 -1.392668 -0.968819 14.668438 1.000000 0.000000 
-12.703288 108.586967 -1.211242 -5.575615 10.505981 1.000000 0.000000 
-12.721779 108.725517 -1.460376 -0.803574 15.073914 1.000000 0.000000 
-13.058610 108.721390 -1.258618 -17.469948 2.687034 1.000000 0.000000 
-12.727628 108.771515 -1.311273 -0.406319 15.023643 1.000000 0.000000 
-12.905937 108.874870 -1.434847 12.520988 27.398380 1.000000 0.000000 
-12.915420 108.877190 -1.316355 -12.162422 7.198940 1.000000 0.000000 
-12.515161 108.923248 -0.292205 -13.751564 4.081253 1.000000 0.000000 
-12.643881 108.930023 -0.745836 -10.325859 4.707904 1.000000 0.000000 
-12.800992 109.422951 -1.462132 8.743506 23.669207 1.000000 0.000000 
-12.760330 109.435837 -1.226299 14.013947 27.722872 1.000000 0.000000 
-12.999370 109.466614 -1.210217 17.989189 30.288908 1.000000 0.000000 
-12.789266 109.494209 -1.424166 -3.787430 11.797256 1.000000 0.000000 
-13.098239 109.467964 -5.206176 14.556084 27.822638 1.000000 0.000000 
-12.929888 109.499214 -1.339681 -11.972450 4.364582 1.000000 0.000000 
-13.926060 109.386215 -0.327795 1.840294 19.635262 1.000000 0.000000 
-12.910458 109.547386 -1.879968 7.021545 21.572922 1.000000 0.000000 
-12.422527 109.741409 -1.781559 -5.502014 10.142105 1.000000 0.000000 
-12.907383 109.748436 -1.133842 -16.410561 2.608108 1.000000 0.000000 
-13.198585 109.797142 -0.922829 12.278595 26.130980 1.000000 0.000000 
-13.035398 109.925652 -1.320045 -1.587280 14.662834 1.000000 0.000000 
-14.506086 110.082390 -4.470502 -12.389008 10.127705 1.000000 0.000000 
-12.871061 110.538315 -1.275712 -8.008659 8.539013 1.000000 0.000000 
-12.636993 110.643135 -1.398229 -7.815125 8.880985 1.000000 0.000000 
-12.812130 110.648071 -0.649392 -11.956772 6.125892 1.000000 0.000000 
-13.267251 110.623184 -1.702688 -10.059213 6.785270 1.000000 0.000000 
-13.022700 110.833748 -1.640507 -7.110985 8.574188 1.000000 0.000000 
-13.130336 110.832184 -2.835977 -11.822166 6.576900 1.000000 0.000000 
-12.779497 110.966217 -2.016739 -12.222488 2.596618 1.000000 0.000000 
-13.444118 110.962578 -1.752268 2.685593 17.369751 1.000000 0.000000 
-12.952261 111.041153 -2.098908 13.226082 26.928282 1.000000 0.000000 
-12.920721 111.054947 -1.162601 9.543411 23.475456 1.000000 0.000000 
-13.333790 111.119080 0.335030 0.265694 16.156460 1.000000 0.000000 
-13.026812 111.256157 -1.725967 -0.303726 15.043125 1.000000 0.000000 
-12.554784 111.325737 -3.375959 -3.164696 16.531551 1.000000 0.000000 
-13.093528 111.465630 -1.499830 9.191910 23.910961 1.000000 0.000000 
-13.078185 111.487144 -1.610264 11.436089 26.047863 1.000000 0.000000 
-13.207793 111.557899 -1.717453 3.292030 19.100525 1.000000 0.000000 
-12.396812 111.700142 -0.059260 2.547050 18.524498 1.000000 0.000000 
-13.041242 111.696480 0.201485 -4.499367 11.808044 1.000000 0.000000 
-12.806478 111.837799 -2.159159 7.402512 22.115974 1.000000 0.000000 
-12.600578 111.898880 0.266333 -2.886879 14.816853 1.000000 0.000000 
-12.543559 111.926094 -3.662670 2.166664 19.407257 1.000000 0.000000 
-12.318838 112.074249 -1.906901 4.343964 20.000851 1.000000 0.000000 
-12.286851 112.110596 -1.359163 -2.040115 17.079994 1.000000 0.000000 
-12.684987 112.171349 -2.075016 -11.699623 5.005447 1.000000 0.000000 
-13.598650 112.160919 -1.928757 -3.814713 13.992435 1.000000 0.000000 
-13.030194 112.271133 -0.853558 -0.429863 13.341507 1.000000 0.000000 
-12.601200 112.396957 -0.637602 -0.950539 13.944771 1.000000 0.000000 
-12.538106 112.401573 -1.392929 -0.183266 17.489170 1.000000 0.000000 
-12.440891 112.437225 -2.225613 1.728928 19.791409 1.000000 0.000000 
-12.739532 112.484955 -1.711505 -2.993469 13.900364 1.000000 0.000000 
-12.695249 112.496254 -1.876751 1.936104 21.230507 1.000000 0.000000 
-12.866363 112.564903 -1.625159 5.993065 19.671440 1.000000 0.000000 
-12.802926 112.775032 -2.138193 -4.758377 12.746464 1.000000 0.000000 
-12.564939 112.833855 -1.902720 -9.470010 11.589855 1.000000 0.000000 
-12.895593 112.805656 -1.786826 -8.139337 15.256786 1.000000 0.000000 
-12.743160 113.013054 -2.502496 -4.552559 12.630146 1.000000 0.000000 
-12.300859 113.127831 -2.075906 -5.312714 11.593800 1.000000 0.000000 
-12.741613 113.310860 -0.551100 9.639731 23.093939 1.000000 0.000000 
-12.768654 113.330154 -1.509087 12.168358 25.680309 1.000000 0.000000 
-12.150446 113.426765 -1.757604 -3.267456 15.703194 1.000000 0.000000 
-12.501799 113.393372 -1.598344 8.590706 25.371998 1.000000 0.000000 
-12.848492 113.404732 -1.385576 8.160988 20.460609 1.000000 0.000000 
-12.512330 113.631226 0.179722 1.820221 16.792969 1.000000 0.000000 
-12.579238 113.722702 -1.546502 -4.534637 10.936359 1.000000 0.000000 
-12.844343 113.764023 -1.214595 -0.266136 14.265457 1.000000 0.000000 
-13.141698 113.769821 -2.221023 -3.573730 10.756130 1.000000 0.000000 
-12.617218 114.081299 -1.977365 6.783630 19.599895 1.000000 0.000000 
-12.858913 114.148567 -1.840009 12.351601 26.336704 1.000000 0.000000 
-12.942931 114.155869 -3.753158 -3.696350 11.825535 1.000000 0.000000 
-12.512558 114.268738 -2.546752 4.159950 18.734673 1.000000 0.000000 
-12.862612 114.238045 -1.429426 11.327286 25.478352 1.000000 0.000000 
-13.186658 114.320183 -3.275930 -1.404060 11.929070 1.000000 0.000000 
-12.292802 114.434952 -1.474826 -10.878793 4.991477 1.000000 0.000000 
-12.543600 114.470261 -1.655734 -2.184174 11.903881 1.000000 0.000000 
-12.952883 114.602875 -1.647864 6.773254 21.991711 1.000000 0.000000 
-12.579766 114.671623 -2.250195 -2.086609 17.072861 1.000000 0.000000 
-12.856931 114.750290 -2.419308 -8.399545 10.849869 1.000000 0.000000 
-12.997517 114.895554 -1.807652 9.024695 22.087936 1.000000 0.000000 
-12.935143 114.935364 -1.695413 8.891922 22.427303 1.000000 0.000000 
-13.039819 114.934914 -1.365674 -11.317619 7.028232 1.000000 0.000000 
-12.772666 115.094780 -1.393334 7.339607 22.990765 1.000000 0.000000 
-12.853280 115.109337 -1.917436 1.876900 16.608139 1.000000 0.000000 
-12.947158 115.254021 -1.371753 -4.927116 10.619400 1.000000 0.000000 
-12.712543 115.347282 -1.949448 -6.669060 9.905537 1.000000 0.000000 
-12.955712 115.509903 -0.527506 -2.099541 11.878136 1.000000 0.000000 
-13.012848 115.606667 -1.509636 -0.648010 13.853596 1.000000 0.000000 
-13.013668 115.664246 -1.489961 8.538773 21.766262 1.000000 0.000000 
-12.978646 115.709381 -0.979227 6.708893 19.719795 1.000000 0.000000 
-13.023677 115.796318 -1.780391 -4.513474 10.193817 1.000000 0.000000 
-12.970716 115.933670 -1.101217 7.583313 21.800404 1.000000 0.000000 
-12.908586 115.951736 -0.675079 -5.252747 11.185337 1.000000 0.000000 
-12.472584 116.164665 -0.431119 -0.948029 15.171432 1.000000 0.000000 
-12.932944 116.321915 -1.224331 3.130341 17.625313 1.000000 0.000000 
-12.965830 116.376335 -0.418156 2.968163 19.242344 1.000000 0.000000 
-13.241210 116.443306 -0.668453 3.403969 16.562870 1.000000 0.000000 
-13.013512 116.477715 -1.845533 13.198204 26.685621 1.000000 0.000000 
-13.207541 116.780731 -1.598479 4.599976 18.752449 1.000000 0.000000 
-13.033607 116.835014 -1.842502 10.320000 25.076159 1.000000 0.000000 
-13.011246 117.024750 -1.552996 1.457970 15.271336 1.000000 0.000000 
-13.024456 117.023323 -2.032534 1.122765 15.410889 1.000000 0.000000 
-12.987013 117.042694 -2.009651 -3.316887 11.494919 1.000000 0.000000 
-13.065847 117.231567 -1.399026 4.782784 17.964844 1.000000 0.000000 
-13.001568 117.296539 -1.002824 5.096481 19.686714 1.000000 0.000000 
-12.971193 117.415924 -1.657524 2.705307 17.629318 1.000000 0.000000 
-12.987308 117.484673 -1.291355 8.546700 21.476597 1.000000 0.000000 
-12.881716 117.584335 -1.714071 4.284660 19.090977 1.000000 0.000000 
-13.380146 117.630280 -1.702039 -2.754974 12.229584 1.000000 0.000000 
-12.972991 117.913872 -0.848486 10.497208 23.795601 1.000000 0.000000 
-13.186344 117.984383 -1.236054 2.000031 15.828732 1.000000 0.000000 
-13.158617 118.086853 -1.176757 14.379784 28.181614 1.000000 0.000000 
-13.243260 118.082100 -0.224799 3.904167 17.789330 1.000000 0.000000 
-13.447653 118.125336 -0.264587 3.201759 19.003799 1.000000 0.000000 
-12.932328 118.445541 -1.708735 -4.534096 11.685959 1.000000 0.000000 
-13.157701 118.422028 -1.397265 -10.114067 4.328033 1.000000 0.000000 
-12.563882 118.551605 -2.052916 -6.545166 11.461533 1.000000 0.000000 
-13.431021 118.488419 -0.205636 -16.947327 1.789646 1.000000 0.000000 
-13.297256 118.522346 -0.207620 9.318030 23.848595 1.000000 0.000000 
-13.263754 118.674088 -1.237407 0.801903 14.062790 1.000000 0.000000 
-13.215745 118.752350 -2.871689 2.825111 17.310749 1.000000 0.000000 
-12.792933 118.868187 -1.694283 -3.805458 11.289906 1.000000 0.000000 
-13.189648 118.954369 -1.999619 0.393890 14.644756 1.000000 0.000000 
-12.589257 119.036041 -2.536613 -6.757591 10.689213 1.000000 0.000000 
-13.304068 119.212242 -0.310806 -0.368439 13.479279 1.000000 0.000000 
-12.801882 119.311455 -1.138666 -9.573564 4.974636 1.000000 0.000000 
-11.967837 119.516403 0.118732 -14.171753 6.474838 1.000000 0.000000 
-13.042422 119.533852 -2.723510 -11.226724 5.846752 1.000000 0.000000 
-12.934935 119.611137 -2.480417 -10.168283 10.216618 1.000000 0.000000 
-13.185413 119.837059 -1.497216 -12.412819 10.157757 1.000000 0.000000 
-13.134016 120.315590 -3.234746 -12.484566 3.624465 1.000000 0.000000 
8.278328 -86.782120 -3.385590 6.465302 19.579472 1.000000 1.000000 
-5.876523 -3.555013 -0.478540 -25.188461 25.687639 0.000000 0.000000 
-6.027333 -3.342546 -0.770396 -23.847073 25.188553 0.000000 0.000000 
-6.259490 -3.503757 -0.357367 -25.357029 23.161526 0.000000 0.000000 
-6.503747 -3.788332 -0.158909 -23.987450 23.169960 0.000000 0.000000 
-6.386310 -4.175556 0.040825 -16.968719 28.351788 0.000000 0.000000 
-6.768982 -4.041483 -0.135745 -22.245445 25.545410 0.000000 0.000000 
-6.608932 -4.372227 -0.225381 -16.712517 27.279003 0.000000 0.000000 
-6.689217 -4.412148 -0.284988 -15.794357 27.335012 0.000000 0.000000 
-6.957175 -4.168297 -0.146014 -17.900642 27.116779 0.000000 0.000000 
-6.909379 -4.517506 -0.152724 -16.205719 30.849945 0.000000 0.000000 
-6.744285 -4.888917 0.148434 -13.769257 31.607397 0.000000 0.000000 
-6.626652 -5.081808 0.151372 -16.986069 26.009373 0.000000 0.000000 
-6.482285 -5.340431 -0.312904 -14.352890 29.750345 0.000000 0.000000 
-6.717362 -5.129444 -0.154630 -12.210442 30.170710 0.000000 0.000000 
-6.626576 -5.517797 -0.082639 -20.797974 23.132805 0.000000 0.000000 
-6.622846 -5.545512 -0.164163 -15.067085 34.121735 0.000000 0.000000 
-6.893766 -5.495356 -0.013474 -9.265289 35.961205 0.000000 0.000000 
-7.109917 -5.265396 -0.323652 -22.125526 27.045469 0.000000 0.000000 
-6.841600 -5.656168 -0.222281 -10.826515 31.244362 0.000000 0.000000 
-7.306699 -5.172065 0.047711 -20.361176 24.979763 0.000000 0.000000 
-6.892643 -5.879367 -0.054983 -9.570976 35.449570 0.000000 0.000000 
-6.599534 -6.557993 -0.511873 -7.148781 37.006306 0.000000 0.000000 
-6.610214 -6.609766 0.054803 -14.627960 32.787548 0.000000 0.000000 
-6.449910 -6.935918 -0.522228 -18.462341 25.864868 0.000000 0.000000 
-6.583363 -6.956645 -0.007772 -15.530457 30.611061 0.000000 0.000000 
-6.560831 -7.225709 0.208667 -15.850075 28.374826 0.000000 0.000000 
-6.733781 -7.251506 -0.503148 -13.259003 33.445839 0.000000 0.000000 
-6.460456 -7.712145 0.671723 -12.468773 31.378595 0.000000 0.000000 
-6.751438 -7.527105 -0.230103 -12.738983 32.918907 0.000000 0.000000 
-6.879538 -7.684319 0.640286 -10.828941 32.630558 0.000000 0.000000 
-6.890206 -7.677688 0.307060 -12.843689 32.479099 0.000000 0.000000 
-6.614191 -7.940264 -0.088803 -18.473160 29.861008 0.000000 0.000000 
-6.751124 -8.023054 -0.359483 -5.970535 37.548378 0.000000 0.000000 
-6.223368 -8.464567 0.908263 -16.434441 28.196459 0.000000 0.000000 
-6.423014 -8.370945 -0.075346 -15.284607 29.089725 0.000000 0.000000 
-7.049559 -8.032523 -0.192550 -21.258629 24.835991 0.000000 0.000000 
-6.137301 -8.816092 -0.522661 -18.549515 29.669312 0.000000 0.000000 
-7.320285 -8.035003 -0.198159 -24.116127 22.761223 0.000000 0.000000 
-6.766888 -8.718760 -0.091303 -14.442657 29.466316 0.000000 0.000000 
-6.666942 -9.005534 -0.104933 -12.134666 30.702162 0.000000 0.000000 
-6.889006 -8.971518 0.071801 -14.760574 26.638977 0.000000 0.000000 
-6.357508 -9.495401 0.767258 -13.620811 30.092878 0.000000 0.000000 
-6.687850 -9.278151 -0.177213 -10.426826 32.191891 0.000000 0.000000 
-6.719993 -9.750243 2.025443 -25.477791 23.138847 0.000000 0.000000 
-6.967654 -9.579208 -0.253353 -16.776726 24.364902 0.000000 0.000000 
-6.773932 -10.065823 -0.377869 -9.103333 30.921055 0.000000 0.000000 
-6.790359 -10.392863 -0.517773 -9.498734 32.392803 0.000000 0.000000 
-6.973592 -10.435698 -0.061433 -15.992775 27.555971 0.000000 0.000000 
-6.821279 -10.588071 -0.298134 -8.670990 31.353649 0.000000 0.000000 
-6.959009 -10.720297 0.345643 -20.137405 22.967319 0.000000 0.000000 
-6.575488 -11.094031 -0.325112 -18.865677 23.796408 0.000000 0.000000 
-6.611372 -11.192663 -0.586224 -10.684991 27.430187 0.000000 0.000000 
-7.180309 -10.990136 -0.104936 -17.573273 24.050043 0.000000 0.000000 
-6.903856 -11.166834 0.788505 -16.712326 25.735464 0.000000 0.000000 
-6.431378 -11.626900 0.918781 -11.141624 28.951324 0.000000 0.000000 
-6.861286 -11.430727 -0.254229 -12.890495 26.384430 0.000000 0.000000 
-6.344040 -12.174244 -0.740563 -10.252557 30.547007 0.000000 0.000000 
-6.360761 -12.222534 0.773275 -13.561440 26.100376 0.000000 0.000000 
-7.017446 -12.187725 -0.549539 -12.906021 27.021774 0.000000 0.000000 
-6.702291 -12.550036 -1.024826 -8.837158 30.531866 0.000000 0.000000 
-7.164231 -12.311913 0.216181 -11.735168 28.624804 0.000000 0.000000 
-6.544175 -13.170813 -0.740137 -7.380577 31.517693 0.000000 0.000000 
-6.595605 -13.454384 0.322073 -12.349449 24.414295 0.000000 0.000000 
-6.474113 -13.638083 -0.379083 -17.048203 22.753017 0.000000 0.000000 
-6.929186 -13.427504 0.229954 -14.260468 23.747055 0.000000 0.000000 
-7.133532 -13.641440 0.287587 -15.256081 22.847179 0.000000 0.000000 
-6.587569 -13.907299 -0.002506 -19.345665 26.037542 0.000000 0.000000 
-6.685159 -13.928041 -0.966358 -13.042801 25.080252 0.000000 0.000000 
-6.515432 -14.195305 0.218859 -10.438951 27.293493 0.000000 0.000000 
-6.752838 -14.370179 -0.670886 -23.688011 26.377508 0.000000 0.000000 
-6.794896 -14.876204 0.185667 -14.649544 23.579926 0.000000 0.000000 
-6.466475 -15.054347 -0.328316 -12.836731 24.394808 0.000000 0.000000 
-6.393491 -15.159396 0.013379 -12.558395 22.835121 0.000000 0.000000 
-6.601422 -15.341308 -0.857408 -10.457513 27.489893 0.000000 0.000000 
-6.483379 -15.742960 -0.257851 -12.671326 25.020744 0.000000 0.000000 
-6.187935 -15.947023 -0.371699 -13.650085 21.281029 0.000000 0.000000 
-6.447938 -16.000162 1.084697 -11.517738 25.364077 0.000000 0.000000 
-6.484296 -16.359299 -0.725094 -13.981781 22.242348 0.000000 0.000000 
-7.220195 -16.371588 0.999597 -2.669708 32.217995 0.000000 0.000000 
-6.165280 -16.850883 0.170514 -9.374191 26.522274 0.000000 0.000000 
-6.660699 -17.058876 0.596407 -8.883781 23.629913 0.000000 0.000000 
-6.591740 -17.931396 0.375996 -9.356088 21.770824 0.000000 0.000000 
-6.527043 -19.207184 0.863669 -11.632668 19.028183 0.000000 0.000000 
-6.136714 -20.053429 -0.055559 -16.956192 20.845634 0.000000 0.000000 
-6.590235 -27.460472 -1.662366 -8.133554 19.964005 0.000000 0.000000 
-6.597341 -31.704666 1.970365 -0.731750 26.335453 0.000000 0.000000 
-6.922200 -31.828678 1.105672 -0.746216 25.152973 0.000000 0.000000 
-6.291724 -34.398865 -0.870132 -1.652176 24.245102 0.000000 0.000000 
-6.486594 -36.748306 0.175084 -4.972351 19.554977 0.000000 0.000000 
-6.977666 -36.827160 -0.494626 -5.842674 20.000832 0.000000 0.000000 
-6.405338 -40.644299 -0.622695 -7.637764 17.079330 0.000000 0.000000 
-6.898812 -41.216080 2.329892 -4.715546 18.598736 0.000000 0.000000 
-6.191115 -50.194450 1.365080 3.228592 21.972225 0.000000 0.000000 
-6.656782 -59.616398 0.100000 0.394775 18.196400 0.000000 0.000000 
-5.616795 -13.198579 -0.286121 -13.022606 23.868713 0.000000 0.000000 
-6.457684 -12.836486 -0.570254 0.449219 30.606121 0.000000 0.000000 
-6.502035 -12.944972 -0.741483 -6.788712 23.165630 0.000000 0.000000 
-6.259931 -13.933990 1.156585 -5.328163 27.793430 0.000000 0.000000 
-6.869350 -14.953408 -1.152714 -8.098732 24.484375 0.000000 0.000000 
-7.040303 -14.986979 2.278392 -8.832314 21.826393 0.000000 0.000000 
-6.593418 -16.060184 -1.088569 -7.710823 25.376369 0.000000 0.000000 
-6.427523 -16.205128 -0.785823 -0.280098 30.228422 0.000000 0.000000 
-7.044599 -16.284893 -0.028283 -5.092682 26.567410 0.000000 0.000000 
-7.620637 -16.120419 -0.017059 -5.375099 25.408978 0.000000 0.000000 
-6.432403 -16.956604 -0.622836 -5.109451 26.887701 0.000000 0.000000 
-6.479524 -16.951244 -0.611704 -4.488632 27.541887 0.000000 0.000000 
-6.866207 -16.802387 -0.493568 -6.643265 27.298536 0.000000 0.000000 
-7.136528 -16.699894 -0.667500 -7.599930 25.223190 0.000000 0.000000 
-7.334904 -16.789738 -0.613806 -7.404427 25.103167 0.000000 0.000000 
-6.889028 -17.256046 -0.319805 0.880508 27.822903 0.000000 0.000000 
-6.597569 -17.412701 -0.755689 -2.961578 28.454969 0.000000 0.000000 
-7.189038 -17.902199 -0.495856 -5.619102 24.118700 0.000000 0.000000 
-6.476506 -18.332737 0.338291 -4.986671 22.886524 0.000000 0.000000 
-6.465894 -18.471809 -0.272970 -5.344742 25.851784 0.000000 0.000000 
-6.758384 -18.614697 -0.183700 -6.095428 23.987951 0.000000 0.000000 
-6.984378 -18.539257 -0.457455 -5.262398 23.236807 0.000000 0.000000 
-6.533010 -19.269962 0.014582 -5.608780 24.189537 0.000000 0.000000 
-7.122634 -19.388828 1.345502 -3.066612 26.761683 0.000000 0.000000 
-6.591664 -20.063324 0.400864 -3.697182 25.467508 0.000000 0.000000 
-6.425464 -20.204403 -0.427055 -9.413780 21.554111 0.000000 0.000000 
-6.517742 -20.438007 -1.040465 -6.003876 23.419529 0.000000 0.000000 
-6.654442 -20.925983 1.127766 -3.728523 25.215366 0.000000 0.000000 
-6.323124 -21.036686 -0.205388 -6.817848 21.545002 0.000000 0.000000 
-6.874505 -21.242260 -0.012916 -1.843719 26.933586 0.000000 0.000000 
-6.834769 -21.300377 1.273519 -8.310060 19.528736 0.000000 0.000000 
-7.039146 -21.768066 -0.310236 -7.297401 22.723381 0.000000 0.000000 
-6.688113 -22.390709 -0.494013 -6.798683 22.131924 0.000000 0.000000 
-6.657270 -22.637531 -0.474130 -4.758652 22.129528 0.000000 0.000000 
-6.691319 -23.048763 0.231463 -5.859253 21.448811 0.000000 0.000000 
-6.397038 -24.472897 0.745259 -8.191177 22.486637 0.000000 0.000000 
-6.764853 -25.063316 -0.786118 -5.952644 20.886410 0.000000 0.000000 
-6.993367 -25.034569 0.101166 -2.563766 23.479803 0.000000 0.000000 
-6.788774 -25.337315 -0.527558 -6.702728 20.688889 0.000000 0.000000 
-6.537518 -25.878586 -0.144245 -4.554466 20.862488 0.000000 0.000000 
-6.427951 -28.094921 -1.008769 -6.949203 20.649929 0.000000 0.000000 
-6.526093 -28.326103 -1.310040 -3.997246 22.701866 0.000000 0.000000 
-6.825965 -34.926327 -1.183550 -1.837250 20.230686 0.000000 0.000000 
-7.201277 -37.556408 0.383643 2.794632 24.769735 0.000000 0.000000 
-6.850659 -37.863190 0.375154 3.335144 23.454468 0.000000 0.000000 
-7.248390 -44.018406 0.547299 3.088882 21.874546 0.000000 0.000000 
-21.015432 -23.913872 -0.576235 -3.580376 20.209362 0.000000 0.000000 
7.213982 -19.827633 -0.397345 -8.950653 22.585842 0.000000 0.000000 
7.851448 -21.217308 -0.649127 -10.958337 19.838867 0.000000 0.000000 
6.849674 -21.839432 -0.196937 -8.175630 21.578751 0.000000 0.000000 
7.710787 -24.005733 -0.080798 14.685791 41.647926 0.000000 0.000000 
7.608504 -24.071682 -0.016936 14.558350 40.389442 0.000000 0.000000 
8.206085 -30.263775 -0.152631 16.625450 42.060776 0.000000 0.000000 
7.872851 -30.423595 -0.130289 14.344246 38.852627 0.000000 0.000000 
7.114699 -31.015144 -1.028427 -10.823663 20.213913 0.000000 0.000000 
8.717172 -30.605251 -0.303694 -2.754868 20.944752 0.000000 0.000000 
7.954384 -31.333099 -0.096267 -6.805237 22.211582 0.000000 0.000000 
8.409600 -31.600620 0.521192 -5.557167 19.861034 0.000000 0.000000 
8.863251 -31.837517 -0.990636 -1.196785 24.684599 0.000000 0.000000 
7.952496 -32.772758 -0.837359 -7.814110 19.307869 0.000000 0.000000 
8.693764 -34.279388 -3.147517 -3.837120 21.761822 0.000000 0.000000 
7.996402 -38.718601 -0.565424 -1.851288 20.568325 0.000000 0.000000 
8.444498 -40.747452 0.010846 0.545219 23.091175 0.000000 0.000000 
8.076819 -40.948208 0.017981 -0.368126 22.373249 0.000000 0.000000 
7.918645 -41.223457 0.016882 -0.104874 24.008549 0.000000 0.000000 
8.215978 -41.330128 -0.264464 0.487053 22.077473 0.000000 0.000000 
8.945484 -41.225574 0.477156 -3.425079 19.486149 0.000000 0.000000 
7.606217 -46.068180 3.195915 -3.219902 17.759289 0.000000 0.000000 
8.405650 -46.145779 -6.298861 -3.329010 18.200829 0.000000 0.000000 
7.753920 -54.106209 -0.008542 8.836998 27.621006 0.000000 0.000000 
7.670205 -54.345367 -0.171080 10.649529 28.890884 0.000000 0.000000 
6.785587 -57.864624 -5.240536 2.393478 19.695522 0.000000 0.000000 
8.736643 -58.218761 -0.751763 1.918335 19.344273 0.000000 0.000000 
7.617484 -58.511509 -6.949577 3.242188 20.693478 0.000000 0.000000 
8.695148 -64.601471 0.471635 0.753464 17.767876 0.000000 0.000000 
8.855977 -64.600395 -1.261051 2.527718 17.941021 0.000000 0.000000 
8.787055 -64.868645 -2.393445 0.694748 17.205395 0.000000 0.000000 
9.131611 -65.995781 0.208436 2.277840 18.361031 0.000000 0.000000 
7.346219 -66.471825 -3.536567 -2.053108 16.201694 0.000000 0.000000 
8.928946 -66.585014 -2.191154 3.186729 18.474674 0.000000 0.000000 
8.127413 -70.436836 1.150634 5.963486 20.777649 0.000000 0.000000 
8.899993 -70.342323 -0.193713 6.597237 20.458214 0.000000 0.000000 
8.936838 -70.563805 -0.274277 -1.112114 15.262817 0.000000 0.000000 
7.578111 -70.904587 0.491318 3.315247 18.848942 0.000000 0.000000 
7.321771 -24.092709 -0.329783 15.111037 43.713509 0.000000 0.000000 
7.289184 -24.185619 -0.281987 13.572060 40.097008 0.000000 0.000000 
8.669368 -28.416878 1.346723 -8.608705 19.676006 0.000000 0.000000 
8.692216 -28.490459 1.796288 -6.727097 20.255920 0.000000 0.000000 
8.400953 -29.014572 -1.610441 -6.683899 21.532516 0.000000 0.000000 
7.885267 -30.250401 -0.195600 10.759766 36.470997 0.000000 0.000000 
7.796725 -30.433502 -0.301818 13.374419 36.210968 0.000000 0.000000 
6.053135 -31.097946 7.612944 -8.313043 21.537506 0.000000 0.000000 
8.550499 -31.059349 1.954771 -6.183731 21.884464 0.000000 0.000000 
7.500113 -31.337029 0.217196 -7.827857 18.852940 0.000000 0.000000 
8.546913 -31.285999 -0.391938 -6.014534 24.374800 0.000000 0.000000 
8.794585 -31.944199 2.003160 -2.575287 22.530712 0.000000 0.000000 
8.458275 -34.421074 2.964054 -5.110146 19.651180 0.000000 0.000000 
7.579733 -34.656902 -0.735650 -0.972771 21.764740 0.000000 0.000000 
8.812117 -38.652390 0.684559 3.416977 25.221088 0.000000 0.000000 
8.689731 -39.000092 1.543709 2.676483 23.039721 0.000000 0.000000 
8.442903 -40.026543 -5.931229 -3.734107 17.923195 0.000000 0.000000 
8.779083 -40.207256 1.661907 0.885666 21.694141 0.000000 0.000000 
7.492801 -40.866852 0.425531 -6.100677 18.417110 0.000000 0.000000 
7.644760 -41.301086 -1.003070 -4.111801 21.429749 0.000000 0.000000 
7.619236 -41.556698 -1.792131 -4.044837 18.967293 0.000000 0.000000 
7.613586 -41.712696 -1.364357 -1.907036 21.395016 0.000000 0.000000 
7.783625 -42.219704 -0.203543 -5.651161 20.126678 0.000000 0.000000 
8.877670 -45.358978 5.630702 -0.357689 20.177448 0.000000 0.000000 
9.049884 -45.806358 3.813783 -1.064491 24.575382 0.000000 0.000000 
8.225655 -52.375984 -0.372059 1.390938 20.182755 0.000000 0.000000 
7.339975 -52.707886 0.854373 0.329025 19.199070 0.000000 0.000000 
7.258644 -54.140598 -0.603308 5.109428 25.191257 0.000000 0.000000 
7.252797 -54.224049 0.287900 7.306702 25.325405 0.000000 0.000000 
9.102531 -58.146797 -0.827001 1.978622 20.131435 0.000000 0.000000 
8.389832 -58.581936 2.542240 2.215775 19.850136 0.000000 0.000000 
8.789220 -63.172668 0.128212 -1.899467 15.766392 0.000000 0.000000 
5.757059 -66.694000 -5.126339 2.707359 18.530106 0.000000 0.000000 
23.887598 -55.838829 1.636111 2.323372 17.872429 0.000000 0.000000 
23.215361 -19.229015 0.612278 -8.976579 16.863174 0.000000 0.000000 
23.399929 -19.055389 1.018131 -4.489151 20.932598 0.000000 0.000000 
23.428875 -19.706127 0.985779 -2.768501 23.137558 0.000000 0.000000 
23.396111 -19.738789 0.312184 0.561188 24.478432 0.000000 0.000000 
23.643908 -21.609924 1.297551 -7.270751 18.755093 0.000000 0.000000 
21.663820 -25.795666 0.657918 2.520348 26.547812 0.000000 0.000000 
21.902039 -25.872440 0.923790 -0.240532 22.906719 0.000000 0.000000 
21.638655 -26.216801 2.042859 -2.320297 20.666573 0.000000 0.000000 
23.534056 -25.371937 1.023872 -9.199739 16.861485 0.000000 0.000000 
23.585072 -25.653667 0.430422 -2.588219 23.898689 0.000000 0.000000 
23.312227 -26.226810 0.764948 -4.583435 18.507023 0.000000 0.000000 
23.454859 -28.577091 0.423654 -3.463791 18.774654 0.000000 0.000000 
23.484659 -28.851768 -0.048660 -1.048210 22.117783 0.000000 0.000000 
23.124710 -29.154675 -0.316252 8.468430 28.702530 0.000000 0.000000 
22.299593 -31.515564 4.001743 -4.557510 21.411621 0.000000 0.000000 
22.335007 -31.760677 3.622461 3.053917 23.862574 0.000000 0.000000 
23.190283 -38.199730 0.945652 -6.654587 16.260765 0.000000 0.000000 
22.879530 -56.174599 0.727501 2.472572 17.071407 0.000000 0.000000 
21.728037 -58.655556 0.582000 1.084793 17.653130 0.000000 0.000000 
16.715208 -16.332748 2.556159 -8.761064 21.951164 0.000000 0.000000 
24.102558 7.313966 -1.040002 -7.766350 21.224976 1.000000 0.000000 
7.069194 6.979692 -0.666286 -6.701683 18.446465 0.000000 0.000000 
7.490802 5.916491 0.030447 -12.161507 10.776821 0.000000 0.000000 
7.099138 7.081606 0.018054 -15.074982 13.331196 0.000000 0.000000 
-6.068966 8.574424 -0.371756 -24.098373 11.655537 0.000000 0.000000 
-6.729226 7.565902 0.032756 -15.904709 12.606583 0.000000 0.000000 
-5.948658 10.118398 -0.321153 -24.742973 15.177654 0.000000 0.000000 
-6.603047 10.352945 0.124892 -19.279793 12.387074 0.000000 0.000000 
-6.550093 10.697779 1.275296 -16.750099 14.642189 0.000000 0.000000 
-6.497913 10.895516 0.289247 -16.845345 14.380234 0.000000 0.000000 
-6.886785 11.137483 0.203058 -6.699356 23.604490 0.000000 0.000000 
-7.658336 11.228395 0.150372 -14.298462 12.734127 0.000000 0.000000 
-7.366784 11.640695 0.287820 -12.097084 19.236134 0.000000 0.000000 
-6.891657 13.056763 0.052782 -17.165901 15.321671 0.000000 0.000000 
-6.742540 13.357497 0.350367 -13.747086 17.345539 0.000000 0.000000 
-6.588886 14.055810 0.006183 -10.492387 20.964176 0.000000 0.000000 
-6.547356 14.106945 0.051843 -17.018295 20.048676 0.000000 0.000000 
-7.336998 13.573635 0.078776 -9.643692 19.241158 0.000000 0.000000 
-6.680590 14.419457 0.042629 -14.300636 17.241615 0.000000 0.000000 
-6.697456 14.493824 0.349044 -13.019844 21.059696 0.000000 0.000000 
-6.476902 14.752790 0.259992 -14.366333 21.119736 0.000000 0.000000 
-35.809639 32.505714 0.335764 -5.021881 3.891368 0.000000 0.000000 
2.466886 4.728758 -0.043692 -45.522736 9.076023 0.000000 0.000000 
2.489228 4.766164 -0.031451 -44.764835 9.456032 0.000000 0.000000 
2.501814 5.062207 -0.013044 -39.698677 12.237480 0.000000 0.000000 
2.836701 4.994438 -0.052485 -38.647621 10.281136 0.000000 0.000000 
2.510746 5.690143 0.087792 -25.963699 25.090382 0.000000 0.000000 
2.237467 6.073459 -0.027027 -32.553661 28.805122 0.000000 0.000000 
2.496443 5.862433 0.082222 -26.271164 26.101032 0.000000 0.000000 
2.722276 6.353127 -0.028585 -31.212799 22.256844 0.000000 0.000000 
2.456944 6.848997 -0.047292 -26.954578 33.381790 0.000000 0.000000 
2.258316 7.178879 -0.051931 -32.121895 22.222530 0.000000 0.000000 
2.490567 7.800499 0.102442 -3.344536 44.610973 0.000000 0.000000 
2.458071 7.951272 0.094724 -9.698995 41.354286 0.000000 0.000000 
2.473315 8.424009 -0.052710 -18.545155 34.465931 0.000000 0.000000 
2.474355 8.732996 -0.044312 -15.876884 35.518108 0.000000 0.000000 
2.494421 8.909416 -0.037889 -17.111141 35.833736 0.000000 0.000000 
2.375617 30.222116 0.075626 -17.097755 12.784843 1.000000 1.000000 
40.533100 15.980549 0.659850 11.737274 14.904213 1.000000 1.000000 
34.982697 33.782242 -0.730136 -3.652328 9.329277 1.000000 1.000000 
47.234791 36.031132 -0.479658 3.261559 10.628815 1.000000 1.000000 
53.935570 28.288588 0.943155 3.319344 11.897556 1.000000 1.000000 
57.621445 32.671955 10.398601 11.731133 14.317562 1.000000 1.000000 
56.988155 34.107544 1.521582 9.710892 14.114334 1.000000 1.000000 
59.915543 35.587708 -0.964779 11.466774 16.728394 1.000000 1.000000 
-18.200335 84.824333 12.917473 -6.172585 17.620136 0.000000 0.000000 
-21.964619 86.358910 11.413428 -4.918633 11.353954 0.000000 0.000000 
-22.089071 86.810074 10.560915 -11.876328 12.328297 0.000000 0.000000 
-21.083246 87.259430 11.047935 -10.577638 12.259163 0.000000 0.000000 
-7.661099 92.040054 2.145901 -8.169862 11.076344 0.000000 0.000000 
-7.299107 92.159302 1.511703 -7.557030 13.320103 0.000000 0.000000 
-5.860040 94.880051 -1.347619 -11.927368 11.247837 0.000000 0.000000 
-13.637090 109.764542 4.883323 16.517632 29.432827 1.000000 0.000000 
7.262205 125.426834 -1.060598 -7.446609 7.243827 1.000000 0.000000 
7.510309 125.428360 -1.438802 2.450493 15.334949 1.000000 0.000000 
7.554167 125.500549 -1.436395 -0.231857 13.333221 1.000000 0.000000 
7.304331 125.516670 -1.792361 4.167679 16.642838 1.000000 0.000000 
7.341991 125.905930 -1.699469 8.369286 21.026894 1.000000 0.000000 
6.995008 125.981728 -1.397112 -12.659836 2.456810 1.000000 0.000000 
6.844193 126.180779 -0.228371 -9.206506 5.918811 1.000000 0.000000 
7.289459 126.269737 -1.303373 -11.216354 4.351562 1.000000 0.000000 
7.229849 126.357285 -2.092527 -7.928398 6.551967 1.000000 0.000000 
7.123906 126.380493 -1.139032 -0.542953 11.634506 1.000000 0.000000 
7.330146 126.408180 -1.956521 0.645279 12.694244 1.000000 0.000000 
7.256664 126.487610 -2.112919 -9.229187 4.919963 1.000000 0.000000 
7.453682 126.473854 -1.653581 -14.916336 3.614624 1.000000 0.000000 
7.389679 126.757378 -1.895020 0.606522 13.021694 1.000000 0.000000 
7.783302 126.734253 -0.925567 -10.114601 4.695117 1.000000 0.000000 
7.350535 126.923111 -1.076479 -2.643227 9.145210 1.000000 0.000000 
7.460071 127.194237 -1.308951 -7.453339 7.182003 1.000000 0.000000 
7.264899 128.175217 -1.121797 -11.450241 3.083831 1.000000 0.000000 
-6.013823 -0.991815 -0.785111 4.445908 55.022781 0.000000 0.000000 
-6.012605 -1.683127 -0.759553 -20.147255 28.812073 0.000000 0.000000 
-6.070468 -0.956457 -0.735159 -0.423626 53.080540 0.000000 0.000000 
-6.040156 -1.482064 -0.812491 -13.958790 35.797382 0.000000 0.000000 
-6.083804 -1.438940 0.021748 -21.703934 27.564850 0.000000 0.000000 
-6.213809 -0.972901 0.273391 -19.920292 32.452003 0.000000 0.000000 
-6.171602 0.461459 0.067967 -22.935787 24.827244 0.000000 0.000000 
-5.987099 1.105276 0.072451 -27.922699 21.720207 0.000000 0.000000 
-6.279027 -2.301008 -0.469593 -11.572189 33.719120 0.000000 0.000000 
-6.074562 1.325058 -0.664659 -28.474621 23.563179 0.000000 0.000000 
-6.366183 -2.357611 -0.922616 -16.736210 33.351089 0.000000 0.000000 
-6.503490 0.013458 0.375135 -21.855873 27.335846 0.000000 0.000000 
-6.505633 -1.946111 -0.013271 -26.173595 30.249083 0.000000 0.000000 
-6.548028 -0.096375 0.158198 -20.799873 29.503597 0.000000 0.000000 
-6.615551 -2.212188 -0.083264 -18.212841 33.564899 0.000000 0.000000 
-6.705223 0.034883 0.026154 -16.062061 33.302967 0.000000 0.000000 
-6.433652 1.127645 0.056952 -17.288319 31.070616 0.000000 0.000000 
-6.628294 0.451232 -0.146291 -15.912727 32.715954 0.000000 0.000000 
-6.590568 0.760967 0.234121 -16.514080 30.994253 0.000000 0.000000 
-6.831743 -0.868689 -0.046579 -14.975990 36.507027 0.000000 0.000000 
-6.796021 -1.572491 0.046301 -8.576820 39.889271 0.000000 0.000000 
-6.414080 1.375471 -0.136150 -22.436333 27.298073 0.000000 0.000000 
-6.851394 -1.037300 -0.070061 -12.052696 36.916042 0.000000 0.000000 
-6.834297 -1.508244 -0.049417 -13.503151 37.847515 0.000000 0.000000 
-6.742198 0.456317 -0.098075 -15.932556 31.360889 0.000000 0.000000 
-6.923238 -1.891099 0.213777 -16.730312 36.093800 0.000000 0.000000 
-6.611999 -3.092675 0.665829 -31.034981 29.126604 0.000000 0.000000 
-6.964942 -0.132259 0.053645 -14.896797 34.372009 0.000000 0.000000 
-6.776642 -2.625043 0.133113 -16.618183 34.224209 0.000000 0.000000 
-6.630571 -3.189654 -0.697093 -17.915886 28.972088 0.000000 0.000000 
-7.063069 -0.254102 0.614103 -18.678116 29.053852 0.000000 0.000000 
-6.972345 -2.294655 -0.079712 -17.885437 31.971006 0.000000 0.000000 
-6.597766 1.667520 0.467941 -22.935120 27.605843 0.000000 0.000000 
-6.823393 1.223894 0.302280 -13.950401 33.243057 0.000000 0.000000 
-6.916170 -2.782470 0.289608 -17.215904 28.761608 0.000000 0.000000 
-6.785681 1.439711 0.077688 -16.320747 32.148712 0.000000 0.000000 
-6.724938 -3.440812 0.018141 -18.513718 28.120050 0.000000 0.000000 
-6.439906 2.278827 0.099213 -13.647736 29.259804 0.000000 0.000000 
-6.418784 2.354781 0.248598 -19.352139 27.809864 0.000000 0.000000 
-6.851117 -3.237084 -0.262018 -17.294178 27.776459 0.000000 0.000000 
-6.614663 2.268144 0.032477 -19.406727 26.929142 0.000000 0.000000 
-7.254081 -2.420159 1.355882 -19.938511 28.272232 0.000000 0.000000 
-6.623334 -4.116205 0.305056 -16.472416 28.874571 0.000000 0.000000 
-6.941103 1.746219 -0.073004 -17.493408 30.337420 0.000000 0.000000 
-7.438125 -0.118891 -0.064060 -18.142811 28.872852 0.000000 0.000000 
-7.429160 0.424203 -0.115260 -16.237366 27.410702 0.000000 0.000000 
-6.668918 2.601060 0.104769 -11.563477 32.433914 0.000000 0.000000 
-7.112033 -3.553356 -0.047500 -21.624588 25.047047 0.000000 0.000000 
-6.798308 2.419725 -0.172453 -20.521706 25.896170 0.000000 0.000000 
-7.349967 -2.942765 -0.206484 -17.815094 29.428162 0.000000 0.000000 
-7.271537 -3.292847 -0.105172 -18.911415 29.522226 0.000000 0.000000 
-7.254411 -3.360156 -0.077849 -16.009274 29.133106 0.000000 0.000000 
-7.183730 1.754493 0.000674 -20.477501 27.765398 0.000000 0.000000 
-7.204795 1.727489 -0.040471 -20.545013 27.859959 0.000000 0.000000 
-7.391686 -3.434357 -0.237667 -24.461357 22.795494 0.000000 0.000000 
-7.080633 2.369855 0.137417 -18.271210 22.216599 0.000000 0.000000 
-7.320874 -3.703166 -0.360317 -20.264809 27.249039 0.000000 0.000000 
-7.096321 2.528187 0.036951 -22.106354 21.502308 0.000000 0.000000 
-6.931005 -4.773405 2.909093 -14.981194 29.333763 0.000000 0.000000 
-7.340499 2.538815 0.024768 -20.149681 24.957672 0.000000 0.000000 
-6.747782 -8.647300 -1.674143 -12.124519 30.600737 0.000000 0.000000 
-11.129429 0.265811 -1.281433 -20.827995 22.450375 0.000000 0.000000 
-11.215129 -0.590640 -1.334096 -20.348534 24.713821 0.000000 0.000000 
-6.893445 -9.530665 2.629041 -10.258003 29.909721 0.000000 0.000000 
-6.243488 -11.062893 -3.224932 -18.963737 24.790487 0.000000 0.000000 
-13.447010 -3.928186 0.073407 -11.640007 27.067158 1.000000 0.000000 
2.658880 -13.593244 -0.109043 -16.084999 26.515488 0.000000 1.000000 
-13.247527 -4.732322 -0.150406 6.266670 44.176895 1.000000 0.000000 
-13.499954 -5.236181 -0.213240 -14.751694 21.897446 1.000000 0.000000 
-13.856477 -4.007520 -0.355983 -17.751541 22.366528 1.000000 0.000000 
-13.469012 -6.127192 -0.575116 -17.040649 20.674259 1.000000 0.000000 
-5.928311 -13.796628 -4.316393 -14.420486 25.926693 0.000000 0.000000 
-6.663324 -13.610853 2.503237 -12.758072 26.585449 0.000000 0.000000 
7.192166 -14.465850 0.917113 -2.555618 31.015623 0.000000 0.000000 
7.804063 -14.173119 -0.296229 0.042114 30.719955 0.000000 0.000000 
7.613128 -14.339306 -1.534333 -7.645760 24.565886 0.000000 0.000000 
7.692850 -14.445716 0.233191 -6.012939 26.186991 0.000000 0.000000 
7.643779 -14.532297 -0.163647 3.932091 35.890312 0.000000 0.000000 
7.290071 -15.191546 -0.766134 -11.665031 20.836155 0.000000 0.000000 
-6.863031 -16.332287 2.598517 -9.815782 26.191504 0.000000 0.000000 
7.090489 -15.713240 -0.437687 -13.883942 20.312332 0.000000 0.000000 
-17.582598 -1.422835 -0.325679 6.476151 39.670387 0.000000 0.000000 
-7.067039 -16.697620 7.508332 -10.951805 23.736362 0.000000 0.000000 
7.988788 -15.906390 0.763276 0.007507 29.506390 0.000000 0.000000 
8.537052 -15.597250 1.505440 -6.681915 22.670986 0.000000 0.000000 
7.599484 -16.386053 -0.202563 0.283249 26.118816 0.000000 0.000000 
7.893180 -16.226765 1.068977 -6.641121 22.855160 0.000000 0.000000 
-18.242283 -1.482781 1.596452 15.014389 46.787434 0.000000 0.000000 
-18.264956 -1.300009 0.534632 8.231117 39.862988 0.000000 0.000000 
4.325059 -17.797489 -2.877339 3.772972 36.259132 1.000000 1.000000 
-18.262733 -2.059688 2.539007 7.687675 42.656685 0.000000 0.000000 
-18.302088 -1.447117 -0.293594 1.381668 35.694431 0.000000 0.000000 
-18.383926 -1.455476 -1.166724 -2.805511 34.068459 0.000000 0.000000 
-18.225464 -3.596314 0.337150 -9.102943 25.468296 0.000000 0.000000 
-18.212860 -3.974307 -0.721600 -3.203331 28.460751 0.000000 0.000000 
7.301547 -16.804253 -0.332236 -9.880876 20.542576 0.000000 0.000000 
7.421045 -16.928890 0.313014 -4.847305 20.670673 0.000000 0.000000 
-18.534431 -3.465739 -0.188354 -2.743568 27.802999 0.000000 0.000000 
-19.030582 -0.765512 -0.499822 4.744339 34.010342 0.000000 0.000000 
-0.012518 -19.260731 -0.150260 12.745955 44.698891 1.000000 0.000000 
0.010239 -19.269119 0.149806 12.206894 45.560944 1.000000 0.000000 
-0.006449 -19.332073 -0.108539 12.289351 41.683735 1.000000 0.000000 
-0.451003 -19.457920 -0.521687 5.400307 37.376171 1.000000 0.000000 
-0.516272 -19.638336 -0.743791 6.449745 42.307896 1.000000 0.000000 
-0.678731 -19.771549 -0.544221 5.852386 39.387890 1.000000 0.000000 
-19.313974 -3.773274 1.277374 -11.632149 22.789211 0.000000 0.000000 
-0.804069 -19.815006 -0.368274 3.669327 38.641094 1.000000 0.000000 
-20.355715 -0.635256 -1.200360 -5.712624 27.374329 0.000000 0.000000 
-20.340410 -0.078266 -0.435355 -8.269769 25.854435 0.000000 0.000000 
-20.289289 0.909933 -1.003828 -9.000122 21.926460 0.000000 0.000000 
-18.290892 8.792511 -0.359544 -5.663544 23.427870 0.000000 0.000000 
-19.588541 -12.654845 1.838351 -10.615173 19.995029 0.000000 0.000000 
-21.645212 -9.087296 1.223869 -9.460481 20.149754 0.000000 0.000000 
-21.721191 -8.953425 1.047574 -9.231668 19.199718 0.000000 0.000000 
-19.637220 -13.836459 1.654555 -13.774345 19.946011 0.000000 0.000000 
-23.647532 -0.087089 2.645278 -10.080972 21.997551 0.000000 0.000000 
-19.704058 -13.863041 1.562524 -5.416084 23.237753 0.000000 0.000000 
-23.569496 -6.889917 2.283887 -4.788872 25.084040 0.000000 0.000000 
-20.481279 -13.851107 1.773540 -4.176826 25.357197 0.000000 0.000000 
-21.124069 -13.610740 1.683643 -10.254556 19.729389 0.000000 0.000000 
-20.506399 -14.729312 2.405596 -2.621368 26.625351 0.000000 0.000000 
-20.820421 -14.607403 2.388230 3.878677 30.846567 0.000000 0.000000 
-20.982691 -14.714997 1.864951 -3.230392 24.717161 0.000000 0.000000 
-20.844313 -14.928067 2.392158 -2.513321 25.714870 0.000000 0.000000 
-20.349213 -15.642135 1.665367 -1.910164 25.292711 0.000000 0.000000 
-19.956863 -17.289219 1.567747 -5.473579 23.404163 0.000000 0.000000 
-23.540627 -11.754687 1.639237 -6.312370 20.941509 0.000000 0.000000 
8.631356 -24.430038 -0.506963 -8.621919 20.547615 0.000000 0.000000 
-23.488026 -12.000683 1.845457 -6.450264 20.646801 0.000000 0.000000 
-20.200096 -17.177101 0.529616 -6.159927 21.584866 0.000000 0.000000 
-19.909430 -17.700264 1.178738 -1.409599 27.225708 0.000000 0.000000 
-20.402380 -17.530327 -3.601262 -6.512779 20.143051 0.000000 0.000000 
-26.623106 -1.349180 2.979187 -3.999229 25.498655 0.000000 0.000000 
-26.679609 -1.291243 2.213356 -10.730392 19.730625 0.000000 0.000000 
-25.977631 5.303629 3.576406 -4.309608 22.724754 0.000000 0.000000 
-26.075148 5.167260 3.382559 -3.855431 20.783062 0.000000 0.000000 
-21.500793 -16.830151 1.391993 -10.320427 20.643509 0.000000 0.000000 
-21.143089 -17.324356 2.087019 2.400505 28.339325 0.000000 0.000000 
-26.932516 -1.202929 2.840315 -3.609756 23.934767 0.000000 0.000000 
-20.352398 -18.713215 2.258294 -0.742264 27.075293 0.000000 0.000000 
-20.646646 -18.545059 1.264722 -7.328636 21.801212 0.000000 0.000000 
-26.568514 -8.331724 3.978656 -5.286552 21.851620 0.000000 0.000000 
-21.146797 -18.419914 2.461247 -0.431717 26.324560 0.000000 0.000000 
-20.044159 -19.682838 2.427824 -5.659065 25.158127 0.000000 0.000000 
-20.335865 -19.516556 0.809794 -2.679382 25.254992 0.000000 0.000000 
-26.870125 -8.081495 3.595243 -6.209885 23.288387 0.000000 0.000000 
-20.741291 -19.208782 2.233988 -3.243820 24.698723 0.000000 0.000000 
-20.412037 -19.955925 2.438346 -9.120697 17.904663 0.000000 0.000000 
-20.675470 -19.693855 5.826523 -5.142204 20.408154 0.000000 0.000000 
-22.419209 -17.928368 2.270373 -8.529907 17.657898 0.000000 0.000000 
-26.890146 -10.377663 3.341809 -1.096153 25.224665 0.000000 0.000000 
-28.428572 -3.732379 -0.127168 -6.550827 23.709755 0.000000 0.000000 
-28.767628 -2.895181 -0.867434 -8.731950 20.708076 0.000000 0.000000 
-20.674164 -21.019333 2.305289 -6.357887 20.392258 0.000000 0.000000 
-19.810938 -22.456841 2.473891 -3.726990 22.773582 0.000000 0.000000 
-29.412735 3.416427 3.103823 -7.612091 19.762039 0.000000 0.000000 
9.519536 -28.128834 3.247784 -7.818970 18.503250 0.000000 0.000000 
-29.549065 3.935970 2.929513 -7.461266 20.840237 0.000000 0.000000 
9.642833 -28.544338 2.888925 -0.294632 25.541218 0.000000 0.000000 
-22.157505 -21.453827 3.790742 -7.472099 19.602913 0.000000 0.000000 
9.563307 -28.825863 3.583380 -3.595772 22.080864 0.000000 0.000000 
9.623155 -28.963226 3.318081 -3.602371 21.382027 0.000000 0.000000 
9.912861 -28.940651 5.492740 -5.623001 21.667904 0.000000 0.000000 
10.089268 -29.545177 3.012480 0.046097 22.991394 0.000000 0.000000 
-31.002159 -11.425259 3.012848 -7.495247 17.857071 0.000000 0.000000 
9.183290 -31.449429 4.860169 -4.752991 21.235710 0.000000 0.000000 
8.996731 -31.794556 0.752412 -3.737785 20.846664 0.000000 0.000000 
13.714878 -30.650581 4.455010 -4.074089 20.409584 0.000000 0.000000 
13.994527 -30.700191 4.596853 -5.157631 19.868710 0.000000 0.000000 
9.418437 -33.826866 -0.380119 -5.222015 18.009235 0.000000 0.000000 
-30.199640 16.877293 3.308523 -0.190712 23.401421 0.000000 0.000000 
-30.367815 17.001431 3.291285 -1.138939 24.038368 0.000000 0.000000 
9.045506 -34.353050 4.123456 0.495842 23.264881 0.000000 0.000000 
-35.384014 6.078860 2.623375 -0.623550 21.853313 0.000000 0.000000 
-34.826756 -14.560296 3.330979 -3.899979 18.552555 0.000000 0.000000 
-6.116584 -37.995579 4.105509 -4.188095 20.408451 0.000000 0.000000 
-23.682512 -30.533482 3.616140 -4.154602 18.747044 0.000000 0.000000 
9.263350 -38.018421 -0.062627 -4.315887 20.394402 0.000000 0.000000 
-38.579601 -8.524355 2.365974 -1.813019 22.756447 0.000000 0.000000 
17.171879 -35.341778 2.651136 -2.285538 18.207207 0.000000 0.000000 
-38.695915 -8.980433 2.437563 -1.604675 20.225792 0.000000 0.000000 
9.254107 -38.491745 1.495158 -0.917976 20.559696 0.000000 0.000000 
-40.775764 11.387644 3.493152 -1.413277 19.218399 0.000000 0.000000 
-22.141207 -38.251713 2.681889 -2.155472 18.236320 0.000000 0.000000 
-7.137482 -49.908020 -2.645451 -1.613129 19.681458 0.000000 0.000000 
-6.850412 -50.120262 -4.442054 1.796570 20.263336 0.000000 0.000000 
-6.860868 -53.247967 -1.223209 -2.743073 17.977127 0.000000 0.000000 
-41.722557 -38.268509 2.254022 -1.664330 15.215343 0.000000 0.000000 
-42.406036 -38.463737 1.777283 5.704170 21.997150 0.000000 0.000000 
25.669991 -51.848801 3.383353 4.651428 19.681351 0.000000 0.000000 
23.485729 -52.944431 3.446727 2.928467 18.583740 0.000000 0.000000 
-30.176775 -50.149239 2.341786 -1.737679 15.541332 0.000000 1.000000 
24.665846 -52.442341 2.329976 2.850731 18.250854 0.000000 0.000000 
-45.056385 -38.407055 2.261778 -0.779053 15.359810 0.000000 0.000000 
-62.087818 -12.777540 4.438683 -1.022850 15.421024 0.000000 0.000000 
-39.880016 -54.380249 2.672767 3.279167 17.623589 0.000000 0.000000 
23.643166 -64.832214 3.464069 5.416473 18.793415 0.000000 1.000000 
-6.633777 -69.464134 -2.652303 5.434143 18.802727 0.000000 0.000000 
-34.654640 -66.141701 3.092759 0.825188 14.415730 0.000000 0.000000 
-34.348213 -66.537735 2.504965 3.251259 15.946869 0.000000 0.000000 
-6.665947 -74.749397 0.985792 -0.321571 14.449978 0.000000 0.000000 
-6.469898 -74.930908 -1.053835 6.674820 19.786880 0.000000 0.000000 
23.939207 -76.861855 3.170294 11.750969 22.361649 0.000000 0.000000 
-6.629067 -81.265701 1.710473 5.242645 17.881496 0.000000 0.000000 
-7.063942 -81.413086 2.793218 2.848557 16.498333 0.000000 0.000000 
-6.400544 -81.870750 1.877209 4.069023 16.812309 0.000000 0.000000 
-6.481340 -87.614830 3.142465 3.840408 16.567955 0.000000 0.000000 
-5.500119 -93.836571 1.902317 3.688889 16.496655 0.000000 0.000000 
-20.641697 -95.325821 1.371509 7.489746 16.023449 0.000000 0.000000 
-20.929216 -95.489220 3.268339 10.245918 19.682484 0.000000 0.000000 
8.373072 -99.101036 2.892311 5.658432 15.668945 0.000000 0.000000 
8.507283 -99.256943 4.117411 7.119820 16.467319 0.000000 0.000000 
25.633881 -97.168175 4.983927 6.737732 15.584984 0.000000 0.000000 
21.936441 -98.325752 -1.487847 9.088654 18.292767 0.000000 0.000000 
11.578189 -100.833237 -0.739456 6.970871 14.800846 0.000000 0.000000 
10.654371 -101.235573 -2.695796 4.675018 13.501171 0.000000 0.000000 
62.141247 -99.180038 9.878366 19.014786 17.279438 0.000000 0.000000 
53.815979 -105.413094 7.760484 10.676460 13.886848 0.000000 0.000000 
56.699928 -103.942474 6.103222 12.206413 13.620270 0.000000 0.000000 
56.750080 -104.050217 8.419288 20.435722 21.026783 0.000000 0.000000 
56.533382 -113.949265 7.048126 24.635750 26.083487 0.000000 0.000000 
57.679604 -120.660713 2.628486 14.542809 15.881035 0.000000 0.000000 
54.832829 -122.109978 2.978062 16.761696 17.517895 0.000000 0.000000 
59.104862 -123.143730 4.521370 15.176651 15.612633 0.000000 0.000000 
57.224686 -136.642487 7.583457 15.452643 16.419556 0.000000 0.000000 
62.612820 -135.572479 6.179573 21.254890 21.087307 0.000000 0.000000 
56.088928 -138.892914 7.372305 17.806030 17.781136 0.000000 0.000000 
57.557476 -148.030930 8.333577 33.466858 30.672970 0.000000 0.000000 
58.642914 -159.094208 6.810520 21.014748 18.442142 0.000000 0.000000 
18.437298 -170.760727 3.858315 15.660294 15.542458 0.000000 0.000000 
-21.530264 -204.416260 -4.942314 18.212990 14.543629 0.000000 0.000000 
1.939592 -0.712140 -0.047405 -26.790726 44.746300 0.000000 0.000000 
2.021968 -0.461453 -0.045037 -27.634151 45.266769 0.000000 0.000000 
2.001297 -0.347875 -0.036450 -37.197937 36.420216 0.000000 0.000000 
2.161925 -0.565372 -0.056392 -32.380013 35.295471 0.000000 0.000000 
2.116833 -0.347896 0.270977 -40.589260 33.461517 0.000000 0.000000 
2.157567 -0.217873 -0.037836 -40.292900 34.526474 0.000000 0.000000 
2.183416 -0.251193 -0.055627 -38.902061 30.134031 0.000000 0.000000 
2.110814 -0.088556 -0.023044 -40.357349 31.346273 0.000000 0.000000 
2.164263 -0.180449 -0.036450 -34.532604 36.006477 0.000000 0.000000 
3.694800 0.377731 -0.171916 -41.587517 27.583408 1.000000 0.000000 
4.243711 0.838221 -0.193075 -39.825409 23.219378 1.000000 0.000000 
4.670727 0.447482 0.594479 -28.552731 28.648666 1.000000 0.000000 
5.910248 0.135643 -0.281757 -20.800354 29.485361 0.000000 0.000000 
6.433823 -0.946989 -0.725430 -3.996361 42.736458 0.000000 0.000000 
6.465600 -1.442077 -0.562382 -22.682030 25.412346 0.000000 0.000000 
6.539104 -0.900350 -0.699107 3.481976 53.893818 0.000000 0.000000 
6.523813 -0.303334 -0.475997 -18.933308 29.602491 0.000000 0.000000 
6.507078 0.077947 -0.663592 -24.415295 24.588575 0.000000 0.000000 
6.523255 -1.918240 -0.590173 -27.160324 22.512230 0.000000 0.000000 
6.587183 0.602618 -0.567262 -19.065807 29.993382 0.000000 0.000000 
6.976941 -0.632234 -0.516343 -22.453838 29.482019 0.000000 0.000000 
6.565232 1.421259 -0.642402 -23.107048 25.843355 0.000000 0.000000 
7.002326 -1.184095 -0.547773 -24.052021 26.766434 0.000000 0.000000 
7.152132 -1.444739 -0.508175 -24.568230 23.917315 0.000000 0.000000 
7.192661 -1.723708 -0.453616 -23.850697 28.225819 0.000000 0.000000 
7.429466 0.797210 -0.498153 -18.653500 26.358913 0.000000 0.000000 
7.514160 0.728448 -0.445466 -17.427704 25.909573 0.000000 0.000000 
7.689982 -1.438901 0.382783 -9.191709 39.455368 0.000000 0.000000 
7.216269 2.278545 -0.360373 -24.051071 23.283064 0.000000 0.000000 
7.886015 -1.878510 0.247627 -13.475113 35.071243 0.000000 0.000000 
7.937940 -1.511854 0.209807 -16.215248 32.829796 0.000000 0.000000 
8.007832 -1.695989 0.580634 -8.628326 36.289948 0.000000 0.000000 
7.332827 2.391632 0.136796 -13.544800 29.185820 0.000000 0.000000 
7.379354 2.299015 0.174878 -8.314651 35.739441 0.000000 0.000000 
8.062340 -1.765227 0.181435 -9.427856 34.705688 0.000000 0.000000 
8.110096 0.136409 -0.008976 -11.881348 31.060623 0.000000 0.000000 
7.386715 2.619386 0.181969 -3.557945 39.029671 0.000000 0.000000 
8.195911 -1.896855 0.166558 -13.498863 28.095379 0.000000 0.000000 
8.170478 -2.077627 -0.505462 -15.134659 28.906252 0.000000 0.000000 
7.450241 2.512092 0.269891 -15.006531 29.449320 0.000000 0.000000 
8.362952 -1.616550 -0.460846 -15.951630 27.860039 0.000000 0.000000 
8.235203 -2.482345 -0.185029 -16.026443 31.761753 0.000000 0.000000 
8.394011 -0.304918 0.070850 -4.097618 39.409069 0.000000 0.000000 
8.068156 -3.275148 -0.490546 -18.582420 30.535734 0.000000 0.000000 
8.442955 -0.244756 -0.344949 -10.817604 31.591450 0.000000 0.000000 
8.466431 -0.628431 0.308518 -5.802795 35.934036 0.000000 0.000000 
8.108302 -3.247368 -0.090719 -8.677650 34.351860 0.000000 0.000000 
8.230309 -2.826186 -0.426640 -11.513490 29.137209 0.000000 0.000000 
8.326119 -2.943076 2.280833 -10.284904 32.369202 0.000000 0.000000 
8.510078 0.340453 -0.121089 -12.287331 29.382862 0.000000 0.000000 
8.303695 -3.203951 0.193319 -12.387428 32.488724 0.000000 0.000000 
8.517992 0.564590 -0.086638 -9.349472 31.316843 0.000000 0.000000 
8.267619 -3.627833 0.054959 -22.600372 22.550919 0.000000 0.000000 
8.116687 -4.212757 -0.233795 -23.614632 19.955017 0.000000 0.000000 
8.690800 0.604598 -0.139494 -10.939996 31.042336 0.000000 0.000000 
8.843110 -0.784948 2.471909 -10.598671 30.699499 0.000000 0.000000 
8.506949 -3.321054 -0.286993 -5.788582 33.953094 0.000000 0.000000 
8.061839 -4.457232 -0.393437 -15.090210 25.756710 0.000000 0.000000 
8.561835 -3.159154 0.259543 -3.688835 39.764408 0.000000 0.000000 
8.101176 -4.392672 -0.447479 -11.477844 30.836546 0.000000 0.000000 
8.382762 -3.720988 -0.499138 -9.066415 32.852856 0.000000 0.000000 
8.834531 -1.856026 -0.179549 -16.156105 28.697796 0.000000 0.000000 
7.952133 -4.768438 -0.424416 -9.733879 32.390396 0.000000 0.000000 
8.464224 -3.590057 0.981430 -10.673776 27.882061 0.000000 0.000000 
8.576151 1.479837 -0.357826 -11.163002 26.064312 0.000000 0.000000 
7.962739 -5.162977 -0.280695 -9.553323 33.342781 0.000000 0.000000 
8.165954 -5.107171 -0.641181 -13.389267 25.391066 0.000000 0.000000 
7.990977 -5.417283 -0.564422 -10.143661 27.560215 0.000000 0.000000 
9.256702 -0.110309 -0.297190 -17.461105 26.099277 0.000000 0.000000 
8.642492 -4.230968 0.085249 -11.302032 32.262260 0.000000 0.000000 
8.735060 2.224357 -0.103946 -10.671678 27.571709 0.000000 0.000000 
8.948126 -3.428568 -0.281229 -15.614464 28.305923 0.000000 0.000000 
9.075197 1.233129 -0.207398 -16.898773 23.779930 0.000000 0.000000 
8.642557 2.524675 -0.269564 -21.963287 21.503555 0.000000 0.000000 
8.210526 -5.183343 -0.253803 -16.467484 28.370785 0.000000 0.000000 
7.939782 -5.649084 -0.472802 -12.094696 32.143532 0.000000 0.000000 
8.004371 -5.890260 0.090432 -13.902664 26.648346 0.000000 0.000000 
8.862947 2.558564 -0.161391 -15.858376 28.226212 0.000000 0.000000 
8.908155 2.524377 -0.284020 -11.105453 30.042061 0.000000 0.000000 
9.599304 -1.078869 -0.168215 -20.461937 23.600861 0.000000 0.000000 
8.737220 3.102613 0.142768 -12.916534 28.549461 0.000000 0.000000 
8.004310 -6.141895 -0.281613 -10.701591 28.311920 0.000000 0.000000 
8.506186 -5.367122 -0.505106 -14.881485 23.365078 0.000000 0.000000 
9.152476 2.528177 -0.362146 -19.618401 22.579388 0.000000 0.000000 
9.584905 1.203152 0.169949 -10.468933 28.372013 0.000000 0.000000 
9.704070 -2.436370 -0.086800 -16.669716 25.849358 0.000000 0.000000 
7.956304 -6.686152 -0.321585 -13.091637 28.487835 0.000000 0.000000 
8.199559 -6.391314 -0.472339 -19.457664 23.283102 0.000000 0.000000 
9.315390 -4.406256 -0.145409 -16.225327 22.171329 0.000000 0.000000 
8.963960 3.404379 0.169058 -22.004776 23.321295 0.000000 0.000000 
8.623240 -5.857956 -0.252052 -18.069801 22.888149 0.000000 0.000000 
8.327394 -6.398072 -0.439375 -12.837708 24.793976 0.000000 0.000000 
8.082028 -6.723207 -0.554502 -15.269539 25.368324 0.000000 0.000000 
7.741698 -7.155992 -0.416119 -11.765945 27.207987 0.000000 0.000000 
9.585202 -4.128355 0.339427 -15.651459 24.322384 0.000000 0.000000 
9.643689 -4.223871 0.641858 -18.342125 24.836636 0.000000 0.000000 
9.555519 -4.512768 0.083876 -13.977142 24.267548 0.000000 0.000000 
8.296901 -6.743180 -0.338603 -11.572205 27.360773 0.000000 0.000000 
9.835326 -4.466910 0.389007 -20.778175 22.228462 0.000000 0.000000 
8.373075 -7.038051 -0.048189 -11.522667 29.308609 0.000000 0.000000 
8.242244 -7.296254 0.285203 -12.925423 23.434877 0.000000 0.000000 
9.643470 -5.454782 0.605019 -18.472725 22.643433 0.000000 0.000000 
9.022195 -6.571639 -0.020130 -14.711349 22.471291 0.000000 0.000000 
9.651134 -5.830059 0.233212 -15.195580 20.851177 0.000000 0.000000 
9.672523 -5.826231 -0.091050 -20.228645 21.667255 0.000000 0.000000 
10.951529 -0.474381 -1.154616 -17.784698 23.846064 0.000000 0.000000 
8.158099 -8.330517 -0.020217 -15.067268 23.971870 0.000000 0.000000 
8.538726 -7.932107 -0.358725 -15.242928 22.740574 0.000000 0.000000 
9.282621 -7.010679 -0.016145 -13.749481 25.998772 0.000000 0.000000 
7.933033 -8.620140 -1.090852 -11.674927 26.265434 0.000000 0.000000 
8.493682 -8.100060 0.284888 -12.924828 26.299644 0.000000 0.000000 
7.845181 -8.794086 -0.171430 -8.228784 28.129032 0.000000 0.000000 
6.675474 -9.780853 -0.593266 -16.199516 22.645245 0.000000 0.000000 
7.909903 -8.899779 -0.449242 -9.102304 28.455070 0.000000 0.000000 
8.039380 -8.974898 -1.085344 -12.143654 24.034908 0.000000 0.000000 
9.281534 -7.645629 0.306381 -19.260025 20.628590 0.000000 0.000000 
9.297625 -8.097537 0.101233 -10.062637 28.549547 0.000000 0.000000 
8.609698 -8.907764 -0.189884 -14.263153 28.237951 0.000000 0.000000 
8.219271 -9.406827 -0.363248 -13.152634 22.044937 0.000000 0.000000 
9.098432 -8.644276 -0.148876 -12.582626 24.908884 0.000000 0.000000 
8.627008 -9.184316 0.544258 -10.749008 28.249895 0.000000 0.000000 
6.741979 -10.658272 -0.718166 -16.161781 23.535452 0.000000 0.000000 
9.149743 -8.731333 -0.337750 -16.253761 22.346092 0.000000 0.000000 
8.344050 -9.529301 -0.528310 -14.175743 25.075466 0.000000 0.000000 
12.291824 -0.647838 -1.200941 -16.431641 24.153339 0.000000 0.000000 
12.315300 -0.629816 -1.201503 -14.246803 24.101336 0.000000 0.000000 
12.394011 -0.693813 -1.411964 -18.474205 22.076077 0.000000 0.000000 
8.831723 -9.311401 1.734765 -17.193565 21.930069 0.000000 0.000000 
8.038410 -10.018056 -0.507946 -13.758850 23.331450 0.000000 0.000000 
9.193414 -9.122463 -0.474100 -13.648354 24.130768 0.000000 0.000000 
8.328553 -10.013137 -3.093329 -15.329315 21.684959 0.000000 0.000000 
8.091033 -10.285180 -0.748220 -12.041641 24.243427 0.000000 0.000000 
8.236320 -10.650982 -0.428446 -9.337074 28.297119 0.000000 0.000000 
8.166261 -10.770177 -0.454390 -13.989914 24.909309 0.000000 0.000000 
8.256303 -10.967263 -0.595496 -15.653526 21.090900 0.000000 0.000000 
8.085337 -11.237734 0.785023 -11.545456 25.268852 0.000000 0.000000 
7.956491 -11.353524 -0.055395 -6.652252 29.563625 0.000000 0.000000 
8.116184 -11.423443 -0.761774 -12.372162 24.334740 0.000000 0.000000 
7.990542 -11.750103 -0.735550 -15.614227 23.256588 0.000000 0.000000 
8.004377 -11.846281 0.010223 -13.767838 25.917835 0.000000 0.000000 
8.245604 -11.930480 -0.776810 -13.038513 25.133530 0.000000 0.000000 
-5.535825 -12.986892 -4.013906 -11.403915 29.242468 0.000000 0.000000 
7.889943 -13.026943 -0.126765 -15.131920 26.450718 0.000000 0.000000 
8.246017 -13.016059 -0.404398 -10.178474 26.440617 0.000000 0.000000 
14.898825 0.617404 2.899664 -8.652092 26.282043 0.000000 0.000000 
8.126884 -13.139565 0.468295 -18.966713 23.413927 0.000000 0.000000 
-6.223967 -13.458982 -5.992739 -7.931442 26.680820 0.000000 0.000000 
8.232013 -13.306902 -0.257584 -5.386719 31.879128 0.000000 0.000000 
9.502427 -12.674845 0.082991 -12.077728 25.992109 0.000000 0.000000 
-6.782705 -13.597795 -1.859496 -1.624290 29.061880 0.000000 0.000000 
7.502060 -14.226703 -0.396175 -0.517349 36.313091 0.000000 0.000000 
9.477346 -13.082807 0.345221 -8.789886 24.228514 0.000000 0.000000 
7.188369 -14.590625 -0.592907 -0.065514 33.914917 0.000000 0.000000 
10.215619 -12.695889 0.613995 -15.795158 21.119621 0.000000 0.000000 
7.985356 -14.245111 -0.208587 -7.067619 29.869940 0.000000 0.000000 
10.161057 -13.088136 0.075807 -8.425630 26.919430 0.000000 0.000000 
-7.290906 -14.261518 -1.453695 -1.162155 28.535259 0.000000 0.000000 
15.848391 3.089350 0.727662 -10.974168 23.543335 0.000000 0.000000 
16.440855 -2.866270 2.304481 -13.829842 23.977308 0.000000 0.000000 
9.349733 -14.315121 -0.189149 -12.571373 23.711742 0.000000 0.000000 
9.678539 -14.406924 0.290129 -7.622269 25.584892 0.000000 0.000000 
-6.974309 -15.388817 3.525662 -1.823433 29.251431 0.000000 0.000000 
16.514380 3.373773 0.557082 -11.805763 21.943604 0.000000 0.000000 
13.790728 -10.752658 3.193424 -11.393486 23.658634 0.000000 0.000000 
7.307906 -15.936543 -2.202599 -12.565262 23.056374 0.000000 0.000000 
7.221488 -16.446835 4.283759 -4.489021 29.731386 0.000000 0.000000 
7.416105 -16.620625 -0.342083 -6.244209 29.279819 0.000000 0.000000 
16.356567 -9.355308 0.672552 -12.112595 22.057644 0.000000 0.000000 
-6.511732 -17.191296 -5.472441 -8.653680 24.556959 0.000000 0.000000 
16.501604 -9.572735 1.492363 -4.423241 26.647991 0.000000 0.000000 
16.415333 -9.774686 1.429299 -6.096802 22.531738 0.000000 0.000000 
-0.132970 -19.333614 -0.461438 14.114272 43.910263 1.000000 0.000000 
-0.178453 -19.353783 -0.702892 13.619812 45.287712 1.000000 0.000000 
0.584866 -19.632622 -0.516882 7.490448 38.925713 1.000000 0.000000 
0.533750 -19.655907 -0.695880 8.994522 41.096401 1.000000 0.000000 
0.043922 -19.804989 -2.085212 -2.520111 32.366669 1.000000 0.000000 
-6.744198 -19.380623 6.711657 -9.076225 23.463585 0.000000 0.000000 
20.125971 3.446738 1.135150 -5.448616 24.430973 0.000000 0.000000 
0.384810 -21.004711 -0.128301 -7.951683 23.664295 1.000000 0.000000 
0.566098 -21.062744 0.292798 -9.625810 22.943256 1.000000 0.000000 
-6.525706 -19.979454 -2.038590 -7.546623 24.398138 0.000000 0.000000 
0.268804 -21.817158 -1.144351 -10.681793 20.294918 1.000000 0.000000 
21.599628 0.474901 2.100567 -5.753380 24.878338 0.000000 0.000000 
21.706524 0.883558 2.476251 -9.315019 23.113834 0.000000 0.000000 
21.984589 0.121029 3.482661 -10.488252 21.927299 0.000000 0.000000 
22.004116 -0.186334 3.223058 -7.527222 23.069489 0.000000 0.000000 
-7.070978 -21.003410 2.928722 -10.352487 19.770149 0.000000 0.000000 
22.002756 2.697291 0.755750 -5.877846 24.451252 0.000000 0.000000 
21.800276 -6.330148 0.602466 -2.092262 27.544825 0.000000 0.000000 
21.792934 -6.403043 1.546467 -2.676041 30.044443 0.000000 0.000000 
22.046331 -6.362236 1.856789 -3.291214 29.054049 0.000000 0.000000 
-6.640637 -22.196903 -2.090799 -0.008797 26.826708 0.000000 0.000000 
23.554060 -0.728190 0.111616 -9.647508 21.630135 0.000000 0.000000 
23.559313 -1.564088 0.101538 -2.579117 27.773869 0.000000 0.000000 
19.781799 -13.939865 4.775511 -10.722679 19.170013 0.000000 0.000000 
23.451445 -5.450509 0.759518 -13.411064 19.362553 0.000000 0.000000 
23.543060 -5.918336 0.761266 1.783669 30.344515 0.000000 0.000000 
23.639668 -5.557435 1.195172 4.955994 36.039890 0.000000 0.000000 
23.605734 -6.770036 1.561203 -7.886749 22.463634 0.000000 0.000000 
23.634825 -7.090014 0.702286 -4.944695 24.668831 0.000000 0.000000 
24.136206 -5.246101 1.152628 -10.336624 20.396313 0.000000 0.000000 
23.416006 -8.312563 0.729195 6.936897 35.937035 0.000000 0.000000 
21.690985 -12.725602 2.377952 -5.478195 21.647095 0.000000 0.000000 
23.589468 -9.701065 1.169463 -7.525429 21.284237 0.000000 0.000000 
23.550583 -9.947668 0.908026 -5.340378 19.924835 0.000000 0.000000 
23.519672 -10.684199 1.946082 -9.084901 20.965630 0.000000 0.000000 
23.402327 -11.532064 0.573959 -7.208092 18.808144 0.000000 0.000000 
23.514078 -11.769934 0.369542 -7.639404 18.784348 0.000000 0.000000 
23.587446 -11.816574 0.840564 -6.242447 21.055424 0.000000 0.000000 
-6.911336 -25.139084 -2.381720 -2.203255 23.063080 0.000000 0.000000 
23.484882 -13.022015 1.232480 -5.212181 22.365120 0.000000 0.000000 
23.466665 -13.900380 1.067852 17.220871 41.836899 0.000000 0.000000 
23.531872 -13.786100 1.026613 17.353371 44.000282 0.000000 0.000000 
23.478346 -14.354828 1.069106 0.288498 27.637110 0.000000 0.000000 
23.683525 -14.290307 1.258269 -2.481857 23.327343 0.000000 0.000000 
23.556862 -14.558319 0.897400 -1.948166 26.121056 0.000000 0.000000 
23.502110 -14.857183 0.984546 -3.122787 24.211197 0.000000 0.000000 
23.635250 -14.991067 1.481038 4.642815 30.786556 0.000000 0.000000 
23.460436 -15.440249 1.612995 -7.197037 20.296898 0.000000 0.000000 
23.581730 -15.275829 1.514610 5.466354 30.988537 0.000000 0.000000 
23.580791 -15.713098 0.849403 -6.869308 19.345951 0.000000 0.000000 
23.519514 -15.835263 0.288671 -5.300262 21.498169 0.000000 0.000000 
23.491848 -15.877972 0.757068 -5.872917 21.621967 0.000000 0.000000 
23.413679 -16.626659 1.015097 0.900467 27.996525 0.000000 0.000000 
23.627495 -16.659946 1.047447 1.355804 27.455673 0.000000 0.000000 
23.598072 -16.759470 1.051371 -5.021004 22.668995 0.000000 0.000000 
23.414207 -17.238518 0.717898 -7.306488 19.422760 0.000000 0.000000 
23.507952 -17.107380 0.984893 -7.405754 19.423679 0.000000 0.000000 
22.040970 -19.220821 1.226344 -8.782997 17.488369 0.000000 0.000000 
23.550985 -17.300739 1.393110 -8.429138 18.651669 0.000000 0.000000 
23.420797 -17.710415 0.668186 -1.399239 22.247406 0.000000 0.000000 
22.551575 -19.002476 5.966490 -10.026367 20.158810 0.000000 0.000000 
23.549427 -18.065926 1.157168 0.709892 26.292669 0.000000 0.000000 
23.396715 -18.404049 0.613352 -2.687607 24.230175 0.000000 0.000000 
9.633844 -28.288559 1.875466 -5.301216 22.552639 0.000000 0.000000 
23.488585 -19.210800 1.329816 -6.643463 17.695889 0.000000 0.000000 
9.005297 -28.941757 1.833395 -4.973969 20.434608 0.000000 0.000000 
9.084274 -28.949688 1.836047 -3.219353 29.972467 0.000000 0.000000 
27.311466 11.850180 0.699444 1.726189 27.219412 0.000000 0.000000 
8.892092 -29.243011 1.245681 -4.579231 28.684593 0.000000 0.000000 
27.502426 11.472146 0.401133 3.259415 29.433615 0.000000 0.000000 
9.719399 -29.405090 5.014583 -3.551178 22.363472 0.000000 0.000000 
9.484497 -29.832119 2.085432 -0.512848 26.729828 0.000000 0.000000 
28.177475 -13.992912 1.103636 -6.488892 18.236885 0.000000 0.000000 
28.216730 -14.263847 1.091608 5.858315 28.587875 0.000000 0.000000 
-7.521999 -31.406120 -1.046721 -7.713112 20.443188 0.000000 1.000000 
9.221614 -31.594772 7.233531 -2.153755 21.765690 0.000000 0.000000 
32.673496 3.804804 2.130787 -5.431358 18.753853 0.000000 0.000000 
21.986868 -26.099365 -6.311911 0.132835 23.168230 0.000000 0.000000 
32.469460 11.823673 1.236847 -2.692566 20.207081 0.000000 0.000000 
-7.087397 -34.432495 -1.763555 -2.305603 21.330376 0.000000 0.000000 
9.590067 -36.825783 -1.464887 0.463203 23.489922 0.000000 0.000000 
9.810548 -37.550880 4.032333 -4.436386 19.149727 0.000000 0.000000 
-7.210709 -37.839481 -2.735500 -0.557343 21.117367 0.000000 0.000000 
13.431082 -37.895199 4.316415 -3.101997 21.133560 0.000000 0.000000 
13.249942 -38.073528 3.791706 -5.151123 18.453087 0.000000 0.000000 
40.145786 4.501590 2.901927 -2.302170 18.643921 0.000000 0.000000 
41.666248 9.983093 2.664065 6.984421 27.373659 0.000000 0.000000 
-7.088105 -43.565067 -2.125173 -3.892883 18.188946 0.000000 0.000000 
-7.591914 -43.660164 -4.063453 0.854393 22.009102 0.000000 0.000000 
-7.058652 -49.957085 -0.814958 6.090492 23.752813 0.000000 0.000000 
-6.826330 -50.341335 6.918048 4.309944 21.698376 0.000000 1.000000 
56.439644 -0.780514 3.392462 -1.932854 17.324768 0.000000 0.000000 
56.438358 -1.571173 4.121649 2.554993 20.333214 0.000000 0.000000 
56.663227 -0.761125 6.158005 3.446907 21.822018 0.000000 0.000000 
-6.395794 -56.570278 3.338083 3.810249 20.198914 0.000000 0.000000 
56.853897 -0.729851 9.185053 7.102058 26.215097 0.000000 0.000000 
56.905220 -1.386852 8.648942 9.453278 27.733685 0.000000 0.000000 
-22.531546 -54.904739 4.088891 0.357330 15.393948 0.000000 0.000000 
56.646572 -21.750454 7.425931 4.435989 19.215668 0.000000 0.000000 
56.958473 -21.624821 3.475699 18.442062 33.364563 0.000000 0.000000 
57.084930 -21.505028 3.483402 16.377029 30.020035 0.000000 0.000000 
57.340572 -21.290218 5.961524 15.978844 31.197784 0.000000 0.000000 
57.232391 -21.715538 5.019457 19.112999 33.507950 0.000000 0.000000 
62.043056 0.853525 6.530342 8.457213 24.704731 0.000000 0.000000 
62.149170 0.678341 6.149677 15.520905 32.105461 0.000000 0.000000 
-6.970589 -62.278374 -1.352740 3.844604 18.642570 0.000000 0.000000 
-20.892147 -60.841854 3.659257 7.713898 20.285042 0.000000 0.000000 
56.961361 -32.995625 3.993298 17.680771 30.453823 0.000000 0.000000 
57.052162 -32.840897 3.064292 17.240257 30.207691 0.000000 0.000000 
56.809532 -33.532272 3.024592 9.431885 22.073158 0.000000 0.000000 
56.392941 -34.296238 3.081467 6.002068 20.893703 0.000000 0.000000 
56.800377 -33.929317 6.596719 7.208115 22.399582 0.000000 0.000000 
56.020897 -37.359749 1.532029 2.703018 16.381298 0.000000 0.000000 
56.954811 -37.598412 6.990754 5.424805 18.321709 0.000000 0.000000 
56.896778 -39.036842 6.279479 5.708908 18.801579 0.000000 0.000000 
22.990683 -65.066528 1.327002 9.509270 23.654165 0.000000 0.000000 
23.143959 -65.133835 0.604164 1.497284 15.351955 0.000000 0.000000 
23.334318 -65.075195 1.565434 9.238655 22.157955 0.000000 0.000000 
-7.600971 -69.035179 -7.323180 9.591103 22.196831 0.000000 0.000000 
-7.478759 -69.277367 6.632058 11.207253 21.281055 0.000000 0.000000 
57.160748 -40.374420 5.556644 26.241920 36.757759 0.000000 0.000000 
57.314857 -40.339478 5.134469 30.726051 40.159458 0.000000 0.000000 
-7.917550 -69.477997 2.573432 4.644577 16.212128 0.000000 0.000000 
56.366734 -43.781456 5.713401 12.634940 24.044746 0.000000 0.000000 
56.392033 -44.102345 6.658607 12.207176 23.355505 0.000000 0.000000 
56.818245 -46.168240 5.218759 7.490784 17.933014 0.000000 0.000000 
56.428528 -46.703579 4.941350 7.482819 21.088524 0.000000 0.000000 
56.051991 -47.786320 4.147563 6.856766 17.133442 0.000000 0.000000 
-7.141530 -74.749443 0.932834 5.421951 16.746452 0.000000 0.000000 
-7.230961 -74.840263 2.166100 4.731483 16.079823 0.000000 0.000000 
-7.173295 -75.092789 1.560635 9.172577 19.731274 0.000000 0.000000 
54.869144 -54.042961 0.934133 4.188530 16.791805 0.000000 0.000000 
55.545727 -53.389900 2.181164 14.569313 25.071938 0.000000 0.000000 
55.990746 -56.892506 0.744515 6.918587 17.143448 0.000000 0.000000 
57.539864 -56.969505 4.827145 20.052643 30.006884 0.000000 0.000000 
57.264408 -57.358521 5.036807 26.431450 34.780014 0.000000 0.000000 
80.984772 1.793175 9.182603 9.013771 20.664867 0.000000 0.000000 
80.984634 1.835042 9.504992 10.084343 20.492123 0.000000 0.000000 
57.146832 -58.214275 -3.863489 9.614769 19.629158 1.000000 0.000000 
-7.488916 -81.306808 -0.638071 4.756973 15.199768 0.000000 0.000000 
-7.915568 -81.514687 -0.916938 9.832863 19.724957 0.000000 0.000000 
-27.872622 -80.489914 1.569174 8.166374 17.170334 0.000000 0.000000 
-7.251007 -87.478806 2.137503 5.234718 14.654499 0.000000 0.000000 
57.684078 -67.088402 4.212762 22.323753 29.072321 0.000000 0.000000 
58.354156 -66.516129 4.780920 12.344269 19.089912 0.000000 0.000000 
57.006447 -67.708130 1.588550 6.369041 17.211689 0.000000 0.000000 
56.602058 -69.558487 6.243728 5.955711 13.530544 0.000000 0.000000 
56.027855 -70.920212 5.165712 9.071083 15.982716 0.000000 0.000000 
89.925926 -24.560936 4.385999 6.370651 15.244770 0.000000 0.000000 
57.216373 -74.653900 4.408731 16.516190 24.506161 0.000000 0.000000 
58.036346 -74.173088 6.441541 6.018356 16.620029 0.000000 0.000000 
56.804546 -77.682175 5.275050 14.434029 19.694485 0.000000 0.000000 
6.255561 -98.919220 -1.173689 7.294983 18.108955 0.000000 0.000000 
6.458997 -99.111320 -0.151718 9.960510 18.973103 0.000000 0.000000 
5.622662 -99.196068 3.023137 4.455711 14.084042 0.000000 0.000000 
7.976032 -99.386307 7.303962 7.112213 16.774784 0.000000 0.000000 
55.819950 -86.512093 5.048822 11.885109 18.690907 0.000000 0.000000 
9.532083 -102.415031 -4.356656 6.172707 14.338535 0.000000 0.000000 
55.954147 -86.696091 5.592042 17.186150 23.200230 0.000000 0.000000 
9.282768 -102.605736 -2.433172 9.380814 16.427048 0.000000 0.000000 
6.264038 -104.934532 -2.982617 15.697052 24.899166 0.000000 0.000000 
6.622416 -105.246857 0.033838 13.620627 23.485958 0.000000 0.000000 
55.807964 -90.256554 4.561969 3.532051 12.706242 0.000000 0.000000 
56.126648 -92.458267 4.238439 23.656624 28.638851 0.000000 0.000000 
56.093819 -92.484848 3.488124 22.469666 26.986275 0.000000 0.000000 
8.299914 -107.680847 3.450416 4.663963 13.112415 0.000000 0.000000 
56.272346 -92.781082 6.191501 11.499649 15.180992 0.000000 0.000000 
56.022678 -99.052330 4.857048 9.836060 13.548458 0.000000 0.000000 
7.322711 -114.796928 2.601418 5.584671 15.690762 0.000000 0.000000 
6.758313 -115.099220 3.571132 7.024399 15.397312 0.000000 0.000000 
7.989418 -117.568108 2.850329 6.179512 15.036697 0.000000 0.000000 
8.289814 -117.880058 2.700544 9.734749 16.469776 0.000000 0.000000 
7.009350 -118.347931 1.220518 3.410858 11.575916 0.000000 0.000000 
6.692228 -118.840500 -3.052391 4.060753 11.291119 0.000000 0.000000 
7.093782 -119.496674 -0.646037 11.704552 17.750401 0.000000 0.000000 
6.440009 -119.657715 -1.595287 13.738434 19.957840 0.000000 0.000000 
7.094661 -120.891510 1.431281 8.903633 15.261242 0.000000 0.000000 
6.328034 -124.842880 -0.291759 14.120238 19.680553 0.000000 0.000000 
7.964405 -127.342506 -0.132794 10.903174 15.552250 0.000000 0.000000 
7.553954 -127.515312 0.066446 18.978172 24.062231 0.000000 0.000000 
55.794308 -116.201263 2.685579 11.924438 16.250057 0.000000 0.000000 
7.366135 -128.653534 -1.111177 10.165558 15.766441 0.000000 0.000000 
7.129228 -129.038254 0.150836 15.644524 20.745556 0.000000 0.000000 
6.561338 -129.891907 -1.821207 16.732162 20.930168 0.000000 0.000000 
6.573305 -131.122253 -0.889723 11.435173 15.672165 0.000000 0.000000 
7.311951 -132.333252 -1.372341 17.033989 20.635914 0.000000 0.000000 
7.408083 -133.551361 -1.225660 16.174370 21.253277 0.000000 0.000000 
7.098720 -136.302628 -7.613950 11.323593 15.671730 0.000000 0.000000 
6.979923 -137.274124 -0.299394 14.942696 18.664642 0.000000 0.000000 
6.316905 -148.349411 -0.501471 13.052962 16.195168 0.000000 0.000000 
56.526981 -138.326569 5.341205 18.543808 18.877098 0.000000 0.000000 
56.600574 -148.482758 4.145939 28.951317 26.896830 0.000000 0.000000 
6.982911 -162.295883 -3.248046 19.447868 20.483303 0.000000 0.000000 
7.599033 -163.086487 -1.385902 13.893661 14.647560 0.000000 0.000000 
55.567158 -154.512878 4.269576 14.157996 12.833904 0.000000 0.000000 
55.712742 -160.160370 1.478697 25.609138 24.505966 0.000000 0.000000 
-23.407936 -204.286896 1.125983 23.559357 17.520878 0.000000 0.000000 
2.117630 9.295403 0.041641 -39.651436 12.622459 1.000000 1.000000 
2.424834 9.478119 -0.050809 -15.341640 33.559044 0.000000 0.000000 
2.290035 9.595263 0.038451 -24.088200 24.064495 0.000000 0.000000 
2.381382 9.611176 0.067216 -5.513718 42.858658 0.000000 0.000000 
2.452658 9.882488 0.027708 -8.630075 39.840427 0.000000 0.000000 
2.212044 10.087952 -0.081040 -32.325195 21.056072 0.000000 0.000000 
2.492928 10.290094 -0.050901 -16.731110 30.882933 0.000000 0.000000 
2.357653 10.451150 -0.113692 -22.728928 28.929703 0.000000 0.000000 
2.762548 10.464829 0.028606 -32.573280 17.304337 1.000000 1.000000 
2.438890 10.756344 -0.074903 -24.142349 26.692196 0.000000 0.000000 
2.397544 10.843683 -0.077006 -26.957344 25.074284 0.000000 0.000000 
2.390030 11.520920 -0.249356 -8.240707 33.156960 0.000000 0.000000 
2.420515 11.544657 -0.329907 -8.526268 35.343315 0.000000 0.000000 
2.295216 11.765250 -0.270206 -12.044044 37.211384 0.000000 0.000000 
2.408146 12.190188 0.011051 -17.589203 28.407185 0.000000 0.000000 
2.428813 12.820065 -0.088058 -2.377335 37.450825 0.000000 0.000000 
2.452998 13.063483 -0.104720 -4.314209 38.014290 0.000000 0.000000 
-1.835573 13.555852 0.152404 -29.409439 20.106976 1.000000 1.000000 
2.476698 13.482327 -0.169824 -8.613281 35.495647 0.000000 0.000000 
2.370939 13.640099 -0.271535 -8.438072 32.918983 0.000000 0.000000 
2.401478 14.030513 0.028069 -12.333412 31.238625 0.000000 0.000000 
2.565840 14.046217 -0.123489 -38.798004 7.558212 0.000000 0.000000 
2.417544 14.418828 -0.059301 -11.371346 29.763346 0.000000 0.000000 
2.440382 14.428129 -0.072456 2.077126 41.137886 0.000000 0.000000 
2.450529 14.846366 -0.124494 0.066612 38.541687 0.000000 0.000000 
2.612308 15.192633 -0.054088 -34.432312 7.646984 1.000000 1.000000 
2.483869 15.318979 -0.055906 -0.918999 35.955414 0.000000 0.000000 
2.449314 15.832585 -0.373208 -7.310356 31.673697 0.000000 0.000000 
2.400563 15.998072 0.045907 -2.312675 32.587906 0.000000 0.000000 
2.481962 16.158939 0.028497 -7.376312 30.592592 0.000000 0.000000 
2.432347 16.242912 0.018813 -7.931458 30.358145 0.000000 0.000000 
2.709482 16.437433 -0.160078 -34.011566 7.413696 1.000000 1.000000 
2.498972 16.619518 0.095469 -6.165977 33.989376 0.000000 0.000000 
2.409508 16.762390 -0.065948 -12.019554 33.007179 0.000000 0.000000 
2.398274 17.062462 -1.329708 -9.008728 33.124451 0.000000 0.000000 
-6.427672 15.749142 0.260408 -13.760544 22.566410 0.000000 0.000000 
2.583743 17.349487 0.033950 -13.346451 26.657082 0.000000 0.000000 
2.468688 17.473059 -0.086921 -0.432838 40.988182 0.000000 0.000000 
2.426884 17.589088 -0.170297 7.367393 44.782959 0.000000 0.000000 
-6.473062 16.260252 0.397055 -11.251022 24.085464 0.000000 0.000000 
2.773183 17.659843 -0.168777 -33.716751 7.503856 1.000000 1.000000 
2.552006 17.708385 0.402745 -23.444099 16.626450 1.000000 1.000000 
2.382826 17.944384 -0.218839 4.653786 44.449955 0.000000 0.000000 
2.318915 18.057549 -0.010922 -18.706985 20.013638 1.000000 1.000000 
2.537168 18.145741 -0.024288 -15.544571 23.102446 0.000000 0.000000 
2.413549 18.176830 -0.089803 -2.612938 33.380371 0.000000 0.000000 
2.389527 18.402943 -0.196800 -2.411552 32.487255 0.000000 0.000000 
2.383806 18.425264 -0.251568 3.357376 40.166798 0.000000 0.000000 
2.415470 18.818649 -0.085315 3.968651 36.908890 0.000000 0.000000 
2.268268 19.037540 -0.192199 -10.033601 23.700375 0.000000 0.000000 
2.520610 19.073652 0.045896 -23.850090 10.506580 1.000000 1.000000 
2.592390 19.086124 0.027520 -19.379890 12.480473 1.000000 1.000000 
2.450627 19.116335 -0.263197 5.362320 39.882706 0.000000 0.000000 
-7.006041 17.652763 -1.332138 -7.547440 21.067505 0.000000 1.000000 
2.422233 19.247841 -0.270460 1.626724 35.512222 0.000000 0.000000 
2.159078 19.391735 -0.100063 -33.091049 7.784427 1.000000 1.000000 
-6.448707 18.229662 0.206457 -17.281052 16.422432 0.000000 0.000000 
2.405203 19.682850 -0.161247 4.355461 37.989037 0.000000 0.000000 
-6.634095 18.614796 0.160498 -17.840141 17.976677 0.000000 0.000000 
2.421109 19.892729 -0.246495 -3.939568 35.393452 0.000000 0.000000 
2.503847 19.899155 -0.276800 -17.065651 17.139210 0.000000 0.000000 
2.715720 19.974276 -0.108463 -26.335243 7.709556 1.000000 1.000000 
2.412995 20.134565 -0.278066 -9.698036 32.201447 0.000000 0.000000 
2.336514 20.262053 7.077816 -20.682465 15.522125 0.000000 1.000000 
2.443614 20.342997 0.244117 -26.753799 11.104500 0.000000 0.000000 
2.739397 20.448000 -0.122929 -27.068558 8.610207 1.000000 1.000000 
2.388420 20.566933 0.140959 -1.466484 33.197285 0.000000 0.000000 
2.341506 20.679132 -0.233949 -5.659873 30.698181 0.000000 0.000000 
2.391782 20.688723 -0.189718 7.797585 39.417820 0.000000 0.000000 
2.403911 20.995880 -0.167725 4.917221 39.595722 0.000000 0.000000 
2.527656 21.218122 0.002689 -20.375626 14.966995 1.000000 1.000000 
2.388519 21.408096 -0.204925 1.466240 31.096067 0.000000 0.000000 
2.650324 21.743458 -0.076328 -24.301552 7.002563 1.000000 1.000000 
-6.272421 21.576122 0.143868 -15.750046 16.111362 0.000000 0.000000 
-6.412217 21.895214 0.243428 -12.739906 16.224178 0.000000 0.000000 
2.421658 23.504612 -0.059749 -10.498581 20.357414 0.000000 0.000000 
2.388307 23.881817 -0.776380 -6.714386 21.565159 0.000000 0.000000 
2.424856 24.048056 0.294447 0.047539 25.531109 0.000000 0.000000 
2.371295 24.185453 -1.694850 -8.138046 19.486240 0.000000 0.000000 
2.234458 24.264614 -1.126425 -19.748955 8.571423 0.000000 0.000000 
2.350094 24.320404 -0.530220 -6.064743 20.147423 0.000000 0.000000 
2.336047 24.382212 -0.262395 -19.641884 7.502941 0.000000 0.000000 
2.349395 24.595528 -0.324820 -21.150375 9.910645 1.000000 1.000000 
2.416312 24.712967 -0.074952 -5.332085 19.941772 0.000000 0.000000 
2.460576 24.840397 -0.214365 -4.043518 20.939297 0.000000 0.000000 
2.385345 24.923201 -0.183097 3.197372 26.722897 0.000000 0.000000 
2.456709 25.115128 -0.338747 4.864746 28.379448 0.000000 0.000000 
2.429415 25.304197 -0.335400 1.121735 25.587952 0.000000 0.000000 
2.486722 25.334848 -0.390776 4.160400 30.181150 0.000000 0.000000 
2.411983 25.361044 -0.196892 0.465073 22.322620 0.000000 0.000000 
2.392610 25.375965 -0.245680 -1.719162 22.851707 0.000000 0.000000 
2.342984 25.467499 -0.669090 -7.837280 18.187485 0.000000 0.000000 
2.514495 25.739294 -0.249731 -1.582886 24.311226 0.000000 0.000000 
2.419223 25.779758 -0.155813 1.726219 25.480377 0.000000 0.000000 
2.455543 25.789000 -0.190895 0.512932 26.405458 0.000000 0.000000 
-6.912958 24.921114 0.884439 -8.873375 17.169926 0.000000 0.000000 
2.191461 26.195330 -2.386387 -7.259017 23.748302 0.000000 0.000000 
-6.575296 25.342325 0.428227 -5.771652 20.992901 0.000000 0.000000 
2.430948 26.262983 -0.898737 -8.870163 22.931370 0.000000 0.000000 
7.606640 25.267954 -0.515358 -12.302879 12.250614 0.000000 1.000000 
2.521498 26.470991 -0.175744 -8.279153 16.768227 0.000000 0.000000 
2.458311 26.598120 -0.294251 -5.590309 21.803471 0.000000 0.000000 
2.255115 26.664494 -0.520311 -11.453651 18.752594 0.000000 0.000000 
2.457388 26.909132 -0.120607 -1.430977 21.374714 0.000000 0.000000 
16.727386 19.896286 -0.345347 3.613182 11.635372 0.000000 0.000000 
2.530384 26.974377 -0.742044 -11.040123 19.600708 0.000000 0.000000 
2.535423 27.088551 -0.023609 -5.098670 19.613804 0.000000 0.000000 
17.025898 19.861561 -0.740752 -5.814484 11.019463 0.000000 0.000000 
2.475503 27.292778 -0.207644 -4.192818 21.094486 0.000000 0.000000 
2.447162 27.296713 -0.151225 -4.392128 20.133423 0.000000 0.000000 
2.543566 27.513868 -0.450571 -5.778435 21.526443 0.000000 0.000000 
7.490505 26.584667 7.251359 -17.813179 12.895535 1.000000 1.000000 
2.359436 27.692003 -0.325254 -0.045288 24.563019 0.000000 0.000000 
2.554730 27.823116 -0.174648 -5.819054 21.631035 0.000000 0.000000 
2.283000 27.870655 -1.364814 -4.441811 20.072460 0.000000 0.000000 
2.462278 27.930820 0.128178 -4.882614 22.499878 0.000000 0.000000 
2.417518 27.959549 -0.313212 -2.577530 26.588934 0.000000 0.000000 
11.615712 25.310127 -0.375809 -5.886864 15.610111 0.000000 0.000000 
2.655658 28.229490 -0.211622 -6.982955 15.032639 0.000000 0.000000 
2.364846 28.281794 -0.318422 -2.301926 25.642193 0.000000 0.000000 
18.948847 19.489506 -0.572332 0.780716 11.787510 0.000000 0.000000 
2.387622 28.429798 -0.081419 -4.728638 23.147848 0.000000 0.000000 
2.326522 28.446072 -0.126340 2.330757 25.242390 0.000000 0.000000 
11.949048 25.523819 -0.182481 5.423706 22.620232 0.000000 0.000000 
2.439999 28.776382 -0.195831 -2.339287 23.931341 0.000000 0.000000 
19.259283 19.843439 -0.838300 -0.762062 11.860390 0.000000 0.000000 
11.943481 25.959818 -0.387790 6.149918 27.158504 0.000000 0.000000 
2.361737 28.927368 -0.078309 -2.437218 24.106304 0.000000 0.000000 
2.550979 29.101641 -0.365082 -1.865082 25.963785 0.000000 0.000000 
2.377552 29.222620 -0.627839 -1.049507 25.952032 0.000000 0.000000 
2.503112 29.219357 -0.528407 -4.263153 26.337238 0.000000 0.000000 
2.400336 29.391012 -0.407209 -3.088623 23.220675 0.000000 0.000000 
2.390421 29.411896 0.951953 0.465553 26.245438 0.000000 0.000000 
12.948226 26.047504 0.154918 -6.128899 14.684601 0.000000 0.000000 
2.392052 29.699352 -2.022346 -2.372292 25.931469 0.000000 0.000000 
2.373791 29.731102 -0.581012 -0.738823 25.737251 0.000000 0.000000 
14.915305 25.202772 0.036029 -6.446800 14.692497 0.000000 1.000000 
16.395674 24.343199 0.791295 -3.193329 16.902786 0.000000 1.000000 
2.454023 30.001715 -0.331907 4.039665 29.789183 0.000000 0.000000 
2.479799 30.124111 -0.298339 3.199135 31.652397 0.000000 0.000000 
2.460368 30.161903 -0.158569 1.540024 28.537703 0.000000 0.000000 
2.396637 30.170433 -0.188597 -0.149200 27.993689 0.000000 0.000000 
2.319481 30.269165 -0.585463 -19.318108 9.626423 1.000000 1.000000 
2.519369 30.373363 -0.323813 -19.297707 10.683918 1.000000 1.000000 
2.133783 30.697931 0.366430 -7.933624 22.371868 0.000000 0.000000 
2.428734 30.686323 -0.446952 -1.517403 25.843508 0.000000 0.000000 
2.418097 30.715006 -0.433660 -10.280969 27.356346 0.000000 0.000000 
2.317451 30.779163 -0.317140 -3.527573 21.428444 0.000000 0.000000 
2.423491 30.814554 -0.305928 14.316582 37.537407 0.000000 0.000000 
2.465014 30.889601 -0.262996 -3.492966 24.277996 0.000000 0.000000 
3.860871 30.782675 -0.436613 -10.011514 17.224155 1.000000 1.000000 
2.492528 30.997023 -0.195021 10.685225 34.174637 0.000000 0.000000 
2.463097 31.001316 -0.381244 10.208481 34.151730 0.000000 0.000000 
2.336442 31.267370 -0.658818 -20.822044 7.354133 1.000000 1.000000 
2.480407 31.316212 -0.220325 -17.017685 8.798443 0.000000 0.000000 
2.435567 31.319529 -0.531905 -17.189133 7.870647 1.000000 1.000000 
22.732775 19.610691 -0.372301 7.160530 11.746632 0.000000 0.000000 
2.369531 31.429541 -0.316944 6.606659 30.446188 0.000000 0.000000 
23.062431 19.142792 0.112085 1.130211 6.698993 0.000000 0.000000 
2.401651 31.432562 -0.336948 14.602524 38.563118 0.000000 0.000000 
22.462711 20.066645 -0.516145 6.253189 9.706982 0.000000 1.000000 
2.452078 31.488232 -0.305992 11.963707 35.579468 0.000000 0.000000 
2.425891 31.536427 -0.389781 17.818871 40.980495 0.000000 0.000000 
2.793997 31.518646 0.121995 -17.612221 10.393353 1.000000 1.000000 
2.495414 31.625437 -0.405621 -7.917610 17.771687 0.000000 0.000000 
2.433382 31.849743 -0.453146 11.895920 37.070023 0.000000 0.000000 
2.362523 31.877686 -0.557646 8.535544 35.841499 0.000000 0.000000 
2.481887 31.973410 -0.368546 -17.578468 7.566722 1.000000 1.000000 
2.506075 31.970308 -0.354396 -12.596748 12.428059 0.000000 0.000000 
2.488003 31.968971 -0.558256 5.527367 31.785204 0.000000 0.000000 
2.449411 31.985073 -0.540119 7.915604 32.536644 0.000000 0.000000 
2.726928 31.968584 -0.265489 -18.672180 6.791427 1.000000 1.000000 
2.402704 32.091286 -0.196553 -15.864151 10.488747 1.000000 1.000000 
2.560550 32.288624 -0.452076 6.362175 33.100719 0.000000 0.000000 
2.828846 32.414986 0.223375 -4.339165 24.322565 0.000000 0.000000 
0.208099 32.592255 -0.755058 -6.209694 23.349970 0.000000 0.000000 
0.440343 32.658562 -0.465428 -7.721466 24.741709 0.000000 0.000000 
3.484993 32.482964 -1.496845 -7.376884 21.354450 0.000000 0.000000 
5.000336 32.352032 0.024858 -7.620819 25.512859 0.000000 0.000000 
2.605200 32.692520 -0.244641 -15.897331 11.107540 1.000000 1.000000 
2.405415 32.793331 -0.474409 -1.978302 24.264286 0.000000 0.000000 
2.627742 32.824600 -0.338026 -4.671494 24.347404 0.000000 0.000000 
2.703671 32.837788 -0.097840 -5.539726 25.216194 0.000000 0.000000 
2.576701 32.880672 -0.285363 -24.472374 9.503826 1.000000 1.000000 
2.587289 32.881065 -0.510124 6.774864 31.924866 0.000000 0.000000 
2.613078 32.938927 -0.530508 -22.421326 8.772705 1.000000 1.000000 
2.503853 33.145699 -0.473174 -1.927071 29.382875 0.000000 0.000000 
2.208081 33.223106 -0.317157 0.367920 29.534142 0.000000 0.000000 
2.274463 33.230206 -0.374609 -5.898422 25.700674 0.000000 0.000000 
-0.372586 33.370655 -0.730498 5.290482 34.655224 0.000000 0.000000 
2.388895 33.602646 -0.564668 0.525330 26.720694 0.000000 0.000000 
-0.406303 33.930405 -0.755249 11.926064 37.956909 0.000000 0.000000 
2.371170 33.933449 -0.331019 -2.481773 21.848045 0.000000 0.000000 
-0.391140 34.098381 -0.768981 12.706665 40.023880 0.000000 0.000000 
2.312641 34.077477 -0.784699 5.840614 30.703331 0.000000 0.000000 
2.350454 34.470810 -0.642035 1.511681 29.652863 0.000000 0.000000 
2.322163 34.584679 -0.473151 -5.291939 21.019466 0.000000 0.000000 
2.320740 34.596680 -0.591548 -6.478966 22.513084 0.000000 0.000000 
2.503953 34.668457 0.129720 -21.765541 8.197933 1.000000 1.000000 
2.331378 34.759525 -0.582501 7.148590 32.499542 0.000000 0.000000 
2.365874 34.800529 -0.800882 0.776657 28.712776 0.000000 0.000000 
2.291475 34.901245 -0.420304 -0.969902 26.023815 0.000000 0.000000 
2.259620 34.917389 -0.488384 3.204483 30.899237 0.000000 0.000000 
2.328201 35.090256 0.026475 -0.519539 26.645817 0.000000 0.000000 
2.292305 35.139412 -2.235018 -23.751312 7.991722 1.000000 1.000000 
2.382874 35.208092 -0.587902 3.039894 30.601116 0.000000 0.000000 
2.425524 35.214294 -0.836086 0.584625 27.327421 0.000000 0.000000 
2.341103 35.347801 -0.329675 11.392204 38.585251 0.000000 0.000000 
2.358489 35.425529 -0.075687 14.285110 39.792061 0.000000 0.000000 
12.967835 32.778332 4.785944 -12.797836 11.940235 0.000000 0.000000 
2.382072 35.765228 0.028848 12.058867 35.725140 0.000000 0.000000 
2.415898 35.763988 -0.003125 7.002747 31.458120 0.000000 0.000000 
2.356851 35.849136 -0.307982 0.325333 25.952751 0.000000 0.000000 
2.390580 35.891491 -0.207146 -18.770172 7.164947 1.000000 1.000000 
2.895921 35.953091 -0.855123 -19.974319 8.104630 1.000000 1.000000 
2.362421 35.998928 -0.131400 4.666290 29.615040 0.000000 0.000000 
2.404771 36.164848 0.073231 -14.597580 10.837921 1.000000 1.000000 
2.387870 36.192501 -0.408770 0.719948 27.524900 0.000000 0.000000 
2.310801 36.200241 -0.416763 2.952843 29.864979 0.000000 0.000000 
2.585296 36.211758 -0.934355 -10.785577 20.158974 0.000000 0.000000 
2.350562 36.257607 -0.188755 -21.361343 7.825103 1.000000 1.000000 
2.315928 36.582588 -0.747214 -18.315140 8.813591 1.000000 1.000000 
2.332911 36.624393 -0.507078 1.269058 31.321762 0.000000 0.000000 
2.407408 36.629944 -0.607238 -0.962135 29.870014 0.000000 0.000000 
2.408916 36.650349 -0.125652 4.265343 28.617781 0.000000 0.000000 
2.559040 36.732174 0.021944 -14.262787 18.722412 0.000000 0.000000 
-19.752941 30.252817 5.319049 -11.139450 8.773438 0.000000 1.000000 
2.443050 36.808258 -0.270208 -25.643646 10.178154 1.000000 1.000000 
2.309341 36.880123 -0.206229 -16.924156 12.417767 1.000000 1.000000 
2.019570 36.985760 -0.219183 -5.262093 22.797264 0.000000 0.000000 
2.451714 36.966560 -0.400474 -24.384819 4.545284 1.000000 1.000000 
2.432428 36.966099 -0.092649 -23.175209 4.088420 1.000000 1.000000 
2.386998 37.292519 -0.259484 -27.342293 6.684349 1.000000 1.000000 
2.284961 37.355618 -0.423715 -19.723282 8.561447 1.000000 1.000000 
2.465698 37.424046 -0.470538 -7.210686 21.247826 0.000000 0.000000 
2.150616 37.506077 -0.520923 -4.084991 25.082306 0.000000 0.000000 
2.085965 37.522537 -0.084853 -2.178558 26.420595 0.000000 0.000000 
2.427401 37.572247 -0.475698 -4.568985 25.131647 0.000000 0.000000 
2.432651 37.743954 -0.374357 7.982880 33.024776 0.000000 0.000000 
2.445637 37.907143 -0.690425 -6.072884 23.288767 0.000000 0.000000 
2.366854 37.977520 -0.387335 1.447968 30.587378 0.000000 0.000000 
2.458321 38.258007 -0.510390 5.613655 34.630821 0.000000 0.000000 
2.486886 38.272175 -0.460257 8.251030 36.197121 0.000000 0.000000 
2.006193 38.331741 0.032631 -8.930772 16.001202 0.000000 0.000000 
2.538129 38.356682 -0.555166 0.580528 29.506567 0.000000 0.000000 
2.474046 38.365078 -0.735096 -8.177917 25.932480 0.000000 0.000000 
2.559779 38.447319 -0.425873 0.202919 27.075994 0.000000 0.000000 
2.599472 38.582943 0.279502 -24.305664 5.461086 1.000000 1.000000 
2.512675 38.686626 -0.021963 -7.419716 23.301886 0.000000 0.000000 
2.458513 38.722687 -0.291647 -2.669518 27.321894 0.000000 0.000000 
2.579856 38.720512 -0.144834 -10.053001 21.206581 0.000000 0.000000 
2.526468 39.011814 -0.446887 -1.056496 23.862352 0.000000 0.000000 
2.551895 39.013851 -0.292962 -20.287277 8.646645 1.000000 1.000000 
5.029825 38.840107 -0.125761 -14.553360 17.801228 0.000000 0.000000 
5.284638 38.856956 0.142822 -9.708717 19.875454 0.000000 0.000000 
9.125299 38.112350 4.087692 -11.032800 22.340996 0.000000 0.000000 
11.586430 37.481457 4.873804 -3.342430 21.519455 0.000000 0.000000 
2.830718 39.531124 -0.615635 -16.278595 15.485054 0.000000 0.000000 
6.345706 39.122574 4.875947 -11.943649 19.424030 0.000000 0.000000 
6.110699 39.192612 -4.136226 -12.299286 19.199379 0.000000 0.000000 
2.632339 39.647446 -0.314251 -19.600098 7.985023 0.000000 0.000000 
10.249581 38.487026 3.484731 -9.317468 19.961716 0.000000 0.000000 
5.762798 39.634567 3.252660 -14.413963 18.857098 0.000000 0.000000 
28.458965 26.334093 1.244601 6.762123 13.695877 0.000000 1.000000 
10.278726 38.664196 3.489599 -11.771271 20.095356 0.000000 0.000000 
28.573400 26.290411 -0.864795 4.677681 15.412952 0.000000 0.000000 
28.538280 26.369612 -0.891454 -0.704056 9.570946 0.000000 0.000000 
8.791903 39.144608 9.479752 -15.071289 18.714436 0.000000 0.000000 
16.036303 36.565094 -3.055430 -9.631082 17.159336 0.000000 0.000000 
5.876169 39.951813 5.331911 -9.059372 19.355782 0.000000 0.000000 
17.015406 36.227234 -2.265215 -6.301674 19.338299 0.000000 0.000000 
17.083939 36.265579 -1.083509 -5.555107 19.048649 0.000000 1.000000 
6.572384 39.897743 4.824912 -9.532524 19.080276 0.000000 0.000000 
6.964947 39.882320 5.456687 -10.000015 20.063965 0.000000 0.000000 
16.913481 36.608494 0.309018 -13.195290 13.213238 0.000000 0.000000 
29.150848 26.644651 -0.703376 -4.479088 6.758617 0.000000 0.000000 
-12.538984 38.835186 5.542291 -10.237840 20.370853 0.000000 1.000000 
5.791577 40.922447 5.219461 -15.130959 13.768166 0.000000 0.000000 
9.253953 40.526970 4.183802 -12.682457 17.507050 0.000000 0.000000 
9.429725 40.482441 3.441759 -13.676399 17.103855 0.000000 0.000000 
8.301195 41.051144 5.047534 -11.298051 19.021152 0.000000 0.000000 
-26.996677 30.817703 3.982807 -2.392822 11.541172 0.000000 1.000000 
6.933962 41.489799 -0.351902 -9.300279 16.441708 0.000000 0.000000 
9.444804 41.165977 5.827242 -12.377190 18.424603 0.000000 0.000000 
7.447909 41.660461 -4.384669 -8.080522 19.603985 0.000000 0.000000 
7.360735 41.815533 6.496632 -11.920982 16.528397 0.000000 0.000000 
6.878567 42.003662 2.082082 -3.144455 24.355602 0.000000 0.000000 
6.082998 42.188644 -9.403325 -15.045128 15.663391 0.000000 0.000000 
6.811354 42.144993 5.700178 -9.909059 19.312866 0.000000 0.000000 
10.199250 41.416683 5.396099 -13.723671 16.223640 0.000000 0.000000 
10.101450 41.612862 6.129469 -16.684898 14.602997 0.000000 0.000000 
6.509656 42.688332 8.498080 -19.111008 14.777344 0.000000 0.000000 
23.953030 35.132423 -2.386478 -2.240311 11.296551 0.000000 1.000000 
7.082972 42.754971 2.291301 -13.688896 11.993801 0.000000 0.000000 
9.032688 42.646408 4.844097 -13.595421 16.294994 0.000000 0.000000 
7.161047 43.098690 1.561780 -8.477113 22.395092 0.000000 0.000000 
7.256080 43.110546 2.053994 -9.038857 23.543911 0.000000 0.000000 
7.131053 43.259304 2.321975 3.819000 28.587334 0.000000 0.000000 
7.334372 43.258484 3.206753 1.600632 26.862680 0.000000 0.000000 
7.625155 43.245880 -5.208344 -8.476190 18.385281 0.000000 0.000000 
7.195519 43.404812 2.970596 2.807671 29.031374 0.000000 0.000000 
6.363328 43.572945 5.770878 -13.378212 13.719921 0.000000 0.000000 
7.169930 43.528172 4.242730 -8.542198 21.206982 0.000000 0.000000 
7.220392 43.526371 4.541568 -11.507019 19.742764 0.000000 0.000000 
-24.229025 36.502182 2.604069 -9.491014 12.470093 0.000000 0.000000 
12.669428 42.588543 0.172366 -15.266220 11.697174 0.000000 0.000000 
-21.993174 38.307514 2.635310 0.912903 18.243767 0.000000 0.000000 
-21.929190 38.470356 5.668231 -2.322464 14.142063 0.000000 0.000000 
4.489093 44.659355 -0.798138 -20.270996 14.246861 0.000000 0.000000 
12.492575 42.977036 0.449446 -13.113274 14.627296 0.000000 0.000000 
-22.194019 38.434162 2.338445 -4.023818 18.992329 0.000000 0.000000 
-22.023258 38.555767 2.630401 -4.335480 17.077774 0.000000 0.000000 
21.225080 39.079521 0.518150 -12.357361 7.999404 0.000000 0.000000 
12.901652 43.239941 1.368560 -14.776871 14.748356 0.000000 0.000000 
-21.821985 39.159122 4.826800 -3.642548 16.734581 0.000000 0.000000 
12.667486 43.556107 4.983007 -15.298477 12.565323 0.000000 0.000000 
5.982655 45.116783 2.186908 -13.501167 15.860828 0.000000 0.000000 
-22.048779 39.243153 4.170059 -12.186577 10.363979 0.000000 0.000000 
12.039673 43.783573 4.642368 -17.309380 10.189175 0.000000 0.000000 
6.089805 45.326550 -5.760506 -15.205772 16.018269 0.000000 0.000000 
12.531651 43.862633 -4.830796 -14.917435 14.498253 0.000000 0.000000 
-20.748610 40.426376 5.276258 -14.207603 11.782707 0.000000 0.000000 
7.583929 45.526894 2.794333 -11.687889 16.881020 0.000000 0.000000 
7.516883 45.595810 2.852514 -9.484863 16.899700 0.000000 0.000000 
5.924923 46.215744 6.211957 -11.772026 17.603962 0.000000 0.000000 
6.942454 46.069515 -4.212931 -12.389359 16.576481 0.000000 0.000000 
6.025664 46.233498 5.125242 -13.541298 16.640747 0.000000 0.000000 
21.797901 40.740013 0.483556 -2.004448 16.282303 0.000000 0.000000 
6.773064 46.298283 4.663072 -8.194618 19.122875 0.000000 0.000000 
6.792798 46.322369 4.604941 -11.372720 17.598637 0.000000 0.000000 
-6.806412 46.452656 2.031821 -13.490021 18.385895 0.000000 1.000000 
-14.643579 44.457333 0.502734 -9.246002 18.926319 0.000000 0.000000 
6.798785 46.540028 3.684322 -9.780777 21.672001 0.000000 0.000000 
7.008851 46.527645 3.625284 -7.519836 21.280804 0.000000 0.000000 
20.008793 42.791813 0.809524 -17.177521 9.438320 0.000000 0.000000 
6.855477 47.155331 1.070400 -5.048386 19.748108 0.000000 0.000000 
7.272834 47.205914 4.497105 -15.499611 12.549114 0.000000 0.000000 
6.883127 47.335743 1.879444 -13.851082 17.195129 0.000000 0.000000 
6.749051 47.474297 2.360843 -11.867142 17.543900 0.000000 0.000000 
-15.034351 45.636936 -0.534044 -15.111893 11.329491 0.000000 0.000000 
6.438328 47.906094 4.695662 -11.879189 17.725948 0.000000 0.000000 
38.329311 26.497843 0.560489 -2.004547 7.500850 0.000000 1.000000 
7.143122 47.942188 0.336093 -15.234589 13.300869 0.000000 0.000000 
6.470548 48.231709 6.614682 -18.284523 11.888443 0.000000 0.000000 
5.481709 48.468403 -0.030750 -18.533966 12.865311 0.000000 0.000000 
29.362085 37.936069 3.754903 -10.922868 7.998458 0.000000 0.000000 
4.226364 48.700890 -0.452526 -17.377396 12.059742 0.000000 0.000000 
4.247692 49.001976 -0.887859 -19.684395 12.506798 0.000000 0.000000 
4.859071 49.103214 -0.186079 -21.312119 9.764698 0.000000 0.000000 
7.607965 48.982327 0.700674 -22.321495 10.029182 0.000000 0.000000 
21.712822 44.730110 -3.156528 3.434212 23.013859 0.000000 0.000000 
21.609861 44.799633 -4.593650 -5.208168 18.996643 0.000000 0.000000 
7.692234 49.521706 0.687249 -20.493919 10.633629 0.000000 0.000000 
21.262249 44.995514 -2.464059 -7.904022 16.798687 0.000000 0.000000 
21.503197 44.875767 3.253515 -2.258049 19.890251 0.000000 0.000000 
8.022995 49.501148 6.139971 -18.307838 12.575119 0.000000 0.000000 
8.639119 49.656193 -0.450822 -17.370232 12.605289 0.000000 0.000000 
6.857196 50.152157 -0.344742 -20.851791 9.890278 0.000000 0.000000 
21.834362 45.500198 3.003805 -7.170837 15.758533 0.000000 1.000000 
-14.995708 48.420467 0.670980 -21.179718 9.990295 0.000000 1.000000 
28.267342 41.567085 0.198984 -11.472946 7.487335 0.000000 0.000000 
26.670444 42.723179 -0.571564 -12.237625 8.378281 0.000000 0.000000 
10.035528 50.333355 4.135257 -14.966690 11.984707 0.000000 0.000000 
6.227273 51.096565 7.569206 -16.807541 11.443867 0.000000 0.000000 
9.403428 50.875549 5.257917 -14.911629 12.191235 0.000000 0.000000 
16.671192 48.876705 2.063449 -10.451364 13.690792 0.000000 0.000000 
6.562788 51.836334 6.613384 -19.071228 12.418755 0.000000 0.000000 
16.351774 49.548214 1.515238 -15.576317 11.347313 0.000000 0.000000 
7.052425 51.891556 6.205918 -8.237161 14.769089 0.000000 0.000000 
6.949029 51.928577 -8.209219 -14.739159 14.504776 0.000000 0.000000 
7.640736 51.933643 5.285710 -20.588722 11.544113 0.000000 0.000000 
9.674258 51.752895 3.304075 -14.131187 13.498383 0.000000 0.000000 
8.892466 52.353291 3.617004 -9.238647 18.814342 0.000000 0.000000 
8.949383 52.655025 2.421121 -22.312614 6.673168 0.000000 0.000000 
9.991056 52.559971 4.246143 -8.817581 21.347099 0.000000 0.000000 
27.248867 45.451035 -1.251446 1.202614 20.052113 0.000000 0.000000 
9.603825 52.666027 2.957419 -9.982971 20.575714 0.000000 0.000000 
-29.607855 44.065731 2.797013 -5.710960 10.280842 0.000000 1.000000 
12.785225 52.185368 3.714207 -12.451920 13.690956 0.000000 0.000000 
23.981693 47.717701 -0.848919 -12.244347 10.094727 0.000000 0.000000 
27.734457 45.905006 -1.454672 -11.085876 9.663609 0.000000 0.000000 
10.155099 53.304192 3.167127 -17.809952 13.923149 0.000000 0.000000 
23.906530 48.309895 -1.251130 -16.392807 7.963043 0.000000 0.000000 
27.548897 46.325352 -2.382529 -9.641525 9.704052 0.000000 0.000000 
24.350880 48.334530 -0.513858 -7.537193 12.476097 0.000000 0.000000 
4.710149 54.399334 -0.142673 -15.309509 11.285717 0.000000 0.000000 
4.493809 54.507938 -0.144304 -18.463531 10.766949 0.000000 0.000000 
4.647732 54.555389 -0.339593 -21.112068 7.958072 0.000000 0.000000 
7.548077 54.597343 2.611572 -13.892319 13.561718 0.000000 0.000000 
4.603923 54.988125 -0.460786 -19.066200 10.172825 0.000000 0.000000 
7.857752 54.597870 2.810868 -14.819695 13.546906 0.000000 0.000000 
36.452950 40.190975 1.406707 -2.420799 7.717247 0.000000 0.000000 
8.274066 54.669666 2.748117 -9.835243 16.024868 0.000000 0.000000 
36.498611 40.162411 1.992417 -1.327744 11.457970 0.000000 0.000000 
36.717300 40.431393 1.234651 -0.753922 9.322487 0.000000 0.000000 
13.642862 53.872417 2.862167 -16.084846 12.099167 0.000000 0.000000 
8.591391 55.042179 -8.526289 -15.357193 14.626450 0.000000 0.000000 
31.649632 45.091949 1.708489 -11.432968 9.458794 0.000000 0.000000 
13.821781 54.263893 5.659491 -14.167931 14.013840 0.000000 0.000000 
13.723933 54.343555 1.034679 -13.822205 14.066883 0.000000 0.000000 
35.903984 42.221889 -3.211699 0.029083 12.444981 0.000000 0.000000 
32.412674 45.450779 1.489777 -1.036087 13.463448 0.000000 0.000000 
32.631180 45.300446 0.470060 -1.975349 12.437992 0.000000 0.000000 
33.469269 45.262623 -0.577070 2.057571 13.126640 0.000000 0.000000 
31.857336 46.668056 -0.666066 -11.127609 8.826576 0.000000 0.000000 
31.913250 46.793831 -0.535380 -10.793289 7.801509 0.000000 0.000000 
6.870608 57.161057 6.065515 -18.446175 11.625015 0.000000 0.000000 
7.034430 57.237602 6.861132 -15.031326 11.399765 0.000000 0.000000 
7.006064 57.411942 6.218804 -10.090820 14.355846 0.000000 0.000000 
7.331090 57.375389 6.021835 -10.232736 14.863178 0.000000 0.000000 
21.983225 53.580433 1.156390 -9.129570 15.230659 0.000000 0.000000 
32.510742 47.426983 -2.183979 -11.571388 7.158924 0.000000 0.000000 
7.101623 57.758968 6.573267 -7.556091 17.113003 0.000000 0.000000 
29.742905 49.538429 -4.270177 -14.162712 8.303368 0.000000 0.000000 
11.714103 57.327827 1.845176 -13.964577 13.814831 0.000000 0.000000 
7.581569 58.104450 7.612577 -18.327652 10.686489 0.000000 0.000000 
8.278818 58.151321 4.682787 -14.425278 14.647594 0.000000 0.000000 
8.017045 58.190708 4.795392 -10.380630 16.796364 0.000000 0.000000 
8.265025 58.179203 4.136435 -16.466789 11.418846 0.000000 0.000000 
33.392811 47.568134 3.798067 -11.813354 7.432548 0.000000 0.000000 
32.943249 48.174046 3.667475 -6.704575 9.200611 0.000000 0.000000 
33.941574 47.421524 5.839746 -7.490440 8.184128 0.000000 0.000000 
7.621930 58.617027 8.914978 -14.542412 12.698341 0.000000 0.000000 
8.048709 58.614540 -6.562203 -6.612740 18.143143 0.000000 0.000000 
8.158617 58.659409 4.069879 -14.445534 14.203339 0.000000 0.000000 
9.700313 58.499146 2.394990 -15.191849 14.403030 0.000000 0.000000 
32.673069 48.792625 5.096997 -4.400253 9.505829 0.000000 0.000000 
7.786591 58.964695 3.377154 -19.917213 12.120304 0.000000 0.000000 
7.178349 59.150166 6.248476 -13.734268 14.847519 0.000000 0.000000 
32.446705 49.305050 2.903704 -8.663757 10.031620 0.000000 0.000000 
33.457260 48.583916 5.630142 -7.797691 7.778110 0.000000 0.000000 
8.124257 59.309223 3.022050 -15.221466 8.748951 0.000000 0.000000 
8.320391 59.321712 -8.352703 -18.710167 11.425705 0.000000 0.000000 
7.587512 59.565449 3.868167 -10.499748 16.169621 0.000000 0.000000 
8.377707 59.486858 4.271805 -6.164467 18.595352 0.000000 0.000000 
25.570402 54.022076 1.252791 -14.206253 9.132832 0.000000 0.000000 
8.408952 59.540596 4.952532 -9.327354 16.417629 0.000000 0.000000 
7.390244 59.859226 -8.876288 -10.009918 15.203430 0.000000 0.000000 
7.518852 59.983585 -7.475488 -11.855652 14.470730 0.000000 0.000000 
7.931276 59.956764 -7.222086 -9.922723 16.026653 0.000000 0.000000 
32.449841 50.302616 -2.119755 -7.863616 9.521648 0.000000 0.000000 
7.973269 60.257702 3.565249 -19.425179 10.057354 0.000000 0.000000 
9.135421 60.112179 4.101233 -11.048593 14.173035 0.000000 0.000000 
9.146875 60.153484 10.024804 -15.958351 12.971825 0.000000 0.000000 
10.030784 60.009274 4.280213 -18.741508 14.100658 0.000000 0.000000 
9.460339 60.870026 5.024140 -18.683334 11.075394 0.000000 0.000000 
9.448126 60.935596 2.955555 -13.955170 13.334137 0.000000 0.000000 
32.121552 52.073589 -4.794408 -9.729652 9.446487 0.000000 0.000000 
-45.474045 39.807045 1.433071 -0.768303 4.861896 0.000000 0.000000 
29.206829 53.990181 -0.856086 -9.509613 8.121933 0.000000 0.000000 
29.340284 53.995304 -0.789294 -12.623116 7.415447 0.000000 0.000000 
8.651789 61.522423 2.165492 -12.086578 13.212185 0.000000 0.000000 
27.483356 55.462284 0.999094 -18.182259 6.904602 0.000000 0.000000 
34.503063 51.057545 -0.121470 -14.741707 5.143459 0.000000 0.000000 
7.462307 62.089012 4.200851 -15.825386 12.501282 0.000000 0.000000 
8.670306 62.114414 5.203521 -19.022606 10.085712 0.000000 0.000000 
7.483418 62.583393 4.925954 -19.841225 10.295918 0.000000 0.000000 
8.446017 62.522194 6.614825 -14.868317 13.198456 0.000000 0.000000 
7.537658 62.729931 4.844074 -14.013420 12.293663 0.000000 0.000000 
30.144079 55.101967 -1.334064 0.086014 15.739563 0.000000 0.000000 
21.398693 59.433708 2.440266 -13.324219 11.994541 0.000000 0.000000 
13.024730 62.080891 4.168252 -15.727325 13.664566 0.000000 0.000000 
29.981697 55.478207 -2.648941 -9.924310 9.252892 0.000000 0.000000 
30.518280 55.261749 -2.254483 -9.887321 10.689587 0.000000 0.000000 
29.950562 55.794605 -2.278247 -9.298692 10.082401 0.000000 0.000000 
29.597866 56.026474 -1.203118 -16.487083 5.714607 0.000000 0.000000 
30.317556 55.860943 -0.853474 -12.915916 8.189854 0.000000 0.000000 
26.040298 58.135067 0.340955 -14.125275 9.017570 0.000000 0.000000 
9.138759 63.616665 6.436558 -16.713104 13.605164 0.000000 0.000000 
31.578205 55.468021 -0.780776 -10.724937 8.378990 0.000000 0.000000 
7.829204 64.162788 -8.604572 -7.666840 15.368740 0.000000 0.000000 
7.860081 64.253471 -8.694160 -4.453712 17.067379 0.000000 0.000000 
7.851946 64.672478 4.647947 -10.215034 14.062649 0.000000 0.000000 
7.796606 64.736023 -2.434270 -9.967422 16.176716 0.000000 0.000000 
6.761065 64.867386 1.741585 -8.185121 17.802246 0.000000 0.000000 
7.362400 64.906311 -4.926672 -6.053940 19.448166 0.000000 0.000000 
7.060912 65.091736 -5.288349 -5.181198 19.694672 0.000000 0.000000 
7.575639 65.097725 3.142011 -9.022340 16.966850 0.000000 0.000000 
7.486982 65.123352 4.080711 -4.668556 19.543648 0.000000 0.000000 
7.876048 65.134537 3.866670 -3.104614 19.927807 0.000000 0.000000 
8.534566 65.081497 3.308627 -10.306007 16.677677 0.000000 0.000000 
-27.604521 59.205257 -11.569578 -11.232063 14.848301 0.000000 0.000000 
8.829851 65.452621 3.327578 -13.005379 16.019928 0.000000 1.000000 
7.303262 65.684525 6.812282 -10.456184 19.706394 0.000000 0.000000 
7.246696 65.888428 3.832045 -0.825180 22.479080 0.000000 0.000000 
6.728951 65.993248 4.139200 1.383698 24.250698 0.000000 0.000000 
30.542963 58.552574 -1.536858 -7.573540 9.117439 0.000000 0.000000 
7.050650 66.127937 -6.518965 -7.678932 18.795044 0.000000 0.000000 
6.090797 66.254318 3.873895 -11.421524 19.096394 0.000000 0.000000 
31.640474 58.090118 -1.352073 -17.277901 5.629711 0.000000 0.000000 
30.173944 58.932060 1.356459 -12.949394 9.241955 0.000000 0.000000 
6.746517 66.431808 3.592838 -21.464333 8.983944 0.000000 0.000000 
5.954939 66.559418 3.473453 -7.549072 17.939255 0.000000 0.000000 
6.196173 66.651794 4.821349 -7.258858 16.621189 0.000000 0.000000 
6.675036 66.611107 8.609296 -5.965347 19.799191 0.000000 0.000000 
5.772182 66.711945 -0.282648 -14.944939 15.395817 0.000000 0.000000 
-25.104849 61.951714 -7.183325 -14.784531 11.646313 0.000000 0.000000 
6.771296 66.846191 3.759204 -9.607965 17.316185 0.000000 0.000000 
6.618333 66.934067 3.216881 -11.541809 14.365444 0.000000 0.000000 
6.672024 67.321030 4.129075 -4.551758 17.291805 0.000000 0.000000 
31.871841 59.131840 -1.016198 -12.156464 8.518021 0.000000 0.000000 
6.978943 67.468399 4.011981 -12.814095 14.237782 0.000000 0.000000 
8.203957 67.645889 4.838226 -15.831787 12.256680 0.000000 0.000000 
7.787806 67.777267 0.461050 -14.332825 13.880924 0.000000 0.000000 
6.354448 68.011505 3.158445 -11.061264 14.219833 0.000000 0.000000 
7.404723 68.257553 3.045751 -8.944177 16.727352 0.000000 0.000000 
8.025429 68.195702 -4.599475 -9.997270 16.417206 0.000000 0.000000 
31.789354 60.615387 -2.009409 -4.005638 11.043640 0.000000 0.000000 
7.605169 68.647217 -4.474998 -9.470993 18.452873 0.000000 0.000000 
7.028126 68.766678 3.536170 -7.140427 19.712425 0.000000 0.000000 
7.583789 68.812355 10.046245 -9.564415 17.863541 0.000000 0.000000 
6.849457 69.082649 -5.495688 -5.762329 18.971046 0.000000 0.000000 
7.980410 69.066566 4.142943 -5.069084 20.496540 0.000000 0.000000 
7.334103 69.154846 -8.474816 -12.582245 16.190029 0.000000 0.000000 
6.181375 69.620445 8.750578 -8.085876 18.804405 0.000000 0.000000 
6.543878 69.614426 4.356593 -7.481895 19.149872 0.000000 0.000000 
6.452262 69.663689 9.531339 -6.312644 17.865379 0.000000 0.000000 
6.531392 69.671440 10.662109 3.239326 24.995216 0.000000 0.000000 
5.752922 69.776321 -6.033442 -8.829782 18.640099 0.000000 0.000000 
7.243070 69.749641 0.835008 -16.360298 10.366688 0.000000 0.000000 
5.864496 69.985603 10.050786 -7.475815 16.608124 0.000000 0.000000 
7.442288 69.885727 10.861582 -6.968300 16.256176 0.000000 0.000000 
29.974459 63.178593 -4.747499 -13.780968 7.882778 0.000000 0.000000 
6.368876 70.184906 5.454041 -7.325310 19.660934 0.000000 0.000000 
32.320370 62.176456 -0.176068 -17.401726 4.283721 0.000000 0.000000 
6.291670 70.542656 4.482776 -6.773056 15.845123 0.000000 0.000000 
7.355550 70.444954 4.962824 -10.797357 17.689995 0.000000 0.000000 
5.410240 70.668373 4.850258 -7.408600 18.821560 0.000000 0.000000 
7.371099 70.613075 7.365522 -3.972099 18.282410 0.000000 0.000000 
5.280834 70.846451 5.894728 -6.029572 18.217350 0.000000 0.000000 
5.231774 70.854027 5.170609 -6.491333 18.313450 0.000000 0.000000 
6.570786 70.868301 5.181126 -8.259164 16.237080 0.000000 0.000000 
7.093279 70.919762 5.855943 -3.829468 20.752499 0.000000 0.000000 
5.802250 71.152649 5.262688 -15.438148 13.045044 0.000000 0.000000 
31.854849 63.663322 3.797571 -13.092422 8.258678 0.000000 1.000000 
6.270152 71.383095 7.579198 -10.112320 14.650948 0.000000 0.000000 
5.956449 71.467163 -7.710883 -1.240913 21.185860 0.000000 0.000000 
7.887992 71.285530 7.010837 -2.711891 19.025356 0.000000 0.000000 
6.474099 71.478271 5.988397 -1.278664 20.073975 0.000000 0.000000 
5.733892 71.903008 6.267245 -4.929634 18.895000 0.000000 0.000000 
8.322517 71.786804 8.673764 -7.432129 13.943588 0.000000 0.000000 
-6.833356 72.141312 -0.844511 1.254852 22.566017 0.000000 0.000000 
-6.786964 72.205597 -0.807041 0.239059 21.649277 0.000000 0.000000 
6.394508 72.271980 6.540021 -5.504653 17.111591 0.000000 0.000000 
-6.889547 72.371857 -0.880486 -1.607681 19.845463 0.000000 0.000000 
-6.946248 72.400505 -0.864953 -2.519844 20.436615 0.000000 0.000000 
-7.000976 72.621689 -1.008070 -7.422516 15.631027 0.000000 0.000000 
-6.953753 72.665474 -0.767234 -3.681610 19.731133 0.000000 0.000000 
-7.041025 72.769897 -1.199983 -12.734726 13.102055 0.000000 0.000000 
-7.018307 72.775703 -1.135716 -13.491768 11.636909 0.000000 0.000000 
5.401647 73.001892 5.647087 -8.785249 16.025654 0.000000 0.000000 
6.384219 73.122391 -4.278263 -10.976944 15.274380 0.000000 0.000000 
7.265100 73.071136 -7.549792 -8.519914 17.641449 0.000000 0.000000 
6.461416 73.343643 -1.369975 -12.156242 12.168880 0.000000 0.000000 
-6.828519 73.501122 -0.887964 -3.828857 16.346363 0.000000 0.000000 
6.220137 73.602631 7.192264 -14.894722 13.781319 0.000000 0.000000 
56.480263 45.302536 4.310385 1.968468 8.437824 0.000000 1.000000 
-6.864118 73.656891 2.109839 4.813728 26.105942 0.000000 0.000000 
-6.918371 73.772011 2.438521 0.415703 20.752495 0.000000 0.000000 
-6.980106 74.046227 2.801659 -5.464607 18.300137 0.000000 0.000000 
-7.081419 74.072533 2.183599 -5.871307 15.361446 0.000000 0.000000 
-6.889236 74.215134 1.892814 8.276718 27.813768 0.000000 0.000000 
-6.915236 74.263451 1.988419 7.309258 26.686953 0.000000 0.000000 
-6.932317 74.372978 2.140654 10.213089 30.945330 0.000000 0.000000 
-6.779966 74.421814 1.715345 0.967987 23.546209 0.000000 0.000000 
-7.057471 74.422241 2.008139 -12.234901 13.217224 0.000000 0.000000 
-6.874878 74.651566 1.685793 -13.447563 10.166367 0.000000 0.000000 
30.535473 68.092072 0.874361 -11.095024 7.466487 0.000000 0.000000 
48.962547 55.559959 9.312127 -0.729889 12.422844 1.000000 0.000000 
-6.366069 75.220741 -4.313912 -11.790352 11.464222 0.000000 0.000000 
-6.029583 75.349800 2.932521 -13.769531 12.999157 0.000000 0.000000 
18.732500 73.509598 0.425287 -13.746391 9.414391 0.000000 0.000000 
18.939999 73.473869 0.849813 -12.568726 9.276512 0.000000 0.000000 
22.266159 72.642456 -4.868156 -8.418251 14.182167 0.000000 0.000000 
-10.155985 75.558250 -0.229107 -12.896439 11.858120 0.000000 0.000000 
22.628572 72.662941 -4.195525 -12.183784 11.915684 0.000000 0.000000 
-6.893544 75.991066 2.874357 -20.276573 5.118301 0.000000 0.000000 
22.170492 72.940620 -4.914198 -8.098924 15.067768 0.000000 0.000000 
31.028517 70.094872 -4.871670 -12.968102 8.135647 0.000000 0.000000 
31.161633 70.208580 -5.738461 -6.365501 10.842827 0.000000 0.000000 
6.381086 77.076324 -0.293948 -16.816002 7.686321 0.000000 0.000000 
-18.633808 75.348167 -1.934161 -11.664955 10.969711 0.000000 0.000000 
44.628250 63.331402 -5.051737 -2.886963 10.906570 0.000000 0.000000 
44.697296 63.296314 -3.675042 -5.747040 8.322857 0.000000 0.000000 
45.357410 62.910786 2.985676 -5.033623 7.958889 0.000000 0.000000 
6.820882 78.156433 1.575656 -17.503418 5.158786 0.000000 0.000000 
31.797205 71.423691 2.849276 -12.561058 5.553939 0.000000 0.000000 
6.795382 78.303795 0.971437 -4.318314 14.355179 0.000000 0.000000 
6.971440 78.294823 1.389131 -8.216638 12.380753 0.000000 0.000000 
-61.962692 45.696884 0.256099 4.962494 9.885082 1.000000 1.000000 
6.919452 78.315948 1.785484 -2.830544 16.290077 0.000000 0.000000 
44.320477 64.091125 2.449464 -0.175064 12.566143 0.000000 0.000000 
8.337574 78.216362 2.025944 -10.878372 14.923801 0.000000 0.000000 
44.449299 64.054253 -5.213040 -1.473267 12.832760 0.000000 0.000000 
6.742236 78.758789 1.514697 -9.201669 15.290947 0.000000 0.000000 
44.363132 64.581802 -4.646780 -4.223885 9.215561 0.000000 0.000000 
6.801793 78.763527 1.449355 -5.315773 15.508484 0.000000 0.000000 
44.414852 64.564194 3.633525 2.170815 12.792816 0.000000 0.000000 
45.215076 63.975838 -4.590919 -1.399857 10.623569 0.000000 0.000000 
-11.314303 78.493538 0.512072 -11.111772 11.769939 0.000000 0.000000 
44.482273 64.915588 -3.702977 0.348969 11.185028 0.000000 0.000000 
-11.500608 78.531044 0.044923 -11.075729 11.939777 0.000000 0.000000 
-11.434383 78.617096 0.947881 -11.232727 10.886070 0.000000 0.000000 
43.979053 65.392990 2.845487 4.019577 15.034397 0.000000 0.000000 
47.561893 62.712090 1.086414 6.455429 14.189796 0.000000 0.000000 
47.055607 63.164009 2.679000 -1.507141 11.953110 0.000000 0.000000 
47.008999 63.281391 -4.567518 1.003601 14.063400 0.000000 0.000000 
47.241871 63.143158 -4.046229 1.248512 14.534855 0.000000 0.000000 
6.990700 79.419998 1.063968 -20.598091 3.720417 0.000000 0.000000 
-5.841961 79.569481 -0.972109 -4.626602 14.896164 0.000000 0.000000 
-5.781506 79.575279 -1.278771 -4.979706 15.261463 0.000000 0.000000 
-19.416140 77.314484 1.267086 -11.712914 7.446468 1.000000 1.000000 
47.985207 62.855213 -6.420784 6.753822 13.860359 0.000000 0.000000 
-5.849501 79.710907 -1.159222 -6.274460 15.741798 0.000000 0.000000 
46.457157 64.113785 -5.433662 3.414734 13.141525 0.000000 0.000000 
48.096371 62.825745 -5.189352 4.966019 13.523205 0.000000 0.000000 
-5.439332 79.765755 -0.755590 -8.720413 14.590424 0.000000 0.000000 
47.249680 63.596947 3.299543 2.528076 13.048882 0.000000 0.000000 
-18.956453 77.666779 2.201935 -12.381485 10.775135 1.000000 1.000000 
-6.474217 79.890930 -0.775883 -0.701836 17.617817 0.000000 0.000000 
47.171227 63.916191 -5.178730 -1.887604 14.253571 0.000000 0.000000 
-6.349745 79.994232 0.329142 -10.253311 11.555626 0.000000 0.000000 
-6.619325 80.033981 -1.206416 -8.919281 12.753277 0.000000 0.000000 
-6.554997 80.084076 -0.698797 -3.867867 16.150417 0.000000 0.000000 
3.401129 80.300407 4.405804 11.147263 31.513674 0.000000 0.000000 
46.637512 64.525909 1.325321 -1.393768 11.107941 0.000000 0.000000 
48.915867 62.732578 -2.898757 4.297340 14.426197 0.000000 0.000000 
-7.001261 80.093414 -0.465499 -9.542381 13.469959 0.000000 0.000000 
-6.192112 80.531776 0.050247 -16.270378 7.095794 0.000000 0.000000 
-7.525988 80.412834 -1.957080 -13.459305 12.489536 0.000000 0.000000 
-6.427178 80.534241 -0.720748 -6.703079 16.496384 0.000000 0.000000 
3.330058 80.940041 5.065164 -0.897087 21.559452 0.000000 0.000000 
-6.886368 80.722092 -0.945824 -14.954979 8.323761 0.000000 0.000000 
32.812489 73.712997 0.441761 -8.792436 9.736340 0.000000 0.000000 
45.946609 66.230240 4.018394 -0.253036 9.530140 0.000000 0.000000 
48.544773 64.239182 1.822232 -3.444389 5.045696 0.000000 0.000000 
43.942600 67.736450 3.353811 -4.050491 10.458481 0.000000 0.000000 
-7.038350 81.138321 -1.124935 -19.236115 5.019683 0.000000 0.000000 
0.692633 81.573685 4.582292 -10.349298 9.675488 0.000000 0.000000 
3.225420 81.542389 4.573522 9.951416 28.664871 0.000000 0.000000 
3.550936 81.584900 4.880897 20.995384 39.288773 0.000000 0.000000 
0.156058 81.670853 5.422293 14.543686 34.118717 0.000000 0.000000 
48.362728 64.853592 -3.181057 4.545120 10.708771 0.000000 0.000000 
49.242817 64.228035 -0.928176 3.201302 8.456963 0.000000 0.000000 
48.920547 64.882492 -5.067208 2.962227 11.714340 0.000000 0.000000 
49.035053 64.823486 1.627954 -2.041641 8.986382 0.000000 0.000000 
51.547523 62.850197 3.921794 1.736496 11.853195 0.000000 0.000000 
0.385895 82.341042 5.792367 2.633636 23.301369 0.000000 0.000000 
50.434376 64.148750 -4.988571 1.956497 10.406498 0.000000 0.000000 
50.538517 64.176849 4.303941 2.704849 13.079784 0.000000 0.000000 
-32.896862 75.377800 -0.994189 -11.325073 12.464264 0.000000 0.000000 
6.379995 82.433701 -6.432511 -12.716057 12.963467 0.000000 0.000000 
48.972664 65.839989 1.382818 -4.933006 6.280551 0.000000 0.000000 
47.821655 66.777969 4.419116 -4.710312 12.833553 0.000000 0.000000 
5.845260 82.956207 4.406514 -3.698181 17.652924 0.000000 0.000000 
51.049465 64.628815 2.866394 4.938744 14.988308 0.000000 0.000000 
51.897285 63.966778 -3.942393 15.447731 20.283466 0.000000 0.000000 
-5.445503 83.108261 -0.341666 -6.559196 14.813175 0.000000 0.000000 
53.153023 62.952396 2.251128 9.423927 13.561436 0.000000 0.000000 
50.848022 65.023438 2.042727 3.072517 14.294971 0.000000 0.000000 
50.450035 65.356331 2.642227 5.711548 16.110886 0.000000 0.000000 
50.774734 65.211975 3.288526 4.627045 12.887268 0.000000 0.000000 
50.512264 65.452065 -6.160684 3.789001 14.536110 0.000000 0.000000 
8.861135 83.305466 3.519186 -7.467575 15.308060 0.000000 0.000000 
6.548129 83.557877 3.799110 -4.803062 17.797504 0.000000 0.000000 
52.603630 64.109451 1.980757 3.455498 15.118629 0.000000 0.000000 
39.062943 73.756004 3.248663 -5.139534 9.528473 0.000000 0.000000 
51.557884 65.219902 3.560553 4.571083 13.632057 0.000000 0.000000 
54.765709 62.388470 -5.409624 7.318443 12.625950 0.000000 0.000000 
51.935059 64.974258 2.077375 0.712044 11.749199 0.000000 0.000000 
53.265987 63.897820 -5.882584 -4.336830 9.227127 0.000000 0.000000 
-6.944373 83.965553 5.437063 -7.679901 15.524307 0.000000 0.000000 
53.178917 64.283836 3.276857 5.314484 11.665417 0.000000 0.000000 
53.665466 63.864449 -2.632336 1.621864 9.651108 0.000000 0.000000 
52.074944 65.396088 -5.300358 1.538048 9.373287 0.000000 0.000000 
6.548848 84.288017 -4.142039 -11.672562 11.839207 0.000000 0.000000 
-5.890865 84.398666 3.432670 -2.399033 16.604630 0.000000 0.000000 
-23.236616 81.203995 -7.672012 -4.543571 14.480618 0.000000 0.000000 
-6.082761 84.400696 5.268681 -9.745750 15.200813 0.000000 0.000000 
53.276852 64.784821 -5.189079 -1.550140 7.365940 0.000000 0.000000 
55.282120 62.968105 1.425317 -2.851440 3.742191 0.000000 0.000000 
53.974861 64.195549 5.069916 -0.597641 7.915016 0.000000 0.000000 
-8.198771 84.403015 2.590670 -6.446396 20.575768 0.000000 0.000000 
-20.401657 82.294838 -5.393266 -10.158691 12.928463 0.000000 0.000000 
-5.703467 84.704117 2.114646 -11.938019 13.304482 0.000000 0.000000 
54.409637 63.934483 -6.071786 3.870300 8.633381 0.000000 0.000000 
55.138248 63.370731 1.454896 -0.292885 5.414173 0.000000 0.000000 
-9.237646 84.585335 -7.336297 -4.928108 19.285343 0.000000 0.000000 
-6.690716 85.206993 -6.619179 -5.537231 18.901272 0.000000 0.000000 
55.640175 63.701687 1.606779 -1.056595 7.334781 0.000000 0.000000 
-5.520969 85.401154 10.774282 -1.214531 19.668697 0.000000 0.000000 
-6.388558 85.362976 5.581333 -5.586952 19.028683 0.000000 0.000000 
55.593082 63.858704 -6.215403 -0.805916 7.546699 0.000000 0.000000 
-8.351691 85.421165 4.348231 -0.459282 18.196743 0.000000 0.000000 
-8.727901 85.419167 5.070927 -1.408264 18.826645 0.000000 0.000000 
-8.499815 85.492546 -8.398268 -7.742058 18.656822 0.000000 0.000000 
-7.339098 85.659134 5.792587 3.266068 23.151863 0.000000 0.000000 
56.119106 63.842468 -4.292105 -0.067245 6.592567 0.000000 0.000000 
55.623055 64.437912 3.687992 3.618797 11.367306 0.000000 0.000000 
-6.253092 85.888618 7.879815 -6.048988 15.848492 0.000000 0.000000 
-6.611014 85.885246 5.717983 -6.898399 16.214268 0.000000 0.000000 
55.777096 64.616287 0.783021 7.375130 10.889626 0.000000 0.000000 
55.975426 64.463158 3.539919 1.400246 6.672470 0.000000 0.000000 
-7.654054 86.033241 6.495999 -8.312730 19.011852 0.000000 0.000000 
-6.677142 86.134491 5.957090 -9.649948 15.759750 0.000000 0.000000 
-7.811927 86.037849 4.390594 0.198952 20.293240 0.000000 0.000000 
-5.048991 86.489799 -4.606650 -9.566772 14.954437 0.000000 0.000000 
-7.712402 86.465523 6.175812 -2.655655 19.380188 0.000000 0.000000 
-18.114727 84.862541 14.269758 -6.438904 17.688732 0.000000 0.000000 
46.969086 72.306740 2.702004 -0.350739 11.446285 0.000000 0.000000 
-5.359663 86.876526 3.374825 -4.313271 21.432217 0.000000 0.000000 
-8.447225 86.686813 4.068239 2.134369 23.642826 0.000000 0.000000 
57.301529 64.310120 -5.173029 3.681938 10.514503 0.000000 0.000000 
-6.219248 86.944069 0.761055 1.968727 21.799904 0.000000 0.000000 
-6.148662 86.949982 1.657677 -1.491692 20.058193 0.000000 0.000000 
57.012012 64.608475 -1.003225 -6.462563 3.447464 0.000000 0.000000 
57.645828 64.099701 0.997272 -4.285065 4.457786 0.000000 0.000000 
-8.005290 86.911423 -9.277564 -1.913071 19.591305 0.000000 0.000000 
57.423359 64.385788 3.451704 7.172890 11.157398 0.000000 0.000000 
57.244827 64.562820 -4.833982 -0.828873 7.160995 0.000000 0.000000 
58.056557 63.825020 -7.124897 -0.494522 5.782577 0.000000 0.000000 
-5.691505 87.374458 -10.304972 -6.347649 16.686222 0.000000 0.000000 
-21.461929 84.792900 7.908963 -2.836807 15.779156 0.000000 0.000000 
-7.294549 87.376427 4.946041 -8.883424 17.248093 0.000000 0.000000 
-9.233137 87.325508 3.734031 -4.101662 17.038857 0.000000 0.000000 
-8.635005 87.461502 2.909585 -12.658173 14.694321 0.000000 0.000000 
57.259399 65.478241 -6.062595 -3.875900 3.672077 0.000000 0.000000 
7.671580 87.784988 3.284448 -0.228836 20.459984 0.000000 0.000000 
-21.571898 85.355049 -10.447927 -4.098197 17.187115 0.000000 0.000000 
-22.265833 85.318497 10.601755 -2.742516 14.919186 0.000000 0.000000 
60.822262 62.672382 4.771135 3.200859 9.651485 0.000000 0.000000 
-5.890954 88.297897 6.526473 -3.883095 15.832287 0.000000 0.000000 
-23.374105 85.268944 1.034489 -9.552406 13.687168 0.000000 0.000000 
60.347805 63.345684 1.771738 -0.369400 6.762260 0.000000 0.000000 
-22.346075 85.680336 10.552712 6.875740 23.613588 0.000000 0.000000 
-5.631368 88.500885 7.824481 -11.380775 10.402527 0.000000 0.000000 
-22.458744 85.834305 1.756148 -4.487968 13.379025 0.000000 0.000000 
-5.938796 88.645241 -1.000803 -14.836281 9.758148 0.000000 0.000000 
43.410919 76.923378 2.666562 3.654060 16.200848 0.000000 0.000000 
-22.554661 85.883209 10.238083 -0.107315 14.218304 0.000000 0.000000 
-22.312382 86.026924 10.654663 7.418625 24.302082 0.000000 0.000000 
-22.015686 86.118706 10.467219 6.275475 22.591026 0.000000 0.000000 
59.477928 64.938530 2.028411 -0.617844 5.635673 0.000000 0.000000 
60.465660 64.039963 2.701001 -1.487350 5.300605 0.000000 0.000000 
6.559376 88.980804 2.043303 -10.949928 12.190502 0.000000 0.000000 
5.987074 89.260567 -7.537204 -10.900140 11.856049 0.000000 0.000000 
9.537701 89.238892 3.009999 -12.791138 9.693062 0.000000 0.000000 
-6.265267 89.540802 -12.827611 -15.285316 11.077473 0.000000 0.000000 
6.657148 89.570755 4.519248 -8.816049 12.178207 0.000000 0.000000 
-5.869417 89.861282 -1.144429 -1.290527 18.843498 0.000000 0.000000 
-6.009574 89.886360 -0.650919 -3.803298 12.367599 0.000000 0.000000 
44.081974 78.027023 2.888553 9.473129 20.332668 0.000000 0.000000 
7.885089 89.843948 0.876183 -17.975159 4.689617 1.000000 1.000000 
-6.801417 89.971222 -2.173578 -16.272919 8.435669 0.000000 0.000000 
-5.884887 90.074120 -1.006085 5.581673 22.152428 0.000000 0.000000 
-5.876358 90.074890 -1.107803 10.987854 27.326296 0.000000 0.000000 
43.897968 78.388466 -3.738998 -0.728065 10.484509 0.000000 0.000000 
-5.922095 90.484085 -1.170657 -4.434334 13.599426 0.000000 0.000000 
-5.875886 90.528641 -0.842767 -4.227013 12.659046 0.000000 0.000000 
-5.936865 90.529854 -1.081826 5.427628 23.044451 0.000000 0.000000 
-5.932737 90.531891 -1.129629 12.088272 29.994434 0.000000 0.000000 
-5.555444 90.574104 -2.244237 -17.932411 5.872940 1.000000 1.000000 
-5.995423 90.548775 1.103493 -7.176460 13.146049 0.000000 0.000000 
-5.384593 90.621719 -0.846190 -15.034973 6.611156 0.000000 0.000000 
7.662068 90.732964 -2.590450 -15.152756 9.262058 0.000000 0.000000 
-22.455549 88.461792 2.784196 -9.039787 9.609245 0.000000 0.000000 
-6.053149 91.348953 -1.177296 5.952942 22.479328 0.000000 0.000000 
-8.926810 91.158478 2.804562 -9.098747 13.104553 0.000000 0.000000 
-8.751458 91.210655 2.655580 -4.503891 14.902020 0.000000 0.000000 
7.946158 91.313988 1.007355 -6.047462 14.316414 0.000000 0.000000 
7.495307 91.387825 1.122812 -6.168472 14.032719 0.000000 0.000000 
7.818603 91.677032 0.693603 -10.375381 13.053581 0.000000 0.000000 
-6.378138 92.143631 -5.760190 -15.972069 9.403618 0.000000 0.000000 
44.101280 80.809189 4.103487 -4.674553 10.731770 0.000000 0.000000 
43.661659 81.200577 3.570961 0.340286 13.890972 0.000000 0.000000 
-7.151519 92.460907 3.962079 3.128517 18.952328 0.000000 0.000000 
-7.105062 92.520454 -5.678943 2.860397 19.647453 0.000000 0.000000 
-7.171436 92.569939 2.182964 -2.304489 18.958920 0.000000 0.000000 
-6.976237 92.717003 -6.278790 -2.377182 19.782539 0.000000 0.000000 
-6.983234 92.736496 -6.595033 -0.815483 17.304302 0.000000 0.000000 
-7.417385 92.878349 -5.400122 3.648720 20.509655 0.000000 0.000000 
-6.148407 93.021904 3.671748 -4.596825 15.243397 0.000000 0.000000 
-21.202326 90.748894 5.042284 -9.371582 14.258461 0.000000 0.000000 
-7.208551 93.008827 -6.141456 4.723145 22.398506 0.000000 0.000000 
-22.328905 90.508705 5.090028 -12.233406 10.833733 0.000000 0.000000 
6.647164 93.092606 2.229398 -5.587357 15.247902 0.000000 0.000000 
43.033066 82.336906 3.292037 1.908455 16.818748 0.000000 0.000000 
43.984653 81.844032 3.350644 -2.481155 12.589439 0.000000 0.000000 
-49.956497 78.254066 5.689423 -5.540413 6.164630 0.000000 0.000000 
-4.840175 93.460289 3.094113 -10.976350 12.297680 0.000000 0.000000 
44.260212 81.990448 -4.844289 0.358818 13.768276 0.000000 0.000000 
43.997017 82.188629 -5.311155 1.944138 16.126240 0.000000 0.000000 
-21.085838 91.274147 -15.103397 -8.176910 11.729130 0.000000 0.000000 
-23.487768 90.809235 6.620678 -8.518936 13.474636 0.000000 0.000000 
-7.469693 93.850388 2.816332 -6.924088 13.450493 0.000000 0.000000 
6.887794 94.043823 -0.694661 -12.366806 8.225193 0.000000 0.000000 
6.749308 94.208061 3.329790 -19.137741 3.875213 1.000000 1.000000 
6.742739 94.272148 1.597052 -12.803101 9.971710 0.000000 0.000000 
-7.048970 94.285439 -1.863361 -9.703270 12.332405 0.000000 0.000000 
5.677404 94.448708 -9.573932 -8.247476 14.281727 0.000000 0.000000 
6.275187 94.423904 5.051357 -8.803909 10.731171 0.000000 0.000000 
-32.265518 88.763382 13.534229 -9.168808 9.380043 0.000000 0.000000 
43.282513 84.084824 2.024577 0.304169 13.736538 0.000000 0.000000 
43.401573 84.016304 3.995602 -4.259354 9.137501 0.000000 0.000000 
43.603828 83.967888 -8.868721 3.240166 14.524860 0.000000 0.000000 
-6.555728 95.070557 2.028246 -20.424919 3.540611 0.000000 0.000000 
5.570060 95.137024 6.885504 -12.338593 8.249432 0.000000 0.000000 
-25.941257 91.633858 5.615458 -15.975151 7.047317 0.000000 0.000000 
43.228394 84.532578 3.774902 -1.285454 13.137100 0.000000 0.000000 
8.464137 95.057732 3.393838 -8.102333 12.122055 0.000000 0.000000 
7.816118 95.187973 -5.519595 -7.047028 13.790913 0.000000 0.000000 
7.914679 95.185654 1.442906 -2.550827 16.286663 0.000000 0.000000 
44.423775 84.119392 3.485614 2.027412 16.476521 0.000000 0.000000 
6.996643 95.402756 3.849096 -7.706978 11.462517 0.000000 0.000000 
-26.455429 92.052658 6.761201 -8.789772 12.107922 0.000000 0.000000 
43.728012 84.996948 2.594357 -7.821838 6.328174 0.000000 0.000000 
7.279232 95.966286 -8.271566 -6.224129 11.400127 0.000000 0.000000 
-26.988947 92.219940 7.302650 -12.221962 9.025303 0.000000 0.000000 
44.712982 84.708473 1.818355 -8.446298 7.599128 0.000000 0.000000 
-26.320578 92.429291 7.457415 -6.641457 12.235695 0.000000 0.000000 
44.030304 85.292603 3.779845 -4.339294 10.353966 0.000000 0.000000 
43.568203 85.591843 3.544174 -2.764946 12.331600 0.000000 0.000000 
-8.960337 96.127182 2.917674 -15.627602 7.891284 0.000000 0.000000 
-26.317272 92.745102 6.179631 -7.572319 13.475468 0.000000 0.000000 
43.826862 85.569107 3.450678 0.426430 14.360146 0.000000 0.000000 
44.313465 85.442505 -6.549382 -4.879402 11.521870 0.000000 0.000000 
-26.016422 93.105568 8.360369 -2.714912 15.283070 0.000000 0.000000 
45.231606 85.198608 3.315264 -6.532211 10.898640 0.000000 0.000000 
43.738285 86.062820 3.983193 -6.198639 9.245815 0.000000 0.000000 
7.030864 96.851936 2.245564 -15.278587 6.433307 0.000000 0.000000 
7.981177 96.990150 3.190411 -11.227386 9.617393 0.000000 0.000000 
-26.580917 93.699478 8.016817 -7.852943 11.513664 0.000000 0.000000 
5.564131 97.430016 -0.429133 -14.670021 8.915535 0.000000 0.000000 
-27.043976 93.720261 2.761993 -7.320305 11.941395 0.000000 0.000000 
8.617826 97.365967 2.427446 -13.475220 7.106300 0.000000 0.000000 
8.084241 97.569672 0.740478 -12.611359 8.613739 0.000000 0.000000 
-27.024666 93.972755 0.526790 -13.535553 8.141762 0.000000 0.000000 
-7.707899 97.665672 3.789639 -18.013313 7.616481 0.000000 0.000000 
-59.054935 77.143219 1.002338 -5.660683 3.583236 0.000000 1.000000 
-49.175667 84.214432 5.890243 -5.522865 7.705253 0.000000 0.000000 
8.047856 97.861969 1.743223 -18.553764 6.286666 0.000000 0.000000 
6.999986 98.259163 0.137460 -12.436325 10.349930 0.000000 0.000000 
7.326948 98.413406 1.438849 -3.900597 14.957268 0.000000 0.000000 
6.737676 98.533638 3.247451 2.018532 19.420380 0.000000 0.000000 
7.251669 98.687294 1.478152 -1.949684 16.709084 0.000000 0.000000 
7.027119 98.975105 4.742086 -0.112610 17.223919 0.000000 0.000000 
44.370457 88.308113 -6.343529 -5.912933 7.174339 0.000000 0.000000 
7.329591 98.996185 1.658837 -15.484253 4.855091 0.000000 0.000000 
7.018561 99.018448 2.753956 0.053162 16.554195 0.000000 0.000000 
7.465619 99.178925 10.084645 -6.181664 12.561554 0.000000 0.000000 
37.186878 92.038460 1.224966 -12.678131 6.307472 0.000000 0.000000 
6.912012 99.556435 -11.767427 -9.150566 12.952908 0.000000 0.000000 
44.399815 89.141708 2.815058 -11.339340 4.163967 0.000000 0.000000 
6.902714 99.785759 3.978466 -2.788925 15.203800 0.000000 0.000000 
-7.268270 99.863815 6.418298 -11.041435 9.792076 0.000000 0.000000 
5.496167 100.028595 4.981217 -2.970200 14.181156 0.000000 0.000000 
-6.353108 100.027313 -11.140987 -3.092422 14.083134 0.000000 0.000000 
4.050093 100.225204 2.313533 -12.670822 9.856812 0.000000 0.000000 
4.046721 100.381813 4.117723 -12.306084 9.281487 0.000000 0.000000 
5.304423 100.321388 4.134535 -11.405258 9.050480 0.000000 0.000000 
44.214741 89.801346 5.063675 -1.683014 9.188225 0.000000 0.000000 
5.397869 100.497284 -9.264459 -7.025864 11.681805 0.000000 0.000000 
44.650120 89.789146 3.063440 4.088203 16.075279 0.000000 0.000000 
5.233575 100.560600 -7.895278 -8.211877 11.701763 0.000000 0.000000 
-35.575836 94.109108 13.907872 -12.180733 7.821159 0.000000 0.000000 
5.772683 100.972015 3.847425 -10.953828 10.618580 0.000000 0.000000 
7.183853 100.919525 -6.902739 -9.128357 10.423424 0.000000 0.000000 
5.439832 101.266975 8.145262 -10.276071 8.892986 0.000000 0.000000 
3.690157 101.468803 3.897609 -12.412773 11.315258 0.000000 0.000000 
4.176076 101.622551 3.939812 -8.608804 13.523209 0.000000 0.000000 
5.284977 101.650368 4.235458 -4.944321 13.123436 0.000000 0.000000 
9.071927 101.523483 -6.039790 -13.908669 10.259056 0.000000 0.000000 
45.133427 91.077393 -6.867471 -1.938011 11.902824 0.000000 0.000000 
23.357639 99.476608 2.629683 -10.556520 10.930893 0.000000 1.000000 
5.922421 102.113144 3.100013 -6.551468 13.712261 0.000000 0.000000 
5.572099 102.143944 3.218113 -6.462746 12.211346 0.000000 0.000000 
44.076572 91.881310 -6.106298 -7.928307 9.809090 0.000000 1.000000 
5.454946 102.233185 3.154977 -9.545860 10.685905 0.000000 0.000000 
-6.192995 102.249153 -1.552162 -5.280441 12.568760 0.000000 0.000000 
5.932300 102.328773 3.427229 -4.973876 13.064220 0.000000 0.000000 
-6.054992 102.521461 -1.468326 -5.552650 12.713322 0.000000 0.000000 
5.323594 102.766273 3.011977 -7.774971 11.193787 0.000000 0.000000 
5.954636 102.769775 3.222306 -10.074768 8.585499 0.000000 0.000000 
5.911957 103.118942 -6.843103 0.845551 18.599602 0.000000 0.000000 
6.117217 103.132561 3.658515 -0.060890 18.524296 0.000000 0.000000 
6.079832 103.149384 -7.178597 -1.019440 17.371582 0.000000 0.000000 
-5.908910 103.317726 -3.136082 -4.372887 14.738739 0.000000 0.000000 
6.188358 103.477570 3.827366 -4.836143 13.032005 0.000000 0.000000 
5.903475 103.648209 4.126095 -13.423012 5.788398 0.000000 0.000000 
6.888326 103.677399 -7.873499 0.974144 18.498211 0.000000 0.000000 
6.164800 103.842110 -7.557865 -4.188019 14.245949 0.000000 0.000000 
7.064076 103.877670 -7.810907 -2.368774 17.714256 0.000000 0.000000 
7.755257 103.945595 -8.032804 -11.000070 8.397903 0.000000 0.000000 
7.220783 103.993576 -10.770324 -13.158691 9.942307 0.000000 0.000000 
-6.108533 104.082382 -2.394746 -7.204933 12.129704 0.000000 0.000000 
6.997272 104.221100 5.419791 -8.960266 10.421326 0.000000 0.000000 
-6.526495 104.370201 -2.329329 -1.889709 17.916656 0.000000 0.000000 
5.940038 104.602844 -7.798954 1.326279 19.731510 0.000000 0.000000 
7.274647 104.635231 3.833804 -15.568115 4.308303 1.000000 1.000000 
5.969735 104.765999 -8.577417 1.392731 17.577057 0.000000 0.000000 
-21.686371 102.660049 7.312041 -11.833267 11.314838 0.000000 0.000000 
-20.644943 103.135483 8.252673 -10.723062 7.587825 0.000000 0.000000 
6.021263 105.118469 3.934658 -2.407021 16.345352 0.000000 0.000000 
6.154332 105.139435 2.150155 -5.090721 14.616562 0.000000 0.000000 
6.195152 105.238342 -7.427734 -1.851074 15.740932 0.000000 0.000000 
82.211082 63.726604 -0.499166 6.262932 5.293426 1.000000 1.000000 
6.769502 105.727310 2.673201 -10.763130 8.319168 0.000000 0.000000 
6.172229 106.012100 -8.568690 -1.016800 13.619701 0.000000 0.000000 
6.875106 106.071770 -6.588727 -9.317719 11.191982 0.000000 0.000000 
-7.171550 107.100128 -1.848752 -7.705002 9.347824 0.000000 0.000000 
7.116535 107.161530 4.016345 -12.871284 6.097175 0.000000 0.000000 
-6.764879 107.332344 -1.147147 -8.483949 9.980370 0.000000 0.000000 
-5.346638 107.441200 8.349289 -8.411157 9.587589 0.000000 0.000000 
-7.047089 107.346497 -2.320610 -9.186485 10.564644 0.000000 0.000000 
-5.463654 107.478302 8.370898 -13.368454 5.944263 0.000000 0.000000 
-13.483251 106.793343 3.945746 -10.398834 7.272659 1.000000 1.000000 
5.929645 107.628441 3.381686 -8.416612 9.652302 0.000000 0.000000 
-4.624393 107.825294 -2.309012 -13.873291 6.928249 0.000000 0.000000 
6.042596 107.829567 3.969050 -4.321770 11.322369 0.000000 0.000000 
6.677685 108.102631 2.351403 -15.513763 4.737018 0.000000 0.000000 
-6.990427 108.119141 -1.493148 -13.966980 5.435386 0.000000 0.000000 
8.009859 108.105957 3.993768 -8.692903 8.839802 0.000000 0.000000 
-6.805460 108.228920 -4.997556 -12.552132 6.635505 0.000000 0.000000 
7.424460 108.244400 2.875085 -4.869453 11.260014 0.000000 0.000000 
7.905221 108.485664 3.420832 -14.655205 5.565639 0.000000 0.000000 
-6.506680 108.685295 7.137688 -3.087646 11.514641 0.000000 0.000000 
-14.171323 108.193848 -6.468437 -1.370117 15.159943 0.000000 0.000000 
-13.779907 108.321266 -6.536101 -10.303894 13.059719 0.000000 0.000000 
-13.838201 108.313652 -7.108261 -3.473595 15.036884 0.000000 0.000000 
-13.844726 108.336510 4.309131 -1.444611 15.633556 0.000000 0.000000 
-14.202416 108.311806 2.920319 -3.031364 14.499912 0.000000 0.000000 
-14.008828 108.356827 2.650570 -1.656715 15.518139 0.000000 0.000000 
-6.009257 109.479385 -9.894751 -15.967812 3.998226 0.000000 0.000000 
-14.334966 109.109978 2.585216 -8.393753 10.333443 0.000000 0.000000 
-6.171556 109.932045 -9.474170 -8.437637 9.907383 0.000000 0.000000 
-6.569852 109.949837 6.584142 1.921227 14.495087 0.000000 0.000000 
-5.780282 110.060852 -4.670620 -0.899490 14.175804 0.000000 0.000000 
-7.385707 109.963120 3.616332 -1.579506 15.056583 0.000000 0.000000 
-6.656918 110.346222 -4.832565 -5.881111 10.153652 0.000000 0.000000 
-5.895319 111.236435 1.498321 -16.111237 5.630001 0.000000 0.000000 
-30.721777 107.403236 10.507706 -5.629677 9.584373 0.000000 0.000000 
4.916736 111.935448 5.936306 -8.674554 9.403194 0.000000 0.000000 
6.894446 112.141762 12.381744 -10.042633 7.611190 0.000000 0.000000 
-5.758780 112.207718 -5.891004 -10.587814 7.329071 0.000000 0.000000 
5.909756 112.190842 6.724108 -9.821968 8.545490 0.000000 0.000000 
4.394898 112.458969 6.049240 -11.329041 6.523448 0.000000 0.000000 
-31.501104 108.362434 13.419714 -6.085152 10.227657 0.000000 0.000000 
6.144966 112.985390 6.238174 -7.903435 8.923470 0.000000 0.000000 
5.637146 113.286491 5.116779 -13.183067 6.403789 0.000000 0.000000 
6.097526 113.367783 6.384187 -11.604469 7.083549 0.000000 0.000000 
4.974181 113.788597 7.361283 -6.759651 9.430077 0.000000 0.000000 
4.682301 113.870323 6.211072 -7.125816 10.254623 0.000000 0.000000 
7.097480 114.173943 -9.489684 -9.656471 9.330185 0.000000 0.000000 
-48.458801 103.256355 15.499136 -9.303711 6.246810 0.000000 1.000000 
6.581802 114.477715 -12.973910 -2.837135 10.749378 0.000000 0.000000 
-5.766771 114.539574 -1.240386 -13.452988 6.537605 0.000000 0.000000 
-30.287947 110.988091 -15.465590 -9.622543 6.474361 0.000000 0.000000 
-7.558699 115.027153 3.969599 -4.451560 10.960884 0.000000 0.000000 
-30.651781 111.416191 -12.901686 -12.821358 5.819702 0.000000 0.000000 
-6.774622 115.871910 -7.970386 -11.639725 6.884861 0.000000 0.000000 
-7.107113 115.935150 -4.763765 -12.521957 8.786884 0.000000 0.000000 
-7.765728 116.080284 3.714189 2.496559 16.996441 0.000000 0.000000 
-7.575618 116.126862 3.894373 6.841743 20.019272 0.000000 0.000000 
-7.421736 116.140831 3.894340 3.854225 17.793900 0.000000 0.000000 
-8.691062 116.313354 -8.405849 -1.373512 14.486637 0.000000 0.000000 
-8.900664 116.581474 -9.888897 -0.845421 14.261723 0.000000 0.000000 
5.375950 117.299461 5.572699 -13.768013 7.061588 0.000000 1.000000 
-14.740816 116.494652 -0.039812 -12.070778 6.420932 1.000000 1.000000 
-6.556946 117.538284 -1.913170 -12.699242 6.370540 0.000000 0.000000 
-6.220638 117.689308 -0.991684 -14.182045 3.474296 0.000000 0.000000 
-6.741266 117.709068 -1.921017 -6.148087 9.315517 0.000000 0.000000 
-5.919079 118.257401 -0.610141 -11.058380 5.549034 0.000000 0.000000 
-6.860638 118.321342 -2.185245 -8.900337 7.179359 0.000000 0.000000 
-6.555910 118.926025 -2.057654 -8.776474 8.098438 0.000000 0.000000 
-6.883021 119.170700 -1.995520 -8.135208 7.700469 0.000000 0.000000 
-7.068543 119.267357 -1.758118 -3.776299 12.042633 0.000000 0.000000 
-6.227753 119.488518 -1.551793 -6.429115 9.088146 0.000000 0.000000 
-6.121510 119.719856 -2.836699 -11.342340 6.234870 0.000000 0.000000 
-7.787479 119.657639 -2.030641 -6.856056 8.873802 0.000000 0.000000 
-7.199098 119.797295 -2.085834 -6.260201 9.002651 0.000000 0.000000 
-5.933505 120.263123 4.915461 -14.162079 3.530853 0.000000 0.000000 
-5.990033 120.338455 -8.721480 -15.091843 6.385208 0.000000 0.000000 
-7.226909 120.486977 4.109644 -12.060036 7.457725 0.000000 0.000000 
-31.064594 116.589951 14.181332 -10.179605 7.338996 0.000000 1.000000 
7.286325 120.729370 4.497234 -11.465875 5.359363 0.000000 0.000000 
-5.585179 120.863380 4.976436 -12.622093 5.780742 0.000000 0.000000 
-5.278910 120.889717 4.819019 -11.740921 7.120655 0.000000 0.000000 
-6.031187 121.275948 0.410856 -13.810173 5.968696 0.000000 0.000000 
-6.759582 121.336205 -2.371757 -12.275482 5.749092 0.000000 0.000000 
-5.865092 121.387215 -1.421386 -10.051727 6.614707 0.000000 0.000000 
7.130404 121.557602 4.009393 -15.777512 3.628887 0.000000 0.000000 
-5.943749 121.645058 6.052397 -11.663040 6.751850 0.000000 0.000000 
-6.206022 122.105453 1.445857 -11.508026 5.766704 0.000000 0.000000 
-72.563637 97.495811 -1.722217 -1.915878 8.152050 1.000000 1.000000 
-6.954926 122.177170 -1.206837 -12.481133 2.758064 0.000000 0.000000 
-6.011609 122.367828 5.055284 -10.837379 5.508750 0.000000 0.000000 
-5.423180 123.262016 0.160992 -11.453392 5.602283 0.000000 0.000000 
-5.699576 123.498825 -0.180679 -15.926376 2.898403 0.000000 0.000000 
-7.110857 123.707420 -2.643778 -10.765106 5.237186 0.000000 0.000000 
-6.654472 123.766052 -1.808685 -8.013397 6.940811 0.000000 0.000000 
-6.114251 123.856300 0.354801 -11.400482 5.540100 0.000000 0.000000 
-6.402507 123.928596 -2.573287 -6.199378 7.787796 0.000000 0.000000 
-6.691800 123.936935 -1.990103 -14.530159 3.207717 0.000000 0.000000 
-8.235232 124.057716 4.956056 -10.652992 4.667762 0.000000 0.000000 
-8.592278 124.078735 4.268268 -12.157608 5.002666 0.000000 0.000000 
-8.205979 124.425812 -8.370120 -11.815979 4.323043 0.000000 0.000000 
-6.308867 125.493874 -1.102910 -7.864212 6.144210 0.000000 0.000000 
-6.655590 125.823082 -0.604706 -13.501785 3.873600 0.000000 0.000000 
-6.083208 125.891624 -0.363728 -12.368416 3.765262 0.000000 0.000000 
-6.264008 126.053955 -0.774070 -8.450273 6.137233 0.000000 0.000000 
-6.591773 126.128296 -1.110091 -8.186456 5.789821 0.000000 0.000000 
-6.124451 126.266953 -0.765958 -14.055565 4.859371 0.000000 0.000000 
-5.848697 126.600243 -1.250532 -12.842606 3.481285 0.000000 0.000000 
-6.569147 126.684654 0.636224 -8.328773 5.501106 0.000000 0.000000 
-6.182567 126.717499 0.869958 -11.244720 5.188076 0.000000 0.000000 
-6.379112 126.769768 -0.599152 -16.706238 3.272182 0.000000 0.000000 
-6.023614 126.857155 -1.205833 -10.269731 5.859966 0.000000 0.000000 
-5.594814 127.059525 3.166662 -11.196382 8.528210 0.000000 0.000000 
-6.449202 127.108131 -7.827047 -1.181343 13.026516 0.000000 0.000000 
-6.063286 127.150070 4.426528 1.757156 15.287045 0.000000 0.000000 
-6.076473 127.321716 3.221747 -3.122353 12.506470 0.000000 0.000000 
-5.838051 127.341782 4.493887 -9.283051 5.000766 0.000000 0.000000 
-6.620716 127.423058 2.569731 -16.079979 3.160472 0.000000 0.000000 
-6.799226 127.715622 3.656659 -1.210167 13.123287 0.000000 0.000000 
-6.129460 127.786255 4.354065 -6.958473 8.013878 0.000000 0.000000 
-5.633934 128.189865 2.463250 -7.089806 8.382961 0.000000 0.000000 
-6.272182 128.386719 5.237195 -1.799187 12.135838 0.000000 0.000000 
-6.508490 128.543793 -4.957836 0.481972 13.237804 0.000000 0.000000 
-6.265250 128.574036 -3.376956 7.553467 19.843502 0.000000 0.000000 
-6.035915 128.631577 -2.304092 2.062279 15.490479 0.000000 0.000000 
-7.282475 128.883911 1.726977 -17.048813 2.468563 0.000000 0.000000 
-5.838744 129.172928 -5.375747 -12.161858 5.582702 0.000000 0.000000 
-7.037042 129.126282 -3.759388 -11.412637 6.270694 0.000000 0.000000 
-6.102991 129.216736 -1.958578 -5.968224 9.411125 0.000000 0.000000 
-6.599579 129.354675 4.958345 -2.160210 11.575237 0.000000 0.000000 
-7.219410 129.761566 3.707123 -11.469879 4.654258 0.000000 0.000000 
-7.361008 129.824768 2.432032 -11.555107 4.425651 0.000000 0.000000 
-6.763668 129.895065 4.684034 -12.210960 5.003238 0.000000 0.000000 
-7.053855 130.031357 3.042173 -13.925049 4.745124 0.000000 0.000000 
-21.769810 129.156586 9.006635 -8.923898 7.676441 0.000000 0.000000 
-31.532345 127.874977 -15.302481 -0.355705 11.789585 0.000000 0.000000 
-5.942584 131.726868 -2.720149 -10.978883 7.112300 0.000000 0.000000 
-5.432792 131.786392 -1.238648 -12.563454 5.022537 0.000000 0.000000 
-31.219496 128.384933 -14.908885 -7.934814 7.397434 0.000000 0.000000 
-32.302814 128.266449 -15.260066 -9.717690 5.202785 0.000000 0.000000 
-30.632477 128.859436 10.000879 0.401833 11.669678 0.000000 0.000000 
-30.738245 128.934067 -15.261413 -7.631927 6.733226 0.000000 0.000000 
-30.642916 129.077362 11.255601 -11.576332 4.521888 0.000000 0.000000 
-7.517934 133.027740 5.925123 -5.845673 7.587253 0.000000 0.000000 
-31.569904 130.117523 -16.940229 -8.783035 6.976177 0.000000 0.000000 
-31.301285 130.592529 -15.404115 -4.698898 11.253567 0.000000 0.000000 
-30.934490 130.994690 9.534129 -9.444496 4.626636 0.000000 0.000000 
-30.826868 131.067932 7.389568 -5.565140 8.254311 0.000000 0.000000 
-6.139054 134.663513 -1.327745 -6.498314 12.838085 0.000000 0.000000 
-30.183872 131.398346 -19.754253 -2.258873 10.222927 0.000000 0.000000 
-33.081245 130.976196 11.414268 -7.173836 8.301105 0.000000 0.000000 
-29.508017 131.953156 9.658926 -9.122734 5.475872 0.000000 0.000000 
-6.436562 135.507751 5.222676 -8.292047 8.332043 0.000000 0.000000 
-6.257848 135.741852 3.221740 -9.811714 6.255504 0.000000 0.000000 
-31.601936 132.579102 12.099546 -5.711273 9.191422 0.000000 0.000000 
-33.672729 132.973022 17.064695 -5.407906 6.520782 0.000000 0.000000 
-6.665701 137.195801 -0.920600 -9.433487 6.015991 0.000000 0.000000 
-30.848171 133.808777 14.042320 -11.697067 6.241828 0.000000 0.000000 
-7.058405 137.604736 -1.586402 -11.919281 3.389362 0.000000 0.000000 
-29.865696 134.483704 11.248654 -5.572998 7.898689 0.000000 0.000000 
-33.241688 133.751923 13.015492 -3.043755 8.776398 0.000000 0.000000 
-32.304546 134.041565 12.634049 -7.503296 7.492931 0.000000 0.000000 
-33.118740 134.376068 14.198430 -3.474457 7.630992 0.000000 0.000000 
-30.214432 135.323639 -15.213020 -8.150987 9.173508 0.000000 0.000000 
-34.371582 134.574799 12.025781 -8.361328 5.937721 0.000000 0.000000 
-30.130701 135.722107 -16.187241 -7.610374 9.717255 0.000000 0.000000 
-6.507296 139.200684 7.624166 -3.925011 8.742588 0.000000 0.000000 
-6.501858 139.390076 9.392560 -6.204193 7.529933 0.000000 0.000000 
-31.723211 135.815521 -17.662973 -5.412735 8.682625 0.000000 0.000000 
-6.245731 139.854584 8.090257 -8.758781 7.463798 0.000000 0.000000 
-5.874946 140.130615 4.733393 -10.215141 6.887912 0.000000 0.000000 
-29.043577 137.192505 10.486494 -5.858002 7.667083 0.000000 0.000000 
-31.500917 136.780823 12.666594 -7.453491 7.342426 0.000000 0.000000 
-31.041498 137.310730 13.483334 -9.732179 7.134807 0.000000 0.000000 
8.556293 140.794159 0.101474 6.204414 17.597691 0.000000 0.000000 
8.858053 140.787109 -0.436814 -3.374916 9.035839 0.000000 0.000000 
-21.029787 139.630707 -3.033985 -12.219749 3.614830 0.000000 0.000000 
8.787614 141.015961 -1.434374 -4.330345 11.478092 0.000000 0.000000 
-20.182404 140.354340 -3.007238 -10.891708 4.368568 0.000000 0.000000 
8.461919 142.109161 2.096398 -0.188538 14.979679 0.000000 0.000000 
-20.550610 141.007751 -1.166460 -7.554413 5.997585 0.000000 0.000000 
8.474418 142.378693 2.392030 14.652596 27.421438 0.000000 0.000000 
8.331005 142.450623 2.402818 -11.180429 3.419986 1.000000 1.000000 
8.329346 142.777893 1.545501 15.188148 29.793919 0.000000 0.000000 
-17.442053 142.655182 6.826153 -4.741753 10.987812 0.000000 0.000000 
-16.951887 142.717743 5.648746 -2.336800 11.571568 0.000000 0.000000 
8.362075 143.705933 2.085595 6.699081 19.932167 0.000000 0.000000 
-17.161749 143.065674 5.817150 6.701767 17.509331 0.000000 0.000000 
-16.933926 143.212646 5.256738 0.775261 14.338566 0.000000 0.000000 
-18.324398 143.151917 5.761182 6.904266 18.671371 0.000000 0.000000 
-18.322102 143.412384 4.325042 4.575104 19.306355 0.000000 0.000000 
-18.503820 143.429108 4.877154 4.583305 18.913177 0.000000 0.000000 
-18.637037 143.669678 7.062157 9.238426 21.777004 0.000000 0.000000 
-19.076010 143.873352 5.260315 7.130508 18.542755 0.000000 0.000000 
-18.768400 144.122620 7.384148 -3.831268 10.774979 0.000000 0.000000 
-17.634230 144.305878 8.241849 -4.781394 10.168121 0.000000 0.000000 
8.034545 145.384705 3.296453 -6.084923 10.703701 0.000000 0.000000 
-16.962597 144.709778 6.033729 -3.912552 8.757359 0.000000 0.000000 
-18.773258 145.044434 5.756831 -7.609116 7.546096 0.000000 0.000000 
-6.296870 146.272736 -3.100705 -8.935197 6.736373 0.000000 0.000000 
-20.568342 144.936768 4.683959 -8.538879 6.827526 0.000000 0.000000 
-6.866502 146.616364 -2.271119 -8.934731 6.540596 0.000000 0.000000 
-18.483753 145.838562 5.962623 -7.346107 6.139984 0.000000 0.000000 
6.817479 147.067688 4.361607 2.598160 16.060658 0.000000 0.000000 
8.259254 147.035919 4.369715 5.994820 17.525066 0.000000 0.000000 
8.315231 147.257019 4.007570 3.757240 16.878216 0.000000 0.000000 
8.005842 147.296783 3.753390 3.739838 17.548321 0.000000 0.000000 
-18.874968 146.450500 9.390615 -3.429932 11.134510 0.000000 0.000000 
-18.788038 147.354279 7.050941 -6.965683 5.812496 0.000000 0.000000 
60.522861 135.580139 5.148308 -4.842117 4.569076 0.000000 0.000000 
56.392269 140.018402 3.767653 -8.101570 3.879528 0.000000 0.000000 
58.749512 139.142639 3.239466 -2.492271 4.551872 0.000000 1.000000 
56.503674 140.429657 3.679863 1.580635 8.672112 0.000000 0.000000 
-7.064605 151.691742 -2.361614 -0.370407 13.082352 0.000000 0.000000 
-6.941567 151.935394 -2.430143 -0.952324 13.826332 0.000000 0.000000 
-7.224186 152.639313 -2.542361 -9.786180 5.702335 0.000000 0.000000 
-8.010285 152.870544 -3.679328 -11.102081 4.031990 0.000000 0.000000 
-21.798775 151.809143 5.048019 -4.690384 6.801429 0.000000 0.000000 
-21.971565 152.088379 5.439478 -4.184708 7.814765 0.000000 0.000000 
-22.380301 152.044678 6.101991 -5.256531 6.774711 0.000000 0.000000 
10.481574 155.180878 2.927789 -9.073358 3.307140 0.000000 0.000000 
9.344773 156.142059 0.322448 -4.352028 6.937480 0.000000 0.000000 
9.090754 156.164886 1.234531 -5.648338 6.941867 0.000000 0.000000 
11.040751 156.043884 1.631457 -9.715721 4.740715 0.000000 0.000000 
10.006511 156.140106 1.870179 -4.524139 8.487312 0.000000 0.000000 
10.407671 156.831116 1.878961 -9.405197 4.794433 0.000000 0.000000 
9.347752 157.419464 -2.225658 -9.304437 4.130168 0.000000 0.000000 
10.015925 157.604462 3.354588 -11.674347 2.576663 0.000000 0.000000 
-21.105795 157.056030 7.531972 -7.687195 6.063880 0.000000 0.000000 
10.157821 158.455414 -0.692576 3.602127 13.536983 0.000000 0.000000 
10.121138 158.489746 -2.075453 3.059723 14.365494 0.000000 0.000000 
10.005530 158.762238 -1.799991 -1.102066 11.245525 0.000000 0.000000 
10.662709 159.412506 -2.015696 -4.218834 8.767525 0.000000 0.000000 
9.675277 159.837738 -2.871404 -4.947845 7.392456 0.000000 0.000000 
9.172205 159.992554 -0.557930 -6.592621 3.844234 0.000000 0.000000 
11.569389 159.889343 2.311933 -11.676758 3.135601 0.000000 0.000000 
12.993679 160.983246 -2.102968 -11.692810 2.814174 0.000000 0.000000 
9.399211 161.250061 -2.397522 -9.648416 3.907409 0.000000 0.000000 
11.644919 161.720123 -3.079211 -4.135704 7.910057 0.000000 0.000000 
10.459937 162.270325 -1.864454 -0.674934 10.041382 0.000000 0.000000 
11.333598 162.219940 -3.148875 -3.437393 10.090988 0.000000 0.000000 
10.869820 162.472412 -2.091415 0.326866 10.849026 0.000000 0.000000 
9.888410 163.140259 -1.522209 4.870735 14.570869 0.000000 0.000000 
10.016980 163.285034 -1.224229 3.315430 11.518078 0.000000 0.000000 
9.654859 163.303040 2.621352 -8.060226 4.058216 0.000000 0.000000 
10.161576 163.287720 -2.317086 3.905357 13.286232 0.000000 0.000000 
10.413470 163.465485 -1.382443 3.367310 14.577255 0.000000 0.000000 
-32.459049 160.819733 -21.857830 -4.122177 6.421020 0.000000 0.000000 
-33.623337 160.636292 -18.532766 -5.638268 5.289096 0.000000 0.000000 
-32.495758 161.303711 -20.668890 -4.026543 7.113250 0.000000 0.000000 
10.387319 164.430115 0.952770 -6.692139 5.349731 0.000000 0.000000 
9.514031 164.616028 1.322623 -2.823738 8.756599 0.000000 0.000000 
10.511162 164.619781 -2.118105 -11.212930 3.460327 0.000000 0.000000 
9.713523 164.758728 1.211908 0.400459 11.237144 0.000000 0.000000 
9.989284 165.088013 -2.317680 -0.505478 8.571331 0.000000 0.000000 
10.899570 165.056091 -2.666130 -1.803482 8.168137 0.000000 0.000000 
10.401888 165.176208 -2.263941 2.417068 12.399612 0.000000 0.000000 
9.967494 165.280334 -2.020908 -2.553719 7.688827 0.000000 0.000000 
9.494405 165.458160 -2.039755 -3.747154 8.631420 0.000000 0.000000 
9.324228 165.592804 -4.461610 -3.232559 7.702930 0.000000 0.000000 
8.958097 165.663330 -3.516581 -7.246338 5.564239 0.000000 0.000000 
11.360448 165.559357 -0.445236 -7.147575 5.852687 0.000000 0.000000 
9.473276 165.927155 -2.199811 -7.760612 4.328697 0.000000 0.000000 
10.135490 165.965576 -3.548536 -4.288162 7.733066 0.000000 0.000000 
11.918118 166.067017 -3.032913 -0.848427 11.289490 0.000000 0.000000 
-32.747746 163.270721 9.035769 -2.047966 9.212456 0.000000 0.000000 
9.856096 166.383545 -2.606514 -3.986618 6.909317 0.000000 0.000000 
9.987023 166.494690 -2.592484 -6.167931 7.436309 0.000000 0.000000 
-32.985149 163.568481 10.768662 -6.413689 6.075717 0.000000 0.000000 
10.196861 166.940186 -1.972850 11.311728 19.714523 0.000000 0.000000 
9.907973 166.984833 -3.081744 1.391220 12.233120 0.000000 0.000000 
10.472453 167.002319 -1.944788 5.536530 15.361412 0.000000 0.000000 
-32.431496 164.127808 10.136813 -2.366814 6.288871 0.000000 0.000000 
10.317640 167.057709 -1.915890 6.980850 15.958679 0.000000 0.000000 
10.530286 167.109253 -2.735283 -5.255844 6.946079 0.000000 0.000000 
-21.841434 166.496735 7.866734 -2.197792 9.599213 0.000000 0.000000 
-21.618488 166.647125 4.587060 -6.185616 6.194103 0.000000 0.000000 
11.188050 167.817444 -1.347009 -1.459496 9.090958 0.000000 0.000000 
10.595553 168.035706 -2.709636 -7.264847 5.341953 0.000000 0.000000 
11.848432 168.156036 -0.643069 -7.106064 5.131378 0.000000 0.000000 
9.891195 168.466003 -2.851196 4.222641 13.329391 0.000000 0.000000 
-31.280901 165.843658 9.710874 -3.148918 7.893394 0.000000 0.000000 
10.278771 168.595032 -1.743554 3.741531 13.573952 0.000000 0.000000 
-30.763802 166.175171 11.519426 -3.888863 6.874927 0.000000 0.000000 
-30.606342 166.234406 9.416284 -3.180634 7.680686 0.000000 0.000000 
9.951763 169.246277 -1.871846 1.165375 10.836754 0.000000 0.000000 
10.041265 169.282410 -1.571256 8.237831 17.197071 0.000000 0.000000 
10.574012 169.492554 -0.950588 4.600082 15.223564 0.000000 0.000000 
-33.374565 166.809692 9.189659 -4.751976 5.852745 0.000000 0.000000 
48.097511 163.166718 4.608158 -5.206696 5.264530 0.000000 0.000000 
47.813496 163.269897 3.541237 -4.364365 7.175090 0.000000 0.000000 
-29.377878 168.076172 9.945021 1.337639 12.130238 0.000000 0.000000 
12.855902 170.297668 -0.745133 -8.361665 4.707897 0.000000 0.000000 
11.088507 170.437225 -0.837418 -2.114883 9.053734 0.000000 0.000000 
10.411119 170.486633 -0.763332 -1.966507 7.531559 0.000000 0.000000 
10.790407 170.730988 -1.827567 -2.659248 8.592194 0.000000 0.000000 
9.596173 170.850922 -2.628178 1.012878 11.539330 0.000000 0.000000 
11.068696 171.532349 -0.042031 -4.759956 7.576755 0.000000 0.000000 
10.365512 171.638000 -1.778026 -1.722862 8.521881 0.000000 0.000000 
-20.967487 170.662933 8.680889 -4.316452 6.780769 0.000000 0.000000 
10.223061 172.085175 -2.142282 -4.452660 7.287277 0.000000 0.000000 
44.844769 166.782043 0.752055 -2.834953 5.402092 0.000000 0.000000 
11.090350 172.872589 -1.765761 -5.586815 5.729873 0.000000 0.000000 
-28.450172 170.880157 8.946080 -6.479301 6.339115 0.000000 0.000000 
45.053146 168.031830 0.948795 2.056137 8.595802 0.000000 0.000000 
45.539978 167.932678 1.853560 0.439346 7.665988 0.000000 0.000000 
45.352654 167.991730 1.039931 -3.399666 5.669311 0.000000 0.000000 
44.343689 168.817810 9.714433 0.744850 8.837727 0.000000 0.000000 
-51.622173 166.831421 -24.071770 0.043869 9.800949 0.000000 0.000000 
44.993298 169.779205 -7.281198 3.541107 10.185699 0.000000 0.000000 
43.661625 170.614502 -9.216702 -5.089722 5.211914 0.000000 0.000000 
45.854481 170.869171 -5.547281 -4.116364 4.164394 0.000000 0.000000 
66.630310 163.914368 4.591994 -2.544533 4.550689 0.000000 0.000000 
43.586456 171.684113 0.767263 -8.171014 5.624427 0.000000 0.000000 
44.863197 171.517395 -8.366873 -4.155479 6.685100 0.000000 0.000000 
43.490807 172.408905 3.990350 -5.971634 6.375556 0.000000 0.000000 
10.610655 178.667542 -3.001093 3.358795 12.288578 0.000000 0.000000 
10.850286 178.674622 -2.835217 2.335411 10.350895 0.000000 0.000000 
11.541276 178.640717 -3.859840 -0.161621 8.618973 0.000000 0.000000 
10.904187 178.992004 -2.603776 6.056839 15.260777 0.000000 0.000000 
11.698562 179.129395 -3.087297 -6.202660 5.866519 0.000000 0.000000 
10.518947 179.392487 -4.729471 0.355377 8.347878 0.000000 0.000000 
46.284184 176.578491 6.655541 0.658058 9.852909 0.000000 0.000000 
46.416100 176.730316 4.800315 -7.146057 3.550399 0.000000 0.000000 
-22.984472 181.736511 5.281509 -4.116394 6.955440 0.000000 0.000000 
-21.782436 182.304718 6.885063 -3.100037 5.849838 0.000000 0.000000 
-21.953693 183.133087 6.330663 -0.956406 11.162209 0.000000 0.000000 
-21.353987 183.637695 5.846676 -2.061768 7.053997 0.000000 0.000000 
-21.467142 183.652039 -13.233615 2.273567 9.987019 0.000000 0.000000 
-21.508114 183.660645 6.109462 -1.430054 8.477436 0.000000 0.000000 
-22.695848 183.950195 4.198892 -6.679649 5.033229 0.000000 0.000000 
25.662697 183.850830 2.038001 -5.702293 4.408496 0.000000 0.000000 
24.006001 184.215576 2.367566 -3.764198 5.871269 0.000000 0.000000 
10.635495 186.948212 -2.573976 -6.848663 4.102863 0.000000 0.000000 
11.863499 187.220337 -2.259013 -6.151917 5.191600 0.000000 0.000000 
10.165863 188.017761 -3.695533 -7.433280 3.147666 0.000000 0.000000 
10.944797 188.530029 -2.851180 -5.738373 3.937816 0.000000 0.000000 
170.210526 78.078941 12.187669 18.372208 4.344089 0.000000 0.000000 
-24.883604 189.218658 7.559118 -1.906990 7.333930 0.000000 0.000000 
-25.377213 189.226044 8.140873 -3.497276 6.552577 0.000000 0.000000 
-25.092165 189.291260 7.797507 -3.060249 7.981170 0.000000 0.000000 
-26.244177 189.149963 7.342865 -2.832024 6.389598 0.000000 0.000000 
44.821999 192.122498 4.096838 -4.502350 3.715690 0.000000 0.000000 
-22.694176 196.327820 -10.724669 -2.445343 4.647396 0.000000 0.000000 
-22.814880 196.316803 5.319315 -4.707848 4.893047 0.000000 0.000000 
-23.539089 197.504272 -11.255692 -2.236259 5.053932 0.000000 0.000000 
-22.531054 198.263275 9.564731 -4.002731 3.265724 0.000000 0.000000 
-23.541327 199.334320 7.677037 -5.592583 4.038192 0.000000 0.000000 
-23.758705 199.748230 2.960650 -5.564682 3.291065 0.000000 0.000000 
-23.751453 200.040314 8.159957 1.205116 9.401455 0.000000 0.000000 
-1.023423 201.521118 -3.722126 -0.280518 10.221958 0.000000 0.000000 
-23.966051 200.478394 7.421928 11.186440 16.140755 0.000000 0.000000 
-23.994085 200.484070 8.097288 6.319641 12.607285 0.000000 0.000000 
-23.941597 200.743134 7.891567 7.033417 14.235062 0.000000 0.000000 
0.665072 202.513153 -3.328527 -4.542183 1.594471 0.000000 0.000000 
0.044236 202.704956 -4.126868 14.778786 20.311295 0.000000 0.000000 
-0.645574 202.726990 -5.859844 19.303818 24.794035 0.000000 0.000000 
-0.265313 202.975433 -4.810772 16.729713 22.262146 0.000000 0.000000 
0.060766 202.988129 -4.265932 15.370903 21.371880 0.000000 0.000000 
-13.299238 203.008698 -1.421892 7.330101 12.901340 0.000000 0.000000 
-13.755815 203.028717 -3.093584 -0.153786 10.946083 0.000000 0.000000 
-0.258056 204.010406 -6.143364 8.223953 16.918800 0.000000 0.000000 
-0.995703 209.235443 -4.761690 -0.848740 7.465694 0.000000 0.000000 
-0.351866 210.390198 -4.331656 -1.649269 6.081310 0.000000 0.000000 
-1.417954 210.404205 -5.598835 17.953979 23.261936 0.000000 0.000000 
-1.807960 210.505768 -4.594687 16.148949 21.248703 0.000000 0.000000 
-1.746747 211.193756 -4.987033 11.798943 18.098026 0.000000 0.000000 
-10.545474 211.005463 -3.200023 -2.467026 9.314091 0.000000 0.000000 
-8.160187 211.588043 -1.629663 -0.855446 8.395958 0.000000 0.000000 
-12.032421 211.548096 -2.897138 -1.806435 8.085995 0.000000 0.000000 
-34.339035 209.910370 8.948079 -3.454758 4.366539 0.000000 0.000000 
-26.046679 212.630066 10.128201 -4.291992 3.869575 0.000000 0.000000 
4.047029 215.208649 -1.318734 1.723671 9.455208 0.000000 0.000000 
-24.335522 214.382874 10.984447 -3.181061 7.822498 0.000000 0.000000 
2.260979 215.775879 -4.144096 0.923882 9.667458 0.000000 0.000000 
-23.946333 214.547333 6.504817 -1.255188 6.243370 0.000000 0.000000 
-23.595139 214.831146 6.742266 -0.276093 6.346439 0.000000 0.000000 
-23.380457 214.876251 5.275572 -3.589172 4.804946 0.000000 0.000000 
-23.665632 214.917450 0.329841 -4.754402 4.079826 0.000000 0.000000 
-24.371098 215.124207 3.791458 -4.800781 5.179500 0.000000 0.000000 
-23.427824 217.697906 -2.014931 -8.038980 3.626033 0.000000 0.000000 
-24.376547 217.835327 8.248532 -2.277420 4.211406 0.000000 0.000000 
-24.457619 219.031586 7.457874 10.253494 14.115681 0.000000 0.000000 
-24.513517 219.032593 7.545742 8.116173 12.330193 0.000000 0.000000 
-23.594053 219.855469 -4.018538 2.611000 8.091026 0.000000 0.000000 
-30.188881 228.423187 6.964251 -1.676521 4.987422 0.000000 0.000000 
-29.222435 229.500061 2.314112 -0.897614 4.548416 0.000000 0.000000 
-26.245077 229.890015 -1.749458 -2.026451 3.737731 0.000000 0.000000 
-24.994299 230.604706 -2.304568 -1.678505 4.379310 0.000000 0.000000 
-26.997408 232.044220 -0.111141 -2.794189 3.062694 0.000000 0.000000 
-30.727242 233.786987 6.673533 -4.938858 3.328311 0.000000 0.000000 
-23.311508 235.655579 -0.843709 11.019774 13.456745 0.000000 0.000000 
-22.894867 236.372314 -2.286317 -0.798775 3.601654 0.000000 0.000000 
-23.638121 236.925232 -1.419065 19.928452 21.307285 0.000000 0.000000 
-23.010851 238.504333 -5.130383 -0.966362 3.671272 0.000000 0.000000 
-23.503637 239.298767 -2.275249 2.027977 6.101799 0.000000 0.000000 
-15.906176 242.267242 4.515878 3.085167 7.418529 0.000000 0.000000 
-23.094351 242.516998 1.484734 7.085808 14.886612 0.000000 0.000000 
-24.259617 243.091858 -2.005404 13.471039 15.851200 0.000000 0.000000 
-23.716799 243.863068 -3.241461 9.599884 12.651333 0.000000 0.000000 
-24.442190 249.606995 -1.040845 4.774605 7.376163 0.000000 0.000000 
-20.985018 251.126160 -0.239445 12.118744 19.112850 0.000000 0.000000 
-23.402756 254.054169 -0.740848 -0.608421 4.059978 0.000000 0.000000 
-24.319157 254.890228 -0.784211 3.071861 4.881435 0.000000 0.000000 
-23.824947 254.964935 -0.699681 3.609344 5.921813 0.000000 0.000000 
-25.933651 261.172607 11.304815 -0.068535 3.580429 0.000000 0.000000 
-25.617397 261.497559 12.618539 1.564056 4.699813 0.000000 0.000000 
-24.894470 264.673584 -2.193538 2.602768 5.561897 0.000000 0.000000 
-28.661983 267.527313 -14.505636 -2.238617 3.289821 0.000000 0.000000 
-30.354181 268.010468 7.735154 5.369156 7.394638 0.000000 0.000000 
-30.469942 268.758789 9.756790 7.399033 8.832954 0.000000 0.000000 
-30.646898 269.418121 -19.335619 2.492455 4.357162 0.000000 0.000000 
-32.387367 271.057404 -14.542954 -0.352127 3.938182 0.000000 0.000000 
-29.115677 271.982147 12.167587 -2.214417 3.366710 0.000000 0.000000 
-32.785854 272.338379 -16.732059 8.496758 9.647022 0.000000 0.000000 
-23.492094 276.499359 -3.700000 10.617615 12.124454 0.000000 0.000000 
-22.896955 277.847229 -2.767735 4.959244 7.300323 0.000000 0.000000 
6.482576 282.955811 -5.232457 -1.013855 2.931770 0.000000 0.000000 
5.274916 284.336517 -6.615474 1.886086 5.899658 0.000000 0.000000 
-17.156109 315.570557 -2.393086 7.956970 7.751995 0.000000 0.000000 
-18.242723 378.723724 -3.823267 17.537445 13.363041 0.000000 0.000000 
-19.701424 379.999481 -2.438051 9.928658 7.441539 0.000000 0.000000 
-20.005070 391.961365 -1.009288 3.393661 3.322128 0.000000 0.000000 
