ply
format ascii 1.0
comment Created by CloudCompare v2.14.beta (Feb  3 2026)
comment Created 2026-04-15T16:49:33
obj_info Generated by CloudCompare!
element vertex 2997
property float x
property float y
property float z
property float rcs
property float snr
property float v
property float label
end_header
8.817267 -38.661770 -10.009931 0.929695 21.623005 0.000000 1.000000 
5.800201 -105.657028 -11.998405 14.030678 21.871353 0.000000 1.000000 
7.745621 -38.774242 -10.968620 -2.892174 24.187553 0.000000 1.000000 
56.738628 -5.071690 -20.663692 10.125763 23.968544 0.000000 1.000000 
52.737358 -91.530762 -35.488728 7.731354 14.224377 0.000000 1.000000 
-5.762036 37.328110 -9.872876 -12.578720 14.607662 0.000000 1.000000 
21.461489 33.030636 -9.468454 -3.484093 13.381369 0.000000 1.000000 
1.089559 47.357994 -12.686310 -19.405563 9.413300 1.000000 1.000000 
2.936030 49.328747 -16.752073 -2.149963 23.882198 0.000000 1.000000 
-4.472304 54.420334 -19.190765 -15.392877 14.209923 0.000000 1.000000 
-20.027918 61.086582 -21.795572 -6.747543 15.116072 1.000000 1.000000 
-18.971413 62.748463 -22.141571 -2.333656 18.889725 0.000000 1.000000 
16.844091 65.931175 -23.301798 -5.584572 21.163219 1.000000 1.000000 
30.203030 69.554932 -25.683254 -10.255630 8.756775 0.000000 1.000000 
-6.556290 77.707306 -27.174494 2.559036 28.413465 0.000000 1.000000 
16.066494 80.112892 -23.855976 -11.687706 13.884405 0.000000 1.000000 
5.981989 82.280815 -18.911303 -19.722252 7.877304 0.000000 1.000000 
29.752550 80.627235 -33.349003 -10.179749 11.031971 0.000000 1.000000 
7.025431 99.769890 -21.650322 -15.153625 7.246917 0.000000 1.000000 
7.661518 102.128716 -31.937933 -10.577599 12.752501 0.000000 1.000000 
8.934671 104.470184 -36.127369 -9.657608 11.246891 0.000000 1.000000 
32.125095 102.767380 -42.604748 -13.631668 5.154609 1.000000 1.000000 
-32.096516 105.501595 -39.692455 -9.506172 9.546227 0.000000 1.000000 
-32.472847 119.038383 -42.791225 3.172119 17.941662 0.000000 1.000000 
9.230814 128.998077 -51.328613 -10.524681 8.185764 1.000000 1.000000 
-28.956083 128.017334 -48.651276 -5.214012 11.406178 0.000000 1.000000 
5.027068 135.339050 -35.702114 -10.520020 6.289718 1.000000 1.000000 
-18.767059 134.483551 -48.796371 -2.452744 13.834146 0.000000 1.000000 
-29.548374 163.783966 -55.181004 -7.008812 6.190452 0.000000 1.000000 
-30.725801 164.201019 -59.073257 -2.048622 7.765033 0.000000 1.000000 
-18.327574 175.138702 -66.443703 0.795830 12.409801 1.000000 1.000000 
10.864601 176.803650 -72.458580 -4.966995 7.704101 0.000000 1.000000 
63.161072 -17.503338 18.867485 -0.301521 16.151182 1.000000 1.000000 
3.205525 48.288963 19.026440 -9.596725 15.457134 1.000000 1.000000 
9.864862 47.713726 18.123985 -2.020744 24.108498 1.000000 1.000000 
-5.915994 55.516830 16.537668 -11.963554 16.321472 0.000000 1.000000 
4.547624 63.031487 15.779908 -9.404434 18.270033 1.000000 1.000000 
13.101502 68.828117 21.868626 -1.171562 23.452946 0.000000 1.000000 
22.513975 75.998672 22.519344 -11.031059 13.524042 0.000000 1.000000 
20.114660 80.168900 29.538263 -18.763512 7.847126 1.000000 1.000000 
16.631824 91.775032 29.568312 -16.375092 6.640235 0.000000 1.000000 
19.538893 100.920990 35.695244 -13.956093 10.870003 0.000000 1.000000 
5.183845 132.624878 33.811626 -12.583839 3.846740 1.000000 1.000000 
5.625143 134.637146 55.907196 -13.041389 5.243438 1.000000 1.000000 
45.841892 131.605469 27.808079 0.106766 15.042654 0.000000 1.000000 
48.133617 130.784546 28.738010 -5.438927 9.786972 0.000000 1.000000 
-158.330673 71.398415 27.228333 31.612663 17.305683 1.000000 1.000000 
4.049562 176.289581 26.720114 -3.942970 7.374900 0.000000 1.000000 
11.924786 179.746765 44.317097 -4.312050 7.098789 0.000000 1.000000 
-55.996487 191.488464 58.319576 -9.110458 6.138698 0.000000 1.000000 
-10.253186 62.962250 -7.880013 -15.032768 13.012480 1.000000 1.000000 
-18.983782 61.907230 -3.185966 -16.816269 9.273525 1.000000 1.000000 
9.815284 77.433594 -0.946909 -11.161201 12.369028 1.000000 1.000000 
15.337821 79.557961 -5.435858 -14.522011 7.450775 1.000000 1.000000 
-7.304615 86.130592 -6.090445 -4.663445 18.964380 1.000000 1.000000 
-130.853439 115.999451 -12.959198 27.297241 18.278206 1.000000 1.000000 
-8.710254 167.081818 -10.860939 -1.553497 12.410044 1.000000 1.000000 
-6.187278 6.239657 0.297291 -30.234024 12.435276 1.000000 1.000000 
-6.145962 17.038948 -0.547442 -32.034386 13.221155 1.000000 1.000000 
-6.717722 18.665627 0.409311 -28.205139 13.323606 1.000000 1.000000 
8.248105 20.237164 0.419353 -32.095757 9.337769 1.000000 1.000000 
-6.739420 21.015362 0.093681 -23.246651 16.050184 1.000000 1.000000 
8.696000 21.120594 0.358604 -29.957573 7.013122 1.000000 1.000000 
8.456739 26.819384 -0.125318 -23.080460 14.464350 1.000000 1.000000 
7.364771 -16.072666 0.329297 -2.466522 29.741209 0.000000 0.000000 
-6.970736 -17.317348 -0.145569 -9.388283 25.215576 0.000000 0.000000 
-6.826655 -17.447079 0.528295 -9.289536 24.640486 0.000000 0.000000 
8.282434 -16.464544 0.223224 -4.585609 26.529408 0.000000 0.000000 
8.792629 -16.217663 1.496851 -7.664581 23.228682 0.000000 0.000000 
-6.547571 -18.017887 -0.395104 -14.245308 23.711206 0.000000 0.000000 
-6.933623 -17.887451 -0.256695 -10.536201 22.524948 0.000000 0.000000 
8.165814 -16.847187 -0.397472 -5.801781 26.815559 0.000000 0.000000 
8.458671 -16.725525 0.124884 -6.176430 26.840611 0.000000 0.000000 
9.371149 -16.195883 -0.277919 -3.814384 23.363441 0.000000 0.000000 
8.552751 -16.911777 0.475185 -9.021400 22.964779 0.000000 0.000000 
8.289359 -17.337101 -3.545825 -9.535690 23.676081 0.000000 0.000000 
8.012125 -17.743694 -1.049264 -8.628380 24.962360 0.000000 0.000000 
7.727913 -18.151203 0.406425 -5.349525 27.901451 0.000000 0.000000 
7.833928 -18.114441 0.081674 -9.394272 23.764172 0.000000 0.000000 
-6.771676 -19.391998 -0.574096 -20.430603 19.642694 0.000000 0.000000 
7.151375 -18.925869 -0.056553 -7.645264 25.331245 0.000000 0.000000 
7.909165 -18.594105 -0.000040 -11.340179 22.142208 0.000000 0.000000 
9.003351 -18.266781 0.164549 -10.276939 20.805431 0.000000 0.000000 
9.501734 -18.191109 0.355184 -8.959976 21.150219 0.000000 0.000000 
-6.990200 -20.006279 -0.840110 -14.023384 21.505144 0.000000 0.000000 
-6.995559 -20.266689 0.189156 -10.252602 22.933548 0.000000 0.000000 
-6.778855 -20.481438 0.405697 -12.228172 20.375954 0.000000 0.000000 
7.675478 -20.165768 -0.039994 -10.197838 21.792645 0.000000 0.000000 
-7.263295 -21.417061 0.574089 -3.453766 28.207012 0.000000 0.000000 
7.545350 -20.948036 3.209496 -8.446571 20.338991 0.000000 0.000000 
8.268293 -20.944363 1.161437 -9.520195 22.410183 0.000000 0.000000 
-7.042276 -21.956059 0.343764 -13.819885 19.007574 0.000000 0.000000 
8.162827 -21.112667 0.674430 -0.358925 26.925814 0.000000 0.000000 
8.157848 -21.276421 -0.561775 -10.079445 20.308123 0.000000 0.000000 
-7.490461 -22.080051 -0.863324 -10.014627 21.731819 0.000000 0.000000 
8.771187 -21.259987 0.511026 -7.210838 20.957924 0.000000 0.000000 
6.934904 -22.297733 -0.263329 12.318726 39.130196 0.000000 0.000000 
7.038485 -22.497791 -0.123815 10.061371 35.163033 0.000000 0.000000 
-7.148125 -22.906574 -0.633610 -8.365097 21.961697 0.000000 0.000000 
-0.691540 -24.304367 -0.745194 16.374672 41.938900 1.000000 0.000000 
-0.592722 -24.342293 -0.730502 18.353851 46.491539 1.000000 0.000000 
-0.869010 -24.548306 -0.970154 13.064102 42.088127 1.000000 0.000000 
-1.041714 -24.666080 -0.859377 10.730438 38.587067 1.000000 0.000000 
-0.540852 -24.777107 -0.957760 6.784836 33.040432 1.000000 0.000000 
-0.687372 -24.796329 -0.759715 9.239143 40.234497 1.000000 0.000000 
-7.611976 -24.476650 0.650001 -6.305771 20.520157 0.000000 0.000000 
6.917562 -24.529499 0.348627 -8.029839 19.883804 0.000000 0.000000 
8.403963 -24.604542 0.435795 -3.656487 22.970583 0.000000 0.000000 
-0.168844 -26.768875 -0.351628 -8.401360 20.552612 1.000000 0.000000 
0.125685 -26.916618 -0.461454 -10.342239 19.977293 1.000000 0.000000 
8.845180 -25.609703 -0.473765 -9.713745 20.386030 0.000000 0.000000 
-6.978914 -26.923763 -0.496315 -8.493378 19.347536 0.000000 0.000000 
8.386230 -26.340752 0.661743 -1.764557 25.112343 0.000000 0.000000 
8.243711 -26.403648 0.639804 -2.565918 25.674105 0.000000 0.000000 
-7.249906 -27.497543 -1.118007 4.812706 32.119560 0.000000 0.000000 
-7.409061 -27.591667 -1.286823 -1.965836 22.243507 0.000000 0.000000 
-7.466416 -27.885147 -2.541368 2.531312 26.624771 0.000000 0.000000 
-7.720630 -30.285172 -0.569720 -3.595322 22.688335 0.000000 0.000000 
8.227031 -30.252018 -0.858373 -6.826111 20.234613 0.000000 0.000000 
8.088894 -31.623177 -0.745457 -4.499489 21.317917 0.000000 0.000000 
7.765866 -32.828205 1.679074 0.108040 26.256454 0.000000 0.000000 
7.622942 -33.077374 -0.368563 -9.527878 18.878677 0.000000 0.000000 
14.946696 -31.315331 5.098188 -4.286575 18.613010 0.000000 0.000000 
-7.145261 -34.482956 -0.139604 -6.700012 21.651287 0.000000 0.000000 
-7.441186 -34.642448 -0.420819 -6.728889 20.376129 0.000000 0.000000 
7.864847 -34.291729 -1.077692 -0.661530 24.094002 0.000000 0.000000 
7.420401 -34.802834 -1.163226 -3.663292 22.703588 0.000000 0.000000 
8.101749 -34.651138 -0.288995 -4.378288 21.099531 0.000000 0.000000 
-7.854175 -37.463566 -0.674636 2.073875 22.799736 0.000000 0.000000 
6.383197 -38.700237 -1.084699 -6.261314 18.525608 0.000000 0.000000 
7.121027 -38.861511 -0.536470 -3.159126 19.013723 0.000000 0.000000 
7.356268 -38.936630 0.631009 -2.896263 21.613150 0.000000 0.000000 
7.515019 -39.155319 0.705694 -2.352425 20.161039 0.000000 0.000000 
7.495092 -39.334663 0.066470 -1.210381 21.475275 0.000000 0.000000 
8.050133 -39.246155 3.527418 -3.582489 20.697559 0.000000 0.000000 
5.160448 -42.445110 5.001173 -0.320580 22.543623 0.000000 0.000000 
5.455060 -42.612862 3.791986 -2.539566 19.794352 0.000000 0.000000 
15.771937 -42.487888 2.233890 -1.727486 18.797464 0.000000 0.000000 
22.498255 -39.437752 2.495975 4.558784 20.564367 0.000000 0.000000 
23.007614 -39.360725 2.549896 3.847664 19.991665 0.000000 0.000000 
20.821106 -41.903961 3.436452 4.286308 21.417934 0.000000 0.000000 
-7.117403 -46.830891 0.338777 -3.430984 16.534670 0.000000 0.000000 
-28.522310 -38.302235 3.135479 -1.285675 17.181742 0.000000 0.000000 
-35.431118 -33.918488 3.589049 -4.989197 15.197971 0.000000 0.000000 
-7.304307 -48.423611 0.338960 -3.428345 18.071947 0.000000 0.000000 
-35.504063 -33.918247 2.947741 1.412529 20.062391 0.000000 0.000000 
-6.693206 -48.542328 2.179396 -1.620941 17.808784 0.000000 0.000000 
-7.051693 -48.818459 2.050806 1.017899 20.849144 0.000000 0.000000 
-7.971016 -49.339325 -2.041399 2.929497 21.811140 0.000000 0.000000 
-8.006866 -49.566254 1.138828 3.579460 20.998043 0.000000 0.000000 
13.115034 -49.814850 4.086513 -1.584496 17.449478 0.000000 0.000000 
-38.938271 -35.570587 1.804050 -1.225471 17.051785 0.000000 0.000000 
-28.940374 -48.025974 2.583191 1.607483 19.115709 0.000000 0.000000 
-29.101860 -48.193325 2.098726 -2.789825 16.229084 0.000000 0.000000 
-7.595804 -55.733929 0.679932 1.596581 21.160585 0.000000 0.000000 
-28.290760 -48.794964 2.104871 5.274582 21.341148 0.000000 0.000000 
-7.875520 -61.611599 0.455798 -2.306908 18.541443 0.000000 0.000000 
-8.078853 -61.923130 0.090076 -0.090668 18.997383 0.000000 0.000000 
-22.656267 -62.943092 3.239554 5.410591 19.339678 0.000000 0.000000 
8.207416 -7.945047 0.332427 -3.018280 35.147049 0.000000 0.000000 
8.830560 -7.252046 0.026577 -15.658356 25.616331 0.000000 0.000000 
8.790856 -7.347878 0.095260 -11.621300 24.879173 0.000000 0.000000 
8.551586 -7.754019 -0.124306 -8.829613 28.384815 0.000000 0.000000 
9.047613 -7.225267 -0.199543 -15.208832 25.968668 0.000000 0.000000 
9.885551 -5.940760 -0.978747 -16.773277 20.857622 0.000000 0.000000 
8.257666 -8.285465 -0.241814 -13.968765 23.561386 0.000000 0.000000 
8.408864 -8.197729 0.515638 -7.083488 30.984940 0.000000 0.000000 
9.416473 -6.965195 -0.630519 -11.487221 25.046429 0.000000 0.000000 
7.001350 -9.454816 0.341469 -4.862755 30.933010 0.000000 0.000000 
7.349027 -9.308293 0.143599 -11.444328 28.046021 0.000000 0.000000 
6.855334 -9.681982 0.129476 -2.736214 32.208099 0.000000 0.000000 
9.202824 -7.443860 -0.316950 -10.159340 26.530193 0.000000 0.000000 
8.013153 -8.794380 -0.284226 -10.471062 28.417854 0.000000 0.000000 
8.177605 -8.891928 -0.873608 -10.148483 25.210867 0.000000 0.000000 
8.474428 -8.892931 -0.474609 -13.729866 24.277340 0.000000 0.000000 
7.596797 -9.748984 -0.224321 -8.226334 27.992439 0.000000 0.000000 
8.124437 -9.311452 -0.524149 -7.017776 30.659824 0.000000 0.000000 
6.755919 -10.364988 0.750879 -8.825180 29.353487 0.000000 0.000000 
6.639739 -10.709969 0.129906 -4.418747 31.481884 0.000000 0.000000 
8.617265 -9.314837 -0.015511 -19.508240 21.597052 0.000000 0.000000 
8.529242 -9.758650 -0.085860 -13.053108 23.017700 0.000000 0.000000 
7.868127 -10.390726 -0.284836 -17.279022 24.589090 0.000000 0.000000 
7.379810 -10.778143 -0.406895 -11.662590 25.347824 0.000000 0.000000 
8.256036 -10.166456 -0.137449 -11.182663 23.300804 0.000000 0.000000 
9.228802 -9.546152 -0.384762 -15.809372 24.950920 0.000000 0.000000 
7.654738 -10.918381 0.453266 -14.846359 22.351648 0.000000 0.000000 
8.632864 -10.428146 -0.539366 -14.803383 21.777611 0.000000 0.000000 
9.165687 -10.573965 -0.533588 -15.813828 20.804422 0.000000 0.000000 
8.191310 -14.525134 0.237029 5.144814 36.790840 0.000000 0.000000 
7.570225 -15.802738 0.676972 -7.329933 26.059629 0.000000 0.000000 
9.559649 -15.465666 0.287921 -11.675369 21.513702 0.000000 0.000000 
8.012833 -17.204346 0.796411 -6.355415 26.844734 0.000000 0.000000 
8.332416 -17.274483 0.105039 -6.721428 24.526955 0.000000 0.000000 
-6.135227 -18.034996 0.560001 -7.040230 24.877892 0.000000 0.000000 
-7.054745 -18.470932 -0.890362 -6.841568 26.340265 0.000000 0.000000 
7.876613 -18.723732 0.371463 -4.334755 26.410540 0.000000 0.000000 
-7.553061 -18.268425 0.266131 -5.964050 25.020603 0.000000 0.000000 
-6.894625 -18.732864 -0.085343 -9.457245 21.625385 0.000000 0.000000 
-6.947116 -19.281525 -0.763713 -8.496696 23.811674 0.000000 0.000000 
-7.574225 -19.518147 0.135694 -10.681847 21.333168 0.000000 0.000000 
7.171692 -20.409355 0.160664 -13.323929 21.511978 0.000000 0.000000 
-7.194762 -20.222164 -1.017986 -7.711075 20.872341 0.000000 0.000000 
8.284827 -20.823719 2.620910 -8.788651 22.273808 0.000000 0.000000 
-7.520881 -21.065189 1.346673 -7.643532 21.996099 0.000000 0.000000 
-7.666978 -21.248119 1.393324 -2.528503 26.648733 0.000000 0.000000 
-6.837549 -21.709263 -0.616627 -4.017128 23.279364 0.000000 0.000000 
-7.159696 -21.602619 0.260952 -4.523285 23.233473 0.000000 0.000000 
6.649419 -22.386356 -0.218030 8.595016 37.614704 0.000000 0.000000 
6.620807 -22.632732 -0.395328 13.856888 37.860401 0.000000 0.000000 
-0.812787 -24.312080 -1.067941 11.343338 37.459549 1.000000 0.000000 
-0.715783 -24.330742 -1.083014 11.377510 39.574631 1.000000 0.000000 
-7.073973 -23.054905 -0.453327 -5.440704 20.034805 0.000000 0.000000 
-6.807219 -23.163044 -1.285543 -4.766731 21.408951 0.000000 0.000000 
-1.175728 -24.479034 -1.067271 10.299309 38.694298 1.000000 0.000000 
-0.460989 -24.754803 -1.226831 3.016815 31.566736 1.000000 0.000000 
-0.077501 -24.799690 -0.396625 2.140823 33.304859 1.000000 0.000000 
-7.522501 -23.971828 -0.852637 -7.877159 19.884985 0.000000 0.000000 
8.166815 -24.360470 -0.308367 -11.339012 20.213892 0.000000 0.000000 
-8.014467 -24.140167 0.182720 -0.115250 27.552673 0.000000 0.000000 
-7.850885 -24.501328 3.514821 -5.416138 22.187834 0.000000 0.000000 
-8.403292 -24.434540 1.879628 -6.529518 20.919588 0.000000 0.000000 
-7.607807 -24.918083 -0.380993 -1.293343 25.197317 0.000000 0.000000 
8.483540 -25.735096 -0.731532 -13.909120 19.918564 0.000000 0.000000 
7.506213 -26.703098 0.967599 -6.992767 24.318686 0.000000 0.000000 
7.342378 -26.953091 2.054328 -8.737968 22.886812 0.000000 0.000000 
7.449337 -27.072254 3.234673 -1.484306 27.362343 0.000000 0.000000 
16.051300 -23.248295 1.866501 -9.124168 20.275633 0.000000 0.000000 
-7.508823 -27.381958 -0.123339 2.425652 28.393795 0.000000 0.000000 
-7.421103 -27.612972 -1.095525 2.827393 27.397324 0.000000 0.000000 
12.531289 -29.158398 3.203435 -7.363037 19.099155 0.000000 0.000000 
-8.275252 -30.479904 2.224634 -1.792397 22.600023 0.000000 0.000000 
-8.023833 -30.563473 2.432180 -4.913109 20.671734 0.000000 0.000000 
15.368524 -29.950928 3.336842 -5.626152 20.910652 0.000000 0.000000 
7.520368 -33.362530 1.291381 -2.856033 22.054398 0.000000 0.000000 
-7.484373 -33.667896 -1.406464 -1.938034 22.819664 0.000000 0.000000 
-7.950546 -33.803844 -0.357854 2.589539 26.848680 0.000000 0.000000 
7.466855 -34.406437 -3.897040 -4.468254 20.477991 0.000000 0.000000 
22.379044 -27.646038 1.529660 -4.466629 19.285696 0.000000 0.000000 
7.178478 -34.803986 -0.775572 -3.189125 21.993876 0.000000 0.000000 
22.145033 -28.308376 1.124980 0.589828 22.631399 0.000000 0.000000 
-7.942479 -37.193947 0.643953 5.183723 26.462481 0.000000 0.000000 
15.406945 -35.592789 3.104898 -5.667366 20.552467 0.000000 0.000000 
6.720952 -38.615177 -0.547006 2.961639 26.588728 0.000000 0.000000 
6.371084 -38.873932 -1.692587 0.610641 25.956755 0.000000 0.000000 
6.617468 -39.098656 -1.671757 -0.433167 24.753334 0.000000 0.000000 
6.419630 -39.339066 -1.999426 -3.978172 21.877539 0.000000 0.000000 
6.658784 -39.417439 -0.184152 3.176857 24.427301 0.000000 0.000000 
22.235527 -33.752483 1.670458 0.084816 23.667210 0.000000 0.000000 
7.706528 -39.577679 3.408225 -2.677567 23.110645 0.000000 0.000000 
5.731123 -40.158104 4.990581 -3.666069 20.561176 0.000000 0.000000 
20.885475 -35.193195 0.560196 -2.815163 20.794916 0.000000 0.000000 
20.993093 -35.516087 0.334207 -1.180389 19.164345 0.000000 0.000000 
4.888260 -40.826538 4.762517 -1.514305 21.663198 0.000000 0.000000 
4.946355 -42.590500 6.893495 -4.185478 17.516815 0.000000 0.000000 
-8.091599 -42.594967 -3.229733 -1.728027 18.796289 0.000000 0.000000 
-7.957092 -42.873013 0.527381 -0.915291 21.105509 0.000000 0.000000 
-7.993181 -49.331703 0.625978 2.622551 22.651388 0.000000 0.000000 
-8.332006 -49.485725 5.646100 -1.827751 20.892315 0.000000 0.000000 
-8.902925 -49.545822 1.399202 5.284279 23.249660 0.000000 0.000000 
-7.569081 -49.838909 5.601094 -2.053909 19.376871 0.000000 0.000000 
-8.165381 -55.614563 0.188062 7.641655 18.716476 0.000000 0.000000 
-24.143864 -58.781647 4.276737 3.562286 16.872168 0.000000 0.000000 
-21.288471 -64.905304 4.149945 4.036987 16.695892 0.000000 0.000000 
-23.015751 -71.281975 7.247859 4.899209 15.127632 0.000000 0.000000 
20.291122 -41.825867 1.114216 -3.706841 19.118732 0.000000 0.000000 
-6.798904 1.494909 -0.000122 -14.705246 26.237656 0.000000 0.000000 
-7.358419 2.747524 -0.026481 -19.804741 23.854406 0.000000 0.000000 
8.232252 3.685162 0.231919 -10.828117 27.469204 0.000000 0.000000 
8.600913 3.052991 -0.322518 -10.873856 26.317747 0.000000 0.000000 
8.783547 3.833171 0.322916 -11.499748 22.382338 0.000000 0.000000 
-5.685488 6.255455 -0.268643 -31.791492 12.530176 0.000000 0.000000 
-6.222608 5.953173 -0.137775 -26.745514 11.732285 0.000000 0.000000 
-6.172522 7.148607 -0.265483 -22.037247 17.454081 0.000000 0.000000 
-6.868560 5.732996 0.176699 -21.406738 9.985676 0.000000 0.000000 
-5.631885 8.291862 -0.268815 -24.932869 15.923851 0.000000 0.000000 
-6.941444 6.359978 0.223809 -16.812225 19.109890 0.000000 0.000000 
-6.623718 7.313661 0.465457 -19.528351 17.580296 0.000000 0.000000 
-6.549866 7.537237 0.088540 -27.253250 13.920662 0.000000 0.000000 
-6.730811 7.239660 0.060224 -19.230324 15.710281 0.000000 0.000000 
-6.900795 6.958778 0.162656 -20.169289 17.171923 0.000000 0.000000 
-6.474052 8.010515 1.039932 -25.758804 14.049805 0.000000 0.000000 
-6.824159 7.401546 0.307992 -22.511948 14.617653 0.000000 0.000000 
-7.153519 6.669835 0.446248 -21.906967 16.023077 0.000000 0.000000 
-6.075345 8.734303 -0.260066 -21.464943 19.265228 0.000000 0.000000 
-5.864204 9.166927 0.052961 -36.632721 11.059162 0.000000 0.000000 
-5.888143 9.138298 -0.010438 -27.909622 14.231558 0.000000 0.000000 
-7.509163 7.118352 0.031950 -26.500443 8.639973 0.000000 0.000000 
7.315563 7.625267 0.039860 -4.755974 30.881145 0.000000 0.000000 
7.421440 7.435386 0.041464 -4.328445 27.138817 0.000000 0.000000 
-6.888599 8.382700 0.065589 -14.205177 20.997875 0.000000 0.000000 
-7.217927 8.420311 0.205989 -18.085052 16.754128 0.000000 0.000000 
-6.087873 9.962425 -0.277663 -17.910439 23.958044 0.000000 0.000000 
-6.773835 9.282040 -0.782509 -21.860619 20.227243 0.000000 0.000000 
-6.913646 9.149198 0.508021 -17.057899 19.032240 0.000000 0.000000 
-6.659571 9.901139 0.358550 -17.540512 22.457867 0.000000 0.000000 
7.611219 8.831409 0.024622 -20.416161 16.672928 0.000000 0.000000 
8.756437 6.427054 0.100054 -9.922699 19.683016 0.000000 0.000000 
7.248270 9.552045 0.079583 -17.172478 16.911034 0.000000 0.000000 
8.732997 6.977515 0.053088 -15.095749 15.949951 0.000000 0.000000 
-6.770907 10.278876 0.035038 -11.430908 25.337763 0.000000 0.000000 
8.676914 7.265151 0.196423 -10.647797 18.167347 0.000000 0.000000 
-6.892260 10.178523 0.133004 -16.204918 21.026648 0.000000 0.000000 
8.869124 7.009391 0.116575 -12.577148 18.214142 0.000000 0.000000 
-7.369712 9.957418 0.514769 -20.988914 17.178171 0.000000 0.000000 
8.753570 7.724263 0.110130 -5.688606 24.732407 0.000000 0.000000 
-6.840768 10.696913 0.169877 -19.586685 21.975277 0.000000 0.000000 
8.963659 8.521845 0.091276 -15.319954 13.245352 0.000000 0.000000 
7.973812 10.112335 0.073178 -22.495911 13.677526 0.000000 0.000000 
7.552532 10.794344 0.168880 -14.631523 21.000744 0.000000 0.000000 
8.566112 9.483742 0.120907 -15.914291 17.360762 0.000000 0.000000 
8.853554 9.088769 0.254634 -24.055206 12.012733 0.000000 0.000000 
8.796931 9.490938 0.201061 -17.163483 18.229439 0.000000 0.000000 
8.933414 9.489311 -0.952495 -23.114723 11.669292 0.000000 0.000000 
8.346479 10.620268 -0.996608 -8.123589 23.604792 0.000000 0.000000 
8.610468 10.375774 0.232967 -12.882874 20.662434 0.000000 0.000000 
9.218147 9.548086 0.228480 -19.693726 14.569635 0.000000 0.000000 
8.423340 11.087116 0.123841 -16.474403 24.062904 0.000000 0.000000 
7.979669 12.430166 0.226869 -13.518555 23.883018 0.000000 0.000000 
8.216063 12.492684 0.133934 -15.437654 24.873947 0.000000 0.000000 
7.742028 13.333076 0.114265 -15.665146 24.484365 0.000000 0.000000 
8.137206 13.421068 0.234432 -10.368401 27.262245 0.000000 0.000000 
8.127995 13.675644 0.208713 -20.144905 18.331409 0.000000 0.000000 
8.505441 14.640557 0.630205 -12.408928 21.402597 0.000000 0.000000 
7.228545 16.349617 0.460398 -18.851547 25.707874 0.000000 0.000000 
8.560882 15.873240 2.008707 -13.983307 18.601376 0.000000 0.000000 
7.858455 16.962521 0.347893 -5.800705 28.889977 0.000000 0.000000 
7.966466 17.132568 0.600192 -13.380722 24.967686 0.000000 0.000000 
9.746391 16.095860 1.441525 -20.126251 13.332659 0.000000 0.000000 
7.563397 18.103910 0.309429 -15.359276 24.374542 0.000000 0.000000 
7.705926 18.078400 0.497557 -19.840874 17.837267 0.000000 0.000000 
7.953344 18.682571 0.342758 -9.759995 24.563675 0.000000 0.000000 
8.008606 18.846888 -0.243654 -17.092201 22.170570 0.000000 0.000000 
7.891722 18.923864 0.555763 -25.074638 13.743168 0.000000 0.000000 
8.236994 19.925547 -0.127978 -10.771736 26.262280 0.000000 0.000000 
8.083811 20.191422 0.450261 -9.989006 27.682461 0.000000 0.000000 
8.404469 21.358210 -0.311233 -8.611504 28.056505 0.000000 0.000000 
8.819131 21.264771 2.513516 -28.105812 12.257664 0.000000 0.000000 
8.382367 21.726942 0.544949 -10.247293 25.567511 0.000000 0.000000 
8.818645 21.834114 0.683321 -22.562515 21.591711 0.000000 0.000000 
8.850588 22.544273 0.492614 -6.381424 28.288355 0.000000 0.000000 
16.492373 22.217861 -3.076695 -5.953339 15.698336 0.000000 0.000000 
-18.580215 16.552261 2.532583 5.807938 29.249695 1.000000 0.000000 
-3.307458 35.873154 -0.272938 -9.025612 21.602057 1.000000 0.000000 
-3.257060 36.224228 0.024735 -13.090408 15.020163 1.000000 0.000000 
-3.324049 36.547764 -0.436642 16.674194 41.673882 1.000000 0.000000 
-3.331443 36.553200 -0.120942 5.574708 31.611961 1.000000 0.000000 
-3.330257 36.601326 -0.502562 1.992561 30.934204 1.000000 0.000000 
-3.334301 36.653492 -0.290979 13.866714 40.221439 1.000000 0.000000 
-3.299756 36.665874 -0.331426 15.880562 39.620178 1.000000 0.000000 
-3.761324 36.926678 -1.496861 -0.647903 26.547976 1.000000 0.000000 
-2.749844 37.036583 -0.726460 -6.783386 21.841797 1.000000 0.000000 
-3.288428 37.040310 0.668348 -8.845680 17.167799 1.000000 0.000000 
-3.182739 37.065357 -0.735651 -22.927307 4.877113 1.000000 0.000000 
-4.496485 36.926544 -1.035944 -9.681137 18.434526 1.000000 0.000000 
-3.381636 37.204906 -0.449778 2.568748 27.490473 1.000000 0.000000 
-3.382735 37.272221 -0.424207 -9.224281 17.981207 1.000000 0.000000 
-4.506382 37.279247 -0.442623 -5.457787 21.251429 1.000000 0.000000 
-4.025907 37.441017 -0.506898 -13.048073 13.908886 1.000000 0.000000 
-4.291970 37.785954 -0.690739 -7.097664 23.803568 1.000000 0.000000 
-4.435327 37.793198 -0.888156 -17.854195 11.724979 1.000000 0.000000 
-3.900574 37.893070 -0.303608 -9.126282 19.995914 1.000000 0.000000 
-4.370278 37.871429 -0.577178 -7.997330 19.502197 1.000000 0.000000 
-3.349736 38.320122 0.732416 -2.014183 26.259552 1.000000 0.000000 
-3.197176 38.387539 -2.212632 -1.707863 23.748554 1.000000 0.000000 
-4.512376 39.052399 -0.861817 -2.327446 24.089947 1.000000 0.000000 
-4.313743 39.089409 -0.685602 -3.268089 20.926401 1.000000 0.000000 
-4.680571 39.283810 -0.511882 -13.209488 13.015327 1.000000 0.000000 
-4.192366 39.515755 -0.759013 -2.508118 22.125063 1.000000 0.000000 
-4.151143 39.527039 -0.642516 -8.203003 15.499098 1.000000 0.000000 
-3.684771 39.655033 -0.651355 -9.259666 17.209671 1.000000 0.000000 
-4.218328 39.927780 -0.829587 -10.478439 14.576483 1.000000 0.000000 
-3.976588 40.058414 -0.799510 -13.499413 16.926748 1.000000 0.000000 
-4.194733 40.438824 -0.974117 -4.976433 18.067345 1.000000 0.000000 
-4.305545 40.423752 -0.689456 -12.423393 11.258392 1.000000 0.000000 
0.384756 44.142220 -0.710021 -9.140221 13.648018 1.000000 0.000000 
0.539652 44.732899 -0.579793 -4.060692 17.791256 1.000000 0.000000 
0.445684 44.813942 -0.711751 17.499390 37.905357 1.000000 0.000000 
0.470567 44.817623 -0.645332 12.686142 34.221619 1.000000 0.000000 
0.421086 44.916771 -0.750098 14.165909 33.852695 1.000000 0.000000 
0.753570 44.913033 -0.456058 -9.327881 12.581459 1.000000 0.000000 
0.559780 44.982082 -0.512993 6.904274 28.363899 1.000000 0.000000 
0.492555 45.209930 -0.572942 15.875481 36.757107 1.000000 0.000000 
1.713283 45.197865 -0.090773 -5.022377 21.011562 1.000000 0.000000 
0.494036 45.250050 -0.587174 14.709450 35.835716 1.000000 0.000000 
0.450132 45.246941 -0.713264 -14.853340 9.666328 1.000000 0.000000 
0.456351 45.262562 -0.619783 13.559311 33.332722 1.000000 0.000000 
1.189986 45.340435 -0.401457 -15.027184 6.104339 1.000000 0.000000 
0.523494 45.363518 -0.416295 -14.639374 6.846794 1.000000 0.000000 
0.632295 45.478516 -1.159062 -2.874840 18.445595 1.000000 0.000000 
0.481686 45.504986 -0.701933 10.328941 30.723917 1.000000 0.000000 
-0.141813 45.751804 -0.859240 -1.870674 20.308319 1.000000 0.000000 
0.570039 45.792805 -0.744568 2.633911 25.546249 1.000000 0.000000 
0.346458 46.017475 -0.491226 -11.691689 7.841354 1.000000 0.000000 
0.451383 46.032940 -0.248729 -6.143127 16.193962 1.000000 0.000000 
0.411909 46.081360 -0.797726 14.305046 32.498196 1.000000 0.000000 
0.518299 46.107555 0.047443 -9.569984 14.149015 1.000000 0.000000 
0.444792 46.196804 -0.747411 7.556610 25.948351 1.000000 0.000000 
0.419535 46.203461 -0.760450 20.244499 41.842766 1.000000 0.000000 
0.418861 46.209511 -0.778092 20.746765 39.011265 1.000000 0.000000 
0.536435 46.213776 -0.695248 12.052322 32.560314 1.000000 0.000000 
0.626466 46.234322 -0.621332 7.946602 29.733406 1.000000 0.000000 
0.770343 46.568306 -0.332033 -5.676872 19.492714 1.000000 0.000000 
0.365528 46.874752 -0.828543 -8.413742 16.029661 1.000000 0.000000 
0.434826 46.951534 -0.492383 -19.994728 5.973205 1.000000 0.000000 
1.001794 46.972065 -0.367887 -6.247406 17.784069 1.000000 0.000000 
0.754164 47.407848 -1.324922 -10.343765 17.343029 1.000000 0.000000 
1.147485 47.581573 -0.958977 -13.789909 11.016048 1.000000 0.000000 
0.584191 47.620781 -0.036974 -14.063339 12.397438 1.000000 0.000000 
0.920976 47.756065 -2.510983 -14.530861 10.843884 1.000000 0.000000 
4.206189 46.408260 -0.571496 -10.032852 12.644945 1.000000 0.000000 
4.313944 46.407993 -0.618216 -10.921730 12.761312 1.000000 0.000000 
4.219830 46.976826 -0.458626 6.249947 28.443766 1.000000 0.000000 
4.278003 47.164829 -0.917693 -2.270073 19.775526 1.000000 0.000000 
4.272339 47.497871 -0.485249 -12.089517 12.182859 1.000000 0.000000 
4.390866 47.501003 -0.549922 -16.491173 8.696335 1.000000 0.000000 
4.253417 47.584827 -0.550214 8.336502 27.471901 1.000000 0.000000 
4.045328 47.605007 -0.461305 12.523476 31.931341 1.000000 0.000000 
4.180867 47.678345 -0.526063 10.562286 31.253170 1.000000 0.000000 
4.091914 47.728573 -0.475677 8.758553 29.511747 1.000000 0.000000 
4.196151 47.769585 -0.683440 2.333725 24.710659 1.000000 0.000000 
4.970678 48.097488 -0.987661 -1.968582 20.796139 1.000000 0.000000 
4.460986 48.162987 -0.764009 12.368240 34.514469 1.000000 0.000000 
4.962444 48.201042 -0.656628 0.268829 21.454605 1.000000 0.000000 
4.651269 48.296486 -1.338500 0.530449 22.173195 1.000000 0.000000 
4.567101 48.323101 -0.753195 14.995346 34.918903 1.000000 0.000000 
4.350360 48.403816 0.151211 -4.595467 18.209814 1.000000 0.000000 
3.876419 48.532848 -0.492717 -3.619835 18.861410 1.000000 0.000000 
4.065410 48.727665 -0.345819 -19.921738 7.372837 1.000000 0.000000 
4.528697 48.866837 -0.710903 3.548683 26.746407 1.000000 0.000000 
4.380051 49.303619 -0.669895 -15.525024 9.394604 1.000000 0.000000 
4.406868 49.349792 -1.203373 -21.375061 9.621910 1.000000 0.000000 
4.128575 49.430855 -0.938567 -15.597366 9.821747 1.000000 0.000000 
4.229435 49.484413 -0.656127 -21.913452 5.019691 1.000000 0.000000 
4.811701 49.534851 -0.880782 -20.922096 4.253913 1.000000 0.000000 
4.520525 49.692978 0.215294 -9.964706 15.169970 1.000000 0.000000 
3.585578 49.844597 -0.469401 -23.281609 3.762119 1.000000 0.000000 
4.966773 49.971062 -0.219037 -12.854196 10.357124 1.000000 0.000000 
5.024376 50.023460 -0.989421 -15.349092 8.039135 1.000000 0.000000 
4.975125 50.238293 -1.221667 -15.080316 11.612797 1.000000 0.000000 
5.096302 50.685883 -0.224871 -18.841537 5.476066 1.000000 0.000000 
4.894032 50.811947 -0.488047 -19.764954 5.900730 1.000000 0.000000 
5.193794 51.120911 -0.646098 -14.845543 10.077148 1.000000 0.000000 
4.645618 51.753300 -0.697870 -20.358086 6.019107 1.000000 0.000000 
4.760619 51.829746 -0.457085 -19.297432 6.790702 1.000000 0.000000 
0.985384 60.370598 -0.957950 -7.528595 17.145370 1.000000 0.000000 
1.379482 61.102882 -0.768125 -12.285707 13.679430 1.000000 0.000000 
1.233187 61.660065 -0.763401 1.123177 24.764250 1.000000 0.000000 
1.310268 61.686039 -0.563942 3.769547 29.085815 1.000000 0.000000 
1.414545 61.766735 -0.975519 -4.625961 19.956177 1.000000 0.000000 
0.853614 61.782253 -0.966658 0.378098 25.434193 1.000000 0.000000 
0.967613 62.407227 -0.786728 -20.527069 9.200363 1.000000 0.000000 
1.456726 62.630531 -0.620640 -16.716362 13.317690 1.000000 0.000000 
0.499788 62.732765 -0.874768 -17.784935 9.790634 1.000000 0.000000 
0.992447 62.755924 -0.962384 -19.414268 7.516613 1.000000 0.000000 
1.972273 62.931290 -0.891424 -2.513374 20.247839 1.000000 0.000000 
1.755485 63.015076 -0.981877 -2.486755 21.545870 1.000000 0.000000 
1.154636 63.073128 -0.884954 -2.993256 21.295555 1.000000 0.000000 
1.931430 63.059387 -0.919617 1.664505 28.681103 1.000000 0.000000 
-7.780016 85.293701 2.129219 -13.761743 7.962718 1.000000 0.000000 
-7.843439 85.305321 2.187289 -0.276619 20.328751 1.000000 0.000000 
-7.949462 85.317955 2.249381 -12.818077 9.302082 1.000000 0.000000 
-8.578507 85.894417 1.800916 -10.466881 10.262726 1.000000 0.000000 
-7.938097 85.984314 2.473098 -20.341690 4.689662 1.000000 0.000000 
-7.900688 86.058479 2.301867 -6.265068 15.049576 1.000000 0.000000 
-9.180284 85.955215 1.404625 -3.963913 19.072092 1.000000 0.000000 
-9.735221 85.996323 1.791675 -16.034866 9.644077 1.000000 0.000000 
-8.329059 86.374901 2.223858 -16.962189 7.949279 1.000000 0.000000 
-10.107862 152.517212 -1.714421 -5.025116 6.551822 1.000000 0.000000 
-11.691591 153.176788 -0.883765 -13.675308 1.709507 1.000000 0.000000 
-10.299273 153.524261 -0.383566 -6.383125 5.510288 1.000000 0.000000 
-10.142426 153.820129 -1.888635 1.715584 12.083260 1.000000 0.000000 
-10.145508 153.901031 2.744463 -2.703857 10.145470 1.000000 0.000000 
-10.262661 153.946411 -1.188013 0.097481 11.185257 1.000000 0.000000 
-9.583941 154.018982 0.867915 -7.743866 6.334152 1.000000 0.000000 
-9.848263 154.079315 -2.760122 -5.327423 6.268154 1.000000 0.000000 
-10.521599 154.359314 1.268372 -3.114243 8.630703 1.000000 0.000000 
-10.981887 154.624268 -1.150083 -0.740891 10.947441 1.000000 0.000000 
-11.142505 154.650665 -0.349792 -7.654915 3.692222 1.000000 0.000000 
-10.759406 154.749481 3.992827 -5.650284 5.939601 1.000000 0.000000 
-10.085842 154.981567 0.226912 -11.160042 2.294868 1.000000 0.000000 
-11.578536 155.099579 0.287232 -8.728157 4.027381 1.000000 0.000000 
-10.372959 155.218933 -1.486852 -4.003212 7.227630 1.000000 0.000000 
-9.571297 155.650787 -0.320951 -3.474777 8.361752 1.000000 0.000000 
-9.896439 155.689148 -2.733999 -10.195778 3.555862 1.000000 0.000000 
-11.577274 155.598114 -1.350320 -12.206810 1.848541 1.000000 0.000000 
-9.676069 155.976196 -1.648857 0.439644 11.284588 1.000000 0.000000 
-11.562537 155.898468 -0.218776 -6.960434 5.272949 1.000000 0.000000 
-10.183898 155.992584 -1.921183 -0.466080 9.972324 1.000000 0.000000 
-10.269596 156.164673 -0.864873 -1.276978 9.690929 1.000000 0.000000 
-10.553887 156.173615 -0.173803 -1.953125 8.965191 1.000000 0.000000 
-10.546963 156.532990 -1.021290 -3.280518 7.473003 1.000000 0.000000 
-10.135092 156.566681 -1.190402 -4.624931 6.041008 1.000000 0.000000 
-11.096141 156.592285 -1.297265 -8.570648 3.623550 1.000000 0.000000 
-10.555351 156.850281 -0.704870 -4.650604 6.527626 1.000000 0.000000 
-9.786428 157.438385 -1.208601 -10.780960 3.695225 1.000000 0.000000 
-10.259910 157.620026 -0.908950 -5.958977 5.331047 1.000000 0.000000 
-10.705643 157.737976 -1.105423 3.938301 13.113058 1.000000 0.000000 
-11.944355 157.693756 -3.653559 -5.943787 3.522987 1.000000 0.000000 
-10.204905 157.869354 -0.491747 -4.897934 3.829410 1.000000 0.000000 
-9.552703 157.918304 0.659032 -8.014748 2.934784 1.000000 0.000000 
-10.018520 157.903168 -0.016684 0.786949 10.611607 1.000000 0.000000 
-10.459221 157.903107 -1.151302 21.542915 29.086351 1.000000 0.000000 
-9.873589 157.957123 -0.392808 15.406662 22.405602 1.000000 0.000000 
-10.303065 157.987488 -0.959097 22.655403 29.707485 1.000000 0.000000 
-10.075240 158.049591 -1.045795 3.826439 13.623743 1.000000 0.000000 
-10.099781 158.268707 -1.278466 2.817574 12.479734 1.000000 0.000000 
-10.421761 158.400909 -1.092116 13.781418 20.689747 1.000000 0.000000 
-10.364860 158.451630 0.323527 -4.395874 5.766071 1.000000 0.000000 
-10.501205 158.445923 -1.670732 -6.160019 3.361213 1.000000 0.000000 
-10.454860 158.559723 -1.206417 21.553398 28.611526 1.000000 0.000000 
-10.317259 158.596436 -1.108191 20.486130 27.634640 1.000000 0.000000 
-10.090401 158.453094 0.663396 -10.708572 2.393314 1.000000 0.000000 
-10.577183 158.682617 0.181339 -2.733025 7.272296 1.000000 0.000000 
-10.911311 158.892578 0.939304 -9.498779 1.674892 1.000000 0.000000 
-9.940115 159.241241 0.279734 -2.985840 7.512363 1.000000 0.000000 
-10.178988 159.264587 -1.910557 5.217049 14.540567 1.000000 0.000000 
-10.517698 159.283112 -1.777661 -4.287018 6.557140 1.000000 0.000000 
-10.538256 159.344727 -0.736520 -1.643387 8.009861 1.000000 0.000000 
-10.131149 159.476624 -1.966007 -5.903618 5.232711 1.000000 0.000000 
-10.060887 159.584686 -0.852944 1.120186 9.621788 1.000000 0.000000 
-9.662275 159.669342 -0.348203 -10.535141 1.378448 1.000000 0.000000 
-10.777939 159.626801 -1.584759 -3.646919 6.350959 1.000000 0.000000 
-10.097178 159.976105 -1.592100 2.478127 11.730484 1.000000 0.000000 
-10.563249 160.016449 -1.735502 5.688728 15.379900 1.000000 0.000000 
-10.277072 160.043976 -1.568534 2.835030 12.311028 1.000000 0.000000 
-9.587351 160.272980 -1.153587 -1.209473 9.878548 1.000000 0.000000 
-10.256464 160.437256 -2.066003 2.883820 12.940620 1.000000 0.000000 
-10.685427 160.416992 -1.645210 -7.313034 5.723514 1.000000 0.000000 
-10.578441 160.524841 0.455788 0.392601 10.535755 1.000000 0.000000 
-9.542034 160.671295 -0.464535 -5.588226 5.369293 1.000000 0.000000 
-11.207808 160.747986 0.690245 3.548668 13.847237 1.000000 0.000000 
-9.212091 161.207581 -1.557693 -9.406898 2.305481 1.000000 0.000000 
-10.701482 161.230621 -0.037621 5.439171 14.712000 1.000000 0.000000 
-9.946366 161.501953 -1.544895 2.524384 13.367279 1.000000 0.000000 
-9.894352 161.705994 -1.478507 3.289567 13.075838 1.000000 0.000000 
-9.999911 161.711426 -1.687344 -0.693031 9.446674 1.000000 0.000000 
-9.848253 161.799896 -1.861536 0.119003 9.960320 1.000000 0.000000 
-9.739044 162.188843 -2.167480 -0.152298 10.339924 1.000000 0.000000 
-9.578170 162.391968 -0.512139 -0.702156 10.099915 1.000000 0.000000 
-9.746461 162.404205 -1.355464 -0.516045 9.014153 1.000000 0.000000 
-9.727591 162.652405 -0.527047 -1.065269 9.222622 1.000000 0.000000 
-9.946529 162.960907 -2.176168 -1.073318 9.278271 1.000000 0.000000 
-9.891232 163.067749 -1.869486 -4.480232 6.481887 1.000000 0.000000 
-9.908683 163.089935 -1.191451 -0.718277 9.348633 1.000000 0.000000 
-10.152665 163.099030 -1.240890 8.737663 16.705956 1.000000 0.000000 
-9.609414 163.178009 -0.526296 -2.653191 6.457611 1.000000 0.000000 
-10.007860 163.160156 -0.624221 -4.005241 6.930748 1.000000 0.000000 
-9.842650 163.181488 -1.586408 4.635231 13.348839 1.000000 0.000000 
-9.824002 163.288727 -1.538297 4.246323 13.492741 1.000000 0.000000 
-9.585481 163.303741 -1.256190 3.690109 13.400145 1.000000 0.000000 
-10.610513 163.813293 -0.939633 -5.330917 7.036895 1.000000 0.000000 
-10.167531 163.888641 -0.573113 4.127869 13.383623 1.000000 0.000000 
-9.782801 164.008972 0.197788 -6.620438 5.690029 1.000000 0.000000 
-9.533349 164.042145 -1.043711 -3.912872 6.892437 1.000000 0.000000 
-9.927156 164.033020 0.057562 -5.190613 5.581356 1.000000 0.000000 
-10.010988 164.106110 -1.667036 3.005806 11.881893 1.000000 0.000000 
-10.034284 164.396240 -1.782571 -6.338547 6.123004 1.000000 0.000000 
-10.337510 164.460114 -1.495152 -4.867882 5.774051 1.000000 0.000000 
-10.544378 164.550934 -1.326124 -4.698952 4.936115 1.000000 0.000000 
-10.153517 164.686066 -1.550852 7.332741 16.007860 1.000000 0.000000 
-10.170223 164.774841 -2.000587 -3.049583 7.347137 1.000000 0.000000 
-10.268052 165.186981 -1.702512 4.065514 13.050602 1.000000 0.000000 
-10.306327 165.213470 -2.115677 -4.071442 6.703929 1.000000 0.000000 
-10.307738 165.394531 -1.824515 9.929642 18.084805 1.000000 0.000000 
-10.275684 165.537170 -0.521931 2.335335 11.069221 1.000000 0.000000 
-10.246212 165.632233 -2.262994 6.242912 15.113029 1.000000 0.000000 
-10.376375 166.063690 -1.547663 1.143166 10.498371 1.000000 0.000000 
-10.456608 166.214294 -1.369776 18.765091 26.596594 1.000000 0.000000 
-10.126446 166.238892 -1.505942 7.327011 16.243765 1.000000 0.000000 
-10.527181 166.307343 -1.468335 7.994316 15.850012 1.000000 0.000000 
-10.305210 166.583344 -1.592207 12.634514 20.721624 1.000000 0.000000 
-10.432558 166.779510 -0.541110 -6.768448 3.264908 1.000000 0.000000 
-10.746327 166.770630 -1.584598 -3.034767 6.297641 1.000000 0.000000 
-10.532237 166.869781 -1.150606 14.465408 22.039062 1.000000 0.000000 
-9.809210 167.140411 -1.526796 -7.073570 4.905780 1.000000 0.000000 
-10.623583 167.330170 -2.594593 -5.647827 6.368450 1.000000 0.000000 
-10.711206 167.390015 -1.728835 5.734917 13.328478 1.000000 0.000000 
-10.468617 167.783875 -1.023209 1.133240 11.411442 1.000000 0.000000 
-10.570032 167.787231 -1.988761 -5.171379 5.132129 1.000000 0.000000 
-10.182066 168.116302 -1.691916 -8.077354 4.599704 1.000000 0.000000 
-10.437306 168.168701 -2.727976 -4.487709 5.638584 1.000000 0.000000 
-10.575119 168.170410 -1.780564 -5.462418 5.698352 1.000000 0.000000 
-10.433157 168.212341 0.082649 -7.982788 3.521400 1.000000 0.000000 
-10.087309 168.665222 -1.710207 -7.219292 3.969005 1.000000 0.000000 
-10.652459 169.089600 -1.175728 -9.535255 2.184158 1.000000 0.000000 
-10.780898 169.183136 -0.811785 -9.150803 3.362865 1.000000 0.000000 
-5.056358 211.317871 -1.693312 -4.562317 3.913563 1.000000 1.000000 
-5.641700 211.871887 -2.643335 1.977676 9.962799 1.000000 1.000000 
-5.940604 212.044586 -3.030252 -3.284111 7.035194 1.000000 1.000000 
-5.770515 212.221252 -4.049212 -2.063240 5.712379 1.000000 1.000000 
-5.137167 212.512939 -4.233088 -5.592728 3.669128 1.000000 1.000000 
-5.149067 212.599792 -3.272962 1.562424 8.612103 1.000000 1.000000 
-5.393285 56.881546 4.453589 -7.440315 19.978073 0.000000 0.000000 
9.765787 58.553932 0.282844 -17.976479 10.441349 0.000000 0.000000 
29.740450 63.529430 1.792751 -10.209213 11.003304 0.000000 0.000000 
29.424076 63.783619 2.326594 -10.167313 10.749744 0.000000 0.000000 
31.074327 64.421219 1.895309 -15.094049 6.230587 0.000000 0.000000 
31.626049 66.722885 2.593110 -9.600174 8.943260 0.000000 0.000000 
32.684471 69.804443 2.126925 -14.481430 4.133052 0.000000 0.000000 
33.096565 70.139450 2.310346 -10.450058 8.218140 0.000000 0.000000 
32.832420 70.521095 2.892433 -10.645027 9.734180 0.000000 0.000000 
-6.306716 -0.892589 -0.822349 -7.890781 44.128494 0.000000 0.000000 
-6.312324 -0.656759 -0.802202 -23.620808 28.871859 0.000000 0.000000 
-6.308256 -1.387153 -0.598406 -30.421375 21.566845 0.000000 0.000000 
-6.215166 0.409275 -0.490984 -21.635475 27.166073 0.000000 0.000000 
-6.421873 -0.844421 -0.804932 -9.329170 41.332550 0.000000 0.000000 
-6.338505 0.153348 -0.672407 -20.695305 26.153051 0.000000 0.000000 
-6.256085 0.820934 -0.630392 -22.883842 24.464066 0.000000 0.000000 
-6.564684 -0.877556 0.180694 -25.221539 26.046553 0.000000 0.000000 
-6.551774 -1.656094 -0.650747 -25.016808 24.524443 0.000000 0.000000 
-6.630169 -1.115947 -0.409400 -24.685326 26.360638 0.000000 0.000000 
-6.501763 0.868297 0.044784 -17.153210 29.362230 0.000000 0.000000 
-6.798553 -0.714332 0.327448 -19.800892 30.650587 0.000000 0.000000 
-6.745705 0.001062 -0.010702 -19.360092 28.847723 0.000000 0.000000 
-6.631156 0.643570 0.262779 -16.109100 31.070034 0.000000 0.000000 
-6.728376 0.338030 -0.183900 -15.564140 27.856960 0.000000 0.000000 
-6.810301 -1.577604 0.051411 -16.629868 29.754789 0.000000 0.000000 
-6.827116 -1.436293 0.220851 -12.038445 33.519299 0.000000 0.000000 
-6.849688 -1.096053 0.100769 -13.724449 32.819820 0.000000 0.000000 
-6.678595 -2.330333 0.338775 -23.150345 21.440235 0.000000 0.000000 
-6.801055 -1.912157 0.181646 -17.525238 26.890923 0.000000 0.000000 
-6.710797 0.676872 -0.197693 -18.906570 23.966141 0.000000 0.000000 
-6.896885 -0.070098 0.052995 -17.562153 28.658960 0.000000 0.000000 
-6.737561 -2.627152 -0.891271 -20.716484 22.987661 0.000000 0.000000 
-7.005568 -1.020956 -0.115304 -18.436443 30.515816 0.000000 0.000000 
-6.905616 0.247973 -0.006392 -18.702091 28.510942 0.000000 0.000000 
-6.920915 -1.957109 -0.491205 -18.256195 28.721535 0.000000 0.000000 
-6.860136 -2.278915 0.086098 -15.537827 32.524170 0.000000 0.000000 
-6.816550 -2.470301 -0.075199 -21.791840 24.895699 0.000000 0.000000 
-7.014298 0.652665 -0.039337 -15.369755 24.943089 0.000000 0.000000 
-7.123061 0.188679 0.448989 -9.285645 26.937063 0.000000 0.000000 
-7.098575 -2.198632 0.420937 -21.705402 21.164389 0.000000 0.000000 
-7.226309 -0.423966 0.055831 -11.051552 30.524002 0.000000 0.000000 
-6.846128 1.354610 -0.071944 -12.864166 22.761992 0.000000 0.000000 
-7.230029 -0.272560 -0.014198 -15.643051 24.839354 0.000000 0.000000 
-7.256800 -0.542187 0.094079 -11.034698 26.903067 0.000000 0.000000 
-7.112216 -2.530737 -0.073925 -13.135876 25.909369 0.000000 0.000000 
-7.430018 -1.145551 -0.110863 -18.471569 21.915035 0.000000 0.000000 
-7.401387 -1.840055 0.073124 -20.127079 19.900848 0.000000 0.000000 
-6.924335 1.798252 -0.143800 -13.305176 24.748392 0.000000 0.000000 
-7.054203 -3.288712 0.081805 -16.880043 21.636108 0.000000 0.000000 
-7.493470 -0.634601 0.075171 -15.495767 23.860577 0.000000 0.000000 
-7.403265 -2.920583 0.159599 -15.048359 23.117035 0.000000 0.000000 
-6.979499 -3.994380 -0.308991 -13.905624 22.250359 0.000000 0.000000 
-7.278389 -3.307906 0.043100 -15.371307 19.578718 0.000000 0.000000 
-7.001140 -4.482826 -0.134902 -14.873260 20.198202 0.000000 0.000000 
-7.099907 -4.502845 0.297493 -10.718803 22.216274 0.000000 0.000000 
-6.741857 -5.218148 0.146535 -17.622452 21.171707 0.000000 0.000000 
-6.932075 -5.027715 0.114241 -15.061485 26.744263 0.000000 0.000000 
-7.207304 -4.860731 0.124871 -20.647202 24.500256 0.000000 0.000000 
-7.355421 -4.651981 -0.117062 -20.376350 26.972603 0.000000 0.000000 
-7.136011 -5.126319 0.180691 -15.142418 27.843140 0.000000 0.000000 
-6.945014 -5.404405 0.062345 -14.361694 29.925966 0.000000 0.000000 
-7.287622 -4.964302 -0.524758 -10.569862 28.869009 0.000000 0.000000 
-7.068593 -5.301599 -0.104280 -9.841064 29.556295 0.000000 0.000000 
-7.422419 -4.747770 0.202982 -17.156776 26.391033 0.000000 0.000000 
-6.978667 -5.496048 0.059236 -14.994226 27.696039 0.000000 0.000000 
-7.757750 -4.342507 -0.176695 -19.798592 24.174877 0.000000 0.000000 
-7.377910 -5.178081 0.002378 -22.266891 23.689945 0.000000 0.000000 
-7.113644 -5.616564 0.467855 -6.119011 36.973640 0.000000 0.000000 
-6.795585 -6.056588 -0.454052 -20.765793 23.334984 0.000000 0.000000 
-7.137303 -5.907568 0.015297 -7.121414 36.654770 0.000000 0.000000 
-6.554312 -6.672071 0.857063 -22.388062 22.233774 0.000000 0.000000 
-7.660379 -5.634420 -0.150574 -26.163841 24.889893 0.000000 0.000000 
-7.278332 -6.159939 -0.325982 -22.691605 24.799509 0.000000 0.000000 
-6.873875 -6.686720 -0.315352 -18.749756 30.631573 0.000000 0.000000 
-7.029615 -6.739466 -0.110976 -13.807121 34.713322 0.000000 0.000000 
-7.468042 -6.573677 0.174367 -18.423416 28.049210 0.000000 0.000000 
-7.009693 -7.105700 0.341552 -17.250427 27.695938 0.000000 0.000000 
-6.841768 -7.370655 -0.121763 -24.450874 23.734396 0.000000 0.000000 
-7.312808 -6.960743 -0.204483 -12.992723 31.003874 0.000000 0.000000 
-6.969450 -7.339231 0.050251 -12.565454 31.755230 0.000000 0.000000 
-6.987651 -7.547668 -0.306596 -19.608887 26.501972 0.000000 0.000000 
-7.591408 -7.206369 0.020708 -16.620895 26.888201 0.000000 0.000000 
-6.897616 -7.900235 -0.027561 -11.644012 32.706455 0.000000 0.000000 
-7.737426 -7.249994 0.469373 -19.843948 24.643476 0.000000 0.000000 
-7.443505 -7.662769 0.162898 -19.600044 26.141777 0.000000 0.000000 
-7.279657 -7.834912 -0.233378 -17.277130 26.320650 0.000000 0.000000 
-6.840283 -8.487209 -1.759321 -20.469635 24.087662 0.000000 0.000000 
-7.920848 -7.462997 0.038195 -18.641937 23.982742 0.000000 0.000000 
-7.527002 -7.877908 -0.737259 -14.195282 29.476925 0.000000 0.000000 
-7.546968 -7.938247 -0.130354 -15.636467 30.055653 0.000000 0.000000 
-7.015088 -8.458014 -2.960521 -10.748962 31.126049 0.000000 0.000000 
-7.171320 -8.337645 -0.349241 -14.341965 30.293392 0.000000 0.000000 
-7.809538 -7.910907 -0.444000 -15.901605 27.364502 0.000000 0.000000 
-6.924727 -8.719175 0.101497 -16.447685 27.242632 0.000000 0.000000 
-7.058840 -8.614691 2.840969 -13.542885 28.656166 0.000000 0.000000 
-7.437550 -8.526847 -0.213807 -10.634377 30.965269 0.000000 0.000000 
-7.210334 -8.776322 -0.008170 -11.368652 34.290565 0.000000 0.000000 
-6.880291 -9.081737 -0.711532 -13.385277 26.760921 0.000000 0.000000 
-7.015006 -9.030914 -0.217956 -9.063644 32.245636 0.000000 0.000000 
-7.338759 -9.060594 0.411053 -13.407722 32.381775 0.000000 0.000000 
-6.894389 -9.532630 -0.777007 -13.848869 26.789768 0.000000 0.000000 
-7.267829 -9.268712 1.209188 -12.739151 28.966557 0.000000 0.000000 
-7.300092 -9.350140 0.266228 -20.942673 24.581812 0.000000 0.000000 
-6.869019 -9.807784 -0.671513 -15.437202 23.674143 0.000000 0.000000 
-7.533853 -9.396795 -0.118121 -16.907303 24.001839 0.000000 0.000000 
-11.645580 -0.035637 -0.939799 -18.151543 24.571819 0.000000 0.000000 
-11.631542 0.187783 -0.907493 -17.469299 24.535837 1.000000 0.000000 
-7.017505 -9.891619 -0.216058 -8.297310 32.972988 0.000000 0.000000 
-6.967423 -10.059019 -0.194048 -12.994728 26.011139 0.000000 0.000000 
-6.949416 -10.224355 -0.112809 -9.050034 30.942379 0.000000 0.000000 
-12.087802 -0.335756 -1.049648 -13.696237 26.757397 0.000000 0.000000 
-12.148629 -0.602372 -1.060686 -12.466438 31.188999 0.000000 0.000000 
-7.187581 -10.345911 1.431468 -10.460588 28.593842 0.000000 0.000000 
-12.156000 -0.606466 -1.194903 -15.409775 26.881603 0.000000 0.000000 
-7.157197 -10.348311 -0.122100 -11.286179 27.703535 0.000000 0.000000 
-7.110032 -10.420386 -0.400688 -13.452858 26.827414 0.000000 0.000000 
-6.874546 -10.604969 -0.303846 -16.173065 23.768044 0.000000 0.000000 
-7.043510 -10.729600 -0.073276 -12.567513 28.170895 0.000000 0.000000 
-6.876482 -11.065264 0.167482 -11.517159 27.018270 0.000000 0.000000 
-6.912202 -11.450404 -4.948977 -16.274178 22.942970 0.000000 0.000000 
-7.147666 -11.326310 -0.425558 -17.578178 22.672289 0.000000 0.000000 
-7.159383 -11.461358 -0.174709 -12.919724 28.124865 0.000000 0.000000 
-6.885904 -11.957986 0.010112 -11.088219 29.465336 0.000000 0.000000 
-7.362073 -11.689271 0.314081 -2.732689 36.670006 0.000000 0.000000 
-7.556832 -11.744313 -0.655409 -17.116058 24.329260 0.000000 0.000000 
-7.291414 -11.942357 -0.617911 -4.643326 34.295738 0.000000 0.000000 
-7.040245 -12.385058 0.068987 -6.956909 33.807449 0.000000 0.000000 
-7.073646 -12.367669 -0.927736 -21.696243 21.345337 0.000000 0.000000 
-7.106248 -12.787615 -1.268108 -9.919724 29.444691 0.000000 0.000000 
-7.187163 -12.805175 -0.812456 -7.050133 31.634567 0.000000 0.000000 
-7.023957 -13.138474 -0.287006 -18.424034 27.618259 0.000000 0.000000 
-6.962088 -13.365783 -0.268657 -7.692200 29.999969 0.000000 0.000000 
-6.861341 -13.522519 0.254512 -12.464859 26.789433 0.000000 0.000000 
-6.621730 -13.874938 -0.022042 -15.777626 25.579521 0.000000 0.000000 
-7.113036 -13.702031 0.188236 -13.743652 26.372679 0.000000 0.000000 
-6.658714 -14.026565 0.132209 -17.500114 20.447914 0.000000 0.000000 
-7.241212 -13.838793 -0.868143 -12.625603 27.417446 0.000000 0.000000 
-6.785919 -14.077928 -0.239743 -9.677681 28.985155 0.000000 0.000000 
-6.864740 -14.328939 -1.228889 -12.409370 25.774826 0.000000 0.000000 
-6.935047 -14.562448 -0.781530 -15.629967 20.512316 0.000000 0.000000 
-15.845108 -1.141069 -0.196459 12.447418 43.425468 1.000000 0.000000 
-15.832757 -0.108729 -0.300130 7.587533 37.608723 0.000000 0.000000 
-15.720574 1.200129 -0.389273 -2.226028 28.051882 1.000000 0.000000 
-15.894604 -0.457513 0.037941 3.882729 40.646027 0.000000 0.000000 
-15.872643 0.121273 -0.089820 6.058586 40.332409 0.000000 0.000000 
-15.905327 -0.576416 -0.160898 -0.008759 35.012173 0.000000 0.000000 
-15.770926 1.282229 -0.495590 -6.062363 26.567581 1.000000 0.000000 
-15.732179 1.621181 -0.162163 -8.404877 24.310192 1.000000 0.000000 
-6.763682 -14.910837 -0.373445 -6.367599 26.095360 0.000000 0.000000 
-16.020151 -2.097456 -0.445548 -10.666603 20.976877 1.000000 0.000000 
-16.235765 -1.251620 -0.469373 -4.870804 27.840002 1.000000 0.000000 
-7.430305 -14.974244 1.966816 -7.573532 28.147732 0.000000 0.000000 
-16.316036 -1.701286 -0.214357 -13.365952 25.458286 1.000000 0.000000 
-16.350103 -0.586304 -0.450379 -14.076280 24.289673 1.000000 0.000000 
-16.353907 -1.344918 -0.329161 -11.509727 27.111700 1.000000 0.000000 
-16.360895 -0.542867 -0.252426 -1.221016 35.944317 0.000000 0.000000 
-6.929425 -15.542810 -0.618607 -12.267822 26.990030 0.000000 0.000000 
-6.922866 -15.563756 -1.041297 -15.085190 21.698322 0.000000 0.000000 
-7.889265 -15.143218 1.422698 -8.943817 27.793301 0.000000 0.000000 
-6.757377 -15.893576 -0.455111 -12.278732 23.350449 0.000000 0.000000 
-6.981842 -15.885232 -0.942838 -14.719833 22.126265 0.000000 0.000000 
-6.745298 -16.158916 -0.178925 -11.496132 24.885262 0.000000 0.000000 
-6.881129 -16.161888 -1.137144 -14.795303 21.885754 0.000000 0.000000 
-7.038320 -16.448528 -0.274508 -16.041649 21.326571 0.000000 0.000000 
-6.594983 -16.672878 -0.560438 -12.914467 23.152573 0.000000 0.000000 
7.767138 -15.742642 -0.882329 -4.893311 27.503672 0.000000 0.000000 
-6.924982 -16.899109 -0.010939 -6.260193 28.842909 0.000000 0.000000 
-7.361693 -16.741386 0.179137 -14.489342 21.733620 0.000000 0.000000 
-7.415081 -17.866024 -0.179993 -12.557755 26.379650 0.000000 0.000000 
6.500493 -18.711048 -0.021774 -16.965904 22.872662 0.000000 0.000000 
-21.422659 -3.196684 2.962016 -12.973175 21.038746 0.000000 0.000000 
-21.388546 8.052090 -0.217768 1.754425 30.612009 0.000000 0.000000 
-21.501816 8.066125 -0.118222 -6.502174 22.698978 0.000000 0.000000 
-21.603252 10.689763 3.587808 -4.683784 21.877041 0.000000 0.000000 
-22.598675 9.208718 2.498655 -4.654182 22.261101 0.000000 0.000000 
-21.697664 11.100945 2.886811 2.260406 26.733273 0.000000 0.000000 
-21.891806 10.950775 3.067890 -1.953148 26.627428 0.000000 0.000000 
-7.851580 -24.649544 -4.392258 -8.346550 20.514498 0.000000 1.000000 
-24.657602 -9.632676 1.602376 -7.781479 20.201317 0.000000 0.000000 
-27.517118 1.971768 2.866712 -5.917374 22.963459 0.000000 0.000000 
-27.507126 2.160299 3.458047 -6.044067 21.717258 0.000000 0.000000 
-28.558210 -1.478409 3.722156 -5.540642 23.041096 0.000000 0.000000 
-24.388716 -16.420305 1.346235 -5.172989 20.356945 0.000000 0.000000 
-28.975243 0.856226 3.028939 -6.838196 22.234877 0.000000 0.000000 
-21.786160 -21.525898 -0.438767 5.984498 32.319511 0.000000 0.000000 
-30.179934 -2.069857 2.643825 -7.357880 19.879448 0.000000 0.000000 
-30.155977 3.042174 3.009551 -6.429199 20.486412 0.000000 0.000000 
-30.727459 -3.759332 3.343308 -7.417130 20.421160 0.000000 0.000000 
-22.262691 -22.337795 3.354530 -6.754547 19.678574 0.000000 0.000000 
-22.827007 -22.072441 3.155576 -5.716003 20.429323 0.000000 0.000000 
-21.708548 -23.245281 3.196524 -6.855408 19.189827 0.000000 0.000000 
-21.247305 -23.751175 3.144776 -5.617935 20.415482 0.000000 0.000000 
-22.157936 -23.462318 2.418351 -4.696487 19.999832 0.000000 0.000000 
-22.947052 -22.688061 4.078964 -2.904701 23.038258 0.000000 0.000000 
-22.535030 -23.171494 2.864051 -6.401863 20.344675 0.000000 0.000000 
-30.713684 -11.583390 2.368252 -5.742836 19.606018 0.000000 0.000000 
-32.662746 -0.569966 2.194186 -6.922890 20.673332 0.000000 0.000000 
-22.535458 -24.367176 4.309830 -5.518913 19.062241 0.000000 0.000000 
-33.231640 -0.270521 2.872463 -7.022079 19.655741 0.000000 0.000000 
-33.213364 0.581489 2.494427 -4.574821 22.411406 0.000000 0.000000 
-33.457478 0.200418 2.924630 -8.180954 20.079811 0.000000 0.000000 
-24.818247 -23.398571 3.720770 -6.843109 18.186968 0.000000 0.000000 
-33.984947 0.098115 3.355293 -6.861565 19.884771 0.000000 0.000000 
-30.096447 -17.959000 2.531985 -4.387718 19.390308 0.000000 0.000000 
-35.301174 -7.337209 2.979726 -3.837158 20.770475 0.000000 0.000000 
-35.269241 -7.751451 2.313142 -3.428474 19.999868 0.000000 0.000000 
-35.996529 -2.911168 2.364475 -8.875557 16.504356 0.000000 0.000000 
-35.239300 -8.482066 2.570933 -8.246010 16.368383 0.000000 0.000000 
-37.248428 -0.875079 2.702782 -3.786034 22.173491 0.000000 0.000000 
-37.456985 -0.938655 1.637728 0.210388 25.673792 0.000000 0.000000 
-37.440174 -2.152068 -1.302698 -4.094109 21.634144 0.000000 0.000000 
-7.945981 -37.157799 -2.954898 -4.534920 18.182083 0.000000 0.000000 
-37.833569 -3.857491 2.649461 -2.853508 20.007633 0.000000 0.000000 
-35.780857 -14.429911 2.146284 -1.779495 19.950916 0.000000 0.000000 
-39.196484 -4.075407 2.188360 -5.915291 19.176294 0.000000 0.000000 
-37.904961 9.551435 2.872644 -1.504616 18.565277 0.000000 0.000000 
-41.259575 0.565898 3.001812 -1.528435 20.444103 0.000000 0.000000 
-41.278847 1.101406 2.394716 -4.208656 19.162615 0.000000 0.000000 
-41.385685 0.737996 2.052013 -4.263374 19.598648 0.000000 0.000000 
-41.447906 -1.265938 2.657569 -6.579468 18.132797 0.000000 0.000000 
-41.661133 -0.378146 2.564801 -2.907951 21.281300 0.000000 0.000000 
-36.157543 -22.238098 2.452137 -0.222511 20.549191 0.000000 0.000000 
-29.907480 -30.642052 2.648515 -2.607735 19.666449 0.000000 0.000000 
-39.199520 -28.108322 2.489311 -1.629936 17.541100 0.000000 0.000000 
22.436382 -45.400383 2.901756 7.640633 25.612621 0.000000 0.000000 
23.487411 -45.026962 2.375360 9.588829 25.558874 0.000000 0.000000 
22.743093 -45.532845 2.723055 11.822632 27.886776 0.000000 0.000000 
24.056082 -47.717167 2.875559 1.504684 18.800127 0.000000 0.000000 
23.169445 -48.528065 2.336822 5.838562 22.390831 0.000000 0.000000 
23.850733 -53.284325 2.710840 2.040810 19.009069 0.000000 0.000000 
22.620224 -53.844421 1.907618 13.583389 29.007570 0.000000 0.000000 
22.485262 -54.250996 1.575608 11.626625 26.782860 0.000000 0.000000 
-62.560719 -0.438508 3.376840 8.720879 26.134548 0.000000 0.000000 
-62.589504 -0.171679 4.414666 4.454155 21.687416 0.000000 0.000000 
-62.594521 0.019084 3.649869 5.174286 21.319977 0.000000 0.000000 
-62.725693 -3.242604 1.587950 -0.398819 17.030823 0.000000 0.000000 
-62.839230 -5.010351 4.209128 1.151253 18.046648 0.000000 0.000000 
23.128809 -62.999462 2.279886 30.140594 40.937923 0.000000 0.000000 
7.274557 -66.943512 0.170608 4.524391 19.235531 0.000000 0.000000 
6.197454 -67.121864 2.051806 1.105148 16.606468 0.000000 0.000000 
23.402184 -63.199947 2.239633 31.139717 41.066025 0.000000 0.000000 
22.935059 -63.491043 2.996955 8.486061 21.437496 0.000000 0.000000 
22.675856 -63.682655 3.487033 7.459671 21.091671 0.000000 0.000000 
5.012655 -67.849739 -0.087782 3.303703 17.984831 0.000000 0.000000 
7.684215 -67.632126 -2.052239 1.465408 15.990570 0.000000 0.000000 
7.441825 -67.873520 2.043651 0.315346 15.329435 0.000000 0.000000 
22.157858 -64.595276 2.923108 5.781807 19.582645 0.000000 0.000000 
23.686483 -64.027740 1.257668 2.049469 16.309328 0.000000 0.000000 
-8.759753 -68.118378 0.395229 3.283112 18.265827 0.000000 0.000000 
23.512135 -64.352577 1.211144 1.888054 15.891453 0.000000 0.000000 
6.973549 -69.333313 -4.605760 8.771149 23.516787 0.000000 0.000000 
7.371451 -69.685059 2.381219 3.525192 18.758177 0.000000 0.000000 
8.422029 -69.633423 0.908218 9.372780 23.449368 0.000000 0.000000 
7.371361 -69.976929 0.671102 5.113914 19.708189 0.000000 0.000000 
8.265059 -70.047508 -1.007137 2.975502 17.369394 0.000000 0.000000 
6.251525 -73.171227 1.787475 10.132141 25.315006 0.000000 0.000000 
7.627444 -73.368759 2.706550 7.607765 27.336720 0.000000 0.000000 
10.833237 -73.059433 -5.681949 4.836418 17.454931 0.000000 0.000000 
22.180779 -71.357864 1.293083 5.168144 18.324917 0.000000 0.000000 
10.223754 -74.575500 -1.548946 4.744690 17.392319 0.000000 0.000000 
8.143628 -75.803459 -2.728457 1.826973 16.750248 0.000000 0.000000 
13.527080 -76.640427 4.411214 1.256996 15.704544 0.000000 0.000000 
10.670767 -77.614342 3.404822 1.591553 15.941238 0.000000 0.000000 
12.295928 -77.660622 15.394547 4.301567 18.012732 0.000000 0.000000 
5.612983 -81.231331 -0.816127 6.349007 18.631413 0.000000 0.000000 
6.876551 -83.291542 -1.525838 4.799217 16.791351 0.000000 0.000000 
21.244970 -81.364281 1.552842 4.233444 15.642273 0.000000 0.000000 
23.371210 -81.051445 2.942199 9.280418 20.382221 0.000000 0.000000 
-23.088013 -83.167458 6.201814 7.041131 16.556341 0.000000 0.000000 
3.976263 -87.192085 24.211689 1.765747 17.116686 0.000000 0.000000 
6.966519 -87.705933 -0.173419 -1.905602 15.965113 0.000000 0.000000 
6.275673 -88.050453 -0.938879 4.673592 16.548100 0.000000 0.000000 
9.086346 -88.664665 6.363472 5.969093 16.539528 0.000000 0.000000 
-25.423555 -86.228470 3.330039 6.689110 17.753109 0.000000 0.000000 
-8.426294 -92.159401 4.460834 3.362808 13.940601 0.000000 0.000000 
-8.870510 -92.347221 2.245384 4.832283 16.322456 0.000000 0.000000 
6.268244 -92.691986 1.611285 6.871979 17.701748 0.000000 0.000000 
6.112306 -92.881004 1.584041 4.764549 15.631149 0.000000 0.000000 
4.955341 -94.207153 -0.681616 7.254601 18.580170 0.000000 0.000000 
5.932291 -94.520020 -0.981463 9.074921 20.381948 0.000000 0.000000 
6.883656 -95.226028 0.135077 11.482521 22.047585 0.000000 0.000000 
6.416174 -95.511063 2.356901 12.474411 22.775764 0.000000 0.000000 
7.051889 -95.506096 1.288645 14.062256 23.203218 0.000000 0.000000 
7.400516 -95.673996 2.780966 13.619591 23.513023 0.000000 0.000000 
6.424398 -96.696129 3.589813 11.799011 20.368502 0.000000 0.000000 
6.270525 -96.917496 -0.871377 22.585930 31.546177 0.000000 0.000000 
6.203446 -96.967133 6.036070 11.347557 20.637014 0.000000 0.000000 
6.194175 -97.290489 -0.371602 21.259468 30.610037 0.000000 0.000000 
6.352124 -97.869690 -1.654302 7.895042 18.128931 0.000000 0.000000 
7.337386 -98.703735 1.021375 6.994453 15.626865 0.000000 0.000000 
6.761145 -99.004173 2.143989 6.800468 21.647240 0.000000 0.000000 
5.882787 -99.451004 -0.194828 12.196327 23.981094 0.000000 0.000000 
6.420983 -100.406616 -0.206777 11.146141 20.718269 0.000000 0.000000 
6.207323 -100.667007 -0.943154 16.617065 25.549860 0.000000 0.000000 
6.364823 -101.165825 0.380206 8.477966 17.986904 0.000000 0.000000 
6.337654 -101.380318 -0.234883 12.111298 20.927065 0.000000 0.000000 
6.112144 -101.506462 0.524172 12.968239 21.463327 0.000000 0.000000 
-70.797684 -73.543266 6.031956 7.569878 15.181986 0.000000 0.000000 
6.565884 -101.599075 -0.738829 18.175102 27.407263 0.000000 0.000000 
4.657060 -101.996185 -3.304485 14.370598 24.931753 0.000000 0.000000 
7.114207 -102.774994 2.269940 11.078430 19.702147 0.000000 0.000000 
6.591323 -103.105110 1.202899 12.814667 21.307407 0.000000 0.000000 
6.400367 -103.961868 -2.117328 10.422722 18.258879 0.000000 0.000000 
6.969529 -104.141991 -0.323172 7.390266 17.443762 0.000000 0.000000 
7.139481 -104.298569 1.588013 9.910362 16.281446 0.000000 0.000000 
5.956626 -105.405266 11.489554 15.034470 22.372498 0.000000 0.000000 
6.113228 -105.545067 -3.250787 10.946091 19.709858 0.000000 0.000000 
53.750675 -90.916245 5.570486 19.941650 22.484266 0.000000 0.000000 
6.086100 -105.918625 -3.834820 11.870522 20.011530 0.000000 0.000000 
53.447544 -91.298103 5.701105 19.705757 21.107721 0.000000 0.000000 
7.171707 -106.483444 0.848940 3.627007 15.330357 0.000000 0.000000 
6.132883 -106.847084 -2.250721 9.884003 19.061039 0.000000 0.000000 
55.238056 -92.851974 7.328392 12.754463 14.771530 0.000000 0.000000 
55.012691 -93.203842 7.600969 16.976662 18.622917 0.000000 0.000000 
4.415634 -116.270966 -0.097164 15.741211 23.343533 0.000000 0.000000 
5.391725 -116.578430 0.306070 16.520821 22.748577 0.000000 0.000000 
-9.150512 -117.245163 0.397987 5.327728 12.435699 0.000000 0.000000 
18.947441 -117.784004 0.581598 3.675514 11.337593 0.000000 0.000000 
54.563259 -105.776764 8.189471 15.994858 19.469774 0.000000 0.000000 
54.503132 -106.177345 8.566196 16.153725 18.960714 0.000000 0.000000 
55.773354 -106.584282 8.132441 14.285538 15.196365 0.000000 0.000000 
59.183113 -104.991859 6.304146 17.432083 17.860744 0.000000 0.000000 
52.855179 -108.394867 9.532887 18.518166 20.783192 0.000000 0.000000 
-7.249079 -126.975067 0.723620 10.372620 16.038500 0.000000 0.000000 
58.481361 -115.664398 8.416043 23.491348 25.003489 0.000000 0.000000 
6.174143 -130.648880 0.740391 19.601456 24.594290 0.000000 0.000000 
6.172270 -130.794998 0.337865 10.136467 15.137726 0.000000 0.000000 
-7.526940 -132.343674 0.679170 10.296982 14.903042 0.000000 0.000000 
6.120248 -137.557434 0.454791 26.320831 29.652536 0.000000 0.000000 
57.227173 -127.722664 6.763912 23.966667 24.656918 0.000000 0.000000 
6.302352 -1.053664 -0.734322 2.075439 50.361130 0.000000 0.000000 
6.239717 0.044904 -0.528901 -19.374077 24.345484 0.000000 0.000000 
6.304856 -0.223793 -0.566497 -22.323364 23.205769 0.000000 0.000000 
6.400997 -1.044361 -0.724592 4.598801 49.058594 0.000000 0.000000 
6.400952 -0.566129 -0.674535 -17.552658 27.661098 0.000000 0.000000 
6.367523 -1.642638 -0.642871 -16.829750 28.300516 0.000000 0.000000 
6.413676 -1.267831 -0.507799 -14.316278 28.737104 0.000000 0.000000 
6.327799 -2.270306 -0.660985 -24.237553 22.708759 0.000000 0.000000 
6.498766 0.708492 -0.501259 -16.787437 28.497211 0.000000 0.000000 
6.397014 1.203894 -0.516654 -18.077209 26.759254 0.000000 0.000000 
6.583991 -2.390834 -0.392909 -12.623281 34.557343 0.000000 0.000000 
6.988669 -0.584462 -0.507125 -24.418430 22.890779 0.000000 0.000000 
6.956814 -0.066348 -0.481814 -19.145138 24.343796 0.000000 0.000000 
7.697173 -1.967561 -0.391705 -20.920723 22.836420 0.000000 0.000000 
7.922177 -0.955206 -0.170699 -9.218353 28.778641 0.000000 0.000000 
7.690631 -2.765226 -0.167220 -7.475327 28.987329 0.000000 0.000000 
7.598039 -3.102569 0.183253 -7.593155 26.462328 0.000000 0.000000 
7.909626 -1.597714 -0.309310 -7.187897 29.113853 0.000000 0.000000 
7.942447 -0.573098 0.003875 -12.250175 25.535496 0.000000 0.000000 
7.892185 0.038462 -0.293046 -12.059776 23.489922 0.000000 0.000000 
7.453853 -3.596881 0.182412 -10.274796 24.813335 0.000000 0.000000 
7.947097 -0.141862 0.071005 -7.583549 27.917955 0.000000 0.000000 
8.045062 -0.780801 -0.270084 -4.746239 30.173845 0.000000 0.000000 
7.779482 1.149100 0.411621 8.468483 39.343983 0.000000 0.000000 
8.040262 -0.266252 -0.297237 -7.719276 25.320435 0.000000 0.000000 
7.766790 -2.951903 0.227555 -9.269325 22.876675 0.000000 0.000000 
7.922579 -2.361482 -0.140540 -11.042336 22.860651 0.000000 0.000000 
7.504718 -3.764350 0.316154 -4.927780 24.343170 0.000000 0.000000 
8.130826 -0.245995 -0.112194 -8.793816 21.956802 0.000000 0.000000 
7.794841 1.469051 0.406299 8.937851 39.319180 0.000000 0.000000 
8.071322 0.379621 0.227738 -9.915039 20.725576 0.000000 0.000000 
8.401097 -1.179388 -0.361755 -14.787201 21.552113 0.000000 0.000000 
8.341926 -1.927568 0.019493 -6.608810 29.032333 0.000000 0.000000 
7.732597 -4.057570 0.392312 -10.325272 22.400791 0.000000 0.000000 
7.302288 -5.015114 0.507327 -8.112602 21.422306 0.000000 0.000000 
7.673789 -4.516389 0.016815 -18.422066 23.306866 0.000000 0.000000 
8.198070 -3.453793 -0.092818 -14.888336 19.953606 0.000000 0.000000 
7.631212 -4.761550 -0.041112 -12.788460 20.854992 0.000000 0.000000 
7.967091 -4.123151 0.178275 -10.323257 22.174742 0.000000 0.000000 
8.037514 -4.486244 -0.309535 -8.457695 21.257429 0.000000 0.000000 
6.865491 -6.278100 -0.357065 3.813705 38.341415 0.000000 0.000000 
8.485524 1.652348 0.016907 -7.715202 21.636898 0.000000 0.000000 
7.875523 -4.942156 -1.380967 -15.460922 22.424593 0.000000 0.000000 
8.318376 -4.445178 0.623103 -11.303101 22.587646 0.000000 0.000000 
8.551216 2.152126 0.145968 -11.527237 23.148380 0.000000 0.000000 
8.259560 -4.702181 0.490064 -6.324341 27.500877 0.000000 0.000000 
6.934470 -6.702063 -0.442451 1.538353 36.036087 0.000000 0.000000 
8.763199 2.035914 0.113221 -8.282967 25.110336 0.000000 0.000000 
8.762636 2.054294 0.138423 -8.119881 24.826977 0.000000 0.000000 
8.658375 2.331794 -0.052410 -5.810829 27.724518 0.000000 0.000000 
7.890770 -5.582222 -0.065400 -6.681526 26.619654 0.000000 0.000000 
8.360909 -4.862319 -0.255118 -8.479500 28.156910 0.000000 0.000000 
8.822329 2.079862 -0.654299 -10.985870 24.072559 0.000000 0.000000 
7.144152 -6.939839 -0.467263 -15.785103 20.945311 0.000000 0.000000 
8.871712 -4.900977 -0.463751 -13.492363 21.846674 0.000000 0.000000 
8.462921 -5.700104 -0.364360 -13.652260 23.541489 0.000000 0.000000 
9.648313 -2.707433 0.175223 -18.167595 19.944220 0.000000 0.000000 
8.500053 -5.935962 -0.060246 -14.163940 22.566963 0.000000 0.000000 
8.402418 -6.196821 -0.660386 -8.938004 28.495214 0.000000 0.000000 
8.973136 -5.296271 -0.319140 -10.206413 22.460630 0.000000 0.000000 
8.848457 -5.601102 0.302979 -14.273781 21.288387 0.000000 0.000000 
8.449410 -6.299936 -0.179832 -10.513603 24.147779 0.000000 0.000000 
10.287348 -0.426195 1.626785 -16.406189 21.909639 0.000000 0.000000 
8.531966 -6.585182 0.349402 -14.134903 24.259129 0.000000 0.000000 
8.710833 -6.511806 1.342036 -10.556450 25.174007 0.000000 0.000000 
8.556371 -6.863034 -0.588279 -9.977997 24.862101 0.000000 0.000000 
8.227342 -7.341152 0.052730 -13.785385 24.118160 0.000000 0.000000 
6.790654 -8.847441 0.410190 -12.321571 25.018856 0.000000 0.000000 
9.680418 -5.410102 2.034277 -16.454948 22.088205 0.000000 0.000000 
8.751673 -6.929582 0.180478 -8.411163 29.314224 0.000000 0.000000 
6.644878 -9.277380 -0.036958 -16.364586 26.956867 0.000000 0.000000 
9.646372 -6.466799 1.151099 -15.731729 26.168901 0.000000 0.000000 
6.556874 -9.676555 0.331834 -14.569092 24.947233 0.000000 0.000000 
9.453448 -6.931031 0.148774 -21.013443 21.603071 0.000000 0.000000 
8.819861 -7.867712 -2.859526 -11.003685 28.451033 0.000000 0.000000 
7.122035 -10.119887 -0.475036 -13.103363 24.335709 0.000000 0.000000 
7.282215 -10.504754 -2.961762 -12.512756 26.547356 0.000000 0.000000 
8.080300 -9.964931 -1.555293 -11.825699 24.245766 0.000000 0.000000 
7.782609 -11.314273 -1.124733 -12.053720 22.500950 0.000000 0.000000 
6.012437 -12.881855 -0.785339 -16.646675 21.576052 0.000000 0.000000 
-6.987408 -12.955621 0.214345 -5.724289 20.237011 0.000000 0.000000 
-7.185631 -13.393181 -1.076741 -4.022919 21.655258 0.000000 0.000000 
-6.710439 -13.960173 -1.701155 -8.407127 22.183430 0.000000 0.000000 
-6.763577 -14.091255 -0.002983 -4.365242 25.167749 0.000000 0.000000 
8.309742 -14.066150 -0.963779 -11.406250 25.612680 0.000000 0.000000 
8.227672 -14.119480 -0.954340 -2.593246 31.923754 0.000000 0.000000 
-6.929759 -14.340097 0.491438 -4.888733 26.549652 0.000000 0.000000 
15.831402 -4.030952 2.808075 -16.004509 20.391378 0.000000 0.000000 
-6.699717 -15.032826 0.138472 -6.740616 25.217722 0.000000 0.000000 
16.253330 2.530258 0.930115 -0.439796 29.815590 0.000000 0.000000 
-6.436306 -15.171804 -0.447150 -10.964310 21.817158 0.000000 0.000000 
-6.453284 -15.635635 -1.705954 -1.563789 29.501440 0.000000 0.000000 
-7.557631 -15.062384 0.617672 -9.125885 23.156044 0.000000 0.000000 
7.535729 -15.840929 -0.450781 -7.477737 26.520531 0.000000 0.000000 
-7.593054 -15.447742 -1.855931 -4.266418 25.420498 0.000000 0.000000 
-6.813550 -15.910242 -1.896186 -6.034569 26.027370 0.000000 0.000000 
-7.236373 -15.750337 -1.406830 -6.261482 26.004965 0.000000 0.000000 
-6.922288 -15.945738 -1.225220 -8.151787 24.545414 0.000000 0.000000 
-6.692842 -16.340799 -0.403421 -6.963432 24.550379 0.000000 0.000000 
-6.580407 -16.633038 -0.850679 -3.121117 29.312767 0.000000 0.000000 
-6.946985 -16.762035 0.014778 -3.273399 28.472977 0.000000 0.000000 
-7.365757 -16.997665 0.409813 -4.505615 26.318590 0.000000 0.000000 
-6.969898 -17.206318 -1.519019 -5.456131 27.947475 0.000000 0.000000 
-7.616357 -17.166626 -0.161244 -9.407837 25.029516 0.000000 0.000000 
-7.000920 -17.719048 -1.319113 -6.166763 26.280691 0.000000 0.000000 
-7.089914 -18.048355 -1.091320 -7.679337 23.413103 0.000000 0.000000 
-7.201874 -18.100685 2.146736 -5.689354 25.421986 0.000000 0.000000 
-7.382066 -18.836624 -2.393961 -11.061447 20.118284 0.000000 0.000000 
21.522161 -0.323955 1.275722 -4.628357 28.600636 0.000000 0.000000 
21.575941 -0.489636 0.743086 1.776573 33.247154 0.000000 0.000000 
7.612496 -21.052532 5.744796 -10.186211 22.990723 0.000000 0.000000 
21.655312 -7.969591 2.133557 -5.381325 22.301119 0.000000 0.000000 
23.229090 -1.203964 0.750190 22.008224 47.131275 0.000000 0.000000 
23.232115 -0.857549 0.564456 10.859810 35.455910 0.000000 0.000000 
23.166155 -2.658282 0.744925 11.755264 38.518375 0.000000 0.000000 
23.214720 0.304817 1.313092 0.609222 25.245285 0.000000 0.000000 
23.103653 -3.492228 1.043468 6.657379 31.576099 0.000000 0.000000 
23.264153 -1.532235 0.994210 10.260109 36.413876 0.000000 0.000000 
23.315098 -2.558728 0.850567 11.481178 39.253677 0.000000 0.000000 
23.350149 0.665854 0.724162 -0.541084 25.903648 0.000000 0.000000 
23.365225 1.734288 1.266862 -4.510162 20.953514 0.000000 0.000000 
23.290958 -4.230600 1.285656 -3.158493 24.786247 0.000000 0.000000 
23.355087 2.736637 1.639529 1.459930 26.718739 0.000000 0.000000 
23.400434 2.508825 0.586963 -2.452850 26.698034 0.000000 0.000000 
23.128355 -6.705328 2.041843 -7.970253 22.497414 0.000000 0.000000 
23.391811 4.577358 0.472467 0.308250 25.424381 0.000000 0.000000 
23.343302 5.054665 1.113698 5.340225 30.660839 0.000000 0.000000 
23.007256 -9.436865 2.153690 -7.357216 20.686146 0.000000 0.000000 
23.177099 -9.716251 2.176488 -4.248825 23.072571 0.000000 0.000000 
23.346842 8.220688 0.289171 -0.940689 26.276756 0.000000 0.000000 
23.188921 9.079953 0.996654 4.616066 32.990814 0.000000 0.000000 
21.413467 -14.550377 1.976733 -7.912750 19.669340 0.000000 0.000000 
21.479103 -14.712153 1.882434 -5.005180 21.056135 0.000000 0.000000 
23.534170 9.270483 1.128181 -0.811958 27.204651 0.000000 0.000000 
23.636837 9.153929 1.169519 -8.242714 21.437151 0.000000 0.000000 
22.913942 -12.482469 1.790489 -10.686081 18.945087 0.000000 0.000000 
23.525084 10.524127 0.896787 -8.530594 21.675062 0.000000 0.000000 
23.274097 11.659822 1.281635 5.379562 30.831741 0.000000 0.000000 
23.393759 11.777274 1.083291 1.805496 29.559156 0.000000 0.000000 
28.542652 -1.835773 0.789629 -2.985672 26.036493 0.000000 0.000000 
28.552282 -1.521565 0.880841 -3.864487 23.959654 0.000000 0.000000 
28.600712 2.578175 1.409953 -6.618492 19.688671 0.000000 0.000000 
-7.473798 -30.451450 -4.863645 -1.020950 23.306664 0.000000 0.000000 
-8.713717 -42.892994 -0.366304 1.335045 22.003115 0.000000 0.000000 
21.149338 -41.961502 1.923714 -1.166954 17.468227 0.000000 0.000000 
22.137367 -42.796474 1.022011 2.511230 22.810760 0.000000 0.000000 
22.160349 -42.911556 1.768613 0.778313 19.726501 0.000000 0.000000 
21.898863 -45.785522 1.412413 11.002075 30.014399 0.000000 0.000000 
13.356814 -49.156548 4.639300 -0.898903 17.547447 0.000000 0.000000 
21.926716 -46.130184 1.536117 11.653610 30.198172 0.000000 0.000000 
52.741821 -1.827119 8.194636 1.179337 19.643288 0.000000 0.000000 
52.829124 -2.753963 7.338802 2.506058 21.752670 0.000000 0.000000 
52.836311 -3.337377 6.811175 4.776566 24.982336 0.000000 0.000000 
52.896664 -2.612370 7.835262 3.644433 24.559586 0.000000 0.000000 
54.768124 -2.605575 7.030040 14.803154 32.575798 0.000000 0.000000 
54.759232 -2.963578 6.760264 3.577324 21.216249 0.000000 0.000000 
55.802773 -0.972305 2.809186 9.579025 24.405270 0.000000 0.000000 
55.863529 -1.895350 2.832228 14.079620 30.027456 0.000000 0.000000 
55.951813 -2.090642 2.607903 18.435234 31.134977 0.000000 0.000000 
55.984409 -1.423232 1.501308 13.798927 27.313839 0.000000 0.000000 
55.920025 2.579223 0.645779 15.337120 27.822727 0.000000 0.000000 
55.881718 3.194009 2.304316 19.765862 32.854584 0.000000 0.000000 
56.182602 -2.173888 2.836145 23.390533 36.919178 0.000000 0.000000 
56.163876 -3.915767 2.824350 19.930511 32.721085 0.000000 0.000000 
56.406822 -2.338074 5.733479 30.888962 43.620285 0.000000 0.000000 
56.418148 -2.345824 6.010839 26.752411 41.344757 0.000000 0.000000 
56.830849 -1.190187 3.852535 20.533554 33.657146 0.000000 0.000000 
56.849022 -0.940925 1.753732 16.496025 30.636194 0.000000 0.000000 
56.737038 -4.863189 3.480262 10.814217 25.553108 0.000000 0.000000 
56.897957 -1.875904 3.431427 28.071724 40.324150 0.000000 0.000000 
57.123135 -1.700787 6.378479 30.209564 42.331741 0.000000 0.000000 
56.529678 7.386930 7.073679 10.741943 21.198078 0.000000 0.000000 
57.135639 -1.680392 6.127424 30.460205 43.375160 0.000000 0.000000 
57.277683 1.240433 2.327315 8.984985 21.965534 0.000000 0.000000 
57.133110 4.542048 4.486845 20.015747 33.564762 0.000000 0.000000 
56.949677 -9.883335 5.474840 25.561531 38.914822 0.000000 0.000000 
55.943958 -16.404877 5.823192 5.227425 20.188175 0.000000 0.000000 
56.897423 19.335232 5.869352 6.495560 19.675877 0.000000 0.000000 
56.462040 21.052876 8.263498 5.599922 18.793865 0.000000 1.000000 
56.597237 -26.230225 5.477339 16.014771 28.595915 0.000000 0.000000 
56.518795 -26.653465 4.757944 21.725021 33.041862 0.000000 0.000000 
56.445038 25.318935 2.500813 2.908318 16.972391 0.000000 0.000000 
55.802090 -30.957855 6.359869 3.977890 17.734631 0.000000 0.000000 
14.608302 -62.116230 -0.007712 2.672249 16.080372 0.000000 1.000000 
22.292660 -63.307816 0.832898 12.440155 26.268713 0.000000 0.000000 
56.526096 -36.258934 5.130402 12.604446 25.735197 0.000000 0.000000 
56.544422 -36.789558 5.391895 18.986641 31.083670 0.000000 0.000000 
21.860846 -63.938957 0.293101 1.499915 15.942909 0.000000 0.000000 
21.944990 -63.944275 1.129032 8.254852 21.676479 0.000000 0.000000 
4.610076 -67.542076 1.768171 0.995651 16.019817 0.000000 0.000000 
22.103003 -64.192741 1.193725 5.763573 21.011848 0.000000 0.000000 
5.897294 -67.902626 9.029664 3.123611 17.361420 0.000000 0.000000 
21.472277 -65.083389 0.411870 1.080124 15.483782 0.000000 0.000000 
22.454279 -65.073318 -0.433931 0.755280 15.344101 0.000000 0.000000 
21.805891 -65.451653 -0.169510 6.467133 21.767776 0.000000 0.000000 
-8.602809 -68.212997 1.056374 5.002686 17.494659 0.000000 0.000000 
22.319839 -65.437592 1.414581 5.604553 19.518587 0.000000 0.000000 
21.528023 -65.719986 -0.146749 -1.176903 15.114046 0.000000 0.000000 
22.461123 -65.673172 1.816651 0.396400 14.703821 0.000000 0.000000 
21.429113 -66.107292 0.564983 5.145836 19.185083 0.000000 0.000000 
7.425481 -68.997299 -5.752092 3.373070 19.625727 0.000000 0.000000 
7.707548 -69.163200 -1.125829 8.489555 22.916939 0.000000 0.000000 
21.902225 -66.359184 -0.590908 1.854004 17.289284 0.000000 0.000000 
7.781552 -69.387314 -1.668268 13.599518 26.942465 0.000000 0.000000 
7.826372 -69.432091 0.556155 4.856918 18.629660 0.000000 0.000000 
22.042931 -66.574417 1.119093 5.316177 18.290771 0.000000 0.000000 
6.827877 -69.734375 -0.022976 5.465881 21.333988 0.000000 0.000000 
7.507500 -69.818108 -1.822608 6.403427 19.827446 0.000000 0.000000 
6.867608 -70.291733 1.905583 2.413689 18.452229 0.000000 0.000000 
21.344873 -67.801544 0.300031 1.596497 15.338011 0.000000 0.000000 
56.384003 -43.377029 4.352658 26.816261 36.247025 0.000000 0.000000 
6.654819 -70.720551 0.680936 4.473572 16.643867 0.000000 0.000000 
56.593956 -43.442154 5.214149 12.195641 22.865963 0.000000 0.000000 
56.007793 -44.480797 5.150729 25.146309 34.107735 0.000000 0.000000 
22.224701 -68.254997 0.217323 2.688714 16.036171 0.000000 0.000000 
22.086014 -68.399376 0.391429 3.174576 17.012924 0.000000 0.000000 
54.912857 -47.068562 4.474092 5.313026 17.126570 0.000000 0.000000 
55.532658 -47.039532 6.579188 12.554581 23.310968 0.000000 0.000000 
55.411243 -47.280083 5.853855 11.402306 22.316090 0.000000 0.000000 
5.984625 -73.084564 -0.586787 12.475021 25.168783 0.000000 0.000000 
5.829217 -73.276649 -1.879522 9.648827 22.747478 0.000000 0.000000 
5.225403 -73.357346 -2.262562 5.059723 19.792479 0.000000 0.000000 
4.723612 -73.661156 9.466632 7.843400 22.728146 0.000000 0.000000 
8.175241 -75.111687 -9.310476 4.685730 18.850151 0.000000 0.000000 
4.760115 -75.992599 1.040875 2.630699 17.570614 0.000000 0.000000 
54.866772 -54.360844 6.283890 4.233620 16.087538 0.000000 0.000000 
27.330141 -72.213745 5.050129 0.552231 14.639912 0.000000 0.000000 
11.561475 -77.403572 0.178351 4.747795 15.887035 0.000000 0.000000 
12.839931 -77.240059 3.208307 2.233177 15.655502 0.000000 0.000000 
3.977688 -81.145248 -0.605207 2.920731 15.433531 0.000000 0.000000 
5.223043 -81.111488 1.993996 4.236977 17.315435 0.000000 0.000000 
4.529771 -81.528030 3.784624 3.931099 16.915678 0.000000 0.000000 
55.239410 -61.470852 5.244111 27.089134 34.967911 0.000000 0.000000 
55.377949 -61.470406 4.353076 24.968880 33.173367 0.000000 0.000000 
54.504070 -62.394962 4.219873 6.076691 15.475260 0.000000 0.000000 
4.934751 -83.583092 -2.316911 7.866539 19.239023 0.000000 0.000000 
20.636398 -81.615311 0.527362 12.167953 21.951361 0.000000 0.000000 
9.135674 -83.660515 -0.202172 3.376832 15.023306 0.000000 0.000000 
20.959326 -81.722839 1.051998 9.184258 19.482561 0.000000 0.000000 
20.722168 -81.973495 1.126298 12.177452 20.684475 0.000000 0.000000 
10.588127 -83.917084 0.036499 8.103859 17.558954 0.000000 0.000000 
6.893719 -86.420547 5.351966 1.501358 16.083881 0.000000 0.000000 
5.104382 -87.190514 -1.879605 7.827919 18.122379 0.000000 0.000000 
5.537223 -87.662376 -1.435410 9.691704 19.504032 0.000000 0.000000 
5.949306 -87.874413 0.902704 5.409470 17.794168 0.000000 0.000000 
6.381799 -89.009407 -1.552478 5.899490 16.304647 0.000000 0.000000 
5.590289 -89.292763 -2.990051 8.162468 17.764164 0.000000 0.000000 
89.184593 3.292228 4.800117 4.588799 15.065296 0.000000 0.000000 
20.659054 -87.619186 0.851412 12.197777 20.000629 0.000000 0.000000 
54.770954 -71.894127 5.217824 8.865852 21.603806 0.000000 0.000000 
20.487719 -87.985527 0.622409 11.120071 18.511347 0.000000 0.000000 
55.151814 -71.787727 4.949558 16.913414 22.543238 0.000000 0.000000 
90.255890 -0.735587 4.233246 10.652321 20.663912 0.000000 0.000000 
90.370575 -0.779468 4.579439 11.412483 21.512939 0.000000 0.000000 
90.412300 -1.220870 4.703529 12.639122 22.360405 0.000000 0.000000 
54.567772 -73.507935 5.696470 9.852867 16.659819 0.000000 0.000000 
54.810509 -73.535851 6.006562 10.079681 16.157654 0.000000 0.000000 
54.576744 -74.961990 5.870408 15.242508 22.029287 0.000000 0.000000 
54.441864 -75.332176 5.434145 13.106331 18.867235 0.000000 0.000000 
5.393478 -92.829056 1.677921 13.412132 23.956366 0.000000 0.000000 
5.418866 -93.012535 1.849669 11.338219 20.541391 0.000000 0.000000 
3.638175 -94.081932 -1.152850 10.624840 19.201674 0.000000 0.000000 
3.834040 -94.268806 -3.855803 7.715851 18.681282 0.000000 0.000000 
5.253201 -94.238625 26.567379 6.363503 16.645262 0.000000 0.000000 
54.695210 -77.174438 5.682707 10.141228 16.791931 0.000000 0.000000 
54.815674 -77.435226 5.807721 8.685799 15.462465 0.000000 0.000000 
5.489750 -95.260559 -1.535848 11.233612 22.233171 0.000000 0.000000 
5.968806 -95.454758 -0.568882 12.701302 22.882011 0.000000 0.000000 
5.069767 -95.600281 0.990787 12.200340 21.825571 0.000000 0.000000 
5.360404 -95.648972 2.472291 11.311508 21.841709 0.000000 0.000000 
4.757281 -95.897690 1.166207 14.145180 23.043615 0.000000 0.000000 
4.525244 -96.979622 -1.604027 20.985329 29.894896 0.000000 0.000000 
5.075860 -96.956055 -1.257002 20.359047 29.622517 0.000000 0.000000 
4.723492 -97.161461 -1.861189 21.547134 30.364817 0.000000 0.000000 
6.019011 -97.791359 -0.530214 5.341270 16.919338 0.000000 0.000000 
5.208453 -97.998138 -3.196843 13.869835 24.143055 0.000000 0.000000 
4.884289 -98.249084 -1.246190 14.417236 23.894821 0.000000 0.000000 
5.417440 -98.320282 -2.230001 16.430084 26.761887 0.000000 0.000000 
5.067160 -98.392029 -1.001109 12.922287 21.594381 0.000000 0.000000 
5.832908 -99.151482 -1.939637 9.770668 19.596376 0.000000 0.000000 
55.280842 -82.749580 5.473849 19.121269 26.992071 0.000000 0.000000 
54.884037 -83.469398 4.838287 17.075455 24.902937 0.000000 0.000000 
4.400065 -99.604980 -3.742570 9.217857 18.308363 0.000000 0.000000 
5.743845 -100.532982 -3.435984 7.660835 17.201380 0.000000 0.000000 
5.881611 -101.300873 0.942486 8.588692 17.248100 0.000000 0.000000 
4.516343 -101.659836 -1.507993 8.577873 17.163177 0.000000 0.000000 
4.900886 -101.769844 -1.412448 16.640190 24.247677 0.000000 0.000000 
5.229895 -102.032463 -1.085513 16.266991 23.584471 0.000000 0.000000 
5.751965 -102.900444 -2.235860 12.027077 20.134001 0.000000 0.000000 
4.256824 -103.195015 -4.774034 5.709633 14.347668 0.000000 0.000000 
5.784709 -103.233986 -4.439463 10.352875 18.759230 0.000000 0.000000 
5.564710 -104.131172 -2.913655 9.638474 19.417408 0.000000 0.000000 
4.495045 -104.337540 -5.596432 14.673828 21.506264 0.000000 0.000000 
5.076846 -104.504395 -3.038853 12.301155 20.836622 0.000000 0.000000 
54.768723 -90.276268 1.002814 18.012169 25.938629 0.000000 0.000000 
55.804714 -89.822723 7.670812 6.285355 14.524614 0.000000 0.000000 
4.785746 -105.527924 -5.663421 20.804901 28.127794 0.000000 0.000000 
54.350014 -90.913353 4.300792 17.663246 23.023556 0.000000 0.000000 
4.831122 -105.758606 -3.679147 20.980133 27.791142 0.000000 0.000000 
4.829302 -107.874359 -0.934244 2.629646 13.079493 0.000000 0.000000 
4.736073 -110.221039 -1.560657 4.367508 13.221741 0.000000 0.000000 
4.987300 -113.015656 0.427920 13.675308 20.288172 0.000000 0.000000 
4.860831 -113.166023 0.369626 16.689758 22.676197 0.000000 0.000000 
54.122726 -101.415123 4.499995 5.292717 10.833282 0.000000 0.000000 
-25.040228 -111.908890 -0.549456 11.848221 15.739164 0.000000 0.000000 
-23.869152 -112.772919 -5.328665 9.803001 14.354752 0.000000 0.000000 
4.170837 -116.327080 -0.881628 19.040146 25.985355 0.000000 0.000000 
4.434177 -116.511620 -1.143636 16.545380 22.625774 0.000000 0.000000 
-24.811192 -114.269508 21.561661 11.741455 15.995344 0.000000 0.000000 
53.811317 -105.467163 6.258169 13.576202 17.568117 0.000000 0.000000 
54.787392 -106.920708 3.774456 21.500938 24.102356 0.000000 0.000000 
53.749306 -107.561348 5.349644 20.058838 22.591038 0.000000 0.000000 
53.691216 -107.767052 3.885567 27.231560 30.646851 0.000000 0.000000 
54.585274 -117.724792 5.772498 27.862877 30.010731 0.000000 0.000000 
3.891413 -130.799881 -6.401964 13.946609 19.482826 0.000000 0.000000 
4.255768 -131.576599 -1.748278 11.715599 15.295559 0.000000 0.000000 
3.634470 -137.635635 -3.693011 17.023247 20.273590 0.000000 0.000000 
2.323553 7.331091 -0.347646 -54.152962 12.619705 0.000000 1.000000 
2.392407 7.867119 -0.362251 -44.608395 20.426882 0.000000 1.000000 
-2.508818 9.496153 0.999051 -49.214462 13.954632 1.000000 1.000000 
6.160432 6.234826 -0.215057 -29.945755 12.640270 0.000000 0.000000 
5.950534 7.849358 -0.246932 -24.993217 15.914433 0.000000 0.000000 
6.627944 8.131643 -0.152722 -26.600342 15.194639 0.000000 0.000000 
6.281584 8.662588 -0.162367 -25.961090 15.850313 0.000000 0.000000 
-6.461157 10.749239 0.475751 -20.938042 21.991117 0.000000 0.000000 
-6.843053 11.462557 0.297228 -14.231819 25.891834 0.000000 0.000000 
-6.591317 11.985024 -1.381193 -11.282310 29.594589 0.000000 0.000000 
-6.521345 12.097920 -1.262663 -13.957146 27.456650 0.000000 0.000000 
-7.408584 11.523882 0.153236 -20.710495 20.512819 0.000000 0.000000 
8.553842 10.317062 -2.698024 -18.223946 17.188801 0.000000 0.000000 
-6.976731 12.496414 0.201276 -9.446060 30.647432 0.000000 0.000000 
8.040767 11.748737 -0.937615 -11.413979 28.573814 0.000000 0.000000 
-6.359735 13.291736 0.120544 -14.223274 31.205086 0.000000 0.000000 
-6.790759 13.040366 -0.935357 -12.860405 32.121971 0.000000 0.000000 
-6.702378 13.266858 -0.920954 -8.967400 31.642321 0.000000 0.000000 
-6.644498 13.908475 0.207972 -13.184030 30.337746 0.000000 0.000000 
-6.319150 14.402666 0.370395 -12.818954 31.821598 0.000000 0.000000 
-6.539456 15.046127 0.540693 -14.322914 30.418686 0.000000 0.000000 
-6.549822 15.255312 0.215066 -9.278091 32.875103 0.000000 0.000000 
7.375016 14.807527 0.048102 -8.644623 33.416451 0.000000 0.000000 
8.066555 14.436145 -1.219183 -11.156097 28.054295 0.000000 0.000000 
7.309177 15.088548 0.294585 -15.243553 25.660400 0.000000 0.000000 
-6.719220 15.473776 0.142405 -17.090530 28.047264 0.000000 0.000000 
7.512442 15.103876 0.228768 -2.371208 36.424870 0.000000 0.000000 
7.435589 15.168242 0.255942 -4.422012 33.893768 0.000000 0.000000 
-6.501439 16.145573 0.273026 -8.221283 32.543327 0.000000 0.000000 
-6.498592 16.322067 -0.157461 -24.199852 21.199427 0.000000 0.000000 
-6.458432 16.378315 -0.388410 -9.790916 32.354568 0.000000 0.000000 
-6.577610 17.031551 0.356372 -7.207138 32.313911 0.000000 0.000000 
-6.292310 17.300322 -1.430067 -9.864998 29.379337 0.000000 0.000000 
-6.405331 17.615601 0.346563 -6.032196 32.819130 0.000000 0.000000 
-6.406177 17.792984 0.352430 -15.188858 27.859373 0.000000 0.000000 
9.557802 15.872898 -1.825256 -23.794395 10.624523 0.000000 0.000000 
-6.491655 17.825010 0.408121 -23.401833 17.870068 0.000000 0.000000 
-6.163225 18.343170 0.493357 -12.154686 28.970259 0.000000 0.000000 
7.821484 17.535145 -1.099146 -8.314400 29.287741 0.000000 0.000000 
-6.675766 18.308395 0.425620 -12.204033 27.633734 0.000000 0.000000 
-6.940139 18.255487 -1.806549 -5.153572 31.942570 0.000000 0.000000 
-6.908641 18.674984 -0.751665 -14.530739 28.724154 0.000000 0.000000 
-6.271715 19.576462 0.472074 -10.209564 30.386553 0.000000 0.000000 
-6.411209 19.622952 0.085373 -14.332253 25.309431 0.000000 0.000000 
-6.445160 19.710567 0.606005 -32.909279 11.522984 0.000000 0.000000 
-6.356280 19.938828 -0.003107 -19.676994 27.360991 0.000000 0.000000 
-6.193301 20.304729 -0.540867 -16.814293 24.204491 0.000000 0.000000 
-6.555692 20.242489 0.392376 -14.871391 25.852720 0.000000 0.000000 
-6.519737 20.373363 0.129415 -11.304962 28.381760 0.000000 0.000000 
-6.381120 20.492258 0.477817 -7.919930 30.194027 0.000000 0.000000 
7.874855 20.425726 -0.090985 -17.186394 20.596466 0.000000 0.000000 
-6.399961 21.125317 0.388725 -5.790176 32.035183 0.000000 0.000000 
-6.553634 21.196371 -2.127971 -15.387199 24.025862 0.000000 0.000000 
-6.769925 21.653271 0.887658 -11.827888 30.005854 0.000000 0.000000 
7.955421 21.222523 -0.217972 -13.730583 25.567501 0.000000 0.000000 
-6.658172 21.834124 -0.505569 -10.073990 29.534990 0.000000 0.000000 
-6.570421 22.208803 0.509594 -11.761253 25.996655 0.000000 0.000000 
-6.558463 22.334246 0.152144 -16.082458 25.897373 0.000000 0.000000 
-6.518590 22.562840 0.545518 -17.795174 24.085896 0.000000 0.000000 
-6.263885 22.792730 0.172651 -16.210548 25.526497 0.000000 0.000000 
-6.194761 23.082630 -0.161179 -18.363197 24.486506 0.000000 0.000000 
8.203737 22.521152 -0.346146 -17.073868 25.144262 0.000000 0.000000 
-6.355767 23.622799 0.044451 -13.639229 25.285210 0.000000 0.000000 
-6.995243 23.471508 -5.737666 -16.374229 28.811359 0.000000 0.000000 
9.167645 22.863966 4.206277 -18.231461 19.130686 0.000000 0.000000 
-6.769285 24.303345 0.642653 -15.822502 25.923529 0.000000 0.000000 
-6.337236 24.549643 -0.588205 -3.476883 34.478535 0.000000 0.000000 
-6.682131 24.443787 1.090316 -9.363129 32.032486 0.000000 0.000000 
-6.746024 24.453484 1.040049 -5.130615 36.246655 0.000000 0.000000 
-6.632793 24.832821 0.664075 -5.885231 29.837435 0.000000 0.000000 
-6.419728 24.969753 0.063891 -10.258018 27.249130 0.000000 0.000000 
6.816423 24.925716 -0.380956 -14.514442 23.927811 0.000000 0.000000 
8.206694 24.533092 -0.377153 -20.394424 23.118366 0.000000 0.000000 
8.117332 24.580608 -1.817893 -18.415771 23.502041 0.000000 0.000000 
-6.175556 25.420984 0.321892 -6.745392 30.379147 0.000000 0.000000 
-6.388715 25.551983 -1.714332 -12.838608 25.821205 0.000000 0.000000 
8.221706 24.955172 -0.788079 -13.630798 27.013695 0.000000 0.000000 
-6.831226 25.539684 -1.595917 -26.363708 11.697636 0.000000 0.000000 
-6.249843 25.920696 1.000055 -9.163048 29.100365 0.000000 0.000000 
8.547765 25.136766 -0.165353 -17.809998 22.849558 0.000000 0.000000 
-6.446380 26.216787 -0.361960 -16.144653 24.625927 0.000000 0.000000 
-5.847557 26.489283 -0.705419 -10.545586 24.795959 0.000000 0.000000 
8.262769 25.806026 -1.832987 -11.113533 27.070595 0.000000 0.000000 
8.084787 25.971745 -0.471746 -28.459877 10.925541 0.000000 0.000000 
-6.405680 26.572233 0.355510 -25.711998 13.033422 0.000000 0.000000 
-6.554334 26.639997 0.276051 -14.444801 20.962498 0.000000 0.000000 
8.043202 26.217405 -0.631286 -11.105194 24.779572 0.000000 0.000000 
-5.721601 26.951750 -0.488608 -7.835495 28.978149 0.000000 0.000000 
8.244203 26.202633 -0.727017 -5.954018 27.914602 0.000000 0.000000 
-6.090456 26.978724 -0.013611 -13.036859 25.607340 0.000000 0.000000 
-6.021462 27.107376 0.047834 -11.190163 27.312130 0.000000 0.000000 
-6.077630 27.298916 -0.778348 -15.186913 25.662800 0.000000 0.000000 
-6.629776 27.185133 -0.741534 -14.878029 24.457655 0.000000 0.000000 
-6.861334 27.165833 -2.270250 -6.786217 28.124388 0.000000 0.000000 
-6.049883 27.725376 -0.127861 -7.503120 29.843727 0.000000 0.000000 
-6.732757 27.585405 -2.160399 -7.446205 31.401161 0.000000 0.000000 
16.663681 22.063545 1.445868 -7.631996 13.682501 0.000000 1.000000 
-5.933999 27.841412 -0.456121 -13.528328 26.563591 0.000000 0.000000 
16.585037 22.301991 2.303539 -11.613983 11.045990 0.000000 0.000000 
-6.080171 28.014200 -2.291631 -17.321671 24.905571 0.000000 0.000000 
-6.050208 28.207457 0.817739 -12.511719 25.045424 0.000000 0.000000 
16.895786 22.442753 3.314465 -8.014923 14.002981 0.000000 0.000000 
-5.854279 28.312918 -0.208631 -18.606903 22.610510 0.000000 0.000000 
-6.182549 28.276213 0.243437 -10.202164 26.677921 0.000000 0.000000 
8.422050 27.634060 -0.613664 -10.149147 25.928457 0.000000 0.000000 
8.649983 27.644571 10.810919 -23.709488 9.522038 0.000000 0.000000 
-6.220232 28.513186 -0.487943 -15.299240 21.722967 0.000000 0.000000 
-5.572504 28.754141 -0.450887 -11.790207 24.389448 0.000000 0.000000 
8.608742 27.894695 -0.114468 -13.090135 25.142582 0.000000 0.000000 
8.383232 28.014317 -0.425159 -10.688530 24.979244 0.000000 0.000000 
8.925099 28.292124 8.116053 -9.848465 25.127275 0.000000 0.000000 
8.612897 28.416277 0.011215 -7.343094 25.504158 0.000000 0.000000 
8.904378 28.315336 3.213863 -5.287430 25.394876 0.000000 0.000000 
8.781992 28.405424 0.028884 -7.569847 27.183201 0.000000 0.000000 
8.924528 28.360899 2.585998 -3.287888 28.425533 0.000000 0.000000 
-5.858731 29.809219 0.106568 -23.885811 14.329830 0.000000 1.000000 
14.601042 26.176924 3.249683 -11.757767 22.540520 1.000000 1.000000 
8.320323 29.332624 -0.487765 -11.304001 26.337919 0.000000 0.000000 
-6.065135 30.053068 -0.119940 -12.892067 24.275749 0.000000 0.000000 
8.199604 29.609491 0.558747 -6.905861 29.497559 0.000000 0.000000 
2.411359 30.982021 -0.069368 1.165031 32.294937 0.000000 0.000000 
2.433578 30.989765 -0.093123 2.537529 33.946793 0.000000 0.000000 
-6.242442 30.481020 -1.052163 -11.786453 22.214283 0.000000 0.000000 
2.448605 31.118786 -0.093335 -15.860306 18.284534 0.000000 0.000000 
2.459587 31.426529 0.019967 -0.766418 32.125488 0.000000 0.000000 
2.331247 31.443830 -0.000581 -2.772346 30.682795 0.000000 0.000000 
2.436368 31.441059 0.005828 9.306854 41.558094 0.000000 0.000000 
8.565078 30.327341 -2.726412 -6.997154 25.135139 0.000000 0.000000 
8.686417 30.349033 0.033045 -9.878601 21.957151 0.000000 0.000000 
9.867830 30.079468 0.702844 -7.896965 20.738575 0.000000 0.000000 
9.948177 30.095999 0.651582 -6.309929 25.061720 0.000000 0.000000 
8.437505 30.735771 -0.710697 -9.297409 22.753946 0.000000 0.000000 
2.415468 32.101841 -1.299640 -18.228035 18.738867 0.000000 0.000000 
2.614419 32.279457 0.006086 -12.865097 23.681789 0.000000 0.000000 
11.891060 30.020531 4.524105 -12.557396 17.215307 0.000000 0.000000 
2.488176 32.649681 -0.800597 -12.989052 24.063986 0.000000 0.000000 
2.678681 32.700024 -0.711199 -11.868774 26.330696 0.000000 0.000000 
2.563437 32.842564 -0.583534 -14.296310 19.439360 0.000000 0.000000 
2.637387 32.834381 -0.493811 6.338669 38.850025 0.000000 0.000000 
2.570066 32.904652 -0.238856 -15.497139 20.518682 0.000000 0.000000 
8.712947 31.777235 -0.889840 -15.781075 23.211075 0.000000 0.000000 
2.672723 33.086712 -0.477894 8.766121 38.425426 0.000000 0.000000 
2.580268 33.270340 -0.732627 -1.363045 30.462505 0.000000 0.000000 
-6.124254 32.744663 -0.352197 -13.072937 18.938868 0.000000 0.000000 
11.347957 31.353725 3.649588 -13.280847 18.232769 0.000000 0.000000 
2.670588 33.541256 -0.483217 11.279510 42.192200 0.000000 0.000000 
2.573048 33.580849 -0.477169 -0.668587 30.457785 0.000000 0.000000 
2.660618 33.661961 -0.199612 -25.126343 7.981864 0.000000 0.000000 
-6.054377 33.281151 -1.477628 -13.605110 18.670790 0.000000 0.000000 
-5.989998 33.367855 -0.534527 -5.033791 23.769917 0.000000 0.000000 
16.563334 29.015099 3.505236 -2.606575 16.668741 0.000000 0.000000 
16.497581 29.291132 3.494083 -16.892632 12.835903 0.000000 0.000000 
2.743090 34.072968 -0.278985 4.655602 32.089809 0.000000 0.000000 
2.698069 34.255203 -0.523843 -12.951439 17.423519 0.000000 0.000000 
-6.629503 33.815903 -2.877198 -10.679108 23.817112 0.000000 0.000000 
-6.643458 33.849998 -2.797084 -5.822182 26.199551 0.000000 0.000000 
2.900073 34.767845 -0.362955 -16.206009 17.276306 0.000000 0.000000 
0.059161 34.949646 4.792563 -5.732529 24.736736 0.000000 0.000000 
0.027384 35.007603 4.907701 6.525368 35.725826 0.000000 0.000000 
0.147524 35.011791 -6.056803 -4.473000 27.951847 0.000000 0.000000 
2.829699 35.156647 0.104973 -10.044975 19.089130 0.000000 0.000000 
2.867330 35.338612 -0.110976 10.127724 36.881939 0.000000 0.000000 
2.870842 35.359203 -0.339768 13.673409 40.617592 0.000000 0.000000 
2.925626 35.373234 -0.336733 -7.896484 24.116543 0.000000 0.000000 
2.861768 35.419651 -0.321193 6.111992 34.083321 0.000000 0.000000 
2.878197 35.430611 -0.309782 7.354195 34.736408 0.000000 0.000000 
2.901098 35.743324 -0.182059 -12.227913 23.379337 0.000000 0.000000 
15.701924 31.798264 4.887459 -7.835541 13.683325 0.000000 0.000000 
8.003886 34.946564 -1.208827 -8.858757 21.587469 0.000000 0.000000 
-5.848296 35.443321 -0.741996 -11.197044 20.908600 0.000000 0.000000 
14.777502 32.374802 2.544198 -12.539926 15.675184 0.000000 0.000000 
17.219412 31.104330 3.651531 -5.882027 14.593143 0.000000 0.000000 
14.801630 32.564705 2.504343 -6.606079 16.138653 0.000000 0.000000 
-5.876103 35.780518 -0.931000 -10.235291 20.654282 0.000000 0.000000 
9.261774 35.081470 1.003765 -3.064957 24.285492 0.000000 0.000000 
2.903172 36.421097 -0.848351 -20.701111 11.305405 0.000000 0.000000 
-5.807802 36.122162 -0.744714 -15.261093 14.405676 0.000000 0.000000 
-6.118100 36.155800 -0.673589 -9.155762 19.285019 0.000000 0.000000 
9.153877 35.445667 0.310470 -1.909447 22.252035 0.000000 0.000000 
6.714755 36.180431 5.809052 -15.382874 14.535110 0.000000 0.000000 
-6.092025 36.561417 -0.525654 -5.411919 19.487312 0.000000 0.000000 
-6.775085 36.691162 -2.313553 -5.428566 21.939434 0.000000 0.000000 
2.689817 37.298317 0.733475 -3.051888 23.077810 0.000000 0.000000 
-6.781788 36.814980 5.220287 -9.615555 14.819593 0.000000 0.000000 
-5.851370 37.256218 -1.610959 -11.104057 15.211460 0.000000 0.000000 
2.793238 37.795017 0.169255 -10.133095 14.904181 0.000000 0.000000 
2.760122 37.815781 0.684728 -2.077393 23.833702 0.000000 0.000000 
-5.654779 37.504482 -1.361494 -11.053520 18.047039 0.000000 0.000000 
8.469236 37.148830 1.973500 -11.076195 16.230024 0.000000 0.000000 
2.754610 38.175545 0.161681 -15.145638 13.216740 0.000000 0.000000 
2.750825 38.178825 0.485045 -7.106354 16.900970 0.000000 0.000000 
2.632624 38.241264 0.101494 -14.455307 15.979488 0.000000 0.000000 
-5.808753 37.866013 6.410843 -16.745338 13.336817 0.000000 0.000000 
-5.898528 37.921402 -0.463356 -10.248802 20.305122 0.000000 0.000000 
13.604307 35.829422 3.763955 -13.844162 12.933088 0.000000 1.000000 
8.044332 37.682495 2.827849 2.706261 26.862579 0.000000 0.000000 
-5.773100 38.310558 5.497812 -8.977898 22.414093 0.000000 0.000000 
8.775659 37.759754 4.572679 -7.399895 24.235861 0.000000 0.000000 
8.884960 37.763298 3.960416 -4.775879 25.180950 0.000000 0.000000 
-20.523464 32.379959 3.463786 -9.122551 10.355968 0.000000 0.000000 
2.804562 38.941418 -0.224290 2.102966 27.658791 0.000000 0.000000 
21.339029 31.843246 3.509733 -6.294662 9.038788 0.000000 0.000000 
2.856238 39.053699 -0.301008 -25.767357 6.681209 0.000000 0.000000 
2.866276 39.067524 0.045787 -12.169449 12.536814 0.000000 0.000000 
2.867513 39.250229 -0.322032 13.601967 35.616650 0.000000 0.000000 
21.082329 32.813431 4.406310 -3.617073 11.089630 0.000000 1.000000 
2.891745 39.558895 -0.072324 0.146416 24.124989 0.000000 0.000000 
-20.918840 33.011303 3.700624 -1.312370 13.188631 0.000000 0.000000 
2.863858 39.636433 -0.337109 12.656776 35.735828 0.000000 0.000000 
2.816376 39.647991 -0.691564 6.876228 31.418373 0.000000 0.000000 
21.652779 32.564751 3.564550 3.807205 17.004623 0.000000 0.000000 
21.507553 33.002522 4.798897 -3.833549 10.706291 0.000000 0.000000 
2.878993 39.987717 -0.710599 -1.440552 24.949514 0.000000 0.000000 
2.807400 40.001274 -0.220732 -4.936890 21.225519 0.000000 0.000000 
3.015058 40.036926 -0.535682 -1.318665 25.556316 0.000000 0.000000 
-6.704520 39.637341 -3.115715 -12.656754 19.856859 0.000000 0.000000 
2.797228 40.195587 -0.358027 -12.149147 19.041706 0.000000 0.000000 
2.848962 40.261654 -0.682750 15.841949 34.376251 0.000000 0.000000 
2.887384 40.275799 -0.473193 1.487511 24.108831 0.000000 0.000000 
21.844303 33.294724 3.206509 0.366936 15.595346 0.000000 1.000000 
2.859260 40.459995 -0.463773 -6.541786 22.186550 0.000000 0.000000 
2.907342 40.489704 -0.057157 -16.697800 7.355182 1.000000 1.000000 
2.841522 40.554405 -0.385887 2.281860 28.878521 0.000000 0.000000 
3.063735 40.597115 -0.502264 -1.691612 22.610394 0.000000 0.000000 
2.943783 40.613590 -0.562308 -9.130959 17.314098 1.000000 1.000000 
2.960349 40.719837 -0.704760 -17.729019 13.703770 1.000000 1.000000 
2.912947 40.793949 -0.512107 9.392159 28.230129 0.000000 0.000000 
2.918327 40.839367 -0.481139 -2.973015 24.925425 0.000000 0.000000 
2.915122 40.937332 -0.550302 3.954971 30.693827 0.000000 0.000000 
2.929185 41.020061 -0.349901 5.072426 31.470339 0.000000 0.000000 
2.994589 41.046585 -0.544782 2.150902 24.019976 0.000000 0.000000 
2.952166 41.342415 -0.477615 2.459908 23.945864 0.000000 0.000000 
2.961132 41.480907 -0.626009 17.767502 38.930279 0.000000 0.000000 
2.905206 41.489986 -0.494591 -12.963838 12.004177 0.000000 0.000000 
15.420330 38.334106 2.158125 -3.605392 11.222191 0.000000 0.000000 
2.976444 41.538437 -0.705820 24.809441 42.373329 0.000000 0.000000 
2.979293 41.591984 -0.591109 -18.650017 3.259125 1.000000 1.000000 
3.062475 41.591583 -0.010469 -20.704071 3.901550 1.000000 1.000000 
2.983737 41.697151 -0.736111 0.140770 22.229980 0.000000 0.000000 
3.069315 41.767776 -0.589920 0.718658 21.305809 0.000000 0.000000 
2.964256 41.785210 -0.693999 23.190193 43.530537 0.000000 0.000000 
3.187372 41.774021 -0.482785 -15.328476 6.261962 1.000000 1.000000 
18.445683 37.156227 3.387862 -3.461449 12.160351 0.000000 0.000000 
2.922365 41.825909 -0.418823 4.592415 25.718151 0.000000 0.000000 
18.550489 37.133190 3.536609 -2.369774 11.607830 0.000000 0.000000 
2.956729 42.046677 -0.048233 -11.417679 8.934006 1.000000 1.000000 
-6.404479 41.744041 4.317299 -7.081268 20.661383 0.000000 0.000000 
2.954769 42.230503 -0.847104 -0.752495 25.206053 0.000000 0.000000 
-5.214299 42.017990 -0.551574 -9.669243 21.041613 0.000000 0.000000 
3.088034 42.248714 -0.636909 -8.599922 25.119415 0.000000 0.000000 
16.387159 38.778725 3.008215 -10.247871 14.465164 0.000000 0.000000 
2.829762 42.378345 0.158632 2.891678 28.899956 0.000000 0.000000 
2.984971 42.567738 -0.318528 -5.247047 22.894451 0.000000 0.000000 
2.913950 42.682327 0.420207 -0.643219 26.365879 0.000000 0.000000 
3.054818 42.770962 -0.666102 -20.042206 6.208465 1.000000 1.000000 
3.075731 42.917099 -0.704054 1.642326 26.435091 0.000000 0.000000 
2.874709 42.988510 -0.431912 -5.934402 24.106441 0.000000 0.000000 
2.949755 43.001549 0.206244 -0.986885 28.299664 0.000000 0.000000 
2.959856 43.002094 0.132689 1.678200 29.574682 0.000000 0.000000 
2.924448 43.083187 0.216918 0.961494 27.284430 0.000000 0.000000 
2.917160 43.124805 -0.325129 5.026306 32.818283 0.000000 0.000000 
2.811846 43.503124 0.178882 -10.671059 18.337183 0.000000 0.000000 
2.942805 43.496445 -0.572900 -10.164398 17.903215 0.000000 0.000000 
2.941576 43.523399 -0.381795 -1.796082 25.202873 0.000000 0.000000 
2.900285 43.546650 -0.273411 5.465088 32.740101 0.000000 0.000000 
-6.525719 43.117359 -0.016296 7.814796 34.342354 0.000000 0.000000 
-6.594536 43.179977 3.294030 -1.471939 25.400635 0.000000 0.000000 
2.956918 43.698063 0.276190 -5.256035 24.029316 0.000000 0.000000 
2.916198 43.774303 0.269696 -19.047707 10.210289 0.000000 0.000000 
2.984065 43.775253 -0.393445 -3.798668 24.129818 0.000000 0.000000 
2.970344 43.943115 -0.364090 -3.644730 24.656361 0.000000 0.000000 
-6.161695 43.614288 -4.018051 -8.202187 20.470863 0.000000 0.000000 
-6.194267 43.616776 5.429082 -8.265671 19.716599 0.000000 0.000000 
3.001807 44.182938 -0.407464 -13.435997 15.662682 0.000000 0.000000 
3.073927 44.179214 -0.357190 -11.119835 19.420845 0.000000 0.000000 
2.988401 44.264126 0.087911 -12.161285 10.515862 0.000000 0.000000 
3.073882 44.395996 -0.857075 -2.566978 25.051270 0.000000 0.000000 
2.902515 44.696415 -1.123601 -19.194679 12.219332 0.000000 0.000000 
3.019612 44.728783 -0.540190 3.194778 25.041769 0.000000 0.000000 
2.598875 44.932087 0.433565 -2.834877 19.056873 0.000000 0.000000 
3.055097 44.941479 -0.268049 -6.600769 16.843775 0.000000 0.000000 
3.660785 44.956867 11.379724 -13.658188 11.014000 0.000000 0.000000 
2.457685 45.062630 0.684576 -15.047462 9.763737 0.000000 0.000000 
3.051272 45.036572 -0.707620 -15.287521 11.811516 0.000000 0.000000 
3.159055 45.136059 -0.522676 1.393288 22.159222 0.000000 0.000000 
2.902633 45.171707 -0.637392 -3.267509 19.804506 0.000000 0.000000 
3.072473 45.159252 -0.519633 0.173271 21.064144 0.000000 0.000000 
2.966925 45.380550 0.808682 -0.010323 20.482632 0.000000 0.000000 
3.015611 45.761223 0.279914 0.906441 20.280039 0.000000 0.000000 
3.148837 45.801117 -0.188656 -12.280495 11.140820 0.000000 0.000000 
-6.279183 45.763271 4.360022 -8.189667 11.410255 0.000000 0.000000 
-6.456155 45.806801 -1.332053 -4.892235 18.262255 0.000000 0.000000 
-6.292572 45.837452 4.545673 -5.124191 13.171288 0.000000 0.000000 
2.966768 46.246655 -0.659144 -11.073128 14.673922 0.000000 0.000000 
3.066980 46.385899 0.257599 -1.073792 21.236824 0.000000 0.000000 
-17.507111 42.837894 4.323762 -16.275085 8.550976 0.000000 1.000000 
-6.350500 46.205273 -6.513742 -5.868919 18.981585 0.000000 0.000000 
3.023401 46.747341 -0.574217 -11.544418 15.190512 0.000000 0.000000 
3.135833 46.912930 -0.560366 -6.388046 18.590931 0.000000 0.000000 
3.136164 46.944809 -0.570325 5.173462 26.603333 0.000000 0.000000 
3.076258 47.004848 -0.553589 0.630684 25.881710 0.000000 0.000000 
3.128994 47.083935 -0.809510 -3.443253 22.139225 0.000000 0.000000 
3.112159 47.105042 -0.486342 -5.543541 16.759026 0.000000 0.000000 
3.014564 47.109699 0.528630 -6.409584 16.656172 0.000000 0.000000 
3.286735 47.401127 -0.529139 -9.284813 12.525064 0.000000 0.000000 
3.127773 47.595539 0.458303 -16.899300 7.839332 0.000000 0.000000 
3.095502 47.634476 -0.270322 1.248917 22.925510 0.000000 0.000000 
3.172712 47.721828 -0.742913 3.876465 25.354328 0.000000 0.000000 
3.177787 47.728813 -0.088434 -2.766388 15.942019 0.000000 0.000000 
3.190283 47.825848 0.263098 0.806961 21.751495 0.000000 0.000000 
3.119716 47.855755 -0.199480 3.825401 26.185856 0.000000 0.000000 
3.195599 47.867451 -0.660287 1.486908 23.478918 0.000000 0.000000 
3.154762 47.947468 -0.453132 -7.938057 14.720852 0.000000 0.000000 
2.896788 48.092735 -0.592234 -4.171066 16.729704 0.000000 0.000000 
3.160160 48.277927 -0.432490 -9.337593 14.194796 0.000000 0.000000 
3.248801 48.284157 -0.338786 -1.646454 18.358356 0.000000 0.000000 
3.243845 48.309486 -0.027458 -4.577309 16.569925 0.000000 0.000000 
3.146939 48.399529 -0.301551 -18.456299 8.942822 0.000000 0.000000 
3.290845 48.463924 -0.189492 -3.872475 18.308617 0.000000 0.000000 
3.197569 48.473560 0.293759 -5.338615 17.258667 0.000000 0.000000 
2.984967 48.523479 -0.359331 -5.056557 15.543764 0.000000 0.000000 
3.077791 48.563637 -0.836253 -10.840828 13.408943 0.000000 0.000000 
3.331338 48.715485 -0.480444 -4.636703 19.483421 0.000000 0.000000 
3.224138 48.726044 -0.120951 -4.995674 18.536207 0.000000 0.000000 
2.834577 48.959179 -0.486713 -12.411186 14.737909 0.000000 0.000000 
3.212605 49.106236 -0.208691 -10.664070 14.241770 0.000000 0.000000 
3.467756 49.119549 -0.826253 -20.122833 8.673088 1.000000 1.000000 
3.170715 49.178436 -0.409265 2.168167 25.780441 0.000000 0.000000 
3.146892 49.272583 -0.364483 10.613647 31.685419 0.000000 0.000000 
3.283907 49.274334 -0.400921 14.753258 36.150726 0.000000 0.000000 
2.944591 49.466805 -0.292337 -8.775177 15.346451 0.000000 0.000000 
3.564936 49.459244 0.234963 -22.332382 3.317161 1.000000 1.000000 
3.338718 49.548191 -0.088999 -16.446327 8.042385 1.000000 1.000000 
3.196091 49.583763 -0.471912 -18.380020 5.963920 0.000000 0.000000 
3.049969 49.599091 -0.384467 6.334770 29.617891 0.000000 0.000000 
3.260028 49.594173 -0.494501 11.330940 34.139439 0.000000 0.000000 
3.026716 49.632603 -0.070009 8.835274 32.231823 0.000000 0.000000 
3.206652 49.662518 -0.294943 -17.652786 6.232128 1.000000 1.000000 
3.256086 49.842030 0.526380 -2.909363 21.705471 0.000000 0.000000 
2.900610 49.911823 -0.381428 -7.392296 22.237883 0.000000 0.000000 
2.926625 50.072468 -0.377339 2.788429 25.834406 0.000000 0.000000 
3.075239 50.083336 -0.153511 -18.670532 5.236068 1.000000 1.000000 
3.194357 50.119930 0.155443 -5.302719 19.882885 0.000000 0.000000 
2.746122 50.358685 -0.486952 -17.643646 6.395656 1.000000 1.000000 
3.141306 50.346134 -0.568969 -15.787994 10.411430 1.000000 1.000000 
3.229752 50.348850 0.054910 3.917557 26.985102 0.000000 0.000000 
2.920762 50.451267 -0.182006 -1.830925 24.703663 0.000000 0.000000 
3.022693 50.468143 0.327675 -2.030472 20.546154 0.000000 0.000000 
2.902715 50.502377 -0.354852 -4.541588 23.145283 0.000000 0.000000 
3.347546 50.656559 -0.601624 -22.978981 6.573284 1.000000 1.000000 
2.936457 50.721848 -0.581794 5.203903 28.165504 0.000000 0.000000 
3.101364 50.835815 -0.309687 0.471008 24.339226 0.000000 0.000000 
3.092768 50.895439 -0.538569 7.598137 33.299496 0.000000 0.000000 
3.000282 50.902969 -0.600819 -0.430382 25.582531 0.000000 0.000000 
3.210021 50.983829 -0.172795 -19.393326 5.572650 1.000000 1.000000 
3.093600 51.203266 -0.453805 -6.440521 20.165039 0.000000 0.000000 
3.142052 51.205349 -0.472632 -17.695923 11.082542 0.000000 0.000000 
3.273067 51.212276 -0.314454 -8.477852 18.043074 0.000000 0.000000 
3.015841 51.244411 3.406198 -16.939888 5.240989 1.000000 1.000000 
3.207870 51.320557 -0.462025 3.401382 28.865049 0.000000 0.000000 
-22.014074 46.065495 2.940267 -9.985031 11.508297 0.000000 0.000000 
-21.880180 46.162624 5.025808 -14.381082 7.719047 0.000000 0.000000 
3.353701 51.420135 -0.504518 -6.039085 18.789198 0.000000 0.000000 
3.406431 51.440285 -0.671919 -9.964943 20.200979 0.000000 0.000000 
3.334505 51.504997 -0.747867 -9.876572 21.132538 0.000000 0.000000 
3.175616 51.547153 -0.559038 -14.888702 12.349325 0.000000 0.000000 
3.485841 51.559113 0.081945 -13.988762 17.746742 0.000000 0.000000 
3.037470 51.607460 -0.580157 12.835258 36.958328 0.000000 0.000000 
3.052626 51.608742 -0.549359 2.416679 27.592232 0.000000 0.000000 
3.182449 51.763126 -0.655943 4.290741 29.529066 0.000000 0.000000 
3.119712 51.790478 -0.425783 6.968079 32.177147 0.000000 0.000000 
0.508481 52.069130 -1.294750 -15.102814 10.363651 1.000000 1.000000 
3.374625 52.155514 -0.572129 2.604729 28.247261 0.000000 0.000000 
3.098526 52.241856 -0.690375 -2.747429 24.386997 0.000000 0.000000 
-21.783123 47.221706 4.004735 -15.148491 8.633896 0.000000 0.000000 
3.046030 52.354324 -0.608287 -4.072853 20.352333 0.000000 0.000000 
3.129020 52.383881 -0.524043 14.238327 36.296001 0.000000 0.000000 
3.015937 52.570911 -0.487766 12.998116 36.666348 0.000000 0.000000 
3.356809 52.545193 -1.137604 -1.288628 26.153677 0.000000 0.000000 
3.003159 52.590321 -0.458880 14.578072 36.411331 0.000000 0.000000 
3.134342 52.629150 -0.495184 4.357658 29.902908 0.000000 0.000000 
-23.269773 46.972137 3.168280 -12.642479 10.797031 0.000000 0.000000 
3.197160 52.774036 -0.519399 -5.051872 18.635527 0.000000 0.000000 
-22.557060 47.522007 3.723908 -14.196365 8.503082 0.000000 0.000000 
3.145528 52.952965 -0.783715 -5.782593 20.594276 0.000000 0.000000 
3.079844 52.955196 -0.397866 6.975174 31.857456 0.000000 0.000000 
3.080762 52.985123 -0.643753 9.488976 33.633232 0.000000 0.000000 
3.050977 53.062626 -0.454668 12.740494 37.225624 0.000000 0.000000 
2.928056 53.078449 -0.201912 6.598900 30.571241 0.000000 0.000000 
3.766716 53.029980 -0.252431 -17.695572 8.507637 1.000000 1.000000 
2.988220 53.110775 -0.391696 -0.323700 22.848286 0.000000 0.000000 
3.206774 53.224773 0.940747 -1.700111 23.239786 0.000000 0.000000 
2.875869 53.278111 -0.497472 -22.329353 9.005539 1.000000 1.000000 
3.219768 53.264606 -0.460460 -12.849228 14.708296 0.000000 0.000000 
-19.357029 49.491901 -5.705964 -9.936928 13.758450 0.000000 0.000000 
3.129501 53.401348 -0.040369 0.182037 24.888412 0.000000 0.000000 
2.675376 53.497883 0.208666 -2.685440 23.648945 0.000000 0.000000 
2.991374 53.506863 -1.287630 -8.560036 20.066359 0.000000 0.000000 
3.041613 53.719860 -0.644594 -16.263519 9.982990 1.000000 1.000000 
-20.282757 49.618832 3.367778 -14.737123 11.378189 0.000000 0.000000 
3.099174 53.822838 -1.080823 5.188911 30.194370 0.000000 0.000000 
3.090387 53.899776 -0.121585 -7.434479 20.688066 0.000000 0.000000 
3.077072 53.929329 -0.922429 7.538033 33.444237 0.000000 0.000000 
3.455352 53.916042 -0.483517 -2.827522 22.555550 0.000000 0.000000 
3.069561 53.941860 -0.803350 7.942863 33.032272 0.000000 0.000000 
2.968193 53.955868 -0.692364 -2.867607 22.486403 0.000000 0.000000 
3.218537 54.100300 -0.771596 -9.397934 18.291115 0.000000 0.000000 
-5.851543 53.859959 -5.967728 -4.302338 19.245527 0.000000 0.000000 
3.018038 54.134331 0.276887 -23.614517 4.641853 1.000000 1.000000 
3.416560 54.133831 0.213849 -19.850754 6.775650 1.000000 1.000000 
-20.600786 49.933693 3.796859 -15.310577 12.050671 0.000000 0.000000 
2.735084 54.269459 0.128864 -24.516037 5.594108 1.000000 1.000000 
3.161412 54.306976 -0.059730 -14.739029 9.139984 1.000000 1.000000 
-5.315147 54.135235 -5.905835 -12.231674 15.792929 0.000000 0.000000 
2.892089 54.342766 -0.726426 -22.581421 6.201343 1.000000 1.000000 
2.971737 54.341805 -0.730507 -24.675560 3.029320 1.000000 1.000000 
2.977974 54.350456 -0.789696 -6.207115 20.115042 0.000000 0.000000 
-19.593290 50.620483 6.931826 -11.922821 13.822247 0.000000 0.000000 
-18.751318 50.963276 6.255124 -15.169601 9.420788 0.000000 0.000000 
-6.383907 54.319267 0.670985 -17.100426 14.729399 0.000000 0.000000 
4.108132 54.521099 -0.873567 -20.934189 5.955169 1.000000 1.000000 
3.172907 54.636761 -0.692383 -0.932854 24.180817 0.000000 0.000000 
-19.082300 51.345600 6.212376 -9.972939 12.127125 0.000000 0.000000 
-19.543493 51.207802 5.860591 -8.832573 11.179379 0.000000 0.000000 
2.882907 55.097713 -1.143162 -19.704422 8.134140 1.000000 1.000000 
3.078154 55.121559 -0.644719 -16.743004 12.617647 0.000000 0.000000 
-5.086750 55.057404 5.037344 -11.186470 18.355711 0.000000 0.000000 
3.363155 55.213589 -0.465752 -9.642418 14.814631 0.000000 0.000000 
-6.330421 54.967091 1.161416 -9.458359 19.806246 0.000000 0.000000 
-19.516907 51.518211 6.048174 -3.521004 15.844873 0.000000 0.000000 
-19.337389 51.598309 5.689664 -8.563683 14.943857 0.000000 0.000000 
-5.908128 55.070656 -6.084146 -1.586029 22.155169 0.000000 0.000000 
-19.155672 51.733292 6.746242 -14.074348 9.795788 0.000000 0.000000 
-4.711267 55.211136 7.018818 -7.919151 17.692480 0.000000 0.000000 
-5.231098 55.382088 4.211750 -21.382713 9.661121 1.000000 1.000000 
3.716093 55.587414 -0.455259 -12.663429 16.684448 0.000000 0.000000 
-5.162946 55.474308 5.226944 -7.581451 19.376526 0.000000 0.000000 
9.298574 54.899761 -0.878216 -15.353432 10.903606 0.000000 0.000000 
3.562271 55.736881 -0.583833 -11.897415 15.269266 0.000000 0.000000 
-6.452096 55.677933 1.007446 -13.247391 16.445507 0.000000 0.000000 
-19.631027 52.242458 5.740363 -16.919189 7.833625 0.000000 0.000000 
-4.487724 55.989445 -6.447060 -11.164673 16.711826 0.000000 0.000000 
2.819340 56.140266 -0.634708 -14.907417 13.828102 0.000000 0.000000 
-4.338031 56.075466 6.053500 -13.038484 14.817860 0.000000 0.000000 
9.565158 55.453629 -0.777180 -3.153114 21.443188 0.000000 0.000000 
-18.012402 53.162685 5.490189 -18.824219 10.446953 0.000000 0.000000 
9.427296 55.583481 -0.866854 1.959915 24.375994 0.000000 0.000000 
3.696424 56.474281 -0.337069 -15.180168 15.357220 0.000000 0.000000 
10.324718 55.608101 -0.751910 -6.168823 21.812536 0.000000 0.000000 
4.494944 56.494450 -0.830514 -24.320419 5.199913 1.000000 1.000000 
9.369540 55.886032 -0.760629 -0.467651 24.888906 0.000000 0.000000 
9.323353 55.904747 -0.802628 1.136520 26.197517 0.000000 0.000000 
9.608170 56.124641 -1.028730 -1.089676 25.216894 0.000000 0.000000 
10.304604 56.045265 -0.636007 -5.542023 21.795280 0.000000 0.000000 
-5.355906 56.813702 -6.982488 0.752357 25.637608 0.000000 0.000000 
-21.571848 52.545944 2.846598 -3.438057 17.962385 0.000000 0.000000 
-21.650438 52.512928 3.082337 -8.578224 14.759455 0.000000 0.000000 
-21.086279 52.778896 7.591140 -10.480629 11.717926 0.000000 0.000000 
8.999902 56.388718 -0.786585 -4.199104 20.363283 0.000000 0.000000 
-21.378483 52.674030 6.936044 -12.971642 8.277908 0.000000 0.000000 
9.740895 56.277134 -0.637247 -6.166672 20.718533 0.000000 0.000000 
8.895068 56.752773 -1.009558 -7.696426 20.698652 0.000000 0.000000 
-20.945133 53.426014 5.123573 -11.805305 10.593903 0.000000 0.000000 
8.662745 57.152336 -0.667350 -3.023125 21.257524 0.000000 0.000000 
10.279737 56.878876 -0.888635 0.588730 24.942617 0.000000 0.000000 
9.577490 57.044750 -0.801620 -6.693977 20.204895 0.000000 0.000000 
-21.833628 53.319679 5.234873 -9.817749 10.835823 0.000000 0.000000 
10.061312 57.008690 -0.700424 -4.992401 22.233013 0.000000 0.000000 
-26.001141 51.401012 3.436507 -12.244438 10.198849 0.000000 0.000000 
10.408571 57.115849 -0.916812 -4.516602 21.072119 0.000000 0.000000 
10.445200 57.108044 -0.923428 -4.803131 21.300922 0.000000 0.000000 
8.777994 57.525616 -1.028706 -14.668480 13.954283 0.000000 0.000000 
8.737713 57.748882 -0.920604 -6.499245 19.469036 0.000000 0.000000 
9.004069 57.735535 -1.065577 -7.304459 20.457584 0.000000 0.000000 
8.505859 57.881050 -0.881687 -1.727631 23.272459 0.000000 0.000000 
-21.063692 54.456646 7.349216 -11.367790 11.640224 0.000000 0.000000 
12.516851 57.242142 -0.539351 -2.917061 23.723917 0.000000 0.000000 
8.719816 58.054825 -0.717553 -2.445374 22.370640 0.000000 0.000000 
11.166661 57.628662 -0.775218 -8.423080 18.316738 0.000000 0.000000 
12.652259 57.632149 -0.011185 -7.511833 15.916742 0.000000 0.000000 
3.331879 59.102570 -0.737550 -7.080765 19.629078 0.000000 0.000000 
-20.036785 55.457932 6.486111 -14.015991 10.046997 0.000000 0.000000 
-21.281744 55.103626 6.237993 -10.800447 14.135973 0.000000 0.000000 
3.372604 59.274811 -0.631614 1.604691 26.952969 0.000000 0.000000 
-25.902351 52.999763 3.703362 -10.330002 12.225140 0.000000 0.000000 
3.313583 59.329624 -0.497368 2.131989 26.268873 0.000000 0.000000 
3.619216 59.470089 -0.753489 -5.710098 21.125238 0.000000 0.000000 
3.770032 59.509159 -0.815299 -7.492294 22.012396 0.000000 0.000000 
3.538997 59.580425 -0.752299 -0.668259 25.481110 0.000000 0.000000 
-25.850790 53.455509 4.004267 -10.860092 9.416862 0.000000 0.000000 
3.382309 59.975945 -0.951615 3.051315 29.026754 0.000000 0.000000 
3.298215 59.994141 -1.240878 1.279190 26.366179 0.000000 0.000000 
-25.591717 53.946156 4.515191 -14.066049 9.124554 0.000000 0.000000 
3.109754 60.048710 -0.868331 -5.822411 21.987497 0.000000 0.000000 
4.209071 60.009922 -0.764442 -7.143845 23.117809 0.000000 0.000000 
-25.822395 53.905869 3.748185 -16.871613 9.265560 0.000000 0.000000 
2.393717 60.133400 -8.449376 -3.853561 25.135069 0.000000 0.000000 
3.463129 60.293785 -0.782275 -4.123375 21.299074 0.000000 0.000000 
3.366534 60.405849 -0.584039 0.332504 27.409288 0.000000 0.000000 
-19.069906 57.239697 6.553062 -16.199020 11.140182 0.000000 0.000000 
3.614355 60.473194 -0.679958 -11.659058 17.082136 0.000000 0.000000 
3.311075 60.516109 -0.757387 -11.262978 15.739576 0.000000 0.000000 
3.202953 60.660080 -1.376603 -9.381401 16.355686 0.000000 0.000000 
3.050298 60.820477 -1.860819 -18.007980 14.660667 0.000000 0.000000 
7.822505 60.404842 -0.948911 -7.822197 18.178448 0.000000 0.000000 
3.603906 60.855885 -0.157804 -16.280647 14.578629 0.000000 0.000000 
3.339665 60.888893 -0.513058 -15.157814 14.827009 0.000000 0.000000 
-23.347719 56.046677 2.968673 -10.302467 15.514297 0.000000 0.000000 
-26.028502 54.778847 3.368951 -12.495514 12.417545 0.000000 0.000000 
3.249214 61.119114 -0.577292 -16.150047 11.569778 0.000000 0.000000 
3.358478 61.216984 -0.587581 -11.084099 13.570700 0.000000 0.000000 
8.466687 60.695286 -0.347082 -14.513428 13.476723 0.000000 0.000000 
3.703293 61.218777 -0.465213 -13.630539 15.383308 0.000000 0.000000 
3.527415 61.588543 -0.189073 -18.713219 9.571434 0.000000 0.000000 
3.292092 61.613956 -1.011186 1.242050 25.265953 0.000000 0.000000 
3.296365 61.661301 -1.108628 7.042557 30.623400 0.000000 0.000000 
3.210572 61.682350 -0.754455 -8.433098 17.451830 0.000000 0.000000 
3.191025 61.699310 -1.015836 1.211815 25.170469 0.000000 0.000000 
-4.769100 61.600388 -0.515679 0.237442 24.499573 1.000000 1.000000 
3.307810 61.840523 -0.699869 0.571686 23.580097 0.000000 0.000000 
3.250070 61.871876 -0.572219 -9.433777 15.270542 0.000000 0.000000 
-4.865439 61.963417 -0.109968 -5.533669 19.626741 1.000000 1.000000 
3.618564 62.114918 -1.115429 0.413200 24.855976 0.000000 0.000000 
-4.812821 62.022968 -0.437927 2.253197 24.822666 1.000000 0.000000 
3.296696 62.140213 -0.815609 9.624596 31.516228 0.000000 0.000000 
3.299663 62.147636 -0.571751 -3.184761 19.508003 0.000000 0.000000 
-4.883108 62.042767 0.112883 -9.240768 14.707033 1.000000 1.000000 
7.690651 61.772911 -1.015468 -16.696426 10.388744 0.000000 0.000000 
3.118065 62.403168 -1.125156 -4.066902 21.081839 0.000000 0.000000 
3.164191 62.421040 -1.068995 -1.755287 22.651318 0.000000 0.000000 
2.953012 62.600708 -1.382281 -9.168259 17.617352 0.000000 0.000000 
3.081929 62.596687 -0.670952 -4.682541 18.604849 0.000000 0.000000 
3.134794 62.652851 -0.844174 -5.971443 20.046614 0.000000 0.000000 
3.293658 62.795834 -0.710484 -13.632440 12.548307 0.000000 0.000000 
3.665555 62.868935 -1.462112 -13.747108 10.919216 1.000000 1.000000 
3.337739 62.978100 -1.043418 0.688919 23.630665 0.000000 0.000000 
-4.685077 62.868801 -0.472505 -3.354309 21.000336 1.000000 1.000000 
3.369386 62.992779 -0.953163 -2.277344 22.227194 0.000000 0.000000 
3.358523 63.024361 -0.688267 -4.218864 20.752384 0.000000 0.000000 
3.294686 63.148693 -0.665729 1.146278 21.586409 0.000000 0.000000 
3.379656 63.147171 -0.829649 -0.817513 21.404938 0.000000 0.000000 
4.663473 63.069092 -1.624573 -12.593544 12.651587 1.000000 1.000000 
3.382088 63.171623 -0.761813 -10.053970 14.870949 0.000000 0.000000 
2.853051 63.373440 -0.528932 -20.845116 7.242443 1.000000 1.000000 
3.450983 63.380466 -0.530156 -4.292686 20.544703 0.000000 0.000000 
3.124763 63.420532 -0.724380 -19.153435 6.742954 0.000000 0.000000 
3.230171 63.432110 -0.621200 -3.581573 22.255419 0.000000 0.000000 
3.491978 63.447586 -0.813297 2.537918 27.643652 0.000000 0.000000 
3.122584 63.688438 -0.951902 -10.788216 11.610188 0.000000 0.000000 
3.018960 63.691277 -0.820581 -7.260414 19.094681 0.000000 0.000000 
-20.318230 60.287903 -6.815920 -9.776276 10.298985 0.000000 0.000000 
3.273175 63.873699 -1.295732 -0.171082 24.827450 0.000000 0.000000 
3.262374 63.891769 0.036078 3.910240 26.176064 0.000000 0.000000 
3.328789 63.895782 -0.207662 1.032654 24.179781 0.000000 0.000000 
3.394218 63.926491 -0.486669 2.750252 24.499186 0.000000 0.000000 
-4.749116 63.858250 -0.696190 -25.365738 6.585136 1.000000 1.000000 
3.360875 63.980705 -0.675498 -24.574104 4.194355 1.000000 1.000000 
-4.511573 63.890697 -1.595035 -22.180763 5.976943 1.000000 1.000000 
-20.651440 60.475323 3.822503 -10.181854 13.673189 0.000000 0.000000 
3.415388 64.064018 -0.658491 -7.675819 16.295412 0.000000 0.000000 
3.481265 64.121262 -0.252941 -11.984749 13.354712 0.000000 0.000000 
-19.373575 61.037857 5.030472 -13.651352 10.111465 0.000000 0.000000 
3.403307 64.191200 -0.806487 -3.825417 19.353218 0.000000 0.000000 
-18.283575 61.465538 5.133164 -15.302139 12.725664 0.000000 0.000000 
3.459267 64.284088 -0.178266 3.526947 27.114649 0.000000 0.000000 
-20.043114 60.983784 2.966029 -7.186516 16.131298 0.000000 0.000000 
-19.711878 61.114162 3.013568 -9.811546 18.200506 0.000000 0.000000 
-20.155577 61.163975 4.747644 -10.118179 12.158962 0.000000 0.000000 
-20.065517 61.314041 4.436935 -12.792108 11.922256 0.000000 0.000000 
3.497924 64.729370 -0.059322 -10.727905 16.689770 0.000000 0.000000 
3.340430 64.819962 -0.791182 -0.514145 22.004282 0.000000 0.000000 
3.375104 64.899536 -0.758805 -3.820091 18.467758 0.000000 0.000000 
-25.284840 59.510513 3.364424 -8.049629 14.275162 0.000000 0.000000 
3.452426 65.055473 -0.652305 -11.873322 15.196939 0.000000 0.000000 
3.669589 65.057396 -0.734864 -9.401527 15.730343 0.000000 0.000000 
3.416700 65.291946 -0.733051 -4.214195 17.738007 0.000000 0.000000 
-19.689131 62.175308 5.605733 -5.143280 18.802731 0.000000 0.000000 
-18.947474 62.474033 3.179656 -8.701363 16.660400 0.000000 0.000000 
3.419213 65.379837 -0.641168 0.225372 24.491320 0.000000 0.000000 
3.426320 65.379364 -0.679079 0.560852 24.637516 0.000000 0.000000 
3.294566 65.560699 -0.678034 7.750877 30.089024 0.000000 0.000000 
3.192472 65.597641 -0.774557 -2.438820 21.139395 0.000000 0.000000 
3.392665 65.609932 -0.777918 2.109970 26.267624 0.000000 0.000000 
15.619663 63.793217 4.219182 -15.670502 14.595005 0.000000 0.000000 
-20.909687 62.179527 4.730115 -12.198892 15.146221 0.000000 0.000000 
3.363686 66.028900 -0.736761 6.883034 31.080025 0.000000 0.000000 
3.322179 66.036186 -0.609410 3.327286 27.683632 0.000000 0.000000 
15.027405 64.374695 3.762434 -8.727150 19.094856 0.000000 0.000000 
14.981143 64.525787 2.896199 -1.799095 22.795197 0.000000 0.000000 
3.419637 66.325363 -0.622504 -11.032112 14.505451 0.000000 0.000000 
3.443034 66.343094 -0.643878 -5.512489 17.855787 0.000000 0.000000 
14.556732 64.856644 2.653660 -5.063454 20.958809 0.000000 0.000000 
3.369899 66.767700 -0.792680 -4.640594 19.094450 0.000000 0.000000 
3.306484 66.838020 -0.750432 3.756844 26.211025 0.000000 0.000000 
15.974901 64.941002 -5.100660 -4.639282 20.420237 0.000000 0.000000 
3.395026 66.971039 -0.710752 0.975159 25.446865 0.000000 0.000000 
15.844627 65.191086 -0.607611 -7.359238 18.405205 0.000000 0.000000 
17.611513 64.707413 5.889073 0.684326 25.245764 0.000000 0.000000 
3.496164 67.189453 -0.664775 2.621651 27.159349 0.000000 0.000000 
3.459966 67.210007 -0.855101 2.134827 24.989464 0.000000 0.000000 
-24.709810 62.288006 4.292693 -8.906006 14.956057 0.000000 0.000000 
3.377185 67.380890 -0.734014 -4.906631 24.494057 0.000000 0.000000 
3.446249 67.489151 -0.960021 -1.362221 23.811920 0.000000 0.000000 
17.153076 65.244003 4.277137 -0.590256 24.573463 0.000000 0.000000 
3.647693 67.567719 -0.366221 -17.374313 10.057175 0.000000 0.000000 
3.229946 67.630005 -0.736637 -0.818382 23.571648 0.000000 0.000000 
3.455428 67.716911 -0.945626 0.392860 25.393860 0.000000 0.000000 
17.880239 65.278152 5.569384 -6.052109 21.047213 0.000000 0.000000 
17.639936 65.615723 4.293704 -6.153366 19.548325 0.000000 0.000000 
3.492780 68.107338 -0.502557 -2.077744 23.748531 0.000000 0.000000 
3.371115 68.176270 -1.561600 -3.532722 22.448442 0.000000 0.000000 
3.568380 68.429382 -0.454297 -12.246408 12.932894 0.000000 0.000000 
3.556163 68.464088 -0.672834 -8.002434 19.419630 0.000000 0.000000 
-4.504445 68.477974 -8.022637 -4.699158 22.868702 0.000000 0.000000 
12.732672 67.425629 4.645163 0.123985 23.053320 0.000000 0.000000 
12.681216 67.444115 4.575674 -1.641991 21.746300 0.000000 0.000000 
-23.046175 64.793945 2.075922 -15.372215 9.137733 0.000000 0.000000 
-23.150297 64.782265 -8.866250 -6.624420 19.589655 0.000000 0.000000 
13.062585 67.841789 -4.114497 -3.705864 21.565479 0.000000 0.000000 
29.993826 61.966621 2.822695 -15.310806 9.998089 0.000000 0.000000 
10.598936 68.557938 5.403485 -0.359161 23.175009 0.000000 0.000000 
12.968125 68.177902 2.725814 -6.726547 18.120422 0.000000 0.000000 
29.810595 62.305595 2.450275 -16.665619 8.159599 0.000000 0.000000 
13.212611 68.152458 7.136277 -2.499779 20.580498 0.000000 0.000000 
11.618858 68.483353 4.685710 -3.291939 22.662098 0.000000 0.000000 
13.184146 68.210274 6.070388 -6.580544 20.731041 0.000000 0.000000 
14.606803 67.950699 7.311452 -0.320641 24.681744 0.000000 0.000000 
-23.328613 65.468910 2.667566 -16.271568 9.339699 0.000000 0.000000 
12.969934 68.569077 5.092816 -3.428375 23.629765 0.000000 0.000000 
17.891592 67.429932 2.627221 -0.709335 22.571205 0.000000 0.000000 
11.970961 68.967705 1.638016 -2.742004 22.443497 0.000000 0.000000 
8.331674 69.591583 0.005275 -3.815292 22.107828 0.000000 0.000000 
28.613663 63.616135 1.271820 -19.874405 5.439781 0.000000 0.000000 
8.449101 69.707611 -0.845165 6.568420 28.765957 0.000000 0.000000 
-23.220304 66.613770 1.523057 -0.988785 21.333933 0.000000 0.000000 
29.996510 63.664654 -5.083007 -10.036880 9.812092 0.000000 0.000000 
-23.695988 66.499847 -0.211475 -1.748383 24.082148 0.000000 0.000000 
8.567677 70.294151 -0.703623 5.154579 28.030979 0.000000 0.000000 
8.323421 70.344872 5.389488 2.462296 27.487886 0.000000 0.000000 
7.409282 70.476685 4.650054 0.032150 25.709423 0.000000 0.000000 
7.720718 70.444710 3.023643 0.898811 27.200968 0.000000 0.000000 
11.960634 69.927422 -9.312627 -0.926270 24.874996 0.000000 0.000000 
-20.506233 67.950691 2.651004 0.876862 22.810905 0.000000 0.000000 
16.506342 69.244987 2.590136 -5.983223 21.717463 0.000000 0.000000 
7.881493 70.955261 -5.706471 -7.925209 17.606161 0.000000 0.000000 
-4.541883 71.275597 -0.463263 -3.704117 22.145683 0.000000 1.000000 
-25.891617 66.348267 2.262683 -18.848473 4.644134 0.000000 0.000000 
8.915635 70.956810 -0.948685 -2.089630 22.969658 0.000000 0.000000 
8.001886 71.149765 3.046840 -5.382339 19.148565 0.000000 0.000000 
8.171089 71.138290 9.281602 -6.331558 20.521879 0.000000 0.000000 
7.546660 71.236221 9.871017 -0.983688 22.851849 0.000000 0.000000 
7.301249 71.339760 5.388074 -2.537529 22.678360 0.000000 0.000000 
7.923434 71.269562 10.804145 1.239563 25.355289 0.000000 0.000000 
8.634899 71.275192 -14.598067 -3.388870 21.736509 0.000000 0.000000 
-20.291220 68.746414 -5.576397 -8.621727 16.381916 0.000000 0.000000 
10.875247 71.019699 -5.262499 -7.491898 19.073860 0.000000 0.000000 
9.854683 71.413445 3.520093 -8.096100 20.741854 0.000000 0.000000 
10.075999 71.427933 4.312205 -4.323769 20.722189 0.000000 0.000000 
15.689556 70.530838 10.166324 -10.619148 16.756762 0.000000 0.000000 
9.001296 71.845581 -5.547698 1.421326 27.829117 0.000000 0.000000 
9.790561 71.772408 2.245340 5.024635 26.504744 0.000000 0.000000 
10.274968 71.799942 3.520396 -5.017067 21.338837 0.000000 0.000000 
-15.052530 71.048828 5.344535 -5.392075 21.903122 0.000000 0.000000 
7.521045 72.396248 4.848720 -1.880653 21.632164 0.000000 0.000000 
15.166892 71.314468 2.850022 -3.807716 22.372255 0.000000 0.000000 
8.591371 72.642487 -6.872672 -10.829559 18.941629 0.000000 0.000000 
21.619118 69.960373 5.574507 2.536446 22.561083 0.000000 0.000000 
10.998507 72.554413 5.572353 -9.291199 20.303417 0.000000 0.000000 
21.128645 70.326996 -8.560561 -4.715752 19.002668 0.000000 0.000000 
21.483044 70.219864 4.784636 -5.743500 18.797531 0.000000 0.000000 
8.801087 73.136047 6.222824 -1.924820 21.231031 0.000000 0.000000 
15.374992 72.300568 -0.297117 -7.642815 17.387192 0.000000 0.000000 
16.167355 72.126305 -1.805585 -7.940056 17.766930 0.000000 0.000000 
16.515644 72.067368 0.188582 -1.451027 20.577110 0.000000 0.000000 
22.331398 70.595322 3.227452 -8.927216 11.859924 0.000000 0.000000 
16.408691 72.316383 -0.527801 -7.357300 20.421907 0.000000 0.000000 
16.160475 72.377258 1.172014 -5.470421 17.626400 0.000000 0.000000 
23.115295 70.413864 5.223841 -0.823883 18.761299 0.000000 0.000000 
15.285468 72.659760 -0.149637 -6.355545 17.975494 0.000000 0.000000 
22.600346 70.721764 4.486318 -9.476669 12.970680 0.000000 0.000000 
23.114872 70.776421 5.377524 1.043152 20.251005 0.000000 0.000000 
22.716652 70.954636 5.415555 0.074615 22.704575 0.000000 0.000000 
15.433528 73.012352 -0.400187 -1.788231 21.173742 0.000000 0.000000 
23.285955 70.944656 -10.804397 -6.547874 18.184258 0.000000 0.000000 
22.252493 71.301521 3.947701 -11.869453 9.800129 0.000000 0.000000 
23.225683 71.264671 4.429994 -9.063065 17.040079 0.000000 0.000000 
22.819307 71.425285 5.039091 -2.883774 19.263397 0.000000 0.000000 
8.079711 74.714653 -11.164014 -2.834892 19.353712 0.000000 0.000000 
8.336063 74.745430 2.781252 -5.926399 22.118567 0.000000 0.000000 
8.070820 74.813210 2.402717 -3.130669 21.701509 0.000000 0.000000 
16.468180 73.542557 1.193670 -11.898889 13.250830 0.000000 0.000000 
7.886225 75.145943 2.504252 -3.081360 21.582150 0.000000 0.000000 
22.895893 71.854248 4.035923 -5.534325 18.573792 0.000000 0.000000 
7.996644 75.178108 2.497801 3.945892 26.031490 0.000000 0.000000 
7.903100 75.208244 2.785906 -3.400345 19.697803 0.000000 0.000000 
22.475773 72.040085 3.086436 -8.609276 15.811750 0.000000 0.000000 
23.018785 72.179123 3.743097 -5.869278 15.356871 0.000000 0.000000 
22.717981 72.306442 4.129100 -3.392197 18.376343 0.000000 0.000000 
14.320063 74.554771 5.003221 -11.511017 15.080353 0.000000 0.000000 
23.307482 72.191551 -8.412466 0.824669 21.452675 0.000000 0.000000 
16.878216 74.230873 -1.326600 -11.762924 12.901804 0.000000 0.000000 
23.437805 72.337273 -5.259597 -11.693359 13.040659 0.000000 0.000000 
7.680864 75.978569 -12.137513 -14.928842 12.703680 0.000000 0.000000 
-70.169403 23.037045 10.123770 13.835014 14.270790 1.000000 1.000000 
22.988407 72.907677 -5.320611 -9.534897 13.807972 0.000000 0.000000 
30.422928 70.169289 5.265731 -16.178383 4.236164 0.000000 0.000000 
13.990453 75.588371 3.990902 -12.008348 13.432093 0.000000 0.000000 
25.609207 72.401840 -9.152511 -9.058838 12.046917 0.000000 0.000000 
9.548517 76.555176 2.514534 -12.145386 14.576736 0.000000 0.000000 
7.869435 76.854614 -5.575195 -8.186203 17.001230 0.000000 0.000000 
8.346087 76.888260 3.780425 -11.442314 15.290216 0.000000 0.000000 
7.194691 77.049492 -9.026164 -16.138748 9.963638 0.000000 0.000000 
26.110563 73.032639 -8.565900 -8.340668 15.189564 0.000000 0.000000 
13.596191 76.537369 2.630801 -8.332924 15.249655 0.000000 0.000000 
-6.006308 77.635468 0.657360 -9.154617 17.083445 0.000000 0.000000 
9.393487 77.462074 2.843668 -20.646011 6.330230 0.000000 0.000000 
9.651024 77.455101 7.824874 -13.488731 9.959412 1.000000 1.000000 
9.879790 77.574928 2.667870 -1.137054 21.781582 0.000000 0.000000 
10.264284 77.528160 3.354913 -1.486877 22.335751 0.000000 0.000000 
-6.111697 78.008636 0.256988 -9.925964 16.295979 0.000000 0.000000 
-6.281869 78.282784 1.146623 -1.397392 22.903824 0.000000 0.000000 
-5.895618 78.316628 0.963142 0.372528 24.452562 0.000000 0.000000 
-5.154854 78.465881 -2.370299 3.201050 26.059940 0.000000 0.000000 
14.006679 77.378906 2.296490 -2.012489 22.091417 0.000000 0.000000 
8.021106 78.370865 1.754502 2.930740 24.246933 0.000000 0.000000 
8.245641 78.407898 1.724473 0.843819 22.028233 0.000000 0.000000 
23.938734 74.932808 4.770308 -8.397530 11.734707 0.000000 0.000000 
22.231121 75.850800 4.022338 -11.472116 9.771385 0.000000 1.000000 
-4.625921 79.167389 -1.024719 -19.316711 5.791969 0.000000 0.000000 
7.107409 79.027657 4.321544 -4.794678 20.715714 0.000000 0.000000 
7.618376 78.983330 0.610775 -1.108276 22.000725 0.000000 0.000000 
13.974239 78.109848 2.234272 -6.719208 17.792410 0.000000 0.000000 
7.649652 79.023399 1.644878 -1.943573 21.019421 0.000000 0.000000 
-5.828878 79.205772 -2.103469 -6.288971 19.055704 0.000000 0.000000 
9.505293 78.927917 -1.315790 -5.144569 19.443798 0.000000 0.000000 
23.596907 75.854836 4.339836 -13.438560 11.055130 0.000000 0.000000 
-5.514891 79.594284 -1.217544 -8.151756 17.642082 0.000000 0.000000 
32.215961 72.673325 2.138532 -16.967918 6.668483 0.000000 0.000000 
7.413952 79.576614 5.981795 -3.710899 21.905048 0.000000 0.000000 
14.643663 78.556885 10.553552 -8.397224 13.170023 0.000000 0.000000 
24.293751 76.153534 5.447078 -9.136620 14.765684 0.000000 0.000000 
15.546799 78.596542 -5.252914 -4.701813 17.517807 0.000000 0.000000 
16.238930 78.590050 3.397131 -11.685425 13.228027 0.000000 0.000000 
15.536822 78.756302 2.996817 -9.303764 16.229755 0.000000 0.000000 
15.016561 78.944435 4.015580 -12.207231 13.461311 0.000000 0.000000 
7.475924 80.280899 4.780611 -15.716240 8.396099 0.000000 0.000000 
15.161656 79.275482 8.780417 -10.834618 12.893114 0.000000 0.000000 
8.372022 80.336273 0.333394 -13.296951 10.638287 0.000000 0.000000 
15.255472 79.303268 -4.472124 -10.566727 12.018341 0.000000 0.000000 
12.320007 79.968239 0.374125 -3.954628 18.493801 0.000000 0.000000 
11.950893 80.061562 0.376614 9.650368 29.639244 0.000000 0.000000 
11.724975 80.129333 0.596420 -6.265289 14.285164 0.000000 0.000000 
18.173853 79.001472 1.799061 -19.634209 7.798213 0.000000 0.000000 
28.273083 75.900253 -10.177779 -11.780922 6.285915 0.000000 0.000000 
11.949067 80.331650 -0.076899 -1.581390 20.201662 0.000000 0.000000 
12.008480 80.371658 0.153228 9.127266 29.255905 0.000000 0.000000 
11.562618 80.640152 -0.058532 -3.325745 17.461317 0.000000 0.000000 
8.123166 81.574661 -2.880445 -17.265945 8.764523 0.000000 0.000000 
11.903704 81.094421 0.120216 5.951996 25.974531 0.000000 0.000000 
12.230992 81.235924 0.497001 -1.922203 17.803415 0.000000 0.000000 
7.337481 82.069817 4.711781 -12.768364 11.024673 0.000000 0.000000 
28.757713 77.100014 5.827059 -3.765869 14.958670 0.000000 0.000000 
29.082447 77.017792 -9.355082 -12.477867 11.409184 0.000000 0.000000 
28.862051 77.132378 -8.775196 -7.096123 11.652340 0.000000 0.000000 
16.814396 80.946007 2.138285 -8.760437 12.354925 0.000000 0.000000 
28.967361 77.329102 -8.309782 -9.834389 10.719776 0.000000 0.000000 
12.916837 81.835632 2.483550 -18.978142 8.753571 0.000000 0.000000 
-4.983485 83.007423 -0.895619 -17.763474 9.214428 0.000000 1.000000 
28.835215 77.882729 -9.241500 -11.268028 8.939419 0.000000 0.000000 
11.784008 82.508987 3.122839 -16.758034 10.361019 0.000000 0.000000 
19.456825 80.984764 2.462052 -12.014832 12.031368 0.000000 0.000000 
18.788570 81.176826 1.721763 -16.027313 10.237522 0.000000 0.000000 
30.252857 77.506752 3.138178 -11.807655 8.102856 0.000000 0.000000 
16.926399 81.694008 2.239241 -8.883682 12.326376 0.000000 0.000000 
33.764759 76.159630 2.702936 -7.485306 9.885574 0.000000 0.000000 
19.338133 81.412910 -6.121721 -16.236435 7.215339 0.000000 0.000000 
10.224015 83.151550 -5.698044 -10.899025 11.036999 0.000000 0.000000 
33.812519 76.370903 3.336322 -9.355278 9.034966 0.000000 0.000000 
33.114861 76.754921 2.668904 -7.320145 10.211441 0.000000 0.000000 
17.413313 82.112419 2.758648 -3.223183 19.319513 0.000000 0.000000 
15.469696 82.544167 1.859307 -5.373566 17.807522 0.000000 0.000000 
11.709826 83.285858 2.018207 -20.318283 4.762168 0.000000 0.000000 
33.049778 77.046051 2.906259 -11.642044 8.074570 0.000000 0.000000 
17.081129 82.382843 2.796621 -5.594513 16.199615 0.000000 0.000000 
16.340954 82.574036 3.124513 -4.395164 17.362072 0.000000 0.000000 
14.894608 82.883240 2.930809 -9.163567 12.955172 0.000000 0.000000 
30.610779 78.330284 3.888170 -10.450493 9.462215 0.000000 0.000000 
10.141258 84.050041 -6.588374 -11.382530 16.160242 0.000000 0.000000 
6.508059 84.589783 -0.889961 2.801453 24.398224 0.000000 0.000000 
30.693180 78.815247 4.607377 -2.985893 13.463884 0.000000 0.000000 
30.710136 78.813309 3.307625 -4.776421 12.483397 0.000000 0.000000 
30.865658 78.801521 3.105457 -15.406639 7.110683 0.000000 0.000000 
10.537851 84.259560 -6.797332 -11.851112 10.851326 0.000000 0.000000 
10.731154 84.254532 -5.127262 -14.285835 10.766663 0.000000 0.000000 
5.854742 84.770088 -1.069394 -0.414009 19.774544 0.000000 0.000000 
5.625418 84.832054 -1.137808 -2.065178 17.539339 0.000000 0.000000 
30.039055 79.258598 3.612622 -5.170723 11.689899 0.000000 0.000000 
29.926643 79.321716 3.974959 -3.787170 13.082941 0.000000 0.000000 
29.604059 79.531288 10.353140 -10.512650 11.291283 0.000000 0.000000 
4.998380 85.060684 -1.151053 -5.310715 19.899488 0.000000 0.000000 
29.973497 79.495789 4.604466 -12.098915 9.121647 0.000000 0.000000 
30.577707 79.287949 5.346704 -8.325058 10.695488 0.000000 0.000000 
30.371578 79.414680 4.059067 -12.120140 6.431179 0.000000 0.000000 
5.821198 85.317635 -1.057505 -1.542397 19.793074 0.000000 0.000000 
5.917686 85.327103 -1.016512 -8.702728 11.402481 0.000000 0.000000 
6.270173 85.309486 -0.971294 -9.109726 13.046133 0.000000 0.000000 
30.979000 79.478851 5.176219 -9.410942 11.625748 0.000000 0.000000 
5.255928 85.508270 -0.792071 -18.824654 5.500717 0.000000 0.000000 
5.340291 85.622055 -1.053381 -12.822540 9.062325 0.000000 0.000000 
30.375858 80.165115 4.654614 -2.916122 14.583151 0.000000 0.000000 
30.590145 80.128304 8.512152 -10.712349 11.880447 0.000000 0.000000 
31.259256 79.970352 2.973976 -16.357994 6.484733 0.000000 0.000000 
30.171291 80.605087 5.413597 -7.157600 9.687222 0.000000 0.000000 
9.739212 85.837662 1.981549 0.921173 20.562126 0.000000 0.000000 
30.601698 80.589455 -6.779006 -0.366356 15.616783 0.000000 0.000000 
31.548439 80.304543 4.187256 -6.196426 12.438007 0.000000 0.000000 
10.771028 86.054405 1.926379 -14.998703 11.996624 0.000000 0.000000 
10.048929 86.253197 -6.213056 -0.181114 21.602478 0.000000 0.000000 
10.222947 86.242500 -5.219768 0.353683 22.834837 0.000000 0.000000 
14.802432 85.598122 2.986081 -3.446815 15.461630 0.000000 0.000000 
31.238377 80.841408 2.867049 -0.756386 16.783903 0.000000 0.000000 
10.120693 86.336449 -6.248559 -0.402710 20.667362 0.000000 0.000000 
74.508194 40.789116 10.449447 12.257637 18.487749 1.000000 1.000000 
13.991720 85.915520 -8.157809 -6.774216 16.106300 0.000000 0.000000 
30.271534 81.432816 -7.598895 0.529747 15.890808 0.000000 0.000000 
9.936256 86.642487 2.707644 -12.448097 13.754715 0.000000 0.000000 
29.795540 81.748276 5.762285 -5.551186 15.979322 0.000000 0.000000 
9.752126 86.681961 2.267878 -4.920464 19.099607 0.000000 0.000000 
31.751556 81.056770 7.059889 -4.883385 11.797504 0.000000 0.000000 
15.022017 86.151634 -4.197744 -9.878059 14.186377 0.000000 0.000000 
14.662354 86.220238 3.168476 -9.134491 14.020555 0.000000 0.000000 
10.420035 86.951233 1.583534 -9.536919 14.454113 1.000000 1.000000 
13.445884 86.530098 -6.014251 -11.430885 14.422117 0.000000 0.000000 
31.873035 81.429832 3.466115 -1.040222 15.723755 0.000000 0.000000 
29.252802 82.480659 3.368295 -6.245697 13.999443 0.000000 0.000000 
14.793152 86.438171 -4.829741 -4.008438 17.729557 0.000000 0.000000 
22.741106 84.697601 -5.946795 -7.318008 15.203077 0.000000 0.000000 
30.890633 81.961708 3.138221 -1.332855 15.706465 0.000000 0.000000 
30.541302 82.122215 2.411210 -3.027245 15.756310 0.000000 0.000000 
30.920668 81.996582 2.237376 -5.546829 13.808670 0.000000 0.000000 
30.985193 82.182571 -5.800256 -4.368446 12.713850 0.000000 0.000000 
32.444538 81.779457 3.103863 -6.875336 11.109520 0.000000 0.000000 
14.750979 87.021111 -6.127072 -6.507156 13.339373 0.000000 0.000000 
30.864542 82.488480 2.685905 -10.686691 10.499046 0.000000 0.000000 
15.052348 87.121887 -5.545831 -7.279091 12.726246 0.000000 0.000000 
14.580794 87.251076 -7.007951 -10.877365 11.382263 0.000000 0.000000 
15.136449 87.346512 2.031237 -14.946671 7.871906 0.000000 0.000000 
30.946733 82.891335 2.072469 -10.661285 8.662361 0.000000 0.000000 
32.393013 82.318161 2.394261 0.741631 16.861546 0.000000 0.000000 
15.041596 87.553909 -5.647501 -15.260399 8.259090 0.000000 0.000000 
33.216511 82.222229 3.706414 -2.013313 14.651409 0.000000 0.000000 
33.507133 82.414696 3.204416 -4.392265 11.225922 0.000000 0.000000 
14.471476 88.118942 -6.939563 -16.910149 5.963897 0.000000 0.000000 
33.689499 82.430008 1.966751 -17.986214 7.918926 0.000000 0.000000 
14.709866 88.252327 3.633407 -13.589601 10.042458 0.000000 0.000000 
34.083492 82.492790 3.014886 -11.384109 7.572433 0.000000 0.000000 
18.476112 87.584488 -9.933131 -6.000252 12.946959 0.000000 0.000000 
31.699219 83.570374 2.067334 -13.211571 5.507026 0.000000 0.000000 
13.710805 88.683067 2.934752 -19.533249 5.314090 0.000000 0.000000 
33.662022 82.912529 3.519031 -10.895737 6.904544 0.000000 0.000000 
15.168219 88.461601 3.859320 -9.091064 13.230101 0.000000 0.000000 
12.546866 89.234962 -4.418411 -5.395546 17.041876 0.000000 0.000000 
12.708673 89.373726 4.727642 -10.771355 13.427778 0.000000 0.000000 
14.322494 89.133644 -2.933661 -6.559525 15.104218 0.000000 0.000000 
14.850908 89.107925 2.726743 -9.065979 13.304411 0.000000 0.000000 
31.382040 84.560715 3.190911 -8.095871 10.038136 0.000000 0.000000 
32.641739 84.123512 2.643599 -13.904320 4.162857 0.000000 0.000000 
36.057583 82.799614 2.997560 -9.602135 8.381718 0.000000 0.000000 
19.037243 88.668655 2.163344 -6.073181 15.030128 0.000000 0.000000 
30.764978 85.287964 1.900590 -11.218025 7.901020 0.000000 0.000000 
9.327344 90.442291 3.584481 -11.694275 11.192726 0.000000 0.000000 
9.261086 90.598244 -5.721702 -15.267059 9.286835 0.000000 0.000000 
20.072300 88.785126 -4.565787 -12.163460 8.971733 0.000000 0.000000 
32.663815 84.808022 1.556802 -5.087646 10.417423 0.000000 0.000000 
31.988190 85.149391 2.518060 -9.970901 8.560081 0.000000 0.000000 
32.508961 84.944427 2.059056 -1.350929 14.807798 0.000000 0.000000 
34.076187 84.378159 -7.641189 -12.045471 8.828598 0.000000 0.000000 
32.809963 84.914711 2.111451 -7.823318 9.172985 0.000000 0.000000 
33.837940 84.508598 -7.101528 -7.232811 10.044785 0.000000 0.000000 
32.998341 84.991318 3.175278 -10.933456 8.366032 0.000000 0.000000 
9.847244 90.958450 3.219227 -11.571907 9.282898 0.000000 0.000000 
14.193778 90.425079 3.027719 -11.219803 10.869659 0.000000 0.000000 
32.102863 85.596947 2.306472 -8.178848 8.110294 0.000000 0.000000 
9.802076 91.360390 -7.681535 -17.726440 6.934970 0.000000 0.000000 
8.542740 91.529808 -5.185187 -19.812737 5.015068 0.000000 0.000000 
19.178320 89.830925 -5.088314 -12.231071 9.879074 0.000000 0.000000 
33.808151 85.504044 2.778106 -11.180130 6.114963 0.000000 0.000000 
11.092505 91.629524 -4.979925 -10.652725 9.971504 0.000000 0.000000 
11.456903 91.719376 2.253951 -18.792099 5.526062 0.000000 0.000000 
33.618435 85.886406 3.010954 -12.172691 5.163345 0.000000 0.000000 
33.932877 85.772888 2.280724 -11.893150 5.252651 0.000000 0.000000 
33.844242 86.114632 2.452208 -10.276451 5.605529 0.000000 0.000000 
11.659724 92.054688 2.200049 -13.807037 7.623794 0.000000 0.000000 
10.858346 92.460350 2.914377 -18.484055 5.840972 0.000000 0.000000 
33.803440 86.600212 3.175778 -11.597557 6.677230 0.000000 0.000000 
16.162573 91.923141 10.720650 -15.536415 8.006420 0.000000 0.000000 
31.945480 87.561607 3.746337 -15.319206 4.930507 0.000000 0.000000 
9.935546 93.158188 -6.140171 -20.277214 6.493209 0.000000 0.000000 
22.483742 90.908478 4.920675 -8.311584 11.606827 0.000000 0.000000 
22.795906 90.851715 -8.585232 -6.801170 11.239315 0.000000 0.000000 
-7.149264 93.587059 1.071776 -17.110748 3.547745 1.000000 1.000000 
22.374815 91.028069 4.310634 -6.447868 12.360239 0.000000 0.000000 
-6.985424 93.646446 -0.147777 -19.121780 3.289169 1.000000 1.000000 
31.214451 88.297935 -6.492778 -16.928192 4.863533 0.000000 0.000000 
-7.160543 93.666229 0.158469 -17.794144 3.727592 1.000000 1.000000 
22.511997 91.073708 3.224812 -8.273384 9.893772 0.000000 0.000000 
22.448616 91.110939 2.241572 -8.186043 10.276836 0.000000 0.000000 
32.636044 88.007401 2.968874 -8.213562 10.407173 0.000000 0.000000 
14.407438 93.031067 3.689364 -10.214027 10.611401 0.000000 0.000000 
14.357577 93.171677 3.555950 -12.063614 8.031330 0.000000 0.000000 
31.658323 88.611038 2.862350 -11.672174 8.555977 0.000000 0.000000 
33.019382 88.496811 2.146398 -8.596672 7.851352 0.000000 0.000000 
14.774484 93.523064 -5.873223 -8.194809 11.719387 0.000000 0.000000 
14.414751 93.588570 -7.369365 -10.451897 10.859489 0.000000 0.000000 
14.658709 93.552834 4.707670 -9.327766 11.406288 0.000000 0.000000 
14.376405 93.606956 -6.333479 -10.746202 9.396923 0.000000 0.000000 
31.812365 88.998222 1.902470 -17.172363 2.994957 0.000000 0.000000 
14.285079 93.802650 3.407538 -12.622963 7.739265 0.000000 0.000000 
14.721275 94.191696 -6.184468 -14.880609 7.733615 0.000000 0.000000 
33.137054 89.191704 0.986950 -12.985970 6.669940 0.000000 0.000000 
9.210940 95.013008 1.279673 -17.722984 6.074783 1.000000 1.000000 
13.563754 94.570961 3.541322 -8.374069 11.127007 0.000000 0.000000 
31.674408 89.971870 3.123427 -11.324913 6.036975 0.000000 0.000000 
16.580490 94.121788 0.121528 -4.410088 16.671711 0.000000 0.000000 
13.231242 94.793404 3.845669 -14.307892 6.081005 0.000000 0.000000 
12.634797 94.893539 3.311350 -16.371368 6.192474 0.000000 0.000000 
30.044035 90.761642 -6.188635 -11.136124 12.954311 0.000000 0.000000 
13.929341 94.881996 3.732918 -10.832275 10.069805 0.000000 0.000000 
16.452915 94.476212 0.995590 -1.739868 16.623053 0.000000 0.000000 
13.828125 94.986046 3.887846 -6.055443 15.846848 0.000000 0.000000 
17.288044 94.397522 4.030216 -2.987442 15.972780 0.000000 0.000000 
32.470943 90.300034 2.861846 -13.482736 6.208812 0.000000 0.000000 
17.770720 94.507645 -0.530122 -4.914970 15.587652 0.000000 0.000000 
13.623770 95.371010 3.258328 -1.457153 17.075439 0.000000 0.000000 
9.865972 95.865112 2.721915 -10.911667 11.731579 0.000000 0.000000 
32.113579 90.711342 2.328646 -9.515144 8.116108 0.000000 0.000000 
8.795665 96.097511 4.058864 -7.226227 12.213621 0.000000 0.000000 
9.183736 96.128838 3.557740 -9.887108 9.674839 0.000000 0.000000 
8.298837 96.434303 5.972865 -9.371414 12.017708 0.000000 0.000000 
30.845282 91.571701 4.385731 -12.412407 12.527695 0.000000 0.000000 
31.589531 91.382332 3.625838 -6.833961 11.507729 0.000000 0.000000 
10.171799 96.483391 4.068009 -4.394836 14.027094 0.000000 0.000000 
88.306114 33.765404 12.350985 16.337051 11.505657 0.000000 1.000000 
10.133229 96.568253 -8.733585 -9.264977 11.810383 0.000000 0.000000 
9.961308 96.597404 2.556373 -14.933800 7.521942 0.000000 0.000000 
88.381538 33.576065 12.564051 12.366829 8.940849 0.000000 0.000000 
8.556427 96.749146 2.390757 -6.302719 13.065725 0.000000 0.000000 
88.806808 32.435955 12.800910 16.433083 11.430389 0.000000 0.000000 
88.749069 32.644020 12.007643 13.179283 10.385078 0.000000 0.000000 
15.837831 95.980072 18.194967 -16.457619 9.293392 0.000000 0.000000 
9.796743 96.829651 2.530636 -15.963676 7.906814 0.000000 0.000000 
31.213818 91.984329 2.367939 -16.147614 6.041099 0.000000 0.000000 
31.553633 92.085869 2.602967 -11.110313 7.310562 0.000000 0.000000 
9.551074 97.172867 3.358787 -3.023384 16.309582 0.000000 0.000000 
9.076941 97.222656 3.375131 -1.389122 17.432613 0.000000 0.000000 
8.861240 97.318451 4.085813 1.069611 18.848621 0.000000 0.000000 
9.526891 97.257790 -7.293438 -0.570000 17.213463 0.000000 0.000000 
9.188698 97.323494 3.835086 -6.467484 15.402349 0.000000 0.000000 
31.015568 92.503418 2.973367 -7.840317 9.197758 0.000000 0.000000 
8.734889 97.512772 2.987568 -0.241402 19.358648 0.000000 0.000000 
10.067124 97.502495 4.229426 -11.561646 11.380177 0.000000 0.000000 
9.253081 97.640701 -6.946350 -3.420799 17.960575 0.000000 0.000000 
31.187191 92.972488 3.232620 -13.173813 5.546783 0.000000 0.000000 
9.232791 97.886726 2.463583 -7.067764 14.063913 0.000000 0.000000 
9.212982 97.977516 3.868581 -7.871742 10.917866 0.000000 0.000000 
8.830998 98.061890 3.503802 -1.653915 19.135475 0.000000 0.000000 
9.992154 98.002266 2.474169 -2.725067 18.784325 0.000000 0.000000 
9.118340 98.104965 3.608047 -8.621536 13.977512 0.000000 0.000000 
17.604145 97.008865 -4.728295 -7.156548 15.871731 0.000000 0.000000 
9.071014 98.263649 3.514231 -7.216553 12.903812 0.000000 0.000000 
23.378614 95.971214 0.561089 -15.946877 7.046516 0.000000 0.000000 
15.213005 97.705055 2.346199 -11.709984 11.446857 0.000000 0.000000 
31.518908 93.668564 3.820439 -8.232010 9.326042 0.000000 0.000000 
8.435512 98.672386 3.456255 -11.083458 11.788574 0.000000 0.000000 
8.341551 98.706505 3.625140 -10.264481 9.497234 0.000000 0.000000 
32.054127 93.511978 3.550785 -15.515579 3.633770 0.000000 0.000000 
31.099218 94.072151 3.127234 -7.389938 9.621819 0.000000 0.000000 
10.482770 98.734146 3.603060 -7.868408 11.286564 0.000000 0.000000 
8.798552 98.942757 3.072104 -9.629234 9.080772 0.000000 0.000000 
10.016179 98.866028 -4.534810 -10.133492 10.350815 0.000000 0.000000 
10.141683 98.965347 2.816915 -14.623009 6.643962 0.000000 0.000000 
10.175658 98.980843 -5.376665 -15.466226 7.429500 0.000000 0.000000 
8.760093 99.281624 -10.638419 -10.635971 9.215286 0.000000 0.000000 
10.572666 99.236298 3.623980 -15.001945 8.308556 0.000000 0.000000 
31.740341 94.425575 -7.625924 -9.223961 8.800926 0.000000 0.000000 
22.555876 97.343788 -0.928703 -13.145370 7.160339 0.000000 0.000000 
22.318331 97.525589 -1.546393 -14.472923 7.047424 0.000000 0.000000 
8.706774 99.795746 2.287584 -7.612442 11.437740 0.000000 0.000000 
9.578413 99.812340 1.056068 -13.813232 10.413620 0.000000 0.000000 
7.832492 99.979225 2.745728 -3.637787 15.385223 0.000000 0.000000 
8.903647 100.184799 -7.090491 -15.877815 6.892421 0.000000 0.000000 
8.673618 100.310463 3.209609 -3.142433 15.484976 0.000000 0.000000 
8.578617 100.418434 11.460226 -3.928749 16.521893 0.000000 0.000000 
8.304476 100.464745 3.807061 1.343147 19.307478 0.000000 0.000000 
8.204778 100.477127 3.725910 -2.881653 17.733885 0.000000 0.000000 
8.815398 100.446938 2.355181 -2.842110 17.458862 0.000000 0.000000 
8.413589 100.658447 10.732408 0.993004 22.466324 0.000000 0.000000 
9.086127 100.657150 2.792214 -3.049675 17.491196 0.000000 0.000000 
8.916562 100.947449 10.611181 -10.830513 13.352016 0.000000 0.000000 
8.694844 100.969215 10.564172 -7.614708 13.143930 0.000000 0.000000 
8.746040 101.131653 11.645074 2.389465 22.159195 0.000000 0.000000 
7.577950 101.372002 3.755991 -5.341309 12.819117 0.000000 0.000000 
7.446580 101.398819 4.463067 -4.160599 14.059467 0.000000 0.000000 
7.357433 101.414375 -6.012884 -3.675697 15.377750 0.000000 0.000000 
7.408491 101.500290 3.252058 -2.109856 18.845459 0.000000 0.000000 
7.850451 101.531700 -8.127718 -4.152702 16.638060 0.000000 0.000000 
8.314321 101.631691 -6.992370 -0.619469 18.183401 0.000000 0.000000 
7.646208 101.872368 -8.153757 -8.357468 13.217512 0.000000 0.000000 
8.616258 102.023079 -7.311914 -8.470329 15.838074 0.000000 0.000000 
7.696125 102.155556 -6.348826 -1.919327 15.838076 0.000000 0.000000 
13.753411 101.577583 3.152373 -8.663673 12.200951 0.000000 0.000000 
7.797129 102.383545 -8.557245 -11.703049 9.143162 0.000000 0.000000 
8.192481 102.426582 2.920454 -12.785211 10.809372 0.000000 0.000000 
7.346339 102.956993 6.804250 -10.693932 12.241011 0.000000 0.000000 
8.122071 102.969864 -8.789328 -1.174576 16.425131 0.000000 0.000000 
7.998913 103.015266 6.535248 -2.527687 15.220903 0.000000 0.000000 
8.235769 103.040382 6.008850 -8.482010 13.016344 0.000000 0.000000 
8.537558 103.027229 5.682224 -8.318192 11.113602 0.000000 0.000000 
8.882585 103.325424 -5.940812 -8.911362 12.357214 0.000000 0.000000 
7.877972 103.440506 7.098038 -9.305199 11.134457 0.000000 0.000000 
8.545490 103.612892 4.044570 -5.534996 12.496164 0.000000 0.000000 
8.426911 103.800812 1.770887 -10.641647 11.311638 0.000000 0.000000 
-4.947179 104.136696 -1.743525 -12.241693 7.793598 0.000000 0.000000 
14.663581 103.218475 4.936703 -10.776848 8.545269 0.000000 0.000000 
6.566055 104.262512 4.497561 -16.853378 6.205432 0.000000 0.000000 
-4.914556 104.461876 -1.518445 0.811066 20.010691 0.000000 0.000000 
-4.828722 104.471909 -1.224736 -2.611237 16.836119 0.000000 0.000000 
45.583000 93.807076 2.944685 -10.648010 3.391010 0.000000 0.000000 
45.415398 94.118286 2.828935 -2.753403 9.048100 0.000000 0.000000 
16.444729 103.562416 -4.974810 -8.622444 10.504429 0.000000 0.000000 
-4.936284 104.877144 -1.327661 -9.958038 11.518703 0.000000 0.000000 
45.220737 94.439316 2.466728 -3.823624 8.494541 0.000000 0.000000 
45.668377 94.236000 1.881188 -6.187584 6.776153 0.000000 0.000000 
46.114517 94.140335 2.809252 3.712753 14.330355 0.000000 0.000000 
45.975899 94.322273 2.410473 -11.447014 3.637844 0.000000 0.000000 
16.792763 103.941177 4.218069 -15.083229 8.334064 0.000000 0.000000 
16.828539 104.031387 -6.179879 -5.472504 12.831781 0.000000 0.000000 
45.440746 94.722824 2.720484 -5.342583 8.225555 0.000000 0.000000 
8.770975 105.076279 -7.179572 -14.166344 7.421825 0.000000 0.000000 
46.136181 94.386147 2.435146 -5.432587 8.518848 0.000000 0.000000 
46.952625 94.155586 2.261448 7.904739 17.845947 0.000000 0.000000 
16.655918 104.305161 3.189917 -14.924988 6.490131 0.000000 0.000000 
-5.077591 105.609230 -3.011180 -0.752403 15.871592 0.000000 0.000000 
46.708805 94.527245 3.534571 0.089615 11.712990 0.000000 0.000000 
45.712753 95.096916 3.707798 -3.952942 8.663330 0.000000 0.000000 
46.509083 94.707352 2.737966 0.517616 10.598671 0.000000 0.000000 
-5.276007 106.019135 -1.438274 7.229317 22.929283 0.000000 0.000000 
45.832935 95.364113 3.007011 -4.021629 7.942878 0.000000 0.000000 
-5.266105 106.083229 -1.864315 6.468719 21.609093 0.000000 0.000000 
-4.883245 106.185143 -1.846769 -8.456573 7.716827 0.000000 0.000000 
-4.890772 106.194321 -1.887020 3.293297 18.873714 0.000000 0.000000 
-5.054259 106.189857 -2.260482 7.006599 23.326576 0.000000 0.000000 
44.740009 96.108253 3.079966 -0.873978 10.180458 0.000000 0.000000 
45.100399 95.955093 3.140646 2.340340 12.979511 0.000000 0.000000 
-5.348011 106.279510 -3.240936 -4.314598 12.512520 0.000000 0.000000 
45.107830 95.962601 2.814010 0.313866 11.385551 0.000000 0.000000 
-5.539374 106.278351 -1.828632 -3.294510 13.550850 0.000000 0.000000 
-6.712577 106.237228 -1.464500 -13.345123 8.735619 0.000000 0.000000 
-5.115914 106.474403 -1.658493 -10.074585 8.339443 0.000000 0.000000 
32.142159 101.465683 4.594855 -7.539421 8.874298 0.000000 0.000000 
28.382015 102.719200 -8.464864 -3.786171 14.567493 0.000000 0.000000 
-4.198464 106.657585 -0.213272 -10.126778 12.082047 0.000000 0.000000 
46.943127 95.442574 3.136782 -6.273827 6.276645 0.000000 0.000000 
8.844230 106.487633 -0.818186 -14.151817 6.952922 0.000000 0.000000 
45.601974 96.319565 3.676399 -7.453575 5.827392 0.000000 0.000000 
45.229179 96.504585 3.943513 -9.832191 5.685470 0.000000 0.000000 
45.501289 96.403809 2.255707 -4.893127 6.786457 0.000000 0.000000 
-4.475468 107.049591 -2.255389 -10.170822 10.197262 0.000000 0.000000 
-4.969710 107.338051 -0.560308 -15.455910 4.346572 0.000000 0.000000 
7.570018 107.215012 -2.324337 -13.672151 5.300590 0.000000 0.000000 
7.773875 107.260796 -1.025908 -12.540970 7.334465 0.000000 0.000000 
45.757889 97.162872 2.236286 -7.333809 4.968036 0.000000 0.000000 
16.027966 106.543266 -7.297387 -9.987305 9.262909 0.000000 0.000000 
16.011227 106.650177 2.054681 -7.560593 13.970331 0.000000 0.000000 
31.098927 103.140427 2.765784 -12.364960 4.847248 0.000000 0.000000 
16.254612 106.787048 -6.945015 -14.660417 9.836815 0.000000 0.000000 
15.955136 107.139580 2.144799 -12.766830 8.755356 0.000000 0.000000 
15.533527 107.216576 3.647983 -9.349236 10.501732 0.000000 0.000000 
14.819662 107.462631 -8.691385 -13.801880 5.397270 0.000000 0.000000 
-15.781679 107.386452 -2.010469 -14.631676 5.481449 0.000000 0.000000 
16.810108 107.432312 -6.660381 1.159660 16.473848 0.000000 0.000000 
-16.082056 107.666916 -2.143337 -5.978500 12.123749 0.000000 0.000000 
-16.217300 107.669487 -1.864072 -7.614433 12.246952 0.000000 0.000000 
47.259579 97.788025 5.133744 -11.172531 4.355155 0.000000 0.000000 
16.987768 107.933395 -8.792709 -4.930336 13.054981 0.000000 0.000000 
15.727510 108.150497 -9.332834 -8.792419 12.857981 0.000000 0.000000 
15.124390 108.409706 -6.175337 3.994423 18.512751 0.000000 0.000000 
46.012302 99.079399 3.026399 -12.771317 3.697647 0.000000 0.000000 
15.435886 108.583633 -6.472847 -3.133865 12.317123 0.000000 0.000000 
15.276780 108.630318 5.378754 -13.929329 6.360279 0.000000 0.000000 
15.154248 108.686951 -7.220932 -3.017990 12.575552 0.000000 0.000000 
15.035225 108.725273 3.727189 -6.391548 10.919456 0.000000 0.000000 
15.317129 108.683441 -7.782291 -0.172554 16.316479 0.000000 0.000000 
17.228527 108.667999 -5.553540 -3.620071 11.007877 0.000000 0.000000 
15.825510 108.995010 -6.675200 -4.447784 12.602192 0.000000 0.000000 
15.740218 109.025627 -6.247965 -6.811134 13.576488 0.000000 0.000000 
27.158463 106.681358 0.118457 -6.053505 9.821655 0.000000 0.000000 
-4.295453 110.365379 -1.663941 1.297630 17.909191 0.000000 0.000000 
27.862698 106.899513 2.945121 -12.882607 4.866020 0.000000 0.000000 
25.956436 107.426086 1.118843 -12.072220 7.031459 0.000000 0.000000 
-33.535583 105.239174 3.418112 -8.119560 8.445312 0.000000 0.000000 
27.747847 107.179626 0.538154 -11.844917 7.148620 0.000000 1.000000 
25.988031 107.700157 -0.430567 -10.111847 8.599369 0.000000 0.000000 
24.926279 108.001732 0.409194 -11.321083 8.163887 0.000000 0.000000 
25.815372 107.967812 -0.185109 -9.368362 7.482936 0.000000 0.000000 
-34.044003 105.980530 3.659337 9.563950 22.757292 0.000000 0.000000 
-34.063694 106.001274 3.747204 -0.769157 12.245029 0.000000 0.000000 
44.098114 102.162430 3.353398 -15.085747 3.739670 0.000000 0.000000 
45.093174 101.708145 2.626493 -7.585045 5.612129 0.000000 0.000000 
-4.452484 111.633514 -1.741049 6.559502 22.178692 0.000000 0.000000 
-4.560035 111.633827 -1.880057 -3.265350 14.456163 0.000000 0.000000 
-4.425463 111.662331 -0.962278 -9.388245 10.543591 0.000000 0.000000 
25.996605 108.646446 -0.358604 -14.468559 4.232265 0.000000 0.000000 
-4.206456 111.749123 -1.491936 -14.097177 4.419067 0.000000 0.000000 
-4.478475 111.763008 -1.738420 6.453636 21.692705 0.000000 0.000000 
-4.033326 111.812279 -1.439373 1.199104 17.107134 0.000000 0.000000 
45.039406 102.123146 2.698352 -0.561592 11.472656 0.000000 0.000000 
0.342455 111.991997 4.219965 17.127342 33.281487 0.000000 0.000000 
45.085835 102.537987 2.937921 -1.979050 10.059612 0.000000 0.000000 
46.021194 102.136719 2.808744 2.771194 15.165377 0.000000 0.000000 
-4.491863 112.289131 -1.346463 -5.571136 14.371233 0.000000 0.000000 
46.038338 102.337555 2.719338 -6.235260 5.675777 0.000000 0.000000 
3.568084 112.510704 4.811537 -6.131287 13.475866 0.000000 0.000000 
-4.971730 112.573654 -0.405197 -14.791153 5.441356 0.000000 0.000000 
-4.936644 112.772537 -1.108007 -13.367546 6.708324 0.000000 0.000000 
-4.941865 112.930443 -1.777106 -11.528526 7.606266 0.000000 0.000000 
5.126967 113.007545 3.951348 -2.392273 10.641476 0.000000 0.000000 
5.630656 112.994194 4.384120 12.344124 27.306616 0.000000 0.000000 
3.479208 113.176315 3.979873 6.053528 19.054674 0.000000 0.000000 
4.170323 113.171112 4.544075 14.829582 28.484241 0.000000 0.000000 
0.370382 113.295921 4.099612 25.811615 38.614651 0.000000 0.000000 
0.426879 113.332512 4.545064 21.519806 33.755383 0.000000 0.000000 
0.439672 113.334587 4.371204 22.064865 35.307011 0.000000 0.000000 
0.296740 113.574379 3.647022 13.324043 27.573643 0.000000 0.000000 
2.096289 113.609749 -6.892316 4.636108 19.879597 0.000000 0.000000 
44.785980 104.164970 2.127465 -4.650284 7.939537 0.000000 0.000000 
8.081730 113.528404 -9.288044 -2.686142 14.107460 0.000000 0.000000 
46.815002 103.421005 4.372263 -5.391235 5.367694 0.000000 0.000000 
45.412838 104.380020 3.310226 11.157387 18.984026 0.000000 0.000000 
45.426758 104.405830 2.013942 -7.202797 4.708599 0.000000 0.000000 
45.388168 104.537621 2.023546 -10.670578 3.481991 1.000000 1.000000 
0.224807 114.309944 5.061759 -10.744949 7.535793 1.000000 1.000000 
0.330237 114.310867 2.642381 -9.767471 7.204574 1.000000 1.000000 
-28.438591 110.650253 2.575984 -7.466911 10.170132 0.000000 0.000000 
-29.336758 110.450294 2.513728 -5.760124 8.564953 0.000000 0.000000 
45.861832 104.585876 3.351112 7.575737 17.583860 0.000000 0.000000 
-27.827999 110.985397 2.776471 -5.138771 11.542191 0.000000 0.000000 
45.686069 104.670410 3.042372 6.035676 16.265152 0.000000 0.000000 
-29.436560 110.706726 1.281373 -5.229416 10.969894 0.000000 0.000000 
45.760094 104.800575 3.826689 -4.287987 8.755653 0.000000 0.000000 
-29.679752 110.750259 2.509845 -3.128365 12.612183 0.000000 0.000000 
8.560593 114.517410 18.973160 -11.891075 9.559700 0.000000 0.000000 
-29.859638 110.753212 1.769063 -6.251686 10.091217 0.000000 0.000000 
9.805746 114.434891 2.812809 -1.480804 15.297747 0.000000 0.000000 
45.671299 105.052940 2.464871 17.201691 25.189369 0.000000 0.000000 
45.709770 105.046387 2.608234 19.948692 28.382683 0.000000 0.000000 
45.634762 105.217125 2.664301 17.946617 26.646795 0.000000 0.000000 
45.433407 105.347923 2.709765 -2.609978 7.988296 0.000000 0.000000 
45.374771 105.432587 2.660717 11.473991 20.685347 0.000000 0.000000 
45.403210 105.475945 1.533064 -9.811172 1.964832 0.000000 0.000000 
-5.182876 115.094299 0.984215 -9.385712 10.190250 0.000000 0.000000 
45.376068 105.593437 2.392538 -3.785019 6.410282 0.000000 0.000000 
46.010750 105.392303 3.293956 0.970558 13.567308 0.000000 0.000000 
-7.150586 115.140823 1.865513 -8.610321 12.086239 0.000000 0.000000 
45.883633 105.590050 2.531710 -0.373779 9.658440 0.000000 0.000000 
17.846636 114.266037 0.516124 -9.035385 12.057240 0.000000 0.000000 
45.941738 105.839439 2.811152 14.751396 23.744537 0.000000 0.000000 
45.738586 105.928993 4.191565 -4.354271 6.483947 0.000000 0.000000 
45.587505 106.067764 2.549927 10.048935 18.205097 0.000000 0.000000 
24.226448 113.196030 -0.244645 0.632446 14.681013 0.000000 0.000000 
45.513157 106.230324 2.495937 7.336189 16.588989 0.000000 0.000000 
45.888821 106.128365 3.193082 -8.262482 5.838787 0.000000 0.000000 
24.373650 113.271805 -1.756717 0.115074 14.302320 0.000000 0.000000 
44.901726 106.679420 2.290303 -2.988213 9.340370 0.000000 0.000000 
24.144794 113.433372 -1.280361 1.978203 16.492966 0.000000 0.000000 
25.947042 113.104034 0.594704 -9.138870 11.054974 0.000000 0.000000 
24.771793 113.390221 -1.194776 -3.264717 13.106306 0.000000 0.000000 
25.054174 113.414742 -0.968153 1.058495 17.869061 0.000000 0.000000 
24.074274 113.639061 -0.571586 7.920723 20.918934 0.000000 0.000000 
-6.240537 116.197571 -7.780772 -3.535179 14.709635 0.000000 0.000000 
24.354773 113.775063 -1.021742 16.432259 29.329779 0.000000 0.000000 
45.871593 106.863884 2.533759 -0.007416 10.040024 0.000000 0.000000 
24.495064 113.982590 -1.019436 4.369072 19.531279 0.000000 0.000000 
24.413809 114.016083 -1.057869 12.699173 25.860979 0.000000 0.000000 
24.812914 114.027924 -1.174992 8.633698 21.745453 0.000000 0.000000 
-5.202250 116.977135 3.838115 5.462800 20.365536 0.000000 0.000000 
-7.651768 116.912491 -7.848475 6.407753 23.749844 0.000000 0.000000 
24.545725 114.497559 -1.301732 9.667747 23.627213 0.000000 0.000000 
23.982592 114.667892 -1.081425 3.279076 19.798862 0.000000 0.000000 
-5.326940 117.264130 3.310619 4.340576 20.414677 0.000000 0.000000 
-5.264758 117.264885 -11.330894 -1.004776 15.382986 0.000000 0.000000 
24.388353 114.796288 -1.404830 4.995102 21.131256 0.000000 0.000000 
24.809345 114.745094 -0.991026 13.083740 25.177544 0.000000 0.000000 
24.352970 114.892876 -0.182929 11.675011 24.101852 0.000000 0.000000 
24.479452 114.987457 -0.638723 -0.900063 15.205244 0.000000 0.000000 
45.243511 108.315208 3.687606 -4.255341 8.616325 0.000000 0.000000 
46.343475 107.841667 3.779883 -7.312622 5.667644 0.000000 0.000000 
44.923512 108.540428 2.427217 0.111397 10.033051 0.000000 0.000000 
-4.578276 117.849556 -7.186020 6.512299 21.184111 0.000000 0.000000 
-7.451694 117.721359 3.582366 3.966499 19.364908 0.000000 0.000000 
24.715227 115.293045 0.174365 0.882477 17.576530 0.000000 0.000000 
45.368546 108.719727 1.924685 -5.020470 6.354290 0.000000 0.000000 
-4.420243 118.062080 3.515572 -2.260529 15.322012 0.000000 0.000000 
45.427254 108.750198 2.738037 3.355408 12.853609 0.000000 0.000000 
-3.934866 118.341553 -9.443037 2.195053 17.766682 0.000000 0.000000 
-4.202775 118.337646 8.658844 -2.633148 15.876961 0.000000 0.000000 
45.713623 109.121666 2.928709 -1.061020 10.111088 0.000000 0.000000 
45.249722 109.327171 2.235595 -5.222855 7.234004 0.000000 0.000000 
-5.223941 118.556076 -3.041749 7.673134 20.439217 0.000000 0.000000 
-5.830202 118.569046 7.646155 6.059784 19.549435 0.000000 0.000000 
-6.509446 118.605293 6.027217 -2.870506 14.694904 0.000000 0.000000 
-5.412847 118.692413 2.505710 2.286767 19.859703 0.000000 0.000000 
45.921185 109.260933 2.959839 4.973953 15.949091 0.000000 0.000000 
-5.490041 118.720261 -0.558931 5.038933 18.986032 0.000000 0.000000 
46.033924 109.254524 2.749276 -2.656288 8.508976 0.000000 0.000000 
45.781372 109.385757 2.884849 5.815590 15.215117 0.000000 0.000000 
46.217587 109.203102 2.839570 4.123894 14.078436 0.000000 0.000000 
-5.364971 118.817871 -5.785094 1.324127 16.014196 0.000000 0.000000 
-5.380092 118.824936 -5.174569 -2.525085 14.156036 0.000000 0.000000 
45.663746 109.607796 3.936848 -2.254707 9.988945 0.000000 0.000000 
-7.381385 118.980026 -7.808103 -9.396812 13.540361 0.000000 0.000000 
-5.338346 119.199539 -7.788637 -1.543053 12.079285 0.000000 0.000000 
47.385624 109.235542 2.408854 0.089699 10.476345 0.000000 0.000000 
-5.135238 119.302711 2.878704 -1.649124 15.507084 0.000000 0.000000 
45.651901 110.213829 2.980011 -6.127235 6.292873 0.000000 0.000000 
-6.989784 119.429054 -7.407310 -2.784698 14.512482 0.000000 0.000000 
-5.515350 119.690323 6.266999 -4.050766 14.120188 0.000000 0.000000 
-4.944883 119.753166 7.058172 -5.275780 14.633852 0.000000 0.000000 
-20.283739 118.294533 2.870119 -4.959045 11.913513 0.000000 0.000000 
9.448622 119.767242 -7.351606 -5.098946 12.768164 0.000000 0.000000 
-7.061114 120.058434 -12.936851 -6.112045 13.288084 0.000000 0.000000 
46.021111 111.002396 3.904008 -7.226089 6.861824 0.000000 0.000000 
45.858540 111.069252 3.575570 -2.052979 9.957207 0.000000 0.000000 
10.782269 120.063446 4.179586 -7.695663 9.504391 0.000000 0.000000 
45.044170 111.594254 3.101867 0.031708 9.490837 0.000000 0.000000 
46.820896 111.078857 2.141683 -7.908615 4.955005 0.000000 0.000000 
-20.010712 119.290871 1.016079 -8.876656 9.152565 0.000000 0.000000 
9.262275 120.743752 -5.464905 -8.956947 9.323734 0.000000 0.000000 
46.145508 111.751213 -8.360029 -1.210945 9.486107 0.000000 0.000000 
31.388575 117.056458 3.092792 -11.510254 5.409374 0.000000 1.000000 
8.908662 121.084770 -6.863425 -7.191101 9.641178 0.000000 0.000000 
46.157635 112.042908 3.194284 1.562462 11.830711 0.000000 0.000000 
45.820393 112.251686 3.213487 13.978043 23.347878 0.000000 0.000000 
45.826183 112.264900 3.290466 -7.180817 7.347469 0.000000 0.000000 
-5.764375 121.470207 1.330384 -10.650238 6.941383 0.000000 0.000000 
8.893799 121.300659 4.328072 -7.193726 8.505081 0.000000 0.000000 
-3.849893 121.664124 5.277560 -9.069099 9.170597 0.000000 0.000000 
45.740299 112.596222 3.634383 16.368683 24.855335 0.000000 0.000000 
45.607464 112.677505 3.829341 15.478310 24.097141 0.000000 0.000000 
11.419379 121.383995 2.346545 -2.925629 13.749113 0.000000 0.000000 
-32.704483 117.341736 -15.083255 -8.940857 8.368839 0.000000 0.000000 
-3.989841 121.946396 -2.750854 0.821930 18.316885 0.000000 0.000000 
46.394733 112.514084 2.913954 9.324081 17.722401 0.000000 0.000000 
-3.695411 122.030907 -2.187152 2.657753 18.771212 0.000000 0.000000 
46.028831 112.801857 3.027787 6.149864 15.760859 0.000000 0.000000 
46.143921 112.882011 3.078280 14.118553 22.889595 0.000000 0.000000 
46.115215 112.920593 3.175969 20.148949 28.933197 0.000000 0.000000 
45.712284 113.151009 2.014356 9.766159 18.253069 0.000000 0.000000 
-3.961151 122.292168 -1.764597 1.506729 15.429308 0.000000 0.000000 
11.322014 121.993797 3.746550 0.592789 15.913372 0.000000 0.000000 
46.089916 113.227699 2.667837 0.750160 9.960060 0.000000 0.000000 
46.491547 113.257271 3.651930 8.166214 16.928133 0.000000 0.000000 
46.099125 113.781937 1.109804 -1.394989 12.947744 0.000000 0.000000 
45.759216 113.982208 3.193466 6.889427 16.996626 0.000000 0.000000 
46.632141 113.710739 2.857634 11.611137 20.936443 0.000000 0.000000 
45.994492 114.062805 3.290713 -3.641678 9.068001 0.000000 0.000000 
-30.443478 119.406342 8.806230 2.992752 18.366867 0.000000 0.000000 
46.748558 113.828247 2.632031 10.651817 20.866745 0.000000 0.000000 
-5.310212 123.434387 1.658460 -2.340126 16.373230 0.000000 0.000000 
45.397106 114.602448 3.238334 3.954948 12.568115 0.000000 0.000000 
46.673557 114.477646 2.944191 1.615738 15.255768 0.000000 0.000000 
-5.841017 123.800987 -8.422691 -5.515564 11.996590 0.000000 0.000000 
46.054886 114.753578 2.660045 6.758804 15.660364 0.000000 0.000000 
78.075180 95.199188 13.676701 4.794137 7.561332 0.000000 0.000000 
45.919701 114.933212 2.018290 9.200974 18.173119 0.000000 0.000000 
-28.790693 120.559814 7.463970 0.313400 16.595896 0.000000 0.000000 
45.312859 115.359879 3.504288 -5.478363 5.951194 0.000000 0.000000 
46.098289 115.039162 2.757248 7.140800 17.303740 0.000000 0.000000 
-18.244270 122.965324 3.927552 -8.740562 9.657692 0.000000 0.000000 
46.025871 115.214432 2.634855 2.901970 12.742563 0.000000 0.000000 
-4.962085 124.393738 1.712875 -0.946198 15.927420 0.000000 0.000000 
-5.376761 124.382576 -9.983811 -0.907166 17.851995 0.000000 0.000000 
-28.935678 121.197708 7.447703 -1.867622 17.539165 0.000000 0.000000 
-5.934970 124.641457 4.755197 -5.465080 10.652668 0.000000 0.000000 
-4.496879 124.720757 1.046457 1.037682 17.226038 0.000000 0.000000 
45.978722 115.794189 3.000860 9.470100 18.151394 0.000000 0.000000 
45.953907 115.851807 2.538327 8.173607 17.121271 0.000000 0.000000 
46.540165 115.660454 2.520415 10.099937 19.313372 0.000000 0.000000 
-17.366501 124.017807 3.795681 -4.622543 12.278751 0.000000 0.000000 
45.751770 116.350609 2.757406 9.084137 17.962505 0.000000 0.000000 
6.773596 125.294167 2.403513 -5.523163 14.650705 0.000000 0.000000 
-28.374933 122.143829 6.165486 -13.229568 3.990314 0.000000 0.000000 
-3.840230 125.537643 -7.007991 -7.706345 8.810749 0.000000 0.000000 
-27.752106 122.582817 7.970557 2.062698 17.372894 0.000000 0.000000 
-26.698154 123.044662 7.809996 -2.265213 11.894047 0.000000 0.000000 
-2.371078 126.060921 -8.514721 -10.215523 6.357540 0.000000 0.000000 
-27.198635 123.126968 7.498488 2.735100 16.235952 0.000000 0.000000 
8.837184 125.936852 2.013225 -8.094910 8.397156 0.000000 0.000000 
24.064732 123.992043 -1.652543 -0.178688 16.175684 0.000000 0.000000 
-31.866169 122.248627 12.400776 3.116868 16.958305 0.000000 0.000000 
24.282690 124.206490 4.416933 -0.238831 14.027081 0.000000 0.000000 
-32.921337 122.163322 17.371922 -4.192825 10.329006 0.000000 0.000000 
45.266861 118.072174 1.550648 -8.000694 4.902477 0.000000 0.000000 
-25.167849 124.450310 8.273498 -5.963333 12.452503 0.000000 0.000000 
-26.910934 124.194748 5.822072 -3.231903 13.849739 0.000000 0.000000 
24.488428 124.956161 4.609177 -8.265541 7.858459 0.000000 0.000000 
-25.089825 124.916924 7.306558 -6.468803 10.913429 0.000000 0.000000 
46.017170 118.671295 2.740217 1.666206 12.835003 0.000000 0.000000 
46.349190 118.579590 2.623661 2.854149 12.856274 0.000000 0.000000 
24.401974 125.513527 4.431939 8.058228 20.159634 0.000000 0.000000 
23.890833 125.631218 4.705459 -0.249107 15.707741 0.000000 0.000000 
24.210512 125.630653 -0.053449 0.648140 16.407709 0.000000 0.000000 
46.606659 119.274536 2.855355 8.469505 17.970650 0.000000 0.000000 
24.779970 125.973465 -1.122779 0.542030 14.934671 0.000000 0.000000 
24.207649 126.306427 4.031183 -3.629990 10.416328 0.000000 0.000000 
24.699942 126.275826 -0.507225 6.034791 19.750944 0.000000 0.000000 
25.265497 126.165970 -0.563907 12.225807 24.693319 0.000000 0.000000 
-31.416933 124.835335 -17.766895 -4.936722 12.297421 0.000000 0.000000 
25.627605 126.547661 -0.131190 9.900024 22.580423 0.000000 0.000000 
24.192387 127.102440 -0.685161 -4.177399 12.987528 0.000000 0.000000 
23.945885 127.211815 1.582606 -5.491814 9.834663 0.000000 0.000000 
24.608852 127.225166 1.551403 -0.895874 13.164055 0.000000 0.000000 
45.778442 121.050110 3.641425 2.897141 13.358828 0.000000 0.000000 
-30.429871 125.959557 17.776743 -3.949394 10.444405 0.000000 0.000000 
9.250209 129.377655 2.805235 -8.541481 9.028328 0.000000 0.000000 
47.610298 120.402443 4.652584 -4.258522 10.970078 0.000000 0.000000 
26.178495 127.186028 0.234862 -5.186623 9.369102 0.000000 0.000000 
-3.976626 129.976730 -0.803334 -7.294815 10.427238 0.000000 0.000000 
9.354197 130.076248 2.044288 6.268478 20.300837 0.000000 0.000000 
9.265638 130.150299 2.400847 2.265762 17.299160 0.000000 0.000000 
-32.234577 126.314171 -2.165455 -3.541458 11.032063 0.000000 0.000000 
9.391841 130.589005 -8.643630 -1.671944 15.197512 0.000000 0.000000 
9.562020 130.578949 1.883361 7.221382 21.632118 0.000000 0.000000 
9.662915 130.644409 -19.002691 -2.673035 13.533623 0.000000 0.000000 
-5.242329 131.102066 -2.141039 -6.186668 10.052094 0.000000 0.000000 
-43.355930 123.648415 3.186068 -5.067055 6.808372 0.000000 0.000000 
46.008324 122.668381 3.751887 -2.991089 7.508731 0.000000 0.000000 
7.823113 131.485992 -8.185746 -3.640045 14.021666 0.000000 0.000000 
7.235389 131.541321 4.847628 -10.242020 9.035843 0.000000 0.000000 
8.986909 131.750275 -9.025066 -1.771973 12.929449 0.000000 0.000000 
7.340181 131.982727 -9.841300 -4.499725 13.572287 0.000000 0.000000 
47.323200 123.386559 3.945346 -3.879234 6.215915 0.000000 0.000000 
8.728551 132.267761 -9.037415 -4.421432 11.229820 0.000000 0.000000 
46.529850 123.856133 4.491321 0.633896 10.266422 0.000000 0.000000 
8.882514 132.275696 -9.052672 -0.027191 13.555315 0.000000 0.000000 
7.817850 132.384949 -9.199915 -6.013107 12.520990 0.000000 0.000000 
7.457670 132.562775 5.293858 -3.305687 12.476191 0.000000 0.000000 
46.618439 124.066040 4.631108 1.050018 12.701475 0.000000 0.000000 
7.903911 132.891663 -10.485908 -3.741936 11.381821 0.000000 0.000000 
7.166070 132.972076 0.945674 -13.868051 3.861694 1.000000 1.000000 
7.365786 132.978577 5.112810 -6.060577 11.951962 0.000000 0.000000 
6.918045 133.036407 4.742051 -0.117722 14.461658 0.000000 0.000000 
8.046214 133.199005 5.298621 -5.736839 9.518093 0.000000 0.000000 
6.767264 133.347290 3.855864 -3.552650 11.770763 0.000000 0.000000 
-19.100180 132.152496 7.354119 -8.526871 8.914879 0.000000 0.000000 
5.589313 133.482513 -1.568732 -6.921394 8.033875 1.000000 1.000000 
8.257388 133.669769 5.237516 -7.655037 6.524822 0.000000 0.000000 
6.632715 133.731415 -1.177570 -7.270424 8.007355 1.000000 1.000000 
16.325506 133.031128 2.553509 -6.504173 8.936378 0.000000 0.000000 
4.952183 133.952179 -3.512017 -5.353447 8.694141 1.000000 1.000000 
15.720140 133.195892 4.177027 -1.426384 13.414671 0.000000 0.000000 
5.160262 133.982941 -3.120713 -1.315002 13.203382 1.000000 0.000000 
4.849102 134.057007 -3.014647 -7.303078 10.293236 1.000000 1.000000 
5.311060 134.221405 -1.632852 -0.801613 13.539295 1.000000 0.000000 
15.298355 133.503754 3.207574 -2.940109 11.884388 0.000000 0.000000 
8.774568 134.249054 -7.602129 -5.357544 11.448860 0.000000 0.000000 
-19.601168 133.355682 5.501817 -3.397476 12.298450 0.000000 0.000000 
8.454982 134.562225 -8.864124 -3.244354 12.058353 0.000000 0.000000 
-19.215376 133.511688 3.876490 3.132027 16.599592 0.000000 0.000000 
8.022308 135.004578 -3.971345 -6.897423 11.472492 0.000000 0.000000 
10.335445 135.006348 -3.402836 -7.461296 10.368851 0.000000 0.000000 
-18.544220 134.186096 3.201318 -7.303101 9.415771 0.000000 0.000000 
15.114059 134.779480 -0.917170 -6.639519 13.230883 0.000000 0.000000 
-19.945793 134.222046 4.648691 -4.392944 11.439610 0.000000 0.000000 
-4.266463 135.814178 -0.106101 -4.243416 11.444874 0.000000 0.000000 
-3.830409 135.953796 5.081638 -5.214371 10.956017 0.000000 0.000000 
9.272914 135.851379 -8.622832 -5.309326 11.617279 0.000000 0.000000 
-4.689243 136.187592 -0.081666 -5.823387 11.433449 0.000000 0.000000 
-4.732452 136.214233 0.414220 -4.388390 13.632915 0.000000 0.000000 
9.384181 136.120300 -8.425690 -7.026978 10.257351 0.000000 0.000000 
-4.314351 136.469208 -0.156227 0.856628 15.241079 0.000000 0.000000 
-16.626444 135.563873 4.299857 -6.927345 10.047668 0.000000 0.000000 
8.615518 136.388641 -9.030787 -9.089821 8.113914 0.000000 0.000000 
9.415509 136.659790 -0.143296 -8.398521 8.945415 0.000000 0.000000 
18.822367 135.733154 0.682516 -6.397591 10.201015 0.000000 0.000000 
-19.795176 135.753937 -12.509685 -5.532074 9.221230 0.000000 0.000000 
-18.194525 136.010132 2.738657 -8.816193 7.005092 0.000000 0.000000 
-17.847345 136.209625 3.367924 -7.827461 6.982421 0.000000 0.000000 
8.100327 137.718445 -9.541409 -9.716225 6.827957 0.000000 0.000000 
8.040981 137.782684 -8.151872 -7.510559 7.314109 0.000000 0.000000 
-17.814747 136.995148 4.957239 -9.916611 6.284297 0.000000 0.000000 
8.045130 138.084229 -7.048041 -9.027054 7.097934 0.000000 0.000000 
9.867249 138.477264 0.143386 -8.592583 6.198520 0.000000 0.000000 
-29.317400 135.614868 11.351653 -7.590355 8.918488 0.000000 0.000000 
7.888811 138.817871 -8.555103 -12.492821 4.121204 0.000000 0.000000 
8.292225 138.888153 -0.236619 -13.250732 7.178295 0.000000 0.000000 
23.232723 137.523315 6.919143 -1.338371 12.900700 0.000000 0.000000 
23.771936 137.508667 -9.690334 -3.484619 10.598244 0.000000 0.000000 
-3.783731 139.684601 6.000967 -12.697029 4.343303 0.000000 0.000000 
-2.212761 140.258728 6.748886 -10.914421 7.283191 0.000000 0.000000 
-18.714836 139.010498 -5.999720 -3.596138 10.207001 0.000000 0.000000 
-18.759457 139.165497 -6.108286 -7.111420 8.262878 0.000000 0.000000 
-4.542842 140.557526 4.956793 -4.950974 7.174221 0.000000 0.000000 
-4.170611 140.929901 -2.826199 -8.035454 8.352242 0.000000 0.000000 
-4.496140 140.947662 2.712064 -6.647369 9.279903 0.000000 0.000000 
-3.646463 141.067352 -7.847177 -7.247429 9.714458 0.000000 0.000000 
-4.069706 141.179993 -3.982126 -10.030708 9.411472 0.000000 0.000000 
-4.575557 141.417786 2.437296 -0.590622 11.228085 0.000000 0.000000 
-3.490044 141.666351 -7.418241 -7.730492 7.659000 0.000000 0.000000 
-4.771062 141.761169 2.276947 6.216424 17.553528 0.000000 0.000000 
-4.570085 141.776184 0.861819 9.636818 21.510326 0.000000 0.000000 
-4.681919 141.795441 1.401920 -1.521164 10.452251 0.000000 0.000000 
29.639397 138.732056 -2.218778 -4.219955 9.786697 0.000000 0.000000 
-4.600138 142.094757 1.030786 11.099434 22.091560 0.000000 0.000000 
-5.271343 142.431488 -13.707155 -5.622383 8.151409 0.000000 0.000000 
-4.292503 142.522125 -11.682327 -6.282730 11.087448 0.000000 0.000000 
-28.412415 139.694153 -20.630484 -2.122757 9.964943 0.000000 0.000000 
-4.017620 142.921478 -14.567596 -9.470924 8.775570 0.000000 0.000000 
-28.209507 140.152374 10.470922 -1.534843 12.142235 0.000000 0.000000 
-29.273161 140.131836 11.173985 -3.104950 11.622433 0.000000 0.000000 
-29.330330 140.121857 10.299191 -1.636894 11.726734 0.000000 0.000000 
-3.985567 143.231598 3.578021 -8.483711 7.854469 0.000000 0.000000 
-27.484343 140.743835 11.261084 -4.324478 9.481361 0.000000 0.000000 
-28.846531 140.646606 10.607517 -9.233818 6.358421 0.000000 0.000000 
-28.100210 140.981598 11.415411 -9.903992 7.602829 0.000000 0.000000 
-31.430477 140.805450 -14.654336 -9.993103 5.838207 0.000000 0.000000 
7.335210 144.557892 -10.539555 -11.284851 5.800754 0.000000 0.000000 
6.092736 144.858521 5.139302 -10.388680 3.507427 0.000000 0.000000 
8.294151 144.788849 4.929247 -9.510635 7.492462 0.000000 0.000000 
6.315364 145.086731 -12.213805 -8.484528 7.106502 0.000000 0.000000 
-3.963939 145.538361 0.073732 -9.968185 5.612575 0.000000 0.000000 
-4.434077 145.529694 2.808015 -10.007515 5.862342 0.000000 0.000000 
-3.828139 145.672913 5.716269 -8.041687 9.150551 0.000000 0.000000 
-4.161144 145.839386 4.383440 -9.227806 6.115612 0.000000 0.000000 
-28.370569 143.107147 11.433779 -8.288963 6.605014 0.000000 0.000000 
-28.977486 143.109314 10.133680 -9.564911 7.206321 0.000000 1.000000 
7.924338 146.268646 -11.876440 -5.818916 11.243626 0.000000 0.000000 
-2.976201 146.799133 -14.549818 -12.499658 5.483451 0.000000 0.000000 
-4.412930 146.776794 3.742919 -8.282188 7.754936 0.000000 0.000000 
32.862118 143.019653 5.644500 -4.457436 7.970836 0.000000 0.000000 
-2.336519 147.452698 6.447356 -11.595512 4.722148 0.000000 0.000000 
-4.554730 147.495087 -11.078604 -13.139709 3.377907 0.000000 0.000000 
-4.304210 147.747620 5.691233 -9.675278 5.886417 0.000000 0.000000 
-3.643724 147.956879 7.768631 -0.237312 15.031221 0.000000 0.000000 
-4.328318 147.944305 6.830750 0.500610 13.670630 0.000000 0.000000 
-21.384644 146.444183 2.560522 -11.052629 6.046119 0.000000 0.000000 
-4.252475 148.163666 -10.753203 3.785439 16.715357 0.000000 0.000000 
6.377538 148.192841 2.674860 -11.999870 4.890522 0.000000 0.000000 
7.675030 148.504669 2.874511 -7.654701 7.719947 0.000000 0.000000 
29.687559 145.769409 2.835220 -3.972832 9.322952 0.000000 0.000000 
7.226844 148.857910 3.970211 -7.538879 7.482620 0.000000 0.000000 
31.518040 145.800201 4.001081 -9.559212 5.332614 0.000000 0.000000 
-3.078100 149.498718 -0.077711 -9.240822 5.731029 0.000000 0.000000 
-4.460579 149.500671 -3.556621 -8.853729 8.046833 0.000000 0.000000 
-30.506546 146.716949 10.170111 -6.634056 7.352638 0.000000 1.000000 
24.171734 148.514191 0.288561 -7.792145 7.059265 0.000000 0.000000 
-2.448831 150.695068 -0.933337 -13.042732 2.355419 0.000000 0.000000 
-4.180816 150.976959 -1.602003 -5.534065 6.809387 0.000000 0.000000 
31.796005 147.579742 0.454127 -5.859802 6.457454 0.000000 0.000000 
31.864254 147.737000 8.458649 -6.392059 7.047027 0.000000 0.000000 
24.448689 149.755341 0.606620 -1.538536 10.822037 0.000000 0.000000 
24.031239 149.885559 -0.605310 -4.574646 8.673031 0.000000 0.000000 
24.775690 149.923248 0.436803 -5.753380 6.266410 0.000000 0.000000 
24.488474 149.977966 0.881009 -5.504669 7.841972 0.000000 0.000000 
-2.974405 152.361664 5.409206 -4.376945 8.719124 0.000000 0.000000 
-2.814662 152.587372 -9.438286 -2.229820 10.109455 0.000000 0.000000 
-2.194939 152.858368 -10.325797 -7.328392 6.898201 0.000000 0.000000 
-2.284127 152.863647 -8.998264 -4.021179 8.363152 0.000000 0.000000 
-4.664653 153.533752 -1.838915 -1.491425 10.830143 0.000000 0.000000 
-4.201522 153.563263 -2.016105 0.904854 12.211767 0.000000 0.000000 
-4.334442 154.033539 -1.787471 -1.748199 10.189587 0.000000 0.000000 
-4.585896 154.037628 -9.156305 -9.204498 7.121913 0.000000 0.000000 
-4.040471 154.053619 -1.072973 -2.671974 9.945240 0.000000 0.000000 
8.539159 153.930267 4.233299 -8.799477 4.622703 0.000000 0.000000 
-22.097878 152.944946 3.590192 -11.749527 4.169014 0.000000 0.000000 
-18.694017 153.991302 7.170235 -11.461655 3.806301 0.000000 0.000000 
-4.024232 155.614227 -1.508145 -7.021866 5.390953 0.000000 0.000000 
-4.014052 155.641418 -3.149573 -8.877617 4.666515 0.000000 0.000000 
-3.613257 155.856232 -3.019773 -10.993248 3.439224 0.000000 0.000000 
-2.885844 155.917450 -2.455803 -6.378365 5.694561 0.000000 0.000000 
-3.231389 155.974182 -2.548502 -8.178398 4.928134 0.000000 0.000000 
33.285446 153.417175 -1.038758 -7.429657 3.913921 0.000000 0.000000 
32.878654 153.778320 -2.969487 2.234421 11.319557 0.000000 0.000000 
33.749111 153.737030 -4.097943 -4.452950 6.917129 0.000000 0.000000 
32.981030 154.148163 -1.713255 1.460526 11.275364 0.000000 0.000000 
33.620667 154.408478 -2.026073 -6.763641 5.250579 0.000000 0.000000 
-3.503535 158.179047 -1.123808 -9.463860 3.650463 0.000000 0.000000 
32.783718 154.976929 1.427853 -10.486664 3.057392 0.000000 0.000000 
33.337929 154.986115 -4.370357 -5.811882 4.779163 0.000000 0.000000 
-7.035788 158.674194 2.842062 -5.273186 8.337124 0.000000 0.000000 
-4.331882 159.326721 -0.657796 -7.837433 5.081748 0.000000 0.000000 
-5.205382 159.410706 -1.039201 -14.694710 10.279404 0.000000 0.000000 
-3.905666 159.460022 -2.499858 -7.241661 6.170196 0.000000 0.000000 
-4.678427 159.485535 -2.745668 -3.801239 7.998931 0.000000 0.000000 
-4.455306 159.795227 0.686661 -3.733795 8.103951 0.000000 0.000000 
-3.235960 160.298187 6.551040 0.332985 10.269093 0.000000 0.000000 
-4.726954 160.300781 3.717209 2.530701 12.931763 0.000000 0.000000 
-3.938523 160.706635 6.363798 -1.139084 9.849949 0.000000 0.000000 
-2.153392 161.092529 -0.128592 -13.371788 3.542652 0.000000 0.000000 
-3.701846 161.140717 3.691672 -10.028595 3.198955 0.000000 0.000000 
-2.487110 161.568481 4.354858 -11.369278 3.158527 0.000000 0.000000 
-4.290648 161.591644 5.749008 -7.833939 5.593647 0.000000 0.000000 
-18.668915 160.864746 4.934402 -2.277573 7.385433 0.000000 0.000000 
-18.093441 160.977692 6.582767 -6.176353 5.018875 0.000000 0.000000 
-18.502966 161.411682 5.352307 -5.640732 5.907909 0.000000 0.000000 
-29.386824 159.897919 10.706701 -3.039139 8.101105 0.000000 0.000000 
-19.067747 162.098480 4.740772 -5.869400 4.725711 0.000000 0.000000 
-3.477550 163.704834 -3.838848 -7.355446 6.524192 0.000000 0.000000 
-1.535761 164.765594 5.880775 -8.449875 4.003089 0.000000 0.000000 
26.344444 163.381317 1.043903 -1.891350 7.479175 0.000000 0.000000 
27.740171 163.153198 1.938920 -4.589767 6.288688 0.000000 0.000000 
27.759182 163.212616 2.957241 -6.598648 6.536197 0.000000 0.000000 
152.416565 58.044575 0.868854 14.889458 6.259120 1.000000 1.000000 
-3.983021 165.885254 -1.004773 -3.135651 9.225445 0.000000 0.000000 
-4.521472 166.178497 -2.774237 -4.782043 9.850910 0.000000 0.000000 
-4.296686 166.359253 -0.149590 -2.527550 10.644180 0.000000 0.000000 
27.652603 164.513367 0.269571 -4.880257 6.742881 0.000000 0.000000 
-30.271875 164.259613 12.856722 -4.764931 6.139820 0.000000 0.000000 
-4.351204 167.219147 -11.581997 -7.904526 5.554573 0.000000 0.000000 
-30.306698 164.494232 13.088115 -4.889709 5.175029 0.000000 0.000000 
28.032761 165.150421 -0.373072 -8.258400 4.441749 0.000000 0.000000 
-4.340085 167.647308 -13.477016 -5.688667 6.607723 0.000000 0.000000 
-30.055553 165.855072 -18.622547 -8.072937 4.716598 0.000000 0.000000 
-3.622877 168.977478 -2.233337 -4.993484 6.561634 0.000000 0.000000 
-30.684977 166.363647 -19.254328 -2.579590 8.364731 0.000000 0.000000 
-30.886900 166.347321 -18.881960 -2.211967 7.883174 0.000000 0.000000 
-3.681031 169.411407 -3.979440 -6.708023 6.930301 0.000000 0.000000 
-3.892890 170.116272 -2.869622 -7.445557 4.505958 0.000000 0.000000 
-4.847657 171.043365 6.674671 -8.065231 4.840251 0.000000 0.000000 
-2.699180 171.539459 -11.003187 -5.509003 5.397037 0.000000 0.000000 
-4.818374 171.564331 7.251296 -8.726463 4.201667 0.000000 0.000000 
-3.683030 171.922241 -2.301976 -5.896019 6.330947 0.000000 0.000000 
-2.391748 171.981537 3.875722 -6.316620 5.429237 0.000000 0.000000 
-2.605043 172.413849 -0.365635 -2.398048 10.592880 0.000000 0.000000 
24.974201 170.853699 -1.187156 -7.774513 4.754936 0.000000 0.000000 
24.620110 171.006592 -0.797999 -0.556183 8.589790 0.000000 0.000000 
-17.930765 171.919098 4.226401 -9.145821 5.186126 0.000000 0.000000 
4.747725 172.981476 4.318314 -5.597527 5.565601 1.000000 1.000000 
26.686838 171.180206 0.711699 7.418358 14.451519 0.000000 0.000000 
-19.641569 172.544403 -0.425215 -7.188744 7.702106 0.000000 0.000000 
29.714346 171.069427 -1.467641 -5.434616 6.784564 0.000000 0.000000 
6.496325 173.810150 6.305655 -4.672798 5.342556 1.000000 1.000000 
27.490589 171.731781 -0.043064 -9.532669 4.332466 0.000000 0.000000 
6.730600 174.148132 4.996460 17.673965 24.735786 0.000000 0.000000 
-4.704062 174.417786 -2.422712 -8.646378 3.074058 0.000000 0.000000 
5.003626 174.555237 4.821786 25.976646 29.787237 0.000000 0.000000 
6.337929 174.513611 5.084964 25.722069 31.095505 0.000000 0.000000 
5.936762 174.640167 4.105927 5.546867 14.286495 0.000000 0.000000 
5.482162 174.712006 3.376981 7.512497 14.731285 0.000000 0.000000 
0.007827 174.996582 -13.835272 21.176033 29.379366 0.000000 0.000000 
5.617778 174.912201 5.235252 26.516441 30.413054 0.000000 0.000000 
-0.497661 175.344971 6.012276 14.566856 21.318676 0.000000 0.000000 
-0.969054 175.376556 5.225093 19.396103 24.602259 0.000000 0.000000 
-115.826515 130.637283 -0.268960 20.331055 17.007582 1.000000 0.000000 
9.846720 176.439148 0.315100 -1.671181 9.718830 0.000000 0.000000 
-2.405983 176.970825 6.735583 -0.736069 10.833061 0.000000 0.000000 
-2.848567 177.000519 5.567282 -1.424637 8.214085 0.000000 0.000000 
-3.806125 177.320099 -13.676923 -5.228195 7.517414 0.000000 0.000000 
10.458685 177.166290 2.930660 -7.163597 3.925361 0.000000 0.000000 
-3.715920 177.924744 3.864740 -4.414490 7.223392 0.000000 0.000000 
-4.130566 178.010742 -3.816759 0.155113 10.354347 0.000000 0.000000 
-4.270942 178.059723 -3.351117 -2.802689 9.393906 0.000000 0.000000 
-3.721754 178.468262 -1.144774 0.527359 10.181004 0.000000 0.000000 
10.597400 178.311249 5.712491 -2.351311 7.106689 0.000000 0.000000 
9.679763 178.608734 6.892492 5.014824 12.608797 0.000000 0.000000 
9.575664 178.651337 -15.023194 7.921257 18.233728 0.000000 0.000000 
-3.318033 179.205261 -1.200139 -4.945702 6.030525 0.000000 0.000000 
9.635127 179.032959 0.695235 6.053246 14.877296 0.000000 0.000000 
9.952140 179.041595 1.700603 6.301674 14.216087 0.000000 0.000000 
10.416288 179.020752 6.690267 7.082451 15.009752 0.000000 0.000000 
10.479613 179.102692 2.528390 7.593163 16.294464 0.000000 0.000000 
9.892105 179.170868 1.432859 5.515511 13.758690 0.000000 0.000000 
-115.666466 136.172577 -1.422418 9.264832 10.330452 1.000000 1.000000 
8.129888 181.391418 -2.803957 -8.809395 3.914428 0.000000 0.000000 
7.284252 181.661682 7.372767 -5.496964 6.190494 0.000000 0.000000 
7.344876 181.675568 5.888942 -4.457550 5.410316 0.000000 0.000000 
34.926937 178.457367 -4.493080 -5.827400 6.663375 0.000000 0.000000 
35.246696 178.549377 -2.863318 -5.545830 5.639907 0.000000 0.000000 
7.839725 182.206024 4.680305 -8.930122 7.475643 0.000000 0.000000 
-2.551484 182.666138 -8.006283 -5.447632 7.149513 0.000000 0.000000 
9.588181 182.520203 5.906719 -3.367271 7.564460 0.000000 0.000000 
-3.644744 183.467773 -0.321177 -5.409073 8.728291 0.000000 0.000000 
-2.873904 184.019135 -0.210701 -8.243843 5.816188 0.000000 0.000000 
-2.839615 184.025299 -4.022760 -6.758423 5.156826 0.000000 0.000000 
-1.940105 184.208588 4.102368 -9.380592 3.465774 0.000000 0.000000 
9.086235 184.042816 -11.124872 -1.576706 9.333408 0.000000 0.000000 
9.367687 184.390411 -7.685075 -9.002609 4.232784 0.000000 0.000000 
-4.511283 184.762939 -1.326580 -9.929184 3.798893 0.000000 0.000000 
9.649970 184.556458 -1.368823 -5.404373 5.838001 0.000000 0.000000 
8.465680 184.735718 -4.069865 -3.643097 6.546749 0.000000 0.000000 
-4.666520 184.940735 -1.937847 -5.784836 6.176723 0.000000 0.000000 
12.444613 185.337585 -3.770607 -6.915504 3.680443 0.000000 0.000000 
33.755741 185.028442 -1.927314 -5.543091 3.329399 0.000000 0.000000 
-2.590565 188.821625 -0.488945 -3.226448 6.367862 0.000000 0.000000 
-3.297585 189.182556 -0.631089 -6.844559 3.405273 0.000000 0.000000 
-3.051266 189.238800 -4.224113 -8.680542 3.154480 0.000000 0.000000 
13.374325 189.123444 0.551227 -9.661674 4.280509 0.000000 0.000000 
-2.386320 189.601837 -2.209912 -3.585480 6.525184 0.000000 0.000000 
-2.440912 189.637268 -2.592179 -5.383392 8.092453 0.000000 0.000000 
-1.273698 189.711304 -0.977892 -8.880203 4.113456 0.000000 0.000000 
-2.450448 190.102509 -2.214247 -5.215866 6.055446 0.000000 0.000000 
-3.093680 190.359253 -0.181376 -4.347549 5.027107 0.000000 0.000000 
-2.856821 190.604340 1.515529 -8.364456 2.534420 0.000000 0.000000 
-2.672280 191.103760 7.274723 -3.986511 5.019084 0.000000 0.000000 
35.152241 188.431976 -0.277890 -8.853058 3.308075 0.000000 0.000000 
35.490097 188.522522 2.756349 -8.893059 2.045917 0.000000 0.000000 
-19.165367 191.128906 7.521016 -6.408386 4.044715 0.000000 0.000000 
-3.202303 195.185486 -0.390221 0.047653 7.788185 0.000000 0.000000 
-29.848370 193.403625 12.803514 -5.439056 4.824611 0.000000 0.000000 
-2.434601 196.452667 -1.196017 -5.431046 4.576736 0.000000 0.000000 
-3.441979 196.470001 -0.996886 4.878159 12.489920 0.000000 0.000000 
-3.481161 196.593842 -1.373225 5.450081 12.822161 0.000000 0.000000 
-28.322220 196.999725 -17.397373 -4.882210 6.194007 0.000000 0.000000 
-27.347040 198.414734 -15.662807 -0.702774 9.222500 0.000000 0.000000 
-28.169027 198.323822 5.688545 -0.510742 7.160579 0.000000 0.000000 
-29.049759 198.249969 3.888232 -7.568108 4.978874 0.000000 0.000000 
-26.537764 198.629364 8.724165 -5.373024 6.399292 0.000000 0.000000 
-26.306940 198.801788 -13.998790 -9.025528 5.338214 0.000000 0.000000 
-27.259995 199.061981 5.894272 -6.999680 4.708950 0.000000 0.000000 
-26.744827 199.575684 3.033918 -8.602463 3.127380 0.000000 0.000000 
14.185738 200.910126 -0.681244 -7.727409 3.533718 0.000000 0.000000 
-26.476957 200.008484 11.180509 -6.263977 4.989994 0.000000 0.000000 
-25.458891 200.265015 15.127475 -4.464088 2.849228 0.000000 0.000000 
-3.353307 202.321869 -0.845105 -3.926689 5.844425 0.000000 0.000000 
-2.665983 202.653076 -2.572434 -2.575027 5.973201 0.000000 0.000000 
-4.388841 202.639313 -2.519055 -8.254028 1.968345 0.000000 0.000000 
-3.468432 202.688599 -0.938435 3.377441 10.033237 0.000000 0.000000 
-3.127919 203.031738 -0.503319 2.570091 8.889553 0.000000 0.000000 
-1.978179 203.429657 -0.055933 -5.820419 2.215999 0.000000 0.000000 
46.184120 198.277100 2.000252 -5.916634 3.631542 0.000000 0.000000 
-5.023308 204.215668 -2.014752 -5.085503 4.271495 0.000000 0.000000 
-2.896205 204.308350 8.061349 -4.013847 4.894554 0.000000 0.000000 
-3.605744 204.356628 1.765528 -6.122604 4.187149 0.000000 0.000000 
-2.428586 204.989258 -2.982596 -0.067810 8.132801 0.000000 0.000000 
-2.485692 205.034576 -3.445225 -7.141579 3.563102 0.000000 0.000000 
-2.564154 205.252258 -2.610248 -2.704308 5.210800 0.000000 0.000000 
2.103160 208.141418 9.440759 -2.407600 6.403648 0.000000 0.000000 
-1.819475 208.826782 1.827459 -4.769653 4.599815 0.000000 0.000000 
-3.714148 208.858551 -1.027700 4.083572 10.900845 0.000000 0.000000 
2.351482 209.040192 8.618355 -5.178680 3.525806 0.000000 0.000000 
-2.841263 209.140350 0.476210 0.261391 7.194377 0.000000 0.000000 
28.432877 207.598511 -0.535022 -5.616432 4.848697 0.000000 0.000000 
-17.145905 211.220856 6.905600 -0.557449 7.044147 0.000000 0.000000 
-2.935963 212.918732 -12.861484 -3.833305 3.977875 0.000000 0.000000 
-2.493091 213.138580 -9.304179 -3.691635 3.711239 0.000000 0.000000 
-2.460894 213.451508 3.780515 4.172493 9.341396 0.000000 0.000000 
-1.928826 213.475647 5.725699 -3.699295 4.917251 0.000000 0.000000 
-2.794072 213.839478 7.859080 0.071281 5.878879 0.000000 0.000000 
0.986750 214.299561 2.824959 -2.904167 5.659019 0.000000 0.000000 
1.031000 214.442902 -12.618389 -1.471497 5.720443 0.000000 0.000000 
3.090276 214.732422 4.370598 -8.087143 3.458397 0.000000 0.000000 
-0.763895 214.839844 4.306994 -1.501167 6.215946 0.000000 0.000000 
-3.308431 214.975677 12.576715 -3.065193 8.278606 0.000000 0.000000 
-2.920832 215.041840 -15.804750 4.605804 11.364914 0.000000 0.000000 
-18.094753 214.982086 -13.731451 -3.161972 4.112197 0.000000 0.000000 
-2.498776 216.692413 -3.937838 -1.355934 6.838558 0.000000 0.000000 
-2.491330 217.190765 -2.384394 -5.588364 4.713794 0.000000 0.000000 
-2.663535 217.213715 -2.553895 -4.909569 4.215717 0.000000 0.000000 
-1.624643 217.327423 -0.581251 -3.626961 5.092056 0.000000 0.000000 
11.280665 217.609497 -3.690992 -7.316292 3.413688 0.000000 0.000000 
11.986299 217.814850 -3.095036 0.631180 7.675064 0.000000 0.000000 
0.819530 218.330902 4.551909 -2.589516 4.260452 0.000000 0.000000 
1.080218 218.693329 3.299652 0.766716 6.567672 0.000000 0.000000 
-2.924132 219.237732 -2.454259 -3.309326 3.639923 0.000000 0.000000 
-3.384740 219.676514 -1.491041 -4.548744 3.154663 0.000000 0.000000 
-3.413000 220.040833 -1.956186 3.145432 8.293072 0.000000 0.000000 
-3.120254 220.424347 -1.921158 9.119202 13.512766 0.000000 0.000000 
-3.018537 220.773651 -2.068731 9.067238 13.581413 0.000000 0.000000 
46.496017 215.993225 -5.294275 -2.720207 4.374450 0.000000 0.000000 
47.669266 215.770691 -4.815117 0.380447 6.403995 0.000000 0.000000 
-2.125135 221.246826 -1.068074 -4.602753 2.897434 0.000000 0.000000 
46.774807 216.178711 -3.071637 -2.040558 3.479954 0.000000 0.000000 
-2.121194 221.329559 -1.002640 -3.865578 3.147266 0.000000 0.000000 
-59.505459 213.444977 4.505433 -0.823494 5.040000 0.000000 0.000000 
-81.250664 207.336823 -2.630863 -0.867653 5.559028 0.000000 0.000000 
-2.366759 223.506836 -2.476424 1.652306 7.124477 0.000000 0.000000 
-2.975971 223.871948 -3.651344 -2.102074 4.215263 0.000000 0.000000 
48.320644 220.531281 2.644991 -2.661873 4.448825 0.000000 0.000000 
-3.402167 227.169495 -2.401745 2.728897 8.468067 0.000000 0.000000 
-2.801814 227.201569 -1.138974 6.334908 10.627552 0.000000 0.000000 
47.818420 222.272278 9.659799 2.350945 7.439491 0.000000 0.000000 
47.601402 222.455841 -19.244484 -0.478996 5.169014 0.000000 0.000000 
48.183468 222.931885 9.661292 11.164734 13.680214 0.000000 0.000000 
47.732964 223.982910 1.615726 1.997635 6.201450 0.000000 0.000000 
48.701614 224.057190 9.375840 0.184860 4.666938 0.000000 0.000000 
47.861454 224.582123 -0.114273 0.632484 6.333385 0.000000 0.000000 
48.721321 224.575439 -13.359028 -0.747032 4.769592 0.000000 0.000000 
48.466209 224.865265 -15.281573 0.566826 4.705905 0.000000 0.000000 
1.987591 231.163971 -19.769274 -2.530220 3.755863 0.000000 0.000000 
-2.736825 231.411316 -4.105928 1.251060 6.901794 0.000000 0.000000 
-19.067202 231.538391 5.816027 -5.041412 2.775230 0.000000 0.000000 
-2.417676 232.672363 -3.435976 5.805885 10.026577 0.000000 0.000000 
-19.639742 232.697601 7.629550 7.034752 11.163544 0.000000 0.000000 
1.660642 234.411957 -4.092031 3.946899 8.091721 0.000000 0.000000 
-2.770484 234.987946 -2.216979 1.769234 8.361855 0.000000 0.000000 
49.446281 229.983734 -1.354358 -2.843712 3.030979 0.000000 0.000000 
8.337338 236.292419 -19.971107 21.269341 25.042225 0.000000 0.000000 
8.064647 236.311584 -20.674906 23.194069 26.709024 0.000000 0.000000 
48.579178 231.492432 -2.666972 6.809258 10.478790 0.000000 0.000000 
48.285671 232.419434 4.344002 8.636246 9.973373 0.000000 0.000000 
35.728371 234.845032 4.620700 7.086334 10.973808 0.000000 0.000000 
47.322254 233.271881 6.327081 7.880371 9.618011 0.000000 0.000000 
46.988323 233.696747 -0.503221 -0.868904 2.223446 0.000000 0.000000 
36.048321 236.068939 4.509892 10.072815 14.523684 0.000000 0.000000 
47.031021 234.987579 -1.256547 8.530449 10.603535 0.000000 0.000000 
47.665417 235.438721 -1.809051 9.634460 12.819841 0.000000 0.000000 
47.233425 235.564880 -2.677849 12.638519 15.370512 0.000000 0.000000 
46.704395 236.727173 0.662581 -0.489304 5.065486 0.000000 0.000000 
-27.923853 241.164917 8.428360 -1.201721 7.526008 0.000000 0.000000 
4.367055 243.207306 -3.114717 -2.087196 5.297451 0.000000 0.000000 
-28.279810 242.680359 7.361132 -1.223389 4.792659 0.000000 0.000000 
0.252677 245.096771 -0.848555 -3.041588 6.456718 0.000000 0.000000 
-26.426397 244.371368 6.739613 -0.323128 6.598453 0.000000 0.000000 
9.696638 245.874207 1.326289 3.152954 7.593650 0.000000 0.000000 
10.570789 247.121399 -1.952943 6.579315 11.824940 0.000000 0.000000 
-1.680882 248.155243 -4.371194 0.369339 6.169559 0.000000 0.000000 
37.096989 246.916077 -15.386804 5.454086 9.437252 0.000000 0.000000 
-2.430740 250.549988 -1.077530 -3.843071 3.708404 0.000000 0.000000 
11.410406 258.141815 2.363805 -2.845528 3.929519 0.000000 0.000000 
13.798988 259.280731 1.217691 2.693085 7.037311 0.000000 0.000000 
-3.453750 268.981903 -3.825772 2.651581 6.569721 0.000000 0.000000 
-8.909832 273.660400 2.709555 -3.863098 2.340667 0.000000 0.000000 
11.413839 273.753540 -2.694243 3.199570 4.584022 1.000000 1.000000 
11.545841 274.332428 -2.988227 26.497635 24.611919 0.000000 0.000000 
-11.620607 274.415649 -3.897813 -1.788399 3.305565 1.000000 1.000000 
12.001361 275.470703 -6.479814 4.086182 3.793884 0.000000 0.000000 
12.254691 275.196564 -1.778930 0.891899 2.069454 1.000000 1.000000 
11.488892 275.582275 1.482891 3.497658 4.238578 0.000000 0.000000 
11.479939 275.589172 -3.090353 30.266769 27.879831 0.000000 0.000000 
11.298962 278.117828 -5.568442 -1.299286 2.928226 1.000000 1.000000 
-22.104742 278.915833 7.933092 12.715538 13.504753 0.000000 0.000000 
11.122258 280.213348 -8.738775 -0.161087 3.465889 0.000000 0.000000 
-22.751446 280.090698 9.642280 0.056053 5.058574 0.000000 0.000000 
-2.332968 281.538635 -1.280572 3.480980 7.406803 0.000000 0.000000 
12.068226 283.184692 -2.051639 1.255554 5.722866 0.000000 0.000000 
-21.269857 282.828644 14.080679 13.466484 14.450415 0.000000 0.000000 
-18.111574 285.535858 -0.302146 -2.021912 2.328808 0.000000 0.000000 
-20.884687 293.456482 9.521187 10.773666 11.458988 0.000000 0.000000 
-20.769300 293.489594 8.277649 10.228767 10.064133 0.000000 0.000000 
-18.715118 308.498688 4.612525 7.556885 8.047935 0.000000 0.000000 
-19.711044 309.711395 0.127174 1.473549 2.743862 0.000000 0.000000 
14.457073 314.310730 -2.550376 7.803101 6.882991 0.000000 0.000000 
12.771385 315.735321 -3.287887 20.753555 17.955555 0.000000 0.000000 
-15.974201 316.258789 0.159881 -0.467865 2.391273 0.000000 0.000000 
12.455423 316.929596 -4.358902 4.182205 3.960956 0.000000 0.000000 
-18.516092 321.520691 -2.014027 2.776230 2.799305 0.000000 0.000000 
-13.139735 322.571350 -1.937235 -1.681602 3.360405 0.000000 0.000000 
-15.483146 324.095428 -6.541187 4.303757 5.367824 0.000000 0.000000 
17.046347 331.039429 -1.372344 7.575294 6.259635 0.000000 0.000000 
15.126722 334.903503 -1.596939 2.954781 4.355075 0.000000 0.000000 
13.972556 335.775360 -5.020027 2.487839 2.584743 0.000000 0.000000 
-17.648609 340.961304 -0.662151 14.720596 12.011642 0.000000 0.000000 
-9.488373 347.555603 0.717209 4.911011 3.591369 0.000000 0.000000 
-17.648314 347.856537 -3.935417 1.080956 5.544490 0.000000 0.000000 
15.686241 363.499390 -2.006462 4.246438 3.146576 0.000000 0.000000 
-6.252382 367.715912 -2.366286 10.106850 6.298694 1.000000 1.000000 
-4.720232 369.000061 -1.818966 5.649467 3.644115 1.000000 1.000000 
-23.684452 392.344971 1.437607 4.213707 2.681934 0.000000 0.000000 
