ply
format ascii 1.0
comment Created by CloudCompare v2.14.beta (Feb  3 2026)
comment Created 2026-05-11T16:02:16
obj_info Generated by CloudCompare!
element vertex 1582
property float x
property float y
property float z
property float rcs
property float snr
property float v
property float label
end_header
15.363233 -32.955212 -9.361474 -5.227066 21.634600 0.000000 1.000000 
5.214433 -43.495197 -14.004355 -4.782158 21.561449 0.000000 1.000000 
-6.322104 -49.330273 -6.139439 -2.742195 20.370667 0.000000 1.000000 
-6.533199 -49.344975 -6.148174 1.226921 22.559372 0.000000 1.000000 
13.465370 -34.136730 -14.894171 1.187485 26.903938 0.000000 1.000000 
12.385512 -38.465694 -10.558784 -1.551292 24.990425 0.000000 1.000000 
-18.423122 -48.458401 -8.495413 3.433449 21.707861 0.000000 1.000000 
15.562859 -60.156033 -8.521748 2.607681 20.919136 1.000000 1.000000 
57.508335 -32.021801 -13.340308 15.871674 28.858894 0.000000 1.000000 
57.510822 -32.217316 -12.930412 16.257874 28.834782 0.000000 1.000000 
68.939049 -11.733520 -10.914065 4.621735 20.324785 0.000000 1.000000 
67.558945 -29.146568 -30.370146 10.172714 21.136127 0.000000 1.000000 
64.566727 34.797997 -30.618137 10.273109 20.219385 1.000000 1.000000 
29.079845 -71.531242 -7.837283 6.731804 18.378365 0.000000 1.000000 
82.151909 -10.178674 -13.053157 3.423737 17.982582 0.000000 1.000000 
92.054466 -11.655996 -13.711504 8.860869 19.210175 0.000000 1.000000 
113.395699 -7.692264 -20.463959 7.896713 18.219067 0.000000 1.000000 
114.593170 -7.210011 -20.046192 13.255829 18.872688 0.000000 1.000000 
8.359945 42.234787 -16.424135 -11.003006 23.346235 0.000000 1.000000 
8.238095 49.420994 -17.822918 -11.917259 16.814255 0.000000 1.000000 
6.616066 53.089031 -15.785362 -15.027969 17.577652 0.000000 1.000000 
6.579701 55.372997 -17.883087 -14.257936 16.633619 0.000000 1.000000 
-8.104747 62.938713 -20.043205 -17.567696 14.062332 0.000000 1.000000 
16.913757 61.368504 -24.279860 -17.059242 10.738998 0.000000 1.000000 
-30.785154 59.947540 -23.069214 -5.263771 18.163254 0.000000 1.000000 
-30.862362 59.971035 -23.929064 -5.114220 17.422621 0.000000 1.000000 
-30.841425 60.006371 -17.161469 -7.981430 14.953224 0.000000 1.000000 
7.626714 70.355835 -21.036764 -14.753540 12.851345 0.000000 1.000000 
-28.966366 67.026550 -27.902943 -9.164047 13.794827 0.000000 1.000000 
-24.671825 69.824348 -24.115810 -0.997795 22.415915 0.000000 1.000000 
-10.998698 74.696304 -26.643721 -3.000114 20.069429 0.000000 1.000000 
-32.781857 67.659981 -27.038670 -4.190514 19.779633 0.000000 1.000000 
8.634594 76.382645 -18.189444 -9.117599 18.112530 0.000000 1.000000 
-28.348764 79.072098 -33.610504 -2.885368 16.222609 0.000000 1.000000 
-37.989937 76.085068 -31.269527 -1.721191 18.740892 0.000000 1.000000 
28.963194 83.512123 -31.428030 -4.956017 16.776606 0.000000 1.000000 
42.423256 77.481140 -33.362110 1.186996 15.511139 0.000000 1.000000 
42.195614 77.798927 -34.429062 0.902527 16.872976 0.000000 1.000000 
43.064072 77.386383 -34.030323 -2.356560 13.738266 0.000000 1.000000 
43.142586 77.680542 -33.665180 3.063553 17.873295 0.000000 1.000000 
11.891731 88.577377 -24.774170 -7.689713 16.548773 0.000000 1.000000 
-34.117321 82.460289 -31.589087 -6.692566 13.181545 0.000000 1.000000 
-31.409342 84.833519 -26.580330 -8.252502 12.225739 0.000000 1.000000 
-30.930639 85.244377 -35.418121 -2.546402 17.025986 0.000000 1.000000 
-35.766201 83.556160 -32.490791 -11.474899 11.076683 0.000000 1.000000 
-29.982084 96.777374 -26.627281 -11.207932 9.099888 0.000000 1.000000 
-31.601980 98.300919 -33.438995 -7.423897 10.182453 0.000000 1.000000 
-31.193636 98.512993 -32.702091 -9.186417 10.766579 0.000000 1.000000 
-31.562424 100.830780 -42.642590 -10.966722 7.766449 0.000000 1.000000 
33.531059 100.211502 -41.361355 -13.348221 6.943047 0.000000 1.000000 
-31.475172 109.023651 -45.901905 -9.797127 8.283413 0.000000 1.000000 
-1.293743 117.950249 -46.166161 -15.311584 7.185605 0.000000 1.000000 
38.236198 114.103493 -27.625483 -9.546112 9.326088 0.000000 1.000000 
-23.857927 148.299896 -37.224670 -2.945114 7.996819 0.000000 1.000000 
-26.508173 154.917511 -33.968842 -7.243713 6.612519 0.000000 1.000000 
55.654579 -52.926239 21.219391 15.547966 25.952847 0.000000 1.000000 
56.141071 -52.638863 20.920607 19.681732 30.385414 0.000000 1.000000 
24.877840 -79.745850 35.202084 4.253410 18.851990 0.000000 1.000000 
5.017304 -116.091568 23.683401 11.243462 19.294962 0.000000 1.000000 
118.241905 11.028435 26.975389 11.510292 18.073536 0.000000 1.000000 
193.835541 59.971592 59.814018 19.574684 14.790886 0.000000 1.000000 
-22.908775 62.062950 25.679329 -14.206558 11.467293 1.000000 1.000000 
30.419931 60.136063 24.911051 -8.465042 14.538372 0.000000 1.000000 
-1.173167 79.464630 22.344587 -12.218399 16.903975 0.000000 1.000000 
-0.665128 79.826653 22.770100 -15.530174 17.802567 0.000000 1.000000 
25.498920 76.574898 21.618694 -12.266418 14.460125 0.000000 1.000000 
-30.055088 78.064034 34.194473 -10.524788 13.041790 0.000000 1.000000 
-29.625797 80.398125 32.886692 -7.668434 17.823565 0.000000 1.000000 
-31.469450 80.159698 23.518345 -3.540451 15.896351 0.000000 1.000000 
5.088807 88.470474 21.103285 -5.980164 18.762323 0.000000 1.000000 
42.307507 77.715164 27.166344 -1.508682 15.908590 0.000000 1.000000 
-33.071129 82.922401 34.200527 -3.248108 15.492317 0.000000 1.000000 
-22.002695 96.438240 38.743862 -15.586679 5.404385 0.000000 1.000000 
-31.858217 97.933304 27.618532 -14.275024 7.390519 0.000000 1.000000 
-31.880894 100.588867 40.209373 -13.108582 6.170777 0.000000 1.000000 
-31.811953 104.816750 30.370932 -11.710350 7.002118 0.000000 1.000000 
51.554558 103.954842 19.821291 -4.701096 7.840264 0.000000 1.000000 
-30.690121 112.313370 17.190184 -12.288559 6.335160 0.000000 1.000000 
55.048286 103.266960 31.725040 -8.914925 6.748131 0.000000 1.000000 
47.678257 108.288879 34.470737 -4.442894 9.097748 0.000000 1.000000 
-33.061596 113.929794 45.433170 -11.671211 7.291962 0.000000 1.000000 
35.235493 116.891167 24.151398 -11.864006 5.652947 0.000000 1.000000 
36.693924 120.723793 35.894672 -5.560310 8.816505 0.000000 1.000000 
-78.110191 139.250702 46.828236 1.314583 10.491867 0.000000 1.000000 
-20.845133 130.441437 -13.034623 -10.857857 4.846619 1.000000 1.000000 
-26.346649 161.917175 -15.322346 -2.930046 8.680538 0.000000 1.000000 
-26.983982 189.779541 -17.790060 -8.037163 4.262490 1.000000 1.000000 
-11.144304 -26.005558 11.468361 -7.559662 23.547113 0.000000 1.000000 
14.382251 -28.185394 -8.462753 4.401665 28.402861 0.000000 1.000000 
12.372828 -5.825940 -5.305752 -11.597954 30.063307 0.000000 1.000000 
12.358981 -5.934627 -5.318223 -9.639793 31.706665 0.000000 1.000000 
14.504096 -20.736656 -5.067376 -1.536827 28.816080 0.000000 1.000000 
27.962954 8.405591 -12.060079 1.910385 28.409349 0.000000 1.000000 
34.698101 -26.618778 -10.651114 -1.235123 20.425737 0.000000 1.000000 
41.941429 10.643201 -11.634708 -4.458336 19.574524 0.000000 1.000000 
41.869423 19.385300 -9.537504 -1.012199 20.269358 0.000000 1.000000 
66.082245 -11.817643 19.161638 -2.016838 15.758368 0.000000 1.000000 
113.790436 -11.021284 20.707901 12.311340 18.245760 0.000000 1.000000 
113.946724 -9.815890 22.199228 12.829193 18.725430 0.000000 1.000000 
-10.264750 25.271448 -3.019451 -13.408829 25.267906 0.000000 1.000000 
-13.834016 27.879025 -11.361356 -8.813660 25.106089 0.000000 1.000000 
-11.638099 31.804447 8.337465 -15.733505 20.819473 0.000000 1.000000 
31.555059 12.685161 -13.701165 15.722847 23.590622 0.000000 1.000000 
-17.662683 43.898411 18.161583 -16.345512 14.253769 0.000000 1.000000 
15.644944 46.272766 -4.936154 -11.849977 20.197559 0.000000 1.000000 
8.324664 59.854771 -11.568366 -12.516716 14.208996 0.000000 1.000000 
8.299590 59.860062 -11.052341 -12.152260 14.106049 0.000000 1.000000 
21.192411 61.873890 -4.485202 -12.289642 14.905754 0.000000 1.000000 
-13.781282 66.310600 20.578871 -18.881454 11.760712 0.000000 1.000000 
-13.062665 70.713860 -6.745052 -12.127861 13.665318 0.000000 1.000000 
-30.004633 68.532951 -11.498528 -1.342163 20.191420 0.000000 1.000000 
-34.620407 70.114769 -9.968156 -11.767273 10.316906 0.000000 1.000000 
25.171825 75.621346 -13.316031 -12.383301 12.496777 0.000000 1.000000 
-33.338470 74.170670 -10.523777 -1.646790 15.423233 0.000000 1.000000 
-32.257896 76.530457 -9.900154 -3.114189 19.485413 0.000000 1.000000 
52.898701 68.149353 -7.086614 6.855255 19.054831 0.000000 1.000000 
52.816544 68.433456 -6.786700 7.249032 18.693024 0.000000 1.000000 
-2.604618 88.119003 -9.394794 -13.843742 11.400356 0.000000 1.000000 
-37.884697 79.587685 -11.050985 -7.522690 13.206734 0.000000 1.000000 
82.123459 29.409008 18.951765 12.074196 12.217365 0.000000 1.000000 
-37.033379 83.864380 -10.359776 -9.793343 10.967163 0.000000 1.000000 
-30.858511 87.376976 -12.966601 -12.120027 8.798817 0.000000 1.000000 
64.302597 67.875366 11.657322 -1.630615 7.073376 0.000000 1.000000 
-15.998449 97.177826 -9.806619 -17.789757 6.444935 0.000000 1.000000 
-25.047211 99.139397 18.132708 -13.191727 8.742954 0.000000 1.000000 
-33.264030 99.690636 -14.275127 -9.595879 7.764683 0.000000 1.000000 
-33.065147 103.296722 -14.753671 -7.290749 7.548653 0.000000 1.000000 
55.744617 97.428505 16.382694 -4.543053 10.043179 0.000000 1.000000 
-38.780708 106.094292 -13.784125 -11.683678 7.486725 0.000000 1.000000 
38.513222 114.461418 -13.969164 -7.823059 6.222386 0.000000 1.000000 
38.492142 114.485504 -13.624374 -3.710609 10.615376 0.000000 1.000000 
-25.244934 189.284424 -14.089108 0.029167 9.353954 0.000000 1.000000 
-25.473846 189.355286 -14.938080 1.585022 8.569756 0.000000 1.000000 
-25.649250 189.351593 -16.251013 -1.256454 7.175129 0.000000 1.000000 
-1.253760 191.827881 -7.394661 0.560204 10.464737 0.000000 1.000000 
-1.221751 191.863586 -7.423544 2.503143 11.498566 0.000000 1.000000 
-0.794758 191.872650 -7.881326 -4.520325 5.122818 0.000000 1.000000 
-2.321103 200.479095 -8.327483 -4.657143 6.844792 1.000000 1.000000 
-1.992925 200.518036 -8.339158 -2.130219 6.846600 1.000000 1.000000 
-29.042171 218.836975 -13.083439 -0.822044 5.494236 0.000000 1.000000 
3.911894 232.771698 -8.636849 -2.733139 6.379460 0.000000 1.000000 
-0.036552 10.106696 0.106825 -20.480747 32.283581 1.000000 0.000000 
-0.850707 11.143522 -0.025451 -12.609245 32.677780 0.000000 0.000000 
0.051078 12.109006 -0.032587 -12.016579 36.770065 0.000000 0.000000 
0.101749 12.322059 -0.033105 -11.755464 38.652233 0.000000 0.000000 
-0.510117 12.376878 0.020742 -11.639259 37.194504 1.000000 0.000000 
-3.701875 18.520615 0.383952 9.328673 44.324341 0.000000 0.000000 
-3.838016 18.725321 0.317633 8.644211 42.008434 0.000000 0.000000 
-3.708814 18.916353 -0.045918 -2.121849 35.429913 0.000000 0.000000 
0.087329 21.514036 -1.296363 -7.528641 32.495125 0.000000 0.000000 
-4.879581 20.938179 -0.637870 3.757172 39.936588 0.000000 0.000000 
-4.916221 20.931160 -0.754756 2.732185 38.167282 0.000000 0.000000 
0.220197 22.207142 -0.837032 2.412949 35.358967 1.000000 0.000000 
-5.069870 21.622108 -0.704168 0.960861 36.856922 1.000000 0.000000 
0.085466 22.545088 -0.865335 -3.833374 29.032621 0.000000 0.000000 
-0.018776 22.542948 -0.850146 -13.905899 18.420492 1.000000 0.000000 
0.289231 22.864836 -0.826779 19.511902 50.718170 0.000000 0.000000 
0.259775 22.980051 -0.847773 18.047813 50.403217 0.000000 0.000000 
0.041492 23.256275 -0.749075 -6.419846 28.339109 0.000000 0.000000 
0.059942 23.629005 -0.854055 -10.240532 25.499514 1.000000 0.000000 
2.727125 23.543892 0.700149 -13.526291 28.873077 0.000000 0.000000 
-18.254532 -2.022887 -0.520763 3.158371 44.129108 0.000000 0.000000 
-18.218195 -2.772280 0.055665 3.643219 41.864529 0.000000 0.000000 
-18.408632 -2.555690 -0.238930 3.073311 40.118042 0.000000 0.000000 
-18.677841 -2.135627 -0.300947 7.510002 45.378078 0.000000 0.000000 
-18.678093 -2.151220 -0.333733 7.838440 45.763264 0.000000 0.000000 
-20.360508 -0.855946 -1.061444 4.517097 41.661892 0.000000 0.000000 
-20.360542 -0.847689 -1.030431 3.632828 40.216488 0.000000 0.000000 
-20.797352 3.588920 1.648664 -4.547150 30.192593 0.000000 0.000000 
-18.698307 -11.399523 1.573023 2.156967 35.519554 0.000000 0.000000 
-18.814602 -11.296652 1.366283 -0.442337 32.602524 0.000000 0.000000 
-19.099964 -11.633913 1.631267 -1.109970 31.962177 0.000000 0.000000 
-19.289530 -11.302248 0.712855 -2.372627 32.064796 0.000000 0.000000 
-19.032230 -12.157361 -0.760111 -4.094208 33.166767 0.000000 0.000000 
-19.823982 -11.263240 0.980905 -0.703362 31.815254 0.000000 0.000000 
-19.969261 -11.058006 0.829457 -1.941589 33.352032 0.000000 0.000000 
-18.329506 -14.278237 -0.644242 16.056114 46.179310 0.000000 0.000000 
-18.407829 -14.331017 -0.713477 13.896858 45.428192 0.000000 0.000000 
-18.546820 -14.549155 -0.664326 -2.034554 31.132801 0.000000 0.000000 
-18.590099 -14.496591 -0.750477 1.468147 32.869564 0.000000 0.000000 
-17.968544 -15.776180 -0.934439 -3.953522 28.727762 0.000000 0.000000 
-23.404259 -2.957351 0.915159 -5.447746 29.298355 0.000000 0.000000 
-22.762451 5.857043 2.215234 -3.667557 27.712105 0.000000 0.000000 
-26.175804 -2.559287 3.923465 -13.223404 22.930161 0.000000 0.000000 
-26.215151 -1.866232 4.823514 -13.165764 24.681366 0.000000 0.000000 
-24.498390 -13.801298 10.186260 -5.476273 26.363277 0.000000 0.000000 
-28.008541 7.655456 -1.999743 0.862633 27.941713 0.000000 0.000000 
-29.640034 -3.154455 8.221461 -7.581192 28.023876 0.000000 0.000000 
-29.417690 -7.659029 3.921196 -1.019722 30.334133 0.000000 0.000000 
-19.672026 -24.562901 2.735258 1.122505 27.806051 0.000000 0.000000 
-19.194033 -25.460178 -9.588270 -0.265671 30.941069 0.000000 0.000000 
-20.549971 -24.640629 2.693292 -2.747498 29.142235 0.000000 0.000000 
-19.750481 -26.145294 -6.566040 -3.039368 26.254519 0.000000 0.000000 
-31.165226 -10.937562 6.729063 -4.681915 25.417740 0.000000 0.000000 
-33.071198 4.193355 14.455731 -8.281937 21.644213 0.000000 0.000000 
-31.829229 -11.779852 2.064223 -3.871529 22.676394 0.000000 0.000000 
-21.260496 -27.007168 -9.198420 -3.991394 23.580763 0.000000 0.000000 
-23.841341 -25.123268 1.412608 -4.596039 24.186352 0.000000 0.000000 
-35.112022 0.443926 2.020692 0.657028 27.880899 0.000000 0.000000 
-35.283997 0.021466 1.728843 -3.428719 25.600069 0.000000 0.000000 
-35.510464 -5.383326 3.791932 0.096802 28.461716 0.000000 0.000000 
-19.733688 -30.732243 1.831926 0.403961 27.496395 0.000000 0.000000 
-19.930321 -30.888912 1.870395 -1.982613 24.613531 0.000000 0.000000 
-19.723297 -31.064541 1.786684 -3.991150 22.889606 0.000000 0.000000 
-35.033699 -11.932981 2.656534 -1.554153 24.541420 0.000000 0.000000 
-36.953022 -2.671293 1.578614 -0.509254 29.454639 0.000000 0.000000 
-37.460171 -5.722408 -1.433864 -9.513206 19.772726 0.000000 0.000000 
-19.646145 -32.961514 3.455711 2.930023 28.592928 0.000000 0.000000 
-20.094580 -33.257870 1.847575 3.076851 27.802679 0.000000 0.000000 
-38.600456 -2.605456 4.333457 -1.724129 25.536678 0.000000 0.000000 
-38.757198 -2.534595 3.228586 -1.758224 23.678453 0.000000 0.000000 
-38.810585 -7.167042 0.455264 0.900932 26.026699 0.000000 0.000000 
-20.125322 -35.394886 2.818298 -3.754250 19.550688 0.000000 0.000000 
-40.397636 1.061413 1.297584 -3.001122 23.298828 0.000000 0.000000 
-40.452251 1.060748 1.608095 -0.935913 24.406672 0.000000 0.000000 
-40.680244 1.563862 1.686444 3.273781 28.220669 0.000000 0.000000 
-40.787258 1.478564 2.364478 6.331894 31.459301 0.000000 0.000000 
-41.596714 1.567595 3.759260 -1.437431 22.872368 0.000000 0.000000 
-42.564156 4.188710 1.881607 3.554893 27.615250 0.000000 0.000000 
-42.627838 3.958870 1.878615 0.571762 24.119406 0.000000 0.000000 
-38.509701 -19.751911 1.441403 3.388870 27.122932 0.000000 0.000000 
-38.530411 -20.021847 2.211941 8.474480 31.854639 0.000000 0.000000 
-45.726257 -2.823946 3.381803 -2.792061 22.056461 0.000000 0.000000 
-18.679714 -42.546074 -6.643192 2.168427 21.852444 0.000000 0.000000 
-29.469391 12.596840 5.413916 13.491119 22.315594 0.000000 0.000000 
-6.014184 -1.075232 -0.563871 -0.136169 50.915054 0.000000 0.000000 
-6.017291 -1.024611 -0.604495 5.034950 55.769405 0.000000 0.000000 
-6.069422 -1.031105 -0.611229 7.141216 59.819366 0.000000 0.000000 
-6.735325 -2.154686 0.089945 -13.677097 41.550476 0.000000 0.000000 
-6.824740 0.023302 0.078352 1.317780 49.824963 0.000000 0.000000 
-6.939808 0.010070 0.149886 6.070393 56.611362 0.000000 0.000000 
-6.857928 -6.543121 0.209051 -11.188377 36.682514 0.000000 0.000000 
-6.336074 -10.622863 0.113045 -13.151772 32.217136 0.000000 0.000000 
-6.318932 -10.881461 -2.918526 -11.516907 34.453194 0.000000 0.000000 
-6.632201 -10.726220 -0.005371 -15.001091 28.674583 0.000000 0.000000 
-6.933388 -10.821988 0.104591 -10.492683 33.634499 0.000000 0.000000 
-6.944308 -11.006032 -0.018877 -10.577789 33.538288 0.000000 0.000000 
-6.748364 -11.208797 0.829039 -12.656883 28.796741 0.000000 0.000000 
-6.159394 -11.820730 -0.447351 -12.970627 30.282993 0.000000 0.000000 
-6.225270 -11.887393 -0.002447 -10.685739 31.678898 0.000000 0.000000 
-6.638055 -11.707583 -0.033396 -9.742737 30.746305 0.000000 0.000000 
-6.513532 -11.925529 0.071997 -13.324394 30.002487 0.000000 0.000000 
-6.754572 -12.029064 0.055402 -11.685844 28.577320 0.000000 0.000000 
-6.238317 -12.533621 -1.271727 -9.169281 31.395414 0.000000 0.000000 
-6.048932 -12.874830 0.059127 -4.310867 36.211926 0.000000 0.000000 
-6.263085 -12.779804 -0.284785 -8.756241 33.458134 0.000000 0.000000 
-6.640358 -12.860502 0.633437 -6.546730 35.322456 0.000000 0.000000 
-6.507739 -13.111835 0.297444 -10.273117 29.807102 0.000000 0.000000 
-6.782063 -13.038913 0.952870 -12.439560 27.500343 0.000000 0.000000 
-6.815304 -13.265285 -0.475509 -14.828073 28.973808 0.000000 0.000000 
-7.182345 -13.185556 -0.866594 -18.977562 27.090084 0.000000 0.000000 
-6.689226 -13.874767 -0.707823 -12.904930 27.673033 0.000000 0.000000 
-6.334597 -15.007884 -0.368482 -9.507149 26.797028 0.000000 0.000000 
-6.375644 -15.035162 -0.219867 -7.551430 28.896774 0.000000 0.000000 
-6.091609 -15.402635 -0.569351 -11.498428 26.257877 0.000000 0.000000 
-6.577494 -15.449914 0.377463 -15.112434 26.452282 0.000000 0.000000 
-6.991862 -15.530803 1.843017 -14.998750 25.536907 0.000000 0.000000 
-7.268215 -15.462976 1.072121 -14.121216 25.144581 0.000000 0.000000 
-6.983762 -15.636027 0.448153 -17.184303 22.901075 0.000000 0.000000 
-6.168513 -16.206722 1.107978 -9.372871 26.380308 0.000000 0.000000 
-6.239829 -16.295607 1.101494 -8.620300 27.519495 0.000000 0.000000 
-6.322774 -16.303669 1.990126 -7.148766 28.164989 0.000000 0.000000 
-6.355983 -16.732973 -3.328119 -8.705978 25.337097 0.000000 0.000000 
-6.109655 -16.881235 -0.920731 -10.674988 26.312807 0.000000 0.000000 
-6.674436 -17.063976 0.140358 -8.864258 25.530462 0.000000 0.000000 
-6.582582 -17.201569 0.408531 -9.592354 26.587757 0.000000 0.000000 
-6.500178 -17.497601 -0.502209 -6.441261 30.844938 0.000000 0.000000 
-6.619559 -18.696423 -0.676478 -4.900551 31.392284 0.000000 0.000000 
-6.309761 -18.917812 -2.803974 -8.863602 29.436974 0.000000 0.000000 
-6.740270 -18.881523 0.215978 -9.917015 28.392553 0.000000 0.000000 
-6.229973 -19.279739 -0.910162 -9.831436 23.897379 0.000000 0.000000 
-6.308387 -19.274841 -0.879902 -14.232423 27.058029 0.000000 0.000000 
-6.567368 -20.141113 -0.531186 -14.402069 23.120331 0.000000 0.000000 
-6.118133 -20.540176 -1.904264 -7.294563 27.097284 0.000000 0.000000 
-5.643825 -20.695869 0.136607 -8.016190 26.487247 0.000000 0.000000 
-6.513780 -24.373108 -1.005284 -9.954124 23.935125 0.000000 0.000000 
-6.172306 -26.667641 -0.105459 -9.316963 23.234423 0.000000 0.000000 
-5.824391 -27.907604 0.408089 -7.171341 24.525723 0.000000 0.000000 
-5.916655 -28.039093 1.500795 -8.168777 24.282742 0.000000 0.000000 
-6.346008 -32.382935 -0.538218 -1.736511 25.666927 0.000000 0.000000 
-6.535733 -32.782230 1.962647 -9.067207 21.626053 0.000000 0.000000 
-6.009542 -47.493393 1.480101 -6.455116 18.379915 0.000000 0.000000 
-6.419387 -55.138264 1.647825 4.469903 23.456467 0.000000 0.000000 
-6.835578 -55.149887 0.922696 3.635201 22.993835 0.000000 0.000000 
-6.694906 -61.274715 0.085882 -0.839821 19.075590 0.000000 0.000000 
-7.080233 -12.645267 1.480458 1.793938 31.911865 0.000000 0.000000 
-6.957688 -13.336352 3.110259 0.172928 31.456137 0.000000 0.000000 
-7.022586 -13.420783 2.724126 -1.581909 28.329887 0.000000 0.000000 
-5.734357 -14.215498 0.062738 -12.797043 26.249126 0.000000 0.000000 
-6.537594 -14.823656 -0.851120 -2.507805 31.072950 0.000000 0.000000 
-6.983592 -14.637358 -0.973358 -1.851936 32.246132 0.000000 0.000000 
-6.964012 -14.960584 -0.949490 -3.260788 29.680744 0.000000 0.000000 
-6.869918 -15.251406 0.630838 -9.015823 26.931145 0.000000 0.000000 
-6.859359 -15.931641 2.069127 -5.436592 31.738226 0.000000 0.000000 
-6.371295 -17.022831 -0.374584 -4.311615 28.926210 0.000000 0.000000 
-6.585988 -16.982128 -0.760701 -5.248161 28.505478 0.000000 0.000000 
-6.219052 -17.570049 -0.234219 -5.658043 28.082798 0.000000 0.000000 
-7.408476 -17.826870 -0.072444 -11.196045 26.117233 0.000000 0.000000 
-6.736164 -18.530056 0.166568 -1.844421 29.638367 0.000000 0.000000 
-7.163381 -18.429314 0.672373 -1.676125 29.941385 0.000000 0.000000 
-7.875528 -18.668804 -3.843043 -11.558945 27.116982 0.000000 0.000000 
-6.692890 -19.915039 0.529017 -3.472534 29.345024 0.000000 0.000000 
-6.768448 -21.752102 -0.095180 -3.064682 28.428596 0.000000 0.000000 
-7.053035 -24.511169 0.650557 -1.289101 29.308281 0.000000 0.000000 
-0.414520 -6.057783 -0.233558 -6.231567 47.703728 0.000000 0.000000 
-0.312023 -6.123694 -0.164697 -9.358353 45.566387 0.000000 0.000000 
0.192385 -6.212124 -0.288608 -2.295006 48.420887 0.000000 0.000000 
0.042243 -6.205913 -0.187642 -6.757401 44.792053 0.000000 0.000000 
0.303838 -6.293430 -0.284256 -5.254871 45.452766 0.000000 0.000000 
9.524684 -24.034981 -0.350879 -6.287453 24.989550 0.000000 0.000000 
7.780391 -27.471626 3.631963 -0.135201 29.998247 0.000000 0.000000 
8.760184 -38.760571 6.032036 -1.180656 21.841829 0.000000 0.000000 
10.438436 -39.915005 1.831079 -2.211334 23.289639 0.000000 0.000000 
10.454001 -40.776299 -0.499789 -0.335014 24.026604 0.000000 0.000000 
8.502494 -41.347260 -0.278960 2.385887 24.839190 0.000000 0.000000 
8.540540 -4.006667 1.043455 -5.093529 36.540760 0.000000 0.000000 
8.699807 -4.005385 -0.992899 -1.171356 40.600502 0.000000 0.000000 
8.194721 -10.108990 -0.607625 -9.691872 34.040073 0.000000 0.000000 
9.452015 -8.954770 -1.372318 -7.876656 33.978039 0.000000 0.000000 
10.243560 -9.701214 -2.039879 -8.876617 32.391907 0.000000 0.000000 
8.681623 -11.145413 0.183009 -6.729332 32.218437 0.000000 0.000000 
7.505015 -26.672806 6.108034 -5.978813 27.676777 0.000000 0.000000 
8.689599 -26.764153 2.808885 -1.375069 29.531145 0.000000 0.000000 
7.436631 -34.198181 -0.613938 4.170022 29.430063 0.000000 0.000000 
7.312445 -34.275734 -0.694083 3.170563 29.012068 0.000000 0.000000 
7.079226 -35.168324 -0.478503 0.462509 28.382732 0.000000 0.000000 
7.752225 -35.096512 1.019450 1.413193 28.896158 0.000000 0.000000 
5.669880 -36.187103 7.675146 -9.785049 21.699183 0.000000 0.000000 
3.972314 -37.551067 9.548235 -6.512177 24.320927 0.000000 0.000000 
9.044215 -40.073025 -1.668877 3.057014 24.489746 0.000000 0.000000 
6.096684 -41.959831 6.314047 6.488930 27.184317 0.000000 0.000000 
4.730961 -42.420444 7.612144 -3.881821 22.613447 0.000000 0.000000 
9.048443 -53.898685 10.071786 -2.795792 18.936441 0.000000 0.000000 
10.597708 -54.914944 3.858417 12.668419 33.467014 0.000000 0.000000 
6.524367 -57.184113 1.305702 0.414116 21.452925 0.000000 0.000000 
12.692102 -57.278328 -1.187843 0.048637 19.513384 0.000000 0.000000 
5.521092 -63.861591 4.426772 1.805992 19.771164 0.000000 0.000000 
13.517874 -40.244484 1.233044 4.829208 24.934227 0.000000 0.000000 
14.407193 -40.020695 -0.036094 -1.035500 20.653059 0.000000 0.000000 
14.879808 -41.345215 2.265358 1.257370 22.941879 0.000000 0.000000 
24.511518 -51.181633 -0.877450 -0.417656 18.434641 0.000000 0.000000 
24.869745 -51.388153 1.971913 2.253372 23.013552 0.000000 0.000000 
16.058138 -3.170092 4.227455 -12.518196 27.622429 0.000000 0.000000 
15.129828 -8.152109 3.031967 -9.696312 28.709698 0.000000 0.000000 
17.951111 -9.500627 5.841258 -2.912857 29.707161 0.000000 0.000000 
17.993101 -9.759114 5.087654 -1.730659 31.656204 0.000000 0.000000 
16.907848 -15.102242 4.566207 -5.762581 29.718792 0.000000 0.000000 
22.656309 -10.869573 -1.703870 -1.399460 30.165913 0.000000 0.000000 
20.727266 0.914866 -0.107616 -1.124001 32.568462 0.000000 0.000000 
21.257627 -2.169112 -0.463139 -8.860222 27.243664 0.000000 0.000000 
27.419834 0.179024 0.138598 5.207695 34.704628 0.000000 0.000000 
27.586943 -0.042660 0.262571 5.629906 36.411690 0.000000 0.000000 
24.669832 -15.187374 1.870701 -0.816269 28.086739 0.000000 0.000000 
24.761486 -15.086785 1.955948 0.426918 28.605404 0.000000 0.000000 
23.539801 -21.621777 0.742402 4.825066 30.960323 0.000000 0.000000 
23.619230 -21.651180 0.696400 6.142869 32.777332 0.000000 0.000000 
32.573608 1.468283 1.558300 13.166748 38.991478 0.000000 0.000000 
32.695267 1.259623 1.077824 13.320908 41.304947 0.000000 0.000000 
24.117085 -23.280678 1.606171 -8.159294 22.322205 0.000000 0.000000 
34.507191 -5.969665 2.533600 -3.172348 25.749256 0.000000 0.000000 
23.054522 -30.262615 2.156925 -2.944527 22.412704 0.000000 0.000000 
38.816101 -0.837244 0.238010 9.218895 33.427673 0.000000 0.000000 
38.869106 -0.720670 -0.011747 9.649338 33.856647 0.000000 0.000000 
41.674728 -1.074870 1.994591 11.191887 34.094719 0.000000 0.000000 
41.677811 -0.998004 1.983260 15.129761 36.898960 0.000000 0.000000 
43.124287 -0.479331 1.335533 7.447876 29.063532 0.000000 0.000000 
43.261349 -0.264424 1.175690 6.908470 28.618713 0.000000 0.000000 
44.959103 -0.740345 4.808284 -6.788635 18.989439 0.000000 0.000000 
22.054499 9.267975 0.507780 5.608078 38.750694 0.000000 0.000000 
21.704706 10.200250 0.686025 6.621117 36.668926 0.000000 0.000000 
22.353365 10.220699 -2.639240 -3.404922 32.553436 0.000000 0.000000 
26.307842 8.990862 0.558971 13.311172 38.052078 0.000000 0.000000 
26.400089 9.039374 -1.047427 11.850349 36.911766 0.000000 0.000000 
28.631777 8.513783 -0.388691 14.547531 37.864952 0.000000 0.000000 
28.553040 8.797232 -0.329986 17.095291 39.710613 0.000000 0.000000 
30.537151 8.012652 0.050370 9.661522 33.350651 0.000000 0.000000 
30.508974 8.106514 -0.131043 9.546379 33.164097 0.000000 0.000000 
30.486687 8.282468 -0.069204 -1.564003 25.505203 0.000000 0.000000 
32.351082 9.096880 -0.685766 17.158432 37.667912 0.000000 0.000000 
32.334347 9.157537 -0.703426 17.422615 39.613678 0.000000 0.000000 
32.362026 9.244169 -0.708477 20.234367 42.904655 0.000000 0.000000 
34.483612 8.725201 -1.297790 15.441895 36.992813 0.000000 0.000000 
34.620148 8.633805 -1.268432 14.917465 35.355465 0.000000 0.000000 
38.619720 7.904551 -0.656084 9.289313 29.657608 0.000000 0.000000 
42.640289 8.710895 -1.345171 17.541588 35.798012 0.000000 0.000000 
42.660885 8.801455 -1.345533 15.890335 35.079258 0.000000 0.000000 
44.384205 9.720763 -0.010917 5.897247 26.023895 0.000000 0.000000 
43.279186 16.859776 1.055012 3.226646 22.943703 0.000000 0.000000 
43.524261 16.660618 1.119274 0.259125 21.310341 0.000000 0.000000 
46.640076 8.299339 -4.163712 19.923759 35.690697 0.000000 0.000000 
50.315117 10.091599 -0.620987 13.602974 32.831188 0.000000 0.000000 
50.193729 10.630770 0.304673 10.572639 30.231567 0.000000 0.000000 
52.563690 9.013693 0.036038 16.430145 32.617302 0.000000 0.000000 
52.530304 9.489597 0.358809 18.792046 32.885574 0.000000 0.000000 
52.730064 8.453527 -0.073597 15.172256 33.789585 0.000000 0.000000 
53.262642 11.137010 0.053503 0.928711 17.879066 0.000000 0.000000 
55.965137 9.078669 -0.656037 3.982079 20.906809 0.000000 0.000000 
56.114143 8.365960 -2.089097 3.351044 21.062681 0.000000 0.000000 
56.707756 9.542614 0.838784 13.094482 26.943113 0.000000 0.000000 
56.627373 10.085659 2.482830 8.780762 24.977535 0.000000 0.000000 
58.567089 8.530579 -1.365140 20.933853 33.821724 0.000000 0.000000 
60.363380 10.039862 0.083674 20.791901 33.903774 0.000000 0.000000 
60.444954 9.585991 -0.186916 24.244217 36.610298 0.000000 0.000000 
62.625687 8.961573 -1.660120 12.318726 28.156208 0.000000 0.000000 
62.696690 8.757265 -1.874367 10.981178 27.254616 0.000000 0.000000 
22.992941 23.120878 0.381215 4.451187 23.481670 0.000000 0.000000 
15.429023 30.876549 0.634826 -2.054230 29.393143 0.000000 0.000000 
2.563055 -7.048119 0.157248 -8.867355 42.028614 0.000000 0.000000 
2.318236 -7.245006 -0.143008 -11.571014 40.307011 0.000000 0.000000 
2.692671 -7.601066 -0.210760 -2.008690 43.213875 0.000000 0.000000 
2.768762 -7.581082 -0.181510 0.123604 45.556671 0.000000 0.000000 
2.310017 -8.070433 0.150701 -8.248940 39.745007 0.000000 0.000000 
2.396312 -8.079927 0.072433 -3.185265 43.060856 0.000000 0.000000 
2.742145 -8.099589 0.195028 -4.652077 43.508724 0.000000 0.000000 
2.562954 -8.210047 0.442893 -10.165375 39.983551 0.000000 0.000000 
2.346303 -0.967324 0.034565 -13.809503 52.166786 0.000000 0.000000 
2.493187 -0.975053 0.034439 -13.597996 55.426525 0.000000 0.000000 
2.414441 -2.020684 0.034258 -24.702465 35.125637 0.000000 0.000000 
2.443043 -2.075124 0.005390 -27.119167 40.877731 0.000000 0.000000 
2.418102 -2.503214 0.132925 -23.677639 40.980919 0.000000 0.000000 
2.462861 -2.597410 0.054579 -22.280067 42.568798 0.000000 0.000000 
2.402191 -2.856332 -0.025176 -19.904629 43.477486 0.000000 0.000000 
2.406413 -3.124115 -0.097476 -28.414749 38.823227 0.000000 0.000000 
2.454561 -3.535570 0.087024 -14.342350 46.139084 0.000000 0.000000 
2.483321 -3.516662 0.108610 -13.372827 46.038391 0.000000 0.000000 
2.515290 -3.613708 0.076550 -9.875031 49.335503 0.000000 0.000000 
2.434413 -3.955278 0.030328 -19.133324 42.199974 0.000000 0.000000 
2.452591 -4.140053 0.031079 -15.096428 43.465256 0.000000 0.000000 
2.473145 -4.186522 0.053491 -15.195358 43.570004 0.000000 0.000000 
2.433327 -4.471579 -0.080203 -17.840057 40.037312 0.000000 0.000000 
2.456501 -4.547651 -0.082635 -21.120483 41.338078 0.000000 0.000000 
2.467120 -4.602774 -0.075462 -20.170303 40.566029 0.000000 0.000000 
2.474884 -4.734026 -0.053162 -19.358467 35.938828 0.000000 0.000000 
2.453156 -5.061246 0.077237 -9.618942 43.870731 0.000000 0.000000 
2.475120 -5.157634 0.064583 -11.485470 42.799400 0.000000 0.000000 
2.404447 -5.339332 -0.159749 -12.250061 40.768906 0.000000 0.000000 
2.449083 -5.499263 0.004055 -1.712631 46.470032 0.000000 0.000000 
2.446180 -5.502117 0.035372 0.730179 54.504223 0.000000 0.000000 
2.431122 -5.509152 0.011799 -1.859863 45.846630 0.000000 0.000000 
2.470722 -6.251919 0.071059 -9.076874 42.383846 0.000000 0.000000 
2.483667 -6.358996 0.040519 -6.081459 44.677757 0.000000 0.000000 
2.483422 -6.469675 -0.128048 -7.590832 44.644550 0.000000 0.000000 
2.473123 -6.746854 0.059523 -6.885201 43.737255 0.000000 0.000000 
2.472937 -6.794190 -0.026472 -6.237320 42.665680 0.000000 0.000000 
2.416677 -7.060826 -0.125849 -9.023079 44.368690 0.000000 0.000000 
2.431819 -7.230178 -0.086916 -2.601906 44.511017 0.000000 0.000000 
2.437448 -7.231525 0.032103 -4.164078 44.091431 0.000000 0.000000 
2.287222 -7.532237 0.150579 -7.654411 38.872913 0.000000 0.000000 
2.362062 -7.515503 0.074466 -9.882030 39.207359 0.000000 0.000000 
2.380677 -7.658998 0.068298 -7.369568 39.617981 0.000000 0.000000 
2.312335 -7.939328 0.084397 -3.724876 41.340389 0.000000 0.000000 
2.271669 -8.233265 -0.219905 -10.405023 41.072807 0.000000 0.000000 
2.420097 -8.424763 0.163650 -8.707123 37.602417 0.000000 0.000000 
2.466933 -8.462519 -1.616178 -10.581062 32.832993 0.000000 0.000000 
2.263672 4.763066 -0.012455 -28.527050 26.287096 0.000000 0.000000 
2.414330 4.821817 -0.025407 -27.801090 28.886532 0.000000 0.000000 
2.485235 5.389479 -0.083556 -38.279362 21.613640 0.000000 0.000000 
2.307680 5.973302 -0.075665 -41.772907 19.041351 0.000000 0.000000 
2.451338 6.536161 -0.066011 -39.200005 23.241911 0.000000 0.000000 
2.291831 6.959676 0.037514 -10.918709 45.265728 0.000000 0.000000 
2.319403 6.984660 0.041550 -11.256973 46.750008 0.000000 0.000000 
2.386779 7.448998 -0.081467 -26.934261 32.155853 0.000000 0.000000 
2.292743 7.631085 -0.075648 -30.899494 29.083565 0.000000 0.000000 
2.288731 7.908562 -0.037753 -21.239365 34.907257 0.000000 0.000000 
2.373396 7.974583 -0.030593 -21.988457 36.822773 0.000000 0.000000 
2.411718 8.408138 -0.021050 -24.826679 29.146566 0.000000 0.000000 
2.262023 8.591246 -0.147998 -37.695423 23.255899 0.000000 0.000000 
2.269008 8.955154 0.017391 -8.486107 42.608612 0.000000 0.000000 
2.302208 9.001060 0.021624 -6.592724 42.576546 0.000000 0.000000 
2.328879 9.748765 -0.097882 -22.691811 24.610229 0.000000 0.000000 
2.052632 16.324615 -0.321871 -18.077507 24.999870 1.000000 1.000000 
2.250082 -8.646220 0.107866 -21.161003 24.385155 1.000000 1.000000 
2.476460 -9.317238 -0.059994 -23.409859 21.977863 1.000000 1.000000 
-30.161102 71.271606 1.963011 -3.044571 16.631409 0.000000 0.000000 
-29.733557 71.498138 1.204199 -7.060341 15.221836 0.000000 0.000000 
-29.624914 72.410065 2.769265 -11.393373 11.252277 0.000000 0.000000 
-21.192848 90.312096 7.060641 -8.701019 11.236500 0.000000 0.000000 
-23.981691 90.062149 6.489279 -14.261337 9.791473 0.000000 0.000000 
-22.702583 91.047386 6.630354 -2.599869 16.089479 0.000000 0.000000 
-21.823654 91.377998 6.783148 -6.047508 14.394775 0.000000 0.000000 
-22.751400 91.248405 6.320342 -10.283890 13.124550 0.000000 0.000000 
2.428233 -8.936750 -0.029519 -1.942192 41.755798 0.000000 0.000000 
2.488620 -8.958480 -0.057618 -1.643272 43.085819 0.000000 0.000000 
2.438903 -9.471606 0.183460 0.392197 41.822800 0.000000 0.000000 
2.416842 -9.510085 0.145350 3.392518 47.320423 0.000000 0.000000 
2.204742 -10.163624 -0.232904 -7.486458 37.005669 0.000000 0.000000 
2.413098 -10.248810 -0.120044 -4.782188 39.723515 0.000000 0.000000 
2.464475 -10.231958 -0.097076 -4.491760 40.404125 0.000000 0.000000 
2.210205 -10.529402 -0.204148 -5.426147 35.712952 0.000000 0.000000 
2.278449 -10.537807 -0.186251 -1.999855 40.833099 0.000000 0.000000 
2.046469 -10.823846 -0.524674 -4.269554 37.389549 0.000000 0.000000 
2.138498 -10.865232 -0.332648 -3.857925 38.508888 0.000000 0.000000 
2.113376 -10.982483 -0.428540 -7.215729 35.502361 0.000000 0.000000 
2.230281 -11.042263 -0.257548 -7.158897 37.164829 0.000000 0.000000 
2.173844 -11.172981 -0.411435 -8.215363 35.870670 0.000000 0.000000 
2.159468 -11.298525 -3.760413 -13.655609 31.943729 0.000000 0.000000 
4.404274 -15.015198 -3.737262 -17.674553 24.065601 0.000000 1.000000 
7.531445 -14.825993 -4.248817 -14.395967 22.571926 0.000000 0.000000 
-24.446497 6.961267 -4.823728 -10.364410 24.412533 0.000000 1.000000 
8.826154 -25.620441 -7.113708 -8.942741 21.955036 0.000000 0.000000 
-6.302146 -27.734592 -6.414785 -4.171669 26.129383 0.000000 0.000000 
-27.253422 8.735190 -8.658551 -7.683121 23.559626 0.000000 0.000000 
-17.759405 -23.835770 6.495940 -2.370102 28.805859 0.000000 1.000000 
14.794126 -26.125191 1.353924 -1.172485 25.807720 0.000000 0.000000 
13.273709 -27.391506 0.965013 1.524437 29.152771 0.000000 0.000000 
12.094103 -28.045635 6.911647 -0.415054 28.769855 0.000000 0.000000 
10.475683 -29.493652 12.228022 -2.450340 29.985077 0.000000 0.000000 
12.237720 -31.047905 0.629614 -3.713547 23.526657 0.000000 1.000000 
-15.141996 -31.326546 -1.267334 -3.804756 24.256372 0.000000 1.000000 
2.261739 -35.939133 4.563128 -4.733673 23.820728 0.000000 1.000000 
11.755809 -33.905262 -2.252568 -1.267548 24.936239 0.000000 1.000000 
3.749720 -41.665817 -5.261208 -1.110519 23.183807 0.000000 1.000000 
21.263836 -41.512108 -2.033801 -0.731400 20.462084 0.000000 1.000000 
-20.442205 -42.883610 5.181267 -3.142654 18.638149 0.000000 0.000000 
-6.307838 -48.369358 5.129315 -0.550156 21.815517 0.000000 0.000000 
-6.102966 -48.557892 4.749228 0.821198 22.344778 0.000000 0.000000 
22.484356 -44.090824 0.687379 0.358559 19.134050 0.000000 0.000000 
26.870243 -47.213905 1.929228 4.064713 19.287699 0.000000 0.000000 
25.681433 -48.169399 3.016262 3.283844 18.464701 0.000000 0.000000 
25.921175 -48.035736 0.706017 3.576439 19.612692 0.000000 0.000000 
23.371208 -49.416786 8.169787 1.876831 19.419693 0.000000 0.000000 
-5.716081 -61.222153 3.935457 1.721138 19.505871 0.000000 0.000000 
-12.730682 -66.327484 1.839585 10.040276 25.851383 1.000000 0.000000 
-11.727204 -66.688316 2.279710 8.251700 21.441927 1.000000 0.000000 
-11.902085 -66.874710 2.135095 10.121063 25.217669 1.000000 0.000000 
-11.829648 -71.933418 2.827892 -0.354912 14.352329 1.000000 0.000000 
-12.260661 -72.438507 1.345391 -0.020638 14.133030 1.000000 0.000000 
-11.976019 -72.488823 3.621102 0.223045 14.568592 1.000000 0.000000 
-11.936592 -72.967491 2.157749 5.186111 18.534416 1.000000 0.000000 
-12.155099 -73.067093 1.962370 5.235374 18.642778 1.000000 0.000000 
-11.375548 -74.373993 2.987890 2.689720 16.892231 1.000000 0.000000 
-12.010429 -74.732437 2.599815 5.225121 18.206644 1.000000 0.000000 
-11.957367 -75.455139 2.520114 6.756027 18.567822 1.000000 0.000000 
-12.360505 -75.779564 1.995660 9.853493 21.974447 1.000000 0.000000 
-11.726048 -75.980431 2.206843 6.582367 18.952654 1.000000 0.000000 
-14.543344 -75.767395 4.046103 16.086739 27.004292 1.000000 0.000000 
-13.283203 -76.065254 2.691721 11.680916 23.331993 1.000000 0.000000 
-14.439378 -75.978653 2.996350 17.316635 28.946707 1.000000 0.000000 
-14.362614 -76.296600 2.893747 15.709297 26.620502 1.000000 0.000000 
-89.876701 -57.544106 7.591188 8.146416 14.524593 0.000000 0.000000 
-106.934135 -2.898890 5.855951 7.610718 17.025692 0.000000 0.000000 
-107.018600 -3.084970 6.289307 9.671448 20.625937 0.000000 0.000000 
-107.267303 -2.236277 8.676205 13.533524 21.578259 0.000000 0.000000 
-107.278084 -1.059235 4.818516 15.055519 23.581419 0.000000 0.000000 
-107.283501 -1.581900 9.677993 13.590111 21.600464 0.000000 0.000000 
-107.424500 -5.110520 4.443511 9.114655 21.169346 0.000000 0.000000 
-107.472092 -6.315306 4.087928 9.330002 19.875917 0.000000 0.000000 
-107.399269 -9.267653 3.330627 5.839066 15.565453 0.000000 0.000000 
-18.910809 -106.640884 2.732726 6.195427 14.514748 0.000000 0.000000 
-19.935917 -106.564056 0.762901 9.112082 14.616409 0.000000 0.000000 
-115.477081 -1.773618 5.307959 12.235405 20.715410 0.000000 0.000000 
-115.479027 -1.614840 5.444231 9.513611 18.125807 0.000000 0.000000 
62.044022 -99.830811 5.526338 16.802055 17.597355 0.000000 0.000000 
56.779247 -102.999031 6.561422 21.597816 23.232311 0.000000 0.000000 
56.338284 -103.355095 5.372282 24.576714 25.557364 0.000000 0.000000 
56.665207 -103.301262 6.181742 20.313553 21.332840 0.000000 0.000000 
61.905018 -110.579262 7.382113 23.479973 22.944834 0.000000 0.000000 
59.600994 -147.977722 6.446317 20.064575 18.398205 0.000000 0.000000 
7.182373 -5.250030 -0.051973 3.476898 47.248745 0.000000 0.000000 
7.286798 -5.356540 -0.104007 4.977188 50.406803 0.000000 0.000000 
2.293784 -8.751865 0.030979 -1.861900 43.955139 0.000000 0.000000 
2.256261 -8.955660 0.003734 4.797112 46.717018 0.000000 0.000000 
2.243446 -8.959641 -0.019554 3.217636 47.136642 0.000000 0.000000 
2.159146 -9.423820 -0.114249 -1.878693 43.397057 0.000000 0.000000 
2.204027 -9.476719 0.039128 -4.883644 40.368000 0.000000 0.000000 
2.165394 -9.688975 -0.268238 -3.234398 39.273235 0.000000 0.000000 
2.151498 -9.802115 -0.425310 -4.028458 38.545776 0.000000 0.000000 
2.188299 -9.955411 -0.229082 -4.232857 39.909119 0.000000 0.000000 
2.312663 -10.119416 -0.263166 -2.608604 39.237026 0.000000 0.000000 
2.261323 -10.213331 0.349257 -2.719070 40.159782 0.000000 0.000000 
2.221227 -10.363474 0.119486 -4.234856 38.295979 0.000000 0.000000 
2.210676 -10.604465 -0.123349 -1.279778 41.834000 0.000000 0.000000 
2.250313 -10.618721 -0.036304 -2.011742 40.749893 0.000000 0.000000 
7.298515 -8.507975 -1.555006 6.961182 47.580379 0.000000 1.000000 
2.196027 -11.049627 -0.270010 1.572006 44.055862 0.000000 0.000000 
2.157391 -11.109500 -0.222242 1.734505 43.441689 0.000000 0.000000 
2.169855 -11.592553 0.370770 -4.668114 38.743904 0.000000 0.000000 
11.941490 -3.157089 0.039095 8.963531 48.495033 0.000000 0.000000 
11.934767 -3.195907 0.008390 7.544617 45.709251 0.000000 0.000000 
11.629204 -5.090054 2.494359 -12.005136 30.552822 0.000000 0.000000 
12.369777 -3.083173 -3.248220 -6.935577 34.213692 1.000000 1.000000 
1.927745 -12.751628 4.728474 -15.190269 31.279778 0.000000 1.000000 
4.098090 -12.365062 3.253987 -10.032669 33.399857 0.000000 1.000000 
13.915688 -2.714114 0.664618 1.418930 40.893089 0.000000 0.000000 
14.053405 -2.741748 0.718736 -1.382576 37.008636 0.000000 0.000000 
15.851411 -0.903804 -0.571830 1.481277 38.941353 0.000000 0.000000 
15.902046 -0.902523 -0.628075 -0.510605 37.078140 0.000000 0.000000 
-6.524174 -15.184247 5.669311 -9.060654 27.323179 0.000000 0.000000 
17.048603 0.387763 -0.767139 8.411263 44.868362 0.000000 0.000000 
17.170656 0.394861 -0.894208 5.314262 42.317856 0.000000 0.000000 
16.434465 -7.885040 1.382540 -5.741264 29.034035 0.000000 0.000000 
16.948679 8.655017 0.384786 9.633925 38.981560 0.000000 0.000000 
16.932844 8.887796 0.578116 10.027054 38.986866 0.000000 0.000000 
18.697884 8.115664 -0.759020 0.777039 35.744713 0.000000 0.000000 
18.238667 9.992254 0.072798 11.874069 42.625648 0.000000 0.000000 
22.037012 -8.166996 -5.456015 -9.103783 26.858116 0.000000 1.000000 
20.671268 -16.827385 9.054651 -4.184189 26.281792 0.000000 1.000000 
25.422003 6.256092 10.994646 -6.231155 25.249565 0.000000 1.000000 
20.084412 -18.348225 4.955458 -11.410477 22.271280 0.000000 1.000000 
25.858431 -14.731697 1.365720 0.539268 28.186237 0.000000 0.000000 
25.876453 -14.871918 0.409092 -0.565460 27.307756 0.000000 0.000000 
26.179800 -14.821186 4.494692 -0.632019 27.886734 0.000000 0.000000 
26.884678 -15.422647 0.119494 -4.990524 25.522116 0.000000 1.000000 
28.702597 11.658744 -8.683320 0.218399 28.575201 0.000000 0.000000 
28.815874 11.497636 -8.675914 2.735306 29.924721 0.000000 0.000000 
34.064659 -8.888102 2.783901 -6.372047 20.713509 0.000000 0.000000 
6.607791 -36.498821 -0.838172 -3.097801 25.035858 0.000000 0.000000 
6.414325 -36.531780 -1.127116 -1.205551 24.593006 0.000000 0.000000 
6.041456 -36.605320 -1.730768 -2.083809 24.975079 0.000000 0.000000 
34.375320 15.186383 0.440088 3.783417 26.332815 0.000000 0.000000 
35.065811 14.365121 -2.922305 -1.187973 22.580513 0.000000 0.000000 
35.161037 14.328547 -4.127426 0.838409 24.490271 0.000000 0.000000 
5.597967 -39.149040 3.389837 -0.216621 22.904106 0.000000 0.000000 
38.618374 7.757191 -0.693870 5.782654 26.829983 0.000000 0.000000 
38.877567 7.544899 10.259903 4.106178 28.691397 0.000000 0.000000 
12.383440 -38.320549 -2.655357 -5.155098 22.327387 0.000000 0.000000 
6.124352 -41.973843 -5.146704 1.834991 24.581036 0.000000 0.000000 
43.513855 -10.246000 8.961864 -0.933662 22.785786 0.000000 1.000000 
42.424194 19.986233 4.397174 -4.415077 20.275232 0.000000 0.000000 
46.591808 8.001940 -2.244052 18.656235 33.953911 0.000000 0.000000 
43.059971 20.147831 1.312867 0.865807 22.240559 0.000000 0.000000 
47.413086 7.851280 -1.332396 3.945236 22.231995 0.000000 0.000000 
47.383633 8.061866 -0.810502 5.488289 24.617786 0.000000 0.000000 
-21.218935 -43.575592 12.854287 1.666214 21.700552 0.000000 0.000000 
46.508453 17.008980 1.279968 16.117287 33.278252 0.000000 0.000000 
46.650646 16.709152 1.578936 14.044556 30.923698 0.000000 0.000000 
47.411621 15.691899 -0.866451 7.673028 25.299911 0.000000 0.000000 
50.074894 7.743132 -1.550046 0.670425 19.656128 0.000000 0.000000 
48.548267 15.504298 -0.418374 0.895805 19.331230 0.000000 0.000000 
50.324554 15.373096 2.724894 4.969589 21.213493 0.000000 0.000000 
50.476357 14.996257 -0.580442 4.229614 21.208160 0.000000 0.000000 
50.367149 15.745275 0.214829 3.745033 19.933498 0.000000 0.000000 
54.899197 7.162809 -0.272459 22.430458 38.054977 0.000000 0.000000 
54.967812 7.049290 -0.680003 19.602074 34.324696 0.000000 0.000000 
56.872635 6.666119 -2.541852 15.439819 29.866245 0.000000 0.000000 
56.947929 6.145149 -2.958221 19.926392 35.283730 0.000000 0.000000 
58.042561 0.992997 0.671602 13.857300 30.454168 0.000000 0.000000 
58.047855 0.871369 1.604828 13.304855 30.241182 0.000000 0.000000 
58.495842 5.922096 -4.673808 6.195618 23.575493 0.000000 0.000000 
56.155727 17.692226 -4.520238 6.984253 22.108385 0.000000 1.000000 
58.749790 8.304988 -1.404876 21.032112 34.675457 0.000000 0.000000 
62.000256 -8.976448 3.345175 8.126427 24.942841 0.000000 0.000000 
62.047268 -9.055888 2.909846 9.137772 25.469170 0.000000 0.000000 
61.985382 -10.925453 2.604066 5.683075 21.656921 0.000000 0.000000 
62.066917 -11.212089 2.310401 7.053917 22.789955 0.000000 0.000000 
64.014893 -9.817651 2.546717 2.693703 19.107092 0.000000 1.000000 
57.518734 -31.789928 1.907577 13.303131 27.026960 0.000000 0.000000 
57.537750 -31.938576 3.290859 16.077599 27.850849 0.000000 0.000000 
66.721657 -10.650104 -0.949546 11.248993 28.908375 0.000000 0.000000 
66.729904 -10.834156 0.428383 14.841316 30.180313 0.000000 0.000000 
6.370049 -68.139626 2.977344 0.572098 15.564751 0.000000 0.000000 
67.741051 11.381632 -0.667658 6.884033 19.011429 0.000000 0.000000 
67.758102 13.126845 1.840767 22.501160 32.648361 0.000000 0.000000 
67.945580 12.774008 1.544381 24.203262 34.860050 0.000000 0.000000 
70.374794 -9.959085 -4.398805 9.775597 25.648325 0.000000 0.000000 
70.382240 9.778393 -0.607280 9.366057 23.558525 0.000000 0.000000 
70.499634 9.051987 0.300464 10.896393 21.970427 0.000000 0.000000 
59.292885 -40.959034 4.375533 2.466637 19.670637 0.000000 0.000000 
57.936188 -43.249546 4.993809 12.147202 26.038486 0.000000 0.000000 
72.551598 9.122738 -0.015711 29.164719 39.613403 0.000000 0.000000 
72.646530 8.840801 -0.206856 25.707787 35.535816 0.000000 0.000000 
74.844452 6.421224 -3.627185 12.462914 24.540180 0.000000 0.000000 
74.868065 7.062664 -2.999996 15.746468 26.684647 0.000000 0.000000 
74.745392 8.724165 -1.671276 9.031493 21.249844 0.000000 0.000000 
76.790657 7.794931 -1.866171 15.106277 27.160599 0.000000 0.000000 
76.811378 8.014018 -1.988214 14.568657 25.340069 0.000000 0.000000 
8.209596 -77.191231 -1.518713 11.197449 25.577946 0.000000 0.000000 
8.354878 -77.191002 -1.175865 15.579460 28.257589 0.000000 0.000000 
78.655151 8.487004 -1.855768 20.645622 30.671713 0.000000 0.000000 
78.874977 7.977996 -2.369963 18.876686 29.338001 0.000000 0.000000 
80.540878 8.859628 -2.377331 12.573418 22.338398 0.000000 0.000000 
80.685799 8.777948 -1.837964 14.543922 26.109612 0.000000 0.000000 
80.703445 8.873192 -1.326150 10.791405 22.650356 0.000000 0.000000 
82.290047 10.548264 -1.852113 5.768600 19.397585 0.000000 0.000000 
83.317993 -10.264340 10.884473 4.333031 17.456856 0.000000 0.000000 
55.875206 -64.055847 4.156161 10.276443 17.904589 0.000000 0.000000 
-34.331261 -77.387085 2.814197 6.285423 15.954233 0.000000 0.000000 
84.059662 12.582417 -0.546873 9.708443 21.328320 0.000000 0.000000 
84.334709 11.497756 -0.635285 10.621727 23.023777 0.000000 0.000000 
85.606514 -10.892972 9.262671 8.450706 19.682762 0.000000 0.000000 
86.299057 10.989954 2.235391 14.224037 22.423010 0.000000 0.000000 
86.317314 11.207734 2.540358 13.594116 21.298332 0.000000 0.000000 
57.612312 -67.882408 5.127749 18.229485 26.257811 0.000000 0.000000 
57.813061 -67.987144 4.641844 16.616859 24.666424 0.000000 0.000000 
88.575127 9.851703 3.227607 13.762779 22.571102 0.000000 0.000000 
88.514946 10.353122 2.306369 17.094566 24.847746 0.000000 0.000000 
89.460632 -0.702851 -1.519235 6.161110 16.390463 0.000000 0.000000 
89.160255 -10.509450 8.837378 8.475876 21.419678 0.000000 0.000000 
89.264397 -9.890557 9.399965 6.363480 20.519901 0.000000 0.000000 
90.493324 9.739728 0.940133 22.061974 28.976151 0.000000 0.000000 
90.610435 10.047875 1.163398 24.844681 31.786297 0.000000 0.000000 
91.124290 -11.252846 7.873698 8.836739 23.787052 0.000000 0.000000 
91.217056 -11.314693 8.069112 7.630096 22.216648 0.000000 0.000000 
91.124527 -12.146172 8.307686 9.153511 23.733658 0.000000 0.000000 
91.409515 -12.272285 13.513162 14.198250 25.187126 0.000000 0.000000 
91.459030 -12.508821 11.409147 7.643342 20.317757 0.000000 0.000000 
91.539612 -12.505382 14.375292 11.849556 23.351763 0.000000 0.000000 
92.807663 7.775488 -1.935992 19.597801 27.829754 0.000000 0.000000 
92.850075 8.021796 -1.603770 17.306778 25.219036 0.000000 0.000000 
92.608505 -12.590487 17.609844 8.486732 17.891268 0.000000 0.000000 
92.720161 -12.465464 15.435344 7.832047 17.196009 0.000000 0.000000 
96.333908 -11.877134 9.642468 9.280814 19.967587 0.000000 0.000000 
96.383736 -11.834211 8.928193 9.565117 20.533524 0.000000 0.000000 
97.402626 -12.783401 7.233827 8.557616 17.326015 0.000000 0.000000 
108.528175 -9.549115 8.401383 11.298050 17.646019 0.000000 0.000000 
108.539520 -9.825730 9.743685 11.990929 17.688644 0.000000 0.000000 
107.719994 16.636349 0.291298 16.380341 21.707666 0.000000 0.000000 
107.750473 16.715763 -0.489312 11.702919 18.314341 0.000000 0.000000 
107.795143 16.636909 0.299042 12.226173 17.148829 0.000000 0.000000 
113.233139 -7.881579 11.182991 8.357230 17.978460 0.000000 0.000000 
113.526314 -8.854053 12.443525 12.514252 17.696802 0.000000 0.000000 
113.569466 -8.522497 14.596032 14.825829 19.818008 0.000000 0.000000 
113.626335 -8.147548 15.718197 10.984650 16.320669 0.000000 0.000000 
113.813560 -8.511213 16.997953 10.814651 19.586502 0.000000 0.000000 
114.508476 -7.116439 11.700825 13.821404 18.948278 0.000000 0.000000 
6.767702 -115.958054 -3.626693 9.491562 16.470808 0.000000 0.000000 
55.839218 -103.448700 -1.874944 19.149986 23.023893 0.000000 0.000000 
55.818523 -103.460800 -0.820603 19.647980 23.416140 0.000000 0.000000 
118.298042 2.346474 1.759395 14.451767 22.591175 0.000000 0.000000 
118.499214 1.121080 3.137886 11.726105 20.966778 0.000000 0.000000 
118.647446 8.038436 -4.711241 14.372284 18.546017 0.000000 0.000000 
118.815117 8.528189 -4.987057 12.615715 18.098600 0.000000 0.000000 
118.887100 8.156479 -6.729143 13.575615 18.553999 0.000000 0.000000 
119.906448 1.123809 -0.447220 10.051697 16.429691 0.000000 0.000000 
119.977478 0.031126 0.287388 7.780853 16.313313 0.000000 0.000000 
120.394249 -0.762345 -6.008337 11.171303 15.410103 0.000000 0.000000 
120.919746 6.737152 -0.888224 10.199127 14.886528 0.000000 0.000000 
124.687653 7.958174 -3.798413 10.927948 15.847672 0.000000 0.000000 
127.345154 17.135742 3.852056 19.893372 21.413380 0.000000 0.000000 
10.019558 -129.310471 0.257602 13.960236 17.464966 0.000000 0.000000 
7.636706 -134.380997 0.734384 16.816277 19.320921 0.000000 0.000000 
134.310486 10.617096 -2.986754 14.749687 16.949099 0.000000 0.000000 
7.028857 -135.642975 -1.019302 14.255249 18.253555 0.000000 0.000000 
136.744659 9.799314 -5.359751 14.458710 17.616636 0.000000 0.000000 
138.145874 13.049873 1.174048 20.427620 21.529600 0.000000 0.000000 
7.446655 -140.857697 -0.718145 12.559608 15.574722 0.000000 0.000000 
140.475266 10.626141 -3.738667 14.352036 14.814953 0.000000 0.000000 
8.544617 -142.125931 -6.063368 14.048668 16.073029 0.000000 0.000000 
142.235916 13.338161 1.584637 21.497444 22.651802 0.000000 0.000000 
7.959522 -143.390137 0.421269 23.362633 26.252892 0.000000 0.000000 
5.900352 -143.919800 -3.549685 10.622154 14.585922 0.000000 0.000000 
7.187015 -144.663956 -4.278945 22.687744 23.718756 0.000000 0.000000 
6.965094 -145.833755 1.184546 10.779594 13.918400 0.000000 0.000000 
7.741651 -145.868622 -2.757684 20.105232 22.292332 0.000000 0.000000 
146.343933 13.261310 8.376293 22.124458 22.626532 0.000000 0.000000 
7.792809 -147.098465 -0.289798 25.318428 27.411329 0.000000 0.000000 
8.444557 -148.295013 -4.077959 22.289978 23.681232 0.000000 0.000000 
148.375153 13.589399 4.500916 17.852341 18.178867 0.000000 0.000000 
6.756708 -149.605759 -3.522573 18.604179 20.384224 0.000000 0.000000 
7.459639 -150.801361 -6.669724 14.002426 15.531822 0.000000 0.000000 
150.249985 11.769351 0.347846 15.801140 15.946831 0.000000 0.000000 
150.457306 13.284769 9.795282 17.207123 17.545713 0.000000 0.000000 
9.538382 -151.106735 -3.958855 12.268715 14.714298 0.000000 0.000000 
152.556824 12.310483 0.299931 14.152443 14.218925 0.000000 0.000000 
164.121033 -14.317302 14.021788 16.462166 18.335016 0.000000 0.000000 
166.355743 -11.904686 14.820448 15.173073 15.150032 0.000000 0.000000 
55.983086 -159.641205 0.555063 15.669472 16.602629 0.000000 0.000000 
8.114201 -173.350021 -5.874566 20.947266 20.417778 0.000000 0.000000 
176.048172 65.079842 19.334826 35.402641 28.883682 0.000000 0.000000 
185.973206 62.880501 17.867764 23.692284 17.088717 0.000000 0.000000 
1.767400 4.558596 -0.028575 -45.077930 18.381933 1.000000 1.000000 
1.771056 8.379391 -0.052356 -51.353344 10.834797 1.000000 1.000000 
-0.333927 8.828194 0.010024 -45.256393 17.890240 1.000000 1.000000 
3.018822 10.560010 0.067670 -31.183212 10.838814 1.000000 1.000000 
2.292899 12.325788 0.388363 -16.056618 33.155636 0.000000 0.000000 
2.027355 12.474876 -0.070162 -35.649483 15.298496 1.000000 1.000000 
2.222704 12.838350 -1.004790 -11.376282 35.850060 0.000000 0.000000 
2.198408 13.102353 -1.160516 -10.926552 33.980247 0.000000 0.000000 
2.278603 13.528967 -0.075903 -2.181183 38.379192 0.000000 0.000000 
2.363715 13.952915 -0.106690 -0.097488 41.355698 0.000000 0.000000 
2.125597 14.170368 -0.112891 -28.575241 12.607941 1.000000 1.000000 
2.485233 14.262753 0.092470 -31.458290 10.395771 1.000000 1.000000 
2.323922 14.383422 -0.156844 3.024467 43.616081 0.000000 0.000000 
2.313746 14.394618 -0.161389 0.245674 39.803001 0.000000 0.000000 
2.303059 14.493763 -0.148826 2.102921 41.021763 0.000000 0.000000 
2.181179 14.642625 -0.061696 -35.940308 8.281116 1.000000 1.000000 
2.349199 14.843694 -0.126398 -3.579681 35.778889 0.000000 0.000000 
2.270617 15.183516 0.135454 -9.594055 35.621895 0.000000 0.000000 
2.273744 15.286932 0.181791 -12.864960 36.744095 0.000000 0.000000 
2.524992 15.583232 -0.080171 -31.775673 12.811443 1.000000 1.000000 
2.320825 15.721959 0.325513 -6.561707 35.928062 0.000000 0.000000 
2.332365 15.827309 0.254483 -7.864761 32.370125 0.000000 0.000000 
2.248686 16.180080 -0.194120 -15.963799 33.226746 0.000000 0.000000 
2.339040 16.605284 -0.064189 -7.590744 35.384995 0.000000 0.000000 
2.328676 16.714184 -0.047587 -5.623512 35.347088 0.000000 0.000000 
2.208411 16.738874 0.224666 -18.532852 27.324121 0.000000 0.000000 
2.201463 17.223009 -0.061103 -17.680130 28.792152 0.000000 0.000000 
2.692838 17.205486 0.538971 -38.672844 10.748920 1.000000 1.000000 
2.271751 17.514378 -0.165622 -3.585869 36.544800 0.000000 0.000000 
2.290612 17.535267 -0.083457 -3.166534 37.051712 0.000000 0.000000 
2.301825 17.950499 0.311308 -6.796112 31.034172 0.000000 0.000000 
2.398564 18.235760 -0.181866 -11.769562 27.401264 1.000000 1.000000 
2.341490 18.261826 0.347741 -4.278053 30.597811 0.000000 0.000000 
2.335321 18.361816 -1.339841 -5.783638 34.393909 0.000000 0.000000 
2.264668 18.700056 0.072226 -11.880554 27.102091 0.000000 0.000000 
2.243526 19.323118 0.239468 -7.783478 30.633554 0.000000 0.000000 
2.053942 19.477793 0.012593 -20.973198 16.450163 1.000000 1.000000 
2.348139 19.491951 -0.194587 -27.332008 11.286400 1.000000 1.000000 
2.181735 19.742542 -0.058119 3.368187 40.480618 0.000000 0.000000 
2.225193 19.872643 0.174860 3.019958 39.244640 0.000000 0.000000 
2.181655 20.433868 0.352042 -4.335793 34.200462 0.000000 0.000000 
2.254961 20.450125 -0.104364 -1.020203 37.646603 1.000000 1.000000 
2.150620 20.576822 -0.550158 8.288254 46.924377 0.000000 0.000000 
2.222190 20.972157 -0.433107 -0.555237 34.887501 0.000000 0.000000 
2.191652 21.001081 -0.475277 5.443550 42.573872 0.000000 0.000000 
2.479499 21.294807 -0.122985 -30.461128 10.776173 1.000000 1.000000 
11.127076 18.466236 5.661587 -17.552132 12.358253 1.000000 1.000000 
-6.530483 22.891567 0.207655 -8.999138 27.684973 0.000000 0.000000 
-6.554852 23.079567 0.275434 -7.920738 29.883881 0.000000 0.000000 
10.681929 22.115850 2.703895 -6.170448 30.465773 0.000000 1.000000 
-6.934178 24.085918 0.239380 -9.696785 25.335949 1.000000 1.000000 
-7.526893 24.100660 0.513557 -14.551796 26.226376 0.000000 0.000000 
-7.344456 24.178661 0.607540 -12.750542 27.398533 0.000000 0.000000 
7.810975 24.472128 0.604497 -14.726486 24.836113 0.000000 0.000000 
7.606320 24.897690 -1.318801 -11.998543 27.817795 0.000000 0.000000 
0.893417 26.741039 4.514470 -16.670067 26.997494 0.000000 1.000000 
3.344144 26.542292 0.352424 -14.794334 24.794441 0.000000 0.000000 
20.133633 15.362358 9.904197 6.134506 23.502007 0.000000 1.000000 
-5.963417 26.418427 4.146771 -15.210382 25.317678 0.000000 0.000000 
-7.412878 26.896235 1.660347 -14.569261 24.575388 0.000000 0.000000 
-7.660607 27.173323 4.372708 -12.548676 25.487034 0.000000 0.000000 
-7.566712 27.287086 -0.089431 -15.976898 25.780445 0.000000 0.000000 
-7.592579 27.296175 4.313510 -12.302734 27.113810 0.000000 0.000000 
7.073326 27.778210 2.046267 -16.374001 23.143347 0.000000 0.000000 
-6.034067 28.180401 -0.724081 -15.540840 24.595894 0.000000 0.000000 
-0.069181 29.326597 0.182143 -14.630638 24.933481 0.000000 1.000000 
0.126665 29.352131 -0.307218 -18.801529 24.016262 0.000000 0.000000 
0.047966 29.386580 0.384554 -15.703178 25.138762 0.000000 0.000000 
23.987488 14.801057 2.946933 4.813232 23.861359 0.000000 1.000000 
0.352604 30.435953 -1.271171 -20.391335 20.750114 0.000000 0.000000 
8.423470 29.068707 -7.305548 -17.125183 21.595591 0.000000 0.000000 
8.460102 29.285591 3.990674 -5.363014 28.658741 0.000000 0.000000 
8.681625 29.320751 -9.161831 -14.241203 23.949566 0.000000 0.000000 
8.477327 29.439589 3.796817 -6.218109 26.990940 0.000000 0.000000 
8.555914 29.693422 3.055200 -13.952278 22.983656 0.000000 0.000000 
5.948837 31.306549 4.671830 -14.805038 25.046394 0.000000 0.000000 
5.586844 31.416807 0.323708 -19.850357 19.911577 0.000000 0.000000 
6.947929 31.706285 2.294899 -13.880447 21.607121 1.000000 1.000000 
4.589440 32.749115 3.318131 -22.726677 19.942911 0.000000 0.000000 
7.009656 32.285324 2.264645 -1.133095 32.495087 0.000000 0.000000 
6.989230 32.390442 2.302343 -1.373596 33.215645 0.000000 0.000000 
6.688492 32.711887 -0.761923 -17.081261 17.115023 1.000000 1.000000 
26.592360 17.021473 -8.028419 3.319695 21.914618 0.000000 0.000000 
6.948228 33.206856 -8.183614 -15.039346 21.681946 0.000000 0.000000 
-23.162537 23.864471 -9.267170 -1.773895 19.007792 0.000000 0.000000 
6.852775 33.762142 -0.878080 -1.574753 32.515171 0.000000 0.000000 
6.928407 33.879486 -0.920397 -4.326187 30.034573 0.000000 0.000000 
23.743549 24.030682 -5.907847 2.269928 22.592382 0.000000 0.000000 
6.511119 34.506859 -0.833847 -9.523743 25.559547 0.000000 0.000000 
6.200216 34.759621 -0.450746 -15.504823 21.442984 0.000000 0.000000 
7.159738 34.581978 3.028622 -6.196739 26.954517 0.000000 0.000000 
7.483142 34.596825 3.682948 -11.776497 22.860199 0.000000 0.000000 
7.373180 34.965607 4.202391 -10.970375 24.098976 0.000000 0.000000 
6.478109 36.072998 4.211433 -3.309303 29.144030 0.000000 0.000000 
6.478238 36.332909 3.797480 -3.232384 28.476965 0.000000 0.000000 
6.905259 36.368855 2.915486 -10.543999 25.136988 0.000000 0.000000 
6.606567 36.555264 -0.473155 -13.965042 22.583887 0.000000 0.000000 
6.505002 36.820881 4.134883 -10.064842 22.228575 1.000000 1.000000 
6.022812 36.983280 4.760407 -14.255516 22.941835 0.000000 0.000000 
7.022552 36.827648 2.937510 -10.637520 24.319176 0.000000 0.000000 
6.692047 36.925217 2.769884 -13.705475 22.113777 0.000000 0.000000 
7.008958 37.018627 3.125576 -6.322563 25.884363 0.000000 0.000000 
28.629765 22.426540 13.661517 5.441353 20.664757 0.000000 0.000000 
6.336780 37.405659 9.386216 -15.485069 21.380175 0.000000 0.000000 
29.476444 21.401220 14.650601 -1.158363 17.308395 0.000000 0.000000 
22.526232 30.311697 1.119004 0.552658 22.146778 0.000000 0.000000 
23.009279 30.043764 1.234823 -5.905434 17.329229 0.000000 0.000000 
22.755646 30.309458 0.299299 -7.377953 16.667727 0.000000 0.000000 
22.052984 31.052874 0.210225 -0.319336 21.048786 0.000000 0.000000 
21.869741 31.731918 3.373992 -4.825050 20.275049 0.000000 0.000000 
9.007683 38.148037 8.983534 -17.471397 19.046232 0.000000 0.000000 
-20.345243 33.344044 8.684255 -8.757278 19.066082 0.000000 0.000000 
6.952566 39.102734 -0.360202 -16.316429 20.000780 0.000000 0.000000 
23.196295 31.422277 0.878566 -4.753296 16.874899 1.000000 1.000000 
7.039297 39.359131 -0.161954 -11.317970 20.789576 0.000000 0.000000 
6.136996 39.635799 -0.488620 -19.092407 18.372501 0.000000 0.000000 
6.900742 39.824543 -0.279734 -17.117729 16.566536 1.000000 1.000000 
9.332235 39.363487 3.440475 -17.297501 19.058926 0.000000 0.000000 
6.479135 40.110649 -5.327920 -17.111710 18.902357 0.000000 0.000000 
6.226569 40.484440 9.547705 -16.945145 19.274784 0.000000 0.000000 
6.089019 40.971855 0.655969 -19.392410 18.186954 0.000000 0.000000 
6.255979 41.091202 1.076385 -12.315025 20.521275 0.000000 0.000000 
6.174194 41.315861 1.120269 -16.269661 18.356718 0.000000 0.000000 
7.467416 41.250889 -1.027842 -10.175117 20.841972 1.000000 1.000000 
8.716583 41.288685 3.869456 -16.773651 19.218872 0.000000 0.000000 
7.654157 41.581718 3.656583 -8.146179 23.587662 0.000000 0.000000 
6.973766 41.762459 -1.154453 -9.480911 22.729031 0.000000 0.000000 
7.707573 41.670162 2.867818 -11.952888 24.352457 0.000000 0.000000 
7.471187 41.973824 -0.904485 -7.613487 25.345066 0.000000 0.000000 
8.356474 41.839382 3.848929 -11.160179 23.961172 0.000000 0.000000 
9.846896 41.588772 4.391237 -13.787994 20.193548 0.000000 0.000000 
5.128325 42.835064 -0.678326 -7.446854 22.999022 0.000000 0.000000 
5.153154 42.841969 -0.534049 -8.754005 22.496700 0.000000 0.000000 
5.516713 43.119381 -0.593968 -13.538818 19.979185 0.000000 0.000000 
10.049101 42.333961 10.871317 -17.274284 17.397888 0.000000 0.000000 
5.225770 43.577362 -0.529531 -8.724281 21.397123 0.000000 0.000000 
5.353730 43.593300 -0.403952 -6.476105 22.854282 0.000000 0.000000 
5.215948 43.636600 -0.657981 -15.614778 17.496328 0.000000 0.000000 
5.339908 43.680973 -0.358228 -12.384750 19.678467 0.000000 0.000000 
5.381047 43.699348 -0.518859 -7.764168 22.999008 0.000000 0.000000 
4.926507 44.090076 -0.262859 -16.479813 16.946596 0.000000 0.000000 
5.378589 44.045151 -0.794316 -20.421547 12.979607 1.000000 1.000000 
5.319251 44.121902 -0.889635 -13.138130 20.115273 0.000000 0.000000 
7.649617 43.785713 2.953660 -10.830583 23.493111 0.000000 0.000000 
7.417625 44.014381 2.484442 -5.773079 26.212498 0.000000 0.000000 
7.473075 44.200401 5.442261 -7.373703 21.264799 0.000000 0.000000 
7.467051 44.201477 5.212712 -5.914497 22.938755 0.000000 0.000000 
7.608389 44.223877 5.581191 -4.931709 24.688885 0.000000 0.000000 
5.453934 44.878292 -0.349090 -16.409912 14.464024 1.000000 1.000000 
6.942037 44.802002 6.021372 -16.234673 17.867325 0.000000 0.000000 
7.630140 44.964317 5.613137 -11.935837 18.426502 1.000000 1.000000 
7.866924 45.016029 17.897490 -16.682655 16.906664 0.000000 0.000000 
7.838001 45.036926 -0.483817 -16.491104 17.871283 0.000000 0.000000 
8.219206 45.468861 -6.356690 -13.796188 16.717251 0.000000 0.000000 
8.513902 45.716507 -6.764488 -17.824242 16.129974 0.000000 0.000000 
6.744652 46.123680 6.122320 -18.435005 16.955990 0.000000 0.000000 
5.385952 46.475056 -0.237645 -16.919785 15.384109 0.000000 0.000000 
24.171860 39.745815 2.246001 -6.543198 18.326113 0.000000 0.000000 
23.925764 40.322231 1.731625 -6.186996 19.162807 0.000000 0.000000 
5.685179 47.128159 -5.176197 -18.799622 16.900238 0.000000 0.000000 
7.512228 47.148643 5.572773 -7.782631 20.979746 0.000000 0.000000 
7.987092 47.141216 5.421558 -8.836327 21.820923 0.000000 0.000000 
8.082915 47.190849 5.391579 -7.408394 23.628340 0.000000 0.000000 
36.643246 28.460367 1.493800 4.648659 18.761932 0.000000 0.000000 
7.332689 47.764965 3.383749 -9.657967 21.961252 0.000000 0.000000 
35.056744 31.585817 1.225458 17.975998 28.800110 0.000000 0.000000 
34.973915 31.748243 0.899302 9.652779 22.727129 0.000000 0.000000 
7.861356 47.894161 2.500657 -7.173782 22.579300 0.000000 0.000000 
35.165813 31.829739 1.304276 15.896141 26.776972 0.000000 0.000000 
35.078388 32.147625 6.711585 11.629562 20.510353 0.000000 0.000000 
7.922427 48.530396 -5.057793 -10.852669 21.323727 0.000000 0.000000 
8.018328 48.878567 4.962590 -16.806786 16.662954 0.000000 0.000000 
7.508300 49.040581 6.347608 -14.879753 18.501841 0.000000 0.000000 
7.747943 49.020195 5.162159 -7.201485 22.056232 0.000000 0.000000 
42.605206 21.354288 0.206632 10.013710 20.179935 0.000000 0.000000 
8.235929 49.339134 4.489960 -6.790405 21.313427 0.000000 0.000000 
8.033116 49.716316 4.992126 -15.182121 14.381622 1.000000 1.000000 
10.011711 49.411522 14.301050 -19.244629 15.117207 0.000000 0.000000 
9.298044 50.019478 4.237150 -14.953012 16.761702 0.000000 0.000000 
9.290591 50.038452 -7.972415 -16.673050 15.970947 0.000000 0.000000 
7.536432 50.649277 2.885410 -18.000946 14.238319 0.000000 0.000000 
8.143869 50.674759 7.587682 -13.583405 16.098331 0.000000 0.000000 
7.013929 50.893353 6.094361 -16.198196 15.537155 0.000000 0.000000 
7.708426 50.963940 -7.276406 -15.266426 13.374863 0.000000 0.000000 
7.547977 51.120262 5.938588 -16.078979 12.959206 0.000000 0.000000 
7.869159 51.156342 -7.042034 -10.329323 18.119738 0.000000 0.000000 
7.688629 51.200901 -6.907205 -12.674904 16.428474 0.000000 0.000000 
7.947513 51.167542 -6.846410 -6.173859 22.692860 0.000000 0.000000 
9.701487 51.440414 5.279547 -14.680244 16.463251 0.000000 0.000000 
13.048270 50.878338 3.891751 -13.134750 16.901102 0.000000 0.000000 
12.690377 51.009010 3.798009 -11.811546 18.871412 0.000000 0.000000 
12.285950 51.224064 3.610493 -11.973297 18.773293 0.000000 0.000000 
12.725057 51.409672 4.056479 -9.961571 18.834469 0.000000 0.000000 
17.988941 49.720192 0.987847 -13.261459 14.666847 0.000000 1.000000 
12.654288 51.590485 3.674940 -10.510118 19.629042 0.000000 0.000000 
12.704771 51.601177 4.647051 -16.588188 13.801334 0.000000 0.000000 
6.734952 53.422779 5.442983 -11.687721 17.096550 0.000000 0.000000 
6.734958 53.462925 -7.875931 -7.893944 19.026484 0.000000 0.000000 
8.248274 53.270035 5.886353 -7.525772 20.198744 0.000000 0.000000 
7.387881 53.426094 5.775725 -13.034210 18.593811 0.000000 0.000000 
8.012871 53.350471 5.778572 -3.010559 23.193514 0.000000 0.000000 
7.631935 53.552456 6.375471 -9.003891 20.981798 0.000000 0.000000 
7.631967 53.703560 5.659393 -11.083734 18.655422 0.000000 0.000000 
7.039239 53.921547 4.635795 -4.750633 23.135952 0.000000 0.000000 
7.391046 53.879757 1.569669 -6.466774 23.775421 0.000000 0.000000 
8.122637 54.038017 8.394854 -1.465088 25.781115 0.000000 0.000000 
8.359129 54.037598 1.709592 -10.861259 19.349016 0.000000 0.000000 
8.152916 54.168713 3.745075 -2.189697 25.012300 0.000000 0.000000 
7.094004 54.339474 -0.670415 -9.685944 19.700008 0.000000 0.000000 
6.500772 54.610909 4.627032 -19.000092 8.090733 1.000000 1.000000 
6.675969 54.802929 6.113626 -10.285423 19.125347 0.000000 0.000000 
8.302874 54.597370 3.052249 -6.995575 21.041489 0.000000 0.000000 
8.487737 54.585571 3.522643 -9.144127 19.184566 0.000000 0.000000 
8.333353 54.624886 3.210181 -7.687279 20.388481 0.000000 0.000000 
7.431718 54.973740 16.785347 -3.473602 24.133266 0.000000 0.000000 
6.649682 55.277203 5.379570 -13.284410 18.676212 0.000000 0.000000 
6.679201 55.650623 4.876809 -11.351135 17.417583 0.000000 0.000000 
6.743060 55.817467 4.900589 -1.640732 24.024158 0.000000 0.000000 
6.613624 55.835606 5.243177 -11.991402 16.201517 0.000000 0.000000 
6.515662 55.919811 5.693686 -2.561012 22.219488 0.000000 0.000000 
6.431310 56.180367 5.308205 -7.604012 21.547985 0.000000 0.000000 
6.405925 56.188549 4.740531 -7.684242 20.236647 0.000000 0.000000 
7.141234 56.312672 4.061987 -12.273956 15.642296 1.000000 1.000000 
44.103840 33.489929 2.259896 17.525345 22.792013 0.000000 0.000000 
44.497925 32.913383 1.905163 20.074623 25.375965 0.000000 0.000000 
44.223293 33.341362 2.230186 19.981102 24.639408 0.000000 0.000000 
44.912392 32.316719 -2.244700 17.619774 23.649633 0.000000 0.000000 
44.974152 32.602135 -1.140216 6.165359 15.780951 0.000000 0.000000 
-18.428589 54.171520 7.807209 -8.010933 22.399548 0.000000 1.000000 
6.731037 57.036549 5.515874 -9.375763 19.752144 0.000000 0.000000 
6.709511 57.203228 5.412020 -9.150406 19.574106 0.000000 0.000000 
7.484131 57.312016 -7.908473 -11.233986 17.604801 0.000000 0.000000 
6.866144 57.399704 4.970843 -9.292374 18.558979 0.000000 0.000000 
5.894793 57.661037 10.028846 -12.071327 16.509407 1.000000 1.000000 
7.006806 57.831871 3.697076 -12.103287 17.200432 0.000000 0.000000 
7.298327 57.817421 3.580622 -11.330528 15.717993 0.000000 0.000000 
7.735378 57.837433 6.821524 -14.782440 17.014359 0.000000 0.000000 
7.276817 57.924839 6.098138 -14.647058 14.887814 0.000000 0.000000 
6.956356 58.112530 5.755163 -8.510307 20.855305 0.000000 0.000000 
8.038997 58.147724 -7.798941 -12.178009 17.630600 0.000000 0.000000 
6.744189 58.695957 11.348017 -14.086609 17.449053 0.000000 0.000000 
6.111467 58.824497 10.077759 -6.574020 22.285059 0.000000 0.000000 
6.235278 58.904369 10.251391 -6.969818 21.520565 0.000000 0.000000 
7.541997 58.970329 3.080598 -17.289024 11.456623 0.000000 0.000000 
-7.796218 59.078449 8.110812 -20.005211 12.835510 0.000000 0.000000 
30.015131 51.380508 2.138131 -6.194992 15.839239 0.000000 0.000000 
6.788192 59.683990 18.502029 -11.244348 14.745548 0.000000 0.000000 
7.496322 59.610031 15.317955 -9.140686 18.035439 0.000000 0.000000 
7.202530 59.969219 6.118067 -14.901376 15.375511 0.000000 0.000000 
8.328487 59.936344 3.854384 -14.684280 14.183788 0.000000 0.000000 
8.452357 60.227428 -5.934160 -10.332596 15.844601 0.000000 0.000000 
7.056793 60.422405 7.532546 -18.561554 13.088150 0.000000 0.000000 
6.645261 60.511909 -7.778550 -7.439171 17.662897 0.000000 0.000000 
6.637673 60.513668 -6.807241 -10.915123 17.023314 0.000000 0.000000 
7.142023 60.578945 8.554991 -18.401085 11.619625 0.000000 0.000000 
-7.469111 60.618160 -1.488899 -21.505814 7.365666 1.000000 1.000000 
8.486969 60.684891 7.892320 -13.628136 14.528404 0.000000 0.000000 
7.095598 60.902649 8.151957 -13.589890 14.782238 0.000000 0.000000 
7.035588 60.966843 8.251514 -17.140984 11.224358 0.000000 0.000000 
5.847668 61.106918 7.766890 -21.394684 10.340084 0.000000 0.000000 
-7.580552 61.149841 -1.194907 0.016342 24.193830 0.000000 0.000000 
-7.655585 61.150768 -1.102048 -0.625771 23.361839 0.000000 0.000000 
-7.643002 61.254082 -1.235933 2.431679 28.059866 0.000000 0.000000 
-7.600934 61.261505 -1.050970 -5.941017 20.496674 0.000000 0.000000 
-7.762247 61.418606 -1.047234 -24.485344 3.760224 1.000000 1.000000 
-7.659805 61.850697 5.317619 -16.877533 13.034492 0.000000 0.000000 
6.956574 62.004864 8.121174 -16.800766 13.310215 0.000000 0.000000 
-8.053593 62.060307 -1.265849 -15.340158 13.075958 0.000000 0.000000 
-8.048378 62.063904 -1.427514 -16.129753 12.277050 0.000000 0.000000 
-7.905207 62.332657 -0.682972 -14.803941 11.992931 1.000000 1.000000 
30.731844 54.456486 -8.191153 -10.356729 10.951214 0.000000 0.000000 
22.778406 58.947582 14.517106 -17.117088 11.151184 0.000000 0.000000 
7.584249 64.257751 -0.584827 -12.080078 14.460831 0.000000 0.000000 
7.587887 64.279572 -0.575088 -18.128616 10.299206 0.000000 0.000000 
7.749863 64.291122 -0.920852 -13.396614 12.795216 0.000000 0.000000 
9.536668 64.473846 0.977513 -16.994087 12.908772 0.000000 0.000000 
-11.613936 64.553375 -0.434909 -7.610123 21.564796 0.000000 0.000000 
21.184845 61.925529 1.593356 -7.421738 18.554201 0.000000 0.000000 
26.550577 59.792194 -5.066711 -9.378395 12.398705 1.000000 1.000000 
26.797707 60.234692 -5.116118 1.282539 20.764093 0.000000 0.000000 
8.067126 65.937256 -1.358160 -15.288307 10.169407 1.000000 1.000000 
26.747715 60.462414 -6.117257 -5.804794 15.134369 0.000000 0.000000 
26.884075 60.435188 -4.758836 -0.750465 20.345394 0.000000 0.000000 
15.382363 65.070496 1.324808 -19.664200 9.763020 0.000000 0.000000 
14.480683 65.347153 -0.018672 -15.685861 10.336094 0.000000 0.000000 
8.253500 66.864708 -1.347870 -11.707001 14.716545 0.000000 0.000000 
8.221866 67.172203 -1.808074 -13.367691 13.477425 0.000000 0.000000 
-12.988257 66.586624 -0.244847 -15.395172 10.175323 1.000000 1.000000 
8.122444 67.621918 -1.679568 -17.756432 8.400093 1.000000 1.000000 
-60.664082 25.167747 0.870073 9.248520 13.156319 0.000000 1.000000 
30.620983 60.673313 -7.503464 -7.324028 12.137749 0.000000 0.000000 
-13.293317 67.173706 -0.718525 -10.748253 15.096359 0.000000 0.000000 
-12.811448 67.300667 1.236624 -9.204803 14.651886 0.000000 0.000000 
-12.770827 67.371140 1.396269 -9.997406 15.862095 0.000000 0.000000 
22.532568 64.969666 -6.555186 -14.551773 10.673290 0.000000 0.000000 
22.518856 65.071770 0.449133 -16.196587 10.596737 0.000000 0.000000 
43.400852 53.175457 2.511149 0.322227 15.074192 0.000000 0.000000 
8.105010 69.250763 1.664926 -21.815216 4.687409 1.000000 1.000000 
45.225529 51.962154 2.754184 0.496284 10.215645 0.000000 0.000000 
9.178966 69.266800 -0.391742 -20.029991 7.936028 0.000000 0.000000 
45.266769 52.045002 2.772708 9.220055 18.200933 0.000000 0.000000 
45.107769 52.211094 10.345345 4.405304 13.892696 0.000000 0.000000 
45.362938 52.150692 3.210588 9.335312 16.679291 0.000000 0.000000 
8.444839 69.639687 1.066670 -0.701492 22.390825 0.000000 0.000000 
8.507528 69.843109 1.522056 -11.891220 14.514572 0.000000 0.000000 
8.465902 69.862724 0.980137 0.913849 25.271881 0.000000 0.000000 
8.094275 70.018036 2.616298 -16.897850 11.399368 0.000000 0.000000 
8.594408 70.145462 1.525095 -14.783615 12.752731 0.000000 0.000000 
8.616095 70.284424 5.717974 -11.503799 16.334511 0.000000 0.000000 
8.453629 70.414612 12.629898 -10.049088 17.003748 0.000000 0.000000 
47.105827 52.085842 -4.384364 8.880829 20.263054 0.000000 0.000000 
8.562434 70.930611 0.989920 -6.785492 16.605923 1.000000 1.000000 
-13.778453 70.279015 3.011049 -12.408380 17.325859 0.000000 0.000000 
47.517014 52.764027 -4.920089 0.964165 12.704021 0.000000 0.000000 
-36.213444 62.086143 3.766461 3.913353 20.831699 0.000000 0.000000 
-35.838737 62.331856 4.093801 1.394569 17.703178 0.000000 0.000000 
-36.220417 62.212704 3.964083 2.953033 20.743557 0.000000 0.000000 
-36.015728 62.354843 3.634084 -1.404572 17.197380 0.000000 0.000000 
-28.972483 66.221222 3.649208 -7.896210 11.108871 1.000000 1.000000 
9.178873 72.055557 2.757318 -15.738130 10.631371 1.000000 1.000000 
49.294350 52.492519 10.178144 -2.981346 9.073593 0.000000 0.000000 
9.889075 72.496712 3.804539 -11.659874 14.580975 0.000000 0.000000 
9.529456 72.735268 2.890767 -10.731172 15.352654 0.000000 0.000000 
-29.020666 67.053452 3.075458 -8.217155 11.056438 0.000000 0.000000 
9.818484 72.742867 4.036312 -9.894119 16.121735 0.000000 0.000000 
-29.153248 67.074036 3.013785 -2.713318 16.823448 0.000000 0.000000 
10.135965 73.117096 6.667386 -12.227448 16.038408 0.000000 0.000000 
-30.578695 66.839775 3.116981 -4.204575 19.126642 0.000000 0.000000 
-29.516283 67.384445 1.694275 -4.281822 15.648483 0.000000 0.000000 
-9.587255 73.320068 4.160483 -0.586983 22.581675 0.000000 0.000000 
-9.921999 73.354012 4.040073 -5.447128 19.227331 0.000000 0.000000 
-9.785562 73.375351 3.955635 -5.951981 19.494877 0.000000 0.000000 
-29.258434 67.813004 2.905451 -8.740654 12.445415 1.000000 1.000000 
-31.273682 66.981232 3.812247 -1.484673 20.884867 0.000000 0.000000 
-29.769547 68.207397 5.290548 3.325211 23.378635 0.000000 0.000000 
-30.682924 67.787766 5.200671 -1.273590 19.522345 0.000000 0.000000 
-29.175026 68.790871 -6.701005 -2.026550 19.180059 0.000000 0.000000 
-23.049658 71.693985 5.706775 -4.088722 19.547354 0.000000 0.000000 
-9.651649 75.363129 5.596403 -5.846848 20.838778 0.000000 0.000000 
-9.927888 75.335564 5.474673 -4.186058 21.784828 0.000000 0.000000 
9.516981 75.497002 2.739821 -12.165916 13.890163 0.000000 0.000000 
-9.481997 75.544746 6.509885 -9.210899 17.699183 0.000000 0.000000 
-23.300703 72.480392 4.715604 -3.549088 17.546177 0.000000 0.000000 
-23.031141 72.688461 3.916308 -9.332451 16.849735 0.000000 0.000000 
-9.977401 76.193039 4.673941 -10.339149 17.022579 0.000000 0.000000 
-23.704416 73.048996 3.661165 -6.090408 17.569769 0.000000 0.000000 
-23.335213 73.396446 6.280860 -7.585960 17.684120 0.000000 0.000000 
-22.356483 73.758980 10.396583 -4.663879 14.570164 1.000000 1.000000 
-22.878159 74.581116 9.448411 -12.315164 12.568153 0.000000 0.000000 
-22.608448 74.717583 10.623342 1.822052 21.856823 0.000000 0.000000 
-22.704590 74.994926 10.710167 1.102715 19.795444 0.000000 0.000000 
-22.511650 75.080963 10.979601 -4.013954 16.878193 0.000000 0.000000 
55.736214 53.931774 2.576647 3.110687 8.470379 1.000000 1.000000 
-22.824921 75.387459 10.878201 -2.928635 17.960773 1.000000 1.000000 
55.033821 55.074989 1.902684 1.414299 11.423306 0.000000 0.000000 
56.017467 54.493343 1.957467 14.400360 17.436913 0.000000 0.000000 
56.058510 54.538837 2.160938 7.290573 11.583412 0.000000 0.000000 
55.872566 54.803860 1.903205 11.037201 17.904808 0.000000 0.000000 
58.756447 52.530277 3.940924 14.705025 18.644663 0.000000 0.000000 
58.779823 52.639252 -4.944786 8.813889 15.531876 0.000000 0.000000 
59.159824 52.337219 -5.052838 15.046471 22.257347 0.000000 0.000000 
43.177814 67.477661 2.237196 -2.623207 14.315357 0.000000 0.000000 
59.515549 52.736473 -0.453404 8.296271 14.123093 0.000000 0.000000 
-33.699467 73.954033 10.168254 -5.764603 12.681870 0.000000 0.000000 
-22.468588 78.434448 6.477904 -11.841743 11.796143 1.000000 1.000000 
-36.952461 72.571365 3.763414 -8.884750 11.935940 0.000000 0.000000 
-21.496292 79.091255 6.197957 -15.788948 11.564766 0.000000 0.000000 
-33.664337 74.841667 8.228788 -8.180946 11.593826 0.000000 0.000000 
-22.885117 79.029449 6.437467 -8.658363 14.792480 0.000000 0.000000 
-34.952499 74.256508 8.809886 1.367149 18.080557 0.000000 0.000000 
-21.820293 79.413223 6.954798 -5.819923 16.828873 0.000000 0.000000 
-35.545155 74.046280 9.547905 -5.242859 14.678082 0.000000 0.000000 
-29.147120 77.367149 1.718335 -3.683350 16.293558 0.000000 0.000000 
-37.249912 73.947189 8.300443 3.150864 20.973305 0.000000 0.000000 
-37.797787 73.765015 8.040066 3.075249 19.538494 0.000000 0.000000 
-27.843954 78.380211 3.349358 -3.068428 14.954998 1.000000 1.000000 
-29.361563 77.808205 2.122878 -6.085846 16.906511 0.000000 0.000000 
-28.393372 78.573479 4.805552 -4.260986 17.098650 0.000000 0.000000 
-32.354431 77.898338 7.850709 -2.223900 18.320347 0.000000 0.000000 
-28.586554 79.786064 7.403173 -4.483482 15.980194 0.000000 0.000000 
-28.780247 79.717628 8.140272 -1.821487 17.963369 0.000000 0.000000 
-28.952784 79.787025 6.919435 -6.992630 17.372293 0.000000 0.000000 
-37.933586 76.089424 11.706410 -2.392525 16.248116 0.000000 0.000000 
43.917877 72.762100 2.994555 2.933250 18.377792 0.000000 1.000000 
-33.418800 78.853386 11.633739 -2.339188 16.855658 0.000000 0.000000 
64.846611 54.326038 -0.520965 8.008231 13.914757 0.000000 0.000000 
-31.657446 79.997284 10.915021 -1.205750 17.004929 0.000000 0.000000 
-30.491512 80.533737 11.184587 -3.096992 16.370043 0.000000 0.000000 
-31.511061 80.864815 9.340506 2.534585 20.170242 0.000000 0.000000 
-30.820608 81.250641 9.785133 -4.149170 15.930527 0.000000 0.000000 
52.049225 69.394493 3.709262 6.360710 18.879145 0.000000 0.000000 
52.034103 69.449463 3.320235 6.238801 17.867460 0.000000 0.000000 
51.975056 69.577568 4.309474 6.411415 18.967920 0.000000 0.000000 
-31.184538 81.667831 11.034554 -0.294731 17.405529 0.000000 0.000000 
-29.818472 82.365379 0.063224 -4.045387 17.042484 0.000000 0.000000 
-41.359161 77.184669 10.586406 -5.938316 14.224838 0.000000 0.000000 
-32.477642 81.613434 11.276656 -5.711548 15.553104 0.000000 0.000000 
-32.927029 82.808266 12.990243 1.888977 19.217691 0.000000 0.000000 
-33.057262 82.890541 13.221854 -3.913574 14.594543 0.000000 0.000000 
21.428749 86.800613 4.459306 -9.768036 12.064674 1.000000 1.000000 
73.377419 48.688007 0.696141 5.477783 11.654545 0.000000 0.000000 
21.555279 87.416794 4.507183 -4.229179 16.226170 0.000000 1.000000 
-48.450291 75.300743 2.529536 -2.002525 12.717358 0.000000 1.000000 
-35.115116 82.822495 13.485860 -6.551781 13.047825 0.000000 0.000000 
-32.190948 84.495987 12.045970 -13.053444 10.585938 0.000000 0.000000 
-31.614300 84.903839 11.654092 -4.165977 13.235203 0.000000 0.000000 
-31.821743 85.034683 12.888138 -2.670738 13.752174 0.000000 0.000000 
-31.179018 85.347511 15.004144 -10.108688 10.596020 0.000000 0.000000 
-31.684643 85.196892 13.460811 -9.693115 12.026546 0.000000 0.000000 
-30.853264 85.948509 11.941218 -6.928955 11.072159 0.000000 0.000000 
-38.121304 83.003075 8.406270 -4.620880 14.011642 0.000000 0.000000 
-38.098469 83.099724 8.577194 -8.987648 10.753902 0.000000 0.000000 
-38.142128 83.080200 8.490949 -8.690247 10.783154 0.000000 0.000000 
-37.944851 83.307228 10.044705 -8.290222 10.059959 0.000000 0.000000 
-70.250275 58.465691 0.240520 6.003891 9.781612 0.000000 1.000000 
12.714226 92.329063 3.641006 -8.900208 13.431057 0.000000 0.000000 
-37.605156 85.494194 10.499276 -7.335556 12.191933 0.000000 0.000000 
-33.139481 88.343636 11.583770 -12.290581 8.065693 0.000000 0.000000 
-21.857330 92.712776 6.988483 -13.949631 8.287247 1.000000 1.000000 
85.425705 39.233826 1.075797 4.961662 7.240445 0.000000 0.000000 
-32.991344 91.630768 10.251941 -12.606903 6.963189 0.000000 1.000000 
-14.496654 96.751709 3.616165 -8.699997 9.834538 0.000000 0.000000 
-14.495861 96.932693 3.780536 -8.570663 11.318214 0.000000 0.000000 
-14.315145 96.978340 3.814993 -9.658875 11.723885 0.000000 0.000000 
-14.340428 97.347649 3.852455 -7.592369 12.847145 0.000000 0.000000 
-15.849483 97.135292 3.256378 -3.784904 16.067184 0.000000 0.000000 
-14.762999 97.315865 3.776111 -4.174149 14.543941 0.000000 0.000000 
-15.520061 97.210205 3.497295 2.230385 20.629314 0.000000 0.000000 
-15.464161 97.341972 3.606574 3.773026 19.969904 0.000000 0.000000 
-22.348087 96.262085 9.882211 -7.865211 9.621826 0.000000 0.000000 
-22.119879 96.867920 -2.337295 -9.113335 9.226448 0.000000 0.000000 
-22.211363 97.174957 -3.628668 -11.268692 9.790947 0.000000 0.000000 
-29.688353 96.003914 10.446527 -15.902786 6.425995 0.000000 0.000000 
-29.681519 96.275818 10.276963 -8.617035 8.318928 0.000000 0.000000 
-29.462763 96.961853 14.138354 -11.099373 9.169735 0.000000 0.000000 
-29.878437 97.034653 11.186726 -8.532516 10.818901 0.000000 0.000000 
-31.038179 96.920525 11.733361 -12.252853 8.429173 0.000000 0.000000 
-31.701443 97.154617 12.089520 -11.499031 11.754604 0.000000 0.000000 
-31.985046 97.335754 10.733967 -11.758247 7.581200 0.000000 0.000000 
91.455978 42.752293 9.725693 10.556847 8.947292 0.000000 1.000000 
-31.851915 98.016617 11.984126 -5.773102 11.295967 0.000000 0.000000 
-20.450760 101.560928 13.417573 -10.641235 10.954144 0.000000 1.000000 
-30.657915 98.964035 11.175372 -6.729065 10.821850 0.000000 0.000000 
-31.577410 98.897484 10.464034 -5.576363 11.995144 0.000000 0.000000 
-30.877661 99.202728 10.452205 -8.466728 10.197788 0.000000 0.000000 
-30.648493 99.664612 16.122770 -13.509773 6.408810 0.000000 0.000000 
39.585907 96.441673 3.215843 -10.252472 10.219036 0.000000 0.000000 
37.979874 97.249573 3.160557 -13.243858 7.207016 0.000000 0.000000 
-31.273390 99.877998 11.508269 -2.413567 13.571651 0.000000 0.000000 
-31.762299 99.867416 11.085624 -6.500793 10.844925 0.000000 0.000000 
-32.645523 100.010796 8.327729 -11.566597 9.396889 0.000000 0.000000 
-32.385811 100.216652 11.478681 -1.476791 12.073612 0.000000 0.000000 
34.383896 100.329987 2.672693 -11.147882 7.760270 0.000000 0.000000 
-20.164618 104.696388 -7.827727 -17.280579 5.568390 0.000000 0.000000 
-31.377026 102.648972 11.999868 -11.779251 6.641175 0.000000 0.000000 
-31.447096 102.678879 11.802392 -13.545471 7.145634 0.000000 0.000000 
92.902168 49.978340 13.428279 4.858407 5.507493 0.000000 1.000000 
-31.713055 103.914825 10.359548 -13.231636 6.435372 0.000000 0.000000 
-33.599209 104.291962 13.192464 -7.711754 6.268231 0.000000 0.000000 
57.605148 93.173141 2.330546 -6.999214 4.310933 0.000000 0.000000 
52.349419 97.371513 5.631689 -3.790810 10.632149 0.000000 0.000000 
51.107273 98.503784 6.043351 -2.302185 10.935677 0.000000 0.000000 
50.020214 99.122383 5.708931 -5.369637 10.391418 0.000000 0.000000 
48.929256 100.006699 4.350838 -6.094086 7.753605 0.000000 0.000000 
-21.235184 110.214462 4.442294 -12.824615 8.311123 0.000000 0.000000 
46.268745 102.178696 4.209653 -4.506950 9.316906 0.000000 0.000000 
45.793583 102.471626 6.846339 -8.648079 5.846310 0.000000 0.000000 
45.338791 102.707115 2.343610 -10.060486 5.355267 0.000000 0.000000 
55.110710 98.142410 1.416621 -5.325508 9.572968 0.000000 0.000000 
38.575848 107.679527 3.029070 -11.333572 4.846844 0.000000 0.000000 
38.329124 107.806236 4.155697 -15.320390 5.230156 0.000000 0.000000 
37.072323 108.440887 4.394660 -1.952423 11.031586 0.000000 0.000000 
37.058643 108.529091 4.091750 -5.383888 9.208420 0.000000 0.000000 
36.922504 108.621078 2.698581 -11.597809 5.567517 0.000000 0.000000 
35.090660 109.674881 2.001581 -11.809563 5.229935 0.000000 0.000000 
35.376999 109.585075 0.967557 -9.581657 6.954422 0.000000 0.000000 
32.872013 110.499817 1.431600 -14.861084 3.115807 1.000000 1.000000 
35.344448 109.814705 1.360266 -5.928589 8.139915 0.000000 0.000000 
34.293911 110.395798 3.040571 -11.275833 5.999825 0.000000 0.000000 
33.423683 110.841751 1.374598 -12.041130 5.143414 0.000000 0.000000 
33.964691 110.673157 2.514731 -11.493004 5.341130 0.000000 0.000000 
-6.909676 116.435837 -4.548398 -12.945848 7.820679 0.000000 0.000000 
55.297600 102.245323 4.000522 -9.614532 5.882245 0.000000 0.000000 
-7.445410 117.587677 -4.513360 -15.453073 6.066109 0.000000 0.000000 
-7.555087 117.607079 -4.856735 -11.967636 8.232971 0.000000 0.000000 
-22.259081 115.802765 3.508823 -5.201309 9.727314 0.000000 0.000000 
-22.138657 115.903030 6.192626 -9.633789 7.292496 0.000000 0.000000 
-22.254873 117.083153 4.268530 -7.621620 6.664582 1.000000 1.000000 
44.344547 110.842239 1.298570 -8.064697 8.407211 0.000000 0.000000 
43.163876 111.473877 2.018406 -4.958405 7.494912 0.000000 0.000000 
43.644653 111.509521 2.495031 -6.410988 8.001930 0.000000 0.000000 
-22.377129 117.921616 6.048814 -9.289490 9.857121 0.000000 0.000000 
-22.314316 117.945480 6.986628 -8.873558 9.276955 0.000000 0.000000 
-22.122725 118.071281 12.354697 -4.675140 10.399925 0.000000 0.000000 
-22.923229 117.999352 9.644118 2.367470 15.227467 0.000000 0.000000 
-21.820957 118.362679 -13.673675 -10.840988 6.137345 0.000000 0.000000 
-22.491390 118.248108 10.317309 -7.830147 7.856415 0.000000 0.000000 
-23.097101 118.218330 9.486941 3.464546 17.279556 0.000000 0.000000 
-23.241890 119.242828 9.954009 -3.081238 10.606770 1.000000 1.000000 
-31.747633 117.373978 11.686579 -6.915108 8.514923 0.000000 0.000000 
-22.290421 120.142746 3.668463 -12.770668 7.172772 0.000000 0.000000 
-32.857788 117.637764 11.513842 -4.551781 9.547569 0.000000 0.000000 
-22.367035 120.403976 2.854524 -8.641365 8.671246 0.000000 0.000000 
-7.560712 123.229149 -5.101882 -8.598625 8.713356 0.000000 0.000000 
-7.315670 123.258286 -5.194944 -10.445291 7.096131 0.000000 0.000000 
-7.205415 123.350136 -5.127778 -8.017838 10.380424 0.000000 1.000000 
-31.046896 119.905930 10.842043 -9.089905 8.726963 0.000000 0.000000 
-32.400623 119.986038 9.808334 -8.180771 9.798317 0.000000 0.000000 
-32.414848 120.067978 10.769510 -7.929131 6.906598 0.000000 0.000000 
-30.841879 120.809494 15.172250 -7.079575 7.839089 0.000000 0.000000 
-31.170441 120.769600 12.133551 -7.138680 9.214668 0.000000 0.000000 
-33.324287 120.632179 12.359613 -8.011978 8.879856 0.000000 0.000000 
-33.689339 120.908333 12.828422 -8.140938 9.168228 0.000000 0.000000 
36.562782 120.554649 3.156198 -8.911491 8.638245 0.000000 0.000000 
-32.794155 122.043182 10.669134 -8.228165 7.633420 0.000000 0.000000 
36.623562 121.455200 1.082297 -6.291275 7.650136 0.000000 0.000000 
-34.999725 122.050430 11.587559 -4.210281 10.556805 0.000000 0.000000 
-34.924938 122.099953 12.494407 -3.318024 9.381626 0.000000 0.000000 
-35.050098 122.824928 16.213875 -8.618416 7.104931 0.000000 0.000000 
-33.763416 123.227974 14.673675 -1.358002 9.337399 0.000000 0.000000 
-32.841450 123.518654 11.938658 -2.236794 8.401608 0.000000 0.000000 
-34.032185 123.593460 13.805181 -4.861221 8.438335 0.000000 0.000000 
-33.873512 123.928566 12.517794 -8.088684 5.945214 0.000000 0.000000 
-21.076658 127.159210 -9.205343 -6.838860 7.053902 1.000000 1.000000 
-21.347115 127.342705 -8.832049 -5.161880 12.604248 0.000000 0.000000 
-21.632456 127.581909 2.733125 -6.746544 9.496777 0.000000 0.000000 
-21.505318 127.888054 4.751666 -4.062775 9.654064 0.000000 0.000000 
-20.948597 128.282852 -6.306673 -3.797966 10.548019 0.000000 0.000000 
-20.611462 128.462341 3.455100 -5.055244 9.079308 0.000000 0.000000 
-21.715837 128.276367 3.920410 -2.546051 11.839741 0.000000 0.000000 
-21.491241 128.361221 5.136667 3.369537 15.300430 0.000000 0.000000 
-22.604593 128.205811 5.971539 -5.630241 10.357422 0.000000 0.000000 
-21.391312 128.593628 -3.778072 8.096602 19.575575 1.000000 1.000000 
-20.476486 128.770416 4.215089 -1.758759 13.042049 0.000000 0.000000 
-21.523573 128.918991 4.095628 -2.141991 9.322033 0.000000 0.000000 
-22.489967 128.890915 3.581887 -12.706642 5.649457 0.000000 0.000000 
-21.796331 129.069489 5.098937 -5.246948 9.223228 0.000000 0.000000 
-21.434862 129.559143 -3.486928 10.809296 23.834944 0.000000 0.000000 
-21.903776 129.500458 -5.852033 -8.899414 6.945282 0.000000 0.000000 
-21.681753 129.838898 -3.220970 13.484055 24.307053 0.000000 0.000000 
-21.797016 129.951874 4.493021 1.358383 16.667917 0.000000 0.000000 
-21.708683 130.242355 -3.329971 6.288559 18.610514 1.000000 1.000000 
-21.802784 130.264923 -0.462870 -12.405327 3.922657 1.000000 1.000000 
-22.579718 130.512451 1.957578 -7.493973 8.189392 0.000000 0.000000 
-22.993607 130.558472 -10.524843 -10.549583 6.644303 0.000000 0.000000 
-21.711473 130.895050 -0.942661 12.880363 24.891443 1.000000 1.000000 
-22.003767 130.898666 2.724823 -0.084045 12.904758 1.000000 1.000000 
-22.775087 131.049927 0.377380 -11.459274 7.971425 0.000000 0.000000 
-21.839149 131.454041 -1.318930 17.129288 26.785454 0.000000 0.000000 
-22.948397 131.263184 -2.067055 17.846947 29.897236 0.000000 0.000000 
-21.977079 131.585342 -1.248649 19.046219 29.860632 0.000000 0.000000 
-21.787945 132.083252 -7.883574 3.023636 21.357107 0.000000 0.000000 
-22.091724 132.120117 4.420022 8.586150 21.696716 0.000000 0.000000 
-19.407946 132.691101 -8.940770 6.290749 21.521477 0.000000 0.000000 
-19.956844 132.825226 5.357595 4.386597 21.166437 0.000000 0.000000 
-20.040421 133.223999 3.228075 2.759315 16.843393 0.000000 0.000000 
-20.025118 133.300446 -10.050425 -0.337112 16.064888 0.000000 0.000000 
-20.606819 133.806915 4.482020 2.775879 16.817801 1.000000 1.000000 
-20.645239 133.841827 5.552475 -6.578552 9.927250 0.000000 0.000000 
-21.771656 133.667847 3.600410 -6.395340 9.735249 0.000000 0.000000 
-21.836609 133.779144 3.928581 -2.676613 11.962444 0.000000 0.000000 
7.140277 135.568512 -5.627880 -2.409416 13.385468 1.000000 1.000000 
6.895149 136.206573 -5.399575 5.870117 19.890236 0.000000 0.000000 
6.675122 136.327179 -5.917821 4.044525 19.718082 0.000000 0.000000 
-22.366802 134.947479 -10.022927 -6.540672 9.489613 0.000000 0.000000 
-22.822262 135.183929 3.147646 -10.441925 7.121487 0.000000 0.000000 
41.053001 130.705795 2.381363 -6.160179 7.228325 0.000000 0.000000 
40.415333 131.574753 2.519128 0.351219 12.160316 0.000000 0.000000 
40.143642 131.753876 3.538768 -0.164825 10.781338 0.000000 0.000000 
40.811501 131.559540 2.965617 -2.437202 10.598209 0.000000 0.000000 
-20.722860 136.311401 -2.142142 -12.802751 4.305882 1.000000 1.000000 
-22.000885 136.309326 0.050582 -7.757072 5.857102 0.000000 0.000000 
-22.800076 136.253052 1.082098 -6.707214 6.174801 0.000000 0.000000 
-22.408127 136.354980 -2.391149 -10.734596 5.589028 0.000000 0.000000 
-21.364626 136.982544 -0.086863 -4.057014 9.292210 0.000000 0.000000 
-22.798918 136.756836 -1.274445 -2.452652 9.871380 0.000000 0.000000 
-21.994385 136.899994 -1.636025 -0.339554 10.764515 0.000000 0.000000 
-22.935318 137.153107 -2.421551 -3.409325 9.720512 0.000000 0.000000 
-23.058916 137.337677 -1.990145 -3.720757 8.267174 0.000000 0.000000 
-21.259031 137.769806 -1.242563 -7.228142 7.784447 0.000000 0.000000 
-22.859463 138.505035 -2.485234 -4.714188 6.075078 1.000000 1.000000 
-85.386795 111.181808 0.260548 0.088539 6.829972 0.000000 0.000000 
-22.929813 139.381989 -0.557234 -6.776108 7.862858 0.000000 0.000000 
-22.827669 139.701996 -1.747932 -5.181366 7.803639 0.000000 0.000000 
-22.976377 139.720917 -0.827523 -2.032822 8.165569 0.000000 0.000000 
-22.272667 139.899872 -1.975733 -3.808685 10.062580 0.000000 0.000000 
-23.697699 139.694458 3.207048 -4.737137 9.060341 0.000000 0.000000 
-23.122654 139.837830 4.736141 -3.126671 9.053707 0.000000 0.000000 
-22.997017 140.218079 -1.214675 -5.778511 8.393204 0.000000 0.000000 
-23.013569 140.500305 -9.640320 -8.923851 7.347268 0.000000 0.000000 
-23.882591 140.541229 -10.357970 -0.986679 12.677471 0.000000 0.000000 
-22.975552 140.763306 2.791315 -5.187508 8.338253 0.000000 0.000000 
-22.396635 140.898468 2.768676 -4.683319 8.916805 0.000000 0.000000 
-21.805937 141.276794 -9.216208 -8.043793 8.275311 0.000000 0.000000 
-23.829477 141.003174 -10.075100 -4.208847 8.261990 0.000000 0.000000 
-23.824629 141.373566 3.358745 -4.389687 6.532433 0.000000 0.000000 
-22.112970 141.661438 0.470079 -10.023605 5.739663 0.000000 0.000000 
-24.101852 141.772522 3.196023 -7.384018 7.247212 0.000000 0.000000 
-23.895353 141.943604 2.499707 -8.465332 5.721436 0.000000 0.000000 
-23.532648 142.696289 4.481667 -8.413208 4.084019 1.000000 1.000000 
-24.427290 143.501740 -2.058650 -10.987137 4.545228 0.000000 0.000000 
-23.138184 145.333801 3.920451 3.407982 14.487247 0.000000 0.000000 
-23.672001 145.260895 4.067751 2.094903 12.585300 0.000000 0.000000 
-23.395809 145.407227 3.869105 3.326408 15.889772 0.000000 0.000000 
7.566231 147.770294 -6.464682 -6.342392 7.759896 0.000000 1.000000 
-23.696526 146.122070 3.740338 -6.557617 6.088940 1.000000 1.000000 
42.841606 141.705109 2.188205 -7.160500 5.793019 0.000000 0.000000 
-24.041443 146.518829 4.194449 -5.843376 7.722497 1.000000 1.000000 
-23.120775 146.770996 -10.832187 -2.342712 10.408981 0.000000 0.000000 
-23.733967 147.024323 4.413316 -5.200150 7.430310 0.000000 0.000000 
-23.224627 147.616943 -6.466520 -2.211105 8.966236 0.000000 0.000000 
-24.527815 147.412445 -1.137248 9.239151 20.062752 0.000000 0.000000 
-24.738680 147.396973 -0.931621 8.916893 20.237152 0.000000 0.000000 
-23.910889 147.543274 0.640461 7.209824 17.209812 0.000000 0.000000 
-24.691729 148.145203 0.081832 2.744202 13.992748 1.000000 1.000000 
-23.901941 148.845551 1.645329 -1.886665 9.270699 1.000000 1.000000 
-23.552595 149.715912 -1.664263 -14.231926 3.496674 0.000000 0.000000 
-34.768166 148.833466 13.036953 -7.309578 6.159760 0.000000 0.000000 
-34.564655 149.356598 9.681799 -7.679779 7.803532 0.000000 0.000000 
-34.945583 149.397369 11.408316 -4.353241 7.742856 0.000000 0.000000 
-34.484207 149.534271 10.880743 -3.670418 9.023300 0.000000 0.000000 
-25.871767 151.908112 -4.699052 -4.778778 8.765816 0.000000 0.000000 
-22.750622 152.570496 -2.017521 -11.233788 3.538071 1.000000 1.000000 
-22.421497 152.982025 -12.235500 -7.608276 7.850533 0.000000 0.000000 
-23.777842 152.914276 -10.513256 -10.096268 4.936028 0.000000 0.000000 
-25.431419 152.726654 3.697124 -4.417496 7.751633 0.000000 0.000000 
-26.429165 152.564026 6.028930 -7.890549 5.779271 0.000000 0.000000 
-25.323643 152.857300 4.547985 -7.857597 4.707135 0.000000 0.000000 
-23.893278 153.233063 5.448156 -2.032806 9.757145 0.000000 0.000000 
-23.998230 153.619690 -0.235593 -3.797523 8.411800 0.000000 0.000000 
-23.305168 153.814636 -2.734915 -2.240921 8.214149 0.000000 0.000000 
-26.628012 153.407745 7.792210 -3.790024 9.247879 0.000000 0.000000 
-24.919657 153.993042 -1.285807 -6.957176 6.784012 0.000000 0.000000 
-24.488686 154.091034 -1.259293 -10.844162 4.845261 0.000000 0.000000 
-23.642406 154.425018 -0.260639 -5.803253 7.528901 0.000000 0.000000 
-28.453402 153.743317 9.627308 -7.608749 7.683579 0.000000 0.000000 
-25.370129 154.316772 -3.936330 -1.527992 9.415051 0.000000 0.000000 
-23.162443 154.680908 3.051675 -3.604088 6.929463 0.000000 0.000000 
-23.372011 155.054932 5.582468 -5.021889 8.692657 0.000000 0.000000 
-25.097883 155.111115 -2.531709 -1.626434 9.962418 0.000000 0.000000 
-24.610579 155.278290 -2.505254 -3.555077 9.864029 0.000000 0.000000 
-31.793711 154.056122 10.939471 -3.602242 7.552441 1.000000 1.000000 
-23.812496 155.734192 3.755210 -9.684189 3.453808 1.000000 1.000000 
-29.800987 154.782135 10.972708 -5.819107 8.877892 0.000000 0.000000 
-31.575867 154.705292 9.976870 2.840355 14.485775 0.000000 0.000000 
-31.614527 154.854736 9.735984 2.117783 14.105751 0.000000 0.000000 
-31.090820 155.237671 9.020826 -1.386612 9.231239 0.000000 0.000000 
-32.992119 155.106659 11.135893 1.680153 12.017307 0.000000 0.000000 
-32.303658 155.327026 12.530747 -2.995148 6.776810 0.000000 0.000000 
-32.874229 155.453796 10.100232 -5.797417 8.291576 0.000000 0.000000 
-24.012329 157.566589 -2.096303 -2.930893 8.879700 0.000000 0.000000 
-25.406187 157.427277 -1.681730 4.421448 13.058281 0.000000 0.000000 
-26.259251 157.624451 -4.062929 -2.662186 10.497475 0.000000 0.000000 
-26.023706 158.086823 -1.879022 2.716637 12.224548 0.000000 0.000000 
-26.145884 158.068726 -1.834041 1.174858 12.899765 0.000000 0.000000 
-27.521051 157.980621 -2.988597 -5.337814 7.250752 0.000000 0.000000 
-26.583138 158.170197 -1.929989 -6.766510 6.433693 0.000000 0.000000 
-26.161182 158.534973 -2.502468 -3.040604 7.723061 0.000000 0.000000 
-23.983248 159.151886 -1.991613 0.214767 10.321751 0.000000 0.000000 
-25.961386 158.921448 -3.627480 -1.957558 9.482449 0.000000 0.000000 
-24.188967 159.242310 -1.601290 -4.485710 8.612122 0.000000 0.000000 
-25.185345 159.128204 -2.191695 3.336777 14.541901 0.000000 0.000000 
-25.194500 159.549164 -8.782978 -4.909752 8.078346 0.000000 0.000000 
-26.111374 159.632355 -0.142324 4.871033 12.449707 0.000000 0.000000 
-26.183453 159.641327 -1.200429 6.111084 17.181463 0.000000 0.000000 
-25.288042 159.872284 -2.182276 0.858131 12.728558 0.000000 0.000000 
-25.593567 159.871704 -0.503426 3.373520 11.748333 0.000000 0.000000 
-25.531946 159.940857 0.076704 4.670738 16.890251 0.000000 0.000000 
-24.721827 160.511993 3.316561 -2.960892 9.251648 0.000000 0.000000 
-24.177094 160.732941 1.493988 2.629211 11.254276 0.000000 0.000000 
-24.171227 160.745239 -2.885427 -2.634178 9.859776 0.000000 0.000000 
-23.997486 161.038879 2.294972 1.751236 10.982773 0.000000 0.000000 
-22.372229 161.473511 2.039062 -3.776054 8.930099 0.000000 0.000000 
-23.828808 161.521149 4.335193 -0.250763 9.275795 0.000000 0.000000 
-24.690456 161.391205 0.809092 2.116013 12.356976 0.000000 0.000000 
-24.346861 161.490509 1.939552 7.619766 14.961868 0.000000 0.000000 
-24.570992 161.552277 1.349753 -0.698463 8.541534 0.000000 0.000000 
-25.064615 161.745026 1.119676 -7.750275 5.484433 0.000000 0.000000 
-24.770208 162.192535 -4.455307 -10.824455 7.790673 0.000000 0.000000 
-24.955656 162.217499 -2.040644 -2.222824 10.282005 0.000000 0.000000 
-22.535107 163.021301 -1.789293 -5.203094 7.287037 0.000000 0.000000 
-24.509201 163.102264 0.143636 -12.494362 4.077916 0.000000 0.000000 
-22.787703 163.382172 -1.497352 -11.508904 3.839363 0.000000 0.000000 
-24.371025 163.594482 -2.619540 -9.435036 4.267552 0.000000 0.000000 
-24.652519 164.794434 -1.834426 -6.736992 4.084145 0.000000 0.000000 
-24.281940 164.908875 -0.267800 -5.926727 4.578980 0.000000 0.000000 
-25.179964 164.812073 -2.190951 -7.586899 5.558770 0.000000 0.000000 
-24.500181 165.850800 -12.146754 -7.417336 7.014237 0.000000 0.000000 
67.605156 153.398132 2.622334 -1.663490 8.952778 0.000000 0.000000 
-25.041353 166.071960 -1.887177 -0.109650 8.690514 0.000000 0.000000 
-24.930592 166.281555 4.577072 -1.989258 7.367291 0.000000 0.000000 
-25.149040 166.289093 4.635462 -1.478729 7.966092 0.000000 0.000000 
-22.755613 166.685211 5.333092 -5.138916 6.864453 1.000000 1.000000 
-24.780363 166.635223 0.888889 -4.376663 7.399777 0.000000 0.000000 
-24.644903 166.760590 -8.323660 0.009460 8.677547 0.000000 0.000000 
-25.720861 166.733795 -2.299630 0.714302 9.352512 0.000000 0.000000 
-25.204092 166.874756 -3.312383 -5.714607 6.342263 0.000000 0.000000 
-25.079348 167.110962 8.265997 -10.097961 4.388821 0.000000 0.000000 
-23.937706 167.622345 5.187281 10.136879 20.148388 0.000000 0.000000 
-24.386461 167.695923 4.115912 4.188942 14.867008 0.000000 0.000000 
-24.616184 167.662994 4.853656 4.610771 15.826994 0.000000 0.000000 
-22.889881 167.963989 6.812875 -2.890388 6.100464 0.000000 0.000000 
-23.067356 168.158630 -11.175557 -8.790688 6.077771 0.000000 0.000000 
-24.499676 168.213654 0.827964 -9.677536 3.723477 1.000000 1.000000 
-25.179388 168.348999 -2.667286 -6.657967 4.972683 0.000000 0.000000 
-25.270184 168.369568 -2.453837 -6.364235 4.821686 0.000000 0.000000 
-24.844793 168.620636 -2.734910 4.169487 11.711288 0.000000 0.000000 
-24.958693 168.606354 -2.670986 2.178314 10.090382 0.000000 0.000000 
-22.218067 169.181335 -1.135409 -4.954941 6.655636 0.000000 0.000000 
-24.780306 169.176361 -1.509199 -3.819618 5.403771 0.000000 0.000000 
-25.912739 169.010925 -1.440334 -1.989510 7.583111 0.000000 0.000000 
-24.767517 169.245911 -2.362117 -1.723610 8.431244 0.000000 0.000000 
-25.371479 169.605957 -2.240427 -4.821533 5.734475 0.000000 0.000000 
-25.432224 169.690247 1.811714 -5.630997 5.129746 1.000000 1.000000 
-24.553257 169.973877 -2.172289 -5.969391 4.667935 0.000000 0.000000 
-25.732866 169.850159 5.053236 -7.661652 6.118699 0.000000 0.000000 
-25.086836 169.953522 1.011993 1.786613 8.848949 0.000000 0.000000 
-24.821060 170.100677 6.485062 -10.511331 5.238808 0.000000 0.000000 
-24.784054 170.215302 3.318108 -9.571770 3.804569 0.000000 0.000000 
-23.129906 170.463257 5.601212 -4.819862 5.376313 1.000000 1.000000 
-24.709475 170.507751 4.206407 -2.397034 7.951577 0.000000 0.000000 
-23.487755 170.958313 6.581158 -4.101318 7.644738 0.000000 0.000000 
-23.197104 171.078125 -13.207693 -4.524368 6.735730 0.000000 0.000000 
-23.465712 171.125153 5.498921 -2.714813 8.195911 0.000000 0.000000 
-25.426889 171.305267 -1.895964 -7.699265 4.301339 0.000000 0.000000 
-25.452297 171.410065 -2.683888 -2.383484 8.396347 0.000000 0.000000 
-23.845879 171.673279 -1.805558 -5.165039 6.239300 0.000000 0.000000 
-24.541689 171.577301 0.776466 0.117889 7.685437 0.000000 0.000000 
-25.016445 171.514618 2.812810 4.296486 11.093189 0.000000 0.000000 
-23.182995 171.976868 -11.764728 -5.137512 8.239014 0.000000 0.000000 
-22.323303 172.172485 -9.966466 -3.737709 9.061440 0.000000 0.000000 
-23.565313 172.041534 -2.245084 -5.610802 7.114995 0.000000 0.000000 
-25.675116 172.157776 -5.156176 0.776817 11.157902 0.000000 0.000000 
-21.047075 172.855682 2.656054 -5.260162 6.242020 0.000000 0.000000 
-25.854332 172.564850 -2.060535 -8.541489 7.191956 0.000000 0.000000 
-23.627850 173.063171 0.780751 -4.983536 6.851700 0.000000 0.000000 
-24.061071 173.023560 1.014397 -4.721939 5.660794 0.000000 0.000000 
-26.141989 172.864746 -3.493901 -4.013023 6.477456 1.000000 1.000000 
-25.845158 173.030762 8.291461 -6.227676 6.130211 0.000000 0.000000 
-23.861719 173.368469 -2.533408 -4.939369 6.074791 0.000000 0.000000 
-23.652155 173.468384 -3.533083 -8.963074 4.255013 0.000000 0.000000 
-25.819048 173.444611 -2.036714 -6.372917 6.015679 0.000000 0.000000 
-25.158913 173.657257 -3.483845 -4.437393 7.178761 0.000000 0.000000 
-25.618912 173.745850 -1.421921 -3.990753 6.366623 0.000000 0.000000 
-25.092911 173.959778 -3.712719 -4.336349 6.786530 0.000000 0.000000 
-23.685188 174.241486 2.064030 -6.691551 5.566868 0.000000 0.000000 
-26.057533 173.967834 6.549616 -7.862137 6.140870 0.000000 0.000000 
-25.971842 173.981720 5.436351 -3.510422 7.382061 0.000000 0.000000 
-24.031059 174.270264 0.532561 -4.330994 6.081219 0.000000 0.000000 
-25.296375 174.630524 -2.931871 -4.386734 6.025834 0.000000 0.000000 
-25.485626 174.820496 -3.406457 -9.209686 4.355088 0.000000 0.000000 
-24.753176 175.033966 -2.258280 -9.131203 3.263508 1.000000 1.000000 
-25.680317 175.354584 -2.984936 -3.486542 6.290818 0.000000 0.000000 
-26.027319 175.310333 -2.833904 -9.203644 2.972630 0.000000 0.000000 
-25.431459 175.464905 -3.326227 -4.191437 3.164139 0.000000 0.000000 
-25.041698 175.740021 -2.617898 -3.016167 7.282746 0.000000 0.000000 
-25.524685 176.100159 -2.302070 -1.353806 7.105092 0.000000 0.000000 
-25.065311 176.206940 -1.616626 -7.782791 4.576729 0.000000 0.000000 
-25.629934 176.206360 -2.258098 -7.948845 3.278069 0.000000 0.000000 
-24.286930 176.434448 -1.779083 -9.248962 3.127980 0.000000 0.000000 
-25.793978 176.528107 -2.628665 -9.595940 3.526875 0.000000 0.000000 
-25.085178 177.169250 -2.048853 -6.174347 4.972695 1.000000 1.000000 
-25.524570 177.683685 -2.044901 -4.460655 5.705098 0.000000 0.000000 
-25.754623 177.651337 -5.085332 4.429733 12.467674 0.000000 0.000000 
-24.709906 177.961395 -3.049151 -0.305664 9.912029 0.000000 0.000000 
-26.453098 178.729340 -5.679055 -6.752029 2.371598 1.000000 1.000000 
-24.508764 179.869843 -2.966067 -0.764290 9.888004 1.000000 1.000000 
-25.518444 180.323608 -2.994028 4.580872 13.020031 0.000000 0.000000 
-24.925766 180.427979 -3.326088 5.559975 13.663811 0.000000 0.000000 
-24.793812 180.566040 -3.376896 4.878250 15.429295 0.000000 0.000000 
-25.488905 180.849762 -0.018910 -3.058876 5.647435 0.000000 0.000000 
-24.407095 181.097565 4.955799 -4.601509 5.351090 0.000000 0.000000 
-24.545321 181.396332 -2.993969 -4.946434 7.108204 1.000000 1.000000 
-25.592815 181.313690 3.712656 -4.262367 5.170361 0.000000 0.000000 
-25.064075 181.682159 -2.820147 1.685837 8.591339 0.000000 0.000000 
-24.817055 181.724060 -3.720684 -2.704750 6.719227 0.000000 0.000000 
-25.356047 181.804840 -1.274937 -9.633263 3.307278 0.000000 0.000000 
-24.678349 181.978088 -0.183961 -4.379417 5.223973 0.000000 0.000000 
-25.601513 181.870605 -2.643863 -7.491577 2.689102 0.000000 0.000000 
-26.074471 182.161621 -1.557750 -3.446701 6.584240 0.000000 0.000000 
-25.434258 182.354401 -1.661133 -4.352219 5.648091 0.000000 0.000000 
-25.270958 182.663239 -0.255057 -7.873466 2.171871 0.000000 0.000000 
-24.804682 182.756744 -1.027212 -9.569893 3.298081 0.000000 0.000000 
-24.443100 183.087128 -1.058402 -3.862732 4.116372 1.000000 1.000000 
-26.974043 183.787964 -4.201489 -7.799980 2.583908 0.000000 0.000000 
-25.289841 184.686646 -0.707494 -3.600624 4.753666 0.000000 0.000000 
-25.766872 184.889282 -0.047448 -6.735245 4.209507 0.000000 0.000000 
-23.994036 185.504486 4.030916 -9.595741 5.529873 0.000000 0.000000 
-24.972694 185.527679 -2.096693 -3.152878 6.575844 0.000000 0.000000 
-26.902514 185.372803 -2.564691 -6.464340 3.010556 0.000000 0.000000 
-25.087057 185.814148 -8.849282 -3.528107 5.397397 0.000000 0.000000 
-26.806273 186.074066 -0.413360 -2.345261 6.658352 0.000000 0.000000 
-27.074070 186.056335 1.606892 -7.306084 4.306420 0.000000 0.000000 
-26.404514 186.471191 3.455018 -0.464394 7.636448 0.000000 0.000000 
-25.697657 186.765259 -2.473437 -6.117935 4.349679 0.000000 0.000000 
-24.742384 187.099457 -6.288179 -6.702789 7.182358 0.000000 0.000000 
-25.577555 187.020233 -3.369848 -2.080902 6.580628 0.000000 0.000000 
-26.693659 187.041199 7.463289 -4.767952 4.973092 0.000000 0.000000 
-27.651386 186.914612 4.522462 -2.639793 5.317193 0.000000 0.000000 
-26.002783 187.436127 -6.462399 -2.311264 5.367550 0.000000 0.000000 
-25.776133 187.842133 -11.883660 -5.200684 5.905373 0.000000 0.000000 
-28.410172 187.490662 4.883323 -2.443954 6.468804 0.000000 0.000000 
176.115250 65.248825 18.648581 21.586441 8.171703 0.000000 0.000000 
-25.702427 192.240570 -2.648050 -5.210320 5.664082 0.000000 0.000000 
-26.347296 192.747131 -0.877317 -10.739708 1.947598 0.000000 0.000000 
-25.455278 193.240021 -2.080450 -3.544617 5.076432 0.000000 0.000000 
-33.215797 195.968689 5.402577 -3.481972 6.056107 0.000000 0.000000 
-29.801655 198.703156 -2.837119 -2.369774 5.208703 0.000000 0.000000 
-29.683243 198.873077 -0.213543 1.993179 8.573124 0.000000 0.000000 
-30.815975 198.851868 -0.904379 -2.132858 5.329926 0.000000 0.000000 
-32.918304 199.022491 10.575287 -6.292351 4.109658 0.000000 0.000000 
-34.351891 200.505188 13.503071 -1.422028 4.907261 0.000000 0.000000 
-32.710487 205.433289 -3.591659 0.365158 5.697815 0.000000 0.000000 
-31.759390 205.765045 -3.621715 -1.295174 5.954567 0.000000 0.000000 
-27.981617 207.623260 -0.161572 -3.560410 5.178338 0.000000 0.000000 
-29.992647 217.610352 6.161817 -0.355652 5.189427 0.000000 0.000000 
-29.847372 218.299194 5.573503 -3.771973 3.224388 0.000000 0.000000 
-30.505070 218.807739 3.197648 -4.336357 2.631535 1.000000 1.000000 
-29.118126 219.085968 2.916070 -1.467247 3.600353 0.000000 0.000000 
-36.792702 247.802917 -3.441295 2.253616 5.030892 0.000000 0.000000 
-36.815220 247.862335 -3.616174 -1.459541 3.616665 0.000000 0.000000 
-36.359165 250.077881 -1.616506 -2.275284 3.100437 0.000000 0.000000 
