ply
format ascii 1.0
comment Created by CloudCompare v2.14.beta (Feb  3 2026)
comment Created 2026-05-09T13:50:05
obj_info Generated by CloudCompare!
element vertex 1503
property float x
property float y
property float z
property float rcs
property float snr
property float v
property float label
end_header
10.440936 -40.859138 -12.217928 0.064438 22.285269 0.000000 1.000000 
-6.192136 -48.972321 -5.962109 0.651581 24.364149 0.000000 1.000000 
12.521194 -30.981976 -11.866348 -1.267830 27.745153 0.000000 1.000000 
10.211277 -36.227776 -10.483448 -3.982384 21.573065 0.000000 1.000000 
10.484875 -39.510845 -10.609810 -1.332314 21.414030 0.000000 1.000000 
19.024130 -47.290188 -14.248346 0.358681 19.093006 0.000000 1.000000 
57.542320 -31.959072 -14.031855 14.132538 28.082748 0.000000 1.000000 
64.628410 34.691982 -30.619068 11.407684 20.983250 1.000000 1.000000 
92.003242 -12.077490 -14.400322 8.615211 19.248756 0.000000 1.000000 
113.863457 -7.742404 -17.015636 9.569099 17.877304 0.000000 1.000000 
114.507408 -7.084971 -22.592993 13.380852 17.742764 0.000000 1.000000 
114.627838 -6.496844 -18.598303 11.470253 17.160686 0.000000 1.000000 
99.751778 -62.083160 -20.121988 14.497490 20.010883 0.000000 1.000000 
166.509872 -9.367968 -27.741716 14.699318 15.184315 0.000000 1.000000 
-5.265737 46.426899 -17.936363 -18.984947 15.279552 0.000000 1.000000 
7.775146 48.932186 -16.426079 -15.424521 15.668818 0.000000 1.000000 
6.748928 53.203381 -20.826283 -13.873703 15.202059 0.000000 1.000000 
14.236309 53.703823 -19.471901 -9.816475 20.780422 0.000000 1.000000 
-18.204369 54.419926 -21.366529 -9.668869 17.409325 0.000000 1.000000 
-31.058535 59.802811 -23.314938 -5.549889 17.169508 0.000000 1.000000 
-30.986235 59.912983 -17.280617 -4.654533 17.067577 0.000000 1.000000 
-13.314504 67.171478 -24.880079 -11.821527 13.679916 0.000000 1.000000 
32.200180 69.877106 -30.714470 -5.001450 15.844406 0.000000 1.000000 
-10.890172 76.940269 -27.489491 -0.852150 19.661108 0.000000 1.000000 
23.937592 76.038414 -20.411003 -14.572083 9.826054 0.000000 1.000000 
27.311573 77.446350 -18.266788 -8.916573 12.721523 0.000000 1.000000 
-41.022530 75.479401 -21.193953 -5.765076 14.412827 0.000000 1.000000 
-40.543293 76.518890 -22.209520 -1.085419 17.640875 0.000000 1.000000 
-30.332436 82.514130 -31.991726 -10.563927 11.006283 0.000000 1.000000 
41.744228 77.843292 -34.103207 0.398903 13.665728 0.000000 1.000000 
42.236401 77.750801 -30.208786 -2.074280 14.704958 0.000000 1.000000 
42.146862 77.828064 -33.392483 -0.102585 15.700340 0.000000 1.000000 
43.258938 77.335884 -33.338177 -4.898590 12.521870 0.000000 1.000000 
-36.888779 83.932358 -36.865105 -10.133072 10.511654 0.000000 1.000000 
-36.612877 84.524864 -37.042442 -8.147980 8.901180 0.000000 1.000000 
14.625731 92.980736 -34.586292 -13.688087 10.307316 0.000000 1.000000 
-31.639021 91.572922 -13.809649 -10.650177 5.074971 0.000000 1.000000 
-14.148665 96.811699 -19.065548 -9.959724 9.075447 0.000000 1.000000 
-31.518150 97.094322 -12.835711 -8.371468 9.170795 0.000000 1.000000 
-29.957922 98.184975 -15.587797 -7.119492 8.571182 0.000000 1.000000 
-31.791460 98.026886 -34.604301 -10.480141 9.317528 0.000000 1.000000 
-31.790073 99.402901 -15.204754 -4.143402 10.791058 0.000000 1.000000 
-30.925247 99.793266 -16.417400 -13.167557 7.230004 0.000000 1.000000 
-21.326727 104.357521 -32.328007 -16.348946 3.648880 0.000000 1.000000 
-31.477570 102.157051 -12.233979 -9.005058 7.331852 0.000000 1.000000 
-6.038797 113.127579 -24.558941 -14.591393 6.863987 0.000000 1.000000 
-31.723833 108.937157 -45.897205 -10.525276 7.452118 0.000000 1.000000 
43.002930 105.986122 -15.302976 -10.172150 5.143296 1.000000 1.000000 
-33.124577 114.589256 -42.224838 -8.070038 8.109241 0.000000 1.000000 
-21.260462 118.468063 -39.547436 -12.083664 5.708939 0.000000 1.000000 
38.699448 114.397484 -27.894520 -4.245392 8.717102 0.000000 1.000000 
43.096336 129.015427 -35.890533 -5.364983 7.944264 0.000000 1.000000 
-34.169228 197.526520 -74.642746 -0.717560 5.652321 0.000000 1.000000 
6.241082 -52.277405 10.573120 -0.917137 21.103632 1.000000 1.000000 
9.370128 -52.161346 14.768527 1.675812 21.411695 1.000000 1.000000 
55.390160 -53.200642 21.802029 16.144035 26.309704 0.000000 1.000000 
-23.574717 -72.773392 17.336952 11.183739 23.178986 0.000000 1.000000 
4.902167 -116.098427 23.834917 10.383759 18.584101 0.000000 1.000000 
132.836304 -14.176819 41.563240 10.457314 15.369509 0.000000 1.000000 
193.258591 61.777004 61.694233 21.422836 13.918991 0.000000 1.000000 
32.304916 79.729256 23.318914 -2.655518 16.794403 0.000000 1.000000 
28.878098 82.090965 25.107658 -5.233513 15.179544 0.000000 1.000000 
-30.935774 84.101501 34.498486 -10.446846 9.550182 0.000000 1.000000 
24.167330 89.951790 36.346992 -11.475456 9.376671 0.000000 1.000000 
-30.457531 96.064781 37.934090 -10.189812 9.616951 0.000000 1.000000 
-30.838518 98.793427 39.132835 -7.268440 10.397949 0.000000 1.000000 
-96.273804 58.332497 25.948845 10.266037 6.259346 0.000000 1.000000 
-32.432644 111.601761 34.828499 -8.423599 7.112481 0.000000 1.000000 
-34.523224 120.594345 51.992516 -4.054405 6.723744 0.000000 1.000000 
-34.255348 122.257042 31.954849 -1.616577 9.775631 0.000000 1.000000 
-33.310356 123.376740 41.990589 -3.602303 7.489434 0.000000 1.000000 
-23.003721 139.863861 38.836365 -2.147766 9.382946 0.000000 1.000000 
41.328690 154.653168 30.820826 -4.816536 8.070560 0.000000 1.000000 
-3.088712 199.580658 39.705479 -3.418022 5.711457 0.000000 1.000000 
-17.956476 -12.253079 -5.175877 -11.696190 23.123808 0.000000 1.000000 
-17.403376 -24.067600 -6.431290 -6.881317 24.655485 0.000000 1.000000 
-4.020290 -29.338211 -3.707708 -6.652245 24.967949 0.000000 1.000000 
13.521281 -28.645161 -8.522027 -0.443718 27.297707 0.000000 1.000000 
-15.574864 -31.960075 10.721293 -1.889877 22.968397 0.000000 1.000000 
12.146636 -39.842522 -6.476535 5.303848 27.293541 0.000000 1.000000 
-41.203312 13.092340 -6.347247 1.752945 22.885351 0.000000 1.000000 
10.590955 -9.503038 -5.487235 -8.769478 32.428581 0.000000 1.000000 
13.040504 -18.572765 -7.402030 -3.842682 28.478220 0.000000 1.000000 
21.281513 11.791615 -8.913216 1.134216 29.110733 0.000000 1.000000 
12.776092 -24.743061 -4.871767 -4.249733 28.102154 0.000000 1.000000 
26.431171 -12.994805 -5.170532 -3.720688 23.982698 0.000000 1.000000 
28.649504 11.868998 -7.897718 1.745270 29.271938 0.000000 1.000000 
10.534631 -31.763779 -7.808031 -2.186348 26.384470 0.000000 1.000000 
23.322323 -30.465443 -9.257892 -6.005829 21.016140 0.000000 1.000000 
41.676662 -0.720008 15.580275 10.867844 35.289696 0.000000 1.000000 
56.159733 8.085828 14.828839 4.752664 21.310112 0.000000 1.000000 
57.042439 5.654537 13.672076 12.173088 28.688152 0.000000 1.000000 
61.506405 -9.997573 17.319366 -0.460739 18.587772 0.000000 1.000000 
83.280319 -10.594272 10.448171 4.469200 17.649567 0.000000 1.000000 
113.526756 -8.651680 13.771635 11.903748 17.060875 0.000000 1.000000 
113.561882 -8.677694 14.765079 15.199677 19.637537 0.000000 1.000000 
113.646103 -8.086779 16.315929 10.118950 15.046158 0.000000 1.000000 
113.984032 -9.343581 22.693720 11.082970 16.836838 0.000000 1.000000 
-3.878302 18.717154 -6.422351 7.795442 41.434780 0.000000 1.000000 
16.871363 22.243362 -7.279902 -4.512955 21.653492 0.000000 1.000000 
28.482597 22.650028 -10.017708 5.032104 20.665344 0.000000 1.000000 
-1.939467 45.732376 17.506620 -18.172523 16.885794 0.000000 1.000000 
15.740599 46.475834 -6.641791 -11.099937 19.256073 0.000000 1.000000 
-18.879248 47.245136 -5.753211 -19.450943 11.839714 0.000000 1.000000 
7.747246 57.268291 18.324245 -9.827072 17.932795 0.000000 1.000000 
30.622549 55.560917 -9.080858 -5.918365 14.783381 0.000000 1.000000 
26.493828 59.819443 -5.067732 -9.375847 11.251087 1.000000 1.000000 
26.840719 60.214699 -4.977386 0.132446 20.225204 0.000000 1.000000 
21.706839 62.416515 -5.154729 -20.139862 4.178566 1.000000 1.000000 
26.931585 60.373970 -6.098305 -6.317238 13.343819 0.000000 1.000000 
26.990925 60.384037 -10.245799 -2.254410 18.955059 0.000000 1.000000 
22.276686 62.781567 -7.578024 -10.939140 11.515114 1.000000 1.000000 
-30.720701 60.018036 18.281086 -8.612350 13.702497 0.000000 1.000000 
-31.026432 59.904312 18.523762 -6.812363 15.041525 0.000000 1.000000 
-43.561001 54.686344 -5.593347 1.476402 16.607002 0.000000 1.000000 
-29.651136 67.280922 19.517056 -8.850273 15.712223 0.000000 1.000000 
-29.430582 67.432709 19.635248 -4.259491 15.172087 0.000000 1.000000 
-29.871437 68.593582 -10.246345 2.474174 19.884674 0.000000 1.000000 
-29.891184 68.617691 -8.209615 1.959824 18.654377 0.000000 1.000000 
-29.853586 68.648689 -8.312906 -0.720604 16.533808 0.000000 1.000000 
-31.867258 68.776100 21.490503 -6.880234 15.039066 0.000000 1.000000 
-31.380955 69.129066 -9.508349 -1.159370 18.749716 0.000000 1.000000 
-33.096390 70.893967 -10.456840 -13.324287 9.450413 0.000000 1.000000 
59.186989 53.150826 13.084247 8.642967 12.800266 0.000000 1.000000 
-32.690193 74.783752 -11.488333 -9.314392 10.441574 0.000000 1.000000 
-37.709557 74.822197 -10.263968 -4.912758 14.964731 0.000000 1.000000 
-38.371658 77.332985 -12.026544 -4.490829 13.017883 0.000000 1.000000 
21.630896 87.398300 -6.068797 -4.825096 15.863264 0.000000 1.000000 
-1.317544 191.825012 -7.198589 1.857620 10.416920 0.000000 1.000000 
-0.784923 191.855530 -6.505801 3.071136 11.244556 0.000000 1.000000 
-2.604290 199.562805 -6.034270 -5.151489 5.260327 0.000000 1.000000 
-2.878935 199.574982 -5.277947 -2.721008 5.490765 0.000000 1.000000 
-29.828297 218.386200 -17.150282 0.323860 4.582272 0.000000 1.000000 
2.265447 -8.638518 0.013977 -21.623787 22.051458 1.000000 1.000000 
2.402405 -11.367601 -0.215984 -18.342255 23.465368 1.000000 1.000000 
2.037060 12.803181 -0.101179 -36.369904 12.197437 1.000000 1.000000 
-0.035933 10.106565 0.108965 -20.536823 32.098015 1.000000 0.000000 
-0.851483 11.143548 -0.025636 -12.710526 32.301136 0.000000 0.000000 
0.054119 12.109756 -0.029157 -12.184114 36.527973 0.000000 0.000000 
0.107040 12.321987 -0.035885 -11.905136 38.163078 0.000000 0.000000 
-0.509794 12.377322 0.024762 -11.652382 37.012535 1.000000 0.000000 
-3.699849 18.520895 0.406743 8.885056 43.837181 0.000000 0.000000 
-3.680203 18.910969 0.046346 -1.596413 35.599915 0.000000 0.000000 
5.654356 20.267920 -1.684822 -13.367744 19.394772 1.000000 0.000000 
5.527044 20.341818 -1.595040 -10.550987 22.071846 1.000000 0.000000 
0.078204 21.515245 -1.358990 -7.204414 27.517719 0.000000 0.000000 
5.721010 20.600513 -0.506346 -6.832092 21.618967 1.000000 0.000000 
5.588858 20.660660 -0.332002 -15.939552 15.226002 1.000000 0.000000 
-4.869315 20.941845 -0.622329 3.477264 34.885708 0.000000 0.000000 
-4.908028 20.934990 -0.751676 2.112679 34.181988 0.000000 0.000000 
5.730300 21.081928 0.077827 -16.732750 11.088978 1.000000 0.000000 
0.215496 22.206837 -0.833977 2.326080 32.473408 1.000000 0.000000 
-5.062465 21.624683 -0.705156 0.914246 32.284893 1.000000 0.000000 
5.762890 21.374516 -0.078910 -21.657257 11.233677 1.000000 0.000000 
0.082147 22.545134 -0.882274 -3.999649 26.792948 0.000000 0.000000 
-0.063865 22.541365 -0.874084 -14.191559 15.942478 1.000000 0.000000 
0.369131 22.660233 -0.695015 -19.067627 10.695621 1.000000 0.000000 
0.290093 22.864883 -0.825955 19.481316 48.575218 0.000000 0.000000 
0.262290 22.982185 -0.845542 18.050034 46.910480 0.000000 0.000000 
0.045035 23.260925 -0.737927 -6.356850 26.422865 0.000000 0.000000 
0.082987 23.629698 -0.834733 -9.896217 23.790844 1.000000 0.000000 
-35.423660 -6.056064 5.053245 -0.998734 26.557858 0.000000 0.000000 
-36.949432 -1.565109 -1.426369 -1.409218 24.246962 0.000000 0.000000 
-37.146671 -1.039318 -0.590585 -1.778023 27.405050 0.000000 0.000000 
-37.091530 -3.311180 1.616148 8.307861 36.628006 0.000000 0.000000 
-37.160355 -3.020496 1.196231 6.295685 32.866474 0.000000 0.000000 
-37.159481 -5.136384 1.058697 -2.161346 23.527775 0.000000 0.000000 
-38.609909 -2.489323 3.696583 -4.234917 23.714497 0.000000 0.000000 
-38.766479 -2.452315 2.958204 0.228554 26.831476 0.000000 0.000000 
-38.703819 -7.191801 -1.167136 0.753639 25.602898 0.000000 0.000000 
-38.894115 -6.655528 -1.204728 1.321381 25.493887 0.000000 0.000000 
-40.458370 0.892049 2.233235 -0.920845 24.176895 0.000000 0.000000 
-40.698780 1.156885 2.167238 4.646707 28.063038 0.000000 0.000000 
-42.477509 4.852899 1.165434 1.664856 23.996534 0.000000 0.000000 
-42.657051 3.689778 2.863747 0.243095 22.891199 0.000000 0.000000 
-47.286758 -4.391647 3.529514 -0.579536 21.577042 0.000000 0.000000 
-18.679955 -2.104365 -0.293573 7.068008 43.993019 0.000000 0.000000 
-18.678600 -2.143483 -0.320529 7.753563 45.076389 0.000000 0.000000 
-20.360554 -0.845822 -1.122136 4.744370 40.367699 0.000000 0.000000 
-20.360769 -0.872895 -1.025513 3.600937 39.761421 0.000000 0.000000 
-19.338537 -11.215591 0.700128 -1.353897 30.670641 0.000000 0.000000 
-19.039906 -12.157489 -0.741176 -3.247490 31.826708 0.000000 0.000000 
-18.409044 -14.331876 -0.791621 14.018082 44.380016 0.000000 0.000000 
-18.731287 -14.310295 -1.469892 -1.014694 31.762413 0.000000 0.000000 
-18.610559 -14.491585 -0.910356 2.214622 34.081963 0.000000 0.000000 
-21.809643 6.969086 -0.324023 -5.316376 25.772221 0.000000 0.000000 
-23.571348 0.865309 2.336684 -7.661430 25.898163 0.000000 0.000000 
-24.007044 0.464078 2.765896 -5.485130 29.101561 0.000000 0.000000 
-24.102449 -4.153932 7.109938 -7.828613 28.352797 0.000000 0.000000 
-29.481255 -2.324293 12.712182 -6.203568 24.452244 0.000000 0.000000 
-20.622204 -24.280411 3.132876 -3.504662 25.675430 0.000000 0.000000 
-20.520256 -24.689411 2.905973 4.097061 30.286919 0.000000 0.000000 
-19.996555 -26.536366 2.477523 -2.062790 25.447750 0.000000 0.000000 
-20.440538 -26.206882 -0.657205 -3.761497 22.434464 0.000000 0.000000 
-22.255850 -25.291199 1.812311 -4.132050 21.918383 0.000000 0.000000 
-22.772644 -25.703300 1.996202 -1.314690 26.612368 0.000000 0.000000 
-23.871372 -24.775280 3.699406 -7.674934 20.197788 0.000000 0.000000 
-22.039049 -27.436214 0.139069 -4.458855 24.050777 0.000000 0.000000 
-20.711866 -28.631725 1.725156 -1.047966 24.823067 0.000000 0.000000 
-6.855267 -6.555442 0.187566 -10.383690 35.627598 0.000000 0.000000 
-6.139416 -10.791561 -2.731559 -13.650658 30.833120 0.000000 0.000000 
-6.612232 -10.737466 -0.099073 -13.776405 27.856937 0.000000 0.000000 
-6.831978 -10.885178 0.255209 -12.413841 31.849274 0.000000 0.000000 
-6.938991 -11.011057 -0.231161 -12.729744 32.858261 0.000000 0.000000 
-6.826550 -11.160317 0.707811 -12.692886 27.796171 0.000000 0.000000 
-6.583719 -11.580967 0.166915 -13.444809 28.322662 0.000000 0.000000 
-6.674765 -11.645752 0.045548 -13.294388 29.842346 0.000000 0.000000 
-6.594760 -11.889750 0.177395 -14.044800 27.548315 0.000000 0.000000 
-6.748672 -11.992752 -0.317754 -14.522285 25.985180 0.000000 0.000000 
-6.660673 -12.066943 -0.073007 -12.735329 28.138195 0.000000 0.000000 
-6.575627 -12.173308 -0.558763 -14.517624 28.880859 0.000000 0.000000 
-6.248267 -12.528924 -2.175516 -9.447639 31.331465 0.000000 0.000000 
-6.451049 -12.679999 -0.482632 -5.272690 33.874317 0.000000 0.000000 
-6.228558 -12.797539 -0.446529 -7.332390 31.974705 0.000000 0.000000 
-6.422610 -12.966159 0.720971 -7.165184 33.708805 0.000000 0.000000 
-6.520285 -13.033710 0.587746 -8.119675 30.725273 0.000000 0.000000 
-7.085794 -12.846705 0.714089 -12.579971 27.838228 0.000000 0.000000 
-7.299479 -12.772776 0.697351 -10.562668 30.068802 0.000000 0.000000 
-6.428208 -13.608968 -0.664616 -10.035988 31.282701 0.000000 0.000000 
-6.465996 -13.703131 -0.716642 -14.175575 28.397514 0.000000 0.000000 
-6.762144 -13.841774 -1.006113 -13.278656 25.592489 0.000000 0.000000 
-6.126731 -14.198450 -1.003001 -13.636612 25.859270 0.000000 0.000000 
-6.193238 -14.172773 -2.302493 -18.984871 22.489965 0.000000 0.000000 
-6.460380 -14.975340 0.175733 -10.056015 26.753864 0.000000 0.000000 
-6.402028 -15.024713 0.158358 -7.255493 28.314047 0.000000 0.000000 
-6.054747 -15.419317 0.178410 -17.781052 22.892286 0.000000 0.000000 
-6.522059 -15.468665 0.079120 -11.097893 27.710052 0.000000 0.000000 
-6.852525 -15.647444 1.448840 -12.251259 26.969723 0.000000 0.000000 
-7.015249 -15.596991 0.883427 -12.543739 27.715679 0.000000 0.000000 
-7.064709 -15.759206 0.295038 -8.445084 28.232460 0.000000 0.000000 
-6.384142 -16.284075 0.455590 -3.661240 31.073532 0.000000 0.000000 
-6.377218 -16.286835 1.466893 -8.793480 25.789259 0.000000 0.000000 
-6.736285 -17.142372 -0.172847 -8.884476 25.088413 0.000000 0.000000 
-6.409740 -17.528782 -0.144484 -7.245056 28.654890 0.000000 0.000000 
-6.459292 -17.539082 0.422622 -13.799538 21.656631 0.000000 0.000000 
-6.879062 -18.615894 3.119034 -7.409241 27.569233 0.000000 0.000000 
-6.367225 -18.898674 -0.577204 -3.670647 31.965702 0.000000 0.000000 
-6.408801 -18.994240 -0.476196 -5.554459 29.754541 0.000000 0.000000 
-6.140243 -19.325871 -0.589336 -8.788872 28.471249 0.000000 0.000000 
-6.486082 -20.118553 -0.350612 -9.553780 24.351173 0.000000 0.000000 
-5.766892 -24.247402 -1.383557 -8.424820 24.408733 0.000000 0.000000 
-6.165614 -24.474808 -0.020057 -8.464508 23.669289 0.000000 0.000000 
-6.982280 -28.131180 7.199535 -6.162453 23.837931 0.000000 0.000000 
-6.559566 -48.508888 3.622184 -0.762611 20.443666 0.000000 0.000000 
-12.709677 -47.609432 1.369376 6.311440 24.411613 1.000000 0.000000 
-13.394475 -47.626549 0.913892 0.550842 20.344866 1.000000 0.000000 
-12.822992 -48.084061 1.201486 5.718643 25.080990 1.000000 0.000000 
-12.057528 -49.217800 1.247136 8.476608 26.272324 1.000000 0.000000 
-12.015357 -49.577156 0.668327 6.594627 24.317947 1.000000 0.000000 
-12.145453 -49.682877 1.195896 2.217300 21.156282 1.000000 0.000000 
-12.253229 -49.964909 1.557132 3.933273 21.692387 1.000000 0.000000 
-6.131045 -55.166237 5.501687 2.094604 22.758560 0.000000 0.000000 
-6.909101 -55.145237 3.019840 0.940094 20.691677 0.000000 0.000000 
-12.927238 -54.566769 0.576077 1.271622 17.613995 1.000000 0.000000 
-12.668107 -54.979530 1.014213 0.299751 17.548298 1.000000 0.000000 
-12.200365 -55.436497 1.097437 8.334511 24.466331 1.000000 0.000000 
-5.844117 -56.418526 0.171175 2.085724 19.838156 0.000000 0.000000 
-11.918803 -55.894428 1.637642 4.057365 20.628239 1.000000 0.000000 
-14.195335 -57.135826 1.024436 4.996736 20.442501 1.000000 0.000000 
-6.463859 -13.677542 0.225483 -6.683586 28.940277 0.000000 0.000000 
-6.115789 -14.801094 5.336145 -7.936333 29.515726 0.000000 0.000000 
-6.369670 -14.908327 -0.692116 -4.900787 30.971939 0.000000 0.000000 
-7.264397 -14.780023 1.146536 -6.159782 27.594259 0.000000 0.000000 
-6.437057 -15.491403 -1.536188 -4.680351 29.418402 0.000000 0.000000 
-6.331408 -15.661509 -1.938801 -4.386009 28.903946 0.000000 0.000000 
-5.936092 -16.387501 -0.720634 -6.319313 31.339741 0.000000 0.000000 
-6.110159 -17.136402 0.222524 -5.477531 29.246937 0.000000 0.000000 
-6.446466 -17.044800 -1.705922 -4.589432 28.705015 0.000000 0.000000 
-5.921522 -17.456924 -0.720060 -11.019670 24.653088 0.000000 0.000000 
-6.669243 -17.381527 -0.368881 -5.756805 28.919230 0.000000 0.000000 
-5.731433 -18.209858 -1.043605 -11.339867 23.715971 0.000000 0.000000 
-5.616846 -18.272305 -0.889993 -8.813370 25.418533 0.000000 0.000000 
-7.871655 -17.601086 -0.065305 -9.571182 24.738863 0.000000 0.000000 
-6.400727 -18.500717 -0.221544 -6.518845 27.301918 0.000000 0.000000 
-7.090032 -18.468857 1.283223 -2.386734 30.619236 0.000000 0.000000 
-7.829328 -18.195889 0.999741 -4.202461 28.615501 0.000000 0.000000 
-7.388976 -21.385071 0.543296 -2.651756 29.755602 0.000000 0.000000 
-6.901771 -21.593437 -0.508157 -3.794769 29.633541 0.000000 0.000000 
-7.914149 -21.258415 6.982351 -1.809944 29.986359 0.000000 0.000000 
-7.221435 -24.607967 1.073150 -1.193352 28.470299 0.000000 0.000000 
-8.481318 -32.397331 3.574022 -0.850571 27.343563 0.000000 0.000000 
7.705122 -15.273135 3.362560 -5.643402 27.443106 0.000000 0.000000 
8.536484 -26.782078 0.314482 1.758514 30.326235 0.000000 0.000000 
7.527498 -27.800602 -1.702098 -2.958344 23.655846 0.000000 0.000000 
9.778202 -36.649685 -1.929344 0.084183 22.243185 0.000000 0.000000 
8.267852 -37.124664 -2.695549 -1.190727 24.455576 0.000000 0.000000 
9.639697 -38.896809 -3.545431 0.560883 25.126551 0.000000 0.000000 
9.537322 -40.150410 -1.832517 -2.444443 19.807024 0.000000 0.000000 
9.541270 -40.188915 -2.221956 -5.044746 21.487904 0.000000 0.000000 
13.663478 -39.315094 2.156912 0.704605 23.380499 0.000000 0.000000 
12.153156 -40.099625 1.308339 -0.086716 21.638474 0.000000 0.000000 
10.192445 -43.762138 1.430544 -3.377815 19.476702 0.000000 0.000000 
7.315971 -8.492764 -1.429953 6.836494 46.931820 0.000000 0.000000 
7.418728 -14.922382 -6.504679 -9.903717 28.157810 0.000000 0.000000 
5.918451 -24.370693 -0.458048 -10.487762 23.644211 0.000000 0.000000 
7.316461 -34.222893 0.235044 3.261269 29.475407 0.000000 0.000000 
7.314080 -34.275139 -0.225151 4.065681 28.737345 0.000000 0.000000 
6.997477 -35.184803 -0.645375 0.539658 28.349752 0.000000 0.000000 
7.481413 -35.151344 0.143015 -0.082100 29.481211 0.000000 0.000000 
6.113431 -36.579769 -0.559678 -2.965355 22.617529 0.000000 0.000000 
6.406998 -36.576775 -1.374120 0.050072 23.601839 0.000000 0.000000 
8.809503 -39.847393 -2.859463 0.730721 23.252426 0.000000 0.000000 
13.342308 -39.409088 1.831499 -1.962547 22.465096 0.000000 0.000000 
4.801649 -42.491058 -4.649928 1.498444 24.620819 0.000000 0.000000 
8.460896 -42.855156 -2.119972 -1.999863 21.144733 0.000000 0.000000 
8.996347 -56.041832 -2.490562 0.146240 19.855892 0.000000 0.000000 
9.811427 -55.915043 -0.337263 -1.560394 19.225800 0.000000 0.000000 
15.950715 -41.435341 3.413816 -2.333717 19.881723 0.000000 0.000000 
16.952147 -41.029232 2.531840 -2.136864 18.425047 0.000000 0.000000 
23.656807 -39.847855 3.888006 5.731956 21.310041 0.000000 0.000000 
17.140564 -43.395176 9.491869 -1.561989 18.633354 0.000000 0.000000 
24.452099 -42.965012 0.846295 4.107910 19.413563 0.000000 0.000000 
27.091877 -47.098545 1.529935 4.188127 17.578733 0.000000 0.000000 
21.894953 -50.129234 4.766919 2.539169 19.645004 0.000000 0.000000 
18.713268 -57.537849 2.346881 3.502441 19.097227 0.000000 0.000000 
21.426159 -57.670139 0.873529 1.489609 16.911959 0.000000 0.000000 
26.062963 -24.849506 1.066481 0.125603 25.579681 0.000000 0.000000 
24.724567 -51.318493 2.300421 0.676956 21.026089 0.000000 0.000000 
25.206045 -51.230938 3.270869 -0.486473 21.783667 0.000000 0.000000 
28.586908 -59.741100 -0.052243 3.603424 19.652592 0.000000 0.000000 
20.692459 0.761335 -0.468387 -3.791107 31.035229 0.000000 0.000000 
20.728071 0.899322 -0.049525 -1.515808 32.303070 0.000000 0.000000 
25.229338 -3.113775 5.362218 -8.544579 25.607740 0.000000 0.000000 
27.481148 0.280315 0.357349 3.910378 33.164776 0.000000 0.000000 
27.586557 0.098364 0.337649 4.140755 36.114754 0.000000 0.000000 
32.576874 1.420924 1.507784 13.306877 38.774632 0.000000 0.000000 
32.692951 1.292076 1.137949 13.308441 41.142887 0.000000 0.000000 
34.130070 -8.932963 2.638532 -2.369034 23.919342 0.000000 0.000000 
38.815166 -0.673204 0.355261 11.208900 34.812790 0.000000 0.000000 
38.868423 -0.663715 0.103331 12.185013 36.611504 0.000000 0.000000 
40.269981 -1.547566 -4.797299 -2.775803 22.843052 0.000000 0.000000 
41.677067 -0.693499 2.425523 15.599686 37.447430 0.000000 0.000000 
43.114727 -0.483516 0.692037 9.416275 31.180164 0.000000 0.000000 
43.267086 -0.463065 1.285314 7.165009 28.491610 0.000000 0.000000 
30.474684 8.217479 0.531354 9.684898 33.063820 0.000000 0.000000 
30.462069 8.258914 -0.007584 9.879745 33.284248 0.000000 0.000000 
32.377762 9.011552 -0.794107 16.981842 36.778473 0.000000 0.000000 
32.327442 9.180744 -0.726004 17.525192 38.944656 0.000000 0.000000 
32.389812 9.157500 -0.715485 20.400726 42.364273 0.000000 0.000000 
34.468269 8.779975 -1.462941 15.604347 36.930614 0.000000 0.000000 
34.587223 8.752103 -1.321999 15.515366 35.500893 0.000000 0.000000 
50.200153 15.154014 -0.044901 1.708130 18.289660 0.000000 0.000000 
49.578732 17.487698 1.455583 4.520668 22.077406 0.000000 0.000000 
49.731171 17.528057 2.741378 1.717087 20.715191 0.000000 0.000000 
15.547021 30.809675 0.960037 -2.181252 29.068794 0.000000 0.000000 
15.600735 30.866484 -0.787451 -6.595192 24.335545 0.000000 0.000000 
22.610859 30.268610 0.987626 -0.583809 20.868204 0.000000 0.000000 
22.725780 30.183420 0.817262 -6.162170 17.413536 0.000000 0.000000 
22.123251 30.996159 0.305810 -0.711296 21.587839 0.000000 0.000000 
2.927237 -5.806327 -0.249578 0.118694 37.739281 0.000000 0.000000 
2.287570 -7.259647 -0.240142 -11.382912 40.241272 0.000000 0.000000 
2.606644 -7.645185 -0.229024 -2.388641 42.429001 0.000000 0.000000 
2.663807 -7.635049 -0.297836 -0.487137 42.811390 0.000000 0.000000 
2.441613 -8.062975 0.193709 -3.089653 42.375874 0.000000 0.000000 
2.809177 -8.066872 0.339831 -3.991821 42.271343 0.000000 0.000000 
2.452120 -8.926982 -0.048898 -2.345490 40.591805 0.000000 0.000000 
2.500733 -8.956652 -0.060118 -1.883018 41.561111 0.000000 0.000000 
2.439013 -9.468286 0.174195 0.562721 41.860767 0.000000 0.000000 
2.421559 -9.508031 0.129167 3.591187 45.548218 0.000000 0.000000 
2.250653 -10.117824 -0.223670 -7.821014 35.744568 0.000000 0.000000 
2.494744 -10.221583 -0.056357 -4.444992 39.041538 0.000000 0.000000 
2.384302 -10.258656 -0.161558 -4.876884 38.469357 0.000000 0.000000 
2.205266 -10.539020 -0.186611 -5.039932 35.560555 0.000000 0.000000 
2.271002 -10.539868 -0.207836 -1.999718 39.687294 0.000000 0.000000 
1.989627 -10.879414 -0.525174 -4.849083 37.320190 0.000000 0.000000 
2.102022 -10.913716 -0.384574 -3.469940 37.317631 0.000000 0.000000 
2.131491 -10.973038 -0.364357 -7.638031 34.480255 0.000000 0.000000 
2.359158 -11.004218 0.117848 -4.638222 37.266750 0.000000 0.000000 
2.382236 -11.111145 0.140263 -6.031967 36.067116 0.000000 0.000000 
2.345860 -0.966955 0.035099 -13.707582 50.786682 0.000000 0.000000 
2.492865 -0.974840 0.034728 -13.593300 55.496109 0.000000 0.000000 
2.413830 -2.019329 0.036544 -24.567032 34.051392 0.000000 0.000000 
2.443377 -2.074172 0.007139 -27.148682 41.167103 0.000000 0.000000 
2.418821 -2.501619 0.140493 -23.682159 41.957016 0.000000 0.000000 
2.463019 -2.596369 0.054569 -22.228500 40.813705 0.000000 0.000000 
2.401842 -2.855918 -0.026242 -19.871582 43.522041 0.000000 0.000000 
2.405780 -3.124248 -0.099187 -28.617752 38.823563 0.000000 0.000000 
2.479403 -3.511248 0.107046 -13.337585 46.460567 0.000000 0.000000 
2.515429 -3.613026 0.075873 -9.828304 48.055351 0.000000 0.000000 
2.432776 -3.956256 0.030145 -19.252964 42.182266 0.000000 0.000000 
2.452001 -4.139153 0.031689 -15.087723 42.478889 0.000000 0.000000 
2.471931 -4.186815 0.054032 -15.328625 43.746346 0.000000 0.000000 
2.434240 -4.471368 -0.075470 -17.868103 40.153141 0.000000 0.000000 
2.454547 -4.545294 -0.079319 -21.096333 40.780869 0.000000 0.000000 
2.468363 -4.602368 -0.067875 -20.050907 40.163780 0.000000 0.000000 
2.475112 -4.733873 -0.049052 -19.364849 36.000725 0.000000 0.000000 
2.450567 -5.062827 0.074070 -9.595692 43.635368 0.000000 0.000000 
2.475019 -5.156407 0.066077 -11.509357 42.607735 0.000000 0.000000 
2.403847 -5.336227 -0.158423 -12.177647 40.674736 0.000000 0.000000 
2.448681 -5.499375 0.001043 -1.718506 45.200802 0.000000 0.000000 
2.446121 -5.502131 0.035394 0.746609 54.643715 0.000000 0.000000 
2.432053 -5.508839 0.011269 -1.786041 44.651356 0.000000 0.000000 
2.470200 -6.251769 0.060862 -9.088154 41.999374 0.000000 0.000000 
2.483838 -6.358967 0.036056 -6.071732 43.984688 0.000000 0.000000 
2.480631 -6.470246 -0.126981 -7.636086 44.759018 0.000000 0.000000 
2.474177 -6.746121 0.054045 -6.869213 44.121204 0.000000 0.000000 
2.473564 -6.794136 -0.032842 -6.282639 42.101921 0.000000 0.000000 
2.417295 -7.058908 -0.124397 -8.986046 44.250072 0.000000 0.000000 
2.432245 -7.229901 -0.085729 -2.564041 44.299526 0.000000 0.000000 
2.436577 -7.231717 0.027415 -4.123779 44.009495 0.000000 0.000000 
2.287724 -7.532447 0.151394 -7.557308 38.707882 0.000000 0.000000 
2.360049 -7.515744 0.071695 -9.798790 38.995228 0.000000 0.000000 
2.380989 -7.658412 0.071464 -7.452805 39.026775 0.000000 0.000000 
2.310797 -7.926402 0.095243 -4.058517 40.843624 0.000000 0.000000 
2.271955 -8.233449 -0.200184 -10.144440 40.649826 0.000000 0.000000 
2.414865 -8.424114 0.174030 -8.711258 37.487701 0.000000 0.000000 
2.467289 -8.463511 -1.646101 -10.599670 31.830914 0.000000 0.000000 
2.308610 -8.748596 0.068447 -1.914040 43.205200 0.000000 0.000000 
2.258546 -8.955315 0.006237 4.852150 45.730927 0.000000 0.000000 
2.246836 -8.958936 -0.016573 3.199783 46.860233 0.000000 0.000000 
2.169551 -9.421069 -0.083285 -1.457550 42.398609 0.000000 0.000000 
2.171961 -9.477324 0.016394 -4.846085 40.532185 0.000000 0.000000 
2.159362 -9.690097 -0.284178 -2.852524 39.025349 0.000000 0.000000 
2.145711 -9.803319 -0.440527 -3.868599 37.846172 0.000000 0.000000 
2.195379 -9.950505 -0.239371 -3.512367 40.469151 0.000000 0.000000 
2.320700 -10.121597 -0.250426 -2.354279 38.721809 0.000000 0.000000 
2.231566 -10.219121 0.276941 -2.466492 39.611694 0.000000 0.000000 
2.206115 -10.370275 0.091584 -3.847031 39.306595 0.000000 0.000000 
2.225805 -10.604212 -0.055274 -1.317253 41.546471 0.000000 0.000000 
2.271355 -10.616206 0.017497 -2.331017 39.613472 0.000000 0.000000 
2.241873 -11.042624 -0.275001 1.971245 44.078384 0.000000 0.000000 
2.170338 -11.108067 -0.180024 1.892235 43.359665 0.000000 0.000000 
2.074276 -11.608028 0.234210 -5.301544 37.834553 0.000000 0.000000 
2.277369 4.781007 0.002000 -28.428337 23.204336 0.000000 0.000000 
2.415503 4.819743 -0.026366 -27.595654 25.870991 0.000000 0.000000 
2.480659 5.388618 -0.091893 -38.666969 18.643206 0.000000 0.000000 
2.362975 5.982421 -0.060159 -39.963100 18.019360 0.000000 0.000000 
2.476763 6.567560 -0.075546 -38.565487 20.590000 0.000000 0.000000 
2.292371 6.959298 0.037494 -10.921692 43.524368 0.000000 0.000000 
2.319358 6.984686 0.041398 -11.249081 44.755867 0.000000 0.000000 
2.384487 7.450112 -0.079660 -26.792831 30.212185 0.000000 0.000000 
2.293019 7.629355 -0.076160 -30.942841 27.050167 0.000000 0.000000 
2.289010 7.909132 -0.036966 -21.308777 32.582447 0.000000 0.000000 
2.372301 7.975328 -0.030606 -21.951721 35.000416 0.000000 0.000000 
2.412340 8.408292 -0.021391 -24.743637 28.254391 0.000000 0.000000 
2.264251 8.592236 -0.148917 -37.606831 22.459824 0.000000 0.000000 
2.269415 8.955415 0.018007 -8.447090 41.133732 0.000000 0.000000 
2.302382 9.001120 0.021938 -6.700191 42.148472 0.000000 0.000000 
2.329561 9.747175 -0.096211 -22.677109 24.523182 0.000000 0.000000 
-0.417071 -6.057775 -0.238354 -6.264908 45.533482 0.000000 0.000000 
-0.300898 -6.122947 -0.139840 -9.463120 44.699764 0.000000 1.000000 
-6.014430 -1.065989 -0.564320 -0.042313 50.314831 0.000000 0.000000 
-6.017200 -1.024953 -0.596334 4.914987 54.922600 0.000000 0.000000 
-6.069417 -1.030872 -0.613954 7.115013 57.737000 0.000000 0.000000 
-6.828249 0.006858 0.118201 1.362411 49.354290 0.000000 0.000000 
-6.939710 0.010055 0.157312 6.274582 54.926140 0.000000 0.000000 
-6.989690 -12.871428 -2.526164 -11.550957 29.121008 0.000000 0.000000 
-6.257790 -13.523118 -3.675315 -14.658646 25.194515 0.000000 0.000000 
-6.363514 -16.784149 -4.764559 -11.173935 24.219492 0.000000 0.000000 
-6.581072 -17.100151 -4.828249 -9.893288 24.325779 0.000000 0.000000 
-18.254858 -2.018651 -0.482792 3.079697 42.389153 0.000000 0.000000 
-18.220381 -2.750013 0.019080 3.701057 41.321609 0.000000 0.000000 
-18.413012 -2.515077 -0.264292 2.876266 38.983437 0.000000 0.000000 
-18.717051 -11.369930 2.033940 -0.062538 33.314560 0.000000 0.000000 
-18.805647 -11.311388 1.606607 1.176125 33.974667 0.000000 0.000000 
-19.280523 -11.324535 1.007037 1.434608 33.919628 0.000000 0.000000 
-18.320858 -14.289700 -0.650591 16.284981 46.077324 0.000000 0.000000 
-26.522743 -5.482155 2.469162 -9.726807 22.600937 0.000000 1.000000 
-23.248941 -15.112022 -3.499920 -8.355637 21.389589 0.000000 1.000000 
-9.694832 -26.433384 -2.544288 -8.532562 24.736805 0.000000 1.000000 
8.618528 -26.714172 2.964259 -0.728203 26.885912 0.000000 0.000000 
-30.039042 -1.647163 2.670354 -7.118484 23.257763 0.000000 0.000000 
14.223488 -26.394955 0.984676 -0.389374 27.332447 0.000000 0.000000 
14.241487 -26.563450 0.941449 -4.133049 23.294521 0.000000 0.000000 
14.300138 -26.829647 0.073054 2.645668 29.402475 0.000000 0.000000 
-19.284792 -24.872639 1.245628 2.497711 28.039019 0.000000 0.000000 
11.863855 -29.244057 6.447464 0.127472 27.478149 0.000000 0.000000 
12.400216 -29.190868 0.841156 3.568520 29.210983 0.000000 0.000000 
12.941354 -29.194904 1.358680 -4.447639 24.375473 0.000000 0.000000 
12.693230 -30.841415 -0.696677 -2.158646 23.006126 0.000000 0.000000 
12.285812 -31.045033 -1.336010 -3.030151 24.110638 0.000000 0.000000 
-22.332796 -25.641052 -6.900602 -4.274551 22.094997 0.000000 0.000000 
-33.121323 -9.207823 6.878186 -6.901894 21.152798 0.000000 0.000000 
-35.124996 0.102338 2.533673 -0.869156 26.559563 0.000000 0.000000 
-35.632656 -0.056769 4.111433 -3.157684 25.991308 0.000000 0.000000 
-38.550842 -19.699635 0.699004 3.440262 25.812286 0.000000 0.000000 
-38.509991 -20.064140 2.215437 6.811707 28.219975 0.000000 0.000000 
-106.903587 -3.448048 6.835734 9.301918 17.633118 0.000000 0.000000 
-107.013458 -3.350088 6.465688 11.531372 20.198902 0.000000 0.000000 
-107.278709 -1.376006 5.155431 14.563026 22.245731 0.000000 0.000000 
-107.289246 -1.517349 8.261417 14.676094 22.085573 0.000000 0.000000 
-107.395821 -5.806331 4.244350 8.367578 19.122866 0.000000 0.000000 
-107.499443 -6.281814 4.126424 10.713234 19.120588 0.000000 0.000000 
-107.336571 -9.998532 4.804685 8.306793 16.164427 0.000000 0.000000 
-115.468483 -2.549685 6.614861 11.423500 18.718470 0.000000 0.000000 
-115.474838 -2.528383 6.415531 8.894920 15.671158 0.000000 0.000000 
63.628819 -98.803223 3.643049 18.792702 15.920362 0.000000 0.000000 
54.960201 -104.016724 5.429551 17.163124 19.135382 0.000000 0.000000 
56.003498 -103.539505 4.603816 22.056801 22.937782 0.000000 0.000000 
62.775822 -110.080200 6.857444 22.453423 21.479622 0.000000 0.000000 
59.569408 -147.985397 7.625906 19.602150 17.660391 0.000000 0.000000 
0.192598 -6.212153 -0.290553 -2.335243 47.547260 0.000000 1.000000 
0.040541 -6.204587 -0.188098 -6.760128 44.518562 0.000000 0.000000 
0.301024 -6.293023 -0.287295 -5.308277 45.201305 0.000000 0.000000 
7.184050 -5.247963 -0.045998 3.473145 46.244125 0.000000 0.000000 
7.287629 -5.355444 -0.103942 5.080902 49.755398 0.000000 0.000000 
8.565084 -3.942902 -1.259416 -4.348724 36.907406 0.000000 0.000000 
8.704473 -3.996835 -0.964040 -0.306969 40.340034 0.000000 0.000000 
8.767819 -3.938793 -0.880104 -1.671577 39.981903 0.000000 0.000000 
1.812218 -11.920495 4.724976 -8.828697 37.179413 0.000000 0.000000 
11.947861 -3.124761 0.107488 8.913896 48.479313 0.000000 0.000000 
11.948476 -3.127471 0.187135 7.311905 45.282284 0.000000 0.000000 
13.908450 -2.767153 0.705770 1.268250 40.907345 0.000000 0.000000 
-0.852069 -14.309321 3.603814 -11.670053 31.568356 0.000000 1.000000 
14.047550 -2.764831 0.829792 -2.192871 36.736225 0.000000 0.000000 
15.851446 -0.931263 -0.476969 0.721298 38.765289 0.000000 0.000000 
15.900577 -0.885209 -0.643321 -1.304832 36.456047 0.000000 0.000000 
17.050810 0.362855 -0.770979 8.287727 44.026352 0.000000 0.000000 
17.177715 0.396575 -0.834234 5.757454 42.930405 0.000000 0.000000 
8.269290 -17.706352 5.212304 -5.800797 27.638052 0.000000 0.000000 
-8.717394 -17.239525 -2.454783 -7.441940 24.631954 0.000000 1.000000 
17.060303 8.462669 0.305057 9.705147 39.134495 0.000000 0.000000 
17.037832 8.711381 0.491376 9.826912 39.132050 0.000000 0.000000 
-8.031655 -18.611111 -4.250697 -13.204491 28.779762 0.000000 0.000000 
18.520840 8.462061 -0.759532 3.695107 35.539410 0.000000 0.000000 
21.252748 -2.200903 -3.305018 -6.271713 27.753296 0.000000 1.000000 
18.348642 9.804647 0.009563 9.275963 42.359158 0.000000 0.000000 
18.419968 9.984253 -0.103858 7.459396 41.361938 0.000000 0.000000 
21.565331 -1.911029 -0.853204 0.681274 34.271980 0.000000 0.000000 
18.379725 10.647364 6.863154 6.467247 33.618904 0.000000 0.000000 
7.766728 -20.997524 6.530094 1.883194 34.982407 0.000000 0.000000 
22.098436 9.177195 0.282689 6.525024 38.615700 0.000000 0.000000 
21.731792 10.148566 0.548476 8.032997 36.789467 0.000000 0.000000 
22.578094 -11.042482 -1.882791 -2.374016 28.542660 0.000000 1.000000 
22.555798 -11.187897 4.742829 -2.416077 28.253059 0.000000 0.000000 
13.111625 -24.286732 3.059661 -5.102776 27.574224 0.000000 0.000000 
26.343475 8.898786 -0.886704 13.517357 37.941444 0.000000 0.000000 
26.494776 8.786588 -0.315952 12.092834 36.480209 0.000000 0.000000 
26.933054 7.867303 -3.398340 4.180153 29.764839 0.000000 0.000000 
27.027742 8.085411 3.694937 4.467523 29.860193 0.000000 0.000000 
24.917875 -14.685637 2.724639 1.913368 30.621302 0.000000 0.000000 
28.631439 8.519625 -0.466715 14.366371 37.095150 0.000000 0.000000 
28.562841 8.768279 -0.452866 16.804947 39.124435 0.000000 0.000000 
26.940350 14.278729 12.948730 -3.773506 24.524464 0.000000 0.000000 
28.586308 11.929904 0.151062 -0.362381 27.948860 0.000000 1.000000 
23.533205 -21.633659 0.613942 4.062805 29.665363 0.000000 0.000000 
23.692434 -21.568451 0.883431 7.419266 33.213306 0.000000 0.000000 
31.046850 7.562521 9.587935 -2.720390 25.380487 0.000000 0.000000 
28.706766 15.935864 1.019451 3.816666 30.422174 1.000000 1.000000 
13.072824 -33.150826 0.243150 -5.484711 20.882816 0.000000 1.000000 
34.329990 -12.690891 8.357804 -10.631813 20.437309 0.000000 0.000000 
33.574581 -15.143383 -1.633218 -1.176697 24.117207 0.000000 0.000000 
35.250698 10.904424 1.024588 -2.958504 22.005911 0.000000 0.000000 
33.540756 15.517049 6.712125 -4.822006 22.874453 0.000000 0.000000 
34.396248 -15.628736 5.836884 -0.515564 25.205517 0.000000 0.000000 
38.638161 7.669908 -0.883398 6.213562 27.506214 0.000000 1.000000 
38.670486 7.681379 11.006172 9.216209 29.401472 0.000000 1.000000 
38.295746 15.737184 -0.130979 0.660927 25.455971 0.000000 0.000000 
38.696426 15.662732 -2.015537 0.381424 25.352945 0.000000 0.000000 
42.610531 8.840523 -1.407094 17.161400 34.890076 0.000000 0.000000 
42.636475 8.913310 -1.228537 15.403587 34.000465 0.000000 0.000000 
43.620605 -9.673051 10.143476 -1.484070 23.199978 0.000000 1.000000 
44.480011 9.308513 -0.053532 8.043427 27.422140 0.000000 0.000000 
44.657669 8.975412 0.350236 5.727669 26.173157 0.000000 0.000000 
43.548496 15.435021 -0.399573 -2.723900 17.806519 0.000000 0.000000 
46.598396 7.987225 -2.491999 18.311028 33.036304 0.000000 0.000000 
46.644581 8.275167 -3.764623 19.756836 35.370216 0.000000 0.000000 
47.490284 7.486723 -1.610351 6.857475 25.933002 0.000000 0.000000 
47.490982 7.489152 -1.375821 5.248283 24.966709 0.000000 0.000000 
46.598412 16.785244 1.155738 14.573990 31.331713 0.000000 0.000000 
46.692970 16.602303 0.694130 13.192970 30.410673 0.000000 0.000000 
47.206009 16.278526 -0.874004 8.100258 25.932335 0.000000 0.000000 
50.394672 9.723124 -0.787460 8.798706 27.504770 0.000000 0.000000 
50.362816 9.873077 -0.604826 13.428696 32.926003 0.000000 0.000000 
50.575844 13.842093 -3.547867 0.985794 17.552773 0.000000 0.000000 
52.526554 9.220574 0.187431 16.232872 32.474464 0.000000 0.000000 
52.568676 9.295046 0.404044 18.728905 33.066689 0.000000 0.000000 
52.705299 8.593246 -0.270177 15.992966 33.986275 0.000000 0.000000 
54.893780 7.199395 -0.251440 22.517937 37.776520 0.000000 0.000000 
54.966438 7.119098 -0.541644 20.091789 34.086498 0.000000 0.000000 
55.795361 9.949397 0.613601 4.991432 21.052563 0.000000 0.000000 
56.866543 6.755730 -1.977419 19.806549 35.242325 0.000000 0.000000 
56.613735 10.032885 1.096969 14.501907 27.925966 0.000000 0.000000 
56.781311 9.432166 2.641861 12.031242 26.892979 0.000000 0.000000 
56.479233 10.955622 1.949691 12.058983 26.681343 0.000000 0.000000 
58.053429 0.657492 1.522420 12.532074 29.105785 0.000000 0.000000 
58.043655 1.029534 1.544513 13.369148 29.155027 0.000000 0.000000 
55.954590 16.060818 -3.334766 5.869186 20.456017 0.000000 0.000000 
56.162987 15.554055 -0.481097 4.787323 20.483744 0.000000 1.000000 
55.582546 17.505405 -0.875604 7.644920 21.596817 1.000000 1.000000 
58.140671 7.728906 -2.478288 6.231462 22.441881 0.000000 0.000000 
58.528244 8.780061 -0.891992 21.331726 33.626812 0.000000 0.000000 
58.709000 8.560596 -0.855350 21.241798 34.441391 0.000000 0.000000 
60.384251 9.927048 0.397394 21.261993 33.872581 0.000000 0.000000 
60.462383 9.488276 -0.370197 24.084427 36.605576 0.000000 0.000000 
61.961853 -9.266414 3.084187 8.261345 25.007399 0.000000 0.000000 
62.033604 -9.155552 3.218567 8.064285 23.959284 0.000000 0.000000 
62.034016 -10.672654 3.476161 4.756950 20.856216 0.000000 0.000000 
62.008705 -11.521349 2.005612 5.704019 22.089388 0.000000 0.000000 
62.624340 8.968650 -1.339766 12.255615 27.354652 0.000000 0.000000 
62.726604 8.578853 -2.356634 11.785553 27.952316 0.000000 1.000000 
64.075096 -9.374199 2.481941 4.946945 21.267742 0.000000 0.000000 
64.015808 -9.811975 3.508770 3.863777 21.410141 0.000000 1.000000 
57.525940 -31.769203 2.408259 13.986900 27.197742 0.000000 0.000000 
57.558464 -31.894394 2.637507 15.919579 27.324677 0.000000 0.000000 
57.542992 -32.161072 6.228085 15.972290 29.180279 0.000000 0.000000 
66.450653 -10.153296 3.015191 2.135483 19.113483 0.000000 0.000000 
66.720284 -10.644763 -0.676187 10.096901 28.073647 0.000000 0.000000 
66.749992 -10.722260 0.614180 14.484718 29.885118 0.000000 0.000000 
5.713573 -67.962021 1.165943 4.327316 20.186155 0.000000 0.000000 
67.574944 -11.408160 6.735854 2.269035 17.825758 0.000000 0.000000 
67.760193 11.114054 -2.062085 5.982292 18.358191 0.000000 0.000000 
68.018929 9.768859 -3.253520 4.786308 19.334229 0.000000 0.000000 
67.757278 13.188788 2.263606 22.195831 32.011547 0.000000 0.000000 
67.896545 13.015251 2.246753 24.468636 34.745365 0.000000 0.000000 
70.369667 -9.986027 -4.099175 9.967972 24.501549 0.000000 0.000000 
70.329857 -10.677616 -7.013866 7.134500 20.521946 0.000000 0.000000 
70.409431 9.608825 0.085521 10.619568 23.877478 0.000000 0.000000 
57.871872 -43.335987 4.720907 14.075684 26.568348 0.000000 0.000000 
72.563881 9.037360 -0.174620 29.115181 38.983780 0.000000 0.000000 
72.637100 8.906129 -0.070774 25.525459 34.805962 0.000000 0.000000 
74.816505 6.736428 -2.958442 13.146957 24.642839 0.000000 0.000000 
74.857765 7.162716 -2.857793 16.317604 26.723244 0.000000 0.000000 
74.750145 8.661561 -2.578107 8.520943 21.618683 0.000000 0.000000 
56.046993 -52.736031 0.726584 18.582321 29.610149 0.000000 0.000000 
76.659180 8.879239 -0.780813 15.528809 27.271311 0.000000 0.000000 
76.764229 8.422186 -1.431811 14.405464 24.609138 0.000000 0.000000 
8.624676 -77.149857 -1.736457 11.454506 25.254604 0.000000 0.000000 
8.528644 -77.172882 -1.723349 15.611488 28.142378 0.000000 0.000000 
78.636604 8.696748 -1.448084 20.207733 30.541628 0.000000 0.000000 
78.862305 8.075805 -2.266131 18.516891 28.425941 0.000000 0.000000 
80.652679 8.393848 -2.159791 10.940720 21.804857 0.000000 0.000000 
80.601952 9.443626 -0.481082 15.656693 26.592886 0.000000 0.000000 
80.633400 9.566862 -0.419548 11.620323 22.694931 0.000000 0.000000 
82.321205 10.330455 -1.260583 6.399620 19.764750 0.000000 0.000000 
55.816814 -64.109116 5.849770 11.405754 19.098581 0.000000 0.000000 
-33.890556 -77.590248 1.353965 6.612633 15.416718 0.000000 0.000000 
84.362099 10.547237 -1.633540 10.121849 20.994551 0.000000 0.000000 
84.416595 10.934043 -0.902913 11.423203 22.592777 0.000000 0.000000 
86.378952 10.415854 1.586028 13.830078 22.446167 0.000000 0.000000 
86.421432 10.438254 2.149478 13.395607 20.799044 0.000000 0.000000 
57.737606 -67.788101 5.476627 17.740395 25.812359 0.000000 0.000000 
57.847420 -67.955925 4.206758 16.931938 24.428026 0.000000 0.000000 
88.640320 9.304737 2.117244 13.273201 22.394598 0.000000 0.000000 
88.562164 9.979916 2.594589 17.382668 25.069656 0.000000 0.000000 
89.460640 -1.045599 -2.202929 5.825668 16.553099 0.000000 0.000000 
89.161133 -10.551466 8.998747 9.360710 21.890871 0.000000 0.000000 
89.284332 -9.751000 9.818281 8.390671 21.703569 0.000000 0.000000 
90.463928 10.005131 1.501195 22.006111 28.540863 0.000000 0.000000 
90.603897 10.109092 1.214530 24.721077 31.581364 0.000000 0.000000 
91.199524 -10.624742 8.920099 8.669861 22.697668 0.000000 0.000000 
91.151756 -11.910772 8.658869 8.967155 23.666868 0.000000 0.000000 
91.386208 -12.355026 10.786337 11.654320 23.338818 0.000000 0.000000 
91.434128 -12.081883 14.261169 14.065155 24.535439 0.000000 0.000000 
91.456505 -12.623302 11.139525 8.731239 20.754087 0.000000 0.000000 
91.519051 -12.672528 14.218865 11.068489 22.355936 0.000000 0.000000 
91.859184 -12.449141 11.584502 8.827202 20.392376 0.000000 0.000000 
92.800247 7.833023 -1.483351 19.585709 27.425552 0.000000 0.000000 
92.855896 7.980947 -1.303753 17.877953 25.355953 0.000000 0.000000 
92.651558 -12.189136 10.524899 8.378059 17.711281 0.000000 0.000000 
92.693108 -12.651030 13.438975 7.095375 17.355000 0.000000 0.000000 
94.609032 8.964189 1.730054 6.169145 14.197584 0.000000 0.000000 
95.205414 -11.426631 7.815061 5.347305 14.717796 0.000000 0.000000 
96.293343 -12.226646 7.955816 7.906090 19.254587 0.000000 0.000000 
96.248070 -12.952429 6.280272 8.398973 19.623283 0.000000 0.000000 
97.460594 -12.267082 7.893834 8.372482 16.613781 0.000000 0.000000 
108.506981 -9.779247 9.299320 10.682678 16.783695 0.000000 0.000000 
108.515549 -10.039343 9.648412 11.679527 16.578186 0.000000 0.000000 
107.782036 16.250179 0.549667 16.567772 21.557777 0.000000 0.000000 
107.883255 16.034790 -1.326349 12.684471 18.347305 0.000000 0.000000 
6.801756 -115.953934 -4.777466 8.774139 16.254528 0.000000 0.000000 
6.019446 -116.047104 -2.051290 5.950867 15.432602 0.000000 0.000000 
118.196472 3.957939 0.129881 16.558289 23.742294 0.000000 0.000000 
118.236977 4.092110 1.679221 18.975037 25.340687 0.000000 0.000000 
118.515602 -0.140541 4.089414 11.587296 19.301844 0.000000 0.000000 
118.829063 8.510155 -4.369460 13.086716 18.918842 0.000000 0.000000 
118.795403 9.351810 -3.766634 13.293976 18.527983 0.000000 0.000000 
119.912956 0.815895 -0.010121 9.357994 16.563116 0.000000 0.000000 
119.980278 -1.091098 -2.567911 8.554352 16.590662 0.000000 0.000000 
120.402580 -0.182492 -5.467497 10.403305 14.777922 0.000000 0.000000 
120.789421 8.612635 -0.730583 11.171722 14.993603 0.000000 0.000000 
124.678825 8.225844 -3.920954 11.783455 15.675552 0.000000 0.000000 
127.375824 17.035370 3.109582 19.889595 20.733088 0.000000 0.000000 
10.090586 -129.304962 1.687743 14.667145 17.331444 0.000000 0.000000 
7.517312 -130.683670 -3.727125 11.595505 15.476450 0.000000 0.000000 
7.492657 -131.921707 1.051134 10.784973 14.849409 0.000000 0.000000 
7.572420 -134.382996 0.640465 16.204430 18.750957 0.000000 0.000000 
134.418045 9.800406 -4.229339 13.337700 15.496668 0.000000 0.000000 
7.302630 -135.630493 0.148906 13.839661 17.860476 0.000000 0.000000 
136.736755 9.918582 -5.099813 15.256912 17.972652 0.000000 0.000000 
138.196045 12.592001 -0.458991 19.693321 20.850428 0.000000 0.000000 
7.104148 -140.859650 -0.738369 12.890457 15.351004 0.000000 0.000000 
140.422913 11.209643 -2.304317 13.399803 14.590895 0.000000 0.000000 
8.148542 -142.147415 -8.269403 14.546379 16.607702 0.000000 0.000000 
142.272888 12.999875 0.735451 20.521317 21.770370 0.000000 0.000000 
8.082561 -143.382507 0.122405 22.770164 25.849857 0.000000 0.000000 
7.148428 -144.667358 -3.546706 22.117386 23.198156 0.000000 0.000000 
7.012274 -145.902649 -4.309329 17.721169 20.167686 0.000000 0.000000 
146.345322 13.240515 8.225422 21.774673 22.659405 0.000000 0.000000 
7.747127 -147.101654 -0.579801 24.969994 27.061565 0.000000 0.000000 
8.110379 -148.312592 -4.577403 21.456955 22.531670 0.000000 0.000000 
148.376205 13.569274 2.463136 17.250504 18.326490 0.000000 0.000000 
6.802617 -149.603012 -4.138721 18.827156 19.793905 0.000000 0.000000 
150.145142 13.518112 4.021454 16.564995 15.931307 0.000000 0.000000 
150.575806 11.932608 6.918607 17.321312 16.401979 0.000000 0.000000 
158.726624 -14.889120 13.585872 15.872154 15.592594 0.000000 0.000000 
164.061081 -15.027701 12.956649 16.912407 18.894423 0.000000 0.000000 
58.420013 -158.768600 6.289762 13.954086 15.420595 0.000000 0.000000 
8.012194 -173.360107 -7.268124 20.352654 19.891932 0.000000 0.000000 
176.075119 65.022202 18.552921 33.906822 26.977734 0.000000 0.000000 
185.109879 65.338936 22.477924 22.175148 15.888557 0.000000 0.000000 
-0.325071 8.829106 0.008641 -45.042793 16.055967 1.000000 1.000000 
3.026221 10.586297 0.071786 -31.271698 10.454868 1.000000 1.000000 
2.299039 12.328671 0.398360 -16.058426 32.784218 0.000000 0.000000 
2.027639 12.473516 -0.071366 -35.281067 15.102835 1.000000 1.000000 
2.219895 12.839317 -1.013751 -11.316957 35.364021 0.000000 0.000000 
2.199298 13.102036 -1.165996 -10.936296 33.240837 0.000000 0.000000 
2.278197 13.529052 -0.077599 -2.184196 37.896198 0.000000 0.000000 
2.363821 13.952979 -0.106780 -0.056854 41.105942 0.000000 0.000000 
2.120360 14.169178 -0.095946 -28.421555 12.361336 1.000000 1.000000 
2.478962 14.265192 0.092740 -31.914711 9.788857 1.000000 1.000000 
2.325931 14.383095 -0.152869 3.094696 43.327694 0.000000 0.000000 
2.314517 14.394806 -0.161007 0.253525 39.628700 0.000000 0.000000 
2.303160 14.494633 -0.148505 2.094299 40.827217 0.000000 0.000000 
2.351506 14.843298 -0.127932 -3.761696 35.177834 0.000000 0.000000 
2.268103 15.184346 0.140108 -9.681313 35.119301 0.000000 0.000000 
2.273195 15.287316 0.185539 -12.825897 36.135193 0.000000 0.000000 
2.321274 15.722258 0.329706 -6.624260 35.154293 0.000000 0.000000 
2.330474 15.830462 0.250953 -7.922447 31.443012 0.000000 0.000000 
2.240509 16.181686 -0.203578 -15.938095 32.650734 0.000000 0.000000 
2.052713 16.324018 -0.271452 -18.538170 24.586689 1.000000 1.000000 
2.341913 16.604855 -0.060294 -7.730621 35.310444 0.000000 0.000000 
2.330156 16.716345 -0.059193 -5.750633 34.527447 0.000000 0.000000 
2.209806 16.738504 0.201790 -18.217346 27.210533 0.000000 0.000000 
2.166697 17.242125 -0.087129 -18.796768 27.787861 0.000000 0.000000 
2.265097 17.515902 -0.173121 -3.298592 36.715748 0.000000 0.000000 
2.287772 17.536049 -0.085673 -3.001640 36.385269 0.000000 0.000000 
-3.454710 17.482090 0.360860 1.775772 37.016621 1.000000 1.000000 
2.260850 17.823132 -0.151824 -34.792961 8.036346 1.000000 1.000000 
2.312556 17.948425 0.302940 -6.482918 31.016273 0.000000 0.000000 
2.404773 18.238665 -0.185111 -11.637817 27.279436 1.000000 1.000000 
2.341169 18.263752 0.325057 -4.018982 30.012936 0.000000 0.000000 
2.337617 18.361477 -1.350017 -5.826385 33.463608 0.000000 0.000000 
2.275845 18.698303 0.059127 -11.583939 26.187670 0.000000 0.000000 
2.262663 19.316122 0.275429 -8.211342 30.368345 0.000000 0.000000 
2.021278 19.481796 -0.001206 -21.024216 16.063051 1.000000 1.000000 
2.346638 19.495354 -0.119960 -26.889709 11.561184 1.000000 1.000000 
2.180626 19.741650 -0.063459 3.272255 39.831703 0.000000 0.000000 
2.232758 19.870779 0.188383 3.155022 38.534424 0.000000 0.000000 
5.449258 19.507481 0.185229 -26.002296 8.122623 1.000000 1.000000 
2.174327 20.427908 0.345890 -3.929352 31.925610 0.000000 0.000000 
2.266018 20.449032 -0.103041 -1.229141 36.996883 1.000000 1.000000 
2.151862 20.576679 -0.548884 8.357820 44.385918 0.000000 0.000000 
2.217223 20.941544 -0.428643 -0.565903 31.224251 0.000000 0.000000 
2.192860 21.000906 -0.478625 5.412460 38.425831 0.000000 0.000000 
-6.629600 22.593798 -2.346920 -9.320892 28.959339 0.000000 0.000000 
-6.555532 22.876112 -1.686622 -8.283180 25.759008 0.000000 0.000000 
-6.547941 23.081320 0.296138 -6.499031 28.893995 0.000000 0.000000 
-7.363562 24.171124 1.072015 -13.335365 26.261883 0.000000 0.000000 
-21.441380 10.372026 -3.252265 4.022789 19.991625 0.000000 1.000000 
8.001834 25.202883 -1.196216 -10.803032 26.106432 0.000000 0.000000 
3.378531 26.539661 -0.201388 -17.622536 22.571735 0.000000 0.000000 
11.001529 25.084480 3.186067 -15.189934 20.555601 0.000000 0.000000 
7.189420 26.948807 -0.236598 -17.033241 21.726059 0.000000 0.000000 
-7.254920 26.949663 9.254695 -15.231476 23.839933 0.000000 0.000000 
-7.413582 27.234137 4.360717 -15.672997 22.997452 0.000000 0.000000 
-7.761734 27.243391 3.950556 -7.333244 28.108227 0.000000 0.000000 
7.546491 27.321243 2.667225 -14.780853 24.316538 0.000000 0.000000 
7.168588 27.869772 -2.781574 -13.258409 24.863400 0.000000 0.000000 
6.959367 28.383614 -6.677356 -12.342813 24.852047 0.000000 0.000000 
7.960548 28.963434 -7.879881 -17.700996 20.953493 0.000000 0.000000 
-18.502605 22.639177 9.876684 -2.487297 22.833363 0.000000 1.000000 
8.893798 29.105230 4.169637 -14.056007 22.936499 0.000000 0.000000 
8.058112 30.227757 5.831156 -15.303917 22.898558 0.000000 0.000000 
8.392903 30.205042 5.239465 -15.549622 24.121382 0.000000 0.000000 
9.503418 29.861742 11.395015 -15.707024 22.146637 0.000000 0.000000 
7.311812 30.643621 -7.519052 -13.284721 24.300404 0.000000 0.000000 
-10.500430 30.406614 -11.938705 -12.387329 22.730417 0.000000 1.000000 
-10.468661 30.433231 11.701056 -15.794098 21.296928 0.000000 0.000000 
6.982533 31.697851 2.392724 -13.033745 20.873772 1.000000 1.000000 
-10.267807 30.935965 11.388687 -16.975212 22.602892 0.000000 0.000000 
6.936642 32.303295 2.215151 0.169014 32.004017 0.000000 0.000000 
7.022491 32.382469 2.320204 -0.318260 32.915520 0.000000 0.000000 
7.752502 32.206459 -0.112442 -12.617874 23.037388 0.000000 0.000000 
6.710455 32.708675 -0.735619 -18.370766 16.344822 1.000000 1.000000 
7.210441 32.799114 -7.652718 -15.209929 22.048615 0.000000 0.000000 
6.921881 33.746166 -0.841434 -1.477402 32.014778 0.000000 0.000000 
6.996525 33.864510 -0.916130 -2.818146 29.555553 0.000000 0.000000 
6.218354 34.307007 7.557706 -15.226645 22.512295 0.000000 0.000000 
6.210598 34.769276 -8.710608 -18.171844 20.607506 0.000000 0.000000 
7.230912 34.563019 -10.170224 -13.942268 21.672806 0.000000 0.000000 
7.302757 34.641479 -4.919783 -8.121109 24.099659 0.000000 0.000000 
5.398993 35.219727 0.235310 -20.887115 20.364079 0.000000 0.000000 
6.909189 35.068893 4.322259 -12.152901 23.473186 0.000000 0.000000 
6.695837 35.134178 4.247225 -6.711761 25.055134 0.000000 0.000000 
6.588568 35.954712 -0.375143 -8.418816 24.479076 0.000000 0.000000 
6.334176 36.110443 3.485810 -6.218735 27.147200 0.000000 0.000000 
6.431908 36.349098 3.540428 -5.506432 27.726524 0.000000 0.000000 
6.507478 36.444340 2.689360 -10.547432 24.031591 0.000000 0.000000 
6.651055 36.506569 7.993819 -15.374321 22.184381 0.000000 0.000000 
6.355731 36.849499 3.449464 -11.620872 21.367294 1.000000 1.000000 
7.044185 36.823452 2.470712 -11.666162 23.401474 0.000000 0.000000 
6.617669 36.948296 2.321052 -16.845413 20.768353 0.000000 0.000000 
7.162451 36.983444 3.944268 -8.446861 24.190931 0.000000 0.000000 
-3.532412 37.982765 1.350528 -23.356972 16.321154 0.000000 1.000000 
8.427813 37.372318 0.574757 -15.653998 19.736609 0.000000 0.000000 
21.851421 31.744530 3.184374 -6.118385 18.648254 0.000000 0.000000 
7.088480 39.066616 -0.206534 -12.675774 20.261843 0.000000 0.000000 
7.128271 39.336109 -0.303568 -13.695656 20.446817 0.000000 0.000000 
13.020150 37.852325 4.563142 -13.256462 16.950693 1.000000 1.000000 
7.168172 39.772579 -0.363575 -16.352745 15.961800 1.000000 1.000000 
12.981743 39.025330 4.428698 -9.973251 19.667297 0.000000 0.000000 
13.633685 38.967606 4.851513 -10.662537 20.987577 0.000000 0.000000 
16.249636 38.232716 1.989107 -13.176651 17.361378 0.000000 1.000000 
7.215065 41.299992 -1.130080 -15.834984 17.775467 1.000000 1.000000 
10.275550 40.889664 3.934185 -17.661362 16.485426 0.000000 0.000000 
8.570919 41.356190 2.944549 -11.096924 21.193867 0.000000 0.000000 
8.725885 41.363956 2.955845 -8.870430 22.199173 0.000000 0.000000 
7.030003 41.748909 -1.121560 -8.066444 23.129841 0.000000 0.000000 
8.007575 41.704098 -0.657743 -8.043678 22.298363 0.000000 0.000000 
7.344790 42.015732 -0.913859 -9.816162 23.743710 0.000000 0.000000 
10.306375 41.490845 4.879969 -13.396759 19.514658 0.000000 0.000000 
10.108657 41.808441 4.570639 -8.914223 21.657618 0.000000 0.000000 
9.629210 41.964809 4.384629 -13.635033 19.567066 0.000000 0.000000 
5.257722 42.817642 -0.624669 -8.065102 22.189444 0.000000 0.000000 
5.221305 42.833187 -0.541822 -9.980362 21.002710 0.000000 0.000000 
5.449685 43.119186 -0.644813 -14.691902 18.878281 0.000000 0.000000 
5.196447 43.581848 -0.542354 -7.697433 21.303246 0.000000 0.000000 
5.296525 43.599686 -0.476107 -16.282440 16.340244 0.000000 0.000000 
5.290988 43.611656 -0.547161 -7.020256 22.283257 0.000000 0.000000 
5.410208 43.672401 -0.311728 -11.390175 19.110355 0.000000 0.000000 
5.294683 43.718079 -0.553576 -8.290688 21.811451 0.000000 0.000000 
5.112298 44.073956 -0.417883 -14.304131 17.169054 0.000000 0.000000 
5.431090 44.036083 -0.641339 -18.950142 12.464802 1.000000 1.000000 
5.235591 44.132961 -1.019016 -13.699287 19.209826 0.000000 0.000000 
7.540067 43.810627 2.544687 -10.037079 22.747717 0.000000 0.000000 
7.556417 43.988087 2.331796 -4.352745 26.014988 0.000000 0.000000 
7.484648 44.128742 5.463332 -8.570190 20.504101 0.000000 0.000000 
7.826469 44.116119 2.511568 -9.895638 22.324486 0.000000 0.000000 
7.537032 44.231373 5.753161 -8.594856 21.334295 0.000000 0.000000 
5.428219 44.919113 -0.469950 -14.386940 14.936760 1.000000 1.000000 
7.936391 44.576885 1.277278 -17.386292 17.040947 0.000000 0.000000 
6.654602 44.854923 0.868900 -18.245422 16.299860 0.000000 0.000000 
6.846751 44.905418 11.288977 -15.905623 19.296032 0.000000 0.000000 
12.830867 43.687824 4.715116 -13.402374 16.419874 0.000000 0.000000 
7.962703 44.998669 5.778411 -13.943924 18.140497 0.000000 0.000000 
7.698818 45.338211 5.641675 -9.992287 17.972300 1.000000 1.000000 
13.366769 44.027943 5.626076 -18.869102 14.492224 0.000000 1.000000 
8.211674 45.414627 -0.225361 -15.221237 15.884249 0.000000 0.000000 
8.208594 45.461094 5.374444 -10.386406 17.957735 0.000000 0.000000 
8.363344 45.659214 4.740475 -20.351051 13.522823 0.000000 0.000000 
5.378032 46.293217 -1.166530 -19.399849 16.113779 0.000000 0.000000 
6.814842 46.111538 6.023120 -16.524712 15.804848 0.000000 0.000000 
23.068075 40.875309 1.289045 -7.606590 18.237942 0.000000 0.000000 
6.374796 47.029484 7.522925 -14.714745 17.035635 0.000000 0.000000 
7.860857 47.084049 5.002030 -7.623871 20.924789 0.000000 0.000000 
8.066185 47.142048 5.651798 -8.436134 22.962494 0.000000 0.000000 
7.806102 47.239429 4.994507 -3.154228 24.759811 0.000000 0.000000 
7.029207 47.419395 6.167571 -12.346565 20.088596 0.000000 0.000000 
7.933383 47.644352 4.243533 -8.448578 21.320271 0.000000 0.000000 
7.323276 47.765640 3.583444 -7.042862 22.343647 0.000000 0.000000 
7.786569 47.844650 3.681912 -5.219849 23.366587 0.000000 0.000000 
35.051712 31.594650 1.026006 17.986740 27.452719 0.000000 0.000000 
34.939285 31.870951 0.912530 9.339493 21.670303 0.000000 0.000000 
35.183079 31.807344 1.344530 14.494644 25.471220 0.000000 0.000000 
8.033301 48.085190 4.190274 -8.550064 21.980860 0.000000 0.000000 
15.633090 46.335976 0.770049 -10.805313 16.708284 0.000000 0.000000 
8.192636 49.186901 -7.391590 -7.130035 19.821564 0.000000 0.000000 
7.368816 49.482216 4.845286 -9.025116 19.243412 0.000000 0.000000 
8.173443 49.346958 4.685100 -7.159874 21.426758 0.000000 0.000000 
7.711672 49.548733 5.835084 -20.181557 12.076077 0.000000 0.000000 
7.876204 50.062962 6.000528 -18.468384 13.346687 0.000000 0.000000 
7.992147 50.138409 5.865605 -15.059448 17.145056 0.000000 0.000000 
-19.694298 46.550781 13.082131 -12.560081 15.634357 0.000000 1.000000 
8.076248 50.245865 6.571392 -14.873657 16.181028 0.000000 0.000000 
32.548130 37.914299 2.199549 -4.434196 14.750160 0.000000 0.000000 
7.875284 50.333641 -4.952051 -18.738426 14.236774 0.000000 0.000000 
7.472908 50.813923 6.636547 -19.558136 12.655361 0.000000 0.000000 
7.626282 50.989353 6.179631 -14.115356 14.966679 0.000000 0.000000 
8.436749 50.913612 -6.574163 -12.289719 18.888319 0.000000 0.000000 
7.646266 51.159405 4.756251 -13.388062 15.223001 0.000000 0.000000 
7.861495 51.171730 5.625305 -11.174400 20.867268 0.000000 0.000000 
7.896132 51.166290 -7.293082 -9.234627 17.665722 0.000000 0.000000 
7.890960 51.179661 -7.212921 -3.342331 22.935513 0.000000 0.000000 
7.908945 51.183601 -7.670541 -6.362434 19.011612 0.000000 0.000000 
12.734797 50.500385 2.956380 -17.625648 11.911312 0.000000 0.000000 
13.524371 50.469070 3.794646 -11.422844 17.552944 0.000000 0.000000 
7.757591 51.824482 6.335279 -12.368698 16.137411 0.000000 0.000000 
7.965641 51.867588 -7.462641 -14.673630 12.969257 1.000000 1.000000 
7.885258 52.016682 6.242867 -16.204613 15.037508 0.000000 0.000000 
12.539280 51.050274 3.865047 -11.387161 18.646782 0.000000 0.000000 
12.467029 51.140327 3.585242 -16.116646 12.935829 0.000000 0.000000 
12.549631 51.495407 2.922832 -14.755989 16.306322 0.000000 0.000000 
17.981287 49.776016 0.471587 -9.492104 17.062210 0.000000 0.000000 
11.167370 52.268913 4.350256 -16.305649 15.934921 0.000000 0.000000 
6.390682 53.459339 5.457584 -9.531425 18.579987 0.000000 0.000000 
7.512781 53.413349 4.975658 -9.015167 21.503725 0.000000 0.000000 
7.172763 53.473602 -8.169774 -11.575006 20.791426 0.000000 0.000000 
6.313344 53.841717 7.144992 -14.370049 13.595976 0.000000 0.000000 
6.550164 53.912655 3.566439 -4.951263 22.281950 0.000000 0.000000 
7.337265 53.802975 3.871969 -4.846817 22.586309 0.000000 0.000000 
13.924058 52.471317 3.936036 -8.222382 22.825613 0.000000 0.000000 
7.159286 54.011284 7.079485 -15.629120 12.492275 1.000000 1.000000 
14.101852 52.680847 4.300653 -3.409355 25.625046 0.000000 0.000000 
7.308870 54.189564 5.631521 -3.228844 21.418110 0.000000 0.000000 
8.237621 54.156303 3.556624 -9.676796 19.911915 0.000000 0.000000 
7.913002 54.221817 3.884465 -10.766167 18.545383 0.000000 0.000000 
7.478094 54.380276 -5.181170 -14.944489 15.472305 0.000000 0.000000 
6.817667 54.498665 6.636527 -16.562691 13.123302 0.000000 0.000000 
7.402828 54.490986 -10.603047 -11.160057 17.538649 0.000000 0.000000 
7.593010 54.475868 -9.848696 -10.648964 17.448372 0.000000 0.000000 
7.746397 54.671169 2.907645 -7.926308 19.770325 0.000000 0.000000 
6.482110 54.920784 3.927125 -13.565819 18.634151 0.000000 0.000000 
5.696368 55.398514 3.895705 -9.184074 21.233149 0.000000 0.000000 
7.384258 55.292194 3.840266 -9.689926 17.837593 0.000000 0.000000 
7.341349 55.324680 3.400607 -9.520584 18.753233 0.000000 0.000000 
6.901410 55.679035 5.006342 -4.327545 21.557302 0.000000 0.000000 
7.340550 55.730682 4.856978 -10.126183 19.409760 0.000000 0.000000 
43.650871 32.961128 1.958719 9.041757 14.285765 1.000000 1.000000 
43.963501 33.694809 2.172752 18.243248 22.643644 0.000000 0.000000 
44.491863 32.921951 1.839143 20.570152 25.429735 0.000000 0.000000 
44.270870 33.258888 2.796188 20.501259 25.215969 0.000000 0.000000 
44.937275 32.276329 -0.299048 17.708900 22.974411 0.000000 0.000000 
43.502205 34.466770 1.451074 6.412805 16.365326 0.000000 0.000000 
6.757997 57.010044 5.689939 -7.432243 22.272493 0.000000 0.000000 
6.562074 57.061508 -6.144831 -10.447044 18.077045 0.000000 0.000000 
5.852007 57.665276 9.557567 -11.915352 15.370087 1.000000 1.000000 
7.177842 57.569042 3.854588 -11.559647 14.936880 0.000000 0.000000 
7.372399 57.551983 4.057970 -13.448433 15.288712 0.000000 0.000000 
7.130159 57.804096 -6.734023 -6.813965 18.902023 0.000000 0.000000 
7.024618 57.855137 4.552848 -4.278160 21.378710 0.000000 0.000000 
7.419331 57.865364 4.539028 -2.588753 21.339350 0.000000 0.000000 
7.219968 57.898586 4.923016 -0.984367 22.968212 0.000000 0.000000 
6.843046 57.972469 2.800325 -11.100006 16.053732 0.000000 0.000000 
6.248342 58.050896 5.780649 -11.858864 14.558086 1.000000 1.000000 
8.845877 57.836823 7.159669 -9.637985 19.957544 0.000000 0.000000 
7.973658 58.076488 5.727579 -12.277908 15.442774 0.000000 0.000000 
6.118986 58.382271 5.977425 -12.073297 16.798115 0.000000 0.000000 
6.161128 58.757797 10.150762 -7.924225 17.772305 0.000000 0.000000 
6.083904 58.825642 9.709828 -4.910583 21.487846 0.000000 0.000000 
6.080770 58.840981 6.622984 -14.054276 14.465473 0.000000 0.000000 
6.019463 58.908070 9.842827 -9.301704 19.642101 0.000000 0.000000 
7.463306 58.769428 5.444568 -18.126862 9.633785 1.000000 1.000000 
7.080960 58.880733 6.546919 -9.136009 17.088976 0.000000 0.000000 
7.335457 58.910217 -4.870118 -14.565643 14.493465 0.000000 0.000000 
7.348609 59.045078 5.641868 -18.177574 12.903835 0.000000 0.000000 
6.290596 59.240009 4.313140 -14.651268 15.369926 0.000000 0.000000 
51.808254 24.524591 -0.565318 3.832382 11.439548 0.000000 1.000000 
7.473859 59.473698 5.401835 -15.689629 12.869553 0.000000 0.000000 
7.133928 59.580063 3.823682 -13.611748 15.578026 0.000000 0.000000 
30.768869 50.908772 2.550962 -5.517769 14.051731 0.000000 1.000000 
7.792523 59.548016 5.330892 -9.617783 14.744621 0.000000 0.000000 
7.334512 59.632938 7.360374 -6.042664 18.921982 0.000000 0.000000 
7.305418 59.822422 7.280002 -9.492188 15.460117 0.000000 0.000000 
7.289561 59.858215 7.606488 -7.436043 16.703728 0.000000 0.000000 
8.007399 59.868427 8.557324 -12.356659 14.184120 0.000000 0.000000 
7.328081 59.989574 7.474110 -4.216377 19.647848 0.000000 0.000000 
47.580578 35.264736 3.678456 0.443375 11.293976 0.000000 1.000000 
6.744191 60.500900 2.755441 -13.043762 16.307333 0.000000 0.000000 
6.297669 60.661732 7.125224 -15.879387 13.815584 0.000000 0.000000 
7.259658 60.858505 -5.848922 -13.499420 12.499203 0.000000 0.000000 
6.865088 61.018448 7.429470 -12.928589 12.429886 0.000000 0.000000 
-7.644765 61.141098 -1.247812 0.133087 23.667070 0.000000 0.000000 
-7.617770 61.158890 -1.278697 -0.964493 22.609844 0.000000 0.000000 
-7.616319 61.258041 -1.245511 1.861832 26.908298 0.000000 0.000000 
-7.670414 61.253323 -1.224932 -5.161522 19.734180 0.000000 0.000000 
7.347798 61.698330 -7.972454 -14.797920 13.052933 0.000000 0.000000 
6.236999 61.846714 7.745808 -18.420830 12.615524 0.000000 0.000000 
8.574198 61.584248 9.140104 -15.929564 11.387486 0.000000 0.000000 
-8.023479 61.869808 -0.680951 -12.620033 13.842987 0.000000 0.000000 
6.606200 62.152920 7.413064 -14.423798 11.249737 0.000000 0.000000 
-8.595153 61.981232 -1.411648 -15.018837 12.211227 0.000000 0.000000 
-8.609755 61.986740 -1.520575 -15.515953 12.980980 0.000000 0.000000 
7.322127 62.223869 13.786780 -19.552292 9.447990 0.000000 0.000000 
-7.820127 62.360981 -1.367450 -14.329239 12.255051 1.000000 1.000000 
44.094059 43.443314 -0.273309 -3.521240 4.040421 1.000000 1.000000 
-8.053529 62.946964 -6.145402 -17.251450 12.115669 0.000000 0.000000 
27.499233 57.238911 -2.656603 -7.845596 13.996796 0.000000 0.000000 
7.721712 64.230774 -0.980174 -20.031776 8.386108 0.000000 1.000000 
7.766491 64.226570 -0.646252 -10.267113 14.960953 0.000000 0.000000 
7.809437 64.284172 -0.565167 -13.978157 12.543358 0.000000 0.000000 
-25.573593 59.692108 -7.958007 -14.128166 10.327145 0.000000 0.000000 
-11.525891 64.427597 -0.255301 -11.101715 16.971268 0.000000 0.000000 
21.561283 61.730236 0.499555 -8.205299 14.427513 0.000000 0.000000 
-11.717518 64.530930 -0.669222 -9.319571 18.385777 0.000000 0.000000 
21.703278 61.778721 1.133126 -15.204018 9.789253 0.000000 0.000000 
8.421261 65.889328 -0.948520 -14.546242 10.888710 1.000000 1.000000 
16.396482 64.359238 1.396011 -18.578247 7.926247 0.000000 0.000000 
8.179318 66.885506 -1.311993 -11.241014 14.389048 0.000000 0.000000 
8.426264 67.134277 -1.506009 -11.585373 13.586483 0.000000 0.000000 
-12.909986 66.602356 1.289854 -17.432571 8.685768 1.000000 1.000000 
8.113421 67.623703 -1.673828 -16.969261 9.283878 1.000000 1.000000 
22.243645 64.277687 1.263205 -15.355850 11.274971 0.000000 0.000000 
-13.168722 67.114494 -0.173297 -14.549278 10.450008 0.000000 0.000000 
-12.822433 67.299561 1.720922 -10.018936 13.187401 0.000000 0.000000 
-12.893759 67.342545 2.211450 -10.927582 13.532162 0.000000 0.000000 
22.612289 64.759247 1.106551 -13.120911 7.905777 0.000000 0.000000 
22.412659 64.882904 0.871335 -13.152513 8.444996 0.000000 0.000000 
22.606998 64.912727 1.877444 -9.474373 11.117008 0.000000 0.000000 
22.731174 64.905594 2.543620 -12.031281 10.099987 0.000000 0.000000 
22.772932 64.972366 1.129755 -13.499771 8.495338 0.000000 0.000000 
44.407524 52.059528 2.987716 -2.211433 12.311314 0.000000 0.000000 
43.194771 53.363640 2.614522 -1.507637 12.644012 0.000000 0.000000 
8.108426 69.248718 1.276854 -23.154465 5.202538 1.000000 1.000000 
45.145096 52.037277 2.249238 -0.364983 9.095333 0.000000 0.000000 
45.242050 52.069466 2.662350 9.091866 17.293509 0.000000 0.000000 
44.971527 52.342064 3.299411 3.371620 13.177238 0.000000 0.000000 
45.250797 52.255756 3.046226 7.444940 15.434519 0.000000 0.000000 
8.344028 69.650009 1.154886 -0.265755 21.082043 0.000000 0.000000 
8.361602 69.861885 1.045632 -12.615845 13.083553 0.000000 0.000000 
8.431085 69.867104 1.060014 0.988739 23.302324 0.000000 0.000000 
46.442440 51.737579 -0.130829 -7.245430 10.827053 0.000000 0.000000 
8.571508 70.288368 5.059556 -9.693703 15.412569 0.000000 0.000000 
9.202128 70.261185 5.145571 -6.647842 17.467638 0.000000 0.000000 
8.451653 70.493401 -0.781388 -11.304962 18.665951 0.000000 0.000000 
9.007622 70.478645 0.456839 -12.407402 14.079386 0.000000 0.000000 
9.495989 70.419937 0.780476 -11.149300 14.035225 0.000000 0.000000 
47.180374 52.012432 -4.256224 8.654489 20.008141 0.000000 0.000000 
47.223454 52.224648 -5.494632 -1.123711 11.744755 0.000000 0.000000 
8.536092 70.934090 1.317787 -6.414062 15.454594 1.000000 1.000000 
-35.913910 61.539635 3.912087 -4.788063 12.711433 1.000000 1.000000 
47.456284 52.832027 -4.332747 1.185783 12.131660 0.000000 0.000000 
-36.227882 62.075516 3.947044 3.076157 19.839315 0.000000 0.000000 
-35.824009 62.340759 3.658836 1.800865 17.925508 0.000000 0.000000 
-36.373318 62.117195 3.958995 2.866325 19.204033 0.000000 0.000000 
-35.973759 62.384144 3.862894 -0.053101 17.349218 0.000000 0.000000 
-29.200077 66.113953 2.346418 -7.633423 10.831600 1.000000 1.000000 
9.549662 72.004135 3.437471 -15.537537 10.850574 1.000000 1.000000 
8.652956 72.395699 -6.999020 -17.106606 8.979488 0.000000 0.000000 
10.014413 72.476280 2.746209 -10.744728 15.784527 0.000000 0.000000 
-29.096857 66.906517 3.372860 -6.578926 14.720629 0.000000 0.000000 
9.491677 72.754196 2.984270 -6.506393 17.243866 0.000000 0.000000 
-29.167284 67.081665 2.267969 -5.343483 13.888531 0.000000 0.000000 
10.686892 72.934303 4.045313 -21.164276 7.538300 1.000000 1.000000 
-28.701672 67.702621 2.983065 -5.994194 14.847399 0.000000 0.000000 
-9.580806 73.328590 3.556094 -2.902908 19.970024 0.000000 0.000000 
-9.705596 73.332138 4.262397 -5.429420 18.425613 0.000000 0.000000 
-30.729570 67.005554 2.956909 5.163574 23.826920 0.000000 0.000000 
-30.946980 67.126411 2.899413 4.795120 24.150087 0.000000 0.000000 
-30.707911 67.254486 3.516493 1.652145 21.863884 0.000000 0.000000 
-29.810375 68.018524 4.797065 -0.741585 18.810719 0.000000 0.000000 
-30.621729 67.757767 3.973182 1.520760 21.852386 0.000000 0.000000 
-23.916491 70.564049 2.878259 -0.767853 21.329287 0.000000 0.000000 
-30.068066 68.068825 5.345404 2.522842 22.120256 0.000000 0.000000 
-31.427761 67.438194 4.494430 -1.651817 17.776831 0.000000 0.000000 
-30.175695 68.361229 4.337419 -1.111687 17.002750 0.000000 0.000000 
-21.870979 72.077148 3.958722 -0.582565 20.497076 0.000000 0.000000 
-28.730999 69.540993 2.533215 -1.708466 20.153158 0.000000 0.000000 
-10.440709 74.825020 4.587493 -7.671158 18.949163 0.000000 0.000000 
-32.020363 68.113510 3.430182 -0.710968 17.286619 0.000000 0.000000 
-29.004313 69.916985 3.278481 -3.173035 17.715313 0.000000 0.000000 
-10.749135 75.364914 4.534061 -2.795372 19.509979 0.000000 0.000000 
-8.853754 75.821106 -8.688964 -8.162277 16.315763 0.000000 0.000000 
-22.923069 72.722893 6.595441 -5.504082 16.891010 0.000000 0.000000 
-22.986374 72.726463 6.768226 -8.237503 15.733446 0.000000 0.000000 
-9.975408 76.007088 -10.522608 -12.541924 11.361099 0.000000 0.000000 
-10.236357 76.159393 8.305520 -7.113960 17.420595 0.000000 0.000000 
9.390450 76.288177 4.021041 -11.043243 14.684299 0.000000 0.000000 
-10.918654 76.161392 4.283163 -8.556746 16.215614 0.000000 0.000000 
9.185145 76.484612 2.035801 -4.008743 18.749954 0.000000 1.000000 
-22.325302 73.768150 10.256613 -5.920807 14.640762 1.000000 1.000000 
-22.386211 73.846985 4.830060 -10.759109 14.867687 0.000000 0.000000 
-10.535154 76.972160 5.414414 -2.709114 20.142246 0.000000 0.000000 
-28.501785 72.068161 9.864636 -15.376381 8.726627 0.000000 0.000000 
-10.669744 77.038513 5.621132 0.832268 20.807322 0.000000 0.000000 
-22.946045 74.559814 9.369599 -13.685623 10.444695 0.000000 0.000000 
-22.630825 74.713142 10.582421 0.969269 20.824081 0.000000 0.000000 
-22.755150 74.964005 10.636243 0.492882 19.152355 0.000000 0.000000 
-22.597708 75.058754 11.041702 -4.311836 15.783857 0.000000 0.000000 
55.628487 54.057827 2.427293 1.050385 6.684403 1.000000 1.000000 
-22.840269 75.383041 10.706416 -2.806107 17.334797 1.000000 1.000000 
55.758259 54.776356 1.910124 12.962364 16.581963 0.000000 0.000000 
56.068344 54.531830 2.278022 6.161270 9.468647 0.000000 0.000000 
57.945877 52.431812 4.109147 6.804619 16.345280 0.000000 0.000000 
55.704895 54.988281 1.711457 10.533073 16.375515 0.000000 0.000000 
58.432064 52.371067 3.813918 3.661385 14.598257 0.000000 0.000000 
57.902237 53.006180 3.255024 2.268715 16.572117 0.000000 0.000000 
58.756519 52.539551 -5.475450 15.631851 17.949409 0.000000 0.000000 
58.767403 52.623783 3.570862 9.294502 14.940376 0.000000 0.000000 
59.058414 52.462135 3.715648 16.137131 21.223305 0.000000 0.000000 
59.129414 52.969383 4.357296 3.968109 12.490574 1.000000 1.000000 
-13.051612 80.278297 0.813604 -16.709076 8.875042 0.000000 0.000000 
59.807629 53.223652 3.908196 3.194679 8.934193 1.000000 1.000000 
-34.193764 73.713356 9.319172 -8.161232 12.360878 0.000000 0.000000 
-33.922966 73.859276 9.723281 -2.706619 14.406233 0.000000 0.000000 
-33.902668 73.908096 9.893579 -0.266075 15.813210 0.000000 0.000000 
-37.735783 71.961945 3.953499 -1.912735 15.280247 0.000000 0.000000 
-33.830261 74.393951 -0.667119 -8.319794 12.536652 0.000000 0.000000 
-32.850380 75.255974 7.521347 -6.132080 15.713425 0.000000 0.000000 
-32.773052 75.348396 8.847101 -3.525978 15.898314 0.000000 0.000000 
-31.912867 76.514091 9.330676 2.135986 20.212088 0.000000 0.000000 
-21.582115 80.236229 6.192332 -0.828926 20.319271 0.000000 0.000000 
-32.236225 76.506569 9.821664 -0.950081 18.276035 0.000000 0.000000 
-28.813442 78.155968 2.432131 -4.161293 15.050459 0.000000 0.000000 
-35.748608 75.347481 10.286160 -3.038361 15.505562 0.000000 0.000000 
-37.968735 74.402283 8.559845 0.735405 19.147150 0.000000 0.000000 
-40.037506 73.564537 5.827271 -0.372101 15.989979 0.000000 0.000000 
-29.080032 79.030289 8.255817 -8.292961 13.768492 0.000000 0.000000 
-28.502708 79.251854 2.685391 -5.056274 13.685949 0.000000 0.000000 
-28.378967 79.329361 1.428127 -7.974762 14.663288 0.000000 0.000000 
-28.550549 79.353996 1.524616 -6.319969 14.080700 0.000000 0.000000 
-28.807453 79.349686 6.351853 -3.527176 17.327097 0.000000 0.000000 
11.379809 84.010330 10.213776 -10.449547 15.267071 0.000000 1.000000 
-27.316591 80.271812 6.055998 -7.453377 14.023880 0.000000 0.000000 
-78.401405 25.287361 -1.245743 21.734901 16.563553 0.000000 1.000000 
-27.128510 80.804443 5.822241 -5.611755 16.948187 0.000000 0.000000 
-31.991322 79.597954 10.158757 -5.528999 13.228241 0.000000 0.000000 
-31.842829 79.868721 9.552855 -1.193825 16.290323 0.000000 0.000000 
-29.029686 81.096313 9.237927 -9.093863 13.056435 0.000000 0.000000 
64.571754 55.485489 -2.639994 6.319328 11.246071 0.000000 0.000000 
-31.011341 80.802803 10.034667 -3.166595 16.277023 0.000000 0.000000 
-35.927029 78.928062 8.070643 -7.469864 13.932163 0.000000 0.000000 
52.952351 68.325531 3.230247 8.442207 17.757610 0.000000 0.000000 
-32.671154 81.481361 10.829660 -6.559860 14.368952 0.000000 0.000000 
-30.208475 82.517982 10.295925 -6.717255 14.864441 0.000000 0.000000 
-52.463844 71.434914 12.253611 -0.050652 13.271980 0.000000 0.000000 
-33.115959 82.903549 13.935208 -4.517136 13.340393 0.000000 0.000000 
21.930679 87.342110 4.414821 -9.089325 11.355648 0.000000 0.000000 
-47.843723 75.726265 -0.784173 -2.131737 12.505383 0.000000 0.000000 
21.582085 87.459023 4.650681 -8.167664 13.852581 0.000000 0.000000 
-46.755501 76.580917 -0.081799 -6.749741 10.254974 0.000000 0.000000 
-49.086147 75.474113 10.553627 -6.353310 9.214218 0.000000 0.000000 
-32.148518 84.545944 12.427541 -5.477959 11.371143 0.000000 0.000000 
44.227577 79.491081 2.347614 -5.277763 10.861252 1.000000 1.000000 
-32.941368 85.127449 11.628836 -9.156685 10.297367 0.000000 0.000000 
-38.016319 83.209663 8.189387 -10.246727 9.892578 0.000000 0.000000 
-37.342731 83.561813 8.453610 -10.668854 9.414825 0.000000 0.000000 
-50.605713 76.552902 7.902197 -4.390991 10.437344 0.000000 0.000000 
-51.980507 76.121857 10.750051 -5.143608 8.490314 0.000000 0.000000 
-20.911522 90.417206 6.183461 -8.592468 12.398735 0.000000 0.000000 
-21.633034 90.376274 6.638428 -8.149864 11.602402 0.000000 0.000000 
-22.006529 90.289940 6.810880 -9.283585 10.221684 0.000000 0.000000 
-21.137917 90.689644 -4.237260 -7.639793 11.952644 0.000000 0.000000 
-69.512718 60.191883 -0.316944 2.999382 6.615227 1.000000 1.000000 
-23.043880 90.287918 6.663949 -7.421112 13.552454 0.000000 0.000000 
-22.503542 90.453903 6.687178 -10.888397 10.517132 0.000000 0.000000 
-21.201571 91.094322 6.332631 -15.875435 7.388421 1.000000 1.000000 
-22.886877 90.777100 6.712882 -8.030334 12.710381 0.000000 0.000000 
-21.324343 91.232132 6.854798 -11.811043 10.997192 0.000000 0.000000 
-68.451645 62.342915 12.518353 4.767334 9.117737 0.000000 1.000000 
-53.732586 76.267242 13.732764 -1.163406 11.163364 0.000000 0.000000 
-22.566486 91.249077 6.526849 -6.325699 12.213753 0.000000 0.000000 
-21.650467 91.874100 7.033186 -13.917404 7.763390 1.000000 1.000000 
16.112854 93.163712 2.575133 -15.528923 8.143829 0.000000 0.000000 
-14.429862 96.159355 3.586412 -11.223785 10.968475 1.000000 1.000000 
-15.201947 96.143173 3.349952 -7.548775 9.803925 1.000000 1.000000 
-32.793335 91.703636 11.632894 -8.339851 6.767022 0.000000 0.000000 
-15.298729 96.483047 2.904875 -12.081039 7.697278 1.000000 1.000000 
-14.430259 96.949043 4.269654 -8.707909 9.549023 0.000000 0.000000 
-13.997643 97.027077 3.434821 -14.465752 8.636120 0.000000 0.000000 
-15.599606 97.180847 3.486236 -4.602997 15.166784 0.000000 0.000000 
-15.323598 97.242439 3.676743 1.406380 19.260796 0.000000 0.000000 
-15.315687 97.281670 3.653553 -3.913345 14.276318 0.000000 0.000000 
-15.589787 97.323532 3.485145 3.664192 19.523466 0.000000 0.000000 
-22.269526 96.281288 10.437444 -9.525688 8.256424 0.000000 0.000000 
-22.515921 96.792000 -3.765198 -8.715340 9.705738 0.000000 0.000000 
-21.768616 97.273933 -3.189979 -10.399284 9.132576 0.000000 0.000000 
-29.633633 95.520210 9.068712 -12.667358 7.436444 0.000000 0.000000 
-32.505013 95.924210 14.180986 -10.542068 8.747334 0.000000 0.000000 
-32.780693 95.852325 11.742517 -7.494827 9.690655 0.000000 0.000000 
-31.127831 96.900948 10.150095 -11.142586 8.331322 0.000000 0.000000 
-30.122896 97.376930 10.158605 -11.535393 7.704052 0.000000 0.000000 
-31.951332 97.071556 13.850422 -10.749344 9.919037 0.000000 0.000000 
-31.818695 97.209099 12.188213 -4.893013 11.420689 0.000000 0.000000 
-31.410086 97.422485 13.486470 -6.990784 10.015232 0.000000 0.000000 
-31.906868 97.338882 9.785718 -10.996881 6.633709 0.000000 0.000000 
-31.987791 97.324799 10.533868 -10.484262 6.534874 0.000000 0.000000 
-30.127914 98.526299 10.645885 -10.137100 9.055794 0.000000 0.000000 
-31.152155 98.259537 9.961130 -6.398361 10.353531 0.000000 0.000000 
-30.641584 98.717873 13.972752 -5.517853 8.721226 0.000000 0.000000 
-31.804417 98.363060 14.214717 -6.503311 8.938595 0.000000 0.000000 
-30.258717 98.939209 12.930292 -9.764801 6.871922 0.000000 0.000000 
-30.677332 98.969650 12.414926 -8.982803 7.950032 0.000000 0.000000 
-32.352444 99.556252 12.101028 -6.167412 8.613712 0.000000 0.000000 
-31.496878 99.963867 12.404335 -7.909538 8.403889 0.000000 0.000000 
88.696266 53.179131 -0.821907 7.161386 5.514359 0.000000 1.000000 
36.615288 98.594330 12.216409 -12.954964 6.488301 0.000000 0.000000 
-31.985855 100.397079 10.990943 -7.124077 9.751392 0.000000 0.000000 
35.246281 99.979263 3.382489 -11.221489 6.168263 0.000000 0.000000 
34.169209 100.407928 2.171215 -9.194717 6.709870 0.000000 0.000000 
33.786373 100.600754 2.240448 -9.543419 8.541515 0.000000 1.000000 
-19.857481 104.676453 0.679097 -16.755707 4.456112 0.000000 0.000000 
-30.891254 104.006157 12.667324 -9.695145 7.550011 0.000000 0.000000 
-33.950867 103.170891 0.422992 -15.247032 4.554242 0.000000 0.000000 
-33.574909 103.347862 12.222656 -9.833496 6.554329 0.000000 0.000000 
52.258461 97.417221 4.981914 -4.693695 8.931850 0.000000 0.000000 
51.325840 97.985886 5.805297 -5.685333 9.166222 0.000000 0.000000 
51.105419 98.496689 6.035401 -2.184578 9.075760 0.000000 0.000000 
49.928482 99.386902 5.456798 -3.015678 9.914703 0.000000 0.000000 
37.267628 108.244431 3.549444 -12.201248 4.043702 0.000000 0.000000 
37.686409 108.092995 3.090958 -13.495392 3.985302 0.000000 0.000000 
37.609077 108.242279 4.168912 -1.919113 10.443741 0.000000 0.000000 
37.166779 108.494827 4.569761 -6.047333 8.416653 0.000000 0.000000 
36.831085 108.639366 1.334837 -8.652657 5.586983 0.000000 0.000000 
34.592484 109.846176 1.150517 -14.089317 4.837082 0.000000 0.000000 
35.165092 109.670090 0.744571 -9.628975 6.768445 0.000000 0.000000 
35.240528 109.862961 1.097072 -6.547371 7.055668 0.000000 0.000000 
33.432533 110.502953 0.261035 -13.801430 5.671753 0.000000 0.000000 
34.520100 110.305038 1.349231 -14.131721 4.647851 0.000000 0.000000 
34.600674 110.336693 2.606851 -10.395477 4.617108 0.000000 0.000000 
-7.385417 116.397209 -3.826316 -10.338989 6.905606 0.000000 0.000000 
-7.152737 116.471802 -5.097214 -11.795860 5.766938 0.000000 0.000000 
-7.620317 117.608986 -5.068285 -11.846664 7.912003 0.000000 0.000000 
-7.831943 117.638435 -6.704135 -13.791008 6.531182 0.000000 0.000000 
-22.950617 116.065125 4.704085 -9.163605 6.302437 0.000000 0.000000 
42.100330 110.872696 0.284284 -5.547966 6.871312 1.000000 1.000000 
42.922829 111.570938 2.169034 -5.489998 5.758221 0.000000 0.000000 
-22.714106 117.855217 6.001603 -5.100754 10.779247 0.000000 0.000000 
-21.889221 118.150230 11.158891 -3.606621 10.726124 0.000000 0.000000 
-22.992393 117.987862 9.465579 2.521866 15.141884 0.000000 0.000000 
-21.834343 118.344017 11.153148 -8.674919 6.797089 0.000000 0.000000 
-22.790182 118.278297 9.880185 1.603645 15.563305 0.000000 0.000000 
-111.291946 38.997421 14.567977 14.888489 6.268155 0.000000 1.000000 
40.734070 113.652222 1.980061 -7.139931 7.994671 0.000000 0.000000 
39.179146 114.223259 0.983209 -8.021553 5.847638 0.000000 0.000000 
39.877579 114.425735 -0.606527 -10.526146 6.842450 0.000000 0.000000 
-33.358524 116.716042 11.146185 -5.143684 8.147728 0.000000 0.000000 
-23.069876 119.278282 10.311986 -3.243195 10.237217 1.000000 1.000000 
-33.617805 116.836060 10.962181 -5.152809 7.919373 0.000000 0.000000 
-32.279938 117.289116 13.895409 -4.496346 8.759319 0.000000 0.000000 
-31.883499 117.427940 11.977838 -11.935921 6.069592 0.000000 0.000000 
-22.368889 120.385551 6.167819 -6.712280 8.904575 0.000000 0.000000 
-22.874794 120.316254 5.093370 -4.844963 9.311272 0.000000 0.000000 
-22.371548 120.557541 6.049590 -6.692101 8.500072 0.000000 0.000000 
-53.857323 110.444534 13.464302 -7.498772 5.250790 0.000000 1.000000 
-6.590875 123.300804 -5.958784 -9.728951 7.890862 0.000000 0.000000 
-7.289089 123.337936 -5.794795 -8.158638 8.333542 0.000000 0.000000 
-7.204477 123.357094 -5.163382 -4.952141 11.563377 0.000000 1.000000 
-31.602055 119.862556 10.205955 -8.066353 7.919224 0.000000 0.000000 
-31.738758 120.589920 10.898705 -10.755295 7.122670 0.000000 0.000000 
-93.676201 81.147133 -10.580427 5.276956 5.826943 0.000000 1.000000 
-34.949108 121.091690 11.685097 -11.515350 6.425324 0.000000 0.000000 
38.686817 120.353691 3.912879 -12.206491 4.871109 0.000000 0.000000 
36.724266 121.415199 1.517782 -6.617836 8.264317 0.000000 0.000000 
-33.842735 122.428513 11.643077 -5.256996 8.598186 0.000000 0.000000 
-33.358036 122.865623 13.023522 -3.450447 9.083496 0.000000 0.000000 
-32.930481 123.417786 11.722281 -6.022430 7.164078 0.000000 0.000000 
-6.535707 127.930244 -4.107983 -9.957695 6.753399 1.000000 1.000000 
-102.306938 75.367752 19.427786 13.096245 10.618473 0.000000 1.000000 
-33.165092 124.250587 10.769673 -6.712807 6.789616 0.000000 0.000000 
-22.621576 127.182739 3.393670 -6.073631 9.152107 0.000000 0.000000 
-21.516743 127.542564 -9.558552 -5.173248 11.606560 0.000000 0.000000 
-21.701794 127.575851 4.901531 -2.637009 10.488380 0.000000 0.000000 
-21.379284 127.755531 4.157065 -7.706039 6.957181 0.000000 0.000000 
-20.961048 127.946213 3.357175 -7.580200 7.360016 0.000000 0.000000 
-21.425659 128.003174 -7.207453 -6.552803 8.256893 0.000000 0.000000 
-21.322855 128.021545 -8.405853 -7.223015 8.368515 0.000000 0.000000 
-22.198494 128.079529 4.730036 -7.776543 9.226265 0.000000 0.000000 
-23.074776 128.003143 0.572232 -10.059326 7.127488 0.000000 0.000000 
-21.587330 128.398499 4.435872 -0.700096 10.672890 0.000000 0.000000 
-21.226097 128.546768 3.486416 -2.308716 9.584366 0.000000 0.000000 
-21.270195 128.613617 -3.153243 8.032059 19.176422 1.000000 1.000000 
-21.382141 128.659271 -7.524711 1.348312 13.327488 0.000000 0.000000 
-21.457212 129.067780 4.606832 -2.451897 9.759060 0.000000 0.000000 
-21.907745 129.215561 2.397440 0.196587 12.187702 0.000000 0.000000 
-22.404085 129.312531 5.034325 -7.867065 7.092114 0.000000 0.000000 
-21.400585 129.566635 -3.247073 10.997261 22.682613 0.000000 0.000000 
-21.144590 129.765869 3.461253 -9.193985 4.453915 1.000000 1.000000 
-21.893482 129.687592 4.835318 -8.337952 6.547932 1.000000 1.000000 
-21.523787 129.859497 -2.623001 12.952293 23.363554 0.000000 0.000000 
-23.718613 129.544861 7.595053 -4.235237 12.328533 0.000000 0.000000 
-21.512207 130.276428 -3.054714 6.453583 17.671621 1.000000 1.000000 
6.746201 132.002960 -8.076419 -3.534882 14.998905 0.000000 1.000000 
-25.103355 129.817535 2.030947 -8.329742 7.268727 0.000000 0.000000 
-24.679441 130.280457 2.419896 -7.142029 6.922295 0.000000 0.000000 
-22.488153 130.759399 -2.233232 10.929192 22.389975 1.000000 1.000000 
-23.875980 130.989838 -1.327505 -10.459457 2.924836 1.000000 1.000000 
-22.356882 131.367645 -2.022468 14.524330 24.617100 0.000000 0.000000 
-22.168545 131.399536 -1.782709 19.586647 28.594296 0.000000 0.000000 
-22.526512 131.489487 -2.145162 16.944084 27.375446 0.000000 0.000000 
-23.259077 131.407532 0.673839 -13.394989 3.373761 1.000000 1.000000 
-19.677477 132.366333 2.827457 4.955132 20.956089 0.000000 0.000000 
-20.827539 132.278381 3.327006 8.439026 20.276585 0.000000 0.000000 
-19.834538 132.607819 4.212488 8.844337 23.124342 0.000000 0.000000 
-23.214909 132.062805 -2.430900 -11.375801 2.142659 1.000000 1.000000 
-20.801439 132.694946 4.044021 5.345367 19.678658 0.000000 0.000000 
-20.534548 133.173920 2.926263 3.663330 15.472717 0.000000 0.000000 
-20.790396 133.190735 3.579189 7.413643 18.300812 0.000000 0.000000 
-20.662294 133.244354 2.095042 -2.912643 8.897858 0.000000 0.000000 
-21.419838 133.430634 -0.113164 -5.783195 7.944283 0.000000 0.000000 
-20.232393 133.866516 3.670192 4.157059 17.591284 1.000000 1.000000 
-22.069572 133.738190 3.857038 1.070534 13.242321 0.000000 0.000000 
-21.532515 134.254150 0.971649 -10.814186 3.195336 1.000000 1.000000 
6.497616 136.227020 -6.296651 4.965759 19.829500 0.000000 0.000000 
-20.574345 135.255005 1.072289 -9.841187 7.787156 0.000000 0.000000 
-22.907249 134.910828 2.970340 -9.008698 8.052998 0.000000 0.000000 
-20.756323 135.273560 -1.571035 -9.511101 7.205983 0.000000 0.000000 
-20.447083 135.520111 4.722180 -9.880980 7.530003 0.000000 0.000000 
-22.936808 135.215332 -5.950094 -9.389900 5.896603 0.000000 0.000000 
-22.292507 135.574219 2.914167 -8.371643 6.387002 0.000000 0.000000 
40.296089 131.616013 3.075828 -0.444252 12.217907 0.000000 1.000000 
40.198662 131.757111 3.355443 -1.695213 11.834030 0.000000 0.000000 
39.466751 131.988342 3.268149 -0.312080 10.717319 0.000000 0.000000 
-22.053917 136.633636 -1.655218 -5.724174 7.765080 0.000000 0.000000 
-21.779373 136.801605 -2.004070 -8.840462 5.952073 0.000000 0.000000 
-20.551437 137.054688 0.941850 -7.083733 5.710042 0.000000 0.000000 
-22.465233 136.779419 1.037182 -4.455521 6.944783 0.000000 0.000000 
-22.097229 136.843994 -1.215029 -4.480789 8.041790 0.000000 0.000000 
-23.272852 137.091187 -2.097544 -4.379532 8.662094 0.000000 0.000000 
-22.689856 137.463409 -0.713107 -1.865814 8.327374 0.000000 0.000000 
-22.078941 137.581116 -1.552787 -4.811127 7.226964 0.000000 0.000000 
-23.200951 138.446198 -1.843471 -3.810043 6.534508 1.000000 1.000000 
-23.162313 139.346832 -1.953704 -4.182747 6.575192 0.000000 0.000000 
-23.343277 139.599854 -3.685631 -2.547066 7.621495 0.000000 0.000000 
-23.197504 139.647827 -3.373339 0.544495 9.714428 0.000000 0.000000 
-23.070311 139.670624 2.975449 -5.374794 6.195591 0.000000 0.000000 
-22.532213 139.863373 -1.640809 0.125488 11.405155 0.000000 0.000000 
-23.384977 139.742371 0.640838 -4.120354 6.727688 0.000000 0.000000 
-22.365145 140.283264 -2.277677 -7.853905 5.408265 0.000000 0.000000 
-23.752853 140.141174 4.448769 -7.605377 5.113942 0.000000 0.000000 
-23.132618 140.455933 -7.928370 -2.166962 9.301414 0.000000 0.000000 
-22.973850 140.699799 3.000415 -0.630585 10.146423 0.000000 0.000000 
-23.339918 140.686615 4.735386 0.311172 11.414204 0.000000 0.000000 
-24.155329 140.893036 5.479754 -0.497818 11.588848 0.000000 0.000000 
-23.279041 141.121826 -9.084425 -5.805214 7.945153 0.000000 0.000000 
-23.308460 141.167633 2.505584 -4.222771 6.990246 0.000000 0.000000 
-21.263992 141.640594 -11.228896 -10.001778 5.927186 0.000000 0.000000 
-23.869455 141.758728 -10.572609 -8.311119 6.219231 0.000000 0.000000 
-23.412018 141.895905 -8.536430 -9.044075 5.127007 0.000000 0.000000 
-22.799366 142.038605 3.936085 -6.052887 5.959427 1.000000 1.000000 
-22.764256 145.493652 3.789939 -8.768112 5.311226 0.000000 0.000000 
-23.337639 145.436920 5.852392 -4.887344 7.888299 0.000000 0.000000 
-8.864717 147.195648 -7.498397 -10.073807 7.177964 0.000000 0.000000 
-23.746084 145.518219 4.325470 -6.767708 7.394391 0.000000 0.000000 
8.690888 147.737732 -2.789022 -10.996338 6.307919 0.000000 1.000000 
-26.831259 146.128906 -0.868301 -6.671669 5.877839 0.000000 0.000000 
-27.015844 146.172394 0.779301 -2.581238 8.046825 0.000000 0.000000 
-22.859894 147.230499 -10.188818 -6.213104 6.306645 0.000000 0.000000 
-22.693687 147.421234 -4.857801 -1.540718 9.080631 0.000000 0.000000 
-23.470783 147.373962 -9.473269 -2.020569 8.449203 0.000000 0.000000 
-25.963326 147.165558 -1.938224 0.852089 16.356466 0.000000 0.000000 
-25.689711 147.249084 -0.859292 4.316345 16.122269 0.000000 0.000000 
-25.190025 147.359741 -0.810967 2.473808 13.612165 0.000000 0.000000 
-24.098295 148.191437 -5.022614 -2.530899 8.260078 0.000000 0.000000 
-24.977152 148.096527 1.175288 2.078903 11.975594 1.000000 1.000000 
-23.183529 149.002014 0.724811 -4.550804 8.790234 1.000000 1.000000 
66.607231 137.710083 1.150998 -4.021629 5.794480 0.000000 1.000000 
-23.112446 151.594147 -1.532679 -10.140656 4.649830 0.000000 0.000000 
-32.668388 149.824493 11.291224 -7.108620 6.182229 0.000000 0.000000 
-24.681871 152.115021 -6.121648 -5.962967 7.698681 0.000000 0.000000 
-23.617327 152.380066 0.193170 -5.765572 7.331364 0.000000 0.000000 
-22.545984 152.853668 -0.198743 -7.557724 3.852791 0.000000 0.000000 
-25.684525 152.693726 1.146544 -0.444077 7.748604 0.000000 0.000000 
-24.743979 153.040741 3.444477 1.298401 10.699036 0.000000 0.000000 
-24.297819 153.208527 5.578713 -1.775383 9.359146 0.000000 0.000000 
-23.822792 153.577972 5.354896 -3.609337 7.319710 0.000000 0.000000 
-23.851450 153.588348 5.630889 -0.190964 9.271233 0.000000 0.000000 
-24.019382 153.610138 3.241428 -4.122330 6.242493 0.000000 0.000000 
-23.407925 153.718231 2.439629 -1.303757 8.851391 0.000000 0.000000 
-31.213930 152.746643 9.547358 -4.662323 6.323849 0.000000 0.000000 
-24.976313 154.376099 2.970267 -6.325661 5.341996 0.000000 0.000000 
-28.103039 153.824188 5.588647 -6.663383 6.415745 0.000000 0.000000 
-31.365950 153.185028 7.061892 -7.056290 7.753571 0.000000 0.000000 
-23.706846 155.416138 -0.504205 -6.239426 8.958569 0.000000 0.000000 
-33.144192 154.090881 10.811163 -4.794350 6.664719 0.000000 0.000000 
-32.902294 154.298523 9.648983 -8.048294 5.514897 0.000000 0.000000 
-31.262083 154.767548 9.213122 -4.108932 7.158051 0.000000 0.000000 
-31.084045 154.865631 8.453310 -0.265526 8.716522 0.000000 0.000000 
-31.766943 154.829254 11.498835 -6.305138 6.884202 0.000000 0.000000 
-32.015106 155.213654 9.252720 -6.014488 6.208195 0.000000 0.000000 
-33.837460 154.951508 8.749415 -3.632782 9.751217 0.000000 0.000000 
-24.764284 157.059906 -1.134549 -7.161209 3.409966 1.000000 1.000000 
-30.453375 156.207642 8.867445 -2.789291 6.729680 0.000000 0.000000 
-30.290550 156.325439 9.456717 -3.452904 6.618649 0.000000 0.000000 
-24.403484 157.514709 -2.581160 -3.655685 7.473919 0.000000 0.000000 
-29.161970 156.753052 7.929842 0.718643 8.624184 0.000000 0.000000 
-25.353676 157.439026 -2.293605 3.177223 11.097752 0.000000 0.000000 
-26.439428 157.600525 -4.728765 -6.599556 7.172707 0.000000 0.000000 
-25.633625 158.144775 -1.169946 2.718704 11.836945 0.000000 0.000000 
-25.656036 158.151337 -1.485787 0.444756 10.722195 0.000000 0.000000 
-29.122124 157.693970 -4.489543 -6.737633 6.830174 0.000000 0.000000 
-26.615564 158.192352 -1.828683 -5.883804 4.838376 0.000000 0.000000 
-26.649590 158.425293 -2.193698 -6.588356 7.238053 0.000000 0.000000 
-24.484900 159.063110 -2.134864 -2.501167 8.594677 0.000000 0.000000 
-24.256794 159.179657 1.936641 7.887733 15.120186 0.000000 0.000000 
-24.875378 159.096832 -1.472752 2.744911 11.698799 0.000000 0.000000 
-25.153198 159.129517 -1.831790 3.204345 13.165543 0.000000 0.000000 
-25.611008 159.714539 -2.014143 0.927216 10.466152 0.000000 0.000000 
-26.053438 159.658539 -2.438242 4.472711 15.826384 0.000000 0.000000 
-25.190567 159.888092 -2.356331 -0.460289 10.884998 0.000000 0.000000 
-25.912403 159.806976 -2.541739 1.331467 13.766050 0.000000 0.000000 
-24.932016 159.980133 -1.239030 0.311607 8.741848 0.000000 0.000000 
-24.240810 160.140381 -3.142846 -2.525360 6.666821 0.000000 0.000000 
-25.106674 160.275513 -2.724968 -4.747803 5.575085 1.000000 1.000000 
-26.560865 160.229919 -0.286580 -7.864883 4.106366 0.000000 0.000000 
-26.853428 160.281616 -17.877024 -3.897598 7.473900 0.000000 0.000000 
-23.962488 160.794373 1.135036 -1.590088 7.329514 0.000000 0.000000 
-23.872602 160.974121 1.968725 -4.291840 4.524659 1.000000 1.000000 
-25.734625 160.721649 -0.465809 -7.528114 5.211445 0.000000 0.000000 
-22.147736 161.573639 2.611204 -7.134254 5.923321 0.000000 0.000000 
-23.966591 161.339264 -2.396898 -5.566772 5.190545 0.000000 0.000000 
-24.973244 161.339142 -1.728748 -1.582497 9.345810 0.000000 0.000000 
43.058292 157.625336 4.743899 -6.340034 4.682690 0.000000 0.000000 
-24.687126 161.832123 1.062228 -5.213974 5.559342 0.000000 0.000000 
-24.263353 162.223511 -1.374145 -0.317299 8.318630 0.000000 0.000000 
-24.382992 162.282928 -1.476714 -1.521828 6.843659 0.000000 0.000000 
-26.455669 161.955841 -3.831994 -6.190201 5.779835 0.000000 0.000000 
-24.311087 162.683563 -16.180723 -7.922287 4.667618 0.000000 0.000000 
-24.344196 163.056335 -12.193948 -7.904503 4.317852 0.000000 0.000000 
-24.562132 163.183258 0.424269 -8.291916 3.413296 0.000000 0.000000 
-24.420565 163.231781 -2.862622 -4.740387 5.504776 0.000000 0.000000 
-24.279072 163.299072 -1.457309 -2.547424 6.456772 0.000000 0.000000 
-24.362095 163.596008 -1.686624 -4.157997 5.716641 0.000000 0.000000 
-24.540230 163.788818 -2.198354 -10.322777 4.522538 0.000000 0.000000 
-29.464523 163.878326 10.908211 -5.665642 5.465817 0.000000 0.000000 
-26.539402 164.599640 -2.672139 -9.730896 4.424206 0.000000 0.000000 
-25.638973 164.874664 0.321077 -5.935715 4.501950 0.000000 0.000000 
-25.190533 165.231567 -2.592761 -6.167267 5.060582 0.000000 0.000000 
-24.628059 166.125031 3.139156 3.754616 10.778751 0.000000 0.000000 
-24.749287 166.129150 -0.356396 4.170059 11.180759 0.000000 0.000000 
-24.966114 166.196533 -2.556307 -3.515144 7.337147 0.000000 0.000000 
-24.760950 166.357056 5.091503 -3.272430 5.338356 1.000000 1.000000 
-22.632776 166.783630 -4.056537 -10.613495 3.958489 0.000000 0.000000 
-26.444632 166.477753 1.587643 -9.114128 3.208886 0.000000 0.000000 
-25.353693 166.789337 -4.178623 -3.804680 5.407631 0.000000 0.000000 
-25.090261 166.834229 -2.067862 -4.318085 8.511024 0.000000 0.000000 
-25.149687 167.362976 -0.048449 -3.955399 4.330430 1.000000 1.000000 
-25.308155 167.407776 -1.002093 -2.654655 6.739422 0.000000 0.000000 
-24.394442 167.564941 3.534400 -3.270638 9.144711 0.000000 0.000000 
-24.637062 167.648621 3.929239 0.359352 9.709904 0.000000 0.000000 
-24.291210 167.705261 5.085790 4.706032 12.978920 0.000000 0.000000 
-25.370495 168.314789 -0.823712 -5.191582 4.707745 0.000000 0.000000 
-24.862072 168.836395 -2.761323 1.045830 10.742500 0.000000 0.000000 
-25.517752 168.793549 -4.825726 -3.511436 5.230744 0.000000 0.000000 
-25.695711 168.797455 -3.524798 -6.238251 4.709755 0.000000 0.000000 
-24.556561 169.135071 -2.786154 -0.436798 8.165722 0.000000 0.000000 
-25.497789 169.029724 -1.321325 -8.165276 2.692261 1.000000 1.000000 
-25.171427 169.084473 0.026269 -3.120323 5.625416 0.000000 0.000000 
-24.747021 169.706543 -3.136436 -0.882996 8.429165 0.000000 0.000000 
-25.511683 169.770691 -4.135014 -1.283943 6.774483 0.000000 0.000000 
-25.186632 169.944763 4.854349 -0.229195 7.578110 0.000000 0.000000 
-24.912760 170.060944 3.400120 -2.468124 6.245446 0.000000 0.000000 
-24.768686 170.159698 -5.257903 -2.383072 7.247361 0.000000 0.000000 
-24.910343 170.205719 5.775475 -9.226997 4.610905 1.000000 1.000000 
-24.706911 170.460327 -2.091171 -8.778503 3.592137 1.000000 1.000000 
-24.823887 170.550293 -13.207037 0.067245 9.474758 0.000000 0.000000 
-23.054455 170.838623 -11.451103 -4.979622 5.827813 0.000000 0.000000 
-25.079548 170.841461 -1.744438 -5.868530 4.155663 1.000000 1.000000 
-24.818871 170.928772 6.023284 -1.604660 7.127148 0.000000 0.000000 
-25.711676 171.093750 -1.415681 -3.752144 5.000321 0.000000 0.000000 
-24.333437 171.343292 2.644364 -6.311897 4.724621 0.000000 0.000000 
-26.300920 171.211700 -1.483450 4.393654 13.538441 0.000000 0.000000 
-22.403643 172.275452 1.907678 -11.210663 4.065804 0.000000 0.000000 
-25.706268 172.014679 -2.135251 -5.280548 5.681672 1.000000 1.000000 
-24.728579 172.264496 0.579932 3.487267 10.697563 0.000000 0.000000 
-24.608788 172.341095 2.431691 0.670837 8.686161 0.000000 0.000000 
-24.498165 172.450623 3.609917 1.579971 9.079807 0.000000 0.000000 
-23.673700 172.742401 -1.868317 -4.339256 5.372338 0.000000 0.000000 
-24.118401 172.727081 -1.563726 -5.901138 4.699753 0.000000 0.000000 
-25.383181 172.925659 -2.170738 -9.539368 2.898186 1.000000 1.000000 
-24.817287 173.115295 -13.886541 -0.108566 8.521511 0.000000 0.000000 
-25.611610 173.005951 4.112254 1.757874 8.076900 0.000000 0.000000 
-23.931181 173.298584 5.106035 0.646942 8.941109 0.000000 0.000000 
-26.128340 173.381378 0.455175 -5.191589 5.851964 0.000000 0.000000 
-23.873108 173.831573 3.736217 -1.770950 5.298455 1.000000 1.000000 
-23.495609 174.040100 -5.807393 -3.536667 7.137745 0.000000 0.000000 
-23.459288 174.229126 -2.329408 -1.009933 7.902680 0.000000 0.000000 
-24.280581 174.157776 -3.044554 -7.569786 4.123539 0.000000 0.000000 
-26.243649 174.044922 6.786380 -4.526657 5.594121 0.000000 0.000000 
-25.647381 174.135773 -16.345407 -3.505692 5.625882 0.000000 0.000000 
-25.249329 174.618317 0.845746 -2.136795 5.284096 0.000000 0.000000 
-23.948685 175.060181 -1.968528 -9.109833 2.702649 0.000000 0.000000 
-24.255148 175.078705 -1.855567 -5.480667 4.460194 0.000000 0.000000 
-25.545031 175.387207 -3.142148 -0.146690 7.005036 0.000000 0.000000 
-25.929909 175.368439 0.205366 -7.498337 3.662953 0.000000 0.000000 
-24.329275 175.708069 -2.104029 0.651970 9.451214 0.000000 0.000000 
-23.642725 175.850464 -2.444843 -8.457069 2.688076 1.000000 1.000000 
-25.454319 175.589020 -2.786982 -0.341835 8.521183 0.000000 0.000000 
-25.411051 176.151062 -2.059833 -3.955154 5.187005 0.000000 0.000000 
-24.210423 176.897034 -1.320151 -6.873352 3.674683 1.000000 1.000000 
-24.758251 177.778320 -2.300009 -2.581772 6.194165 0.000000 0.000000 
-25.979576 177.631653 -3.970578 5.029099 11.854370 0.000000 0.000000 
-25.756441 177.822205 -3.606671 -0.975227 8.546535 0.000000 0.000000 
-26.094839 178.881073 -5.409461 -4.782303 4.504517 1.000000 1.000000 
-24.644415 179.889648 -1.456269 -0.424309 7.381222 1.000000 1.000000 
-25.500544 180.481293 -2.272519 8.224342 15.541111 0.000000 0.000000 
-25.012539 180.670959 -3.725247 5.679811 12.989574 0.000000 0.000000 
-25.033419 180.688354 -3.719229 6.944092 14.887236 0.000000 0.000000 
-24.380472 181.012482 -1.594646 -5.104576 5.259476 0.000000 0.000000 
-24.611233 181.077698 2.440029 -5.284851 3.274678 0.000000 0.000000 
-24.673197 181.436584 0.739972 -7.741493 4.943516 0.000000 0.000000 
-25.955832 181.489624 -4.108196 -5.488098 5.750634 0.000000 0.000000 
-24.764355 181.739563 -1.979403 0.520172 7.907300 0.000000 0.000000 
-24.909670 181.902802 -2.423688 -2.392838 5.687871 0.000000 0.000000 
-26.151041 182.029999 -2.371521 -2.099037 6.517209 0.000000 0.000000 
-24.835131 182.250549 -1.265201 -1.674026 5.647606 0.000000 0.000000 
-24.467281 182.374481 -1.395481 -2.973618 5.477986 0.000000 0.000000 
-24.201611 182.546417 -0.653358 -6.125732 3.946682 0.000000 0.000000 
-27.060839 182.431793 -5.141692 -7.160385 2.836026 0.000000 0.000000 
-25.305059 183.797241 -0.526676 -8.687424 1.935624 0.000000 0.000000 
-25.315783 184.616486 -13.617532 -5.022934 5.001996 0.000000 0.000000 
-24.933575 184.742950 -16.307581 0.267448 6.585591 0.000000 0.000000 
-24.924208 184.914520 0.054992 -4.223892 5.682740 0.000000 0.000000 
-25.201452 186.214386 3.063474 -6.574875 3.364129 0.000000 0.000000 
-27.792351 186.651886 5.926645 -4.972145 4.445263 0.000000 0.000000 
-25.198301 187.279541 5.283595 -3.764427 3.995251 0.000000 0.000000 
-28.172945 187.443268 6.330699 0.616920 6.537037 0.000000 0.000000 
-26.528631 188.223236 7.232766 -6.078400 4.628617 0.000000 0.000000 
-26.826645 188.445770 5.202681 -4.773552 3.472035 0.000000 0.000000 
-25.111633 191.458313 -1.915436 -9.399742 2.644257 0.000000 0.000000 
-33.349934 197.524780 13.774842 4.617105 8.830708 0.000000 0.000000 
-30.870285 198.692352 0.549366 0.829689 7.670262 0.000000 0.000000 
-30.484623 198.819946 -2.452620 -2.889603 4.314171 0.000000 0.000000 
-36.372536 198.458282 10.350897 -1.557030 5.467659 0.000000 0.000000 
-37.467369 198.671295 13.320463 -1.448990 6.741772 0.000000 0.000000 
-34.675377 200.256897 10.720857 -5.176071 3.658036 0.000000 0.000000 
-31.036819 205.654633 -1.938841 -2.845940 5.041596 0.000000 0.000000 
-29.087580 206.132477 -1.769952 -5.257454 4.511567 0.000000 0.000000 
-27.958223 207.533569 -4.552974 -9.375229 3.028386 0.000000 0.000000 
-29.848555 219.073700 0.906437 -4.572205 2.544659 0.000000 0.000000 
5.093222 232.738464 -8.224219 -1.338554 7.022549 0.000000 0.000000 
-36.031704 248.091858 -4.067100 -1.316338 4.636094 0.000000 0.000000 
-36.281696 250.140961 -2.708595 -3.183014 2.814030 0.000000 0.000000 
